t_us,tag,seq,bno_delay_us,status,ax,ay,az
200862,BNO_ACC,0,-1000,2,0.00000,-0.72656,10.26562
212234,BNO_ACC,1,-2900,2,0.07812,-0.80469,9.96094
222499,BNO_ACC,2,-5100,2,0.11328,-0.80469,9.65234
226563,BNO_ACC,3,-2300,2,0.15234,-0.76562,9.46094
233425,BNO_ACC,4,-700,2,0.19141,-0.76562,9.46484
242724,BNO_ACC,5,-900,2,0.15234,-0.76562,9.65234
251651,BNO_ACC,6,-2100,2,0.07812,-0.72656,9.80469
262830,BNO_ACC,7,-5300,2,0.07812,-0.80469,9.88281
266941,BNO_ACC,8,-2300,2,0.15234,-0.76562,9.88281
273654,BNO_ACC,9,-700,2,0.15234,-0.72656,9.84766
282804,BNO_ACC,10,-1400,2,0.15234,-0.72656,9.69141
291622,BNO_ACC,11,-2100,2,0.30469,-0.80469,9.34766
302740,BNO_ACC,12,-5000,2,0.30469,-0.76562,9.23047
306981,BNO_ACC,13,-2300,2,0.26953,-0.76562,9.72656
313793,BNO_ACC,14,-700,2,0.23047,-0.80469,10.03125
323178,BNO_ACC,15,-1000,2,0.26953,-0.88281,9.96484
332184,BNO_ACC,16,-2400,2,0.23047,-0.80469,9.73047
342641,BNO_ACC,17,-4700,2,0.23047,-0.65234,9.42578
346692,BNO_ACC,18,-2300,2,0.19141,-0.65234,9.22656
353841,BNO_ACC,19,-700,2,0.15234,-0.69141,9.30859
363341,BNO_ACC,20,-1000,2,0.11328,-0.80469,9.65234
372452,BNO_ACC,21,-2600,2,0.00000,-0.76562,9.96094
382731,BNO_ACC,22,-4800,2,-0.23047,-0.42188,9.84766
387099,BNO_ACC,23,-2300,2,-0.53516,0.95703,8.39453
394022,BNO_ACC,24,-500,2,0.19141,-0.15234,9.68750
403158,BNO_ACC,25,-1400,2,-0.26953,-0.23047,9.65234
412046,BNO_ACC,26,-2000,2,0.00000,-0.46094,10.00391
422444,BNO_ACC,27,-4400,2,-0.03906,-0.99609,10.41406
427389,BNO_ACC,28,-2500,2,0.07812,-1.03516,10.34766
434352,BNO_ACC,29,-700,2,0.03906,-1.03516,9.88672
443578,BNO_ACC,30,-1000,2,0.07812,-1.07422,9.53906
453453,BNO_ACC,31,-3400,2,0.11328,-0.95703,9.64844
462611,BNO_ACC,32,-4500,2,0.03906,-0.72656,9.76562
474426,BNO_ACC,33,-700,2,0.07812,-0.80469,9.88281
483574,BNO_ACC,34,-1000,2,0.11328,-1.07422,10.15234
494123,BNO_ACC,35,-4000,2,0.07812,-1.07422,10.38281
502507,BNO_ACC,36,-4200,2,0.00000,-0.88281,9.96484
507464,BNO_ACC,37,-2300,2,0.03906,-0.84375,9.34766
514430,BNO_ACC,38,-500,2,0.07812,-0.65234,9.60938
523603,BNO_ACC,39,-1000,2,0.11328,-0.61328,9.42188
532480,BNO_ACC,40,-2000,2,0.00000,-0.57422,9.57812
542789,BNO_ACC,41,-4400,2,0.07812,-0.61328,9.88672
547724,BNO_ACC,42,-2300,2,0.19141,-0.99609,10.30859
554559,BNO_ACC,43,-500,2,-0.15234,-0.91797,10.38672
564012,BNO_ACC,44,-1000,2,0.00000,-0.95703,10.19141
572814,BNO_ACC,45,-2200,2,-0.07812,-0.65234,10.03125
583077,BNO_ACC,46,-4400,2,-0.07812,-0.53516,9.92188
588020,BNO_ACC,47,-2300,2,-0.19141,-0.30469,9.73047
594753,BNO_ACC,48,-500,2,-0.19141,-0.26953,9.61328
603963,BNO_ACC,49,-1000,2,0.11328,-0.53516,9.88672
612806,BNO_ACC,50,-1800,2,0.03906,-0.72656,9.54297
623163,BNO_ACC,51,-4400,2,0.11328,-0.84375,9.38672
628099,BNO_ACC,52,-2300,2,0.07812,-0.80469,9.46094
634996,BNO_ACC,53,-500,2,0.03906,-0.69141,9.61328
643899,BNO_ACC,54,-1000,2,0.00000,-0.61328,9.73047
652846,BNO_ACC,55,-1800,2,0.07812,-0.69141,9.68750
663308,BNO_ACC,56,-4200,2,0.03906,-0.65234,9.64844
668282,BNO_ACC,57,-2300,2,0.07812,-0.61328,9.64844
675083,BNO_ACC,58,-700,2,0.00000,-0.61328,9.84766
684011,BNO_ACC,59,-1000,2,0.03906,-0.69141,9.61328
693090,BNO_ACC,60,-1800,2,0.03906,-0.65234,9.58203
703352,BNO_ACC,61,-4200,2,0.03906,-0.65234,9.58203
715501,BNO_ACC,62,-900,2,0.03906,-0.69141,9.68750
724430,BNO_ACC,63,-1000,2,0.00000,-0.65234,9.64844
732644,BNO_ACC,64,-1300,2,-0.07812,-0.57422,9.68750
743792,BNO_ACC,65,-4400,2,-0.11328,-0.57422,9.72656
755499,BNO_ACC,66,-700,2,-0.11328,-0.61328,9.84766
764161,BNO_ACC,67,-1000,2,-0.15234,-0.65234,9.96484
773096,BNO_ACC,68,-1600,2,-0.15234,-0.69141,9.92578
783522,BNO_ACC,69,-4000,2,-0.11328,-0.80469,9.80859
788478,BNO_ACC,70,-2300,2,-0.07812,-0.80469,9.92578
795566,BNO_ACC,71,-700,2,-0.11328,-0.69141,9.88281
804449,BNO_ACC,72,-1000,2,-0.03906,-0.69141,9.80859
813492,BNO_ACC,73,-1800,2,-0.07812,-0.69141,9.76953
823861,BNO_ACC,74,-4200,2,-0.03906,-0.65234,9.80469
835806,BNO_ACC,75,-700,2,-0.03906,-0.57422,9.72656
844375,BNO_ACC,76,-1000,2,-0.07812,-0.57422,9.68750
853409,BNO_ACC,77,-1500,2,-0.03906,-0.53516,9.69141
863963,BNO_ACC,78,-4200,2,-0.11328,-0.46094,9.76562
875804,BNO_ACC,79,-900,2,-0.07812,-0.57422,9.92578
884272,BNO_ACC,80,-700,2,-0.11328,-0.65234,9.92188
894385,BNO_ACC,81,-2900,2,-0.03906,-0.69141,9.92578
903749,BNO_ACC,82,-3800,2,0.00000,-0.69141,9.96094
916076,BNO_ACC,83,-500,2,-0.03906,-0.69141,9.72656
924883,BNO_ACC,84,-1000,2,0.00000,-0.65234,9.42188
934117,BNO_ACC,85,-2300,2,0.00000,-0.61328,9.54297
945230,BNO_ACC,86,-5400,2,-0.03906,-0.65234,9.69141
953753,BNO_ACC,87,-5500,2,-0.11328,-0.65234,10.03125
957487,BNO_ACC,88,-1400,2,-0.11328,-0.53516,10.07422
964473,BNO_ACC,89,-500,2,-0.07812,-0.53516,9.92188
973781,BNO_ACC,90,-1500,2,-0.07812,-0.42188,9.65234
984419,BNO_ACC,91,-4100,2,-0.03906,-0.49609,9.64844
997501,BNO_ACC,92,-1200,2,-0.07812,-0.49609,9.73047
1004487,BNO_ACC,93,-700,2,-0.03906,-0.53516,9.69141
1014808,BNO_ACC,94,-2500,2,-0.07812,-0.49609,9.69141
1024577,BNO_ACC,95,-4100,2,-0.03906,-0.46094,9.60938
1037648,BNO_ACC,96,-1400,2,-0.07812,-0.61328,9.73047
1044499,BNO_ACC,97,-500,2,-0.03906,-0.65234,9.73047
1055601,BNO_ACC,98,-3400,2,0.00000,-0.65234,9.84766
1063939,BNO_ACC,99,-3300,2,-0.03906,-0.57422,9.96094
1074269,BNO_ACC,100,-5700,2,-0.03906,-0.53516,9.96484
1075890,BNO_ACC,101,-500,2,-0.11328,-0.53516,9.88672
1085068,BNO_ACC,102,-700,2,-0.07812,-0.57422,9.68750
1094392,BNO_ACC,103,-1700,2,-0.07812,-0.61328,9.64844
1105636,BNO_ACC,104,-5300,2,-0.07812,-0.61328,9.60938
1114125,BNO_ACC,105,-5500,2,-0.07812,-0.57422,9.61328
1118355,BNO_ACC,106,-2700,2,-0.03906,-0.53516,9.60938
1125323,BNO_ACC,107,-700,2,0.00000,-0.53516,9.80469
1135673,BNO_ACC,108,-3100,2,0.00000,-0.53516,9.84766
1145704,BNO_ACC,109,-5100,2,-0.03906,-0.53516,9.84766
1154119,BNO_ACC,110,-5100,2,-0.03906,-0.57422,9.80859
1158373,BNO_ACC,111,-2700,2,-0.07812,-0.57422,9.80859
1165267,BNO_ACC,112,-700,2,-0.07812,-0.46094,9.73047
1174547,BNO_ACC,113,-1500,2,-0.03906,-0.49609,9.80469
1184308,BNO_ACC,114,-3300,2,-0.11328,-0.57422,9.84375
1194810,BNO_ACC,115,-5700,2,-0.11328,-0.65234,9.84766
1196481,BNO_ACC,116,-700,2,-0.11328,-0.61328,9.84766
1205352,BNO_ACC,117,-700,2,-0.11328,-0.57422,9.88281
1216297,BNO_ACC,118,-3200,2,-0.07812,-0.65234,9.80469
1225689,BNO_ACC,119,-4700,2,-0.07812,-0.61328,9.69141
1234469,BNO_ACC,120,-5200,2,-0.11328,-0.61328,9.73047
1245708,BNO_ACC,121,-700,2,-0.11328,-0.53516,9.64844
1255160,BNO_ACC,122,-2000,2,-0.19141,-0.53516,9.65234
1266626,BNO_ACC,123,-5400,2,-0.15234,-0.46094,9.60938
1274472,BNO_ACC,124,-5100,2,-0.15234,-0.49609,9.76562
1278716,BNO_ACC,125,-2500,2,-0.23047,-0.49609,9.88281
1285643,BNO_ACC,126,-700,2,-0.15234,-0.49609,9.80469
1294958,BNO_ACC,127,-1800,2,-0.23047,-0.49609,9.84375
1305962,BNO_ACC,128,-4700,2,-0.23047,-0.42188,9.76562
1314286,BNO_ACC,129,-4700,2,-0.23047,-0.38281,9.76953
1318169,BNO_ACC,130,-1400,2,-0.23047,-0.42188,9.69141
1325350,BNO_ACC,131,-700,2,-0.23047,-0.49609,9.72656
1336369,BNO_ACC,132,-3100,2,-0.26953,-0.46094,9.69141
1345395,BNO_ACC,133,-4000,2,-0.30469,-0.53516,9.65234
1354798,BNO_ACC,134,-5200,2,-0.30469,-0.57422,9.60938
1358923,BNO_ACC,135,-2300,2,-0.34375,-0.57422,9.68750
1365757,BNO_ACC,136,-700,2,-0.34375,-0.53516,9.84766
1375102,BNO_ACC,137,-1600,2,-0.38281,-0.42188,9.76953
1386029,BNO_ACC,138,-4500,2,-0.34375,-0.42188,9.53906
1394376,BNO_ACC,139,-4600,2,-0.30469,-0.42188,9.58203
1406493,BNO_ACC,140,-900,2,-0.38281,-0.61328,9.64844
1415289,BNO_ACC,141,-1600,2,-0.38281,-0.57422,9.61328
1426214,BNO_ACC,142,-4300,2,-0.46094,-0.49609,9.80469
1434676,BNO_ACC,143,-4700,2,-0.46094,-0.49609,9.80469
1439587,BNO_ACC,144,-2300,2,-0.46094,-0.42188,9.72656
1446326,BNO_ACC,145,-500,2,-0.46094,-0.42188,9.68750
1455470,BNO_ACC,146,-1600,2,-0.46094,-0.46094,9.80469
1466344,BNO_ACC,147,-4300,2,-0.46094,-0.42188,9.96094
1474634,BNO_ACC,148,-4400,2,-0.46094,-0.49609,9.88672
1479555,BNO_ACC,149,-2300,2,-0.49609,-0.53516,9.80469
1486481,BNO_ACC,150,-500,2,-0.46094,-0.53516,9.73047
1495630,BNO_ACC,151,-1000,2,-0.49609,-0.49609,9.73047
1506473,BNO_ACC,152,-4500,2,-0.49609,-0.49609,9.73047
1514732,BNO_ACC,153,-4400,2,-0.53516,-0.46094,9.84766
1519638,BNO_ACC,154,-2300,2,-0.53516,-0.42188,9.84375
1526498,BNO_ACC,155,-700,2,-0.53516,-0.42188,9.92578
1535612,BNO_ACC,156,-1400,2,-0.53516,-0.53516,9.84766
1546546,BNO_ACC,157,-4300,2,-0.53516,-0.49609,9.73047
1554832,BNO_ACC,158,-4400,2,-0.57422,-0.38281,9.72656
1559750,BNO_ACC,159,-2300,2,-0.57422,-0.46094,9.76953
1566515,BNO_ACC,160,-700,2,-0.57422,-0.46094,9.68750
1576000,BNO_ACC,161,-1000,2,-0.57422,-0.49609,9.76953
1587129,BNO_ACC,162,-4700,2,-0.61328,-0.53516,10.03125
1595063,BNO_ACC,163,-4400,2,-0.53516,-0.65234,10.03125
1599993,BNO_ACC,164,-2100,2,-0.46094,-0.49609,9.88672
1606880,BNO_ACC,165,-700,2,-0.49609,-0.38281,9.76562
1615983,BNO_ACC,166,-1000,2,-0.49609,-0.46094,9.60938
1626912,BNO_ACC,167,-4300,2,-0.53516,-0.46094,9.58203
1635031,BNO_ACC,168,-4300,2,-0.61328,-0.38281,9.76562
1639950,BNO_ACC,169,-2300,2,-0.65234,-0.38281,9.60938
1646825,BNO_ACC,170,-700,2,-0.69141,-0.26953,9.57812
1656141,BNO_ACC,171,-1000,2,-0.65234,-0.38281,9.69141
1666356,BNO_ACC,172,-3800,2,-0.69141,-0.38281,9.68750
1675131,BNO_ACC,173,-4300,2,-0.65234,-0.46094,9.64844
1680076,BNO_ACC,174,-2300,2,-0.57422,-0.57422,9.73047
1686988,BNO_ACC,175,-700,2,-0.53516,-0.53516,9.84766
1696165,BNO_ACC,176,-1000,2,-0.57422,-0.49609,9.88281
1707175,BNO_ACC,177,-4300,2,-0.53516,-0.49609,9.84766
1715254,BNO_ACC,178,-4200,2,-0.57422,-0.53516,9.76953
1720201,BNO_ACC,179,-2300,2,-0.53516,-0.53516,9.69141
1727182,BNO_ACC,180,-700,2,-0.57422,-0.46094,9.65234
1736364,BNO_ACC,181,-1000,2,-0.61328,-0.46094,9.58203
1747264,BNO_ACC,182,-4300,2,-0.69141,-0.46094,9.65234
1755270,BNO_ACC,183,-4100,2,-0.72656,-0.38281,9.76562
1760220,BNO_ACC,184,-2300,2,-0.69141,-0.42188,9.73047
1767237,BNO_ACC,185,-500,2,-0.69141,-0.46094,9.72656
1776358,BNO_ACC,186,-1000,2,-0.72656,-0.46094,9.80469
1785385,BNO_ACC,187,-2000,2,-0.69141,-0.38281,9.65234
1795806,BNO_ACC,188,-4400,2,-0.65234,-0.42188,9.50000
1807399,BNO_ACC,189,-500,2,-0.72656,-0.49609,9.76562
1816592,BNO_ACC,190,-1000,2,-0.72656,-0.49609,9.69141
1827677,BNO_ACC,191,-4300,2,-0.80469,-0.49609,9.65234
1835757,BNO_ACC,192,-4200,2,-0.80469,-0.49609,9.65234
1840657,BNO_ACC,193,-2300,2,-0.80469,-0.46094,9.61328
1847594,BNO_ACC,194,-700,2,-0.80469,-0.38281,9.57812
1856509,BNO_ACC,195,-1000,2,-0.84375,-0.34375,9.54297
1865475,BNO_ACC,196,-1800,2,-0.84375,-0.46094,9.58203
1876038,BNO_ACC,197,-4400,2,-0.91797,-0.46094,9.80469
1887805,BNO_ACC,198,-500,2,-0.95703,-0.38281,9.76562
1896761,BNO_ACC,199,-900,2,-0.99609,-0.42188,9.80859
1905856,BNO_ACC,200,-2000,2,-0.99609,-0.42188,9.68750
1916277,BNO_ACC,201,-4400,2,-0.99609,-0.49609,9.76562
1927997,BNO_ACC,202,-500,2,-1.03516,-0.53516,9.76562
1936920,BNO_ACC,203,-1000,2,-1.07422,-0.53516,9.72656
1946235,BNO_ACC,204,-2500,2,-1.07422,-0.53516,9.72656
1955830,BNO_ACC,205,-4100,2,-1.07422,-0.49609,9.80859
1966082,BNO_ACC,206,-6100,2,-1.10938,-0.49609,9.80859
1967266,BNO_ACC,207,-700,2,-1.18750,-0.46094,9.84766
1976871,BNO_ACC,208,-900,2,-1.14844,-0.38281,9.84375
1987505,BNO_ACC,209,-3800,2,-1.18750,-0.38281,9.88672
1997247,BNO_ACC,210,-5400,2,-1.18750,-0.38281,9.80469
2005706,BNO_ACC,211,-5500,2,-1.22656,-0.42188,9.72656
2008382,BNO_ACC,212,-900,2,-1.18750,-0.46094,9.73047
2016745,BNO_ACC,213,-700,2,-1.18750,-0.42188,9.68750
2025893,BNO_ACC,214,-1700,2,-1.18750,-0.42188,9.68750
2036454,BNO_ACC,215,-4000,2,-1.22656,-0.46094,9.64844
2048704,BNO_ACC,216,-1000,2,-1.18750,-0.49609,9.64844
2056749,BNO_ACC,217,-700,2,-1.22656,-0.49609,9.76562
2065830,BNO_ACC,218,-1500,2,-1.26562,-0.42188,9.73047
2076509,BNO_ACC,219,-4000,2,-1.26562,-0.34375,9.72656
2085957,BNO_ACC,220,-5400,2,-1.30078,-0.30469,9.64844
2089590,BNO_ACC,221,-1200,2,-1.30078,-0.38281,9.65234
2096538,BNO_ACC,222,-500,2,-1.30078,-0.38281,9.68750
2107537,BNO_ACC,223,-3200,2,-1.33984,-0.42188,9.76953
2117541,BNO_ACC,224,-5100,2,-1.33984,-0.38281,9.64844
2125934,BNO_ACC,225,-5300,2,-1.33984,-0.42188,9.50000
2128597,BNO_ACC,226,-900,2,-1.33984,-0.46094,9.54297
2137002,BNO_ACC,227,-700,2,-1.33984,-0.49609,9.60938
2146116,BNO_ACC,228,-1300,2,-1.33984,-0.49609,9.60938
2156685,BNO_ACC,229,-3900,2,-1.37891,-0.49609,9.73047
2166219,BNO_ACC,230,-5400,2,-1.33984,-0.46094,9.73047
2170443,BNO_ACC,231,-2500,2,-1.37891,-0.42188,9.68750
2177379,BNO_ACC,232,-900,2,-1.41797,-0.46094,9.76562
2186461,BNO_ACC,233,-1700,2,-1.45703,-0.49609,9.69141
2197189,BNO_ACC,234,-4200,2,-1.45703,-0.46094,9.64844
2209006,BNO_ACC,235,-500,2,-1.49219,-0.46094,9.57812
2218072,BNO_ACC,236,-1000,2,-1.45703,-0.46094,9.50391
2227715,BNO_ACC,237,-2900,2,-1.53125,-0.49609,9.65234
2237630,BNO_ACC,238,-4700,2,-1.57031,-0.42188,9.80859
2246296,BNO_ACC,239,-5300,2,-1.60938,-0.38281,9.65234
2249953,BNO_ACC,240,-1200,2,-1.53125,-0.49609,9.53906
2257081,BNO_ACC,241,-500,2,-1.53125,-0.53516,9.57812
2268032,BNO_ACC,242,-3100,2,-1.53125,-0.53516,9.72656
2277778,BNO_ACC,243,-4700,2,-1.53125,-0.57422,9.76562
2286275,BNO_ACC,244,-4900,2,-1.60938,-0.57422,9.73047
2289142,BNO_ACC,245,-1000,2,-1.60938,-0.49609,9.61328
2297296,BNO_ACC,246,-500,2,-1.64844,-0.42188,9.60938
2308347,BNO_ACC,247,-3200,2,-1.68359,-0.46094,9.61328
2317894,BNO_ACC,248,-4700,2,-1.68359,-0.49609,9.65234
2326608,BNO_ACC,249,-5100,2,-1.72266,-0.49609,9.60938
2330857,BNO_ACC,250,-2500,2,-1.72266,-0.49609,9.64844
2337741,BNO_ACC,251,-500,2,-1.76172,-0.49609,9.60938
2348119,BNO_ACC,252,-2900,2,-1.72266,-0.46094,9.54297
2358175,BNO_ACC,253,-4900,2,-1.72266,-0.38281,9.60938
2366624,BNO_ACC,254,-5000,2,-1.76172,-0.46094,9.50391
2371005,BNO_ACC,255,-2700,2,-1.76172,-0.49609,9.50391
2377862,BNO_ACC,256,-700,2,-1.80078,-0.49609,9.53906
2387624,BNO_ACC,257,-2100,2,-1.87891,-0.49609,9.73047
2398987,BNO_ACC,258,-5400,2,-1.83984,-0.49609,9.60938
2406920,BNO_ACC,259,-5100,2,-1.83984,-0.46094,9.50391
2418543,BNO_ACC,260,-900,2,-1.95312,-0.42188,9.58203
2428186,BNO_ACC,261,-2500,2,-1.99219,-0.38281,9.72656
2437545,BNO_ACC,262,-4000,2,-1.99219,-0.46094,9.80859
2447263,BNO_ACC,263,-5400,2,-2.03125,-0.53516,9.72656
2459066,BNO_ACC,264,-1400,2,-1.99219,-0.46094,9.42578
2468311,BNO_ACC,265,-2500,2,-1.99219,-0.49609,9.50000
2478175,BNO_ACC,266,-4500,2,-2.03125,-0.46094,9.50000
2486839,BNO_ACC,267,-4800,2,-2.07031,-0.42188,9.46094
2491100,BNO_ACC,268,-2500,2,-2.07031,-0.46094,9.46484
2498083,BNO_ACC,269,-500,2,-2.10547,-0.46094,9.54297
2507652,BNO_ACC,270,-1800,2,-2.07031,-0.49609,9.54297
2517958,BNO_ACC,271,-4000,2,-2.10547,-0.49609,9.58203
2527509,BNO_ACC,272,-5100,2,-2.10547,-0.46094,9.60938
2531584,BNO_ACC,273,-2300,2,-2.10547,-0.49609,9.60938
2538355,BNO_ACC,274,-700,2,-2.14453,-0.42188,9.58203
2547778,BNO_ACC,275,-1600,2,-2.14453,-0.53516,9.68750
2558048,BNO_ACC,276,-4000,2,-2.10547,-0.69141,9.65234
2567419,BNO_ACC,277,-5100,2,-2.14453,-0.65234,9.53906
2571623,BNO_ACC,278,-2500,2,-2.14453,-0.57422,9.54297
2578548,BNO_ACC,279,-500,2,-2.18359,-0.53516,9.53906
2587704,BNO_ACC,280,-1400,2,-2.22266,-0.53516,9.54297
2598769,BNO_ACC,281,-4500,2,-2.22266,-0.49609,9.50391
2606867,BNO_ACC,282,-4400,2,-2.26172,-0.57422,9.46094
2611799,BNO_ACC,283,-2300,2,-2.22266,-0.49609,9.42188
2618659,BNO_ACC,284,-700,2,-2.22266,-0.53516,9.50391
2628062,BNO_ACC,285,-900,2,-2.26172,-0.46094,9.64844
2638381,BNO_ACC,286,-4000,2,-2.29688,-0.42188,9.57812
2647117,BNO_ACC,287,-4400,2,-2.26172,-0.49609,9.42188
2652045,BNO_ACC,288,-2300,2,-2.26172,-0.57422,9.46094
2658833,BNO_ACC,289,-700,2,-2.29688,-0.57422,9.46094
2668194,BNO_ACC,290,-1000,2,-2.29688,-0.53516,9.42188
2679162,BNO_ACC,291,-4700,2,-2.29688,-0.53516,9.38672
2687257,BNO_ACC,292,-4400,2,-2.29688,-0.53516,9.46484
2692165,BNO_ACC,293,-2300,2,-2.33594,-0.49609,9.38281
2698984,BNO_ACC,294,-700,2,-2.37500,-0.49609,9.42578
2708410,BNO_ACC,295,-1000,2,-2.37500,-0.49609,9.50000
2718625,BNO_ACC,296,-4000,2,-2.41406,-0.49609,9.57812
2727376,BNO_ACC,297,-4400,2,-2.41406,-0.42188,9.54297
2732348,BNO_ACC,298,-2300,2,-2.37500,-0.49609,9.53906
2739230,BNO_ACC,299,-700,2,-2.41406,-0.49609,9.53906
2748362,BNO_ACC,300,-1000,2,-2.41406,-0.53516,9.42578
2759443,BNO_ACC,301,-4300,2,-2.41406,-0.53516,9.34375
2767612,BNO_ACC,302,-4400,2,-2.41406,-0.53516,9.38281
2772566,BNO_ACC,303,-2300,2,-2.41406,-0.49609,9.50000
2779464,BNO_ACC,304,-500,2,-2.41406,-0.49609,9.53906
2788491,BNO_ACC,305,-1600,2,-2.45312,-0.46094,9.46094
2799005,BNO_ACC,306,-4000,2,-2.45312,-0.46094,9.42578
2807772,BNO_ACC,307,-4400,2,-2.45312,-0.53516,9.42578
2812710,BNO_ACC,308,-2300,2,-2.45312,-0.49609,9.38281
2819579,BNO_ACC,309,-700,2,-2.48828,-0.46094,9.38281
2828712,BNO_ACC,310,-1000,2,-2.48828,-0.49609,9.53906
2838764,BNO_ACC,311,-3400,2,-2.52734,-0.42188,9.54297
2847773,BNO_ACC,312,-4200,2,-2.52734,-0.30469,9.42188
2852679,BNO_ACC,313,-2100,2,-2.48828,-0.42188,9.42188
2859653,BNO_ACC,314,-700,2,-2.45312,-0.61328,9.30859
2868771,BNO_ACC,315,-900,2,-2.52734,-0.69141,9.34766
2879892,BNO_ACC,316,-4500,2,-2.52734,-0.69141,9.46484
2888184,BNO_ACC,317,-4400,2,-2.52734,-0.49609,9.42578
2900045,BNO_ACC,318,-700,2,-2.60547,-0.53516,9.42188
2908958,BNO_ACC,319,-900,2,-2.56641,-0.53516,9.30469
2917353,BNO_ACC,320,-1500,2,-2.60547,-0.53516,9.26562
2928258,BNO_ACC,321,-4400,2,-2.64453,-0.42188,9.26562
2940196,BNO_ACC,322,-700,2,-2.64453,-0.49609,9.15625
2949154,BNO_ACC,323,-1000,2,-2.67969,-0.61328,9.34766
2957443,BNO_ACC,324,-1500,2,-2.75781,-0.61328,9.42578
2968227,BNO_ACC,325,-4300,2,-2.79688,-0.65234,9.38672
2980070,BNO_ACC,326,-500,2,-2.75781,-0.49609,9.42578
2989093,BNO_ACC,327,-900,2,-2.75781,-0.49609,9.22656
2998376,BNO_ACC,328,-2500,2,-2.79688,-0.53516,9.16016
3008052,BNO_ACC,329,-3900,2,-2.79688,-0.53516,9.23047
3018455,BNO_ACC,330,-6300,2,-2.79688,-0.49609,9.26562
3020437,BNO_ACC,331,-900,2,-2.83594,-0.49609,9.22656
3029293,BNO_ACC,332,-1000,2,-2.83594,-0.49609,9.19922
3039275,BNO_ACC,333,-3400,2,-2.83594,-0.53516,9.07812
3049551,BNO_ACC,334,-5400,2,-2.87109,-0.53516,9.19922
3057846,BNO_ACC,335,-5500,2,-2.98828,-0.46094,9.42578
3060719,BNO_ACC,336,-1000,2,-3.02734,-0.46094,9.42578
3068616,BNO_ACC,337,-700,2,-2.91016,-0.53516,9.11719
3078907,BNO_ACC,338,-2700,2,-2.87109,-0.53516,8.96094
3088604,BNO_ACC,339,-4300,2,-3.02734,-0.46094,9.07812
3100483,BNO_ACC,340,-300,2,-3.14062,-0.53516,9.30469
3109591,BNO_ACC,341,-900,2,-3.10156,-0.57422,9.30469
3119447,BNO_ACC,342,-3200,2,-3.14062,-0.53516,9.26562
3129652,BNO_ACC,343,-5300,2,-3.14062,-0.53516,9.16016
3137948,BNO_ACC,344,-5300,2,-3.14062,-0.61328,9.12109
3140469,BNO_ACC,345,-900,2,-3.17969,-0.57422,9.30859
3148997,BNO_ACC,346,-700,2,-3.21875,-0.57422,9.34766
3158230,BNO_ACC,347,-1500,2,-3.21875,-0.65234,9.26953
3168911,BNO_ACC,348,-4200,2,-3.25781,-0.61328,9.22656
3181869,BNO_ACC,349,-1200,2,-3.25781,-0.53516,9.11719
3188827,BNO_ACC,350,-500,2,-3.33203,-0.61328,9.22656
3199790,BNO_ACC,351,-3200,2,-3.33203,-0.49609,9.22656
3209743,BNO_ACC,352,-5100,2,-3.37109,-0.46094,9.22656
3218116,BNO_ACC,353,-5300,2,-3.37109,-0.42188,9.23047
3220629,BNO_ACC,354,-900,2,-3.37109,-0.49609,9.22656
3229176,BNO_ACC,355,-700,2,-3.44922,-0.46094,9.12109
3239207,BNO_ACC,356,-2500,2,-3.44922,-0.53516,9.12109
3250311,BNO_ACC,357,-5400,2,-3.44922,-0.57422,9.15625
3258176,BNO_ACC,358,-5200,2,-3.41016,-0.49609,9.03906
3260696,BNO_ACC,359,-900,2,-3.44922,-0.38281,8.96484
3269207,BNO_ACC,360,-700,2,-3.44922,-0.46094,8.96484
3279536,BNO_ACC,361,-2500,2,-3.48438,-0.53516,9.08203
3289179,BNO_ACC,362,-4100,2,-3.52344,-0.53516,9.12109
3298631,BNO_ACC,363,-5300,2,-3.56250,-0.49609,9.22656
3302304,BNO_ACC,364,-1400,2,-3.52344,-0.61328,9.26562
3309311,BNO_ACC,365,-700,2,-3.48438,-0.61328,9.00391
3319561,BNO_ACC,366,-2500,2,-3.56250,-0.53516,9.00000
3330627,BNO_ACC,367,-5400,2,-3.60156,-0.49609,9.15625
3338386,BNO_ACC,368,-5000,2,-3.64062,-0.49609,9.08203
3341091,BNO_ACC,369,-700,2,-3.60156,-0.57422,8.96484
3349577,BNO_ACC,370,-700,2,-3.67578,-0.57422,9.19922
3360559,BNO_ACC,371,-3400,2,-3.71484,-0.61328,9.19922
3369966,BNO_ACC,372,-4700,2,-3.71484,-0.65234,9.07812
3378486,BNO_ACC,373,-4900,2,-3.67578,-0.57422,9.03906
3381204,BNO_ACC,374,-900,2,-3.64062,-0.49609,8.96484
3389598,BNO_ACC,375,-700,2,-3.64062,-0.49609,8.84766
3400615,BNO_ACC,376,-3200,2,-3.67578,-0.49609,8.92188
3410006,BNO_ACC,377,-4500,2,-3.75391,-0.49609,9.03906
3418724,BNO_ACC,378,-5000,2,-3.79297,-0.53516,9.11719
3422377,BNO_ACC,379,-1200,2,-3.79297,-0.61328,9.07812
3429695,BNO_ACC,380,-700,2,-3.83203,-0.57422,9.08203
3440624,BNO_ACC,381,-3100,2,-3.83203,-0.46094,9.07812
3448498,BNO_ACC,382,-2600,2,-3.86719,-0.46094,9.12109
3458906,BNO_ACC,383,-5000,2,-3.83203,-0.49609,9.00000
3463134,BNO_ACC,384,-2500,2,-3.79297,-0.53516,8.92578
3469959,BNO_ACC,385,-700,2,-3.86719,-0.53516,8.92188
3480998,BNO_ACC,386,-3200,2,-3.90625,-0.57422,8.96094
3490298,BNO_ACC,387,-4500,2,-3.86719,-0.53516,8.96484
3498758,BNO_ACC,388,-4600,2,-3.94531,-0.53516,8.84375
3511072,BNO_ACC,389,-1200,2,-3.90625,-0.42188,8.88281
3519700,BNO_ACC,390,-1800,2,-3.94531,-0.53516,8.84375
3530695,BNO_ACC,391,-4700,2,-3.98438,-0.57422,8.77344
3538971,BNO_ACC,392,-4500,2,-3.98438,-0.49609,8.84766
3543357,BNO_ACC,393,-2500,2,-3.98438,-0.49609,8.81250
3550325,BNO_ACC,394,-500,2,-3.98438,-0.49609,8.77734
3559593,BNO_ACC,395,-1400,2,-3.94531,-0.46094,8.81641
3570553,BNO_ACC,396,-4500,2,-4.02344,-0.49609,8.84766
3579095,BNO_ACC,397,-4600,2,-4.06250,-0.46094,8.77344
3584171,BNO_ACC,398,-2300,2,-4.02344,-0.46094,8.77734
3591034,BNO_ACC,399,-700,2,-4.09766,-0.49609,8.81641
3599869,BNO_ACC,400,-1600,2,-4.09766,-0.61328,8.77344
3610838,BNO_ACC,401,-4500,2,-4.09766,-0.49609,8.77344
3619082,BNO_ACC,402,-4400,2,-4.09766,-0.42188,8.77734
3624000,BNO_ACC,403,-2300,2,-4.13672,-0.49609,8.73438
3630903,BNO_ACC,404,-700,2,-4.13672,-0.57422,8.58203
3639937,BNO_ACC,405,-1600,2,-4.25391,-0.38281,8.73438
3650994,BNO_ACC,406,-4500,2,-4.25391,-0.38281,8.73438
3659096,BNO_ACC,407,-4400,2,-4.28906,-0.42188,8.61719
3664033,BNO_ACC,408,-2300,2,-4.21484,-0.49609,8.57812
3670832,BNO_ACC,409,-700,2,-4.21484,-0.53516,8.53906
3680099,BNO_ACC,410,-1600,2,-4.21484,-0.49609,8.46094
3691060,BNO_ACC,411,-4300,2,-4.28906,-0.46094,8.62109
3699305,BNO_ACC,412,-4400,2,-4.36719,-0.42188,8.69922
3704230,BNO_ACC,413,-2300,2,-4.32812,-0.30469,8.61719
3711164,BNO_ACC,414,-700,2,-4.32812,-0.34375,8.62109
3720269,BNO_ACC,415,-1000,2,-4.40625,-0.46094,8.66016
3731213,BNO_ACC,416,-4500,2,-4.48047,-0.49609,8.81641
3739348,BNO_ACC,417,-4300,2,-4.51953,-0.57422,8.81641
3744267,BNO_ACC,418,-2300,2,-4.51953,-0.53516,8.66016
3751119,BNO_ACC,419,-500,2,-4.51953,-0.57422,8.65625
3760296,BNO_ACC,420,-1000,2,-4.51953,-0.53516,8.62109
3771259,BNO_ACC,421,-4300,2,-4.48047,-0.49609,8.50000
3779558,BNO_ACC,422,-4400,2,-4.44531,-0.53516,8.50000
3784491,BNO_ACC,423,-2100,2,-4.51953,-0.53516,8.58203
3791307,BNO_ACC,424,-700,2,-4.55859,-0.53516,8.66016
3800624,BNO_ACC,425,-900,2,-4.55859,-0.49609,8.69531
3811609,BNO_ACC,426,-4500,2,-4.51953,-0.49609,8.62109
3819535,BNO_ACC,427,-4100,2,-4.55859,-0.53516,8.54297
3824443,BNO_ACC,428,-2300,2,-4.51953,-0.57422,8.53906
3831455,BNO_ACC,429,-700,2,-4.63672,-0.57422,8.62109
3840573,BNO_ACC,430,-1000,2,-4.67188,-0.49609,8.73438
3851166,BNO_ACC,431,-4000,2,-4.67188,-0.46094,8.69922
3859799,BNO_ACC,432,-4000,2,-4.67188,-0.57422,8.54297
3864746,BNO_ACC,433,-2300,2,-4.63672,-0.61328,8.39062
3871773,BNO_ACC,434,-700,2,-4.67188,-0.61328,8.50000
3880751,BNO_ACC,435,-1000,2,-4.71094,-0.65234,8.54297
3889880,BNO_ACC,436,-2200,2,-4.71094,-0.61328,8.54297
3900282,BNO_ACC,437,-4600,2,-4.71094,-0.53516,8.50391
3911841,BNO_ACC,438,-700,2,-4.75000,-0.49609,8.50391
3920852,BNO_ACC,439,-1000,2,-4.78906,-0.46094,8.54297
3930112,BNO_ACC,440,-2200,2,-4.78906,-0.46094,8.50391
3939799,BNO_ACC,441,-4100,2,-4.86328,-0.49609,8.54297
3952241,BNO_ACC,442,-700,2,-4.82812,-0.53516,8.42188
3961095,BNO_ACC,443,-900,2,-4.78906,-0.49609,8.39453
3970437,BNO_ACC,444,-2700,2,-4.82812,-0.53516,8.39453
3980146,BNO_ACC,445,-4100,2,-4.86328,-0.57422,8.42578
3985032,BNO_ACC,446,-2300,2,-4.90234,-0.61328,8.42188
3992107,BNO_ACC,447,-700,2,-4.86328,-0.57422,8.39062
4001095,BNO_ACC,448,-1000,2,-4.94141,-0.57422,8.27734
4010194,BNO_ACC,449,-2000,2,-4.86328,-0.53516,8.16016
4020843,BNO_ACC,450,-4600,2,-4.86328,-0.46094,8.27734
4032450,BNO_ACC,451,-700,2,-5.01953,-0.49609,8.35156
4041387,BNO_ACC,452,-1000,2,-4.94141,-0.53516,8.35547
4050651,BNO_ACC,453,-2500,2,-4.90234,-0.57422,8.31641
4060305,BNO_ACC,454,-4100,2,-5.01953,-0.65234,8.27734
4070730,BNO_ACC,455,-6200,2,-5.05469,-0.53516,8.31641
4072627,BNO_ACC,456,-900,2,-5.05469,-0.46094,8.50000
4081608,BNO_ACC,457,-900,2,-5.09375,-0.49609,8.39453
4091621,BNO_ACC,458,-3400,2,-5.05469,-0.53516,8.19922
4100074,BNO_ACC,459,-3500,2,-5.05469,-0.49609,8.15625
4110480,BNO_ACC,460,-5900,2,-5.13281,-0.53516,8.19531
4111827,BNO_ACC,461,-700,2,-5.05469,-0.65234,8.15625
4121094,BNO_ACC,462,-900,2,-5.01953,-0.69141,8.19922
4130273,BNO_ACC,463,-1700,2,-5.09375,-0.69141,8.27344
4141130,BNO_ACC,464,-4400,2,-5.13281,-0.65234,8.27734
4152843,BNO_ACC,465,-700,2,-5.21094,-0.49609,8.16016
4161831,BNO_ACC,466,-1000,2,-5.21094,-0.57422,8.19922
4170960,BNO_ACC,467,-2500,2,-5.25000,-0.61328,8.19531
4180757,BNO_ACC,468,-3900,2,-5.28516,-0.49609,8.19531
4190509,BNO_ACC,469,-5500,2,-5.32422,-0.42188,8.23828
4192097,BNO_ACC,470,-700,2,-5.32422,-0.46094,8.23438
4201512,BNO_ACC,471,-900,2,-5.28516,-0.46094,8.27734
4211971,BNO_ACC,472,-3200,2,-5.36328,-0.57422,8.23438
4222042,BNO_ACC,473,-5300,2,-5.32422,-0.65234,8.15625
4230305,BNO_ACC,474,-5100,2,-5.32422,-0.61328,8.11719
4233980,BNO_ACC,475,-1200,2,-5.32422,-0.49609,8.07812
4241077,BNO_ACC,476,-500,2,-5.36328,-0.49609,8.04297
4251452,BNO_ACC,477,-2500,2,-5.36328,-0.53516,8.08203
4261269,BNO_ACC,478,-4200,2,-5.36328,-0.49609,8.04297
4270995,BNO_ACC,479,-5800,2,-5.36328,-0.49609,8.08203
4272428,BNO_ACC,480,-700,2,-5.44141,-0.49609,8.19922
4281896,BNO_ACC,481,-900,2,-5.40234,-0.57422,8.11719
4291441,BNO_ACC,482,-2300,2,-5.36328,-0.53516,8.00781
4302775,BNO_ACC,483,-5600,2,-5.36328,-0.57422,8.01172
4310821,BNO_ACC,484,-5500,2,-5.40234,-0.53516,8.08203
4322428,BNO_ACC,485,-1200,2,-5.36328,-0.61328,8.00781
4332158,BNO_ACC,486,-3100,2,-5.40234,-0.57422,7.89453
4342137,BNO_ACC,487,-4900,2,-5.44141,-0.49609,7.93359
4350623,BNO_ACC,488,-5100,2,-5.51562,-0.46094,8.03906
4354386,BNO_ACC,489,-1400,2,-5.47656,-0.53516,8.04297
4361531,BNO_ACC,490,-500,2,-5.44141,-0.61328,8.01172
4372637,BNO_ACC,491,-3100,2,-5.44141,-0.61328,7.89453
4382012,BNO_ACC,492,-4500,2,-5.44141,-0.57422,8.00781
4390700,BNO_ACC,493,-5000,2,-5.47656,-0.49609,7.97266
4394387,BNO_ACC,494,-1200,2,-5.51562,-0.57422,7.92969
4401663,BNO_ACC,495,-700,2,-5.51562,-0.57422,8.00781
4412697,BNO_ACC,496,-3100,2,-5.59375,-0.61328,8.08203
4422091,BNO_ACC,497,-4300,2,-5.59375,-0.61328,8.04297
4430700,BNO_ACC,498,-5000,2,-5.63281,-0.61328,8.00781
4434402,BNO_ACC,499,-1200,2,-5.55469,-0.57422,8.00781
4441687,BNO_ACC,500,-700,2,-5.55469,-0.57422,7.92969
4452718,BNO_ACC,501,-2900,2,-5.51562,-0.49609,7.93359
4462075,BNO_ACC,502,-4300,2,-5.55469,-0.53516,7.93359
4470746,BNO_ACC,503,-4800,2,-5.55469,-0.57422,7.89062
4475855,BNO_ACC,504,-2300,2,-5.55469,-0.57422,7.85547
4482649,BNO_ACC,505,-900,2,-5.55469,-0.61328,7.81250
4492436,BNO_ACC,506,-2500,2,-5.51562,-0.61328,7.81250
4500419,BNO_ACC,507,-2200,2,-5.59375,-0.61328,7.85547
4510965,BNO_ACC,508,-4800,2,-5.59375,-0.53516,7.81641
4515316,BNO_ACC,509,-2500,2,-5.55469,-0.57422,7.89062
4522270,BNO_ACC,510,-700,2,-5.55469,-0.65234,7.85156
4531764,BNO_ACC,511,-1800,2,-5.63281,-0.65234,7.92969
4542579,BNO_ACC,512,-4500,2,-5.63281,-0.65234,7.97266
4550969,BNO_ACC,513,-4400,2,-5.66797,-0.61328,8.00781
4555882,BNO_ACC,514,-2300,2,-5.66797,-0.61328,8.00781
4562804,BNO_ACC,515,-700,2,-5.63281,-0.61328,7.92969
4571936,BNO_ACC,516,-1000,2,-5.59375,-0.53516,7.89062
4582734,BNO_ACC,517,-4500,2,-5.59375,-0.49609,7.85547
4591053,BNO_ACC,518,-4500,2,-5.59375,-0.53516,7.85547
4595957,BNO_ACC,519,-2300,2,-5.55469,-0.53516,7.77734
4602728,BNO_ACC,520,-700,2,-5.66797,-0.57422,7.89453
4611986,BNO_ACC,521,-1000,2,-5.66797,-0.61328,7.92969
4622953,BNO_ACC,522,-4700,2,-5.63281,-0.61328,7.89062
4631220,BNO_ACC,523,-4600,2,-5.63281,-0.65234,7.92969
4636137,BNO_ACC,524,-2300,2,-5.59375,-0.61328,7.92969
4642927,BNO_ACC,525,-700,2,-5.66797,-0.53516,7.97266
4652248,BNO_ACC,526,-1000,2,-5.70703,-0.57422,7.96875
4663106,BNO_ACC,527,-4500,2,-5.66797,-0.61328,7.97266
4671334,BNO_ACC,528,-4400,2,-5.66797,-0.61328,7.97266
4676245,BNO_ACC,529,-2300,2,-5.63281,-0.61328,7.89062
4683019,BNO_ACC,530,-700,2,-5.66797,-0.65234,7.85547
4692375,BNO_ACC,531,-1000,2,-5.66797,-0.65234,7.85547
4701644,BNO_ACC,532,-2600,2,-5.63281,-0.57422,7.89453
4711854,BNO_ACC,533,-4800,2,-5.63281,-0.65234,7.92969
4723375,BNO_ACC,534,-900,2,-5.70703,-0.61328,8.00781
4732360,BNO_ACC,535,-900,2,-5.63281,-0.61328,8.00781
4741404,BNO_ACC,536,-2200,2,-5.63281,-0.57422,7.89453
4751722,BNO_ACC,537,-4600,2,-5.63281,-0.57422,7.93359
4763761,BNO_ACC,538,-700,2,-5.63281,-0.65234,7.89062
4772728,BNO_ACC,539,-1000,2,-5.63281,-0.65234,7.92969
4780920,BNO_ACC,540,-1500,2,-5.63281,-0.61328,7.85547
4792192,BNO_ACC,541,-4800,2,-5.63281,-0.65234,7.89062
4803819,BNO_ACC,542,-700,2,-5.59375,-0.61328,7.81641
4812724,BNO_ACC,543,-1000,2,-5.66797,-0.61328,7.89062
4823741,BNO_ACC,544,-4300,2,-5.63281,-0.57422,7.85156
4831808,BNO_ACC,545,-4300,2,-5.59375,-0.57422,7.73828
4836735,BNO_ACC,546,-2300,2,-5.59375,-0.57422,7.85156
4843615,BNO_ACC,547,-500,2,-5.59375,-0.57422,7.77734
4852658,BNO_ACC,548,-1000,2,-5.59375,-0.61328,7.77344
4861793,BNO_ACC,549,-2000,2,-5.55469,-0.57422,7.81641
4872341,BNO_ACC,550,-4400,2,-5.59375,-0.57422,7.81250
4883953,BNO_ACC,551,-700,2,-5.59375,-0.49609,7.81641
4892925,BNO_ACC,552,-1000,2,-5.59375,-0.57422,7.81250
4904199,BNO_ACC,553,-4300,2,-5.66797,-0.61328,7.89062
4912351,BNO_ACC,554,-4400,2,-5.66797,-0.65234,7.85547
4924109,BNO_ACC,555,-700,2,-5.59375,-0.61328,7.81641
4933080,BNO_ACC,556,-900,2,-5.63281,-0.65234,7.81641
4941675,BNO_ACC,557,-1400,2,-5.59375,-0.69141,7.85156
4952380,BNO_ACC,558,-4400,2,-5.59375,-0.69141,7.81250
4964281,BNO_ACC,559,-500,2,-5.66797,-0.57422,7.93359
4973373,BNO_ACC,560,-1000,2,-5.70703,-0.65234,7.97266
4983203,BNO_ACC,561,-3200,2,-5.66797,-0.65234,7.92969
4993596,BNO_ACC,562,-5600,2,-5.66797,-0.61328,7.97266
5002113,BNO_ACC,563,-5900,2,-5.66797,-0.65234,8.00781
5003566,BNO_ACC,564,-700,2,-5.66797,-0.61328,7.89062
5013353,BNO_ACC,565,-900,2,-5.63281,-0.57422,7.85156
5023582,BNO_ACC,566,-3600,2,-5.59375,-0.53516,7.85547
5033644,BNO_ACC,567,-5400,2,-5.63281,-0.57422,7.81250
5042166,BNO_ACC,568,-5700,2,-5.59375,-0.57422,7.81250
5043782,BNO_ACC,569,-700,2,-5.66797,-0.57422,7.93359
5053257,BNO_ACC,570,-1000,2,-5.63281,-0.61328,7.85547
5062836,BNO_ACC,571,-2500,2,-5.63281,-0.57422,7.89453
5072611,BNO_ACC,572,-3900,2,-5.63281,-0.57422,7.93359
5082216,BNO_ACC,573,-5600,2,-5.63281,-0.65234,7.89062
5086612,BNO_ACC,574,-2500,2,-5.63281,-0.69141,7.89453
5093480,BNO_ACC,575,-1000,2,-5.70703,-0.65234,7.97266
5102934,BNO_ACC,576,-2500,2,-5.63281,-0.61328,7.92969
5114272,BNO_ACC,577,-5800,2,-5.63281,-0.61328,7.92969
5122302,BNO_ACC,578,-5500,2,-5.66797,-0.69141,7.89453
5126596,BNO_ACC,579,-2500,2,-5.66797,-0.61328,7.92969
5133561,BNO_ACC,580,-1000,2,-5.66797,-0.65234,7.92969
5143813,BNO_ACC,581,-3100,2,-5.59375,-0.65234,7.81641
5153906,BNO_ACC,582,-5300,2,-5.59375,-0.57422,7.73828
5162399,BNO_ACC,583,-5500,2,-5.59375,-0.53516,7.77344
5166634,BNO_ACC,584,-2700,2,-5.63281,-0.61328,7.85547
5173550,BNO_ACC,585,-700,2,-5.63281,-0.65234,7.85547
5183820,BNO_ACC,586,-3100,2,-5.59375,-0.61328,7.85547
5194264,BNO_ACC,587,-5300,2,-5.63281,-0.61328,7.92969
5202487,BNO_ACC,588,-5300,2,-5.59375,-0.57422,7.93359
5206714,BNO_ACC,589,-2500,2,-5.63281,-0.53516,7.97266
5213788,BNO_ACC,590,-700,2,-5.66797,-0.65234,7.92969
5223897,BNO_ACC,591,-3100,2,-5.63281,-0.61328,7.81641
5234025,BNO_ACC,592,-5100,2,-5.63281,-0.69141,7.81250
5242486,BNO_ACC,593,-5100,2,-5.59375,-0.72656,7.85547
5246886,BNO_ACC,594,-2500,2,-5.63281,-0.61328,7.89062
5253749,BNO_ACC,595,-700,2,-5.59375,-0.53516,7.81641
5264020,BNO_ACC,596,-2900,2,-5.63281,-0.53516,7.85547
5274030,BNO_ACC,597,-4900,2,-5.59375,-0.53516,7.89062
5282726,BNO_ACC,598,-5100,2,-5.63281,-0.57422,7.89453
5293850,BNO_ACC,599,-700,2,-5.63281,-0.65234,7.92969
5303432,BNO_ACC,600,-2100,2,-5.59375,-0.65234,7.81641
5313167,BNO_ACC,601,-3500,2,-5.59375,-0.61328,7.85547
5322787,BNO_ACC,602,-5100,2,-5.66797,-0.69141,7.96875
5331766,BNO_ACC,603,-6000,2,-5.66797,-0.72656,7.92969
5335221,BNO_ACC,604,-1800,2,-5.66797,-0.65234,7.97266
5344630,BNO_ACC,605,-3100,2,-5.66797,-0.53516,7.85547
5354050,BNO_ACC,606,-4500,2,-5.63281,-0.53516,7.77344
5362771,BNO_ACC,607,-5000,2,-5.59375,-0.61328,7.81641
5367000,BNO_ACC,608,-2500,2,-5.63281,-0.61328,7.92969
5374021,BNO_ACC,609,-700,2,-5.66797,-0.65234,7.92969
5384302,BNO_ACC,610,-2700,2,-5.66797,-0.53516,7.92969
5394270,BNO_ACC,611,-4500,2,-5.66797,-0.61328,7.97266
5403000,BNO_ACC,612,-5000,2,-5.66797,-0.69141,7.89453
5414296,BNO_ACC,613,-700,2,-5.63281,-0.65234,7.92969
5423682,BNO_ACC,614,-1800,2,-5.55469,-0.69141,7.89062
5434995,BNO_ACC,615,-5100,2,-5.51562,-0.72656,7.77734
5442940,BNO_ACC,616,-4700,2,-5.55469,-0.69141,7.77344
5447309,BNO_ACC,617,-2500,2,-5.59375,-0.65234,7.89062
5454242,BNO_ACC,618,-500,2,-5.63281,-0.72656,7.97266
5463819,BNO_ACC,619,-1600,2,-5.63281,-0.72656,7.89062
5474905,BNO_ACC,620,-4900,2,-5.63281,-0.61328,7.92969
5482950,BNO_ACC,621,-4500,2,-5.63281,-0.57422,7.89453
5487885,BNO_ACC,622,-2300,2,-5.63281,-0.53516,7.85547
5494709,BNO_ACC,623,-500,2,-5.63281,-0.53516,7.85547
5503894,BNO_ACC,624,-1800,2,-5.59375,-0.69141,7.85156
5515112,BNO_ACC,625,-4900,2,-5.63281,-0.65234,7.89062
5523054,BNO_ACC,626,-4500,2,-5.66797,-0.61328,7.89062
5527978,BNO_ACC,627,-2300,2,-5.59375,-0.65234,7.85547
5534875,BNO_ACC,628,-500,2,-5.63281,-0.65234,7.81641
5543805,BNO_ACC,629,-1600,2,-5.63281,-0.61328,7.85547
5554949,BNO_ACC,630,-4700,2,-5.59375,-0.61328,7.89062
5563334,BNO_ACC,631,-4600,2,-5.59375,-0.69141,7.85156
5568251,BNO_ACC,632,-2300,2,-5.59375,-0.65234,7.89062
5575132,BNO_ACC,633,-700,2,-5.63281,-0.61328,7.89062
5584097,BNO_ACC,634,-1600,2,-5.66797,-0.65234,7.92969
5595372,BNO_ACC,635,-4700,2,-5.66797,-0.69141,7.93359
5603646,BNO_ACC,636,-4800,2,-5.63281,-0.61328,7.89062
5615488,BNO_ACC,637,-900,2,-5.59375,-0.69141,7.85156
5624240,BNO_ACC,638,-1400,2,-5.55469,-0.65234,7.77734
5634733,BNO_ACC,639,-4200,2,-5.55469,-0.69141,7.81641
5643720,BNO_ACC,640,-4800,2,-5.63281,-0.69141,7.81250
5655503,BNO_ACC,641,-900,2,-5.59375,-0.53516,7.81641
5664417,BNO_ACC,642,-1400,2,-5.59375,-0.53516,7.89062
5674872,BNO_ACC,643,-4000,2,-5.66797,-0.53516,7.92969
5683622,BNO_ACC,644,-4400,2,-5.63281,-0.53516,7.92969
5688525,BNO_ACC,645,-2300,2,-5.63281,-0.61328,7.85547
5695484,BNO_ACC,646,-700,2,-5.66797,-0.69141,7.96875
5704660,BNO_ACC,647,-900,2,-5.70703,-0.72656,8.04297
5714638,BNO_ACC,648,-3600,2,-5.66797,-0.69141,8.01172
5723687,BNO_ACC,649,-4200,2,-5.63281,-0.61328,7.89062
5728605,BNO_ACC,650,-2300,2,-5.63281,-0.61328,7.97266
5735562,BNO_ACC,651,-700,2,-5.66797,-0.61328,7.97266
5744724,BNO_ACC,652,-1000,2,-5.63281,-0.69141,8.01172
5753190,BNO_ACC,653,-1600,2,-5.63281,-0.76562,7.96875
5763962,BNO_ACC,654,-4400,2,-5.59375,-0.72656,7.97266
5775744,BNO_ACC,655,-700,2,-5.63281,-0.69141,7.96875
5784804,BNO_ACC,656,-1000,2,-5.63281,-0.61328,8.04297
5793384,BNO_ACC,657,-1600,2,-5.55469,-0.57422,7.92969
5803935,BNO_ACC,658,-4300,2,-5.51562,-0.49609,7.81250
5815807,BNO_ACC,659,-500,2,-5.47656,-0.53516,7.92969
5824991,BNO_ACC,660,-900,2,-5.51562,-0.57422,7.92969
5834870,BNO_ACC,661,-3200,2,-5.51562,-0.61328,7.96875
5844329,BNO_ACC,662,-4400,2,-5.55469,-0.65234,8.03906
5856143,BNO_ACC,663,-500,2,-5.55469,-0.76562,8.00781
5865113,BNO_ACC,664,-900,2,-5.51562,-0.69141,8.04297
5875294,BNO_ACC,665,-3600,2,-5.47656,-0.72656,7.97266
5883745,BNO_ACC,666,-3700,2,-5.44141,-0.76562,8.00781
5894094,BNO_ACC,667,-5900,2,-5.44141,-0.72656,8.15625
5895415,BNO_ACC,668,-700,2,-5.47656,-0.69141,8.19922
5905062,BNO_ACC,669,-1000,2,-5.44141,-0.72656,8.07812
5915217,BNO_ACC,670,-3200,2,-5.40234,-0.72656,8.04297
5923726,BNO_ACC,671,-3500,2,-5.40234,-0.65234,8.08203
5934270,BNO_ACC,672,-6100,2,-5.40234,-0.65234,8.12109
5935588,BNO_ACC,673,-700,2,-5.36328,-0.69141,8.11719
5944966,BNO_ACC,674,-1000,2,-5.36328,-0.65234,8.08203
5954018,BNO_ACC,675,-1700,2,-5.36328,-0.65234,8.16016
5964400,BNO_ACC,676,-4000,2,-5.32422,-0.69141,8.12109
5976342,BNO_ACC,677,-700,2,-5.28516,-0.72656,8.16016
5985180,BNO_ACC,678,-900,2,-5.28516,-0.69141,8.23438
5994653,BNO_ACC,679,-2300,2,-5.32422,-0.49609,8.11719
6004105,BNO_ACC,680,-3500,2,-5.32422,-0.69141,7.62891
6014509,BNO_ACC,681,-5900,2,-5.25000,-0.76562,7.89453
6015932,BNO_ACC,682,-700,2,-5.28516,-0.84375,8.00781
6025147,BNO_ACC,683,-700,2,-5.28516,-0.76562,8.03906
6034404,BNO_ACC,684,-1700,2,-5.32422,-0.76562,8.08203
6044122,BNO_ACC,685,-3500,2,-5.32422,-0.72656,8.15625
6054340,BNO_ACC,686,-5500,2,-5.32422,-0.65234,8.23438
6057801,BNO_ACC,687,-1200,2,-5.32422,-0.61328,8.35547
6065098,BNO_ACC,688,-500,2,-5.32422,-0.53516,8.35547
6076237,BNO_ACC,689,-3400,2,-5.28516,-0.57422,8.35547
6085424,BNO_ACC,690,-4900,2,-5.25000,-0.65234,8.19531
6094314,BNO_ACC,691,-5500,2,-5.21094,-0.65234,8.16016
6098559,BNO_ACC,692,-2500,2,-5.17188,-0.76562,8.12109
6105553,BNO_ACC,693,-900,2,-5.13281,-0.72656,8.16016
6115680,BNO_ACC,694,-2900,2,-5.17188,-0.72656,8.19922
6126125,BNO_ACC,695,-5300,2,-5.13281,-0.72656,8.23828
6134521,BNO_ACC,696,-5500,2,-5.17188,-0.69141,8.35156
6145846,BNO_ACC,697,-900,2,-5.17188,-0.65234,8.35547
6155996,BNO_ACC,698,-3100,2,-5.09375,-0.65234,8.31250
6165915,BNO_ACC,699,-4900,2,-5.09375,-0.65234,8.23828
6174468,BNO_ACC,700,-5100,2,-5.05469,-0.61328,8.31641
6178192,BNO_ACC,701,-1400,2,-5.09375,-0.65234,8.23828
6185375,BNO_ACC,702,-500,2,-5.01953,-0.80469,8.19922
6194714,BNO_ACC,703,-1300,2,-5.09375,-0.84375,8.35156
6205462,BNO_ACC,704,-4100,2,-5.05469,-0.80469,8.39453
6215220,BNO_ACC,705,-5700,2,-5.05469,-0.69141,8.39453
6216764,BNO_ACC,706,-700,2,-5.05469,-0.69141,8.42188
6225775,BNO_ACC,707,-500,2,-4.98047,-0.69141,8.27734
6234416,BNO_ACC,708,-900,2,-4.90234,-0.57422,8.35547
6246613,BNO_ACC,709,-5300,2,-5.05469,-0.57422,8.50391
6254518,BNO_ACC,710,-4900,2,-4.94141,-0.61328,8.53906
6258272,BNO_ACC,711,-1400,2,-4.90234,-0.65234,8.54297
6265591,BNO_ACC,712,-700,2,-4.82812,-0.69141,8.42578
6276054,BNO_ACC,713,-2700,2,-4.94141,-0.65234,8.46094
6285267,BNO_ACC,714,-3800,2,-4.86328,-0.65234,8.46484
6294635,BNO_ACC,715,-4800,2,-4.75000,-0.69141,8.39062
6298267,BNO_ACC,716,-1200,2,-4.71094,-0.69141,8.39062
6305519,BNO_ACC,717,-700,2,-4.78906,-0.69141,8.46094
6316508,BNO_ACC,718,-3100,2,-4.78906,-0.76562,8.69922
6326075,BNO_ACC,719,-4300,2,-4.86328,-0.69141,8.73438
6334557,BNO_ACC,720,-4600,2,-4.78906,-0.65234,8.58203
6346698,BNO_ACC,721,-1000,2,-4.67188,-0.61328,8.46094
6355238,BNO_ACC,722,-1600,2,-4.63672,-0.57422,8.39453
6366203,BNO_ACC,723,-4300,2,-4.63672,-0.61328,8.46094
6374626,BNO_ACC,724,-4600,2,-4.59766,-0.65234,8.50000
6386686,BNO_ACC,725,-900,2,-4.63672,-0.72656,8.61719
6395804,BNO_ACC,726,-1800,2,-4.55859,-0.69141,8.69922
6405953,BNO_ACC,727,-4000,2,-4.55859,-0.61328,8.66016
6415380,BNO_ACC,728,-5100,2,-4.51953,-0.57422,8.57812
6419600,BNO_ACC,729,-2300,2,-4.51953,-0.65234,8.54297
6426595,BNO_ACC,730,-700,2,-4.44531,-0.61328,8.53906
6435888,BNO_ACC,731,-1000,2,-4.48047,-0.57422,8.66016
6446223,BNO_ACC,732,-4000,2,-4.44531,-0.57422,8.62109
6455166,BNO_ACC,733,-4700,2,-4.51953,-0.49609,8.73828
6460074,BNO_ACC,734,-2300,2,-4.48047,-0.61328,8.77344
6467048,BNO_ACC,735,-700,2,-4.44531,-0.57422,8.54297
6475948,BNO_ACC,736,-900,2,-4.36719,-0.57422,8.50000
6486984,BNO_ACC,737,-4500,2,-4.36719,-0.61328,8.46484
6495255,BNO_ACC,738,-4400,2,-4.44531,-0.61328,8.65625
6500177,BNO_ACC,739,-2300,2,-4.44531,-0.57422,8.66016
6507169,BNO_ACC,740,-700,2,-4.36719,-0.57422,8.61719
6516263,BNO_ACC,741,-900,2,-4.44531,-0.57422,8.66016
6527351,BNO_ACC,742,-4900,2,-4.32812,-0.61328,8.73828
6535307,BNO_ACC,743,-4400,2,-4.36719,-0.61328,8.77734
6540229,BNO_ACC,744,-2300,2,-4.40625,-0.61328,8.84766
6547236,BNO_ACC,745,-500,2,-4.40625,-0.65234,8.84766
6556149,BNO_ACC,746,-1000,2,-4.40625,-0.65234,8.81250
6567159,BNO_ACC,747,-4300,2,-4.36719,-0.61328,8.77734
6575180,BNO_ACC,748,-4300,2,-4.32812,-0.61328,8.77734
6580101,BNO_ACC,749,-2300,2,-4.28906,-0.61328,8.73828
6587112,BNO_ACC,750,-500,2,-4.28906,-0.61328,8.84766
6596267,BNO_ACC,751,-1000,2,-4.25391,-0.61328,8.88281
6605243,BNO_ACC,752,-2200,2,-4.28906,-0.49609,9.00391
6615482,BNO_ACC,753,-4400,2,-4.25391,-0.49609,8.92578
6620384,BNO_ACC,754,-2300,2,-4.09766,-0.53516,8.69922
6627389,BNO_ACC,755,-500,2,-4.09766,-0.46094,8.77344
6636335,BNO_ACC,756,-1000,2,-4.09766,-0.49609,8.81641
6645378,BNO_ACC,757,-2200,2,-4.06250,-0.61328,8.77344
6655892,BNO_ACC,758,-4600,2,-3.98438,-0.69141,8.77344
6667551,BNO_ACC,759,-700,2,-3.98438,-0.53516,8.73828
6676490,BNO_ACC,760,-1000,2,-3.98438,-0.57422,8.84375
6685543,BNO_ACC,761,-2000,2,-4.02344,-0.61328,8.92188
6696017,BNO_ACC,762,-4400,2,-3.90625,-0.53516,8.88672
6707673,BNO_ACC,763,-700,2,-3.90625,-0.65234,8.96484
6716364,BNO_ACC,764,-1000,2,-3.83203,-0.69141,8.88672
6725310,BNO_ACC,765,-1600,2,-3.79297,-0.61328,8.88281
6735928,BNO_ACC,766,-4200,2,-3.79297,-0.61328,8.92578
6747728,BNO_ACC,767,-500,2,-3.71484,-0.46094,8.88281
6756760,BNO_ACC,768,-900,2,-3.67578,-0.46094,8.81250
6765885,BNO_ACC,769,-2000,2,-3.71484,-0.53516,8.88281
6776487,BNO_ACC,770,-4600,2,-3.67578,-0.57422,9.00000
6788235,BNO_ACC,771,-700,2,-3.67578,-0.53516,8.96484
6797056,BNO_ACC,772,-900,2,-3.64062,-0.61328,9.00391
6807068,BNO_ACC,773,-3400,2,-3.64062,-0.57422,9.11719
6817104,BNO_ACC,774,-5400,2,-3.64062,-0.57422,9.03906
6825623,BNO_ACC,775,-5700,2,-3.64062,-0.53516,9.00391
6828452,BNO_ACC,776,-1000,2,-3.60156,-0.57422,8.92188
6836503,BNO_ACC,777,-700,2,-3.60156,-0.57422,8.96484
6845543,BNO_ACC,778,-1500,2,-3.60156,-0.61328,9.07812
6856128,BNO_ACC,779,-4000,2,-3.60156,-0.65234,9.19922
6865646,BNO_ACC,780,-5400,2,-3.60156,-0.69141,9.16016
6868362,BNO_ACC,781,-900,2,-3.56250,-0.65234,9.07812
6876811,BNO_ACC,782,-900,2,-3.56250,-0.53516,9.11719
6885913,BNO_ACC,783,-1700,2,-3.52344,-0.57422,9.15625
6896444,BNO_ACC,784,-4200,2,-3.52344,-0.57422,9.15625
6909496,BNO_ACC,785,-1000,2,-3.56250,-0.53516,9.26953
6916479,BNO_ACC,786,-700,2,-3.48438,-0.57422,9.26953
6927491,BNO_ACC,787,-3200,2,-3.52344,-0.49609,9.34766
6937344,BNO_ACC,788,-5300,2,-3.48438,-0.53516,9.34766
6945772,BNO_ACC,789,-5300,2,-3.44922,-0.57422,9.11719
6948298,BNO_ACC,790,-900,2,-3.41016,-0.65234,9.11719
6956958,BNO_ACC,791,-700,2,-3.41016,-0.69141,9.16016
6967341,BNO_ACC,792,-2900,2,-3.41016,-0.72656,9.19922
6977506,BNO_ACC,793,-5100,2,-3.37109,-0.61328,9.15625
6986090,BNO_ACC,794,-5300,2,-3.33203,-0.57422,9.23047
6989840,BNO_ACC,795,-1400,2,-3.33203,-0.57422,9.19531
6996781,BNO_ACC,796,-700,2,-3.29297,-0.57422,9.23047
7007799,BNO_ACC,797,-3200,2,-3.25781,-0.57422,9.26562
7017324,BNO_ACC,798,-4700,2,-3.25781,-0.46094,9.38281
7025966,BNO_ACC,799,-4900,2,-3.25781,-0.42188,9.26562
7028766,BNO_ACC,800,-700,2,-3.14062,-0.46094,9.19531
7037233,BNO_ACC,801,-700,2,-3.10156,-0.49609,9.15625
7048294,BNO_ACC,802,-3400,2,-3.06641,-0.53516,9.12109
7057563,BNO_ACC,803,-4700,2,-3.14062,-0.57422,9.15625
7066076,BNO_ACC,804,-4900,2,-3.14062,-0.57422,9.11719
7068745,BNO_ACC,805,-900,2,-3.10156,-0.53516,9.19922
7077251,BNO_ACC,806,-700,2,-3.06641,-0.46094,9.19531
7088348,BNO_ACC,807,-3400,2,-3.02734,-0.49609,9.15625
7097749,BNO_ACC,808,-4700,2,-2.98828,-0.53516,9.15625
7106150,BNO_ACC,809,-4900,2,-2.94922,-0.49609,9.16016
7108822,BNO_ACC,810,-900,2,-2.98828,-0.46094,9.22656
7117371,BNO_ACC,811,-500,2,-2.98828,-0.46094,9.34375
7127529,BNO_ACC,812,-2500,2,-2.94922,-0.49609,9.34766
7138609,BNO_ACC,813,-5400,2,-2.94922,-0.61328,9.42188
7146237,BNO_ACC,814,-4800,2,-2.91016,-0.61328,9.46094
7149206,BNO_ACC,815,-1000,2,-2.91016,-0.57422,9.38672
7157389,BNO_ACC,816,-700,2,-2.87109,-0.57422,9.19531
7168377,BNO_ACC,817,-3100,2,-2.83594,-0.65234,9.03906
7177661,BNO_ACC,818,-4300,2,-2.83594,-0.61328,9.07812
7186325,BNO_ACC,819,-4600,2,-2.87109,-0.57422,9.23047
7189292,BNO_ACC,820,-1000,2,-2.87109,-0.49609,9.34375
7197435,BNO_ACC,821,-700,2,-2.83594,-0.49609,9.42578
7207593,BNO_ACC,822,-2100,2,-2.83594,-0.42188,9.38672
7217144,BNO_ACC,823,-3500,2,-2.83594,-0.42188,9.42188
7226686,BNO_ACC,824,-5000,2,-2.87109,-0.38281,9.50000
7230909,BNO_ACC,825,-2500,2,-2.79688,-0.49609,9.38672
7237808,BNO_ACC,826,-500,2,-2.75781,-0.53516,9.34375
7247425,BNO_ACC,827,-1800,2,-2.79688,-0.49609,9.42188
7258421,BNO_ACC,828,-4700,2,-2.71875,-0.57422,9.38672
7266407,BNO_ACC,829,-4400,2,-2.71875,-0.53516,9.34375
7278616,BNO_ACC,830,-900,2,-2.75781,-0.57422,9.38672
7287398,BNO_ACC,831,-1600,2,-2.75781,-0.53516,9.26953
7298333,BNO_ACC,832,-4500,2,-2.71875,-0.46094,9.26953
7306775,BNO_ACC,833,-4600,2,-2.71875,-0.46094,9.53906
7311703,BNO_ACC,834,-2300,2,-2.71875,-0.61328,9.53906
7318593,BNO_ACC,835,-700,2,-2.67969,-0.65234,9.54297
7327467,BNO_ACC,836,-1400,2,-2.64453,-0.61328,9.38281
7336805,BNO_ACC,837,-2400,2,-2.60547,-0.65234,9.34766
7347215,BNO_ACC,838,-4800,2,-2.56641,-0.57422,9.34375
7351312,BNO_ACC,839,-2300,2,-2.52734,-0.49609,9.34375
7358275,BNO_ACC,840,-500,2,-2.56641,-0.53516,9.42188
7367697,BNO_ACC,841,-1600,2,-2.52734,-0.49609,9.42578
7378741,BNO_ACC,842,-4500,2,-2.52734,-0.49609,9.38281
7386873,BNO_ACC,843,-4400,2,-2.48828,-0.53516,9.38281
7391787,BNO_ACC,844,-2300,2,-2.48828,-0.46094,9.46094
7398623,BNO_ACC,845,-700,2,-2.48828,-0.46094,9.53906
7407799,BNO_ACC,846,-1600,2,-2.52734,-0.49609,9.50000
7418811,BNO_ACC,847,-4500,2,-2.48828,-0.53516,9.38281
7427074,BNO_ACC,848,-4400,2,-2.48828,-0.57422,9.42188
7431992,BNO_ACC,849,-2300,2,-2.48828,-0.61328,9.53906
7438813,BNO_ACC,850,-700,2,-2.45312,-0.53516,9.53906
7448019,BNO_ACC,851,-1000,2,-2.45312,-0.46094,9.50000
7459132,BNO_ACC,852,-4500,2,-2.45312,-0.46094,9.42578
7467232,BNO_ACC,853,-4400,2,-2.45312,-0.38281,9.42578
7479207,BNO_ACC,854,-700,2,-2.41406,-0.49609,9.34375
7488000,BNO_ACC,855,-900,2,-2.41406,-0.57422,9.42188
7497115,BNO_ACC,856,-2000,2,-2.41406,-0.61328,9.50000
7507666,BNO_ACC,857,-4800,2,-2.45312,-0.61328,9.50000
7519397,BNO_ACC,858,-700,2,-2.41406,-0.46094,9.46094
7528236,BNO_ACC,859,-1000,2,-2.41406,-0.46094,9.53906
7539270,BNO_ACC,860,-4300,2,-2.41406,-0.53516,9.57812
7547288,BNO_ACC,861,-4100,2,-2.37500,-0.57422,9.19531
7552195,BNO_ACC,862,-2300,2,-2.37500,-0.57422,9.38672
7559210,BNO_ACC,863,-500,2,-2.37500,-0.53516,9.65234
7568313,BNO_ACC,864,-1000,2,-2.37500,-0.49609,9.80859
7577513,BNO_ACC,865,-2000,2,-2.37500,-0.46094,9.68750
7587834,BNO_ACC,866,-4600,2,-2.41406,-0.46094,9.50000
7599587,BNO_ACC,867,-700,2,-2.37500,-0.46094,9.53906
7608505,BNO_ACC,868,-1000,2,-2.33594,-0.46094,9.53906
7617722,BNO_ACC,869,-2200,2,-2.37500,-0.46094,9.61328
7627583,BNO_ACC,870,-4000,2,-2.33594,-0.42188,9.58203
7632527,BNO_ACC,871,-2300,2,-2.33594,-0.46094,9.42578
7639574,BNO_ACC,872,-500,2,-2.29688,-0.38281,9.46484
7648517,BNO_ACC,873,-900,2,-2.29688,-0.34375,9.58203
7657940,BNO_ACC,874,-2200,2,-2.29688,-0.38281,9.58203
7667898,BNO_ACC,875,-4200,2,-2.22266,-0.42188,9.50000
7679785,BNO_ACC,876,-700,2,-2.22266,-0.46094,9.58203
7688490,BNO_ACC,877,-1000,2,-2.18359,-0.38281,9.61328
7697636,BNO_ACC,878,-1800,2,-2.22266,-0.34375,9.54297
7708282,BNO_ACC,879,-4400,2,-2.18359,-0.30469,9.54297
7719991,BNO_ACC,880,-700,2,-2.18359,-0.49609,9.50000
7729098,BNO_ACC,881,-1000,2,-2.14453,-0.49609,9.65234
7739080,BNO_ACC,882,-3200,2,-2.14453,-0.46094,9.68750
7747491,BNO_ACC,883,-3500,2,-2.18359,-0.42188,9.60938
7757912,BNO_ACC,884,-5700,2,-2.14453,-0.42188,9.54297
7759303,BNO_ACC,885,-700,2,-2.10547,-0.38281,9.54297
7768804,BNO_ACC,886,-900,2,-2.07031,-0.38281,9.64844
7778035,BNO_ACC,887,-2000,2,-2.03125,-0.46094,9.57812
7787811,BNO_ACC,888,-3500,2,-1.99219,-0.46094,9.46094
7798210,BNO_ACC,889,-6100,2,-1.99219,-0.46094,9.50000
7799508,BNO_ACC,890,-700,2,-1.95312,-0.46094,9.53906
7808906,BNO_ACC,891,-900,2,-1.95312,-0.46094,9.46094
7818193,BNO_ACC,892,-1800,2,-1.91406,-0.38281,9.57812
7827768,BNO_ACC,893,-3500,2,-1.99219,-0.30469,9.69141
7838104,BNO_ACC,894,-5700,2,-1.95312,-0.42188,9.60938
7839713,BNO_ACC,895,-500,2,-1.91406,-0.46094,9.61328
7848821,BNO_ACC,896,-500,2,-1.91406,-0.34375,9.57812
7857955,BNO_ACC,897,-1300,2,-1.87891,-0.38281,9.54297
7868486,BNO_ACC,898,-4000,2,-1.87891,-0.34375,9.60938
7882300,BNO_ACC,899,-2300,2,-1.87891,-0.30469,9.76953
7889322,BNO_ACC,900,-900,2,-1.83984,-0.42188,9.65234
7898668,BNO_ACC,901,-2100,2,-1.80078,-0.53516,9.61328
7909822,BNO_ACC,902,-5300,2,-1.64844,-0.57422,9.64844
7917940,BNO_ACC,903,-5100,2,-1.72266,-0.53516,9.69141
7921689,BNO_ACC,904,-1400,2,-1.72266,-0.42188,9.76953
7928792,BNO_ACC,905,-700,2,-1.68359,-0.38281,9.80859
7939982,BNO_ACC,906,-3400,2,-1.68359,-0.30469,9.76562
7949501,BNO_ACC,907,-4900,2,-1.68359,-0.34375,9.72656
7958232,BNO_ACC,908,-5300,2,-1.64844,-0.38281,9.80859
7962465,BNO_ACC,909,-2300,2,-1.64844,-0.38281,9.72656
7969403,BNO_ACC,910,-700,2,-1.64844,-0.42188,9.64844
7979790,BNO_ACC,911,-3100,2,-1.60938,-0.38281,9.65234
7989776,BNO_ACC,912,-4900,2,-1.57031,-0.38281,9.60938
7998168,BNO_ACC,913,-5100,2,-1.53125,-0.38281,9.61328
8001950,BNO_ACC,914,-1400,2,-1.57031,-0.42188,9.61328
8009125,BNO_ACC,915,-500,2,-1.53125,-0.46094,9.65234
8020047,BNO_ACC,916,-3100,2,-1.53125,-0.38281,9.61328
8029579,BNO_ACC,917,-4500,2,-1.49219,-0.34375,9.53906
8038153,BNO_ACC,918,-5000,2,-1.49219,-0.34375,9.53906
8041831,BNO_ACC,919,-1200,2,-1.49219,-0.38281,9.68750
8049013,BNO_ACC,920,-700,2,-1.49219,-0.42188,9.88672
8059969,BNO_ACC,921,-2900,2,-1.49219,-0.38281,9.88281
8068827,BNO_ACC,922,-3600,2,-1.45703,-0.38281,9.76562
8078235,BNO_ACC,923,-4800,2,-1.41797,-0.34375,9.69141
8081942,BNO_ACC,924,-1000,2,-1.41797,-0.30469,9.61328
8088988,BNO_ACC,925,-700,2,-1.41797,-0.34375,9.64844
8100002,BNO_ACC,926,-2700,2,-1.37891,-0.34375,9.64844
8109726,BNO_ACC,927,-4500,2,-1.33984,-0.30469,9.61328
8118320,BNO_ACC,928,-4800,2,-1.33984,-0.38281,9.64844
8122070,BNO_ACC,929,-1200,2,-1.33984,-0.38281,9.73047
8129390,BNO_ACC,930,-700,2,-1.30078,-0.38281,9.68750
8140385,BNO_ACC,931,-3100,2,-1.30078,-0.34375,9.68750
8149886,BNO_ACC,932,-4500,2,-1.30078,-0.34375,9.68750
8158270,BNO_ACC,933,-4400,2,-1.26562,-0.30469,9.73047
8170469,BNO_ACC,934,-900,2,-1.22656,-0.30469,9.65234
8179168,BNO_ACC,935,-1600,2,-1.22656,-0.34375,9.60938
8190244,BNO_ACC,936,-4500,2,-1.22656,-0.34375,9.64844
8198478,BNO_ACC,937,-4600,2,-1.18750,-0.30469,9.68750
8203409,BNO_ACC,938,-2300,2,-1.18750,-0.34375,9.60938
8210421,BNO_ACC,939,-700,2,-1.18750,-0.34375,9.60938
8219471,BNO_ACC,940,-1600,2,-1.18750,-0.30469,9.61328
8230372,BNO_ACC,941,-4500,2,-1.18750,-0.34375,9.64844
8238578,BNO_ACC,942,-4400,2,-1.14844,-0.30469,9.69141
8243475,BNO_ACC,943,-2300,2,-1.14844,-0.34375,9.76953
8250191,BNO_ACC,944,-700,2,-1.10938,-0.34375,9.84375
8259552,BNO_ACC,945,-1600,2,-1.10938,-0.34375,9.80859
8270559,BNO_ACC,946,-4500,2,-1.03516,-0.26953,9.84766
8278654,BNO_ACC,947,-4400,2,-1.07422,-0.23047,9.84766
8283589,BNO_ACC,948,-2300,2,-1.03516,-0.30469,9.88281
8290592,BNO_ACC,949,-500,2,-1.03516,-0.30469,9.80859
8299489,BNO_ACC,950,-1400,2,-0.99609,-0.34375,9.76562
8308547,BNO_ACC,951,-2000,2,-0.99609,-0.34375,9.64844
8318786,BNO_ACC,952,-4200,2,-1.03516,-0.42188,9.68750
8323734,BNO_ACC,953,-2300,2,-1.03516,-0.46094,9.80469
8330624,BNO_ACC,954,-700,2,-0.99609,-0.34375,9.69141
8339919,BNO_ACC,955,-1000,2,-0.99609,-0.30469,9.65234
8350970,BNO_ACC,956,-4500,2,-0.99609,-0.19141,9.68750
8358993,BNO_ACC,957,-4300,2,-0.99609,-0.19141,9.68750
8363921,BNO_ACC,958,-2300,2,-0.95703,-0.23047,9.68750
8370726,BNO_ACC,959,-700,2,-0.91797,-0.26953,9.92188
8380132,BNO_ACC,960,-1000,2,-0.84375,-0.26953,9.88672
8389584,BNO_ACC,961,-3000,2,-0.88281,-0.23047,9.76953
8399214,BNO_ACC,962,-4400,2,-0.76562,-0.26953,9.72656
8404147,BNO_ACC,963,-2300,2,-0.80469,-0.30469,9.64844
8410917,BNO_ACC,964,-700,2,-0.80469,-0.42188,9.69141
8419992,BNO_ACC,965,-900,2,-0.80469,-0.34375,9.80859
8429136,BNO_ACC,966,-2200,2,-0.80469,-0.26953,9.68750
8439808,BNO_ACC,967,-4800,2,-0.80469,-0.30469,9.69141
8451486,BNO_ACC,968,-900,2,-0.72656,-0.34375,9.73047
8460333,BNO_ACC,969,-1000,2,-0.69141,-0.30469,9.73047
8470245,BNO_ACC,970,-3400,2,-0.72656,-0.23047,9.76953
8479643,BNO_ACC,971,-4400,2,-0.65234,-0.26953,9.80469
8491287,BNO_ACC,972,-700,2,-0.65234,-0.34375,9.73047
8499878,BNO_ACC,973,-900,2,-0.69141,-0.30469,9.84766
8508987,BNO_ACC,974,-1600,2,-0.61328,-0.30469,9.80859
8519559,BNO_ACC,975,-4200,2,-0.61328,-0.23047,9.72656
8531526,BNO_ACC,976,-700,2,-0.57422,-0.23047,9.60938
8540578,BNO_ACC,977,-1000,2,-0.57422,-0.34375,9.80859
8549986,BNO_ACC,978,-2900,2,-0.57422,-0.26953,9.76953
8559514,BNO_ACC,979,-4100,2,-0.53516,-0.30469,9.80859
8564445,BNO_ACC,980,-2300,2,-0.53516,-0.23047,9.88281
8571518,BNO_ACC,981,-700,2,-0.53516,-0.15234,9.96484
8580354,BNO_ACC,982,-900,2,-0.57422,-0.19141,9.80469
8589472,BNO_ACC,983,-1800,2,-0.53516,-0.26953,9.69141
8600065,BNO_ACC,984,-4400,2,-0.53516,-0.26953,9.64844
8611790,BNO_ACC,985,-700,2,-0.57422,-0.30469,9.73047
8620957,BNO_ACC,986,-1000,2,-0.49609,-0.30469,9.72656
8630128,BNO_ACC,987,-2700,2,-0.53516,-0.26953,9.73047
8639860,BNO_ACC,988,-4100,2,-0.46094,-0.26953,9.69141
8649382,BNO_ACC,989,-5400,2,-0.46094,-0.26953,9.73047
8653117,BNO_ACC,990,-1200,2,-0.46094,-0.34375,9.73047
8660131,BNO_ACC,991,-700,2,-0.46094,-0.38281,9.73047
8670220,BNO_ACC,992,-2700,2,-0.46094,-0.26953,9.84766
8679839,BNO_ACC,993,-3700,2,-0.42188,-0.19141,9.84766
8690430,BNO_ACC,994,-6400,2,-0.42188,-0.11328,9.84375
8692299,BNO_ACC,995,-700,2,-0.38281,-0.11328,9.80469
8701176,BNO_ACC,996,-1000,2,-0.38281,-0.19141,9.72656
8711137,BNO_ACC,997,-3200,2,-0.38281,-0.15234,9.69141
8721135,BNO_ACC,998,-5100,2,-0.38281,-0.23047,9.76953
8729629,BNO_ACC,999,-5500,2,-0.38281,-0.23047,9.76953
8733274,BNO_ACC,1000,-1200,2,-0.38281,-0.26953,9.64844
8740327,BNO_ACC,1001,-500,2,-0.38281,-0.38281,9.73047
8751349,BNO_ACC,1002,-3200,2,-0.38281,-0.30469,9.84375
8759579,BNO_ACC,1003,-3300,2,-0.34375,-0.23047,9.76953
8769894,BNO_ACC,1004,-5500,2,-0.34375,-0.19141,9.80859
8773574,BNO_ACC,1005,-1400,2,-0.30469,-0.15234,9.88281
8780484,BNO_ACC,1006,-500,2,-0.23047,-0.19141,9.92188
8791417,BNO_ACC,1007,-3100,2,-0.26953,-0.23047,9.88281
8801111,BNO_ACC,1008,-4900,2,-0.26953,-0.26953,9.80469
8809843,BNO_ACC,1009,-5300,2,-0.26953,-0.26953,9.69141
8813468,BNO_ACC,1010,-1200,2,-0.26953,-0.30469,9.76953
8820603,BNO_ACC,1011,-500,2,-0.23047,-0.26953,9.92578
8831572,BNO_ACC,1012,-3200,2,-0.23047,-0.34375,9.92578
8841292,BNO_ACC,1013,-4900,2,-0.23047,-0.34375,9.80859
8849766,BNO_ACC,1014,-4900,2,-0.19141,-0.23047,9.76562
8852558,BNO_ACC,1015,-1200,2,-0.23047,-0.19141,9.76562
8860753,BNO_ACC,1016,-700,2,-0.15234,-0.19141,9.76953
8871857,BNO_ACC,1017,-3200,2,-0.19141,-0.23047,9.88672
8881359,BNO_ACC,1018,-4900,2,-0.19141,-0.19141,9.88672
8890135,BNO_ACC,1019,-5100,2,-0.15234,-0.26953,9.80469
8894352,BNO_ACC,1020,-2700,2,-0.15234,-0.26953,9.84766
8901312,BNO_ACC,1021,-700,2,-0.19141,-0.30469,10.00391
8911633,BNO_ACC,1022,-3100,2,-0.15234,-0.30469,9.96094
8921524,BNO_ACC,1023,-4700,2,-0.15234,-0.26953,9.88672
8930200,BNO_ACC,1024,-5300,2,-0.07812,-0.23047,9.72656
8934448,BNO_ACC,1025,-2500,2,-0.11328,-0.26953,9.60938
8941510,BNO_ACC,1026,-500,2,-0.07812,-0.34375,9.73047
8950025,BNO_ACC,1027,-700,2,-0.07812,-0.30469,9.88281
8960509,BNO_ACC,1028,-3300,2,-0.07812,-0.30469,9.80859
8970336,BNO_ACC,1029,-5100,2,-0.03906,-0.26953,9.73047
8974555,BNO_ACC,1030,-2500,2,-0.03906,-0.26953,9.84766
8981552,BNO_ACC,1031,-700,2,-0.03906,-0.23047,9.80859
8991850,BNO_ACC,1032,-2700,2,-0.03906,-0.26953,9.73047
9001157,BNO_ACC,1033,-4000,2,-0.03906,-0.23047,9.72656
9010996,BNO_ACC,1034,-5700,2,0.00000,-0.23047,9.80859
9013758,BNO_ACC,1035,-1000,2,0.00000,-0.23047,9.76953
9021428,BNO_ACC,1036,-700,2,0.00000,-0.19141,9.65234
9031908,BNO_ACC,1037,-2700,2,0.03906,-0.26953,9.69141
9041837,BNO_ACC,1038,-4500,2,0.00000,-0.30469,9.65234
9050291,BNO_ACC,1039,-4600,2,0.00000,-0.30469,9.68750
9054671,BNO_ACC,1040,-2500,2,0.00000,-0.38281,9.76562
9061643,BNO_ACC,1041,-700,2,0.00000,-0.38281,9.80469
9071100,BNO_ACC,1042,-1800,2,0.00000,-0.38281,9.84766
9082246,BNO_ACC,1043,-4700,2,0.00000,-0.34375,9.80469
9090187,BNO_ACC,1044,-4400,2,0.03906,-0.34375,9.80469
9095264,BNO_ACC,1045,-2300,2,0.03906,-0.30469,9.84375
9102243,BNO_ACC,1046,-700,2,0.03906,-0.34375,9.84766
9111111,BNO_ACC,1047,-1600,2,0.00000,-0.26953,9.76562
9122139,BNO_ACC,1048,-4500,2,0.00000,-0.30469,9.84375
9130337,BNO_ACC,1049,-4400,2,0.00000,-0.34375,9.92188
9135261,BNO_ACC,1050,-2100,2,0.03906,-0.30469,9.92578
9142137,BNO_ACC,1051,-700,2,0.00000,-0.26953,9.84766
9151522,BNO_ACC,1052,-1000,2,0.00000,-0.30469,9.72656
9162316,BNO_ACC,1053,-4500,2,0.00000,-0.26953,9.84766
9170597,BNO_ACC,1054,-4500,2,0.03906,-0.23047,9.88281
9175517,BNO_ACC,1055,-2300,2,-0.03906,-0.26953,9.76562
9182392,BNO_ACC,1056,-500,2,0.00000,-0.23047,9.72656
9191605,BNO_ACC,1057,-1000,2,-0.07812,-0.19141,9.68750
9202503,BNO_ACC,1058,-4500,2,-0.03906,-0.23047,9.76953
9210855,BNO_ACC,1059,-4600,2,0.00000,-0.26953,9.76562
9215775,BNO_ACC,1060,-2300,2,-0.03906,-0.23047,9.88281
9222838,BNO_ACC,1061,-700,2,-0.07812,-0.26953,9.88672
9231808,BNO_ACC,1062,-1000,2,0.00000,-0.30469,9.80859
9242702,BNO_ACC,1063,-4500,2,-0.03906,-0.34375,9.84766
9250697,BNO_ACC,1064,-4200,2,-0.03906,-0.42188,9.84375
9255604,BNO_ACC,1065,-2300,2,-0.03906,-0.30469,9.92578
9262516,BNO_ACC,1066,-500,2,0.00000,-0.34375,9.80469
9271854,BNO_ACC,1067,-1000,2,-0.07812,-0.38281,9.76562
9282879,BNO_ACC,1068,-4500,2,-0.07812,-0.38281,9.80469
9290819,BNO_ACC,1069,-4300,2,-0.03906,-0.34375,9.80469
9295738,BNO_ACC,1070,-2300,2,-0.07812,-0.26953,9.80469
9302747,BNO_ACC,1071,-700,2,-0.03906,-0.26953,9.84766
9311985,BNO_ACC,1072,-1000,2,-0.03906,-0.23047,9.72656
9322979,BNO_ACC,1073,-4300,2,-0.03906,-0.19141,9.80859
9331061,BNO_ACC,1074,-4400,2,-0.03906,-0.26953,9.80469
9335998,BNO_ACC,1075,-2300,2,-0.03906,-0.26953,9.80469
9342918,BNO_ACC,1076,-700,2,0.00000,-0.26953,9.80469
9352058,BNO_ACC,1077,-1000,2,-0.03906,-0.26953,9.76562
9363125,BNO_ACC,1078,-4300,2,-0.03906,-0.30469,9.72656
9371078,BNO_ACC,1079,-4200,2,-0.03906,-0.34375,9.73047
9375984,BNO_ACC,1080,-2300,2,-0.07812,-0.34375,9.73047
9383094,BNO_ACC,1081,-500,2,-0.07812,-0.30469,9.80859
9392257,BNO_ACC,1082,-1200,2,0.00000,-0.38281,9.76562
9400929,BNO_ACC,1083,-1800,2,-0.03906,-0.34375,9.73047
9411880,BNO_ACC,1084,-4600,2,-0.03906,-0.30469,9.80859
9423648,BNO_ACC,1085,-700,2,0.00000,-0.34375,9.80469
9432512,BNO_ACC,1086,-1400,2,-0.03906,-0.30469,9.80859
9442499,BNO_ACC,1087,-3400,2,-0.03906,-0.26953,9.84766
9451397,BNO_ACC,1088,-4200,2,-0.03906,-0.30469,9.80859
9456305,BNO_ACC,1089,-2300,2,-0.03906,-0.30469,9.80859
9463419,BNO_ACC,1090,-700,2,-0.07812,-0.30469,9.80859
9472628,BNO_ACC,1091,-1000,2,-0.07812,-0.26953,9.73047
9480988,BNO_ACC,1092,-1600,2,-0.03906,-0.15234,9.64844
9491750,BNO_ACC,1093,-4200,2,-0.03906,-0.26953,9.76562
9503625,BNO_ACC,1094,-500,2,-0.07812,-0.19141,9.76953
9512748,BNO_ACC,1095,-1000,2,-0.03906,-0.23047,9.80859
9520988,BNO_ACC,1096,-1300,2,-0.07812,-0.23047,9.84375
9531777,BNO_ACC,1097,-4100,2,-0.07812,-0.30469,9.80859
9541351,BNO_ACC,1098,-5700,2,-0.07812,-0.26953,9.76562
9542957,BNO_ACC,1099,-700,2,-0.11328,-0.34375,9.76562
9552642,BNO_ACC,1100,-1000,2,-0.07812,-0.34375,9.80469
9562986,BNO_ACC,1101,-3400,2,-0.07812,-0.30469,9.92578
9571430,BNO_ACC,1102,-3700,2,-0.03906,-0.26953,9.84766
9582090,BNO_ACC,1103,-6200,2,-0.11328,-0.26953,9.84766
9583201,BNO_ACC,1104,-900,2,-0.07812,-0.30469,9.80859
9592758,BNO_ACC,1105,-1000,2,-0.07812,-0.30469,9.88281
9602377,BNO_ACC,1106,-2700,2,-0.07812,-0.34375,9.88672
9612161,BNO_ACC,1107,-4200,2,-0.11328,-0.30469,9.80859
9621931,BNO_ACC,1108,-5800,2,-0.11328,-0.26953,9.73047
9623243,BNO_ACC,1109,-700,2,-0.11328,-0.34375,9.76562
9632678,BNO_ACC,1110,-1000,2,-0.11328,-0.30469,9.88281
9642166,BNO_ACC,1111,-2000,2,-0.07812,-0.26953,9.96484
9653799,BNO_ACC,1112,-5600,2,-0.11328,-0.30469,9.88281
9661560,BNO_ACC,1113,-5300,2,-0.11328,-0.26953,9.84766
9665233,BNO_ACC,1114,-1200,2,-0.07812,-0.30469,9.72656
9672300,BNO_ACC,1115,-700,2,-0.11328,-0.26953,9.84766
9682807,BNO_ACC,1116,-2700,2,-0.11328,-0.30469,9.92578
9692624,BNO_ACC,1117,-4200,2,-0.11328,-0.30469,9.88281
9704524,BNO_ACC,1118,-500,2,-0.11328,-0.46094,9.84766
9713658,BNO_ACC,1119,-1000,2,-0.07812,-0.34375,9.84766
9723321,BNO_ACC,1120,-3100,2,-0.11328,-0.34375,9.80469
9733340,BNO_ACC,1121,-5100,2,-0.07812,-0.30469,9.72656
9741967,BNO_ACC,1122,-5300,2,-0.03906,-0.26953,9.80469
9753366,BNO_ACC,1123,-1000,2,0.03906,-0.23047,9.80859
9762561,BNO_ACC,1124,-2100,2,-0.03906,-0.19141,9.84375
9772259,BNO_ACC,1125,-3500,2,-0.03906,-0.23047,9.76953
9781937,BNO_ACC,1126,-5300,2,0.00000,-0.30469,9.80859
9786185,BNO_ACC,1127,-2500,2,-0.03906,-0.26953,9.88672
9793204,BNO_ACC,1128,-700,2,0.00000,-0.30469,9.84375
9803537,BNO_ACC,1129,-3100,2,0.00000,-0.34375,9.80469
9813346,BNO_ACC,1130,-4900,2,0.00000,-0.30469,9.88281
9822110,BNO_ACC,1131,-5200,2,0.00000,-0.34375,9.84766
9833363,BNO_ACC,1132,-700,2,0.00000,-0.30469,9.76953
9843593,BNO_ACC,1133,-2900,2,0.03906,-0.30469,9.76953
9853652,BNO_ACC,1134,-4900,2,0.03906,-0.30469,9.80859
9862079,BNO_ACC,1135,-5000,2,0.03906,-0.26953,9.88672
9866333,BNO_ACC,1136,-2500,2,0.11328,-0.30469,9.92578
9873364,BNO_ACC,1137,-500,2,0.07812,-0.30469,9.88281
9883632,BNO_ACC,1138,-2700,2,0.11328,-0.26953,9.88672
9893393,BNO_ACC,1139,-4500,2,0.11328,-0.30469,9.84375
9901925,BNO_ACC,1140,-4800,2,0.19141,-0.34375,9.84375
9906821,BNO_ACC,1141,-2300,2,0.19141,-0.30469,9.80469
9913931,BNO_ACC,1142,-700,2,0.19141,-0.34375,9.80859
9922765,BNO_ACC,1143,-1600,2,0.19141,-0.38281,9.80859
9932111,BNO_ACC,1144,-2700,2,0.23047,-0.34375,9.80859
9942563,BNO_ACC,1145,-5100,2,0.23047,-0.30469,9.80469
9953847,BNO_ACC,1146,-700,2,0.26953,-0.34375,9.76562
9963795,BNO_ACC,1147,-2500,2,0.26953,-0.30469,9.80859
9971734,BNO_ACC,1148,-2200,2,0.23047,-0.19141,9.84766
9982412,BNO_ACC,1149,-4800,2,0.26953,-0.23047,9.76953
9986776,BNO_ACC,1150,-2500,2,0.30469,-0.34375,9.80859
9993645,BNO_ACC,1151,-500,2,0.34375,-0.34375,10.00391
10003123,BNO_ACC,1152,-1600,2,0.30469,-0.26953,9.84375
10012382,BNO_ACC,1153,-2800,2,0.34375,-0.26953,9.64844
10022813,BNO_ACC,1154,-5100,2,0.30469,-0.30469,9.76562
10026867,BNO_ACC,1155,-2500,2,0.30469,-0.34375,9.57812
10033835,BNO_ACC,1156,-500,2,0.38281,-0.38281,9.92188
10043139,BNO_ACC,1157,-1400,2,0.34375,-0.30469,9.96094
10054208,BNO_ACC,1158,-4500,2,0.38281,-0.26953,9.73047
10062294,BNO_ACC,1159,-4200,2,0.34375,-0.23047,9.68750
10067198,BNO_ACC,1160,-2300,2,0.46094,-0.26953,9.80469
10073999,BNO_ACC,1161,-700,2,0.42188,-0.30469,9.84766
10083426,BNO_ACC,1162,-1000,2,0.46094,-0.38281,9.80469
10092774,BNO_ACC,1163,-2600,2,0.42188,-0.26953,9.76953
10103450,BNO_ACC,1164,-5300,2,0.46094,-0.23047,9.76953
10114813,BNO_ACC,1165,-700,2,0.46094,-0.34375,9.73047
10123634,BNO_ACC,1166,-1000,2,0.46094,-0.34375,9.80469
10134539,BNO_ACC,1167,-4500,2,0.49609,-0.30469,9.80859
10142713,BNO_ACC,1168,-4300,2,0.46094,-0.30469,9.84375
10147632,BNO_ACC,1169,-2300,2,0.53516,-0.26953,9.73047
10154429,BNO_ACC,1170,-700,2,0.49609,-0.30469,9.84375
10163611,BNO_ACC,1171,-1000,2,0.49609,-0.23047,9.84375
10174616,BNO_ACC,1172,-4500,2,0.53516,-0.26953,9.80469
10182734,BNO_ACC,1173,-4400,2,0.53516,-0.30469,9.80859
10187659,BNO_ACC,1174,-2300,2,0.57422,-0.30469,9.73047
10194637,BNO_ACC,1175,-700,2,0.61328,-0.34375,9.84766
10203711,BNO_ACC,1176,-1000,2,0.57422,-0.30469,9.84766
10212818,BNO_ACC,1177,-2200,2,0.61328,-0.23047,9.80859
10223260,BNO_ACC,1178,-4800,2,0.57422,-0.23047,9.73047
10235342,BNO_ACC,1179,-900,2,0.69141,-0.23047,9.88672
10244115,BNO_ACC,1180,-1600,2,0.69141,-0.26953,9.84375
10252467,BNO_ACC,1181,-1900,2,0.69141,-0.30469,9.73047
10263252,BNO_ACC,1182,-4400,2,0.69141,-0.26953,9.76953
10275275,BNO_ACC,1183,-900,2,0.69141,-0.30469,9.80469
10284170,BNO_ACC,1184,-1400,2,0.72656,-0.26953,9.76562
10292689,BNO_ACC,1185,-1600,2,0.72656,-0.26953,9.80469
10303474,BNO_ACC,1186,-4400,2,0.72656,-0.26953,9.80469
10315239,BNO_ACC,1187,-700,2,0.80469,-0.26953,9.65234
10324197,BNO_ACC,1188,-1000,2,0.80469,-0.23047,9.80469
10332784,BNO_ACC,1189,-1600,2,0.84375,-0.23047,9.80859
10343724,BNO_ACC,1190,-4500,2,0.84375,-0.26953,9.73047
10355433,BNO_ACC,1191,-700,2,0.84375,-0.26953,9.80469
10364360,BNO_ACC,1192,-1000,2,0.88281,-0.34375,9.84766
10372825,BNO_ACC,1193,-1400,2,0.91797,-0.34375,9.84766
10383622,BNO_ACC,1194,-4300,2,0.95703,-0.34375,9.80469
10395553,BNO_ACC,1195,-700,2,0.95703,-0.23047,9.76953
10404506,BNO_ACC,1196,-1000,2,0.99609,-0.23047,9.80859
10414516,BNO_ACC,1197,-3200,2,1.03516,-0.26953,9.80469
10422996,BNO_ACC,1198,-3500,2,1.03516,-0.30469,9.84375
10433314,BNO_ACC,1199,-5700,2,1.03516,-0.30469,9.84375
10434807,BNO_ACC,1200,-500,2,1.07422,-0.26953,9.68750
10444437,BNO_ACC,1201,-1000,2,1.07422,-0.23047,9.69141
10454555,BNO_ACC,1202,-3200,2,1.10938,-0.26953,9.80859
10463217,BNO_ACC,1203,-3500,2,1.10938,-0.26953,9.80859
10473575,BNO_ACC,1204,-5900,2,1.10938,-0.19141,9.73047
10474957,BNO_ACC,1205,-500,2,1.14844,-0.23047,9.64844
10484403,BNO_ACC,1206,-1000,2,1.14844,-0.26953,9.68750
10493662,BNO_ACC,1207,-1800,2,1.18750,-0.30469,9.72656
10504969,BNO_ACC,1208,-5300,2,1.14844,-0.34375,9.84375
10513233,BNO_ACC,1209,-5300,2,1.18750,-0.26953,9.73047
10515946,BNO_ACC,1210,-900,2,1.18750,-0.26953,9.73047
10523990,BNO_ACC,1211,-500,2,1.26562,-0.26953,9.84375
10535054,BNO_ACC,1212,-3200,2,1.22656,-0.30469,9.84375
10544831,BNO_ACC,1213,-5100,2,1.26562,-0.30469,9.73047
10553391,BNO_ACC,1214,-5300,2,1.26562,-0.30469,9.64844
10557087,BNO_ACC,1215,-1000,2,1.26562,-0.23047,9.64844
10564096,BNO_ACC,1216,-500,2,1.26562,-0.19141,9.73047
10575097,BNO_ACC,1217,-3200,2,1.33984,-0.23047,9.72656
10584730,BNO_ACC,1218,-4900,2,1.33984,-0.26953,9.73047
10593472,BNO_ACC,1219,-5100,2,1.37891,-0.30469,9.65234
10597178,BNO_ACC,1220,-1000,2,1.41797,-0.23047,9.65234
10604265,BNO_ACC,1221,-500,2,1.41797,-0.30469,9.68750
10615257,BNO_ACC,1222,-3100,2,1.37891,-0.19141,9.72656
10624940,BNO_ACC,1223,-4700,2,1.41797,-0.19141,9.68750
10633600,BNO_ACC,1224,-5100,2,1.41797,-0.23047,9.68750
10637428,BNO_ACC,1225,-1400,2,1.45703,-0.30469,9.76953
10644579,BNO_ACC,1226,-500,2,1.41797,-0.26953,9.73047
10655626,BNO_ACC,1227,-3400,2,1.45703,-0.26953,9.73047
10665005,BNO_ACC,1228,-4700,2,1.49219,-0.23047,9.76562
10673713,BNO_ACC,1229,-5100,2,1.49219,-0.19141,9.76562
10677530,BNO_ACC,1230,-1400,2,1.45703,-0.15234,9.60938
10684611,BNO_ACC,1231,-500,2,1.49219,-0.15234,9.65234
10695654,BNO_ACC,1232,-3200,2,1.49219,-0.19141,9.73047
10704971,BNO_ACC,1233,-4500,2,1.49219,-0.23047,9.73047
10713567,BNO_ACC,1234,-4900,2,1.49219,-0.23047,9.58203
10715977,BNO_ACC,1235,-700,2,1.53125,-0.30469,9.69141
10725252,BNO_ACC,1236,-500,2,1.57031,-0.34375,9.76562
10735379,BNO_ACC,1237,-2900,2,1.57031,-0.30469,9.72656
10745443,BNO_ACC,1238,-4700,2,1.60938,-0.30469,9.69141
10753997,BNO_ACC,1239,-5200,2,1.64844,-0.34375,9.76953
10765495,BNO_ACC,1240,-700,2,1.68359,-0.23047,9.69141
10775457,BNO_ACC,1241,-2700,2,1.76172,-0.26953,9.73047
10785490,BNO_ACC,1242,-4700,2,1.76172,-0.26953,9.64844
10794090,BNO_ACC,1243,-5000,2,1.72266,-0.30469,9.57812
10805448,BNO_ACC,1244,-700,2,1.76172,-0.23047,9.57812
10815465,BNO_ACC,1245,-2500,2,1.80078,-0.30469,9.58203
10825414,BNO_ACC,1246,-4300,2,1.80078,-0.23047,9.54297
10833865,BNO_ACC,1247,-4600,2,1.87891,-0.26953,9.76562
10838791,BNO_ACC,1248,-2300,2,1.87891,-0.26953,9.64844
10845677,BNO_ACC,1249,-700,2,1.83984,-0.23047,9.50000
10854899,BNO_ACC,1250,-1800,2,1.87891,-0.19141,9.46094
10865888,BNO_ACC,1251,-4900,2,1.91406,-0.23047,9.58203
10873896,BNO_ACC,1252,-4600,2,1.91406,-0.26953,9.72656
10886002,BNO_ACC,1253,-700,2,1.95312,-0.23047,9.50391
10894943,BNO_ACC,1254,-1600,2,1.95312,-0.15234,9.57812
10904373,BNO_ACC,1255,-2600,2,1.95312,-0.23047,9.58203
10914828,BNO_ACC,1256,-5200,2,1.99219,-0.30469,9.58203
10918921,BNO_ACC,1257,-2300,2,1.99219,-0.34375,9.68750
10925808,BNO_ACC,1258,-700,2,2.03125,-0.30469,9.64844
10935172,BNO_ACC,1259,-1000,2,2.03125,-0.23047,9.60938
10946346,BNO_ACC,1260,-4900,2,1.99219,-0.23047,9.60938
10954226,BNO_ACC,1261,-4400,2,2.03125,-0.23047,9.60938
10959156,BNO_ACC,1262,-2100,2,2.07031,-0.23047,9.65234
10966110,BNO_ACC,1263,-700,2,2.10547,-0.30469,9.61328
10975272,BNO_ACC,1264,-900,2,2.14453,-0.34375,9.61328
10986216,BNO_ACC,1265,-4500,2,2.14453,-0.26953,9.57812
10994267,BNO_ACC,1266,-4300,2,2.10547,-0.11328,9.54297
10999148,BNO_ACC,1267,-2300,2,2.14453,-0.19141,9.58203
11006007,BNO_ACC,1268,-500,2,2.14453,-0.19141,9.58203
11015507,BNO_ACC,1269,-1000,2,2.14453,-0.15234,9.53906
11024902,BNO_ACC,1270,-2800,2,2.18359,-0.19141,9.58203
11034712,BNO_ACC,1271,-4400,2,2.18359,-0.23047,9.64844
11039628,BNO_ACC,1272,-2300,2,2.22266,-0.23047,9.61328
11046639,BNO_ACC,1273,-500,2,2.29688,-0.26953,9.64844
11055561,BNO_ACC,1274,-1000,2,2.29688,-0.26953,9.60938
11066598,BNO_ACC,1275,-4500,2,2.29688,-0.30469,9.57812
11074596,BNO_ACC,1276,-4400,2,2.29688,-0.34375,9.58203
11079522,BNO_ACC,1277,-2300,2,2.33594,-0.38281,9.61328
11086474,BNO_ACC,1278,-500,2,2.37500,-0.30469,9.64844
11095602,BNO_ACC,1279,-1000,2,2.41406,-0.30469,9.58203
11106574,BNO_ACC,1280,-4500,2,2.41406,-0.26953,9.57812
11114799,BNO_ACC,1281,-4400,2,2.41406,-0.23047,9.54297
11119738,BNO_ACC,1282,-2100,2,2.45312,-0.23047,9.50391
11126699,BNO_ACC,1283,-700,2,2.48828,-0.23047,9.46484
11135726,BNO_ACC,1284,-1000,2,2.52734,-0.30469,9.46484
11146810,BNO_ACC,1285,-4300,2,2.52734,-0.30469,9.42188
11154890,BNO_ACC,1286,-4200,2,2.52734,-0.30469,9.46484
11159790,BNO_ACC,1287,-2300,2,2.56641,-0.30469,9.46094
11166687,BNO_ACC,1288,-500,2,2.52734,-0.26953,9.46094
11175946,BNO_ACC,1289,-1000,2,2.56641,-0.26953,9.46484
11184376,BNO_ACC,1290,-1600,2,2.52734,-0.26953,9.46094
11194892,BNO_ACC,1291,-4000,2,2.52734,-0.23047,9.46484
11199794,BNO_ACC,1292,-2300,2,2.56641,-0.26953,9.42188
11206897,BNO_ACC,1293,-700,2,2.64453,-0.30469,9.42188
11215923,BNO_ACC,1294,-1000,2,2.67969,-0.34375,9.54297
11225186,BNO_ACC,1295,-2200,2,2.67969,-0.42188,9.50000
11235082,BNO_ACC,1296,-4100,2,2.71875,-0.34375,9.53906
11239980,BNO_ACC,1297,-2300,2,2.71875,-0.30469,9.46484
11247032,BNO_ACC,1298,-700,2,2.67969,-0.34375,9.38672
11256258,BNO_ACC,1299,-1000,2,2.71875,-0.34375,9.42578
11266126,BNO_ACC,1300,-3100,2,2.71875,-0.34375,9.42578
11275066,BNO_ACC,1301,-3900,2,2.75781,-0.30469,9.38672
11285399,BNO_ACC,1302,-6300,2,2.79688,-0.23047,9.34375
11286585,BNO_ACC,1303,-700,2,2.83594,-0.30469,9.46484
11296175,BNO_ACC,1304,-900,2,2.83594,-0.30469,9.54297
11305395,BNO_ACC,1305,-2200,2,2.87109,-0.30469,9.46484
11315148,BNO_ACC,1306,-3900,2,2.83594,-0.26953,9.34375
11325560,BNO_ACC,1307,-6300,2,2.87109,-0.34375,9.38281
11326680,BNO_ACC,1308,-900,2,2.87109,-0.34375,9.38281
11336465,BNO_ACC,1309,-900,2,2.87109,-0.30469,9.30469
11346500,BNO_ACC,1310,-3200,2,2.83594,-0.30469,9.30469
11355140,BNO_ACC,1311,-3500,2,2.83594,-0.26953,9.34375
11365439,BNO_ACC,1312,-6100,2,2.91016,-0.30469,9.42188
11366810,BNO_ACC,1313,-500,2,2.94922,-0.34375,9.38672
11376529,BNO_ACC,1314,-1000,2,2.98828,-0.34375,9.46094
11386598,BNO_ACC,1315,-3200,2,2.98828,-0.34375,9.46094
11396677,BNO_ACC,1316,-5300,2,2.98828,-0.42188,9.34766
11405110,BNO_ACC,1317,-5300,2,3.06641,-0.46094,9.38672
11407979,BNO_ACC,1318,-1000,2,3.06641,-0.46094,9.38672
11415868,BNO_ACC,1319,-700,2,3.10156,-0.53516,9.30859
11426872,BNO_ACC,1320,-3200,2,3.06641,-0.46094,9.26562
11435211,BNO_ACC,1321,-3300,2,3.14062,-0.42188,9.34375
11445645,BNO_ACC,1322,-5700,2,3.10156,-0.34375,9.26953
11447123,BNO_ACC,1323,-700,2,3.21875,-0.23047,9.23047
11456407,BNO_ACC,1324,-700,2,3.25781,-0.30469,9.50391
11465601,BNO_ACC,1325,-1700,2,3.21875,-0.38281,9.38281
11476127,BNO_ACC,1326,-4000,2,3.25781,-0.34375,9.15625
11489071,BNO_ACC,1327,-1200,2,3.29297,-0.49609,9.34375
11496087,BNO_ACC,1328,-500,2,3.25781,-0.38281,9.26953
11507138,BNO_ACC,1329,-3200,2,3.25781,-0.34375,9.11719
11516608,BNO_ACC,1330,-4700,2,3.29297,-0.26953,9.15625
11526243,BNO_ACC,1331,-6100,2,3.29297,-0.26953,9.30859
11527594,BNO_ACC,1332,-700,2,3.29297,-0.34375,9.22656
11536635,BNO_ACC,1333,-700,2,3.37109,-0.15234,9.22656
11545785,BNO_ACC,1334,-1500,2,3.33203,-0.19141,9.19531
11556541,BNO_ACC,1335,-4200,2,3.33203,-0.23047,9.08203
11566033,BNO_ACC,1336,-5600,2,3.21875,-0.34375,9.11719
11567715,BNO_ACC,1337,-700,2,3.37109,-0.26953,9.11719
11576710,BNO_ACC,1338,-700,2,3.41016,-0.46094,9.26953
11585857,BNO_ACC,1339,-1300,2,3.33203,-0.34375,9.11719
11596392,BNO_ACC,1340,-3900,2,3.41016,-0.34375,9.22656
11605961,BNO_ACC,1341,-5300,2,3.44922,-0.34375,9.19531
11610054,BNO_ACC,1342,-2300,2,3.48438,-0.34375,9.16016
11617141,BNO_ACC,1343,-700,2,3.52344,-0.19141,9.26953
11627084,BNO_ACC,1344,-2700,2,3.56250,-0.19141,9.23047
11636873,BNO_ACC,1345,-4500,2,3.48438,-0.34375,9.16016
11646516,BNO_ACC,1346,-5700,2,3.52344,-0.30469,9.19922
11648214,BNO_ACC,1347,-700,2,3.56250,-0.38281,9.19922
11657019,BNO_ACC,1348,-700,2,3.60156,-0.49609,9.15625
11667182,BNO_ACC,1349,-2500,2,3.48438,-0.61328,9.30469
11677060,BNO_ACC,1350,-4300,2,3.60156,-0.38281,9.15625
11685725,BNO_ACC,1351,-4800,2,3.60156,-0.34375,9.15625
11689386,BNO_ACC,1352,-1200,2,3.67578,-0.34375,9.12109
11696627,BNO_ACC,1353,-700,2,3.64062,-0.34375,9.16016
11707658,BNO_ACC,1354,-2900,2,3.71484,-0.34375,9.15625
11715289,BNO_ACC,1355,-2200,2,3.60156,-0.23047,9.08203
11726624,BNO_ACC,1356,-5500,2,3.64062,-0.19141,9.07812
11730715,BNO_ACC,1357,-2300,2,3.67578,-0.15234,9.19531
11737709,BNO_ACC,1358,-900,2,3.71484,-0.26953,9.07812
11747532,BNO_ACC,1359,-2500,2,3.64062,-0.34375,9.12109
11755534,BNO_ACC,1360,-2200,2,3.64062,-0.38281,8.96484
11766016,BNO_ACC,1361,-4800,2,3.67578,-0.38281,9.00391
11777470,BNO_ACC,1362,-700,2,3.71484,-0.34375,9.03906
11786688,BNO_ACC,1363,-1600,2,3.79297,-0.34375,9.03906
11797641,BNO_ACC,1364,-4500,2,3.79297,-0.23047,9.12109
11806039,BNO_ACC,1365,-4600,2,3.90625,-0.38281,9.12109
11810945,BNO_ACC,1366,-2300,2,3.86719,-0.34375,9.12109
11817856,BNO_ACC,1367,-700,2,3.86719,-0.30469,9.03906
11826951,BNO_ACC,1368,-1600,2,3.86719,-0.30469,9.03906
11836230,BNO_ACC,1369,-2800,2,3.86719,-0.30469,9.03906
11846679,BNO_ACC,1370,-5100,2,3.90625,-0.42188,9.03906
11850739,BNO_ACC,1371,-2300,2,3.86719,-0.38281,8.92188
11857728,BNO_ACC,1372,-500,2,3.86719,-0.30469,8.92578
11867123,BNO_ACC,1373,-1000,2,3.86719,-0.34375,8.92188
11878000,BNO_ACC,1374,-4500,2,3.86719,-0.30469,8.96094
11886206,BNO_ACC,1375,-4400,2,3.90625,-0.30469,9.00000
11891111,BNO_ACC,1376,-2300,2,3.94531,-0.38281,9.03906
11897928,BNO_ACC,1377,-700,2,4.02344,-0.34375,9.12109
11907375,BNO_ACC,1378,-1000,2,4.06250,-0.26953,9.07812
11918278,BNO_ACC,1379,-4700,2,4.02344,-0.23047,8.96094
11926281,BNO_ACC,1380,-4300,2,3.98438,-0.26953,8.88672
11931223,BNO_ACC,1381,-2300,2,3.98438,-0.26953,8.73828
11938122,BNO_ACC,1382,-700,2,3.98438,-0.38281,8.77734
11947349,BNO_ACC,1383,-1000,2,4.02344,-0.34375,8.96484
11958186,BNO_ACC,1384,-4300,2,4.09766,-0.46094,8.84375
11966459,BNO_ACC,1385,-4400,2,3.98438,-0.26953,8.84766
11971419,BNO_ACC,1386,-2300,2,4.13672,-0.23047,8.92188
11978376,BNO_ACC,1387,-700,2,4.21484,-0.42188,9.08203
11987393,BNO_ACC,1388,-1000,2,4.17578,-0.38281,8.96484
11996435,BNO_ACC,1389,-2200,2,4.21484,-0.30469,8.88672
12006863,BNO_ACC,1390,-4600,2,4.13672,-0.26953,8.81641
12018447,BNO_ACC,1391,-700,2,4.21484,-0.23047,8.84766
12027668,BNO_ACC,1392,-1000,2,4.21484,-0.19141,8.88672
12038784,BNO_ACC,1393,-4500,2,4.21484,-0.23047,8.88672
12046882,BNO_ACC,1394,-4600,2,4.28906,-0.26953,8.88672
12058841,BNO_ACC,1395,-700,2,4.25391,-0.34375,8.73438
12067890,BNO_ACC,1396,-1000,2,4.28906,-0.42188,8.73438
12076415,BNO_ACC,1397,-1600,2,4.28906,-0.38281,8.73828
12087338,BNO_ACC,1398,-4700,2,4.36719,-0.42188,8.73438
12099071,BNO_ACC,1399,-700,2,4.51953,-0.38281,8.96484
12108101,BNO_ACC,1400,-900,2,4.51953,-0.46094,8.88672
12116299,BNO_ACC,1401,-1500,2,4.55859,-0.38281,8.81250
12126830,BNO_ACC,1402,-4000,2,4.55859,-0.38281,8.84766
12131769,BNO_ACC,1403,-2300,2,4.55859,-0.34375,8.88672
12138896,BNO_ACC,1404,-700,2,4.51953,-0.30469,8.77344
12148066,BNO_ACC,1405,-1000,2,4.55859,-0.30469,8.73438
12156318,BNO_ACC,1406,-1400,2,4.55859,-0.30469,8.61719
12166866,BNO_ACC,1407,-3900,2,4.59766,-0.34375,8.57812
12177524,BNO_ACC,1408,-6300,2,4.59766,-0.42188,8.62109
12179243,BNO_ACC,1409,-900,2,4.63672,-0.42188,8.62109
12188137,BNO_ACC,1410,-1000,2,4.67188,-0.30469,8.66016
12197645,BNO_ACC,1411,-2700,2,4.63672,-0.23047,8.54297
12207256,BNO_ACC,1412,-4100,2,4.71094,-0.26953,8.58203
12219246,BNO_ACC,1413,-700,2,4.75000,-0.34375,8.58203
12227817,BNO_ACC,1414,-900,2,4.67188,-0.26953,8.42578
12236980,BNO_ACC,1415,-1800,2,4.75000,-0.26953,8.50391
12247618,BNO_ACC,1416,-4200,2,4.75000,-0.30469,8.53906
12259432,BNO_ACC,1417,-500,2,4.78906,-0.30469,8.42578
12268631,BNO_ACC,1418,-900,2,4.82812,-0.34375,8.42188
12278306,BNO_ACC,1419,-3100,2,4.90234,-0.34375,8.50391
12288592,BNO_ACC,1420,-5300,2,4.94141,-0.30469,8.54297
12296957,BNO_ACC,1421,-5500,2,5.01953,-0.38281,8.54297
12300637,BNO_ACC,1422,-1000,2,4.98047,-0.30469,8.39453
12307567,BNO_ACC,1423,-700,2,4.98047,-0.30469,8.39453
12318568,BNO_ACC,1424,-3100,2,5.05469,-0.38281,8.46094
12328666,BNO_ACC,1425,-5300,2,5.09375,-0.38281,8.54297
12337005,BNO_ACC,1426,-5300,2,5.05469,-0.38281,8.46094
12339825,BNO_ACC,1427,-1000,2,5.05469,-0.34375,8.46094
12347901,BNO_ACC,1428,-700,2,5.05469,-0.34375,8.46094
12358986,BNO_ACC,1429,-3400,2,5.01953,-0.30469,8.39062
12368471,BNO_ACC,1430,-4900,2,5.05469,-0.30469,8.46484
12377122,BNO_ACC,1431,-5300,2,5.05469,-0.34375,8.39062
12380826,BNO_ACC,1432,-1200,2,5.05469,-0.23047,8.27734
12387907,BNO_ACC,1433,-500,2,5.17188,-0.26953,8.39062
12399013,BNO_ACC,1434,-3400,2,5.21094,-0.38281,8.42188
12408671,BNO_ACC,1435,-4900,2,5.17188,-0.38281,8.35547
12417212,BNO_ACC,1436,-5100,2,5.09375,-0.30469,8.27344
12420146,BNO_ACC,1437,-1000,2,5.13281,-0.34375,8.39453
12428157,BNO_ACC,1438,-700,2,5.17188,-0.34375,8.42578
12439175,BNO_ACC,1439,-3200,2,5.21094,-0.34375,8.35156
12447973,BNO_ACC,1440,-4000,2,5.25000,-0.34375,8.35156
12457431,BNO_ACC,1441,-5100,2,5.28516,-0.34375,8.31250
12461124,BNO_ACC,1442,-1400,2,5.32422,-0.38281,8.23438
12468194,BNO_ACC,1443,-500,2,5.32422,-0.30469,8.23828
12479187,BNO_ACC,1444,-3100,2,5.28516,-0.26953,8.12109
12488734,BNO_ACC,1445,-4700,2,5.36328,-0.19141,8.15625
12497414,BNO_ACC,1446,-4900,2,5.36328,-0.34375,8.04297
12501113,BNO_ACC,1447,-1000,2,5.44141,-0.30469,8.23828
12508371,BNO_ACC,1448,-700,2,5.51562,-0.38281,8.19922
12519264,BNO_ACC,1449,-3100,2,5.55469,-0.34375,8.03906
12528779,BNO_ACC,1450,-4500,2,5.51562,-0.30469,8.12109
12537594,BNO_ACC,1451,-5100,2,5.55469,-0.30469,7.97266
12541324,BNO_ACC,1452,-1400,2,5.55469,-0.26953,7.96875
12548535,BNO_ACC,1453,-500,2,5.63281,-0.30469,7.89453
12559502,BNO_ACC,1454,-3200,2,5.70703,-0.30469,7.96875
12568789,BNO_ACC,1455,-4300,2,5.82422,-0.34375,8.01172
12578147,BNO_ACC,1456,-5300,2,5.74609,-0.30469,7.96875
12582227,BNO_ACC,1457,-2300,2,5.70703,-0.26953,7.89062
12589160,BNO_ACC,1458,-700,2,5.70703,-0.34375,7.81641
12598232,BNO_ACC,1459,-2000,2,5.70703,-0.30469,7.89453
12609151,BNO_ACC,1460,-4500,2,5.74609,-0.19141,7.85156
12617650,BNO_ACC,1461,-4700,2,5.78516,-0.26953,7.85547
12621490,BNO_ACC,1462,-1200,2,5.89844,-0.38281,7.93359
12628724,BNO_ACC,1463,-700,2,5.85938,-0.34375,7.85156
12639730,BNO_ACC,1464,-3100,2,5.82422,-0.38281,7.81250
12649115,BNO_ACC,1465,-4300,2,5.82422,-0.38281,7.85156
12657777,BNO_ACC,1466,-4800,2,5.82422,-0.38281,7.85156
12662140,BNO_ACC,1467,-2500,2,5.82422,-0.26953,7.85156
12669071,BNO_ACC,1468,-500,2,5.89844,-0.26953,7.85156
12678537,BNO_ACC,1469,-1600,2,5.85938,-0.30469,7.89062
12687789,BNO_ACC,1470,-2800,2,5.85938,-0.30469,7.77344
12698148,BNO_ACC,1471,-4900,2,5.85938,-0.26953,7.69531
12701703,BNO_ACC,1472,-1200,2,5.85938,-0.26953,7.77734
12709041,BNO_ACC,1473,-700,2,5.93750,-0.23047,7.85156
12720165,BNO_ACC,1474,-3100,2,6.05078,-0.34375,7.93359
12729447,BNO_ACC,1475,-4300,2,5.97656,-0.30469,7.81250
12738033,BNO_ACC,1476,-4600,2,5.97656,-0.26953,7.77344
12742963,BNO_ACC,1477,-2300,2,5.97656,-0.30469,7.81250
12749940,BNO_ACC,1478,-700,2,5.97656,-0.34375,7.81641
12758985,BNO_ACC,1479,-1000,2,5.93750,-0.34375,7.77344
12769926,BNO_ACC,1480,-4700,2,5.93750,-0.34375,7.85547
12777965,BNO_ACC,1481,-4400,2,5.97656,-0.30469,7.81250
12782881,BNO_ACC,1482,-2300,2,5.97656,-0.30469,7.73828
12789624,BNO_ACC,1483,-700,2,5.93750,-0.30469,7.73828
12799032,BNO_ACC,1484,-900,2,6.01562,-0.34375,7.77734
12809930,BNO_ACC,1485,-4500,2,6.01562,-0.34375,7.73828
12818190,BNO_ACC,1486,-4500,2,5.93750,-0.34375,7.69922
12823156,BNO_ACC,1487,-2300,2,5.93750,-0.26953,7.69922
12829815,BNO_ACC,1488,-700,2,5.97656,-0.34375,7.77344
12839263,BNO_ACC,1489,-1000,2,6.01562,-0.38281,7.89453
12850178,BNO_ACC,1490,-4500,2,6.05078,-0.38281,7.89453
12858292,BNO_ACC,1491,-4400,2,5.97656,-0.34375,7.77344
12863195,BNO_ACC,1492,-2300,2,5.93750,-0.30469,7.77734
12869985,BNO_ACC,1493,-700,2,5.97656,-0.23047,7.81250
12879270,BNO_ACC,1494,-1000,2,6.01562,-0.26953,7.89453
12890166,BNO_ACC,1495,-4300,2,5.97656,-0.26953,7.81641
12898424,BNO_ACC,1496,-4400,2,5.97656,-0.34375,7.81641
12903319,BNO_ACC,1497,-2300,2,5.97656,-0.30469,7.81250
12910119,BNO_ACC,1498,-500,2,5.97656,-0.26953,7.81641
12919349,BNO_ACC,1499,-1000,2,5.93750,-0.30469,7.77734
12930374,BNO_ACC,1500,-4300,2,5.93750,-0.30469,7.77734
12938466,BNO_ACC,1501,-4300,2,5.93750,-0.23047,7.77734
12943362,BNO_ACC,1502,-2300,2,6.01562,-0.23047,7.77344
12950328,BNO_ACC,1503,-700,2,6.01562,-0.30469,7.81641
12959440,BNO_ACC,1504,-1000,2,5.93750,-0.23047,7.77734
12968684,BNO_ACC,1505,-2200,2,5.93750,-0.23047,7.69531
12979176,BNO_ACC,1506,-4800,2,5.89844,-0.30469,7.77344
12990846,BNO_ACC,1507,-900,2,5.97656,-0.23047,7.85156
12999577,BNO_ACC,1508,-1000,2,5.89844,-0.26953,7.73828
13008698,BNO_ACC,1509,-2200,2,5.89844,-0.26953,7.73828
13019115,BNO_ACC,1510,-4600,2,5.85938,-0.26953,7.66016
13039739,BNO_ACC,1511,-900,2,5.93750,-0.23047,7.81250
13048769,BNO_ACC,1512,-2000,2,5.93750,-0.30469,7.81250
13059123,BNO_ACC,1513,-4400,2,5.85938,-0.30469,7.85547
13070817,BNO_ACC,1514,-500,2,5.93750,-0.30469,7.85156
13079896,BNO_ACC,1515,-1000,2,5.93750,-0.30469,7.77734
13091086,BNO_ACC,1516,-4300,2,5.97656,-0.30469,7.89453
13099233,BNO_ACC,1517,-4400,2,5.97656,-0.26953,7.92969
13111037,BNO_ACC,1518,-700,2,5.85938,-0.23047,7.77344
13120196,BNO_ACC,1519,-900,2,5.93750,-0.23047,7.81250
13128490,BNO_ACC,1520,-1400,2,5.89844,-0.26953,7.85156
13139375,BNO_ACC,1521,-4300,2,5.89844,-0.26953,7.85156
13151282,BNO_ACC,1522,-700,2,5.85938,-0.26953,7.85156
13160389,BNO_ACC,1523,-1000,2,5.82422,-0.23047,7.77344
13168564,BNO_ACC,1524,-1300,2,5.85938,-0.23047,7.77344
13179364,BNO_ACC,1525,-4100,2,5.89844,-0.30469,7.89062
13189131,BNO_ACC,1526,-5900,2,5.89844,-0.34375,7.89453
13190471,BNO_ACC,1527,-500,2,5.93750,-0.30469,7.85156
13200195,BNO_ACC,1528,-1000,2,5.97656,-0.34375,7.85547
13210535,BNO_ACC,1529,-3400,2,5.97656,-0.38281,7.89062
13219098,BNO_ACC,1530,-3700,2,5.89844,-0.34375,7.93359
13229875,BNO_ACC,1531,-6400,2,5.82422,-0.23047,7.81641
13231722,BNO_ACC,1532,-900,2,5.82422,-0.26953,7.77734
13240851,BNO_ACC,1533,-1000,2,5.82422,-0.26953,7.85156
13250602,BNO_ACC,1534,-3400,2,5.85938,-0.26953,7.89453
13259152,BNO_ACC,1535,-3700,2,5.85938,-0.23047,7.85547
13269625,BNO_ACC,1536,-6100,2,5.85938,-0.23047,7.81641
13271012,BNO_ACC,1537,-700,2,5.82422,-0.23047,7.77344
13280419,BNO_ACC,1538,-900,2,5.82422,-0.19141,7.81641
13290816,BNO_ACC,1539,-3400,2,5.89844,-0.19141,7.81641
13300735,BNO_ACC,1540,-5300,2,5.89844,-0.19141,7.89062
13309160,BNO_ACC,1541,-5300,2,5.89844,-0.19141,7.89062
13312938,BNO_ACC,1542,-1200,2,5.85938,-0.23047,7.89062
13319955,BNO_ACC,1543,-500,2,5.85938,-0.26953,7.93359
13329241,BNO_ACC,1544,-1500,2,5.89844,-0.26953,7.96875
13341432,BNO_ACC,1545,-5800,2,5.89844,-0.34375,7.93359
13349390,BNO_ACC,1546,-5500,2,5.89844,-0.38281,8.03906
13353671,BNO_ACC,1547,-2500,2,5.85938,-0.26953,7.96875
13360523,BNO_ACC,1548,-700,2,5.82422,-0.23047,7.85547
13370863,BNO_ACC,1549,-3100,2,5.82422,-0.26953,7.89453
13379349,BNO_ACC,1550,-3100,2,5.85938,-0.30469,7.89062
13389779,BNO_ACC,1551,-5500,2,5.85938,-0.26953,7.85156
13391303,BNO_ACC,1552,-700,2,5.85938,-0.26953,7.81250
13400604,BNO_ACC,1553,-700,2,5.85938,-0.26953,7.89453
13410848,BNO_ACC,1554,-2900,2,5.85938,-0.15234,7.85156
13420804,BNO_ACC,1555,-4900,2,5.89844,-0.19141,7.81641
13429434,BNO_ACC,1556,-5100,2,5.89844,-0.26953,7.89453
13433177,BNO_ACC,1557,-1400,2,5.89844,-0.23047,7.92969
13440357,BNO_ACC,1558,-500,2,5.85938,-0.23047,7.85547
13450859,BNO_ACC,1559,-2700,2,5.85938,-0.26953,7.85156
13461020,BNO_ACC,1560,-4900,2,5.85938,-0.26953,7.89453
13469561,BNO_ACC,1561,-5000,2,5.85938,-0.26953,7.85156
13473945,BNO_ACC,1562,-2500,2,5.89844,-0.26953,7.85156
13480792,BNO_ACC,1563,-700,2,5.85938,-0.30469,7.92969
13490987,BNO_ACC,1564,-2700,2,5.85938,-0.34375,7.85156
13500347,BNO_ACC,1565,-4000,2,5.85938,-0.38281,7.85156
13510057,BNO_ACC,1566,-5400,2,5.89844,-0.30469,7.89062
13521567,BNO_ACC,1567,-1000,2,5.78516,-0.30469,7.93359
13531059,BNO_ACC,1568,-2700,2,5.78516,-0.30469,7.85156
13541248,BNO_ACC,1569,-4700,2,5.78516,-0.34375,7.92969
13549758,BNO_ACC,1570,-5000,2,5.74609,-0.26953,7.89062
13553988,BNO_ACC,1571,-2500,2,5.74609,-0.23047,7.81250
13560916,BNO_ACC,1572,-500,2,5.78516,-0.23047,7.85156
13571341,BNO_ACC,1573,-2700,2,5.78516,-0.23047,7.89453
13579677,BNO_ACC,1574,-2600,2,5.78516,-0.19141,7.81250
13590501,BNO_ACC,1575,-5300,2,5.78516,-0.23047,7.81250
13602247,BNO_ACC,1576,-1600,2,5.78516,-0.23047,7.85156
13611927,BNO_ACC,1577,-3100,2,5.74609,-0.23047,7.85156
13621362,BNO_ACC,1578,-4500,2,5.74609,-0.26953,7.85547
13629777,BNO_ACC,1579,-4600,2,5.74609,-0.30469,7.93359
13634693,BNO_ACC,1580,-2300,2,5.74609,-0.30469,7.89453
13641637,BNO_ACC,1581,-700,2,5.74609,-0.26953,7.97266
13651626,BNO_ACC,1582,-2700,2,5.74609,-0.23047,7.93359
13661494,BNO_ACC,1583,-4500,2,5.74609,-0.30469,8.01172
13670106,BNO_ACC,1584,-4800,2,5.74609,-0.26953,8.00781
13682022,BNO_ACC,1585,-900,2,5.74609,-0.30469,7.93359
13690680,BNO_ACC,1586,-1400,2,5.70703,-0.30469,7.93359
13702079,BNO_ACC,1587,-4700,2,5.74609,-0.30469,7.96875
13710318,BNO_ACC,1588,-4800,2,5.70703,-0.26953,7.92969
13721703,BNO_ACC,1589,-700,2,5.70703,-0.30469,8.01172
13730966,BNO_ACC,1590,-1600,2,5.66797,-0.26953,8.04297
13741800,BNO_ACC,1591,-4300,2,5.59375,-0.26953,8.04297
13750133,BNO_ACC,1592,-4600,2,5.63281,-0.19141,8.07812
13755048,BNO_ACC,1593,-2300,2,5.66797,-0.26953,8.04297
13761825,BNO_ACC,1594,-500,2,5.63281,-0.23047,8.07812
13771123,BNO_ACC,1595,-1000,2,5.59375,-0.23047,7.96875
13782105,BNO_ACC,1596,-4500,2,5.59375,-0.26953,8.08203
13790142,BNO_ACC,1597,-4300,2,5.59375,-0.26953,8.12109
13795057,BNO_ACC,1598,-2300,2,5.63281,-0.19141,8.11719
13802044,BNO_ACC,1599,-700,2,5.55469,-0.23047,8.16016
13811162,BNO_ACC,1600,-900,2,5.59375,-0.34375,8.31250
13822142,BNO_ACC,1601,-4300,2,5.51562,-0.30469,8.12109
13830230,BNO_ACC,1602,-4200,2,5.51562,-0.30469,8.04297
13835179,BNO_ACC,1603,-2300,2,5.51562,-0.30469,8.19531
13842138,BNO_ACC,1604,-500,2,5.51562,-0.30469,8.19531
13851331,BNO_ACC,1605,-900,2,5.47656,-0.23047,8.11719
13862292,BNO_ACC,1606,-4300,2,5.44141,-0.23047,8.12109
13870302,BNO_ACC,1607,-4100,2,5.44141,-0.26953,8.15625
13875202,BNO_ACC,1608,-2300,2,5.40234,-0.26953,8.16016
13882263,BNO_ACC,1609,-700,2,5.40234,-0.34375,8.16016
13891396,BNO_ACC,1610,-900,2,5.40234,-0.34375,8.23828
13900559,BNO_ACC,1611,-2000,2,5.36328,-0.26953,8.19531
13911026,BNO_ACC,1612,-4600,2,5.28516,-0.19141,8.15625
13922903,BNO_ACC,1613,-700,2,5.36328,-0.23047,8.27344
13931685,BNO_ACC,1614,-900,2,5.32422,-0.26953,8.27344
13940112,BNO_ACC,1615,-1500,2,5.25000,-0.23047,8.19922
13950698,BNO_ACC,1616,-4200,2,5.21094,-0.19141,8.15625
13962704,BNO_ACC,1617,-500,2,5.21094,-0.23047,8.31641
13971696,BNO_ACC,1618,-900,2,5.17188,-0.23047,8.31250
13981058,BNO_ACC,1619,-2200,2,5.17188,-0.26953,8.27344
13990695,BNO_ACC,1620,-3900,2,5.17188,-0.30469,8.42188
13995647,BNO_ACC,1621,-2300,2,5.09375,-0.26953,8.42188
14002796,BNO_ACC,1622,-700,2,5.13281,-0.23047,8.39062
14011912,BNO_ACC,1623,-900,2,5.09375,-0.23047,8.42578
14022091,BNO_ACC,1624,-3400,2,5.05469,-0.26953,8.50000
14032161,BNO_ACC,1625,-5400,2,4.94141,-0.23047,8.42188
14040502,BNO_ACC,1626,-5700,2,4.98047,-0.23047,8.42188
14043014,BNO_ACC,1627,-700,2,4.98047,-0.26953,8.53906
14051826,BNO_ACC,1628,-900,2,4.94141,-0.23047,8.58203
14060910,BNO_ACC,1629,-1800,2,4.94141,-0.19141,8.58203
14071428,BNO_ACC,1630,-4400,2,4.90234,-0.23047,8.53906
14083366,BNO_ACC,1631,-700,2,4.90234,-0.19141,8.57812
14092286,BNO_ACC,1632,-900,2,4.75000,-0.23047,8.65625
14102267,BNO_ACC,1633,-3100,2,4.71094,-0.15234,8.42188
14110676,BNO_ACC,1634,-3300,2,4.78906,-0.19141,8.61719
14121110,BNO_ACC,1635,-5700,2,4.67188,-0.19141,8.73828
14122479,BNO_ACC,1636,-700,2,4.63672,-0.23047,8.66016
14132153,BNO_ACC,1637,-1000,2,4.63672,-0.15234,8.69922
14142390,BNO_ACC,1638,-3200,2,4.59766,-0.19141,8.81250
14150717,BNO_ACC,1639,-3300,2,4.59766,-0.42188,8.88672
14161117,BNO_ACC,1640,-5700,2,4.55859,-0.07812,8.73828
14162663,BNO_ACC,1641,-700,2,4.48047,-0.19141,8.77734
14171892,BNO_ACC,1642,-700,2,4.44531,-0.23047,8.73828
14181091,BNO_ACC,1643,-1500,2,4.44531,-0.26953,8.92578
14191773,BNO_ACC,1644,-4100,2,4.36719,-0.23047,8.73438
14201125,BNO_ACC,1645,-5300,2,4.36719,-0.23047,8.81641
14204812,BNO_ACC,1646,-1200,2,4.40625,-0.30469,8.96094
14211686,BNO_ACC,1647,-700,2,4.32812,-0.30469,8.92578
14222653,BNO_ACC,1648,-3200,2,4.28906,-0.34375,8.88672
14232349,BNO_ACC,1649,-4900,2,4.25391,-0.38281,8.88281
14241116,BNO_ACC,1650,-5300,2,4.25391,-0.38281,8.96094
14244752,BNO_ACC,1651,-1400,2,4.25391,-0.30469,9.00391
14251890,BNO_ACC,1652,-500,2,4.25391,-0.30469,8.96484
14262948,BNO_ACC,1653,-3200,2,4.17578,-0.23047,8.84375
14272435,BNO_ACC,1654,-4700,2,4.17578,-0.19141,8.88281
14281069,BNO_ACC,1655,-4900,2,4.21484,-0.30469,9.04297
14284029,BNO_ACC,1656,-1000,2,4.17578,-0.23047,9.03906
14292040,BNO_ACC,1657,-700,2,4.13672,-0.26953,8.96094
14303051,BNO_ACC,1658,-3200,2,4.06250,-0.30469,8.92188
14312539,BNO_ACC,1659,-4500,2,4.13672,-0.30469,9.00391
14321184,BNO_ACC,1660,-5000,2,4.06250,-0.26953,9.03906
14324876,BNO_ACC,1661,-1200,2,4.09766,-0.30469,9.00391
14332194,BNO_ACC,1662,-700,2,3.90625,-0.23047,8.92578
14343238,BNO_ACC,1663,-3200,2,3.90625,-0.26953,8.84766
14352692,BNO_ACC,1664,-4500,2,3.98438,-0.30469,9.03906
14361254,BNO_ACC,1665,-4900,2,3.98438,-0.26953,9.08203
14364088,BNO_ACC,1666,-1000,2,3.94531,-0.23047,9.00391
14372322,BNO_ACC,1667,-700,2,3.86719,-0.11328,8.96484
14383336,BNO_ACC,1668,-3100,2,3.90625,-0.11328,9.04297
14392721,BNO_ACC,1669,-4500,2,3.90625,-0.11328,9.08203
14401430,BNO_ACC,1670,-5000,2,3.90625,-0.15234,9.08203
14405065,BNO_ACC,1671,-1200,2,3.79297,-0.19141,9.12109
14412348,BNO_ACC,1672,-700,2,3.75391,-0.19141,9.08203
14422500,BNO_ACC,1673,-2100,2,3.75391,-0.26953,9.07812
14432019,BNO_ACC,1674,-3300,2,3.71484,-0.26953,9.19922
14441513,BNO_ACC,1675,-4900,2,3.67578,-0.26953,9.12109
14445226,BNO_ACC,1676,-1200,2,3.67578,-0.30469,9.19922
14452649,BNO_ACC,1677,-700,2,3.67578,-0.26953,9.23047
14463700,BNO_ACC,1678,-3100,2,3.64062,-0.19141,9.15625
14473022,BNO_ACC,1679,-4300,2,3.60156,-0.15234,9.19922
14481566,BNO_ACC,1680,-4800,2,3.64062,-0.19141,9.22656
14485969,BNO_ACC,1681,-2500,2,3.60156,-0.23047,9.23047
14492934,BNO_ACC,1682,-500,2,3.56250,-0.19141,9.19531
14503318,BNO_ACC,1683,-2500,2,3.56250,-0.15234,9.22656
14511258,BNO_ACC,1684,-2200,2,3.52344,-0.15234,9.26562
14521661,BNO_ACC,1685,-4600,2,3.48438,-0.23047,9.26953
14533962,BNO_ACC,1686,-1000,2,3.41016,-0.19141,9.16016
14542746,BNO_ACC,1687,-1800,2,3.44922,-0.26953,9.19531
14553723,BNO_ACC,1688,-4900,2,3.41016,-0.11328,9.26953
14561607,BNO_ACC,1689,-4400,2,3.41016,-0.07812,9.22656
14573712,BNO_ACC,1690,-900,2,3.44922,-0.26953,9.30469
14582613,BNO_ACC,1691,-900,2,3.29297,-0.34375,9.19922
14593608,BNO_ACC,1692,-4300,2,3.29297,-0.26953,9.19922
14601816,BNO_ACC,1693,-4400,2,3.25781,-0.19141,9.16016
14606711,BNO_ACC,1694,-2300,2,3.25781,-0.15234,9.15625
14613631,BNO_ACC,1695,-500,2,3.25781,-0.19141,9.23047
14622955,BNO_ACC,1696,-1000,2,3.21875,-0.19141,9.16016
14633887,BNO_ACC,1697,-4700,2,3.21875,-0.11328,9.34375
14641933,BNO_ACC,1698,-4400,2,3.29297,-0.15234,9.34375
14646873,BNO_ACC,1699,-2300,2,3.14062,-0.11328,9.23047
14653703,BNO_ACC,1700,-700,2,3.10156,-0.15234,9.26953
14663074,BNO_ACC,1701,-900,2,3.10156,-0.11328,9.34375
14672483,BNO_ACC,1702,-2800,2,3.10156,-0.23047,9.26562
14682342,BNO_ACC,1703,-4500,2,3.10156,-0.30469,9.38672
14694286,BNO_ACC,1704,-700,2,3.14062,-0.23047,9.50000
14703199,BNO_ACC,1705,-1000,2,3.02734,-0.23047,9.42188
14714040,BNO_ACC,1706,-4300,2,3.06641,-0.30469,9.34375
14722370,BNO_ACC,1707,-4300,2,2.98828,-0.34375,9.42578
14727291,BNO_ACC,1708,-2100,2,2.98828,-0.30469,9.42188
14734230,BNO_ACC,1709,-500,2,2.94922,-0.23047,9.34375
14743148,BNO_ACC,1710,-1000,2,2.91016,-0.19141,9.42188
14752366,BNO_ACC,1711,-2200,2,2.87109,-0.23047,9.46484
14762867,BNO_ACC,1712,-4800,2,2.83594,-0.19141,9.46484
14774604,BNO_ACC,1713,-900,2,2.79688,-0.19141,9.38281
14783310,BNO_ACC,1714,-1000,2,2.75781,-0.19141,9.46484
14792533,BNO_ACC,1715,-2200,2,2.71875,-0.19141,9.46484
14803172,BNO_ACC,1716,-5000,2,2.75781,-0.23047,9.54297
14814384,BNO_ACC,1717,-500,2,2.67969,-0.15234,9.42188
14823436,BNO_ACC,1718,-1000,2,2.64453,-0.19141,9.46484
14832542,BNO_ACC,1719,-2200,2,2.60547,-0.23047,9.38281
14842984,BNO_ACC,1720,-4600,2,2.60547,-0.34375,9.46484
14854711,BNO_ACC,1721,-500,2,2.56641,-0.26953,9.50391
14863715,BNO_ACC,1722,-1000,2,2.52734,-0.23047,9.54297
14871906,BNO_ACC,1723,-1200,2,2.52734,-0.23047,9.54297
14882701,BNO_ACC,1724,-4100,2,2.56641,-0.19141,9.53906
14887666,BNO_ACC,1725,-2300,2,2.56641,-0.23047,9.65234
14894670,BNO_ACC,1726,-500,2,2.56641,-0.26953,9.54297
14903710,BNO_ACC,1727,-900,2,2.52734,-0.23047,9.58203
14913968,BNO_ACC,1728,-3400,2,2.52734,-0.19141,9.58203
14922436,BNO_ACC,1729,-3500,2,2.48828,-0.23047,9.46484
14932811,BNO_ACC,1730,-5900,2,2.45312,-0.26953,9.34375
14934196,BNO_ACC,1731,-700,2,2.48828,-0.26953,9.50000
14943619,BNO_ACC,1732,-1000,2,2.45312,-0.23047,9.58203
14953393,BNO_ACC,1733,-2700,2,2.41406,-0.23047,9.50391
14963050,BNO_ACC,1734,-4100,2,2.41406,-0.19141,9.50391
14975221,BNO_ACC,1735,-900,2,2.41406,-0.11328,9.57812
14983786,BNO_ACC,1736,-1000,2,2.41406,-0.15234,9.46094
14992916,BNO_ACC,1737,-1800,2,2.41406,-0.11328,9.57812
15003454,BNO_ACC,1738,-4200,2,2.37500,-0.15234,9.68750
15015228,BNO_ACC,1739,-500,2,2.33594,-0.11328,9.57812
15024292,BNO_ACC,1740,-1000,2,2.33594,-0.23047,9.58203
15034183,BNO_ACC,1741,-3100,2,2.29688,-0.26953,9.64844
15044365,BNO_ACC,1742,-5300,2,2.33594,-0.30469,9.64844
15052685,BNO_ACC,1743,-5300,2,2.33594,-0.26953,9.68750
15055652,BNO_ACC,1744,-1200,2,2.29688,-0.23047,9.65234
15063716,BNO_ACC,1745,-700,2,2.29688,-0.23047,9.68750
15072988,BNO_ACC,1746,-1500,2,2.26172,-0.19141,9.68750
15083605,BNO_ACC,1747,-4200,2,2.26172,-0.26953,9.60938
15095525,BNO_ACC,1748,-500,2,2.22266,-0.26953,9.58203
15104642,BNO_ACC,1749,-900,2,2.22266,-0.23047,9.57812
15114327,BNO_ACC,1750,-2900,2,2.18359,-0.15234,9.57812
15124305,BNO_ACC,1751,-4700,2,2.18359,-0.15234,9.57812
15132922,BNO_ACC,1752,-5100,2,2.18359,-0.19141,9.60938
15136629,BNO_ACC,1753,-1200,2,2.14453,-0.23047,9.60938
15143712,BNO_ACC,1754,-700,2,2.10547,-0.23047,9.61328
15154734,BNO_ACC,1755,-3200,2,2.14453,-0.15234,9.61328
15164298,BNO_ACC,1756,-4700,2,2.07031,-0.07812,9.46484
15173064,BNO_ACC,1757,-5100,2,2.10547,0.00000,9.60938
15176829,BNO_ACC,1758,-1400,2,2.14453,-0.11328,9.61328
15183887,BNO_ACC,1759,-500,2,2.07031,-0.15234,9.60938
15194910,BNO_ACC,1760,-3200,2,2.10547,-0.19141,9.72656
15204592,BNO_ACC,1761,-4900,2,2.07031,-0.23047,9.61328
15213153,BNO_ACC,1762,-5100,2,2.07031,-0.26953,9.54297
15217382,BNO_ACC,1763,-2500,2,2.03125,-0.34375,9.57812
15224398,BNO_ACC,1764,-700,2,1.99219,-0.30469,9.64844
15234834,BNO_ACC,1765,-2900,2,2.03125,-0.26953,9.61328
15244748,BNO_ACC,1766,-4700,2,1.99219,-0.19141,9.64844
15253271,BNO_ACC,1767,-5100,2,1.95312,-0.15234,9.65234
15257530,BNO_ACC,1768,-2500,2,1.99219,-0.15234,9.65234
15264604,BNO_ACC,1769,-500,2,1.95312,-0.11328,9.68750
15274841,BNO_ACC,1770,-2900,2,1.99219,-0.19141,9.64844
15284854,BNO_ACC,1771,-4700,2,1.99219,-0.23047,9.76562
15293465,BNO_ACC,1772,-5000,2,1.91406,-0.15234,9.65234
15305025,BNO_ACC,1773,-900,2,1.87891,-0.19141,9.61328
15314858,BNO_ACC,1774,-2700,2,1.91406,-0.19141,9.64844
15324184,BNO_ACC,1775,-4000,2,1.87891,-0.23047,9.65234
15334070,BNO_ACC,1776,-5500,2,1.87891,-0.23047,9.65234
15345873,BNO_ACC,1777,-1400,2,1.80078,-0.15234,9.61328
15355276,BNO_ACC,1778,-3100,2,1.80078,-0.11328,9.57812
15364933,BNO_ACC,1779,-4500,2,1.76172,-0.07812,9.58203
15373601,BNO_ACC,1780,-5000,2,1.76172,-0.07812,9.69141
15377829,BNO_ACC,1781,-2500,2,1.76172,-0.15234,9.64844
15384794,BNO_ACC,1782,-700,2,1.76172,-0.11328,9.64844
15395184,BNO_ACC,1783,-2700,2,1.76172,-0.15234,9.64844
15405096,BNO_ACC,1784,-4500,2,1.72266,-0.07812,9.60938
15413652,BNO_ACC,1785,-4800,2,1.72266,-0.11328,9.64844
15425212,BNO_ACC,1786,-900,2,1.64844,-0.15234,9.65234
15435179,BNO_ACC,1787,-2500,2,1.60938,-0.15234,9.61328
15443080,BNO_ACC,1788,-2000,2,1.64844,-0.23047,9.69141
15453530,BNO_ACC,1789,-4600,2,1.64844,-0.26953,9.76953
15465741,BNO_ACC,1790,-900,2,1.60938,-0.30469,9.69141
15474452,BNO_ACC,1791,-1600,2,1.60938,-0.23047,9.76562
15485258,BNO_ACC,1792,-4300,2,1.57031,-0.23047,9.72656
15493736,BNO_ACC,1793,-4400,2,1.57031,-0.19141,9.57812
15498658,BNO_ACC,1794,-2300,2,1.57031,-0.11328,9.73047
15505529,BNO_ACC,1795,-700,2,1.53125,-0.07812,9.68750
15514622,BNO_ACC,1796,-1000,2,1.53125,-0.15234,9.65234
15525448,BNO_ACC,1797,-4500,2,1.45703,-0.15234,9.69141
15533775,BNO_ACC,1798,-4400,2,1.45703,-0.15234,9.73047
15538703,BNO_ACC,1799,-2300,2,1.41797,-0.11328,9.69141
15545523,BNO_ACC,1800,-500,2,1.41797,-0.15234,9.69141
15554872,BNO_ACC,1801,-1000,2,1.37891,-0.19141,9.72656
15565803,BNO_ACC,1802,-4500,2,1.41797,-0.07812,9.80469
15574016,BNO_ACC,1803,-4400,2,1.33984,-0.03906,9.69141
15578910,BNO_ACC,1804,-2300,2,1.33984,-0.11328,9.69141
15585720,BNO_ACC,1805,-700,2,1.37891,-0.07812,9.76562
15595032,BNO_ACC,1806,-900,2,1.30078,-0.15234,9.80859
15604282,BNO_ACC,1807,-2600,2,1.26562,-0.19141,9.73047
15614159,BNO_ACC,1808,-4400,2,1.26562,-0.19141,9.76562
15619102,BNO_ACC,1809,-2300,2,1.22656,-0.15234,9.76562
15625968,BNO_ACC,1810,-700,2,1.22656,-0.11328,9.73047
15635078,BNO_ACC,1811,-1000,2,1.22656,-0.19141,9.76953
15645996,BNO_ACC,1812,-4500,2,1.22656,-0.19141,9.76953
15654133,BNO_ACC,1813,-4300,2,1.18750,-0.15234,9.73047
15659040,BNO_ACC,1814,-2300,2,1.22656,-0.11328,9.73047
15666072,BNO_ACC,1815,-500,2,1.14844,-0.07812,9.80859
15675117,BNO_ACC,1816,-900,2,1.10938,-0.23047,9.80469
15686098,BNO_ACC,1817,-4300,2,1.07422,-0.19141,9.76562
15694205,BNO_ACC,1818,-4200,2,1.10938,-0.11328,9.80859
15699099,BNO_ACC,1819,-2300,2,1.10938,-0.11328,9.80859
15706123,BNO_ACC,1820,-500,2,1.07422,-0.11328,9.76953
15715333,BNO_ACC,1821,-1000,2,1.03516,-0.07812,9.60938
15726307,BNO_ACC,1822,-4500,2,0.99609,-0.07812,9.69141
15734384,BNO_ACC,1823,-4200,2,0.99609,-0.03906,9.80469
15739315,BNO_ACC,1824,-2300,2,0.99609,-0.11328,9.64844
15746228,BNO_ACC,1825,-500,2,0.95703,-0.11328,9.69141
15755393,BNO_ACC,1826,-1000,2,0.95703,-0.11328,9.76562
15764374,BNO_ACC,1827,-2000,2,0.91797,-0.23047,9.80859
15774875,BNO_ACC,1828,-4600,2,0.95703,-0.15234,9.73047
15786478,BNO_ACC,1829,-700,2,0.91797,-0.15234,9.76562
15795436,BNO_ACC,1830,-1000,2,0.91797,-0.07812,9.69141
15804378,BNO_ACC,1831,-1800,2,0.88281,-0.11328,9.76562
15815093,BNO_ACC,1832,-4400,2,0.88281,-0.15234,9.69141
15826772,BNO_ACC,1833,-700,2,0.88281,-0.11328,9.73047
15835542,BNO_ACC,1834,-1000,2,0.84375,-0.11328,9.73047
15844796,BNO_ACC,1835,-2000,2,0.72656,-0.07812,9.69141
15854822,BNO_ACC,1836,-4200,2,0.76562,-0.03906,9.68750
15864433,BNO_ACC,1837,-5500,2,0.76562,0.03906,9.84375
15866006,BNO_ACC,1838,-700,2,0.76562,0.00000,9.72656
15875792,BNO_ACC,1839,-1000,2,0.69141,-0.15234,9.57812
15885963,BNO_ACC,1840,-3200,2,0.69141,-0.15234,9.72656
15896054,BNO_ACC,1841,-5400,2,0.65234,-0.11328,9.92188
15904465,BNO_ACC,1842,-5500,2,0.65234,-0.15234,9.88672
15907374,BNO_ACC,1843,-1200,2,0.65234,-0.11328,9.84766
15915119,BNO_ACC,1844,-700,2,0.53516,0.07812,10.00391
15926034,BNO_ACC,1845,-3200,2,0.61328,-0.34375,9.60938
15934471,BNO_ACC,1846,-3500,2,0.38281,-0.03906,9.88672
15944768,BNO_ACC,1847,-5700,2,0.69141,-0.19141,9.80469
15946253,BNO_ACC,1848,-500,2,0.49609,-0.23047,9.84375
15955874,BNO_ACC,1849,-1000,2,0.53516,-0.23047,9.92578
15964786,BNO_ACC,1850,-1400,2,0.53516,-0.11328,10.00391
15975287,BNO_ACC,1851,-4000,2,0.53516,-0.07812,10.00391
15988392,BNO_ACC,1852,-1200,2,0.49609,-0.07812,9.92188
15995514,BNO_ACC,1853,-700,2,0.49609,-0.11328,9.92188
16006411,BNO_ACC,1854,-3400,2,0.49609,-0.11328,9.88672
16016262,BNO_ACC,1855,-5100,2,0.46094,-0.23047,9.96094
16024564,BNO_ACC,1856,-5100,2,0.46094,-0.19141,10.00000
16027102,BNO_ACC,1857,-900,2,0.42188,-0.03906,9.92578
16035789,BNO_ACC,1858,-500,2,0.42188,-0.07812,9.80859
16044915,BNO_ACC,1859,-1500,2,0.38281,0.00000,9.76562
16055440,BNO_ACC,1860,-3900,2,0.42188,0.00000,9.72656
16064893,BNO_ACC,1861,-5300,2,0.42188,0.00000,9.68750
16068552,BNO_ACC,1862,-1200,2,0.42188,-0.11328,9.80859
16075616,BNO_ACC,1863,-500,2,0.38281,-0.19141,9.88281
16086611,BNO_ACC,1864,-3100,2,0.46094,-0.11328,9.84766
16096277,BNO_ACC,1865,-4700,2,0.42188,-0.03906,9.76953
16105060,BNO_ACC,1866,-5300,2,0.42188,0.03906,9.80859
16109441,BNO_ACC,1867,-2700,2,0.46094,0.00000,9.88672
16116266,BNO_ACC,1868,-700,2,0.42188,-0.07812,9.88281
16126338,BNO_ACC,1869,-2500,2,0.42188,-0.07812,9.80859
16136392,BNO_ACC,1870,-4700,2,0.38281,-0.03906,9.64844
16145044,BNO_ACC,1871,-5100,2,0.38281,-0.03906,9.64844
16148676,BNO_ACC,1872,-1200,2,0.34375,-0.07812,9.76562
16155877,BNO_ACC,1873,-500,2,0.38281,-0.15234,9.84766
16166889,BNO_ACC,1874,-3100,2,0.38281,-0.11328,9.84766
16175727,BNO_ACC,1875,-4000,2,0.38281,-0.11328,9.80469
16185325,BNO_ACC,1876,-5200,2,0.38281,-0.07812,9.76562
16189449,BNO_ACC,1877,-2300,2,0.38281,0.00000,9.76562
16196414,BNO_ACC,1878,-700,2,0.34375,-0.11328,9.76562
16206598,BNO_ACC,1879,-2700,2,0.34375,-0.15234,9.80469
16216493,BNO_ACC,1880,-4500,2,0.34375,-0.23047,9.76953
16225181,BNO_ACC,1881,-5000,2,0.30469,-0.15234,9.76953
16228860,BNO_ACC,1882,-1200,2,0.38281,-0.11328,9.88672
16236197,BNO_ACC,1883,-700,2,0.30469,-0.03906,9.84375
16247222,BNO_ACC,1884,-3100,2,0.26953,-0.03906,9.80469
16255957,BNO_ACC,1885,-3800,2,0.38281,-0.15234,9.69141
16265656,BNO_ACC,1886,-5200,2,0.34375,0.00000,9.76562
16276966,BNO_ACC,1887,-700,2,0.30469,-0.15234,9.84375
16286048,BNO_ACC,1888,-1600,2,0.34375,-0.19141,9.80859
16297076,BNO_ACC,1889,-4700,2,0.30469,-0.23047,9.84766
16305301,BNO_ACC,1890,-4600,2,0.30469,-0.19141,10.00391
16310233,BNO_ACC,1891,-2300,2,0.34375,-0.15234,10.03125
16317103,BNO_ACC,1892,-700,2,0.26953,-0.15234,9.84766
16326982,BNO_ACC,1893,-2500,2,0.26953,-0.07812,9.84766
16337051,BNO_ACC,1894,-4500,2,0.26953,-0.15234,9.92188
16345603,BNO_ACC,1895,-4800,2,0.26953,-0.11328,9.88672
16357105,BNO_ACC,1896,-700,2,0.26953,-0.15234,9.84766
16366503,BNO_ACC,1897,-1800,2,0.30469,-0.07812,9.84375
16377626,BNO_ACC,1898,-4900,2,0.30469,-0.07812,9.88281
16385958,BNO_ACC,1899,-4900,2,0.30469,-0.07812,9.80859
16390035,BNO_ACC,1900,-2300,2,0.30469,-0.07812,9.76953
16397044,BNO_ACC,1901,-500,2,0.30469,-0.11328,9.80859
16406711,BNO_ACC,1902,-1800,2,0.30469,-0.15234,9.84375
16417915,BNO_ACC,1903,-4900,2,0.30469,-0.15234,9.84375
16425970,BNO_ACC,1904,-4700,2,0.30469,-0.03906,9.80859
16437645,BNO_ACC,1905,-900,2,0.30469,-0.15234,9.80859
16446565,BNO_ACC,1906,-1600,2,0.34375,-0.07812,9.80469
16456117,BNO_ACC,1907,-2800,2,0.34375,0.00000,9.84766
16466090,BNO_ACC,1908,-4800,2,0.30469,-0.07812,9.80859
16477925,BNO_ACC,1909,-700,2,0.30469,-0.07812,9.76953
16486816,BNO_ACC,1910,-1400,2,0.30469,-0.03906,9.72656
16498019,BNO_ACC,1911,-4700,2,0.30469,-0.07812,9.61328
16506150,BNO_ACC,1912,-4600,2,0.30469,-0.11328,9.72656
16518104,BNO_ACC,1913,-700,2,0.30469,-0.11328,9.65234
16527128,BNO_ACC,1914,-1000,2,0.34375,0.00000,9.69141
16535556,BNO_ACC,1915,-1800,2,0.34375,0.03906,9.73047
16546333,BNO_ACC,1916,-4600,2,0.34375,0.00000,9.76562
16558224,BNO_ACC,1917,-700,2,0.30469,-0.15234,9.76953
16567107,BNO_ACC,1918,-1600,2,0.30469,-0.19141,9.76562
16578429,BNO_ACC,1919,-4700,2,0.30469,-0.23047,9.84766
16586601,BNO_ACC,1920,-4800,2,0.26953,-0.19141,9.76953
16598560,BNO_ACC,1921,-900,2,0.23047,-0.15234,9.76953
16607308,BNO_ACC,1922,-1600,2,0.26953,-0.15234,9.76562
16615730,BNO_ACC,1923,-1700,2,0.26953,-0.23047,9.80859
16626703,BNO_ACC,1924,-4500,2,0.23047,-0.19141,9.80469
16638581,BNO_ACC,1925,-700,2,0.26953,-0.23047,9.80859
16647539,BNO_ACC,1926,-900,2,0.23047,-0.19141,9.73047
16655874,BNO_ACC,1927,-1500,2,0.19141,-0.19141,9.73047
16666683,BNO_ACC,1928,-4400,2,0.23047,-0.11328,9.72656
16678568,BNO_ACC,1929,-700,2,0.15234,-0.11328,9.73047
16687407,BNO_ACC,1930,-900,2,0.15234,-0.15234,9.80469
16695872,BNO_ACC,1931,-1400,2,0.11328,-0.19141,9.72656
16706532,BNO_ACC,1932,-4100,2,0.07812,-0.15234,9.80469
16711453,BNO_ACC,1933,-2300,2,0.11328,-0.19141,9.88281
16718557,BNO_ACC,1934,-700,2,0.07812,-0.19141,9.84375
16727651,BNO_ACC,1935,-1000,2,0.15234,-0.19141,9.80859
16737747,BNO_ACC,1936,-3400,2,0.00000,-0.19141,9.92578
16747729,BNO_ACC,1937,-5400,2,0.03906,-0.19141,9.92578
16756204,BNO_ACC,1938,-5700,2,0.07812,-0.23047,9.68750
16757800,BNO_ACC,1939,-500,2,0.00000,-0.15234,9.76562
16767493,BNO_ACC,1940,-900,2,0.00000,-0.19141,9.96094
16776750,BNO_ACC,1941,-2000,2,0.00000,-0.23047,9.96094
16786659,BNO_ACC,1942,-4000,2,0.00000,-0.15234,9.80469
16797074,BNO_ACC,1943,-6300,2,0.00000,-0.15234,9.73047
16798213,BNO_ACC,1944,-900,2,-0.07812,-0.19141,9.80859
16807712,BNO_ACC,1945,-900,2,-0.03906,-0.23047,9.84375
16817920,BNO_ACC,1946,-3200,2,-0.07812,-0.19141,9.84375
16826316,BNO_ACC,1947,-3500,2,-0.15234,-0.19141,9.80859
16836637,BNO_ACC,1948,-5700,2,-0.11328,-0.15234,9.76562
16838203,BNO_ACC,1949,-700,2,-0.11328,-0.19141,9.88281
16847688,BNO_ACC,1950,-1000,2,-0.11328,-0.23047,9.88281
16856831,BNO_ACC,1951,-1800,2,-0.19141,-0.19141,9.92188
16867430,BNO_ACC,1952,-4400,2,-0.15234,-0.23047,9.84375
16879187,BNO_ACC,1953,-500,2,-0.26953,-0.07812,9.73047
16888197,BNO_ACC,1954,-900,2,-0.23047,-0.15234,9.72656
16898038,BNO_ACC,1955,-3100,2,-0.34375,-0.15234,9.69141
16906477,BNO_ACC,1956,-3100,2,-0.30469,-0.23047,9.88672
16916929,BNO_ACC,1957,-5500,2,-0.34375,-0.19141,9.72656
16918626,BNO_ACC,1958,-500,2,-0.26953,-0.30469,9.72656
16927916,BNO_ACC,1959,-900,2,-0.26953,-0.42188,10.07031
16936997,BNO_ACC,1960,-1500,2,-0.26953,-0.42188,10.11328
16947647,BNO_ACC,1961,-4200,2,-0.30469,-0.53516,10.15234
16959456,BNO_ACC,1962,-500,2,-0.34375,-0.26953,9.80469
16968428,BNO_ACC,1963,-900,2,-0.34375,-0.07812,10.03125
16978128,BNO_ACC,1964,-2900,2,-0.42188,-0.11328,10.07031
16988088,BNO_ACC,1965,-4900,2,-0.46094,-0.15234,9.64844
16996798,BNO_ACC,1966,-5300,2,-0.46094,-0.03906,9.58203
17000485,BNO_ACC,1967,-1000,2,-0.46094,-0.03906,9.73047
17007663,BNO_ACC,1968,-700,2,-0.53516,-0.19141,9.76953
17018569,BNO_ACC,1969,-3100,2,-0.49609,-0.23047,9.68750
17028149,BNO_ACC,1970,-4700,2,-0.57422,-0.19141,9.73047
17036794,BNO_ACC,1971,-4900,2,-0.61328,-0.19141,9.72656
17039765,BNO_ACC,1972,-1000,2,-0.61328,-0.30469,9.68750
17047785,BNO_ACC,1973,-700,2,-0.61328,-0.30469,9.72656
17058809,BNO_ACC,1974,-3200,2,-0.61328,-0.26953,9.76562
17068130,BNO_ACC,1975,-4500,2,-0.69141,-0.19141,9.76562
17077624,BNO_ACC,1976,-5700,2,-0.72656,-0.07812,9.64844
17079220,BNO_ACC,1977,-500,2,-0.69141,-0.15234,9.57812
17088106,BNO_ACC,1978,-700,2,-0.76562,-0.26953,9.65234
17099198,BNO_ACC,1979,-3200,2,-0.76562,-0.30469,9.73047
17106804,BNO_ACC,1980,-2800,2,-0.84375,-0.30469,9.68750
17117480,BNO_ACC,1981,-5400,2,-0.84375,-0.30469,9.68750
17129019,BNO_ACC,1982,-900,2,-0.91797,-0.30469,9.80859
17138568,BNO_ACC,1983,-2700,2,-0.88281,-0.26953,9.80469
17148409,BNO_ACC,1984,-4300,2,-0.95703,-0.19141,9.76953
17157154,BNO_ACC,1985,-5000,2,-0.99609,-0.15234,9.76562
17160814,BNO_ACC,1986,-1200,2,-0.99609,-0.03906,9.73047
17168066,BNO_ACC,1987,-700,2,-1.03516,-0.19141,9.72656
17179112,BNO_ACC,1988,-2900,2,-1.03516,-0.19141,9.68750
17186795,BNO_ACC,1989,-2200,2,-1.03516,-0.15234,9.73047
17197285,BNO_ACC,1990,-4800,2,-1.26562,-0.23047,9.80469
17200929,BNO_ACC,1991,-1200,2,-1.18750,-0.30469,9.76953
17208285,BNO_ACC,1992,-700,2,-1.14844,-0.19141,9.69141
17219265,BNO_ACC,1993,-2900,2,-1.18750,-0.15234,9.58203
17228721,BNO_ACC,1994,-4300,2,-1.30078,-0.34375,9.65234
17237322,BNO_ACC,1995,-4600,2,-1.30078,-0.26953,9.80859
17242240,BNO_ACC,1996,-2300,2,-1.22656,-0.15234,9.88672
17249092,BNO_ACC,1997,-700,2,-1.30078,-0.11328,9.76953
17259077,BNO_ACC,1998,-2700,2,-1.30078,-0.19141,9.73047
17266984,BNO_ACC,1999,-2200,2,-1.26562,-0.23047,9.76562
17277538,BNO_ACC,2000,-4600,2,-1.33984,-0.19141,9.76953
17289167,BNO_ACC,2001,-700,2,-1.33984,-0.11328,9.69141
17298192,BNO_ACC,2002,-1400,2,-1.41797,-0.11328,9.69141
17309188,BNO_ACC,2003,-4300,2,-1.37891,-0.15234,9.69141
17317481,BNO_ACC,2004,-4400,2,-1.41797,-0.11328,9.73047
17322426,BNO_ACC,2005,-2300,2,-1.49219,-0.07812,9.76953
17329383,BNO_ACC,2006,-700,2,-1.49219,-0.19141,9.76562
17338486,BNO_ACC,2007,-900,2,-1.45703,-0.26953,9.60938
17347740,BNO_ACC,2008,-2600,2,-1.49219,-0.19141,9.58203
17358185,BNO_ACC,2009,-5000,2,-1.49219,-0.07812,9.53906
17362229,BNO_ACC,2010,-2300,2,-1.49219,-0.07812,9.57812
17369275,BNO_ACC,2011,-700,2,-1.53125,-0.07812,9.61328
17378471,BNO_ACC,2012,-1000,2,-1.53125,-0.11328,9.68750
17389412,BNO_ACC,2013,-4300,2,-1.57031,-0.11328,9.76562
17397915,BNO_ACC,2014,-4400,2,-1.60938,-0.23047,9.76562
17402818,BNO_ACC,2015,-2300,2,-1.53125,-0.26953,9.61328
17409686,BNO_ACC,2016,-700,2,-1.64844,-0.26953,9.61328
17418612,BNO_ACC,2017,-1000,2,-1.60938,-0.15234,9.57812
17427851,BNO_ACC,2018,-2400,2,-1.64844,-0.11328,9.46094
17438439,BNO_ACC,2019,-5000,2,-1.72266,-0.23047,9.53906
17449751,BNO_ACC,2020,-700,2,-1.72266,-0.15234,9.54297
17458775,BNO_ACC,2021,-900,2,-1.80078,-0.23047,9.60938
17467887,BNO_ACC,2022,-2200,2,-1.80078,-0.11328,9.72656
17478161,BNO_ACC,2023,-4400,2,-1.87891,-0.15234,9.73047
17489954,BNO_ACC,2024,-700,2,-1.91406,-0.19141,9.46484
17498986,BNO_ACC,2025,-900,2,-1.95312,-0.15234,9.50000
17508070,BNO_ACC,2026,-2200,2,-1.99219,-0.15234,9.61328
17518411,BNO_ACC,2027,-4600,2,-2.03125,-0.11328,9.65234
17530083,BNO_ACC,2028,-700,2,-2.10547,-0.19141,9.57812
17538987,BNO_ACC,2029,-1000,2,-2.07031,-0.23047,9.68750
17548119,BNO_ACC,2030,-2000,2,-2.18359,-0.11328,9.61328
17558475,BNO_ACC,2031,-4400,2,-2.18359,-0.15234,9.65234
17570132,BNO_ACC,2032,-500,2,-2.22266,-0.15234,9.54297
17579259,BNO_ACC,2033,-1000,2,-2.26172,-0.15234,9.54297
17588524,BNO_ACC,2034,-2200,2,-2.26172,-0.11328,9.60938
17598273,BNO_ACC,2035,-4100,2,-2.29688,-0.07812,9.73047
17603228,BNO_ACC,2036,-2300,2,-2.33594,-0.15234,9.68750
17610345,BNO_ACC,2037,-500,2,-2.33594,-0.23047,9.54297
17619564,BNO_ACC,2038,-1000,2,-2.29688,-0.23047,9.46094
17629601,BNO_ACC,2039,-3400,2,-2.29688,-0.11328,9.54297
17638147,BNO_ACC,2040,-3900,2,-2.29688,-0.11328,9.54297
17648643,BNO_ACC,2041,-6100,2,-2.22266,-0.15234,9.46484
17649760,BNO_ACC,2042,-700,2,-2.41406,-0.11328,9.65234
17659428,BNO_ACC,2043,-1000,2,-2.37500,-0.19141,9.69141
17668454,BNO_ACC,2044,-1800,2,-2.33594,-0.03906,9.42578
17678997,BNO_ACC,2045,-4400,2,-2.37500,-0.15234,9.46094
17690817,BNO_ACC,2046,-700,2,-2.37500,-0.15234,9.50000
17699827,BNO_ACC,2047,-900,2,-2.37500,-0.15234,9.42578
17709833,BNO_ACC,2048,-3200,2,-2.41406,-0.15234,9.50000
17718325,BNO_ACC,2049,-3500,2,-2.41406,-0.07812,9.53906
17728783,BNO_ACC,2050,-6100,2,-2.37500,-0.11328,9.34375
17730107,BNO_ACC,2051,-700,2,-2.41406,-0.07812,9.30859
17739647,BNO_ACC,2052,-1000,2,-2.41406,-0.03906,9.34375
17749829,BNO_ACC,2053,-3100,2,-2.45312,-0.19141,9.38672
17759913,BNO_ACC,2054,-5100,2,-2.45312,-0.23047,9.42188
17768635,BNO_ACC,2055,-5500,2,-2.45312,-0.23047,9.46484
17770182,BNO_ACC,2056,-500,2,-2.45312,-0.30469,9.38672
17779483,BNO_ACC,2057,-700,2,-2.48828,-0.38281,9.42578
17790121,BNO_ACC,2058,-3200,2,-2.48828,-0.38281,9.46094
17798267,BNO_ACC,2059,-3300,2,-2.48828,-0.34375,9.53906
17808918,BNO_ACC,2060,-5700,2,-2.52734,-0.30469,9.46484
17810393,BNO_ACC,2061,-500,2,-2.48828,-0.19141,9.34766
17819547,BNO_ACC,2062,-700,2,-2.48828,-0.03906,9.22656
17828712,BNO_ACC,2063,-1500,2,-2.48828,0.00000,9.15625
17839292,BNO_ACC,2064,-4000,2,-2.56641,-0.03906,9.34766
17848826,BNO_ACC,2065,-5500,2,-2.56641,-0.11328,9.46484
17852379,BNO_ACC,2066,-1400,2,-2.60547,-0.07812,9.30469
17859367,BNO_ACC,2067,-500,2,-2.64453,-0.23047,9.34766
17870383,BNO_ACC,2068,-3100,2,-2.67969,-0.34375,9.34766
17879935,BNO_ACC,2069,-4700,2,-2.71875,-0.30469,9.46484
17888713,BNO_ACC,2070,-5100,2,-2.71875,-0.23047,9.38672
17892391,BNO_ACC,2071,-1400,2,-2.75781,-0.11328,9.42578
17899574,BNO_ACC,2072,-700,2,-2.83594,-0.11328,9.46094
17909861,BNO_ACC,2073,-2700,2,-2.79688,-0.07812,9.30469
17919519,BNO_ACC,2074,-3900,2,-2.83594,0.00000,9.22656
17929011,BNO_ACC,2075,-5300,2,-2.83594,-0.07812,9.30859
17933084,BNO_ACC,2076,-2300,2,-2.87109,-0.11328,9.30859
17939948,BNO_ACC,2077,-700,2,-2.91016,-0.15234,9.30859
17949140,BNO_ACC,2078,-1300,2,-3.02734,-0.26953,9.42578
17960355,BNO_ACC,2079,-4700,2,-3.02734,-0.30469,9.38672
17968783,BNO_ACC,2080,-4900,2,-3.06641,-0.26953,9.30469
17971586,BNO_ACC,2081,-1000,2,-3.10156,-0.26953,9.30859
17979842,BNO_ACC,2082,-500,2,-3.14062,-0.19141,9.38281
17990798,BNO_ACC,2083,-3100,2,-3.10156,-0.15234,9.19922
17998595,BNO_ACC,2084,-2600,2,-3.17969,-0.07812,8.84766
18009168,BNO_ACC,2085,-5200,2,-3.14062,-0.38281,9.58203
18013419,BNO_ACC,2086,-2500,2,-3.25781,0.00000,9.50000
18020295,BNO_ACC,2087,-500,2,-3.21875,-0.11328,9.26953
18029641,BNO_ACC,2088,-1800,2,-3.21875,-0.23047,9.30469
18040615,BNO_ACC,2089,-4700,2,-3.21875,-0.19141,9.12109
18048788,BNO_ACC,2090,-4500,2,-3.21875,-0.15234,9.15625
18053718,BNO_ACC,2091,-2300,2,-3.29297,-0.19141,9.30469
18060581,BNO_ACC,2092,-700,2,-3.33203,-0.26953,9.26953
18070667,BNO_ACC,2093,-2500,2,-3.33203,-0.23047,9.08203
18080475,BNO_ACC,2094,-4300,2,-3.29297,-0.11328,9.07812
18089115,BNO_ACC,2095,-4800,2,-3.25781,-0.11328,9.07812
18093515,BNO_ACC,2096,-2500,2,-3.37109,-0.15234,9.07812
18100614,BNO_ACC,2097,-700,2,-3.41016,-0.26953,9.22656
18110025,BNO_ACC,2098,-1800,2,-3.41016,-0.19141,9.38672
18121136,BNO_ACC,2099,-4900,2,-3.41016,-0.15234,9.30859
18129007,BNO_ACC,2100,-4400,2,-3.41016,-0.26953,9.19922
18133919,BNO_ACC,2101,-2300,2,-3.44922,-0.34375,9.16016
18140892,BNO_ACC,2102,-700,2,-3.44922,-0.26953,9.00391
18150045,BNO_ACC,2103,-1600,2,-3.44922,-0.07812,8.88672
18159474,BNO_ACC,2104,-2800,2,-3.44922,-0.11328,9.08203
18169818,BNO_ACC,2105,-5100,2,-3.56250,-0.19141,9.23047
18173896,BNO_ACC,2106,-2300,2,-3.64062,-0.19141,9.19922
18180959,BNO_ACC,2107,-700,2,-3.60156,-0.23047,9.12109
18190217,BNO_ACC,2108,-1800,2,-3.60156,-0.19141,9.04297
18201101,BNO_ACC,2109,-4500,2,-3.64062,-0.15234,8.96484
18209338,BNO_ACC,2110,-4400,2,-3.71484,-0.23047,8.88672
18214263,BNO_ACC,2111,-2300,2,-3.71484,-0.30469,8.92188
18221354,BNO_ACC,2112,-500,2,-3.71484,-0.26953,9.19922
18230205,BNO_ACC,2113,-1600,2,-3.79297,-0.11328,9.11719
18239527,BNO_ACC,2114,-2400,2,-3.75391,-0.23047,9.00391
18249933,BNO_ACC,2115,-4800,2,-3.75391,-0.26953,8.84375
18253993,BNO_ACC,2116,-2500,2,-3.79297,-0.23047,8.84766
18261155,BNO_ACC,2117,-700,2,-3.79297,-0.19141,8.84766
18270497,BNO_ACC,2118,-900,2,-3.79297,-0.15234,8.92578
18281486,BNO_ACC,2119,-4500,2,-3.83203,-0.07812,9.00000
18289563,BNO_ACC,2120,-4300,2,-3.86719,-0.07812,9.04297
18294470,BNO_ACC,2121,-2300,2,-3.94531,-0.11328,9.11719
18301445,BNO_ACC,2122,-500,2,-3.90625,-0.19141,9.00000
18310539,BNO_ACC,2123,-1000,2,-3.94531,-0.19141,8.88672
18321551,BNO_ACC,2124,-4500,2,-3.90625,-0.15234,8.92188
18329674,BNO_ACC,2125,-4200,2,-3.94531,-0.19141,8.92188
18334595,BNO_ACC,2126,-2300,2,-4.02344,-0.19141,8.88281
18341540,BNO_ACC,2127,-700,2,-3.98438,-0.11328,8.88672
18350762,BNO_ACC,2128,-900,2,-4.06250,-0.19141,8.96484
18361657,BNO_ACC,2129,-4300,2,-4.09766,-0.15234,9.00000
18369685,BNO_ACC,2130,-4100,2,-4.09766,-0.19141,9.04297
18374618,BNO_ACC,2131,-2300,2,-4.09766,-0.23047,8.96484
18381562,BNO_ACC,2132,-500,2,-4.13672,-0.23047,8.84766
18390894,BNO_ACC,2133,-1000,2,-4.09766,-0.15234,8.81641
18401940,BNO_ACC,2134,-4500,2,-4.13672,-0.19141,8.77734
18410150,BNO_ACC,2135,-4300,2,-4.13672,-0.19141,8.77734
18421977,BNO_ACC,2136,-500,2,-4.09766,-0.15234,8.81641
18431003,BNO_ACC,2137,-1000,2,-4.09766,-0.15234,8.88281
18442134,BNO_ACC,2138,-4300,2,-4.13672,-0.23047,8.92188
18450090,BNO_ACC,2139,-4200,2,-4.17578,-0.19141,8.88281
18455017,BNO_ACC,2140,-2300,2,-4.17578,-0.19141,8.84375
18462076,BNO_ACC,2141,-500,2,-4.17578,-0.11328,8.84766
18471040,BNO_ACC,2142,-900,2,-4.17578,-0.11328,8.92188
18480227,BNO_ACC,2143,-2200,2,-4.21484,-0.07812,8.81641
18490742,BNO_ACC,2144,-4600,2,-4.17578,-0.15234,8.73828
18502452,BNO_ACC,2145,-700,2,-4.21484,-0.26953,8.69922
18511384,BNO_ACC,2146,-1000,2,-4.21484,-0.26953,8.69922
18520651,BNO_ACC,2147,-2500,2,-4.25391,-0.23047,8.66016
18530308,BNO_ACC,2148,-4100,2,-4.25391,-0.15234,8.65625
18535216,BNO_ACC,2149,-2300,2,-4.21484,-0.15234,8.57812
18542332,BNO_ACC,2150,-500,2,-4.32812,-0.23047,8.65625
18551582,BNO_ACC,2151,-1000,2,-4.40625,-0.15234,9.00391
18560784,BNO_ACC,2152,-2500,2,-4.36719,-0.42188,8.77344
18570441,BNO_ACC,2153,-4100,2,-4.40625,-0.34375,8.73828
18575353,BNO_ACC,2154,-2300,2,-4.40625,-0.26953,8.77734
18582759,BNO_ACC,2155,-700,2,-4.44531,-0.26953,8.81641
18591313,BNO_ACC,2156,-900,2,-4.51953,-0.19141,8.92578
18600349,BNO_ACC,2157,-1800,2,-4.44531,-0.15234,8.84375
18610920,BNO_ACC,2158,-4200,2,-4.44531,-0.15234,8.69922
18622713,BNO_ACC,2159,-500,2,-4.40625,-0.03906,8.58203
18631919,BNO_ACC,2160,-1000,2,-4.44531,-0.07812,8.61719
18641664,BNO_ACC,2161,-3200,2,-4.48047,-0.19141,8.62109
18650155,BNO_ACC,2162,-3300,2,-4.48047,-0.30469,8.54297
18660543,BNO_ACC,2163,-5700,2,-4.51953,-0.26953,8.58203
18662168,BNO_ACC,2164,-700,2,-4.55859,-0.23047,8.65625
18671356,BNO_ACC,2165,-900,2,-4.55859,-0.19141,8.65625
18680629,BNO_ACC,2166,-1900,2,-4.59766,-0.15234,8.69922
18691145,BNO_ACC,2167,-4200,2,-4.67188,-0.15234,8.73438
18702993,BNO_ACC,2168,-500,2,-4.59766,-0.11328,8.53906
18712205,BNO_ACC,2169,-900,2,-4.55859,-0.15234,8.42188
18721808,BNO_ACC,2170,-2900,2,-4.59766,-0.19141,8.42188
18730346,BNO_ACC,2171,-3100,2,-4.63672,-0.23047,8.50391
18740786,BNO_ACC,2172,-5500,2,-4.59766,-0.23047,8.42188
18742331,BNO_ACC,2173,-700,2,-4.71094,-0.26953,8.31250
18751612,BNO_ACC,2174,-500,2,-4.63672,-0.23047,8.31250
18760672,BNO_ACC,2175,-1300,2,-4.63672,-0.07812,8.46094
18771365,BNO_ACC,2176,-4000,2,-4.82812,-0.07812,8.58203
18780870,BNO_ACC,2177,-5500,2,-4.78906,-0.15234,8.46484
18784927,BNO_ACC,2178,-2500,2,-4.78906,-0.15234,8.58203
18791789,BNO_ACC,2179,-500,2,-4.94141,-0.19141,8.69531
18800908,BNO_ACC,2180,-1300,2,-4.82812,-0.19141,8.61719
18812171,BNO_ACC,2181,-4900,2,-4.94141,-0.07812,8.53906
18820711,BNO_ACC,2182,-5100,2,-4.82812,-0.15234,8.54297
18824936,BNO_ACC,2183,-2500,2,-4.82812,-0.11328,8.50391
18832066,BNO_ACC,2184,-700,2,-4.86328,-0.11328,8.42188
18841920,BNO_ACC,2185,-2700,2,-4.90234,-0.34375,8.50391
18852039,BNO_ACC,2186,-4500,2,-4.86328,-0.46094,8.42188
18860757,BNO_ACC,2187,-5000,2,-4.71094,-0.34375,8.39453
18864383,BNO_ACC,2188,-1200,2,-5.13281,-0.07812,8.39453
18871630,BNO_ACC,2189,-700,2,-4.86328,-0.15234,8.42188
18882647,BNO_ACC,2190,-3200,2,-5.09375,-0.03906,8.46484
18892020,BNO_ACC,2191,-4500,2,-4.94141,-0.15234,8.31641
18900697,BNO_ACC,2192,-4800,2,-4.98047,-0.23047,8.23828
18903332,BNO_ACC,2193,-900,2,-4.98047,-0.15234,8.15625
18911897,BNO_ACC,2194,-700,2,-5.01953,-0.15234,8.27734
18922978,BNO_ACC,2195,-3200,2,-5.01953,-0.15234,8.31250
18932188,BNO_ACC,2196,-4500,2,-4.98047,-0.19141,8.27734
18940924,BNO_ACC,2197,-4800,2,-5.05469,-0.19141,8.23828
18944568,BNO_ACC,2198,-1200,2,-5.09375,-0.19141,8.31641
18951766,BNO_ACC,2199,-700,2,-5.05469,-0.26953,8.23438
18962726,BNO_ACC,2200,-2900,2,-5.13281,-0.30469,8.27344
18972251,BNO_ACC,2201,-4500,2,-5.13281,-0.38281,8.27734
18980934,BNO_ACC,2202,-4600,2,-5.09375,-0.30469,8.23438
18985302,BNO_ACC,2203,-2500,2,-5.13281,-0.26953,8.27734
18992237,BNO_ACC,2204,-500,2,-5.17188,-0.19141,8.31250
19001832,BNO_ACC,2205,-1800,2,-5.17188,-0.07812,8.19922
19012726,BNO_ACC,2206,-4500,2,-5.21094,-0.11328,8.23828
19021012,BNO_ACC,2207,-4500,2,-5.25000,-0.11328,8.19531
19025946,BNO_ACC,2208,-2300,2,-5.21094,-0.15234,8.12109
19032969,BNO_ACC,2209,-900,2,-5.25000,-0.19141,8.11719
19041711,BNO_ACC,2210,-1400,2,-5.28516,-0.19141,8.15625
19052824,BNO_ACC,2211,-4500,2,-5.32422,-0.26953,8.11719
19061184,BNO_ACC,2212,-4600,2,-5.28516,-0.23047,7.96875
19066092,BNO_ACC,2213,-2300,2,-5.28516,-0.11328,8.04297
19072910,BNO_ACC,2214,-500,2,-5.44141,-0.07812,8.19922
19081909,BNO_ACC,2215,-1400,2,-5.40234,-0.15234,8.12109
19092844,BNO_ACC,2216,-4500,2,-5.40234,-0.19141,8.03906
19101219,BNO_ACC,2217,-4400,2,-5.47656,-0.19141,8.03906
19106150,BNO_ACC,2218,-2100,2,-5.51562,-0.15234,8.07812
19113196,BNO_ACC,2219,-700,2,-5.47656,-0.15234,8.08203
19122352,BNO_ACC,2220,-900,2,-5.55469,-0.07812,8.07812
19133433,BNO_ACC,2221,-4700,2,-5.70703,-0.15234,8.16016
19141306,BNO_ACC,2222,-4400,2,-5.63281,-0.26953,8.19531
19146245,BNO_ACC,2223,-2300,2,-5.55469,-0.26953,7.96875
19153073,BNO_ACC,2224,-700,2,-5.51562,-0.23047,7.92969
19162294,BNO_ACC,2225,-1000,2,-5.59375,-0.15234,8.00781
19173132,BNO_ACC,2226,-4300,2,-5.59375,-0.15234,8.00781
19181482,BNO_ACC,2227,-4400,2,-5.63281,-0.11328,8.00781
19186398,BNO_ACC,2228,-2300,2,-5.66797,0.00000,8.00781
19193404,BNO_ACC,2229,-700,2,-5.70703,0.03906,8.00781
19202275,BNO_ACC,2230,-1000,2,-5.70703,-0.03906,7.92969
19212899,BNO_ACC,2231,-4000,2,-5.63281,-0.11328,7.85547
19221405,BNO_ACC,2232,-4100,2,-5.66797,-0.11328,7.81641
19226316,BNO_ACC,2233,-2300,2,-5.70703,-0.19141,7.93359
19233243,BNO_ACC,2234,-500,2,-5.70703,-0.19141,7.93359
19242615,BNO_ACC,2235,-1000,2,-5.63281,0.00000,7.92969
19253550,BNO_ACC,2236,-4300,2,-5.66797,-0.03906,7.85547
19261568,BNO_ACC,2237,-4300,2,-5.66797,-0.19141,7.81250
19266518,BNO_ACC,2238,-2300,2,-5.66797,-0.26953,7.81641
19273431,BNO_ACC,2239,-700,2,-5.66797,-0.26953,7.92969
19282661,BNO_ACC,2240,-1000,2,-5.70703,-0.30469,7.93359
19293384,BNO_ACC,2241,-4000,2,-5.74609,-0.26953,7.97266
19301715,BNO_ACC,2242,-4300,2,-5.70703,-0.19141,7.96875
19306637,BNO_ACC,2243,-2300,2,-5.70703,-0.15234,8.00781
19313625,BNO_ACC,2244,-500,2,-5.74609,-0.11328,7.97266
19322789,BNO_ACC,2245,-1000,2,-5.66797,-0.19141,8.01172
19331762,BNO_ACC,2246,-2000,2,-5.66797,-0.11328,7.97266
19342360,BNO_ACC,2247,-4600,2,-5.66797,-0.11328,7.92969
19354109,BNO_ACC,2248,-700,2,-5.63281,-0.07812,7.85547
19363004,BNO_ACC,2249,-1000,2,-5.63281,-0.15234,7.81641
19371342,BNO_ACC,2250,-1500,2,-5.59375,-0.15234,7.77344
19382055,BNO_ACC,2251,-4200,2,-5.63281,-0.11328,7.81641
19387000,BNO_ACC,2252,-2300,2,-5.70703,-0.07812,7.85547
19394065,BNO_ACC,2253,-700,2,-5.66797,-0.07812,7.92969
19403158,BNO_ACC,2254,-1000,2,-5.66797,-0.11328,7.85547
19411439,BNO_ACC,2255,-1400,2,-5.66797,-0.11328,7.77344
19422209,BNO_ACC,2256,-4200,2,-5.66797,-0.11328,7.73438
19431910,BNO_ACC,2257,-5600,2,-5.66797,-0.15234,7.85547
19433408,BNO_ACC,2258,-700,2,-5.66797,-0.19141,7.85156
19443024,BNO_ACC,2259,-1000,2,-5.70703,-0.19141,7.96875
19452269,BNO_ACC,2260,-2000,2,-5.74609,-0.11328,8.00781
19462225,BNO_ACC,2261,-4000,2,-5.66797,-0.19141,7.85156
19467164,BNO_ACC,2262,-2300,2,-5.66797,-0.30469,7.69531
19474324,BNO_ACC,2263,-500,2,-5.63281,-0.26953,7.81641
19483410,BNO_ACC,2264,-1000,2,-5.70703,-0.15234,7.85547
19493550,BNO_ACC,2265,-3400,2,-5.66797,-0.15234,7.77344
19502008,BNO_ACC,2266,-3700,2,-5.63281,-0.15234,7.69922
19512503,BNO_ACC,2267,-5900,2,-5.63281,-0.15234,7.81641
19513826,BNO_ACC,2268,-700,2,-5.66797,-0.15234,7.92969
19523507,BNO_ACC,2269,-900,2,-5.70703,-0.11328,7.97266
19532769,BNO_ACC,2270,-2500,2,-5.70703,-0.19141,7.93359
19542569,BNO_ACC,2271,-3900,2,-5.70703,-0.19141,7.89453
19552430,BNO_ACC,2272,-5900,2,-5.66797,-0.11328,7.89062
19553835,BNO_ACC,2273,-500,2,-5.70703,-0.19141,7.93359
19563457,BNO_ACC,2274,-1000,2,-5.74609,-0.23047,7.93359
19573083,BNO_ACC,2275,-2500,2,-5.70703,-0.23047,7.85156
19582843,BNO_ACC,2276,-4000,2,-5.70703,-0.19141,7.89453
19592604,BNO_ACC,2277,-5700,2,-5.70703,-0.19141,7.96875
19593927,BNO_ACC,2278,-700,2,-5.70703,-0.19141,7.96875
19603753,BNO_ACC,2279,-1000,2,-5.74609,-0.23047,7.93359
19613933,BNO_ACC,2280,-3400,2,-5.70703,-0.23047,7.93359
19624000,BNO_ACC,2281,-5300,2,-5.66797,-0.19141,7.85156
19632545,BNO_ACC,2282,-5700,2,-5.66797,-0.19141,7.85156
19634220,BNO_ACC,2283,-500,2,-5.63281,-0.19141,7.85156
19643824,BNO_ACC,2284,-900,2,-5.66797,-0.11328,7.92969
19654001,BNO_ACC,2285,-3200,2,-5.70703,-0.07812,7.92969
19664138,BNO_ACC,2286,-5300,2,-5.66797,-0.15234,7.85547
19672508,BNO_ACC,2287,-5500,2,-5.63281,-0.15234,7.81641
19676718,BNO_ACC,2288,-2700,2,-5.63281,-0.15234,7.89062
19683680,BNO_ACC,2289,-900,2,-5.66797,-0.15234,7.92969
19694074,BNO_ACC,2290,-3100,2,-5.70703,-0.11328,7.92969
19702436,BNO_ACC,2291,-3100,2,-5.66797,-0.19141,7.85156
19712944,BNO_ACC,2292,-5500,2,-5.63281,-0.19141,7.77734
19714642,BNO_ACC,2293,-700,2,-5.63281,-0.15234,7.77344
19723965,BNO_ACC,2294,-700,2,-5.63281,-0.23047,7.85156
19733413,BNO_ACC,2295,-2300,2,-5.66797,-0.26953,7.81641
19743172,BNO_ACC,2296,-3800,2,-5.63281,-0.19141,7.81250
19752787,BNO_ACC,2297,-5300,2,-5.66797,-0.19141,7.85156
19757033,BNO_ACC,2298,-2500,2,-5.63281,-0.15234,7.89062
19763962,BNO_ACC,2299,-700,2,-5.63281,-0.15234,7.92969
19774251,BNO_ACC,2300,-2900,2,-5.66797,-0.26953,7.85547
19784131,BNO_ACC,2301,-4700,2,-5.70703,-0.23047,7.89453
19792730,BNO_ACC,2302,-5100,2,-5.66797,-0.19141,7.93359
19797101,BNO_ACC,2303,-2700,2,-5.66797,-0.11328,7.92969
19803947,BNO_ACC,2304,-700,2,-5.66797,-0.07812,7.92969
19814223,BNO_ACC,2305,-2700,2,-5.70703,-0.11328,7.97266
19824330,BNO_ACC,2306,-4700,2,-5.74609,-0.19141,7.96875
19832804,BNO_ACC,2307,-4900,2,-5.66797,-0.23047,7.93359
19837062,BNO_ACC,2308,-2500,2,-5.63281,-0.26953,7.89062
19844064,BNO_ACC,2309,-500,2,-5.66797,-0.23047,7.93359
19854501,BNO_ACC,2310,-2900,2,-5.66797,-0.23047,8.01172
19864395,BNO_ACC,2311,-4700,2,-5.66797,-0.19141,8.03906
19872867,BNO_ACC,2312,-4800,2,-5.63281,-0.26953,8.00781
19876624,BNO_ACC,2313,-1200,2,-5.63281,-0.26953,8.04297
19884000,BNO_ACC,2314,-700,2,-5.66797,-0.19141,8.11719
19895296,BNO_ACC,2315,-3400,2,-5.63281,-0.15234,8.08203
19904747,BNO_ACC,2316,-4700,2,-5.55469,-0.19141,8.04297
19912762,BNO_ACC,2317,-4600,2,-5.55469,-0.15234,7.96875
19925024,BNO_ACC,2318,-900,2,-5.59375,-0.26953,7.65625
19933654,BNO_ACC,2319,-1800,2,-5.36328,-0.46094,7.73438
19942999,BNO_ACC,2320,-2600,2,-5.63281,-0.15234,8.19531
19953409,BNO_ACC,2321,-5000,2,-5.51562,-0.19141,8.27734
19957478,BNO_ACC,2322,-2300,2,-5.55469,-0.19141,8.16016
19964411,BNO_ACC,2323,-700,2,-5.44141,-0.07812,8.19922
19973778,BNO_ACC,2324,-1600,2,-5.55469,-0.07812,7.81250
19984681,BNO_ACC,2325,-4300,2,-5.28516,-0.30469,7.77734
19993078,BNO_ACC,2326,-4400,2,-5.51562,0.00000,8.11719
19998018,BNO_ACC,2327,-2300,2,-5.40234,-0.11328,8.04297
20005082,BNO_ACC,2328,-700,2,-5.44141,-0.19141,8.04297
20014195,BNO_ACC,2329,-1000,2,-5.47656,-0.11328,8.08203
20025263,BNO_ACC,2330,-4700,2,-5.47656,-0.15234,8.16016
20033203,BNO_ACC,2331,-4400,2,-5.44141,-0.23047,8.12109
20038128,BNO_ACC,2332,-2300,2,-5.44141,-0.26953,8.01172
20044967,BNO_ACC,2333,-700,2,-5.44141,-0.30469,8.00781
20054274,BNO_ACC,2334,-1000,2,-5.40234,-0.19141,7.96875
20065371,BNO_ACC,2335,-4700,2,-5.36328,-0.34375,8.00781
20073483,BNO_ACC,2336,-4400,2,-5.40234,-0.49609,7.89062
20078389,BNO_ACC,2337,-2100,2,-5.36328,-0.38281,7.89062
20085479,BNO_ACC,2338,-700,2,-5.40234,-0.26953,8.00781
20094411,BNO_ACC,2339,-1000,2,-5.40234,-0.34375,7.97266
20105528,BNO_ACC,2340,-4500,2,-5.32422,-0.23047,7.92969
20113525,BNO_ACC,2341,-4500,2,-5.28516,-0.11328,8.04297
20118432,BNO_ACC,2342,-2300,2,-5.40234,-0.19141,8.23438
20125343,BNO_ACC,2343,-500,2,-5.40234,-0.23047,8.15625
20134368,BNO_ACC,2344,-1000,2,-5.36328,-0.23047,8.15625
20145365,BNO_ACC,2345,-4500,2,-5.32422,-0.23047,8.00781
20153677,BNO_ACC,2346,-4400,2,-5.28516,-0.19141,8.07812
20158590,BNO_ACC,2347,-2300,2,-5.32422,-0.19141,8.16016
20165557,BNO_ACC,2348,-700,2,-5.32422,-0.15234,8.23438
20174521,BNO_ACC,2349,-1000,2,-5.32422,-0.23047,8.12109
20185635,BNO_ACC,2350,-4300,2,-5.28516,-0.26953,8.08203
20193638,BNO_ACC,2351,-4200,2,-5.36328,-0.23047,8.11719
20198575,BNO_ACC,2352,-2300,2,-5.36328,-0.23047,8.19922
20205666,BNO_ACC,2353,-700,2,-5.40234,-0.15234,8.16016
20214751,BNO_ACC,2354,-1000,2,-5.36328,-0.26953,7.77344
20225769,BNO_ACC,2355,-4300,2,-5.25000,-0.15234,8.27734
20233921,BNO_ACC,2356,-4400,2,-5.44141,-0.07812,8.42578
20238825,BNO_ACC,2357,-2300,2,-5.25000,-0.23047,7.93359
20245789,BNO_ACC,2358,-700,2,-5.21094,-0.26953,8.04297
20254888,BNO_ACC,2359,-900,2,-5.32422,-0.15234,8.31641
20264785,BNO_ACC,2360,-3200,2,-5.28516,-0.23047,8.31641
20274264,BNO_ACC,2361,-4600,2,-5.25000,-0.23047,8.15625
20285879,BNO_ACC,2362,-500,2,-5.21094,-0.03906,8.35156
20294613,BNO_ACC,2363,-1000,2,-5.17188,-0.11328,8.31641
20303777,BNO_ACC,2364,-2000,2,-5.17188,-0.26953,8.23438
20314358,BNO_ACC,2365,-4400,2,-5.21094,-0.30469,8.27344
20325972,BNO_ACC,2366,-500,2,-5.25000,-0.03906,8.46484
20335022,BNO_ACC,2367,-1000,2,-5.21094,-0.11328,8.39453
20345395,BNO_ACC,2368,-3600,2,-5.09375,-0.07812,8.12109
20353657,BNO_ACC,2369,-3500,2,-5.01953,-0.03906,8.16016
20364142,BNO_ACC,2370,-5900,2,-5.05469,-0.19141,8.19531
20365467,BNO_ACC,2371,-700,2,-5.05469,-0.19141,8.27734
20375028,BNO_ACC,2372,-1000,2,-5.01953,-0.23047,8.35547
20384013,BNO_ACC,2373,-1800,2,-5.01953,-0.34375,8.39453
20394454,BNO_ACC,2374,-4200,2,-5.09375,-0.30469,8.50000
20406348,BNO_ACC,2375,-500,2,-4.98047,-0.30469,8.50391
20415625,BNO_ACC,2376,-900,2,-4.98047,-0.30469,8.50391
20425432,BNO_ACC,2377,-3200,2,-4.90234,-0.23047,8.50000
20435475,BNO_ACC,2378,-5300,2,-5.01953,-0.30469,8.39062
20443823,BNO_ACC,2379,-5300,2,-5.01953,-0.34375,8.42188
20446334,BNO_ACC,2380,-700,2,-4.90234,-0.19141,8.27344
20455083,BNO_ACC,2381,-700,2,-4.86328,-0.15234,8.27734
20464199,BNO_ACC,2382,-1500,2,-4.94141,-0.26953,8.42578
20474750,BNO_ACC,2383,-4200,2,-4.90234,-0.23047,8.39062
20486680,BNO_ACC,2384,-500,2,-4.86328,-0.03906,8.39453
20495885,BNO_ACC,2385,-900,2,-4.82812,-0.15234,8.27734
20505494,BNO_ACC,2386,-3100,2,-4.78906,-0.11328,8.19531
20514162,BNO_ACC,2387,-3300,2,-4.67188,-0.26953,8.23438
20524731,BNO_ACC,2388,-5700,2,-4.98047,-0.03906,8.35547
20526048,BNO_ACC,2389,-700,2,-4.90234,-0.23047,8.69922
20535338,BNO_ACC,2390,-700,2,-4.75000,-0.23047,8.42578
20544423,BNO_ACC,2391,-1700,2,-4.90234,-0.23047,8.50000
20554943,BNO_ACC,2392,-4000,2,-4.94141,-0.26953,8.65625
20564373,BNO_ACC,2393,-5300,2,-4.78906,-0.19141,8.57812
20568030,BNO_ACC,2394,-1400,2,-4.75000,-0.19141,8.35547
20575033,BNO_ACC,2395,-500,2,-4.75000,-0.23047,8.39062
20586073,BNO_ACC,2396,-3200,2,-4.75000,-0.23047,8.53906
20595650,BNO_ACC,2397,-4700,2,-4.71094,-0.30469,8.42578
20604322,BNO_ACC,2398,-5100,2,-4.82812,0.00000,8.50391
20608008,BNO_ACC,2399,-1200,2,-4.67188,-0.11328,8.39062
20615233,BNO_ACC,2400,-700,2,-4.59766,-0.23047,8.35156
20626289,BNO_ACC,2401,-3400,2,-4.59766,-0.23047,8.39453
20635752,BNO_ACC,2402,-4700,2,-4.71094,-0.03906,8.54297
20644615,BNO_ACC,2403,-5100,2,-4.71094,-0.15234,8.58203
20648851,BNO_ACC,2404,-2500,2,-4.67188,-0.11328,8.57812
20656027,BNO_ACC,2405,-900,2,-4.71094,0.03906,8.69531
20665851,BNO_ACC,2406,-2500,2,-4.67188,-0.07812,8.77344
20675995,BNO_ACC,2407,-4700,2,-4.59766,-0.23047,8.66016
20684608,BNO_ACC,2408,-5100,2,-4.59766,-0.30469,8.73828
20688843,BNO_ACC,2409,-2500,2,-4.67188,-0.26953,8.81641
20695839,BNO_ACC,2410,-700,2,-4.67188,-0.30469,8.73828
20705985,BNO_ACC,2411,-2500,2,-4.51953,-0.23047,8.53906
20714395,BNO_ACC,2412,-2500,2,-4.44531,-0.19141,8.46484
20724869,BNO_ACC,2413,-5200,2,-4.48047,-0.23047,8.54297
20728937,BNO_ACC,2414,-2300,2,-4.51953,-0.11328,8.73828
20735906,BNO_ACC,2415,-700,2,-4.48047,-0.15234,8.73438
20746116,BNO_ACC,2416,-2500,2,-4.48047,-0.15234,8.69922
20756034,BNO_ACC,2417,-4500,2,-4.48047,-0.11328,8.69922
20764800,BNO_ACC,2418,-5000,2,-4.44531,-0.07812,8.65625
20769060,BNO_ACC,2419,-2500,2,-4.48047,-0.07812,8.77344
20776033,BNO_ACC,2420,-700,2,-4.44531,-0.19141,8.69531
20785481,BNO_ACC,2421,-1600,2,-4.36719,-0.19141,8.61719
20796520,BNO_ACC,2422,-4700,2,-4.44531,-0.15234,8.77344
20804832,BNO_ACC,2423,-4700,2,-4.40625,-0.23047,8.77344
20809207,BNO_ACC,2424,-2500,2,-4.40625,-0.30469,8.73438
20816107,BNO_ACC,2425,-700,2,-4.32812,-0.15234,8.69531
20825686,BNO_ACC,2426,-1800,2,-4.25391,-0.11328,8.69922
20836708,BNO_ACC,2427,-4700,2,-4.25391,-0.11328,8.77344
20844783,BNO_ACC,2428,-4500,2,-4.25391,0.00000,8.77344
20849680,BNO_ACC,2429,-2300,2,-4.25391,-0.07812,8.77344
20856667,BNO_ACC,2430,-700,2,-4.28906,-0.03906,8.77734
20866649,BNO_ACC,2431,-2500,2,-4.21484,-0.03906,8.65625
20874718,BNO_ACC,2432,-2200,2,-4.21484,0.00000,8.77344
20885055,BNO_ACC,2433,-4600,2,-4.32812,-0.07812,8.92188
20890009,BNO_ACC,2434,-2500,2,-4.28906,-0.15234,8.88672
20896956,BNO_ACC,2435,-700,2,-4.21484,-0.26953,8.77344
20905893,BNO_ACC,2436,-1600,2,-4.09766,-0.07812,8.77344
20916939,BNO_ACC,2437,-4500,2,-4.21484,-0.26953,8.96094
20924960,BNO_ACC,2438,-4300,2,-4.06250,-0.30469,8.77734
20929917,BNO_ACC,2439,-2300,2,-4.02344,-0.23047,8.81641
20937160,BNO_ACC,2440,-700,2,-4.06250,-0.26953,8.92578
20945955,BNO_ACC,2441,-1400,2,-4.09766,-0.15234,8.81641
20956917,BNO_ACC,2442,-4500,2,-3.98438,-0.19141,8.73438
20965175,BNO_ACC,2443,-4400,2,-3.98438,-0.07812,8.84766
20970133,BNO_ACC,2444,-2300,2,-4.02344,-0.07812,8.81250
20977262,BNO_ACC,2445,-700,2,-4.02344,-0.15234,8.88672
20986106,BNO_ACC,2446,-1000,2,-4.06250,-0.03906,9.00000
20997037,BNO_ACC,2447,-4500,2,-3.94531,-0.03906,9.00000
21005230,BNO_ACC,2448,-4400,2,-3.94531,-0.11328,8.81641
21010171,BNO_ACC,2449,-2300,2,-3.90625,-0.03906,8.81250
21017204,BNO_ACC,2450,-700,2,-3.86719,-0.03906,8.88672
21026280,BNO_ACC,2451,-900,2,-3.86719,-0.07812,8.84766
21037247,BNO_ACC,2452,-4300,2,-3.79297,-0.11328,8.92578
21045391,BNO_ACC,2453,-4300,2,-3.83203,-0.11328,8.92578
21050306,BNO_ACC,2454,-2300,2,-3.75391,-0.23047,8.88672
21057224,BNO_ACC,2455,-700,2,-3.86719,-0.19141,8.96094
21066410,BNO_ACC,2456,-1000,2,-3.79297,-0.19141,8.88672
21077451,BNO_ACC,2457,-4500,2,-3.75391,-0.03906,8.96094
21085442,BNO_ACC,2458,-4200,2,-3.83203,0.03906,9.03906
21090389,BNO_ACC,2459,-2300,2,-3.83203,-0.03906,9.11719
21097352,BNO_ACC,2460,-500,2,-3.79297,-0.11328,9.07812
21106543,BNO_ACC,2461,-1000,2,-3.75391,-0.11328,9.03906
21117589,BNO_ACC,2462,-4300,2,-3.75391,-0.11328,9.03906
21125724,BNO_ACC,2463,-4200,2,-3.75391,-0.19141,9.00391
21130621,BNO_ACC,2464,-2300,2,-3.71484,-0.11328,9.00000
21137544,BNO_ACC,2465,-500,2,-3.67578,-0.07812,9.08203
21146702,BNO_ACC,2466,-1000,2,-3.71484,-0.07812,9.03906
21155958,BNO_ACC,2467,-2200,2,-3.64062,-0.19141,8.96094
21165744,BNO_ACC,2468,-4100,2,-3.64062,-0.26953,9.08203
21170643,BNO_ACC,2469,-2300,2,-3.71484,-0.19141,9.12109
21177690,BNO_ACC,2470,-700,2,-3.44922,-0.11328,9.19531
21186696,BNO_ACC,2471,-1000,2,-3.83203,-0.26953,8.96094
21195814,BNO_ACC,2472,-2000,2,-3.48438,-0.15234,9.08203
21206317,BNO_ACC,2473,-4600,2,-3.67578,0.00000,9.30469
21218098,BNO_ACC,2474,-700,2,-3.52344,0.00000,9.12109
21227052,BNO_ACC,2475,-900,2,-3.48438,0.03906,9.08203
21237177,BNO_ACC,2476,-3400,2,-3.56250,-0.11328,9.07812
21245593,BNO_ACC,2477,-3500,2,-3.52344,-0.19141,9.07812
21255970,BNO_ACC,2478,-5900,2,-3.48438,-0.15234,9.08203
21257370,BNO_ACC,2479,-700,2,-3.52344,-0.15234,9.19531
21266869,BNO_ACC,2480,-900,2,-3.52344,-0.15234,9.16016
21275999,BNO_ACC,2481,-1800,2,-3.41016,-0.15234,9.07812
21286797,BNO_ACC,2482,-4600,2,-3.44922,-0.15234,9.04297
21298433,BNO_ACC,2483,-700,2,-3.44922,-0.11328,9.26562
21307454,BNO_ACC,2484,-900,2,-3.44922,-0.07812,9.26562
21317183,BNO_ACC,2485,-3100,2,-3.33203,-0.11328,9.15625
21327417,BNO_ACC,2486,-5300,2,-3.29297,-0.11328,9.03906
21335858,BNO_ACC,2487,-5500,2,-3.29297,-0.23047,9.08203
21339551,BNO_ACC,2488,-1200,2,-3.29297,-0.15234,9.15625
21346586,BNO_ACC,2489,-700,2,-3.29297,-0.11328,9.34375
21357652,BNO_ACC,2490,-3400,2,-3.33203,0.00000,9.38281
21365775,BNO_ACC,2491,-3300,2,-3.25781,0.03906,9.42578
21376097,BNO_ACC,2492,-5500,2,-3.25781,-0.03906,9.30859
21379782,BNO_ACC,2493,-1200,2,-3.29297,-0.19141,9.26562
21386728,BNO_ACC,2494,-700,2,-3.17969,-0.30469,9.07812
21397801,BNO_ACC,2495,-3400,2,-3.21875,-0.23047,9.12109
21407343,BNO_ACC,2496,-4900,2,-3.21875,-0.15234,9.15625
21415874,BNO_ACC,2497,-5100,2,-3.14062,-0.15234,9.23047
21418425,BNO_ACC,2498,-700,2,-3.10156,-0.07812,9.22656
21427040,BNO_ACC,2499,-500,2,-3.10156,0.00000,9.26953
21438020,BNO_ACC,2500,-3200,2,-3.06641,0.03906,9.23047
21447468,BNO_ACC,2501,-4900,2,-3.02734,0.03906,9.34375
21456105,BNO_ACC,2502,-5100,2,-3.10156,-0.03906,9.38281
21459749,BNO_ACC,2503,-1200,2,-3.06641,0.00000,9.30469
21466965,BNO_ACC,2504,-700,2,-3.06641,-0.03906,9.26562
21478009,BNO_ACC,2505,-3200,2,-2.98828,-0.11328,9.26953
21487501,BNO_ACC,2506,-4700,2,-3.02734,-0.03906,9.26953
21496325,BNO_ACC,2507,-5100,2,-2.91016,-0.15234,9.22656
21500553,BNO_ACC,2508,-2500,2,-2.94922,-0.23047,9.22656
21507381,BNO_ACC,2509,-700,2,-2.87109,-0.07812,9.42578
21518456,BNO_ACC,2510,-3400,2,-2.91016,-0.26953,9.00000
21527712,BNO_ACC,2511,-4700,2,-2.83594,-0.03906,9.07812
21536101,BNO_ACC,2512,-4900,2,-2.83594,0.00000,9.26953
21538671,BNO_ACC,2513,-700,2,-2.83594,-0.07812,9.30859
21547349,BNO_ACC,2514,-700,2,-2.83594,-0.07812,9.34375
21558321,BNO_ACC,2515,-3200,2,-2.91016,-0.11328,9.50000
21567696,BNO_ACC,2516,-4500,2,-2.87109,-0.07812,9.57812
21576364,BNO_ACC,2517,-4900,2,-2.87109,-0.15234,9.42578
21579989,BNO_ACC,2518,-1200,2,-2.83594,-0.03906,9.34375
21587306,BNO_ACC,2519,-700,2,-2.79688,0.00000,9.30469
21598245,BNO_ACC,2520,-3100,2,-2.71875,0.03906,9.15625
21607742,BNO_ACC,2521,-4500,2,-2.67969,0.00000,9.16016
21616401,BNO_ACC,2522,-4800,2,-2.75781,-0.07812,9.26953
21620127,BNO_ACC,2523,-1000,2,-2.75781,-0.07812,9.30859
21627361,BNO_ACC,2524,-700,2,-2.79688,-0.11328,9.34766
21638345,BNO_ACC,2525,-2900,2,-2.75781,-0.11328,9.34375
21647917,BNO_ACC,2526,-4300,2,-2.75781,-0.07812,9.42578
21656600,BNO_ACC,2527,-4800,2,-2.75781,-0.11328,9.42578
21660207,BNO_ACC,2528,-1200,2,-2.75781,-0.15234,9.38281
21667692,BNO_ACC,2529,-700,2,-2.67969,-0.11328,9.54297
21678762,BNO_ACC,2530,-3100,2,-2.67969,0.00000,9.54297
21688136,BNO_ACC,2531,-4500,2,-2.67969,-0.03906,9.54297
21696506,BNO_ACC,2532,-4600,2,-2.64453,0.00000,9.53906
21701445,BNO_ACC,2533,-2300,2,-2.60547,0.03906,9.60938
21708479,BNO_ACC,2534,-700,2,-2.56641,-0.03906,9.50391
21717424,BNO_ACC,2535,-1600,2,-2.56641,-0.07812,9.38672
21728302,BNO_ACC,2536,-4500,2,-2.52734,-0.03906,9.38281
21736571,BNO_ACC,2537,-4400,2,-2.48828,-0.07812,9.38281
21741519,BNO_ACC,2538,-2300,2,-2.48828,-0.07812,9.53906
21748688,BNO_ACC,2539,-700,2,-2.45312,-0.11328,9.34375
21757615,BNO_ACC,2540,-1000,2,-2.48828,-0.11328,9.30859
21768541,BNO_ACC,2541,-4500,2,-2.45312,-0.03906,9.38281
21776847,BNO_ACC,2542,-4400,2,-2.45312,0.00000,9.42578
21781773,BNO_ACC,2543,-2300,2,-2.48828,-0.11328,9.30859
21788737,BNO_ACC,2544,-700,2,-2.41406,0.00000,9.38281
21797777,BNO_ACC,2545,-900,2,-2.45312,-0.07812,9.61328
21807045,BNO_ACC,2546,-2600,2,-2.41406,-0.23047,9.58203
21817553,BNO_ACC,2547,-5200,2,-2.41406,-0.15234,9.38281
21828657,BNO_ACC,2548,-700,2,-2.41406,-0.03906,9.46094
21837976,BNO_ACC,2549,-1000,2,-2.41406,-0.11328,9.46094
21849107,BNO_ACC,2550,-4700,2,-2.41406,-0.07812,9.61328
21857035,BNO_ACC,2551,-4400,2,-2.37500,-0.15234,9.61328
21861942,BNO_ACC,2552,-2300,2,-2.37500,-0.15234,9.50000
21868882,BNO_ACC,2553,-700,2,-2.33594,-0.15234,9.42578
21878003,BNO_ACC,2554,-1600,2,-2.33594,-0.11328,9.46094
21889045,BNO_ACC,2555,-4500,2,-2.29688,0.00000,9.38672
21897065,BNO_ACC,2556,-4300,2,-2.22266,-0.03906,9.38672
21901984,BNO_ACC,2557,-2300,2,-2.26172,-0.07812,9.54297
21908990,BNO_ACC,2558,-700,2,-2.29688,-0.11328,9.60938
21918094,BNO_ACC,2559,-1000,2,-2.26172,-0.15234,9.64844
21929055,BNO_ACC,2560,-4300,2,-2.26172,-0.11328,9.60938
21937216,BNO_ACC,2561,-4200,2,-2.26172,-0.11328,9.60938
21942154,BNO_ACC,2562,-2300,2,-2.26172,-0.07812,9.60938
21949300,BNO_ACC,2563,-700,2,-2.26172,-0.07812,9.60938
21958339,BNO_ACC,2564,-1000,2,-2.26172,-0.11328,9.64844
21969408,BNO_ACC,2565,-4500,2,-2.26172,-0.11328,9.58203
21977605,BNO_ACC,2566,-4400,2,-2.18359,-0.15234,9.53906
21989604,BNO_ACC,2567,-700,2,-2.18359,-0.11328,9.68750
21998697,BNO_ACC,2568,-1000,2,-2.18359,-0.07812,9.65234
22006707,BNO_ACC,2569,-1700,2,-2.14453,-0.07812,9.53906
22018091,BNO_ACC,2570,-4800,2,-2.10547,-0.03906,9.54297
22029817,BNO_ACC,2571,-700,2,-2.10547,-0.07812,9.64844
22038790,BNO_ACC,2572,-1000,2,-2.07031,0.00000,9.58203
22046839,BNO_ACC,2573,-1500,2,-2.10547,-0.03906,9.54297
22057482,BNO_ACC,2574,-4000,2,-2.03125,-0.07812,9.53906
22062422,BNO_ACC,2575,-2300,2,-2.03125,-0.03906,9.65234
22069556,BNO_ACC,2576,-700,2,-2.03125,-0.07812,9.61328
22078662,BNO_ACC,2577,-1000,2,-1.99219,-0.07812,9.53906
22087087,BNO_ACC,2578,-1400,2,-1.95312,-0.03906,9.50000
22097833,BNO_ACC,2579,-4200,2,-1.99219,-0.07812,9.57812
22107510,BNO_ACC,2580,-5600,2,-1.95312,-0.11328,9.57812
22108913,BNO_ACC,2581,-700,2,-1.95312,-0.11328,9.72656
22118703,BNO_ACC,2582,-900,2,-1.95312,-0.11328,9.57812
22127881,BNO_ACC,2583,-2000,2,-1.87891,-0.11328,9.60938
22137881,BNO_ACC,2584,-4000,2,-1.83984,-0.07812,9.69141
22147556,BNO_ACC,2585,-5600,2,-1.83984,-0.11328,9.73047
22149212,BNO_ACC,2586,-700,2,-1.80078,-0.07812,9.68750
22158705,BNO_ACC,2587,-900,2,-1.80078,-0.07812,9.65234
22167986,BNO_ACC,2588,-2000,2,-1.76172,-0.11328,9.73047
22177953,BNO_ACC,2589,-4000,2,-1.76172,-0.11328,9.60938
22188340,BNO_ACC,2590,-6200,2,-1.72266,-0.03906,9.58203
22190253,BNO_ACC,2591,-700,2,-1.68359,-0.03906,9.65234
22199222,BNO_ACC,2592,-900,2,-1.68359,-0.07812,9.61328
22209037,BNO_ACC,2593,-3200,2,-1.64844,-0.11328,9.53906
22217511,BNO_ACC,2594,-3300,2,-1.60938,-0.03906,9.65234
22227841,BNO_ACC,2595,-5500,2,-1.60938,-0.03906,9.68750
22229390,BNO_ACC,2596,-700,2,-1.57031,-0.07812,9.58203
22238885,BNO_ACC,2597,-900,2,-1.53125,-0.03906,9.57812
22248106,BNO_ACC,2598,-1800,2,-1.57031,0.03906,9.64844
22258611,BNO_ACC,2599,-4400,2,-1.53125,0.03906,9.61328
22270480,BNO_ACC,2600,-500,2,-1.53125,-0.11328,9.68750
22279507,BNO_ACC,2601,-1000,2,-1.53125,-0.03906,9.80859
22289279,BNO_ACC,2602,-3100,2,-1.49219,-0.15234,9.68750
22297788,BNO_ACC,2603,-3100,2,-1.49219,-0.11328,9.68750
22308243,BNO_ACC,2604,-5700,2,-1.45703,-0.07812,9.69141
22309796,BNO_ACC,2605,-700,2,-1.45703,-0.11328,9.73047
22319063,BNO_ACC,2606,-700,2,-1.37891,-0.19141,9.68750
22328171,BNO_ACC,2607,-1500,2,-1.37891,-0.15234,9.73047
22338724,BNO_ACC,2608,-4000,2,-1.37891,-0.03906,9.76562
22351737,BNO_ACC,2609,-1200,2,-1.33984,-0.03906,9.58203
22358755,BNO_ACC,2610,-500,2,-1.30078,-0.07812,9.68750
22369741,BNO_ACC,2611,-3100,2,-1.33984,-0.19141,9.76953
22379382,BNO_ACC,2612,-4900,2,-1.33984,-0.15234,9.80469
22388115,BNO_ACC,2613,-5100,2,-1.30078,-0.15234,9.68750
22391769,BNO_ACC,2614,-1200,2,-1.30078,-0.07812,9.65234
22398934,BNO_ACC,2615,-500,2,-1.26562,-0.03906,9.57812
22409904,BNO_ACC,2616,-3100,2,-1.26562,-0.15234,9.68750
22419562,BNO_ACC,2617,-4700,2,-1.26562,-0.19141,9.76562
22428105,BNO_ACC,2618,-4900,2,-1.22656,-0.15234,9.80469
22430948,BNO_ACC,2619,-1000,2,-1.18750,-0.11328,9.84766
22439073,BNO_ACC,2620,-500,2,-1.18750,0.00000,9.80469
22450064,BNO_ACC,2621,-3100,2,-1.14844,-0.03906,9.72656
22459451,BNO_ACC,2622,-4300,2,-1.14844,-0.07812,9.76953
22468216,BNO_ACC,2623,-4900,2,-1.18750,-0.15234,9.73047
22471883,BNO_ACC,2624,-1200,2,-1.18750,-0.23047,9.72656
22479086,BNO_ACC,2625,-700,2,-1.14844,-0.19141,9.84766
22490042,BNO_ACC,2626,-2900,2,-1.10938,-0.15234,9.80859
22499586,BNO_ACC,2627,-4500,2,-1.10938,-0.07812,9.72656
22508233,BNO_ACC,2628,-4700,2,-1.10938,0.00000,9.65234
22511166,BNO_ACC,2629,-1000,2,-1.07422,-0.03906,9.65234
22519378,BNO_ACC,2630,-700,2,-1.03516,-0.07812,9.60938
22530377,BNO_ACC,2631,-3200,2,-1.07422,-0.11328,9.76953
22539801,BNO_ACC,2632,-4500,2,-1.03516,-0.15234,9.80469
22548351,BNO_ACC,2633,-4800,2,-0.95703,-0.11328,9.76562
22552042,BNO_ACC,2634,-1200,2,-0.95703,-0.07812,9.76562
22559470,BNO_ACC,2635,-700,2,-0.91797,-0.11328,9.76562
22570576,BNO_ACC,2636,-3100,2,-0.91797,-0.07812,9.69141
22579905,BNO_ACC,2637,-4300,2,-0.91797,-0.07812,9.64844
22588559,BNO_ACC,2638,-4800,2,-0.88281,-0.15234,9.76562
22592347,BNO_ACC,2639,-1400,2,-0.88281,-0.19141,9.80859
22599716,BNO_ACC,2640,-700,2,-0.88281,-0.15234,9.84766
22610874,BNO_ACC,2641,-3200,2,-0.84375,-0.07812,9.84766
22620207,BNO_ACC,2642,-4500,2,-0.84375,0.03906,9.84766
22628593,BNO_ACC,2643,-4800,2,-0.84375,-0.03906,9.80469
22632972,BNO_ACC,2644,-2500,2,-0.76562,-0.03906,9.68750
22639965,BNO_ACC,2645,-500,2,-0.80469,-0.23047,9.80469
22649468,BNO_ACC,2646,-1800,2,-0.76562,-0.26953,9.96094
22660488,BNO_ACC,2647,-4700,2,-0.80469,-0.30469,9.92188
22668666,BNO_ACC,2648,-4500,2,-0.72656,-0.19141,9.68750
22673602,BNO_ACC,2649,-2100,2,-0.72656,0.00000,9.60938
22680458,BNO_ACC,2650,-500,2,-0.69141,0.00000,9.84375
22689570,BNO_ACC,2651,-1800,2,-0.69141,0.00000,9.80859
22700505,BNO_ACC,2652,-4500,2,-0.72656,-0.07812,9.64844
22708781,BNO_ACC,2653,-4400,2,-0.69141,-0.15234,9.65234
22713673,BNO_ACC,2654,-2100,2,-0.72656,-0.11328,9.76562
22720580,BNO_ACC,2655,-700,2,-0.69141,-0.15234,9.72656
22729697,BNO_ACC,2656,-900,2,-0.69141,-0.11328,9.80859
22740718,BNO_ACC,2657,-4500,2,-0.65234,-0.07812,9.88672
22749049,BNO_ACC,2658,-4600,2,-0.61328,-0.07812,9.80469
22753972,BNO_ACC,2659,-2300,2,-0.65234,-0.11328,9.64844
22760840,BNO_ACC,2660,-700,2,-0.61328,-0.15234,9.69141
22769788,BNO_ACC,2661,-1400,2,-0.61328,-0.19141,9.88281
22781040,BNO_ACC,2662,-4500,2,-0.57422,-0.11328,9.88281
22789334,BNO_ACC,2663,-4800,2,-0.57422,-0.03906,9.72656
22801415,BNO_ACC,2664,-1000,2,-0.53516,-0.07812,9.92188
22810059,BNO_ACC,2665,-1600,2,-0.53516,-0.11328,9.80469
22821316,BNO_ACC,2666,-4700,2,-0.49609,-0.11328,9.73047
22829445,BNO_ACC,2667,-4800,2,-0.49609,-0.07812,9.73047
22841495,BNO_ACC,2668,-900,2,-0.46094,-0.07812,9.64844
22851237,BNO_ACC,2669,-2500,2,-0.42188,-0.11328,9.61328
22858898,BNO_ACC,2670,-2000,2,-0.46094,-0.15234,9.92188
22869516,BNO_ACC,2671,-4600,2,-0.38281,-0.07812,10.00391
22881273,BNO_ACC,2672,-900,2,-0.42188,-0.11328,9.80859
22890068,BNO_ACC,2673,-900,2,-0.42188,-0.15234,9.72656
22899310,BNO_ACC,2674,-2200,2,-0.38281,-0.15234,9.80469
22909817,BNO_ACC,2675,-4800,2,-0.34375,-0.15234,9.80469
22921717,BNO_ACC,2676,-700,2,-0.26953,-0.11328,9.84766
22930541,BNO_ACC,2677,-1400,2,-0.26953,-0.15234,9.92188
22940307,BNO_ACC,2678,-3400,2,-0.26953,-0.19141,9.80859
22949771,BNO_ACC,2679,-4400,2,-0.26953,-0.11328,9.76562
22961549,BNO_ACC,2680,-700,2,-0.23047,-0.07812,9.68750
22970445,BNO_ACC,2681,-900,2,-0.23047,-0.03906,9.76953
22979671,BNO_ACC,2682,-2200,2,-0.23047,-0.03906,9.80859
22989612,BNO_ACC,2683,-4200,2,-0.23047,-0.03906,9.76953
22994539,BNO_ACC,2684,-2300,2,-0.19141,-0.07812,9.72656
23001639,BNO_ACC,2685,-700,2,-0.19141,-0.03906,9.72656
23010752,BNO_ACC,2686,-1000,2,-0.15234,-0.15234,9.80469
23018948,BNO_ACC,2687,-1300,2,-0.19141,-0.15234,9.80859
23029543,BNO_ACC,2688,-4100,2,-0.15234,-0.15234,9.76562
23039925,BNO_ACC,2689,-6100,2,-0.15234,-0.23047,9.80859
23041042,BNO_ACC,2690,-700,2,-0.15234,-0.11328,9.84766
23050826,BNO_ACC,2691,-1000,2,-0.11328,-0.15234,9.88672
23060955,BNO_ACC,2692,-3400,2,-0.15234,-0.19141,9.80859
23069487,BNO_ACC,2693,-3700,2,-0.11328,-0.11328,9.76562
23079945,BNO_ACC,2694,-6100,2,-0.07812,-0.11328,9.76562
23081189,BNO_ACC,2695,-700,2,-0.07812,-0.15234,9.80469
23090518,BNO_ACC,2696,-900,2,-0.07812,-0.07812,9.84766
23101167,BNO_ACC,2697,-3600,2,-0.03906,-0.11328,9.88672
23111120,BNO_ACC,2698,-5400,2,-0.07812,-0.11328,9.69141
23119536,BNO_ACC,2699,-5500,2,-0.07812,-0.11328,9.73047
23122455,BNO_ACC,2700,-1000,2,-0.07812,-0.07812,10.00391
23130361,BNO_ACC,2701,-700,2,-0.11328,-0.19141,9.84375
23140575,BNO_ACC,2702,-2700,2,-0.07812,-0.19141,9.80859
23150398,BNO_ACC,2703,-4100,2,-0.07812,-0.07812,9.80469
23163344,BNO_ACC,2704,-1000,2,-0.03906,-0.11328,9.76562
23170324,BNO_ACC,2705,-700,2,-0.03906,-0.07812,9.73047
23181250,BNO_ACC,2706,-3200,2,-0.07812,-0.03906,9.76562
23191294,BNO_ACC,2707,-5300,2,-0.03906,-0.07812,9.73047
23199757,BNO_ACC,2708,-5300,2,-0.03906,-0.11328,9.73047
23203393,BNO_ACC,2709,-1200,2,0.00000,-0.19141,9.80859
23210455,BNO_ACC,2710,-500,2,-0.03906,-0.23047,9.84375
23221356,BNO_ACC,2711,-3100,2,0.00000,-0.30469,9.80859
23229499,BNO_ACC,2712,-3000,2,-0.03906,-0.23047,9.84375
23239752,BNO_ACC,2713,-5100,2,-0.03906,-0.15234,9.84766
23242460,BNO_ACC,2714,-900,2,-0.03906,-0.07812,9.84766
23250856,BNO_ACC,2715,-700,2,-0.03906,-0.07812,9.88672
23261816,BNO_ACC,2716,-3200,2,-0.07812,-0.07812,9.80469
23271226,BNO_ACC,2717,-4700,2,-0.07812,-0.07812,9.80469
23279893,BNO_ACC,2718,-4900,2,-0.07812,-0.11328,9.80469
23283578,BNO_ACC,2719,-1000,2,-0.03906,-0.11328,9.80469
23290664,BNO_ACC,2720,-500,2,-0.03906,-0.11328,9.80469
23301647,BNO_ACC,2721,-3100,2,-0.07812,-0.11328,9.69141
23311347,BNO_ACC,2722,-4700,2,-0.03906,-0.11328,9.73047
23319962,BNO_ACC,2723,-5100,2,-0.07812,-0.11328,9.80469
23323645,BNO_ACC,2724,-1000,2,-0.03906,-0.07812,9.80469
23330866,BNO_ACC,2725,-700,2,-0.07812,-0.11328,9.73047
23341768,BNO_ACC,2726,-2900,2,-0.07812,-0.19141,9.72656
23351539,BNO_ACC,2727,-4700,2,0.07812,-0.38281,9.60938
23360119,BNO_ACC,2728,-4900,2,-0.30469,-0.03906,10.03516
23363887,BNO_ACC,2729,-1400,2,-0.03906,-0.23047,9.76953
23371031,BNO_ACC,2730,-500,2,-0.15234,-0.07812,9.76562
23381838,BNO_ACC,2731,-2900,2,-0.07812,-0.23047,9.88281
23391479,BNO_ACC,2732,-4500,2,-0.11328,-0.23047,9.92578
23400158,BNO_ACC,2733,-4900,2,-0.11328,-0.19141,9.88281
23403872,BNO_ACC,2734,-1200,2,-0.11328,-0.19141,9.72656
23411074,BNO_ACC,2735,-700,2,-0.07812,-0.15234,9.73047
23422020,BNO_ACC,2736,-3100,2,-0.11328,-0.07812,9.80469
23431561,BNO_ACC,2737,-4500,2,-0.11328,-0.07812,10.07422
23440175,BNO_ACC,2738,-4800,2,-0.11328,-0.15234,9.84766
23443898,BNO_ACC,2739,-1200,2,-0.11328,-0.07812,9.84766
23451106,BNO_ACC,2740,-700,2,-0.11328,-0.07812,9.88672
23462162,BNO_ACC,2741,-2900,2,-0.11328,-0.07812,9.80469
23469789,BNO_ACC,2742,-2200,2,-0.11328,-0.11328,9.69141
23480411,BNO_ACC,2743,-5000,2,-0.15234,-0.07812,9.84766
23484062,BNO_ACC,2744,-1200,2,-0.15234,-0.11328,9.92188
23491383,BNO_ACC,2745,-700,2,-0.15234,-0.15234,9.76562
23502411,BNO_ACC,2746,-2900,2,-0.15234,-0.11328,9.76562
23511515,BNO_ACC,2747,-4000,2,-0.15234,-0.15234,9.88672
23520889,BNO_ACC,2748,-5200,2,-0.19141,-0.15234,9.84375
23525158,BNO_ACC,2749,-2300,2,-0.11328,-0.23047,9.80859
23532094,BNO_ACC,2750,-700,2,-0.11328,-0.11328,9.80469
23541172,BNO_ACC,2751,-1600,2,-0.11328,-0.11328,9.84766
23552077,BNO_ACC,2752,-4500,2,-0.11328,-0.11328,9.84766
23560502,BNO_ACC,2753,-4600,2,-0.11328,-0.11328,9.84766
23565411,BNO_ACC,2754,-2300,2,-0.15234,-0.19141,9.76953
23572186,BNO_ACC,2755,-700,2,-0.11328,-0.11328,9.84766
23582329,BNO_ACC,2756,-2700,2,-0.11328,0.00000,9.76562
23592118,BNO_ACC,2757,-4300,2,-0.11328,-0.15234,9.76562
23600864,BNO_ACC,2758,-4800,2,-0.11328,-0.07812,9.88672
23612620,BNO_ACC,2759,-700,2,-0.11328,-0.11328,9.73047
23621444,BNO_ACC,2760,-1400,2,-0.15234,-0.11328,9.73047
23632674,BNO_ACC,2761,-4700,2,-0.15234,-0.03906,9.80469
23640847,BNO_ACC,2762,-4600,2,-0.15234,-0.07812,9.80469
23645789,BNO_ACC,2763,-2300,2,-0.19141,-0.07812,9.84375
23652719,BNO_ACC,2764,-700,2,-0.15234,-0.11328,9.76562
23661834,BNO_ACC,2765,-1600,2,-0.15234,-0.11328,9.80469
23673009,BNO_ACC,2766,-4900,2,-0.15234,-0.15234,9.92188
23681185,BNO_ACC,2767,-4700,2,-0.11328,-0.11328,9.92188
23692794,BNO_ACC,2768,-700,2,-0.07812,-0.03906,9.80469
23701878,BNO_ACC,2769,-1000,2,-0.11328,-0.07812,9.76562
23713137,BNO_ACC,2770,-4700,2,-0.11328,-0.11328,9.73047
23721390,BNO_ACC,2771,-4800,2,-0.07812,-0.19141,9.88281
23733306,BNO_ACC,2772,-900,2,-0.11328,-0.07812,9.76562
23742162,BNO_ACC,2773,-1600,2,-0.07812,-0.11328,9.73047
23750643,BNO_ACC,2774,-2000,2,-0.07812,-0.11328,9.69141
23761792,BNO_ACC,2775,-4900,2,-0.11328,-0.07812,9.84766
23765852,BNO_ACC,2776,-2300,2,-0.15234,-0.03906,9.76562
23772808,BNO_ACC,2777,-500,2,-0.11328,-0.07812,9.64844
23782195,BNO_ACC,2778,-1000,2,-0.11328,-0.07812,9.76562
23793411,BNO_ACC,2779,-4700,2,-0.11328,-0.11328,9.88672
23801712,BNO_ACC,2780,-4800,2,-0.11328,-0.11328,9.88672
23813555,BNO_ACC,2781,-900,2,-0.07812,-0.15234,9.84766
23822364,BNO_ACC,2782,-1000,2,-0.07812,-0.11328,9.84766
23832257,BNO_ACC,2783,-3400,2,-0.07812,-0.11328,9.76562
23841959,BNO_ACC,2784,-4700,2,-0.07812,-0.19141,9.76953
23853691,BNO_ACC,2785,-700,2,-0.07812,-0.15234,9.80469
23862688,BNO_ACC,2786,-1600,2,-0.07812,-0.11328,9.84766
23870973,BNO_ACC,2787,-1700,2,0.00000,-0.07812,9.88672
23881798,BNO_ACC,2788,-4500,2,-0.03906,-0.11328,9.96484
23893688,BNO_ACC,2789,-900,2,0.00000,-0.15234,9.76562
23902766,BNO_ACC,2790,-1000,2,0.00000,-0.19141,9.84375
23911041,BNO_ACC,2791,-1400,2,0.00000,-0.19141,9.88281
23921955,BNO_ACC,2792,-4500,2,0.00000,-0.15234,9.88672
23933669,BNO_ACC,2793,-700,2,0.03906,-0.19141,9.84375
23942766,BNO_ACC,2794,-1000,2,0.07812,-0.15234,9.88672
23952664,BNO_ACC,2795,-3200,2,0.03906,-0.11328,9.84766
23961228,BNO_ACC,2796,-3700,2,0.07812,-0.19141,9.84375
23971715,BNO_ACC,2797,-6100,2,0.07812,-0.15234,9.96484
23972940,BNO_ACC,2798,-700,2,0.15234,-0.19141,9.96094
23982633,BNO_ACC,2799,-900,2,0.15234,0.07812,10.00391
23991843,BNO_ACC,2800,-1800,2,0.23047,0.00000,9.88281
24002974,BNO_ACC,2801,-5400,2,0.30469,0.00000,10.07031
24011332,BNO_ACC,2802,-5300,2,0.15234,-0.19141,9.96094
24013826,BNO_ACC,2803,-700,2,0.26953,-0.07812,9.73047
24022774,BNO_ACC,2804,-900,2,0.30469,-0.19141,9.73047
24032920,BNO_ACC,2805,-3100,2,0.49609,0.15234,9.88672
24041404,BNO_ACC,2806,-3500,2,0.38281,0.07812,9.60938
24051860,BNO_ACC,2807,-5900,2,0.38281,0.07812,9.64844
24053281,BNO_ACC,2808,-500,2,0.38281,0.00000,9.73047
24062778,BNO_ACC,2809,-900,2,0.38281,-0.15234,9.76562
24071916,BNO_ACC,2810,-1600,2,0.42188,-0.26953,9.84375
24082456,BNO_ACC,2811,-4200,2,0.30469,-0.23047,9.88672
24094277,BNO_ACC,2812,-500,2,0.34375,0.07812,9.38672
24103358,BNO_ACC,2813,-900,2,0.46094,0.07812,9.60938
24113059,BNO_ACC,2814,-2900,2,0.49609,-0.07812,10.00391
24123157,BNO_ACC,2815,-5100,2,0.53516,-0.15234,9.92188
24131667,BNO_ACC,2816,-5300,2,0.57422,-0.07812,9.76953
24134494,BNO_ACC,2817,-1200,2,0.53516,-0.07812,9.60938
24142540,BNO_ACC,2818,-500,2,0.49609,-0.07812,9.64844
24153536,BNO_ACC,2819,-3200,2,0.61328,0.03906,9.73047
24163085,BNO_ACC,2820,-4900,2,0.57422,0.03906,9.80859
24171735,BNO_ACC,2821,-5100,2,0.57422,-0.15234,9.68750
24175423,BNO_ACC,2822,-1200,2,0.53516,-0.11328,9.64844
24182607,BNO_ACC,2823,-700,2,0.57422,-0.15234,9.57812
24193555,BNO_ACC,2824,-3200,2,0.61328,-0.38281,9.92188
24203155,BNO_ACC,2825,-4700,2,0.53516,0.00000,10.14844
24211886,BNO_ACC,2826,-4900,2,0.61328,-0.07812,9.96484
24215540,BNO_ACC,2827,-1200,2,0.61328,-0.07812,9.60938
24222703,BNO_ACC,2828,-500,2,0.61328,0.07812,9.69141
24233693,BNO_ACC,2829,-3100,2,0.65234,-0.03906,9.96484
24243337,BNO_ACC,2830,-4700,2,0.61328,-0.26953,10.19141
24252110,BNO_ACC,2831,-5100,2,0.69141,-0.23047,9.96484
24256371,BNO_ACC,2832,-2500,2,0.72656,-0.15234,9.76562
24263245,BNO_ACC,2833,-700,2,0.69141,-0.07812,9.92578
24273372,BNO_ACC,2834,-2700,2,0.72656,-0.07812,9.88672
24283500,BNO_ACC,2835,-4700,2,0.72656,-0.03906,9.92188
24291886,BNO_ACC,2836,-4800,2,0.84375,-0.03906,9.92188
24294568,BNO_ACC,2837,-900,2,0.76562,0.00000,9.50000
24303179,BNO_ACC,2838,-500,2,0.80469,0.11328,9.53906
24314329,BNO_ACC,2839,-3400,2,0.80469,0.03906,9.88281
24323625,BNO_ACC,2840,-4700,2,0.76562,0.07812,9.92578
24332046,BNO_ACC,2841,-4900,2,0.84375,0.07812,9.58203
24334980,BNO_ACC,2842,-1000,2,0.76562,-0.03906,9.57812
24343272,BNO_ACC,2843,-700,2,0.91797,0.03906,9.76562
24354172,BNO_ACC,2844,-3200,2,0.88281,-0.11328,10.03125
24363639,BNO_ACC,2845,-4300,2,0.80469,-0.11328,9.72656
24372091,BNO_ACC,2846,-4800,2,0.95703,-0.03906,9.76562
24384224,BNO_ACC,2847,-900,2,0.91797,-0.19141,9.76953
24393758,BNO_ACC,2848,-2500,2,0.88281,-0.15234,9.64844
24403704,BNO_ACC,2849,-4300,2,0.95703,-0.07812,9.60938
24412394,BNO_ACC,2850,-4800,2,0.99609,0.00000,9.92188
24416633,BNO_ACC,2851,-2500,2,1.03516,-0.11328,9.73047
24423678,BNO_ACC,2852,-700,2,1.03516,-0.07812,9.58203
24433174,BNO_ACC,2853,-1800,2,1.07422,-0.19141,9.76562
24444110,BNO_ACC,2854,-4700,2,1.14844,-0.19141,9.96484
24452262,BNO_ACC,2855,-4500,2,1.18750,-0.23047,9.84375
24457223,BNO_ACC,2856,-2300,2,1.26562,-0.15234,9.88281
24464125,BNO_ACC,2857,-700,2,1.14844,-0.11328,9.84375
24473256,BNO_ACC,2858,-1400,2,1.18750,-0.11328,9.73047
24484259,BNO_ACC,2859,-4500,2,1.14844,-0.11328,9.72656
24492466,BNO_ACC,2860,-4500,2,1.22656,-0.19141,9.76953
24497344,BNO_ACC,2861,-2300,2,1.26562,-0.15234,9.88281
24504228,BNO_ACC,2862,-500,2,1.33984,-0.11328,9.80469
24513582,BNO_ACC,2863,-1800,2,1.33984,-0.15234,9.58203
24524650,BNO_ACC,2864,-4700,2,1.26562,0.00000,9.53906
24532550,BNO_ACC,2865,-4400,2,1.37891,-0.11328,9.76562
24537476,BNO_ACC,2866,-2300,2,1.37891,-0.19141,9.88281
24544411,BNO_ACC,2867,-700,2,1.37891,-0.15234,9.84766
24553685,BNO_ACC,2868,-1000,2,1.45703,-0.11328,9.64844
24564630,BNO_ACC,2869,-4500,2,1.41797,-0.07812,9.60938
24572776,BNO_ACC,2870,-4400,2,1.45703,-0.11328,9.76562
24577716,BNO_ACC,2871,-2300,2,1.49219,-0.03906,9.68750
24584677,BNO_ACC,2872,-700,2,1.49219,-0.07812,9.76953
24593719,BNO_ACC,2873,-1000,2,1.49219,-0.07812,9.84375
24603054,BNO_ACC,2874,-2600,2,1.49219,-0.15234,9.76953
24612942,BNO_ACC,2875,-4400,2,1.49219,-0.19141,9.58203
24617899,BNO_ACC,2876,-2300,2,1.57031,-0.19141,9.65234
24624751,BNO_ACC,2877,-700,2,1.57031,-0.11328,9.73047
24633927,BNO_ACC,2878,-1000,2,1.60938,-0.07812,9.68750
24643243,BNO_ACC,2879,-2600,2,1.64844,-0.15234,9.76953
24653024,BNO_ACC,2880,-4200,2,1.64844,-0.03906,9.72656
24657944,BNO_ACC,2881,-2300,2,1.64844,-0.07812,9.50000
24664981,BNO_ACC,2882,-700,2,1.68359,-0.15234,9.50000
24673959,BNO_ACC,2883,-1000,2,1.72266,-0.15234,9.58203
24684977,BNO_ACC,2884,-4300,2,1.68359,-0.03906,9.61328
24693159,BNO_ACC,2885,-4400,2,1.72266,0.00000,9.60938
24698050,BNO_ACC,2886,-2300,2,1.76172,-0.03906,9.69141
24704920,BNO_ACC,2887,-700,2,1.72266,-0.07812,9.69141
24714145,BNO_ACC,2888,-900,2,1.76172,-0.11328,9.60938
24725163,BNO_ACC,2889,-4300,2,1.80078,-0.19141,9.64844
24733264,BNO_ACC,2890,-4300,2,1.83984,-0.23047,9.72656
24738196,BNO_ACC,2891,-2300,2,1.91406,-0.19141,9.76562
24745278,BNO_ACC,2892,-700,2,1.91406,-0.11328,9.68750
24754256,BNO_ACC,2893,-1000,2,1.91406,-0.07812,9.68750
24763455,BNO_ACC,2894,-2400,2,1.99219,-0.15234,9.65234
24773258,BNO_ACC,2895,-4100,2,1.99219,-0.19141,9.58203
24778150,BNO_ACC,2896,-2300,2,2.03125,-0.15234,9.76953
24785202,BNO_ACC,2897,-500,2,2.03125,-0.07812,9.57812
24794275,BNO_ACC,2898,-900,2,2.10547,-0.15234,9.46484
24803406,BNO_ACC,2899,-2000,2,2.10547,-0.11328,9.64844
24813847,BNO_ACC,2900,-4400,2,2.10547,-0.11328,9.69141
24825533,BNO_ACC,2901,-500,2,2.07031,-0.11328,9.60938
24834651,BNO_ACC,2902,-1000,2,2.14453,-0.11328,9.65234
24844685,BNO_ACC,2903,-3400,2,2.14453,-0.07812,9.53906
24853228,BNO_ACC,2904,-3700,2,2.18359,-0.07812,9.53906
24863709,BNO_ACC,2905,-6300,2,2.14453,-0.11328,9.68750
24865051,BNO_ACC,2906,-700,2,2.18359,-0.07812,9.53906
24874495,BNO_ACC,2907,-1000,2,2.14453,-0.07812,9.46094
24883607,BNO_ACC,2908,-1800,2,2.03125,-0.23047,9.92188
24894302,BNO_ACC,2909,-4400,2,2.22266,-0.26953,9.76562
24905969,BNO_ACC,2910,-700,2,2.26172,-0.49609,9.54297
24914996,BNO_ACC,2911,-900,2,2.22266,-0.19141,9.53906
24924722,BNO_ACC,2912,-3200,2,2.26172,-0.23047,9.72656
24934868,BNO_ACC,2913,-5300,2,2.26172,-0.19141,9.50000
24943334,BNO_ACC,2914,-5300,2,2.26172,-0.15234,9.58203
24946048,BNO_ACC,2915,-900,2,2.26172,-0.15234,9.58203
24954572,BNO_ACC,2916,-900,2,2.29688,-0.11328,9.69141
24963728,BNO_ACC,2917,-1700,2,2.29688,-0.11328,9.50391
24974186,BNO_ACC,2918,-4000,2,2.33594,-0.15234,9.53906
24987176,BNO_ACC,2919,-1200,2,2.41406,-0.26953,9.53906
24994148,BNO_ACC,2920,-500,2,2.37500,-0.23047,9.60938
25005182,BNO_ACC,2921,-3200,2,2.33594,-0.38281,9.57812
25013489,BNO_ACC,2922,-3300,2,2.41406,-0.15234,9.50000
25023867,BNO_ACC,2923,-5500,2,2.45312,-0.07812,9.46094
25025455,BNO_ACC,2924,-700,2,2.45312,-0.23047,9.42188
25034899,BNO_ACC,2925,-700,2,2.48828,-0.15234,9.46094
25045038,BNO_ACC,2926,-2900,2,2.52734,-0.15234,9.38281
25054942,BNO_ACC,2927,-4900,2,2.52734,-0.19141,9.38672
25063731,BNO_ACC,2928,-5100,2,2.56641,-0.19141,9.61328
25067962,BNO_ACC,2929,-2500,2,2.64453,-0.19141,9.60938
25074975,BNO_ACC,2930,-700,2,2.64453,-0.15234,9.42578
25084940,BNO_ACC,2931,-2700,2,2.60547,-0.19141,9.42578
25094595,BNO_ACC,2932,-4000,2,2.60547,-0.23047,9.46094
25104479,BNO_ACC,2933,-5900,2,2.64453,-0.11328,9.30859
25105819,BNO_ACC,2934,-700,2,2.64453,-0.11328,9.30859
25114892,BNO_ACC,2935,-700,2,2.67969,-0.11328,9.38672
25125969,BNO_ACC,2936,-3400,2,2.71875,-0.11328,9.46094
25135342,BNO_ACC,2937,-4900,2,2.67969,-0.07812,9.38672
25143780,BNO_ACC,2938,-4900,2,2.75781,-0.15234,9.42578
25146608,BNO_ACC,2939,-1000,2,2.71875,-0.15234,9.38281
25154774,BNO_ACC,2940,-700,2,2.83594,-0.34375,9.50000
25165747,BNO_ACC,2941,-3100,2,2.79688,-0.03906,9.46484
25175058,BNO_ACC,2942,-4500,2,2.83594,-0.11328,9.38281
25184525,BNO_ACC,2943,-5500,2,2.79688,-0.19141,9.42578
25186269,BNO_ACC,2944,-700,2,2.83594,-0.26953,9.46094
25195341,BNO_ACC,2945,-700,2,2.87109,-0.30469,9.42188
25205445,BNO_ACC,2946,-2700,2,2.91016,-0.30469,9.42188
25215317,BNO_ACC,2947,-4500,2,2.91016,-0.26953,9.38281
25223965,BNO_ACC,2948,-4800,2,2.94922,-0.23047,9.46094
25227656,BNO_ACC,2949,-1000,2,2.94922,-0.19141,9.38281
25234940,BNO_ACC,2950,-700,2,2.98828,-0.15234,9.30859
25245927,BNO_ACC,2951,-3100,2,3.02734,-0.15234,9.38281
25255291,BNO_ACC,2952,-4300,2,2.98828,-0.23047,9.34766
25264901,BNO_ACC,2953,-5700,2,3.02734,-0.26953,9.34375
25276230,BNO_ACC,2954,-900,2,3.14062,-0.23047,9.46094
25284908,BNO_ACC,2955,-1800,2,3.14062,-0.19141,9.38281
25295858,BNO_ACC,2956,-4700,2,3.17969,-0.19141,9.34375
25304060,BNO_ACC,2957,-4500,2,3.17969,-0.19141,9.22656
25316112,BNO_ACC,2958,-900,2,3.21875,-0.19141,9.26562
25325113,BNO_ACC,2959,-1600,2,3.25781,-0.19141,9.26562
25336087,BNO_ACC,2960,-4700,2,3.29297,-0.26953,9.30859
25344165,BNO_ACC,2961,-4400,2,3.29297,-0.23047,9.30469
25356394,BNO_ACC,2962,-700,2,3.29297,-0.15234,9.19922
25365249,BNO_ACC,2963,-1000,2,3.29297,-0.26953,9.38281
25376205,BNO_ACC,2964,-4700,2,3.25781,-0.23047,9.23047
25384402,BNO_ACC,2965,-4500,2,3.33203,-0.15234,9.22656
25389304,BNO_ACC,2966,-2300,2,3.37109,-0.23047,9.23047
25396205,BNO_ACC,2967,-500,2,3.37109,-0.15234,9.15625
25405376,BNO_ACC,2968,-1000,2,3.41016,-0.23047,9.19531
25416235,BNO_ACC,2969,-4500,2,3.33203,-0.19141,9.16016
25424558,BNO_ACC,2970,-4400,2,3.41016,-0.19141,9.16016
25429503,BNO_ACC,2971,-2300,2,3.41016,-0.11328,9.03906
25436260,BNO_ACC,2972,-700,2,3.37109,-0.07812,9.03906
25445415,BNO_ACC,2973,-1600,2,3.37109,-0.11328,9.07812
25456428,BNO_ACC,2974,-4500,2,3.44922,-0.23047,9.19922
25464438,BNO_ACC,2975,-4200,2,3.48438,-0.26953,9.19531
25469384,BNO_ACC,2976,-2100,2,3.48438,-0.19141,9.11719
25476360,BNO_ACC,2977,-700,2,3.56250,-0.19141,9.19531
25485620,BNO_ACC,2978,-1000,2,3.56250,-0.15234,9.03906
25496582,BNO_ACC,2979,-4500,2,3.52344,-0.15234,9.04297
25504812,BNO_ACC,2980,-4400,2,3.56250,-0.23047,9.16016
25509753,BNO_ACC,2981,-2300,2,3.56250,-0.23047,9.16016
25516792,BNO_ACC,2982,-700,2,3.60156,-0.30469,9.26562
25525709,BNO_ACC,2983,-1000,2,3.64062,-0.30469,9.22656
25534696,BNO_ACC,2984,-2200,2,3.64062,-0.26953,9.23047
25545125,BNO_ACC,2985,-4600,2,3.67578,-0.26953,9.19531
25556704,BNO_ACC,2986,-700,2,3.67578,-0.26953,9.16016
25565745,BNO_ACC,2987,-1000,2,3.71484,-0.26953,9.19922
25574879,BNO_ACC,2988,-2000,2,3.71484,-0.26953,9.15625
25585193,BNO_ACC,2989,-4400,2,3.75391,-0.19141,9.12109
25596892,BNO_ACC,2990,-500,2,3.79297,-0.19141,9.12109
25605949,BNO_ACC,2991,-1000,2,3.75391,-0.23047,9.12109
25616653,BNO_ACC,2992,-4000,2,3.75391,-0.26953,9.11719
25624978,BNO_ACC,2993,-4100,2,3.71484,-0.26953,9.00000
25629905,BNO_ACC,2994,-2300,2,3.71484,-0.23047,9.04297
25637004,BNO_ACC,2995,-500,2,3.75391,-0.23047,9.16016
25646217,BNO_ACC,2996,-1000,2,3.79297,-0.26953,9.30859
25654596,BNO_ACC,2997,-1400,2,3.83203,-0.34375,9.19922
25665089,BNO_ACC,2998,-4000,2,3.79297,-0.23047,9.00391
25670025,BNO_ACC,2999,-2100,2,3.75391,-0.26953,9.03906
25677141,BNO_ACC,3000,-500,2,3.75391,-0.26953,9.03906
25686164,BNO_ACC,3001,-900,2,3.75391,-0.15234,8.84375
25695388,BNO_ACC,3002,-2200,2,3.83203,-0.11328,8.88281
25705352,BNO_ACC,3003,-4000,2,3.86719,-0.19141,9.07812
25715019,BNO_ACC,3004,-5600,2,3.83203,-0.19141,9.08203
25716508,BNO_ACC,3005,-500,2,3.90625,-0.11328,8.96484
25726191,BNO_ACC,3006,-900,2,3.90625,-0.11328,8.92188
25735387,BNO_ACC,3007,-2000,2,3.94531,-0.19141,9.00391
25746738,BNO_ACC,3008,-5400,2,3.86719,-0.23047,8.92578
25755251,BNO_ACC,3009,-5800,2,3.90625,-0.23047,8.88281
25756725,BNO_ACC,3010,-500,2,3.94531,-0.19141,8.81250
25766364,BNO_ACC,3011,-900,2,4.02344,-0.19141,8.96094
25775558,BNO_ACC,3012,-2000,2,4.09766,-0.23047,9.08203
25785163,BNO_ACC,3013,-3700,2,4.06250,-0.19141,9.04297
25795576,BNO_ACC,3014,-5900,2,4.02344,-0.23047,8.96094
25796885,BNO_ACC,3015,-700,2,4.09766,-0.23047,8.96484
25806520,BNO_ACC,3016,-900,2,4.09766,-0.23047,8.92188
25816742,BNO_ACC,3017,-3200,2,4.02344,-0.26953,8.77734
25825375,BNO_ACC,3018,-3500,2,4.06250,-0.30469,8.84766
25836002,BNO_ACC,3019,-6200,2,4.09766,-0.26953,8.88281
25837167,BNO_ACC,3020,-700,2,4.09766,-0.19141,8.88672
25846600,BNO_ACC,3021,-900,2,4.09766,-0.11328,8.92578
25856819,BNO_ACC,3022,-3200,2,4.17578,-0.15234,8.92188
25865253,BNO_ACC,3023,-3300,2,4.17578,-0.23047,8.92578
25875702,BNO_ACC,3024,-5700,2,4.17578,-0.30469,8.88281
25877178,BNO_ACC,3025,-700,2,4.21484,-0.23047,8.88672
25886546,BNO_ACC,3026,-700,2,4.25391,-0.19141,8.88672
25895800,BNO_ACC,3027,-1700,2,4.21484,-0.23047,8.84766
25905551,BNO_ACC,3028,-3500,2,4.21484,-0.19141,8.81250
25916037,BNO_ACC,3029,-5900,2,4.17578,-0.23047,8.77344
25917384,BNO_ACC,3030,-700,2,4.17578,-0.26953,8.81250
25926634,BNO_ACC,3031,-700,2,4.21484,-0.26953,8.92578
25935786,BNO_ACC,3032,-1700,2,4.21484,-0.23047,8.81250
25946430,BNO_ACC,3033,-4000,2,4.28906,-0.15234,8.84766
25958346,BNO_ACC,3034,-700,2,4.32812,-0.30469,8.96094
25967395,BNO_ACC,3035,-1000,2,4.28906,-0.26953,8.77734
25977116,BNO_ACC,3036,-2700,2,4.40625,-0.26953,8.81250
25986974,BNO_ACC,3037,-4700,2,4.40625,-0.30469,8.84375
25995765,BNO_ACC,3038,-5100,2,4.36719,-0.30469,8.84375
26000011,BNO_ACC,3039,-2500,2,4.36719,-0.26953,8.81250
26007058,BNO_ACC,3040,-700,2,4.36719,-0.30469,8.77344
26017093,BNO_ACC,3041,-2700,2,4.36719,-0.23047,8.77344
26027135,BNO_ACC,3042,-4700,2,4.44531,-0.23047,8.81250
26035737,BNO_ACC,3043,-5100,2,4.48047,-0.26953,8.77344
26039493,BNO_ACC,3044,-1400,2,4.51953,-0.30469,8.81641
26046715,BNO_ACC,3045,-500,2,4.48047,-0.26953,8.77344
26058015,BNO_ACC,3046,-3200,2,4.44531,-0.15234,8.69922
26076293,BNO_ACC,3047,-5500,2,4.44531,-0.26953,8.73438
26087929,BNO_ACC,3048,-1200,2,4.51953,-0.26953,8.69531
26097388,BNO_ACC,3049,-2700,2,4.51953,-0.23047,8.61719
26107517,BNO_ACC,3050,-4700,2,4.55859,-0.26953,8.66016
26116023,BNO_ACC,3051,-5000,2,4.55859,-0.30469,8.69922
26127475,BNO_ACC,3052,-900,2,4.51953,-0.26953,8.66016
26137596,BNO_ACC,3053,-2700,2,4.59766,-0.34375,8.69922
26147404,BNO_ACC,3054,-4500,2,4.63672,-0.34375,8.81641
26156150,BNO_ACC,3055,-4800,2,4.63672,-0.34375,8.69922
26167481,BNO_ACC,3056,-700,2,4.63672,-0.34375,8.77344
26177645,BNO_ACC,3057,-2700,2,4.67188,-0.34375,8.77344
26185903,BNO_ACC,3058,-2600,2,4.71094,-0.30469,8.73438
26196415,BNO_ACC,3059,-5000,2,4.67188,-0.23047,8.66016
26207674,BNO_ACC,3060,-700,2,4.63672,-0.26953,8.57812
26216670,BNO_ACC,3061,-1400,2,4.63672,-0.26953,8.65625
26227716,BNO_ACC,3062,-4500,2,4.63672,-0.26953,8.61719
26236142,BNO_ACC,3063,-4600,2,4.63672,-0.19141,8.62109
26241055,BNO_ACC,3064,-2300,2,4.67188,-0.23047,8.62109
26248048,BNO_ACC,3065,-700,2,4.67188,-0.30469,8.69531
26256895,BNO_ACC,3066,-1600,2,4.63672,-0.26953,8.69922
26267951,BNO_ACC,3067,-4500,2,4.63672,-0.26953,8.61719
26276136,BNO_ACC,3068,-4400,2,4.67188,-0.23047,8.69531
26281063,BNO_ACC,3069,-2300,2,4.67188,-0.26953,8.61719
26288002,BNO_ACC,3070,-700,2,4.67188,-0.26953,8.65625
26297143,BNO_ACC,3071,-1600,2,4.71094,-0.34375,8.66016
26308107,BNO_ACC,3072,-4500,2,4.71094,-0.42188,8.73438
26316239,BNO_ACC,3073,-4400,2,4.63672,-0.34375,8.61719
26321163,BNO_ACC,3074,-2300,2,4.71094,-0.38281,8.62109
26327999,BNO_ACC,3075,-500,2,4.71094,-0.34375,8.66016
26337317,BNO_ACC,3076,-900,2,4.67188,-0.23047,8.58203
26348205,BNO_ACC,3077,-4500,2,4.63672,-0.26953,8.61719
26356492,BNO_ACC,3078,-4400,2,4.67188,-0.30469,8.66016
26361390,BNO_ACC,3079,-2300,2,4.63672,-0.26953,8.61719
26368318,BNO_ACC,3080,-700,2,4.63672,-0.23047,8.50391
26377392,BNO_ACC,3081,-1000,2,4.67188,-0.26953,8.57812
26386419,BNO_ACC,3082,-2000,2,4.71094,-0.23047,8.50000
26396923,BNO_ACC,3083,-4800,2,4.71094,-0.23047,8.57812
26408694,BNO_ACC,3084,-700,2,4.75000,-0.26953,8.58203
26417472,BNO_ACC,3085,-1000,2,4.71094,-0.23047,8.57812
26426680,BNO_ACC,3086,-2200,2,4.75000,-0.30469,8.57812
26437005,BNO_ACC,3087,-4600,2,4.71094,-0.26953,8.66016
26448827,BNO_ACC,3088,-700,2,4.71094,-0.19141,8.57812
26457737,BNO_ACC,3089,-1000,2,4.71094,-0.26953,8.54297
26468608,BNO_ACC,3090,-4500,2,4.67188,-0.30469,8.58203
26476808,BNO_ACC,3091,-4300,2,4.71094,-0.26953,8.66016
26481713,BNO_ACC,3092,-2300,2,4.67188,-0.19141,8.62109
26488784,BNO_ACC,3093,-700,2,4.78906,-0.19141,8.61719
26497842,BNO_ACC,3094,-1000,2,4.75000,-0.26953,8.62109
26508973,BNO_ACC,3095,-4300,2,4.75000,-0.23047,8.61719
26517014,BNO_ACC,3096,-4200,2,4.71094,-0.19141,8.65625
26521930,BNO_ACC,3097,-2300,2,4.75000,-0.19141,8.65625
26528856,BNO_ACC,3098,-500,2,4.71094,-0.19141,8.61719
26538090,BNO_ACC,3099,-1000,2,4.67188,-0.26953,8.69922
26546685,BNO_ACC,3100,-1600,2,4.71094,-0.30469,8.69922
26557342,BNO_ACC,3101,-4400,2,4.71094,-0.30469,8.69922
26569155,BNO_ACC,3102,-700,2,4.67188,-0.23047,8.66016
26578251,BNO_ACC,3103,-1000,2,4.67188,-0.15234,8.61719
26586664,BNO_ACC,3104,-1400,2,4.63672,-0.15234,8.57812
26597362,BNO_ACC,3105,-4300,2,4.67188,-0.15234,8.61719
26609253,BNO_ACC,3106,-700,2,4.63672,-0.15234,8.61719
26618358,BNO_ACC,3107,-1000,2,4.59766,-0.19141,8.58203
26626719,BNO_ACC,3108,-1200,2,4.63672,-0.15234,8.61719
26637592,BNO_ACC,3109,-4200,2,4.71094,-0.23047,8.65625
26649470,BNO_ACC,3110,-700,2,4.67188,-0.23047,8.62109
26658582,BNO_ACC,3111,-900,2,4.71094,-0.19141,8.61719
26666913,BNO_ACC,3112,-1400,2,4.71094,-0.15234,8.58203
26677695,BNO_ACC,3113,-4000,2,4.63672,-0.15234,8.50000
26687612,BNO_ACC,3114,-5800,2,4.63672,-0.23047,8.54297
26688751,BNO_ACC,3115,-700,2,4.67188,-0.30469,8.69531
26698523,BNO_ACC,3116,-1000,2,4.63672,-0.26953,8.65625
26708684,BNO_ACC,3117,-3200,2,4.67188,-0.30469,8.62109
26717309,BNO_ACC,3118,-3500,2,4.67188,-0.26953,8.65625
26727876,BNO_ACC,3119,-6100,2,4.67188,-0.30469,8.66016
26729046,BNO_ACC,3120,-900,2,4.67188,-0.26953,8.65625
26738597,BNO_ACC,3121,-1000,2,4.67188,-0.23047,8.58203
26748825,BNO_ACC,3122,-3400,2,4.67188,-0.23047,8.54297
26758896,BNO_ACC,3123,-5300,2,4.71094,-0.26953,8.69531
26767514,BNO_ACC,3124,-5700,2,4.71094,-0.26953,8.69531
26769196,BNO_ACC,3125,-700,2,4.67188,-0.23047,8.58203
26778598,BNO_ACC,3126,-900,2,4.67188,-0.19141,8.58203
26788858,BNO_ACC,3127,-3100,2,4.59766,-0.23047,8.62109
26798958,BNO_ACC,3128,-5100,2,4.59766,-0.19141,8.54297
26807409,BNO_ACC,3129,-5500,2,4.71094,-0.15234,8.50391
26811631,BNO_ACC,3130,-2500,2,4.75000,-0.23047,8.65625
26818566,BNO_ACC,3131,-700,2,4.71094,-0.34375,8.69531
26827972,BNO_ACC,3132,-1900,2,4.71094,-0.26953,8.73828
26837693,BNO_ACC,3133,-3400,2,4.75000,-0.30469,8.69922
26848536,BNO_ACC,3134,-6000,2,4.75000,-0.30469,8.69922
26849705,BNO_ACC,3135,-700,2,4.67188,-0.34375,8.65625
26858863,BNO_ACC,3136,-700,2,4.67188,-0.30469,8.62109
26868965,BNO_ACC,3137,-3100,2,4.71094,-0.23047,8.65625
26877501,BNO_ACC,3138,-3100,2,4.71094,-0.23047,8.65625
26888128,BNO_ACC,3139,-5700,2,4.71094,-0.23047,8.65625
26889803,BNO_ACC,3140,-700,2,4.67188,-0.19141,8.54297
26899024,BNO_ACC,3141,-700,2,4.67188,-0.15234,8.57812
26907513,BNO_ACC,3142,-1100,2,4.71094,-0.23047,8.73438
26918019,BNO_ACC,3143,-3500,2,4.67188,-0.19141,8.66016
26927715,BNO_ACC,3144,-5100,2,4.63672,-0.15234,8.61719
26931969,BNO_ACC,3145,-2500,2,4.71094,-0.19141,8.65625
26939033,BNO_ACC,3146,-500,2,4.75000,-0.19141,8.69922
26949133,BNO_ACC,3147,-2700,2,4.67188,-0.19141,8.66016
26959187,BNO_ACC,3148,-4700,2,4.67188,-0.26953,8.65625
26967788,BNO_ACC,3149,-5000,2,4.67188,-0.26953,8.61719
26979375,BNO_ACC,3150,-900,2,4.63672,-0.26953,8.61719
26989305,BNO_ACC,3151,-2500,2,4.67188,-0.23047,8.69531
26999181,BNO_ACC,3152,-4500,2,4.67188,-0.23047,8.66016
27007921,BNO_ACC,3153,-5000,2,4.75000,-0.26953,8.62109
27012131,BNO_ACC,3154,-2500,2,4.75000,-0.30469,8.69922
27019147,BNO_ACC,3155,-700,2,4.78906,-0.42188,8.69922
27029476,BNO_ACC,3156,-2700,2,4.75000,-0.38281,8.62109
27039408,BNO_ACC,3157,-4500,2,4.75000,-0.30469,8.50000
27047975,BNO_ACC,3158,-5000,2,4.75000,-0.15234,8.46484
27052210,BNO_ACC,3159,-2700,2,4.75000,-0.15234,8.54297
27059170,BNO_ACC,3160,-700,2,4.78906,-0.15234,8.58203
27068726,BNO_ACC,3161,-1800,2,4.78906,-0.15234,8.62109
27078340,BNO_ACC,3162,-3000,2,4.78906,-0.15234,8.50391
27088077,BNO_ACC,3163,-4700,2,4.82812,-0.19141,8.50000
27099501,BNO_ACC,3164,-700,2,4.82812,-0.26953,8.62109
27109728,BNO_ACC,3165,-2500,2,4.82812,-0.30469,8.57812
27119577,BNO_ACC,3166,-4300,2,4.82812,-0.26953,8.46484
27128100,BNO_ACC,3167,-4800,2,4.86328,-0.26953,8.50391
27133010,BNO_ACC,3168,-2300,2,4.86328,-0.23047,8.65625
27139825,BNO_ACC,3169,-500,2,4.78906,-0.23047,8.61719
27149199,BNO_ACC,3170,-1800,2,4.82812,-0.23047,8.46094
27160630,BNO_ACC,3171,-5300,2,4.86328,-0.26953,8.46484
27168665,BNO_ACC,3172,-4900,2,4.90234,-0.30469,8.57812
27180349,BNO_ACC,3173,-700,2,4.94141,-0.26953,8.53906
27190020,BNO_ACC,3174,-2500,2,4.90234,-0.23047,8.50000
27197858,BNO_ACC,3175,-2000,2,4.94141,-0.23047,8.50391
27208660,BNO_ACC,3176,-4700,2,4.94141,-0.23047,8.50391
27220525,BNO_ACC,3177,-900,2,4.86328,-0.26953,8.46484
27229336,BNO_ACC,3178,-1800,2,4.86328,-0.23047,8.42578
27240623,BNO_ACC,3179,-4700,2,4.90234,-0.23047,8.42578
27248675,BNO_ACC,3180,-4600,2,4.98047,-0.26953,8.50000
27260417,BNO_ACC,3181,-700,2,4.90234,-0.19141,8.46094
27269504,BNO_ACC,3182,-1000,2,4.98047,-0.26953,8.53906
27280767,BNO_ACC,3183,-4700,2,4.90234,-0.23047,8.53906
27288805,BNO_ACC,3184,-4700,2,4.86328,-0.15234,8.42188
27300694,BNO_ACC,3185,-700,2,4.94141,-0.26953,8.53906
27309661,BNO_ACC,3186,-1600,2,4.98047,-0.30469,8.62109
27319729,BNO_ACC,3187,-3600,2,4.98047,-0.34375,8.53906
27328728,BNO_ACC,3188,-4200,2,4.94141,-0.30469,8.54297
27333622,BNO_ACC,3189,-2300,2,4.90234,-0.26953,8.46484
27340564,BNO_ACC,3190,-700,2,4.90234,-0.23047,8.46094
27349768,BNO_ACC,3191,-1000,2,4.94141,-0.23047,8.42188
27358234,BNO_ACC,3192,-1800,2,4.94141,-0.26953,8.46094
27369166,BNO_ACC,3193,-4500,2,4.90234,-0.23047,8.46094
27381058,BNO_ACC,3194,-700,2,4.94141,-0.23047,8.50391
27390114,BNO_ACC,3195,-1000,2,4.94141,-0.19141,8.50391
27398253,BNO_ACC,3196,-1700,2,4.90234,-0.11328,8.54297
27409486,BNO_ACC,3197,-4700,2,4.90234,-0.15234,8.46484
27421200,BNO_ACC,3198,-1000,2,4.94141,-0.26953,8.53906
27430194,BNO_ACC,3199,-1600,2,4.98047,-0.34375,8.61719
27438488,BNO_ACC,3200,-1600,2,4.90234,-0.30469,8.53906
27449290,BNO_ACC,3201,-4400,2,4.94141,-0.34375,8.50000
27461168,BNO_ACC,3202,-700,2,5.05469,-0.30469,8.62109
27470198,BNO_ACC,3203,-1000,2,4.98047,-0.30469,8.50391
27480006,BNO_ACC,3204,-3200,2,4.90234,-0.30469,8.39062
27488842,BNO_ACC,3205,-3900,2,4.94141,-0.26953,8.42578
27499392,BNO_ACC,3206,-6300,2,4.98047,-0.30469,8.50391
27501285,BNO_ACC,3207,-700,2,4.94141,-0.26953,8.46094
27510239,BNO_ACC,3208,-1000,2,4.94141,-0.26953,8.50000
27518666,BNO_ACC,3209,-1500,2,4.94141,-0.26953,8.57812
27529463,BNO_ACC,3210,-4200,2,4.90234,-0.26953,8.46484
27541367,BNO_ACC,3211,-500,2,4.86328,-0.26953,8.50391
27550563,BNO_ACC,3212,-900,2,4.86328,-0.23047,8.46094
27560185,BNO_ACC,3213,-3100,2,4.82812,-0.15234,8.39453
27568923,BNO_ACC,3214,-3700,2,4.86328,-0.15234,8.42188
27579379,BNO_ACC,3215,-6100,2,4.86328,-0.23047,8.53906
27580696,BNO_ACC,3216,-700,2,4.86328,-0.26953,8.54297
27590088,BNO_ACC,3217,-900,2,4.82812,-0.26953,8.46484
27599411,BNO_ACC,3218,-1800,2,4.86328,-0.26953,8.46484
27608955,BNO_ACC,3219,-3500,2,4.86328,-0.30469,8.50000
27619563,BNO_ACC,3220,-6100,2,4.86328,-0.23047,8.57812
27620967,BNO_ACC,3221,-700,2,4.78906,-0.23047,8.57812
27630215,BNO_ACC,3222,-900,2,4.78906,-0.26953,8.54297
27639483,BNO_ACC,3223,-1800,2,4.82812,-0.26953,8.62109
27649100,BNO_ACC,3224,-3300,2,4.82812,-0.38281,8.69531
27659569,BNO_ACC,3225,-5900,2,4.82812,-0.23047,8.61719
27660978,BNO_ACC,3226,-700,2,4.86328,-0.26953,8.66016
27670522,BNO_ACC,3227,-900,2,4.82812,-0.23047,8.57812
27680653,BNO_ACC,3228,-3100,2,4.82812,-0.19141,8.50000
27690404,BNO_ACC,3229,-4900,2,4.75000,-0.19141,8.50000
27700020,BNO_ACC,3230,-6100,2,4.75000,-0.19141,8.50000
27701388,BNO_ACC,3231,-700,2,4.78906,-0.26953,8.58203
27710388,BNO_ACC,3232,-700,2,4.75000,-0.23047,8.65625
27719477,BNO_ACC,3233,-1500,2,4.75000,-0.19141,8.61719
27730094,BNO_ACC,3234,-4000,2,4.71094,-0.15234,8.58203
27743753,BNO_ACC,3235,-2300,2,4.71094,-0.23047,8.61719
27750615,BNO_ACC,3236,-900,2,4.67188,-0.23047,8.54297
27760701,BNO_ACC,3237,-2700,2,4.67188,-0.26953,8.57812
27770922,BNO_ACC,3238,-4900,2,4.67188,-0.23047,8.58203
27779138,BNO_ACC,3239,-4900,2,4.63672,-0.19141,8.54297
27781678,BNO_ACC,3240,-700,2,4.67188,-0.15234,8.57812
27790374,BNO_ACC,3241,-700,2,4.67188,-0.19141,8.62109
27801388,BNO_ACC,3242,-3200,2,4.67188,-0.23047,8.66016
27809083,BNO_ACC,3243,-2800,2,4.59766,-0.19141,8.58203
27819521,BNO_ACC,3244,-4900,2,4.67188,-0.23047,8.58203
27823766,BNO_ACC,3245,-2500,2,4.71094,-0.30469,8.69922
27830791,BNO_ACC,3246,-500,2,4.67188,-0.07812,8.69922
27840870,BNO_ACC,3247,-2700,2,4.67188,-0.26953,8.65625
27850769,BNO_ACC,3248,-4500,2,4.59766,-0.19141,8.69531
27859397,BNO_ACC,3249,-4900,2,4.55859,-0.23047,8.65625
27862047,BNO_ACC,3250,-700,2,4.55859,-0.19141,8.69922
27870633,BNO_ACC,3251,-500,2,4.51953,-0.15234,8.66016
27881717,BNO_ACC,3252,-3200,2,4.48047,-0.11328,8.65625
27891013,BNO_ACC,3253,-4500,2,4.51953,-0.11328,8.77734
27899557,BNO_ACC,3254,-4800,2,4.51953,-0.15234,8.84766
27911530,BNO_ACC,3255,-900,2,4.44531,-0.19141,8.77734
27921073,BNO_ACC,3256,-2500,2,4.36719,-0.26953,8.81250
27931083,BNO_ACC,3257,-4500,2,4.36719,-0.23047,8.88281
27939591,BNO_ACC,3258,-4600,2,4.36719,-0.23047,8.92578
27951937,BNO_ACC,3259,-1000,2,4.36719,-0.15234,8.88672
27961321,BNO_ACC,3260,-2500,2,4.28906,-0.23047,8.88281
27969307,BNO_ACC,3261,-2200,2,4.32812,-0.26953,8.88672
27979914,BNO_ACC,3262,-4800,2,4.28906,-0.26953,8.92188
27984179,BNO_ACC,3263,-2500,2,4.25391,-0.23047,8.96484
27991144,BNO_ACC,3264,-500,2,4.21484,-0.23047,8.96484
28000706,BNO_ACC,3265,-1600,2,4.17578,-0.23047,8.88281
28011722,BNO_ACC,3266,-4700,2,4.17578,-0.23047,8.96094
28019851,BNO_ACC,3267,-4500,2,4.13672,-0.26953,8.96094
28024786,BNO_ACC,3268,-2100,2,4.06250,-0.26953,8.96094
28031685,BNO_ACC,3269,-700,2,4.09766,-0.15234,8.96094
28040835,BNO_ACC,3270,-1800,2,4.06250,-0.11328,9.00000
28051613,BNO_ACC,3271,-4500,2,4.06250,-0.11328,8.96094
28059927,BNO_ACC,3272,-4400,2,4.06250,-0.15234,9.03906
28064851,BNO_ACC,3273,-2300,2,4.02344,-0.15234,9.04297
28071663,BNO_ACC,3274,-500,2,3.98438,-0.15234,8.92188
28080877,BNO_ACC,3275,-1600,2,3.94531,-0.07812,8.88281
28091895,BNO_ACC,3276,-4500,2,3.94531,-0.15234,8.96094
28100040,BNO_ACC,3277,-4400,2,3.94531,-0.19141,9.04297
28104955,BNO_ACC,3278,-2300,2,3.94531,-0.19141,9.08203
28111801,BNO_ACC,3279,-700,2,3.94531,-0.15234,9.00000
28121196,BNO_ACC,3280,-900,2,3.86719,-0.19141,8.96094
28132338,BNO_ACC,3281,-4500,2,3.90625,-0.19141,9.03906
28140341,BNO_ACC,3282,-4400,2,3.94531,-0.23047,9.04297
28145251,BNO_ACC,3283,-2300,2,3.98438,-0.26953,9.12109
28152113,BNO_ACC,3284,-700,2,3.98438,-0.19141,9.11719
28161261,BNO_ACC,3285,-1000,2,3.90625,-0.23047,9.07812
28172277,BNO_ACC,3286,-4500,2,3.90625,-0.23047,9.03906
28180303,BNO_ACC,3287,-4400,2,3.90625,-0.19141,9.03906
28185247,BNO_ACC,3288,-2300,2,3.86719,-0.19141,9.00000
28192172,BNO_ACC,3289,-500,2,3.79297,-0.19141,9.04297
28201360,BNO_ACC,3290,-1000,2,3.79297,-0.19141,9.08203
28212396,BNO_ACC,3291,-4300,2,3.79297,-0.19141,9.04297
28220428,BNO_ACC,3292,-4200,2,3.75391,-0.19141,9.08203
28225333,BNO_ACC,3293,-2100,2,3.75391,-0.15234,9.11719
28232394,BNO_ACC,3294,-500,2,3.75391,-0.19141,9.19531
28241461,BNO_ACC,3295,-1000,2,3.75391,-0.15234,9.19922
28252513,BNO_ACC,3296,-4300,2,3.75391,-0.11328,9.11719
28260663,BNO_ACC,3297,-4400,2,3.71484,-0.11328,9.03906
28265572,BNO_ACC,3298,-2300,2,3.67578,-0.19141,9.11719
28272738,BNO_ACC,3299,-500,2,3.67578,-0.23047,9.15625
28281740,BNO_ACC,3300,-1000,2,3.67578,-0.19141,9.11719
28290085,BNO_ACC,3301,-1500,2,3.64062,-0.23047,9.07812
28300879,BNO_ACC,3302,-4400,2,3.64062,-0.26953,9.16016
28312655,BNO_ACC,3303,-500,2,3.67578,-0.19141,9.11719
28321793,BNO_ACC,3304,-900,2,3.64062,-0.15234,9.16016
28330077,BNO_ACC,3305,-1200,2,3.64062,-0.15234,9.19531
28340757,BNO_ACC,3306,-4100,2,3.67578,-0.19141,9.22656
28345707,BNO_ACC,3307,-2300,2,3.56250,-0.19141,9.16016
28352739,BNO_ACC,3308,-500,2,3.52344,-0.15234,9.19531
28361929,BNO_ACC,3309,-1000,2,3.56250,-0.11328,9.19922
28371985,BNO_ACC,3310,-3400,2,3.56250,-0.15234,9.22656
28380684,BNO_ACC,3311,-3900,2,3.44922,-0.23047,9.11719
28391372,BNO_ACC,3312,-6400,2,3.44922,-0.19141,9.19922
28393210,BNO_ACC,3313,-900,2,3.44922,-0.15234,9.23047
28402417,BNO_ACC,3314,-900,2,3.48438,-0.19141,9.15625
28412255,BNO_ACC,3315,-3400,2,3.44922,-0.23047,9.15625
28422440,BNO_ACC,3316,-5600,2,3.48438,-0.23047,9.19922
28430772,BNO_ACC,3317,-5700,2,3.41016,-0.19141,9.19531
28432265,BNO_ACC,3318,-700,2,3.44922,-0.15234,9.12109
28442031,BNO_ACC,3319,-1000,2,3.44922,-0.19141,9.19922
28452499,BNO_ACC,3320,-3600,2,3.44922,-0.19141,9.26953
28461009,BNO_ACC,3321,-3700,2,3.41016,-0.11328,9.19922
28471638,BNO_ACC,3322,-6400,2,3.37109,-0.23047,9.19531
28473559,BNO_ACC,3323,-900,2,3.37109,-0.26953,9.30859
28482694,BNO_ACC,3324,-1000,2,3.29297,-0.23047,9.30469
28492535,BNO_ACC,3325,-3400,2,3.33203,-0.23047,9.30469
28501091,BNO_ACC,3326,-3700,2,3.33203,-0.26953,9.26953
28511672,BNO_ACC,3327,-6200,2,3.33203,-0.15234,9.26953
28512803,BNO_ACC,3328,-700,2,3.25781,-0.19141,9.26562
28522132,BNO_ACC,3329,-900,2,3.29297,-0.19141,9.26562
28531496,BNO_ACC,3330,-2000,2,3.25781,-0.19141,9.38672
28540984,BNO_ACC,3331,-3300,2,3.25781,-0.26953,9.30859
28551655,BNO_ACC,3332,-5900,2,3.21875,-0.23047,9.30469
28552971,BNO_ACC,3333,-900,2,3.21875,-0.19141,9.30469
28562169,BNO_ACC,3334,-700,2,3.21875,-0.19141,9.34766
28571345,BNO_ACC,3335,-1500,2,3.21875,-0.19141,9.38672
28581806,BNO_ACC,3336,-4200,2,3.21875,-0.19141,9.34766
28593856,BNO_ACC,3337,-500,2,3.17969,-0.15234,9.30469
28602948,BNO_ACC,3338,-1000,2,3.14062,-0.19141,9.42578
28612570,BNO_ACC,3339,-2900,2,3.10156,-0.19141,9.38672
28620771,BNO_ACC,3340,-2700,2,3.06641,-0.30469,9.34375
28631237,BNO_ACC,3341,-5100,2,3.10156,-0.30469,9.38672
28634901,BNO_ACC,3342,-1400,2,3.10156,-0.26953,9.34375
28642020,BNO_ACC,3343,-700,2,3.10156,-0.19141,9.38672
28653086,BNO_ACC,3344,-3200,2,3.06641,-0.19141,9.46094
28662625,BNO_ACC,3345,-4700,2,3.06641,-0.19141,9.38281
28671125,BNO_ACC,3346,-4900,2,3.06641,-0.19141,9.34375
28673964,BNO_ACC,3347,-1200,2,3.02734,-0.19141,9.42188
28682244,BNO_ACC,3348,-500,2,2.94922,-0.15234,9.26562
28693219,BNO_ACC,3349,-3200,2,2.98828,-0.15234,9.30859
28700896,BNO_ACC,3350,-2800,2,3.02734,-0.15234,9.46094
28711430,BNO_ACC,3351,-5100,2,3.02734,-0.19141,9.42188
28715668,BNO_ACC,3352,-2500,2,3.02734,-0.15234,9.42578
28722580,BNO_ACC,3353,-700,2,2.87109,-0.15234,9.38281
28732686,BNO_ACC,3354,-2500,2,2.87109,-0.07812,9.22656
28742766,BNO_ACC,3355,-4500,2,2.98828,-0.23047,9.46484
28751545,BNO_ACC,3356,-5000,2,2.94922,-0.19141,9.46094
28755780,BNO_ACC,3357,-2500,2,2.87109,-0.15234,9.34375
28762621,BNO_ACC,3358,-500,2,2.94922,-0.23047,9.50000
28773060,BNO_ACC,3359,-2700,2,2.91016,-0.26953,9.53906
28781242,BNO_ACC,3360,-2600,2,2.91016,-0.23047,9.42188
28791907,BNO_ACC,3361,-5200,2,2.87109,-0.23047,9.46484
28803325,BNO_ACC,3362,-900,2,2.83594,-0.23047,9.46484
28812298,BNO_ACC,3363,-1800,2,2.87109,-0.23047,9.42188
28823350,BNO_ACC,3364,-4700,2,2.87109,-0.19141,9.38672
28831641,BNO_ACC,3365,-4700,2,2.87109,-0.23047,9.50391
28835879,BNO_ACC,3366,-2500,2,2.87109,-0.19141,9.46484
28842908,BNO_ACC,3367,-500,2,2.83594,-0.15234,9.38281
28852515,BNO_ACC,3368,-1800,2,2.87109,-0.15234,9.50000
28863783,BNO_ACC,3369,-5100,2,2.83594,-0.07812,9.50000
28871909,BNO_ACC,3370,-4700,2,2.79688,-0.19141,9.34375
28876161,BNO_ACC,3371,-2500,2,2.79688,-0.19141,9.38281
28883170,BNO_ACC,3372,-500,2,2.79688,-0.19141,9.38281
28892614,BNO_ACC,3373,-1600,2,2.75781,-0.19141,9.30469
28903713,BNO_ACC,3374,-4900,2,2.75781,-0.19141,9.34766
28911855,BNO_ACC,3375,-4500,2,2.79688,-0.11328,9.34766
28916793,BNO_ACC,3376,-2300,2,2.79688,-0.07812,9.46484
28923899,BNO_ACC,3377,-900,2,2.83594,-0.11328,9.50000
28933622,BNO_ACC,3378,-2500,2,2.71875,-0.19141,9.42188
28941545,BNO_ACC,3379,-2200,2,2.75781,-0.19141,9.30469
28952242,BNO_ACC,3380,-4800,2,2.71875,-0.23047,9.46484
28963833,BNO_ACC,3381,-700,2,2.64453,-0.23047,9.34766
28972689,BNO_ACC,3382,-1400,2,2.64453,-0.23047,9.42188
28983859,BNO_ACC,3383,-4500,2,2.67969,-0.26953,9.54297
28992267,BNO_ACC,3384,-4600,2,2.64453,-0.23047,9.54297
29003701,BNO_ACC,3385,-500,2,2.67969,-0.19141,9.46094
29012953,BNO_ACC,3386,-1600,2,2.67969,-0.23047,9.50000
29024124,BNO_ACC,3387,-4700,2,2.67969,-0.19141,9.46094
29032293,BNO_ACC,3388,-4600,2,2.64453,-0.19141,9.46484
29037181,BNO_ACC,3389,-2300,2,2.60547,-0.19141,9.50000
29044153,BNO_ACC,3390,-700,2,2.60547,-0.19141,9.50000
29053254,BNO_ACC,3391,-1800,2,2.60547,-0.11328,9.50391
29064544,BNO_ACC,3392,-4900,2,2.56641,-0.15234,9.50391
29072559,BNO_ACC,3393,-4600,2,2.56641,-0.19141,9.50000
29084372,BNO_ACC,3394,-900,2,2.56641,-0.30469,9.65234
29093319,BNO_ACC,3395,-1600,2,2.64453,-0.26953,9.50000
29104604,BNO_ACC,3396,-4700,2,2.56641,-0.23047,9.53906
29112696,BNO_ACC,3397,-4800,2,2.52734,-0.26953,9.57812
29124564,BNO_ACC,3398,-900,2,2.48828,-0.19141,9.50391
29133494,BNO_ACC,3399,-1600,2,2.48828,-0.26953,9.65234
29141966,BNO_ACC,3400,-1800,2,2.56641,-0.23047,9.50000
29152643,BNO_ACC,3401,-4400,2,2.52734,-0.19141,9.60938
29164529,BNO_ACC,3402,-700,2,2.41406,-0.23047,9.58203
29173764,BNO_ACC,3403,-1000,2,2.45312,-0.15234,9.53906
29181906,BNO_ACC,3404,-1400,2,2.41406,-0.15234,9.50000
29192673,BNO_ACC,3405,-4400,2,2.45312,-0.11328,9.57812
29204598,BNO_ACC,3406,-700,2,2.41406,-0.03906,9.50000
29213632,BNO_ACC,3407,-1000,2,2.37500,-0.15234,9.53906
29221961,BNO_ACC,3408,-1400,2,2.37500,-0.23047,9.50391
29232617,BNO_ACC,3409,-4000,2,2.37500,-0.26953,9.46094
29237544,BNO_ACC,3410,-2300,2,2.41406,-0.26953,9.57812
29244681,BNO_ACC,3411,-700,2,2.37500,-0.19141,9.58203
29253694,BNO_ACC,3412,-900,2,2.41406,-0.15234,9.57812
29263916,BNO_ACC,3413,-3400,2,2.37500,-0.23047,9.60938
29272597,BNO_ACC,3414,-3900,2,2.33594,-0.23047,9.60938
29282961,BNO_ACC,3415,-6100,2,2.29688,-0.30469,9.61328
29284170,BNO_ACC,3416,-700,2,2.26172,-0.26953,9.54297
29293980,BNO_ACC,3417,-1000,2,2.29688,-0.23047,9.57812
29304047,BNO_ACC,3418,-3400,2,2.29688,-0.19141,9.68750
29312434,BNO_ACC,3419,-3500,2,2.26172,-0.15234,9.54297
29322719,BNO_ACC,3420,-5700,2,2.26172,-0.15234,9.38672
29324234,BNO_ACC,3421,-700,2,2.26172,-0.11328,9.46484
29333578,BNO_ACC,3422,-900,2,2.26172,-0.19141,9.61328
29342659,BNO_ACC,3423,-1500,2,2.26172,-0.19141,9.61328
29353484,BNO_ACC,3424,-4200,2,2.22266,-0.19141,9.50000
29365233,BNO_ACC,3425,-700,2,2.26172,-0.23047,9.46094
29374296,BNO_ACC,3426,-900,2,2.18359,-0.23047,9.58203
29384158,BNO_ACC,3427,-3200,2,2.22266,-0.19141,9.57812
29392700,BNO_ACC,3428,-3500,2,2.14453,-0.34375,9.65234
29403250,BNO_ACC,3429,-6100,2,2.14453,-0.30469,9.69141
29404590,BNO_ACC,3430,-500,2,2.10547,-0.23047,9.65234
29414304,BNO_ACC,3431,-900,2,2.10547,-0.23047,9.61328
29424169,BNO_ACC,3432,-3100,2,2.10547,-0.30469,9.57812
29432754,BNO_ACC,3433,-3300,2,2.07031,-0.26953,9.60938
29443095,BNO_ACC,3434,-5700,2,2.07031,-0.30469,9.61328
29444759,BNO_ACC,3435,-500,2,2.07031,-0.26953,9.58203
29454015,BNO_ACC,3436,-900,2,2.07031,-0.19141,9.57812
29463189,BNO_ACC,3437,-1700,2,2.03125,-0.19141,9.60938
29473911,BNO_ACC,3438,-4200,2,2.03125,-0.19141,9.64844
29485724,BNO_ACC,3439,-700,2,2.03125,-0.23047,9.64844
29494721,BNO_ACC,3440,-900,2,1.99219,-0.23047,9.69141
29504659,BNO_ACC,3441,-3200,2,1.99219,-0.19141,9.64844
29514779,BNO_ACC,3442,-5300,2,1.99219,-0.19141,9.60938
29523210,BNO_ACC,3443,-5300,2,1.99219,-0.19141,9.60938
29534612,BNO_ACC,3444,-1000,2,1.95312,-0.23047,9.60938
29544698,BNO_ACC,3445,-3100,2,1.99219,-0.23047,9.69141
29554651,BNO_ACC,3446,-5100,2,1.95312,-0.19141,9.64844
29563255,BNO_ACC,3447,-5100,2,1.91406,-0.19141,9.60938
29567486,BNO_ACC,3448,-2700,2,1.91406,-0.19141,9.73047
29574420,BNO_ACC,3449,-700,2,1.87891,-0.23047,9.84375
29584863,BNO_ACC,3450,-2900,2,1.95312,-0.23047,9.60938
29594702,BNO_ACC,3451,-4900,2,1.87891,-0.26953,9.64844
29603447,BNO_ACC,3452,-5300,2,1.87891,-0.26953,9.69141
29615346,BNO_ACC,3453,-1400,2,1.83984,-0.26953,9.69141
29624901,BNO_ACC,3454,-2900,2,1.83984,-0.26953,9.73047
29634859,BNO_ACC,3455,-4900,2,1.83984,-0.23047,9.72656
29643485,BNO_ACC,3456,-5200,2,1.83984,-0.26953,9.69141
29654910,BNO_ACC,3457,-700,2,1.76172,-0.26953,9.69141
29664940,BNO_ACC,3458,-2700,2,1.80078,-0.19141,9.64844
29674673,BNO_ACC,3459,-4500,2,1.80078,-0.19141,9.64844
29683499,BNO_ACC,3460,-5000,2,1.80078,-0.15234,9.65234
29694922,BNO_ACC,3461,-700,2,1.76172,-0.19141,9.65234
29705044,BNO_ACC,3462,-2700,2,1.76172,-0.23047,9.61328
29714931,BNO_ACC,3463,-4500,2,1.76172,-0.19141,9.68750
29723647,BNO_ACC,3464,-4800,2,1.72266,-0.26953,9.64844
29727861,BNO_ACC,3465,-2700,2,1.72266,-0.34375,9.73047
29734838,BNO_ACC,3466,-500,2,1.72266,-0.34375,9.73047
29745118,BNO_ACC,3467,-2500,2,1.72266,-0.34375,9.73047
29755071,BNO_ACC,3468,-4500,2,1.72266,-0.23047,9.65234
29763755,BNO_ACC,3469,-5000,2,1.72266,-0.26953,9.69141
29775000,BNO_ACC,3470,-700,2,1.64844,-0.19141,9.58203
29785214,BNO_ACC,3471,-2500,2,1.64844,-0.15234,9.61328
29795196,BNO_ACC,3472,-4300,2,1.64844,-0.19141,9.64844
29803795,BNO_ACC,3473,-4800,2,1.57031,-0.19141,9.53906
29815127,BNO_ACC,3474,-500,2,1.57031,-0.23047,9.68750
29824479,BNO_ACC,3475,-1600,2,1.49219,-0.30469,9.58203
29835387,BNO_ACC,3476,-4300,2,1.49219,-0.30469,9.60938
29843779,BNO_ACC,3477,-4500,2,1.53125,-0.26953,9.68750
29848717,BNO_ACC,3478,-2300,2,1.53125,-0.30469,9.69141
29855701,BNO_ACC,3479,-700,2,1.49219,-0.19141,9.64844
29864819,BNO_ACC,3480,-1000,2,1.53125,-0.15234,9.68750
29875927,BNO_ACC,3481,-4700,2,1.49219,-0.15234,9.68750
29883995,BNO_ACC,3482,-4500,2,1.45703,-0.15234,9.69141
29888942,BNO_ACC,3483,-2300,2,1.45703,-0.23047,9.72656
29895562,BNO_ACC,3484,-700,2,1.45703,-0.23047,9.76953
29905000,BNO_ACC,3485,-900,2,1.41797,-0.19141,9.80859
29916027,BNO_ACC,3486,-4700,2,1.37891,-0.19141,9.76953
29924058,BNO_ACC,3487,-4400,2,1.37891,-0.19141,9.72656
29928976,BNO_ACC,3488,-2300,2,1.33984,-0.19141,9.76953
29935850,BNO_ACC,3489,-700,2,1.37891,-0.23047,9.72656
29945069,BNO_ACC,3490,-1000,2,1.30078,-0.19141,9.69141
29956061,BNO_ACC,3491,-4500,2,1.33984,-0.30469,9.80859
29964042,BNO_ACC,3492,-4300,2,1.33984,-0.26953,9.96484
29968946,BNO_ACC,3493,-2300,2,1.30078,-0.26953,9.80859
29975762,BNO_ACC,3494,-700,2,1.26562,-0.26953,9.72656
29985081,BNO_ACC,3495,-1000,2,1.30078,-0.26953,9.92578
29996200,BNO_ACC,3496,-4500,2,1.26562,-0.26953,9.84375
30004185,BNO_ACC,3497,-4200,2,1.18750,-0.23047,9.68750
30009134,BNO_ACC,3498,-2300,2,1.18750,-0.26953,9.76562
30016235,BNO_ACC,3499,-500,2,1.18750,-0.23047,9.84375
30025159,BNO_ACC,3500,-1000,2,1.18750,-0.26953,9.80469
30036209,BNO_ACC,3501,-4300,2,1.18750,-0.30469,9.84375
30044216,BNO_ACC,3502,-4200,2,1.14844,-0.26953,9.92578
30049144,BNO_ACC,3503,-2300,2,1.14844,-0.19141,9.76562
30056122,BNO_ACC,3504,-500,2,1.14844,-0.23047,9.64844
30065286,BNO_ACC,3505,-900,2,1.07422,-0.26953,9.76953
30074463,BNO_ACC,3506,-2400,2,1.14844,-0.26953,9.80859
30084939,BNO_ACC,3507,-4600,2,1.10938,-0.30469,9.80469
30096775,BNO_ACC,3508,-700,2,1.07422,-0.23047,9.69141
30105783,BNO_ACC,3509,-1000,2,1.03516,-0.19141,9.68750
30113756,BNO_ACC,3510,-1500,2,1.03516,-0.19141,9.72656
30124521,BNO_ACC,3511,-4100,2,1.03516,-0.19141,9.68750
30129459,BNO_ACC,3512,-2300,2,1.03516,-0.15234,9.76562
30136627,BNO_ACC,3513,-700,2,1.03516,-0.15234,9.73047
30145759,BNO_ACC,3514,-1000,2,1.03516,-0.15234,9.69141
30155602,BNO_ACC,3515,-3400,2,1.03516,-0.19141,9.68750
30166023,BNO_ACC,3516,-5800,2,0.99609,-0.23047,9.80859
30174568,BNO_ACC,3517,-6100,2,0.99609,-0.38281,9.76562
30175972,BNO_ACC,3518,-500,2,0.95703,-0.34375,9.64844
30185801,BNO_ACC,3519,-900,2,0.91797,-0.30469,9.72656
30194421,BNO_ACC,3520,-1600,2,0.99609,-0.30469,9.76953
30205444,BNO_ACC,3521,-4600,2,0.99609,-0.30469,9.76953
