t_us,tag,seq,bno_delay_us,status,gx,gy,gz,gbias_x,gbias_y,gbias_z
208226,BNO_GYRO_UC,0,-3100,0,0.003906,-0.060547,0.000000,0.003906,-0.001953,-0.003906
218646,BNO_GYRO_UC,1,-2900,0,0.019531,-0.072266,-0.005859,0.003906,-0.001953,-0.003906
227886,BNO_GYRO_UC,2,-3100,0,0.025391,-0.044922,-0.013672,0.003906,-0.001953,-0.003906
237510,BNO_GYRO_UC,3,-3100,0,0.001953,-0.001953,-0.013672,0.003906,-0.001953,-0.003906
247727,BNO_GYRO_UC,4,-3100,0,0.007812,0.027344,-0.017578,0.003906,-0.001953,-0.003906
258959,BNO_GYRO_UC,5,-3600,0,0.021484,0.019531,-0.011719,0.003906,-0.001953,-0.003906
268281,BNO_GYRO_UC,6,-3200,0,0.021484,-0.003906,-0.009766,0.003906,-0.001953,-0.003906
277669,BNO_GYRO_UC,7,-2900,0,0.041016,-0.013672,-0.007812,0.003906,-0.001953,-0.003906
287800,BNO_GYRO_UC,8,-3100,0,0.037109,-0.013672,-0.011719,0.003906,-0.001953,-0.003906
298899,BNO_GYRO_UC,9,-3400,0,0.003906,0.027344,-0.021484,0.003906,-0.001953,-0.003906
308313,BNO_GYRO_UC,10,-3400,0,-0.033203,0.062500,-0.035156,0.003906,-0.001953,-0.003906
317767,BNO_GYRO_UC,11,-2900,0,-0.042969,0.009766,-0.048828,0.003906,-0.001953,-0.003906
328310,BNO_GYRO_UC,12,-3100,0,-0.019531,-0.044922,-0.060547,0.003906,-0.001953,-0.003906
338586,BNO_GYRO_UC,13,-2900,0,-0.007812,-0.056641,-0.068359,0.003906,-0.001953,-0.003906
347932,BNO_GYRO_UC,14,-3100,0,0.005859,-0.005859,-0.058594,0.003906,-0.001953,-0.003906
357855,BNO_GYRO_UC,15,-3100,0,0.017578,0.085938,-0.041016,0.003906,-0.001953,-0.003906
368483,BNO_GYRO_UC,16,-3200,0,0.007812,0.126953,-0.037109,0.003906,-0.001953,-0.003906
378827,BNO_GYRO_UC,17,-3200,0,-0.005859,0.121094,-0.025391,0.003906,-0.001953,-0.003906
388377,BNO_GYRO_UC,18,-3400,0,0.044922,0.220703,0.074219,0.003906,-0.001953,-0.003906
398036,BNO_GYRO_UC,19,-3100,0,0.148438,0.369141,0.144531,0.003906,-0.001953,-0.003906
408252,BNO_GYRO_UC,20,-3200,0,0.232422,0.371094,0.177734,0.003906,-0.001953,-0.003906
418588,BNO_GYRO_UC,21,-2900,0,0.240234,0.302734,0.158203,0.003906,-0.001953,-0.003906
428744,BNO_GYRO_UC,22,-3400,0,0.173828,0.148438,0.109375,0.003906,-0.001953,-0.003906
438077,BNO_GYRO_UC,23,-3100,0,0.117188,0.044922,0.054688,0.003906,-0.001953,-0.003906
448590,BNO_GYRO_UC,24,-3200,0,0.033203,0.007812,0.017578,0.003906,-0.001953,-0.003906
458803,BNO_GYRO_UC,25,-2900,0,-0.029297,-0.017578,-0.011719,0.003906,-0.001953,-0.003906
468544,BNO_GYRO_UC,26,-3200,0,-0.044922,-0.019531,-0.005859,0.003906,-0.001953,-0.003906
478245,BNO_GYRO_UC,27,-3100,0,-0.042969,0.005859,-0.005859,0.003906,-0.001953,-0.003906
488606,BNO_GYRO_UC,28,-3100,0,-0.029297,-0.001953,-0.027344,0.003906,-0.001953,-0.003906
498708,BNO_GYRO_UC,29,-2700,0,-0.013672,-0.056641,-0.041016,0.003906,-0.001953,-0.003906
508710,BNO_GYRO_UC,30,-3200,0,-0.007812,-0.025391,-0.025391,0.003906,-0.001953,-0.003906
518272,BNO_GYRO_UC,31,-2900,0,-0.027344,0.029297,0.003906,0.003906,-0.001953,-0.003906
528658,BNO_GYRO_UC,32,-3100,0,0.048828,0.109375,0.033203,0.003906,-0.001953,-0.003906
539015,BNO_GYRO_UC,33,-2900,0,0.099609,0.160156,0.044922,0.003906,-0.001953,-0.003906
549022,BNO_GYRO_UC,34,-3200,0,0.123047,0.136719,0.037109,0.003906,-0.001953,-0.003906
558434,BNO_GYRO_UC,35,-3100,0,0.060547,0.007812,-0.005859,0.003906,-0.001953,-0.003906
568903,BNO_GYRO_UC,36,-3100,0,-0.062500,-0.117188,-0.056641,0.003906,-0.001953,-0.003906
579265,BNO_GYRO_UC,37,-2900,0,-0.105469,-0.138672,-0.083984,0.003906,-0.001953,-0.003906
589287,BNO_GYRO_UC,38,-3200,0,-0.125000,-0.140625,-0.082031,0.003906,-0.001953,-0.003906
598451,BNO_GYRO_UC,39,-3100,0,-0.121094,-0.105469,-0.042969,0.003906,-0.001953,-0.003906
608832,BNO_GYRO_UC,40,-3100,0,-0.041016,-0.085938,-0.021484,0.003906,-0.001953,-0.003906
619196,BNO_GYRO_UC,41,-2900,0,-0.013672,-0.072266,-0.009766,0.003906,-0.001953,-0.003906
629423,BNO_GYRO_UC,42,-3400,0,-0.023438,-0.017578,-0.017578,0.003906,-0.001953,-0.003906
638532,BNO_GYRO_UC,43,-3100,0,-0.025391,0.037109,-0.021484,0.003906,-0.001953,-0.003906
648986,BNO_GYRO_UC,44,-3200,0,-0.009766,0.044922,-0.017578,0.003906,-0.001953,-0.003906
659426,BNO_GYRO_UC,45,-3100,0,0.037109,0.050781,-0.011719,0.003906,-0.001953,-0.003906
669606,BNO_GYRO_UC,46,-3200,0,0.074219,0.064453,0.000000,0.003906,-0.001953,-0.003906
678637,BNO_GYRO_UC,47,-3100,0,0.083984,0.037109,0.003906,0.003906,-0.001953,-0.003906
689025,BNO_GYRO_UC,48,-3200,0,0.093750,0.050781,0.007812,0.003906,-0.001953,-0.003906
699510,BNO_GYRO_UC,49,-3200,0,0.093750,0.083984,0.005859,0.003906,-0.001953,-0.003906
709446,BNO_GYRO_UC,50,-3200,0,0.072266,0.087891,0.003906,0.003906,-0.001953,-0.003906
718923,BNO_GYRO_UC,51,-3100,0,0.068359,0.082031,0.001953,0.003906,-0.001953,-0.003906
728777,BNO_GYRO_UC,52,-3100,0,0.056641,0.068359,-0.013672,0.003906,-0.001953,-0.003906
739940,BNO_GYRO_UC,53,-3600,0,0.048828,0.062500,-0.019531,0.003906,-0.001953,-0.003906
749249,BNO_GYRO_UC,54,-3100,0,0.054688,0.044922,-0.021484,0.003906,-0.001953,-0.003906
758705,BNO_GYRO_UC,55,-2900,0,0.044922,0.025391,-0.027344,0.003906,-0.001953,-0.003906
769229,BNO_GYRO_UC,56,-3100,0,0.029297,-0.005859,-0.031250,0.003906,-0.001953,-0.003906
779517,BNO_GYRO_UC,57,-2900,0,0.007812,-0.019531,-0.031250,0.003906,-0.001953,-0.003906
789811,BNO_GYRO_UC,58,-3200,0,-0.027344,-0.033203,-0.037109,0.003906,-0.001953,-0.003906
799004,BNO_GYRO_UC,59,-3100,0,-0.017578,-0.037109,-0.033203,0.003906,-0.001953,-0.003906
809542,BNO_GYRO_UC,60,-3200,0,-0.011719,-0.041016,-0.025391,0.003906,-0.001953,-0.003906
819967,BNO_GYRO_UC,61,-3200,0,-0.013672,-0.041016,-0.015625,0.003906,-0.001953,-0.003906
829358,BNO_GYRO_UC,62,-2700,0,0.003906,-0.031250,-0.009766,0.003906,-0.001953,-0.003906
838778,BNO_GYRO_UC,63,-2900,0,0.039062,0.005859,-0.001953,0.003906,-0.001953,-0.003906
849410,BNO_GYRO_UC,64,-3100,0,0.062500,0.046875,0.007812,0.003906,-0.001953,-0.003906
860135,BNO_GYRO_UC,65,-3400,0,0.050781,0.056641,0.013672,0.003906,-0.001953,-0.003906
869274,BNO_GYRO_UC,66,-2700,0,0.039062,0.048828,0.019531,0.003906,-0.001953,-0.003906
878842,BNO_GYRO_UC,67,-2900,0,0.046875,0.033203,0.017578,0.003906,-0.001953,-0.003906
889354,BNO_GYRO_UC,68,-3200,0,0.037109,0.009766,0.013672,0.003906,-0.001953,-0.003906
899927,BNO_GYRO_UC,69,-3200,0,0.017578,-0.013672,0.001953,0.003906,-0.001953,-0.003906
909947,BNO_GYRO_UC,70,-3200,0,0.017578,-0.033203,-0.009766,0.003906,-0.001953,-0.003906
919453,BNO_GYRO_UC,71,-3100,0,0.015625,-0.033203,-0.013672,0.003906,-0.001953,-0.003906
929102,BNO_GYRO_UC,72,-2900,0,0.021484,-0.005859,-0.017578,0.003906,-0.001953,-0.003906
939702,BNO_GYRO_UC,73,-3600,0,0.025391,0.021484,-0.015625,0.003906,-0.001953,-0.003906
949786,BNO_GYRO_UC,74,-3100,0,-0.001953,0.021484,-0.023438,0.003906,-0.001953,-0.003906
958885,BNO_GYRO_UC,75,-2700,0,0.009766,0.007812,-0.019531,0.003906,-0.001953,-0.003906
969736,BNO_GYRO_UC,76,-3200,0,0.039062,-0.013672,-0.011719,0.003906,-0.001953,-0.003906
980532,BNO_GYRO_UC,77,-3600,0,0.042969,-0.011719,-0.001953,0.003906,-0.001953,-0.003906
989945,BNO_GYRO_UC,78,-2900,0,0.048828,-0.001953,0.005859,0.003906,-0.001953,-0.003906
998859,BNO_GYRO_UC,79,-2700,0,0.048828,-0.005859,0.013672,0.003906,-0.001953,-0.003906
1009687,BNO_GYRO_UC,80,-3200,0,0.037109,-0.003906,0.009766,0.003906,-0.001953,-0.003906
1020676,BNO_GYRO_UC,81,-3800,0,0.033203,0.009766,0.009766,0.003906,-0.001953,-0.003906
1030127,BNO_GYRO_UC,82,-2900,0,0.037109,0.025391,0.015625,0.003906,-0.001953,-0.003906
1038980,BNO_GYRO_UC,83,-2700,0,0.041016,0.035156,0.019531,0.003906,-0.001953,-0.003906
1049807,BNO_GYRO_UC,84,-3200,0,0.035156,0.035156,0.017578,0.003906,-0.001953,-0.003906
1059857,BNO_GYRO_UC,85,-3400,0,0.021484,0.023438,0.007812,0.003906,-0.001953,-0.003906
1070444,BNO_GYRO_UC,86,-3800,0,0.050781,0.009766,0.005859,0.003906,-0.001953,-0.003906
1079601,BNO_GYRO_UC,87,-3200,0,0.089844,-0.005859,0.005859,0.003906,-0.001953,-0.003906
1090438,BNO_GYRO_UC,88,-3400,0,0.087891,-0.009766,0.007812,0.003906,-0.001953,-0.003906
1100040,BNO_GYRO_UC,89,-3800,0,0.050781,0.003906,0.003906,0.001953,0.000000,-0.003906
1110277,BNO_GYRO_UC,90,-3200,0,-0.005859,0.031250,-0.001953,0.001953,0.000000,-0.003906
1119674,BNO_GYRO_UC,91,-3200,0,-0.023438,0.068359,-0.005859,0.001953,0.000000,-0.003906
1129875,BNO_GYRO_UC,92,-3400,0,-0.037109,0.080078,-0.005859,0.001953,0.000000,-0.003906
1140170,BNO_GYRO_UC,93,-3600,0,-0.033203,0.068359,-0.003906,0.001953,0.000000,-0.003906
1150277,BNO_GYRO_UC,94,-3400,0,-0.017578,0.062500,-0.003906,0.001953,0.000000,-0.003906
1159736,BNO_GYRO_UC,95,-3100,0,-0.029297,0.060547,-0.005859,0.001953,0.000000,-0.003906
1170664,BNO_GYRO_UC,96,-3400,0,-0.011719,0.074219,-0.005859,0.001953,0.000000,-0.003906
1180356,BNO_GYRO_UC,97,-3800,0,0.021484,0.080078,-0.007812,0.001953,0.000000,-0.003906
1190829,BNO_GYRO_UC,98,-3800,0,0.027344,0.068359,-0.007812,0.001953,0.000000,-0.003906
1199886,BNO_GYRO_UC,99,-3200,0,0.025391,0.066406,-0.013672,0.001953,0.000000,-0.003906
1210665,BNO_GYRO_UC,100,-3400,0,0.029297,0.074219,-0.017578,0.001953,0.000000,-0.003906
1219953,BNO_GYRO_UC,101,-3400,0,0.041016,0.083984,-0.021484,0.001953,0.000000,-0.003906
1230474,BNO_GYRO_UC,102,-3400,0,0.054688,0.097656,-0.025391,0.001953,0.000000,-0.003906
1239679,BNO_GYRO_UC,103,-3200,0,0.033203,0.097656,-0.025391,0.001953,0.000000,-0.003906
1250028,BNO_GYRO_UC,104,-3400,0,0.017578,0.103516,-0.031250,0.001953,0.000000,-0.003906
1260880,BNO_GYRO_UC,105,-3800,0,0.019531,0.123047,-0.027344,0.001953,0.000000,-0.003906
1270542,BNO_GYRO_UC,106,-3100,0,0.031250,0.150391,-0.025391,0.001953,0.000000,-0.003906
1280000,BNO_GYRO_UC,107,-3200,0,0.035156,0.156250,-0.023438,0.001953,0.000000,-0.003906
1289853,BNO_GYRO_UC,108,-3200,0,0.025391,0.150391,-0.027344,0.001953,0.000000,-0.003906
1300155,BNO_GYRO_UC,109,-3200,0,0.021484,0.148438,-0.027344,0.001953,0.000000,-0.003906
1310419,BNO_GYRO_UC,110,-3100,0,0.041016,0.156250,-0.021484,0.001953,0.000000,-0.003906
1319526,BNO_GYRO_UC,111,-2700,0,0.060547,0.152344,-0.013672,0.001953,0.000000,-0.003906
1330527,BNO_GYRO_UC,112,-3200,0,0.054688,0.146484,-0.013672,0.001953,0.000000,-0.003906
1339932,BNO_GYRO_UC,113,-3100,0,0.060547,0.144531,-0.013672,0.001953,0.000000,-0.003906
1350876,BNO_GYRO_UC,114,-3600,0,0.060547,0.134766,-0.013672,0.001953,0.000000,-0.003906
1360224,BNO_GYRO_UC,115,-3200,0,0.037109,0.142578,-0.017578,0.001953,0.000000,-0.003906
1369972,BNO_GYRO_UC,116,-3100,0,0.021484,0.144531,-0.025391,0.001953,0.000000,-0.003906
1380393,BNO_GYRO_UC,117,-3200,0,0.005859,0.138672,-0.019531,0.001953,0.000000,-0.003906
1390429,BNO_GYRO_UC,118,-2900,0,-0.015625,0.160156,-0.019531,0.001953,0.000000,-0.003906
1400473,BNO_GYRO_UC,119,-3200,0,0.001953,0.189453,-0.015625,0.001953,0.000000,-0.003906
1410173,BNO_GYRO_UC,120,-3200,0,0.011719,0.191406,-0.013672,0.001953,0.000000,-0.003906
1420465,BNO_GYRO_UC,121,-3400,0,0.013672,0.187500,-0.009766,0.001953,0.000000,-0.003906
1430618,BNO_GYRO_UC,122,-2900,0,0.009766,0.179688,-0.007812,0.001953,0.000000,-0.003906
1440929,BNO_GYRO_UC,123,-3200,0,0.019531,0.169922,-0.011719,0.001953,0.000000,-0.003906
1450303,BNO_GYRO_UC,124,-3200,0,0.031250,0.173828,-0.011719,0.001953,0.000000,-0.003906
1460795,BNO_GYRO_UC,125,-3100,0,0.041016,0.162109,-0.013672,0.001953,0.000000,-0.003906
1470650,BNO_GYRO_UC,126,-2700,0,0.048828,0.125000,-0.015625,0.001953,0.000000,-0.003906
1480815,BNO_GYRO_UC,127,-3400,0,0.029297,0.089844,-0.019531,0.001953,0.000000,-0.003906
1490192,BNO_GYRO_UC,128,-3100,0,-0.003906,0.072266,-0.025391,0.001953,0.000000,-0.003906
1500851,BNO_GYRO_UC,129,-3200,0,-0.009766,0.082031,-0.025391,0.001953,0.000000,-0.003906
1510870,BNO_GYRO_UC,130,-2900,0,-0.019531,0.091797,-0.021484,0.001953,0.000000,-0.003906
1520981,BNO_GYRO_UC,131,-3200,0,-0.009766,0.083984,-0.015625,0.001953,0.000000,-0.003906
1530450,BNO_GYRO_UC,132,-3100,0,0.029297,0.076172,-0.007812,0.001953,0.000000,-0.003906
1540814,BNO_GYRO_UC,133,-3200,0,0.042969,0.062500,-0.003906,0.001953,0.000000,-0.003906
1550950,BNO_GYRO_UC,134,-2900,0,0.029297,0.052734,0.001953,0.001953,0.000000,-0.003906
1560996,BNO_GYRO_UC,135,-3200,0,0.031250,0.064453,0.003906,0.001953,0.000000,-0.003906
1570561,BNO_GYRO_UC,136,-3100,0,0.017578,0.078125,0.003906,0.001953,0.000000,-0.003906
1581261,BNO_GYRO_UC,137,-3400,0,-0.001953,0.087891,0.000000,0.001953,0.000000,-0.003906
1591176,BNO_GYRO_UC,138,-2700,0,0.003906,0.076172,0.000000,0.001953,0.000000,-0.003906
1601250,BNO_GYRO_UC,139,-3200,0,-0.009766,0.029297,-0.015625,0.001953,0.000000,-0.003906
1610498,BNO_GYRO_UC,140,-2900,0,-0.005859,-0.025391,-0.027344,0.001953,0.000000,-0.003906
1621088,BNO_GYRO_UC,141,-3200,0,-0.003906,-0.048828,-0.027344,0.001953,0.000000,-0.003906
1631167,BNO_GYRO_UC,142,-2700,0,0.003906,-0.044922,-0.027344,0.001953,0.000000,-0.003906
1641271,BNO_GYRO_UC,143,-3200,0,0.025391,-0.041016,-0.019531,0.001953,0.000000,-0.003906
1650579,BNO_GYRO_UC,144,-3200,0,0.027344,-0.007812,-0.009766,0.001953,0.000000,-0.003906
1661180,BNO_GYRO_UC,145,-3100,0,0.033203,0.033203,-0.001953,0.001953,0.000000,-0.003906
1671270,BNO_GYRO_UC,146,-2700,0,0.029297,0.062500,0.005859,0.001953,0.000000,-0.003906
1681328,BNO_GYRO_UC,147,-3200,0,0.001953,0.087891,0.005859,0.001953,0.000000,-0.003906
1690693,BNO_GYRO_UC,148,-3100,0,-0.009766,0.095703,-0.005859,0.001953,0.000000,-0.003906
1701370,BNO_GYRO_UC,149,-3200,0,-0.013672,0.087891,-0.013672,0.001953,0.000000,-0.003906
1711249,BNO_GYRO_UC,150,-2900,0,-0.007812,0.064453,-0.017578,0.001953,0.000000,-0.003906
1721457,BNO_GYRO_UC,151,-3200,0,0.007812,0.050781,-0.017578,0.001953,0.000000,-0.003906
1730764,BNO_GYRO_UC,152,-3100,0,-0.005859,0.039062,-0.021484,0.001953,0.000000,-0.003906
1741428,BNO_GYRO_UC,153,-3100,0,-0.029297,0.050781,-0.021484,0.001953,0.000000,-0.003906
1751338,BNO_GYRO_UC,154,-2700,0,-0.017578,0.099609,-0.017578,0.001953,0.000000,-0.003906
1761555,BNO_GYRO_UC,155,-3200,0,0.005859,0.138672,-0.005859,0.001953,0.000000,-0.003906
1770796,BNO_GYRO_UC,156,-3100,0,0.015625,0.162109,-0.003906,0.001953,0.000000,-0.003906
1781404,BNO_GYRO_UC,157,-3200,0,0.039062,0.185547,-0.001953,0.001953,0.000000,-0.003906
1791940,BNO_GYRO_UC,158,-3100,0,0.050781,0.207031,-0.005859,0.001953,0.000000,-0.003906
1801308,BNO_GYRO_UC,159,-3200,0,0.037109,0.218750,-0.009766,0.001953,0.000000,-0.003906
1810978,BNO_GYRO_UC,160,-3100,0,0.031250,0.208984,-0.017578,0.001953,0.000000,-0.003906
1821806,BNO_GYRO_UC,161,-3200,0,0.005859,0.197266,-0.019531,0.001953,0.000000,-0.003906
1831735,BNO_GYRO_UC,162,-2700,0,-0.007812,0.216797,-0.021484,0.001953,0.000000,-0.003906
1841919,BNO_GYRO_UC,163,-3200,0,-0.003906,0.246094,-0.021484,0.001953,0.000000,-0.003906
1851017,BNO_GYRO_UC,164,-3100,0,-0.003906,0.279297,-0.021484,0.001953,0.000000,-0.003906
1861527,BNO_GYRO_UC,165,-3200,0,-0.005859,0.312500,-0.017578,0.001953,0.000000,-0.003906
1872167,BNO_GYRO_UC,166,-3200,0,0.005859,0.326172,-0.003906,0.001953,0.000000,-0.003906
1881574,BNO_GYRO_UC,167,-3100,0,0.025391,0.302734,0.007812,0.001953,0.000000,-0.003906
1891231,BNO_GYRO_UC,168,-3200,0,0.041016,0.265625,0.019531,0.001953,0.000000,-0.003906
1901979,BNO_GYRO_UC,169,-3200,0,0.042969,0.253906,0.029297,0.001953,0.000000,-0.003906
1912402,BNO_GYRO_UC,170,-3200,0,0.037109,0.244141,0.031250,0.001953,0.000000,-0.003906
1921778,BNO_GYRO_UC,171,-3200,0,0.025391,0.242188,0.019531,0.001953,0.000000,-0.003906
1931437,BNO_GYRO_UC,172,-3200,0,0.031250,0.232422,0.009766,0.001953,0.000000,-0.003906
1941139,BNO_GYRO_UC,173,-3100,0,0.025391,0.228516,-0.003906,0.001953,0.000000,-0.003906
1951962,BNO_GYRO_UC,174,-3400,0,0.015625,0.218750,-0.015625,0.001953,0.000000,-0.003906
1962208,BNO_GYRO_UC,175,-3600,0,0.003906,0.199219,-0.019531,0.001953,0.000000,-0.003906
1971291,BNO_GYRO_UC,176,-3200,0,0.003906,0.177734,-0.025391,0.001953,0.000000,-0.003906
1981944,BNO_GYRO_UC,177,-3200,0,0.013672,0.156250,-0.021484,0.001953,0.000000,-0.003906
1991573,BNO_GYRO_UC,178,-3400,0,0.003906,0.140625,-0.019531,0.001953,0.000000,-0.003906
2001598,BNO_GYRO_UC,179,-3100,0,0.007812,0.132812,-0.007812,0.001953,0.000000,-0.003906
2011185,BNO_GYRO_UC,180,-3100,0,0.001953,0.134766,-0.003906,0.001953,0.000000,-0.003906
2021947,BNO_GYRO_UC,181,-3200,0,0.003906,0.136719,-0.003906,0.001953,0.000000,-0.003906
2032453,BNO_GYRO_UC,182,-3400,0,0.007812,0.134766,0.003906,0.001953,0.000000,-0.003906
2041967,BNO_GYRO_UC,183,-2900,0,-0.001953,0.134766,0.001953,0.001953,0.000000,-0.003906
2051159,BNO_GYRO_UC,184,-2900,0,-0.037109,0.138672,-0.007812,0.001953,0.000000,-0.003906
2061919,BNO_GYRO_UC,185,-3200,0,-0.035156,0.152344,-0.013672,0.001953,0.000000,-0.003906
2072508,BNO_GYRO_UC,186,-3200,0,-0.037109,0.148438,-0.013672,0.001953,0.000000,-0.003906
2082002,BNO_GYRO_UC,187,-2900,0,-0.017578,0.162109,-0.009766,0.001953,0.000000,-0.003906
2090867,BNO_GYRO_UC,188,-2500,0,0.015625,0.185547,0.000000,0.001953,0.000000,-0.003906
2101732,BNO_GYRO_UC,189,-3200,0,0.031250,0.187500,0.003906,0.001953,0.000000,-0.003906
2111853,BNO_GYRO_UC,190,-3400,0,0.021484,0.160156,0.001953,0.001953,0.000000,-0.003906
2122083,BNO_GYRO_UC,191,-3200,0,-0.001953,0.150391,-0.003906,0.001953,0.000000,-0.003906
2131450,BNO_GYRO_UC,192,-3100,0,-0.009766,0.160156,0.001953,0.001953,0.000000,-0.003906
2142196,BNO_GYRO_UC,193,-3200,0,-0.019531,0.167969,0.001953,0.001953,0.000000,-0.003906
2152824,BNO_GYRO_UC,194,-3400,0,-0.027344,0.173828,-0.001953,0.001953,0.000000,-0.003906
2162207,BNO_GYRO_UC,195,-2700,0,-0.054688,0.162109,-0.009766,0.001953,0.000000,-0.003906
2171808,BNO_GYRO_UC,196,-3100,0,-0.064453,0.144531,-0.015625,0.001953,0.000000,-0.003906
2182577,BNO_GYRO_UC,197,-3200,0,-0.044922,0.144531,-0.017578,0.001953,0.000000,-0.003906
2193189,BNO_GYRO_UC,198,-3400,0,-0.027344,0.144531,-0.015625,0.001953,0.000000,-0.003906
2202736,BNO_GYRO_UC,199,-2900,0,-0.019531,0.148438,-0.017578,0.001953,0.000000,-0.003906
2212458,BNO_GYRO_UC,200,-3200,0,-0.015625,0.162109,-0.015625,0.001953,0.000000,-0.003906
2221926,BNO_GYRO_UC,201,-3200,0,-0.007812,0.177734,-0.013672,0.001953,0.000000,-0.003906
2231817,BNO_GYRO_UC,202,-3100,0,0.003906,0.195312,-0.011719,0.001953,0.000000,-0.003906
2242373,BNO_GYRO_UC,203,-3200,0,0.005859,0.187500,-0.011719,0.001953,0.000000,-0.003906
2251230,BNO_GYRO_UC,204,-2500,0,0.015625,0.205078,-0.007812,0.001953,0.000000,-0.003906
2262272,BNO_GYRO_UC,205,-3200,0,-0.005859,0.214844,-0.009766,0.001953,0.000000,-0.003906
2271953,BNO_GYRO_UC,206,-3200,0,-0.023438,0.189453,-0.019531,0.001953,0.000000,-0.003906
2282378,BNO_GYRO_UC,207,-3200,0,-0.033203,0.152344,-0.029297,0.001953,0.000000,-0.003906
2291598,BNO_GYRO_UC,208,-2700,0,-0.039062,0.144531,-0.029297,0.001953,0.000000,-0.003906
2302510,BNO_GYRO_UC,209,-3200,0,-0.015625,0.167969,-0.025391,0.001953,0.000000,-0.003906
2312131,BNO_GYRO_UC,210,-3100,0,0.001953,0.181641,-0.017578,0.001953,0.000000,-0.003906
2322703,BNO_GYRO_UC,211,-3400,0,0.001953,0.197266,-0.017578,0.001953,0.000000,-0.003906
2332143,BNO_GYRO_UC,212,-3200,0,0.021484,0.224609,-0.017578,0.001953,0.000000,-0.003906
2342296,BNO_GYRO_UC,213,-3400,0,0.019531,0.234375,-0.021484,0.001953,0.000000,-0.003906
2352330,BNO_GYRO_UC,214,-3400,0,0.011719,0.240234,-0.019531,0.001953,0.000000,-0.003906
2362757,BNO_GYRO_UC,215,-3400,0,0.017578,0.244141,-0.017578,0.001953,0.000000,-0.003906
2372269,BNO_GYRO_UC,216,-3100,0,0.003906,0.253906,-0.021484,0.001953,0.000000,-0.003906
2382418,BNO_GYRO_UC,217,-3400,0,-0.013672,0.255859,-0.027344,0.001953,0.000000,-0.003906
2393327,BNO_GYRO_UC,218,-3800,0,-0.021484,0.228516,-0.027344,0.001953,0.000000,-0.003906
2402909,BNO_GYRO_UC,219,-3100,0,-0.033203,0.210938,-0.027344,0.001953,0.000000,-0.003906
2412457,BNO_GYRO_UC,220,-3400,0,-0.041016,0.207031,-0.027344,0.001953,0.000000,-0.003906
2422312,BNO_GYRO_UC,221,-3400,0,-0.029297,0.199219,-0.027344,0.001953,0.000000,-0.003906
2432398,BNO_GYRO_UC,222,-3200,0,0.001953,0.185547,-0.013672,0.001953,0.000000,-0.003906
2443380,BNO_GYRO_UC,223,-3800,0,0.019531,0.158203,-0.009766,0.001953,0.000000,-0.003906
2452764,BNO_GYRO_UC,224,-3400,0,0.003906,0.132812,-0.011719,0.001953,0.000000,-0.003906
2462464,BNO_GYRO_UC,225,-3100,0,-0.027344,0.134766,-0.017578,0.001953,0.000000,-0.003906
2472383,BNO_GYRO_UC,226,-3100,0,-0.037109,0.126953,-0.019531,0.001953,0.000000,-0.003906
2482851,BNO_GYRO_UC,227,-3200,0,-0.017578,0.132812,-0.015625,0.001953,0.000000,-0.003906
2492394,BNO_GYRO_UC,228,-3200,0,-0.023438,0.140625,-0.015625,0.001953,0.000000,-0.003906
2502457,BNO_GYRO_UC,229,-3100,0,-0.029297,0.144531,-0.013672,0.001953,0.000000,-0.003906
2512808,BNO_GYRO_UC,230,-3200,0,-0.027344,0.158203,-0.015625,0.001953,0.000000,-0.003906
2523488,BNO_GYRO_UC,231,-3400,0,-0.017578,0.173828,-0.007812,0.001953,0.000000,-0.003906
2532907,BNO_GYRO_UC,232,-3200,0,-0.009766,0.177734,-0.003906,0.001953,0.000000,-0.003906
2542511,BNO_GYRO_UC,233,-3200,0,0.007812,0.173828,-0.001953,0.001953,0.000000,-0.003906
2552966,BNO_GYRO_UC,234,-3200,0,0.015625,0.169922,-0.001953,0.001953,0.000000,-0.003906
2563558,BNO_GYRO_UC,235,-3400,0,0.017578,0.152344,-0.003906,0.001953,0.000000,-0.003906
2572880,BNO_GYRO_UC,236,-3400,0,0.003906,0.146484,-0.007812,0.001953,0.000000,-0.003906
2582562,BNO_GYRO_UC,237,-3100,0,-0.005859,0.152344,-0.005859,0.001953,0.000000,-0.003906
2592963,BNO_GYRO_UC,238,-3400,0,-0.013672,0.160156,-0.005859,0.001953,0.000000,-0.003906
2603002,BNO_GYRO_UC,239,-2700,0,0.001953,0.185547,-0.001953,0.001953,0.000000,-0.003906
2613119,BNO_GYRO_UC,240,-3200,0,0.009766,0.222656,0.003906,0.001953,0.000000,-0.003906
2622667,BNO_GYRO_UC,241,-3200,0,0.015625,0.238281,0.005859,0.001953,0.000000,-0.003906
2633263,BNO_GYRO_UC,242,-3200,0,0.021484,0.216797,0.003906,0.001953,0.000000,-0.003906
2643161,BNO_GYRO_UC,243,-2700,0,0.015625,0.193359,0.003906,0.001953,0.000000,-0.003906
2653316,BNO_GYRO_UC,244,-3400,0,-0.001953,0.181641,0.000000,0.001953,0.000000,-0.003906
2662768,BNO_GYRO_UC,245,-3200,0,0.000000,0.166016,-0.005859,0.001953,0.000000,-0.003906
2673463,BNO_GYRO_UC,246,-3200,0,-0.017578,0.160156,-0.015625,0.001953,0.000000,-0.003906
2683411,BNO_GYRO_UC,247,-2700,0,-0.029297,0.167969,-0.015625,0.001953,0.000000,-0.003906
2693446,BNO_GYRO_UC,248,-3200,0,-0.017578,0.173828,-0.015625,0.001953,0.000000,-0.003906
2702909,BNO_GYRO_UC,249,-3200,0,-0.013672,0.183594,-0.013672,0.001953,0.000000,-0.003906
2713598,BNO_GYRO_UC,250,-3200,0,-0.009766,0.183594,-0.009766,0.001953,0.000000,-0.003906
2723541,BNO_GYRO_UC,251,-2700,0,0.009766,0.185547,-0.003906,0.001953,0.000000,-0.003906
2733647,BNO_GYRO_UC,252,-3400,0,0.015625,0.185547,0.000000,0.001953,0.000000,-0.003906
2742939,BNO_GYRO_UC,253,-3200,0,0.025391,0.187500,0.001953,0.001953,0.000000,-0.003906
2753575,BNO_GYRO_UC,254,-3200,0,0.019531,0.185547,0.001953,0.001953,0.000000,-0.003906
2763539,BNO_GYRO_UC,255,-2700,0,-0.007812,0.197266,-0.007812,0.001953,0.000000,-0.003906
2773828,BNO_GYRO_UC,256,-3400,0,-0.027344,0.214844,-0.009766,0.001953,0.000000,-0.003906
2783201,BNO_GYRO_UC,257,-3400,0,-0.007812,0.216797,-0.007812,0.001953,0.000000,-0.003906
2793843,BNO_GYRO_UC,258,-3400,0,-0.001953,0.207031,0.001953,0.001953,0.000000,-0.003906
2803881,BNO_GYRO_UC,259,-2900,0,-0.005859,0.208984,-0.003906,0.001953,0.000000,-0.003906
2814025,BNO_GYRO_UC,260,-3200,0,-0.013672,0.208984,-0.003906,0.001953,0.000000,-0.003906
2823324,BNO_GYRO_UC,261,-3400,0,0.003906,0.208984,-0.001953,0.001953,0.000000,-0.003906
2833241,BNO_GYRO_UC,262,-3200,0,0.005859,0.197266,0.000000,0.001953,0.000000,-0.003906
2843836,BNO_GYRO_UC,263,-3600,0,-0.005859,0.175781,0.005859,0.001953,0.000000,-0.003906
2854036,BNO_GYRO_UC,264,-3200,0,-0.009766,0.150391,0.021484,0.001953,0.000000,-0.003906
2863413,BNO_GYRO_UC,265,-3400,0,0.003906,0.138672,0.033203,0.001953,0.000000,-0.003906
2874098,BNO_GYRO_UC,266,-3400,0,-0.007812,0.158203,0.027344,0.001953,0.000000,-0.003906
2884252,BNO_GYRO_UC,267,-3100,0,-0.005859,0.181641,0.021484,0.001953,0.000000,-0.003906
2893838,BNO_GYRO_UC,268,-3400,0,-0.023438,0.171875,0.011719,0.001953,0.000000,-0.003906
2903622,BNO_GYRO_UC,269,-3200,0,-0.031250,0.175781,0.003906,0.001953,0.000000,-0.003906
2913530,BNO_GYRO_UC,270,-3400,0,-0.021484,0.185547,0.001953,0.001953,0.000000,-0.003906
2924246,BNO_GYRO_UC,271,-3800,0,-0.007812,0.193359,0.003906,0.001953,0.000000,-0.003906
2933975,BNO_GYRO_UC,272,-3400,0,0.005859,0.203125,0.007812,0.001953,0.000000,-0.003906
2943738,BNO_GYRO_UC,273,-3200,0,-0.011719,0.212891,0.003906,0.001953,0.000000,-0.003906
2953490,BNO_GYRO_UC,274,-3400,0,-0.044922,0.203125,-0.005859,0.001953,0.000000,-0.003906
2964294,BNO_GYRO_UC,275,-3800,0,-0.050781,0.201172,-0.001953,0.001953,0.000000,-0.003906
2973925,BNO_GYRO_UC,276,-3200,0,-0.044922,0.220703,-0.003906,0.001953,0.000000,-0.003906
2983473,BNO_GYRO_UC,277,-3200,0,0.005859,0.242188,0.005859,0.001953,0.000000,-0.003906
2993311,BNO_GYRO_UC,278,-3100,0,0.044922,0.246094,0.019531,0.001953,0.000000,-0.003906
3004083,BNO_GYRO_UC,279,-3400,0,0.041016,0.259766,0.017578,0.001953,0.000000,-0.003906
3014575,BNO_GYRO_UC,280,-3800,0,0.021484,0.265625,0.011719,0.001953,0.000000,-0.003906
3023773,BNO_GYRO_UC,281,-3100,0,0.017578,0.255859,0.007812,0.001953,0.000000,-0.003906
3033505,BNO_GYRO_UC,282,-3200,0,0.029297,0.259766,0.005859,0.001953,0.000000,-0.003906
3043813,BNO_GYRO_UC,283,-3400,0,-0.005859,0.275391,0.000000,0.001953,0.000000,-0.003906
3053915,BNO_GYRO_UC,284,-3100,0,-0.041016,0.281250,-0.005859,0.001953,0.000000,-0.003906
3063008,BNO_GYRO_UC,285,-2700,0,-0.042969,0.263672,-0.005859,0.001953,0.000000,-0.003906
3073817,BNO_GYRO_UC,286,-3200,0,-0.021484,0.253906,0.003906,0.001953,0.000000,-0.003906
3084747,BNO_GYRO_UC,287,-3800,0,-0.044922,0.244141,-0.001953,0.001953,0.000000,-0.003906
3094159,BNO_GYRO_UC,288,-2900,0,-0.066406,0.238281,-0.001953,0.001953,0.000000,-0.003906
3103932,BNO_GYRO_UC,289,-3200,0,-0.064453,0.230469,0.003906,0.001953,0.000000,-0.003906
3113677,BNO_GYRO_UC,290,-3200,0,-0.048828,0.220703,0.005859,0.001953,0.000000,-0.003906
3123913,BNO_GYRO_UC,291,-3400,0,-0.003906,0.240234,0.019531,0.001953,0.000000,-0.003906
3134031,BNO_GYRO_UC,292,-3100,0,-0.005859,0.269531,0.021484,0.001953,0.000000,-0.003906
3143491,BNO_GYRO_UC,293,-3100,0,0.009766,0.292969,0.025391,0.001953,0.000000,-0.003906
3154179,BNO_GYRO_UC,294,-3200,0,0.039062,0.302734,0.019531,0.001953,0.000000,-0.003906
3164907,BNO_GYRO_UC,295,-3400,0,0.046875,0.304688,0.011719,0.001953,0.000000,-0.003906
3174412,BNO_GYRO_UC,296,-2700,0,0.019531,0.291016,0.000000,0.001953,0.000000,-0.003906
3183138,BNO_GYRO_UC,297,-2700,0,-0.003906,0.285156,-0.015625,0.001953,0.000000,-0.003906
3194008,BNO_GYRO_UC,298,-3200,0,-0.003906,0.273438,-0.017578,0.001953,0.000000,-0.003906
3204179,BNO_GYRO_UC,299,-3400,0,0.005859,0.263672,-0.013672,0.001953,0.000000,-0.003906
3214272,BNO_GYRO_UC,300,-3100,0,0.003906,0.244141,-0.011719,0.001953,0.000000,-0.003906
3223656,BNO_GYRO_UC,301,-3100,0,0.029297,0.232422,-0.005859,0.001953,0.000000,-0.003906
3234175,BNO_GYRO_UC,302,-3200,0,0.037109,0.228516,0.000000,0.001953,0.000000,-0.003906
3244754,BNO_GYRO_UC,303,-3600,0,0.025391,0.218750,0.005859,0.001953,0.000000,-0.003906
3254208,BNO_GYRO_UC,304,-2500,0,0.007812,0.218750,0.001953,0.001953,0.000000,-0.003906
3263754,BNO_GYRO_UC,305,-3100,0,-0.001953,0.220703,-0.001953,0.001953,0.000000,-0.003906
3274417,BNO_GYRO_UC,306,-3200,0,0.001953,0.230469,-0.003906,0.001953,0.000000,-0.003906
3285239,BNO_GYRO_UC,307,-3800,0,-0.009766,0.232422,-0.009766,0.001953,0.000000,-0.003906
3294756,BNO_GYRO_UC,308,-2700,0,-0.029297,0.230469,-0.021484,0.001953,0.000000,-0.003906
3303695,BNO_GYRO_UC,309,-2700,0,-0.001953,0.222656,-0.015625,0.001953,0.000000,-0.003906
3314539,BNO_GYRO_UC,310,-3200,0,0.003906,0.214844,-0.017578,0.001953,0.000000,-0.003906
3324979,BNO_GYRO_UC,311,-3600,0,-0.005859,0.220703,-0.017578,0.001953,0.000000,-0.003906
3334547,BNO_GYRO_UC,312,-2500,0,0.009766,0.218750,-0.003906,0.001953,0.000000,-0.003906
3344061,BNO_GYRO_UC,313,-3100,0,0.001953,0.218750,-0.001953,0.001953,0.000000,-0.003906
3354746,BNO_GYRO_UC,314,-3200,0,-0.007812,0.216797,-0.003906,0.001953,0.000000,-0.003906
3364149,BNO_GYRO_UC,315,-3200,0,-0.003906,0.207031,-0.003906,0.001953,0.000000,-0.003906
3374550,BNO_GYRO_UC,316,-3200,0,0.009766,0.224609,-0.001953,0.001953,0.000000,-0.003906
3383720,BNO_GYRO_UC,317,-2700,0,0.009766,0.232422,-0.009766,0.001953,0.000000,-0.003906
3394825,BNO_GYRO_UC,318,-3200,0,0.003906,0.232422,-0.015625,0.001953,0.000000,-0.003906
3404313,BNO_GYRO_UC,319,-3100,0,0.001953,0.226562,-0.019531,0.001953,0.000000,-0.003906
3414694,BNO_GYRO_UC,320,-3400,0,0.007812,0.208984,-0.017578,0.001953,0.000000,-0.003906
3423748,BNO_GYRO_UC,321,-2700,0,0.009766,0.195312,-0.017578,0.001953,0.000000,-0.003906
3434894,BNO_GYRO_UC,322,-3100,0,-0.001953,0.181641,-0.017578,0.001953,0.000000,-0.003906
3444444,BNO_GYRO_UC,323,-3100,0,0.009766,0.179688,-0.005859,0.001953,0.000000,-0.003906
3455029,BNO_GYRO_UC,324,-3400,0,0.013672,0.173828,0.003906,0.001953,0.000000,-0.003906
3464370,BNO_GYRO_UC,325,-3100,0,0.025391,0.167969,0.011719,0.001953,0.000000,-0.003906
3475109,BNO_GYRO_UC,326,-3200,0,0.017578,0.156250,0.009766,0.001953,0.000000,-0.003906
3484611,BNO_GYRO_UC,327,-3100,0,0.005859,0.150391,0.003906,0.001953,0.000000,-0.003906
3494813,BNO_GYRO_UC,328,-3200,0,0.009766,0.158203,0.001953,0.001953,0.000000,-0.003906
3504873,BNO_GYRO_UC,329,-3200,0,0.031250,0.185547,0.007812,0.001953,0.000000,-0.003906
3514512,BNO_GYRO_UC,330,-3100,0,0.044922,0.214844,0.009766,0.001953,0.000000,-0.003906
3524912,BNO_GYRO_UC,331,-3200,0,0.044922,0.224609,0.013672,0.001953,0.000000,-0.003906
3534938,BNO_GYRO_UC,332,-2700,0,0.029297,0.242188,0.009766,0.001953,0.000000,-0.003906
3544672,BNO_GYRO_UC,333,-3200,0,0.017578,0.261719,0.011719,0.001953,0.000000,-0.003906
3554435,BNO_GYRO_UC,334,-3200,0,0.015625,0.255859,0.017578,0.001953,0.000000,-0.003906
3564888,BNO_GYRO_UC,335,-3200,0,0.027344,0.250000,0.017578,0.001953,0.000000,-0.003906
3575065,BNO_GYRO_UC,336,-3100,0,0.037109,0.250000,0.023438,0.001953,0.000000,-0.003906
3585426,BNO_GYRO_UC,337,-3400,0,0.031250,0.259766,0.021484,0.001953,0.000000,-0.003906
3594587,BNO_GYRO_UC,338,-3200,0,0.025391,0.257812,0.025391,0.001953,0.000000,-0.003906
3605226,BNO_GYRO_UC,339,-3200,0,0.015625,0.251953,0.019531,0.001953,0.000000,-0.003906
3615223,BNO_GYRO_UC,340,-2900,0,0.029297,0.265625,0.015625,0.001953,0.000000,-0.003906
3625308,BNO_GYRO_UC,341,-3200,0,0.062500,0.267578,0.021484,0.001953,0.000000,-0.003906
3634768,BNO_GYRO_UC,342,-3200,0,0.060547,0.275391,0.009766,0.001953,0.000000,-0.003906
3645244,BNO_GYRO_UC,343,-3200,0,0.029297,0.279297,0.003906,0.001953,0.000000,-0.003906
3655125,BNO_GYRO_UC,344,-2700,0,0.015625,0.291016,0.009766,0.001953,0.000000,-0.003906
3665361,BNO_GYRO_UC,345,-3400,0,0.009766,0.310547,0.013672,0.001953,0.000000,-0.003906
3674881,BNO_GYRO_UC,346,-3200,0,-0.007812,0.306641,0.011719,0.001953,0.000000,-0.003906
3685367,BNO_GYRO_UC,347,-3200,0,-0.013672,0.304688,-0.001953,0.001953,0.000000,-0.003906
3695294,BNO_GYRO_UC,348,-2900,0,-0.007812,0.314453,-0.005859,0.001953,0.000000,-0.003906
3705572,BNO_GYRO_UC,349,-3400,0,0.005859,0.312500,-0.005859,0.001953,0.000000,-0.003906
3714769,BNO_GYRO_UC,350,-3100,0,0.015625,0.289062,0.003906,0.001953,0.000000,-0.003906
3725447,BNO_GYRO_UC,351,-3100,0,0.001953,0.257812,-0.001953,0.001953,0.000000,-0.003906
3735437,BNO_GYRO_UC,352,-2900,0,-0.017578,0.193359,-0.013672,0.001953,0.000000,-0.003906
3745525,BNO_GYRO_UC,353,-3200,0,-0.031250,0.130859,-0.021484,0.001953,0.000000,-0.003906
3754838,BNO_GYRO_UC,354,-3100,0,-0.048828,0.101562,-0.041016,0.001953,0.000000,-0.003906
3765542,BNO_GYRO_UC,355,-3200,0,-0.044922,0.103516,-0.039062,0.001953,0.000000,-0.003906
3775637,BNO_GYRO_UC,356,-2900,0,-0.042969,0.115234,-0.033203,0.001953,0.000000,-0.003906
3785721,BNO_GYRO_UC,357,-3200,0,-0.066406,0.128906,-0.044922,0.001953,0.000000,-0.003906
3795065,BNO_GYRO_UC,358,-3200,0,-0.083984,0.148438,-0.042969,0.001953,0.000000,-0.003906
3805820,BNO_GYRO_UC,359,-3200,0,-0.068359,0.166016,-0.035156,0.001953,0.000000,-0.003906
3815627,BNO_GYRO_UC,360,-2700,0,-0.042969,0.181641,-0.017578,0.001953,0.000000,-0.003906
3825683,BNO_GYRO_UC,361,-3200,0,-0.021484,0.226562,0.000000,0.001953,0.000000,-0.003906
3834983,BNO_GYRO_UC,362,-3100,0,-0.007812,0.267578,0.005859,0.001953,0.000000,-0.003906
3845600,BNO_GYRO_UC,363,-3200,0,0.000000,0.275391,0.009766,0.001953,0.000000,-0.003906
3855758,BNO_GYRO_UC,364,-2700,0,0.023438,0.255859,0.017578,0.001953,0.000000,-0.003906
3866064,BNO_GYRO_UC,365,-3400,0,0.025391,0.257812,0.019531,0.001953,0.000000,-0.003906
3875262,BNO_GYRO_UC,366,-3100,0,0.015625,0.271484,0.009766,0.001953,0.000000,-0.003906
3885969,BNO_GYRO_UC,367,-3200,0,0.003906,0.269531,0.001953,0.001953,0.000000,-0.003906
3896418,BNO_GYRO_UC,368,-3200,0,-0.021484,0.255859,-0.013672,0.001953,0.000000,-0.003906
3905758,BNO_GYRO_UC,369,-3200,0,-0.048828,0.234375,-0.019531,0.001953,0.000000,-0.003906
3915252,BNO_GYRO_UC,370,-3100,0,-0.052734,0.226562,-0.019531,0.001953,0.000000,-0.003906
3926066,BNO_GYRO_UC,371,-3200,0,-0.029297,0.210938,-0.009766,0.001953,0.000000,-0.003906
3935929,BNO_GYRO_UC,372,-2700,0,-0.033203,0.193359,-0.003906,0.001953,0.000000,-0.003906
3946195,BNO_GYRO_UC,373,-3400,0,-0.033203,0.173828,-0.001953,0.001953,0.000000,-0.003906
3955547,BNO_GYRO_UC,374,-3100,0,-0.019531,0.185547,0.001953,0.001953,0.000000,-0.003906
3965327,BNO_GYRO_UC,375,-3100,0,0.000000,0.197266,0.009766,0.001953,0.000000,-0.003906
3976152,BNO_GYRO_UC,376,-3600,0,0.000000,0.197266,0.007812,0.001953,0.000000,-0.003906
3986367,BNO_GYRO_UC,377,-3400,0,-0.005859,0.203125,0.000000,0.001953,0.000000,-0.003906
3995539,BNO_GYRO_UC,378,-3200,0,-0.003906,0.218750,-0.003906,0.001953,0.000000,-0.003906
4006331,BNO_GYRO_UC,379,-3200,0,-0.019531,0.220703,-0.005859,0.001953,0.000000,-0.003906
4016776,BNO_GYRO_UC,380,-3200,0,-0.019531,0.234375,-0.007812,0.001953,0.000000,-0.003906
4026381,BNO_GYRO_UC,381,-3200,0,-0.003906,0.263672,0.003906,0.001953,0.000000,-0.003906
4035812,BNO_GYRO_UC,382,-3100,0,0.003906,0.267578,0.009766,0.001953,0.000000,-0.003906
4045600,BNO_GYRO_UC,383,-3100,0,0.000000,0.265625,0.009766,0.001953,0.000000,-0.003906
4056324,BNO_GYRO_UC,384,-3400,0,-0.005859,0.242188,-0.005859,0.001953,0.000000,-0.003906
4066681,BNO_GYRO_UC,385,-3600,0,-0.039062,0.222656,-0.017578,0.001953,0.000000,-0.003906
4075989,BNO_GYRO_UC,386,-3100,0,-0.042969,0.203125,-0.015625,0.001953,0.000000,-0.003906
4085626,BNO_GYRO_UC,387,-3200,0,-0.021484,0.179688,-0.009766,0.001953,0.000000,-0.003906
4096001,BNO_GYRO_UC,388,-3400,0,-0.021484,0.173828,-0.007812,0.001953,0.000000,-0.003906
4106606,BNO_GYRO_UC,389,-3600,0,-0.015625,0.191406,-0.001953,0.001953,0.000000,-0.003906
4115672,BNO_GYRO_UC,390,-3200,0,-0.019531,0.214844,0.001953,0.001953,0.000000,-0.003906
4126274,BNO_GYRO_UC,391,-3200,0,-0.007812,0.244141,-0.003906,0.001953,0.000000,-0.003906
4136990,BNO_GYRO_UC,392,-3600,0,-0.007812,0.242188,-0.013672,0.001953,0.000000,-0.003906
4146653,BNO_GYRO_UC,393,-3200,0,0.009766,0.251953,-0.013672,0.001953,0.000000,-0.003906
4156265,BNO_GYRO_UC,394,-3100,0,0.037109,0.261719,0.001953,0.001953,0.000000,-0.003906
4165881,BNO_GYRO_UC,395,-3200,0,0.046875,0.255859,0.009766,0.001953,0.000000,-0.003906
4176696,BNO_GYRO_UC,396,-3800,0,0.039062,0.244141,0.007812,0.001953,0.000000,-0.003906
4186626,BNO_GYRO_UC,397,-3200,0,0.035156,0.238281,0.013672,0.001953,0.000000,-0.003906
4196016,BNO_GYRO_UC,398,-3200,0,0.025391,0.220703,0.009766,0.001953,0.000000,-0.003906
4206091,BNO_GYRO_UC,399,-3400,0,0.011719,0.173828,0.001953,0.001953,0.000000,-0.003906
4216426,BNO_GYRO_UC,400,-3600,0,-0.001953,0.138672,-0.001953,0.001953,0.000000,-0.003906
4226426,BNO_GYRO_UC,401,-3400,0,-0.013672,0.125000,-0.013672,0.001953,0.000000,-0.003906
4235356,BNO_GYRO_UC,402,-2500,0,-0.003906,0.132812,-0.021484,0.001953,0.000000,-0.003906
4246385,BNO_GYRO_UC,403,-3400,0,0.005859,0.140625,-0.019531,0.001953,0.000000,-0.003906
4257429,BNO_GYRO_UC,404,-3800,0,0.001953,0.146484,-0.017578,0.001953,0.000000,-0.003906
4267133,BNO_GYRO_UC,405,-3100,0,-0.017578,0.144531,-0.021484,0.001953,0.000000,-0.003906
4276251,BNO_GYRO_UC,406,-3400,0,-0.007812,0.138672,-0.017578,0.001953,0.000000,-0.003906
4286237,BNO_GYRO_UC,407,-3400,0,-0.005859,0.136719,-0.009766,0.001953,0.000000,-0.003906
4297044,BNO_GYRO_UC,408,-3600,0,-0.001953,0.152344,-0.003906,0.001953,0.000000,-0.003906
4306848,BNO_GYRO_UC,409,-3100,0,-0.015625,0.152344,-0.007812,0.001953,0.000000,-0.003906
4316495,BNO_GYRO_UC,410,-3600,0,-0.019531,0.144531,-0.009766,0.001953,0.000000,-0.003906
4326320,BNO_GYRO_UC,411,-3400,0,-0.001953,0.152344,-0.005859,0.001953,0.000000,-0.003906
4336394,BNO_GYRO_UC,412,-3200,0,-0.013672,0.162109,-0.013672,0.001953,0.000000,-0.003906
4346686,BNO_GYRO_UC,413,-3400,0,-0.019531,0.191406,-0.015625,0.001953,0.000000,-0.003906
4355683,BNO_GYRO_UC,414,-2700,0,-0.025391,0.210938,-0.005859,0.001953,0.000000,-0.003906
4366756,BNO_GYRO_UC,415,-3200,0,-0.023438,0.210938,-0.005859,0.001953,0.000000,-0.003906
4376195,BNO_GYRO_UC,416,-3100,0,-0.031250,0.199219,-0.013672,0.001953,0.000000,-0.003906
4386673,BNO_GYRO_UC,417,-3200,0,-0.015625,0.179688,-0.007812,0.001953,0.000000,-0.003906
4395757,BNO_GYRO_UC,418,-2500,0,0.009766,0.164062,0.003906,0.001953,0.000000,-0.003906
4406876,BNO_GYRO_UC,419,-3200,0,0.003906,0.134766,0.001953,0.001953,0.000000,-0.003906
4416436,BNO_GYRO_UC,420,-3100,0,-0.013672,0.107422,-0.003906,0.001953,0.000000,-0.003906
4426741,BNO_GYRO_UC,421,-3200,0,-0.021484,0.080078,-0.009766,0.001953,0.000000,-0.003906
4435690,BNO_GYRO_UC,422,-2500,0,-0.027344,0.068359,-0.007812,0.001953,0.000000,-0.003906
4446878,BNO_GYRO_UC,423,-3200,0,-0.017578,0.060547,-0.005859,0.001953,0.000000,-0.003906
4456374,BNO_GYRO_UC,424,-3100,0,0.003906,0.064453,0.003906,0.001953,0.000000,-0.003906
4466843,BNO_GYRO_UC,425,-3200,0,0.011719,0.052734,0.003906,0.001953,0.000000,-0.003906
4477135,BNO_GYRO_UC,426,-3400,0,0.013672,0.060547,0.003906,0.001953,0.000000,-0.003906
4486529,BNO_GYRO_UC,427,-3200,0,0.017578,0.064453,0.007812,0.001953,0.000000,-0.003906
4496394,BNO_GYRO_UC,428,-3100,0,0.001953,0.070312,0.001953,0.001953,0.000000,-0.003906
4507059,BNO_GYRO_UC,429,-3400,0,-0.009766,0.072266,-0.003906,0.001953,0.000000,-0.003906
4516611,BNO_GYRO_UC,430,-3200,0,0.011719,0.080078,0.003906,0.001953,0.000000,-0.003906
4526634,BNO_GYRO_UC,431,-3200,0,0.005859,0.072266,0.000000,0.001953,0.000000,-0.003906
4536789,BNO_GYRO_UC,432,-3100,0,-0.015625,0.060547,-0.007812,0.001953,0.000000,-0.003906
4546952,BNO_GYRO_UC,433,-2900,0,-0.023438,0.048828,-0.015625,0.001953,0.000000,-0.003906
4557140,BNO_GYRO_UC,434,-3200,0,-0.025391,0.039062,-0.017578,0.001953,0.000000,-0.003906
4566505,BNO_GYRO_UC,435,-3100,0,-0.019531,0.027344,-0.021484,0.001953,0.000000,-0.003906
4576986,BNO_GYRO_UC,436,-3200,0,-0.017578,0.027344,-0.023438,0.001953,0.000000,-0.003906
4587120,BNO_GYRO_UC,437,-2700,0,-0.005859,0.027344,-0.013672,0.001953,0.000000,-0.003906
4597215,BNO_GYRO_UC,438,-3200,0,-0.001953,0.035156,-0.009766,0.001953,0.000000,-0.003906
4606630,BNO_GYRO_UC,439,-3200,0,-0.001953,0.037109,-0.005859,0.001953,0.000000,-0.003906
4617238,BNO_GYRO_UC,440,-3200,0,0.003906,0.039062,-0.003906,0.001953,0.000000,-0.003906
4627205,BNO_GYRO_UC,441,-2900,0,0.000000,0.031250,-0.007812,0.001953,0.000000,-0.003906
4637399,BNO_GYRO_UC,442,-3400,0,-0.007812,0.019531,-0.017578,0.001953,0.000000,-0.003906
4646833,BNO_GYRO_UC,443,-3200,0,-0.009766,0.013672,-0.017578,0.001953,0.000000,-0.003906
4657469,BNO_GYRO_UC,444,-3200,0,-0.015625,0.001953,-0.017578,0.001953,0.000000,-0.003906
4667269,BNO_GYRO_UC,445,-2700,0,-0.023438,-0.017578,-0.023438,0.001953,0.000000,-0.003906
4677560,BNO_GYRO_UC,446,-3200,0,-0.025391,-0.025391,-0.025391,0.001953,0.000000,-0.003906
4686925,BNO_GYRO_UC,447,-3100,0,-0.019531,-0.021484,-0.019531,0.001953,0.000000,-0.003906
4697613,BNO_GYRO_UC,448,-3200,0,-0.021484,-0.007812,-0.019531,0.001953,0.000000,-0.003906
4708019,BNO_GYRO_UC,449,-3200,0,-0.003906,0.003906,-0.009766,0.001953,0.000000,-0.003906
4717392,BNO_GYRO_UC,450,-3600,0,-0.003906,0.005859,-0.013672,0.001953,0.000000,-0.003906
4726966,BNO_GYRO_UC,451,-3100,0,-0.005859,0.005859,-0.015625,0.001953,0.000000,-0.003906
4737418,BNO_GYRO_UC,452,-3200,0,0.007812,-0.003906,-0.009766,0.001953,0.000000,-0.003906
4747802,BNO_GYRO_UC,453,-3100,0,0.025391,-0.009766,-0.001953,0.001953,0.000000,-0.003906
4757768,BNO_GYRO_UC,454,-3200,0,0.019531,-0.013672,0.003906,0.001953,0.000000,-0.003906
4767232,BNO_GYRO_UC,455,-3200,0,0.029297,-0.015625,0.007812,0.001953,0.000000,-0.003906
4777073,BNO_GYRO_UC,456,-3100,0,0.021484,-0.017578,0.001953,0.001953,0.000000,-0.003906
4788170,BNO_GYRO_UC,457,-3600,0,0.003906,-0.023438,-0.009766,0.001953,0.000000,-0.003906
4797721,BNO_GYRO_UC,458,-3600,0,-0.003906,-0.023438,-0.013672,0.001953,0.000000,-0.003906
4807213,BNO_GYRO_UC,459,-3100,0,-0.013672,-0.017578,-0.023438,0.001953,0.000000,-0.003906
4817943,BNO_GYRO_UC,460,-3200,0,-0.005859,-0.013672,-0.021484,0.001953,0.000000,-0.003906
4827790,BNO_GYRO_UC,461,-2500,0,-0.007812,-0.009766,-0.021484,0.001953,0.000000,-0.003906
4838000,BNO_GYRO_UC,462,-3200,0,0.005859,-0.001953,-0.015625,0.001953,0.000000,-0.003906
4847194,BNO_GYRO_UC,463,-3100,0,0.013672,0.003906,-0.013672,0.001953,0.000000,-0.003906
4857729,BNO_GYRO_UC,464,-3100,0,0.007812,0.017578,-0.015625,0.001953,0.000000,-0.003906
4868309,BNO_GYRO_UC,465,-3200,0,-0.007812,0.013672,-0.021484,0.001953,0.000000,-0.003906
4877898,BNO_GYRO_UC,466,-3400,0,0.001953,0.011719,-0.013672,0.001953,0.000000,-0.003906
4887351,BNO_GYRO_UC,467,-3100,0,0.007812,0.015625,-0.009766,0.001953,0.000000,-0.003906
4898306,BNO_GYRO_UC,468,-3400,0,0.001953,0.011719,-0.003906,0.001953,0.000000,-0.003906
4908463,BNO_GYRO_UC,469,-3100,0,0.005859,-0.001953,-0.001953,0.001953,0.000000,-0.003906
4918051,BNO_GYRO_UC,470,-3200,0,0.015625,-0.005859,0.005859,0.001953,0.000000,-0.003906
4927651,BNO_GYRO_UC,471,-3200,0,0.001953,-0.007812,-0.001953,0.001953,0.000000,-0.003906
4937624,BNO_GYRO_UC,472,-3200,0,-0.013672,-0.009766,-0.007812,0.001953,0.000000,-0.003906
4948543,BNO_GYRO_UC,473,-4000,0,-0.019531,-0.009766,-0.019531,0.001953,0.000000,-0.003906
4958074,BNO_GYRO_UC,474,-3100,0,-0.037109,-0.001953,-0.025391,0.001953,0.000000,-0.003906
4967861,BNO_GYRO_UC,475,-3400,0,-0.013672,0.005859,-0.019531,0.001953,0.000000,-0.003906
4977579,BNO_GYRO_UC,476,-3200,0,-0.009766,0.009766,-0.013672,0.001953,0.000000,-0.003906
4988085,BNO_GYRO_UC,477,-3600,0,-0.019531,0.005859,-0.017578,0.001953,0.000000,-0.003906
4998111,BNO_GYRO_UC,478,-3200,0,0.001953,0.011719,-0.007812,0.001953,0.000000,-0.003906
5007688,BNO_GYRO_UC,479,-3200,0,0.007812,0.005859,-0.001953,0.001953,0.000000,-0.003906
5017724,BNO_GYRO_UC,480,-3400,0,0.029297,0.017578,0.007812,0.001953,0.000000,-0.003906
5028087,BNO_GYRO_UC,481,-3600,0,0.033203,0.017578,0.017578,0.001953,0.000000,-0.003906
5038158,BNO_GYRO_UC,482,-3400,0,0.009766,0.009766,0.007812,0.001953,0.000000,-0.003906
5047743,BNO_GYRO_UC,483,-3400,0,-0.005859,0.005859,0.003906,0.001953,0.000000,-0.003906
5057762,BNO_GYRO_UC,484,-3400,0,-0.009766,-0.001953,0.000000,0.001953,0.000000,-0.003906
5068708,BNO_GYRO_UC,485,-3800,0,-0.017578,-0.005859,-0.009766,0.001953,0.000000,-0.003906
5078293,BNO_GYRO_UC,486,-3100,0,-0.011719,-0.009766,-0.009766,0.001953,0.000000,-0.003906
5087893,BNO_GYRO_UC,487,-3200,0,-0.009766,-0.015625,-0.015625,0.001953,0.000000,-0.003906
5097869,BNO_GYRO_UC,488,-3200,0,-0.015625,-0.019531,-0.021484,0.001953,0.000000,-0.003906
5108611,BNO_GYRO_UC,489,-3600,0,-0.001953,-0.021484,-0.015625,0.001953,0.000000,-0.003906
5118459,BNO_GYRO_UC,490,-3100,0,0.013672,-0.031250,-0.003906,0.001953,0.000000,-0.003906
5127869,BNO_GYRO_UC,491,-3200,0,0.005859,-0.031250,-0.005859,0.001953,0.000000,-0.003906
5138005,BNO_GYRO_UC,492,-3400,0,0.015625,-0.021484,0.003906,0.001953,0.000000,-0.003906
5148359,BNO_GYRO_UC,493,-3600,0,0.009766,-0.003906,0.003906,0.001953,0.000000,-0.003906
5158548,BNO_GYRO_UC,494,-3400,0,0.000000,0.013672,0.001953,0.001953,0.000000,-0.003906
5167890,BNO_GYRO_UC,495,-3200,0,0.015625,0.037109,0.007812,0.001953,0.000000,-0.003906
5178072,BNO_GYRO_UC,496,-3400,0,0.031250,0.050781,0.017578,0.001953,0.000000,-0.003906
5188493,BNO_GYRO_UC,497,-3800,0,0.021484,0.052734,0.007812,0.001953,0.000000,-0.003906
5198486,BNO_GYRO_UC,498,-3200,0,0.013672,0.039062,-0.003906,0.001953,0.000000,-0.003906
5208003,BNO_GYRO_UC,499,-3100,0,0.025391,0.019531,-0.005859,0.001953,0.000000,-0.003906
5218138,BNO_GYRO_UC,500,-3200,0,0.021484,-0.009766,-0.009766,0.001953,0.000000,-0.003906
5228436,BNO_GYRO_UC,501,-3600,0,-0.001953,-0.033203,-0.023438,0.001953,0.000000,-0.003906
5238532,BNO_GYRO_UC,502,-3400,0,-0.013672,-0.041016,-0.027344,0.001953,0.000000,-0.003906
5248202,BNO_GYRO_UC,503,-3200,0,-0.017578,-0.046875,-0.033203,0.001953,0.000000,-0.003906
5258314,BNO_GYRO_UC,504,-3400,0,-0.009766,-0.029297,-0.029297,0.001953,0.000000,-0.003906
5268390,BNO_GYRO_UC,505,-3400,0,-0.001953,-0.015625,-0.011719,0.001953,0.000000,-0.003906
5278765,BNO_GYRO_UC,506,-3200,0,0.007812,-0.013672,-0.001953,0.001953,0.000000,-0.003906
5287898,BNO_GYRO_UC,507,-3100,0,0.017578,-0.009766,0.009766,0.001953,0.000000,-0.003906
5298241,BNO_GYRO_UC,508,-3200,0,0.031250,0.001953,0.015625,0.001953,0.000000,-0.003906
5309173,BNO_GYRO_UC,509,-3600,0,0.025391,0.007812,0.013672,0.001953,0.000000,-0.003906
5318853,BNO_GYRO_UC,510,-3100,0,0.019531,0.005859,0.005859,0.001953,0.000000,-0.003906
5328508,BNO_GYRO_UC,511,-3400,0,0.013672,0.001953,0.000000,0.001953,0.000000,-0.003906
5338786,BNO_GYRO_UC,512,-3200,0,-0.003906,-0.001953,-0.011719,0.001953,0.000000,-0.003906
5348483,BNO_GYRO_UC,513,-3200,0,-0.009766,-0.003906,-0.017578,0.001953,0.000000,-0.003906
5358931,BNO_GYRO_UC,514,-3600,0,-0.011719,0.011719,-0.013672,0.001953,0.000000,-0.003906
5368275,BNO_GYRO_UC,515,-3200,0,-0.001953,0.025391,-0.011719,0.001953,0.000000,-0.003906
5378536,BNO_GYRO_UC,516,-3400,0,-0.007812,0.019531,-0.015625,0.001953,0.000000,-0.003906
5388660,BNO_GYRO_UC,517,-3200,0,0.003906,0.009766,-0.009766,0.001953,0.000000,-0.003906
5398962,BNO_GYRO_UC,518,-3400,0,0.007812,-0.001953,-0.007812,0.001953,0.000000,-0.003906
5408163,BNO_GYRO_UC,519,-3100,0,0.001953,-0.007812,-0.009766,0.001953,0.000000,-0.003906
5418497,BNO_GYRO_UC,520,-3200,0,0.015625,-0.003906,-0.003906,0.001953,0.000000,-0.003906
5429386,BNO_GYRO_UC,521,-3800,0,0.029297,0.003906,0.001953,0.001953,0.000000,-0.003906
5439086,BNO_GYRO_UC,522,-2900,0,0.017578,0.019531,-0.013672,0.001953,0.000000,-0.003906
5448631,BNO_GYRO_UC,523,-3100,0,0.001953,0.029297,-0.017578,0.001953,0.000000,-0.003906
5458615,BNO_GYRO_UC,524,-3400,0,-0.013672,0.019531,-0.025391,0.001953,0.000000,-0.003906
5469192,BNO_GYRO_UC,525,-3400,0,-0.031250,0.013672,-0.039062,0.001953,0.000000,-0.003906
5479084,BNO_GYRO_UC,526,-2900,0,-0.029297,-0.001953,-0.037109,0.001953,0.000000,-0.003906
5489128,BNO_GYRO_UC,527,-3200,0,-0.005859,0.001953,-0.019531,0.001953,0.000000,-0.003906
5498722,BNO_GYRO_UC,528,-3200,0,0.029297,0.015625,0.003906,0.001953,0.000000,-0.003906
5509241,BNO_GYRO_UC,529,-3400,0,0.025391,0.009766,0.001953,0.001953,0.000000,-0.003906
5519240,BNO_GYRO_UC,530,-2900,0,0.017578,0.000000,-0.001953,0.001953,0.000000,-0.003906
5529244,BNO_GYRO_UC,531,-3200,0,0.015625,0.003906,-0.003906,0.001953,0.000000,-0.003906
5538747,BNO_GYRO_UC,532,-3400,0,0.001953,0.009766,-0.009766,0.001953,0.000000,-0.003906
5549124,BNO_GYRO_UC,533,-3400,0,0.005859,0.017578,-0.007812,0.001953,0.000000,-0.003906
5559351,BNO_GYRO_UC,534,-3100,0,0.011719,0.011719,-0.007812,0.001953,0.000000,-0.003906
5569579,BNO_GYRO_UC,535,-3200,0,0.009766,-0.001953,-0.009766,0.001953,0.000000,-0.003906
5578930,BNO_GYRO_UC,536,-3200,0,0.011719,-0.005859,-0.009766,0.001953,0.000000,-0.003906
5589432,BNO_GYRO_UC,537,-3400,0,0.013672,-0.007812,-0.007812,0.001953,0.000000,-0.003906
5599610,BNO_GYRO_UC,538,-3100,0,0.019531,-0.011719,-0.007812,0.001953,0.000000,-0.003906
5609344,BNO_GYRO_UC,539,-3800,0,0.013672,-0.023438,-0.015625,0.001953,0.000000,-0.003906
5619099,BNO_GYRO_UC,540,-3400,0,-0.001953,-0.027344,-0.025391,0.001953,0.000000,-0.003906
5629619,BNO_GYRO_UC,541,-3400,0,-0.021484,-0.019531,-0.037109,0.001953,0.000000,-0.003906
5639722,BNO_GYRO_UC,542,-3100,0,-0.025391,-0.015625,-0.039062,0.001953,0.000000,-0.003906
5649383,BNO_GYRO_UC,543,-3600,0,-0.029297,-0.003906,-0.035156,0.001953,0.000000,-0.003906
5659104,BNO_GYRO_UC,544,-3400,0,-0.007812,0.007812,-0.027344,0.001953,0.000000,-0.003906
5669782,BNO_GYRO_UC,545,-3400,0,0.001953,0.011719,-0.017578,0.001953,0.000000,-0.003906
5679759,BNO_GYRO_UC,546,-2900,0,0.015625,0.013672,-0.005859,0.001953,0.000000,-0.003906
5689787,BNO_GYRO_UC,547,-3200,0,0.025391,0.001953,0.003906,0.001953,0.000000,-0.003906
5699203,BNO_GYRO_UC,548,-3400,0,0.009766,-0.025391,-0.005859,0.001953,0.000000,-0.003906
5709057,BNO_GYRO_UC,549,-3200,0,-0.005859,-0.060547,-0.017578,0.001953,0.000000,-0.003906
5719823,BNO_GYRO_UC,550,-3600,0,-0.013672,-0.093750,-0.027344,0.001953,0.000000,-0.003906
5729882,BNO_GYRO_UC,551,-3200,0,-0.003906,-0.103516,-0.029297,0.001953,0.000000,-0.003906
5739315,BNO_GYRO_UC,552,-3400,0,-0.003906,-0.119141,-0.027344,0.001953,0.000000,-0.003906
5749312,BNO_GYRO_UC,553,-3400,0,-0.009766,-0.140625,-0.029297,0.001953,0.000000,-0.003906
5760063,BNO_GYRO_UC,554,-3600,0,-0.019531,-0.162109,-0.035156,0.001953,0.000000,-0.003906
5769639,BNO_GYRO_UC,555,-3400,0,-0.019531,-0.169922,-0.037109,0.001953,0.000000,-0.003906
5779295,BNO_GYRO_UC,556,-3400,0,-0.029297,-0.181641,-0.039062,0.001953,0.000000,-0.003906
5789386,BNO_GYRO_UC,557,-3200,0,-0.031250,-0.187500,-0.039062,0.001953,0.000000,-0.003906
5799920,BNO_GYRO_UC,558,-3600,0,-0.017578,-0.183594,-0.023438,0.001953,0.000000,-0.003906
5809636,BNO_GYRO_UC,559,-3100,0,-0.013672,-0.169922,-0.017578,0.001953,0.000000,-0.003906
5819244,BNO_GYRO_UC,560,-3200,0,0.007812,-0.148438,-0.009766,0.001953,0.000000,-0.003906
5829288,BNO_GYRO_UC,561,-3200,0,0.019531,-0.130859,0.000000,0.001953,0.000000,-0.003906
5840396,BNO_GYRO_UC,562,-3800,0,0.019531,-0.136719,0.003906,0.001953,0.000000,-0.003906
5849809,BNO_GYRO_UC,563,-3200,0,0.007812,-0.142578,0.003906,0.001953,0.000000,-0.003906
5859411,BNO_GYRO_UC,564,-3100,0,-0.017578,-0.144531,-0.007812,0.001953,0.000000,-0.003906
5869377,BNO_GYRO_UC,565,-3200,0,-0.007812,-0.138672,-0.009766,0.001953,0.000000,-0.003906
5879681,BNO_GYRO_UC,566,-3400,0,-0.011719,-0.132812,-0.007812,0.001953,0.000000,-0.003906
5890130,BNO_GYRO_UC,567,-3600,0,-0.029297,-0.144531,-0.029297,0.001953,0.000000,-0.003906
5899472,BNO_GYRO_UC,568,-3200,0,-0.035156,-0.160156,-0.037109,0.001953,0.000000,-0.003906
5909304,BNO_GYRO_UC,569,-3100,0,-0.037109,-0.171875,-0.044922,0.001953,0.000000,-0.003906
5919796,BNO_GYRO_UC,570,-3400,0,-0.048828,-0.169922,-0.046875,0.001953,0.000000,-0.003906
5930272,BNO_GYRO_UC,571,-3400,0,-0.042969,-0.164062,-0.042969,0.001953,0.000000,-0.003906
5939414,BNO_GYRO_UC,572,-3200,0,-0.029297,-0.167969,-0.031250,0.001953,0.000000,-0.003906
5950177,BNO_GYRO_UC,573,-3200,0,-0.013672,-0.162109,-0.017578,0.001953,0.000000,-0.003906
5960573,BNO_GYRO_UC,574,-3200,0,0.005859,-0.160156,-0.005859,0.001953,0.000000,-0.003906
5969944,BNO_GYRO_UC,575,-2700,0,0.031250,-0.167969,-0.001953,0.001953,0.000000,-0.003906
5979403,BNO_GYRO_UC,576,-3100,0,0.054688,-0.167969,-0.001953,0.001953,0.000000,-0.003906
5989470,BNO_GYRO_UC,577,-3200,0,0.076172,-0.175781,-0.005859,0.001953,0.000000,-0.003906
6000183,BNO_GYRO_UC,578,-3600,0,0.078125,-0.167969,-0.003906,0.001953,0.000000,-0.003906
6010625,BNO_GYRO_UC,579,-3600,0,0.027344,-0.138672,0.003906,0.001953,0.000000,-0.003906
6019453,BNO_GYRO_UC,580,-3100,0,-0.007812,-0.125000,-0.001953,0.001953,0.000000,-0.003906
6030370,BNO_GYRO_UC,581,-3200,0,-0.009766,-0.111328,-0.007812,0.001953,0.000000,-0.003906
6040089,BNO_GYRO_UC,582,-3600,0,-0.023438,-0.113281,-0.013672,0.001953,0.000000,-0.003906
6050501,BNO_GYRO_UC,583,-3600,0,-0.025391,-0.125000,-0.017578,0.001953,0.000000,-0.003906
6059420,BNO_GYRO_UC,584,-2900,0,-0.007812,-0.140625,-0.009766,0.001953,0.000000,-0.003906
6070296,BNO_GYRO_UC,585,-3200,0,0.003906,-0.167969,-0.001953,0.001953,0.000000,-0.003906
6079706,BNO_GYRO_UC,586,-3200,0,0.017578,-0.185547,0.015625,0.001953,0.000000,-0.003906
6090301,BNO_GYRO_UC,587,-3200,0,0.029297,-0.179688,0.027344,0.001953,0.000000,-0.003906
6099917,BNO_GYRO_UC,588,-3100,0,0.019531,-0.164062,0.021484,0.001953,0.000000,-0.003906
6109770,BNO_GYRO_UC,589,-3100,0,0.013672,-0.158203,0.015625,0.001953,0.000000,-0.003906
6120414,BNO_GYRO_UC,590,-3600,0,0.013672,-0.160156,0.013672,0.001953,0.000000,-0.003906
6130498,BNO_GYRO_UC,591,-3400,0,0.007812,-0.156250,0.013672,0.001953,0.000000,-0.003906
6139713,BNO_GYRO_UC,592,-3100,0,0.009766,-0.177734,0.013672,0.001953,0.000000,-0.003906
6150129,BNO_GYRO_UC,593,-3200,0,0.007812,-0.207031,0.011719,0.001953,0.000000,-0.003906
6160195,BNO_GYRO_UC,594,-3400,0,0.001953,-0.207031,0.009766,0.001953,0.000000,-0.003906
6170624,BNO_GYRO_UC,595,-3400,0,0.000000,-0.216797,0.005859,0.001953,0.000000,-0.003906
6179656,BNO_GYRO_UC,596,-2700,0,0.000000,-0.222656,0.007812,0.001953,0.000000,-0.003906
6190776,BNO_GYRO_UC,597,-3400,0,-0.001953,-0.212891,0.005859,0.001953,0.000000,-0.003906
6201602,BNO_GYRO_UC,598,-3800,0,-0.021484,-0.203125,-0.005859,0.001953,0.000000,-0.003906
6211347,BNO_GYRO_UC,599,-3200,0,-0.027344,-0.220703,-0.009766,0.001953,0.000000,-0.003906
6220176,BNO_GYRO_UC,600,-3400,0,-0.013672,-0.242188,0.003906,0.001953,0.000000,-0.003906
6230285,BNO_GYRO_UC,601,-3200,0,-0.007812,-0.261719,0.011719,0.001953,0.000000,-0.003906
6240965,BNO_GYRO_UC,602,-3800,0,-0.009766,-0.281250,0.011719,0.001953,0.000000,-0.003906
6250689,BNO_GYRO_UC,603,-2900,0,-0.005859,-0.312500,0.013672,0.001953,0.000000,-0.003906
6259538,BNO_GYRO_UC,604,-2500,0,-0.001953,-0.345703,0.013672,0.001953,0.000000,-0.003906
6270984,BNO_GYRO_UC,605,-3400,0,0.000000,-0.376953,0.005859,0.001953,0.000000,-0.003906
6280113,BNO_GYRO_UC,606,-3200,0,0.009766,-0.376953,0.015625,0.001953,0.000000,-0.003906
6290774,BNO_GYRO_UC,607,-3400,0,0.041016,-0.355469,0.027344,0.001953,0.000000,-0.003906
6299622,BNO_GYRO_UC,608,-2500,0,0.072266,-0.337891,0.033203,0.001953,0.000000,-0.003906
6310728,BNO_GYRO_UC,609,-3200,0,0.076172,-0.330078,0.035156,0.001953,0.000000,-0.003906
6320304,BNO_GYRO_UC,610,-3200,0,0.070312,-0.349609,0.029297,0.001953,0.000000,-0.003906
6330688,BNO_GYRO_UC,611,-3200,0,0.064453,-0.369141,0.027344,0.001953,0.000000,-0.003906
6340631,BNO_GYRO_UC,612,-3200,0,0.068359,-0.367188,0.025391,0.001953,0.000000,-0.003906
6350177,BNO_GYRO_UC,613,-3100,0,0.068359,-0.349609,0.029297,0.001953,0.000000,-0.003906
6360445,BNO_GYRO_UC,614,-3200,0,0.078125,-0.294922,0.033203,0.001953,0.000000,-0.003906
6370684,BNO_GYRO_UC,615,-3100,0,0.078125,-0.259766,0.041016,0.001953,0.000000,-0.003906
6380721,BNO_GYRO_UC,616,-3200,0,0.044922,-0.246094,0.027344,0.001953,0.000000,-0.003906
6390392,BNO_GYRO_UC,617,-3200,0,0.009766,-0.210938,0.005859,0.001953,0.000000,-0.003906
6400847,BNO_GYRO_UC,618,-3200,0,-0.005859,-0.199219,-0.001953,0.001953,0.000000,-0.003906
6411484,BNO_GYRO_UC,619,-3200,0,0.000000,-0.208984,-0.005859,0.001953,0.000000,-0.003906
6420875,BNO_GYRO_UC,620,-3400,0,0.021484,-0.195312,0.001953,0.001953,0.000000,-0.003906
6430315,BNO_GYRO_UC,621,-3100,0,0.023438,-0.175781,0.001953,0.001953,0.000000,-0.003906
6441068,BNO_GYRO_UC,622,-3200,0,0.019531,-0.167969,0.000000,0.001953,0.000000,-0.003906
6451089,BNO_GYRO_UC,623,-2900,0,0.017578,-0.164062,0.005859,0.001953,0.000000,-0.003906
6461341,BNO_GYRO_UC,624,-3400,0,0.023438,-0.167969,0.009766,0.001953,0.000000,-0.003906
6470475,BNO_GYRO_UC,625,-3100,0,0.031250,-0.154297,0.021484,0.001953,0.000000,-0.003906
6481207,BNO_GYRO_UC,626,-3200,0,0.029297,-0.136719,0.021484,0.001953,0.000000,-0.003906
6491194,BNO_GYRO_UC,627,-2700,0,0.025391,-0.117188,0.017578,0.001953,0.000000,-0.003906
6501442,BNO_GYRO_UC,628,-3200,0,0.023438,-0.111328,0.019531,0.001953,0.000000,-0.003906
6510737,BNO_GYRO_UC,629,-3200,0,0.017578,-0.109375,0.019531,0.001953,0.000000,-0.003906
6521485,BNO_GYRO_UC,630,-3200,0,0.017578,-0.109375,0.021484,0.001953,0.000000,-0.003906
6531305,BNO_GYRO_UC,631,-2700,0,0.031250,-0.123047,0.015625,0.001953,0.000000,-0.003906
6541465,BNO_GYRO_UC,632,-3200,0,0.023438,-0.158203,0.007812,0.001953,0.000000,-0.003906
6550643,BNO_GYRO_UC,633,-3100,0,0.011719,-0.205078,0.003906,0.001953,0.000000,-0.003906
6561395,BNO_GYRO_UC,634,-3200,0,-0.013672,-0.242188,0.000000,0.001953,0.000000,-0.003906
6571257,BNO_GYRO_UC,635,-2700,0,-0.013672,-0.250000,0.005859,0.001953,0.000000,-0.003906
6581354,BNO_GYRO_UC,636,-3400,0,-0.007812,-0.257812,0.015625,0.001953,0.000000,-0.003906
6590817,BNO_GYRO_UC,637,-3200,0,-0.007812,-0.277344,0.011719,0.001953,0.000000,-0.003906
6601319,BNO_GYRO_UC,638,-3200,0,0.001953,-0.314453,0.013672,0.001953,0.000000,-0.003906
6611619,BNO_GYRO_UC,639,-2900,0,0.029297,-0.371094,0.019531,0.001953,0.000000,-0.003906
6621667,BNO_GYRO_UC,640,-3400,0,0.027344,-0.414062,0.025391,0.001953,0.000000,-0.003906
6630813,BNO_GYRO_UC,641,-3100,0,0.019531,-0.423828,0.021484,0.001953,0.000000,-0.003906
6641545,BNO_GYRO_UC,642,-3200,0,0.027344,-0.443359,0.019531,0.001953,0.000000,-0.003906
6651973,BNO_GYRO_UC,643,-3200,0,0.009766,-0.427734,0.011719,0.001953,0.000000,-0.003906
6661434,BNO_GYRO_UC,644,-3200,0,-0.021484,-0.388672,-0.001953,0.001953,0.000000,-0.003906
6670840,BNO_GYRO_UC,645,-3100,0,-0.031250,-0.349609,-0.007812,0.001953,0.000000,-0.003906
6681680,BNO_GYRO_UC,646,-3200,0,-0.025391,-0.330078,0.000000,0.001953,0.000000,-0.003906
6692121,BNO_GYRO_UC,647,-3200,0,-0.031250,-0.333984,0.000000,0.001953,0.000000,-0.003906
6701554,BNO_GYRO_UC,648,-3200,0,-0.021484,-0.308594,0.001953,0.001953,0.000000,-0.003906
6710746,BNO_GYRO_UC,649,-2900,0,-0.009766,-0.291016,0.007812,0.001953,0.000000,-0.003906
6721395,BNO_GYRO_UC,650,-3200,0,-0.005859,-0.271484,0.005859,0.001953,0.000000,-0.003906
6731871,BNO_GYRO_UC,651,-3100,0,0.017578,-0.242188,0.007812,0.001953,0.000000,-0.003906
6741438,BNO_GYRO_UC,652,-3100,0,0.048828,-0.214844,0.011719,0.001953,0.000000,-0.003906
6751161,BNO_GYRO_UC,653,-3200,0,0.039062,-0.214844,0.007812,0.001953,0.000000,-0.003906
6761946,BNO_GYRO_UC,654,-3200,0,0.011719,-0.216797,0.001953,0.001953,0.000000,-0.003906
6772444,BNO_GYRO_UC,655,-3200,0,-0.007812,-0.232422,-0.007812,0.001953,0.000000,-0.003906
6782055,BNO_GYRO_UC,656,-3400,0,-0.013672,-0.242188,-0.011719,0.001953,0.000000,-0.003906
6791658,BNO_GYRO_UC,657,-3200,0,-0.005859,-0.238281,-0.009766,0.001953,0.000000,-0.003906
6801148,BNO_GYRO_UC,658,-3100,0,0.003906,-0.210938,-0.005859,0.001953,0.000000,-0.003906
6811474,BNO_GYRO_UC,659,-3400,0,0.005859,-0.197266,-0.005859,0.001953,0.000000,-0.003906
6821722,BNO_GYRO_UC,660,-3100,0,0.027344,-0.189453,0.003906,0.001953,0.000000,-0.003906
6830929,BNO_GYRO_UC,661,-2700,0,0.037109,-0.175781,0.011719,0.001953,0.000000,-0.003906
6841686,BNO_GYRO_UC,662,-3200,0,0.033203,-0.150391,0.015625,0.001953,0.000000,-0.003906
6852206,BNO_GYRO_UC,663,-3200,0,0.015625,-0.146484,0.009766,0.001953,0.000000,-0.003906
6861784,BNO_GYRO_UC,664,-2900,0,-0.001953,-0.173828,0.005859,0.001953,0.000000,-0.003906
6871328,BNO_GYRO_UC,665,-3100,0,-0.027344,-0.187500,-0.003906,0.001953,0.000000,-0.003906
6882005,BNO_GYRO_UC,666,-3200,0,-0.019531,-0.193359,-0.003906,0.001953,0.000000,-0.003906
6892629,BNO_GYRO_UC,667,-3400,0,0.001953,-0.203125,0.001953,0.001953,0.000000,-0.003906
6901993,BNO_GYRO_UC,668,-2700,0,0.003906,-0.207031,0.001953,0.001953,0.000000,-0.003906
6910773,BNO_GYRO_UC,669,-2500,0,0.015625,-0.210938,0.003906,0.001953,0.000000,-0.003906
6921661,BNO_GYRO_UC,670,-3200,0,0.023438,-0.234375,0.005859,0.001953,0.000000,-0.003906
6931842,BNO_GYRO_UC,671,-3400,0,0.044922,-0.287109,0.005859,0.001953,0.000000,-0.003906
6941901,BNO_GYRO_UC,672,-3100,0,0.078125,-0.328125,0.015625,0.001953,0.000000,-0.003906
6951359,BNO_GYRO_UC,673,-2900,0,0.048828,-0.347656,0.009766,0.001953,0.000000,-0.003906
6961520,BNO_GYRO_UC,674,-3200,0,0.021484,-0.351562,-0.005859,0.001953,0.000000,-0.003906
6971931,BNO_GYRO_UC,675,-3600,0,0.001953,-0.345703,-0.011719,0.001953,0.000000,-0.003906
6982052,BNO_GYRO_UC,676,-3200,0,-0.007812,-0.312500,-0.015625,0.001953,0.000000,-0.003906
6991129,BNO_GYRO_UC,677,-2900,0,0.005859,-0.285156,-0.009766,0.001953,0.000000,-0.003906
7001987,BNO_GYRO_UC,678,-3200,0,0.009766,-0.291016,-0.005859,0.001953,0.000000,-0.003906
7011576,BNO_GYRO_UC,679,-3100,0,0.019531,-0.292969,-0.007812,0.001953,0.000000,-0.003906
7022033,BNO_GYRO_UC,680,-3200,0,0.027344,-0.292969,-0.003906,0.001953,0.000000,-0.003906
7031645,BNO_GYRO_UC,681,-3100,0,0.027344,-0.300781,0.003906,0.001953,0.000000,-0.003906
7042393,BNO_GYRO_UC,682,-3200,0,0.019531,-0.310547,0.001953,0.001953,0.000000,-0.003906
7051881,BNO_GYRO_UC,683,-3200,0,0.013672,-0.300781,-0.001953,0.001953,0.000000,-0.003906
7062137,BNO_GYRO_UC,684,-3200,0,-0.005859,-0.283203,-0.009766,0.001953,0.000000,-0.003906
7071716,BNO_GYRO_UC,685,-3100,0,-0.001953,-0.259766,-0.009766,0.001953,0.000000,-0.003906
7082420,BNO_GYRO_UC,686,-3200,0,0.013672,-0.242188,-0.005859,0.001953,0.000000,-0.003906
7091948,BNO_GYRO_UC,687,-3200,0,0.019531,-0.222656,-0.001953,0.001953,0.000000,-0.003906
7102301,BNO_GYRO_UC,688,-3200,0,0.009766,-0.203125,-0.003906,0.001953,0.000000,-0.003906
7111645,BNO_GYRO_UC,689,-3100,0,-0.013672,-0.179688,-0.009766,0.001953,0.000000,-0.003906
7122398,BNO_GYRO_UC,690,-3200,0,0.000000,-0.167969,-0.003906,0.001953,0.000000,-0.003906
7132916,BNO_GYRO_UC,691,-3600,0,0.013672,-0.160156,0.005859,0.001953,0.000000,-0.003906
7142375,BNO_GYRO_UC,692,-2500,0,0.025391,-0.171875,0.009766,0.001953,0.000000,-0.003906
7151510,BNO_GYRO_UC,693,-2900,0,0.025391,-0.175781,0.011719,0.001953,0.000000,-0.003906
7162563,BNO_GYRO_UC,694,-3100,0,0.017578,-0.166016,0.011719,0.001953,0.000000,-0.003906
7171926,BNO_GYRO_UC,695,-3200,0,-0.009766,-0.117188,0.009766,0.001953,0.000000,-0.003906
7182408,BNO_GYRO_UC,696,-3100,0,-0.025391,-0.056641,0.001953,0.001953,0.000000,-0.003906
7191633,BNO_GYRO_UC,697,-2700,0,-0.025391,-0.033203,-0.001953,0.001953,0.000000,-0.003906
7202487,BNO_GYRO_UC,698,-3200,0,-0.005859,-0.044922,-0.001953,0.001953,0.000000,-0.003906
7213087,BNO_GYRO_UC,699,-3400,0,0.023438,-0.054688,0.005859,0.001953,0.000000,-0.003906
7222632,BNO_GYRO_UC,700,-2500,0,0.039062,-0.083984,0.009766,0.001953,0.000000,-0.003906
7232248,BNO_GYRO_UC,701,-3100,0,0.050781,-0.125000,0.015625,0.001953,0.000000,-0.003906
7242179,BNO_GYRO_UC,702,-3100,0,0.031250,-0.164062,0.015625,0.001953,0.000000,-0.003906
7252521,BNO_GYRO_UC,703,-3200,0,0.017578,-0.222656,0.015625,0.001953,0.000000,-0.003906
7262435,BNO_GYRO_UC,704,-2700,0,0.015625,-0.275391,0.013672,0.001953,0.000000,-0.003906
7272476,BNO_GYRO_UC,705,-3200,0,0.003906,-0.285156,0.007812,0.001953,0.000000,-0.003906
7282158,BNO_GYRO_UC,706,-3100,0,-0.013672,-0.275391,0.001953,0.001953,0.000000,-0.003906
7292672,BNO_GYRO_UC,707,-3100,0,-0.009766,-0.230469,0.001953,0.001953,0.000000,-0.003906
7302718,BNO_GYRO_UC,708,-2900,0,0.001953,-0.195312,0.001953,0.001953,0.000000,-0.003906
7312970,BNO_GYRO_UC,709,-3400,0,0.015625,-0.214844,0.005859,0.001953,0.000000,-0.003906
7322305,BNO_GYRO_UC,710,-3100,0,0.005859,-0.244141,0.001953,0.001953,0.000000,-0.003906
7332769,BNO_GYRO_UC,711,-3200,0,0.007812,-0.230469,-0.001953,0.001953,0.000000,-0.003906
7343319,BNO_GYRO_UC,712,-3400,0,-0.011719,-0.203125,-0.003906,0.001953,0.000000,-0.003906
7352574,BNO_GYRO_UC,713,-3200,0,-0.013672,-0.185547,-0.001953,0.001953,0.000000,-0.003906
7362417,BNO_GYRO_UC,714,-3100,0,0.011719,-0.164062,0.007812,0.001953,0.000000,-0.003906
7372946,BNO_GYRO_UC,715,-3200,0,0.027344,-0.130859,0.019531,0.001953,0.000000,-0.003906
7382939,BNO_GYRO_UC,716,-2700,0,0.029297,-0.103516,0.025391,0.001953,0.000000,-0.003906
7393058,BNO_GYRO_UC,717,-3200,0,0.021484,-0.095703,0.021484,0.001953,0.000000,-0.003906
7402543,BNO_GYRO_UC,718,-3200,0,0.019531,-0.101562,0.019531,0.001953,0.000000,-0.003906
7412984,BNO_GYRO_UC,719,-3200,0,0.015625,-0.119141,0.015625,0.001953,0.000000,-0.003906
7422994,BNO_GYRO_UC,720,-2900,0,0.011719,-0.128906,0.007812,0.001953,0.000000,-0.003906
7433254,BNO_GYRO_UC,721,-3200,0,-0.001953,-0.158203,-0.001953,0.001953,0.000000,-0.003906
7442604,BNO_GYRO_UC,722,-3100,0,-0.017578,-0.185547,-0.015625,0.001953,0.000000,-0.003906
7453244,BNO_GYRO_UC,723,-3200,0,-0.023438,-0.210938,-0.015625,0.001953,0.000000,-0.003906
7463244,BNO_GYRO_UC,724,-2900,0,-0.015625,-0.224609,-0.007812,0.001953,0.000000,-0.003906
7473129,BNO_GYRO_UC,725,-3200,0,0.025391,-0.208984,0.003906,0.001953,0.000000,-0.003906
7482611,BNO_GYRO_UC,726,-3100,0,0.042969,-0.193359,0.011719,0.001953,0.000000,-0.003906
7493235,BNO_GYRO_UC,727,-3200,0,0.019531,-0.177734,0.009766,0.001953,0.000000,-0.003906
7503652,BNO_GYRO_UC,728,-3200,0,0.011719,-0.173828,0.007812,0.001953,0.000000,-0.003906
7513300,BNO_GYRO_UC,729,-3400,0,0.031250,-0.154297,0.009766,0.001953,0.000000,-0.003906
7522825,BNO_GYRO_UC,730,-3100,0,0.087891,-0.121094,0.015625,0.001953,0.000000,-0.003906
7533448,BNO_GYRO_UC,731,-3200,0,0.109375,-0.126953,0.015625,0.001953,0.000000,-0.003906
7543364,BNO_GYRO_UC,732,-2700,0,0.125000,-0.123047,0.013672,0.001953,0.000000,-0.003906
7553445,BNO_GYRO_UC,733,-3200,0,0.070312,-0.105469,0.003906,0.001953,0.000000,-0.003906
7562723,BNO_GYRO_UC,734,-3100,0,0.023438,-0.101562,-0.009766,0.001953,0.000000,-0.003906
7573529,BNO_GYRO_UC,735,-3200,0,0.042969,-0.109375,-0.015625,0.001953,0.000000,-0.003906
7583899,BNO_GYRO_UC,736,-3200,0,0.076172,-0.140625,-0.001953,0.001953,0.000000,-0.003906
7593377,BNO_GYRO_UC,737,-3200,0,0.054688,-0.164062,0.005859,0.001953,0.000000,-0.003906
7603019,BNO_GYRO_UC,738,-3200,0,0.048828,-0.152344,0.011719,0.001953,0.000000,-0.003906
7613718,BNO_GYRO_UC,739,-3200,0,0.048828,-0.132812,0.009766,0.001953,0.000000,-0.003906
7623685,BNO_GYRO_UC,740,-2900,0,0.048828,-0.130859,0.009766,0.001953,0.000000,-0.003906
7633795,BNO_GYRO_UC,741,-3200,0,0.066406,-0.125000,0.017578,0.001953,0.000000,-0.003906
7642993,BNO_GYRO_UC,742,-3200,0,0.066406,-0.105469,0.013672,0.001953,0.000000,-0.003906
7653764,BNO_GYRO_UC,743,-3200,0,0.064453,-0.115234,0.007812,0.001953,0.000000,-0.003906
7663829,BNO_GYRO_UC,744,-2900,0,0.054688,-0.132812,0.005859,0.001953,0.000000,-0.003906
7673372,BNO_GYRO_UC,745,-2900,0,0.035156,-0.140625,0.000000,0.001953,0.000000,-0.003906
7682791,BNO_GYRO_UC,746,-3100,0,0.003906,-0.152344,-0.007812,0.001953,0.000000,-0.003906
7693665,BNO_GYRO_UC,747,-3200,0,-0.001953,-0.179688,-0.009766,0.001953,0.000000,-0.003906
7704372,BNO_GYRO_UC,748,-3400,0,-0.001953,-0.218750,-0.003906,0.001953,0.000000,-0.003906
7713827,BNO_GYRO_UC,749,-3200,0,0.009766,-0.232422,0.000000,0.001953,0.000000,-0.003906
7723364,BNO_GYRO_UC,750,-3100,0,-0.003906,-0.226562,0.000000,0.001953,0.000000,-0.003906
7733203,BNO_GYRO_UC,751,-3100,0,-0.013672,-0.234375,-0.005859,0.001953,0.000000,-0.003906
7743487,BNO_GYRO_UC,752,-3400,0,-0.015625,-0.253906,-0.007812,0.001953,0.000000,-0.003906
7753897,BNO_GYRO_UC,753,-3600,0,-0.013672,-0.250000,-0.005859,0.001953,0.000000,-0.003906
7763223,BNO_GYRO_UC,754,-3100,0,0.005859,-0.228516,0.001953,0.001953,0.000000,-0.003906
7774014,BNO_GYRO_UC,755,-3200,0,0.031250,-0.228516,0.007812,0.001953,0.000000,-0.003906
7783732,BNO_GYRO_UC,756,-3600,0,0.031250,-0.234375,0.007812,0.001953,0.000000,-0.003906
7794205,BNO_GYRO_UC,757,-3600,0,0.007812,-0.238281,-0.001953,0.001953,0.000000,-0.003906
7803273,BNO_GYRO_UC,758,-3200,0,0.007812,-0.228516,-0.009766,0.001953,0.000000,-0.003906
7814119,BNO_GYRO_UC,759,-3200,0,-0.005859,-0.210938,-0.011719,0.001953,0.000000,-0.003906
7823833,BNO_GYRO_UC,760,-3600,0,-0.019531,-0.222656,-0.017578,0.001953,0.000000,-0.003906
7834153,BNO_GYRO_UC,761,-3400,0,0.005859,-0.238281,-0.005859,0.001953,0.000000,-0.003906
7843255,BNO_GYRO_UC,762,-3100,0,0.005859,-0.234375,0.001953,0.001953,0.000000,-0.003906
7854027,BNO_GYRO_UC,763,-3200,0,0.029297,-0.220703,0.009766,0.001953,0.000000,-0.003906
7864525,BNO_GYRO_UC,764,-3400,0,0.046875,-0.212891,0.021484,0.001953,0.000000,-0.003906
7874032,BNO_GYRO_UC,765,-2700,0,0.039062,-0.216797,0.031250,0.001953,0.000000,-0.003906
7883595,BNO_GYRO_UC,766,-3200,0,0.046875,-0.226562,0.029297,0.001953,0.000000,-0.003906
7893415,BNO_GYRO_UC,767,-3200,0,0.041016,-0.232422,0.027344,0.001953,0.000000,-0.003906
7904186,BNO_GYRO_UC,768,-3400,0,0.003906,-0.220703,0.011719,0.001953,0.000000,-0.003906
7914039,BNO_GYRO_UC,769,-2900,0,-0.005859,-0.197266,-0.001953,0.001953,0.000000,-0.003906
7923092,BNO_GYRO_UC,770,-2700,0,-0.021484,-0.199219,-0.009766,0.001953,0.000000,-0.003906
7934101,BNO_GYRO_UC,771,-3400,0,-0.007812,-0.189453,-0.013672,0.001953,0.000000,-0.003906
7943769,BNO_GYRO_UC,772,-3400,0,0.015625,-0.207031,-0.007812,0.001953,0.000000,-0.003906
7954300,BNO_GYRO_UC,773,-3600,0,0.015625,-0.222656,-0.003906,0.001953,0.000000,-0.003906
7963738,BNO_GYRO_UC,774,-3200,0,0.031250,-0.220703,0.001953,0.001953,0.000000,-0.003906
7973966,BNO_GYRO_UC,775,-3400,0,0.027344,-0.216797,0.003906,0.001953,0.000000,-0.003906
7983878,BNO_GYRO_UC,776,-3200,0,0.031250,-0.228516,0.007812,0.001953,0.000000,-0.003906
7994188,BNO_GYRO_UC,777,-3400,0,0.042969,-0.230469,0.009766,0.001953,0.000000,-0.003906
8003361,BNO_GYRO_UC,778,-2700,0,0.041016,-0.216797,0.005859,0.001953,0.000000,-0.003906
8014262,BNO_GYRO_UC,779,-3100,0,0.029297,-0.201172,0.007812,0.001953,0.000000,-0.003906
8023815,BNO_GYRO_UC,780,-3200,0,0.042969,-0.185547,0.005859,0.001953,0.000000,-0.003906
8034248,BNO_GYRO_UC,781,-3200,0,0.050781,-0.150391,0.001953,0.001953,0.000000,-0.003906
8043109,BNO_GYRO_UC,782,-2500,0,0.042969,-0.140625,-0.001953,0.001953,0.000000,-0.003906
8054213,BNO_GYRO_UC,783,-3200,0,0.039062,-0.162109,-0.001953,0.001953,0.000000,-0.003906
8063707,BNO_GYRO_UC,784,-3100,0,0.041016,-0.193359,0.000000,0.001953,0.000000,-0.003906
8074332,BNO_GYRO_UC,785,-3200,0,0.037109,-0.224609,0.001953,0.001953,0.000000,-0.003906
8083253,BNO_GYRO_UC,786,-2500,0,0.033203,-0.230469,0.005859,0.001953,0.000000,-0.003906
8094136,BNO_GYRO_UC,787,-3400,0,0.031250,-0.216797,0.009766,0.001953,0.000000,-0.003906
8103915,BNO_GYRO_UC,788,-3100,0,0.035156,-0.207031,0.013672,0.001953,0.000000,-0.003906
8114441,BNO_GYRO_UC,789,-3400,0,0.025391,-0.185547,0.013672,0.001953,0.000000,-0.003906
8123338,BNO_GYRO_UC,790,-2700,0,0.027344,-0.175781,0.009766,0.001953,0.000000,-0.003906
8134590,BNO_GYRO_UC,791,-3200,0,0.037109,-0.167969,0.001953,0.001953,0.000000,-0.003906
8144103,BNO_GYRO_UC,792,-3200,0,0.033203,-0.167969,0.001953,0.001953,0.000000,-0.003906
8154402,BNO_GYRO_UC,793,-3200,0,0.035156,-0.175781,0.003906,0.001953,0.000000,-0.003906
8164361,BNO_GYRO_UC,794,-3200,0,0.021484,-0.203125,0.003906,0.001953,0.000000,-0.003906
8174045,BNO_GYRO_UC,795,-3100,0,0.035156,-0.208984,0.005859,0.001953,0.000000,-0.003906
8184451,BNO_GYRO_UC,796,-3200,0,0.037109,-0.197266,0.009766,0.001953,0.000000,-0.003906
8194597,BNO_GYRO_UC,797,-3100,0,0.025391,-0.191406,0.009766,0.001953,0.000000,-0.003906
8204734,BNO_GYRO_UC,798,-3200,0,0.015625,-0.171875,0.007812,0.001953,0.000000,-0.003906
8214174,BNO_GYRO_UC,799,-3200,0,0.007812,-0.134766,-0.001953,0.001953,0.000000,-0.003906
8224782,BNO_GYRO_UC,800,-3200,0,0.015625,-0.091797,-0.003906,0.001953,0.000000,-0.003906
8234565,BNO_GYRO_UC,801,-2700,0,0.025391,-0.054688,-0.003906,0.001953,0.000000,-0.003906
8244740,BNO_GYRO_UC,802,-3200,0,0.025391,-0.050781,0.000000,0.001953,0.000000,-0.003906
8254314,BNO_GYRO_UC,803,-3100,0,0.025391,-0.064453,0.007812,0.001953,0.000000,-0.003906
8264831,BNO_GYRO_UC,804,-3200,0,0.021484,-0.083984,0.005859,0.001953,0.000000,-0.003906
8274790,BNO_GYRO_UC,805,-2700,0,0.025391,-0.113281,0.005859,0.001953,0.000000,-0.003906
8284857,BNO_GYRO_UC,806,-3400,0,0.023438,-0.173828,0.005859,0.001953,0.000000,-0.003906
8294294,BNO_GYRO_UC,807,-3200,0,0.009766,-0.220703,0.007812,0.001953,0.000000,-0.003906
8304560,BNO_GYRO_UC,808,-3200,0,0.015625,-0.232422,0.007812,0.001953,0.000000,-0.003906
8314933,BNO_GYRO_UC,809,-3100,0,0.019531,-0.228516,0.009766,0.001953,0.000000,-0.003906
8325016,BNO_GYRO_UC,810,-3200,0,0.013672,-0.230469,-0.001953,0.001953,0.000000,-0.003906
8334490,BNO_GYRO_UC,811,-3200,0,0.003906,-0.240234,-0.003906,0.001953,0.000000,-0.003906
8345186,BNO_GYRO_UC,812,-3200,0,-0.003906,-0.248047,-0.009766,0.001953,0.000000,-0.003906
8355002,BNO_GYRO_UC,813,-2700,0,0.017578,-0.246094,-0.009766,0.001953,0.000000,-0.003906
8365175,BNO_GYRO_UC,814,-3200,0,0.027344,-0.216797,-0.005859,0.001953,0.000000,-0.003906
8374529,BNO_GYRO_UC,815,-3200,0,0.027344,-0.195312,-0.005859,0.001953,0.000000,-0.003906
8385443,BNO_GYRO_UC,816,-3200,0,0.027344,-0.226562,-0.007812,0.001953,0.000000,-0.003906
8395268,BNO_GYRO_UC,817,-2700,0,0.025391,-0.250000,-0.005859,0.001953,0.000000,-0.003906
8405414,BNO_GYRO_UC,818,-3400,0,0.042969,-0.255859,-0.009766,0.001953,0.000000,-0.003906
8414542,BNO_GYRO_UC,819,-3200,0,0.013672,-0.265625,-0.013672,0.001953,0.000000,-0.003906
8425040,BNO_GYRO_UC,820,-3100,0,-0.003906,-0.273438,-0.009766,0.001953,0.000000,-0.003906
8435690,BNO_GYRO_UC,821,-3200,0,0.003906,-0.257812,-0.007812,0.001953,0.000000,-0.003906
8445204,BNO_GYRO_UC,822,-3400,0,0.011719,-0.226562,-0.003906,0.001953,0.000000,-0.003906
8454908,BNO_GYRO_UC,823,-3100,0,0.025391,-0.193359,-0.003906,0.001953,0.000000,-0.003906
8464552,BNO_GYRO_UC,824,-3200,0,0.029297,-0.167969,-0.003906,0.001953,0.000000,-0.003906
8475742,BNO_GYRO_UC,825,-3600,0,0.033203,-0.150391,-0.003906,0.001953,0.000000,-0.003906
8485196,BNO_GYRO_UC,826,-3200,0,0.015625,-0.152344,-0.003906,0.001953,0.000000,-0.003906
8494381,BNO_GYRO_UC,827,-2900,0,-0.003906,-0.156250,0.001953,0.001953,0.000000,-0.003906
8505105,BNO_GYRO_UC,828,-3200,0,0.000000,-0.156250,-0.003906,0.001953,0.000000,-0.003906
8515689,BNO_GYRO_UC,829,-3400,0,0.017578,-0.162109,-0.001953,0.001953,0.000000,-0.003906
8525253,BNO_GYRO_UC,830,-3200,0,0.056641,-0.148438,-0.007812,0.001953,0.000000,-0.003906
8534969,BNO_GYRO_UC,831,-3100,0,0.054688,-0.111328,0.001953,0.001953,0.000000,-0.003906
8544828,BNO_GYRO_UC,832,-3200,0,0.046875,-0.078125,-0.001953,0.001953,0.000000,-0.003906
8555660,BNO_GYRO_UC,833,-3400,0,0.025391,-0.062500,0.001953,0.001953,0.000000,-0.003906
8565714,BNO_GYRO_UC,834,-3200,0,0.017578,-0.044922,0.001953,0.001953,0.000000,-0.003906
8574805,BNO_GYRO_UC,835,-2900,0,0.037109,-0.044922,0.005859,0.001953,0.000000,-0.003906
8585545,BNO_GYRO_UC,836,-3200,0,0.066406,-0.074219,0.013672,0.001953,0.000000,-0.003906
8596169,BNO_GYRO_UC,837,-3400,0,0.056641,-0.089844,0.005859,0.001953,0.000000,-0.003906
8605634,BNO_GYRO_UC,838,-3100,0,0.037109,-0.105469,-0.001953,0.001953,0.000000,-0.003906
8615210,BNO_GYRO_UC,839,-3100,0,0.015625,-0.158203,-0.007812,0.001953,0.000000,-0.003906
8625013,BNO_GYRO_UC,840,-3100,0,0.005859,-0.169922,-0.009766,0.001953,0.000000,-0.003906
8635819,BNO_GYRO_UC,841,-3600,0,0.007812,-0.164062,-0.011719,0.001953,0.000000,-0.003906
8645515,BNO_GYRO_UC,842,-2900,0,0.000000,-0.156250,-0.009766,0.001953,0.000000,-0.003906
8654440,BNO_GYRO_UC,843,-2500,0,-0.017578,-0.148438,-0.011719,0.001953,0.000000,-0.003906
8665164,BNO_GYRO_UC,844,-3100,0,-0.031250,-0.136719,-0.019531,0.001953,0.000000,-0.003906
8675894,BNO_GYRO_UC,845,-3400,0,-0.009766,-0.140625,-0.017578,0.001953,0.000000,-0.003906
8686393,BNO_GYRO_UC,846,-3800,0,0.007812,-0.148438,-0.013672,0.001953,0.000000,-0.003906
8695658,BNO_GYRO_UC,847,-3200,0,0.021484,-0.154297,-0.009766,0.001953,0.000000,-0.003906
8705265,BNO_GYRO_UC,848,-3200,0,0.033203,-0.156250,-0.009766,0.001953,0.000000,-0.003906
8715553,BNO_GYRO_UC,849,-3400,0,0.021484,-0.162109,-0.005859,0.001953,0.000000,-0.003906
8725690,BNO_GYRO_UC,850,-3100,0,-0.009766,-0.175781,-0.005859,0.001953,0.000000,-0.003906
8734732,BNO_GYRO_UC,851,-2500,0,-0.017578,-0.152344,-0.001953,0.001953,0.000000,-0.003906
8745538,BNO_GYRO_UC,852,-3200,0,-0.035156,-0.130859,0.000000,0.001953,0.000000,-0.003906
8755521,BNO_GYRO_UC,853,-3400,0,-0.039062,-0.121094,-0.005859,0.001953,0.000000,-0.003906
8765965,BNO_GYRO_UC,854,-3400,0,-0.035156,-0.113281,-0.005859,0.001953,0.000000,-0.003906
8775009,BNO_GYRO_UC,855,-2900,0,-0.025391,-0.115234,-0.013672,0.001953,0.000000,-0.003906
8785530,BNO_GYRO_UC,856,-3200,0,0.003906,-0.130859,-0.013672,0.001953,0.000000,-0.003906
8795301,BNO_GYRO_UC,857,-3100,0,0.009766,-0.156250,-0.015625,0.001953,0.000000,-0.003906
8805794,BNO_GYRO_UC,858,-3200,0,0.001953,-0.158203,-0.007812,0.001953,0.000000,-0.003906
8814879,BNO_GYRO_UC,859,-2500,0,-0.019531,-0.144531,-0.003906,0.001953,0.000000,-0.003906
8825799,BNO_GYRO_UC,860,-3200,0,-0.027344,-0.146484,-0.001953,0.001953,0.000000,-0.003906
8835464,BNO_GYRO_UC,861,-3200,0,-0.007812,-0.136719,-0.003906,0.001953,0.000000,-0.003906
8845896,BNO_GYRO_UC,862,-3200,0,-0.021484,-0.115234,-0.001953,0.001953,0.000000,-0.003906
8855012,BNO_GYRO_UC,863,-2700,0,-0.033203,-0.111328,-0.003906,0.001953,0.000000,-0.003906
8865939,BNO_GYRO_UC,864,-3200,0,-0.019531,-0.101562,-0.003906,0.001953,0.000000,-0.003906
8875617,BNO_GYRO_UC,865,-3200,0,0.015625,-0.103516,-0.007812,0.001953,0.000000,-0.003906
8886224,BNO_GYRO_UC,866,-3400,0,0.048828,-0.121094,-0.009766,0.001953,0.000000,-0.003906
8895595,BNO_GYRO_UC,867,-3200,0,0.025391,-0.138672,-0.011719,0.001953,0.000000,-0.003906
8905861,BNO_GYRO_UC,868,-3400,0,0.007812,-0.158203,-0.013672,0.001953,0.000000,-0.003906
8915789,BNO_GYRO_UC,869,-3400,0,0.000000,-0.195312,-0.009766,0.001953,0.000000,-0.003906
8926272,BNO_GYRO_UC,870,-3400,0,-0.005859,-0.199219,-0.005859,0.001953,0.000000,-0.003906
8935788,BNO_GYRO_UC,871,-3200,0,-0.001953,-0.160156,-0.003906,0.001953,0.000000,-0.003906
8945909,BNO_GYRO_UC,872,-3400,0,-0.007812,-0.125000,-0.003906,0.001953,0.000000,-0.003906
8956607,BNO_GYRO_UC,873,-3600,0,-0.009766,-0.115234,-0.009766,0.001953,0.000000,-0.003906
8966400,BNO_GYRO_UC,874,-3100,0,-0.009766,-0.103516,-0.015625,0.001953,0.000000,-0.003906
8975821,BNO_GYRO_UC,875,-3200,0,-0.007812,-0.093750,-0.015625,0.001953,0.000000,-0.003906
8985947,BNO_GYRO_UC,876,-3400,0,0.001953,-0.117188,-0.013672,0.001953,0.000000,-0.003906
8995939,BNO_GYRO_UC,877,-3200,0,0.015625,-0.128906,-0.013672,0.001953,0.000000,-0.003906
9006966,BNO_GYRO_UC,878,-4000,0,0.009766,-0.132812,-0.009766,0.001953,0.000000,-0.003906
9015369,BNO_GYRO_UC,879,-2700,0,0.009766,-0.115234,-0.003906,0.001953,0.000000,-0.003906
9026814,BNO_GYRO_UC,880,-3400,0,0.001953,-0.074219,0.001953,0.001953,0.000000,-0.003906
9036232,BNO_GYRO_UC,881,-3400,0,-0.025391,-0.031250,0.003906,0.001953,0.000000,-0.003906
9046379,BNO_GYRO_UC,882,-3200,0,-0.015625,0.013672,0.005859,0.001953,0.000000,-0.003906
9056004,BNO_GYRO_UC,883,-3200,0,-0.011719,0.044922,0.005859,0.001953,0.000000,-0.003906
9065898,BNO_GYRO_UC,884,-3100,0,-0.021484,0.054688,0.001953,0.001953,0.000000,-0.003906
9076303,BNO_GYRO_UC,885,-3200,0,-0.031250,0.066406,-0.001953,0.001953,0.000000,-0.003906
9086264,BNO_GYRO_UC,886,-2900,0,-0.029297,0.058594,-0.005859,0.001953,0.000000,-0.003906
9096534,BNO_GYRO_UC,887,-3400,0,-0.029297,0.054688,-0.005859,0.001953,0.000000,-0.003906
9105998,BNO_GYRO_UC,888,-3100,0,-0.019531,0.048828,-0.005859,0.001953,0.000000,-0.003906
9116370,BNO_GYRO_UC,889,-3200,0,-0.005859,0.048828,-0.003906,0.001953,0.000000,-0.003906
9126375,BNO_GYRO_UC,890,-2900,0,0.003906,0.048828,-0.001953,0.001953,0.000000,-0.003906
9136561,BNO_GYRO_UC,891,-3200,0,0.001953,0.037109,0.001953,0.001953,0.000000,-0.003906
9146044,BNO_GYRO_UC,892,-3100,0,-0.013672,0.019531,-0.003906,0.001953,0.000000,-0.003906
9156538,BNO_GYRO_UC,893,-3200,0,-0.037109,0.007812,-0.003906,0.001953,0.000000,-0.003906
9166587,BNO_GYRO_UC,894,-2700,0,-0.025391,0.007812,-0.011719,0.001953,0.000000,-0.003906
9176847,BNO_GYRO_UC,895,-3200,0,0.001953,-0.015625,-0.009766,0.001953,0.000000,-0.003906
9186108,BNO_GYRO_UC,896,-3200,0,0.003906,-0.033203,-0.011719,0.001953,0.000000,-0.003906
9196891,BNO_GYRO_UC,897,-3200,0,0.005859,-0.035156,-0.011719,0.001953,0.000000,-0.003906
9206781,BNO_GYRO_UC,898,-2900,0,-0.001953,-0.007812,-0.007812,0.001953,0.000000,-0.003906
9217046,BNO_GYRO_UC,899,-3200,0,0.007812,0.007812,-0.011719,0.001953,0.000000,-0.003906
9226341,BNO_GYRO_UC,900,-3200,0,0.035156,0.000000,-0.005859,0.001953,0.000000,-0.003906
9237091,BNO_GYRO_UC,901,-3200,0,0.029297,0.015625,-0.003906,0.001953,0.000000,-0.003906
9246808,BNO_GYRO_UC,902,-2500,0,0.021484,0.037109,-0.001953,0.001953,0.000000,-0.003906
9256898,BNO_GYRO_UC,903,-3200,0,0.015625,0.029297,-0.001953,0.001953,0.000000,-0.003906
9266393,BNO_GYRO_UC,904,-3200,0,0.009766,0.019531,0.003906,0.001953,0.000000,-0.003906
9277119,BNO_GYRO_UC,905,-3200,0,-0.003906,0.017578,0.001953,0.001953,0.000000,-0.003906
9286822,BNO_GYRO_UC,906,-2500,0,0.001953,0.007812,0.001953,0.001953,0.000000,-0.003906
9297077,BNO_GYRO_UC,907,-3200,0,0.007812,0.003906,-0.005859,0.001953,0.000000,-0.003906
9306331,BNO_GYRO_UC,908,-3100,0,0.007812,-0.017578,-0.007812,0.001953,0.000000,-0.003906
9317119,BNO_GYRO_UC,909,-3100,0,-0.017578,-0.025391,-0.007812,0.001953,0.000000,-0.003906
9327060,BNO_GYRO_UC,910,-2700,0,-0.007812,-0.021484,-0.013672,0.001953,0.000000,-0.003906
9337267,BNO_GYRO_UC,911,-3200,0,-0.005859,-0.031250,-0.009766,0.001953,0.000000,-0.003906
9346508,BNO_GYRO_UC,912,-3200,0,-0.003906,-0.039062,-0.009766,0.001953,0.000000,-0.003906
9357266,BNO_GYRO_UC,913,-3200,0,0.011719,-0.019531,-0.007812,0.001953,0.000000,-0.003906
9367209,BNO_GYRO_UC,914,-2700,0,0.013672,-0.001953,-0.003906,0.001953,0.000000,-0.003906
9377319,BNO_GYRO_UC,915,-3200,0,-0.007812,0.017578,0.001953,0.001953,0.000000,-0.003906
9386769,BNO_GYRO_UC,916,-3400,0,0.000000,0.042969,0.005859,0.001953,0.000000,-0.003906
9396867,BNO_GYRO_UC,917,-3400,0,-0.007812,0.066406,0.007812,0.001953,0.000000,-0.003906
9407818,BNO_GYRO_UC,918,-4000,0,-0.013672,0.080078,0.007812,0.001953,0.000000,-0.003906
9417573,BNO_GYRO_UC,919,-3600,0,-0.013672,0.085938,0.007812,0.001953,0.000000,-0.003906
9427331,BNO_GYRO_UC,920,-3400,0,-0.001953,0.082031,0.005859,0.001953,0.000000,-0.003906
9436930,BNO_GYRO_UC,921,-3400,0,0.001953,0.068359,0.000000,0.001953,0.000000,-0.003906
9447528,BNO_GYRO_UC,922,-3400,0,0.003906,0.041016,-0.003906,0.001953,0.000000,-0.003906
9457568,BNO_GYRO_UC,923,-3200,0,0.005859,0.015625,-0.007812,0.001953,0.000000,-0.003906
9467088,BNO_GYRO_UC,924,-3200,0,0.001953,-0.001953,-0.005859,0.001953,0.000000,-0.003906
9476938,BNO_GYRO_UC,925,-3400,0,0.015625,-0.007812,-0.003906,0.001953,0.000000,-0.003906
9487837,BNO_GYRO_UC,926,-4000,0,0.017578,0.005859,-0.003906,0.001953,0.000000,-0.003906
9497391,BNO_GYRO_UC,927,-3200,0,0.017578,0.007812,-0.005859,0.001953,0.000000,-0.003906
9507250,BNO_GYRO_UC,928,-3400,0,0.005859,0.015625,-0.009766,0.001953,0.000000,-0.003906
9516970,BNO_GYRO_UC,929,-3200,0,-0.003906,0.017578,-0.007812,0.001953,0.000000,-0.003906
9527886,BNO_GYRO_UC,930,-3800,0,-0.005859,0.011719,-0.003906,0.001953,0.000000,-0.003906
9537489,BNO_GYRO_UC,931,-3200,0,-0.013672,0.009766,0.000000,0.001953,0.000000,-0.003906
9547037,BNO_GYRO_UC,932,-3400,0,-0.013672,0.013672,0.000000,0.001953,0.000000,-0.003906
9557156,BNO_GYRO_UC,933,-3200,0,-0.009766,0.025391,-0.007812,0.001953,0.000000,-0.003906
9567435,BNO_GYRO_UC,934,-3600,0,0.001953,0.007812,-0.011719,0.001953,0.000000,-0.003906
9578152,BNO_GYRO_UC,935,-3800,0,0.013672,-0.011719,-0.013672,0.001953,0.000000,-0.003906
9587170,BNO_GYRO_UC,936,-3200,0,0.027344,-0.003906,-0.015625,0.001953,0.000000,-0.003906
9597204,BNO_GYRO_UC,937,-3400,0,0.027344,-0.003906,-0.013672,0.001953,0.000000,-0.003906
9608266,BNO_GYRO_UC,938,-4000,0,0.013672,-0.019531,-0.009766,0.001953,0.000000,-0.003906
9617883,BNO_GYRO_UC,939,-3100,0,0.007812,-0.009766,-0.001953,0.001953,0.000000,-0.003906
9627168,BNO_GYRO_UC,940,-3200,0,0.001953,0.003906,0.005859,0.001953,0.000000,-0.003906
9638101,BNO_GYRO_UC,941,-3400,0,-0.017578,-0.005859,0.007812,0.001953,0.000000,-0.003906
9647907,BNO_GYRO_UC,942,-3800,0,-0.013672,-0.013672,0.005859,0.001953,0.000000,-0.003906
9657712,BNO_GYRO_UC,943,-3100,0,-0.017578,-0.015625,0.003906,0.001953,0.000000,-0.003906
9666588,BNO_GYRO_UC,944,-2500,0,-0.021484,-0.003906,0.003906,0.001953,0.000000,-0.003906
9677668,BNO_GYRO_UC,945,-3400,0,-0.009766,-0.001953,0.001953,0.001953,0.000000,-0.003906
9688784,BNO_GYRO_UC,946,-4200,0,0.009766,-0.015625,0.003906,0.001953,0.000000,-0.003906
9698343,BNO_GYRO_UC,947,-3100,0,0.021484,-0.025391,0.005859,0.001953,0.000000,-0.003906
9708102,BNO_GYRO_UC,948,-3400,0,0.021484,-0.027344,0.003906,0.001953,0.000000,-0.003906
9717471,BNO_GYRO_UC,949,-3200,0,0.023438,-0.041016,0.001953,0.001953,0.000000,-0.003906
9727710,BNO_GYRO_UC,950,-3600,0,0.015625,-0.041016,0.000000,0.001953,0.000000,-0.003906
9737956,BNO_GYRO_UC,951,-3400,0,0.007812,-0.035156,0.001953,0.001953,0.000000,-0.003906
9747217,BNO_GYRO_UC,952,-3100,0,0.007812,-0.035156,0.001953,0.001953,0.000000,-0.003906
9757405,BNO_GYRO_UC,953,-3400,0,0.013672,-0.050781,-0.001953,0.001953,0.000000,-0.003906
9768244,BNO_GYRO_UC,954,-3800,0,0.007812,-0.076172,0.003906,0.001953,0.000000,-0.003906
9778057,BNO_GYRO_UC,955,-3100,0,0.005859,-0.093750,-0.001953,0.001953,0.000000,-0.003906
9787466,BNO_GYRO_UC,956,-3200,0,0.001953,-0.099609,0.000000,0.001953,0.000000,-0.003906
9797769,BNO_GYRO_UC,957,-3400,0,0.003906,-0.085938,0.000000,0.001953,0.000000,-0.003906
9807635,BNO_GYRO_UC,958,-3400,0,-0.009766,-0.089844,-0.003906,0.001953,0.000000,-0.003906
9818032,BNO_GYRO_UC,959,-3400,0,-0.007812,-0.095703,-0.003906,0.001953,0.000000,-0.003906
9827298,BNO_GYRO_UC,960,-2900,0,-0.003906,-0.123047,-0.005859,0.001953,0.000000,-0.003906
9837747,BNO_GYRO_UC,961,-3400,0,0.003906,-0.130859,0.003906,0.001953,0.000000,-0.003906
9847790,BNO_GYRO_UC,962,-3400,0,-0.003906,-0.125000,0.001953,0.001953,0.000000,-0.003906
9858215,BNO_GYRO_UC,963,-3400,0,-0.003906,-0.121094,-0.003906,0.001953,0.000000,-0.003906
9867641,BNO_GYRO_UC,964,-3100,0,-0.007812,-0.140625,-0.009766,0.001953,0.000000,-0.003906
9877804,BNO_GYRO_UC,965,-3200,0,-0.009766,-0.173828,-0.015625,0.001953,0.000000,-0.003906
9887525,BNO_GYRO_UC,966,-3100,0,-0.001953,-0.207031,-0.019531,0.001953,0.000000,-0.003906
9898031,BNO_GYRO_UC,967,-3200,0,-0.001953,-0.220703,-0.021484,0.001953,0.000000,-0.003906
9908118,BNO_GYRO_UC,968,-3200,0,-0.005859,-0.226562,-0.025391,0.001953,0.000000,-0.003906
9917625,BNO_GYRO_UC,969,-3100,0,-0.009766,-0.222656,-0.019531,0.001953,0.000000,-0.003906
9928091,BNO_GYRO_UC,970,-3200,0,-0.011719,-0.210938,-0.019531,0.001953,0.000000,-0.003906
9938664,BNO_GYRO_UC,971,-3400,0,-0.019531,-0.207031,-0.017578,0.001953,0.000000,-0.003906
9947796,BNO_GYRO_UC,972,-3200,0,-0.017578,-0.197266,-0.017578,0.001953,0.000000,-0.003906
9957813,BNO_GYRO_UC,973,-3100,0,-0.019531,-0.195312,-0.017578,0.001953,0.000000,-0.003906
9967830,BNO_GYRO_UC,974,-3100,0,-0.017578,-0.191406,-0.025391,0.001953,0.000000,-0.003906
9978311,BNO_GYRO_UC,975,-3200,0,0.019531,-0.185547,-0.023438,0.001953,0.000000,-0.003906
9988038,BNO_GYRO_UC,976,-3200,0,0.027344,-0.175781,-0.027344,0.001953,0.000000,-0.003906
9997898,BNO_GYRO_UC,977,-3200,0,0.031250,-0.171875,-0.029297,0.001953,0.000000,-0.003906
10008355,BNO_GYRO_UC,978,-3200,0,0.039062,-0.175781,-0.027344,0.001953,0.000000,-0.003906
10018923,BNO_GYRO_UC,979,-3200,0,0.011719,-0.189453,-0.021484,0.001953,0.000000,-0.003906
10028207,BNO_GYRO_UC,980,-3400,0,0.005859,-0.183594,-0.015625,0.001953,0.000000,-0.003906
10037924,BNO_GYRO_UC,981,-3100,0,-0.015625,-0.156250,-0.015625,0.001953,0.000000,-0.003906
10048374,BNO_GYRO_UC,982,-3200,0,0.005859,-0.150391,-0.021484,0.001953,0.000000,-0.003906
10058411,BNO_GYRO_UC,983,-2900,0,0.017578,-0.125000,-0.021484,0.001953,0.000000,-0.003906
10068457,BNO_GYRO_UC,984,-3200,0,0.029297,-0.109375,-0.021484,0.001953,0.000000,-0.003906
10077946,BNO_GYRO_UC,985,-3100,0,0.048828,-0.121094,-0.027344,0.001953,0.000000,-0.003906
10088693,BNO_GYRO_UC,986,-3200,0,0.044922,-0.148438,-0.031250,0.001953,0.000000,-0.003906
10099469,BNO_GYRO_UC,987,-3600,0,0.035156,-0.160156,-0.027344,0.001953,0.000000,-0.003906
10108512,BNO_GYRO_UC,988,-3200,0,0.025391,-0.146484,-0.023438,0.001953,0.000000,-0.003906
10118188,BNO_GYRO_UC,989,-3100,0,0.001953,-0.140625,-0.019531,0.001953,0.000000,-0.003906
10128951,BNO_GYRO_UC,990,-3200,0,-0.015625,-0.142578,-0.013672,0.001953,0.000000,-0.003906
10138788,BNO_GYRO_UC,991,-2700,0,-0.025391,-0.138672,-0.015625,0.001953,0.000000,-0.003906
10148908,BNO_GYRO_UC,992,-3400,0,-0.001953,-0.126953,-0.013672,0.001953,0.000000,-0.003906
10158146,BNO_GYRO_UC,993,-3200,0,0.005859,-0.126953,-0.013672,0.001953,0.000000,-0.003906
10168814,BNO_GYRO_UC,994,-3200,0,0.027344,-0.138672,-0.013672,0.001953,0.000000,-0.003906
10178688,BNO_GYRO_UC,995,-2700,0,0.039062,-0.152344,-0.015625,0.001953,0.000000,-0.003906
10188910,BNO_GYRO_UC,996,-3200,0,0.023438,-0.146484,-0.015625,0.001953,0.000000,-0.003906
10198177,BNO_GYRO_UC,997,-3100,0,0.013672,-0.158203,-0.017578,0.001953,0.000000,-0.003906
10208927,BNO_GYRO_UC,998,-3200,0,-0.001953,-0.181641,-0.013672,0.001953,0.000000,-0.003906
10219345,BNO_GYRO_UC,999,-3200,0,-0.001953,-0.191406,-0.013672,0.001953,0.000000,-0.003906
10229104,BNO_GYRO_UC,1000,-3600,0,0.001953,-0.195312,-0.011719,0.001953,0.000000,-0.003906
10239026,BNO_GYRO_UC,1001,-3400,0,0.003906,-0.185547,-0.011719,0.001953,0.000000,-0.003906
10248499,BNO_GYRO_UC,1002,-3200,0,0.013672,-0.181641,-0.011719,0.001953,0.000000,-0.003906
10259349,BNO_GYRO_UC,1003,-3800,0,0.009766,-0.173828,-0.009766,0.001953,0.000000,-0.003906
10268959,BNO_GYRO_UC,1004,-3400,0,-0.003906,-0.179688,-0.009766,0.001953,0.000000,-0.003906
10278959,BNO_GYRO_UC,1005,-3400,0,0.021484,-0.183594,-0.005859,0.001953,0.000000,-0.003906
10288601,BNO_GYRO_UC,1006,-3400,0,0.019531,-0.183594,-0.007812,0.001953,0.000000,-0.003906
10299541,BNO_GYRO_UC,1007,-3800,0,0.009766,-0.175781,-0.005859,0.001953,0.000000,-0.003906
10309125,BNO_GYRO_UC,1008,-3400,0,0.019531,-0.166016,-0.003906,0.001953,0.000000,-0.003906
10318793,BNO_GYRO_UC,1009,-3400,0,0.000000,-0.156250,-0.003906,0.001953,0.000000,-0.003906
10328699,BNO_GYRO_UC,1010,-3400,0,-0.005859,-0.179688,-0.003906,0.001953,0.000000,-0.003906
10339684,BNO_GYRO_UC,1011,-3800,0,0.001953,-0.216797,-0.007812,0.001953,0.000000,-0.003906
10349428,BNO_GYRO_UC,1012,-3400,0,0.009766,-0.216797,-0.013672,0.001953,0.000000,-0.003906
10358968,BNO_GYRO_UC,1013,-3400,0,0.005859,-0.234375,-0.009766,0.001953,0.000000,-0.003906
10368890,BNO_GYRO_UC,1014,-3400,0,-0.001953,-0.259766,-0.015625,0.001953,0.000000,-0.003906
10379646,BNO_GYRO_UC,1015,-3800,0,-0.003906,-0.265625,-0.015625,0.001953,0.000000,-0.003906
10389282,BNO_GYRO_UC,1016,-3200,0,-0.003906,-0.257812,-0.013672,0.001953,0.000000,-0.003906
10398973,BNO_GYRO_UC,1017,-3200,0,0.001953,-0.230469,-0.007812,0.001953,0.000000,-0.003906
10408762,BNO_GYRO_UC,1018,-3200,0,0.011719,-0.205078,0.000000,0.001953,0.000000,-0.003906
10419086,BNO_GYRO_UC,1019,-3400,0,-0.003906,-0.193359,0.001953,0.001953,0.000000,-0.003906
10429377,BNO_GYRO_UC,1020,-3400,0,-0.015625,-0.197266,0.000000,0.001953,0.000000,-0.003906
10438832,BNO_GYRO_UC,1021,-3100,0,-0.005859,-0.179688,0.001953,0.001953,0.000000,-0.003906
10448796,BNO_GYRO_UC,1022,-3200,0,-0.003906,-0.158203,0.000000,0.001953,0.000000,-0.003906
10459194,BNO_GYRO_UC,1023,-3600,0,0.015625,-0.164062,-0.009766,0.001953,0.000000,-0.003906
10469595,BNO_GYRO_UC,1024,-3600,0,0.029297,-0.185547,-0.015625,0.001953,0.000000,-0.003906
10478807,BNO_GYRO_UC,1025,-3200,0,0.029297,-0.203125,-0.015625,0.001953,0.000000,-0.003906
10489584,BNO_GYRO_UC,1026,-3200,0,0.013672,-0.210938,-0.015625,0.001953,0.000000,-0.003906
10499293,BNO_GYRO_UC,1027,-3600,0,0.003906,-0.208984,-0.019531,0.001953,0.000000,-0.003906
10509338,BNO_GYRO_UC,1028,-3100,0,0.005859,-0.208984,-0.015625,0.001953,0.000000,-0.003906
10518478,BNO_GYRO_UC,1029,-2700,0,0.005859,-0.212891,-0.009766,0.001953,0.000000,-0.003906
10529181,BNO_GYRO_UC,1030,-3200,0,0.005859,-0.230469,-0.013672,0.001953,0.000000,-0.003906
10539138,BNO_GYRO_UC,1031,-3200,0,0.017578,-0.248047,-0.013672,0.001953,0.000000,-0.003906
10549451,BNO_GYRO_UC,1032,-3200,0,0.003906,-0.232422,-0.017578,0.001953,0.000000,-0.003906
10558439,BNO_GYRO_UC,1033,-2700,0,-0.001953,-0.199219,-0.013672,0.001953,0.000000,-0.003906
10569302,BNO_GYRO_UC,1034,-3200,0,0.007812,-0.185547,-0.009766,0.001953,0.000000,-0.003906
10579125,BNO_GYRO_UC,1035,-3200,0,0.029297,-0.177734,-0.009766,0.001953,0.000000,-0.003906
10589452,BNO_GYRO_UC,1036,-3200,0,0.029297,-0.167969,-0.007812,0.001953,0.000000,-0.003906
10598595,BNO_GYRO_UC,1037,-2500,0,0.013672,-0.158203,-0.013672,0.001953,0.000000,-0.003906
10609409,BNO_GYRO_UC,1038,-3100,0,-0.001953,-0.144531,-0.015625,0.001953,0.000000,-0.003906
10619123,BNO_GYRO_UC,1039,-3100,0,-0.001953,-0.160156,-0.013672,0.001953,0.000000,-0.003906
10629665,BNO_GYRO_UC,1040,-3200,0,0.017578,-0.169922,-0.011719,0.001953,0.000000,-0.003906
10638852,BNO_GYRO_UC,1041,-2700,0,0.017578,-0.164062,-0.013672,0.001953,0.000000,-0.003906
10649761,BNO_GYRO_UC,1042,-3200,0,0.007812,-0.169922,-0.009766,0.001953,0.000000,-0.003906
10659237,BNO_GYRO_UC,1043,-3200,0,-0.007812,-0.164062,-0.011719,0.001953,0.000000,-0.003906
10669751,BNO_GYRO_UC,1044,-3200,0,0.001953,-0.171875,-0.015625,0.001953,0.000000,-0.003906
10678897,BNO_GYRO_UC,1045,-2700,0,0.017578,-0.191406,-0.013672,0.001953,0.000000,-0.003906
10689817,BNO_GYRO_UC,1046,-3200,0,0.009766,-0.207031,-0.011719,0.001953,0.000000,-0.003906
10699388,BNO_GYRO_UC,1047,-3100,0,-0.001953,-0.234375,-0.015625,0.001953,0.000000,-0.003906
10709657,BNO_GYRO_UC,1048,-3100,0,-0.009766,-0.259766,-0.011719,0.001953,0.000000,-0.003906
10719670,BNO_GYRO_UC,1049,-3400,0,-0.019531,-0.263672,-0.009766,0.001953,0.000000,-0.003906
10729652,BNO_GYRO_UC,1050,-3400,0,-0.015625,-0.259766,-0.007812,0.001953,0.000000,-0.003906
10739600,BNO_GYRO_UC,1051,-3400,0,-0.005859,-0.267578,-0.009766,0.001953,0.000000,-0.003906
10750048,BNO_GYRO_UC,1052,-3400,0,0.001953,-0.277344,-0.013672,0.001953,0.000000,-0.003906
10759376,BNO_GYRO_UC,1053,-3200,0,0.000000,-0.283203,-0.011719,0.001953,0.000000,-0.003906
10769714,BNO_GYRO_UC,1054,-3400,0,0.009766,-0.271484,-0.013672,0.001953,0.000000,-0.003906
10779724,BNO_GYRO_UC,1055,-3400,0,0.019531,-0.255859,-0.015625,0.001953,0.000000,-0.003906
10789999,BNO_GYRO_UC,1056,-3200,0,0.039062,-0.246094,-0.015625,0.001953,0.000000,-0.003906
10799355,BNO_GYRO_UC,1057,-3100,0,0.044922,-0.238281,-0.013672,0.001953,0.000000,-0.003906
10809387,BNO_GYRO_UC,1058,-3100,0,0.031250,-0.210938,-0.009766,0.001953,0.000000,-0.003906
10819571,BNO_GYRO_UC,1059,-3200,0,0.005859,-0.179688,0.000000,0.001953,0.000000,-0.003906
10829912,BNO_GYRO_UC,1060,-3200,0,-0.011719,-0.167969,0.005859,0.001953,0.000000,-0.003906
10840083,BNO_GYRO_UC,1061,-3200,0,-0.029297,-0.183594,0.005859,0.001953,0.000000,-0.003906
10849720,BNO_GYRO_UC,1062,-3200,0,-0.041016,-0.185547,0.003906,0.001953,0.000000,-0.003906
10860109,BNO_GYRO_UC,1063,-3200,0,-0.048828,-0.179688,0.001953,0.001953,0.000000,-0.003906
10869951,BNO_GYRO_UC,1064,-2700,0,-0.025391,-0.191406,-0.003906,0.001953,0.000000,-0.003906
10879951,BNO_GYRO_UC,1065,-3200,0,0.015625,-0.220703,-0.009766,0.001953,0.000000,-0.003906
10889627,BNO_GYRO_UC,1066,-3100,0,0.003906,-0.214844,-0.007812,0.001953,0.000000,-0.003906
10900275,BNO_GYRO_UC,1067,-3200,0,0.005859,-0.191406,-0.007812,0.001953,0.000000,-0.003906
10910756,BNO_GYRO_UC,1068,-3400,0,0.003906,-0.173828,-0.007812,0.001953,0.000000,-0.003906
10920208,BNO_GYRO_UC,1069,-3200,0,0.003906,-0.167969,-0.003906,0.001953,0.000000,-0.003906
10929685,BNO_GYRO_UC,1070,-3100,0,-0.001953,-0.175781,-0.005859,0.001953,0.000000,-0.003906
10940375,BNO_GYRO_UC,1071,-3200,0,0.003906,-0.179688,-0.007812,0.001953,0.000000,-0.003906
10950323,BNO_GYRO_UC,1072,-2900,0,0.013672,-0.191406,-0.001953,0.001953,0.000000,-0.003906
10960455,BNO_GYRO_UC,1073,-3200,0,0.009766,-0.203125,0.001953,0.001953,0.000000,-0.003906
10969833,BNO_GYRO_UC,1074,-3100,0,-0.003906,-0.199219,0.005859,0.001953,0.000000,-0.003906
10980573,BNO_GYRO_UC,1075,-3200,0,-0.017578,-0.191406,0.003906,0.001953,0.000000,-0.003906
10990298,BNO_GYRO_UC,1076,-2700,0,-0.011719,-0.185547,-0.005859,0.001953,0.000000,-0.003906
11000425,BNO_GYRO_UC,1077,-3200,0,-0.009766,-0.191406,-0.005859,0.001953,0.000000,-0.003906
11010030,BNO_GYRO_UC,1078,-3100,0,-0.009766,-0.208984,-0.005859,0.001953,0.000000,-0.003906
11020795,BNO_GYRO_UC,1079,-3200,0,-0.001953,-0.226562,-0.007812,0.001953,0.000000,-0.003906
11030608,BNO_GYRO_UC,1080,-2700,0,-0.007812,-0.246094,-0.003906,0.001953,0.000000,-0.003906
11040910,BNO_GYRO_UC,1081,-3200,0,-0.007812,-0.259766,0.001953,0.001953,0.000000,-0.003906
11050075,BNO_GYRO_UC,1082,-3100,0,-0.009766,-0.269531,0.000000,0.001953,0.000000,-0.003906
11060849,BNO_GYRO_UC,1083,-3200,0,-0.019531,-0.275391,-0.001953,0.001953,0.000000,-0.003906
11070568,BNO_GYRO_UC,1084,-2500,0,-0.025391,-0.277344,-0.005859,0.001953,0.000000,-0.003906
11080800,BNO_GYRO_UC,1085,-3400,0,-0.031250,-0.283203,-0.001953,0.001953,0.000000,-0.003906
11090082,BNO_GYRO_UC,1086,-3100,0,-0.027344,-0.296875,-0.005859,0.001953,0.000000,-0.003906
11100769,BNO_GYRO_UC,1087,-3400,0,-0.027344,-0.294922,-0.005859,0.001953,0.000000,-0.003906
11110703,BNO_GYRO_UC,1088,-2700,0,-0.009766,-0.289062,-0.007812,0.001953,0.000000,-0.003906
11121079,BNO_GYRO_UC,1089,-3200,0,-0.001953,-0.287109,-0.009766,0.001953,0.000000,-0.003906
11130261,BNO_GYRO_UC,1090,-3200,0,-0.001953,-0.275391,-0.011719,0.001953,0.000000,-0.003906
11140931,BNO_GYRO_UC,1091,-3200,0,-0.009766,-0.269531,-0.015625,0.001953,0.000000,-0.003906
11150925,BNO_GYRO_UC,1092,-2900,0,-0.027344,-0.263672,-0.009766,0.001953,0.000000,-0.003906
11161053,BNO_GYRO_UC,1093,-3200,0,-0.027344,-0.244141,-0.003906,0.001953,0.000000,-0.003906
11170307,BNO_GYRO_UC,1094,-3100,0,-0.027344,-0.232422,-0.005859,0.001953,0.000000,-0.003906
11180325,BNO_GYRO_UC,1095,-3200,0,-0.023438,-0.234375,-0.005859,0.001953,0.000000,-0.003906
11190956,BNO_GYRO_UC,1096,-3400,0,-0.021484,-0.238281,-0.005859,0.001953,0.000000,-0.003906
11201120,BNO_GYRO_UC,1097,-3200,0,-0.013672,-0.220703,-0.001953,0.001953,0.000000,-0.003906
11210311,BNO_GYRO_UC,1098,-3100,0,-0.009766,-0.205078,-0.003906,0.001953,0.000000,-0.003906
11221172,BNO_GYRO_UC,1099,-3200,0,-0.001953,-0.205078,-0.007812,0.001953,0.000000,-0.003906
11231150,BNO_GYRO_UC,1100,-2700,0,-0.005859,-0.197266,-0.013672,0.001953,0.000000,-0.003906
11241252,BNO_GYRO_UC,1101,-3200,0,-0.015625,-0.191406,-0.011719,0.001953,0.000000,-0.003906
11250594,BNO_GYRO_UC,1102,-3200,0,-0.017578,-0.185547,-0.005859,0.001953,0.000000,-0.003906
11260457,BNO_GYRO_UC,1103,-3100,0,-0.025391,-0.187500,-0.001953,0.001953,0.000000,-0.003906
11270990,BNO_GYRO_UC,1104,-3400,0,-0.039062,-0.203125,0.003906,0.001953,0.000000,-0.003906
11281412,BNO_GYRO_UC,1105,-3600,0,-0.052734,-0.199219,0.003906,0.001953,0.000000,-0.003906
11290602,BNO_GYRO_UC,1106,-3100,0,-0.060547,-0.199219,-0.001953,0.001953,0.000000,-0.003906
11301406,BNO_GYRO_UC,1107,-3200,0,-0.041016,-0.205078,-0.005859,0.001953,0.000000,-0.003906
11311195,BNO_GYRO_UC,1108,-2700,0,-0.025391,-0.205078,-0.003906,0.001953,0.000000,-0.003906
11321644,BNO_GYRO_UC,1109,-3600,0,-0.027344,-0.193359,0.000000,0.001953,0.000000,-0.003906
11330729,BNO_GYRO_UC,1110,-3200,0,-0.039062,-0.207031,0.005859,0.001953,0.000000,-0.003906
11340681,BNO_GYRO_UC,1111,-3100,0,-0.056641,-0.214844,0.007812,0.001953,0.000000,-0.003906
11351029,BNO_GYRO_UC,1112,-3400,0,-0.052734,-0.216797,0.007812,0.001953,0.000000,-0.003906
11361506,BNO_GYRO_UC,1113,-3600,0,-0.019531,-0.240234,0.009766,0.001953,0.000000,-0.003906
11370733,BNO_GYRO_UC,1114,-3200,0,-0.021484,-0.275391,0.007812,0.001953,0.000000,-0.003906
11380746,BNO_GYRO_UC,1115,-3200,0,-0.009766,-0.287109,0.007812,0.001953,0.000000,-0.003906
11390991,BNO_GYRO_UC,1116,-3400,0,0.005859,-0.300781,0.001953,0.001953,0.000000,-0.003906
11401119,BNO_GYRO_UC,1117,-3100,0,0.005859,-0.291016,-0.001953,0.001953,0.000000,-0.003906
11410251,BNO_GYRO_UC,1118,-2700,0,0.019531,-0.285156,-0.007812,0.001953,0.000000,-0.003906
11420958,BNO_GYRO_UC,1119,-3200,0,0.007812,-0.271484,-0.009766,0.001953,0.000000,-0.003906
11431162,BNO_GYRO_UC,1120,-3400,0,-0.007812,-0.257812,-0.009766,0.001953,0.000000,-0.003906
11441594,BNO_GYRO_UC,1121,-3600,0,-0.003906,-0.250000,-0.007812,0.001953,0.000000,-0.003906
11450882,BNO_GYRO_UC,1122,-3100,0,-0.005859,-0.214844,-0.003906,0.001953,0.000000,-0.003906
11461610,BNO_GYRO_UC,1123,-3200,0,0.019531,-0.207031,-0.009766,0.001953,0.000000,-0.003906
11472157,BNO_GYRO_UC,1124,-3400,0,0.052734,-0.205078,-0.019531,0.001953,0.000000,-0.003906
11481699,BNO_GYRO_UC,1125,-2900,0,0.042969,-0.175781,-0.017578,0.001953,0.000000,-0.003906
11490414,BNO_GYRO_UC,1126,-2500,0,0.033203,-0.167969,-0.019531,0.001953,0.000000,-0.003906
11501299,BNO_GYRO_UC,1127,-3200,0,0.015625,-0.173828,-0.015625,0.001953,0.000000,-0.003906
11510923,BNO_GYRO_UC,1128,-3100,0,0.005859,-0.164062,-0.013672,0.001953,0.000000,-0.003906
11522131,BNO_GYRO_UC,1129,-3600,0,0.011719,-0.179688,-0.017578,0.001953,0.000000,-0.003906
11531131,BNO_GYRO_UC,1130,-3200,0,0.025391,-0.197266,-0.017578,0.001953,0.000000,-0.003906
11541854,BNO_GYRO_UC,1131,-3400,0,0.019531,-0.187500,-0.015625,0.001953,0.000000,-0.003906
11552494,BNO_GYRO_UC,1132,-3400,0,0.007812,-0.177734,-0.017578,0.001953,0.000000,-0.003906
11562128,BNO_GYRO_UC,1133,-2900,0,-0.005859,-0.187500,-0.021484,0.001953,0.000000,-0.003906
11571013,BNO_GYRO_UC,1134,-3100,0,-0.017578,-0.222656,-0.007812,0.001953,0.000000,-0.003906
11581929,BNO_GYRO_UC,1135,-3200,0,-0.019531,-0.255859,-0.015625,0.001953,0.000000,-0.003906
11592407,BNO_GYRO_UC,1136,-3400,0,-0.031250,-0.277344,-0.009766,0.001953,0.000000,-0.003906
11602102,BNO_GYRO_UC,1137,-2900,0,-0.015625,-0.279297,-0.009766,0.001953,0.000000,-0.003906
11611420,BNO_GYRO_UC,1138,-3200,0,-0.023438,-0.259766,-0.003906,0.001953,0.000000,-0.003906
11621179,BNO_GYRO_UC,1139,-3200,0,-0.033203,-0.228516,0.001953,0.001953,0.000000,-0.003906
11631260,BNO_GYRO_UC,1140,-3100,0,0.005859,-0.197266,-0.011719,0.001953,0.000000,-0.003906
11642407,BNO_GYRO_UC,1141,-3600,0,0.003906,-0.169922,-0.007812,0.001953,0.000000,-0.003906
11651304,BNO_GYRO_UC,1142,-3100,0,-0.001953,-0.152344,-0.007812,0.001953,0.000000,-0.003906
11661388,BNO_GYRO_UC,1143,-3200,0,-0.011719,-0.158203,-0.017578,0.001953,0.000000,-0.003906
11671267,BNO_GYRO_UC,1144,-3100,0,-0.005859,-0.187500,-0.017578,0.001953,0.000000,-0.003906
11681800,BNO_GYRO_UC,1145,-3100,0,-0.001953,-0.208984,-0.019531,0.001953,0.000000,-0.003906
11690800,BNO_GYRO_UC,1146,-2500,0,0.019531,-0.181641,-0.021484,0.001953,0.000000,-0.003906
11701823,BNO_GYRO_UC,1147,-3200,0,0.003906,-0.162109,-0.013672,0.001953,0.000000,-0.003906
11711230,BNO_GYRO_UC,1148,-3100,0,0.007812,-0.169922,-0.027344,0.001953,0.000000,-0.003906
11722549,BNO_GYRO_UC,1149,-3600,0,-0.001953,-0.195312,-0.025391,0.001953,0.000000,-0.003906
11732001,BNO_GYRO_UC,1150,-3200,0,0.007812,-0.199219,-0.019531,0.001953,0.000000,-0.003906
11741510,BNO_GYRO_UC,1151,-3200,0,0.015625,-0.193359,-0.023438,0.001953,0.000000,-0.003906
11751510,BNO_GYRO_UC,1152,-3100,0,0.015625,-0.199219,-0.019531,0.001953,0.000000,-0.003906
11762047,BNO_GYRO_UC,1153,-3200,0,0.009766,-0.228516,-0.019531,0.001953,0.000000,-0.003906
11771304,BNO_GYRO_UC,1154,-2900,0,0.015625,-0.257812,-0.019531,0.001953,0.000000,-0.003906
11781507,BNO_GYRO_UC,1155,-3200,0,0.003906,-0.261719,-0.015625,0.001953,0.000000,-0.003906
11791962,BNO_GYRO_UC,1156,-3200,0,-0.019531,-0.250000,-0.005859,0.001953,0.000000,-0.003906
11802059,BNO_GYRO_UC,1157,-3100,0,-0.003906,-0.240234,-0.003906,0.001953,0.000000,-0.003906
11812201,BNO_GYRO_UC,1158,-3200,0,0.015625,-0.222656,-0.013672,0.001953,0.000000,-0.003906
11821569,BNO_GYRO_UC,1159,-3100,0,0.011719,-0.210938,-0.011719,0.001953,0.000000,-0.003906
11832253,BNO_GYRO_UC,1160,-3100,0,0.021484,-0.183594,-0.013672,0.001953,0.000000,-0.003906
11842594,BNO_GYRO_UC,1161,-3200,0,0.039062,-0.150391,-0.017578,0.001953,0.000000,-0.003906
11852081,BNO_GYRO_UC,1162,-3400,0,0.033203,-0.152344,-0.019531,0.001953,0.000000,-0.003906
11861675,BNO_GYRO_UC,1163,-3100,0,0.027344,-0.171875,-0.021484,0.001953,0.000000,-0.003906
11872346,BNO_GYRO_UC,1164,-3200,0,0.009766,-0.199219,-0.021484,0.001953,0.000000,-0.003906
11882254,BNO_GYRO_UC,1165,-2900,0,-0.003906,-0.246094,-0.011719,0.001953,0.000000,-0.003906
11892380,BNO_GYRO_UC,1166,-3200,0,0.001953,-0.281250,-0.009766,0.001953,0.000000,-0.003906
11901854,BNO_GYRO_UC,1167,-3200,0,0.005859,-0.279297,-0.001953,0.001953,0.000000,-0.003906
11912540,BNO_GYRO_UC,1168,-3200,0,0.035156,-0.236328,-0.003906,0.001953,0.000000,-0.003906
11922392,BNO_GYRO_UC,1169,-2700,0,0.050781,-0.193359,-0.003906,0.001953,0.000000,-0.003906
11932550,BNO_GYRO_UC,1170,-3200,0,0.033203,-0.166016,0.001953,0.001953,0.000000,-0.003906
11941911,BNO_GYRO_UC,1171,-3100,0,-0.013672,-0.162109,0.013672,0.001953,0.000000,-0.003906
11952596,BNO_GYRO_UC,1172,-3100,0,-0.035156,-0.167969,0.015625,0.001953,0.000000,-0.003906
11962550,BNO_GYRO_UC,1173,-2700,0,-0.031250,-0.185547,0.005859,0.001953,0.000000,-0.003906
11972750,BNO_GYRO_UC,1174,-3200,0,-0.031250,-0.210938,0.009766,0.001953,0.000000,-0.003906
11982002,BNO_GYRO_UC,1175,-3200,0,-0.003906,-0.189453,0.005859,0.001953,0.000000,-0.003906
11992481,BNO_GYRO_UC,1176,-3200,0,0.019531,-0.185547,0.001953,0.001953,0.000000,-0.003906
12002959,BNO_GYRO_UC,1177,-3100,0,0.015625,-0.199219,-0.013672,0.001953,0.000000,-0.003906
12012377,BNO_GYRO_UC,1178,-3400,0,0.000000,-0.208984,-0.009766,0.001953,0.000000,-0.003906
12022039,BNO_GYRO_UC,1179,-3100,0,-0.005859,-0.201172,-0.007812,0.001953,0.000000,-0.003906
12032945,BNO_GYRO_UC,1180,-3200,0,0.005859,-0.197266,-0.003906,0.001953,0.000000,-0.003906
12042989,BNO_GYRO_UC,1181,-3100,0,0.019531,-0.193359,0.005859,0.001953,0.000000,-0.003906
12052709,BNO_GYRO_UC,1182,-3600,0,0.019531,-0.197266,0.003906,0.001953,0.000000,-0.003906
12062482,BNO_GYRO_UC,1183,-3200,0,0.013672,-0.222656,0.005859,0.001953,0.000000,-0.003906
12072426,BNO_GYRO_UC,1184,-3400,0,-0.015625,-0.277344,0.003906,0.001953,0.000000,-0.003906
12083281,BNO_GYRO_UC,1185,-4000,0,-0.033203,-0.335938,0.003906,0.001953,0.000000,-0.003906
12093012,BNO_GYRO_UC,1186,-3800,0,-0.050781,-0.384766,0.003906,0.001953,0.000000,-0.003906
12102695,BNO_GYRO_UC,1187,-3200,0,-0.029297,-0.421875,0.000000,0.001953,0.000000,-0.003906
12112205,BNO_GYRO_UC,1188,-3100,0,-0.029297,-0.414062,-0.001953,0.001953,0.000000,-0.003906
12122963,BNO_GYRO_UC,1189,-3400,0,-0.048828,-0.371094,0.001953,0.001953,0.000000,-0.003906
12133029,BNO_GYRO_UC,1190,-3200,0,-0.039062,-0.337891,-0.001953,0.001953,0.000000,-0.003906
12142370,BNO_GYRO_UC,1191,-3100,0,0.003906,-0.341797,-0.011719,0.001953,0.000000,-0.003906
12152367,BNO_GYRO_UC,1192,-3200,0,0.017578,-0.369141,-0.017578,0.001953,0.000000,-0.003906
12163011,BNO_GYRO_UC,1193,-3400,0,0.000000,-0.357422,-0.011719,0.001953,0.000000,-0.003906
12173391,BNO_GYRO_UC,1194,-3600,0,0.005859,-0.337891,-0.007812,0.001953,0.000000,-0.003906
12182559,BNO_GYRO_UC,1195,-3200,0,0.001953,-0.328125,-0.003906,0.001953,0.000000,-0.003906
12192452,BNO_GYRO_UC,1196,-3100,0,0.001953,-0.326172,-0.003906,0.001953,0.000000,-0.003906
12203294,BNO_GYRO_UC,1197,-3800,0,-0.005859,-0.322266,-0.005859,0.001953,0.000000,-0.003906
12212784,BNO_GYRO_UC,1198,-2900,0,-0.011719,-0.326172,-0.005859,0.001953,0.000000,-0.003906
12222245,BNO_GYRO_UC,1199,-3100,0,-0.009766,-0.339844,-0.017578,0.001953,0.000000,-0.003906
12233009,BNO_GYRO_UC,1200,-3200,0,-0.005859,-0.343750,-0.021484,0.001953,0.000000,-0.003906
12243570,BNO_GYRO_UC,1201,-3400,0,0.000000,-0.351562,-0.021484,0.001953,0.000000,-0.003906
12253128,BNO_GYRO_UC,1202,-3100,0,0.005859,-0.339844,-0.013672,0.001953,0.000000,-0.003906
12262852,BNO_GYRO_UC,1203,-3200,0,0.005859,-0.314453,-0.007812,0.001953,0.000000,-0.003906
12272482,BNO_GYRO_UC,1204,-3100,0,0.001953,-0.283203,-0.003906,0.001953,0.000000,-0.003906
12282840,BNO_GYRO_UC,1205,-3400,0,0.015625,-0.271484,-0.009766,0.001953,0.000000,-0.003906
12293028,BNO_GYRO_UC,1206,-3100,0,0.027344,-0.259766,-0.013672,0.001953,0.000000,-0.003906
12301917,BNO_GYRO_UC,1207,-2500,0,0.029297,-0.240234,-0.011719,0.001953,0.000000,-0.003906
12312654,BNO_GYRO_UC,1208,-3200,0,0.015625,-0.203125,-0.003906,0.001953,0.000000,-0.003906
12323008,BNO_GYRO_UC,1209,-3400,0,0.005859,-0.175781,0.001953,0.001953,0.000000,-0.003906
12333064,BNO_GYRO_UC,1210,-3200,0,0.000000,-0.152344,0.005859,0.001953,0.000000,-0.003906
12342208,BNO_GYRO_UC,1211,-2700,0,0.007812,-0.144531,0.000000,0.001953,0.000000,-0.003906
12353098,BNO_GYRO_UC,1212,-3200,0,0.023438,-0.167969,-0.007812,0.001953,0.000000,-0.003906
12362771,BNO_GYRO_UC,1213,-3100,0,0.037109,-0.195312,-0.011719,0.001953,0.000000,-0.003906
12373194,BNO_GYRO_UC,1214,-3200,0,0.042969,-0.224609,-0.011719,0.001953,0.000000,-0.003906
12382105,BNO_GYRO_UC,1215,-2500,0,0.031250,-0.236328,-0.007812,0.001953,0.000000,-0.003906
12393098,BNO_GYRO_UC,1216,-3200,0,0.021484,-0.222656,-0.003906,0.001953,0.000000,-0.003906
12402802,BNO_GYRO_UC,1217,-3200,0,0.021484,-0.216797,-0.007812,0.001953,0.000000,-0.003906
12413251,BNO_GYRO_UC,1218,-3200,0,0.011719,-0.246094,-0.015625,0.001953,0.000000,-0.003906
12422415,BNO_GYRO_UC,1219,-2700,0,-0.007812,-0.273438,-0.013672,0.001953,0.000000,-0.003906
12433344,BNO_GYRO_UC,1220,-3100,0,-0.015625,-0.314453,-0.007812,0.001953,0.000000,-0.003906
12442762,BNO_GYRO_UC,1221,-3100,0,-0.017578,-0.333984,-0.005859,0.001953,0.000000,-0.003906
12453516,BNO_GYRO_UC,1222,-3400,0,-0.017578,-0.343750,-0.009766,0.001953,0.000000,-0.003906
12462490,BNO_GYRO_UC,1223,-2700,0,-0.013672,-0.369141,-0.017578,0.001953,0.000000,-0.003906
12473355,BNO_GYRO_UC,1224,-3200,0,0.001953,-0.416016,-0.027344,0.001953,0.000000,-0.003906
12482982,BNO_GYRO_UC,1225,-3100,0,0.003906,-0.445312,-0.033203,0.001953,0.000000,-0.003906
12493468,BNO_GYRO_UC,1226,-3200,0,0.003906,-0.470703,-0.033203,0.001953,0.000000,-0.003906
12502410,BNO_GYRO_UC,1227,-2500,0,-0.003906,-0.513672,-0.023438,0.001953,0.000000,-0.003906
12513390,BNO_GYRO_UC,1228,-3200,0,0.007812,-0.542969,-0.027344,0.001953,0.000000,-0.003906
12522978,BNO_GYRO_UC,1229,-3100,0,-0.001953,-0.513672,-0.021484,0.001953,0.000000,-0.003906
12533555,BNO_GYRO_UC,1230,-3200,0,-0.009766,-0.507812,-0.005859,0.001953,0.000000,-0.003906
12542741,BNO_GYRO_UC,1231,-2700,0,-0.017578,-0.500000,0.003906,0.001953,0.000000,-0.003906
12553737,BNO_GYRO_UC,1232,-3200,0,-0.017578,-0.488281,0.007812,0.001953,0.000000,-0.003906
12563048,BNO_GYRO_UC,1233,-3100,0,-0.019531,-0.419922,0.007812,0.001953,0.000000,-0.003906
12574137,BNO_GYRO_UC,1234,-3400,0,-0.015625,-0.333984,-0.001953,0.001953,0.000000,-0.003906
12583553,BNO_GYRO_UC,1235,-3200,0,-0.015625,-0.281250,-0.003906,0.001953,0.000000,-0.003906
12593150,BNO_GYRO_UC,1236,-3200,0,-0.019531,-0.244141,0.003906,0.001953,0.000000,-0.003906
12603486,BNO_GYRO_UC,1237,-3200,0,-0.003906,-0.230469,0.000000,0.001953,0.000000,-0.003906
12613726,BNO_GYRO_UC,1238,-2900,0,0.013672,-0.218750,-0.005859,0.001953,0.000000,-0.003906
12622761,BNO_GYRO_UC,1239,-2700,0,0.015625,-0.185547,-0.005859,0.001953,0.000000,-0.003906
12633890,BNO_GYRO_UC,1240,-3200,0,0.021484,-0.152344,-0.009766,0.001953,0.000000,-0.003906
12643331,BNO_GYRO_UC,1241,-3100,0,0.005859,-0.132812,-0.009766,0.001953,0.000000,-0.003906
12653849,BNO_GYRO_UC,1242,-3200,0,0.001953,-0.134766,-0.015625,0.001953,0.000000,-0.003906
12663423,BNO_GYRO_UC,1243,-3200,0,0.000000,-0.140625,-0.009766,0.001953,0.000000,-0.003906
12673363,BNO_GYRO_UC,1244,-3100,0,0.005859,-0.140625,-0.011719,0.001953,0.000000,-0.003906
12683864,BNO_GYRO_UC,1245,-3200,0,0.015625,-0.160156,-0.015625,0.001953,0.000000,-0.003906
12694169,BNO_GYRO_UC,1246,-3200,0,0.011719,-0.175781,-0.017578,0.001953,0.000000,-0.003906
12703075,BNO_GYRO_UC,1247,-2900,0,-0.009766,-0.183594,-0.009766,0.001953,0.000000,-0.003906
12714253,BNO_GYRO_UC,1248,-3200,0,-0.007812,-0.173828,-0.007812,0.001953,0.000000,-0.003906
12723594,BNO_GYRO_UC,1249,-3100,0,0.015625,-0.164062,-0.019531,0.001953,0.000000,-0.003906
12734001,BNO_GYRO_UC,1250,-3200,0,0.025391,-0.132812,-0.021484,0.001953,0.000000,-0.003906
12744224,BNO_GYRO_UC,1251,-3200,0,0.019531,-0.085938,-0.015625,0.001953,0.000000,-0.003906
12753340,BNO_GYRO_UC,1252,-2900,0,0.007812,-0.052734,-0.005859,0.001953,0.000000,-0.003906
12764190,BNO_GYRO_UC,1253,-3200,0,0.001953,-0.033203,-0.005859,0.001953,0.000000,-0.003906
12774035,BNO_GYRO_UC,1254,-2500,0,0.015625,-0.031250,-0.013672,0.001953,0.000000,-0.003906
12784148,BNO_GYRO_UC,1255,-3200,0,0.027344,-0.025391,-0.009766,0.001953,0.000000,-0.003906
12793662,BNO_GYRO_UC,1256,-3100,0,0.021484,-0.025391,-0.013672,0.001953,0.000000,-0.003906
12804063,BNO_GYRO_UC,1257,-3100,0,0.005859,-0.013672,-0.009766,0.001953,0.000000,-0.003906
12814196,BNO_GYRO_UC,1258,-2700,0,-0.003906,-0.009766,-0.007812,0.001953,0.000000,-0.003906
12824410,BNO_GYRO_UC,1259,-3200,0,-0.009766,-0.019531,-0.009766,0.001953,0.000000,-0.003906
12833822,BNO_GYRO_UC,1260,-3200,0,-0.013672,-0.017578,-0.005859,0.001953,0.000000,-0.003906
12844437,BNO_GYRO_UC,1261,-3200,0,-0.011719,-0.017578,-0.001953,0.001953,0.000000,-0.003906
12854243,BNO_GYRO_UC,1262,-2700,0,-0.005859,-0.005859,-0.007812,0.001953,0.000000,-0.003906
12864468,BNO_GYRO_UC,1263,-3200,0,0.005859,-0.001953,-0.015625,0.001953,0.000000,-0.003906
12873877,BNO_GYRO_UC,1264,-3100,0,0.015625,0.001953,-0.021484,0.001953,0.000000,-0.003906
12884298,BNO_GYRO_UC,1265,-3200,0,0.019531,0.019531,-0.023438,0.001953,0.000000,-0.003906
12894401,BNO_GYRO_UC,1266,-2700,0,0.025391,0.035156,-0.023438,0.001953,0.000000,-0.003906
12904592,BNO_GYRO_UC,1267,-3200,0,0.031250,0.037109,-0.021484,0.001953,0.000000,-0.003906
12913807,BNO_GYRO_UC,1268,-3200,0,0.029297,0.039062,-0.019531,0.001953,0.000000,-0.003906
12924567,BNO_GYRO_UC,1269,-3100,0,0.037109,0.035156,-0.027344,0.001953,0.000000,-0.003906
12934549,BNO_GYRO_UC,1270,-2700,0,0.025391,0.031250,-0.025391,0.001953,0.000000,-0.003906
12944684,BNO_GYRO_UC,1271,-3200,0,0.021484,0.025391,-0.019531,0.001953,0.000000,-0.003906
12953945,BNO_GYRO_UC,1272,-3100,0,0.015625,0.027344,-0.019531,0.001953,0.000000,-0.003906
12964617,BNO_GYRO_UC,1273,-3200,0,0.005859,0.023438,-0.017578,0.001953,0.000000,-0.003906
12975227,BNO_GYRO_UC,1274,-3400,0,-0.001953,0.021484,-0.009766,0.001953,0.000000,-0.003906
12984691,BNO_GYRO_UC,1275,-3600,0,0.001953,0.013672,-0.013672,0.001953,0.000000,-0.003906
12994098,BNO_GYRO_UC,1276,-3100,0,0.025391,0.007812,-0.025391,0.001953,0.000000,-0.003906
13004756,BNO_GYRO_UC,1277,-3200,0,0.025391,0.027344,-0.025391,0.001953,0.000000,-0.003906
13015242,BNO_GYRO_UC,1278,-3200,0,0.009766,0.019531,-0.017578,0.001953,0.000000,-0.003906
13024666,BNO_GYRO_UC,1279,-3400,0,-0.001953,0.017578,-0.009766,0.001953,0.000000,-0.003906
13034161,BNO_GYRO_UC,1280,-3200,0,-0.009766,0.021484,-0.001953,0.001953,0.000000,-0.003906
13044831,BNO_GYRO_UC,1281,-3200,0,-0.029297,0.035156,0.009766,0.001953,0.000000,-0.003906
13055150,BNO_GYRO_UC,1282,-2900,0,-0.025391,0.048828,0.011719,0.001953,0.000000,-0.003906
13064609,BNO_GYRO_UC,1283,-3200,0,-0.009766,0.052734,0.011719,0.001953,0.000000,-0.003906
13074433,BNO_GYRO_UC,1284,-3400,0,0.009766,0.039062,0.001953,0.001953,0.000000,-0.003906
13085339,BNO_GYRO_UC,1285,-3400,0,0.015625,0.037109,-0.003906,0.001953,0.000000,-0.003906
13095334,BNO_GYRO_UC,1286,-3100,0,0.009766,0.048828,-0.003906,0.001953,0.000000,-0.003906
13104933,BNO_GYRO_UC,1287,-3400,0,0.021484,0.050781,-0.013672,0.001953,0.000000,-0.003906
13114635,BNO_GYRO_UC,1288,-3200,0,0.007812,0.050781,-0.007812,0.001953,0.000000,-0.003906
13124574,BNO_GYRO_UC,1289,-3200,0,0.005859,0.042969,-0.005859,0.001953,0.000000,-0.003906
13135359,BNO_GYRO_UC,1290,-3600,0,0.005859,0.041016,-0.007812,0.001953,0.000000,-0.003906
13145068,BNO_GYRO_UC,1291,-3200,0,-0.001953,0.039062,-0.005859,0.001953,0.000000,-0.003906
13154922,BNO_GYRO_UC,1292,-3200,0,0.001953,0.027344,-0.005859,0.001953,0.000000,-0.003906
13164605,BNO_GYRO_UC,1293,-3200,0,-0.001953,0.009766,-0.005859,0.001953,0.000000,-0.003906
13175437,BNO_GYRO_UC,1294,-3800,0,-0.001953,0.009766,0.003906,0.001953,0.000000,-0.003906
13185063,BNO_GYRO_UC,1295,-3200,0,0.009766,0.007812,-0.001953,0.001953,0.000000,-0.003906
13194696,BNO_GYRO_UC,1296,-3200,0,0.019531,0.013672,-0.003906,0.001953,0.000000,-0.003906
13204720,BNO_GYRO_UC,1297,-3400,0,0.013672,0.033203,0.003906,0.001953,0.000000,-0.003906
13214998,BNO_GYRO_UC,1298,-3600,0,0.005859,0.054688,0.001953,0.001953,0.000000,-0.003906
13225805,BNO_GYRO_UC,1299,-3800,0,0.013672,0.052734,-0.007812,0.001953,0.000000,-0.003906
13235395,BNO_GYRO_UC,1300,-3200,0,0.025391,0.042969,-0.009766,0.001953,0.000000,-0.003906
13244789,BNO_GYRO_UC,1301,-3200,0,0.013672,0.037109,-0.003906,0.001953,0.000000,-0.003906
13255184,BNO_GYRO_UC,1302,-3600,0,0.005859,0.021484,-0.009766,0.001953,0.000000,-0.003906
13265699,BNO_GYRO_UC,1303,-3800,0,0.005859,0.015625,-0.003906,0.001953,0.000000,-0.003906
13274858,BNO_GYRO_UC,1304,-3200,0,-0.003906,0.005859,-0.005859,0.001953,0.000000,-0.003906
13284946,BNO_GYRO_UC,1305,-3400,0,-0.015625,0.003906,-0.001953,0.001953,0.000000,-0.003906
13295175,BNO_GYRO_UC,1306,-3600,0,-0.019531,0.000000,0.001953,0.001953,0.000000,-0.003906
13305176,BNO_GYRO_UC,1307,-3200,0,-0.015625,0.003906,0.001953,0.001953,0.000000,-0.003906
13314272,BNO_GYRO_UC,1308,-2700,0,-0.013672,0.000000,0.003906,0.001953,0.000000,-0.003906
13325330,BNO_GYRO_UC,1309,-3400,0,-0.009766,0.001953,0.009766,0.001953,0.000000,-0.003906
13335819,BNO_GYRO_UC,1310,-3800,0,-0.015625,0.003906,0.009766,0.001953,0.000000,-0.003906
13345498,BNO_GYRO_UC,1311,-2900,0,-0.015625,0.013672,0.011719,0.001953,0.000000,-0.003906
13354991,BNO_GYRO_UC,1312,-3100,0,0.005859,0.029297,0.001953,0.001953,0.000000,-0.003906
13364998,BNO_GYRO_UC,1313,-3200,0,0.013672,0.042969,-0.003906,0.001953,0.000000,-0.003906
13375407,BNO_GYRO_UC,1314,-3800,0,0.019531,0.042969,-0.009766,0.001953,0.000000,-0.003906
13385874,BNO_GYRO_UC,1315,-3600,0,0.019531,0.041016,-0.011719,0.001953,0.000000,-0.003906
13395057,BNO_GYRO_UC,1316,-3400,0,0.009766,0.035156,-0.013672,0.001953,0.000000,-0.003906
13405010,BNO_GYRO_UC,1317,-3200,0,0.009766,0.013672,-0.015625,0.001953,0.000000,-0.003906
13415112,BNO_GYRO_UC,1318,-3400,0,0.009766,-0.001953,-0.015625,0.001953,0.000000,-0.003906
13425479,BNO_GYRO_UC,1319,-3400,0,0.001953,-0.003906,-0.005859,0.001953,0.000000,-0.003906
13434434,BNO_GYRO_UC,1320,-2700,0,-0.007812,-0.007812,-0.005859,0.001953,0.000000,-0.003906
13445740,BNO_GYRO_UC,1321,-3400,0,-0.003906,-0.013672,-0.001953,0.001953,0.000000,-0.003906
13455309,BNO_GYRO_UC,1322,-3400,0,-0.005859,-0.009766,0.000000,0.001953,0.000000,-0.003906
13465580,BNO_GYRO_UC,1323,-3400,0,-0.001953,-0.011719,-0.001953,0.001953,0.000000,-0.003906
13475213,BNO_GYRO_UC,1324,-3200,0,-0.003906,0.003906,0.005859,0.001953,0.000000,-0.003906
13485274,BNO_GYRO_UC,1325,-3200,0,0.000000,0.021484,-0.001953,0.001953,0.000000,-0.003906
13495229,BNO_GYRO_UC,1326,-3400,0,0.001953,0.042969,0.000000,0.001953,0.000000,-0.003906
13506007,BNO_GYRO_UC,1327,-3600,0,-0.003906,0.070312,0.003906,0.001953,0.000000,-0.003906
13515550,BNO_GYRO_UC,1328,-3600,0,-0.001953,0.089844,0.003906,0.001953,0.000000,-0.003906
13525289,BNO_GYRO_UC,1329,-3200,0,0.013672,0.103516,-0.005859,0.001953,0.000000,-0.003906
13535501,BNO_GYRO_UC,1330,-3400,0,0.017578,0.103516,-0.009766,0.001953,0.000000,-0.003906
13545841,BNO_GYRO_UC,1331,-3400,0,0.027344,0.089844,-0.021484,0.001953,0.000000,-0.003906
13555260,BNO_GYRO_UC,1332,-3100,0,0.031250,0.080078,-0.019531,0.001953,0.000000,-0.003906
13565503,BNO_GYRO_UC,1333,-3400,0,0.021484,0.078125,-0.015625,0.001953,0.000000,-0.003906
13575640,BNO_GYRO_UC,1334,-3400,0,0.019531,0.072266,-0.015625,0.001953,0.000000,-0.003906
13586399,BNO_GYRO_UC,1335,-3800,0,0.013672,0.078125,-0.007812,0.001953,0.000000,-0.003906
13596008,BNO_GYRO_UC,1336,-3600,0,0.005859,0.076172,-0.007812,0.001953,0.000000,-0.003906
13605993,BNO_GYRO_UC,1337,-3400,0,0.005859,0.076172,-0.005859,0.001953,0.000000,-0.003906
13615569,BNO_GYRO_UC,1338,-3400,0,0.001953,0.083984,-0.001953,0.001953,0.000000,-0.003906
13625917,BNO_GYRO_UC,1339,-3400,0,-0.001953,0.089844,0.003906,0.001953,0.000000,-0.003906
13635937,BNO_GYRO_UC,1340,-3200,0,-0.003906,0.087891,0.005859,0.001953,0.000000,-0.003906
13645707,BNO_GYRO_UC,1341,-3400,0,-0.015625,0.101562,0.005859,0.001953,0.000000,-0.003906
13655683,BNO_GYRO_UC,1342,-3200,0,-0.019531,0.113281,0.009766,0.001953,0.000000,-0.003906
13666049,BNO_GYRO_UC,1343,-3400,0,-0.015625,0.130859,0.007812,0.001953,0.000000,-0.003906
13675784,BNO_GYRO_UC,1344,-3400,0,0.005859,0.148438,0.003906,0.001953,0.000000,-0.003906
13685573,BNO_GYRO_UC,1345,-3400,0,0.013672,0.152344,-0.001953,0.001953,0.000000,-0.003906
13696072,BNO_GYRO_UC,1346,-3400,0,0.009766,0.164062,-0.001953,0.001953,0.000000,-0.003906
13706296,BNO_GYRO_UC,1347,-3100,0,0.007812,0.175781,-0.001953,0.001953,0.000000,-0.003906
13715499,BNO_GYRO_UC,1348,-3200,0,0.003906,0.191406,0.007812,0.001953,0.000000,-0.003906
13725714,BNO_GYRO_UC,1349,-3200,0,-0.001953,0.205078,0.007812,0.001953,0.000000,-0.003906
13736019,BNO_GYRO_UC,1350,-3200,0,0.001953,0.210938,0.005859,0.001953,0.000000,-0.003906
13746120,BNO_GYRO_UC,1351,-2900,0,0.009766,0.195312,0.003906,0.001953,0.000000,-0.003906
13756311,BNO_GYRO_UC,1352,-3200,0,0.011719,0.185547,0.005859,0.001953,0.000000,-0.003906
13765749,BNO_GYRO_UC,1353,-3200,0,0.021484,0.181641,-0.005859,0.001953,0.000000,-0.003906
13776401,BNO_GYRO_UC,1354,-3200,0,0.015625,0.187500,0.000000,0.001953,0.000000,-0.003906
13786179,BNO_GYRO_UC,1355,-2700,0,0.005859,0.189453,0.001953,0.001953,0.000000,-0.003906
13796322,BNO_GYRO_UC,1356,-3400,0,0.000000,0.191406,0.007812,0.001953,0.000000,-0.003906
13805754,BNO_GYRO_UC,1357,-3100,0,0.001953,0.216797,0.005859,0.001953,0.000000,-0.003906
13816393,BNO_GYRO_UC,1358,-3200,0,0.017578,0.222656,0.003906,0.001953,0.000000,-0.003906
13826260,BNO_GYRO_UC,1359,-2700,0,0.021484,0.218750,0.001953,0.001953,0.000000,-0.003906
13836506,BNO_GYRO_UC,1360,-3400,0,0.009766,0.220703,0.003906,0.001953,0.000000,-0.003906
13845775,BNO_GYRO_UC,1361,-3100,0,0.011719,0.218750,-0.003906,0.001953,0.000000,-0.003906
13856532,BNO_GYRO_UC,1362,-3200,0,0.009766,0.232422,-0.001953,0.001953,0.000000,-0.003906
13866358,BNO_GYRO_UC,1363,-2700,0,0.003906,0.248047,0.003906,0.001953,0.000000,-0.003906
13876474,BNO_GYRO_UC,1364,-3200,0,0.007812,0.257812,0.000000,0.001953,0.000000,-0.003906
13885906,BNO_GYRO_UC,1365,-3100,0,0.011719,0.253906,0.000000,0.001953,0.000000,-0.003906
13896459,BNO_GYRO_UC,1366,-3100,0,0.007812,0.250000,-0.005859,0.001953,0.000000,-0.003906
13907095,BNO_GYRO_UC,1367,-3400,0,0.019531,0.246094,-0.013672,0.001953,0.000000,-0.003906
13916599,BNO_GYRO_UC,1368,-3400,0,0.017578,0.257812,-0.007812,0.001953,0.000000,-0.003906
13926312,BNO_GYRO_UC,1369,-3100,0,0.009766,0.279297,-0.001953,0.001953,0.000000,-0.003906
13936020,BNO_GYRO_UC,1370,-3100,0,0.007812,0.310547,-0.007812,0.001953,0.000000,-0.003906
13946691,BNO_GYRO_UC,1371,-3400,0,0.017578,0.345703,-0.009766,0.001953,0.000000,-0.003906
13956419,BNO_GYRO_UC,1372,-2900,0,0.017578,0.355469,-0.007812,0.001953,0.000000,-0.003906
13966096,BNO_GYRO_UC,1373,-3200,0,0.015625,0.359375,-0.005859,0.001953,0.000000,-0.003906
13976962,BNO_GYRO_UC,1374,-3200,0,0.007812,0.375000,-0.003906,0.001953,0.000000,-0.003906
13986727,BNO_GYRO_UC,1375,-2700,0,-0.013672,0.386719,0.001953,0.001953,0.000000,-0.003906
13996962,BNO_GYRO_UC,1376,-3200,0,-0.001953,0.386719,-0.005859,0.001953,0.000000,-0.003906
14006291,BNO_GYRO_UC,1377,-3100,0,0.005859,0.392578,-0.005859,0.001953,0.000000,-0.003906
14016118,BNO_GYRO_UC,1378,-3200,0,0.007812,0.400391,0.000000,0.001953,0.000000,-0.003906
14026470,BNO_GYRO_UC,1379,-3400,0,0.021484,0.400391,-0.005859,0.001953,0.000000,-0.003906
14036593,BNO_GYRO_UC,1380,-3200,0,0.009766,0.404297,-0.003906,0.001953,0.000000,-0.003906
14046201,BNO_GYRO_UC,1381,-3100,0,0.003906,0.406250,-0.005859,0.001953,0.000000,-0.003906
14057025,BNO_GYRO_UC,1382,-3200,0,0.013672,0.417969,-0.009766,0.001953,0.000000,-0.003906
14067504,BNO_GYRO_UC,1383,-3200,0,0.021484,0.431641,-0.011719,0.001953,0.000000,-0.003906
14076957,BNO_GYRO_UC,1384,-3100,0,0.007812,0.445312,-0.011719,0.001953,0.000000,-0.003906
14086652,BNO_GYRO_UC,1385,-3200,0,0.001953,0.451172,-0.005859,0.001953,0.000000,-0.003906
14096351,BNO_GYRO_UC,1386,-3200,0,0.015625,0.451172,-0.007812,0.001953,0.000000,-0.003906
14106733,BNO_GYRO_UC,1387,-3400,0,0.009766,0.470703,-0.005859,0.001953,0.000000,-0.003906
14117071,BNO_GYRO_UC,1388,-3400,0,0.007812,0.443359,0.001953,0.001953,0.000000,-0.003906
14126477,BNO_GYRO_UC,1389,-3100,0,0.013672,0.435547,0.007812,0.001953,0.000000,-0.003906
14136514,BNO_GYRO_UC,1390,-3200,0,0.009766,0.441406,0.007812,0.001953,0.000000,-0.003906
14146820,BNO_GYRO_UC,1391,-3400,0,0.009766,0.425781,0.000000,0.001953,0.000000,-0.003906
14157124,BNO_GYRO_UC,1392,-3400,0,0.015625,0.417969,0.000000,0.001953,0.000000,-0.003906
14166351,BNO_GYRO_UC,1393,-3100,0,0.025391,0.419922,-0.005859,0.001953,0.000000,-0.003906
14177042,BNO_GYRO_UC,1394,-3200,0,0.023438,0.394531,-0.003906,0.001953,0.000000,-0.003906
14187702,BNO_GYRO_UC,1395,-3400,0,0.027344,0.335938,-0.009766,0.001953,0.000000,-0.003906
14197147,BNO_GYRO_UC,1396,-2700,0,0.011719,0.322266,0.001953,0.001953,0.000000,-0.003906
14206097,BNO_GYRO_UC,1397,-2700,0,-0.001953,0.328125,0.009766,0.001953,0.000000,-0.003906
14216895,BNO_GYRO_UC,1398,-3200,0,-0.001953,0.339844,0.005859,0.001953,0.000000,-0.003906
14226712,BNO_GYRO_UC,1399,-3200,0,-0.001953,0.345703,0.009766,0.001953,0.000000,-0.003906
14237039,BNO_GYRO_UC,1400,-3200,0,0.001953,0.349609,0.007812,0.001953,0.000000,-0.003906
14246187,BNO_GYRO_UC,1401,-2700,0,0.001953,0.326172,0.005859,0.001953,0.000000,-0.003906
14257097,BNO_GYRO_UC,1402,-3200,0,0.013672,0.314453,-0.001953,0.001953,0.000000,-0.003906
14266714,BNO_GYRO_UC,1403,-3100,0,0.015625,0.312500,-0.005859,0.001953,0.000000,-0.003906
14277184,BNO_GYRO_UC,1404,-3200,0,0.013672,0.310547,-0.003906,0.001953,0.000000,-0.003906
14286334,BNO_GYRO_UC,1405,-2700,0,0.029297,0.302734,-0.009766,0.001953,0.000000,-0.003906
14297248,BNO_GYRO_UC,1406,-3200,0,0.039062,0.304688,-0.009766,0.001953,0.000000,-0.003906
14306667,BNO_GYRO_UC,1407,-3100,0,0.019531,0.304688,-0.003906,0.001953,0.000000,-0.003906
14317287,BNO_GYRO_UC,1408,-3200,0,0.021484,0.314453,-0.001953,0.001953,0.000000,-0.003906
14326288,BNO_GYRO_UC,1409,-2500,0,0.029297,0.333984,-0.007812,0.001953,0.000000,-0.003906
14337372,BNO_GYRO_UC,1410,-3200,0,0.025391,0.322266,-0.005859,0.001953,0.000000,-0.003906
14346925,BNO_GYRO_UC,1411,-3100,0,0.009766,0.314453,0.003906,0.001953,0.000000,-0.003906
14357296,BNO_GYRO_UC,1412,-3100,0,0.021484,0.302734,0.001953,0.001953,0.000000,-0.003906
14366432,BNO_GYRO_UC,1413,-2700,0,0.015625,0.296875,-0.001953,0.001953,0.000000,-0.003906
14377519,BNO_GYRO_UC,1414,-3200,0,0.011719,0.302734,0.000000,0.001953,0.000000,-0.003906
14387037,BNO_GYRO_UC,1415,-3100,0,0.025391,0.326172,-0.005859,0.001953,0.000000,-0.003906
14397309,BNO_GYRO_UC,1416,-3200,0,0.039062,0.357422,-0.007812,0.001953,0.000000,-0.003906
14406320,BNO_GYRO_UC,1417,-2500,0,0.042969,0.394531,-0.007812,0.001953,0.000000,-0.003906
14417391,BNO_GYRO_UC,1418,-3200,0,0.035156,0.402344,-0.001953,0.001953,0.000000,-0.003906
14427865,BNO_GYRO_UC,1419,-3600,0,0.007812,0.382812,0.003906,0.001953,0.000000,-0.003906
14437637,BNO_GYRO_UC,1420,-2700,0,-0.003906,0.355469,0.001953,0.001953,0.000000,-0.003906
14446664,BNO_GYRO_UC,1421,-2700,0,-0.007812,0.330078,0.001953,0.001953,0.000000,-0.003906
14457840,BNO_GYRO_UC,1422,-3100,0,-0.013672,0.298828,-0.001953,0.001953,0.000000,-0.003906
14467230,BNO_GYRO_UC,1423,-3100,0,-0.017578,0.287109,0.001953,0.001953,0.000000,-0.003906
14477620,BNO_GYRO_UC,1424,-3200,0,-0.025391,0.291016,0.005859,0.001953,0.000000,-0.003906
14487260,BNO_GYRO_UC,1425,-3200,0,-0.019531,0.281250,0.001953,0.001953,0.000000,-0.003906
14497310,BNO_GYRO_UC,1426,-3200,0,-0.007812,0.269531,-0.001953,0.001953,0.000000,-0.003906
14507269,BNO_GYRO_UC,1427,-3200,0,0.003906,0.265625,-0.009766,0.001953,0.000000,-0.003906
14517781,BNO_GYRO_UC,1428,-3200,0,0.019531,0.263672,-0.013672,0.001953,0.000000,-0.003906
14527756,BNO_GYRO_UC,1429,-3200,0,0.015625,0.255859,-0.013672,0.001953,0.000000,-0.003906
14537354,BNO_GYRO_UC,1430,-3100,0,0.005859,0.257812,-0.009766,0.001953,0.000000,-0.003906
14547932,BNO_GYRO_UC,1431,-3200,0,0.007812,0.248047,-0.007812,0.001953,0.000000,-0.003906
14557588,BNO_GYRO_UC,1432,-2500,0,0.007812,0.230469,-0.001953,0.001953,0.000000,-0.003906
14567702,BNO_GYRO_UC,1433,-3200,0,0.001953,0.232422,0.001953,0.001953,0.000000,-0.003906
14577129,BNO_GYRO_UC,1434,-2900,0,0.001953,0.246094,-0.005859,0.001953,0.000000,-0.003906
14587847,BNO_GYRO_UC,1435,-3200,0,-0.017578,0.251953,-0.005859,0.001953,0.000000,-0.003906
14597830,BNO_GYRO_UC,1436,-2900,0,-0.025391,0.250000,-0.005859,0.001953,0.000000,-0.003906
14608015,BNO_GYRO_UC,1437,-3400,0,-0.015625,0.261719,-0.005859,0.001953,0.000000,-0.003906
14617543,BNO_GYRO_UC,1438,-3200,0,-0.013672,0.269531,-0.005859,0.001953,0.000000,-0.003906
14628136,BNO_GYRO_UC,1439,-3200,0,-0.013672,0.255859,-0.005859,0.001953,0.000000,-0.003906
14637949,BNO_GYRO_UC,1440,-2500,0,-0.013672,0.287109,-0.001953,0.001953,0.000000,-0.003906
14648209,BNO_GYRO_UC,1441,-3200,0,0.000000,0.312500,-0.001953,0.001953,0.000000,-0.003906
14657607,BNO_GYRO_UC,1442,-3100,0,-0.007812,0.308594,0.003906,0.001953,0.000000,-0.003906
14668403,BNO_GYRO_UC,1443,-3200,0,0.001953,0.310547,0.007812,0.001953,0.000000,-0.003906
14678163,BNO_GYRO_UC,1444,-2700,0,-0.005859,0.302734,0.007812,0.001953,0.000000,-0.003906
14688026,BNO_GYRO_UC,1445,-3400,0,-0.025391,0.312500,0.007812,0.001953,0.000000,-0.003906
14697727,BNO_GYRO_UC,1446,-3100,0,0.005859,0.326172,0.000000,0.001953,0.000000,-0.003906
14708420,BNO_GYRO_UC,1447,-3200,0,0.027344,0.341797,-0.005859,0.001953,0.000000,-0.003906
14718247,BNO_GYRO_UC,1448,-2500,0,0.023438,0.363281,-0.015625,0.001953,0.000000,-0.003906
14728626,BNO_GYRO_UC,1449,-3200,0,0.013672,0.355469,-0.013672,0.001953,0.000000,-0.003906
14737640,BNO_GYRO_UC,1450,-3100,0,-0.005859,0.337891,-0.009766,0.001953,0.000000,-0.003906
14748357,BNO_GYRO_UC,1451,-3200,0,-0.021484,0.330078,-0.001953,0.001953,0.000000,-0.003906
14758902,BNO_GYRO_UC,1452,-3200,0,-0.009766,0.337891,-0.003906,0.001953,0.000000,-0.003906
14768407,BNO_GYRO_UC,1453,-3400,0,0.013672,0.322266,0.000000,0.001953,0.000000,-0.003906
14777942,BNO_GYRO_UC,1454,-3100,0,0.005859,0.312500,0.005859,0.001953,0.000000,-0.003906
14788517,BNO_GYRO_UC,1455,-3200,0,0.007812,0.310547,0.003906,0.001953,0.000000,-0.003906
14799081,BNO_GYRO_UC,1456,-3400,0,-0.007812,0.285156,0.003906,0.001953,0.000000,-0.003906
14808217,BNO_GYRO_UC,1457,-3200,0,-0.017578,0.267578,0.001953,0.001953,0.000000,-0.003906
14817825,BNO_GYRO_UC,1458,-3100,0,-0.005859,0.283203,-0.001953,0.001953,0.000000,-0.003906
14828678,BNO_GYRO_UC,1459,-3200,0,-0.009766,0.292969,0.001953,0.001953,0.000000,-0.003906
14839059,BNO_GYRO_UC,1460,-3100,0,-0.015625,0.287109,0.003906,0.001953,0.000000,-0.003906
14848476,BNO_GYRO_UC,1461,-3200,0,-0.009766,0.255859,0.005859,0.001953,0.000000,-0.003906
14858105,BNO_GYRO_UC,1462,-3100,0,-0.009766,0.238281,0.003906,0.001953,0.000000,-0.003906
14867929,BNO_GYRO_UC,1463,-3200,0,0.003906,0.199219,-0.001953,0.001953,0.000000,-0.003906
14878638,BNO_GYRO_UC,1464,-3200,0,0.039062,0.150391,-0.007812,0.001953,0.000000,-0.003906
14888926,BNO_GYRO_UC,1465,-3200,0,0.076172,0.109375,-0.013672,0.001953,0.000000,-0.003906
14898121,BNO_GYRO_UC,1466,-3100,0,0.087891,0.097656,-0.017578,0.001953,0.000000,-0.003906
14908104,BNO_GYRO_UC,1467,-3200,0,0.072266,0.125000,-0.017578,0.001953,0.000000,-0.003906
14918348,BNO_GYRO_UC,1468,-3400,0,0.068359,0.164062,-0.015625,0.001953,0.000000,-0.003906
14928800,BNO_GYRO_UC,1469,-3400,0,0.048828,0.189453,-0.005859,0.001953,0.000000,-0.003906
14938061,BNO_GYRO_UC,1470,-3200,0,0.017578,0.197266,0.001953,0.001953,0.000000,-0.003906
14948210,BNO_GYRO_UC,1471,-3200,0,0.015625,0.201172,0.000000,0.001953,0.000000,-0.003906
14959099,BNO_GYRO_UC,1472,-3600,0,-0.003906,0.205078,0.001953,0.001953,0.000000,-0.003906
14968511,BNO_GYRO_UC,1473,-2900,0,-0.013672,0.195312,0.001953,0.001953,0.000000,-0.003906
14978166,BNO_GYRO_UC,1474,-3100,0,-0.009766,0.191406,-0.003906,0.001953,0.000000,-0.003906
14989038,BNO_GYRO_UC,1475,-3400,0,-0.015625,0.189453,-0.003906,0.001953,0.000000,-0.003906
14999466,BNO_GYRO_UC,1476,-3200,0,-0.019531,0.199219,-0.003906,0.001953,0.000000,-0.003906
15009031,BNO_GYRO_UC,1477,-3100,0,-0.009766,0.193359,-0.005859,0.001953,0.000000,-0.003906
15018686,BNO_GYRO_UC,1478,-3200,0,-0.005859,0.197266,0.000000,0.001953,0.000000,-0.003906
15028200,BNO_GYRO_UC,1479,-3100,0,-0.005859,0.179688,0.001953,0.001953,0.000000,-0.003906
15038687,BNO_GYRO_UC,1480,-3400,0,-0.017578,0.152344,0.005859,0.001953,0.000000,-0.003906
15048786,BNO_GYRO_UC,1481,-3200,0,-0.009766,0.150391,0.005859,0.001953,0.000000,-0.003906
15058011,BNO_GYRO_UC,1482,-2900,0,-0.007812,0.150391,-0.001953,0.001953,0.000000,-0.003906
15068929,BNO_GYRO_UC,1483,-3200,0,0.003906,0.136719,-0.007812,0.001953,0.000000,-0.003906
15079528,BNO_GYRO_UC,1484,-3400,0,0.019531,0.121094,-0.007812,0.001953,0.000000,-0.003906
15089122,BNO_GYRO_UC,1485,-2700,0,0.013672,0.125000,-0.005859,0.001953,0.000000,-0.003906
15098961,BNO_GYRO_UC,1486,-3200,0,-0.001953,0.125000,-0.005859,0.001953,0.000000,-0.003906
15108414,BNO_GYRO_UC,1487,-3200,0,-0.011719,0.121094,-0.009766,0.001953,0.000000,-0.003906
15118479,BNO_GYRO_UC,1488,-3100,0,0.009766,0.117188,-0.013672,0.001953,0.000000,-0.003906
15128942,BNO_GYRO_UC,1489,-3200,0,0.005859,0.138672,-0.015625,0.001953,0.000000,-0.003906
15137991,BNO_GYRO_UC,1490,-2700,0,0.000000,0.158203,-0.009766,0.001953,0.000000,-0.003906
15148882,BNO_GYRO_UC,1491,-3200,0,0.005859,0.156250,-0.007812,0.001953,0.000000,-0.003906
15158440,BNO_GYRO_UC,1492,-3100,0,0.007812,0.152344,-0.005859,0.001953,0.000000,-0.003906
15169057,BNO_GYRO_UC,1493,-3200,0,0.003906,0.150391,0.005859,0.001953,0.000000,-0.003906
15178177,BNO_GYRO_UC,1494,-2700,0,0.025391,0.189453,0.005859,0.001953,0.000000,-0.003906
15189111,BNO_GYRO_UC,1495,-3100,0,0.041016,0.177734,0.001953,0.001953,0.000000,-0.003906
15198689,BNO_GYRO_UC,1496,-3100,0,0.037109,0.173828,-0.003906,0.001953,0.000000,-0.003906
15209154,BNO_GYRO_UC,1497,-3200,0,0.017578,0.187500,-0.005859,0.001953,0.000000,-0.003906
15218693,BNO_GYRO_UC,1498,-3200,0,0.009766,0.185547,-0.009766,0.001953,0.000000,-0.003906
15228971,BNO_GYRO_UC,1499,-3400,0,-0.015625,0.173828,-0.005859,0.001953,0.000000,-0.003906
15238919,BNO_GYRO_UC,1500,-3400,0,-0.023438,0.160156,-0.005859,0.001953,0.000000,-0.003906
15249311,BNO_GYRO_UC,1501,-3400,0,-0.027344,0.156250,-0.005859,0.001953,0.000000,-0.003906
15258820,BNO_GYRO_UC,1502,-3200,0,-0.007812,0.169922,-0.001953,0.001953,0.000000,-0.003906
15269070,BNO_GYRO_UC,1503,-3200,0,0.027344,0.179688,0.000000,0.001953,0.000000,-0.003906
15279053,BNO_GYRO_UC,1504,-3400,0,0.035156,0.183594,0.001953,0.001953,0.000000,-0.003906
15289489,BNO_GYRO_UC,1505,-3400,0,0.048828,0.193359,-0.005859,0.001953,0.000000,-0.003906
15298818,BNO_GYRO_UC,1506,-3100,0,0.046875,0.203125,-0.007812,0.001953,0.000000,-0.003906
15309129,BNO_GYRO_UC,1507,-3400,0,0.044922,0.199219,-0.009766,0.001953,0.000000,-0.003906
15319077,BNO_GYRO_UC,1508,-3200,0,0.042969,0.199219,-0.009766,0.001953,0.000000,-0.003906
15329990,BNO_GYRO_UC,1509,-3800,0,0.033203,0.205078,-0.007812,0.001953,0.000000,-0.003906
15339558,BNO_GYRO_UC,1510,-3600,0,0.013672,0.187500,-0.007812,0.001953,0.000000,-0.003906
15349442,BNO_GYRO_UC,1511,-3200,0,0.013672,0.195312,-0.001953,0.001953,0.000000,-0.003906
15359246,BNO_GYRO_UC,1512,-3200,0,0.013672,0.179688,-0.009766,0.001953,0.000000,-0.003906
15369552,BNO_GYRO_UC,1513,-3400,0,0.007812,0.158203,-0.005859,0.001953,0.000000,-0.003906
15379117,BNO_GYRO_UC,1514,-3200,0,0.019531,0.169922,-0.005859,0.001953,0.000000,-0.003906
15389336,BNO_GYRO_UC,1515,-3200,0,0.031250,0.167969,-0.009766,0.001953,0.000000,-0.003906
15399211,BNO_GYRO_UC,1516,-3200,0,0.027344,0.160156,-0.009766,0.001953,0.000000,-0.003906
15409715,BNO_GYRO_UC,1517,-3400,0,0.019531,0.146484,-0.013672,0.001953,0.000000,-0.003906
15419029,BNO_GYRO_UC,1518,-2900,0,0.009766,0.132812,-0.013672,0.001953,0.000000,-0.003906
15429228,BNO_GYRO_UC,1519,-3200,0,-0.003906,0.132812,-0.009766,0.001953,0.000000,-0.003906
15439156,BNO_GYRO_UC,1520,-3100,0,-0.011719,0.136719,-0.003906,0.001953,0.000000,-0.003906
15449596,BNO_GYRO_UC,1521,-3200,0,-0.025391,0.154297,0.001953,0.001953,0.000000,-0.003906
15459631,BNO_GYRO_UC,1522,-3200,0,-0.025391,0.181641,0.005859,0.001953,0.000000,-0.003906
15469245,BNO_GYRO_UC,1523,-3100,0,-0.007812,0.220703,0.003906,0.001953,0.000000,-0.003906
15479496,BNO_GYRO_UC,1524,-3200,0,0.021484,0.244141,-0.003906,0.001953,0.000000,-0.003906
15489774,BNO_GYRO_UC,1525,-2700,0,0.015625,0.255859,-0.005859,0.001953,0.000000,-0.003906
15499951,BNO_GYRO_UC,1526,-3200,0,0.009766,0.287109,-0.005859,0.001953,0.000000,-0.003906
15509166,BNO_GYRO_UC,1527,-3100,0,0.029297,0.312500,-0.005859,0.001953,0.000000,-0.003906
15519634,BNO_GYRO_UC,1528,-3100,0,0.033203,0.330078,-0.007812,0.001953,0.000000,-0.003906
15529795,BNO_GYRO_UC,1529,-2900,0,0.048828,0.332031,-0.005859,0.001953,0.000000,-0.003906
15539939,BNO_GYRO_UC,1530,-3400,0,0.044922,0.314453,-0.005859,0.001953,0.000000,-0.003906
15549458,BNO_GYRO_UC,1531,-3100,0,0.029297,0.292969,-0.003906,0.001953,0.000000,-0.003906
15560172,BNO_GYRO_UC,1532,-3200,0,0.011719,0.255859,0.000000,0.001953,0.000000,-0.003906
15569973,BNO_GYRO_UC,1533,-2500,0,0.007812,0.236328,-0.001953,0.001953,0.000000,-0.003906
15580183,BNO_GYRO_UC,1534,-3200,0,0.013672,0.246094,-0.001953,0.001953,0.000000,-0.003906
15589535,BNO_GYRO_UC,1535,-3200,0,0.005859,0.261719,-0.001953,0.001953,0.000000,-0.003906
15600347,BNO_GYRO_UC,1536,-3200,0,0.009766,0.240234,-0.003906,0.001953,0.000000,-0.003906
15610102,BNO_GYRO_UC,1537,-2700,0,-0.007812,0.220703,-0.003906,0.001953,0.000000,-0.003906
15620430,BNO_GYRO_UC,1538,-3200,0,-0.005859,0.214844,-0.001953,0.001953,0.000000,-0.003906
15629554,BNO_GYRO_UC,1539,-3100,0,0.009766,0.195312,0.000000,0.001953,0.000000,-0.003906
15640304,BNO_GYRO_UC,1540,-3200,0,0.009766,0.185547,0.003906,0.001953,0.000000,-0.003906
15650197,BNO_GYRO_UC,1541,-2500,0,0.003906,0.193359,0.000000,0.001953,0.000000,-0.003906
15660309,BNO_GYRO_UC,1542,-3200,0,-0.007812,0.191406,-0.001953,0.001953,0.000000,-0.003906
15669508,BNO_GYRO_UC,1543,-3100,0,-0.005859,0.195312,-0.001953,0.001953,0.000000,-0.003906
15680334,BNO_GYRO_UC,1544,-3200,0,0.003906,0.207031,0.001953,0.001953,0.000000,-0.003906
15690248,BNO_GYRO_UC,1545,-2700,0,0.025391,0.205078,-0.003906,0.001953,0.000000,-0.003906
15700429,BNO_GYRO_UC,1546,-3200,0,0.013672,0.197266,-0.011719,0.001953,0.000000,-0.003906
15709714,BNO_GYRO_UC,1547,-3100,0,-0.003906,0.179688,-0.015625,0.001953,0.000000,-0.003906
15720527,BNO_GYRO_UC,1548,-3200,0,-0.019531,0.169922,-0.015625,0.001953,0.000000,-0.003906
15730347,BNO_GYRO_UC,1549,-2700,0,-0.021484,0.169922,-0.007812,0.001953,0.000000,-0.003906
15740555,BNO_GYRO_UC,1550,-3200,0,0.003906,0.195312,0.000000,0.001953,0.000000,-0.003906
15749782,BNO_GYRO_UC,1551,-3200,0,-0.001953,0.230469,0.001953,0.001953,0.000000,-0.003906
15760462,BNO_GYRO_UC,1552,-3200,0,0.000000,0.236328,0.003906,0.001953,0.000000,-0.003906
15770975,BNO_GYRO_UC,1553,-3100,0,0.009766,0.222656,-0.001953,0.001953,0.000000,-0.003906
15780379,BNO_GYRO_UC,1554,-3200,0,0.013672,0.214844,-0.009766,0.001953,0.000000,-0.003906
15789757,BNO_GYRO_UC,1555,-3100,0,0.017578,0.189453,-0.017578,0.001953,0.000000,-0.003906
15800450,BNO_GYRO_UC,1556,-3100,0,0.033203,0.197266,-0.015625,0.001953,0.000000,-0.003906
15810964,BNO_GYRO_UC,1557,-3200,0,0.031250,0.207031,-0.015625,0.001953,0.000000,-0.003906
15820663,BNO_GYRO_UC,1558,-3200,0,0.011719,0.203125,-0.013672,0.001953,0.000000,-0.003906
15829837,BNO_GYRO_UC,1559,-2900,0,-0.001953,0.197266,-0.007812,0.001953,0.000000,-0.003906
15840724,BNO_GYRO_UC,1560,-3200,0,-0.001953,0.179688,-0.003906,0.001953,0.000000,-0.003906
15850773,BNO_GYRO_UC,1561,-2900,0,0.007812,0.169922,-0.001953,0.001953,0.000000,-0.003906
15860518,BNO_GYRO_UC,1562,-3100,0,0.005859,0.197266,0.000000,0.001953,0.000000,-0.003906
15870127,BNO_GYRO_UC,1563,-3200,0,0.052734,0.220703,-0.003906,0.001953,0.000000,-0.003906
15880101,BNO_GYRO_UC,1564,-3100,0,0.054688,0.251953,-0.009766,0.001953,0.000000,-0.003906
15890337,BNO_GYRO_UC,1565,-3400,0,0.044922,0.281250,-0.015625,0.001953,0.000000,-0.003906
15900465,BNO_GYRO_UC,1566,-3100,0,0.044922,0.312500,-0.009766,0.001953,0.000000,-0.003906
15909669,BNO_GYRO_UC,1567,-2700,0,0.027344,0.345703,-0.005859,0.001953,0.000000,-0.003906
15920206,BNO_GYRO_UC,1568,-3200,0,0.054688,0.371094,-0.007812,0.001953,0.000000,-0.003906
15930530,BNO_GYRO_UC,1569,-3400,0,0.042969,0.353516,0.001953,0.001953,0.000000,-0.003906
15940846,BNO_GYRO_UC,1570,-3400,0,0.037109,0.279297,0.017578,0.001953,0.000000,-0.003906
15950268,BNO_GYRO_UC,1571,-3200,0,0.009766,0.222656,0.001953,0.001953,0.000000,-0.003906
15960877,BNO_GYRO_UC,1572,-3100,0,-0.013672,0.167969,-0.005859,0.001953,0.000000,-0.003906
15971372,BNO_GYRO_UC,1573,-3100,0,-0.013672,0.113281,-0.013672,0.001953,0.000000,-0.003906
15980818,BNO_GYRO_UC,1574,-2700,0,-0.003906,0.091797,-0.013672,0.001953,0.000000,-0.003906
15989783,BNO_GYRO_UC,1575,-2700,0,0.001953,0.074219,-0.007812,0.001953,0.000000,-0.003906
16000548,BNO_GYRO_UC,1576,-3100,0,0.017578,0.050781,-0.013672,0.001953,0.000000,-0.003906
16010636,BNO_GYRO_UC,1577,-3400,0,0.021484,0.031250,-0.015625,0.001953,0.000000,-0.003906
16020629,BNO_GYRO_UC,1578,-3100,0,0.001953,0.005859,-0.015625,0.001953,0.000000,-0.003906
16030197,BNO_GYRO_UC,1579,-3100,0,0.001953,-0.013672,-0.009766,0.001953,0.000000,-0.003906
16040954,BNO_GYRO_UC,1580,-3200,0,-0.005859,-0.005859,-0.001953,0.001953,0.000000,-0.003906
16051440,BNO_GYRO_UC,1581,-3400,0,-0.017578,0.005859,0.005859,0.001953,0.000000,-0.003906
16060943,BNO_GYRO_UC,1582,-2700,0,-0.015625,0.029297,0.009766,0.001953,0.000000,-0.003906
16069881,BNO_GYRO_UC,1583,-2500,0,-0.003906,0.050781,0.015625,0.001953,0.000000,-0.003906
16080776,BNO_GYRO_UC,1584,-3200,0,0.007812,0.056641,0.007812,0.001953,0.000000,-0.003906
16090522,BNO_GYRO_UC,1585,-3100,0,0.007812,0.056641,0.003906,0.001953,0.000000,-0.003906
16101017,BNO_GYRO_UC,1586,-3200,0,-0.013672,0.054688,0.003906,0.001953,0.000000,-0.003906
16110723,BNO_GYRO_UC,1587,-3200,0,-0.019531,0.037109,0.005859,0.001953,0.000000,-0.003906
16120415,BNO_GYRO_UC,1588,-3100,0,0.011719,0.046875,0.007812,0.001953,0.000000,-0.003906
16130647,BNO_GYRO_UC,1589,-3200,0,-0.001953,0.060547,0.009766,0.001953,0.000000,-0.003906
16141104,BNO_GYRO_UC,1590,-3200,0,-0.015625,0.060547,0.017578,0.001953,0.000000,-0.003906
16150046,BNO_GYRO_UC,1591,-2500,0,-0.001953,0.074219,0.023438,0.001953,0.000000,-0.003906
16161070,BNO_GYRO_UC,1592,-3200,0,0.017578,0.076172,0.027344,0.001953,0.000000,-0.003906
16170596,BNO_GYRO_UC,1593,-3100,0,0.041016,0.060547,0.027344,0.001953,0.000000,-0.003906
16181383,BNO_GYRO_UC,1594,-3400,0,0.031250,0.062500,0.017578,0.001953,0.000000,-0.003906
16190784,BNO_GYRO_UC,1595,-3200,0,0.033203,0.066406,0.015625,0.001953,0.000000,-0.003906
16200761,BNO_GYRO_UC,1596,-3100,0,0.017578,0.072266,0.013672,0.001953,0.000000,-0.003906
16210704,BNO_GYRO_UC,1597,-3200,0,0.013672,0.076172,0.019531,0.001953,0.000000,-0.003906
16221233,BNO_GYRO_UC,1598,-3200,0,-0.017578,0.083984,0.019531,0.001953,0.000000,-0.003906
16230136,BNO_GYRO_UC,1599,-2700,0,-0.039062,0.080078,0.023438,0.001953,0.000000,-0.003906
16241388,BNO_GYRO_UC,1600,-3200,0,-0.003906,0.082031,0.021484,0.001953,0.000000,-0.003906
16250788,BNO_GYRO_UC,1601,-3100,0,0.009766,0.105469,0.025391,0.001953,0.000000,-0.003906
16261628,BNO_GYRO_UC,1602,-3400,0,0.007812,0.111328,0.017578,0.001953,0.000000,-0.003906
16270885,BNO_GYRO_UC,1603,-3100,0,0.005859,0.091797,0.015625,0.001953,0.000000,-0.003906
16280845,BNO_GYRO_UC,1604,-3200,0,-0.001953,0.074219,0.013672,0.001953,0.000000,-0.003906
16291212,BNO_GYRO_UC,1605,-3200,0,-0.013672,0.048828,0.007812,0.001953,0.000000,-0.003906
16301427,BNO_GYRO_UC,1606,-3100,0,-0.019531,0.031250,-0.001953,0.001953,0.000000,-0.003906
16311520,BNO_GYRO_UC,1607,-3200,0,-0.003906,-0.001953,-0.009766,0.001953,0.000000,-0.003906
16321156,BNO_GYRO_UC,1608,-3200,0,-0.003906,-0.029297,-0.015625,0.001953,0.000000,-0.003906
16331139,BNO_GYRO_UC,1609,-3200,0,-0.009766,-0.027344,-0.017578,0.001953,0.000000,-0.003906
16341627,BNO_GYRO_UC,1610,-3200,0,0.019531,-0.041016,-0.017578,0.001953,0.000000,-0.003906
16350982,BNO_GYRO_UC,1611,-3100,0,0.017578,-0.050781,-0.017578,0.001953,0.000000,-0.003906
16361301,BNO_GYRO_UC,1612,-3200,0,0.009766,-0.044922,-0.015625,0.001953,0.000000,-0.003906
16371832,BNO_GYRO_UC,1613,-3400,0,-0.001953,-0.039062,-0.009766,0.001953,0.000000,-0.003906
16381803,BNO_GYRO_UC,1614,-2900,0,0.007812,-0.035156,-0.007812,0.001953,0.000000,-0.003906
16391410,BNO_GYRO_UC,1615,-3200,0,0.009766,-0.031250,-0.003906,0.001953,0.000000,-0.003906
16401270,BNO_GYRO_UC,1616,-3400,0,0.007812,-0.017578,-0.001953,0.001953,0.000000,-0.003906
16412072,BNO_GYRO_UC,1617,-3400,0,-0.001953,-0.005859,-0.001953,0.001953,0.000000,-0.003906
16422030,BNO_GYRO_UC,1618,-2900,0,0.009766,0.003906,-0.001953,0.001953,0.000000,-0.003906
16431491,BNO_GYRO_UC,1619,-3400,0,0.021484,0.000000,-0.005859,0.001953,0.000000,-0.003906
16441340,BNO_GYRO_UC,1620,-3200,0,0.009766,0.003906,-0.005859,0.001953,0.000000,-0.003906
16452016,BNO_GYRO_UC,1621,-3400,0,0.007812,-0.003906,-0.009766,0.001953,0.000000,-0.003906
16462105,BNO_GYRO_UC,1622,-3200,0,0.001953,-0.017578,-0.009766,0.001953,0.000000,-0.003906
16471788,BNO_GYRO_UC,1623,-3600,0,-0.003906,-0.019531,-0.009766,0.001953,0.000000,-0.003906
16481406,BNO_GYRO_UC,1624,-3200,0,-0.007812,-0.007812,-0.005859,0.001953,0.000000,-0.003906
16492147,BNO_GYRO_UC,1625,-3400,0,-0.013672,-0.005859,-0.005859,0.001953,0.000000,-0.003906
16502191,BNO_GYRO_UC,1626,-2900,0,-0.019531,0.019531,-0.001953,0.001953,0.000000,-0.003906
16511986,BNO_GYRO_UC,1627,-3600,0,-0.021484,0.021484,0.001953,0.001953,0.000000,-0.003906
16521655,BNO_GYRO_UC,1628,-3200,0,-0.021484,0.031250,0.001953,0.001953,0.000000,-0.003906
16531654,BNO_GYRO_UC,1629,-3200,0,-0.009766,0.056641,-0.001953,0.001953,0.000000,-0.003906
16542435,BNO_GYRO_UC,1630,-3800,0,-0.009766,0.062500,-0.003906,0.001953,0.000000,-0.003906
16552025,BNO_GYRO_UC,1631,-3400,0,-0.013672,0.056641,-0.005859,0.001953,0.000000,-0.003906
16561771,BNO_GYRO_UC,1632,-3400,0,-0.027344,0.046875,-0.007812,0.001953,0.000000,-0.003906
16572464,BNO_GYRO_UC,1633,-3400,0,-0.052734,0.037109,-0.009766,0.001953,0.000000,-0.003906
16582637,BNO_GYRO_UC,1634,-3100,0,-0.074219,0.025391,-0.005859,0.001953,0.000000,-0.003906
16592305,BNO_GYRO_UC,1635,-3800,0,-0.076172,0.037109,-0.007812,0.001953,0.000000,-0.003906
16602132,BNO_GYRO_UC,1636,-3400,0,-0.056641,0.058594,-0.005859,0.001953,0.000000,-0.003906
16611742,BNO_GYRO_UC,1637,-3200,0,-0.037109,0.074219,-0.011719,0.001953,0.000000,-0.003906
16622604,BNO_GYRO_UC,1638,-3800,0,-0.021484,0.085938,-0.015625,0.001953,0.000000,-0.003906
16632374,BNO_GYRO_UC,1639,-3600,0,-0.001953,0.091797,-0.009766,0.001953,0.000000,-0.003906
16642129,BNO_GYRO_UC,1640,-3200,0,-0.001953,0.111328,-0.017578,0.001953,0.000000,-0.003906
16651762,BNO_GYRO_UC,1641,-3200,0,-0.015625,0.144531,-0.021484,0.001953,0.000000,-0.003906
16662740,BNO_GYRO_UC,1642,-3800,0,-0.019531,0.181641,-0.017578,0.001953,0.000000,-0.003906
16672394,BNO_GYRO_UC,1643,-3200,0,-0.017578,0.214844,-0.013672,0.001953,0.000000,-0.003906
16681823,BNO_GYRO_UC,1644,-3100,0,-0.029297,0.222656,-0.009766,0.001953,0.000000,-0.003906
16691802,BNO_GYRO_UC,1645,-3100,0,-0.035156,0.210938,-0.007812,0.001953,0.000000,-0.003906
16702556,BNO_GYRO_UC,1646,-3400,0,-0.019531,0.212891,-0.009766,0.001953,0.000000,-0.003906
16712754,BNO_GYRO_UC,1647,-3200,0,-0.005859,0.226562,-0.007812,0.001953,0.000000,-0.003906
16722064,BNO_GYRO_UC,1648,-3200,0,-0.005859,0.232422,-0.013672,0.001953,0.000000,-0.003906
16731904,BNO_GYRO_UC,1649,-3100,0,-0.013672,0.222656,-0.013672,0.001953,0.000000,-0.003906
16742119,BNO_GYRO_UC,1650,-3400,0,-0.031250,0.199219,-0.013672,0.001953,0.000000,-0.003906
16752268,BNO_GYRO_UC,1651,-3200,0,-0.033203,0.205078,-0.009766,0.001953,0.000000,-0.003906
16761905,BNO_GYRO_UC,1652,-3200,0,-0.050781,0.144531,-0.009766,0.001953,0.000000,-0.003906
16772685,BNO_GYRO_UC,1653,-3200,0,-0.076172,0.105469,-0.007812,0.001953,0.000000,-0.003906
16782722,BNO_GYRO_UC,1654,-2700,0,-0.052734,0.113281,-0.005859,0.001953,0.000000,-0.003906
16793035,BNO_GYRO_UC,1655,-3600,0,-0.039062,0.134766,-0.001953,0.001953,0.000000,-0.003906
16802037,BNO_GYRO_UC,1656,-3200,0,-0.039062,0.158203,-0.001953,0.001953,0.000000,-0.003906
16812068,BNO_GYRO_UC,1657,-3100,0,-0.027344,0.158203,0.000000,0.001953,0.000000,-0.003906
16822378,BNO_GYRO_UC,1658,-3400,0,-0.015625,0.154297,-0.005859,0.001953,0.000000,-0.003906
16832709,BNO_GYRO_UC,1659,-3400,0,-0.009766,0.167969,-0.003906,0.001953,0.000000,-0.003906
16842089,BNO_GYRO_UC,1660,-3200,0,-0.021484,0.191406,-0.005859,0.001953,0.000000,-0.003906
16852857,BNO_GYRO_UC,1661,-3200,0,-0.033203,0.207031,-0.011719,0.001953,0.000000,-0.003906
16863407,BNO_GYRO_UC,1662,-3400,0,-0.037109,0.234375,-0.007812,0.001953,0.000000,-0.003906
16872977,BNO_GYRO_UC,1663,-3100,0,-0.001953,0.250000,-0.001953,0.001953,0.000000,-0.003906
16882556,BNO_GYRO_UC,1664,-3100,0,0.015625,0.238281,0.009766,0.001953,0.000000,-0.003906
16892213,BNO_GYRO_UC,1665,-3100,0,0.027344,0.240234,0.017578,0.001953,0.000000,-0.003906
16902576,BNO_GYRO_UC,1666,-3600,0,0.009766,0.251953,0.019531,0.001953,0.000000,-0.003906
16912900,BNO_GYRO_UC,1667,-3400,0,-0.050781,0.234375,0.007812,0.001953,0.000000,-0.003906
16922165,BNO_GYRO_UC,1668,-3100,0,-0.001953,0.296875,0.007812,0.001953,0.000000,-0.003906
16932928,BNO_GYRO_UC,1669,-3200,0,-0.025391,0.302734,-0.007812,0.001953,0.000000,-0.003906
16943721,BNO_GYRO_UC,1670,-3200,0,-0.019531,0.267578,-0.019531,0.001953,0.000000,-0.003906
16953180,BNO_GYRO_UC,1671,-3100,0,-0.015625,0.208984,-0.029297,0.001953,0.000000,-0.003906
16962875,BNO_GYRO_UC,1672,-3200,0,-0.052734,0.169922,-0.031250,0.001953,0.000000,-0.003906
16972414,BNO_GYRO_UC,1673,-3100,0,-0.062500,0.158203,-0.015625,0.001953,0.000000,-0.003906
16982431,BNO_GYRO_UC,1674,-3200,0,-0.033203,0.136719,0.003906,0.001953,0.000000,-0.003906
16992830,BNO_GYRO_UC,1675,-3200,0,-0.011719,0.173828,0.019531,0.001953,0.000000,-0.003906
17001756,BNO_GYRO_UC,1676,-2700,0,-0.001953,0.222656,0.031250,0.001953,0.000000,-0.003906
17012683,BNO_GYRO_UC,1677,-3100,0,0.011719,0.242188,0.037109,0.001953,0.000000,-0.003906
17022341,BNO_GYRO_UC,1678,-3200,0,-0.001953,0.269531,0.031250,0.001953,0.000000,-0.003906
17032877,BNO_GYRO_UC,1679,-3200,0,0.015625,0.314453,0.033203,0.001953,0.000000,-0.003906
17042050,BNO_GYRO_UC,1680,-2700,0,0.035156,0.361328,0.031250,0.001953,0.000000,-0.003906
17052962,BNO_GYRO_UC,1681,-3200,0,0.015625,0.384766,0.023438,0.001953,0.000000,-0.003906
17062428,BNO_GYRO_UC,1682,-3100,0,-0.003906,0.386719,0.007812,0.001953,0.000000,-0.003906
17073703,BNO_GYRO_UC,1683,-3600,0,-0.005859,0.345703,0.000000,0.001953,0.000000,-0.003906
17082493,BNO_GYRO_UC,1684,-3100,0,0.027344,0.339844,0.005859,0.001953,0.000000,-0.003906
17093289,BNO_GYRO_UC,1685,-3200,0,0.037109,0.359375,0.007812,0.001953,0.000000,-0.003906
17102810,BNO_GYRO_UC,1686,-3100,0,0.033203,0.375000,0.005859,0.001953,0.000000,-0.003906
17113356,BNO_GYRO_UC,1687,-3600,0,0.021484,0.416016,0.007812,0.001953,0.000000,-0.003906
17122855,BNO_GYRO_UC,1688,-3200,0,0.009766,0.439453,0.005859,0.001953,0.000000,-0.003906
17132619,BNO_GYRO_UC,1689,-3100,0,-0.001953,0.437500,0.007812,0.001953,0.000000,-0.003906
17142653,BNO_GYRO_UC,1690,-3200,0,0.003906,0.441406,0.007812,0.001953,0.000000,-0.003906
17153083,BNO_GYRO_UC,1691,-3200,0,-0.007812,0.410156,0.005859,0.001953,0.000000,-0.003906
17162105,BNO_GYRO_UC,1692,-2700,0,0.031250,0.398438,0.013672,0.001953,0.000000,-0.003906
17173224,BNO_GYRO_UC,1693,-3200,0,0.064453,0.380859,0.017578,0.001953,0.000000,-0.003906
17182732,BNO_GYRO_UC,1694,-3100,0,0.052734,0.335938,0.011719,0.001953,0.000000,-0.003906
17193356,BNO_GYRO_UC,1695,-3400,0,0.046875,0.302734,0.005859,0.001953,0.000000,-0.003906
17202208,BNO_GYRO_UC,1696,-2500,0,0.033203,0.283203,0.015625,0.001953,0.000000,-0.003906
17213330,BNO_GYRO_UC,1697,-3200,0,0.033203,0.294922,0.015625,0.001953,0.000000,-0.003906
17222867,BNO_GYRO_UC,1698,-3200,0,0.037109,0.324219,0.015625,0.001953,0.000000,-0.003906
17233261,BNO_GYRO_UC,1699,-3100,0,0.021484,0.304688,0.011719,0.001953,0.000000,-0.003906
17243511,BNO_GYRO_UC,1700,-3200,0,0.005859,0.279297,0.003906,0.001953,0.000000,-0.003906
17253017,BNO_GYRO_UC,1701,-3200,0,0.007812,0.263672,-0.001953,0.001953,0.000000,-0.003906
17263002,BNO_GYRO_UC,1702,-3200,0,-0.001953,0.246094,-0.003906,0.001953,0.000000,-0.003906
17273521,BNO_GYRO_UC,1703,-3200,0,0.000000,0.240234,-0.007812,0.001953,0.000000,-0.003906
17282935,BNO_GYRO_UC,1704,-3100,0,-0.001953,0.210938,-0.005859,0.001953,0.000000,-0.003906
17293033,BNO_GYRO_UC,1705,-3100,0,0.017578,0.207031,-0.001953,0.001953,0.000000,-0.003906
17303396,BNO_GYRO_UC,1706,-3200,0,0.037109,0.208984,0.003906,0.001953,0.000000,-0.003906
17313393,BNO_GYRO_UC,1707,-2900,0,0.048828,0.195312,0.003906,0.001953,0.000000,-0.003906
17323799,BNO_GYRO_UC,1708,-3400,0,0.044922,0.175781,0.003906,0.001953,0.000000,-0.003906
17333018,BNO_GYRO_UC,1709,-3100,0,0.052734,0.169922,0.009766,0.001953,0.000000,-0.003906
17343811,BNO_GYRO_UC,1710,-3200,0,0.021484,0.166016,0.005859,0.001953,0.000000,-0.003906
17354140,BNO_GYRO_UC,1711,-3200,0,-0.007812,0.169922,0.005859,0.001953,0.000000,-0.003906
17363592,BNO_GYRO_UC,1712,-3200,0,-0.013672,0.173828,-0.003906,0.001953,0.000000,-0.003906
17373055,BNO_GYRO_UC,1713,-3100,0,0.009766,0.169922,0.003906,0.001953,0.000000,-0.003906
17383669,BNO_GYRO_UC,1714,-3200,0,0.019531,0.164062,0.000000,0.001953,0.000000,-0.003906
17393848,BNO_GYRO_UC,1715,-3100,0,0.009766,0.164062,-0.001953,0.001953,0.000000,-0.003906
17404091,BNO_GYRO_UC,1716,-3200,0,0.001953,0.181641,-0.009766,0.001953,0.000000,-0.003906
17413224,BNO_GYRO_UC,1717,-3100,0,-0.017578,0.220703,-0.015625,0.001953,0.000000,-0.003906
17423827,BNO_GYRO_UC,1718,-3200,0,0.005859,0.259766,-0.011719,0.001953,0.000000,-0.003906
17434370,BNO_GYRO_UC,1719,-3400,0,0.007812,0.292969,-0.009766,0.001953,0.000000,-0.003906
17443520,BNO_GYRO_UC,1720,-3200,0,0.007812,0.294922,-0.005859,0.001953,0.000000,-0.003906
17453165,BNO_GYRO_UC,1721,-3100,0,0.005859,0.328125,-0.001953,0.001953,0.000000,-0.003906
17463785,BNO_GYRO_UC,1722,-3100,0,-0.007812,0.357422,-0.001953,0.001953,0.000000,-0.003906
17474227,BNO_GYRO_UC,1723,-3200,0,-0.009766,0.373047,-0.003906,0.001953,0.000000,-0.003906
17483853,BNO_GYRO_UC,1724,-3400,0,-0.015625,0.380859,-0.001953,0.001953,0.000000,-0.003906
17493373,BNO_GYRO_UC,1725,-3100,0,-0.009766,0.427734,0.000000,0.001953,0.000000,-0.003906
17504035,BNO_GYRO_UC,1726,-3200,0,0.000000,0.478516,0.007812,0.001953,0.000000,-0.003906
17514479,BNO_GYRO_UC,1727,-3200,0,0.009766,0.472656,0.011719,0.001953,0.000000,-0.003906
17523973,BNO_GYRO_UC,1728,-3200,0,0.025391,0.437500,0.013672,0.001953,0.000000,-0.003906
17533372,BNO_GYRO_UC,1729,-3100,0,0.019531,0.386719,0.005859,0.001953,0.000000,-0.003906
17544162,BNO_GYRO_UC,1730,-3200,0,0.009766,0.326172,0.003906,0.001953,0.000000,-0.003906
17554511,BNO_GYRO_UC,1731,-3200,0,-0.003906,0.267578,-0.005859,0.001953,0.000000,-0.003906
17563977,BNO_GYRO_UC,1732,-3200,0,-0.011719,0.228516,-0.005859,0.001953,0.000000,-0.003906
17573525,BNO_GYRO_UC,1733,-3200,0,-0.001953,0.236328,-0.007812,0.001953,0.000000,-0.003906
17584469,BNO_GYRO_UC,1734,-3200,0,0.009766,0.257812,-0.005859,0.001953,0.000000,-0.003906
17594300,BNO_GYRO_UC,1735,-2700,0,0.017578,0.255859,-0.005859,0.001953,0.000000,-0.003906
17604534,BNO_GYRO_UC,1736,-3400,0,0.039062,0.218750,0.003906,0.001953,0.000000,-0.003906
17613921,BNO_GYRO_UC,1737,-3400,0,0.041016,0.181641,0.005859,0.001953,0.000000,-0.003906
17623647,BNO_GYRO_UC,1738,-3100,0,0.007812,0.173828,-0.001953,0.001953,0.000000,-0.003906
17634054,BNO_GYRO_UC,1739,-3400,0,-0.007812,0.169922,-0.003906,0.001953,0.000000,-0.003906
17644681,BNO_GYRO_UC,1740,-3800,0,0.001953,0.156250,-0.003906,0.001953,0.000000,-0.003906
17653836,BNO_GYRO_UC,1741,-3200,0,0.003906,0.128906,0.001953,0.001953,0.000000,-0.003906
17664474,BNO_GYRO_UC,1742,-3200,0,0.011719,0.113281,0.003906,0.001953,0.000000,-0.003906
17675018,BNO_GYRO_UC,1743,-3400,0,0.029297,0.113281,0.013672,0.001953,0.000000,-0.003906
17684550,BNO_GYRO_UC,1744,-3200,0,0.017578,0.134766,0.011719,0.001953,0.000000,-0.003906
17694235,BNO_GYRO_UC,1745,-3100,0,0.013672,0.152344,0.009766,0.001953,0.000000,-0.003906
17703887,BNO_GYRO_UC,1746,-3200,0,-0.019531,0.150391,-0.001953,0.001953,0.000000,-0.003906
17714240,BNO_GYRO_UC,1747,-3600,0,-0.019531,0.152344,-0.007812,0.001953,0.000000,-0.003906
17724734,BNO_GYRO_UC,1748,-3600,0,-0.023438,0.138672,-0.005859,0.001953,0.000000,-0.003906
17733952,BNO_GYRO_UC,1749,-3100,0,-0.041016,0.125000,-0.005859,0.001953,0.000000,-0.003906
17743874,BNO_GYRO_UC,1750,-3100,0,-0.025391,0.132812,-0.001953,0.001953,0.000000,-0.003906
17754256,BNO_GYRO_UC,1751,-3400,0,-0.033203,0.146484,0.005859,0.001953,0.000000,-0.003906
17764348,BNO_GYRO_UC,1752,-3100,0,-0.023438,0.187500,0.013672,0.001953,0.000000,-0.003906
17773911,BNO_GYRO_UC,1753,-3100,0,-0.015625,0.246094,0.017578,0.001953,0.000000,-0.003906
17784494,BNO_GYRO_UC,1754,-3100,0,-0.009766,0.294922,0.019531,0.001953,0.000000,-0.003906
17794355,BNO_GYRO_UC,1755,-3400,0,-0.021484,0.316406,0.009766,0.001953,0.000000,-0.003906
17804798,BNO_GYRO_UC,1756,-3400,0,-0.039062,0.292969,0.001953,0.001953,0.000000,-0.003906
17813921,BNO_GYRO_UC,1757,-3100,0,-0.050781,0.275391,-0.003906,0.001953,0.000000,-0.003906
17824753,BNO_GYRO_UC,1758,-3200,0,-0.033203,0.306641,-0.003906,0.001953,0.000000,-0.003906
17835393,BNO_GYRO_UC,1759,-3200,0,-0.021484,0.341797,0.003906,0.001953,0.000000,-0.003906
17844779,BNO_GYRO_UC,1760,-2900,0,-0.007812,0.373047,0.015625,0.001953,0.000000,-0.003906
17853726,BNO_GYRO_UC,1761,-2700,0,0.031250,0.406250,0.029297,0.001953,0.000000,-0.003906
17864536,BNO_GYRO_UC,1762,-3200,0,0.044922,0.443359,0.037109,0.001953,0.000000,-0.003906
17874150,BNO_GYRO_UC,1763,-3100,0,0.017578,0.443359,0.027344,0.001953,0.000000,-0.003906
17884632,BNO_GYRO_UC,1764,-3200,0,-0.005859,0.417969,0.023438,0.001953,0.000000,-0.003906
17893676,BNO_GYRO_UC,1765,-2700,0,-0.025391,0.380859,0.017578,0.001953,0.000000,-0.003906
17904739,BNO_GYRO_UC,1766,-3100,0,-0.031250,0.357422,0.013672,0.001953,0.000000,-0.003906
17915595,BNO_GYRO_UC,1767,-3600,0,0.015625,0.376953,0.019531,0.001953,0.000000,-0.003906
17925076,BNO_GYRO_UC,1768,-2700,0,0.009766,0.396484,0.017578,0.001953,0.000000,-0.003906
17934383,BNO_GYRO_UC,1769,-3200,0,0.005859,0.375000,0.019531,0.001953,0.000000,-0.003906
17945194,BNO_GYRO_UC,1770,-3200,0,-0.001953,0.349609,0.013672,0.001953,0.000000,-0.003906
17954516,BNO_GYRO_UC,1771,-3200,0,-0.025391,0.318359,0.007812,0.001953,0.000000,-0.003906
17964730,BNO_GYRO_UC,1772,-2900,0,-0.039062,0.294922,0.000000,0.001953,0.000000,-0.003906
17973940,BNO_GYRO_UC,1773,-2700,0,-0.039062,0.267578,-0.001953,0.001953,0.000000,-0.003906
17984877,BNO_GYRO_UC,1774,-3200,0,-0.025391,0.250000,-0.001953,0.001953,0.000000,-0.003906
17994640,BNO_GYRO_UC,1775,-3100,0,-0.013672,0.236328,0.001953,0.001953,0.000000,-0.003906
18005139,BNO_GYRO_UC,1776,-3400,0,-0.033203,0.246094,0.001953,0.001953,0.000000,-0.003906
18014676,BNO_GYRO_UC,1777,-3200,0,-0.003906,0.251953,0.001953,0.001953,0.000000,-0.003906
18024504,BNO_GYRO_UC,1778,-3100,0,-0.003906,0.205078,0.000000,0.001953,0.000000,-0.003906
18034836,BNO_GYRO_UC,1779,-3200,0,0.001953,0.173828,-0.003906,0.001953,0.000000,-0.003906
18044843,BNO_GYRO_UC,1780,-2900,0,-0.013672,0.162109,-0.009766,0.001953,0.000000,-0.003906
18055020,BNO_GYRO_UC,1781,-3400,0,-0.025391,0.173828,-0.011719,0.001953,0.000000,-0.003906
18064650,BNO_GYRO_UC,1782,-3200,0,-0.009766,0.201172,-0.007812,0.001953,0.000000,-0.003906
18074578,BNO_GYRO_UC,1783,-3100,0,-0.019531,0.250000,-0.005859,0.001953,0.000000,-0.003906
18085042,BNO_GYRO_UC,1784,-3200,0,-0.009766,0.304688,0.001953,0.001953,0.000000,-0.003906
18094845,BNO_GYRO_UC,1785,-3200,0,0.007812,0.322266,0.009766,0.001953,0.000000,-0.003906
18104806,BNO_GYRO_UC,1786,-3200,0,-0.001953,0.316406,0.005859,0.001953,0.000000,-0.003906
18115238,BNO_GYRO_UC,1787,-3400,0,-0.001953,0.300781,0.007812,0.001953,0.000000,-0.003906
18125012,BNO_GYRO_UC,1788,-2700,0,0.001953,0.275391,0.009766,0.001953,0.000000,-0.003906
18135199,BNO_GYRO_UC,1789,-3200,0,0.021484,0.267578,0.011719,0.001953,0.000000,-0.003906
18144834,BNO_GYRO_UC,1790,-3100,0,0.027344,0.283203,0.003906,0.001953,0.000000,-0.003906
18155368,BNO_GYRO_UC,1791,-3200,0,0.027344,0.320312,0.007812,0.001953,0.000000,-0.003906
18165834,BNO_GYRO_UC,1792,-3400,0,0.029297,0.349609,0.005859,0.001953,0.000000,-0.003906
18175238,BNO_GYRO_UC,1793,-3400,0,0.039062,0.333984,0.005859,0.001953,0.000000,-0.003906
18184859,BNO_GYRO_UC,1794,-3200,0,0.023438,0.302734,0.000000,0.001953,0.000000,-0.003906
18195429,BNO_GYRO_UC,1795,-3200,0,0.005859,0.281250,-0.001953,0.001953,0.000000,-0.003906
18205378,BNO_GYRO_UC,1796,-2900,0,-0.015625,0.277344,-0.005859,0.001953,0.000000,-0.003906
18215590,BNO_GYRO_UC,1797,-3400,0,-0.054688,0.292969,-0.009766,0.001953,0.000000,-0.003906
18224955,BNO_GYRO_UC,1798,-3100,0,-0.037109,0.318359,-0.007812,0.001953,0.000000,-0.003906
18235410,BNO_GYRO_UC,1799,-3200,0,-0.007812,0.320312,0.001953,0.001953,0.000000,-0.003906
18246038,BNO_GYRO_UC,1800,-3400,0,0.005859,0.326172,0.001953,0.001953,0.000000,-0.003906
18255264,BNO_GYRO_UC,1801,-3400,0,0.007812,0.349609,-0.005859,0.001953,0.000000,-0.003906
18265052,BNO_GYRO_UC,1802,-3200,0,0.017578,0.361328,-0.001953,0.001953,0.000000,-0.003906
18275757,BNO_GYRO_UC,1803,-3200,0,0.009766,0.353516,-0.007812,0.001953,0.000000,-0.003906
18285586,BNO_GYRO_UC,1804,-2700,0,-0.005859,0.322266,-0.013672,0.001953,0.000000,-0.003906
18295762,BNO_GYRO_UC,1805,-3200,0,-0.021484,0.281250,-0.017578,0.001953,0.000000,-0.003906
18305184,BNO_GYRO_UC,1806,-3200,0,-0.005859,0.253906,-0.013672,0.001953,0.000000,-0.003906
18315726,BNO_GYRO_UC,1807,-3200,0,0.001953,0.246094,-0.001953,0.001953,0.000000,-0.003906
18325635,BNO_GYRO_UC,1808,-2900,0,0.007812,0.244141,-0.001953,0.001953,0.000000,-0.003906
18335886,BNO_GYRO_UC,1809,-3400,0,0.007812,0.220703,0.003906,0.001953,0.000000,-0.003906
18345161,BNO_GYRO_UC,1810,-3100,0,0.013672,0.210938,0.003906,0.001953,0.000000,-0.003906
18355819,BNO_GYRO_UC,1811,-3100,0,0.001953,0.185547,-0.001953,0.001953,0.000000,-0.003906
18365801,BNO_GYRO_UC,1812,-2700,0,0.003906,0.138672,0.000000,0.001953,0.000000,-0.003906
18375871,BNO_GYRO_UC,1813,-3200,0,0.011719,0.097656,0.000000,0.001953,0.000000,-0.003906
18385255,BNO_GYRO_UC,1814,-3100,0,0.003906,0.085938,0.001953,0.001953,0.000000,-0.003906
18396114,BNO_GYRO_UC,1815,-3200,0,0.007812,0.097656,0.001953,0.001953,0.000000,-0.003906
18406007,BNO_GYRO_UC,1816,-2500,0,0.017578,0.113281,0.007812,0.001953,0.000000,-0.003906
18415786,BNO_GYRO_UC,1817,-3200,0,0.013672,0.123047,0.005859,0.001953,0.000000,-0.003906
18425353,BNO_GYRO_UC,1818,-3100,0,0.011719,0.119141,0.003906,0.001953,0.000000,-0.003906
18436248,BNO_GYRO_UC,1819,-3400,0,0.003906,0.115234,-0.005859,0.001953,0.000000,-0.003906
18446089,BNO_GYRO_UC,1820,-2700,0,-0.013672,0.109375,-0.009766,0.001953,0.000000,-0.003906
18456287,BNO_GYRO_UC,1821,-3400,0,-0.021484,0.117188,-0.009766,0.001953,0.000000,-0.003906
18465460,BNO_GYRO_UC,1822,-3200,0,-0.031250,0.128906,-0.009766,0.001953,0.000000,-0.003906
18476244,BNO_GYRO_UC,1823,-3200,0,-0.041016,0.128906,-0.009766,0.001953,0.000000,-0.003906
18486821,BNO_GYRO_UC,1824,-3400,0,-0.003906,0.150391,0.001953,0.001953,0.000000,-0.003906
18496302,BNO_GYRO_UC,1825,-3400,0,0.027344,0.171875,0.013672,0.001953,0.000000,-0.003906
18505865,BNO_GYRO_UC,1826,-3100,0,0.017578,0.197266,0.011719,0.001953,0.000000,-0.003906
18515450,BNO_GYRO_UC,1827,-3100,0,0.001953,0.228516,0.001953,0.001953,0.000000,-0.003906
18526344,BNO_GYRO_UC,1828,-3400,0,-0.009766,0.253906,0.000000,0.001953,0.000000,-0.003906
18536539,BNO_GYRO_UC,1829,-3200,0,0.005859,0.267578,0.003906,0.001953,0.000000,-0.003906
18545774,BNO_GYRO_UC,1830,-3100,0,0.007812,0.279297,0.007812,0.001953,0.000000,-0.003906
18555611,BNO_GYRO_UC,1831,-3200,0,0.048828,0.298828,0.015625,0.001953,0.000000,-0.003906
18566484,BNO_GYRO_UC,1832,-3600,0,0.029297,0.277344,0.005859,0.001953,0.000000,-0.003906
18576638,BNO_GYRO_UC,1833,-3200,0,-0.005859,0.255859,-0.005859,0.001953,0.000000,-0.003906
18585784,BNO_GYRO_UC,1834,-3200,0,-0.025391,0.240234,-0.017578,0.001953,0.000000,-0.003906
18596369,BNO_GYRO_UC,1835,-3200,0,-0.037109,0.216797,-0.019531,0.001953,0.000000,-0.003906
18606920,BNO_GYRO_UC,1836,-3200,0,-0.031250,0.199219,-0.015625,0.001953,0.000000,-0.003906
18616457,BNO_GYRO_UC,1837,-3100,0,-0.021484,0.203125,-0.009766,0.001953,0.000000,-0.003906
18626135,BNO_GYRO_UC,1838,-3100,0,0.007812,0.210938,0.001953,0.001953,0.000000,-0.003906
18635720,BNO_GYRO_UC,1839,-3100,0,0.019531,0.222656,0.015625,0.001953,0.000000,-0.003906
18646215,BNO_GYRO_UC,1840,-3600,0,0.025391,0.232422,0.021484,0.001953,0.000000,-0.003906
18656694,BNO_GYRO_UC,1841,-3600,0,0.017578,0.234375,0.017578,0.001953,0.000000,-0.003906
18665822,BNO_GYRO_UC,1842,-3100,0,0.009766,0.238281,0.013672,0.001953,0.000000,-0.003906
18676546,BNO_GYRO_UC,1843,-3200,0,0.007812,0.226562,0.007812,0.001953,0.000000,-0.003906
18687187,BNO_GYRO_UC,1844,-3600,0,-0.005859,0.197266,0.003906,0.001953,0.000000,-0.003906
18696704,BNO_GYRO_UC,1845,-2900,0,0.000000,0.173828,0.009766,0.001953,0.000000,-0.003906
18706431,BNO_GYRO_UC,1846,-3200,0,0.023438,0.181641,0.015625,0.001953,0.000000,-0.003906
18715994,BNO_GYRO_UC,1847,-3100,0,0.017578,0.205078,0.005859,0.001953,0.000000,-0.003906
18726384,BNO_GYRO_UC,1848,-3400,0,-0.001953,0.238281,0.001953,0.001953,0.000000,-0.003906
18736765,BNO_GYRO_UC,1849,-3400,0,0.009766,0.271484,0.007812,0.001953,0.000000,-0.003906
18746050,BNO_GYRO_UC,1850,-3200,0,0.041016,0.308594,0.019531,0.001953,0.000000,-0.003906
18756641,BNO_GYRO_UC,1851,-3200,0,0.041016,0.353516,0.023438,0.001953,0.000000,-0.003906
18767259,BNO_GYRO_UC,1852,-3200,0,0.037109,0.367188,0.021484,0.001953,0.000000,-0.003906
18776929,BNO_GYRO_UC,1853,-2900,0,0.041016,0.339844,0.027344,0.001953,0.000000,-0.003906
18786206,BNO_GYRO_UC,1854,-3200,0,0.015625,0.324219,0.009766,0.001953,0.000000,-0.003906
18796971,BNO_GYRO_UC,1855,-3200,0,-0.005859,0.277344,-0.001953,0.001953,0.000000,-0.003906
18806300,BNO_GYRO_UC,1856,-3200,0,-0.044922,0.230469,-0.021484,0.001953,0.000000,-0.003906
18816628,BNO_GYRO_UC,1857,-2900,0,-0.056641,0.207031,-0.023438,0.001953,0.000000,-0.003906
18826265,BNO_GYRO_UC,1858,-3100,0,-0.050781,0.193359,-0.023438,0.001953,0.000000,-0.003906
18836182,BNO_GYRO_UC,1859,-3100,0,-0.025391,0.171875,-0.011719,0.001953,0.000000,-0.003906
18846161,BNO_GYRO_UC,1860,-3100,0,-0.037109,0.132812,-0.019531,0.001953,0.000000,-0.003906
18856789,BNO_GYRO_UC,1861,-3200,0,-0.029297,0.099609,-0.027344,0.001953,0.000000,-0.003906
18865750,BNO_GYRO_UC,1862,-2700,0,-0.013672,0.095703,-0.031250,0.001953,0.000000,-0.003906
18876815,BNO_GYRO_UC,1863,-3200,0,0.003906,0.087891,-0.015625,0.001953,0.000000,-0.003906
18886204,BNO_GYRO_UC,1864,-3100,0,0.025391,0.097656,-0.005859,0.001953,0.000000,-0.003906
18896719,BNO_GYRO_UC,1865,-3200,0,0.042969,0.121094,0.005859,0.001953,0.000000,-0.003906
18906205,BNO_GYRO_UC,1866,-3100,0,0.021484,0.140625,0.003906,0.001953,0.000000,-0.003906
18917077,BNO_GYRO_UC,1867,-3100,0,-0.015625,0.167969,-0.015625,0.001953,0.000000,-0.003906
18926390,BNO_GYRO_UC,1868,-3200,0,-0.013672,0.205078,-0.013672,0.001953,0.000000,-0.003906
18936934,BNO_GYRO_UC,1869,-3200,0,-0.011719,0.208984,-0.005859,0.001953,0.000000,-0.003906
18945859,BNO_GYRO_UC,1870,-2700,0,0.013672,0.214844,-0.003906,0.001953,0.000000,-0.003906
18956963,BNO_GYRO_UC,1871,-3200,0,0.019531,0.222656,0.003906,0.001953,0.000000,-0.003906
18966456,BNO_GYRO_UC,1872,-3100,0,0.000000,0.240234,-0.007812,0.001953,0.000000,-0.003906
18976994,BNO_GYRO_UC,1873,-3200,0,-0.017578,0.238281,-0.017578,0.001953,0.000000,-0.003906
18986568,BNO_GYRO_UC,1874,-3200,0,-0.033203,0.251953,-0.029297,0.001953,0.000000,-0.003906
18996628,BNO_GYRO_UC,1875,-3200,0,-0.025391,0.259766,-0.027344,0.001953,0.000000,-0.003906
19006914,BNO_GYRO_UC,1876,-3200,0,0.003906,0.294922,-0.021484,0.001953,0.000000,-0.003906
19016919,BNO_GYRO_UC,1877,-2700,0,0.039062,0.326172,-0.003906,0.001953,0.000000,-0.003906
19027227,BNO_GYRO_UC,1878,-3200,0,0.039062,0.351562,0.005859,0.001953,0.000000,-0.003906
19036522,BNO_GYRO_UC,1879,-3100,0,0.029297,0.396484,0.005859,0.001953,0.000000,-0.003906
19046964,BNO_GYRO_UC,1880,-3200,0,0.033203,0.408203,0.011719,0.001953,0.000000,-0.003906
19057209,BNO_GYRO_UC,1881,-3100,0,0.017578,0.423828,0.005859,0.001953,0.000000,-0.003906
19067350,BNO_GYRO_UC,1882,-3200,0,0.005859,0.466797,-0.005859,0.001953,0.000000,-0.003906
19076737,BNO_GYRO_UC,1883,-3100,0,0.013672,0.447266,-0.001953,0.001953,0.000000,-0.003906
19087131,BNO_GYRO_UC,1884,-3200,0,0.031250,0.419922,0.003906,0.001953,0.000000,-0.003906
19097221,BNO_GYRO_UC,1885,-2900,0,0.031250,0.421875,-0.001953,0.001953,0.000000,-0.003906
19107513,BNO_GYRO_UC,1886,-3200,0,0.033203,0.431641,-0.003906,0.001953,0.000000,-0.003906
19116760,BNO_GYRO_UC,1887,-3100,0,0.039062,0.408203,-0.005859,0.001953,0.000000,-0.003906
19127546,BNO_GYRO_UC,1888,-3200,0,0.042969,0.371094,-0.007812,0.001953,0.000000,-0.003906
19137350,BNO_GYRO_UC,1889,-2700,0,0.056641,0.337891,0.003906,0.001953,0.000000,-0.003906
19147514,BNO_GYRO_UC,1890,-3200,0,0.052734,0.291016,0.000000,0.001953,0.000000,-0.003906
19156845,BNO_GYRO_UC,1891,-3200,0,0.031250,0.251953,-0.003906,0.001953,0.000000,-0.003906
19167278,BNO_GYRO_UC,1892,-3200,0,0.013672,0.203125,-0.007812,0.001953,0.000000,-0.003906
19177546,BNO_GYRO_UC,1893,-2900,0,0.005859,0.138672,-0.015625,0.001953,0.000000,-0.003906
19187665,BNO_GYRO_UC,1894,-3200,0,0.015625,0.085938,-0.015625,0.001953,0.000000,-0.003906
19196845,BNO_GYRO_UC,1895,-3100,0,0.027344,0.048828,-0.009766,0.001953,0.000000,-0.003906
19207295,BNO_GYRO_UC,1896,-3100,0,0.013672,0.009766,-0.009766,0.001953,0.000000,-0.003906
19217512,BNO_GYRO_UC,1897,-2700,0,-0.001953,-0.009766,-0.017578,0.001953,0.000000,-0.003906
19227592,BNO_GYRO_UC,1898,-3200,0,-0.005859,-0.017578,-0.017578,0.001953,0.000000,-0.003906
19237111,BNO_GYRO_UC,1899,-3100,0,-0.011719,-0.021484,-0.013672,0.001953,0.000000,-0.003906
19247637,BNO_GYRO_UC,1900,-3200,0,-0.005859,-0.029297,-0.003906,0.001953,0.000000,-0.003906
19257677,BNO_GYRO_UC,1901,-2700,0,0.009766,-0.017578,0.009766,0.001953,0.000000,-0.003906
19267809,BNO_GYRO_UC,1902,-3200,0,0.003906,0.003906,0.005859,0.001953,0.000000,-0.003906
19277014,BNO_GYRO_UC,1903,-3100,0,-0.007812,0.013672,-0.003906,0.001953,0.000000,-0.003906
19287704,BNO_GYRO_UC,1904,-3200,0,-0.015625,0.019531,-0.005859,0.001953,0.000000,-0.003906
19297758,BNO_GYRO_UC,1905,-2700,0,-0.017578,0.015625,-0.015625,0.001953,0.000000,-0.003906
19307902,BNO_GYRO_UC,1906,-3200,0,-0.009766,0.025391,-0.019531,0.001953,0.000000,-0.003906
19317176,BNO_GYRO_UC,1907,-3100,0,-0.001953,0.025391,-0.015625,0.001953,0.000000,-0.003906
19327841,BNO_GYRO_UC,1908,-3200,0,0.001953,0.025391,-0.019531,0.001953,0.000000,-0.003906
19338328,BNO_GYRO_UC,1909,-3100,0,0.015625,0.019531,-0.007812,0.001953,0.000000,-0.003906
19347878,BNO_GYRO_UC,1910,-3400,0,0.027344,0.019531,-0.001953,0.001953,0.000000,-0.003906
19357475,BNO_GYRO_UC,1911,-3100,0,0.019531,0.017578,0.001953,0.001953,0.000000,-0.003906
19367232,BNO_GYRO_UC,1912,-3200,0,0.017578,0.009766,0.007812,0.001953,0.000000,-0.003906
19378033,BNO_GYRO_UC,1913,-3400,0,0.009766,0.007812,0.003906,0.001953,0.000000,-0.003906
19388365,BNO_GYRO_UC,1914,-3200,0,0.003906,0.009766,-0.005859,0.001953,0.000000,-0.003906
19397565,BNO_GYRO_UC,1915,-3200,0,0.007812,0.017578,0.001953,0.001953,0.000000,-0.003906
19407455,BNO_GYRO_UC,1916,-3100,0,0.015625,0.011719,-0.001953,0.001953,0.000000,-0.003906
19418138,BNO_GYRO_UC,1917,-3400,0,0.007812,0.009766,-0.005859,0.001953,0.000000,-0.003906
19427938,BNO_GYRO_UC,1918,-3100,0,0.001953,0.025391,-0.011719,0.001953,0.000000,-0.003906
19437422,BNO_GYRO_UC,1919,-3200,0,-0.015625,0.031250,-0.019531,0.001953,0.000000,-0.003906
19448235,BNO_GYRO_UC,1920,-3200,0,-0.027344,0.001953,-0.023438,0.001953,0.000000,-0.003906
19458227,BNO_GYRO_UC,1921,-2900,0,-0.007812,-0.021484,-0.015625,0.001953,0.000000,-0.003906
19468430,BNO_GYRO_UC,1922,-3200,0,-0.007812,-0.023438,-0.017578,0.001953,0.000000,-0.003906
19477739,BNO_GYRO_UC,1923,-3200,0,-0.021484,-0.017578,-0.025391,0.001953,0.000000,-0.003906
19487656,BNO_GYRO_UC,1924,-3200,0,-0.027344,-0.017578,-0.023438,0.001953,0.000000,-0.003906
19497933,BNO_GYRO_UC,1925,-3400,0,-0.015625,-0.007812,-0.009766,0.001953,0.000000,-0.003906
19508373,BNO_GYRO_UC,1926,-3600,0,-0.013672,0.007812,-0.009766,0.001953,0.000000,-0.003906
19517672,BNO_GYRO_UC,1927,-3200,0,-0.007812,0.011719,-0.005859,0.001953,0.000000,-0.003906
19527600,BNO_GYRO_UC,1928,-3100,0,0.021484,0.009766,0.005859,0.001953,0.000000,-0.003906
19538446,BNO_GYRO_UC,1929,-3800,0,0.023438,0.001953,0.007812,0.001953,0.000000,-0.003906
19548407,BNO_GYRO_UC,1930,-3200,0,0.005859,-0.007812,0.000000,0.001953,0.000000,-0.003906
19557830,BNO_GYRO_UC,1931,-3400,0,-0.003906,-0.015625,-0.005859,0.001953,0.000000,-0.003906
19567873,BNO_GYRO_UC,1932,-3400,0,-0.015625,-0.019531,-0.011719,0.001953,0.000000,-0.003906
19578891,BNO_GYRO_UC,1933,-4000,0,-0.017578,-0.001953,-0.009766,0.001953,0.000000,-0.003906
19588553,BNO_GYRO_UC,1934,-3100,0,-0.007812,0.013672,-0.007812,0.001953,0.000000,-0.003906
19597929,BNO_GYRO_UC,1935,-3400,0,-0.007812,0.013672,-0.001953,0.001953,0.000000,-0.003906
19608098,BNO_GYRO_UC,1936,-3400,0,-0.005859,0.009766,-0.003906,0.001953,0.000000,-0.003906
19618306,BNO_GYRO_UC,1937,-3600,0,0.001953,0.009766,-0.003906,0.001953,0.000000,-0.003906
19628542,BNO_GYRO_UC,1938,-3400,0,0.027344,0.021484,0.007812,0.001953,0.000000,-0.003906
19638078,BNO_GYRO_UC,1939,-3400,0,0.027344,0.023438,0.009766,0.001953,0.000000,-0.003906
19648169,BNO_GYRO_UC,1940,-3200,0,0.019531,0.007812,0.003906,0.001953,0.000000,-0.003906
19658455,BNO_GYRO_UC,1941,-3600,0,0.015625,0.001953,0.005859,0.001953,0.000000,-0.003906
19668569,BNO_GYRO_UC,1942,-3200,0,0.015625,0.003906,0.005859,0.001953,0.000000,-0.003906
19678060,BNO_GYRO_UC,1943,-3100,0,0.009766,0.001953,-0.001953,0.001953,0.000000,-0.003906
19688239,BNO_GYRO_UC,1944,-3400,0,-0.007812,-0.009766,-0.017578,0.001953,0.000000,-0.003906
19698502,BNO_GYRO_UC,1945,-3600,0,-0.017578,-0.019531,-0.019531,0.001953,0.000000,-0.003906
19708947,BNO_GYRO_UC,1946,-3800,0,-0.009766,-0.013672,-0.013672,0.001953,0.000000,-0.003906
19718328,BNO_GYRO_UC,1947,-3200,0,-0.011719,0.003906,-0.015625,0.001953,0.000000,-0.003906
19728180,BNO_GYRO_UC,1948,-3200,0,0.009766,0.015625,-0.005859,0.001953,0.000000,-0.003906
19739097,BNO_GYRO_UC,1949,-3600,0,0.007812,0.021484,-0.003906,0.001953,0.000000,-0.003906
19748903,BNO_GYRO_UC,1950,-3100,0,-0.005859,0.021484,-0.003906,0.001953,0.000000,-0.003906
19758380,BNO_GYRO_UC,1951,-3200,0,0.000000,0.013672,0.000000,0.001953,0.000000,-0.003906
19768348,BNO_GYRO_UC,1952,-3400,0,0.015625,-0.001953,0.005859,0.001953,0.000000,-0.003906
19778346,BNO_GYRO_UC,1953,-3200,0,0.015625,-0.019531,0.001953,0.001953,0.000000,-0.003906
19788860,BNO_GYRO_UC,1954,-3400,0,0.005859,-0.025391,-0.009766,0.001953,0.000000,-0.003906
19798361,BNO_GYRO_UC,1955,-3100,0,0.005859,-0.048828,-0.015625,0.001953,0.000000,-0.003906
19808457,BNO_GYRO_UC,1956,-3200,0,0.001953,-0.076172,-0.021484,0.001953,0.000000,-0.003906
19818490,BNO_GYRO_UC,1957,-3400,0,-0.001953,-0.105469,-0.027344,0.001953,0.000000,-0.003906
19828842,BNO_GYRO_UC,1958,-3200,0,-0.003906,-0.126953,-0.029297,0.001953,0.000000,-0.003906
19838403,BNO_GYRO_UC,1959,-3100,0,-0.019531,-0.140625,-0.031250,0.001953,0.000000,-0.003906
19848628,BNO_GYRO_UC,1960,-3400,0,-0.033203,-0.144531,-0.029297,0.001953,0.000000,-0.003906
19858526,BNO_GYRO_UC,1961,-3200,0,-0.027344,-0.158203,-0.027344,0.001953,0.000000,-0.003906
19868912,BNO_GYRO_UC,1962,-3400,0,-0.025391,-0.169922,-0.021484,0.001953,0.000000,-0.003906
19877903,BNO_GYRO_UC,1963,-2700,0,-0.041016,-0.187500,-0.027344,0.001953,0.000000,-0.003906
19889373,BNO_GYRO_UC,1964,-3400,0,-0.052734,-0.205078,-0.031250,0.001953,0.000000,-0.003906
19898889,BNO_GYRO_UC,1965,-3200,0,-0.044922,-0.216797,-0.027344,0.001953,0.000000,-0.003906
19908800,BNO_GYRO_UC,1966,-2900,0,-0.046875,-0.222656,-0.033203,0.001953,0.000000,-0.003906
19918868,BNO_GYRO_UC,1967,-3200,0,-0.021484,-0.205078,-0.027344,0.001953,0.000000,-0.003906
19928463,BNO_GYRO_UC,1968,-3200,0,-0.029297,-0.173828,-0.029297,0.001953,0.000000,-0.003906
19938907,BNO_GYRO_UC,1969,-3200,0,-0.054688,-0.109375,-0.052734,0.001953,0.000000,-0.003906
19949524,BNO_GYRO_UC,1970,-3400,0,-0.042969,-0.109375,-0.044922,0.001953,0.000000,-0.003906
19958755,BNO_GYRO_UC,1971,-3200,0,-0.025391,-0.134766,-0.033203,0.001953,0.000000,-0.003906
19968530,BNO_GYRO_UC,1972,-2900,0,-0.013672,-0.150391,-0.021484,0.001953,0.000000,-0.003906
19979035,BNO_GYRO_UC,1973,-3200,0,0.005859,-0.136719,0.011719,0.001953,0.000000,-0.003906
19989102,BNO_GYRO_UC,1974,-2900,0,-0.011719,-0.113281,-0.001953,0.001953,0.000000,-0.003906
19999299,BNO_GYRO_UC,1975,-3400,0,0.005859,-0.117188,0.007812,0.001953,0.000000,-0.003906
20008644,BNO_GYRO_UC,1976,-3100,0,0.017578,-0.125000,0.017578,0.001953,0.000000,-0.003906
20019365,BNO_GYRO_UC,1977,-3200,0,0.009766,-0.136719,0.019531,0.001953,0.000000,-0.003906
20029154,BNO_GYRO_UC,1978,-2500,0,0.009766,-0.160156,0.023438,0.001953,0.000000,-0.003906
20039398,BNO_GYRO_UC,1979,-3200,0,0.005859,-0.175781,0.025391,0.001953,0.000000,-0.003906
20048828,BNO_GYRO_UC,1980,-3100,0,0.001953,-0.177734,0.017578,0.001953,0.000000,-0.003906
20059465,BNO_GYRO_UC,1981,-3200,0,0.029297,-0.146484,0.027344,0.001953,0.000000,-0.003906
20069438,BNO_GYRO_UC,1982,-2700,0,0.046875,-0.109375,0.027344,0.001953,0.000000,-0.003906
20079724,BNO_GYRO_UC,1983,-3200,0,0.007812,-0.074219,0.005859,0.001953,0.000000,-0.003906
20088938,BNO_GYRO_UC,1984,-3200,0,-0.001953,-0.033203,0.001953,0.001953,0.000000,-0.003906
20099528,BNO_GYRO_UC,1985,-3100,0,0.005859,0.001953,0.009766,0.001953,0.000000,-0.003906
20109469,BNO_GYRO_UC,1986,-2500,0,0.025391,0.039062,0.023438,0.001953,0.000000,-0.003906
20119765,BNO_GYRO_UC,1987,-3400,0,0.044922,0.050781,0.042969,0.001953,0.000000,-0.003906
20128908,BNO_GYRO_UC,1988,-3200,0,0.044922,0.037109,0.042969,0.001953,0.000000,-0.003906
20139576,BNO_GYRO_UC,1989,-3200,0,0.042969,0.019531,0.041016,0.001953,0.000000,-0.003906
20149619,BNO_GYRO_UC,1990,-2900,0,0.027344,0.007812,0.031250,0.001953,0.000000,-0.003906
20159875,BNO_GYRO_UC,1991,-3200,0,0.015625,-0.007812,0.019531,0.001953,0.000000,-0.003906
20168885,BNO_GYRO_UC,1992,-3100,0,0.005859,-0.048828,0.005859,0.001953,0.000000,-0.003906
20179734,BNO_GYRO_UC,1993,-3100,0,-0.007812,-0.097656,-0.005859,0.001953,0.000000,-0.003906
20189724,BNO_GYRO_UC,1994,-2900,0,-0.015625,-0.105469,-0.015625,0.001953,0.000000,-0.003906
20199863,BNO_GYRO_UC,1995,-3200,0,-0.031250,-0.117188,-0.025391,0.001953,0.000000,-0.003906
20209129,BNO_GYRO_UC,1996,-3200,0,-0.025391,-0.134766,-0.025391,0.001953,0.000000,-0.003906
20219781,BNO_GYRO_UC,1997,-3100,0,-0.009766,-0.111328,-0.011719,0.001953,0.000000,-0.003906
20229867,BNO_GYRO_UC,1998,-2700,0,-0.009766,-0.132812,-0.009766,0.001953,0.000000,-0.003906
20240117,BNO_GYRO_UC,1999,-3200,0,0.021484,-0.169922,0.019531,0.001953,0.000000,-0.003906
20249233,BNO_GYRO_UC,2000,-3100,0,0.015625,-0.158203,0.017578,0.001953,0.000000,-0.003906
20259113,BNO_GYRO_UC,2001,-3100,0,-0.003906,-0.199219,0.005859,0.001953,0.000000,-0.003906
20270368,BNO_GYRO_UC,2002,-3600,0,0.009766,-0.234375,0.003906,0.001953,0.000000,-0.003906
20279814,BNO_GYRO_UC,2003,-3200,0,-0.013672,-0.255859,-0.009766,0.001953,0.000000,-0.003906
20288953,BNO_GYRO_UC,2004,-2900,0,-0.009766,-0.269531,-0.011719,0.001953,0.000000,-0.003906
20299842,BNO_GYRO_UC,2005,-3200,0,-0.005859,-0.291016,-0.009766,0.001953,0.000000,-0.003906
20310401,BNO_GYRO_UC,2006,-3200,0,-0.037109,-0.330078,-0.027344,0.001953,0.000000,-0.003906
20319689,BNO_GYRO_UC,2007,-3100,0,-0.056641,-0.324219,-0.025391,0.001953,0.000000,-0.003906
20329409,BNO_GYRO_UC,2008,-3100,0,-0.046875,-0.306641,-0.009766,0.001953,0.000000,-0.003906
20339430,BNO_GYRO_UC,2009,-3200,0,-0.050781,-0.316406,-0.007812,0.001953,0.000000,-0.003906
20349729,BNO_GYRO_UC,2010,-3400,0,-0.011719,-0.261719,0.019531,0.001953,0.000000,-0.003906
20360084,BNO_GYRO_UC,2011,-3600,0,0.031250,-0.195312,0.033203,0.001953,0.000000,-0.003906
20369470,BNO_GYRO_UC,2012,-3200,0,0.019531,-0.162109,0.025391,0.001953,0.000000,-0.003906
20380103,BNO_GYRO_UC,2013,-3200,0,0.027344,-0.128906,0.031250,0.001953,0.000000,-0.003906
20390585,BNO_GYRO_UC,2014,-3100,0,0.021484,-0.123047,0.027344,0.001953,0.000000,-0.003906
20400017,BNO_GYRO_UC,2015,-2900,0,0.005859,-0.148438,0.021484,0.001953,0.000000,-0.003906
20409762,BNO_GYRO_UC,2016,-3200,0,0.015625,-0.166016,0.011719,0.001953,0.000000,-0.003906
20419491,BNO_GYRO_UC,2017,-3200,0,0.009766,-0.195312,0.003906,0.001953,0.000000,-0.003906
20429801,BNO_GYRO_UC,2018,-3400,0,0.019531,-0.214844,-0.001953,0.001953,0.000000,-0.003906
20439916,BNO_GYRO_UC,2019,-3200,0,0.000000,-0.203125,-0.005859,0.001953,0.000000,-0.003906
20449387,BNO_GYRO_UC,2020,-2900,0,-0.013672,-0.173828,-0.015625,0.001953,0.000000,-0.003906
20460133,BNO_GYRO_UC,2021,-3200,0,0.015625,-0.132812,0.000000,0.001953,0.000000,-0.003906
20470859,BNO_GYRO_UC,2022,-3200,0,0.015625,-0.119141,0.000000,0.001953,0.000000,-0.003906
20480263,BNO_GYRO_UC,2023,-2900,0,0.011719,-0.117188,0.000000,0.001953,0.000000,-0.003906
20490101,BNO_GYRO_UC,2024,-3100,0,0.015625,-0.115234,0.007812,0.001953,0.000000,-0.003906
20499679,BNO_GYRO_UC,2025,-3100,0,0.035156,-0.101562,0.015625,0.001953,0.000000,-0.003906
20510095,BNO_GYRO_UC,2026,-3400,0,0.019531,-0.091797,0.007812,0.001953,0.000000,-0.003906
20520662,BNO_GYRO_UC,2027,-3400,0,0.007812,-0.093750,0.000000,0.001953,0.000000,-0.003906
20529721,BNO_GYRO_UC,2028,-3200,0,0.027344,-0.097656,0.009766,0.001953,0.000000,-0.003906
20540547,BNO_GYRO_UC,2029,-3200,0,0.037109,-0.126953,0.005859,0.001953,0.000000,-0.003906
20550958,BNO_GYRO_UC,2030,-3200,0,0.021484,-0.156250,-0.003906,0.001953,0.000000,-0.003906
20560434,BNO_GYRO_UC,2031,-2700,0,0.011719,-0.193359,-0.003906,0.001953,0.000000,-0.003906
20569297,BNO_GYRO_UC,2032,-2500,0,-0.003906,-0.240234,-0.007812,0.001953,0.000000,-0.003906
20580229,BNO_GYRO_UC,2033,-3200,0,-0.005859,-0.242188,0.000000,0.001953,0.000000,-0.003906
20589842,BNO_GYRO_UC,2034,-3200,0,-0.013672,-0.251953,-0.001953,0.001953,0.000000,-0.003906
20600394,BNO_GYRO_UC,2035,-3200,0,-0.027344,-0.240234,-0.003906,0.001953,0.000000,-0.003906
20609364,BNO_GYRO_UC,2036,-2500,0,0.003906,-0.208984,0.041016,0.001953,0.000000,-0.003906
20620438,BNO_GYRO_UC,2037,-3200,0,0.009766,-0.181641,0.042969,0.001953,0.000000,-0.003906
20630009,BNO_GYRO_UC,2038,-3200,0,0.000000,-0.177734,0.031250,0.001953,0.000000,-0.003906
20640522,BNO_GYRO_UC,2039,-3200,0,0.007812,-0.183594,0.041016,0.001953,0.000000,-0.003906
20650221,BNO_GYRO_UC,2040,-3200,0,0.007812,-0.189453,0.037109,0.001953,0.000000,-0.003906
20660102,BNO_GYRO_UC,2041,-3100,0,0.029297,-0.193359,0.037109,0.001953,0.000000,-0.003906
20669997,BNO_GYRO_UC,2042,-3200,0,0.056641,-0.207031,0.044922,0.001953,0.000000,-0.003906
20680554,BNO_GYRO_UC,2043,-3100,0,0.054688,-0.228516,0.033203,0.001953,0.000000,-0.003906
20690175,BNO_GYRO_UC,2044,-3100,0,0.029297,-0.265625,0.013672,0.001953,0.000000,-0.003906
20699956,BNO_GYRO_UC,2045,-3100,0,-0.003906,-0.289062,0.001953,0.001953,0.000000,-0.003906
20710326,BNO_GYRO_UC,2046,-3200,0,0.007812,-0.259766,0.007812,0.001953,0.000000,-0.003906
20720912,BNO_GYRO_UC,2047,-3600,0,0.013672,-0.244141,0.001953,0.001953,0.000000,-0.003906
20730203,BNO_GYRO_UC,2048,-3100,0,-0.007812,-0.246094,-0.005859,0.001953,0.000000,-0.003906
20740171,BNO_GYRO_UC,2049,-3100,0,0.017578,-0.244141,0.007812,0.001953,0.000000,-0.003906
20750172,BNO_GYRO_UC,2050,-3200,0,0.023438,-0.232422,0.011719,0.001953,0.000000,-0.003906
20760747,BNO_GYRO_UC,2051,-3200,0,0.025391,-0.208984,0.007812,0.001953,0.000000,-0.003906
20770400,BNO_GYRO_UC,2052,-3100,0,0.037109,-0.197266,0.009766,0.001953,0.000000,-0.003906
20780240,BNO_GYRO_UC,2053,-3200,0,0.029297,-0.208984,0.013672,0.001953,0.000000,-0.003906
20790688,BNO_GYRO_UC,2054,-3200,0,-0.001953,-0.216797,-0.003906,0.001953,0.000000,-0.003906
20800753,BNO_GYRO_UC,2055,-2700,0,-0.023438,-0.244141,-0.007812,0.001953,0.000000,-0.003906
20810533,BNO_GYRO_UC,2056,-3100,0,-0.042969,-0.261719,-0.019531,0.001953,0.000000,-0.003906
20820410,BNO_GYRO_UC,2057,-3100,0,-0.060547,-0.269531,-0.025391,0.001953,0.000000,-0.003906
20830910,BNO_GYRO_UC,2058,-3200,0,-0.031250,-0.261719,-0.013672,0.001953,0.000000,-0.003906
20840727,BNO_GYRO_UC,2059,-2700,0,-0.015625,-0.263672,-0.007812,0.001953,0.000000,-0.003906
20851031,BNO_GYRO_UC,2060,-3200,0,0.001953,-0.253906,0.003906,0.001953,0.000000,-0.003906
20860529,BNO_GYRO_UC,2061,-3200,0,0.009766,-0.253906,0.007812,0.001953,0.000000,-0.003906
20870543,BNO_GYRO_UC,2062,-3100,0,0.025391,-0.232422,0.007812,0.001953,0.000000,-0.003906
20881097,BNO_GYRO_UC,2063,-3400,0,0.052734,-0.203125,0.017578,0.001953,0.000000,-0.003906
20891299,BNO_GYRO_UC,2064,-3400,0,0.083984,-0.177734,0.033203,0.001953,0.000000,-0.003906
20900575,BNO_GYRO_UC,2065,-3200,0,0.068359,-0.158203,0.039062,0.001953,0.000000,-0.003906
20911143,BNO_GYRO_UC,2066,-3200,0,0.074219,-0.152344,0.044922,0.001953,0.000000,-0.003906
20921032,BNO_GYRO_UC,2067,-2700,0,0.072266,-0.183594,0.042969,0.001953,0.000000,-0.003906
20931167,BNO_GYRO_UC,2068,-3400,0,0.062500,-0.210938,0.037109,0.001953,0.000000,-0.003906
20940596,BNO_GYRO_UC,2069,-3100,0,0.033203,-0.265625,0.023438,0.001953,0.000000,-0.003906
20951168,BNO_GYRO_UC,2070,-3200,0,0.037109,-0.294922,0.019531,0.001953,0.000000,-0.003906
20961238,BNO_GYRO_UC,2071,-2900,0,0.033203,-0.279297,0.017578,0.001953,0.000000,-0.003906
20971496,BNO_GYRO_UC,2072,-3400,0,0.039062,-0.255859,0.009766,0.001953,0.000000,-0.003906
20980685,BNO_GYRO_UC,2073,-3200,0,0.013672,-0.255859,0.001953,0.001953,0.000000,-0.003906
20991290,BNO_GYRO_UC,2074,-3100,0,-0.007812,-0.279297,-0.003906,0.001953,0.000000,-0.003906
21001260,BNO_GYRO_UC,2075,-2900,0,0.000000,-0.255859,-0.003906,0.001953,0.000000,-0.003906
21011444,BNO_GYRO_UC,2076,-3200,0,-0.011719,-0.220703,-0.007812,0.001953,0.000000,-0.003906
21020819,BNO_GYRO_UC,2077,-3200,0,0.013672,-0.205078,-0.001953,0.001953,0.000000,-0.003906
21031492,BNO_GYRO_UC,2078,-3200,0,0.017578,-0.207031,0.003906,0.001953,0.000000,-0.003906
21041477,BNO_GYRO_UC,2079,-2700,0,0.013672,-0.216797,0.000000,0.001953,0.000000,-0.003906
21051602,BNO_GYRO_UC,2080,-3400,0,0.009766,-0.220703,-0.001953,0.001953,0.000000,-0.003906
21060927,BNO_GYRO_UC,2081,-3100,0,-0.013672,-0.222656,-0.005859,0.001953,0.000000,-0.003906
21071608,BNO_GYRO_UC,2082,-3200,0,-0.023438,-0.208984,-0.009766,0.001953,0.000000,-0.003906
21081558,BNO_GYRO_UC,2083,-2900,0,-0.017578,-0.201172,-0.009766,0.001953,0.000000,-0.003906
21091680,BNO_GYRO_UC,2084,-3200,0,-0.003906,-0.222656,-0.007812,0.001953,0.000000,-0.003906
21100976,BNO_GYRO_UC,2085,-3200,0,-0.009766,-0.246094,-0.007812,0.001953,0.000000,-0.003906
21111744,BNO_GYRO_UC,2086,-3200,0,-0.013672,-0.234375,-0.007812,0.001953,0.000000,-0.003906
21121646,BNO_GYRO_UC,2087,-2900,0,-0.013672,-0.226562,-0.013672,0.001953,0.000000,-0.003906
21131898,BNO_GYRO_UC,2088,-3400,0,-0.033203,-0.224609,-0.019531,0.001953,0.000000,-0.003906
21141075,BNO_GYRO_UC,2089,-3200,0,-0.017578,-0.220703,-0.009766,0.001953,0.000000,-0.003906
21151913,BNO_GYRO_UC,2090,-3200,0,0.005859,-0.218750,0.007812,0.001953,0.000000,-0.003906
21161747,BNO_GYRO_UC,2091,-2700,0,0.005859,-0.207031,0.009766,0.001953,0.000000,-0.003906
21171901,BNO_GYRO_UC,2092,-3200,0,-0.013672,-0.193359,0.003906,0.001953,0.000000,-0.003906
21181075,BNO_GYRO_UC,2093,-3100,0,0.017578,-0.158203,-0.015625,0.001953,0.000000,-0.003906
21191723,BNO_GYRO_UC,2094,-3200,0,0.021484,-0.148438,0.001953,0.001953,0.000000,-0.003906
21202359,BNO_GYRO_UC,2095,-3200,0,-0.005859,-0.185547,-0.003906,0.001953,0.000000,-0.003906
21211853,BNO_GYRO_UC,2096,-3200,0,0.007812,-0.214844,0.001953,0.001953,0.000000,-0.003906
21221452,BNO_GYRO_UC,2097,-3100,0,0.023438,-0.228516,0.005859,0.001953,0.000000,-0.003906
21231295,BNO_GYRO_UC,2098,-3200,0,0.056641,-0.222656,0.007812,0.001953,0.000000,-0.003906
21241620,BNO_GYRO_UC,2099,-3600,0,0.056641,-0.205078,0.005859,0.001953,0.000000,-0.003906
21252048,BNO_GYRO_UC,2100,-3600,0,0.033203,-0.183594,0.000000,0.001953,0.000000,-0.003906
21261376,BNO_GYRO_UC,2101,-3100,0,0.015625,-0.146484,-0.001953,0.001953,0.000000,-0.003906
21272020,BNO_GYRO_UC,2102,-3100,0,-0.013672,-0.125000,0.003906,0.001953,0.000000,-0.003906
21282716,BNO_GYRO_UC,2103,-3400,0,-0.031250,-0.132812,0.009766,0.001953,0.000000,-0.003906
21292404,BNO_GYRO_UC,2104,-3400,0,-0.044922,-0.148438,0.007812,0.001953,0.000000,-0.003906
21301891,BNO_GYRO_UC,2105,-3200,0,-0.068359,-0.171875,0.009766,0.001953,0.000000,-0.003906
21311283,BNO_GYRO_UC,2106,-3100,0,-0.060547,-0.201172,0.011719,0.001953,0.000000,-0.003906
21321709,BNO_GYRO_UC,2107,-3600,0,-0.031250,-0.214844,0.013672,0.001953,0.000000,-0.003906
21331767,BNO_GYRO_UC,2108,-3100,0,-0.007812,-0.224609,0.007812,0.001953,0.000000,-0.003906
21340966,BNO_GYRO_UC,2109,-2500,0,-0.019531,-0.236328,0.003906,0.001953,0.000000,-0.003906
21351789,BNO_GYRO_UC,2110,-3200,0,-0.013672,-0.244141,0.001953,0.001953,0.000000,-0.003906
21361848,BNO_GYRO_UC,2111,-3400,0,-0.003906,-0.234375,-0.005859,0.001953,0.000000,-0.003906
21372183,BNO_GYRO_UC,2112,-3400,0,0.031250,-0.232422,-0.001953,0.001953,0.000000,-0.003906
21381138,BNO_GYRO_UC,2113,-2700,0,0.078125,-0.238281,0.015625,0.001953,0.000000,-0.003906
21391956,BNO_GYRO_UC,2114,-3200,0,0.056641,-0.230469,0.011719,0.001953,0.000000,-0.003906
21401664,BNO_GYRO_UC,2115,-3200,0,0.005859,-0.234375,-0.001953,0.001953,0.000000,-0.003906
21411930,BNO_GYRO_UC,2116,-3200,0,-0.027344,-0.224609,-0.003906,0.001953,0.000000,-0.003906
21421457,BNO_GYRO_UC,2117,-2900,0,-0.060547,-0.234375,-0.005859,0.001953,0.000000,-0.003906
21432074,BNO_GYRO_UC,2118,-3200,0,-0.052734,-0.259766,-0.003906,0.001953,0.000000,-0.003906
21441651,BNO_GYRO_UC,2119,-3200,0,0.009766,-0.261719,0.005859,0.001953,0.000000,-0.003906
21452195,BNO_GYRO_UC,2120,-3200,0,0.048828,-0.275391,0.009766,0.001953,0.000000,-0.003906
21461190,BNO_GYRO_UC,2121,-2500,0,0.066406,-0.289062,0.013672,0.001953,0.000000,-0.003906
21472180,BNO_GYRO_UC,2122,-3200,0,0.072266,-0.294922,0.013672,0.001953,0.000000,-0.003906
21481743,BNO_GYRO_UC,2123,-3100,0,0.068359,-0.275391,0.009766,0.001953,0.000000,-0.003906
21492215,BNO_GYRO_UC,2124,-3200,0,0.044922,-0.257812,0.009766,0.001953,0.000000,-0.003906
21501792,BNO_GYRO_UC,2125,-3100,0,0.025391,-0.228516,-0.003906,0.001953,0.000000,-0.003906
21512569,BNO_GYRO_UC,2126,-3200,0,0.031250,-0.191406,-0.007812,0.001953,0.000000,-0.003906
21521914,BNO_GYRO_UC,2127,-3200,0,0.009766,-0.162109,-0.007812,0.001953,0.000000,-0.003906
21532142,BNO_GYRO_UC,2128,-3200,0,0.015625,-0.123047,-0.003906,0.001953,0.000000,-0.003906
21541699,BNO_GYRO_UC,2129,-2900,0,0.044922,-0.107422,0.005859,0.001953,0.000000,-0.003906
21552534,BNO_GYRO_UC,2130,-3200,0,0.023438,-0.117188,-0.001953,0.001953,0.000000,-0.003906
21561958,BNO_GYRO_UC,2131,-3200,0,0.019531,-0.117188,0.000000,0.001953,0.000000,-0.003906
21572321,BNO_GYRO_UC,2132,-3100,0,0.039062,-0.126953,0.005859,0.001953,0.000000,-0.003906
21581281,BNO_GYRO_UC,2133,-2500,0,0.031250,-0.148438,0.007812,0.001953,0.000000,-0.003906
21592498,BNO_GYRO_UC,2134,-3200,0,0.031250,-0.160156,0.009766,0.001953,0.000000,-0.003906
21602104,BNO_GYRO_UC,2135,-3200,0,0.017578,-0.150391,0.005859,0.001953,0.000000,-0.003906
21612429,BNO_GYRO_UC,2136,-3100,0,0.005859,-0.150391,0.001953,0.001953,0.000000,-0.003906
21621495,BNO_GYRO_UC,2137,-2500,0,-0.001953,-0.144531,0.000000,0.001953,0.000000,-0.003906
21632395,BNO_GYRO_UC,2138,-3200,0,-0.003906,-0.136719,-0.005859,0.001953,0.000000,-0.003906
21642166,BNO_GYRO_UC,2139,-3200,0,-0.005859,-0.144531,-0.005859,0.001953,0.000000,-0.003906
21652507,BNO_GYRO_UC,2140,-3200,0,0.003906,-0.136719,-0.007812,0.001953,0.000000,-0.003906
21661643,BNO_GYRO_UC,2141,-2700,0,-0.001953,-0.130859,-0.007812,0.001953,0.000000,-0.003906
21672894,BNO_GYRO_UC,2142,-3200,0,-0.013672,-0.140625,-0.007812,0.001953,0.000000,-0.003906
21682337,BNO_GYRO_UC,2143,-3100,0,-0.013672,-0.175781,-0.009766,0.001953,0.000000,-0.003906
21692528,BNO_GYRO_UC,2144,-3200,0,-0.021484,-0.228516,-0.009766,0.001953,0.000000,-0.003906
21702793,BNO_GYRO_UC,2145,-3400,0,-0.007812,-0.275391,-0.007812,0.001953,0.000000,-0.003906
21712222,BNO_GYRO_UC,2146,-3100,0,0.019531,-0.312500,-0.009766,0.001953,0.000000,-0.003906
21722453,BNO_GYRO_UC,2147,-3200,0,0.033203,-0.324219,-0.001953,0.001953,0.000000,-0.003906
21732639,BNO_GYRO_UC,2148,-2900,0,0.017578,-0.322266,-0.001953,0.001953,0.000000,-0.003906
21742879,BNO_GYRO_UC,2149,-3400,0,0.015625,-0.320312,-0.003906,0.001953,0.000000,-0.003906
21752140,BNO_GYRO_UC,2150,-3100,0,0.017578,-0.328125,-0.003906,0.001953,0.000000,-0.003906
21762906,BNO_GYRO_UC,2151,-3200,0,0.001953,-0.318359,0.000000,0.001953,0.000000,-0.003906
21772863,BNO_GYRO_UC,2152,-2900,0,0.013672,-0.302734,-0.001953,0.001953,0.000000,-0.003906
21783061,BNO_GYRO_UC,2153,-3400,0,0.009766,-0.302734,0.003906,0.001953,0.000000,-0.003906
21792286,BNO_GYRO_UC,2154,-3100,0,-0.031250,-0.294922,0.003906,0.001953,0.000000,-0.003906
21803097,BNO_GYRO_UC,2155,-3200,0,-0.042969,-0.271484,-0.001953,0.001953,0.000000,-0.003906
21813538,BNO_GYRO_UC,2156,-3200,0,-0.048828,-0.251953,-0.007812,0.001953,0.000000,-0.003906
21822607,BNO_GYRO_UC,2157,-3200,0,-0.037109,-0.208984,-0.013672,0.001953,0.000000,-0.003906
21832395,BNO_GYRO_UC,2158,-3100,0,0.003906,-0.193359,-0.007812,0.001953,0.000000,-0.003906
21843186,BNO_GYRO_UC,2159,-3200,0,-0.003906,-0.208984,-0.003906,0.001953,0.000000,-0.003906
21853027,BNO_GYRO_UC,2160,-2700,0,-0.001953,-0.220703,-0.001953,0.001953,0.000000,-0.003906
21863223,BNO_GYRO_UC,2161,-3200,0,0.003906,-0.216797,0.005859,0.001953,0.000000,-0.003906
21872641,BNO_GYRO_UC,2162,-3200,0,0.007812,-0.193359,0.007812,0.001953,0.000000,-0.003906
21883210,BNO_GYRO_UC,2163,-3200,0,0.005859,-0.164062,0.003906,0.001953,0.000000,-0.003906
21893151,BNO_GYRO_UC,2164,-2700,0,-0.003906,-0.140625,0.000000,0.001953,0.000000,-0.003906
21903341,BNO_GYRO_UC,2165,-3200,0,-0.011719,-0.134766,-0.005859,0.001953,0.000000,-0.003906
21912631,BNO_GYRO_UC,2166,-3100,0,-0.009766,-0.128906,-0.005859,0.001953,0.000000,-0.003906
21923277,BNO_GYRO_UC,2167,-3200,0,-0.005859,-0.128906,-0.005859,0.001953,0.000000,-0.003906
21933231,BNO_GYRO_UC,2168,-2700,0,-0.005859,-0.138672,-0.003906,0.001953,0.000000,-0.003906
21943513,BNO_GYRO_UC,2169,-3200,0,-0.007812,-0.146484,-0.003906,0.001953,0.000000,-0.003906
21952813,BNO_GYRO_UC,2170,-3200,0,0.005859,-0.150391,-0.003906,0.001953,0.000000,-0.003906
21963595,BNO_GYRO_UC,2171,-3200,0,0.029297,-0.158203,0.001953,0.001953,0.000000,-0.003906
21973490,BNO_GYRO_UC,2172,-2700,0,0.031250,-0.158203,0.007812,0.001953,0.000000,-0.003906
21983292,BNO_GYRO_UC,2173,-3400,0,0.009766,-0.148438,-0.001953,0.001953,0.000000,-0.003906
21993035,BNO_GYRO_UC,2174,-3200,0,-0.009766,-0.156250,-0.007812,0.001953,0.000000,-0.003906
22002792,BNO_GYRO_UC,2175,-3100,0,-0.017578,-0.160156,-0.009766,0.001953,0.000000,-0.003906
22014116,BNO_GYRO_UC,2176,-3800,0,-0.027344,-0.167969,-0.011719,0.001953,0.000000,-0.003906
22023644,BNO_GYRO_UC,2177,-3400,0,-0.025391,-0.189453,-0.011719,0.001953,0.000000,-0.003906
22033114,BNO_GYRO_UC,2178,-3100,0,-0.011719,-0.218750,-0.007812,0.001953,0.000000,-0.003906
22042873,BNO_GYRO_UC,2179,-3100,0,0.005859,-0.228516,-0.003906,0.001953,0.000000,-0.003906
22053510,BNO_GYRO_UC,2180,-3400,0,0.011719,-0.236328,-0.001953,0.001953,0.000000,-0.003906
22063694,BNO_GYRO_UC,2181,-3200,0,0.005859,-0.250000,-0.007812,0.001953,0.000000,-0.003906
22073052,BNO_GYRO_UC,2182,-3100,0,0.000000,-0.259766,-0.007812,0.001953,0.000000,-0.003906
22083100,BNO_GYRO_UC,2183,-3200,0,-0.003906,-0.250000,-0.007812,0.001953,0.000000,-0.003906
22093785,BNO_GYRO_UC,2184,-3400,0,0.031250,-0.228516,-0.001953,0.001953,0.000000,-0.003906
22103491,BNO_GYRO_UC,2185,-3100,0,0.035156,-0.230469,0.003906,0.001953,0.000000,-0.003906
22113012,BNO_GYRO_UC,2186,-3100,0,0.007812,-0.253906,0.003906,0.001953,0.000000,-0.003906
22123921,BNO_GYRO_UC,2187,-3200,0,0.000000,-0.263672,0.003906,0.001953,0.000000,-0.003906
22133868,BNO_GYRO_UC,2188,-2700,0,-0.013672,-0.253906,0.005859,0.001953,0.000000,-0.003906
22143555,BNO_GYRO_UC,2189,-3100,0,-0.011719,-0.208984,0.001953,0.001953,0.000000,-0.003906
22153184,BNO_GYRO_UC,2190,-3200,0,0.019531,-0.173828,0.005859,0.001953,0.000000,-0.003906
22163878,BNO_GYRO_UC,2191,-3100,0,0.048828,-0.175781,0.007812,0.001953,0.000000,-0.003906
22173980,BNO_GYRO_UC,2192,-2900,0,0.046875,-0.199219,0.005859,0.001953,0.000000,-0.003906
22184325,BNO_GYRO_UC,2193,-3600,0,0.025391,-0.212891,0.001953,0.001953,0.000000,-0.003906
22193759,BNO_GYRO_UC,2194,-3200,0,0.005859,-0.230469,0.001953,0.001953,0.000000,-0.003906
22203175,BNO_GYRO_UC,2195,-3100,0,0.005859,-0.232422,0.005859,0.001953,0.000000,-0.003906
22213619,BNO_GYRO_UC,2196,-3400,0,-0.003906,-0.230469,0.005859,0.001953,0.000000,-0.003906
22223889,BNO_GYRO_UC,2197,-3400,0,0.000000,-0.236328,0.001953,0.001953,0.000000,-0.003906
22233200,BNO_GYRO_UC,2198,-3100,0,-0.005859,-0.253906,-0.005859,0.001953,0.000000,-0.003906
22244112,BNO_GYRO_UC,2199,-3200,0,-0.021484,-0.251953,-0.009766,0.001953,0.000000,-0.003906
22254679,BNO_GYRO_UC,2200,-3400,0,-0.019531,-0.244141,-0.009766,0.001953,0.000000,-0.003906
22264191,BNO_GYRO_UC,2201,-2900,0,-0.019531,-0.232422,-0.009766,0.001953,0.000000,-0.003906
22273904,BNO_GYRO_UC,2202,-3200,0,-0.027344,-0.222656,-0.009766,0.001953,0.000000,-0.003906
22283457,BNO_GYRO_UC,2203,-3200,0,-0.015625,-0.230469,-0.005859,0.001953,0.000000,-0.003906
22293844,BNO_GYRO_UC,2204,-3600,0,-0.001953,-0.250000,0.003906,0.001953,0.000000,-0.003906
22304318,BNO_GYRO_UC,2205,-3600,0,-0.001953,-0.263672,0.005859,0.001953,0.000000,-0.003906
22313466,BNO_GYRO_UC,2206,-3200,0,0.013672,-0.259766,0.005859,0.001953,0.000000,-0.003906
22324253,BNO_GYRO_UC,2207,-3200,0,0.001953,-0.259766,0.003906,0.001953,0.000000,-0.003906
22334840,BNO_GYRO_UC,2208,-3200,0,-0.029297,-0.255859,-0.001953,0.001953,0.000000,-0.003906
22344263,BNO_GYRO_UC,2209,-2900,0,-0.021484,-0.246094,0.000000,0.001953,0.000000,-0.003906
22353021,BNO_GYRO_UC,2210,-2700,0,-0.013672,-0.220703,-0.001953,0.001953,0.000000,-0.003906
22363822,BNO_GYRO_UC,2211,-3200,0,-0.013672,-0.173828,0.000000,0.001953,0.000000,-0.003906
22373548,BNO_GYRO_UC,2212,-3100,0,-0.027344,-0.166016,0.001953,0.001953,0.000000,-0.003906
22384146,BNO_GYRO_UC,2213,-3200,0,-0.017578,-0.152344,0.003906,0.001953,0.000000,-0.003906
22393132,BNO_GYRO_UC,2214,-2500,0,-0.013672,-0.130859,0.003906,0.001953,0.000000,-0.003906
22403994,BNO_GYRO_UC,2215,-3200,0,0.013672,-0.097656,0.007812,0.001953,0.000000,-0.003906
22413664,BNO_GYRO_UC,2216,-3100,0,0.007812,-0.087891,0.009766,0.001953,0.000000,-0.003906
22423995,BNO_GYRO_UC,2217,-3200,0,-0.009766,-0.115234,0.007812,0.001953,0.000000,-0.003906
22433231,BNO_GYRO_UC,2218,-2700,0,0.001953,-0.134766,0.007812,0.001953,0.000000,-0.003906
22444236,BNO_GYRO_UC,2219,-3200,0,0.021484,-0.160156,0.005859,0.001953,0.000000,-0.003906
22453654,BNO_GYRO_UC,2220,-3100,0,0.009766,-0.181641,0.005859,0.001953,0.000000,-0.003906
22464244,BNO_GYRO_UC,2221,-3200,0,0.011719,-0.187500,0.003906,0.001953,0.000000,-0.003906
22473162,BNO_GYRO_UC,2222,-2700,0,-0.009766,-0.207031,-0.001953,0.001953,0.000000,-0.003906
22484234,BNO_GYRO_UC,2223,-3100,0,-0.027344,-0.230469,-0.001953,0.001953,0.000000,-0.003906
22493917,BNO_GYRO_UC,2224,-3100,0,-0.017578,-0.259766,0.001953,0.001953,0.000000,-0.003906
22504220,BNO_GYRO_UC,2225,-3100,0,0.000000,-0.281250,0.001953,0.001953,0.000000,-0.003906
22513467,BNO_GYRO_UC,2226,-2700,0,0.011719,-0.285156,0.003906,0.001953,0.000000,-0.003906
22524587,BNO_GYRO_UC,2227,-3200,0,0.013672,-0.277344,0.003906,0.001953,0.000000,-0.003906
22534035,BNO_GYRO_UC,2228,-3100,0,0.017578,-0.271484,0.000000,0.001953,0.000000,-0.003906
22544461,BNO_GYRO_UC,2229,-3100,0,-0.003906,-0.279297,-0.001953,0.001953,0.000000,-0.003906
22553410,BNO_GYRO_UC,2230,-2500,0,-0.007812,-0.244141,-0.001953,0.001953,0.000000,-0.003906
22564650,BNO_GYRO_UC,2231,-3200,0,-0.007812,-0.218750,-0.001953,0.001953,0.000000,-0.003906
22574072,BNO_GYRO_UC,2232,-3200,0,-0.031250,-0.207031,0.000000,0.001953,0.000000,-0.003906
22584517,BNO_GYRO_UC,2233,-3200,0,-0.039062,-0.201172,-0.001953,0.001953,0.000000,-0.003906
22593688,BNO_GYRO_UC,2234,-2900,0,-0.054688,-0.185547,-0.003906,0.001953,0.000000,-0.003906
22604925,BNO_GYRO_UC,2235,-3200,0,-0.068359,-0.177734,-0.007812,0.001953,0.000000,-0.003906
22614421,BNO_GYRO_UC,2236,-3100,0,-0.041016,-0.167969,-0.013672,0.001953,0.000000,-0.003906
22624615,BNO_GYRO_UC,2237,-3100,0,0.009766,-0.162109,-0.011719,0.001953,0.000000,-0.003906
22634330,BNO_GYRO_UC,2238,-3100,0,0.044922,-0.152344,0.000000,0.001953,0.000000,-0.003906
22644240,BNO_GYRO_UC,2239,-3200,0,0.042969,-0.144531,0.003906,0.001953,0.000000,-0.003906
22654667,BNO_GYRO_UC,2240,-3200,0,0.029297,-0.162109,0.000000,0.001953,0.000000,-0.003906
22664730,BNO_GYRO_UC,2241,-2700,0,0.017578,-0.173828,-0.001953,0.001953,0.000000,-0.003906
22674936,BNO_GYRO_UC,2242,-3200,0,0.009766,-0.158203,-0.001953,0.001953,0.000000,-0.003906
22684354,BNO_GYRO_UC,2243,-3200,0,0.027344,-0.134766,-0.005859,0.001953,0.000000,-0.003906
22694791,BNO_GYRO_UC,2244,-3200,0,0.060547,-0.140625,-0.005859,0.001953,0.000000,-0.003906
22704804,BNO_GYRO_UC,2245,-2700,0,0.042969,-0.144531,-0.005859,0.001953,0.000000,-0.003906
22715005,BNO_GYRO_UC,2246,-3200,0,0.013672,-0.156250,-0.011719,0.001953,0.000000,-0.003906
22724309,BNO_GYRO_UC,2247,-3100,0,-0.005859,-0.158203,-0.013672,0.001953,0.000000,-0.003906
22734935,BNO_GYRO_UC,2248,-3200,0,-0.033203,-0.171875,-0.017578,0.001953,0.000000,-0.003906
22745156,BNO_GYRO_UC,2249,-3100,0,-0.017578,-0.181641,-0.017578,0.001953,0.000000,-0.003906
22755259,BNO_GYRO_UC,2250,-3200,0,0.017578,-0.169922,-0.015625,0.001953,0.000000,-0.003906
22764622,BNO_GYRO_UC,2251,-3200,0,0.009766,-0.152344,-0.015625,0.001953,0.000000,-0.003906
22775220,BNO_GYRO_UC,2252,-3400,0,0.013672,-0.166016,-0.009766,0.001953,0.000000,-0.003906
22785257,BNO_GYRO_UC,2253,-3100,0,0.023438,-0.195312,-0.011719,0.001953,0.000000,-0.003906
22795143,BNO_GYRO_UC,2254,-3600,0,0.007812,-0.207031,-0.009766,0.001953,0.000000,-0.003906
22804917,BNO_GYRO_UC,2255,-3200,0,0.001953,-0.220703,-0.009766,0.001953,0.000000,-0.003906
22815421,BNO_GYRO_UC,2256,-3400,0,-0.005859,-0.228516,-0.007812,0.001953,0.000000,-0.003906
22825511,BNO_GYRO_UC,2257,-3100,0,-0.025391,-0.222656,-0.009766,0.001953,0.000000,-0.003906
22835297,BNO_GYRO_UC,2258,-3600,0,-0.033203,-0.203125,-0.005859,0.001953,0.000000,-0.003906
22845152,BNO_GYRO_UC,2259,-3400,0,-0.025391,-0.191406,-0.001953,0.001953,0.000000,-0.003906
22854861,BNO_GYRO_UC,2260,-3400,0,-0.027344,-0.175781,0.001953,0.001953,0.000000,-0.003906
22865558,BNO_GYRO_UC,2261,-3800,0,-0.003906,-0.191406,-0.003906,0.001953,0.000000,-0.003906
22874992,BNO_GYRO_UC,2262,-3200,0,0.013672,-0.218750,-0.007812,0.001953,0.000000,-0.003906
22884540,BNO_GYRO_UC,2263,-3100,0,0.033203,-0.222656,-0.005859,0.001953,0.000000,-0.003906
22895310,BNO_GYRO_UC,2264,-3200,0,0.031250,-0.212891,0.001953,0.001953,0.000000,-0.003906
22905703,BNO_GYRO_UC,2265,-3200,0,0.017578,-0.210938,0.005859,0.001953,0.000000,-0.003906
22915392,BNO_GYRO_UC,2266,-3600,0,0.007812,-0.191406,0.009766,0.001953,0.000000,-0.003906
22925131,BNO_GYRO_UC,2267,-3100,0,-0.017578,-0.156250,0.007812,0.001953,0.000000,-0.003906
22934665,BNO_GYRO_UC,2268,-3200,0,-0.019531,-0.162109,0.009766,0.001953,0.000000,-0.003906
22945816,BNO_GYRO_UC,2269,-3600,0,-0.019531,-0.173828,0.003906,0.001953,0.000000,-0.003906
22955363,BNO_GYRO_UC,2270,-3200,0,-0.021484,-0.177734,-0.001953,0.001953,0.000000,-0.003906
22964868,BNO_GYRO_UC,2271,-3100,0,-0.021484,-0.175781,-0.003906,0.001953,0.000000,-0.003906
22975631,BNO_GYRO_UC,2272,-3200,0,-0.003906,-0.175781,-0.007812,0.001953,0.000000,-0.003906
22985526,BNO_GYRO_UC,2273,-2700,0,0.023438,-0.166016,-0.007812,0.001953,0.000000,-0.003906
22995883,BNO_GYRO_UC,2274,-3200,0,0.019531,-0.156250,-0.007812,0.001953,0.000000,-0.003906
23005197,BNO_GYRO_UC,2275,-3200,0,0.005859,-0.150391,-0.003906,0.001953,0.000000,-0.003906
23015012,BNO_GYRO_UC,2276,-3100,0,-0.009766,-0.146484,-0.001953,0.001953,0.000000,-0.003906
23025645,BNO_GYRO_UC,2277,-3400,0,-0.015625,-0.152344,-0.001953,0.001953,0.000000,-0.003906
23035922,BNO_GYRO_UC,2278,-3600,0,-0.019531,-0.144531,0.000000,0.001953,0.000000,-0.003906
23045110,BNO_GYRO_UC,2279,-3100,0,-0.009766,-0.117188,0.000000,0.001953,0.000000,-0.003906
23055106,BNO_GYRO_UC,2280,-3200,0,0.000000,-0.095703,-0.003906,0.001953,0.000000,-0.003906
23065385,BNO_GYRO_UC,2281,-3400,0,-0.015625,-0.085938,-0.003906,0.001953,0.000000,-0.003906
23076024,BNO_GYRO_UC,2282,-3600,0,-0.025391,-0.064453,-0.001953,0.001953,0.000000,-0.003906
23084982,BNO_GYRO_UC,2283,-3200,0,-0.021484,-0.041016,-0.001953,0.001953,0.000000,-0.003906
23095524,BNO_GYRO_UC,2284,-3100,0,-0.013672,-0.035156,-0.001953,0.001953,0.000000,-0.003906
23105413,BNO_GYRO_UC,2285,-3400,0,0.015625,-0.019531,0.001953,0.001953,0.000000,-0.003906
23115430,BNO_GYRO_UC,2286,-2900,0,0.005859,0.003906,0.000000,0.001953,0.000000,-0.003906
23124856,BNO_GYRO_UC,2287,-2900,0,0.042969,0.009766,-0.005859,0.001953,0.000000,-0.003906
23135390,BNO_GYRO_UC,2288,-3200,0,0.052734,-0.011719,-0.013672,0.001953,0.000000,-0.003906
23146292,BNO_GYRO_UC,2289,-3600,0,0.027344,-0.052734,-0.021484,0.001953,0.000000,-0.003906
23155768,BNO_GYRO_UC,2290,-2900,0,0.005859,-0.087891,-0.021484,0.001953,0.000000,-0.003906
23164694,BNO_GYRO_UC,2291,-2500,0,-0.005859,-0.113281,-0.015625,0.001953,0.000000,-0.003906
23175333,BNO_GYRO_UC,2292,-3100,0,-0.013672,-0.119141,-0.009766,0.001953,0.000000,-0.003906
23185588,BNO_GYRO_UC,2293,-3400,0,-0.025391,-0.087891,0.000000,0.001953,0.000000,-0.003906
23195772,BNO_GYRO_UC,2294,-3200,0,-0.035156,-0.041016,0.003906,0.001953,0.000000,-0.003906
23204711,BNO_GYRO_UC,2295,-2500,0,-0.029297,0.007812,0.003906,0.001953,0.000000,-0.003906
23215503,BNO_GYRO_UC,2296,-3200,0,-0.011719,0.033203,0.001953,0.001953,0.000000,-0.003906
23225409,BNO_GYRO_UC,2297,-3100,0,-0.007812,0.039062,-0.005859,0.001953,0.000000,-0.003906
23235862,BNO_GYRO_UC,2298,-3400,0,-0.001953,0.050781,-0.009766,0.001953,0.000000,-0.003906
23245257,BNO_GYRO_UC,2299,-3100,0,0.003906,0.052734,-0.013672,0.001953,0.000000,-0.003906
23255916,BNO_GYRO_UC,2300,-3200,0,0.009766,0.042969,-0.005859,0.001953,0.000000,-0.003906
23265367,BNO_GYRO_UC,2301,-3100,0,0.021484,0.039062,-0.005859,0.001953,0.000000,-0.003906
23275910,BNO_GYRO_UC,2302,-3200,0,0.033203,0.041016,0.001953,0.001953,0.000000,-0.003906
23284913,BNO_GYRO_UC,2303,-2500,0,0.025391,0.046875,0.001953,0.001953,0.000000,-0.003906
23295835,BNO_GYRO_UC,2304,-3200,0,0.027344,0.031250,-0.001953,0.001953,0.000000,-0.003906
23305554,BNO_GYRO_UC,2305,-3100,0,0.007812,0.015625,-0.007812,0.001953,0.000000,-0.003906
23315902,BNO_GYRO_UC,2306,-3100,0,-0.009766,0.007812,-0.005859,0.001953,0.000000,-0.003906
23324993,BNO_GYRO_UC,2307,-2500,0,-0.005859,0.003906,-0.013672,0.001953,0.000000,-0.003906
23335913,BNO_GYRO_UC,2308,-3100,0,-0.019531,0.003906,-0.013672,0.001953,0.000000,-0.003906
23345613,BNO_GYRO_UC,2309,-3200,0,-0.031250,0.015625,-0.013672,0.001953,0.000000,-0.003906
23356052,BNO_GYRO_UC,2310,-3100,0,-0.072266,0.021484,-0.023438,0.001953,0.000000,-0.003906
23365147,BNO_GYRO_UC,2311,-2500,0,-0.054688,0.005859,-0.001953,0.001953,0.000000,-0.003906
23376054,BNO_GYRO_UC,2312,-3200,0,-0.015625,0.044922,-0.001953,0.001953,0.000000,-0.003906
23385641,BNO_GYRO_UC,2313,-3100,0,0.003906,0.066406,0.001953,0.001953,0.000000,-0.003906
23396206,BNO_GYRO_UC,2314,-3100,0,0.029297,0.062500,0.001953,0.001953,0.000000,-0.003906
23405202,BNO_GYRO_UC,2315,-2500,0,0.052734,0.062500,-0.001953,0.001953,0.000000,-0.003906
23416269,BNO_GYRO_UC,2316,-3100,0,0.033203,0.087891,-0.001953,0.001953,0.000000,-0.003906
23425680,BNO_GYRO_UC,2317,-3100,0,0.052734,0.097656,-0.001953,0.001953,0.000000,-0.003906
23436204,BNO_GYRO_UC,2318,-3200,0,0.027344,0.052734,-0.001953,0.001953,0.000000,-0.003906
23445242,BNO_GYRO_UC,2319,-2500,0,0.021484,0.048828,-0.001953,0.001953,0.000000,-0.003906
23456315,BNO_GYRO_UC,2320,-3100,0,0.035156,0.048828,-0.005859,0.001953,0.000000,-0.003906
23465844,BNO_GYRO_UC,2321,-3100,0,0.021484,0.009766,-0.003906,0.001953,0.000000,-0.003906
23476379,BNO_GYRO_UC,2322,-3200,0,-0.007812,-0.009766,-0.003906,0.001953,0.000000,-0.003906
23485417,BNO_GYRO_UC,2323,-2500,0,-0.003906,-0.019531,-0.003906,0.001953,0.000000,-0.003906
23496548,BNO_GYRO_UC,2324,-3200,0,0.003906,-0.019531,-0.001953,0.001953,0.000000,-0.003906
23505862,BNO_GYRO_UC,2325,-3100,0,-0.017578,-0.011719,0.000000,0.001953,0.000000,-0.003906
23517000,BNO_GYRO_UC,2326,-3600,0,0.003906,-0.017578,0.000000,0.001953,0.000000,-0.003906
23526427,BNO_GYRO_UC,2327,-3400,0,0.007812,-0.025391,0.003906,0.001953,0.000000,-0.003906
23535999,BNO_GYRO_UC,2328,-3100,0,0.001953,-0.029297,0.005859,0.001953,0.000000,-0.003906
23546371,BNO_GYRO_UC,2329,-3200,0,-0.003906,-0.027344,0.001953,0.001953,0.000000,-0.003906
23556511,BNO_GYRO_UC,2330,-2900,0,-0.005859,-0.019531,-0.001953,0.001953,0.000000,-0.003906
23566678,BNO_GYRO_UC,2331,-3400,0,-0.009766,-0.005859,-0.003906,0.001953,0.000000,-0.003906
23576389,BNO_GYRO_UC,2332,-3200,0,-0.013672,-0.007812,-0.005859,0.001953,0.000000,-0.003906
23586272,BNO_GYRO_UC,2333,-3200,0,0.013672,-0.005859,-0.005859,0.001953,0.000000,-0.003906
23596884,BNO_GYRO_UC,2334,-3400,0,0.021484,0.009766,-0.007812,0.001953,0.000000,-0.003906
23606541,BNO_GYRO_UC,2335,-3400,0,0.029297,0.015625,-0.001953,0.001953,0.000000,-0.003906
23616368,BNO_GYRO_UC,2336,-3400,0,0.031250,0.013672,0.001953,0.001953,0.000000,-0.003906
23626796,BNO_GYRO_UC,2337,-3400,0,0.009766,0.013672,0.007812,0.001953,0.000000,-0.003906
23636872,BNO_GYRO_UC,2338,-3100,0,0.005859,0.013672,0.009766,0.001953,0.000000,-0.003906
23647135,BNO_GYRO_UC,2339,-3200,0,0.015625,0.003906,0.009766,0.001953,0.000000,-0.003906
23656505,BNO_GYRO_UC,2340,-3400,0,0.017578,-0.003906,0.007812,0.001953,0.000000,-0.003906
23667152,BNO_GYRO_UC,2341,-3400,0,-0.003906,-0.011719,-0.003906,0.001953,0.000000,-0.003906
23677122,BNO_GYRO_UC,2342,-2900,0,0.009766,-0.025391,-0.007812,0.001953,0.000000,-0.003906
23686717,BNO_GYRO_UC,2343,-3600,0,0.009766,-0.025391,-0.013672,0.001953,0.000000,-0.003906
23696433,BNO_GYRO_UC,2344,-3400,0,-0.001953,-0.029297,-0.017578,0.001953,0.000000,-0.003906
23707273,BNO_GYRO_UC,2345,-3400,0,0.011719,-0.039062,-0.019531,0.001953,0.000000,-0.003906
23717347,BNO_GYRO_UC,2346,-3100,0,0.009766,-0.039062,-0.017578,0.001953,0.000000,-0.003906
23727129,BNO_GYRO_UC,2347,-3800,0,0.017578,-0.041016,-0.009766,0.001953,0.000000,-0.003906
23736800,BNO_GYRO_UC,2348,-3200,0,0.023438,-0.039062,-0.003906,0.001953,0.000000,-0.003906
23746684,BNO_GYRO_UC,2349,-3200,0,0.013672,-0.025391,0.001953,0.001953,0.000000,-0.003906
23757808,BNO_GYRO_UC,2350,-4200,0,-0.003906,-0.005859,0.005859,0.001953,0.000000,-0.003906
23767189,BNO_GYRO_UC,2351,-3200,0,-0.005859,-0.001953,0.005859,0.001953,0.000000,-0.003906
23776713,BNO_GYRO_UC,2352,-3400,0,-0.005859,0.009766,0.001953,0.001953,0.000000,-0.003906
23787609,BNO_GYRO_UC,2353,-3400,0,-0.007812,0.013672,-0.003906,0.001953,0.000000,-0.003906
23797671,BNO_GYRO_UC,2354,-3100,0,-0.001953,-0.013672,-0.007812,0.001953,0.000000,-0.003906
23807442,BNO_GYRO_UC,2355,-3600,0,-0.005859,-0.037109,-0.009766,0.001953,0.000000,-0.003906
23816995,BNO_GYRO_UC,2356,-3200,0,0.000000,-0.050781,-0.015625,0.001953,0.000000,-0.003906
23826699,BNO_GYRO_UC,2357,-3200,0,0.015625,-0.072266,-0.021484,0.001953,0.000000,-0.003906
23837958,BNO_GYRO_UC,2358,-4000,0,0.001953,-0.099609,-0.019531,0.001953,0.000000,-0.003906
23847627,BNO_GYRO_UC,2359,-3800,0,-0.003906,-0.109375,-0.017578,0.001953,0.000000,-0.003906
23857337,BNO_GYRO_UC,2360,-3200,0,-0.007812,-0.111328,-0.015625,0.001953,0.000000,-0.003906
23866962,BNO_GYRO_UC,2361,-3200,0,-0.011719,-0.111328,-0.015625,0.001953,0.000000,-0.003906
23877883,BNO_GYRO_UC,2362,-3800,0,-0.003906,-0.109375,-0.017578,0.001953,0.000000,-0.003906
23887477,BNO_GYRO_UC,2363,-3600,0,0.023438,-0.115234,-0.015625,0.001953,0.000000,-0.003906
23897325,BNO_GYRO_UC,2364,-3200,0,0.025391,-0.113281,-0.013672,0.001953,0.000000,-0.003906
23906976,BNO_GYRO_UC,2365,-3400,0,0.007812,-0.121094,-0.015625,0.001953,0.000000,-0.003906
23917923,BNO_GYRO_UC,2366,-3800,0,0.005859,-0.132812,-0.013672,0.001953,0.000000,-0.003906
23927583,BNO_GYRO_UC,2367,-3400,0,0.005859,-0.136719,-0.013672,0.001953,0.000000,-0.003906
23937268,BNO_GYRO_UC,2368,-3200,0,-0.009766,-0.166016,-0.013672,0.001953,0.000000,-0.003906
23946869,BNO_GYRO_UC,2369,-3100,0,-0.025391,-0.197266,-0.013672,0.001953,0.000000,-0.003906
23957292,BNO_GYRO_UC,2370,-3400,0,-0.025391,-0.228516,-0.009766,0.001953,0.000000,-0.003906
23967623,BNO_GYRO_UC,2371,-3400,0,-0.039062,-0.251953,-0.009766,0.001953,0.000000,-0.003906
23976983,BNO_GYRO_UC,2372,-3100,0,-0.001953,-0.275391,-0.015625,0.001953,0.000000,-0.003906
23987811,BNO_GYRO_UC,2373,-3100,0,0.044922,-0.318359,-0.019531,0.001953,0.000000,-0.003906
23997345,BNO_GYRO_UC,2374,-3600,0,0.072266,-0.359375,-0.029297,0.001953,0.000000,-0.003906
24007392,BNO_GYRO_UC,2375,-2900,0,0.097656,-0.408203,-0.033203,0.001953,0.000000,-0.003906
24016907,BNO_GYRO_UC,2376,-2900,0,0.087891,-0.429688,-0.027344,0.001953,0.000000,-0.003906
24026995,BNO_GYRO_UC,2377,-3100,0,0.056641,-0.421875,-0.001953,0.001953,0.000000,-0.003906
24037472,BNO_GYRO_UC,2378,-3400,0,0.041016,-0.386719,-0.017578,0.001953,0.000000,-0.003906
24047899,BNO_GYRO_UC,2379,-3400,0,0.025391,-0.339844,-0.019531,0.001953,0.000000,-0.003906
24057186,BNO_GYRO_UC,2380,-3200,0,0.015625,-0.275391,0.001953,0.001953,0.000000,-0.003906
24067823,BNO_GYRO_UC,2381,-3100,0,-0.023438,-0.214844,0.017578,0.001953,0.000000,-0.003906
24078493,BNO_GYRO_UC,2382,-3200,0,-0.048828,-0.185547,0.013672,0.001953,0.000000,-0.003906
24087994,BNO_GYRO_UC,2383,-3100,0,-0.031250,-0.166016,0.007812,0.001953,0.000000,-0.003906
24097717,BNO_GYRO_UC,2384,-3100,0,0.000000,-0.093750,-0.003906,0.001953,0.000000,-0.003906
24107205,BNO_GYRO_UC,2385,-3200,0,0.039062,-0.031250,-0.005859,0.001953,0.000000,-0.003906
24117522,BNO_GYRO_UC,2386,-3400,0,0.052734,-0.041016,-0.021484,0.001953,0.000000,-0.003906
24127765,BNO_GYRO_UC,2387,-3200,0,0.058594,-0.060547,-0.025391,0.001953,0.000000,-0.003906
24136892,BNO_GYRO_UC,2388,-2700,0,0.042969,-0.078125,-0.021484,0.001953,0.000000,-0.003906
24147582,BNO_GYRO_UC,2389,-3200,0,0.039062,-0.087891,-0.005859,0.001953,0.000000,-0.003906
24157307,BNO_GYRO_UC,2390,-3100,0,0.054688,-0.099609,0.005859,0.001953,0.000000,-0.003906
24167821,BNO_GYRO_UC,2391,-3200,0,0.046875,-0.138672,0.013672,0.001953,0.000000,-0.003906
24176699,BNO_GYRO_UC,2392,-2500,0,0.013672,-0.158203,0.013672,0.001953,0.000000,-0.003906
24187780,BNO_GYRO_UC,2393,-3100,0,-0.041016,-0.134766,0.005859,0.001953,0.000000,-0.003906
24197413,BNO_GYRO_UC,2394,-3100,0,-0.064453,-0.103516,-0.005859,0.001953,0.000000,-0.003906
24207921,BNO_GYRO_UC,2395,-3200,0,-0.050781,-0.144531,-0.005859,0.001953,0.000000,-0.003906
24216906,BNO_GYRO_UC,2396,-2700,0,-0.031250,-0.156250,-0.003906,0.001953,0.000000,-0.003906
24227892,BNO_GYRO_UC,2397,-3100,0,-0.017578,-0.140625,-0.001953,0.001953,0.000000,-0.003906
24237450,BNO_GYRO_UC,2398,-3100,0,0.033203,-0.164062,-0.013672,0.001953,0.000000,-0.003906
24248039,BNO_GYRO_UC,2399,-3200,0,0.050781,-0.242188,-0.011719,0.001953,0.000000,-0.003906
24257726,BNO_GYRO_UC,2400,-3100,0,0.044922,-0.244141,-0.017578,0.001953,0.000000,-0.003906
24267511,BNO_GYRO_UC,2401,-3200,0,0.044922,-0.203125,-0.025391,0.001953,0.000000,-0.003906
24277665,BNO_GYRO_UC,2402,-3100,0,0.042969,-0.205078,-0.021484,0.001953,0.000000,-0.003906
24287942,BNO_GYRO_UC,2403,-3200,0,0.027344,-0.238281,-0.013672,0.001953,0.000000,-0.003906
24297418,BNO_GYRO_UC,2404,-2900,0,-0.027344,-0.240234,-0.005859,0.001953,0.000000,-0.003906
24308360,BNO_GYRO_UC,2405,-3200,0,-0.052734,-0.199219,0.000000,0.001953,0.000000,-0.003906
24317812,BNO_GYRO_UC,2406,-3100,0,-0.033203,-0.226562,0.000000,0.001953,0.000000,-0.003906
24328100,BNO_GYRO_UC,2407,-3100,0,-0.031250,-0.281250,0.005859,0.001953,0.000000,-0.003906
24337336,BNO_GYRO_UC,2408,-2700,0,-0.021484,-0.253906,-0.001953,0.001953,0.000000,-0.003906
24348442,BNO_GYRO_UC,2409,-3200,0,-0.042969,-0.250000,-0.015625,0.001953,0.000000,-0.003906
24357843,BNO_GYRO_UC,2410,-3100,0,0.001953,-0.281250,-0.027344,0.001953,0.000000,-0.003906
24368170,BNO_GYRO_UC,2411,-3200,0,0.000000,-0.294922,-0.019531,0.001953,0.000000,-0.003906
24378206,BNO_GYRO_UC,2412,-3200,0,-0.037109,-0.300781,-0.015625,0.001953,0.000000,-0.003906
24387801,BNO_GYRO_UC,2413,-3100,0,-0.023438,-0.310547,-0.007812,0.001953,0.000000,-0.003906
24397845,BNO_GYRO_UC,2414,-3200,0,-0.031250,-0.310547,-0.001953,0.001953,0.000000,-0.003906
24408341,BNO_GYRO_UC,2415,-3100,0,-0.050781,-0.277344,0.007812,0.001953,0.000000,-0.003906
24417924,BNO_GYRO_UC,2416,-3100,0,-0.035156,-0.273438,0.009766,0.001953,0.000000,-0.003906
24427928,BNO_GYRO_UC,2417,-3200,0,-0.019531,-0.251953,0.009766,0.001953,0.000000,-0.003906
24438456,BNO_GYRO_UC,2418,-3200,0,0.013672,-0.230469,-0.003906,0.001953,0.000000,-0.003906
24448328,BNO_GYRO_UC,2419,-2900,0,0.011719,-0.238281,-0.009766,0.001953,0.000000,-0.003906
24458557,BNO_GYRO_UC,2420,-3200,0,0.000000,-0.224609,-0.013672,0.001953,0.000000,-0.003906
24468024,BNO_GYRO_UC,2421,-3100,0,0.001953,-0.232422,-0.021484,0.001953,0.000000,-0.003906
24478526,BNO_GYRO_UC,2422,-3200,0,0.001953,-0.240234,-0.013672,0.001953,0.000000,-0.003906
24488508,BNO_GYRO_UC,2423,-2700,0,0.013672,-0.244141,-0.005859,0.001953,0.000000,-0.003906
24498673,BNO_GYRO_UC,2424,-3200,0,0.001953,-0.251953,0.003906,0.001953,0.000000,-0.003906
24508171,BNO_GYRO_UC,2425,-3200,0,0.007812,-0.240234,0.003906,0.001953,0.000000,-0.003906
24518795,BNO_GYRO_UC,2426,-3200,0,-0.017578,-0.246094,-0.001953,0.001953,0.000000,-0.003906
24528592,BNO_GYRO_UC,2427,-2700,0,-0.050781,-0.253906,-0.003906,0.001953,0.000000,-0.003906
24538762,BNO_GYRO_UC,2428,-3200,0,-0.041016,-0.263672,-0.009766,0.001953,0.000000,-0.003906
24548158,BNO_GYRO_UC,2429,-3200,0,-0.009766,-0.322266,-0.003906,0.001953,0.000000,-0.003906
24558760,BNO_GYRO_UC,2430,-3200,0,-0.005859,-0.320312,-0.005859,0.001953,0.000000,-0.003906
24568801,BNO_GYRO_UC,2431,-2700,0,-0.013672,-0.292969,-0.001953,0.001953,0.000000,-0.003906
24579011,BNO_GYRO_UC,2432,-3400,0,-0.005859,-0.275391,-0.001953,0.001953,0.000000,-0.003906
24588161,BNO_GYRO_UC,2433,-3100,0,0.007812,-0.250000,-0.009766,0.001953,0.000000,-0.003906
24598986,BNO_GYRO_UC,2434,-3200,0,0.025391,-0.242188,-0.009766,0.001953,0.000000,-0.003906
24608910,BNO_GYRO_UC,2435,-2900,0,0.033203,-0.257812,-0.009766,0.001953,0.000000,-0.003906
24619171,BNO_GYRO_UC,2436,-3200,0,0.001953,-0.263672,-0.003906,0.001953,0.000000,-0.003906
24628471,BNO_GYRO_UC,2437,-3200,0,-0.025391,-0.269531,-0.001953,0.001953,0.000000,-0.003906
24639177,BNO_GYRO_UC,2438,-3200,0,-0.013672,-0.242188,-0.003906,0.001953,0.000000,-0.003906
24649101,BNO_GYRO_UC,2439,-2900,0,-0.005859,-0.214844,-0.003906,0.001953,0.000000,-0.003906
24659316,BNO_GYRO_UC,2440,-3200,0,0.017578,-0.234375,-0.015625,0.001953,0.000000,-0.003906
24668396,BNO_GYRO_UC,2441,-3200,0,-0.015625,-0.273438,-0.017578,0.001953,0.000000,-0.003906
24679051,BNO_GYRO_UC,2442,-3200,0,-0.027344,-0.287109,-0.013672,0.001953,0.000000,-0.003906
24689009,BNO_GYRO_UC,2443,-2700,0,-0.015625,-0.289062,-0.007812,0.001953,0.000000,-0.003906
24699344,BNO_GYRO_UC,2444,-3200,0,-0.019531,-0.277344,0.001953,0.001953,0.000000,-0.003906
24708553,BNO_GYRO_UC,2445,-3200,0,0.001953,-0.257812,0.003906,0.001953,0.000000,-0.003906
24719351,BNO_GYRO_UC,2446,-3200,0,0.005859,-0.250000,0.007812,0.001953,0.000000,-0.003906
24729272,BNO_GYRO_UC,2447,-2700,0,-0.011719,-0.246094,0.001953,0.001953,0.000000,-0.003906
24739535,BNO_GYRO_UC,2448,-3400,0,-0.011719,-0.257812,-0.009766,0.001953,0.000000,-0.003906
24748695,BNO_GYRO_UC,2449,-3200,0,0.003906,-0.267578,-0.021484,0.001953,0.000000,-0.003906
24759438,BNO_GYRO_UC,2450,-3200,0,-0.005859,-0.275391,-0.025391,0.001953,0.000000,-0.003906
24769283,BNO_GYRO_UC,2451,-2700,0,-0.031250,-0.267578,-0.019531,0.001953,0.000000,-0.003906
24779436,BNO_GYRO_UC,2452,-3200,0,-0.037109,-0.269531,-0.003906,0.001953,0.000000,-0.003906
24788615,BNO_GYRO_UC,2453,-3100,0,-0.017578,-0.292969,-0.003906,0.001953,0.000000,-0.003906
24799471,BNO_GYRO_UC,2454,-3200,0,-0.042969,-0.277344,0.003906,0.001953,0.000000,-0.003906
24809966,BNO_GYRO_UC,2455,-3200,0,-0.060547,-0.269531,0.000000,0.001953,0.000000,-0.003906
24819380,BNO_GYRO_UC,2456,-3200,0,-0.056641,-0.255859,-0.003906,0.001953,0.000000,-0.003906
24828948,BNO_GYRO_UC,2457,-3100,0,-0.054688,-0.234375,0.001953,0.001953,0.000000,-0.003906
24838777,BNO_GYRO_UC,2458,-3100,0,-0.042969,-0.207031,-0.007812,0.001953,0.000000,-0.003906
24849160,BNO_GYRO_UC,2459,-3600,0,-0.060547,-0.173828,-0.007812,0.001953,0.000000,-0.003906
24859662,BNO_GYRO_UC,2460,-3600,0,-0.091797,-0.117188,0.000000,0.001953,0.000000,-0.003906
24868836,BNO_GYRO_UC,2461,-3100,0,-0.074219,-0.068359,0.005859,0.001953,0.000000,-0.003906
24879537,BNO_GYRO_UC,2462,-3200,0,-0.054688,-0.052734,0.003906,0.001953,0.000000,-0.003906
24890229,BNO_GYRO_UC,2463,-3200,0,0.021484,-0.117188,0.000000,0.001953,0.000000,-0.003906
24899850,BNO_GYRO_UC,2464,-3400,0,0.037109,-0.173828,0.003906,0.001953,0.000000,-0.003906
24909369,BNO_GYRO_UC,2465,-3200,0,0.009766,-0.171875,0.015625,0.001953,0.000000,-0.003906
24918865,BNO_GYRO_UC,2466,-3100,0,-0.027344,-0.138672,0.015625,0.001953,0.000000,-0.003906
24929258,BNO_GYRO_UC,2467,-3600,0,-0.003906,-0.146484,0.005859,0.001953,0.000000,-0.003906
24939372,BNO_GYRO_UC,2468,-3100,0,0.005859,-0.175781,-0.003906,0.001953,0.000000,-0.003906
24948998,BNO_GYRO_UC,2469,-3100,0,0.003906,-0.197266,-0.003906,0.001953,0.000000,-0.003906
24959572,BNO_GYRO_UC,2470,-3200,0,0.021484,-0.222656,-0.007812,0.001953,0.000000,-0.003906
24970190,BNO_GYRO_UC,2471,-3200,0,0.031250,-0.255859,-0.013672,0.001953,0.000000,-0.003906
24979674,BNO_GYRO_UC,2472,-2700,0,0.042969,-0.281250,-0.017578,0.001953,0.000000,-0.003906
24988514,BNO_GYRO_UC,2473,-2500,0,0.029297,-0.312500,-0.019531,0.001953,0.000000,-0.003906
24999339,BNO_GYRO_UC,2474,-3200,0,0.033203,-0.337891,-0.021484,0.001953,0.000000,-0.003906
25009466,BNO_GYRO_UC,2475,-3400,0,0.042969,-0.353516,-0.015625,0.001953,0.000000,-0.003906
25019900,BNO_GYRO_UC,2476,-3600,0,0.052734,-0.345703,-0.019531,0.001953,0.000000,-0.003906
25029249,BNO_GYRO_UC,2477,-3100,0,0.060547,-0.347656,-0.027344,0.001953,0.000000,-0.003906
25039122,BNO_GYRO_UC,2478,-3100,0,0.044922,-0.347656,-0.023438,0.001953,0.000000,-0.003906
25049248,BNO_GYRO_UC,2479,-3200,0,0.027344,-0.328125,-0.025391,0.001953,0.000000,-0.003906
25059666,BNO_GYRO_UC,2480,-3200,0,0.003906,-0.287109,-0.013672,0.001953,0.000000,-0.003906
25069301,BNO_GYRO_UC,2481,-3200,0,0.000000,-0.263672,-0.005859,0.001953,0.000000,-0.003906
25079188,BNO_GYRO_UC,2482,-3100,0,-0.005859,-0.238281,-0.005859,0.001953,0.000000,-0.003906
25090632,BNO_GYRO_UC,2483,-3800,0,-0.035156,-0.238281,-0.001953,0.001953,0.000000,-0.003906
25100421,BNO_GYRO_UC,2484,-3100,0,-0.029297,-0.251953,-0.007812,0.001953,0.000000,-0.003906
25109371,BNO_GYRO_UC,2485,-3200,0,-0.056641,-0.259766,0.000000,0.001953,0.000000,-0.003906
25120037,BNO_GYRO_UC,2486,-3200,0,-0.080078,-0.253906,0.007812,0.001953,0.000000,-0.003906
25129527,BNO_GYRO_UC,2487,-3200,0,-0.080078,-0.230469,0.009766,0.001953,0.000000,-0.003906
25139836,BNO_GYRO_UC,2488,-3100,0,-0.076172,-0.207031,0.009766,0.001953,0.000000,-0.003906
25148940,BNO_GYRO_UC,2489,-2700,0,-0.064453,-0.197266,0.005859,0.001953,0.000000,-0.003906
25159829,BNO_GYRO_UC,2490,-3200,0,-0.029297,-0.208984,-0.025391,0.001953,0.000000,-0.003906
25169390,BNO_GYRO_UC,2491,-3100,0,-0.029297,-0.240234,-0.013672,0.001953,0.000000,-0.003906
25180600,BNO_GYRO_UC,2492,-3600,0,-0.046875,-0.250000,-0.009766,0.001953,0.000000,-0.003906
25189659,BNO_GYRO_UC,2493,-3200,0,-0.039062,-0.238281,-0.005859,0.001953,0.000000,-0.003906
25199611,BNO_GYRO_UC,2494,-3100,0,-0.042969,-0.242188,-0.001953,0.001953,0.000000,-0.003906
25209537,BNO_GYRO_UC,2495,-3200,0,-0.039062,-0.242188,0.001953,0.001953,0.000000,-0.003906
25220039,BNO_GYRO_UC,2496,-3200,0,-0.021484,-0.232422,-0.001953,0.001953,0.000000,-0.003906
25228926,BNO_GYRO_UC,2497,-2700,0,0.011719,-0.265625,-0.021484,0.001953,0.000000,-0.003906
25240105,BNO_GYRO_UC,2498,-3200,0,0.011719,-0.310547,-0.025391,0.001953,0.000000,-0.003906
25249521,BNO_GYRO_UC,2499,-3100,0,0.013672,-0.333984,-0.029297,0.001953,0.000000,-0.003906
25260758,BNO_GYRO_UC,2500,-3600,0,0.001953,-0.341797,-0.023438,0.001953,0.000000,-0.003906
25269938,BNO_GYRO_UC,2501,-3200,0,-0.007812,-0.363281,-0.021484,0.001953,0.000000,-0.003906
25279697,BNO_GYRO_UC,2502,-3200,0,-0.005859,-0.365234,-0.021484,0.001953,0.000000,-0.003906
25290086,BNO_GYRO_UC,2503,-3200,0,0.013672,-0.369141,-0.025391,0.001953,0.000000,-0.003906
25300119,BNO_GYRO_UC,2504,-2700,0,0.031250,-0.353516,-0.029297,0.001953,0.000000,-0.003906
25310124,BNO_GYRO_UC,2505,-3200,0,0.019531,-0.316406,-0.021484,0.001953,0.000000,-0.003906
25319738,BNO_GYRO_UC,2506,-3100,0,0.007812,-0.281250,-0.011719,0.001953,0.000000,-0.003906
25330366,BNO_GYRO_UC,2507,-3200,0,-0.007812,-0.248047,-0.011719,0.001953,0.000000,-0.003906
25340182,BNO_GYRO_UC,2508,-2500,0,-0.021484,-0.187500,-0.013672,0.001953,0.000000,-0.003906
25350238,BNO_GYRO_UC,2509,-3200,0,-0.009766,-0.140625,-0.011719,0.001953,0.000000,-0.003906
25359788,BNO_GYRO_UC,2510,-3100,0,-0.017578,-0.113281,-0.009766,0.001953,0.000000,-0.003906
25370517,BNO_GYRO_UC,2511,-3200,0,0.009766,-0.126953,-0.019531,0.001953,0.000000,-0.003906
25380233,BNO_GYRO_UC,2512,-2700,0,0.029297,-0.169922,-0.023438,0.001953,0.000000,-0.003906
25390585,BNO_GYRO_UC,2513,-3200,0,0.033203,-0.197266,-0.021484,0.001953,0.000000,-0.003906
25399906,BNO_GYRO_UC,2514,-3200,0,0.033203,-0.203125,-0.019531,0.001953,0.000000,-0.003906
25410688,BNO_GYRO_UC,2515,-3200,0,0.017578,-0.201172,-0.019531,0.001953,0.000000,-0.003906
25420490,BNO_GYRO_UC,2516,-2700,0,0.003906,-0.207031,-0.007812,0.001953,0.000000,-0.003906
25430769,BNO_GYRO_UC,2517,-3200,0,-0.025391,-0.220703,-0.003906,0.001953,0.000000,-0.003906
25440090,BNO_GYRO_UC,2518,-3200,0,-0.031250,-0.230469,-0.007812,0.001953,0.000000,-0.003906
25450613,BNO_GYRO_UC,2519,-3100,0,-0.009766,-0.259766,-0.013672,0.001953,0.000000,-0.003906
25460478,BNO_GYRO_UC,2520,-2900,0,0.005859,-0.285156,-0.017578,0.001953,0.000000,-0.003906
25470719,BNO_GYRO_UC,2521,-3200,0,0.005859,-0.300781,-0.021484,0.001953,0.000000,-0.003906
25480129,BNO_GYRO_UC,2522,-3100,0,-0.013672,-0.310547,-0.019531,0.001953,0.000000,-0.003906
25490880,BNO_GYRO_UC,2523,-3200,0,-0.027344,-0.292969,-0.005859,0.001953,0.000000,-0.003906
25500777,BNO_GYRO_UC,2524,-2700,0,-0.054688,-0.251953,0.005859,0.001953,0.000000,-0.003906
25511028,BNO_GYRO_UC,2525,-3200,0,-0.062500,-0.210938,0.017578,0.001953,0.000000,-0.003906
25520276,BNO_GYRO_UC,2526,-3100,0,-0.046875,-0.158203,0.015625,0.001953,0.000000,-0.003906
25530746,BNO_GYRO_UC,2527,-3200,0,-0.017578,-0.128906,0.013672,0.001953,0.000000,-0.003906
25541050,BNO_GYRO_UC,2528,-3100,0,-0.025391,-0.134766,0.007812,0.001953,0.000000,-0.003906
25550654,BNO_GYRO_UC,2529,-3400,0,-0.019531,-0.134766,-0.003906,0.001953,0.000000,-0.003906
25560288,BNO_GYRO_UC,2530,-3100,0,-0.001953,-0.130859,-0.015625,0.001953,0.000000,-0.003906
25570953,BNO_GYRO_UC,2531,-3200,0,0.031250,-0.146484,-0.027344,0.001953,0.000000,-0.003906
25581265,BNO_GYRO_UC,2532,-3200,0,0.033203,-0.150391,-0.025391,0.001953,0.000000,-0.003906
25590769,BNO_GYRO_UC,2533,-3200,0,0.037109,-0.126953,-0.017578,0.001953,0.000000,-0.003906
25600313,BNO_GYRO_UC,2534,-3100,0,0.025391,-0.099609,-0.005859,0.001953,0.000000,-0.003906
25610974,BNO_GYRO_UC,2535,-3200,0,0.000000,-0.070312,0.003906,0.001953,0.000000,-0.003906
25620875,BNO_GYRO_UC,2536,-2500,0,-0.007812,-0.062500,0.011719,0.001953,0.000000,-0.003906
25631204,BNO_GYRO_UC,2537,-3400,0,-0.029297,-0.072266,0.017578,0.001953,0.000000,-0.003906
25640556,BNO_GYRO_UC,2538,-3100,0,-0.013672,-0.103516,0.005859,0.001953,0.000000,-0.003906
25650445,BNO_GYRO_UC,2539,-3200,0,0.025391,-0.126953,-0.007812,0.001953,0.000000,-0.003906
25661149,BNO_GYRO_UC,2540,-3400,0,0.041016,-0.144531,-0.015625,0.001953,0.000000,-0.003906
25671300,BNO_GYRO_UC,2541,-3200,0,0.044922,-0.140625,-0.017578,0.001953,0.000000,-0.003906
25680558,BNO_GYRO_UC,2542,-3200,0,0.056641,-0.175781,-0.031250,0.001953,0.000000,-0.003906
25691383,BNO_GYRO_UC,2543,-3200,0,0.031250,-0.208984,-0.021484,0.001953,0.000000,-0.003906
25701269,BNO_GYRO_UC,2544,-2700,0,-0.007812,-0.218750,-0.013672,0.001953,0.000000,-0.003906
25711036,BNO_GYRO_UC,2545,-2900,0,-0.005859,-0.244141,-0.017578,0.001953,0.000000,-0.003906
25720588,BNO_GYRO_UC,2546,-3200,0,0.001953,-0.263672,-0.019531,0.001953,0.000000,-0.003906
25731380,BNO_GYRO_UC,2547,-3200,0,-0.003906,-0.271484,-0.013672,0.001953,0.000000,-0.003906
25741091,BNO_GYRO_UC,2548,-3600,0,0.000000,-0.283203,-0.013672,0.001953,0.000000,-0.003906
25751151,BNO_GYRO_UC,2549,-3100,0,0.001953,-0.289062,-0.015625,0.001953,0.000000,-0.003906
25760756,BNO_GYRO_UC,2550,-3200,0,-0.017578,-0.283203,0.000000,0.001953,0.000000,-0.003906
25771564,BNO_GYRO_UC,2551,-3200,0,-0.041016,-0.238281,0.009766,0.001953,0.000000,-0.003906
25781229,BNO_GYRO_UC,2552,-3600,0,-0.037109,-0.207031,0.009766,0.001953,0.000000,-0.003906
25791574,BNO_GYRO_UC,2553,-3400,0,-0.033203,-0.177734,0.003906,0.001953,0.000000,-0.003906
25800918,BNO_GYRO_UC,2554,-3200,0,-0.019531,-0.173828,-0.001953,0.001953,0.000000,-0.003906
25810840,BNO_GYRO_UC,2555,-3100,0,-0.013672,-0.173828,-0.007812,0.001953,0.000000,-0.003906
25821166,BNO_GYRO_UC,2556,-3400,0,-0.031250,-0.164062,-0.001953,0.001953,0.000000,-0.003906
25831911,BNO_GYRO_UC,2557,-3800,0,-0.037109,-0.164062,0.005859,0.001953,0.000000,-0.003906
25840849,BNO_GYRO_UC,2558,-3200,0,-0.041016,-0.166016,0.007812,0.001953,0.000000,-0.003906
25850965,BNO_GYRO_UC,2559,-3100,0,-0.007812,-0.169922,0.001953,0.001953,0.000000,-0.003906
25861264,BNO_GYRO_UC,2560,-3400,0,0.021484,-0.183594,-0.009766,0.001953,0.000000,-0.003906
25871638,BNO_GYRO_UC,2561,-3400,0,0.025391,-0.195312,-0.021484,0.001953,0.000000,-0.003906
25881018,BNO_GYRO_UC,2562,-3100,0,0.003906,-0.191406,-0.017578,0.001953,0.000000,-0.003906
25891709,BNO_GYRO_UC,2563,-3200,0,-0.019531,-0.166016,-0.007812,0.001953,0.000000,-0.003906
25901455,BNO_GYRO_UC,2564,-3400,0,-0.031250,-0.156250,-0.007812,0.001953,0.000000,-0.003906
25911957,BNO_GYRO_UC,2565,-3600,0,-0.029297,-0.164062,-0.003906,0.001953,0.000000,-0.003906
25921060,BNO_GYRO_UC,2566,-3100,0,-0.035156,-0.193359,0.001953,0.001953,0.000000,-0.003906
25931816,BNO_GYRO_UC,2567,-3200,0,-0.011719,-0.228516,-0.003906,0.001953,0.000000,-0.003906
25942470,BNO_GYRO_UC,2568,-3400,0,-0.017578,-0.238281,-0.001953,0.001953,0.000000,-0.003906
25951921,BNO_GYRO_UC,2569,-2900,0,-0.021484,-0.216797,0.007812,0.001953,0.000000,-0.003906
25961655,BNO_GYRO_UC,2570,-3100,0,-0.007812,-0.205078,0.001953,0.001953,0.000000,-0.003906
25971240,BNO_GYRO_UC,2571,-3200,0,-0.005859,-0.185547,0.001953,0.001953,0.000000,-0.003906
25981178,BNO_GYRO_UC,2572,-3100,0,-0.011719,-0.162109,0.003906,0.001953,0.000000,-0.003906
25991678,BNO_GYRO_UC,2573,-3200,0,-0.013672,-0.148438,-0.001953,0.001953,0.000000,-0.003906
26001306,BNO_GYRO_UC,2574,-3200,0,-0.015625,-0.132812,0.000000,0.001953,0.000000,-0.003906
26011268,BNO_GYRO_UC,2575,-3200,0,-0.015625,-0.136719,-0.001953,0.001953,0.000000,-0.003906
26021346,BNO_GYRO_UC,2576,-3200,0,-0.013672,-0.148438,0.001953,0.001953,0.000000,-0.003906
26031724,BNO_GYRO_UC,2577,-3200,0,-0.017578,-0.148438,0.003906,0.001953,0.000000,-0.003906
26040785,BNO_GYRO_UC,2578,-2900,0,-0.029297,-0.146484,0.007812,0.001953,0.000000,-0.003906
26052026,BNO_GYRO_UC,2579,-3400,0,-0.029297,-0.156250,0.003906,0.001953,0.000000,-0.003906
26061719,BNO_GYRO_UC,2580,-3400,0,-0.025391,-0.169922,0.000000,0.001953,0.000000,-0.003906
26072370,BNO_GYRO_UC,2581,-3600,0,-0.001953,-0.201172,-0.017578,0.001953,0.000000,-0.003906
26081826,BNO_GYRO_UC,2582,-3600,0,-0.003906,-0.236328,-0.011719,0.001953,0.000000,-0.003906
26091473,BNO_GYRO_UC,2583,-3400,0,-0.009766,-0.246094,-0.005859,0.001953,0.000000,-0.003906
26101611,BNO_GYRO_UC,2584,-3200,0,-0.011719,-0.207031,-0.001953,0.001953,0.000000,-0.003906
26112078,BNO_GYRO_UC,2585,-3400,0,-0.009766,-0.185547,0.001953,0.001953,0.000000,-0.003906
26121393,BNO_GYRO_UC,2586,-3100,0,-0.003906,-0.181641,0.001953,0.001953,0.000000,-0.003906
26131707,BNO_GYRO_UC,2587,-3400,0,-0.007812,-0.166016,0.000000,0.001953,0.000000,-0.003906
26141644,BNO_GYRO_UC,2588,-3400,0,-0.019531,-0.136719,0.000000,0.001953,0.000000,-0.003906
26152083,BNO_GYRO_UC,2589,-3400,0,-0.005859,-0.117188,-0.003906,0.001953,0.000000,-0.003906
26161355,BNO_GYRO_UC,2590,-3100,0,-0.009766,-0.103516,0.003906,0.001953,0.000000,-0.003906
26171691,BNO_GYRO_UC,2591,-3200,0,-0.005859,-0.083984,0.009766,0.001953,0.000000,-0.003906
26181829,BNO_GYRO_UC,2592,-3200,0,0.009766,-0.064453,0.007812,0.001953,0.000000,-0.003906
26192411,BNO_GYRO_UC,2593,-3800,0,0.019531,-0.039062,-0.001953,0.001953,0.000000,-0.003906
26201537,BNO_GYRO_UC,2594,-2900,0,0.025391,-0.017578,-0.005859,0.001953,0.000000,-0.003906
26211458,BNO_GYRO_UC,2595,-3100,0,0.019531,-0.017578,-0.005859,0.001953,0.000000,-0.003906
26221860,BNO_GYRO_UC,2596,-3200,0,0.013672,-0.015625,-0.003906,0.001953,0.000000,-0.003906
26232124,BNO_GYRO_UC,2597,-3100,0,0.021484,-0.013672,-0.007812,0.001953,0.000000,-0.003906
26242398,BNO_GYRO_UC,2598,-3200,0,0.019531,-0.009766,-0.007812,0.001953,0.000000,-0.003906
26251697,BNO_GYRO_UC,2599,-3100,0,0.015625,-0.005859,-0.011719,0.001953,0.000000,-0.003906
26262129,BNO_GYRO_UC,2600,-3200,0,0.025391,-0.019531,-0.009766,0.001953,0.000000,-0.003906
26272189,BNO_GYRO_UC,2601,-2900,0,0.015625,-0.037109,-0.009766,0.001953,0.000000,-0.003906
26282385,BNO_GYRO_UC,2602,-3200,0,0.013672,-0.042969,-0.011719,0.001953,0.000000,-0.003906
26291782,BNO_GYRO_UC,2603,-3200,0,0.015625,-0.044922,-0.007812,0.001953,0.000000,-0.003906
26302328,BNO_GYRO_UC,2604,-3200,0,0.007812,-0.048828,-0.003906,0.001953,0.000000,-0.003906
26312248,BNO_GYRO_UC,2605,-2900,0,0.009766,-0.052734,-0.003906,0.001953,0.000000,-0.003906
26322432,BNO_GYRO_UC,2606,-3200,0,-0.003906,-0.058594,0.003906,0.001953,0.000000,-0.003906
26331929,BNO_GYRO_UC,2607,-3100,0,-0.001953,-0.068359,-0.003906,0.001953,0.000000,-0.003906
26342561,BNO_GYRO_UC,2608,-3200,0,-0.001953,-0.060547,0.001953,0.001953,0.000000,-0.003906
26352568,BNO_GYRO_UC,2609,-2900,0,0.009766,-0.048828,-0.003906,0.001953,0.000000,-0.003906
26362679,BNO_GYRO_UC,2610,-3200,0,0.027344,-0.056641,-0.015625,0.001953,0.000000,-0.003906
26371913,BNO_GYRO_UC,2611,-3100,0,0.029297,-0.052734,-0.017578,0.001953,0.000000,-0.003906
26382437,BNO_GYRO_UC,2612,-3100,0,0.021484,-0.042969,-0.015625,0.001953,0.000000,-0.003906
26392785,BNO_GYRO_UC,2613,-3100,0,0.013672,-0.031250,-0.007812,0.001953,0.000000,-0.003906
26402459,BNO_GYRO_UC,2614,-3400,0,0.013672,-0.013672,-0.005859,0.001953,0.000000,-0.003906
26411935,BNO_GYRO_UC,2615,-3100,0,0.013672,-0.003906,-0.005859,0.001953,0.000000,-0.003906
26422623,BNO_GYRO_UC,2616,-3100,0,0.019531,-0.011719,-0.015625,0.001953,0.000000,-0.003906
26433046,BNO_GYRO_UC,2617,-3200,0,0.013672,-0.021484,-0.021484,0.001953,0.000000,-0.003906
26442565,BNO_GYRO_UC,2618,-3200,0,0.015625,-0.019531,-0.021484,0.001953,0.000000,-0.003906
26452086,BNO_GYRO_UC,2619,-3100,0,0.025391,-0.007812,-0.023438,0.001953,0.000000,-0.003906
26462784,BNO_GYRO_UC,2620,-3200,0,0.007812,0.021484,-0.015625,0.001953,0.000000,-0.003906
26472729,BNO_GYRO_UC,2621,-2500,0,0.007812,0.041016,-0.007812,0.001953,0.000000,-0.003906
26483044,BNO_GYRO_UC,2622,-3200,0,0.015625,0.048828,-0.007812,0.001953,0.000000,-0.003906
26492253,BNO_GYRO_UC,2623,-3100,0,0.017578,0.042969,-0.009766,0.001953,0.000000,-0.003906
26503061,BNO_GYRO_UC,2624,-3200,0,0.009766,0.039062,-0.009766,0.001953,0.000000,-0.003906
26513061,BNO_GYRO_UC,2625,-2900,0,0.015625,0.033203,-0.019531,0.001953,0.000000,-0.003906
26523186,BNO_GYRO_UC,2626,-3200,0,0.017578,0.021484,-0.027344,0.001953,0.000000,-0.003906
26532577,BNO_GYRO_UC,2627,-3400,0,0.019531,0.005859,-0.031250,0.001953,0.000000,-0.003906
26542537,BNO_GYRO_UC,2628,-3400,0,0.021484,-0.007812,-0.029297,0.001953,0.000000,-0.003906
26553359,BNO_GYRO_UC,2629,-3800,0,0.021484,-0.017578,-0.031250,0.001953,0.000000,-0.003906
26563070,BNO_GYRO_UC,2630,-3400,0,0.017578,-0.017578,-0.029297,0.001953,0.000000,-0.003906
26572784,BNO_GYRO_UC,2631,-3400,0,0.015625,-0.017578,-0.021484,0.001953,0.000000,-0.003906
26582632,BNO_GYRO_UC,2632,-3200,0,0.000000,-0.005859,-0.007812,0.001953,0.000000,-0.003906
26593366,BNO_GYRO_UC,2633,-3800,0,-0.015625,0.009766,0.005859,0.001953,0.000000,-0.003906
26603098,BNO_GYRO_UC,2634,-3100,0,-0.015625,0.025391,0.009766,0.001953,0.000000,-0.003906
26612799,BNO_GYRO_UC,2635,-3200,0,-0.013672,0.025391,0.005859,0.001953,0.000000,-0.003906
26622750,BNO_GYRO_UC,2636,-3400,0,-0.001953,0.017578,0.003906,0.001953,0.000000,-0.003906
26633526,BNO_GYRO_UC,2637,-3800,0,0.013672,0.007812,-0.009766,0.001953,0.000000,-0.003906
26643313,BNO_GYRO_UC,2638,-3100,0,0.021484,-0.003906,-0.019531,0.001953,0.000000,-0.003906
26652932,BNO_GYRO_UC,2639,-3200,0,0.017578,-0.019531,-0.025391,0.001953,0.000000,-0.003906
26662821,BNO_GYRO_UC,2640,-3400,0,0.007812,-0.033203,-0.025391,0.001953,0.000000,-0.003906
26673628,BNO_GYRO_UC,2641,-4000,0,-0.001953,-0.048828,-0.023438,0.001953,0.000000,-0.003906
26683543,BNO_GYRO_UC,2642,-3200,0,-0.015625,-0.050781,-0.009766,0.001953,0.000000,-0.003906
26692829,BNO_GYRO_UC,2643,-3400,0,-0.017578,-0.046875,0.001953,0.001953,0.000000,-0.003906
26702755,BNO_GYRO_UC,2644,-3400,0,-0.013672,-0.031250,0.009766,0.001953,0.000000,-0.003906
26713190,BNO_GYRO_UC,2645,-3600,0,-0.023438,-0.005859,0.021484,0.001953,0.000000,-0.003906
26723838,BNO_GYRO_UC,2646,-3800,0,-0.021484,0.025391,0.025391,0.001953,0.000000,-0.003906
26732962,BNO_GYRO_UC,2647,-3200,0,0.003906,0.033203,0.005859,0.001953,0.000000,-0.003906
26742944,BNO_GYRO_UC,2648,-3400,0,0.025391,0.025391,-0.009766,0.001953,0.000000,-0.003906
26753282,BNO_GYRO_UC,2649,-3600,0,0.021484,0.017578,-0.013672,0.001953,0.000000,-0.003906
26763429,BNO_GYRO_UC,2650,-3400,0,0.023438,0.000000,-0.023438,0.001953,0.000000,-0.003906
26772936,BNO_GYRO_UC,2651,-3100,0,0.025391,-0.015625,-0.019531,0.001953,0.000000,-0.003906
26783055,BNO_GYRO_UC,2652,-3400,0,0.017578,-0.011719,-0.009766,0.001953,0.000000,-0.003906
26793383,BNO_GYRO_UC,2653,-3600,0,0.019531,-0.003906,-0.005859,0.001953,0.000000,-0.003906
26803488,BNO_GYRO_UC,2654,-3200,0,0.005859,0.009766,0.009766,0.001953,0.000000,-0.003906
26812942,BNO_GYRO_UC,2655,-3100,0,-0.019531,0.029297,0.021484,0.001953,0.000000,-0.003906
26823956,BNO_GYRO_UC,2656,-3400,0,-0.013672,0.052734,0.017578,0.001953,0.000000,-0.003906
26833618,BNO_GYRO_UC,2657,-3800,0,0.001953,0.056641,0.007812,0.001953,0.000000,-0.003906
26844426,BNO_GYRO_UC,2658,-4000,0,0.009766,0.044922,-0.001953,0.001953,0.000000,-0.003906
26853101,BNO_GYRO_UC,2659,-3200,0,0.013672,0.025391,-0.007812,0.001953,0.000000,-0.003906
26863191,BNO_GYRO_UC,2660,-3200,0,0.003906,0.003906,-0.005859,0.001953,0.000000,-0.003906
26873415,BNO_GYRO_UC,2661,-3400,0,-0.007812,-0.007812,-0.001953,0.001953,0.000000,-0.003906
26884041,BNO_GYRO_UC,2662,-3800,0,0.001953,-0.009766,-0.007812,0.001953,0.000000,-0.003906
26893255,BNO_GYRO_UC,2663,-3200,0,0.001953,-0.005859,-0.015625,0.001953,0.000000,-0.003906
26903315,BNO_GYRO_UC,2664,-3400,0,-0.007812,0.000000,-0.007812,0.001953,0.000000,-0.003906
26914066,BNO_GYRO_UC,2665,-3600,0,-0.003906,-0.001953,-0.009766,0.001953,0.000000,-0.003906
26923824,BNO_GYRO_UC,2666,-3100,0,0.003906,-0.005859,-0.009766,0.001953,0.000000,-0.003906
26933252,BNO_GYRO_UC,2667,-3100,0,0.001953,-0.007812,-0.001953,0.001953,0.000000,-0.003906
26943280,BNO_GYRO_UC,2668,-3200,0,0.009766,-0.039062,-0.015625,0.001953,0.000000,-0.003906
26953426,BNO_GYRO_UC,2669,-3400,0,0.005859,-0.062500,-0.009766,0.001953,0.000000,-0.003906
26963747,BNO_GYRO_UC,2670,-3400,0,-0.007812,-0.083984,-0.003906,0.001953,0.000000,-0.003906
26973146,BNO_GYRO_UC,2671,-3100,0,-0.025391,-0.101562,0.000000,0.001953,0.000000,-0.003906
26983412,BNO_GYRO_UC,2672,-3200,0,-0.027344,-0.115234,-0.003906,0.001953,0.000000,-0.003906
26993386,BNO_GYRO_UC,2673,-3200,0,-0.019531,-0.126953,-0.007812,0.001953,0.000000,-0.003906
27003977,BNO_GYRO_UC,2674,-3400,0,-0.015625,-0.126953,-0.009766,0.001953,0.000000,-0.003906
27013434,BNO_GYRO_UC,2675,-3200,0,-0.017578,-0.125000,-0.009766,0.001953,0.000000,-0.003906
27023605,BNO_GYRO_UC,2676,-3400,0,-0.007812,-0.130859,-0.021484,0.001953,0.000000,-0.003906
27033527,BNO_GYRO_UC,2677,-3400,0,0.003906,-0.136719,-0.029297,0.001953,0.000000,-0.003906
27044078,BNO_GYRO_UC,2678,-3400,0,-0.013672,-0.134766,-0.019531,0.001953,0.000000,-0.003906
27053508,BNO_GYRO_UC,2679,-3200,0,-0.017578,-0.125000,-0.009766,0.001953,0.000000,-0.003906
27063584,BNO_GYRO_UC,2680,-3400,0,0.000000,-0.113281,-0.001953,0.001953,0.000000,-0.003906
27074255,BNO_GYRO_UC,2681,-3600,0,0.017578,-0.117188,-0.003906,0.001953,0.000000,-0.003906
27084183,BNO_GYRO_UC,2682,-3100,0,0.005859,-0.121094,-0.001953,0.001953,0.000000,-0.003906
27093475,BNO_GYRO_UC,2683,-3100,0,0.003906,-0.123047,0.003906,0.001953,0.000000,-0.003906
27103764,BNO_GYRO_UC,2684,-3200,0,0.013672,-0.117188,-0.005859,0.001953,0.000000,-0.003906
27113754,BNO_GYRO_UC,2685,-3200,0,0.005859,-0.115234,-0.007812,0.001953,0.000000,-0.003906
27124150,BNO_GYRO_UC,2686,-3400,0,-0.015625,-0.095703,-0.001953,0.001953,0.000000,-0.003906
27134273,BNO_GYRO_UC,2687,-3200,0,-0.003906,-0.089844,-0.013672,0.001953,0.000000,-0.003906
27143743,BNO_GYRO_UC,2688,-3400,0,0.007812,-0.091797,-0.013672,0.001953,0.000000,-0.003906
27154957,BNO_GYRO_UC,2689,-3800,0,0.000000,-0.099609,-0.005859,0.001953,0.000000,-0.003906
27164680,BNO_GYRO_UC,2690,-3100,0,-0.019531,-0.097656,-0.001953,0.001953,0.000000,-0.003906
27174163,BNO_GYRO_UC,2691,-3600,0,-0.027344,-0.091797,0.000000,0.001953,0.000000,-0.003906
27183913,BNO_GYRO_UC,2692,-3200,0,-0.023438,-0.087891,-0.001953,0.001953,0.000000,-0.003906
27193730,BNO_GYRO_UC,2693,-3200,0,-0.007812,-0.068359,-0.005859,0.001953,0.000000,-0.003906
27204517,BNO_GYRO_UC,2694,-3800,0,0.001953,-0.039062,-0.005859,0.001953,0.000000,-0.003906
27214208,BNO_GYRO_UC,2695,-3600,0,0.007812,-0.025391,-0.007812,0.001953,0.000000,-0.003906
27224081,BNO_GYRO_UC,2696,-3400,0,0.013672,-0.033203,-0.011719,0.001953,0.000000,-0.003906
27234699,BNO_GYRO_UC,2697,-3400,0,0.015625,-0.041016,-0.011719,0.001953,0.000000,-0.003906
27244726,BNO_GYRO_UC,2698,-3100,0,-0.001953,-0.027344,-0.005859,0.001953,0.000000,-0.003906
27254353,BNO_GYRO_UC,2699,-3800,0,-0.009766,-0.021484,-0.003906,0.001953,0.000000,-0.003906
27264022,BNO_GYRO_UC,2700,-3200,0,-0.015625,-0.013672,0.003906,0.001953,0.000000,-0.003906
27274855,BNO_GYRO_UC,2701,-3400,0,-0.013672,-0.015625,0.007812,0.001953,0.000000,-0.003906
27284818,BNO_GYRO_UC,2702,-2900,0,-0.001953,-0.013672,0.005859,0.001953,0.000000,-0.003906
27294564,BNO_GYRO_UC,2703,-3400,0,0.001953,-0.005859,0.003906,0.001953,0.000000,-0.003906
27304314,BNO_GYRO_UC,2704,-3200,0,0.005859,-0.003906,-0.005859,0.001953,0.000000,-0.003906
27314063,BNO_GYRO_UC,2705,-3200,0,0.025391,0.000000,-0.015625,0.001953,0.000000,-0.003906
27324792,BNO_GYRO_UC,2706,-3600,0,0.031250,0.013672,-0.025391,0.001953,0.000000,-0.003906
27334898,BNO_GYRO_UC,2707,-3200,0,0.031250,0.009766,-0.021484,0.001953,0.000000,-0.003906
27344294,BNO_GYRO_UC,2708,-3400,0,0.025391,0.011719,-0.015625,0.001953,0.000000,-0.003906
27354281,BNO_GYRO_UC,2709,-3400,0,0.005859,0.009766,-0.003906,0.001953,0.000000,-0.003906
27365086,BNO_GYRO_UC,2710,-3800,0,-0.007812,0.007812,0.003906,0.001953,0.000000,-0.003906
27374909,BNO_GYRO_UC,2711,-3600,0,-0.019531,0.005859,0.011719,0.001953,0.000000,-0.003906
27384586,BNO_GYRO_UC,2712,-3400,0,-0.027344,0.003906,0.017578,0.001953,0.000000,-0.003906
27394329,BNO_GYRO_UC,2713,-3400,0,-0.029297,0.009766,0.017578,0.001953,0.000000,-0.003906
27405390,BNO_GYRO_UC,2714,-4000,0,-0.009766,-0.001953,0.007812,0.001953,0.000000,-0.003906
27415187,BNO_GYRO_UC,2715,-3800,0,0.007812,-0.027344,-0.005859,0.001953,0.000000,-0.003906
27424814,BNO_GYRO_UC,2716,-3200,0,0.007812,-0.033203,-0.007812,0.001953,0.000000,-0.003906
27434409,BNO_GYRO_UC,2717,-3200,0,0.011719,-0.041016,-0.007812,0.001953,0.000000,-0.003906
27445339,BNO_GYRO_UC,2718,-4000,0,0.009766,-0.041016,-0.005859,0.001953,0.000000,-0.003906
27454954,BNO_GYRO_UC,2719,-3400,0,-0.009766,-0.031250,0.001953,0.001953,0.000000,-0.003906
27464689,BNO_GYRO_UC,2720,-3400,0,0.003906,-0.005859,-0.003906,0.001953,0.000000,-0.003906
27474408,BNO_GYRO_UC,2721,-3200,0,0.015625,0.025391,-0.005859,0.001953,0.000000,-0.003906
27484803,BNO_GYRO_UC,2722,-3600,0,0.001953,0.042969,0.007812,0.001953,0.000000,-0.003906
27495514,BNO_GYRO_UC,2723,-3800,0,-0.013672,0.056641,0.011719,0.001953,0.000000,-0.003906
27504807,BNO_GYRO_UC,2724,-3400,0,-0.017578,0.062500,0.011719,0.001953,0.000000,-0.003906
27514610,BNO_GYRO_UC,2725,-3200,0,-0.009766,0.083984,0.007812,0.001953,0.000000,-0.003906
27525521,BNO_GYRO_UC,2726,-3800,0,0.003906,0.089844,0.003906,0.001953,0.000000,-0.003906
27535098,BNO_GYRO_UC,2727,-3200,0,0.007812,0.099609,0.003906,0.001953,0.000000,-0.003906
27544953,BNO_GYRO_UC,2728,-3400,0,0.013672,0.109375,0.007812,0.001953,0.000000,-0.003906
27554283,BNO_GYRO_UC,2729,-3100,0,0.007812,0.113281,0.003906,0.001953,0.000000,-0.003906
27564825,BNO_GYRO_UC,2730,-3400,0,0.007812,0.119141,0.005859,0.001953,0.000000,-0.003906
27575355,BNO_GYRO_UC,2731,-3800,0,0.017578,0.125000,0.001953,0.001953,0.000000,-0.003906
27584529,BNO_GYRO_UC,2732,-3100,0,0.019531,0.109375,-0.005859,0.001953,0.000000,-0.003906
27595258,BNO_GYRO_UC,2733,-3200,0,0.007812,0.101562,-0.007812,0.001953,0.000000,-0.003906
27604934,BNO_GYRO_UC,2734,-3600,0,-0.013672,0.101562,0.000000,0.001953,0.000000,-0.003906
27615491,BNO_GYRO_UC,2735,-3600,0,-0.007812,0.097656,-0.003906,0.001953,0.000000,-0.003906
27624521,BNO_GYRO_UC,2736,-3100,0,0.005859,0.097656,-0.007812,0.001953,0.000000,-0.003906
27635362,BNO_GYRO_UC,2737,-3200,0,0.009766,0.101562,-0.009766,0.001953,0.000000,-0.003906
27645142,BNO_GYRO_UC,2738,-3600,0,0.009766,0.099609,-0.013672,0.001953,0.000000,-0.003906
27655620,BNO_GYRO_UC,2739,-3400,0,0.015625,0.097656,-0.005859,0.001953,0.000000,-0.003906
27664714,BNO_GYRO_UC,2740,-3100,0,0.019531,0.111328,-0.007812,0.001953,0.000000,-0.003906
27674797,BNO_GYRO_UC,2741,-3100,0,0.021484,0.123047,-0.009766,0.001953,0.000000,-0.003906
27684783,BNO_GYRO_UC,2742,-3200,0,0.021484,0.128906,-0.001953,0.001953,0.000000,-0.003906
27695894,BNO_GYRO_UC,2743,-3600,0,0.007812,0.138672,0.005859,0.001953,0.000000,-0.003906
27704768,BNO_GYRO_UC,2744,-3200,0,-0.011719,0.130859,0.011719,0.001953,0.000000,-0.003906
27715577,BNO_GYRO_UC,2745,-3200,0,-0.019531,0.109375,0.009766,0.001953,0.000000,-0.003906
27726189,BNO_GYRO_UC,2746,-3400,0,-0.005859,0.105469,-0.001953,0.001953,0.000000,-0.003906
27735630,BNO_GYRO_UC,2747,-2900,0,0.009766,0.105469,-0.011719,0.001953,0.000000,-0.003906
27745053,BNO_GYRO_UC,2748,-3100,0,0.025391,0.091797,-0.021484,0.001953,0.000000,-0.003906
27754911,BNO_GYRO_UC,2749,-3100,0,0.017578,0.080078,-0.021484,0.001953,0.000000,-0.003906
27764978,BNO_GYRO_UC,2750,-3200,0,0.011719,0.074219,-0.021484,0.001953,0.000000,-0.003906
27775182,BNO_GYRO_UC,2751,-3100,0,0.031250,0.056641,-0.027344,0.001953,0.000000,-0.003906
27784818,BNO_GYRO_UC,2752,-3100,0,0.044922,0.068359,-0.025391,0.001953,0.000000,-0.003906
27795533,BNO_GYRO_UC,2753,-3100,0,0.064453,0.097656,-0.023438,0.001953,0.000000,-0.003906
27805107,BNO_GYRO_UC,2754,-3100,0,0.080078,0.130859,-0.027344,0.001953,0.000000,-0.003906
27815581,BNO_GYRO_UC,2755,-3200,0,0.078125,0.175781,-0.021484,0.001953,0.000000,-0.003906
27825033,BNO_GYRO_UC,2756,-3100,0,0.062500,0.210938,-0.019531,0.001953,0.000000,-0.003906
27834941,BNO_GYRO_UC,2757,-3100,0,0.070312,0.271484,-0.017578,0.001953,0.000000,-0.003906
27845039,BNO_GYRO_UC,2758,-3100,0,0.041016,0.326172,-0.003906,0.001953,0.000000,-0.003906
27855445,BNO_GYRO_UC,2759,-3100,0,0.033203,0.349609,0.003906,0.001953,0.000000,-0.003906
27865050,BNO_GYRO_UC,2760,-3100,0,0.013672,0.347656,0.003906,0.001953,0.000000,-0.003906
27875812,BNO_GYRO_UC,2761,-3100,0,0.023438,0.324219,0.000000,0.001953,0.000000,-0.003906
27885147,BNO_GYRO_UC,2762,-3200,0,0.019531,0.314453,-0.005859,0.001953,0.000000,-0.003906
27895649,BNO_GYRO_UC,2763,-3200,0,0.015625,0.314453,-0.001953,0.001953,0.000000,-0.003906
27905385,BNO_GYRO_UC,2764,-3200,0,0.017578,0.330078,0.007812,0.001953,0.000000,-0.003906
27915081,BNO_GYRO_UC,2765,-3100,0,0.003906,0.335938,0.017578,0.001953,0.000000,-0.003906
27925334,BNO_GYRO_UC,2766,-3200,0,-0.007812,0.339844,0.021484,0.001953,0.000000,-0.003906
27935622,BNO_GYRO_UC,2767,-3200,0,0.013672,0.339844,0.017578,0.001953,0.000000,-0.003906
27945673,BNO_GYRO_UC,2768,-3200,0,0.017578,0.335938,0.009766,0.001953,0.000000,-0.003906
27955389,BNO_GYRO_UC,2769,-3100,0,0.021484,0.333984,0.003906,0.001953,0.000000,-0.003906
27965382,BNO_GYRO_UC,2770,-3100,0,0.015625,0.341797,-0.001953,0.001953,0.000000,-0.003906
27975873,BNO_GYRO_UC,2771,-3200,0,0.003906,0.343750,-0.007812,0.001953,0.000000,-0.003906
27985463,BNO_GYRO_UC,2772,-3200,0,-0.019531,0.333984,-0.003906,0.001953,0.000000,-0.003906
27995339,BNO_GYRO_UC,2773,-3200,0,-0.025391,0.324219,-0.001953,0.001953,0.000000,-0.003906
28005889,BNO_GYRO_UC,2774,-3200,0,-0.041016,0.306641,0.009766,0.001953,0.000000,-0.003906
28015776,BNO_GYRO_UC,2775,-2700,0,-0.039062,0.281250,0.007812,0.001953,0.000000,-0.003906
28026041,BNO_GYRO_UC,2776,-3200,0,-0.013672,0.240234,-0.001953,0.001953,0.000000,-0.003906
28035529,BNO_GYRO_UC,2777,-3200,0,-0.003906,0.195312,-0.003906,0.001953,0.000000,-0.003906
28045863,BNO_GYRO_UC,2778,-3200,0,0.001953,0.181641,-0.007812,0.001953,0.000000,-0.003906
28055999,BNO_GYRO_UC,2779,-2700,0,-0.005859,0.197266,-0.003906,0.001953,0.000000,-0.003906
28066111,BNO_GYRO_UC,2780,-3200,0,0.011719,0.207031,-0.009766,0.001953,0.000000,-0.003906
28075626,BNO_GYRO_UC,2781,-3200,0,0.031250,0.203125,-0.013672,0.001953,0.000000,-0.003906
28086102,BNO_GYRO_UC,2782,-3200,0,0.025391,0.197266,-0.005859,0.001953,0.000000,-0.003906
28096116,BNO_GYRO_UC,2783,-2700,0,0.003906,0.191406,-0.001953,0.001953,0.000000,-0.003906
28106231,BNO_GYRO_UC,2784,-3200,0,-0.009766,0.189453,-0.001953,0.001953,0.000000,-0.003906
28115731,BNO_GYRO_UC,2785,-3200,0,-0.009766,0.185547,0.003906,0.001953,0.000000,-0.003906
28126413,BNO_GYRO_UC,2786,-3200,0,-0.005859,0.175781,0.007812,0.001953,0.000000,-0.003906
28136385,BNO_GYRO_UC,2787,-2700,0,0.009766,0.150391,-0.001953,0.001953,0.000000,-0.003906
28146585,BNO_GYRO_UC,2788,-3200,0,0.011719,0.134766,-0.011719,0.001953,0.000000,-0.003906
28155759,BNO_GYRO_UC,2789,-3200,0,0.013672,0.134766,-0.017578,0.001953,0.000000,-0.003906
28166516,BNO_GYRO_UC,2790,-3200,0,0.003906,0.146484,-0.017578,0.001953,0.000000,-0.003906
28176383,BNO_GYRO_UC,2791,-2700,0,-0.015625,0.162109,-0.009766,0.001953,0.000000,-0.003906
28186537,BNO_GYRO_UC,2792,-3200,0,-0.021484,0.171875,0.000000,0.001953,0.000000,-0.003906
28195749,BNO_GYRO_UC,2793,-3100,0,-0.013672,0.181641,0.001953,0.001953,0.000000,-0.003906
28206581,BNO_GYRO_UC,2794,-3200,0,0.001953,0.181641,0.001953,0.001953,0.000000,-0.003906
28216499,BNO_GYRO_UC,2795,-2900,0,0.011719,0.173828,0.005859,0.001953,0.000000,-0.003906
28226618,BNO_GYRO_UC,2796,-3200,0,0.007812,0.185547,0.003906,0.001953,0.000000,-0.003906
28235823,BNO_GYRO_UC,2797,-3100,0,0.007812,0.195312,0.003906,0.001953,0.000000,-0.003906
28246664,BNO_GYRO_UC,2798,-3200,0,0.015625,0.193359,-0.003906,0.001953,0.000000,-0.003906
28256596,BNO_GYRO_UC,2799,-2900,0,0.007812,0.199219,-0.005859,0.001953,0.000000,-0.003906
28266870,BNO_GYRO_UC,2800,-3400,0,-0.007812,0.216797,-0.003906,0.001953,0.000000,-0.003906
28276292,BNO_GYRO_UC,2801,-3200,0,-0.001953,0.212891,-0.001953,0.001953,0.000000,-0.003906
28285976,BNO_GYRO_UC,2802,-3200,0,0.017578,0.195312,-0.011719,0.001953,0.000000,-0.003906
28296790,BNO_GYRO_UC,2803,-3400,0,0.017578,0.179688,-0.015625,0.001953,0.000000,-0.003906
28306366,BNO_GYRO_UC,2804,-3100,0,0.021484,0.156250,-0.017578,0.001953,0.000000,-0.003906
28316075,BNO_GYRO_UC,2805,-3200,0,0.017578,0.148438,-0.015625,0.001953,0.000000,-0.003906
28326036,BNO_GYRO_UC,2806,-3100,0,-0.003906,0.162109,-0.007812,0.001953,0.000000,-0.003906
28336783,BNO_GYRO_UC,2807,-3400,0,-0.013672,0.171875,-0.001953,0.001953,0.000000,-0.003906
28346973,BNO_GYRO_UC,2808,-3200,0,-0.017578,0.193359,0.000000,0.001953,0.000000,-0.003906
28356301,BNO_GYRO_UC,2809,-3200,0,-0.017578,0.222656,0.013672,0.001953,0.000000,-0.003906
28366337,BNO_GYRO_UC,2810,-3400,0,-0.013672,0.230469,0.019531,0.001953,0.000000,-0.003906
28376758,BNO_GYRO_UC,2811,-3600,0,-0.001953,0.230469,0.013672,0.001953,0.000000,-0.003906
28387406,BNO_GYRO_UC,2812,-3800,0,0.015625,0.222656,0.003906,0.001953,0.000000,-0.003906
28396896,BNO_GYRO_UC,2813,-3400,0,0.029297,0.181641,-0.005859,0.001953,0.000000,-0.003906
28406392,BNO_GYRO_UC,2814,-3200,0,0.027344,0.152344,-0.007812,0.001953,0.000000,-0.003906
28416809,BNO_GYRO_UC,2815,-3600,0,0.017578,0.144531,-0.003906,0.001953,0.000000,-0.003906
28426870,BNO_GYRO_UC,2816,-3200,0,-0.003906,0.144531,-0.003906,0.001953,0.000000,-0.003906
28436445,BNO_GYRO_UC,2817,-3200,0,-0.009766,0.146484,0.003906,0.001953,0.000000,-0.003906
28446593,BNO_GYRO_UC,2818,-3400,0,-0.023438,0.154297,0.005859,0.001953,0.000000,-0.003906
28456881,BNO_GYRO_UC,2819,-3600,0,-0.017578,0.171875,0.007812,0.001953,0.000000,-0.003906
28467702,BNO_GYRO_UC,2820,-3800,0,-0.031250,0.207031,0.013672,0.001953,0.000000,-0.003906
28477100,BNO_GYRO_UC,2821,-3200,0,-0.023438,0.228516,0.015625,0.001953,0.000000,-0.003906
28486572,BNO_GYRO_UC,2822,-3400,0,0.001953,0.228516,0.007812,0.001953,0.000000,-0.003906
28496975,BNO_GYRO_UC,2823,-3600,0,0.015625,0.226562,0.001953,0.001953,0.000000,-0.003906
28507779,BNO_GYRO_UC,2824,-3800,0,0.009766,0.230469,-0.003906,0.001953,0.000000,-0.003906
28516553,BNO_GYRO_UC,2825,-3200,0,0.015625,0.228516,-0.003906,0.001953,0.000000,-0.003906
28527544,BNO_GYRO_UC,2826,-3400,0,0.015625,0.218750,-0.001953,0.001953,0.000000,-0.003906
28537055,BNO_GYRO_UC,2827,-3600,0,0.017578,0.207031,-0.003906,0.001953,0.000000,-0.003906
28547539,BNO_GYRO_UC,2828,-3400,0,0.009766,0.195312,-0.001953,0.001953,0.000000,-0.003906
28556652,BNO_GYRO_UC,2829,-3100,0,0.009766,0.187500,-0.003906,0.001953,0.000000,-0.003906
28567334,BNO_GYRO_UC,2830,-3100,0,0.009766,0.173828,-0.003906,0.001953,0.000000,-0.003906
28577896,BNO_GYRO_UC,2831,-3200,0,0.009766,0.154297,-0.003906,0.001953,0.000000,-0.003906
28587362,BNO_GYRO_UC,2832,-2700,0,0.007812,0.162109,-0.007812,0.001953,0.000000,-0.003906
28597308,BNO_GYRO_UC,2833,-3200,0,-0.005859,0.183594,-0.005859,0.001953,0.000000,-0.003906
28606716,BNO_GYRO_UC,2834,-3100,0,0.001953,0.187500,-0.003906,0.001953,0.000000,-0.003906
28616680,BNO_GYRO_UC,2835,-3200,0,0.011719,0.179688,-0.007812,0.001953,0.000000,-0.003906
28627316,BNO_GYRO_UC,2836,-3400,0,0.005859,0.167969,0.001953,0.001953,0.000000,-0.003906
28636330,BNO_GYRO_UC,2837,-2700,0,-0.003906,0.162109,0.003906,0.001953,0.000000,-0.003906
28647211,BNO_GYRO_UC,2838,-3200,0,-0.027344,0.171875,0.003906,0.001953,0.000000,-0.003906
28656835,BNO_GYRO_UC,2839,-3100,0,-0.009766,0.177734,0.001953,0.001953,0.000000,-0.003906
28667163,BNO_GYRO_UC,2840,-3200,0,0.017578,0.160156,-0.005859,0.001953,0.000000,-0.003906
28676291,BNO_GYRO_UC,2841,-2700,0,0.025391,0.134766,-0.015625,0.001953,0.000000,-0.003906
28687429,BNO_GYRO_UC,2842,-3200,0,0.015625,0.121094,-0.013672,0.001953,0.000000,-0.003906
28696958,BNO_GYRO_UC,2843,-3100,0,-0.003906,0.125000,-0.005859,0.001953,0.000000,-0.003906
28707467,BNO_GYRO_UC,2844,-3200,0,-0.003906,0.121094,-0.003906,0.001953,0.000000,-0.003906
28716962,BNO_GYRO_UC,2845,-3200,0,-0.007812,0.123047,0.000000,0.001953,0.000000,-0.003906
28726959,BNO_GYRO_UC,2846,-3200,0,-0.003906,0.117188,-0.003906,0.001953,0.000000,-0.003906
28737063,BNO_GYRO_UC,2847,-3100,0,0.000000,0.121094,0.001953,0.001953,0.000000,-0.003906
28747477,BNO_GYRO_UC,2848,-3200,0,-0.007812,0.105469,0.003906,0.001953,0.000000,-0.003906
28757075,BNO_GYRO_UC,2849,-3200,0,0.001953,0.119141,0.000000,0.001953,0.000000,-0.003906
28767799,BNO_GYRO_UC,2850,-3200,0,-0.009766,0.140625,0.003906,0.001953,0.000000,-0.003906
28777207,BNO_GYRO_UC,2851,-3200,0,-0.007812,0.138672,-0.001953,0.001953,0.000000,-0.003906
28787772,BNO_GYRO_UC,2852,-3200,0,-0.001953,0.144531,-0.007812,0.001953,0.000000,-0.003906
28797280,BNO_GYRO_UC,2853,-3200,0,0.017578,0.140625,-0.013672,0.001953,0.000000,-0.003906
28807068,BNO_GYRO_UC,2854,-3100,0,0.019531,0.121094,-0.011719,0.001953,0.000000,-0.003906
28817510,BNO_GYRO_UC,2855,-3200,0,0.005859,0.113281,-0.005859,0.001953,0.000000,-0.003906
28827563,BNO_GYRO_UC,2856,-2900,0,-0.005859,0.101562,-0.003906,0.001953,0.000000,-0.003906
28837188,BNO_GYRO_UC,2857,-3200,0,-0.007812,0.091797,-0.001953,0.001953,0.000000,-0.003906
28847139,BNO_GYRO_UC,2858,-3100,0,-0.005859,0.085938,-0.003906,0.001953,0.000000,-0.003906
28857852,BNO_GYRO_UC,2859,-3600,0,0.015625,0.066406,-0.005859,0.001953,0.000000,-0.003906
28867903,BNO_GYRO_UC,2860,-2900,0,0.035156,0.060547,-0.013672,0.001953,0.000000,-0.003906
28877484,BNO_GYRO_UC,2861,-3200,0,0.039062,0.078125,-0.011719,0.001953,0.000000,-0.003906
28887400,BNO_GYRO_UC,2862,-3400,0,0.029297,0.078125,-0.009766,0.001953,0.000000,-0.003906
28897985,BNO_GYRO_UC,2863,-3400,0,0.003906,0.085938,-0.003906,0.001953,0.000000,-0.003906
28907964,BNO_GYRO_UC,2864,-2900,0,-0.003906,0.103516,0.003906,0.001953,0.000000,-0.003906
28918165,BNO_GYRO_UC,2865,-3400,0,-0.011719,0.126953,0.005859,0.001953,0.000000,-0.003906
28927642,BNO_GYRO_UC,2866,-3400,0,-0.007812,0.150391,0.000000,0.001953,0.000000,-0.003906
28937595,BNO_GYRO_UC,2867,-3200,0,0.001953,0.160156,0.001953,0.001953,0.000000,-0.003906
28948123,BNO_GYRO_UC,2868,-3600,0,-0.011719,0.164062,0.005859,0.001953,0.000000,-0.003906
28957754,BNO_GYRO_UC,2869,-3600,0,0.001953,0.152344,0.003906,0.001953,0.000000,-0.003906
28967521,BNO_GYRO_UC,2870,-3200,0,0.003906,0.134766,0.009766,0.001953,0.000000,-0.003906
28978030,BNO_GYRO_UC,2871,-3400,0,-0.011719,0.130859,0.015625,0.001953,0.000000,-0.003906
28988221,BNO_GYRO_UC,2872,-3100,0,-0.001953,0.117188,0.003906,0.001953,0.000000,-0.003906
28997597,BNO_GYRO_UC,2873,-3200,0,0.001953,0.113281,0.000000,0.001953,0.000000,-0.003906
29007737,BNO_GYRO_UC,2874,-3400,0,-0.003906,0.119141,-0.001953,0.001953,0.000000,-0.003906
29018353,BNO_GYRO_UC,2875,-3400,0,-0.001953,0.126953,-0.001953,0.001953,0.000000,-0.003906
29028331,BNO_GYRO_UC,2876,-3100,0,-0.017578,0.138672,0.001953,0.001953,0.000000,-0.003906
29038441,BNO_GYRO_UC,2877,-3200,0,-0.029297,0.152344,0.003906,0.001953,0.000000,-0.003906
29047897,BNO_GYRO_UC,2878,-3400,0,-0.023438,0.156250,0.007812,0.001953,0.000000,-0.003906
29058618,BNO_GYRO_UC,2879,-3600,0,-0.005859,0.160156,0.015625,0.001953,0.000000,-0.003906
29068605,BNO_GYRO_UC,2880,-3100,0,0.017578,0.169922,0.009766,0.001953,0.000000,-0.003906
29078252,BNO_GYRO_UC,2881,-3800,0,0.029297,0.171875,0.011719,0.001953,0.000000,-0.003906
29088062,BNO_GYRO_UC,2882,-3400,0,0.019531,0.162109,0.011719,0.001953,0.000000,-0.003906
29098679,BNO_GYRO_UC,2883,-3400,0,0.015625,0.167969,0.007812,0.001953,0.000000,-0.003906
29108818,BNO_GYRO_UC,2884,-3100,0,0.000000,0.171875,0.005859,0.001953,0.000000,-0.003906
29118393,BNO_GYRO_UC,2885,-3600,0,0.005859,0.156250,0.003906,0.001953,0.000000,-0.003906
29128121,BNO_GYRO_UC,2886,-3400,0,0.000000,0.132812,0.001953,0.001953,0.000000,-0.003906
29138021,BNO_GYRO_UC,2887,-3400,0,0.005859,0.105469,0.001953,0.001953,0.000000,-0.003906
29148704,BNO_GYRO_UC,2888,-3600,0,-0.009766,0.099609,-0.001953,0.001953,0.000000,-0.003906
29158382,BNO_GYRO_UC,2889,-3400,0,-0.017578,0.107422,0.001953,0.001953,0.000000,-0.003906
29168077,BNO_GYRO_UC,2890,-3200,0,-0.021484,0.111328,0.007812,0.001953,0.000000,-0.003906
29177894,BNO_GYRO_UC,2891,-3200,0,-0.017578,0.103516,0.007812,0.001953,0.000000,-0.003906
29188622,BNO_GYRO_UC,2892,-3400,0,-0.017578,0.097656,0.007812,0.001953,0.000000,-0.003906
29198376,BNO_GYRO_UC,2893,-3200,0,0.003906,0.107422,0.005859,0.001953,0.000000,-0.003906
29208023,BNO_GYRO_UC,2894,-3200,0,0.029297,0.105469,-0.005859,0.001953,0.000000,-0.003906
29217870,BNO_GYRO_UC,2895,-3200,0,0.039062,0.099609,-0.007812,0.001953,0.000000,-0.003906
29228624,BNO_GYRO_UC,2896,-3200,0,0.031250,0.099609,-0.009766,0.001953,0.000000,-0.003906
29238875,BNO_GYRO_UC,2897,-3200,0,-0.001953,0.101562,-0.001953,0.001953,0.000000,-0.003906
29248102,BNO_GYRO_UC,2898,-3100,0,-0.021484,0.111328,0.003906,0.001953,0.000000,-0.003906
29257942,BNO_GYRO_UC,2899,-3100,0,-0.039062,0.138672,0.007812,0.001953,0.000000,-0.003906
29268402,BNO_GYRO_UC,2900,-3400,0,-0.029297,0.138672,0.007812,0.001953,0.000000,-0.003906
29278956,BNO_GYRO_UC,2901,-3600,0,-0.019531,0.126953,0.003906,0.001953,0.000000,-0.003906
29288216,BNO_GYRO_UC,2902,-3200,0,-0.031250,0.144531,0.007812,0.001953,0.000000,-0.003906
29298145,BNO_GYRO_UC,2903,-3100,0,-0.031250,0.150391,0.005859,0.001953,0.000000,-0.003906
29308466,BNO_GYRO_UC,2904,-3400,0,0.005859,0.138672,0.001953,0.001953,0.000000,-0.003906
29318805,BNO_GYRO_UC,2905,-3400,0,0.015625,0.136719,0.000000,0.001953,0.000000,-0.003906
29328102,BNO_GYRO_UC,2906,-3100,0,0.001953,0.144531,0.001953,0.001953,0.000000,-0.003906
29338745,BNO_GYRO_UC,2907,-3200,0,-0.001953,0.140625,0.000000,0.001953,0.000000,-0.003906
29349375,BNO_GYRO_UC,2908,-3400,0,0.007812,0.138672,-0.005859,0.001953,0.000000,-0.003906
29359042,BNO_GYRO_UC,2909,-3100,0,-0.003906,0.152344,0.001953,0.001953,0.000000,-0.003906
29368674,BNO_GYRO_UC,2910,-3200,0,-0.017578,0.150391,0.005859,0.001953,0.000000,-0.003906
29378197,BNO_GYRO_UC,2911,-3100,0,-0.017578,0.136719,-0.001953,0.001953,0.000000,-0.003906
29388637,BNO_GYRO_UC,2912,-3400,0,-0.025391,0.132812,-0.009766,0.001953,0.000000,-0.003906
29399138,BNO_GYRO_UC,2913,-3600,0,-0.021484,0.148438,-0.003906,0.001953,0.000000,-0.003906
29408454,BNO_GYRO_UC,2914,-3100,0,-0.003906,0.164062,0.001953,0.001953,0.000000,-0.003906
29418384,BNO_GYRO_UC,2915,-3200,0,0.015625,0.181641,-0.001953,0.001953,0.000000,-0.003906
29428775,BNO_GYRO_UC,2916,-3600,0,0.009766,0.199219,-0.005859,0.001953,0.000000,-0.003906
29439131,BNO_GYRO_UC,2917,-3600,0,0.011719,0.199219,-0.001953,0.001953,0.000000,-0.003906
29448437,BNO_GYRO_UC,2918,-3200,0,0.011719,0.199219,0.001953,0.001953,0.000000,-0.003906
29459220,BNO_GYRO_UC,2919,-3200,0,-0.003906,0.207031,0.003906,0.001953,0.000000,-0.003906
29469932,BNO_GYRO_UC,2920,-3400,0,-0.003906,0.205078,0.003906,0.001953,0.000000,-0.003906
29479498,BNO_GYRO_UC,2921,-3100,0,0.001953,0.183594,0.005859,0.001953,0.000000,-0.003906
29489166,BNO_GYRO_UC,2922,-3100,0,0.003906,0.167969,-0.003906,0.001953,0.000000,-0.003906
29498795,BNO_GYRO_UC,2923,-3400,0,-0.001953,0.140625,-0.009766,0.001953,0.000000,-0.003906
29509060,BNO_GYRO_UC,2924,-3800,0,-0.001953,0.115234,-0.013672,0.001953,0.000000,-0.003906
29519225,BNO_GYRO_UC,2925,-3400,0,-0.003906,0.111328,-0.011719,0.001953,0.000000,-0.003906
29528561,BNO_GYRO_UC,2926,-3100,0,0.001953,0.115234,-0.009766,0.001953,0.000000,-0.003906
29538828,BNO_GYRO_UC,2927,-3200,0,0.003906,0.105469,-0.009766,0.001953,0.000000,-0.003906
29548941,BNO_GYRO_UC,2928,-3400,0,-0.001953,0.083984,-0.003906,0.001953,0.000000,-0.003906
29559240,BNO_GYRO_UC,2929,-3400,0,-0.001953,0.093750,0.001953,0.001953,0.000000,-0.003906
29568766,BNO_GYRO_UC,2930,-3200,0,0.005859,0.115234,0.003906,0.001953,0.000000,-0.003906
29578968,BNO_GYRO_UC,2931,-3400,0,0.027344,0.115234,0.011719,0.001953,0.000000,-0.003906
29588873,BNO_GYRO_UC,2932,-3400,0,0.019531,0.148438,0.013672,0.001953,0.000000,-0.003906
29599398,BNO_GYRO_UC,2933,-3400,0,0.007812,0.173828,0.009766,0.001953,0.000000,-0.003906
29608974,BNO_GYRO_UC,2934,-3400,0,0.003906,0.183594,0.007812,0.001953,0.000000,-0.003906
29619049,BNO_GYRO_UC,2935,-3200,0,-0.005859,0.181641,0.001953,0.001953,0.000000,-0.003906
29629021,BNO_GYRO_UC,2936,-3400,0,-0.013672,0.164062,0.001953,0.001953,0.000000,-0.003906
29639553,BNO_GYRO_UC,2937,-3400,0,-0.019531,0.144531,-0.001953,0.001953,0.000000,-0.003906
29648669,BNO_GYRO_UC,2938,-3100,0,-0.001953,0.117188,-0.007812,0.001953,0.000000,-0.003906
29659123,BNO_GYRO_UC,2939,-3400,0,-0.003906,0.085938,-0.007812,0.001953,0.000000,-0.003906
29668983,BNO_GYRO_UC,2940,-3200,0,-0.011719,0.062500,-0.001953,0.001953,0.000000,-0.003906
29679530,BNO_GYRO_UC,2941,-3400,0,-0.017578,0.068359,0.003906,0.001953,0.000000,-0.003906
29688872,BNO_GYRO_UC,2942,-3100,0,-0.005859,0.074219,0.001953,0.001953,0.000000,-0.003906
29699206,BNO_GYRO_UC,2943,-3200,0,0.005859,0.080078,0.005859,0.001953,0.000000,-0.003906
29709125,BNO_GYRO_UC,2944,-3400,0,0.007812,0.091797,0.005859,0.001953,0.000000,-0.003906
29719663,BNO_GYRO_UC,2945,-3400,0,-0.005859,0.123047,0.003906,0.001953,0.000000,-0.003906
29729123,BNO_GYRO_UC,2946,-3200,0,-0.009766,0.146484,0.001953,0.001953,0.000000,-0.003906
29739210,BNO_GYRO_UC,2947,-3200,0,-0.005859,0.134766,0.001953,0.001953,0.000000,-0.003906
29749212,BNO_GYRO_UC,2948,-3400,0,-0.005859,0.107422,-0.003906,0.001953,0.000000,-0.003906
29759758,BNO_GYRO_UC,2949,-3400,0,-0.003906,0.101562,-0.001953,0.001953,0.000000,-0.003906
29768958,BNO_GYRO_UC,2950,-3100,0,-0.005859,0.111328,-0.005859,0.001953,0.000000,-0.003906
29779376,BNO_GYRO_UC,2951,-3400,0,-0.013672,0.132812,0.001953,0.001953,0.000000,-0.003906
29789286,BNO_GYRO_UC,2952,-3400,0,-0.007812,0.162109,0.005859,0.001953,0.000000,-0.003906
29799880,BNO_GYRO_UC,2953,-3400,0,-0.003906,0.181641,0.005859,0.001953,0.000000,-0.003906
29809022,BNO_GYRO_UC,2954,-2900,0,-0.009766,0.205078,0.013672,0.001953,0.000000,-0.003906
29819348,BNO_GYRO_UC,2955,-3200,0,0.003906,0.222656,0.009766,0.001953,0.000000,-0.003906
29829673,BNO_GYRO_UC,2956,-3200,0,0.005859,0.234375,0.007812,0.001953,0.000000,-0.003906
29839654,BNO_GYRO_UC,2957,-2700,0,0.003906,0.226562,0.007812,0.001953,0.000000,-0.003906
29849988,BNO_GYRO_UC,2958,-3200,0,0.007812,0.216797,-0.003906,0.001953,0.000000,-0.003906
29859315,BNO_GYRO_UC,2959,-3100,0,0.001953,0.218750,-0.009766,0.001953,0.000000,-0.003906
29870054,BNO_GYRO_UC,2960,-3100,0,0.001953,0.228516,-0.007812,0.001953,0.000000,-0.003906
29879957,BNO_GYRO_UC,2961,-2700,0,-0.007812,0.232422,-0.003906,0.001953,0.000000,-0.003906
29890213,BNO_GYRO_UC,2962,-3200,0,-0.011719,0.226562,0.001953,0.001953,0.000000,-0.003906
29899453,BNO_GYRO_UC,2963,-3200,0,-0.013672,0.216797,0.011719,0.001953,0.000000,-0.003906
29910152,BNO_GYRO_UC,2964,-3200,0,-0.001953,0.208984,0.013672,0.001953,0.000000,-0.003906
29920092,BNO_GYRO_UC,2965,-2700,0,0.005859,0.212891,0.017578,0.001953,0.000000,-0.003906
29930249,BNO_GYRO_UC,2966,-3200,0,-0.001953,0.220703,0.017578,0.001953,0.000000,-0.003906
29939476,BNO_GYRO_UC,2967,-3100,0,0.003906,0.226562,0.013672,0.001953,0.000000,-0.003906
29950297,BNO_GYRO_UC,2968,-3200,0,0.013672,0.238281,0.009766,0.001953,0.000000,-0.003906
29960146,BNO_GYRO_UC,2969,-2700,0,0.000000,0.234375,0.005859,0.001953,0.000000,-0.003906
29970179,BNO_GYRO_UC,2970,-3400,0,0.013672,0.205078,0.000000,0.001953,0.000000,-0.003906
29979611,BNO_GYRO_UC,2971,-3200,0,-0.009766,0.183594,0.001953,0.001953,0.000000,-0.003906
29990327,BNO_GYRO_UC,2972,-3200,0,-0.009766,0.175781,0.003906,0.001953,0.000000,-0.003906
30000279,BNO_GYRO_UC,2973,-2900,0,-0.001953,0.187500,0.005859,0.001953,0.000000,-0.003906
30010465,BNO_GYRO_UC,2974,-3200,0,0.001953,0.195312,0.011719,0.001953,0.000000,-0.003906
30019603,BNO_GYRO_UC,2975,-3100,0,-0.003906,0.183594,0.009766,0.001953,0.000000,-0.003906
30030373,BNO_GYRO_UC,2976,-3200,0,0.005859,0.191406,0.009766,0.001953,0.000000,-0.003906
30040295,BNO_GYRO_UC,2977,-2700,0,0.031250,0.193359,0.003906,0.001953,0.000000,-0.003906
30050474,BNO_GYRO_UC,2978,-3200,0,0.050781,0.166016,0.001953,0.001953,0.000000,-0.003906
30059690,BNO_GYRO_UC,2979,-3200,0,0.035156,0.154297,-0.003906,0.001953,0.000000,-0.003906
30070500,BNO_GYRO_UC,2980,-3200,0,0.027344,0.142578,0.000000,0.001953,0.000000,-0.003906
30080990,BNO_GYRO_UC,2981,-3200,0,0.019531,0.128906,0.003906,0.001953,0.000000,-0.003906
30090432,BNO_GYRO_UC,2982,-3400,0,0.007812,0.117188,-0.001953,0.001953,0.000000,-0.003906
30100197,BNO_GYRO_UC,2983,-3200,0,-0.011719,0.101562,-0.001953,0.001953,0.000000,-0.003906
30109841,BNO_GYRO_UC,2984,-3100,0,-0.017578,0.099609,-0.001953,0.001953,0.000000,-0.003906
30120418,BNO_GYRO_UC,2985,-3400,0,-0.025391,0.085938,-0.005859,0.001953,0.000000,-0.003906
30130809,BNO_GYRO_UC,2986,-3400,0,-0.021484,0.085938,-0.003906,0.001953,0.000000,-0.003906
30140224,BNO_GYRO_UC,2987,-3200,0,-0.009766,0.101562,-0.005859,0.001953,0.000000,-0.003906
30149970,BNO_GYRO_UC,2988,-3200,0,-0.015625,0.097656,-0.009766,0.001953,0.000000,-0.003906
30160365,BNO_GYRO_UC,2989,-3600,0,-0.011719,0.080078,-0.009766,0.001953,0.000000,-0.003906
30170606,BNO_GYRO_UC,2990,-3400,0,0.005859,0.083984,-0.001953,0.001953,0.000000,-0.003906
30180150,BNO_GYRO_UC,2991,-3400,0,-0.003906,0.111328,0.003906,0.001953,0.000000,-0.003906
30190373,BNO_GYRO_UC,2992,-3400,0,-0.017578,0.138672,0.005859,0.001953,0.000000,-0.003906
30201297,BNO_GYRO_UC,2993,-4000,0,-0.023438,0.171875,0.009766,0.001953,0.000000,-0.003906
