t_us,tag,seq,bno_delay_us,status,mx,my,mz,mbias_x,mbias_y,mbias_z
231224,BNO_MAG_UC,0,-4700,0,22.750,-10.875,-82.000,6.188,-5.812,-34.688
240757,BNO_MAG_UC,1,-4900,0,23.500,-10.500,-82.500,6.188,-5.812,-34.688
271615,BNO_MAG_UC,2,-4900,0,23.875,-10.875,-81.625,6.188,-5.812,-34.688
280769,BNO_MAG_UC,3,-4900,0,23.500,-9.438,-83.375,6.188,-5.812,-34.688
311680,BNO_MAG_UC,4,-5100,0,23.125,-10.500,-82.438,6.188,-5.812,-34.688
321081,BNO_MAG_UC,5,-5100,0,22.375,-9.812,-82.938,6.188,-5.812,-34.688
351309,BNO_MAG_UC,6,-4900,0,22.000,-10.188,-83.375,6.188,-5.812,-34.688
361278,BNO_MAG_UC,7,-5300,0,23.875,-8.812,-82.062,6.188,-5.812,-34.688
391749,BNO_MAG_UC,8,-5100,0,24.250,-9.438,-82.125,6.188,-5.812,-34.688
401133,BNO_MAG_UC,9,-5300,0,23.125,-8.500,-81.250,6.188,-5.812,-34.688
432332,BNO_MAG_UC,10,-5800,0,23.500,-9.188,-82.125,6.188,-5.812,-34.688
441534,BNO_MAG_UC,11,-4900,0,23.500,-9.812,-81.250,6.188,-5.812,-34.688
451420,BNO_MAG_UC,12,-5800,0,23.875,-8.812,-81.750,6.188,-5.812,-34.688
472396,BNO_MAG_UC,13,-5300,0,23.500,-10.500,-81.750,6.188,-5.812,-34.688
481542,BNO_MAG_UC,14,-4900,0,22.750,-10.188,-81.750,6.188,-5.812,-34.688
492068,BNO_MAG_UC,15,-5600,0,22.750,-10.188,-81.750,6.188,-5.812,-34.688
512239,BNO_MAG_UC,16,-6000,0,23.500,-9.812,-82.188,6.188,-5.812,-34.688
521592,BNO_MAG_UC,17,-4900,0,23.125,-11.250,-81.750,6.188,-5.812,-34.688
552290,BNO_MAG_UC,18,-5800,0,23.500,-9.812,-82.625,6.188,-5.812,-34.688
561925,BNO_MAG_UC,19,-5100,0,23.125,-10.188,-80.938,6.188,-5.812,-34.688
592650,BNO_MAG_UC,20,-5600,0,23.125,-10.188,-81.312,6.188,-5.812,-34.688
601853,BNO_MAG_UC,21,-4500,0,24.250,-9.188,-81.812,6.188,-5.812,-34.688
632927,BNO_MAG_UC,22,-6000,0,22.375,-9.562,-81.812,6.188,-5.812,-34.688
641925,BNO_MAG_UC,23,-4500,0,23.875,-8.125,-82.250,6.188,-5.812,-34.688
672987,BNO_MAG_UC,24,-6000,0,22.750,-10.875,-82.688,6.188,-5.812,-34.688
682014,BNO_MAG_UC,25,-4300,0,23.125,-10.875,-82.188,6.188,-5.812,-34.688
713339,BNO_MAG_UC,26,-5700,0,23.500,-9.500,-81.812,6.188,-5.812,-34.688
722297,BNO_MAG_UC,27,-4700,0,22.750,-10.188,-82.688,6.188,-5.812,-34.688
753241,BNO_MAG_UC,28,-5100,0,24.938,-10.875,-81.812,6.188,-5.812,-34.688
762095,BNO_MAG_UC,29,-4900,0,23.875,-10.188,-81.812,6.188,-5.812,-34.688
793169,BNO_MAG_UC,30,-6000,0,24.250,-8.812,-81.875,6.188,-5.812,-34.688
802392,BNO_MAG_UC,31,-4500,0,23.125,-9.812,-82.250,6.188,-5.812,-34.688
833184,BNO_MAG_UC,32,-5100,0,23.125,-10.562,-81.000,6.188,-5.812,-34.688
842335,BNO_MAG_UC,33,-5100,0,23.125,-10.562,-80.125,6.188,-5.812,-34.688
873247,BNO_MAG_UC,34,-5200,0,23.875,-10.500,-81.875,6.188,-5.812,-34.688
882226,BNO_MAG_UC,35,-4900,0,24.562,-10.500,-81.375,6.188,-5.812,-34.688
892385,BNO_MAG_UC,36,-5800,0,24.625,-9.500,-81.875,6.188,-5.812,-34.688
913789,BNO_MAG_UC,37,-5800,0,23.500,-9.875,-80.562,6.188,-5.812,-34.688
922847,BNO_MAG_UC,38,-4900,0,24.250,-9.500,-82.250,6.188,-5.812,-34.688
932077,BNO_MAG_UC,39,-5100,0,23.875,-9.875,-81.875,6.188,-5.812,-34.688
943191,BNO_MAG_UC,40,-5800,0,24.625,-10.500,-83.125,6.188,-5.812,-34.688
962432,BNO_MAG_UC,41,-5100,0,24.625,-9.875,-82.312,6.188,-5.812,-34.688
993826,BNO_MAG_UC,42,-5300,0,25.312,-10.875,-81.500,6.188,-5.812,-34.688
1002359,BNO_MAG_UC,43,-4500,0,22.062,-11.250,-81.438,6.188,-5.812,-34.688
1012683,BNO_MAG_UC,44,-5800,0,23.500,-10.500,-80.562,6.188,-5.812,-34.688
1034006,BNO_MAG_UC,45,-5400,0,23.125,-9.500,-82.750,6.188,-5.812,-34.688
1042427,BNO_MAG_UC,46,-4300,0,24.250,-10.188,-82.375,6.188,-5.812,-34.688
1053520,BNO_MAG_UC,47,-5600,0,24.188,-10.875,-81.438,6.188,-5.812,-34.688
1082973,BNO_MAG_UC,48,-4900,0,23.125,-10.500,-81.062,6.188,-5.812,-34.688
1103603,BNO_MAG_UC,49,-5300,0,23.125,-11.250,-81.500,6.188,-5.812,-34.688
1123180,BNO_MAG_UC,50,-5400,0,23.500,-11.938,-81.938,6.188,-5.812,-34.688
1133553,BNO_MAG_UC,51,-5600,0,23.875,-10.500,-82.812,6.188,-5.812,-34.688
1143632,BNO_MAG_UC,52,-5800,0,23.875,-11.250,-82.312,6.188,-5.812,-34.688
1163150,BNO_MAG_UC,53,-5400,0,23.500,-9.875,-81.438,6.188,-5.812,-34.688
1203259,BNO_MAG_UC,54,-4700,0,22.812,-10.875,-81.500,6.188,-5.812,-34.688
1214162,BNO_MAG_UC,55,-6000,0,22.812,-10.875,-81.500,6.188,-5.812,-34.688
1223617,BNO_MAG_UC,56,-4700,0,23.875,-11.250,-81.938,6.188,-5.812,-34.688
1243570,BNO_MAG_UC,57,-5100,0,24.562,-11.562,-82.000,6.188,-5.812,-34.688
1253038,BNO_MAG_UC,58,-5600,0,24.250,-10.188,-82.438,6.188,-5.812,-34.688
1264437,BNO_MAG_UC,59,-6400,0,23.500,-9.500,-82.812,6.188,-5.812,-34.688
1283517,BNO_MAG_UC,60,-5400,0,24.938,-11.250,-80.688,6.188,-5.812,-34.688
1292876,BNO_MAG_UC,61,-5300,0,24.938,-11.188,-82.875,6.188,-5.812,-34.688
1303851,BNO_MAG_UC,62,-5600,0,24.938,-11.188,-82.500,6.188,-5.812,-34.688
1322956,BNO_MAG_UC,63,-4700,0,25.000,-9.188,-81.625,6.188,-5.812,-34.688
1334225,BNO_MAG_UC,64,-6000,0,24.938,-11.562,-82.000,6.188,-5.812,-34.688
1343282,BNO_MAG_UC,65,-4900,0,26.438,-10.500,-82.438,6.188,-5.812,-34.688
1363637,BNO_MAG_UC,66,-4900,0,24.938,-10.875,-81.625,6.188,-5.812,-34.688
1372967,BNO_MAG_UC,67,-5300,0,25.688,-11.188,-80.750,6.188,-5.812,-34.688
1383975,BNO_MAG_UC,68,-5600,0,24.562,-10.875,-81.625,6.188,-5.812,-34.688
1404350,BNO_MAG_UC,69,-5700,0,24.938,-11.188,-81.625,6.188,-5.812,-34.688
1413197,BNO_MAG_UC,70,-4900,0,25.312,-10.188,-81.625,6.188,-5.812,-34.688
1424114,BNO_MAG_UC,71,-5600,0,25.688,-9.875,-80.750,6.188,-5.812,-34.688
1444286,BNO_MAG_UC,72,-6000,0,26.062,-10.875,-82.000,6.188,-5.812,-34.688
1453344,BNO_MAG_UC,73,-4900,0,25.312,-10.875,-79.438,6.188,-5.812,-34.688
1464260,BNO_MAG_UC,74,-5800,0,25.312,-10.875,-81.188,6.188,-5.812,-34.688
1484397,BNO_MAG_UC,75,-5800,0,25.688,-10.500,-81.125,6.188,-5.812,-34.688
1493484,BNO_MAG_UC,76,-4900,0,26.812,-10.188,-80.375,6.188,-5.812,-34.688
1504414,BNO_MAG_UC,77,-5800,0,25.312,-9.500,-80.750,6.188,-5.812,-34.688
1524365,BNO_MAG_UC,78,-6000,0,26.438,-11.188,-81.625,6.188,-5.812,-34.688
1533548,BNO_MAG_UC,79,-5100,0,27.188,-10.875,-80.750,6.188,-5.812,-34.688
1544488,BNO_MAG_UC,80,-5800,0,25.688,-9.875,-81.625,6.188,-5.812,-34.688
1564392,BNO_MAG_UC,81,-5800,0,25.312,-9.875,-81.188,6.188,-5.812,-34.688
1573897,BNO_MAG_UC,82,-5100,0,25.688,-12.250,-80.750,6.188,-5.812,-34.688
1584916,BNO_MAG_UC,83,-6000,0,26.062,-11.188,-81.188,6.188,-5.812,-34.688
1604744,BNO_MAG_UC,84,-5800,0,25.312,-10.250,-80.312,6.188,-5.812,-34.688
1613817,BNO_MAG_UC,85,-4700,0,25.688,-11.938,-81.188,6.188,-5.812,-34.688
1624744,BNO_MAG_UC,86,-5800,0,26.812,-11.188,-81.188,6.188,-5.812,-34.688
1644676,BNO_MAG_UC,87,-6000,0,25.688,-10.875,-80.750,6.188,-5.812,-34.688
1654018,BNO_MAG_UC,88,-4900,0,26.438,-10.875,-79.938,6.188,-5.812,-34.688
1664189,BNO_MAG_UC,89,-5600,0,25.688,-11.188,-79.938,6.188,-5.812,-34.688
1684697,BNO_MAG_UC,90,-6000,0,26.438,-11.188,-80.812,6.188,-5.812,-34.688
1694021,BNO_MAG_UC,91,-4700,0,26.750,-11.562,-79.938,6.188,-5.812,-34.688
1705033,BNO_MAG_UC,92,-5800,0,26.438,-11.188,-80.312,6.188,-5.812,-34.688
1724996,BNO_MAG_UC,93,-6000,0,26.438,-10.562,-80.812,6.188,-5.812,-34.688
1734248,BNO_MAG_UC,94,-4900,0,26.812,-10.188,-80.375,6.188,-5.812,-34.688
1745151,BNO_MAG_UC,95,-5600,0,26.812,-9.875,-81.688,6.188,-5.812,-34.688
1764916,BNO_MAG_UC,96,-6000,0,26.438,-10.875,-81.250,6.188,-5.812,-34.688
1774187,BNO_MAG_UC,97,-4700,0,26.438,-10.562,-79.562,6.188,-5.812,-34.688
1805212,BNO_MAG_UC,98,-5100,0,26.438,-10.562,-79.938,6.188,-5.812,-34.688
1814431,BNO_MAG_UC,99,-5100,0,27.125,-11.562,-80.438,6.188,-5.812,-34.688
1825508,BNO_MAG_UC,100,-6000,0,26.812,-10.875,-80.000,6.188,-5.812,-34.688
1845323,BNO_MAG_UC,101,-5800,0,27.875,-10.188,-80.438,6.188,-5.812,-34.688
1854464,BNO_MAG_UC,102,-4500,0,27.875,-9.500,-80.000,6.188,-5.812,-34.688
1885593,BNO_MAG_UC,103,-5500,0,27.500,-10.562,-79.562,6.188,-5.812,-34.688
1894642,BNO_MAG_UC,104,-5300,0,27.562,-9.500,-79.562,6.188,-5.812,-34.688
1925798,BNO_MAG_UC,105,-5300,0,27.500,-11.562,-81.312,6.188,-5.812,-34.688
1934833,BNO_MAG_UC,106,-5100,0,27.875,-10.812,-80.875,6.188,-5.812,-34.688
1944133,BNO_MAG_UC,107,-5100,0,28.250,-10.562,-80.438,6.188,-5.812,-34.688
1974771,BNO_MAG_UC,108,-4700,0,29.375,-9.500,-79.188,6.188,-5.812,-34.688
1985437,BNO_MAG_UC,109,-5800,0,29.375,-9.500,-79.188,6.188,-5.812,-34.688
1995143,BNO_MAG_UC,110,-4900,0,28.625,-11.562,-79.562,6.188,-5.812,-34.688
2014618,BNO_MAG_UC,111,-5100,0,29.000,-11.188,-80.000,6.188,-5.812,-34.688
2045828,BNO_MAG_UC,112,-5300,0,28.250,-11.875,-79.125,6.188,-5.812,-34.688
2054700,BNO_MAG_UC,113,-4900,0,27.875,-10.875,-78.250,6.188,-5.812,-34.688
2094350,BNO_MAG_UC,114,-4300,0,29.375,-11.188,-78.750,6.188,-5.812,-34.688
2105456,BNO_MAG_UC,115,-5600,0,29.750,-10.812,-79.625,6.188,-5.812,-34.688
2115412,BNO_MAG_UC,116,-5400,0,29.750,-11.562,-79.188,6.188,-5.812,-34.688
2134871,BNO_MAG_UC,117,-5100,0,29.312,-11.875,-78.312,6.188,-5.812,-34.688
2175273,BNO_MAG_UC,118,-5100,0,29.750,-10.188,-78.750,6.188,-5.812,-34.688
2206774,BNO_MAG_UC,119,-5600,0,30.125,-10.875,-79.250,6.188,-5.812,-34.688
2215922,BNO_MAG_UC,120,-5300,0,29.312,-12.250,-78.312,6.188,-5.812,-34.688
2225616,BNO_MAG_UC,121,-5100,0,31.188,-10.875,-78.750,6.188,-5.812,-34.688
2235470,BNO_MAG_UC,122,-5400,0,30.062,-11.188,-77.062,6.188,-5.812,-34.688
2254724,BNO_MAG_UC,123,-4700,0,30.062,-11.562,-77.938,6.188,-5.812,-34.688
2265951,BNO_MAG_UC,124,-6000,0,30.125,-9.812,-79.625,6.188,-5.812,-34.688
2275631,BNO_MAG_UC,125,-5300,0,30.812,-10.562,-77.938,6.188,-5.812,-34.688
2295121,BNO_MAG_UC,126,-5100,0,30.062,-10.562,-77.938,6.188,-5.812,-34.688
2306249,BNO_MAG_UC,127,-6000,0,30.812,-10.875,-78.750,6.188,-5.812,-34.688
2315811,BNO_MAG_UC,128,-5100,0,30.812,-10.188,-78.375,6.188,-5.812,-34.688
2335693,BNO_MAG_UC,129,-5400,0,30.500,-9.500,-77.938,6.188,-5.812,-34.688
2346021,BNO_MAG_UC,130,-5400,0,30.812,-10.875,-77.500,6.188,-5.812,-34.688
2356017,BNO_MAG_UC,131,-5600,0,30.438,-11.188,-77.500,6.188,-5.812,-34.688
2375790,BNO_MAG_UC,132,-5600,0,31.188,-11.875,-78.375,6.188,-5.812,-34.688
2385449,BNO_MAG_UC,133,-5600,0,31.188,-11.188,-77.938,6.188,-5.812,-34.688
2396810,BNO_MAG_UC,134,-6400,0,30.438,-10.875,-78.812,6.188,-5.812,-34.688
2416372,BNO_MAG_UC,135,-5500,0,32.312,-10.500,-77.938,6.188,-5.812,-34.688
2426055,BNO_MAG_UC,136,-5400,0,31.938,-11.188,-77.500,6.188,-5.812,-34.688
2435417,BNO_MAG_UC,137,-5600,0,31.938,-10.875,-76.188,6.188,-5.812,-34.688
2456843,BNO_MAG_UC,138,-5500,0,31.188,-10.188,-77.938,6.188,-5.812,-34.688
2466193,BNO_MAG_UC,139,-5400,0,31.938,-10.500,-77.062,6.188,-5.812,-34.688
2476075,BNO_MAG_UC,140,-5300,0,31.562,-11.188,-77.938,6.188,-5.812,-34.688
2495925,BNO_MAG_UC,141,-5400,0,31.562,-11.188,-76.688,6.188,-5.812,-34.688
2505516,BNO_MAG_UC,142,-5400,0,32.625,-11.500,-77.562,6.188,-5.812,-34.688
2515799,BNO_MAG_UC,143,-5800,0,31.562,-10.500,-77.062,6.188,-5.812,-34.688
2536305,BNO_MAG_UC,144,-5100,0,33.000,-10.500,-77.125,6.188,-5.812,-34.688
2545645,BNO_MAG_UC,145,-5100,0,31.562,-11.875,-76.688,6.188,-5.812,-34.688
2555969,BNO_MAG_UC,146,-5800,0,33.000,-10.875,-76.688,6.188,-5.812,-34.688
2576405,BNO_MAG_UC,147,-4900,0,32.312,-9.438,-77.188,6.188,-5.812,-34.688
2585574,BNO_MAG_UC,148,-5100,0,33.750,-10.500,-77.188,6.188,-5.812,-34.688
2596646,BNO_MAG_UC,149,-5600,0,31.938,-10.875,-76.188,6.188,-5.812,-34.688
2616537,BNO_MAG_UC,150,-6000,0,33.062,-9.812,-76.250,6.188,-5.812,-34.688
2625968,BNO_MAG_UC,151,-4900,0,32.312,-9.125,-78.062,6.188,-5.812,-34.688
2636260,BNO_MAG_UC,152,-5800,0,33.062,-10.875,-78.062,6.188,-5.812,-34.688
2656661,BNO_MAG_UC,153,-6000,0,32.688,-10.188,-77.562,6.188,-5.812,-34.688
2666090,BNO_MAG_UC,154,-4900,0,33.375,-11.500,-77.562,6.188,-5.812,-34.688
2677068,BNO_MAG_UC,155,-6000,0,33.000,-10.875,-76.312,6.188,-5.812,-34.688
2696861,BNO_MAG_UC,156,-6000,0,34.500,-11.500,-76.312,6.188,-5.812,-34.688
2706242,BNO_MAG_UC,157,-4900,0,33.062,-10.188,-76.688,6.188,-5.812,-34.688
2716562,BNO_MAG_UC,158,-5800,0,33.000,-10.500,-75.875,6.188,-5.812,-34.688
2737055,BNO_MAG_UC,159,-6000,0,33.750,-10.188,-76.312,6.188,-5.812,-34.688
2746267,BNO_MAG_UC,160,-4700,0,33.750,-10.875,-75.438,6.188,-5.812,-34.688
2757280,BNO_MAG_UC,161,-5800,0,34.125,-9.438,-76.312,6.188,-5.812,-34.688
2777239,BNO_MAG_UC,162,-6000,0,33.750,-10.188,-76.312,6.188,-5.812,-34.688
2786414,BNO_MAG_UC,163,-4900,0,34.875,-10.125,-76.688,6.188,-5.812,-34.688
2796886,BNO_MAG_UC,164,-6000,0,34.125,-10.188,-75.875,6.188,-5.812,-34.688
2817495,BNO_MAG_UC,165,-6000,0,34.500,-10.500,-75.875,6.188,-5.812,-34.688
2826675,BNO_MAG_UC,166,-4700,0,34.125,-9.812,-75.000,6.188,-5.812,-34.688
2836706,BNO_MAG_UC,167,-5400,0,34.125,-9.812,-75.000,6.188,-5.812,-34.688
2857486,BNO_MAG_UC,168,-6000,0,33.750,-10.125,-77.188,6.188,-5.812,-34.688
2866736,BNO_MAG_UC,169,-4900,0,35.625,-10.125,-75.438,6.188,-5.812,-34.688
2877788,BNO_MAG_UC,170,-6000,0,33.750,-9.812,-75.000,6.188,-5.812,-34.688
2897938,BNO_MAG_UC,171,-6000,0,34.875,-9.125,-75.500,6.188,-5.812,-34.688
2906948,BNO_MAG_UC,172,-5400,0,34.875,-11.875,-75.875,6.188,-5.812,-34.688
2938071,BNO_MAG_UC,173,-6100,0,34.125,-10.500,-73.750,6.188,-5.812,-34.688
2947047,BNO_MAG_UC,174,-5400,0,35.562,-11.875,-75.438,6.188,-5.812,-34.688
2977805,BNO_MAG_UC,175,-5800,0,35.250,-10.500,-75.500,6.188,-5.812,-34.688
2987070,BNO_MAG_UC,176,-5400,0,35.250,-10.125,-75.000,6.188,-5.812,-34.688
2996300,BNO_MAG_UC,177,-5300,0,35.625,-10.500,-75.875,6.188,-5.812,-34.688
3027259,BNO_MAG_UC,178,-5100,0,35.625,-10.125,-74.625,6.188,-5.812,-34.688
3037241,BNO_MAG_UC,179,-5100,0,35.625,-10.125,-75.875,6.188,-5.812,-34.688
3047379,BNO_MAG_UC,180,-5600,0,36.688,-9.812,-75.062,6.188,-5.812,-34.688
3066493,BNO_MAG_UC,181,-4900,0,35.938,-10.875,-74.625,6.188,-5.812,-34.688
3076798,BNO_MAG_UC,182,-5600,0,37.438,-10.125,-74.625,6.188,-5.812,-34.688
3098072,BNO_MAG_UC,183,-5300,0,37.062,-9.438,-73.750,6.188,-5.812,-34.688
3107399,BNO_MAG_UC,184,-5400,0,36.312,-9.812,-74.188,6.188,-5.812,-34.688
3117382,BNO_MAG_UC,185,-5300,0,36.688,-10.125,-74.625,6.188,-5.812,-34.688
3127478,BNO_MAG_UC,186,-5600,0,37.062,-10.812,-75.062,6.188,-5.812,-34.688
3146910,BNO_MAG_UC,187,-5100,0,36.688,-10.125,-74.625,6.188,-5.812,-34.688
3178269,BNO_MAG_UC,188,-5400,0,38.188,-11.188,-73.750,6.188,-5.812,-34.688
3186605,BNO_MAG_UC,189,-4300,0,36.688,-10.500,-74.625,6.188,-5.812,-34.688
3197723,BNO_MAG_UC,190,-6000,0,37.438,-10.500,-73.375,6.188,-5.812,-34.688
3207642,BNO_MAG_UC,191,-5600,0,37.062,-10.875,-73.750,6.188,-5.812,-34.688
3227049,BNO_MAG_UC,192,-4900,0,37.812,-10.812,-73.750,6.188,-5.812,-34.688
3237186,BNO_MAG_UC,193,-5800,0,38.125,-10.875,-71.625,6.188,-5.812,-34.688
3248204,BNO_MAG_UC,194,-5600,0,37.812,-10.500,-72.500,6.188,-5.812,-34.688
3267144,BNO_MAG_UC,195,-5300,0,38.500,-10.500,-72.500,6.188,-5.812,-34.688
3277411,BNO_MAG_UC,196,-6000,0,38.562,-9.438,-73.000,6.188,-5.812,-34.688
3307123,BNO_MAG_UC,197,-4700,0,37.812,-10.500,-73.750,6.188,-5.812,-34.688
3317535,BNO_MAG_UC,198,-5800,0,38.500,-10.500,-73.375,6.188,-5.812,-34.688
3328562,BNO_MAG_UC,199,-5800,0,38.875,-10.125,-72.125,6.188,-5.812,-34.688
3347527,BNO_MAG_UC,200,-5300,0,38.875,-9.750,-73.375,6.188,-5.812,-34.688
3358482,BNO_MAG_UC,201,-6000,0,39.188,-10.812,-73.375,6.188,-5.812,-34.688
3367864,BNO_MAG_UC,202,-4900,0,39.188,-10.125,-72.125,6.188,-5.812,-34.688
3387143,BNO_MAG_UC,203,-4700,0,39.938,-10.500,-71.688,6.188,-5.812,-34.688
3398563,BNO_MAG_UC,204,-5800,0,38.125,-10.875,-71.188,6.188,-5.812,-34.688
3407873,BNO_MAG_UC,205,-4900,0,39.188,-9.438,-71.688,6.188,-5.812,-34.688
3427288,BNO_MAG_UC,206,-4900,0,38.500,-10.500,-71.188,6.188,-5.812,-34.688
3438569,BNO_MAG_UC,207,-5800,0,39.250,-9.750,-72.125,6.188,-5.812,-34.688
3467733,BNO_MAG_UC,208,-5100,0,39.562,-10.812,-72.125,6.188,-5.812,-34.688
3478888,BNO_MAG_UC,209,-6000,0,39.562,-10.125,-72.125,6.188,-5.812,-34.688
3488174,BNO_MAG_UC,210,-4900,0,39.562,-10.500,-71.688,6.188,-5.812,-34.688
3508932,BNO_MAG_UC,211,-5700,0,39.938,-9.750,-71.250,6.188,-5.812,-34.688
3517560,BNO_MAG_UC,212,-4900,0,39.250,-11.188,-71.188,6.188,-5.812,-34.688
3528584,BNO_MAG_UC,213,-5800,0,39.938,-9.750,-71.250,6.188,-5.812,-34.688
3548091,BNO_MAG_UC,214,-5600,0,40.312,-10.125,-70.812,6.188,-5.812,-34.688
3557454,BNO_MAG_UC,215,-5100,0,40.688,-10.125,-70.812,6.188,-5.812,-34.688
3568448,BNO_MAG_UC,216,-5600,0,40.688,-10.125,-70.812,6.188,-5.812,-34.688
3588876,BNO_MAG_UC,217,-6000,0,40.688,-10.125,-70.812,6.188,-5.812,-34.688
3597794,BNO_MAG_UC,218,-4700,0,41.000,-10.500,-69.562,6.188,-5.812,-34.688
3608696,BNO_MAG_UC,219,-5800,0,40.688,-9.438,-70.438,6.188,-5.812,-34.688
3628724,BNO_MAG_UC,220,-5800,0,40.312,-10.812,-71.250,6.188,-5.812,-34.688
3637800,BNO_MAG_UC,221,-4900,0,40.250,-11.188,-69.938,6.188,-5.812,-34.688
3648855,BNO_MAG_UC,222,-6000,0,41.062,-9.438,-69.562,6.188,-5.812,-34.688
3668760,BNO_MAG_UC,223,-6000,0,42.875,-10.812,-70.375,6.188,-5.812,-34.688
3678037,BNO_MAG_UC,224,-5100,0,41.750,-9.750,-69.562,6.188,-5.812,-34.688
3688941,BNO_MAG_UC,225,-5800,0,41.375,-11.188,-69.938,6.188,-5.812,-34.688
3709035,BNO_MAG_UC,226,-6200,0,41.750,-10.812,-68.688,6.188,-5.812,-34.688
3718205,BNO_MAG_UC,227,-4900,0,41.000,-10.500,-68.188,6.188,-5.812,-34.688
3729102,BNO_MAG_UC,228,-6000,0,42.500,-9.375,-70.438,6.188,-5.812,-34.688
3748898,BNO_MAG_UC,229,-5800,0,41.375,-10.125,-67.375,6.188,-5.812,-34.688
3758253,BNO_MAG_UC,230,-4900,0,41.750,-11.875,-69.125,6.188,-5.812,-34.688
3769170,BNO_MAG_UC,231,-6200,0,42.125,-10.500,-68.312,6.188,-5.812,-34.688
3789129,BNO_MAG_UC,232,-5800,0,41.375,-9.750,-68.250,6.188,-5.812,-34.688
3798555,BNO_MAG_UC,233,-4900,0,40.625,-9.750,-68.688,6.188,-5.812,-34.688
3809476,BNO_MAG_UC,234,-5800,0,42.500,-9.750,-68.688,6.188,-5.812,-34.688
3829224,BNO_MAG_UC,235,-6000,0,42.875,-10.125,-69.188,6.188,-5.812,-34.688
3838502,BNO_MAG_UC,236,-4700,0,43.250,-10.125,-68.312,6.188,-5.812,-34.688
3849046,BNO_MAG_UC,237,-5800,0,43.250,-10.125,-68.312,6.188,-5.812,-34.688
3869639,BNO_MAG_UC,238,-6400,0,40.625,-9.812,-66.938,6.188,-5.812,-34.688
3878675,BNO_MAG_UC,239,-4700,0,43.250,-10.125,-67.438,6.188,-5.812,-34.688
3909636,BNO_MAG_UC,240,-5100,0,42.500,-10.812,-67.438,6.188,-5.812,-34.688
3918824,BNO_MAG_UC,241,-5300,0,41.750,-9.750,-66.938,6.188,-5.812,-34.688
3950099,BNO_MAG_UC,242,-6200,0,42.875,-9.750,-68.312,6.188,-5.812,-34.688
3958959,BNO_MAG_UC,243,-4900,0,42.500,-10.125,-66.562,6.188,-5.812,-34.688
3968329,BNO_MAG_UC,244,-5100,0,42.500,-10.125,-68.312,6.188,-5.812,-34.688
3989749,BNO_MAG_UC,245,-6200,0,42.500,-10.812,-66.562,6.188,-5.812,-34.688
3998975,BNO_MAG_UC,246,-4700,0,43.938,-10.125,-67.812,6.188,-5.812,-34.688
4030217,BNO_MAG_UC,247,-5500,0,43.938,-9.062,-67.438,6.188,-5.812,-34.688
4039247,BNO_MAG_UC,248,-5100,0,43.188,-10.812,-67.875,6.188,-5.812,-34.688
4048568,BNO_MAG_UC,249,-5300,0,43.938,-10.125,-66.125,6.188,-5.812,-34.688
4079401,BNO_MAG_UC,250,-4900,0,42.812,-10.500,-66.562,6.188,-5.812,-34.688
4089445,BNO_MAG_UC,251,-5100,0,43.562,-10.500,-66.562,6.188,-5.812,-34.688
4119030,BNO_MAG_UC,252,-4900,0,43.562,-9.750,-66.125,6.188,-5.812,-34.688
4150537,BNO_MAG_UC,253,-5700,0,43.562,-10.500,-66.125,6.188,-5.812,-34.688
4159688,BNO_MAG_UC,254,-5300,0,44.688,-10.438,-66.562,6.188,-5.812,-34.688
4168860,BNO_MAG_UC,255,-4900,0,43.938,-10.500,-65.750,6.188,-5.812,-34.688
4199451,BNO_MAG_UC,256,-5300,0,45.812,-9.375,-64.500,6.188,-5.812,-34.688
4209803,BNO_MAG_UC,257,-5600,0,45.438,-9.375,-67.438,6.188,-5.812,-34.688
4219897,BNO_MAG_UC,258,-5800,0,44.688,-11.188,-65.750,6.188,-5.812,-34.688
4238894,BNO_MAG_UC,259,-4900,0,45.375,-11.500,-64.875,6.188,-5.812,-34.688
4249375,BNO_MAG_UC,260,-6000,0,44.312,-11.188,-66.125,6.188,-5.812,-34.688
4279793,BNO_MAG_UC,261,-5100,0,44.312,-9.750,-64.875,6.188,-5.812,-34.688
4289307,BNO_MAG_UC,262,-5600,0,43.562,-10.812,-65.750,6.188,-5.812,-34.688
4300610,BNO_MAG_UC,263,-6200,0,45.750,-11.188,-64.875,6.188,-5.812,-34.688
4320361,BNO_MAG_UC,264,-5700,0,45.750,-9.750,-63.625,6.188,-5.812,-34.688
4330045,BNO_MAG_UC,265,-5400,0,46.188,-9.375,-65.750,6.188,-5.812,-34.688
4339984,BNO_MAG_UC,266,-5600,0,45.438,-9.750,-65.750,6.188,-5.812,-34.688
4359212,BNO_MAG_UC,267,-4700,0,45.062,-10.812,-65.750,6.188,-5.812,-34.688
4370528,BNO_MAG_UC,268,-6000,0,45.062,-9.375,-65.312,6.188,-5.812,-34.688
4379861,BNO_MAG_UC,269,-4700,0,44.688,-9.062,-66.188,6.188,-5.812,-34.688
4399269,BNO_MAG_UC,270,-4700,0,46.125,-10.812,-64.875,6.188,-5.812,-34.688
4410568,BNO_MAG_UC,271,-5800,0,45.438,-9.750,-65.312,6.188,-5.812,-34.688
4419994,BNO_MAG_UC,272,-4900,0,46.500,-9.062,-64.438,6.188,-5.812,-34.688
4439227,BNO_MAG_UC,273,-4500,0,47.250,-10.812,-64.000,6.188,-5.812,-34.688
4450577,BNO_MAG_UC,274,-6000,0,45.438,-8.688,-64.000,6.188,-5.812,-34.688
4460046,BNO_MAG_UC,275,-4700,0,46.125,-10.125,-64.875,6.188,-5.812,-34.688
4480549,BNO_MAG_UC,276,-6000,0,45.375,-11.188,-64.000,6.188,-5.812,-34.688
4490379,BNO_MAG_UC,277,-5100,0,46.125,-10.125,-64.875,6.188,-5.812,-34.688
4520052,BNO_MAG_UC,278,-5300,0,45.062,-9.438,-62.750,6.188,-5.812,-34.688
4529637,BNO_MAG_UC,279,-5400,0,45.375,-10.438,-64.500,6.188,-5.812,-34.688
4540489,BNO_MAG_UC,280,-5600,0,45.750,-10.125,-64.000,6.188,-5.812,-34.688
4560702,BNO_MAG_UC,281,-6200,0,45.812,-9.062,-64.000,6.188,-5.812,-34.688
4569836,BNO_MAG_UC,282,-4700,0,45.062,-10.812,-64.875,6.188,-5.812,-34.688
4580689,BNO_MAG_UC,283,-5600,0,46.125,-10.125,-65.312,6.188,-5.812,-34.688
4600625,BNO_MAG_UC,284,-5800,0,45.062,-10.125,-64.875,6.188,-5.812,-34.688
4609943,BNO_MAG_UC,285,-4700,0,46.125,-10.125,-64.000,6.188,-5.812,-34.688
4620903,BNO_MAG_UC,286,-6000,0,45.062,-9.750,-64.875,6.188,-5.812,-34.688
4640894,BNO_MAG_UC,287,-6200,0,47.250,-10.125,-63.625,6.188,-5.812,-34.688
4650134,BNO_MAG_UC,288,-4900,0,45.062,-9.750,-63.625,6.188,-5.812,-34.688
4661041,BNO_MAG_UC,289,-5800,0,46.125,-9.062,-63.625,6.188,-5.812,-34.688
4680985,BNO_MAG_UC,290,-6000,0,46.875,-9.375,-64.000,6.188,-5.812,-34.688
4690256,BNO_MAG_UC,291,-4900,0,45.062,-9.750,-64.000,6.188,-5.812,-34.688
4721344,BNO_MAG_UC,292,-5000,0,45.750,-10.125,-63.125,6.188,-5.812,-34.688
4730277,BNO_MAG_UC,293,-5100,0,45.438,-9.750,-64.500,6.188,-5.812,-34.688
4761617,BNO_MAG_UC,294,-5500,0,45.062,-8.375,-64.000,6.188,-5.812,-34.688
4770624,BNO_MAG_UC,295,-4700,0,44.625,-10.812,-63.125,6.188,-5.812,-34.688
4801725,BNO_MAG_UC,296,-5400,0,46.125,-9.750,-63.625,6.188,-5.812,-34.688
4810627,BNO_MAG_UC,297,-5300,0,46.500,-9.750,-65.375,6.188,-5.812,-34.688
4821603,BNO_MAG_UC,298,-5800,0,45.438,-9.750,-64.875,6.188,-5.812,-34.688
4841350,BNO_MAG_UC,299,-6000,0,45.062,-10.125,-63.625,6.188,-5.812,-34.688
4850595,BNO_MAG_UC,300,-4500,0,46.875,-9.375,-63.188,6.188,-5.812,-34.688
4881770,BNO_MAG_UC,301,-5500,0,45.812,-9.062,-63.625,6.188,-5.812,-34.688
4890894,BNO_MAG_UC,302,-5100,0,46.125,-9.375,-63.625,6.188,-5.812,-34.688
4902007,BNO_MAG_UC,303,-6000,0,47.250,-10.438,-64.062,6.188,-5.812,-34.688
4921954,BNO_MAG_UC,304,-5800,0,45.750,-9.750,-63.625,6.188,-5.812,-34.688
4931047,BNO_MAG_UC,305,-5400,0,46.125,-10.125,-64.500,6.188,-5.812,-34.688
4961887,BNO_MAG_UC,306,-5700,0,46.125,-10.125,-64.062,6.188,-5.812,-34.688
4971233,BNO_MAG_UC,307,-5400,0,46.500,-10.125,-63.188,6.188,-5.812,-34.688
4981099,BNO_MAG_UC,308,-5300,0,46.500,-10.125,-63.188,6.188,-5.812,-34.688
4991554,BNO_MAG_UC,309,-5800,0,46.500,-10.125,-64.062,6.188,-5.812,-34.688
5011224,BNO_MAG_UC,310,-5600,0,45.750,-10.438,-63.625,6.188,-5.812,-34.688
5021536,BNO_MAG_UC,311,-5600,0,46.500,-9.375,-64.500,6.188,-5.812,-34.688
5031572,BNO_MAG_UC,312,-5800,0,45.812,-10.125,-65.750,6.188,-5.812,-34.688
5051166,BNO_MAG_UC,313,-5400,0,46.500,-9.375,-63.188,6.188,-5.812,-34.688
5060772,BNO_MAG_UC,314,-5400,0,45.750,-9.750,-64.062,6.188,-5.812,-34.688
5091358,BNO_MAG_UC,315,-5400,0,45.750,-10.438,-64.062,6.188,-5.812,-34.688
5100873,BNO_MAG_UC,316,-5600,0,46.875,-9.375,-63.188,6.188,-5.812,-34.688
5112082,BNO_MAG_UC,317,-6200,0,45.438,-9.750,-64.938,6.188,-5.812,-34.688
5131483,BNO_MAG_UC,318,-5600,0,45.750,-9.750,-63.625,6.188,-5.812,-34.688
5141707,BNO_MAG_UC,319,-5400,0,46.125,-10.438,-63.188,6.188,-5.812,-34.688
5151845,BNO_MAG_UC,320,-6000,0,45.812,-9.750,-65.375,6.188,-5.812,-34.688
5171396,BNO_MAG_UC,321,-5400,0,45.062,-10.125,-64.062,6.188,-5.812,-34.688
5181772,BNO_MAG_UC,322,-5400,0,46.125,-9.750,-63.625,6.188,-5.812,-34.688
5192063,BNO_MAG_UC,323,-6200,0,45.812,-9.375,-64.938,6.188,-5.812,-34.688
5211626,BNO_MAG_UC,324,-5600,0,45.812,-8.688,-63.188,6.188,-5.812,-34.688
5221857,BNO_MAG_UC,325,-5600,0,46.125,-9.375,-64.500,6.188,-5.812,-34.688
5231980,BNO_MAG_UC,326,-6000,0,45.750,-10.438,-63.625,6.188,-5.812,-34.688
5251610,BNO_MAG_UC,327,-5400,0,45.000,-10.812,-64.062,6.188,-5.812,-34.688
5262010,BNO_MAG_UC,328,-5600,0,46.500,-9.750,-64.875,6.188,-5.812,-34.688
5271966,BNO_MAG_UC,329,-5800,0,45.812,-9.750,-64.500,6.188,-5.812,-34.688
5291785,BNO_MAG_UC,330,-5100,0,46.500,-9.375,-64.062,6.188,-5.812,-34.688
5301267,BNO_MAG_UC,331,-5400,0,46.875,-10.812,-64.062,6.188,-5.812,-34.688
5333043,BNO_MAG_UC,332,-7300,0,45.812,-9.375,-64.062,6.188,-5.812,-34.688
5342489,BNO_MAG_UC,333,-6000,0,45.812,-9.375,-64.938,6.188,-5.812,-34.688
5351947,BNO_MAG_UC,334,-5300,0,46.500,-9.375,-64.562,6.188,-5.812,-34.688
5371958,BNO_MAG_UC,335,-5400,0,45.750,-9.375,-63.625,6.188,-5.812,-34.688
5382233,BNO_MAG_UC,336,-5600,0,45.750,-9.750,-64.062,6.188,-5.812,-34.688
5392161,BNO_MAG_UC,337,-5600,0,45.438,-10.438,-65.375,6.188,-5.812,-34.688
5412152,BNO_MAG_UC,338,-5300,0,45.062,-9.750,-64.062,6.188,-5.812,-34.688
5421547,BNO_MAG_UC,339,-5400,0,46.875,-9.062,-63.188,6.188,-5.812,-34.688
5432861,BNO_MAG_UC,340,-6200,0,46.125,-9.062,-63.625,6.188,-5.812,-34.688
5452062,BNO_MAG_UC,341,-5400,0,46.875,-10.125,-64.562,6.188,-5.812,-34.688
5461636,BNO_MAG_UC,342,-5400,0,45.812,-8.688,-63.188,6.188,-5.812,-34.688
5472811,BNO_MAG_UC,343,-6200,0,46.500,-9.062,-63.625,6.188,-5.812,-34.688
5492639,BNO_MAG_UC,344,-6000,0,46.125,-9.750,-62.312,6.188,-5.812,-34.688
5501755,BNO_MAG_UC,345,-4900,0,45.750,-10.438,-64.062,6.188,-5.812,-34.688
5512933,BNO_MAG_UC,346,-5800,0,45.062,-9.750,-63.188,6.188,-5.812,-34.688
5532744,BNO_MAG_UC,347,-6000,0,45.750,-9.438,-62.812,6.188,-5.812,-34.688
5541733,BNO_MAG_UC,348,-4900,0,45.750,-9.375,-63.688,6.188,-5.812,-34.688
5552859,BNO_MAG_UC,349,-6000,0,46.500,-9.375,-64.062,6.188,-5.812,-34.688
5572997,BNO_MAG_UC,350,-6000,0,45.375,-10.500,-63.188,6.188,-5.812,-34.688
5581993,BNO_MAG_UC,351,-4900,0,46.500,-8.000,-63.188,6.188,-5.812,-34.688
5593196,BNO_MAG_UC,352,-6200,0,45.750,-9.438,-63.188,6.188,-5.812,-34.688
5613353,BNO_MAG_UC,353,-6200,0,46.125,-9.750,-62.312,6.188,-5.812,-34.688
5622126,BNO_MAG_UC,354,-5400,0,46.125,-9.062,-64.062,6.188,-5.812,-34.688
5632624,BNO_MAG_UC,355,-6000,0,45.375,-10.125,-63.688,6.188,-5.812,-34.688
5653305,BNO_MAG_UC,356,-5900,0,45.750,-10.125,-64.062,6.188,-5.812,-34.688
5662281,BNO_MAG_UC,357,-5600,0,45.812,-9.375,-64.062,6.188,-5.812,-34.688
5672774,BNO_MAG_UC,358,-6000,0,45.812,-10.125,-64.938,6.188,-5.812,-34.688
5693311,BNO_MAG_UC,359,-6200,0,46.875,-9.062,-63.688,6.188,-5.812,-34.688
5702502,BNO_MAG_UC,360,-4700,0,46.188,-8.000,-64.562,6.188,-5.812,-34.688
5712513,BNO_MAG_UC,361,-5400,0,46.188,-8.000,-64.562,6.188,-5.812,-34.688
5733396,BNO_MAG_UC,362,-6000,0,45.750,-9.750,-63.688,6.188,-5.812,-34.688
5742635,BNO_MAG_UC,363,-4900,0,45.750,-9.750,-63.188,6.188,-5.812,-34.688
5773547,BNO_MAG_UC,364,-5900,0,46.875,-11.188,-64.062,6.188,-5.812,-34.688
5782718,BNO_MAG_UC,365,-5400,0,46.875,-9.375,-64.938,6.188,-5.812,-34.688
5813501,BNO_MAG_UC,366,-5500,0,47.250,-10.438,-64.062,6.188,-5.812,-34.688
5822833,BNO_MAG_UC,367,-5400,0,45.062,-9.438,-64.062,6.188,-5.812,-34.688
5832716,BNO_MAG_UC,368,-5400,0,45.062,-9.438,-64.062,6.188,-5.812,-34.688
5853879,BNO_MAG_UC,369,-5300,0,45.062,-10.812,-65.812,6.188,-5.812,-34.688
5862967,BNO_MAG_UC,370,-5300,0,44.688,-9.750,-64.562,6.188,-5.812,-34.688
5873198,BNO_MAG_UC,371,-5300,0,45.438,-10.125,-64.062,6.188,-5.812,-34.688
5902895,BNO_MAG_UC,372,-4900,0,44.688,-9.062,-64.938,6.188,-5.812,-34.688
5913072,BNO_MAG_UC,373,-5300,0,45.438,-7.312,-65.438,6.188,-5.812,-34.688
5942828,BNO_MAG_UC,374,-4900,0,44.688,-9.750,-65.812,6.188,-5.812,-34.688
5973802,BNO_MAG_UC,375,-5300,0,44.688,-8.688,-63.688,6.188,-5.812,-34.688
5983001,BNO_MAG_UC,376,-5100,0,45.438,-10.438,-64.938,6.188,-5.812,-34.688
5992490,BNO_MAG_UC,377,-5400,0,44.312,-9.750,-65.812,6.188,-5.812,-34.688
6022968,BNO_MAG_UC,378,-4500,0,46.188,-8.688,-65.812,6.188,-5.812,-34.688
6062971,BNO_MAG_UC,379,-4700,0,44.312,-9.062,-65.438,6.188,-5.812,-34.688
6074038,BNO_MAG_UC,380,-6000,0,44.312,-8.688,-66.688,6.188,-5.812,-34.688
6083375,BNO_MAG_UC,381,-4900,0,42.875,-10.500,-65.375,6.188,-5.812,-34.688
6103507,BNO_MAG_UC,382,-5400,0,44.688,-9.375,-65.875,6.188,-5.812,-34.688
6113592,BNO_MAG_UC,383,-5300,0,44.688,-9.750,-67.188,6.188,-5.812,-34.688
6123954,BNO_MAG_UC,384,-6000,0,44.312,-8.688,-66.688,6.188,-5.812,-34.688
6143691,BNO_MAG_UC,385,-5100,0,43.562,-9.062,-65.438,6.188,-5.812,-34.688
6153844,BNO_MAG_UC,386,-5600,0,44.312,-10.125,-66.688,6.188,-5.812,-34.688
6163791,BNO_MAG_UC,387,-5600,0,44.312,-9.750,-67.562,6.188,-5.812,-34.688
6183193,BNO_MAG_UC,388,-5100,0,44.312,-8.375,-66.750,6.188,-5.812,-34.688
6223699,BNO_MAG_UC,389,-4900,0,43.250,-10.812,-67.125,6.188,-5.812,-34.688
6244433,BNO_MAG_UC,390,-6400,0,43.938,-9.375,-67.562,6.188,-5.812,-34.688
6263187,BNO_MAG_UC,391,-4900,0,43.250,-9.750,-66.688,6.188,-5.812,-34.688
6273993,BNO_MAG_UC,392,-6000,0,43.625,-9.375,-67.562,6.188,-5.812,-34.688
6283099,BNO_MAG_UC,393,-4500,0,43.938,-9.062,-67.188,6.188,-5.812,-34.688
6303011,BNO_MAG_UC,394,-4500,0,42.938,-8.375,-68.938,6.188,-5.812,-34.688
6314423,BNO_MAG_UC,395,-6000,0,43.312,-8.375,-66.312,6.188,-5.812,-34.688
6323969,BNO_MAG_UC,396,-5100,0,42.938,-9.750,-68.438,6.188,-5.812,-34.688
6344635,BNO_MAG_UC,397,-5900,0,42.188,-9.750,-69.750,6.188,-5.812,-34.688
6353205,BNO_MAG_UC,398,-4700,0,42.562,-9.375,-69.750,6.188,-5.812,-34.688
6364105,BNO_MAG_UC,399,-5600,0,41.812,-9.438,-68.875,6.188,-5.812,-34.688
6384601,BNO_MAG_UC,400,-5700,0,42.188,-10.125,-68.875,6.188,-5.812,-34.688
6393624,BNO_MAG_UC,401,-5100,0,42.938,-9.062,-68.438,6.188,-5.812,-34.688
6403854,BNO_MAG_UC,402,-5800,0,42.188,-10.125,-68.875,6.188,-5.812,-34.688
6424447,BNO_MAG_UC,403,-5300,0,42.188,-10.438,-69.375,6.188,-5.812,-34.688
6433766,BNO_MAG_UC,404,-5100,0,41.438,-9.750,-69.750,6.188,-5.812,-34.688
6444065,BNO_MAG_UC,405,-6000,0,41.438,-8.688,-69.312,6.188,-5.812,-34.688
6464871,BNO_MAG_UC,406,-6000,0,42.562,-9.062,-69.750,6.188,-5.812,-34.688
6473778,BNO_MAG_UC,407,-4500,0,41.062,-10.500,-71.062,6.188,-5.812,-34.688
6484798,BNO_MAG_UC,408,-5800,0,41.812,-10.812,-70.188,6.188,-5.812,-34.688
6505003,BNO_MAG_UC,409,-6200,0,41.812,-8.000,-69.312,6.188,-5.812,-34.688
6514065,BNO_MAG_UC,410,-4700,0,41.438,-9.438,-70.562,6.188,-5.812,-34.688
6525172,BNO_MAG_UC,411,-5800,0,42.188,-9.750,-70.188,6.188,-5.812,-34.688
6545056,BNO_MAG_UC,412,-6000,0,41.438,-10.812,-68.875,6.188,-5.812,-34.688
6554005,BNO_MAG_UC,413,-4500,0,41.438,-10.500,-68.875,6.188,-5.812,-34.688
6565045,BNO_MAG_UC,414,-6000,0,41.438,-8.688,-69.312,6.188,-5.812,-34.688
6584956,BNO_MAG_UC,415,-6200,0,41.125,-9.438,-70.188,6.188,-5.812,-34.688
6594235,BNO_MAG_UC,416,-4900,0,40.750,-10.125,-70.625,6.188,-5.812,-34.688
6625207,BNO_MAG_UC,417,-5800,0,40.750,-9.062,-70.562,6.188,-5.812,-34.688
6634243,BNO_MAG_UC,418,-4500,0,39.625,-9.062,-71.500,6.188,-5.812,-34.688
6665367,BNO_MAG_UC,419,-5300,0,40.375,-9.438,-71.500,6.188,-5.812,-34.688
6674446,BNO_MAG_UC,420,-5300,0,39.625,-10.125,-71.500,6.188,-5.812,-34.688
6705483,BNO_MAG_UC,421,-5300,0,40.750,-8.375,-71.500,6.188,-5.812,-34.688
6714302,BNO_MAG_UC,422,-4700,0,38.875,-10.500,-73.250,6.188,-5.812,-34.688
6745340,BNO_MAG_UC,423,-5500,0,38.875,-10.500,-70.625,6.188,-5.812,-34.688
6754787,BNO_MAG_UC,424,-5400,0,39.250,-10.125,-70.125,6.188,-5.812,-34.688
6786135,BNO_MAG_UC,425,-5700,0,37.812,-10.500,-72.375,6.188,-5.812,-34.688
6794985,BNO_MAG_UC,426,-5100,0,38.500,-10.500,-71.875,6.188,-5.812,-34.688
6804963,BNO_MAG_UC,427,-5100,0,38.500,-10.500,-73.250,6.188,-5.812,-34.688
6815011,BNO_MAG_UC,428,-5600,0,38.562,-10.125,-73.250,6.188,-5.812,-34.688
6834392,BNO_MAG_UC,429,-4900,0,39.250,-10.812,-72.750,6.188,-5.812,-34.688
6874761,BNO_MAG_UC,430,-5300,0,38.500,-10.125,-72.375,6.188,-5.812,-34.688
6905838,BNO_MAG_UC,431,-5300,0,38.562,-8.375,-72.375,6.188,-5.812,-34.688
6914314,BNO_MAG_UC,432,-4500,0,38.188,-10.125,-73.625,6.188,-5.812,-34.688
6925380,BNO_MAG_UC,433,-5800,0,37.812,-10.125,-72.750,6.188,-5.812,-34.688
6935267,BNO_MAG_UC,434,-5600,0,37.812,-10.500,-74.125,6.188,-5.812,-34.688
6954818,BNO_MAG_UC,435,-5100,0,36.312,-9.438,-72.812,6.188,-5.812,-34.688
6965297,BNO_MAG_UC,436,-5800,0,37.812,-10.125,-73.250,6.188,-5.812,-34.688
6975385,BNO_MAG_UC,437,-5600,0,36.688,-9.062,-74.500,6.188,-5.812,-34.688
6994556,BNO_MAG_UC,438,-4700,0,36.312,-9.812,-75.375,6.188,-5.812,-34.688
7005712,BNO_MAG_UC,439,-5800,0,37.062,-10.500,-74.875,6.188,-5.812,-34.688
7015237,BNO_MAG_UC,440,-5100,0,37.062,-10.125,-74.125,6.188,-5.812,-34.688
7035099,BNO_MAG_UC,441,-5100,0,35.562,-10.125,-74.062,6.188,-5.812,-34.688
7046130,BNO_MAG_UC,442,-5800,0,37.438,-10.812,-74.125,6.188,-5.812,-34.688
7055481,BNO_MAG_UC,443,-4900,0,36.312,-11.188,-75.375,6.188,-5.812,-34.688
7075187,BNO_MAG_UC,444,-5300,0,35.625,-9.062,-74.500,6.188,-5.812,-34.688
7086189,BNO_MAG_UC,445,-6000,0,35.562,-9.812,-73.688,6.188,-5.812,-34.688
7095622,BNO_MAG_UC,446,-4900,0,35.250,-9.812,-74.500,6.188,-5.812,-34.688
7115261,BNO_MAG_UC,447,-5100,0,36.688,-10.500,-74.500,6.188,-5.812,-34.688
7125382,BNO_MAG_UC,448,-5600,0,35.938,-11.188,-74.500,6.188,-5.812,-34.688
7136475,BNO_MAG_UC,449,-5800,0,36.312,-10.500,-74.500,6.188,-5.812,-34.688
7154961,BNO_MAG_UC,450,-4900,0,35.250,-10.875,-76.250,6.188,-5.812,-34.688
7166259,BNO_MAG_UC,451,-5800,0,35.938,-10.125,-74.500,6.188,-5.812,-34.688
7175627,BNO_MAG_UC,452,-4900,0,35.625,-10.500,-75.375,6.188,-5.812,-34.688
7195013,BNO_MAG_UC,453,-4900,0,35.250,-10.125,-75.375,6.188,-5.812,-34.688
7205537,BNO_MAG_UC,454,-5800,0,35.250,-10.125,-74.500,6.188,-5.812,-34.688
7235600,BNO_MAG_UC,455,-5100,0,35.938,-10.875,-74.500,6.188,-5.812,-34.688
7245310,BNO_MAG_UC,456,-5400,0,34.875,-10.500,-74.938,6.188,-5.812,-34.688
7256256,BNO_MAG_UC,457,-5600,0,35.188,-10.875,-73.688,6.188,-5.812,-34.688
7276453,BNO_MAG_UC,458,-5700,0,36.312,-10.875,-74.938,6.188,-5.812,-34.688
7285222,BNO_MAG_UC,459,-4900,0,35.938,-10.500,-74.500,6.188,-5.812,-34.688
7296240,BNO_MAG_UC,460,-5800,0,34.125,-9.438,-75.375,6.188,-5.812,-34.688
7316434,BNO_MAG_UC,461,-6000,0,35.625,-9.438,-74.938,6.188,-5.812,-34.688
7325350,BNO_MAG_UC,462,-4900,0,34.500,-10.188,-74.500,6.188,-5.812,-34.688
7355924,BNO_MAG_UC,463,-5100,0,34.125,-10.500,-75.812,6.188,-5.812,-34.688
7365572,BNO_MAG_UC,464,-5300,0,34.875,-11.188,-76.688,6.188,-5.812,-34.688
7376596,BNO_MAG_UC,465,-5800,0,33.750,-11.250,-75.812,6.188,-5.812,-34.688
7396440,BNO_MAG_UC,466,-5800,0,33.750,-9.812,-76.688,6.188,-5.812,-34.688
7405730,BNO_MAG_UC,467,-5100,0,34.125,-10.125,-76.688,6.188,-5.812,-34.688
7416672,BNO_MAG_UC,468,-5800,0,34.500,-9.062,-77.562,6.188,-5.812,-34.688
7436699,BNO_MAG_UC,469,-6000,0,34.500,-10.500,-76.688,6.188,-5.812,-34.688
7445929,BNO_MAG_UC,470,-4900,0,33.375,-11.250,-74.438,6.188,-5.812,-34.688
7456937,BNO_MAG_UC,471,-6000,0,33.750,-9.812,-76.688,6.188,-5.812,-34.688
7477055,BNO_MAG_UC,472,-5800,0,34.125,-11.188,-76.688,6.188,-5.812,-34.688
7485898,BNO_MAG_UC,473,-4500,0,33.750,-11.188,-77.125,6.188,-5.812,-34.688
7517234,BNO_MAG_UC,474,-5500,0,33.750,-10.500,-76.688,6.188,-5.812,-34.688
7526153,BNO_MAG_UC,475,-5100,0,32.625,-10.875,-76.188,6.188,-5.812,-34.688
7537130,BNO_MAG_UC,476,-5800,0,34.500,-11.562,-77.125,6.188,-5.812,-34.688
7556956,BNO_MAG_UC,477,-6200,0,33.750,-10.875,-76.250,6.188,-5.812,-34.688
7566301,BNO_MAG_UC,478,-4900,0,33.000,-10.500,-77.125,6.188,-5.812,-34.688
7597455,BNO_MAG_UC,479,-5100,0,33.375,-10.500,-76.688,6.188,-5.812,-34.688
7606457,BNO_MAG_UC,480,-5100,0,34.125,-10.500,-76.312,6.188,-5.812,-34.688
7637210,BNO_MAG_UC,481,-6000,0,34.500,-10.500,-77.125,6.188,-5.812,-34.688
7646405,BNO_MAG_UC,482,-4700,0,32.312,-11.250,-77.062,6.188,-5.812,-34.688
7677241,BNO_MAG_UC,483,-5400,0,31.938,-10.875,-77.062,6.188,-5.812,-34.688
7686365,BNO_MAG_UC,484,-4900,0,32.625,-11.938,-76.688,6.188,-5.812,-34.688
7717736,BNO_MAG_UC,485,-5500,0,33.062,-9.438,-77.188,6.188,-5.812,-34.688
7726912,BNO_MAG_UC,486,-5300,0,32.312,-10.188,-76.188,6.188,-5.812,-34.688
7736920,BNO_MAG_UC,487,-5300,0,31.938,-10.188,-77.062,6.188,-5.812,-34.688
7766642,BNO_MAG_UC,488,-5100,0,32.312,-10.188,-76.688,6.188,-5.812,-34.688
7806798,BNO_MAG_UC,489,-4700,0,30.812,-11.625,-77.062,6.188,-5.812,-34.688
7846677,BNO_MAG_UC,490,-4700,0,30.812,-11.562,-78.438,6.188,-5.812,-34.688
7878079,BNO_MAG_UC,491,-5400,0,30.812,-9.812,-76.250,6.188,-5.812,-34.688
7887143,BNO_MAG_UC,492,-5300,0,31.562,-11.250,-77.562,6.188,-5.812,-34.688
7896486,BNO_MAG_UC,493,-5400,0,30.812,-11.562,-80.188,6.188,-5.812,-34.688
7907696,BNO_MAG_UC,494,-6200,0,30.125,-10.562,-79.312,6.188,-5.812,-34.688
7926632,BNO_MAG_UC,495,-5100,0,30.812,-10.562,-77.562,6.188,-5.812,-34.688
7937904,BNO_MAG_UC,496,-6000,0,29.438,-11.625,-78.375,6.188,-5.812,-34.688
7947366,BNO_MAG_UC,497,-5300,0,30.875,-9.812,-79.688,6.188,-5.812,-34.688
7967246,BNO_MAG_UC,498,-5400,0,31.188,-11.938,-78.875,6.188,-5.812,-34.688
7977669,BNO_MAG_UC,499,-5800,0,31.188,-10.875,-79.312,6.188,-5.812,-34.688
7987576,BNO_MAG_UC,500,-5600,0,29.438,-9.812,-78.812,6.188,-5.812,-34.688
8006896,BNO_MAG_UC,501,-5100,0,29.062,-11.625,-77.500,6.188,-5.812,-34.688
8018000,BNO_MAG_UC,502,-5800,0,29.812,-10.875,-78.875,6.188,-5.812,-34.688
8027426,BNO_MAG_UC,503,-4900,0,29.438,-10.562,-78.438,6.188,-5.812,-34.688
8046559,BNO_MAG_UC,504,-4500,0,29.438,-10.875,-79.312,6.188,-5.812,-34.688
8057901,BNO_MAG_UC,505,-6000,0,29.375,-12.312,-78.375,6.188,-5.812,-34.688
8066693,BNO_MAG_UC,506,-4700,0,29.062,-10.875,-79.688,6.188,-5.812,-34.688
8086674,BNO_MAG_UC,507,-4500,0,29.062,-12.312,-78.875,6.188,-5.812,-34.688
8097850,BNO_MAG_UC,508,-5600,0,29.438,-10.562,-79.750,6.188,-5.812,-34.688
8107578,BNO_MAG_UC,509,-5100,0,29.062,-11.250,-78.000,6.188,-5.812,-34.688
8126789,BNO_MAG_UC,510,-4500,0,29.438,-11.938,-78.875,6.188,-5.812,-34.688
8138286,BNO_MAG_UC,511,-6000,0,29.438,-11.250,-79.312,6.188,-5.812,-34.688
8147769,BNO_MAG_UC,512,-4900,0,30.125,-11.250,-79.688,6.188,-5.812,-34.688
8168306,BNO_MAG_UC,513,-5700,0,28.312,-11.938,-78.375,6.188,-5.812,-34.688
8177074,BNO_MAG_UC,514,-5100,0,28.312,-10.875,-80.125,6.188,-5.812,-34.688
8188090,BNO_MAG_UC,515,-5800,0,28.688,-10.188,-79.312,6.188,-5.812,-34.688
8208301,BNO_MAG_UC,516,-6200,0,28.688,-11.938,-80.125,6.188,-5.812,-34.688
8217308,BNO_MAG_UC,517,-5100,0,27.562,-10.562,-79.250,6.188,-5.812,-34.688
8228254,BNO_MAG_UC,518,-6000,0,28.312,-10.562,-78.875,6.188,-5.812,-34.688
8248085,BNO_MAG_UC,519,-5800,0,29.375,-13.000,-78.875,6.188,-5.812,-34.688
8257447,BNO_MAG_UC,520,-5100,0,29.438,-11.250,-78.875,6.188,-5.812,-34.688
8268413,BNO_MAG_UC,521,-5800,0,28.688,-11.938,-79.750,6.188,-5.812,-34.688
8288423,BNO_MAG_UC,522,-6000,0,27.938,-12.688,-79.750,6.188,-5.812,-34.688
8297417,BNO_MAG_UC,523,-4900,0,27.562,-11.250,-79.250,6.188,-5.812,-34.688
8328493,BNO_MAG_UC,524,-5600,0,27.562,-11.938,-80.625,6.188,-5.812,-34.688
8337782,BNO_MAG_UC,525,-4900,0,27.562,-12.688,-79.250,6.188,-5.812,-34.688
8348765,BNO_MAG_UC,526,-6000,0,27.938,-12.688,-79.750,6.188,-5.812,-34.688
8368639,BNO_MAG_UC,527,-6000,0,28.312,-11.938,-78.875,6.188,-5.812,-34.688
8378005,BNO_MAG_UC,528,-4900,0,27.938,-11.625,-78.875,6.188,-5.812,-34.688
8408819,BNO_MAG_UC,529,-5800,0,27.250,-10.875,-81.500,6.188,-5.812,-34.688
8417916,BNO_MAG_UC,530,-4500,0,27.188,-11.625,-79.750,6.188,-5.812,-34.688
8449289,BNO_MAG_UC,531,-5500,0,27.188,-12.688,-80.125,6.188,-5.812,-34.688
8458198,BNO_MAG_UC,532,-5100,0,26.812,-12.312,-80.125,6.188,-5.812,-34.688
8468102,BNO_MAG_UC,533,-5100,0,26.812,-12.312,-80.125,6.188,-5.812,-34.688
8489115,BNO_MAG_UC,534,-5100,0,26.125,-12.000,-79.750,6.188,-5.812,-34.688
8497819,BNO_MAG_UC,535,-4700,0,25.750,-11.250,-79.750,6.188,-5.812,-34.688
8529344,BNO_MAG_UC,536,-5700,0,26.125,-11.250,-81.938,6.188,-5.812,-34.688
8538449,BNO_MAG_UC,537,-5400,0,25.750,-12.312,-80.562,6.188,-5.812,-34.688
8547870,BNO_MAG_UC,538,-5300,0,25.000,-12.688,-81.062,6.188,-5.812,-34.688
8569075,BNO_MAG_UC,539,-5800,0,25.000,-10.938,-80.625,6.188,-5.812,-34.688
8578276,BNO_MAG_UC,540,-4500,0,25.375,-10.938,-78.875,6.188,-5.812,-34.688
8609500,BNO_MAG_UC,541,-5300,0,26.875,-12.312,-82.375,6.188,-5.812,-34.688
8618786,BNO_MAG_UC,542,-5300,0,26.062,-13.062,-80.562,6.188,-5.812,-34.688
8627994,BNO_MAG_UC,543,-5100,0,25.375,-12.688,-81.438,6.188,-5.812,-34.688
8658036,BNO_MAG_UC,544,-4700,0,25.375,-13.062,-81.875,6.188,-5.812,-34.688
8668208,BNO_MAG_UC,545,-5600,0,25.000,-11.250,-81.500,6.188,-5.812,-34.688
8699086,BNO_MAG_UC,546,-4900,0,25.000,-12.000,-81.438,6.188,-5.812,-34.688
8708972,BNO_MAG_UC,547,-5100,0,25.000,-12.688,-81.938,6.188,-5.812,-34.688
8719011,BNO_MAG_UC,548,-5600,0,25.375,-12.688,-81.875,6.188,-5.812,-34.688
8738201,BNO_MAG_UC,549,-4900,0,25.000,-12.312,-81.438,6.188,-5.812,-34.688
8749244,BNO_MAG_UC,550,-5800,0,23.500,-12.000,-80.562,6.188,-5.812,-34.688
8778402,BNO_MAG_UC,551,-4500,0,24.250,-12.688,-81.062,6.188,-5.812,-34.688
8789259,BNO_MAG_UC,552,-5400,0,23.562,-12.000,-81.438,6.188,-5.812,-34.688
8798969,BNO_MAG_UC,553,-4900,0,24.688,-10.938,-83.188,6.188,-5.812,-34.688
8818279,BNO_MAG_UC,554,-4500,0,25.750,-12.312,-81.875,6.188,-5.812,-34.688
8829521,BNO_MAG_UC,555,-5800,0,25.000,-10.938,-81.500,6.188,-5.812,-34.688
8839104,BNO_MAG_UC,556,-5300,0,23.188,-10.938,-81.938,6.188,-5.812,-34.688
8858447,BNO_MAG_UC,557,-4900,0,23.562,-11.625,-81.438,6.188,-5.812,-34.688
8869714,BNO_MAG_UC,558,-6000,0,23.875,-11.312,-80.562,6.188,-5.812,-34.688
8879289,BNO_MAG_UC,559,-5100,0,25.000,-11.250,-81.500,6.188,-5.812,-34.688
8899135,BNO_MAG_UC,560,-5400,0,23.938,-10.938,-81.062,6.188,-5.812,-34.688
8909533,BNO_MAG_UC,561,-5600,0,23.500,-12.000,-81.062,6.188,-5.812,-34.688
8919446,BNO_MAG_UC,562,-5400,0,24.625,-12.000,-81.062,6.188,-5.812,-34.688
8939322,BNO_MAG_UC,563,-5600,0,24.312,-10.938,-82.312,6.188,-5.812,-34.688
8979371,BNO_MAG_UC,564,-5400,0,23.938,-11.312,-81.938,6.188,-5.812,-34.688
8989685,BNO_MAG_UC,565,-5600,0,23.938,-11.250,-82.812,6.188,-5.812,-34.688
8998966,BNO_MAG_UC,566,-5400,0,23.562,-11.312,-80.562,6.188,-5.812,-34.688
9018899,BNO_MAG_UC,567,-4500,0,23.875,-12.375,-80.562,6.188,-5.812,-34.688
9029765,BNO_MAG_UC,568,-6200,0,23.875,-12.688,-81.438,6.188,-5.812,-34.688
9039684,BNO_MAG_UC,569,-5100,0,23.188,-10.562,-81.438,6.188,-5.812,-34.688
9059426,BNO_MAG_UC,570,-5300,0,23.188,-10.938,-81.938,6.188,-5.812,-34.688
9069004,BNO_MAG_UC,571,-5400,0,23.500,-12.375,-81.438,6.188,-5.812,-34.688
9080090,BNO_MAG_UC,572,-5600,0,23.188,-11.625,-81.062,6.188,-5.812,-34.688
9100080,BNO_MAG_UC,573,-6200,0,23.188,-11.312,-81.438,6.188,-5.812,-34.688
9109013,BNO_MAG_UC,574,-4900,0,23.562,-9.188,-81.500,6.188,-5.812,-34.688
9120013,BNO_MAG_UC,575,-5800,0,23.188,-11.312,-81.062,6.188,-5.812,-34.688
9140022,BNO_MAG_UC,576,-6000,0,23.562,-11.625,-81.438,6.188,-5.812,-34.688
9149378,BNO_MAG_UC,577,-5100,0,23.188,-10.938,-82.750,6.188,-5.812,-34.688
9160202,BNO_MAG_UC,578,-5800,0,23.562,-11.625,-81.438,6.188,-5.812,-34.688
9180240,BNO_MAG_UC,579,-6000,0,23.188,-10.938,-81.938,6.188,-5.812,-34.688
9189418,BNO_MAG_UC,580,-4700,0,22.062,-11.688,-81.438,6.188,-5.812,-34.688
9200341,BNO_MAG_UC,581,-6000,0,23.188,-11.625,-82.312,6.188,-5.812,-34.688
9220627,BNO_MAG_UC,582,-6200,0,23.188,-10.938,-81.938,6.188,-5.812,-34.688
9229646,BNO_MAG_UC,583,-4700,0,22.438,-12.375,-82.312,6.188,-5.812,-34.688
9240560,BNO_MAG_UC,584,-6000,0,23.562,-12.000,-81.438,6.188,-5.812,-34.688
9260261,BNO_MAG_UC,585,-5800,0,23.188,-9.875,-81.500,6.188,-5.812,-34.688
9269718,BNO_MAG_UC,586,-4900,0,24.250,-11.312,-80.188,6.188,-5.812,-34.688
9280691,BNO_MAG_UC,587,-5800,0,22.812,-11.625,-81.938,6.188,-5.812,-34.688
9300545,BNO_MAG_UC,588,-6000,0,23.938,-10.562,-81.938,6.188,-5.812,-34.688
9309822,BNO_MAG_UC,589,-4900,0,22.812,-10.562,-81.500,6.188,-5.812,-34.688
9320793,BNO_MAG_UC,590,-5800,0,21.688,-10.625,-81.938,6.188,-5.812,-34.688
9340673,BNO_MAG_UC,591,-6000,0,22.438,-10.938,-82.312,6.188,-5.812,-34.688
9349917,BNO_MAG_UC,592,-4900,0,24.625,-12.312,-81.438,6.188,-5.812,-34.688
9360930,BNO_MAG_UC,593,-6000,0,22.812,-12.375,-81.438,6.188,-5.812,-34.688
9380833,BNO_MAG_UC,594,-6000,0,22.438,-12.688,-82.312,6.188,-5.812,-34.688
9390086,BNO_MAG_UC,595,-4900,0,23.938,-10.562,-81.938,6.188,-5.812,-34.688
9421646,BNO_MAG_UC,596,-6300,0,23.875,-12.688,-81.938,6.188,-5.812,-34.688
9430336,BNO_MAG_UC,597,-5400,0,23.562,-11.312,-80.562,6.188,-5.812,-34.688
9440361,BNO_MAG_UC,598,-5300,0,23.562,-11.312,-80.562,6.188,-5.812,-34.688
9461159,BNO_MAG_UC,599,-6200,0,24.625,-10.938,-81.938,6.188,-5.812,-34.688
9470458,BNO_MAG_UC,600,-4900,0,23.188,-12.375,-81.062,6.188,-5.812,-34.688
9501418,BNO_MAG_UC,601,-5700,0,23.188,-12.375,-81.938,6.188,-5.812,-34.688
9510607,BNO_MAG_UC,602,-5400,0,22.812,-12.000,-80.188,6.188,-5.812,-34.688
9550460,BNO_MAG_UC,603,-5400,0,23.188,-10.938,-81.938,6.188,-5.812,-34.688
9560907,BNO_MAG_UC,604,-5600,0,24.250,-11.625,-80.188,6.188,-5.812,-34.688
9590594,BNO_MAG_UC,605,-4900,0,23.562,-10.938,-81.062,6.188,-5.812,-34.688
9600248,BNO_MAG_UC,606,-5600,0,24.250,-12.000,-82.812,6.188,-5.812,-34.688
9630598,BNO_MAG_UC,607,-5100,0,24.625,-12.000,-81.062,6.188,-5.812,-34.688
9651538,BNO_MAG_UC,608,-5300,0,23.188,-12.000,-81.938,6.188,-5.812,-34.688
9670173,BNO_MAG_UC,609,-4700,0,22.812,-12.375,-81.938,6.188,-5.812,-34.688
9680675,BNO_MAG_UC,610,-6000,0,22.812,-12.688,-81.500,6.188,-5.812,-34.688
9702221,BNO_MAG_UC,611,-5600,0,23.875,-11.625,-81.500,6.188,-5.812,-34.688
9711502,BNO_MAG_UC,612,-5600,0,23.188,-10.938,-80.625,6.188,-5.812,-34.688
9721188,BNO_MAG_UC,613,-5100,0,22.812,-12.375,-81.062,6.188,-5.812,-34.688
9731285,BNO_MAG_UC,614,-5600,0,24.625,-12.000,-81.500,6.188,-5.812,-34.688
9751241,BNO_MAG_UC,615,-5300,0,22.438,-12.375,-81.500,6.188,-5.812,-34.688
9760454,BNO_MAG_UC,616,-5300,0,24.250,-12.000,-81.938,6.188,-5.812,-34.688
9791071,BNO_MAG_UC,617,-5400,0,23.500,-13.062,-81.500,6.188,-5.812,-34.688
9801479,BNO_MAG_UC,618,-5800,0,23.875,-13.375,-81.062,6.188,-5.812,-34.688
9811332,BNO_MAG_UC,619,-5400,0,23.125,-12.375,-80.625,6.188,-5.812,-34.688
9831184,BNO_MAG_UC,620,-5100,0,23.938,-10.562,-81.438,6.188,-5.812,-34.688
9841478,BNO_MAG_UC,621,-5600,0,23.875,-12.688,-82.812,6.188,-5.812,-34.688
9851464,BNO_MAG_UC,622,-5600,0,23.188,-11.312,-82.812,6.188,-5.812,-34.688
9871224,BNO_MAG_UC,623,-5400,0,23.938,-10.938,-81.938,6.188,-5.812,-34.688
9881465,BNO_MAG_UC,624,-5600,0,23.188,-10.562,-81.938,6.188,-5.812,-34.688
9891292,BNO_MAG_UC,625,-5300,0,22.062,-10.625,-81.938,6.188,-5.812,-34.688
9911730,BNO_MAG_UC,626,-5600,0,22.812,-10.562,-81.938,6.188,-5.812,-34.688
9920685,BNO_MAG_UC,627,-4900,0,23.562,-11.625,-84.125,6.188,-5.812,-34.688
9951687,BNO_MAG_UC,628,-4900,0,21.688,-11.625,-82.812,6.188,-5.812,-34.688
9961663,BNO_MAG_UC,629,-5300,0,23.125,-13.062,-81.438,6.188,-5.812,-34.688
9991467,BNO_MAG_UC,630,-5400,0,22.812,-9.875,-82.812,6.188,-5.812,-34.688
10000934,BNO_MAG_UC,631,-5300,0,22.438,-11.312,-81.938,6.188,-5.812,-34.688
10031639,BNO_MAG_UC,632,-5100,0,21.688,-10.250,-82.812,6.188,-5.812,-34.688
10040984,BNO_MAG_UC,633,-5300,0,21.688,-12.375,-81.062,6.188,-5.812,-34.688
10052026,BNO_MAG_UC,634,-5800,0,21.312,-11.688,-82.312,6.188,-5.812,-34.688
10071850,BNO_MAG_UC,635,-5800,0,20.562,-12.375,-81.500,6.188,-5.812,-34.688
10081255,BNO_MAG_UC,636,-4900,0,22.062,-12.000,-82.812,6.188,-5.812,-34.688
10112585,BNO_MAG_UC,637,-5100,0,21.688,-11.312,-81.062,6.188,-5.812,-34.688
10121507,BNO_MAG_UC,638,-4900,0,22.062,-11.625,-81.500,6.188,-5.812,-34.688
10132427,BNO_MAG_UC,639,-6000,0,20.938,-12.375,-82.750,6.188,-5.812,-34.688
10152262,BNO_MAG_UC,640,-6000,0,20.562,-11.688,-81.500,6.188,-5.812,-34.688
10161487,BNO_MAG_UC,641,-4700,0,20.562,-12.000,-81.875,6.188,-5.812,-34.688
10172479,BNO_MAG_UC,642,-6000,0,19.875,-12.000,-83.250,6.188,-5.812,-34.688
10192482,BNO_MAG_UC,643,-6200,0,20.562,-12.750,-82.750,6.188,-5.812,-34.688
10201590,BNO_MAG_UC,644,-4500,0,21.312,-11.312,-82.375,6.188,-5.812,-34.688
10233205,BNO_MAG_UC,645,-5700,0,20.562,-12.000,-81.500,6.188,-5.812,-34.688
10242050,BNO_MAG_UC,646,-5800,0,18.375,-12.062,-81.875,6.188,-5.812,-34.688
10273067,BNO_MAG_UC,647,-5900,0,20.938,-11.312,-81.938,6.188,-5.812,-34.688
10282027,BNO_MAG_UC,648,-5800,0,19.500,-11.312,-83.250,6.188,-5.812,-34.688
10313016,BNO_MAG_UC,649,-5900,0,20.562,-11.688,-81.875,6.188,-5.812,-34.688
10322141,BNO_MAG_UC,650,-5300,0,20.250,-11.688,-83.250,6.188,-5.812,-34.688
10353340,BNO_MAG_UC,651,-5900,0,19.500,-12.375,-82.375,6.188,-5.812,-34.688
10362310,BNO_MAG_UC,652,-5400,0,19.125,-11.688,-82.375,6.188,-5.812,-34.688
10393370,BNO_MAG_UC,653,-5800,0,18.375,-12.062,-82.750,6.188,-5.812,-34.688
10402472,BNO_MAG_UC,654,-5400,0,18.750,-10.625,-82.375,6.188,-5.812,-34.688
10412469,BNO_MAG_UC,655,-5300,0,19.875,-12.375,-82.750,6.188,-5.812,-34.688
10442442,BNO_MAG_UC,656,-5300,0,18.750,-12.375,-82.750,6.188,-5.812,-34.688
10452504,BNO_MAG_UC,657,-5300,0,18.375,-10.625,-83.250,6.188,-5.812,-34.688
10482296,BNO_MAG_UC,658,-4900,0,19.125,-13.062,-82.750,6.188,-5.812,-34.688
10502836,BNO_MAG_UC,659,-5300,0,18.062,-11.000,-83.625,6.188,-5.812,-34.688
10521906,BNO_MAG_UC,660,-4900,0,18.000,-12.375,-84.500,6.188,-5.812,-34.688
10532901,BNO_MAG_UC,661,-5800,0,17.312,-11.312,-83.625,6.188,-5.812,-34.688
10542687,BNO_MAG_UC,662,-5300,0,17.312,-11.688,-83.250,6.188,-5.812,-34.688
10561883,BNO_MAG_UC,663,-4700,0,17.625,-11.312,-82.375,6.188,-5.812,-34.688
10573031,BNO_MAG_UC,664,-6000,0,17.625,-12.062,-84.125,6.188,-5.812,-34.688
10582673,BNO_MAG_UC,665,-5100,0,17.625,-12.062,-84.125,6.188,-5.812,-34.688
10602042,BNO_MAG_UC,666,-4700,0,16.938,-12.375,-83.188,6.188,-5.812,-34.688
10613093,BNO_MAG_UC,667,-5800,0,16.938,-11.688,-83.250,6.188,-5.812,-34.688
10622773,BNO_MAG_UC,668,-5100,0,16.562,-12.062,-83.188,6.188,-5.812,-34.688
10642442,BNO_MAG_UC,669,-5100,0,17.250,-12.062,-83.250,6.188,-5.812,-34.688
10653489,BNO_MAG_UC,670,-6000,0,16.938,-11.375,-82.750,6.188,-5.812,-34.688
10662881,BNO_MAG_UC,671,-5100,0,16.938,-10.625,-85.000,6.188,-5.812,-34.688
10682364,BNO_MAG_UC,672,-4900,0,16.188,-12.750,-83.625,6.188,-5.812,-34.688
10693541,BNO_MAG_UC,673,-5800,0,16.938,-11.000,-83.250,6.188,-5.812,-34.688
10702849,BNO_MAG_UC,674,-4900,0,16.188,-11.688,-82.812,6.188,-5.812,-34.688
10723066,BNO_MAG_UC,675,-5600,0,16.938,-11.312,-83.250,6.188,-5.812,-34.688
10733220,BNO_MAG_UC,676,-5800,0,16.188,-13.125,-84.062,6.188,-5.812,-34.688
10743266,BNO_MAG_UC,677,-5600,0,16.188,-11.688,-84.062,6.188,-5.812,-34.688
10763331,BNO_MAG_UC,678,-5300,0,15.875,-11.688,-83.188,6.188,-5.812,-34.688
10773349,BNO_MAG_UC,679,-5600,0,15.875,-11.000,-84.062,6.188,-5.812,-34.688
10783388,BNO_MAG_UC,680,-5600,0,15.875,-9.938,-85.000,6.188,-5.812,-34.688
10803344,BNO_MAG_UC,681,-5100,0,15.125,-11.000,-83.688,6.188,-5.812,-34.688
10813328,BNO_MAG_UC,682,-5400,0,15.500,-12.438,-84.562,6.188,-5.812,-34.688
10823257,BNO_MAG_UC,683,-5400,0,16.188,-12.750,-83.188,6.188,-5.812,-34.688
10843520,BNO_MAG_UC,684,-5800,0,15.125,-12.062,-83.625,6.188,-5.812,-34.688
10852739,BNO_MAG_UC,685,-5100,0,14.750,-11.688,-84.062,6.188,-5.812,-34.688
10863793,BNO_MAG_UC,686,-5800,0,15.875,-11.000,-83.188,6.188,-5.812,-34.688
10883880,BNO_MAG_UC,687,-5700,0,14.375,-12.062,-83.688,6.188,-5.812,-34.688
10892815,BNO_MAG_UC,688,-5100,0,15.125,-12.438,-84.938,6.188,-5.812,-34.688
10923615,BNO_MAG_UC,689,-4900,0,14.375,-12.062,-84.062,6.188,-5.812,-34.688
10933019,BNO_MAG_UC,690,-4900,0,14.438,-11.688,-84.562,6.188,-5.812,-34.688
10944102,BNO_MAG_UC,691,-6000,0,14.062,-12.062,-84.938,6.188,-5.812,-34.688
10963898,BNO_MAG_UC,692,-6000,0,13.312,-12.438,-83.188,6.188,-5.812,-34.688
10973138,BNO_MAG_UC,693,-4700,0,14.062,-11.375,-84.062,6.188,-5.812,-34.688
10984065,BNO_MAG_UC,694,-6000,0,14.438,-11.375,-84.062,6.188,-5.812,-34.688
11003836,BNO_MAG_UC,695,-5800,0,13.312,-11.750,-83.188,6.188,-5.812,-34.688
11013346,BNO_MAG_UC,696,-5100,0,12.938,-11.750,-84.562,6.188,-5.812,-34.688
11044477,BNO_MAG_UC,697,-6200,0,14.438,-10.312,-84.500,6.188,-5.812,-34.688
11053414,BNO_MAG_UC,698,-4500,0,12.188,-12.062,-84.062,6.188,-5.812,-34.688
11064430,BNO_MAG_UC,699,-6000,0,12.938,-11.000,-84.062,6.188,-5.812,-34.688
11084256,BNO_MAG_UC,700,-6000,0,13.312,-12.062,-83.188,6.188,-5.812,-34.688
11093444,BNO_MAG_UC,701,-4700,0,12.938,-10.312,-84.062,6.188,-5.812,-34.688
11104461,BNO_MAG_UC,702,-5800,0,11.438,-11.750,-83.625,6.188,-5.812,-34.688
11124540,BNO_MAG_UC,703,-6000,0,10.750,-10.688,-84.500,6.188,-5.812,-34.688
11133616,BNO_MAG_UC,704,-4700,0,12.188,-11.750,-85.812,6.188,-5.812,-34.688
11144630,BNO_MAG_UC,705,-6000,0,12.938,-12.812,-85.375,6.188,-5.812,-34.688
11164508,BNO_MAG_UC,706,-6000,0,12.188,-11.750,-85.375,6.188,-5.812,-34.688
11173782,BNO_MAG_UC,707,-4500,0,11.812,-11.062,-84.562,6.188,-5.812,-34.688
11204614,BNO_MAG_UC,708,-6000,0,11.438,-12.812,-84.938,6.188,-5.812,-34.688
11213757,BNO_MAG_UC,709,-4500,0,11.438,-10.312,-82.812,6.188,-5.812,-34.688
11244679,BNO_MAG_UC,710,-6000,0,10.688,-12.125,-84.062,6.188,-5.812,-34.688
11254064,BNO_MAG_UC,711,-4700,0,11.812,-12.438,-85.812,6.188,-5.812,-34.688
11263949,BNO_MAG_UC,712,-5300,0,11.812,-12.438,-85.812,6.188,-5.812,-34.688
11294080,BNO_MAG_UC,713,-4700,0,10.375,-12.125,-85.312,6.188,-5.812,-34.688
11334403,BNO_MAG_UC,714,-5100,0,10.375,-11.375,-84.500,6.188,-5.812,-34.688
11344416,BNO_MAG_UC,715,-5600,0,10.000,-11.375,-84.500,6.188,-5.812,-34.688
11374385,BNO_MAG_UC,716,-4900,0,9.625,-11.062,-84.062,6.188,-5.812,-34.688
11384460,BNO_MAG_UC,717,-5400,0,10.000,-11.062,-85.812,6.188,-5.812,-34.688
11394543,BNO_MAG_UC,718,-5600,0,9.625,-11.750,-86.188,6.188,-5.812,-34.688
11413811,BNO_MAG_UC,719,-4900,0,8.125,-11.750,-84.875,6.188,-5.812,-34.688
11424698,BNO_MAG_UC,720,-5800,0,10.000,-10.312,-86.688,6.188,-5.812,-34.688
11454326,BNO_MAG_UC,721,-4900,0,8.875,-11.438,-84.500,6.188,-5.812,-34.688
11485589,BNO_MAG_UC,722,-5300,0,9.250,-11.062,-86.250,6.188,-5.812,-34.688
11493809,BNO_MAG_UC,723,-4200,0,8.562,-10.000,-85.875,6.188,-5.812,-34.688
11505025,BNO_MAG_UC,724,-5800,0,8.875,-11.438,-84.500,6.188,-5.812,-34.688
11514530,BNO_MAG_UC,725,-5100,0,8.875,-11.062,-85.375,6.188,-5.812,-34.688
11534600,BNO_MAG_UC,726,-4700,0,8.875,-12.125,-85.375,6.188,-5.812,-34.688
11574605,BNO_MAG_UC,727,-4700,0,8.125,-11.062,-84.938,6.188,-5.812,-34.688
11614986,BNO_MAG_UC,728,-5300,0,7.062,-11.438,-84.000,6.188,-5.812,-34.688
11624950,BNO_MAG_UC,729,-5300,0,7.438,-11.438,-84.875,6.188,-5.812,-34.688
11634800,BNO_MAG_UC,730,-5400,0,6.688,-10.000,-84.500,6.188,-5.812,-34.688
11654928,BNO_MAG_UC,731,-4700,0,6.688,-10.375,-85.375,6.188,-5.812,-34.688
11665080,BNO_MAG_UC,732,-5400,0,7.750,-11.438,-84.125,6.188,-5.812,-34.688
11674966,BNO_MAG_UC,733,-5300,0,6.688,-11.062,-86.625,6.188,-5.812,-34.688
11694189,BNO_MAG_UC,734,-4700,0,5.938,-11.062,-85.375,6.188,-5.812,-34.688
11705557,BNO_MAG_UC,735,-5800,0,6.688,-11.062,-85.375,6.188,-5.812,-34.688
11735624,BNO_MAG_UC,736,-5100,0,6.312,-11.062,-84.875,6.188,-5.812,-34.688
11745409,BNO_MAG_UC,737,-5100,0,6.688,-9.688,-85.000,6.188,-5.812,-34.688
11775320,BNO_MAG_UC,738,-5100,0,6.688,-11.438,-86.250,6.188,-5.812,-34.688
11784550,BNO_MAG_UC,739,-5400,0,5.562,-11.062,-86.625,6.188,-5.812,-34.688
11795514,BNO_MAG_UC,740,-5600,0,5.938,-11.062,-85.375,6.188,-5.812,-34.688
11815694,BNO_MAG_UC,741,-6000,0,5.562,-11.812,-84.500,6.188,-5.812,-34.688
11824825,BNO_MAG_UC,742,-4900,0,5.562,-10.750,-84.062,6.188,-5.812,-34.688
11855570,BNO_MAG_UC,743,-5300,0,4.812,-11.812,-84.938,6.188,-5.812,-34.688
11864992,BNO_MAG_UC,744,-5100,0,4.438,-11.812,-84.938,6.188,-5.812,-34.688
11875928,BNO_MAG_UC,745,-6000,0,5.188,-11.125,-84.500,6.188,-5.812,-34.688
11895812,BNO_MAG_UC,746,-5800,0,4.438,-11.438,-84.875,6.188,-5.812,-34.688
11905210,BNO_MAG_UC,747,-4900,0,4.438,-13.188,-85.312,6.188,-5.812,-34.688
11916245,BNO_MAG_UC,748,-5800,0,4.875,-10.750,-85.375,6.188,-5.812,-34.688
11936017,BNO_MAG_UC,749,-6000,0,3.375,-11.812,-83.562,6.188,-5.812,-34.688
11945246,BNO_MAG_UC,750,-4900,0,3.000,-11.125,-85.312,6.188,-5.812,-34.688
11956128,BNO_MAG_UC,751,-5800,0,4.500,-11.125,-84.938,6.188,-5.812,-34.688
11976308,BNO_MAG_UC,752,-6200,0,3.000,-10.062,-85.375,6.188,-5.812,-34.688
11985349,BNO_MAG_UC,753,-4700,0,4.500,-10.375,-84.875,6.188,-5.812,-34.688
12016302,BNO_MAG_UC,754,-5100,0,2.625,-11.125,-84.938,6.188,-5.812,-34.688
12025572,BNO_MAG_UC,755,-5400,0,4.125,-10.750,-84.062,6.188,-5.812,-34.688
12036570,BNO_MAG_UC,756,-6000,0,4.062,-11.812,-84.438,6.188,-5.812,-34.688
12056685,BNO_MAG_UC,757,-5900,0,3.000,-10.750,-84.438,6.188,-5.812,-34.688
12065815,BNO_MAG_UC,758,-5600,0,3.750,-10.750,-84.938,6.188,-5.812,-34.688
12096944,BNO_MAG_UC,759,-5900,0,3.750,-11.125,-84.500,6.188,-5.812,-34.688
12105981,BNO_MAG_UC,760,-5300,0,2.625,-11.500,-84.938,6.188,-5.812,-34.688
12136582,BNO_MAG_UC,761,-6200,0,3.000,-12.500,-84.938,6.188,-5.812,-34.688
12145941,BNO_MAG_UC,762,-4700,0,3.000,-11.500,-84.438,6.188,-5.812,-34.688
12186034,BNO_MAG_UC,763,-4900,0,1.500,-10.750,-84.938,6.188,-5.812,-34.688
12195508,BNO_MAG_UC,764,-5300,0,0.812,-11.125,-85.312,6.188,-5.812,-34.688
12216683,BNO_MAG_UC,765,-5300,0,-0.188,-12.188,-84.000,6.188,-5.812,-34.688
12225722,BNO_MAG_UC,766,-5100,0,1.125,-11.812,-84.438,6.188,-5.812,-34.688
12257027,BNO_MAG_UC,767,-5500,0,0.500,-11.812,-85.312,6.188,-5.812,-34.688
12266421,BNO_MAG_UC,768,-5400,0,-0.188,-13.250,-85.312,6.188,-5.812,-34.688
12276199,BNO_MAG_UC,769,-5100,0,0.500,-11.125,-85.812,6.188,-5.812,-34.688
12286409,BNO_MAG_UC,770,-5800,0,-0.562,-10.438,-84.438,6.188,-5.812,-34.688
12305356,BNO_MAG_UC,771,-4700,0,0.500,-11.500,-84.938,6.188,-5.812,-34.688
12316367,BNO_MAG_UC,772,-5600,0,-0.938,-11.500,-83.562,6.188,-5.812,-34.688
12326496,BNO_MAG_UC,773,-5600,0,-0.188,-11.875,-84.438,6.188,-5.812,-34.688
12345769,BNO_MAG_UC,774,-4700,0,-0.188,-11.875,-83.562,6.188,-5.812,-34.688
12356834,BNO_MAG_UC,775,-6000,0,-0.938,-12.188,-84.500,6.188,-5.812,-34.688
12366331,BNO_MAG_UC,776,-5100,0,-0.938,-11.875,-85.312,6.188,-5.812,-34.688
12385713,BNO_MAG_UC,777,-4700,0,-0.562,-12.188,-83.125,6.188,-5.812,-34.688
12396852,BNO_MAG_UC,778,-5800,0,-0.938,-11.188,-83.125,6.188,-5.812,-34.688
12406487,BNO_MAG_UC,779,-5300,0,-1.688,-10.812,-84.438,6.188,-5.812,-34.688
12426007,BNO_MAG_UC,780,-4900,0,-1.688,-10.812,-84.000,6.188,-5.812,-34.688
12437061,BNO_MAG_UC,781,-6000,0,-0.188,-11.875,-83.188,6.188,-5.812,-34.688
12445782,BNO_MAG_UC,782,-4700,0,-0.562,-10.812,-85.812,6.188,-5.812,-34.688
12465901,BNO_MAG_UC,783,-4500,0,-3.125,-10.812,-83.562,6.188,-5.812,-34.688
12477066,BNO_MAG_UC,784,-5800,0,-2.750,-12.250,-85.312,6.188,-5.812,-34.688
12486631,BNO_MAG_UC,785,-5100,0,-1.688,-11.500,-83.125,6.188,-5.812,-34.688
12505930,BNO_MAG_UC,786,-4700,0,-2.062,-11.188,-84.438,6.188,-5.812,-34.688
12517171,BNO_MAG_UC,787,-6000,0,-3.125,-11.188,-84.875,6.188,-5.812,-34.688
12526635,BNO_MAG_UC,788,-4900,0,-3.500,-10.812,-84.438,6.188,-5.812,-34.688
12546161,BNO_MAG_UC,789,-4900,0,-3.500,-11.188,-83.562,6.188,-5.812,-34.688
12557425,BNO_MAG_UC,790,-6000,0,-3.500,-11.875,-84.000,6.188,-5.812,-34.688
12566735,BNO_MAG_UC,791,-4900,0,-4.250,-12.250,-82.625,6.188,-5.812,-34.688
12587033,BNO_MAG_UC,792,-4900,0,-3.500,-11.562,-83.125,6.188,-5.812,-34.688
12596236,BNO_MAG_UC,793,-5100,0,-4.625,-11.875,-84.375,6.188,-5.812,-34.688
12607142,BNO_MAG_UC,794,-5400,0,-5.750,-12.625,-83.125,6.188,-5.812,-34.688
12626205,BNO_MAG_UC,795,-4700,0,-5.000,-12.250,-84.000,6.188,-5.812,-34.688
12637585,BNO_MAG_UC,796,-6000,0,-5.000,-10.500,-82.688,6.188,-5.812,-34.688
12646994,BNO_MAG_UC,797,-4900,0,-5.375,-11.188,-84.438,6.188,-5.812,-34.688
12666817,BNO_MAG_UC,798,-5300,0,-4.250,-11.875,-82.250,6.188,-5.812,-34.688
12676440,BNO_MAG_UC,799,-5300,0,-4.250,-11.562,-83.625,6.188,-5.812,-34.688
12706472,BNO_MAG_UC,800,-4500,0,-5.750,-11.188,-82.625,6.188,-5.812,-34.688
12717957,BNO_MAG_UC,801,-6000,0,-6.812,-11.250,-82.688,6.188,-5.812,-34.688
12727355,BNO_MAG_UC,802,-4900,0,-5.750,-11.562,-83.125,6.188,-5.812,-34.688
12747808,BNO_MAG_UC,803,-6200,0,-5.750,-11.938,-83.125,6.188,-5.812,-34.688
12756834,BNO_MAG_UC,804,-4700,0,-5.750,-11.562,-83.562,6.188,-5.812,-34.688
12767863,BNO_MAG_UC,805,-6000,0,-6.500,-12.625,-84.000,6.188,-5.812,-34.688
12787548,BNO_MAG_UC,806,-5800,0,-6.125,-10.875,-83.500,6.188,-5.812,-34.688
12796957,BNO_MAG_UC,807,-4900,0,-5.000,-11.875,-83.500,6.188,-5.812,-34.688
12807762,BNO_MAG_UC,808,-5600,0,-5.750,-11.188,-83.562,6.188,-5.812,-34.688
12827796,BNO_MAG_UC,809,-6000,0,-6.125,-12.250,-83.125,6.188,-5.812,-34.688
12837164,BNO_MAG_UC,810,-4700,0,-5.750,-12.250,-82.250,6.188,-5.812,-34.688
12848135,BNO_MAG_UC,811,-5800,0,-5.375,-11.875,-84.000,6.188,-5.812,-34.688
12867895,BNO_MAG_UC,812,-6000,0,-6.125,-11.562,-83.125,6.188,-5.812,-34.688
12877191,BNO_MAG_UC,813,-4900,0,-6.125,-11.562,-83.125,6.188,-5.812,-34.688
12888042,BNO_MAG_UC,814,-5800,0,-5.375,-11.188,-83.562,6.188,-5.812,-34.688
12907998,BNO_MAG_UC,815,-6000,0,-5.000,-9.438,-84.500,6.188,-5.812,-34.688
12917239,BNO_MAG_UC,816,-4700,0,-4.625,-11.188,-81.875,6.188,-5.812,-34.688
12928241,BNO_MAG_UC,817,-5800,0,-6.125,-11.188,-83.562,6.188,-5.812,-34.688
12948131,BNO_MAG_UC,818,-6200,0,-6.125,-10.875,-82.688,6.188,-5.812,-34.688
12957363,BNO_MAG_UC,819,-4500,0,-6.062,-10.875,-84.000,6.188,-5.812,-34.688
12988626,BNO_MAG_UC,820,-5200,0,-6.062,-10.125,-82.688,6.188,-5.812,-34.688
12997541,BNO_MAG_UC,821,-5100,0,-5.375,-10.125,-82.750,6.188,-5.812,-34.688
13028589,BNO_MAG_UC,822,-5100,0,-5.750,-11.938,-83.562,6.188,-5.812,-34.688
13037625,BNO_MAG_UC,823,-5100,0,-6.125,-11.938,-83.125,6.188,-5.812,-34.688
13068524,BNO_MAG_UC,824,-5100,0,-6.062,-10.500,-84.000,6.188,-5.812,-34.688
13077867,BNO_MAG_UC,825,-5400,0,-5.750,-12.625,-84.000,6.188,-5.812,-34.688
13088912,BNO_MAG_UC,826,-6200,0,-5.750,-11.188,-83.125,6.188,-5.812,-34.688
13108855,BNO_MAG_UC,827,-5700,0,-5.375,-11.562,-84.000,6.188,-5.812,-34.688
13118120,BNO_MAG_UC,828,-5400,0,-4.625,-11.188,-82.750,6.188,-5.812,-34.688
13149208,BNO_MAG_UC,829,-6000,0,-5.375,-10.875,-83.625,6.188,-5.812,-34.688
13158261,BNO_MAG_UC,830,-5600,0,-5.750,-11.188,-83.562,6.188,-5.812,-34.688
13198150,BNO_MAG_UC,831,-5300,0,-5.750,-10.875,-84.000,6.188,-5.812,-34.688
13208462,BNO_MAG_UC,832,-5600,0,-4.625,-11.188,-84.500,6.188,-5.812,-34.688
13238704,BNO_MAG_UC,833,-5600,0,-4.625,-11.562,-83.125,6.188,-5.812,-34.688
13248520,BNO_MAG_UC,834,-4900,0,-6.125,-11.938,-83.125,6.188,-5.812,-34.688
13278360,BNO_MAG_UC,835,-4900,0,-4.250,-10.812,-83.125,6.188,-5.812,-34.688
13288690,BNO_MAG_UC,836,-5400,0,-5.000,-11.562,-84.000,6.188,-5.812,-34.688
13298649,BNO_MAG_UC,837,-5800,0,-4.250,-11.188,-82.750,6.188,-5.812,-34.688
13317863,BNO_MAG_UC,838,-5100,0,-5.000,-11.562,-83.125,6.188,-5.812,-34.688
13339280,BNO_MAG_UC,839,-6000,0,-6.125,-12.625,-84.438,6.188,-5.812,-34.688
13358414,BNO_MAG_UC,840,-5300,0,-4.250,-11.188,-83.625,6.188,-5.812,-34.688
13368773,BNO_MAG_UC,841,-5400,0,-4.250,-10.812,-84.000,6.188,-5.812,-34.688
13398501,BNO_MAG_UC,842,-4900,0,-5.375,-11.938,-83.562,6.188,-5.812,-34.688
13408802,BNO_MAG_UC,843,-5400,0,-5.375,-11.562,-84.875,6.188,-5.812,-34.688
13418717,BNO_MAG_UC,844,-5400,0,-4.625,-12.250,-84.000,6.188,-5.812,-34.688
13438040,BNO_MAG_UC,845,-4900,0,-6.125,-10.875,-82.688,6.188,-5.812,-34.688
13448827,BNO_MAG_UC,846,-6000,0,-5.750,-10.500,-81.875,6.188,-5.812,-34.688
13458982,BNO_MAG_UC,847,-5100,0,-4.250,-11.875,-84.000,6.188,-5.812,-34.688
13478670,BNO_MAG_UC,848,-5400,0,-5.750,-11.562,-84.438,6.188,-5.812,-34.688
13488897,BNO_MAG_UC,849,-5400,0,-5.375,-12.250,-84.438,6.188,-5.812,-34.688
13498257,BNO_MAG_UC,850,-5400,0,-5.750,-11.938,-84.000,6.188,-5.812,-34.688
13519441,BNO_MAG_UC,851,-5300,0,-5.375,-9.812,-83.125,6.188,-5.812,-34.688
13529015,BNO_MAG_UC,852,-5300,0,-5.000,-11.875,-84.000,6.188,-5.812,-34.688
13539173,BNO_MAG_UC,853,-5800,0,-5.375,-12.625,-82.688,6.188,-5.812,-34.688
13558810,BNO_MAG_UC,854,-5300,0,-5.375,-11.562,-83.562,6.188,-5.812,-34.688
13569204,BNO_MAG_UC,855,-5600,0,-6.125,-11.562,-84.000,6.188,-5.812,-34.688
13600166,BNO_MAG_UC,856,-5700,0,-5.375,-10.875,-83.625,6.188,-5.812,-34.688
13609795,BNO_MAG_UC,857,-5600,0,-4.625,-11.875,-82.688,6.188,-5.812,-34.688
13619224,BNO_MAG_UC,858,-5300,0,-5.000,-13.688,-84.438,6.188,-5.812,-34.688
13639543,BNO_MAG_UC,859,-6000,0,-5.375,-11.562,-84.000,6.188,-5.812,-34.688
13649516,BNO_MAG_UC,860,-5300,0,-2.812,-11.875,-84.000,6.188,-5.812,-34.688
13659397,BNO_MAG_UC,861,-5600,0,-3.875,-10.812,-84.500,6.188,-5.812,-34.688
13679846,BNO_MAG_UC,862,-5900,0,-3.500,-11.188,-82.750,6.188,-5.812,-34.688
13688633,BNO_MAG_UC,863,-5400,0,-4.250,-11.875,-85.375,6.188,-5.812,-34.688
13699890,BNO_MAG_UC,864,-6200,0,-3.875,-11.562,-83.625,6.188,-5.812,-34.688
13719580,BNO_MAG_UC,865,-5700,0,-3.875,-11.188,-84.500,6.188,-5.812,-34.688
13728853,BNO_MAG_UC,866,-5600,0,-4.250,-11.875,-84.062,6.188,-5.812,-34.688
13739722,BNO_MAG_UC,867,-5800,0,-4.625,-11.188,-83.625,6.188,-5.812,-34.688
13759757,BNO_MAG_UC,868,-6000,0,-4.625,-11.875,-83.562,6.188,-5.812,-34.688
13769091,BNO_MAG_UC,869,-4900,0,-3.875,-11.875,-84.875,6.188,-5.812,-34.688
13779981,BNO_MAG_UC,870,-6000,0,-3.875,-11.562,-84.000,6.188,-5.812,-34.688
13799919,BNO_MAG_UC,871,-6200,0,-3.188,-12.250,-83.188,6.188,-5.812,-34.688
13809071,BNO_MAG_UC,872,-4700,0,-3.500,-12.250,-84.062,6.188,-5.812,-34.688
13820079,BNO_MAG_UC,873,-5800,0,-3.875,-9.750,-83.625,6.188,-5.812,-34.688
13839892,BNO_MAG_UC,874,-6000,0,-3.125,-11.562,-83.625,6.188,-5.812,-34.688
13849176,BNO_MAG_UC,875,-4700,0,-3.188,-12.562,-84.062,6.188,-5.812,-34.688
13860194,BNO_MAG_UC,876,-5800,0,-2.750,-10.812,-84.875,6.188,-5.812,-34.688
13880054,BNO_MAG_UC,877,-6200,0,-2.812,-12.562,-83.125,6.188,-5.812,-34.688
13889336,BNO_MAG_UC,878,-4700,0,-1.312,-11.875,-83.625,6.188,-5.812,-34.688
13920721,BNO_MAG_UC,879,-5500,0,-2.750,-11.500,-84.562,6.188,-5.812,-34.688
13929619,BNO_MAG_UC,880,-5300,0,-2.062,-11.500,-84.500,6.188,-5.812,-34.688
13960507,BNO_MAG_UC,881,-5600,0,-2.062,-11.500,-84.062,6.188,-5.812,-34.688
13969567,BNO_MAG_UC,882,-5300,0,-2.438,-11.188,-83.625,6.188,-5.812,-34.688
14000421,BNO_MAG_UC,883,-6000,0,-1.312,-11.500,-84.500,6.188,-5.812,-34.688
14009763,BNO_MAG_UC,884,-4900,0,-0.562,-12.188,-83.625,6.188,-5.812,-34.688
14019921,BNO_MAG_UC,885,-5300,0,-0.938,-12.188,-86.250,6.188,-5.812,-34.688
14030005,BNO_MAG_UC,886,-5600,0,-1.312,-12.188,-84.062,6.188,-5.812,-34.688
14049784,BNO_MAG_UC,887,-5300,0,0.188,-11.125,-85.000,6.188,-5.812,-34.688
14081116,BNO_MAG_UC,888,-5500,0,-0.250,-13.938,-85.438,6.188,-5.812,-34.688
14090125,BNO_MAG_UC,889,-5300,0,0.500,-10.812,-84.125,6.188,-5.812,-34.688
14100067,BNO_MAG_UC,890,-5300,0,0.188,-12.562,-85.000,6.188,-5.812,-34.688
14130100,BNO_MAG_UC,891,-5300,0,1.500,-12.188,-82.375,6.188,-5.812,-34.688
14140259,BNO_MAG_UC,892,-5600,0,1.125,-12.188,-83.625,6.188,-5.812,-34.688
14169861,BNO_MAG_UC,893,-4900,0,2.250,-10.750,-85.375,6.188,-5.812,-34.688
14209551,BNO_MAG_UC,894,-4500,0,2.625,-11.812,-85.375,6.188,-5.812,-34.688
14220613,BNO_MAG_UC,895,-5800,0,3.688,-13.250,-84.125,6.188,-5.812,-34.688
14230260,BNO_MAG_UC,896,-5300,0,3.750,-12.188,-85.000,6.188,-5.812,-34.688
14249623,BNO_MAG_UC,897,-4700,0,4.062,-11.438,-83.250,6.188,-5.812,-34.688
14260836,BNO_MAG_UC,898,-6000,0,3.375,-12.188,-84.500,6.188,-5.812,-34.688
14270384,BNO_MAG_UC,899,-5100,0,3.375,-11.125,-85.000,6.188,-5.812,-34.688
14289760,BNO_MAG_UC,900,-4900,0,4.500,-11.812,-86.375,6.188,-5.812,-34.688
14300972,BNO_MAG_UC,901,-6200,0,2.625,-11.812,-85.000,6.188,-5.812,-34.688
14310424,BNO_MAG_UC,902,-5100,0,4.438,-12.500,-84.562,6.188,-5.812,-34.688
14329915,BNO_MAG_UC,903,-4900,0,4.125,-10.750,-85.000,6.188,-5.812,-34.688
14341072,BNO_MAG_UC,904,-6000,0,5.188,-13.188,-84.125,6.188,-5.812,-34.688
14350499,BNO_MAG_UC,905,-5100,0,4.812,-11.812,-84.562,6.188,-5.812,-34.688
14369878,BNO_MAG_UC,906,-4700,0,4.875,-10.750,-85.000,6.188,-5.812,-34.688
14381246,BNO_MAG_UC,907,-6000,0,4.438,-12.500,-84.125,6.188,-5.812,-34.688
14390605,BNO_MAG_UC,908,-4900,0,5.938,-11.812,-85.000,6.188,-5.812,-34.688
14409867,BNO_MAG_UC,909,-4500,0,4.125,-11.812,-84.562,6.188,-5.812,-34.688
14420394,BNO_MAG_UC,910,-5600,0,5.938,-12.875,-85.000,6.188,-5.812,-34.688
14450234,BNO_MAG_UC,911,-4900,0,6.312,-12.875,-83.750,6.188,-5.812,-34.688
14461542,BNO_MAG_UC,912,-5800,0,5.938,-11.438,-85.000,6.188,-5.812,-34.688
14470902,BNO_MAG_UC,913,-4700,0,6.688,-11.812,-84.625,6.188,-5.812,-34.688
14490657,BNO_MAG_UC,914,-5400,0,7.062,-10.750,-84.625,6.188,-5.812,-34.688
14501194,BNO_MAG_UC,915,-5600,0,7.062,-12.125,-83.688,6.188,-5.812,-34.688
14531769,BNO_MAG_UC,916,-5700,0,7.438,-9.688,-85.438,6.188,-5.812,-34.688
14540587,BNO_MAG_UC,917,-5100,0,6.688,-9.688,-85.938,6.188,-5.812,-34.688
14551607,BNO_MAG_UC,918,-6000,0,7.750,-11.750,-84.562,6.188,-5.812,-34.688
14571598,BNO_MAG_UC,919,-5700,0,7.438,-10.375,-83.750,6.188,-5.812,-34.688
14580466,BNO_MAG_UC,920,-4700,0,7.438,-11.750,-85.062,6.188,-5.812,-34.688
14591468,BNO_MAG_UC,921,-5800,0,8.500,-12.438,-85.938,6.188,-5.812,-34.688
14611473,BNO_MAG_UC,922,-6000,0,8.125,-12.812,-84.562,6.188,-5.812,-34.688
14620881,BNO_MAG_UC,923,-5100,0,8.500,-11.750,-85.062,6.188,-5.812,-34.688
14631846,BNO_MAG_UC,924,-6000,0,8.500,-12.125,-85.062,6.188,-5.812,-34.688
14651667,BNO_MAG_UC,925,-6000,0,9.625,-11.750,-84.625,6.188,-5.812,-34.688
14661036,BNO_MAG_UC,926,-4900,0,10.000,-11.375,-84.625,6.188,-5.812,-34.688
14692132,BNO_MAG_UC,927,-5700,0,8.125,-11.750,-83.688,6.188,-5.812,-34.688
14701079,BNO_MAG_UC,928,-5400,0,9.625,-11.062,-85.500,6.188,-5.812,-34.688
14711981,BNO_MAG_UC,929,-6000,0,9.625,-11.438,-83.312,6.188,-5.812,-34.688
14732080,BNO_MAG_UC,930,-6000,0,10.375,-11.062,-85.500,6.188,-5.812,-34.688
14741064,BNO_MAG_UC,931,-4300,0,10.375,-12.438,-85.062,6.188,-5.812,-34.688
14772359,BNO_MAG_UC,932,-5100,0,10.688,-12.125,-83.312,6.188,-5.812,-34.688
14781282,BNO_MAG_UC,933,-5300,0,10.375,-11.750,-85.500,6.188,-5.812,-34.688
14812130,BNO_MAG_UC,934,-4900,0,12.188,-12.438,-84.562,6.188,-5.812,-34.688
14821287,BNO_MAG_UC,935,-4700,0,11.062,-12.812,-84.188,6.188,-5.812,-34.688
14852426,BNO_MAG_UC,936,-5100,0,12.188,-10.312,-85.062,6.188,-5.812,-34.688
14861543,BNO_MAG_UC,937,-5100,0,12.562,-11.000,-84.188,6.188,-5.812,-34.688
14892331,BNO_MAG_UC,938,-6000,0,12.188,-11.000,-84.625,6.188,-5.812,-34.688
14901561,BNO_MAG_UC,939,-4700,0,11.812,-11.062,-83.750,6.188,-5.812,-34.688
14911833,BNO_MAG_UC,940,-5300,0,12.188,-12.062,-85.500,6.188,-5.812,-34.688
14941489,BNO_MAG_UC,941,-4900,0,11.812,-11.750,-83.812,6.188,-5.812,-34.688
14951257,BNO_MAG_UC,942,-5400,0,12.188,-12.062,-83.750,6.188,-5.812,-34.688
14972536,BNO_MAG_UC,943,-5400,0,12.562,-11.375,-83.312,6.188,-5.812,-34.688
14981652,BNO_MAG_UC,944,-5100,0,13.312,-11.750,-84.188,6.188,-5.812,-34.688
15012915,BNO_MAG_UC,945,-5500,0,12.938,-12.062,-84.688,6.188,-5.812,-34.688
15022141,BNO_MAG_UC,946,-5300,0,14.000,-12.438,-83.312,6.188,-5.812,-34.688
15031993,BNO_MAG_UC,947,-5100,0,12.188,-12.062,-84.188,6.188,-5.812,-34.688
15042183,BNO_MAG_UC,948,-5600,0,12.562,-11.750,-84.188,6.188,-5.812,-34.688
15061582,BNO_MAG_UC,949,-4900,0,13.312,-13.125,-84.188,6.188,-5.812,-34.688
15093131,BNO_MAG_UC,950,-5400,0,12.938,-12.812,-83.312,6.188,-5.812,-34.688
15102430,BNO_MAG_UC,951,-5400,0,13.312,-12.062,-83.812,6.188,-5.812,-34.688
15112197,BNO_MAG_UC,952,-4900,0,12.938,-11.375,-83.812,6.188,-5.812,-34.688
15122139,BNO_MAG_UC,953,-5400,0,14.375,-11.688,-83.812,6.188,-5.812,-34.688
15141389,BNO_MAG_UC,954,-4700,0,14.750,-11.688,-83.812,6.188,-5.812,-34.688
15152603,BNO_MAG_UC,955,-6000,0,14.000,-11.750,-82.938,6.188,-5.812,-34.688
15162142,BNO_MAG_UC,956,-5100,0,14.375,-12.062,-83.312,6.188,-5.812,-34.688
15181636,BNO_MAG_UC,957,-4900,0,14.000,-12.062,-82.938,6.188,-5.812,-34.688
15192824,BNO_MAG_UC,958,-5800,0,14.750,-13.125,-84.688,6.188,-5.812,-34.688
15202377,BNO_MAG_UC,959,-5100,0,14.750,-11.688,-84.688,6.188,-5.812,-34.688
15222246,BNO_MAG_UC,960,-5400,0,14.750,-12.062,-84.188,6.188,-5.812,-34.688
15232668,BNO_MAG_UC,961,-5600,0,14.438,-12.438,-85.562,6.188,-5.812,-34.688
15242597,BNO_MAG_UC,962,-5600,0,14.000,-12.438,-83.812,6.188,-5.812,-34.688
15262371,BNO_MAG_UC,963,-5400,0,14.438,-12.062,-85.062,6.188,-5.812,-34.688
15272711,BNO_MAG_UC,964,-5800,0,14.062,-11.375,-83.812,6.188,-5.812,-34.688
15282722,BNO_MAG_UC,965,-5400,0,14.750,-11.000,-82.938,6.188,-5.812,-34.688
15302843,BNO_MAG_UC,966,-5300,0,15.125,-12.438,-83.312,6.188,-5.812,-34.688
15312719,BNO_MAG_UC,967,-5600,0,15.500,-11.688,-85.125,6.188,-5.812,-34.688
15322096,BNO_MAG_UC,968,-5400,0,15.875,-11.000,-83.812,6.188,-5.812,-34.688
15343638,BNO_MAG_UC,969,-5700,0,15.875,-11.688,-82.938,6.188,-5.812,-34.688
15353218,BNO_MAG_UC,970,-5600,0,15.875,-11.000,-83.375,6.188,-5.812,-34.688
15362825,BNO_MAG_UC,971,-5400,0,15.875,-11.375,-82.938,6.188,-5.812,-34.688
15382697,BNO_MAG_UC,972,-5600,0,16.250,-11.375,-83.375,6.188,-5.812,-34.688
15393070,BNO_MAG_UC,973,-5600,0,15.500,-11.688,-83.375,6.188,-5.812,-34.688
15402989,BNO_MAG_UC,974,-5600,0,15.875,-12.750,-83.812,6.188,-5.812,-34.688
15423122,BNO_MAG_UC,975,-5300,0,16.250,-11.000,-82.500,6.188,-5.812,-34.688
15433149,BNO_MAG_UC,976,-5600,0,15.500,-11.000,-83.375,6.188,-5.812,-34.688
15463578,BNO_MAG_UC,977,-5700,0,15.875,-12.062,-83.375,6.188,-5.812,-34.688
15472365,BNO_MAG_UC,978,-4900,0,17.250,-12.375,-82.938,6.188,-5.812,-34.688
15483216,BNO_MAG_UC,979,-5600,0,16.625,-13.125,-84.250,6.188,-5.812,-34.688
15503377,BNO_MAG_UC,980,-6000,0,16.562,-13.438,-82.938,6.188,-5.812,-34.688
15512529,BNO_MAG_UC,981,-4500,0,16.625,-12.062,-84.250,6.188,-5.812,-34.688
15523410,BNO_MAG_UC,982,-5800,0,15.875,-11.000,-83.375,6.188,-5.812,-34.688
15543393,BNO_MAG_UC,983,-5800,0,16.938,-12.750,-82.938,6.188,-5.812,-34.688
15552773,BNO_MAG_UC,984,-4900,0,17.625,-11.688,-82.500,6.188,-5.812,-34.688
15563642,BNO_MAG_UC,985,-6000,0,17.625,-12.062,-82.938,6.188,-5.812,-34.688
15583609,BNO_MAG_UC,986,-6000,0,18.375,-11.312,-82.938,6.188,-5.812,-34.688
15592875,BNO_MAG_UC,987,-4700,0,17.250,-11.688,-82.062,6.188,-5.812,-34.688
15623901,BNO_MAG_UC,988,-6000,0,19.125,-12.750,-82.062,6.188,-5.812,-34.688
15632962,BNO_MAG_UC,989,-4700,0,18.000,-12.375,-82.062,6.188,-5.812,-34.688
15643935,BNO_MAG_UC,990,-6000,0,18.750,-12.375,-82.500,6.188,-5.812,-34.688
15663911,BNO_MAG_UC,991,-6200,0,18.000,-12.062,-83.375,6.188,-5.812,-34.688
15672985,BNO_MAG_UC,992,-4700,0,19.125,-11.312,-83.000,6.188,-5.812,-34.688
15683995,BNO_MAG_UC,993,-5800,0,18.375,-12.375,-82.938,6.188,-5.812,-34.688
15703887,BNO_MAG_UC,994,-6200,0,18.750,-12.062,-82.938,6.188,-5.812,-34.688
15713230,BNO_MAG_UC,995,-5100,0,18.375,-12.750,-82.938,6.188,-5.812,-34.688
15724166,BNO_MAG_UC,996,-6000,0,19.875,-13.062,-83.375,6.188,-5.812,-34.688
15744111,BNO_MAG_UC,997,-6000,0,19.875,-11.312,-83.375,6.188,-5.812,-34.688
15753271,BNO_MAG_UC,998,-4500,0,19.125,-11.312,-82.125,6.188,-5.812,-34.688
15784305,BNO_MAG_UC,999,-5100,0,19.500,-10.250,-82.500,6.188,-5.812,-34.688
15793244,BNO_MAG_UC,1000,-4900,0,19.875,-13.062,-83.812,6.188,-5.812,-34.688
15824584,BNO_MAG_UC,1001,-5700,0,19.875,-12.000,-83.375,6.188,-5.812,-34.688
15833428,BNO_MAG_UC,1002,-4900,0,20.250,-11.312,-82.500,6.188,-5.812,-34.688
15873638,BNO_MAG_UC,1003,-5400,0,19.125,-12.062,-80.312,6.188,-5.812,-34.688
15883842,BNO_MAG_UC,1004,-5400,0,20.250,-11.688,-83.875,6.188,-5.812,-34.688
15893916,BNO_MAG_UC,1005,-5600,0,20.250,-11.688,-83.375,6.188,-5.812,-34.688
15913069,BNO_MAG_UC,1006,-4900,0,20.625,-12.375,-83.375,6.188,-5.812,-34.688
15923905,BNO_MAG_UC,1007,-5600,0,20.188,-12.750,-81.250,6.188,-5.812,-34.688
15953733,BNO_MAG_UC,1008,-4900,0,21.312,-12.000,-82.500,6.188,-5.812,-34.688
15984769,BNO_MAG_UC,1009,-5400,0,22.062,-11.688,-81.250,6.188,-5.812,-34.688
15993393,BNO_MAG_UC,1010,-4700,0,20.938,-12.000,-79.938,6.188,-5.812,-34.688
16004314,BNO_MAG_UC,1011,-5600,0,21.312,-12.375,-81.688,6.188,-5.812,-34.688
16014082,BNO_MAG_UC,1012,-5300,0,21.312,-11.312,-82.125,6.188,-5.812,-34.688
16033653,BNO_MAG_UC,1013,-5100,0,21.312,-11.625,-83.000,6.188,-5.812,-34.688
16073340,BNO_MAG_UC,1014,-4500,0,21.312,-12.000,-82.500,6.188,-5.812,-34.688
16084491,BNO_MAG_UC,1015,-6000,0,22.438,-12.000,-82.125,6.188,-5.812,-34.688
16094112,BNO_MAG_UC,1016,-5300,0,20.938,-11.688,-83.000,6.188,-5.812,-34.688
16114169,BNO_MAG_UC,1017,-5400,0,21.312,-12.375,-83.875,6.188,-5.812,-34.688
16124187,BNO_MAG_UC,1018,-5300,0,21.688,-11.312,-82.500,6.188,-5.812,-34.688
16134300,BNO_MAG_UC,1019,-5400,0,21.688,-12.000,-82.500,6.188,-5.812,-34.688
16153589,BNO_MAG_UC,1020,-4700,0,20.938,-12.375,-82.500,6.188,-5.812,-34.688
16164754,BNO_MAG_UC,1021,-5800,0,21.312,-12.688,-83.375,6.188,-5.812,-34.688
16173604,BNO_MAG_UC,1022,-4900,0,20.938,-11.312,-82.125,6.188,-5.812,-34.688
16194254,BNO_MAG_UC,1023,-5100,0,21.688,-12.688,-83.000,6.188,-5.812,-34.688
16204460,BNO_MAG_UC,1024,-5400,0,22.062,-12.000,-82.125,6.188,-5.812,-34.688
16214397,BNO_MAG_UC,1025,-5400,0,22.438,-12.375,-81.250,6.188,-5.812,-34.688
16233725,BNO_MAG_UC,1026,-4700,0,22.438,-10.938,-83.000,6.188,-5.812,-34.688
16245096,BNO_MAG_UC,1027,-6000,0,21.312,-12.000,-82.125,6.188,-5.812,-34.688
16253866,BNO_MAG_UC,1028,-4700,0,22.062,-12.375,-82.125,6.188,-5.812,-34.688
16274796,BNO_MAG_UC,1029,-5100,0,22.438,-12.688,-81.250,6.188,-5.812,-34.688
16283890,BNO_MAG_UC,1030,-5300,0,22.062,-11.688,-81.250,6.188,-5.812,-34.688
16294975,BNO_MAG_UC,1031,-5800,0,23.188,-11.625,-80.750,6.188,-5.812,-34.688
16314972,BNO_MAG_UC,1032,-5800,0,22.438,-12.375,-82.500,6.188,-5.812,-34.688
16324901,BNO_MAG_UC,1033,-5100,0,22.062,-10.625,-82.125,6.188,-5.812,-34.688
16334943,BNO_MAG_UC,1034,-5400,0,20.938,-12.375,-81.250,6.188,-5.812,-34.688
16354969,BNO_MAG_UC,1035,-5300,0,22.438,-12.000,-82.125,6.188,-5.812,-34.688
16364341,BNO_MAG_UC,1036,-5600,0,21.688,-11.625,-82.562,6.188,-5.812,-34.688
16375424,BNO_MAG_UC,1037,-6200,0,22.812,-12.000,-81.250,6.188,-5.812,-34.688
16394825,BNO_MAG_UC,1038,-5800,0,22.812,-12.000,-83.438,6.188,-5.812,-34.688
16404508,BNO_MAG_UC,1039,-5400,0,22.062,-13.062,-82.562,6.188,-5.812,-34.688
16415698,BNO_MAG_UC,1040,-6000,0,21.688,-11.688,-81.250,6.188,-5.812,-34.688
16435467,BNO_MAG_UC,1041,-5500,0,22.062,-10.938,-81.250,6.188,-5.812,-34.688
16444432,BNO_MAG_UC,1042,-5400,0,21.688,-12.000,-82.125,6.188,-5.812,-34.688
16475706,BNO_MAG_UC,1043,-5900,0,22.062,-12.375,-81.688,6.188,-5.812,-34.688
16484647,BNO_MAG_UC,1044,-5400,0,22.438,-11.312,-83.000,6.188,-5.812,-34.688
16495842,BNO_MAG_UC,1045,-6000,0,22.812,-11.625,-80.875,6.188,-5.812,-34.688
16515868,BNO_MAG_UC,1046,-6100,0,21.688,-12.688,-82.562,6.188,-5.812,-34.688
16524988,BNO_MAG_UC,1047,-5400,0,22.062,-11.625,-82.125,6.188,-5.812,-34.688
16555987,BNO_MAG_UC,1048,-5900,0,23.188,-11.312,-81.688,6.188,-5.812,-34.688
16564970,BNO_MAG_UC,1049,-5600,0,22.812,-11.312,-82.625,6.188,-5.812,-34.688
16576196,BNO_MAG_UC,1050,-6000,0,22.062,-11.312,-81.688,6.188,-5.812,-34.688
16596435,BNO_MAG_UC,1051,-6100,0,21.688,-12.750,-81.250,6.188,-5.812,-34.688
16605198,BNO_MAG_UC,1052,-5600,0,22.812,-12.375,-82.562,6.188,-5.812,-34.688
16636322,BNO_MAG_UC,1053,-6100,0,22.812,-11.312,-81.750,6.188,-5.812,-34.688
16645459,BNO_MAG_UC,1054,-5400,0,22.062,-10.250,-82.125,6.188,-5.812,-34.688
16676301,BNO_MAG_UC,1055,-5900,0,22.812,-10.938,-81.750,6.188,-5.812,-34.688
16685326,BNO_MAG_UC,1056,-5300,0,23.875,-13.062,-81.625,6.188,-5.812,-34.688
16716413,BNO_MAG_UC,1057,-6200,0,23.188,-12.375,-82.125,6.188,-5.812,-34.688
16725538,BNO_MAG_UC,1058,-4700,0,23.188,-12.375,-81.250,6.188,-5.812,-34.688
16735642,BNO_MAG_UC,1059,-5300,0,23.188,-12.000,-81.250,6.188,-5.812,-34.688
16745661,BNO_MAG_UC,1060,-5600,0,23.188,-11.625,-81.750,6.188,-5.812,-34.688
16765379,BNO_MAG_UC,1061,-5300,0,23.875,-11.312,-81.250,6.188,-5.812,-34.688
16805689,BNO_MAG_UC,1062,-4900,0,23.875,-11.625,-80.875,6.188,-5.812,-34.688
16815790,BNO_MAG_UC,1063,-5300,0,23.562,-10.938,-82.625,6.188,-5.812,-34.688
16845623,BNO_MAG_UC,1064,-4900,0,24.625,-11.625,-81.250,6.188,-5.812,-34.688
16876904,BNO_MAG_UC,1065,-5500,0,25.375,-12.312,-80.875,6.188,-5.812,-34.688
16886047,BNO_MAG_UC,1066,-5300,0,25.000,-10.938,-80.375,6.188,-5.812,-34.688
16895920,BNO_MAG_UC,1067,-5100,0,24.250,-12.000,-80.438,6.188,-5.812,-34.688
16925837,BNO_MAG_UC,1068,-5100,0,24.625,-11.312,-80.375,6.188,-5.812,-34.688
16957084,BNO_MAG_UC,1069,-5500,0,25.375,-11.625,-80.375,6.188,-5.812,-34.688
16966359,BNO_MAG_UC,1070,-5300,0,25.375,-11.625,-80.875,6.188,-5.812,-34.688
16976071,BNO_MAG_UC,1071,-5100,0,25.000,-11.250,-80.875,6.188,-5.812,-34.688
16986045,BNO_MAG_UC,1072,-5300,0,26.125,-12.000,-80.875,6.188,-5.812,-34.688
17005171,BNO_MAG_UC,1073,-4700,0,26.125,-11.625,-81.250,6.188,-5.812,-34.688
17016433,BNO_MAG_UC,1074,-5800,0,24.625,-11.312,-79.500,6.188,-5.812,-34.688
17026076,BNO_MAG_UC,1075,-4900,0,26.125,-10.938,-80.000,6.188,-5.812,-34.688
17045499,BNO_MAG_UC,1076,-4900,0,25.375,-12.000,-80.875,6.188,-5.812,-34.688
17056703,BNO_MAG_UC,1077,-6000,0,26.500,-10.938,-79.500,6.188,-5.812,-34.688
17066092,BNO_MAG_UC,1078,-5100,0,26.500,-11.625,-80.875,6.188,-5.812,-34.688
17085993,BNO_MAG_UC,1079,-4500,0,26.438,-11.250,-78.625,6.188,-5.812,-34.688
17097005,BNO_MAG_UC,1080,-6000,0,26.812,-12.000,-79.500,6.188,-5.812,-34.688
17126781,BNO_MAG_UC,1081,-5300,0,27.562,-11.938,-80.438,6.188,-5.812,-34.688
17136474,BNO_MAG_UC,1082,-5400,0,27.562,-11.625,-79.125,6.188,-5.812,-34.688
17146363,BNO_MAG_UC,1083,-5400,0,27.562,-11.625,-80.875,6.188,-5.812,-34.688
17165641,BNO_MAG_UC,1084,-4700,0,27.562,-10.875,-80.875,6.188,-5.812,-34.688
17176949,BNO_MAG_UC,1085,-5800,0,28.688,-11.250,-79.125,6.188,-5.812,-34.688
17205621,BNO_MAG_UC,1086,-4500,0,27.188,-12.688,-80.375,6.188,-5.812,-34.688
17217104,BNO_MAG_UC,1087,-5800,0,27.938,-11.625,-79.562,6.188,-5.812,-34.688
17226622,BNO_MAG_UC,1088,-4700,0,28.312,-10.875,-79.125,6.188,-5.812,-34.688
17246916,BNO_MAG_UC,1089,-5800,0,28.688,-10.938,-77.812,6.188,-5.812,-34.688
17256917,BNO_MAG_UC,1090,-5100,0,28.312,-11.938,-79.125,6.188,-5.812,-34.688
17287111,BNO_MAG_UC,1091,-5300,0,29.375,-13.375,-79.125,6.188,-5.812,-34.688
17296151,BNO_MAG_UC,1092,-5400,0,30.125,-11.625,-77.375,6.188,-5.812,-34.688
17307035,BNO_MAG_UC,1093,-5800,0,30.875,-10.562,-77.812,6.188,-5.812,-34.688
17327253,BNO_MAG_UC,1094,-6200,0,29.375,-11.938,-78.250,6.188,-5.812,-34.688
17336357,BNO_MAG_UC,1095,-4700,0,30.500,-11.562,-79.125,6.188,-5.812,-34.688
17367049,BNO_MAG_UC,1096,-5100,0,29.750,-11.625,-79.125,6.188,-5.812,-34.688
17376376,BNO_MAG_UC,1097,-4900,0,29.375,-11.250,-77.375,6.188,-5.812,-34.688
17387329,BNO_MAG_UC,1098,-6000,0,29.750,-11.250,-78.250,6.188,-5.812,-34.688
17407551,BNO_MAG_UC,1099,-6000,0,31.250,-11.562,-77.438,6.188,-5.812,-34.688
17416549,BNO_MAG_UC,1100,-4500,0,30.875,-13.000,-77.375,6.188,-5.812,-34.688
17447579,BNO_MAG_UC,1101,-4900,0,31.250,-11.250,-78.312,6.188,-5.812,-34.688
17456629,BNO_MAG_UC,1102,-4700,0,31.625,-12.312,-78.312,6.188,-5.812,-34.688
17487729,BNO_MAG_UC,1103,-5300,0,31.250,-11.938,-77.812,6.188,-5.812,-34.688
17496849,BNO_MAG_UC,1104,-5100,0,31.625,-12.312,-77.438,6.188,-5.812,-34.688
17527873,BNO_MAG_UC,1105,-5100,0,31.625,-11.562,-76.938,6.188,-5.812,-34.688
17536889,BNO_MAG_UC,1106,-4900,0,32.375,-11.562,-77.000,6.188,-5.812,-34.688
17567887,BNO_MAG_UC,1107,-5100,0,32.375,-10.188,-77.000,6.188,-5.812,-34.688
17577112,BNO_MAG_UC,1108,-5300,0,32.688,-11.938,-76.562,6.188,-5.812,-34.688
17608085,BNO_MAG_UC,1109,-6200,0,32.312,-12.312,-76.562,6.188,-5.812,-34.688
17617372,BNO_MAG_UC,1110,-4900,0,33.062,-11.562,-75.188,6.188,-5.812,-34.688
17627432,BNO_MAG_UC,1111,-5300,0,32.312,-11.938,-76.125,6.188,-5.812,-34.688
17657260,BNO_MAG_UC,1112,-4900,0,32.688,-11.562,-76.062,6.188,-5.812,-34.688
17688526,BNO_MAG_UC,1113,-5300,0,34.188,-11.938,-75.688,6.188,-5.812,-34.688
17697661,BNO_MAG_UC,1114,-5300,0,33.438,-11.938,-76.562,6.188,-5.812,-34.688
17707612,BNO_MAG_UC,1115,-5100,0,32.688,-11.562,-76.562,6.188,-5.812,-34.688
17737491,BNO_MAG_UC,1116,-4900,0,34.188,-12.250,-75.688,6.188,-5.812,-34.688
17747641,BNO_MAG_UC,1117,-5400,0,33.062,-11.562,-77.438,6.188,-5.812,-34.688
17757786,BNO_MAG_UC,1118,-5600,0,33.438,-12.625,-76.125,6.188,-5.812,-34.688
17777392,BNO_MAG_UC,1119,-5100,0,33.812,-11.562,-74.375,6.188,-5.812,-34.688
17787963,BNO_MAG_UC,1120,-5600,0,33.812,-11.562,-74.375,6.188,-5.812,-34.688
17817368,BNO_MAG_UC,1121,-4900,0,34.188,-11.938,-74.312,6.188,-5.812,-34.688
17857167,BNO_MAG_UC,1122,-4500,0,35.188,-11.562,-74.812,6.188,-5.812,-34.688
17868230,BNO_MAG_UC,1123,-5800,0,34.875,-11.188,-74.812,6.188,-5.812,-34.688
17877819,BNO_MAG_UC,1124,-4900,0,35.250,-10.500,-74.812,6.188,-5.812,-34.688
17897089,BNO_MAG_UC,1125,-4700,0,35.188,-12.250,-73.938,6.188,-5.812,-34.688
17907782,BNO_MAG_UC,1126,-5800,0,34.875,-11.188,-74.375,6.188,-5.812,-34.688
17937827,BNO_MAG_UC,1127,-4900,0,35.938,-10.875,-74.812,6.188,-5.812,-34.688
17958139,BNO_MAG_UC,1128,-4900,0,36.688,-11.562,-72.688,6.188,-5.812,-34.688
17977535,BNO_MAG_UC,1129,-4900,0,36.688,-13.000,-72.688,6.188,-5.812,-34.688
17988652,BNO_MAG_UC,1130,-5800,0,35.188,-12.250,-73.438,6.188,-5.812,-34.688
18018126,BNO_MAG_UC,1131,-5300,0,36.312,-10.875,-72.688,6.188,-5.812,-34.688
18027526,BNO_MAG_UC,1132,-5400,0,37.750,-12.625,-73.562,6.188,-5.812,-34.688
18038480,BNO_MAG_UC,1133,-5600,0,37.438,-11.875,-73.062,6.188,-5.812,-34.688
18058388,BNO_MAG_UC,1134,-5600,0,35.562,-12.250,-73.562,6.188,-5.812,-34.688
18068518,BNO_MAG_UC,1135,-5300,0,35.938,-11.188,-73.062,6.188,-5.812,-34.688
18078309,BNO_MAG_UC,1136,-5300,0,37.062,-11.562,-73.062,6.188,-5.812,-34.688
18098453,BNO_MAG_UC,1137,-5600,0,36.312,-10.875,-72.188,6.188,-5.812,-34.688
18107863,BNO_MAG_UC,1138,-5600,0,37.750,-11.562,-72.188,6.188,-5.812,-34.688
18118906,BNO_MAG_UC,1139,-5800,0,37.438,-11.562,-72.688,6.188,-5.812,-34.688
18138651,BNO_MAG_UC,1140,-5600,0,37.438,-11.188,-72.188,6.188,-5.812,-34.688
18147943,BNO_MAG_UC,1141,-5100,0,37.750,-12.625,-72.188,6.188,-5.812,-34.688
18178806,BNO_MAG_UC,1142,-5100,0,37.750,-11.562,-72.688,6.188,-5.812,-34.688
18188103,BNO_MAG_UC,1143,-5300,0,39.250,-11.562,-71.375,6.188,-5.812,-34.688
18198983,BNO_MAG_UC,1144,-6000,0,38.500,-12.250,-72.188,6.188,-5.812,-34.688
18219201,BNO_MAG_UC,1145,-6200,0,38.125,-11.188,-70.062,6.188,-5.812,-34.688
18228195,BNO_MAG_UC,1146,-4900,0,38.125,-13.000,-70.875,6.188,-5.812,-34.688
18258872,BNO_MAG_UC,1147,-5100,0,39.625,-11.875,-70.500,6.188,-5.812,-34.688
18268404,BNO_MAG_UC,1148,-5100,0,40.375,-11.188,-70.938,6.188,-5.812,-34.688
18279330,BNO_MAG_UC,1149,-6000,0,38.875,-13.312,-70.438,6.188,-5.812,-34.688
18299253,BNO_MAG_UC,1150,-6000,0,39.250,-11.188,-70.938,6.188,-5.812,-34.688
18308518,BNO_MAG_UC,1151,-4900,0,39.625,-11.875,-69.625,6.188,-5.812,-34.688
18319409,BNO_MAG_UC,1152,-6000,0,40.375,-11.188,-70.938,6.188,-5.812,-34.688
18339443,BNO_MAG_UC,1153,-6200,0,39.250,-10.875,-69.625,6.188,-5.812,-34.688
18348635,BNO_MAG_UC,1154,-4700,0,39.250,-12.938,-70.062,6.188,-5.812,-34.688
18359562,BNO_MAG_UC,1155,-5600,0,39.625,-11.188,-70.500,6.188,-5.812,-34.688
18379242,BNO_MAG_UC,1156,-6000,0,39.938,-11.875,-70.062,6.188,-5.812,-34.688
18388740,BNO_MAG_UC,1157,-4900,0,40.688,-11.562,-68.812,6.188,-5.812,-34.688
18399782,BNO_MAG_UC,1158,-6000,0,40.375,-11.188,-70.500,6.188,-5.812,-34.688
18419768,BNO_MAG_UC,1159,-5800,0,40.312,-12.250,-69.625,6.188,-5.812,-34.688
18428839,BNO_MAG_UC,1160,-5100,0,40.000,-10.812,-70.562,6.188,-5.812,-34.688
18439918,BNO_MAG_UC,1161,-6000,0,40.688,-11.562,-70.062,6.188,-5.812,-34.688
18459860,BNO_MAG_UC,1162,-6200,0,41.062,-12.250,-70.938,6.188,-5.812,-34.688
18468933,BNO_MAG_UC,1163,-4700,0,41.062,-12.625,-69.625,6.188,-5.812,-34.688
18500221,BNO_MAG_UC,1164,-5300,0,41.062,-10.500,-70.062,6.188,-5.812,-34.688
18509195,BNO_MAG_UC,1165,-5100,0,41.438,-11.875,-69.688,6.188,-5.812,-34.688
18518464,BNO_MAG_UC,1166,-5100,0,40.688,-10.500,-70.062,6.188,-5.812,-34.688
18539976,BNO_MAG_UC,1167,-6000,0,41.062,-11.562,-68.312,6.188,-5.812,-34.688
18549440,BNO_MAG_UC,1168,-4900,0,41.062,-12.250,-69.625,6.188,-5.812,-34.688
18558647,BNO_MAG_UC,1169,-5100,0,41.062,-12.250,-68.750,6.188,-5.812,-34.688
18580045,BNO_MAG_UC,1170,-6000,0,39.938,-11.562,-67.438,6.188,-5.812,-34.688
18589234,BNO_MAG_UC,1171,-4500,0,41.062,-11.875,-67.875,6.188,-5.812,-34.688
18620383,BNO_MAG_UC,1172,-5500,0,42.938,-11.188,-68.375,6.188,-5.812,-34.688
18629780,BNO_MAG_UC,1173,-5400,0,41.812,-12.625,-68.312,6.188,-5.812,-34.688
18639515,BNO_MAG_UC,1174,-5100,0,41.438,-12.250,-68.812,6.188,-5.812,-34.688
18669251,BNO_MAG_UC,1175,-4900,0,41.062,-10.875,-66.562,6.188,-5.812,-34.688
18700594,BNO_MAG_UC,1176,-5300,0,42.562,-11.188,-67.500,6.188,-5.812,-34.688
18710094,BNO_MAG_UC,1177,-5400,0,42.875,-12.562,-67.438,6.188,-5.812,-34.688
18719663,BNO_MAG_UC,1178,-5100,0,41.062,-11.875,-68.312,6.188,-5.812,-34.688
18749462,BNO_MAG_UC,1179,-4900,0,42.500,-12.938,-67.062,6.188,-5.812,-34.688
18789633,BNO_MAG_UC,1180,-5100,0,42.500,-11.562,-65.750,6.188,-5.812,-34.688
18809955,BNO_MAG_UC,1181,-4700,0,42.188,-11.562,-67.062,6.188,-5.812,-34.688
18829885,BNO_MAG_UC,1182,-5600,0,42.188,-10.812,-67.000,6.188,-5.812,-34.688
18839875,BNO_MAG_UC,1183,-5400,0,44.375,-11.500,-67.500,6.188,-5.812,-34.688
18849927,BNO_MAG_UC,1184,-5400,0,43.625,-11.500,-66.188,6.188,-5.812,-34.688
18869193,BNO_MAG_UC,1185,-4700,0,42.875,-11.562,-65.750,6.188,-5.812,-34.688
18880498,BNO_MAG_UC,1186,-5800,0,42.875,-11.188,-66.188,6.188,-5.812,-34.688
18889926,BNO_MAG_UC,1187,-4700,0,42.125,-11.188,-65.750,6.188,-5.812,-34.688
18909665,BNO_MAG_UC,1188,-5100,0,44.000,-12.562,-66.188,6.188,-5.812,-34.688
18920807,BNO_MAG_UC,1189,-5800,0,42.500,-12.938,-66.125,6.188,-5.812,-34.688
18930114,BNO_MAG_UC,1190,-4700,0,44.000,-10.438,-66.625,6.188,-5.812,-34.688
18949306,BNO_MAG_UC,1191,-4700,0,43.625,-10.812,-66.125,6.188,-5.812,-34.688
18960645,BNO_MAG_UC,1192,-5800,0,44.750,-11.875,-67.062,6.188,-5.812,-34.688
18970199,BNO_MAG_UC,1193,-5100,0,44.000,-11.875,-64.875,6.188,-5.812,-34.688
18989988,BNO_MAG_UC,1194,-5300,0,43.625,-11.875,-64.438,6.188,-5.812,-34.688
18999702,BNO_MAG_UC,1195,-5600,0,43.625,-12.625,-64.438,6.188,-5.812,-34.688
19010600,BNO_MAG_UC,1196,-5600,0,44.375,-11.188,-65.312,6.188,-5.812,-34.688
19030913,BNO_MAG_UC,1197,-6200,0,43.625,-10.500,-65.750,6.188,-5.812,-34.688
19039549,BNO_MAG_UC,1198,-4700,0,43.250,-11.562,-64.438,6.188,-5.812,-34.688
19050634,BNO_MAG_UC,1199,-5600,0,45.438,-11.188,-64.062,6.188,-5.812,-34.688
19070773,BNO_MAG_UC,1200,-6000,0,44.375,-12.562,-65.312,6.188,-5.812,-34.688
19079749,BNO_MAG_UC,1201,-4900,0,45.438,-11.500,-63.125,6.188,-5.812,-34.688
19090780,BNO_MAG_UC,1202,-5600,0,44.375,-10.125,-64.000,6.188,-5.812,-34.688
19110989,BNO_MAG_UC,1203,-6000,0,44.688,-11.188,-63.562,6.188,-5.812,-34.688
19120158,BNO_MAG_UC,1204,-4700,0,44.312,-11.188,-62.688,6.188,-5.812,-34.688
19131213,BNO_MAG_UC,1205,-6000,0,44.375,-10.812,-63.562,6.188,-5.812,-34.688
19150923,BNO_MAG_UC,1206,-6000,0,45.812,-11.188,-62.250,6.188,-5.812,-34.688
19160192,BNO_MAG_UC,1207,-4700,0,46.188,-11.500,-63.125,6.188,-5.812,-34.688
19171030,BNO_MAG_UC,1208,-5800,0,45.812,-11.500,-62.750,6.188,-5.812,-34.688
19191219,BNO_MAG_UC,1209,-6000,0,46.188,-12.938,-63.125,6.188,-5.812,-34.688
19200164,BNO_MAG_UC,1210,-4500,0,45.438,-11.875,-62.250,6.188,-5.812,-34.688
19210789,BNO_MAG_UC,1211,-5600,0,45.438,-11.875,-62.250,6.188,-5.812,-34.688
19231029,BNO_MAG_UC,1212,-5800,0,46.188,-11.875,-63.625,6.188,-5.812,-34.688
19240454,BNO_MAG_UC,1213,-4900,0,46.188,-11.188,-63.625,6.188,-5.812,-34.688
19251376,BNO_MAG_UC,1214,-5800,0,45.438,-12.938,-62.250,6.188,-5.812,-34.688
19271207,BNO_MAG_UC,1215,-6000,0,45.812,-11.500,-63.125,6.188,-5.812,-34.688
19280532,BNO_MAG_UC,1216,-4900,0,45.812,-11.500,-62.750,6.188,-5.812,-34.688
19291273,BNO_MAG_UC,1217,-5800,0,45.812,-11.500,-62.750,6.188,-5.812,-34.688
19311306,BNO_MAG_UC,1218,-6000,0,45.062,-11.500,-63.562,6.188,-5.812,-34.688
19320652,BNO_MAG_UC,1219,-4900,0,46.188,-12.250,-61.000,6.188,-5.812,-34.688
19351848,BNO_MAG_UC,1220,-5500,0,44.688,-10.812,-62.688,6.188,-5.812,-34.688
19360873,BNO_MAG_UC,1221,-5100,0,45.062,-12.250,-63.125,6.188,-5.812,-34.688
19391854,BNO_MAG_UC,1222,-6200,0,45.438,-10.812,-62.750,6.188,-5.812,-34.688
19401014,BNO_MAG_UC,1223,-4900,0,45.062,-11.562,-63.125,6.188,-5.812,-34.688
19440868,BNO_MAG_UC,1224,-5300,0,45.438,-11.562,-62.250,6.188,-5.812,-34.688
19472046,BNO_MAG_UC,1225,-6200,0,45.438,-11.188,-63.625,6.188,-5.812,-34.688
19481204,BNO_MAG_UC,1226,-4700,0,45.438,-12.562,-63.562,6.188,-5.812,-34.688
19491372,BNO_MAG_UC,1227,-5400,0,45.438,-11.875,-63.562,6.188,-5.812,-34.688
19521328,BNO_MAG_UC,1228,-5100,0,45.438,-11.562,-62.250,6.188,-5.812,-34.688
19530668,BNO_MAG_UC,1229,-5300,0,45.812,-10.812,-63.625,6.188,-5.812,-34.688
19561297,BNO_MAG_UC,1230,-5300,0,46.188,-11.500,-61.875,6.188,-5.812,-34.688
19570921,BNO_MAG_UC,1231,-5400,0,46.188,-10.812,-62.750,6.188,-5.812,-34.688
19601573,BNO_MAG_UC,1232,-5300,0,45.438,-11.562,-62.250,6.188,-5.812,-34.688
19611835,BNO_MAG_UC,1233,-5600,0,45.062,-10.125,-62.750,6.188,-5.812,-34.688
19621868,BNO_MAG_UC,1234,-5800,0,45.438,-12.250,-62.688,6.188,-5.812,-34.688
19641689,BNO_MAG_UC,1235,-5600,0,45.812,-11.500,-63.125,6.188,-5.812,-34.688
19651865,BNO_MAG_UC,1236,-5800,0,45.062,-11.188,-62.250,6.188,-5.812,-34.688
19662000,BNO_MAG_UC,1237,-6000,0,45.062,-10.812,-64.000,6.188,-5.812,-34.688
19681530,BNO_MAG_UC,1238,-5400,0,45.812,-10.812,-63.625,6.188,-5.812,-34.688
19691936,BNO_MAG_UC,1239,-5800,0,45.438,-11.875,-62.688,6.188,-5.812,-34.688
19721790,BNO_MAG_UC,1240,-5300,0,45.812,-12.250,-61.812,6.188,-5.812,-34.688
19731219,BNO_MAG_UC,1241,-5400,0,46.562,-12.250,-63.188,6.188,-5.812,-34.688
19761788,BNO_MAG_UC,1242,-5400,0,46.562,-11.188,-62.750,6.188,-5.812,-34.688
19772112,BNO_MAG_UC,1243,-5600,0,45.812,-12.562,-64.000,6.188,-5.812,-34.688
19781998,BNO_MAG_UC,1244,-5400,0,46.188,-11.500,-64.000,6.188,-5.812,-34.688
19801777,BNO_MAG_UC,1245,-5400,0,44.312,-11.562,-61.812,6.188,-5.812,-34.688
19812077,BNO_MAG_UC,1246,-5600,0,46.562,-10.438,-62.750,6.188,-5.812,-34.688
19822162,BNO_MAG_UC,1247,-5600,0,45.062,-10.812,-62.688,6.188,-5.812,-34.688
19841946,BNO_MAG_UC,1248,-5400,0,46.188,-10.125,-62.750,6.188,-5.812,-34.688
19852372,BNO_MAG_UC,1249,-5600,0,45.438,-11.875,-62.688,6.188,-5.812,-34.688
19862297,BNO_MAG_UC,1250,-5400,0,46.562,-11.500,-64.500,6.188,-5.812,-34.688
19881530,BNO_MAG_UC,1251,-4900,0,45.812,-11.188,-63.625,6.188,-5.812,-34.688
19893078,BNO_MAG_UC,1252,-6200,0,45.812,-11.188,-63.125,6.188,-5.812,-34.688
19902583,BNO_MAG_UC,1253,-5100,0,45.125,-10.438,-64.062,6.188,-5.812,-34.688
19922830,BNO_MAG_UC,1254,-5700,0,45.062,-11.875,-63.125,6.188,-5.812,-34.688
19931524,BNO_MAG_UC,1255,-4900,0,45.062,-11.875,-64.062,6.188,-5.812,-34.688
19962177,BNO_MAG_UC,1256,-4900,0,44.375,-10.125,-63.562,6.188,-5.812,-34.688
19971615,BNO_MAG_UC,1257,-5300,0,45.062,-11.875,-63.562,6.188,-5.812,-34.688
19982551,BNO_MAG_UC,1258,-5800,0,44.750,-10.500,-64.438,6.188,-5.812,-34.688
20002911,BNO_MAG_UC,1259,-6200,0,45.125,-10.438,-64.062,6.188,-5.812,-34.688
20011983,BNO_MAG_UC,1260,-4700,0,45.812,-11.188,-64.500,6.188,-5.812,-34.688
20023062,BNO_MAG_UC,1261,-5800,0,46.562,-11.500,-63.188,6.188,-5.812,-34.688
20042829,BNO_MAG_UC,1262,-6000,0,45.125,-10.438,-64.062,6.188,-5.812,-34.688
20052141,BNO_MAG_UC,1263,-4900,0,44.375,-11.188,-64.438,6.188,-5.812,-34.688
20063157,BNO_MAG_UC,1264,-6000,0,45.062,-10.812,-63.562,6.188,-5.812,-34.688
20083290,BNO_MAG_UC,1265,-6000,0,44.750,-10.812,-64.875,6.188,-5.812,-34.688
20092253,BNO_MAG_UC,1266,-4700,0,45.438,-11.875,-64.062,6.188,-5.812,-34.688
20103288,BNO_MAG_UC,1267,-5800,0,44.688,-11.188,-63.562,6.188,-5.812,-34.688
20123230,BNO_MAG_UC,1268,-6200,0,45.125,-10.438,-64.500,6.188,-5.812,-34.688
20132220,BNO_MAG_UC,1269,-4700,0,44.312,-12.625,-63.562,6.188,-5.812,-34.688
20143237,BNO_MAG_UC,1270,-6000,0,45.062,-10.500,-63.625,6.188,-5.812,-34.688
20163395,BNO_MAG_UC,1271,-6000,0,44.375,-11.875,-64.438,6.188,-5.812,-34.688
20172359,BNO_MAG_UC,1272,-4300,0,44.750,-10.125,-64.062,6.188,-5.812,-34.688
20183418,BNO_MAG_UC,1273,-5800,0,44.750,-11.188,-65.312,6.188,-5.812,-34.688
20203470,BNO_MAG_UC,1274,-6200,0,42.875,-10.500,-64.438,6.188,-5.812,-34.688
20212572,BNO_MAG_UC,1275,-4700,0,44.750,-10.812,-64.438,6.188,-5.812,-34.688
20223543,BNO_MAG_UC,1276,-5600,0,44.750,-10.812,-65.812,6.188,-5.812,-34.688
20243571,BNO_MAG_UC,1277,-6000,0,44.750,-10.812,-64.062,6.188,-5.812,-34.688
20252706,BNO_MAG_UC,1278,-4500,0,44.000,-11.188,-65.312,6.188,-5.812,-34.688
20262603,BNO_MAG_UC,1279,-5300,0,44.000,-11.188,-65.312,6.188,-5.812,-34.688
20283674,BNO_MAG_UC,1280,-5100,0,44.750,-11.188,-64.938,6.188,-5.812,-34.688
20292449,BNO_MAG_UC,1281,-4700,0,44.375,-11.875,-65.312,6.188,-5.812,-34.688
20323565,BNO_MAG_UC,1282,-5100,0,45.125,-11.500,-66.188,6.188,-5.812,-34.688
20332874,BNO_MAG_UC,1283,-5300,0,45.125,-10.438,-65.812,6.188,-5.812,-34.688
20343222,BNO_MAG_UC,1284,-5600,0,42.188,-10.500,-65.312,6.188,-5.812,-34.688
20372937,BNO_MAG_UC,1285,-4900,0,43.625,-11.500,-66.688,6.188,-5.812,-34.688
20404067,BNO_MAG_UC,1286,-5500,0,42.875,-11.562,-66.188,6.188,-5.812,-34.688
20413234,BNO_MAG_UC,1287,-5300,0,42.875,-11.188,-64.938,6.188,-5.812,-34.688
20423299,BNO_MAG_UC,1288,-5300,0,43.250,-11.188,-66.188,6.188,-5.812,-34.688
20433340,BNO_MAG_UC,1289,-5600,0,44.000,-10.812,-66.188,6.188,-5.812,-34.688
20452849,BNO_MAG_UC,1290,-5100,0,42.562,-11.562,-67.562,6.188,-5.812,-34.688
20484242,BNO_MAG_UC,1291,-5500,0,42.125,-11.188,-65.312,6.188,-5.812,-34.688
20493737,BNO_MAG_UC,1292,-5600,0,43.625,-11.188,-66.688,6.188,-5.812,-34.688
20503373,BNO_MAG_UC,1293,-5100,0,44.750,-10.812,-65.812,6.188,-5.812,-34.688
20533182,BNO_MAG_UC,1294,-4900,0,43.250,-12.562,-67.062,6.188,-5.812,-34.688
20572856,BNO_MAG_UC,1295,-4500,0,42.500,-11.875,-66.188,6.188,-5.812,-34.688
20583947,BNO_MAG_UC,1296,-6000,0,42.125,-12.938,-66.188,6.188,-5.812,-34.688
20593517,BNO_MAG_UC,1297,-5100,0,43.250,-11.188,-67.562,6.188,-5.812,-34.688
20612758,BNO_MAG_UC,1298,-4700,0,41.438,-11.188,-66.188,6.188,-5.812,-34.688
20624161,BNO_MAG_UC,1299,-5800,0,41.438,-11.562,-68.375,6.188,-5.812,-34.688
20633683,BNO_MAG_UC,1300,-4900,0,42.875,-11.875,-67.938,6.188,-5.812,-34.688
20653846,BNO_MAG_UC,1301,-5400,0,42.938,-10.812,-67.562,6.188,-5.812,-34.688
20663723,BNO_MAG_UC,1302,-5400,0,42.188,-11.875,-67.562,6.188,-5.812,-34.688
20673823,BNO_MAG_UC,1303,-5400,0,41.812,-11.875,-68.812,6.188,-5.812,-34.688
20693654,BNO_MAG_UC,1304,-5300,0,41.438,-11.562,-67.938,6.188,-5.812,-34.688
20703830,BNO_MAG_UC,1305,-5300,0,41.438,-11.188,-67.062,6.188,-5.812,-34.688
20733808,BNO_MAG_UC,1306,-5100,0,41.438,-11.875,-69.250,6.188,-5.812,-34.688
20744012,BNO_MAG_UC,1307,-5400,0,41.062,-11.875,-67.500,6.188,-5.812,-34.688
20753927,BNO_MAG_UC,1308,-5400,0,41.438,-11.875,-68.812,6.188,-5.812,-34.688
20773884,BNO_MAG_UC,1309,-5300,0,39.938,-11.562,-69.250,6.188,-5.812,-34.688
20783295,BNO_MAG_UC,1310,-5400,0,41.062,-12.250,-68.812,6.188,-5.812,-34.688
20794333,BNO_MAG_UC,1311,-5600,0,40.312,-12.250,-69.688,6.188,-5.812,-34.688
20814021,BNO_MAG_UC,1312,-5600,0,41.438,-12.250,-69.250,6.188,-5.812,-34.688
20823566,BNO_MAG_UC,1313,-5400,0,40.312,-10.500,-68.375,6.188,-5.812,-34.688
20834549,BNO_MAG_UC,1314,-6000,0,41.438,-11.188,-68.812,6.188,-5.812,-34.688
20854501,BNO_MAG_UC,1315,-6000,0,40.688,-11.188,-69.250,6.188,-5.812,-34.688
20864459,BNO_MAG_UC,1316,-5300,0,40.688,-10.812,-70.562,6.188,-5.812,-34.688
20894831,BNO_MAG_UC,1317,-5600,0,40.312,-12.250,-69.688,6.188,-5.812,-34.688
20903798,BNO_MAG_UC,1318,-4900,0,40.688,-11.875,-69.250,6.188,-5.812,-34.688
20914758,BNO_MAG_UC,1319,-6000,0,39.188,-13.312,-70.125,6.188,-5.812,-34.688
20934918,BNO_MAG_UC,1320,-6200,0,41.438,-11.562,-69.688,6.188,-5.812,-34.688
20943817,BNO_MAG_UC,1321,-5100,0,40.375,-11.188,-70.562,6.188,-5.812,-34.688
20954795,BNO_MAG_UC,1322,-5800,0,39.938,-12.250,-70.125,6.188,-5.812,-34.688
20975078,BNO_MAG_UC,1323,-6200,0,39.625,-11.562,-69.688,6.188,-5.812,-34.688
20983994,BNO_MAG_UC,1324,-4700,0,39.250,-12.625,-71.000,6.188,-5.812,-34.688
20994953,BNO_MAG_UC,1325,-6000,0,38.875,-12.250,-70.125,6.188,-5.812,-34.688
21015004,BNO_MAG_UC,1326,-6200,0,38.500,-11.938,-70.562,6.188,-5.812,-34.688
21024158,BNO_MAG_UC,1327,-4700,0,39.625,-11.188,-71.875,6.188,-5.812,-34.688
21035111,BNO_MAG_UC,1328,-5800,0,39.250,-11.562,-72.750,6.188,-5.812,-34.688
21055078,BNO_MAG_UC,1329,-6000,0,38.875,-13.312,-71.000,6.188,-5.812,-34.688
21064292,BNO_MAG_UC,1330,-4700,0,38.500,-12.250,-71.438,6.188,-5.812,-34.688
21075287,BNO_MAG_UC,1331,-6000,0,38.500,-12.938,-72.250,6.188,-5.812,-34.688
21095267,BNO_MAG_UC,1332,-6200,0,38.500,-12.250,-70.125,6.188,-5.812,-34.688
21104424,BNO_MAG_UC,1333,-4900,0,38.500,-12.938,-71.000,6.188,-5.812,-34.688
21115420,BNO_MAG_UC,1334,-6000,0,38.125,-11.562,-71.875,6.188,-5.812,-34.688
21135329,BNO_MAG_UC,1335,-6000,0,39.250,-11.875,-71.875,6.188,-5.812,-34.688
21144573,BNO_MAG_UC,1336,-4500,0,40.000,-10.812,-70.562,6.188,-5.812,-34.688
21175331,BNO_MAG_UC,1337,-6000,0,38.500,-11.562,-71.875,6.188,-5.812,-34.688
21184593,BNO_MAG_UC,1338,-4500,0,38.125,-11.562,-71.000,6.188,-5.812,-34.688
21215942,BNO_MAG_UC,1339,-5500,0,38.875,-13.688,-71.875,6.188,-5.812,-34.688
21224941,BNO_MAG_UC,1340,-5300,0,38.875,-11.188,-72.312,6.188,-5.812,-34.688
21235012,BNO_MAG_UC,1341,-5300,0,36.688,-11.562,-72.250,6.188,-5.812,-34.688
21264851,BNO_MAG_UC,1342,-5100,0,37.375,-12.625,-71.875,6.188,-5.812,-34.688
21296496,BNO_MAG_UC,1343,-5900,0,37.375,-12.625,-73.125,6.188,-5.812,-34.688
21305273,BNO_MAG_UC,1344,-5100,0,38.875,-11.188,-72.312,6.188,-5.812,-34.688
21315060,BNO_MAG_UC,1345,-4900,0,37.812,-11.562,-73.125,6.188,-5.812,-34.688
21325245,BNO_MAG_UC,1346,-5800,0,37.812,-11.188,-72.750,6.188,-5.812,-34.688
21344437,BNO_MAG_UC,1347,-4900,0,36.688,-10.875,-72.250,6.188,-5.812,-34.688
21355501,BNO_MAG_UC,1348,-5800,0,36.312,-11.562,-73.125,6.188,-5.812,-34.688
21384627,BNO_MAG_UC,1349,-4500,0,37.438,-11.875,-73.625,6.188,-5.812,-34.688
21395654,BNO_MAG_UC,1350,-5800,0,36.688,-11.562,-72.750,6.188,-5.812,-34.688
21405209,BNO_MAG_UC,1351,-5100,0,36.312,-12.250,-73.562,6.188,-5.812,-34.688
21424938,BNO_MAG_UC,1352,-5100,0,36.688,-12.250,-73.625,6.188,-5.812,-34.688
21435855,BNO_MAG_UC,1353,-5800,0,35.938,-11.250,-72.250,6.188,-5.812,-34.688
21445306,BNO_MAG_UC,1354,-4900,0,37.062,-13.688,-74.500,6.188,-5.812,-34.688
21464801,BNO_MAG_UC,1355,-4700,0,35.938,-11.562,-73.125,6.188,-5.812,-34.688
21475898,BNO_MAG_UC,1356,-5800,0,35.625,-11.938,-73.125,6.188,-5.812,-34.688
21485410,BNO_MAG_UC,1357,-4900,0,35.938,-12.250,-74.500,6.188,-5.812,-34.688
21505231,BNO_MAG_UC,1358,-5300,0,35.250,-11.188,-73.625,6.188,-5.812,-34.688
21516264,BNO_MAG_UC,1359,-6000,0,37.438,-12.250,-74.000,6.188,-5.812,-34.688
21525572,BNO_MAG_UC,1360,-4900,0,36.312,-11.875,-75.375,6.188,-5.812,-34.688
21545195,BNO_MAG_UC,1361,-5300,0,34.938,-11.938,-75.375,6.188,-5.812,-34.688
21556239,BNO_MAG_UC,1362,-6000,0,35.625,-12.250,-73.625,6.188,-5.812,-34.688
21565644,BNO_MAG_UC,1363,-4900,0,35.625,-12.625,-74.875,6.188,-5.812,-34.688
21584901,BNO_MAG_UC,1364,-4700,0,35.625,-13.000,-74.000,6.188,-5.812,-34.688
21596182,BNO_MAG_UC,1365,-6000,0,35.625,-12.250,-74.875,6.188,-5.812,-34.688
21605643,BNO_MAG_UC,1366,-4900,0,34.500,-13.000,-74.000,6.188,-5.812,-34.688
21624954,BNO_MAG_UC,1367,-4700,0,35.250,-13.000,-74.062,6.188,-5.812,-34.688
21636204,BNO_MAG_UC,1368,-5800,0,34.188,-11.938,-74.000,6.188,-5.812,-34.688
21645812,BNO_MAG_UC,1369,-4900,0,34.875,-11.938,-74.875,6.188,-5.812,-34.688
21665238,BNO_MAG_UC,1370,-4900,0,35.312,-11.188,-75.750,6.188,-5.812,-34.688
21676607,BNO_MAG_UC,1371,-6000,0,34.562,-10.875,-73.625,6.188,-5.812,-34.688
21685971,BNO_MAG_UC,1372,-4700,0,33.438,-11.562,-74.875,6.188,-5.812,-34.688
21706394,BNO_MAG_UC,1373,-6000,0,34.125,-12.625,-74.000,6.188,-5.812,-34.688
21715312,BNO_MAG_UC,1374,-4900,0,34.125,-13.312,-74.875,6.188,-5.812,-34.688
21726172,BNO_MAG_UC,1375,-5600,0,34.188,-11.562,-76.250,6.188,-5.812,-34.688
21746490,BNO_MAG_UC,1376,-6000,0,34.188,-11.250,-73.125,6.188,-5.812,-34.688
21755458,BNO_MAG_UC,1377,-4700,0,33.438,-12.625,-75.312,6.188,-5.812,-34.688
21766359,BNO_MAG_UC,1378,-6000,0,33.812,-12.625,-76.188,6.188,-5.812,-34.688
21786518,BNO_MAG_UC,1379,-6000,0,33.438,-11.562,-76.188,6.188,-5.812,-34.688
21795589,BNO_MAG_UC,1380,-4500,0,33.062,-11.938,-75.750,6.188,-5.812,-34.688
21826493,BNO_MAG_UC,1381,-4800,0,33.438,-12.625,-77.062,6.188,-5.812,-34.688
21835812,BNO_MAG_UC,1382,-5100,0,32.688,-11.562,-74.938,6.188,-5.812,-34.688
21846916,BNO_MAG_UC,1383,-5800,0,32.688,-12.625,-76.188,6.188,-5.812,-34.688
21866671,BNO_MAG_UC,1384,-6000,0,33.812,-13.688,-76.188,6.188,-5.812,-34.688
21875844,BNO_MAG_UC,1385,-4900,0,32.688,-11.562,-76.188,6.188,-5.812,-34.688
21886862,BNO_MAG_UC,1386,-6000,0,33.812,-11.938,-76.188,6.188,-5.812,-34.688
21906851,BNO_MAG_UC,1387,-6200,0,32.688,-12.625,-75.750,6.188,-5.812,-34.688
21915963,BNO_MAG_UC,1388,-4700,0,33.062,-12.312,-76.625,6.188,-5.812,-34.688
21926946,BNO_MAG_UC,1389,-5800,0,32.312,-12.625,-75.750,6.188,-5.812,-34.688
21947108,BNO_MAG_UC,1390,-6200,0,32.312,-11.938,-76.625,6.188,-5.812,-34.688
21956215,BNO_MAG_UC,1391,-4900,0,32.312,-12.312,-76.625,6.188,-5.812,-34.688
21967198,BNO_MAG_UC,1392,-6000,0,32.688,-11.938,-77.500,6.188,-5.812,-34.688
21987397,BNO_MAG_UC,1393,-6100,0,32.688,-10.875,-76.188,6.188,-5.812,-34.688
21996567,BNO_MAG_UC,1394,-5400,0,31.250,-12.312,-76.625,6.188,-5.812,-34.688
22027614,BNO_MAG_UC,1395,-5300,0,33.062,-11.562,-76.625,6.188,-5.812,-34.688
22036608,BNO_MAG_UC,1396,-5300,0,31.250,-11.938,-77.500,6.188,-5.812,-34.688
22067299,BNO_MAG_UC,1397,-6200,0,31.250,-13.000,-77.500,6.188,-5.812,-34.688
22076610,BNO_MAG_UC,1398,-5100,0,31.625,-11.250,-77.500,6.188,-5.812,-34.688
22116546,BNO_MAG_UC,1399,-5300,0,30.500,-11.938,-76.188,6.188,-5.812,-34.688
22156614,BNO_MAG_UC,1400,-5300,0,31.250,-13.000,-77.938,6.188,-5.812,-34.688
22197090,BNO_MAG_UC,1401,-4900,0,30.125,-11.625,-77.062,6.188,-5.812,-34.688
22206947,BNO_MAG_UC,1402,-4900,0,29.750,-11.625,-78.438,6.188,-5.812,-34.688
22236740,BNO_MAG_UC,1403,-4900,0,29.000,-12.688,-77.062,6.188,-5.812,-34.688
22268155,BNO_MAG_UC,1404,-5500,0,29.750,-13.000,-77.938,6.188,-5.812,-34.688
22277356,BNO_MAG_UC,1405,-5300,0,30.500,-12.625,-79.188,6.188,-5.812,-34.688
22287147,BNO_MAG_UC,1406,-5100,0,29.750,-10.562,-77.500,6.188,-5.812,-34.688
22316917,BNO_MAG_UC,1407,-4900,0,29.062,-11.250,-77.062,6.188,-5.812,-34.688
22348188,BNO_MAG_UC,1408,-5400,0,29.438,-11.250,-78.312,6.188,-5.812,-34.688
22356449,BNO_MAG_UC,1409,-4300,0,29.375,-11.625,-77.438,6.188,-5.812,-34.688
22367610,BNO_MAG_UC,1410,-5800,0,29.375,-12.312,-78.000,6.188,-5.812,-34.688
22377206,BNO_MAG_UC,1411,-5100,0,28.688,-11.938,-77.938,6.188,-5.812,-34.688
22396642,BNO_MAG_UC,1412,-4500,0,28.625,-12.688,-77.062,6.188,-5.812,-34.688
22407784,BNO_MAG_UC,1413,-5800,0,27.562,-11.625,-79.250,6.188,-5.812,-34.688
22417369,BNO_MAG_UC,1414,-5100,0,29.062,-12.312,-78.812,6.188,-5.812,-34.688
22436799,BNO_MAG_UC,1415,-4900,0,29.375,-13.000,-78.812,6.188,-5.812,-34.688
22447935,BNO_MAG_UC,1416,-5800,0,29.375,-11.938,-77.438,6.188,-5.812,-34.688
22457319,BNO_MAG_UC,1417,-4700,0,29.375,-12.312,-78.312,6.188,-5.812,-34.688
22476616,BNO_MAG_UC,1418,-4500,0,29.375,-13.688,-79.250,6.188,-5.812,-34.688
22487914,BNO_MAG_UC,1419,-5800,0,28.688,-11.625,-78.812,6.188,-5.812,-34.688
22497435,BNO_MAG_UC,1420,-5100,0,29.062,-11.625,-79.188,6.188,-5.812,-34.688
22516915,BNO_MAG_UC,1421,-4900,0,27.562,-11.250,-79.188,6.188,-5.812,-34.688
22528261,BNO_MAG_UC,1422,-6000,0,27.562,-12.000,-77.938,6.188,-5.812,-34.688
22537597,BNO_MAG_UC,1423,-4700,0,27.188,-12.312,-80.062,6.188,-5.812,-34.688
22556972,BNO_MAG_UC,1424,-4700,0,27.562,-11.250,-78.812,6.188,-5.812,-34.688
22568327,BNO_MAG_UC,1425,-6000,0,26.438,-12.688,-80.062,6.188,-5.812,-34.688
22577749,BNO_MAG_UC,1426,-4700,0,26.812,-12.000,-78.312,6.188,-5.812,-34.688
22597249,BNO_MAG_UC,1427,-4900,0,27.188,-12.312,-79.688,6.188,-5.812,-34.688
22608650,BNO_MAG_UC,1428,-6000,0,27.188,-11.625,-78.312,6.188,-5.812,-34.688
22617997,BNO_MAG_UC,1429,-4900,0,26.812,-11.938,-80.562,6.188,-5.812,-34.688
22637782,BNO_MAG_UC,1430,-5400,0,26.438,-12.000,-79.688,6.188,-5.812,-34.688
22647293,BNO_MAG_UC,1431,-5400,0,27.562,-12.688,-78.812,6.188,-5.812,-34.688
22658359,BNO_MAG_UC,1432,-5600,0,26.812,-11.250,-78.312,6.188,-5.812,-34.688
22678399,BNO_MAG_UC,1433,-6000,0,25.000,-11.625,-78.750,6.188,-5.812,-34.688
22687461,BNO_MAG_UC,1434,-4900,0,26.062,-12.688,-79.625,6.188,-5.812,-34.688
22698368,BNO_MAG_UC,1435,-5800,0,26.438,-12.000,-79.250,6.188,-5.812,-34.688
22718512,BNO_MAG_UC,1436,-6000,0,26.812,-11.625,-80.125,6.188,-5.812,-34.688
22727635,BNO_MAG_UC,1437,-4700,0,26.125,-11.250,-80.062,6.188,-5.812,-34.688
22738568,BNO_MAG_UC,1438,-5800,0,26.438,-12.312,-79.688,6.188,-5.812,-34.688
22758778,BNO_MAG_UC,1439,-6000,0,25.750,-12.000,-80.125,6.188,-5.812,-34.688
22767674,BNO_MAG_UC,1440,-4900,0,25.375,-12.688,-81.375,6.188,-5.812,-34.688
22778879,BNO_MAG_UC,1441,-6200,0,25.375,-12.312,-79.250,6.188,-5.812,-34.688
22799227,BNO_MAG_UC,1442,-6300,0,25.375,-12.312,-80.500,6.188,-5.812,-34.688
22807989,BNO_MAG_UC,1443,-5400,0,25.750,-12.000,-80.500,6.188,-5.812,-34.688
22819135,BNO_MAG_UC,1444,-6200,0,25.375,-12.688,-81.000,6.188,-5.812,-34.688
22839292,BNO_MAG_UC,1445,-6100,0,25.750,-12.688,-80.500,6.188,-5.812,-34.688
22849039,BNO_MAG_UC,1446,-5800,0,24.250,-12.312,-81.000,6.188,-5.812,-34.688
22879069,BNO_MAG_UC,1447,-5500,0,23.500,-12.688,-81.375,6.188,-5.812,-34.688
22888042,BNO_MAG_UC,1448,-5100,0,24.625,-12.000,-81.875,6.188,-5.812,-34.688
22919496,BNO_MAG_UC,1449,-5500,0,23.500,-12.688,-80.500,6.188,-5.812,-34.688
22928396,BNO_MAG_UC,1450,-5400,0,25.750,-12.688,-79.250,6.188,-5.812,-34.688
22938188,BNO_MAG_UC,1451,-4900,0,25.750,-12.688,-79.250,6.188,-5.812,-34.688
22959352,BNO_MAG_UC,1452,-5100,0,24.250,-12.688,-80.500,6.188,-5.812,-34.688
22968344,BNO_MAG_UC,1453,-5100,0,23.875,-12.375,-81.000,6.188,-5.812,-34.688
22999510,BNO_MAG_UC,1454,-6200,0,24.250,-12.375,-80.500,6.188,-5.812,-34.688
23008633,BNO_MAG_UC,1455,-4900,0,23.500,-12.688,-80.125,6.188,-5.812,-34.688
23048694,BNO_MAG_UC,1456,-4900,0,23.875,-11.625,-80.938,6.188,-5.812,-34.688
23058856,BNO_MAG_UC,1457,-5400,0,23.500,-11.312,-80.125,6.188,-5.812,-34.688
23088441,BNO_MAG_UC,1458,-4700,0,23.125,-13.062,-81.375,6.188,-5.812,-34.688
23099088,BNO_MAG_UC,1459,-5600,0,23.125,-13.062,-81.375,6.188,-5.812,-34.688
23108990,BNO_MAG_UC,1460,-5100,0,23.500,-12.688,-81.375,6.188,-5.812,-34.688
23128327,BNO_MAG_UC,1461,-4900,0,23.875,-13.375,-81.000,6.188,-5.812,-34.688
23138450,BNO_MAG_UC,1462,-5600,0,22.812,-12.375,-81.000,6.188,-5.812,-34.688
23159724,BNO_MAG_UC,1463,-5400,0,23.875,-11.312,-81.000,6.188,-5.812,-34.688
23168188,BNO_MAG_UC,1464,-4500,0,24.625,-12.688,-81.000,6.188,-5.812,-34.688
23179123,BNO_MAG_UC,1465,-5800,0,23.188,-12.000,-80.500,6.188,-5.812,-34.688
23189165,BNO_MAG_UC,1466,-5400,0,24.250,-12.688,-81.375,6.188,-5.812,-34.688
23208312,BNO_MAG_UC,1467,-4700,0,23.500,-12.375,-81.375,6.188,-5.812,-34.688
23219267,BNO_MAG_UC,1468,-5800,0,23.188,-12.375,-81.375,6.188,-5.812,-34.688
23248712,BNO_MAG_UC,1469,-4900,0,23.188,-11.312,-80.500,6.188,-5.812,-34.688
23259656,BNO_MAG_UC,1470,-5800,0,23.188,-11.312,-82.250,6.188,-5.812,-34.688
23269038,BNO_MAG_UC,1471,-4900,0,23.188,-12.000,-81.375,6.188,-5.812,-34.688
23288347,BNO_MAG_UC,1472,-4700,0,23.125,-13.750,-80.938,6.188,-5.812,-34.688
23299577,BNO_MAG_UC,1473,-6000,0,23.125,-14.500,-80.500,6.188,-5.812,-34.688
23309225,BNO_MAG_UC,1474,-5100,0,23.500,-12.688,-82.250,6.188,-5.812,-34.688
23328441,BNO_MAG_UC,1475,-4500,0,23.188,-12.375,-81.375,6.188,-5.812,-34.688
23339669,BNO_MAG_UC,1476,-5600,0,23.875,-11.312,-81.000,6.188,-5.812,-34.688
23349388,BNO_MAG_UC,1477,-4900,0,23.188,-11.312,-81.375,6.188,-5.812,-34.688
23368730,BNO_MAG_UC,1478,-4900,0,23.500,-13.062,-81.375,6.188,-5.812,-34.688
23379818,BNO_MAG_UC,1479,-5800,0,24.625,-13.375,-79.625,6.188,-5.812,-34.688
23389330,BNO_MAG_UC,1480,-4900,0,23.875,-12.688,-80.500,6.188,-5.812,-34.688
23408630,BNO_MAG_UC,1481,-4500,0,23.188,-11.625,-81.375,6.188,-5.812,-34.688
23419938,BNO_MAG_UC,1482,-5800,0,22.438,-12.375,-81.375,6.188,-5.812,-34.688
23429432,BNO_MAG_UC,1483,-4900,0,22.812,-12.000,-82.250,6.188,-5.812,-34.688
23448684,BNO_MAG_UC,1484,-4500,0,23.125,-13.062,-80.125,6.188,-5.812,-34.688
23460012,BNO_MAG_UC,1485,-5800,0,23.188,-12.000,-80.500,6.188,-5.812,-34.688
23488857,BNO_MAG_UC,1486,-4700,0,24.250,-12.375,-80.500,6.188,-5.812,-34.688
23500235,BNO_MAG_UC,1487,-5800,0,23.188,-11.312,-81.875,6.188,-5.812,-34.688
23509326,BNO_MAG_UC,1488,-4700,0,23.188,-11.312,-81.875,6.188,-5.812,-34.688
23529997,BNO_MAG_UC,1489,-5100,0,23.125,-12.688,-81.375,6.188,-5.812,-34.688
23539120,BNO_MAG_UC,1490,-5100,0,24.250,-11.625,-81.000,6.188,-5.812,-34.688
23550010,BNO_MAG_UC,1491,-5600,0,24.250,-12.312,-81.875,6.188,-5.812,-34.688
23570094,BNO_MAG_UC,1492,-5800,0,23.188,-12.000,-81.375,6.188,-5.812,-34.688
23580219,BNO_MAG_UC,1493,-5100,0,23.500,-12.688,-81.375,6.188,-5.812,-34.688
23590035,BNO_MAG_UC,1494,-5400,0,23.875,-13.062,-81.875,6.188,-5.812,-34.688
23610529,BNO_MAG_UC,1495,-5700,0,24.250,-12.375,-80.500,6.188,-5.812,-34.688
23619387,BNO_MAG_UC,1496,-5400,0,23.875,-11.625,-81.000,6.188,-5.812,-34.688
23630564,BNO_MAG_UC,1497,-6200,0,23.500,-13.438,-81.375,6.188,-5.812,-34.688
23650544,BNO_MAG_UC,1498,-6000,0,23.500,-12.688,-80.500,6.188,-5.812,-34.688
23659666,BNO_MAG_UC,1499,-4900,0,22.812,-13.062,-81.875,6.188,-5.812,-34.688
23670856,BNO_MAG_UC,1500,-6000,0,24.250,-11.625,-80.500,6.188,-5.812,-34.688
23690702,BNO_MAG_UC,1501,-5900,0,23.875,-12.000,-81.000,6.188,-5.812,-34.688
23699763,BNO_MAG_UC,1502,-5100,0,23.125,-12.688,-81.375,6.188,-5.812,-34.688
23710966,BNO_MAG_UC,1503,-6200,0,22.812,-12.375,-81.000,6.188,-5.812,-34.688
23731067,BNO_MAG_UC,1504,-6100,0,23.188,-13.062,-82.250,6.188,-5.812,-34.688
23740037,BNO_MAG_UC,1505,-5600,0,23.875,-13.062,-81.875,6.188,-5.812,-34.688
23770615,BNO_MAG_UC,1506,-5800,0,22.062,-12.000,-80.500,6.188,-5.812,-34.688
23780051,BNO_MAG_UC,1507,-5100,0,23.188,-12.000,-80.500,6.188,-5.812,-34.688
23791282,BNO_MAG_UC,1508,-6200,0,23.500,-12.000,-81.375,6.188,-5.812,-34.688
23811368,BNO_MAG_UC,1509,-6100,0,23.500,-12.375,-81.000,6.188,-5.812,-34.688
23820294,BNO_MAG_UC,1510,-5300,0,23.500,-12.375,-81.375,6.188,-5.812,-34.688
23830179,BNO_MAG_UC,1511,-5300,0,23.500,-12.375,-81.375,6.188,-5.812,-34.688
23851581,BNO_MAG_UC,1512,-5500,0,24.250,-11.625,-81.375,6.188,-5.812,-34.688
23860523,BNO_MAG_UC,1513,-5400,0,23.938,-11.312,-81.875,6.188,-5.812,-34.688
23891569,BNO_MAG_UC,1514,-5900,0,23.500,-12.000,-81.000,6.188,-5.812,-34.688
23900680,BNO_MAG_UC,1515,-5600,0,23.875,-12.312,-82.250,6.188,-5.812,-34.688
23931490,BNO_MAG_UC,1516,-5900,0,23.125,-12.375,-80.500,6.188,-5.812,-34.688
23940632,BNO_MAG_UC,1517,-5400,0,22.062,-12.375,-81.438,6.188,-5.812,-34.688
23950584,BNO_MAG_UC,1518,-5300,0,22.438,-12.375,-81.875,6.188,-5.812,-34.688
23980468,BNO_MAG_UC,1519,-5100,0,21.688,-13.062,-82.250,6.188,-5.812,-34.688
24000867,BNO_MAG_UC,1520,-5100,0,20.938,-12.750,-81.375,6.188,-5.812,-34.688
24020560,BNO_MAG_UC,1521,-5300,0,21.688,-13.062,-80.938,6.188,-5.812,-34.688
24030776,BNO_MAG_UC,1522,-5400,0,22.062,-13.062,-81.375,6.188,-5.812,-34.688
24060621,BNO_MAG_UC,1523,-4900,0,19.812,-13.062,-81.375,6.188,-5.812,-34.688
24092081,BNO_MAG_UC,1524,-5500,0,21.312,-11.688,-81.812,6.188,-5.812,-34.688
24101189,BNO_MAG_UC,1525,-5300,0,20.562,-12.750,-81.812,6.188,-5.812,-34.688
24110887,BNO_MAG_UC,1526,-5100,0,21.312,-12.750,-81.812,6.188,-5.812,-34.688
24121054,BNO_MAG_UC,1527,-5600,0,21.688,-11.312,-81.875,6.188,-5.812,-34.688
24140366,BNO_MAG_UC,1528,-4900,0,20.938,-13.438,-83.562,6.188,-5.812,-34.688
24151387,BNO_MAG_UC,1529,-5800,0,20.250,-12.000,-83.562,6.188,-5.812,-34.688
24160986,BNO_MAG_UC,1530,-5100,0,20.562,-12.750,-81.375,6.188,-5.812,-34.688
24180150,BNO_MAG_UC,1531,-4700,0,20.938,-13.438,-81.812,6.188,-5.812,-34.688
24191480,BNO_MAG_UC,1532,-5800,0,21.000,-10.250,-82.250,6.188,-5.812,-34.688
24201044,BNO_MAG_UC,1533,-5100,0,20.938,-14.125,-83.125,6.188,-5.812,-34.688
24220321,BNO_MAG_UC,1534,-4700,0,21.688,-11.625,-82.250,6.188,-5.812,-34.688
24231587,BNO_MAG_UC,1535,-5800,0,20.938,-12.750,-82.250,6.188,-5.812,-34.688
24241164,BNO_MAG_UC,1536,-5100,0,20.938,-12.000,-82.688,6.188,-5.812,-34.688
24261178,BNO_MAG_UC,1537,-5400,0,19.875,-12.375,-82.688,6.188,-5.812,-34.688
24271267,BNO_MAG_UC,1538,-5300,0,20.250,-10.938,-83.125,6.188,-5.812,-34.688
24281370,BNO_MAG_UC,1539,-5400,0,19.125,-11.688,-83.562,6.188,-5.812,-34.688
24300978,BNO_MAG_UC,1540,-5100,0,19.500,-13.062,-82.688,6.188,-5.812,-34.688
24312119,BNO_MAG_UC,1541,-5800,0,19.875,-11.688,-81.812,6.188,-5.812,-34.688
24321490,BNO_MAG_UC,1542,-4900,0,19.125,-13.062,-83.562,6.188,-5.812,-34.688
24340793,BNO_MAG_UC,1543,-4900,0,18.438,-13.125,-82.188,6.188,-5.812,-34.688
24352132,BNO_MAG_UC,1544,-6000,0,19.125,-12.750,-82.250,6.188,-5.812,-34.688
24361463,BNO_MAG_UC,1545,-4900,0,20.188,-13.062,-81.812,6.188,-5.812,-34.688
24382132,BNO_MAG_UC,1546,-5700,0,19.125,-12.750,-82.250,6.188,-5.812,-34.688
24391713,BNO_MAG_UC,1547,-4900,0,18.750,-12.375,-83.125,6.188,-5.812,-34.688
24401575,BNO_MAG_UC,1548,-5400,0,19.500,-11.688,-83.562,6.188,-5.812,-34.688
24421519,BNO_MAG_UC,1549,-5400,0,17.688,-12.750,-82.688,6.188,-5.812,-34.688
24431017,BNO_MAG_UC,1550,-5400,0,17.688,-12.750,-83.562,6.188,-5.812,-34.688
24441946,BNO_MAG_UC,1551,-5800,0,17.688,-13.125,-82.688,6.188,-5.812,-34.688
24461940,BNO_MAG_UC,1552,-6000,0,18.062,-13.125,-83.562,6.188,-5.812,-34.688
24471086,BNO_MAG_UC,1553,-5100,0,17.688,-12.375,-82.688,6.188,-5.812,-34.688
24482096,BNO_MAG_UC,1554,-6000,0,17.688,-12.750,-83.062,6.188,-5.812,-34.688
24502120,BNO_MAG_UC,1555,-6000,0,18.375,-12.375,-83.062,6.188,-5.812,-34.688
24511401,BNO_MAG_UC,1556,-5100,0,16.938,-13.812,-83.062,6.188,-5.812,-34.688
24522440,BNO_MAG_UC,1557,-6000,0,18.062,-12.375,-82.188,6.188,-5.812,-34.688
24542216,BNO_MAG_UC,1558,-6000,0,17.312,-12.062,-83.062,6.188,-5.812,-34.688
24551503,BNO_MAG_UC,1559,-4900,0,16.938,-12.750,-82.188,6.188,-5.812,-34.688
24562444,BNO_MAG_UC,1560,-6000,0,17.000,-12.062,-82.688,6.188,-5.812,-34.688
24582505,BNO_MAG_UC,1561,-6000,0,17.312,-13.125,-83.062,6.188,-5.812,-34.688
24591619,BNO_MAG_UC,1562,-4700,0,16.625,-13.125,-83.562,6.188,-5.812,-34.688
24622634,BNO_MAG_UC,1563,-6000,0,15.500,-12.062,-84.812,6.188,-5.812,-34.688
24631796,BNO_MAG_UC,1564,-4700,0,15.875,-11.688,-81.812,6.188,-5.812,-34.688
24662829,BNO_MAG_UC,1565,-6200,0,15.125,-12.750,-83.562,6.188,-5.812,-34.688
24671867,BNO_MAG_UC,1566,-4900,0,15.875,-12.750,-83.062,6.188,-5.812,-34.688
24682808,BNO_MAG_UC,1567,-5800,0,15.875,-12.750,-83.562,6.188,-5.812,-34.688
24702776,BNO_MAG_UC,1568,-6000,0,15.500,-13.125,-83.562,6.188,-5.812,-34.688
24712028,BNO_MAG_UC,1569,-4700,0,16.625,-12.062,-83.062,6.188,-5.812,-34.688
24722981,BNO_MAG_UC,1570,-6000,0,14.750,-12.438,-84.875,6.188,-5.812,-34.688
24743151,BNO_MAG_UC,1571,-6400,0,14.750,-12.750,-83.125,6.188,-5.812,-34.688
24752141,BNO_MAG_UC,1572,-4700,0,14.000,-12.438,-83.500,6.188,-5.812,-34.688
24782868,BNO_MAG_UC,1573,-6000,0,13.688,-11.750,-84.438,6.188,-5.812,-34.688
24792103,BNO_MAG_UC,1574,-4700,0,14.375,-11.688,-83.562,6.188,-5.812,-34.688
24823292,BNO_MAG_UC,1575,-5300,0,13.312,-11.375,-83.062,6.188,-5.812,-34.688
24832488,BNO_MAG_UC,1576,-5300,0,13.688,-12.062,-84.000,6.188,-5.812,-34.688
24842497,BNO_MAG_UC,1577,-5400,0,14.375,-12.438,-83.562,6.188,-5.812,-34.688
24872303,BNO_MAG_UC,1578,-4700,0,13.312,-12.438,-83.938,6.188,-5.812,-34.688
24903852,BNO_MAG_UC,1579,-5500,0,12.562,-12.438,-84.375,6.188,-5.812,-34.688
24912812,BNO_MAG_UC,1580,-5100,0,13.688,-11.375,-84.438,6.188,-5.812,-34.688
24922629,BNO_MAG_UC,1581,-4900,0,14.375,-11.688,-84.000,6.188,-5.812,-34.688
24932771,BNO_MAG_UC,1582,-5800,0,13.312,-12.438,-84.875,6.188,-5.812,-34.688
24952473,BNO_MAG_UC,1583,-5300,0,12.562,-13.500,-84.375,6.188,-5.812,-34.688
24983548,BNO_MAG_UC,1584,-5300,0,12.938,-12.812,-83.938,6.188,-5.812,-34.688
24991938,BNO_MAG_UC,1585,-4300,0,12.562,-11.375,-83.938,6.188,-5.812,-34.688
25003049,BNO_MAG_UC,1586,-5800,0,11.812,-13.875,-84.375,6.188,-5.812,-34.688
25032705,BNO_MAG_UC,1587,-5100,0,12.938,-12.062,-84.812,6.188,-5.812,-34.688
25042876,BNO_MAG_UC,1588,-5400,0,11.812,-12.438,-85.688,6.188,-5.812,-34.688
25052880,BNO_MAG_UC,1589,-5400,0,11.812,-11.750,-84.875,6.188,-5.812,-34.688
25072873,BNO_MAG_UC,1590,-5300,0,12.562,-12.750,-86.562,6.188,-5.812,-34.688
25082855,BNO_MAG_UC,1591,-5300,0,10.312,-12.812,-83.875,6.188,-5.812,-34.688
25112816,BNO_MAG_UC,1592,-4900,0,9.625,-11.750,-83.500,6.188,-5.812,-34.688
25123750,BNO_MAG_UC,1593,-6000,0,10.312,-12.125,-83.062,6.188,-5.812,-34.688
25133172,BNO_MAG_UC,1594,-4900,0,11.062,-12.438,-84.375,6.188,-5.812,-34.688
25152387,BNO_MAG_UC,1595,-4700,0,10.750,-11.750,-85.250,6.188,-5.812,-34.688
25163621,BNO_MAG_UC,1596,-5800,0,10.375,-11.750,-83.500,6.188,-5.812,-34.688
25173037,BNO_MAG_UC,1597,-4900,0,10.375,-11.375,-84.000,6.188,-5.812,-34.688
25193247,BNO_MAG_UC,1598,-4700,0,10.375,-11.438,-83.125,6.188,-5.812,-34.688
25203302,BNO_MAG_UC,1599,-5800,0,10.000,-10.688,-83.938,6.188,-5.812,-34.688
25213229,BNO_MAG_UC,1600,-5400,0,8.500,-12.812,-84.375,6.188,-5.812,-34.688
25232320,BNO_MAG_UC,1601,-4500,0,8.875,-11.438,-84.812,6.188,-5.812,-34.688
25243821,BNO_MAG_UC,1602,-6000,0,9.250,-11.438,-84.875,6.188,-5.812,-34.688
25253274,BNO_MAG_UC,1603,-4900,0,10.000,-11.375,-84.875,6.188,-5.812,-34.688
25274038,BNO_MAG_UC,1604,-4900,0,8.188,-10.688,-85.625,6.188,-5.812,-34.688
25282801,BNO_MAG_UC,1605,-4900,0,8.125,-12.125,-84.812,6.188,-5.812,-34.688
25293793,BNO_MAG_UC,1606,-6000,0,8.125,-10.688,-84.375,6.188,-5.812,-34.688
25314061,BNO_MAG_UC,1607,-5700,0,9.250,-12.125,-86.125,6.188,-5.812,-34.688
25322992,BNO_MAG_UC,1608,-5100,0,8.188,-11.438,-85.625,6.188,-5.812,-34.688
25333954,BNO_MAG_UC,1609,-6000,0,8.500,-11.438,-83.500,6.188,-5.812,-34.688
25354186,BNO_MAG_UC,1610,-5700,0,7.812,-11.438,-85.688,6.188,-5.812,-34.688
25363098,BNO_MAG_UC,1611,-4700,0,7.438,-11.438,-85.250,6.188,-5.812,-34.688
25374148,BNO_MAG_UC,1612,-5800,0,7.750,-11.750,-84.375,6.188,-5.812,-34.688
25394026,BNO_MAG_UC,1613,-6000,0,7.062,-12.125,-84.812,6.188,-5.812,-34.688
25403223,BNO_MAG_UC,1614,-4900,0,7.438,-12.812,-85.688,6.188,-5.812,-34.688
25414162,BNO_MAG_UC,1615,-6000,0,7.438,-10.750,-84.375,6.188,-5.812,-34.688
25434216,BNO_MAG_UC,1616,-6000,0,7.375,-12.125,-84.375,6.188,-5.812,-34.688
25443284,BNO_MAG_UC,1617,-4900,0,6.688,-12.125,-83.938,6.188,-5.812,-34.688
25454249,BNO_MAG_UC,1618,-5800,0,7.375,-11.812,-83.938,6.188,-5.812,-34.688
25474179,BNO_MAG_UC,1619,-6000,0,6.688,-13.562,-84.812,6.188,-5.812,-34.688
25483483,BNO_MAG_UC,1620,-4900,0,7.000,-13.188,-83.938,6.188,-5.812,-34.688
25494488,BNO_MAG_UC,1621,-6000,0,6.312,-12.125,-85.688,6.188,-5.812,-34.688
25514637,BNO_MAG_UC,1622,-6000,0,5.938,-12.500,-84.812,6.188,-5.812,-34.688
25523630,BNO_MAG_UC,1623,-4700,0,5.562,-12.125,-84.312,6.188,-5.812,-34.688
25554572,BNO_MAG_UC,1624,-5100,0,5.938,-11.812,-85.250,6.188,-5.812,-34.688
25563654,BNO_MAG_UC,1625,-5300,0,5.938,-12.125,-84.812,6.188,-5.812,-34.688
25594659,BNO_MAG_UC,1626,-5100,0,5.188,-11.438,-84.812,6.188,-5.812,-34.688
25603826,BNO_MAG_UC,1627,-5300,0,5.938,-11.062,-84.812,6.188,-5.812,-34.688
25614497,BNO_MAG_UC,1628,-5800,0,5.938,-11.062,-84.812,6.188,-5.812,-34.688
25634697,BNO_MAG_UC,1629,-6000,0,5.562,-12.500,-84.812,6.188,-5.812,-34.688
25644043,BNO_MAG_UC,1630,-4700,0,4.438,-12.188,-84.812,6.188,-5.812,-34.688
25674757,BNO_MAG_UC,1631,-6000,0,5.188,-11.812,-84.312,6.188,-5.812,-34.688
25684021,BNO_MAG_UC,1632,-4700,0,5.188,-11.438,-85.250,6.188,-5.812,-34.688
25724043,BNO_MAG_UC,1633,-5300,0,5.188,-11.438,-85.250,6.188,-5.812,-34.688
25744559,BNO_MAG_UC,1634,-5100,0,4.438,-12.500,-84.812,6.188,-5.812,-34.688
25764188,BNO_MAG_UC,1635,-5300,0,4.062,-11.812,-84.312,6.188,-5.812,-34.688
25804364,BNO_MAG_UC,1636,-4900,0,5.562,-11.812,-83.938,6.188,-5.812,-34.688
25814581,BNO_MAG_UC,1637,-5400,0,3.750,-11.812,-85.188,6.188,-5.812,-34.688
25844442,BNO_MAG_UC,1638,-4900,0,3.750,-11.438,-84.312,6.188,-5.812,-34.688
25854707,BNO_MAG_UC,1639,-5400,0,3.375,-11.125,-83.938,6.188,-5.812,-34.688
25884438,BNO_MAG_UC,1640,-4900,0,2.625,-11.500,-84.312,6.188,-5.812,-34.688
25924493,BNO_MAG_UC,1641,-4700,0,2.625,-11.812,-84.812,6.188,-5.812,-34.688
25955998,BNO_MAG_UC,1642,-5500,0,2.250,-11.500,-84.812,6.188,-5.812,-34.688
25965291,BNO_MAG_UC,1643,-5600,0,1.875,-10.750,-84.812,6.188,-5.812,-34.688
25974913,BNO_MAG_UC,1644,-5100,0,3.000,-11.812,-84.312,6.188,-5.812,-34.688
25984829,BNO_MAG_UC,1645,-5300,0,3.000,-11.438,-84.812,6.188,-5.812,-34.688
26004899,BNO_MAG_UC,1646,-5400,0,2.625,-12.188,-84.812,6.188,-5.812,-34.688
26014913,BNO_MAG_UC,1647,-5300,0,0.750,-12.188,-85.188,6.188,-5.812,-34.688
26025006,BNO_MAG_UC,1648,-5600,0,2.625,-11.125,-83.438,6.188,-5.812,-34.688
26044462,BNO_MAG_UC,1649,-4900,0,2.625,-11.812,-84.312,6.188,-5.812,-34.688
26055823,BNO_MAG_UC,1650,-6000,0,1.875,-12.562,-83.938,6.188,-5.812,-34.688
26065140,BNO_MAG_UC,1651,-5100,0,1.875,-11.125,-84.812,6.188,-5.812,-34.688
26085790,BNO_MAG_UC,1652,-5500,0,1.875,-12.875,-83.938,6.188,-5.812,-34.688
26095223,BNO_MAG_UC,1653,-5300,0,0.750,-11.812,-84.750,6.188,-5.812,-34.688
26105380,BNO_MAG_UC,1654,-5600,0,1.125,-11.500,-84.312,6.188,-5.812,-34.688
26125319,BNO_MAG_UC,1655,-5300,0,0.500,-10.438,-85.188,6.188,-5.812,-34.688
26135439,BNO_MAG_UC,1656,-5600,0,0.812,-12.562,-86.125,6.188,-5.812,-34.688
26145336,BNO_MAG_UC,1657,-5400,0,1.125,-11.500,-84.375,6.188,-5.812,-34.688
26165246,BNO_MAG_UC,1658,-5100,0,0.188,-10.812,-85.188,6.188,-5.812,-34.688
26175477,BNO_MAG_UC,1659,-5400,0,0.812,-9.750,-84.812,6.188,-5.812,-34.688
26205489,BNO_MAG_UC,1660,-4900,0,0.438,-12.562,-84.750,6.188,-5.812,-34.688
26214524,BNO_MAG_UC,1661,-5100,0,0.750,-11.812,-84.750,6.188,-5.812,-34.688
26225537,BNO_MAG_UC,1662,-5600,0,0.438,-12.188,-83.875,6.188,-5.812,-34.688
26245940,BNO_MAG_UC,1663,-6000,0,1.500,-11.500,-83.438,6.188,-5.812,-34.688
26254793,BNO_MAG_UC,1664,-4700,0,1.125,-11.500,-85.188,6.188,-5.812,-34.688
26265829,BNO_MAG_UC,1665,-5800,0,0.812,-11.500,-85.625,6.188,-5.812,-34.688
26285895,BNO_MAG_UC,1666,-6200,0,1.500,-11.125,-84.812,6.188,-5.812,-34.688
26295019,BNO_MAG_UC,1667,-4900,0,0.812,-11.125,-84.812,6.188,-5.812,-34.688
26306005,BNO_MAG_UC,1668,-5800,0,1.875,-10.438,-83.938,6.188,-5.812,-34.688
26325866,BNO_MAG_UC,1669,-6000,0,0.750,-11.812,-84.750,6.188,-5.812,-34.688
26335237,BNO_MAG_UC,1670,-4900,0,0.500,-11.125,-83.875,6.188,-5.812,-34.688
26346130,BNO_MAG_UC,1671,-6000,0,1.500,-11.125,-84.312,6.188,-5.812,-34.688
26366099,BNO_MAG_UC,1672,-6000,0,0.438,-12.188,-84.312,6.188,-5.812,-34.688
26375267,BNO_MAG_UC,1673,-4700,0,0.438,-11.500,-83.000,6.188,-5.812,-34.688
26406405,BNO_MAG_UC,1674,-5300,0,0.750,-11.812,-84.750,6.188,-5.812,-34.688
26415388,BNO_MAG_UC,1675,-5100,0,1.125,-13.250,-85.188,6.188,-5.812,-34.688
26446584,BNO_MAG_UC,1676,-5100,0,0.500,-10.812,-84.812,6.188,-5.812,-34.688
26455578,BNO_MAG_UC,1677,-5300,0,1.500,-10.062,-84.312,6.188,-5.812,-34.688
26466566,BNO_MAG_UC,1678,-6000,0,0.188,-11.125,-84.750,6.188,-5.812,-34.688
26486642,BNO_MAG_UC,1679,-6200,0,0.750,-11.875,-83.875,6.188,-5.812,-34.688
26495709,BNO_MAG_UC,1680,-4700,0,0.500,-11.500,-85.188,6.188,-5.812,-34.688
26506723,BNO_MAG_UC,1681,-6200,0,0.812,-10.438,-84.312,6.188,-5.812,-34.688
26526606,BNO_MAG_UC,1682,-6000,0,0.750,-11.875,-83.875,6.188,-5.812,-34.688
26535935,BNO_MAG_UC,1683,-4900,0,0.812,-11.500,-84.750,6.188,-5.812,-34.688
26566968,BNO_MAG_UC,1684,-5700,0,0.500,-11.125,-84.312,6.188,-5.812,-34.688
26576143,BNO_MAG_UC,1685,-5400,0,0.750,-11.875,-84.375,6.188,-5.812,-34.688
26607057,BNO_MAG_UC,1686,-5800,0,0.812,-11.500,-84.750,6.188,-5.812,-34.688
26616248,BNO_MAG_UC,1687,-5400,0,0.750,-11.875,-83.875,6.188,-5.812,-34.688
26647222,BNO_MAG_UC,1688,-5800,0,1.188,-10.438,-83.938,6.188,-5.812,-34.688
26656420,BNO_MAG_UC,1689,-5400,0,1.125,-12.188,-85.188,6.188,-5.812,-34.688
26696385,BNO_MAG_UC,1690,-5300,0,1.125,-11.500,-85.188,6.188,-5.812,-34.688
26706548,BNO_MAG_UC,1691,-5600,0,0.500,-11.875,-84.312,6.188,-5.812,-34.688
26736455,BNO_MAG_UC,1692,-4700,0,0.750,-11.875,-83.438,6.188,-5.812,-34.688
26746682,BNO_MAG_UC,1693,-5400,0,1.125,-12.188,-83.000,6.188,-5.812,-34.688
26756766,BNO_MAG_UC,1694,-5800,0,1.125,-12.188,-82.562,6.188,-5.812,-34.688
26776432,BNO_MAG_UC,1695,-5400,0,0.500,-11.500,-85.188,6.188,-5.812,-34.688
26786758,BNO_MAG_UC,1696,-5600,0,1.875,-11.125,-84.312,6.188,-5.812,-34.688
26796851,BNO_MAG_UC,1697,-5800,0,1.125,-11.125,-84.312,6.188,-5.812,-34.688
26816423,BNO_MAG_UC,1698,-5300,0,0.750,-12.188,-83.875,6.188,-5.812,-34.688
26856674,BNO_MAG_UC,1699,-4700,0,-0.188,-10.812,-83.875,6.188,-5.812,-34.688
26866867,BNO_MAG_UC,1700,-5800,0,1.125,-12.188,-84.750,6.188,-5.812,-34.688
26896867,BNO_MAG_UC,1701,-4900,0,0.750,-11.812,-84.750,6.188,-5.812,-34.688
26936856,BNO_MAG_UC,1702,-5400,0,0.750,-12.562,-84.750,6.188,-5.812,-34.688
26946996,BNO_MAG_UC,1703,-5600,0,0.750,-11.500,-83.438,6.188,-5.812,-34.688
26957093,BNO_MAG_UC,1704,-5600,0,2.250,-11.500,-85.188,6.188,-5.812,-34.688
26977222,BNO_MAG_UC,1705,-5300,0,0.438,-12.875,-85.188,6.188,-5.812,-34.688
26987135,BNO_MAG_UC,1706,-5400,0,2.250,-12.562,-84.812,6.188,-5.812,-34.688
26997022,BNO_MAG_UC,1707,-5600,0,0.812,-11.500,-84.750,6.188,-5.812,-34.688
27017002,BNO_MAG_UC,1708,-5600,0,-0.188,-11.125,-83.500,6.188,-5.812,-34.688
27027341,BNO_MAG_UC,1709,-5600,0,-0.938,-11.500,-84.375,6.188,-5.812,-34.688
27037242,BNO_MAG_UC,1710,-5400,0,1.125,-12.188,-84.750,6.188,-5.812,-34.688
27057038,BNO_MAG_UC,1711,-5400,0,0.438,-11.500,-83.500,6.188,-5.812,-34.688
27066637,BNO_MAG_UC,1712,-5400,0,0.500,-11.500,-84.750,6.188,-5.812,-34.688
27097397,BNO_MAG_UC,1713,-5300,0,0.188,-11.875,-84.750,6.188,-5.812,-34.688
27107590,BNO_MAG_UC,1714,-5800,0,0.750,-12.188,-84.750,6.188,-5.812,-34.688
27117436,BNO_MAG_UC,1715,-5800,0,0.500,-11.812,-85.250,6.188,-5.812,-34.688
27137738,BNO_MAG_UC,1716,-6000,0,0.750,-11.500,-83.500,6.188,-5.812,-34.688
27146991,BNO_MAG_UC,1717,-5100,0,-0.188,-12.188,-84.750,6.188,-5.812,-34.688
27158434,BNO_MAG_UC,1718,-6400,0,-0.938,-10.125,-84.750,6.188,-5.812,-34.688
27178102,BNO_MAG_UC,1719,-5500,0,0.500,-12.188,-85.250,6.188,-5.812,-34.688
27187870,BNO_MAG_UC,1720,-5400,0,-0.938,-13.250,-83.438,6.188,-5.812,-34.688
27218324,BNO_MAG_UC,1721,-5900,0,-0.562,-11.500,-85.250,6.188,-5.812,-34.688
27227181,BNO_MAG_UC,1722,-5600,0,-0.188,-12.188,-84.750,6.188,-5.812,-34.688
27238373,BNO_MAG_UC,1723,-6000,0,0.812,-10.812,-83.938,6.188,-5.812,-34.688
27258219,BNO_MAG_UC,1724,-5700,0,-2.438,-11.188,-84.375,6.188,-5.812,-34.688
27267372,BNO_MAG_UC,1725,-5300,0,-0.188,-12.875,-85.625,6.188,-5.812,-34.688
27278523,BNO_MAG_UC,1726,-6200,0,-0.562,-10.438,-85.250,6.188,-5.812,-34.688
27298522,BNO_MAG_UC,1727,-5900,0,-0.562,-11.875,-84.375,6.188,-5.812,-34.688
27307476,BNO_MAG_UC,1728,-5600,0,0.188,-12.188,-84.750,6.188,-5.812,-34.688
27317550,BNO_MAG_UC,1729,-5300,0,0.188,-12.188,-84.750,6.188,-5.812,-34.688
27338374,BNO_MAG_UC,1730,-6000,0,-0.188,-11.125,-84.750,6.188,-5.812,-34.688
27347640,BNO_MAG_UC,1731,-4900,0,-0.938,-11.125,-84.375,6.188,-5.812,-34.688
27378863,BNO_MAG_UC,1732,-6100,0,0.812,-11.500,-84.750,6.188,-5.812,-34.688
27387923,BNO_MAG_UC,1733,-5400,0,-0.938,-11.188,-83.500,6.188,-5.812,-34.688
27419325,BNO_MAG_UC,1734,-6000,0,-1.688,-12.250,-84.375,6.188,-5.812,-34.688
27428064,BNO_MAG_UC,1735,-5600,0,-0.188,-11.500,-84.750,6.188,-5.812,-34.688
27458908,BNO_MAG_UC,1736,-5900,0,-0.188,-12.562,-84.750,6.188,-5.812,-34.688
27468053,BNO_MAG_UC,1737,-5400,0,-0.562,-11.500,-84.375,6.188,-5.812,-34.688
27477886,BNO_MAG_UC,1738,-5300,0,-0.562,-11.500,-84.375,6.188,-5.812,-34.688
27508131,BNO_MAG_UC,1739,-5300,0,1.500,-12.562,-84.750,6.188,-5.812,-34.688
27539189,BNO_MAG_UC,1740,-5800,0,-0.188,-11.500,-84.375,6.188,-5.812,-34.688
27548479,BNO_MAG_UC,1741,-5600,0,0.125,-11.875,-82.625,6.188,-5.812,-34.688
27558074,BNO_MAG_UC,1742,-5100,0,-0.188,-11.125,-83.875,6.188,-5.812,-34.688
27587968,BNO_MAG_UC,1743,-4700,0,0.125,-12.938,-83.875,6.188,-5.812,-34.688
27628132,BNO_MAG_UC,1744,-4900,0,0.500,-11.875,-84.750,6.188,-5.812,-34.688
27668399,BNO_MAG_UC,1745,-4900,0,0.438,-12.938,-82.125,6.188,-5.812,-34.688
27678487,BNO_MAG_UC,1746,-5400,0,0.750,-12.188,-83.438,6.188,-5.812,-34.688
27688346,BNO_MAG_UC,1747,-5400,0,1.188,-11.125,-86.125,6.188,-5.812,-34.688
27708226,BNO_MAG_UC,1748,-4300,0,0.812,-10.812,-83.500,6.188,-5.812,-34.688
27739589,BNO_MAG_UC,1749,-5400,0,0.500,-11.125,-84.750,6.188,-5.812,-34.688
27748524,BNO_MAG_UC,1750,-4900,0,1.125,-12.188,-85.250,6.188,-5.812,-34.688
27758507,BNO_MAG_UC,1751,-5400,0,0.188,-12.188,-84.750,6.188,-5.812,-34.688
27768705,BNO_MAG_UC,1752,-5400,0,-0.188,-10.062,-85.250,6.188,-5.812,-34.688
27788284,BNO_MAG_UC,1753,-5300,0,0.500,-11.875,-84.750,6.188,-5.812,-34.688
27799255,BNO_MAG_UC,1754,-6000,0,1.500,-12.188,-84.375,6.188,-5.812,-34.688
27828659,BNO_MAG_UC,1755,-5300,0,2.250,-12.562,-84.812,6.188,-5.812,-34.688
27838740,BNO_MAG_UC,1756,-5300,0,0.812,-11.500,-84.750,6.188,-5.812,-34.688
27848694,BNO_MAG_UC,1757,-5400,0,0.750,-13.250,-86.125,6.188,-5.812,-34.688
27868480,BNO_MAG_UC,1758,-5100,0,1.500,-11.125,-84.812,6.188,-5.812,-34.688
27879547,BNO_MAG_UC,1759,-5800,0,2.625,-11.500,-84.375,6.188,-5.812,-34.688
27888852,BNO_MAG_UC,1760,-4700,0,2.625,-11.438,-85.688,6.188,-5.812,-34.688
27909474,BNO_MAG_UC,1761,-5700,0,3.000,-10.750,-85.250,6.188,-5.812,-34.688
27919032,BNO_MAG_UC,1762,-5100,0,2.625,-11.125,-85.250,6.188,-5.812,-34.688
27928973,BNO_MAG_UC,1763,-5600,0,1.875,-12.188,-83.938,6.188,-5.812,-34.688
27949788,BNO_MAG_UC,1764,-5900,0,2.625,-11.812,-84.375,6.188,-5.812,-34.688
27959190,BNO_MAG_UC,1765,-4900,0,3.000,-12.500,-84.312,6.188,-5.812,-34.688
27988964,BNO_MAG_UC,1766,-5400,0,3.312,-13.250,-83.500,6.188,-5.812,-34.688
27998559,BNO_MAG_UC,1767,-5400,0,4.438,-12.875,-84.812,6.188,-5.812,-34.688
28009606,BNO_MAG_UC,1768,-5800,0,3.375,-11.438,-85.250,6.188,-5.812,-34.688
28029532,BNO_MAG_UC,1769,-6000,0,4.438,-12.125,-85.688,6.188,-5.812,-34.688
28038748,BNO_MAG_UC,1770,-5100,0,4.500,-10.375,-85.312,6.188,-5.812,-34.688
28049556,BNO_MAG_UC,1771,-5800,0,3.750,-10.375,-85.250,6.188,-5.812,-34.688
28069561,BNO_MAG_UC,1772,-6000,0,3.750,-12.875,-86.125,6.188,-5.812,-34.688
28078736,BNO_MAG_UC,1773,-4900,0,4.062,-11.812,-84.375,6.188,-5.812,-34.688
28089749,BNO_MAG_UC,1774,-5800,0,4.438,-11.812,-85.250,6.188,-5.812,-34.688
28109675,BNO_MAG_UC,1775,-6000,0,3.375,-11.812,-85.250,6.188,-5.812,-34.688
28119039,BNO_MAG_UC,1776,-4900,0,4.812,-10.750,-84.812,6.188,-5.812,-34.688
28130088,BNO_MAG_UC,1777,-6000,0,5.562,-11.438,-85.312,6.188,-5.812,-34.688
28150034,BNO_MAG_UC,1778,-6200,0,4.125,-11.438,-84.375,6.188,-5.812,-34.688
28159082,BNO_MAG_UC,1779,-4700,0,4.812,-11.812,-84.812,6.188,-5.812,-34.688
28170100,BNO_MAG_UC,1780,-6000,0,5.188,-12.125,-84.812,6.188,-5.812,-34.688
28189968,BNO_MAG_UC,1781,-6000,0,5.938,-11.062,-83.562,6.188,-5.812,-34.688
28199166,BNO_MAG_UC,1782,-4700,0,5.562,-11.812,-85.688,6.188,-5.812,-34.688
28210225,BNO_MAG_UC,1783,-5800,0,6.312,-12.125,-84.812,6.188,-5.812,-34.688
28230172,BNO_MAG_UC,1784,-6000,0,4.812,-10.750,-84.812,6.188,-5.812,-34.688
28239283,BNO_MAG_UC,1785,-4700,0,4.438,-12.188,-84.812,6.188,-5.812,-34.688
28250330,BNO_MAG_UC,1786,-6000,0,5.188,-11.125,-84.438,6.188,-5.812,-34.688
28270516,BNO_MAG_UC,1787,-6200,0,6.312,-11.812,-84.438,6.188,-5.812,-34.688
28279628,BNO_MAG_UC,1788,-4900,0,4.438,-12.188,-84.812,6.188,-5.812,-34.688
28310282,BNO_MAG_UC,1789,-5600,0,7.375,-12.500,-84.812,6.188,-5.812,-34.688
28319670,BNO_MAG_UC,1790,-5400,0,6.688,-11.062,-84.812,6.188,-5.812,-34.688
28350368,BNO_MAG_UC,1791,-6000,0,6.312,-12.500,-83.938,6.188,-5.812,-34.688
28359806,BNO_MAG_UC,1792,-4700,0,6.312,-12.875,-84.812,6.188,-5.812,-34.688
28369866,BNO_MAG_UC,1793,-5600,0,6.312,-12.875,-84.812,6.188,-5.812,-34.688
28400245,BNO_MAG_UC,1794,-5400,0,6.688,-12.812,-85.688,6.188,-5.812,-34.688
28410115,BNO_MAG_UC,1795,-5300,0,7.750,-13.188,-83.938,6.188,-5.812,-34.688
28420288,BNO_MAG_UC,1796,-6000,0,8.125,-12.125,-84.438,6.188,-5.812,-34.688
28439910,BNO_MAG_UC,1797,-5400,0,7.062,-12.125,-84.812,6.188,-5.812,-34.688
28450344,BNO_MAG_UC,1798,-5800,0,8.125,-11.438,-84.438,6.188,-5.812,-34.688
28480567,BNO_MAG_UC,1799,-5400,0,8.125,-11.062,-84.375,6.188,-5.812,-34.688
28490385,BNO_MAG_UC,1800,-5100,0,8.125,-11.438,-83.562,6.188,-5.812,-34.688
28520044,BNO_MAG_UC,1801,-4700,0,8.125,-11.750,-83.062,6.188,-5.812,-34.688
28560096,BNO_MAG_UC,1802,-4900,0,8.875,-11.750,-84.812,6.188,-5.812,-34.688
28591537,BNO_MAG_UC,1803,-5600,0,8.500,-11.438,-83.562,6.188,-5.812,-34.688
28600818,BNO_MAG_UC,1804,-5400,0,8.875,-12.125,-84.438,6.188,-5.812,-34.688
28610411,BNO_MAG_UC,1805,-4900,0,8.500,-11.438,-85.312,6.188,-5.812,-34.688
28639820,BNO_MAG_UC,1806,-4700,0,9.250,-12.812,-85.688,6.188,-5.812,-34.688
28650910,BNO_MAG_UC,1807,-6000,0,8.500,-12.500,-83.562,6.188,-5.812,-34.688
28660489,BNO_MAG_UC,1808,-5100,0,7.750,-12.812,-85.312,6.188,-5.812,-34.688
28679757,BNO_MAG_UC,1809,-4900,0,9.625,-12.812,-86.188,6.188,-5.812,-34.688
28691133,BNO_MAG_UC,1810,-5800,0,9.625,-11.375,-84.875,6.188,-5.812,-34.688
28720559,BNO_MAG_UC,1811,-5400,0,9.625,-11.750,-84.000,6.188,-5.812,-34.688
28730615,BNO_MAG_UC,1812,-5600,0,10.375,-11.750,-84.875,6.188,-5.812,-34.688
28740630,BNO_MAG_UC,1813,-5400,0,9.625,-12.812,-85.312,6.188,-5.812,-34.688
28760487,BNO_MAG_UC,1814,-5400,0,10.375,-12.812,-84.438,6.188,-5.812,-34.688
28770881,BNO_MAG_UC,1815,-6000,0,9.250,-12.500,-83.938,6.188,-5.812,-34.688
28801242,BNO_MAG_UC,1816,-5300,0,9.625,-11.750,-84.438,6.188,-5.812,-34.688
28810159,BNO_MAG_UC,1817,-5300,0,9.625,-11.438,-83.562,6.188,-5.812,-34.688
28821173,BNO_MAG_UC,1818,-5800,0,11.062,-13.188,-84.000,6.188,-5.812,-34.688
28840749,BNO_MAG_UC,1819,-5400,0,10.750,-10.688,-83.125,6.188,-5.812,-34.688
28850346,BNO_MAG_UC,1820,-5400,0,10.750,-12.438,-85.312,6.188,-5.812,-34.688
28861563,BNO_MAG_UC,1821,-6000,0,10.688,-12.812,-84.438,6.188,-5.812,-34.688
28881054,BNO_MAG_UC,1822,-5600,0,10.375,-12.125,-84.438,6.188,-5.812,-34.688
28890492,BNO_MAG_UC,1823,-5600,0,10.688,-12.812,-84.875,6.188,-5.812,-34.688
28901665,BNO_MAG_UC,1824,-6200,0,9.625,-11.750,-84.438,6.188,-5.812,-34.688
28921671,BNO_MAG_UC,1825,-6200,0,11.062,-12.812,-83.562,6.188,-5.812,-34.688
28931491,BNO_MAG_UC,1826,-5300,0,10.375,-12.438,-84.875,6.188,-5.812,-34.688
28961686,BNO_MAG_UC,1827,-5500,0,12.188,-12.438,-83.562,6.188,-5.812,-34.688
28970573,BNO_MAG_UC,1828,-5400,0,11.438,-11.375,-84.875,6.188,-5.812,-34.688
28981735,BNO_MAG_UC,1829,-6000,0,10.375,-11.375,-85.312,6.188,-5.812,-34.688
29001510,BNO_MAG_UC,1830,-5500,0,11.438,-12.438,-85.312,6.188,-5.812,-34.688
29010794,BNO_MAG_UC,1831,-5600,0,11.812,-12.125,-82.688,6.188,-5.812,-34.688
29022007,BNO_MAG_UC,1832,-6200,0,9.625,-12.125,-83.562,6.188,-5.812,-34.688
29041984,BNO_MAG_UC,1833,-6000,0,10.688,-11.750,-83.562,6.188,-5.812,-34.688
29051191,BNO_MAG_UC,1834,-5100,0,10.375,-12.125,-84.875,6.188,-5.812,-34.688
29062283,BNO_MAG_UC,1835,-6200,0,11.812,-12.062,-84.438,6.188,-5.812,-34.688
29082160,BNO_MAG_UC,1836,-5700,0,12.562,-11.375,-84.438,6.188,-5.812,-34.688
29091196,BNO_MAG_UC,1837,-5400,0,11.438,-12.125,-84.000,6.188,-5.812,-34.688
29102324,BNO_MAG_UC,1838,-6200,0,12.938,-10.688,-84.000,6.188,-5.812,-34.688
29122336,BNO_MAG_UC,1839,-5700,0,12.188,-11.062,-83.125,6.188,-5.812,-34.688
29131332,BNO_MAG_UC,1840,-5400,0,11.812,-11.750,-82.250,6.188,-5.812,-34.688
29162331,BNO_MAG_UC,1841,-5900,0,11.500,-10.312,-84.000,6.188,-5.812,-34.688
29171554,BNO_MAG_UC,1842,-5600,0,12.188,-10.688,-84.062,6.188,-5.812,-34.688
29202354,BNO_MAG_UC,1843,-5800,0,11.438,-11.750,-83.562,6.188,-5.812,-34.688
29211484,BNO_MAG_UC,1844,-5300,0,12.188,-11.000,-85.312,6.188,-5.812,-34.688
29242419,BNO_MAG_UC,1845,-6200,0,12.562,-12.438,-84.438,6.188,-5.812,-34.688
29251581,BNO_MAG_UC,1846,-4900,0,11.812,-11.750,-84.000,6.188,-5.812,-34.688
29261750,BNO_MAG_UC,1847,-5300,0,13.312,-12.062,-83.125,6.188,-5.812,-34.688
29291864,BNO_MAG_UC,1848,-5100,0,12.562,-11.375,-84.875,6.188,-5.812,-34.688
29301866,BNO_MAG_UC,1849,-5400,0,12.938,-10.312,-84.062,6.188,-5.812,-34.688
29331509,BNO_MAG_UC,1850,-4900,0,14.375,-12.062,-83.625,6.188,-5.812,-34.688
29362967,BNO_MAG_UC,1851,-5700,0,12.938,-12.062,-82.688,6.188,-5.812,-34.688
29372147,BNO_MAG_UC,1852,-5300,0,12.938,-11.375,-84.000,6.188,-5.812,-34.688
29381985,BNO_MAG_UC,1853,-4900,0,13.312,-12.438,-84.000,6.188,-5.812,-34.688
29412131,BNO_MAG_UC,1854,-5100,0,12.938,-11.000,-82.750,6.188,-5.812,-34.688
29422070,BNO_MAG_UC,1855,-5300,0,14.812,-11.375,-85.375,6.188,-5.812,-34.688
29451910,BNO_MAG_UC,1856,-4900,0,14.062,-11.375,-83.625,6.188,-5.812,-34.688
29483446,BNO_MAG_UC,1857,-5700,0,14.750,-11.688,-83.125,6.188,-5.812,-34.688
29492646,BNO_MAG_UC,1858,-5300,0,14.750,-11.375,-84.500,6.188,-5.812,-34.688
29502558,BNO_MAG_UC,1859,-5100,0,15.125,-12.438,-83.125,6.188,-5.812,-34.688
29512644,BNO_MAG_UC,1860,-5800,0,14.375,-12.062,-84.000,6.188,-5.812,-34.688
29532492,BNO_MAG_UC,1861,-5300,0,15.125,-12.062,-84.000,6.188,-5.812,-34.688
29542539,BNO_MAG_UC,1862,-5400,0,15.875,-12.062,-84.500,6.188,-5.812,-34.688
29552505,BNO_MAG_UC,1863,-5600,0,14.812,-11.688,-85.375,6.188,-5.812,-34.688
29572324,BNO_MAG_UC,1864,-5400,0,14.750,-11.375,-83.625,6.188,-5.812,-34.688
29582653,BNO_MAG_UC,1865,-5600,0,14.438,-11.688,-84.500,6.188,-5.812,-34.688
29592530,BNO_MAG_UC,1866,-5800,0,15.125,-11.688,-83.188,6.188,-5.812,-34.688
29613145,BNO_MAG_UC,1867,-5700,0,14.375,-12.062,-84.062,6.188,-5.812,-34.688
29622782,BNO_MAG_UC,1868,-5600,0,16.625,-12.062,-83.125,6.188,-5.812,-34.688
29632726,BNO_MAG_UC,1869,-5800,0,15.500,-12.062,-83.625,6.188,-5.812,-34.688
29652813,BNO_MAG_UC,1870,-5300,0,15.875,-12.375,-84.500,6.188,-5.812,-34.688
29662773,BNO_MAG_UC,1871,-5600,0,15.500,-12.438,-83.625,6.188,-5.812,-34.688
29672634,BNO_MAG_UC,1872,-5400,0,16.625,-12.750,-83.125,6.188,-5.812,-34.688
29692774,BNO_MAG_UC,1873,-5100,0,15.875,-12.062,-84.000,6.188,-5.812,-34.688
29702886,BNO_MAG_UC,1874,-5600,0,15.875,-12.062,-84.000,6.188,-5.812,-34.688
29712788,BNO_MAG_UC,1875,-5600,0,15.875,-11.688,-83.125,6.188,-5.812,-34.688
29732688,BNO_MAG_UC,1876,-5400,0,17.000,-11.688,-84.875,6.188,-5.812,-34.688
29743007,BNO_MAG_UC,1877,-5400,0,17.375,-11.688,-83.625,6.188,-5.812,-34.688
29752920,BNO_MAG_UC,1878,-5600,0,16.250,-12.438,-83.125,6.188,-5.812,-34.688
29772895,BNO_MAG_UC,1879,-5300,0,15.875,-11.375,-83.625,6.188,-5.812,-34.688
29783169,BNO_MAG_UC,1880,-5600,0,16.250,-11.000,-83.125,6.188,-5.812,-34.688
29793044,BNO_MAG_UC,1881,-5600,0,16.250,-11.688,-82.312,6.188,-5.812,-34.688
29813009,BNO_MAG_UC,1882,-5300,0,15.875,-12.438,-84.000,6.188,-5.812,-34.688
29822403,BNO_MAG_UC,1883,-5400,0,16.625,-12.375,-84.062,6.188,-5.812,-34.688
29833286,BNO_MAG_UC,1884,-5800,0,16.625,-12.062,-84.000,6.188,-5.812,-34.688
29853584,BNO_MAG_UC,1885,-6200,0,16.625,-11.688,-82.250,6.188,-5.812,-34.688
29862657,BNO_MAG_UC,1886,-4900,0,17.688,-12.062,-83.625,6.188,-5.812,-34.688
29873753,BNO_MAG_UC,1887,-6000,0,17.000,-11.312,-83.625,6.188,-5.812,-34.688
29893431,BNO_MAG_UC,1888,-6000,0,17.312,-11.688,-82.750,6.188,-5.812,-34.688
29902816,BNO_MAG_UC,1889,-4700,0,17.375,-11.312,-83.188,6.188,-5.812,-34.688
29913826,BNO_MAG_UC,1890,-5800,0,17.375,-11.312,-82.750,6.188,-5.812,-34.688
29933684,BNO_MAG_UC,1891,-6000,0,17.688,-11.688,-83.625,6.188,-5.812,-34.688
29942943,BNO_MAG_UC,1892,-4900,0,17.375,-10.625,-83.188,6.188,-5.812,-34.688
29953834,BNO_MAG_UC,1893,-6000,0,18.062,-11.688,-84.062,6.188,-5.812,-34.688
29973542,BNO_MAG_UC,1894,-6000,0,17.375,-11.688,-83.250,6.188,-5.812,-34.688
29982957,BNO_MAG_UC,1895,-4900,0,17.750,-11.000,-84.062,6.188,-5.812,-34.688
29993960,BNO_MAG_UC,1896,-6000,0,18.812,-11.688,-84.062,6.188,-5.812,-34.688
30014080,BNO_MAG_UC,1897,-6200,0,18.125,-10.250,-83.188,6.188,-5.812,-34.688
30023014,BNO_MAG_UC,1898,-4500,0,18.438,-10.625,-83.188,6.188,-5.812,-34.688
30034035,BNO_MAG_UC,1899,-5800,0,19.188,-12.000,-83.625,6.188,-5.812,-34.688
30053964,BNO_MAG_UC,1900,-6200,0,19.500,-12.000,-83.188,6.188,-5.812,-34.688
30063125,BNO_MAG_UC,1901,-4700,0,18.062,-11.688,-82.750,6.188,-5.812,-34.688
30094540,BNO_MAG_UC,1902,-5300,0,18.438,-11.312,-81.438,6.188,-5.812,-34.688
30103629,BNO_MAG_UC,1903,-5400,0,18.438,-12.375,-83.188,6.188,-5.812,-34.688
30134438,BNO_MAG_UC,1904,-6200,0,19.875,-12.750,-83.188,6.188,-5.812,-34.688
30143685,BNO_MAG_UC,1905,-5100,0,19.500,-10.625,-82.375,6.188,-5.812,-34.688
30153528,BNO_MAG_UC,1906,-5100,0,19.500,-10.625,-82.375,6.188,-5.812,-34.688
30163910,BNO_MAG_UC,1907,-6000,0,19.188,-10.625,-83.250,6.188,-5.812,-34.688
30183616,BNO_MAG_UC,1908,-5400,0,19.500,-11.688,-83.188,6.188,-5.812,-34.688
