t_us,tag,seq,bno_delay_us,status,qw,qx,qy,qz
209781,BNO_GRV,0,-4200,3,0.999329,-0.036560,-0.004272,-0.001099
220146,BNO_GRV,1,-4200,3,0.999329,-0.036560,-0.004578,-0.001099
229332,BNO_GRV,2,-4300,3,0.999329,-0.036438,-0.004883,-0.001099
238909,BNO_GRV,3,-4200,3,0.999329,-0.036377,-0.005005,-0.001160
249288,BNO_GRV,4,-4200,3,0.999329,-0.036377,-0.004944,-0.001221
260443,BNO_GRV,5,-4700,3,0.999329,-0.036316,-0.004761,-0.001282
269696,BNO_GRV,6,-4500,3,0.999329,-0.036255,-0.004761,-0.001343
279247,BNO_GRV,7,-4000,3,0.999329,-0.036072,-0.004761,-0.001343
289266,BNO_GRV,8,-4200,3,0.999329,-0.035889,-0.004822,-0.001343
300334,BNO_GRV,9,-4700,3,0.999329,-0.035828,-0.004822,-0.001465
309764,BNO_GRV,10,-4700,3,0.999329,-0.035889,-0.004578,-0.001587
319251,BNO_GRV,11,-4000,3,0.999329,-0.036133,-0.004395,-0.001770
329807,BNO_GRV,12,-4300,3,0.999329,-0.036316,-0.004517,-0.002014
340176,BNO_GRV,13,-4200,3,0.999329,-0.036377,-0.004761,-0.002319
349397,BNO_GRV,14,-4200,3,0.999329,-0.036377,-0.004944,-0.002625
359432,BNO_GRV,15,-4000,3,0.999329,-0.036377,-0.004700,-0.002808
370042,BNO_GRV,16,-4300,3,0.999329,-0.036316,-0.004150,-0.003052
380295,BNO_GRV,17,-4300,3,0.999329,-0.036316,-0.003540,-0.003174
389819,BNO_GRV,18,-4700,3,0.999329,-0.036255,-0.002747,-0.003113
399610,BNO_GRV,19,-4200,3,0.999329,-0.035767,-0.001221,-0.002563
409691,BNO_GRV,20,-4300,3,0.999390,-0.034790,0.000671,-0.001831
420061,BNO_GRV,21,-4000,3,0.999451,-0.033691,0.002319,-0.001038
430321,BNO_GRV,22,-4700,3,0.999451,-0.032593,0.003479,-0.000366
439709,BNO_GRV,23,-4200,3,0.999512,-0.031921,0.003967,0.000061
450118,BNO_GRV,24,-4300,3,0.999512,-0.031555,0.004089,0.000244
460322,BNO_GRV,25,-3800,3,0.999512,-0.031555,0.004028,0.000244
470027,BNO_GRV,26,-4300,3,0.999512,-0.031738,0.003967,0.000244
479710,BNO_GRV,27,-4300,3,0.999451,-0.031982,0.003906,0.000244
490059,BNO_GRV,28,-4200,3,0.999451,-0.032166,0.003845,0.000183
500208,BNO_GRV,29,-3800,3,0.999451,-0.032288,0.003723,0.000000
510267,BNO_GRV,30,-4500,3,0.999451,-0.032410,0.003479,-0.000122
519745,BNO_GRV,31,-4200,3,0.999451,-0.032471,0.003479,-0.000122
530093,BNO_GRV,32,-4300,3,0.999451,-0.032471,0.003784,-0.000061
540493,BNO_GRV,33,-4000,3,0.999451,-0.032104,0.004456,0.000122
550473,BNO_GRV,34,-4500,3,0.999512,-0.031555,0.005188,0.000366
560095,BNO_GRV,35,-4300,3,0.999512,-0.031128,0.005554,0.000427
570520,BNO_GRV,36,-4200,3,0.999512,-0.031128,0.005249,0.000305
580772,BNO_GRV,37,-4000,3,0.999512,-0.031555,0.004578,0.000000
590753,BNO_GRV,38,-4500,3,0.999451,-0.032166,0.003845,-0.000427
599926,BNO_GRV,39,-4200,3,0.999451,-0.032776,0.003235,-0.000671
610379,BNO_GRV,40,-4200,3,0.999451,-0.033203,0.002686,-0.000793
620719,BNO_GRV,41,-4000,3,0.999451,-0.033386,0.002319,-0.000854
631014,BNO_GRV,42,-4700,3,0.999451,-0.033447,0.002075,-0.000916
639988,BNO_GRV,43,-4200,3,0.999451,-0.033630,0.002075,-0.000977
650451,BNO_GRV,44,-4300,3,0.999451,-0.033691,0.002258,-0.001038
660908,BNO_GRV,45,-4200,3,0.999451,-0.033691,0.002502,-0.001099
671073,BNO_GRV,46,-4500,3,0.999451,-0.033386,0.002808,-0.001160
680095,BNO_GRV,47,-4200,3,0.999451,-0.033020,0.002991,-0.001160
690622,BNO_GRV,48,-4300,3,0.999451,-0.032593,0.003235,-0.001099
700965,BNO_GRV,49,-4300,3,0.999451,-0.032104,0.003540,-0.001038
710884,BNO_GRV,50,-4300,3,0.999512,-0.031738,0.003967,-0.001038
720385,BNO_GRV,51,-4200,3,0.999512,-0.031433,0.004395,-0.001038
730265,BNO_GRV,52,-4200,3,0.999512,-0.031128,0.004761,-0.001038
741415,BNO_GRV,53,-4700,3,0.999512,-0.030823,0.005066,-0.001099
750819,BNO_GRV,54,-4200,3,0.999512,-0.030640,0.005310,-0.001221
760160,BNO_GRV,55,-4000,3,0.999512,-0.030396,0.005493,-0.001343
770671,BNO_GRV,56,-4300,3,0.999512,-0.030212,0.005554,-0.001465
781121,BNO_GRV,57,-4000,3,0.999512,-0.030151,0.005432,-0.001587
791277,BNO_GRV,58,-4500,3,0.999512,-0.030212,0.005310,-0.001770
800466,BNO_GRV,59,-4200,3,0.999512,-0.030334,0.005127,-0.001892
811055,BNO_GRV,60,-4300,3,0.999512,-0.030457,0.004883,-0.002014
821477,BNO_GRV,61,-4300,3,0.999512,-0.030518,0.004700,-0.002075
830776,BNO_GRV,62,-4000,3,0.999512,-0.030518,0.004517,-0.002136
840415,BNO_GRV,63,-4000,3,0.999512,-0.030457,0.004456,-0.002136
850990,BNO_GRV,64,-4300,3,0.999512,-0.030212,0.004578,-0.002136
861572,BNO_GRV,65,-4500,3,0.999512,-0.029968,0.004822,-0.002075
870825,BNO_GRV,66,-3800,3,0.999573,-0.029724,0.005066,-0.001953
880308,BNO_GRV,67,-4000,3,0.999573,-0.029541,0.005249,-0.001892
890826,BNO_GRV,68,-4300,3,0.999573,-0.029358,0.005371,-0.001770
901366,BNO_GRV,69,-4300,3,0.999573,-0.029236,0.005371,-0.001709
911410,BNO_GRV,70,-4300,3,0.999573,-0.029114,0.005188,-0.001709
920916,BNO_GRV,71,-4300,3,0.999573,-0.029053,0.005066,-0.001770
930577,BNO_GRV,72,-4200,3,0.999573,-0.028992,0.004944,-0.001770
941142,BNO_GRV,73,-4700,3,0.999573,-0.028870,0.004944,-0.001892
951356,BNO_GRV,74,-4300,3,0.999573,-0.028870,0.005066,-0.001953
960486,BNO_GRV,75,-4000,3,0.999573,-0.028931,0.005066,-0.002014
971322,BNO_GRV,76,-4300,3,0.999573,-0.028870,0.005005,-0.002075
982010,BNO_GRV,77,-4700,3,0.999573,-0.028687,0.004944,-0.002136
991417,BNO_GRV,78,-4000,3,0.999573,-0.028564,0.004883,-0.002075
1000308,BNO_GRV,79,-3800,3,0.999573,-0.028381,0.004822,-0.002014
1011108,BNO_GRV,80,-4300,3,0.999573,-0.028198,0.004761,-0.001953
1022119,BNO_GRV,81,-4900,3,0.999573,-0.028076,0.004761,-0.001892
1031599,BNO_GRV,82,-4000,3,0.999573,-0.027954,0.004822,-0.001831
1040410,BNO_GRV,83,-3800,3,0.999573,-0.027771,0.004944,-0.001709
1051252,BNO_GRV,84,-4500,3,0.999634,-0.027649,0.005127,-0.001587
1061483,BNO_GRV,85,-4500,3,0.999634,-0.027527,0.005249,-0.001526
1071892,BNO_GRV,86,-4900,3,0.999634,-0.027405,0.005310,-0.001465
1081065,BNO_GRV,87,-4300,3,0.999634,-0.027100,0.005310,-0.001465
1091977,BNO_GRV,88,-4500,3,0.999634,-0.026672,0.005249,-0.001404
1101474,BNO_GRV,89,-4900,3,0.999634,-0.026367,0.005188,-0.001343
1111718,BNO_GRV,90,-4500,3,0.999634,-0.026306,0.005249,-0.001343
1121212,BNO_GRV,91,-4500,3,0.999634,-0.026428,0.005493,-0.001343
1131350,BNO_GRV,92,-4700,3,0.999634,-0.026611,0.005859,-0.001343
1141607,BNO_GRV,93,-4900,3,0.999634,-0.026855,0.006226,-0.001343
1151728,BNO_GRV,94,-4500,3,0.999634,-0.026978,0.006531,-0.001404
1161193,BNO_GRV,95,-4300,3,0.999634,-0.027161,0.006836,-0.001404
1172126,BNO_GRV,96,-4700,3,0.999573,-0.027283,0.007141,-0.001404
1181908,BNO_GRV,97,-5100,3,0.999573,-0.027283,0.007507,-0.001404
1192373,BNO_GRV,98,-4900,3,0.999573,-0.027222,0.007874,-0.001465
1201315,BNO_GRV,99,-4300,3,0.999573,-0.027100,0.008179,-0.001526
1212148,BNO_GRV,100,-4500,3,0.999573,-0.027039,0.008484,-0.001587
1221410,BNO_GRV,101,-4500,3,0.999573,-0.026855,0.008850,-0.001648
1232045,BNO_GRV,102,-4500,3,0.999573,-0.026672,0.009277,-0.001770
1241139,BNO_GRV,103,-4200,3,0.999573,-0.026489,0.009705,-0.001892
1251492,BNO_GRV,104,-4500,3,0.999573,-0.026367,0.010193,-0.002014
1262324,BNO_GRV,105,-4900,3,0.999573,-0.026306,0.010803,-0.002197
1272083,BNO_GRV,106,-4200,3,0.999573,-0.026245,0.011414,-0.002319
1281564,BNO_GRV,107,-4300,3,0.999573,-0.026123,0.012146,-0.002441
1291329,BNO_GRV,108,-4300,3,0.999573,-0.026001,0.012878,-0.002563
1301729,BNO_GRV,109,-4300,3,0.999573,-0.025879,0.013611,-0.002686
1311860,BNO_GRV,110,-4200,3,0.999573,-0.025757,0.014343,-0.002869
1321013,BNO_GRV,111,-3800,3,0.999573,-0.025513,0.015076,-0.002930
1332157,BNO_GRV,112,-4300,3,0.999573,-0.025269,0.015808,-0.002991
1341407,BNO_GRV,113,-4200,3,0.999573,-0.025024,0.016541,-0.003052
1352406,BNO_GRV,114,-4700,3,0.999512,-0.024719,0.017212,-0.003174
1361647,BNO_GRV,115,-4300,3,0.999512,-0.024536,0.017822,-0.003235
1371432,BNO_GRV,116,-4200,3,0.999512,-0.024414,0.018555,-0.003357
1381861,BNO_GRV,117,-4500,3,0.999512,-0.024414,0.019226,-0.003418
1391936,BNO_GRV,118,-4000,3,0.999512,-0.024475,0.019958,-0.003540
1401934,BNO_GRV,119,-4500,3,0.999451,-0.024536,0.020813,-0.003601
1411646,BNO_GRV,120,-4300,3,0.999451,-0.024475,0.021729,-0.003723
1421927,BNO_GRV,121,-4300,3,0.999451,-0.024475,0.022644,-0.003784
1432240,BNO_GRV,122,-4000,3,0.999390,-0.024414,0.023560,-0.003845
1442359,BNO_GRV,123,-4500,3,0.999390,-0.024353,0.024475,-0.003906
1451795,BNO_GRV,124,-4300,3,0.999390,-0.024292,0.025269,-0.003967
1462253,BNO_GRV,125,-4300,3,0.999390,-0.024109,0.026123,-0.004028
1472164,BNO_GRV,126,-3800,3,0.999329,-0.023926,0.026794,-0.004089
1482278,BNO_GRV,127,-4500,3,0.999329,-0.023743,0.027283,-0.004211
1491655,BNO_GRV,128,-4200,3,0.999329,-0.023682,0.027710,-0.004272
1502301,BNO_GRV,129,-4300,3,0.999329,-0.023743,0.028076,-0.004395
1512327,BNO_GRV,130,-4000,3,0.999329,-0.023865,0.028442,-0.004517
1522448,BNO_GRV,131,-4500,3,0.999268,-0.023987,0.028870,-0.004578
1532002,BNO_GRV,132,-4200,3,0.999268,-0.023926,0.029297,-0.004639
1542257,BNO_GRV,133,-4300,3,0.999268,-0.023743,0.029602,-0.004700
1552406,BNO_GRV,134,-4200,3,0.999268,-0.023621,0.029846,-0.004700
1562427,BNO_GRV,135,-4300,3,0.999268,-0.023499,0.030151,-0.004639
1572016,BNO_GRV,136,-4300,3,0.999268,-0.023376,0.030457,-0.004639
1582711,BNO_GRV,137,-4500,3,0.999268,-0.023376,0.030884,-0.004639
1592613,BNO_GRV,138,-4000,3,0.999207,-0.023376,0.031250,-0.004578
1602691,BNO_GRV,139,-4300,3,0.999207,-0.023438,0.031555,-0.004639
1611964,BNO_GRV,140,-4200,3,0.999207,-0.023499,0.031555,-0.004700
1622567,BNO_GRV,141,-4300,3,0.999207,-0.023560,0.031311,-0.004822
1632615,BNO_GRV,142,-3800,3,0.999207,-0.023560,0.031067,-0.004944
1642730,BNO_GRV,143,-4500,3,0.999207,-0.023499,0.030823,-0.005066
1652154,BNO_GRV,144,-4300,3,0.999268,-0.023438,0.030701,-0.005127
1662639,BNO_GRV,145,-4200,3,0.999268,-0.023254,0.030762,-0.005127
1672724,BNO_GRV,146,-3800,3,0.999268,-0.023132,0.030945,-0.005127
1682768,BNO_GRV,147,-4500,3,0.999207,-0.023071,0.031372,-0.005066
1692166,BNO_GRV,148,-4200,3,0.999207,-0.023132,0.031799,-0.005066
1702830,BNO_GRV,149,-4300,3,0.999207,-0.023193,0.032227,-0.005066
1712833,BNO_GRV,150,-3800,3,0.999207,-0.023315,0.032593,-0.005127
1723030,BNO_GRV,151,-4500,3,0.999146,-0.023315,0.032898,-0.005249
1732387,BNO_GRV,152,-4200,3,0.999146,-0.023315,0.033081,-0.005310
1742885,BNO_GRV,153,-4200,3,0.999146,-0.023438,0.033325,-0.005432
1752867,BNO_GRV,154,-3600,3,0.999146,-0.023621,0.033630,-0.005493
1763031,BNO_GRV,155,-4500,3,0.999146,-0.023621,0.034241,-0.005554
1772256,BNO_GRV,156,-4300,3,0.999084,-0.023621,0.034973,-0.005554
1782956,BNO_GRV,157,-4300,3,0.999084,-0.023499,0.035828,-0.005615
1793396,BNO_GRV,158,-4200,3,0.999023,-0.023254,0.036804,-0.005615
1802762,BNO_GRV,159,-4200,3,0.999023,-0.023071,0.037842,-0.005676
1812439,BNO_GRV,160,-4200,3,0.998962,-0.022949,0.038879,-0.005737
1823284,BNO_GRV,161,-4500,3,0.998901,-0.022827,0.039978,-0.005859
1833318,BNO_GRV,162,-3800,3,0.998901,-0.022888,0.040955,-0.005981
1843372,BNO_GRV,163,-4500,3,0.998840,-0.022949,0.042175,-0.006104
1852470,BNO_GRV,164,-4200,3,0.998779,-0.022949,0.043335,-0.006226
1863017,BNO_GRV,165,-4300,3,0.998718,-0.023010,0.044922,-0.006287
1873601,BNO_GRV,166,-4500,3,0.998657,-0.023010,0.046448,-0.006409
1883171,BNO_GRV,167,-4300,3,0.998535,-0.022949,0.047974,-0.006409
1892677,BNO_GRV,168,-4300,3,0.998474,-0.022766,0.049377,-0.006348
1903438,BNO_GRV,169,-4300,3,0.998413,-0.022583,0.050781,-0.006226
1913835,BNO_GRV,170,-4300,3,0.998352,-0.022339,0.052002,-0.006104
1923343,BNO_GRV,171,-4300,3,0.998291,-0.022217,0.053162,-0.005981
1932902,BNO_GRV,172,-4300,3,0.998291,-0.022095,0.054321,-0.005920
1942582,BNO_GRV,173,-4200,3,0.998230,-0.021973,0.055481,-0.005920
1953432,BNO_GRV,174,-4500,3,0.998169,-0.021851,0.056580,-0.005981
1963635,BNO_GRV,175,-4700,3,0.998108,-0.021851,0.057678,-0.006104
1972754,BNO_GRV,176,-4300,3,0.998047,-0.021851,0.058533,-0.006226
1983408,BNO_GRV,177,-4300,3,0.997986,-0.021851,0.059448,-0.006348
1993022,BNO_GRV,178,-4500,3,0.997925,-0.021790,0.060120,-0.006409
2003283,BNO_GRV,179,-4200,3,0.997864,-0.021790,0.060791,-0.006470
2012653,BNO_GRV,180,-4200,3,0.997864,-0.021790,0.061462,-0.006531
2023502,BNO_GRV,181,-4300,3,0.997803,-0.021790,0.062134,-0.006531
2034021,BNO_GRV,182,-4500,3,0.997742,-0.021729,0.062805,-0.006531
2043434,BNO_GRV,183,-4000,3,0.997742,-0.021729,0.063477,-0.006531
2052729,BNO_GRV,184,-4000,3,0.997681,-0.021851,0.064148,-0.006531
2063436,BNO_GRV,185,-4300,3,0.997620,-0.022034,0.064880,-0.006592
2074073,BNO_GRV,186,-4300,3,0.997559,-0.022278,0.065613,-0.006592
2083540,BNO_GRV,187,-4000,3,0.997498,-0.022400,0.066406,-0.006653
2092271,BNO_GRV,188,-3600,3,0.997437,-0.022400,0.067261,-0.006714
2103184,BNO_GRV,189,-4300,3,0.997375,-0.022339,0.068176,-0.006714
2113309,BNO_GRV,190,-4500,3,0.997314,-0.022217,0.069031,-0.006714
2123535,BNO_GRV,191,-4500,3,0.997314,-0.022156,0.069824,-0.006714
2132919,BNO_GRV,192,-4000,3,0.997253,-0.022217,0.070557,-0.006714
2143690,BNO_GRV,193,-4300,3,0.997192,-0.022278,0.071411,-0.006653
2154251,BNO_GRV,194,-4500,3,0.997131,-0.022400,0.072266,-0.006653
2163818,BNO_GRV,195,-3800,3,0.997070,-0.022644,0.073059,-0.006714
2173272,BNO_GRV,196,-4300,3,0.997009,-0.022949,0.073853,-0.006714
2184056,BNO_GRV,197,-4500,3,0.996948,-0.023254,0.074585,-0.006775
2194663,BNO_GRV,198,-4700,3,0.996887,-0.023438,0.075317,-0.006836
2204298,BNO_GRV,199,-4200,3,0.996826,-0.023560,0.076050,-0.006958
2213957,BNO_GRV,200,-4300,3,0.996765,-0.023682,0.076843,-0.007019
2223494,BNO_GRV,201,-4300,3,0.996704,-0.023743,0.077576,-0.007080
2233391,BNO_GRV,202,-4200,3,0.996582,-0.023804,0.078552,-0.007141
2243894,BNO_GRV,203,-4300,3,0.996521,-0.023743,0.079468,-0.007202
2252794,BNO_GRV,204,-3600,3,0.996460,-0.023743,0.080444,-0.007263
2263779,BNO_GRV,205,-4300,3,0.996338,-0.023743,0.081543,-0.007324
2273529,BNO_GRV,206,-4300,3,0.996277,-0.023804,0.082520,-0.007385
2283872,BNO_GRV,207,-4300,3,0.996216,-0.023987,0.083374,-0.007507
2293158,BNO_GRV,208,-3800,3,0.996155,-0.024170,0.084106,-0.007629
2303996,BNO_GRV,209,-4500,3,0.996094,-0.024353,0.084900,-0.007751
2313565,BNO_GRV,210,-4300,3,0.995972,-0.024414,0.085754,-0.007874
2324199,BNO_GRV,211,-4500,3,0.995911,-0.024414,0.086670,-0.007935
2333572,BNO_GRV,212,-4500,3,0.995911,-0.024231,0.086853,-0.008057
2343758,BNO_GRV,213,-4500,3,0.995850,-0.024109,0.087280,-0.008179
2353782,BNO_GRV,214,-4500,3,0.995789,-0.023926,0.087891,-0.008301
2364223,BNO_GRV,215,-4500,3,0.995728,-0.023804,0.088501,-0.008423
2373685,BNO_GRV,216,-4300,3,0.995667,-0.023743,0.089233,-0.008545
2383894,BNO_GRV,217,-4500,3,0.995605,-0.023682,0.090088,-0.008728
2394770,BNO_GRV,218,-4900,3,0.995544,-0.023743,0.090942,-0.008850
2404470,BNO_GRV,219,-4200,3,0.995483,-0.023865,0.091675,-0.008972
2413935,BNO_GRV,220,-4500,3,0.995422,-0.023987,0.092407,-0.009094
2423780,BNO_GRV,221,-4500,3,0.995300,-0.024170,0.093262,-0.009216
2433831,BNO_GRV,222,-4300,3,0.995239,-0.024231,0.094177,-0.009338
2444832,BNO_GRV,223,-4900,3,0.995117,-0.024170,0.094971,-0.009399
2454385,BNO_GRV,224,-4700,3,0.995056,-0.024109,0.095581,-0.009460
2463947,BNO_GRV,225,-4300,3,0.994995,-0.024170,0.096191,-0.009521
2473814,BNO_GRV,226,-4200,3,0.994934,-0.024353,0.096802,-0.009583
2484436,BNO_GRV,227,-4300,3,0.994873,-0.024475,0.097412,-0.009644
2493946,BNO_GRV,228,-4300,3,0.994812,-0.024597,0.098083,-0.009766
2503952,BNO_GRV,229,-4300,3,0.994751,-0.024780,0.098755,-0.009827
2514250,BNO_GRV,230,-4300,3,0.994690,-0.024902,0.099548,-0.009888
2525063,BNO_GRV,231,-4500,3,0.994568,-0.025024,0.100342,-0.009888
2534366,BNO_GRV,232,-4500,3,0.994507,-0.025085,0.101196,-0.009949
2544064,BNO_GRV,233,-4300,3,0.994446,-0.025085,0.102051,-0.009949
2554433,BNO_GRV,234,-4300,3,0.994324,-0.025024,0.102905,-0.009949
2565005,BNO_GRV,235,-4500,3,0.994263,-0.024963,0.103699,-0.010010
2574446,BNO_GRV,236,-4700,3,0.994202,-0.024902,0.104370,-0.010010
2584029,BNO_GRV,237,-4200,3,0.994080,-0.024902,0.105103,-0.010071
2594453,BNO_GRV,238,-4500,3,0.994019,-0.024963,0.105835,-0.010071
2604482,BNO_GRV,239,-4000,3,0.993896,-0.024963,0.106689,-0.010132
2614590,BNO_GRV,240,-4500,3,0.993835,-0.024963,0.107727,-0.010132
2624115,BNO_GRV,241,-4300,3,0.993713,-0.024902,0.108765,-0.010132
2634704,BNO_GRV,242,-4300,3,0.993591,-0.024780,0.109985,-0.010132
2644704,BNO_GRV,243,-3800,3,0.993469,-0.024658,0.110901,-0.010071
2654741,BNO_GRV,244,-4500,3,0.993347,-0.024658,0.111816,-0.010071
2664216,BNO_GRV,245,-4300,3,0.993286,-0.024658,0.112671,-0.010132
2674929,BNO_GRV,246,-4500,3,0.993164,-0.024719,0.113464,-0.010193
2684852,BNO_GRV,247,-3800,3,0.993103,-0.024841,0.114258,-0.010254
2694915,BNO_GRV,248,-4500,3,0.992981,-0.024963,0.115112,-0.010315
2704375,BNO_GRV,249,-4300,3,0.992859,-0.025024,0.115967,-0.010376
2715031,BNO_GRV,250,-4300,3,0.992798,-0.025085,0.116882,-0.010437
2724991,BNO_GRV,251,-3800,3,0.992676,-0.025085,0.117737,-0.010437
2735093,BNO_GRV,252,-4500,3,0.992554,-0.025024,0.118652,-0.010498
2744390,BNO_GRV,253,-4300,3,0.992493,-0.024902,0.119507,-0.010498
2755024,BNO_GRV,254,-4300,3,0.992371,-0.024841,0.120483,-0.010498
2765160,BNO_GRV,255,-3800,3,0.992249,-0.024780,0.121338,-0.010559
2775263,BNO_GRV,256,-4500,3,0.992126,-0.024902,0.122437,-0.010559
2784877,BNO_GRV,257,-4500,3,0.992004,-0.024963,0.123413,-0.010620
2795307,BNO_GRV,258,-4500,3,0.991882,-0.024963,0.124023,-0.010620
2805339,BNO_GRV,259,-4200,3,0.991821,-0.025024,0.124878,-0.010681
2815444,BNO_GRV,260,-4500,3,0.991699,-0.025024,0.125916,-0.010681
2824799,BNO_GRV,261,-4500,3,0.991577,-0.025085,0.126770,-0.010681
2834697,BNO_GRV,262,-4500,3,0.991455,-0.025024,0.127686,-0.010742
2845349,BNO_GRV,263,-4500,3,0.991333,-0.025024,0.128540,-0.010681
2855466,BNO_GRV,264,-4500,3,0.991211,-0.025085,0.129333,-0.010620
2864868,BNO_GRV,265,-4500,3,0.991150,-0.025085,0.129883,-0.010498
2875678,BNO_GRV,266,-4500,3,0.991089,-0.025024,0.130615,-0.010376
2885698,BNO_GRV,267,-4200,3,0.990967,-0.025085,0.131348,-0.010254
2895401,BNO_GRV,268,-4300,3,0.990845,-0.025146,0.132141,-0.010132
2905110,BNO_GRV,269,-4300,3,0.990723,-0.025269,0.132996,-0.010071
2914981,BNO_GRV,270,-4700,3,0.990662,-0.025391,0.133789,-0.010071
2925818,BNO_GRV,271,-4900,3,0.990540,-0.025452,0.134705,-0.010071
2935531,BNO_GRV,272,-4500,3,0.990356,-0.025452,0.135620,-0.010010
2945208,BNO_GRV,273,-4300,3,0.990234,-0.025452,0.136597,-0.010010
2955019,BNO_GRV,274,-4500,3,0.990112,-0.025635,0.137573,-0.010010
2965744,BNO_GRV,275,-4900,3,0.989990,-0.025818,0.138489,-0.010010
2975393,BNO_GRV,276,-4300,3,0.989807,-0.026062,0.139526,-0.009949
2985126,BNO_GRV,277,-4300,3,0.989685,-0.026184,0.140625,-0.009949
2994756,BNO_GRV,278,-4200,3,0.989502,-0.026062,0.141846,-0.009949
3005588,BNO_GRV,279,-4500,3,0.989319,-0.025818,0.143066,-0.009888
3016051,BNO_GRV,280,-4900,3,0.989136,-0.025635,0.144409,-0.009827
3025360,BNO_GRV,281,-4200,3,0.988953,-0.025574,0.145691,-0.009827
3034956,BNO_GRV,282,-4300,3,0.988770,-0.025452,0.146912,-0.009827
3045276,BNO_GRV,283,-4500,3,0.988586,-0.025391,0.148254,-0.009827
3055416,BNO_GRV,284,-4200,3,0.988342,-0.025513,0.149597,-0.009827
3064457,BNO_GRV,285,-3800,3,0.988159,-0.025696,0.150940,-0.009888
3075275,BNO_GRV,286,-4300,3,0.987976,-0.025879,0.152222,-0.009888
3086181,BNO_GRV,287,-4900,3,0.987732,-0.026062,0.153442,-0.009827
3095644,BNO_GRV,288,-4000,3,0.987549,-0.026306,0.154602,-0.009827
3105441,BNO_GRV,289,-4300,3,0.987366,-0.026611,0.155762,-0.009766
3115223,BNO_GRV,290,-4300,3,0.987183,-0.026917,0.156860,-0.009705
3125389,BNO_GRV,291,-4500,3,0.987000,-0.027039,0.157959,-0.009644
3135558,BNO_GRV,292,-4200,3,0.986816,-0.027039,0.159241,-0.009521
3144933,BNO_GRV,293,-4200,3,0.986572,-0.026978,0.160645,-0.009460
3155776,BNO_GRV,294,-4300,3,0.986389,-0.026855,0.162109,-0.009399
3166497,BNO_GRV,295,-4500,3,0.986145,-0.026611,0.163635,-0.009338
3175825,BNO_GRV,296,-4000,3,0.985901,-0.026489,0.165039,-0.009399
3184575,BNO_GRV,297,-3600,3,0.985657,-0.026428,0.166443,-0.009460
3195633,BNO_GRV,298,-4300,3,0.985413,-0.026489,0.167847,-0.009521
3205646,BNO_GRV,299,-4700,3,0.985168,-0.026489,0.169128,-0.009644
3215719,BNO_GRV,300,-4300,3,0.984985,-0.026428,0.170349,-0.009705
3225091,BNO_GRV,301,-4200,3,0.984802,-0.026367,0.171509,-0.009766
3235648,BNO_GRV,302,-4300,3,0.984558,-0.026245,0.172668,-0.009827
3246211,BNO_GRV,303,-4700,3,0.984375,-0.026062,0.173767,-0.009888
3255759,BNO_GRV,304,-3600,3,0.984192,-0.026001,0.174805,-0.009888
3265173,BNO_GRV,305,-4200,3,0.984009,-0.026001,0.175903,-0.009888
3275870,BNO_GRV,306,-4500,3,0.983826,-0.026001,0.177002,-0.009888
3286778,BNO_GRV,307,-4700,3,0.983582,-0.026001,0.178162,-0.009949
3296185,BNO_GRV,308,-3800,3,0.983398,-0.026123,0.179260,-0.010010
3305160,BNO_GRV,309,-4000,3,0.983215,-0.026245,0.180298,-0.010132
3315989,BNO_GRV,310,-4500,3,0.983032,-0.026245,0.181396,-0.010193
3326421,BNO_GRV,311,-4700,3,0.982788,-0.026245,0.182495,-0.010315
3335973,BNO_GRV,312,-3600,3,0.982605,-0.026245,0.183533,-0.010376
3345543,BNO_GRV,313,-4200,3,0.982422,-0.026245,0.184570,-0.010376
3356296,BNO_GRV,314,-4300,3,0.982178,-0.026245,0.185669,-0.010437
3365626,BNO_GRV,315,-4300,3,0.981995,-0.026306,0.186707,-0.010437
3376081,BNO_GRV,316,-4200,3,0.981812,-0.026306,0.187744,-0.010437
3385176,BNO_GRV,317,-3800,3,0.981628,-0.026245,0.188843,-0.010498
3396293,BNO_GRV,318,-4300,3,0.981384,-0.026184,0.190002,-0.010620
3405883,BNO_GRV,319,-4300,3,0.981140,-0.026245,0.191101,-0.010681
3416276,BNO_GRV,320,-4300,3,0.980957,-0.026245,0.192139,-0.010803
3425327,BNO_GRV,321,-3800,3,0.980774,-0.026184,0.193115,-0.010864
3436376,BNO_GRV,322,-4300,3,0.980591,-0.026184,0.194092,-0.010986
3446042,BNO_GRV,323,-4300,3,0.980408,-0.026184,0.194946,-0.011047
3456476,BNO_GRV,324,-4500,3,0.980225,-0.026123,0.195801,-0.011108
3465836,BNO_GRV,325,-4300,3,0.980103,-0.026062,0.196594,-0.011047
3476622,BNO_GRV,326,-4300,3,0.979919,-0.025940,0.197449,-0.011047
3486078,BNO_GRV,327,-4300,3,0.979797,-0.025879,0.198181,-0.010986
3496340,BNO_GRV,328,-4300,3,0.979614,-0.025818,0.198914,-0.010986
3506445,BNO_GRV,329,-4500,3,0.979431,-0.025696,0.199768,-0.010986
3516025,BNO_GRV,330,-4300,3,0.979248,-0.025513,0.200684,-0.010986
3526345,BNO_GRV,331,-4300,3,0.979065,-0.025269,0.201843,-0.010986
3536505,BNO_GRV,332,-4000,3,0.978821,-0.025085,0.202942,-0.010986
3546154,BNO_GRV,333,-4500,3,0.978577,-0.024963,0.204163,-0.010986
3555880,BNO_GRV,334,-4200,3,0.978271,-0.024841,0.205383,-0.010925
3566332,BNO_GRV,335,-4500,3,0.978027,-0.024719,0.206665,-0.010864
3576642,BNO_GRV,336,-4200,3,0.977783,-0.024536,0.207886,-0.010803
3586868,BNO_GRV,337,-4500,3,0.977539,-0.024353,0.209167,-0.010742
3596227,BNO_GRV,338,-4200,3,0.977234,-0.024170,0.210388,-0.010681
3606686,BNO_GRV,339,-4500,3,0.976990,-0.024048,0.211670,-0.010620
3616648,BNO_GRV,340,-4200,3,0.976746,-0.023926,0.212891,-0.010559
3626751,BNO_GRV,341,-4500,3,0.976440,-0.023682,0.214233,-0.010498
3636253,BNO_GRV,342,-4300,3,0.976135,-0.023376,0.215576,-0.010559
3646715,BNO_GRV,343,-4500,3,0.975830,-0.023132,0.216919,-0.010559
3656648,BNO_GRV,344,-3800,3,0.975525,-0.023010,0.218323,-0.010559
3666798,BNO_GRV,345,-4500,3,0.975220,-0.022949,0.219788,-0.010559
3676505,BNO_GRV,346,-4500,3,0.974915,-0.022888,0.221252,-0.010498
3686950,BNO_GRV,347,-4500,3,0.974548,-0.022949,0.222839,-0.010437
3696854,BNO_GRV,348,-4000,3,0.974182,-0.023010,0.224304,-0.010498
3707039,BNO_GRV,349,-4700,3,0.973816,-0.023010,0.225891,-0.010559
3716384,BNO_GRV,350,-4200,3,0.973511,-0.022949,0.227295,-0.010559
3727050,BNO_GRV,351,-4300,3,0.973145,-0.022888,0.228699,-0.010559
3736882,BNO_GRV,352,-3800,3,0.972900,-0.022949,0.229736,-0.010620
3746945,BNO_GRV,353,-4300,3,0.972717,-0.023132,0.230591,-0.010681
3756427,BNO_GRV,354,-4200,3,0.972595,-0.023315,0.231140,-0.010803
3767145,BNO_GRV,355,-4500,3,0.972473,-0.023621,0.231628,-0.010925
3777102,BNO_GRV,356,-4200,3,0.972290,-0.023865,0.232178,-0.011047
3787171,BNO_GRV,357,-4300,3,0.972168,-0.024231,0.232788,-0.011169
3796703,BNO_GRV,358,-4300,3,0.971985,-0.024597,0.233459,-0.011292
3807296,BNO_GRV,359,-4300,3,0.971802,-0.025024,0.234253,-0.011353
3817075,BNO_GRV,360,-3600,3,0.971558,-0.025330,0.235046,-0.011414
3827241,BNO_GRV,361,-4300,3,0.971313,-0.025513,0.236145,-0.011475
3836572,BNO_GRV,362,-4200,3,0.971008,-0.025574,0.237305,-0.011414
3847052,BNO_GRV,363,-4300,3,0.970703,-0.025574,0.238647,-0.011414
3857332,BNO_GRV,364,-4000,3,0.970398,-0.025513,0.239929,-0.011353
3867680,BNO_GRV,365,-4700,3,0.970093,-0.025330,0.241211,-0.011292
3876725,BNO_GRV,366,-4200,3,0.969788,-0.025208,0.242493,-0.011292
3887412,BNO_GRV,367,-4300,3,0.969421,-0.025146,0.243896,-0.011292
3897869,BNO_GRV,368,-4300,3,0.969116,-0.025208,0.245178,-0.011292
3907196,BNO_GRV,369,-4300,3,0.968811,-0.025391,0.246338,-0.011353
3916884,BNO_GRV,370,-4300,3,0.968506,-0.025696,0.247437,-0.011414
3927639,BNO_GRV,371,-4500,3,0.968201,-0.025879,0.248596,-0.011414
3937362,BNO_GRV,372,-3800,3,0.967957,-0.026062,0.249512,-0.011414
3947655,BNO_GRV,373,-4700,3,0.967712,-0.026184,0.250427,-0.011414
3957018,BNO_GRV,374,-4200,3,0.967468,-0.026367,0.251343,-0.011353
3966782,BNO_GRV,375,-4200,3,0.967224,-0.026367,0.252258,-0.011353
3977729,BNO_GRV,376,-4700,3,0.966980,-0.026367,0.253235,-0.011292
3987838,BNO_GRV,377,-4500,3,0.966736,-0.026367,0.254272,-0.011292
3997034,BNO_GRV,378,-4200,3,0.966431,-0.026428,0.255249,-0.011292
4007788,BNO_GRV,379,-4500,3,0.966125,-0.026489,0.256348,-0.011292
4018365,BNO_GRV,380,-4500,3,0.965820,-0.026550,0.257507,-0.011353
4027844,BNO_GRV,381,-4500,3,0.965515,-0.026611,0.258667,-0.011353
4037276,BNO_GRV,382,-4200,3,0.965210,-0.026611,0.259949,-0.011292
4047027,BNO_GRV,383,-4300,3,0.964844,-0.026611,0.261230,-0.011292
4057912,BNO_GRV,384,-4500,3,0.964478,-0.026611,0.262512,-0.011292
4068293,BNO_GRV,385,-4700,3,0.964172,-0.026733,0.263672,-0.011353
4077425,BNO_GRV,386,-4200,3,0.963867,-0.026917,0.264709,-0.011353
4087201,BNO_GRV,387,-4300,3,0.963623,-0.027100,0.265625,-0.011353
4097619,BNO_GRV,388,-4500,3,0.963379,-0.027222,0.266479,-0.011414
4108112,BNO_GRV,389,-4700,3,0.963135,-0.027283,0.267395,-0.011414
4117127,BNO_GRV,390,-4300,3,0.962891,-0.027405,0.268372,-0.011414
4127875,BNO_GRV,391,-4500,3,0.962524,-0.027466,0.269531,-0.011414
4138636,BNO_GRV,392,-4700,3,0.962219,-0.027527,0.270752,-0.011414
4148136,BNO_GRV,393,-4300,3,0.961853,-0.027527,0.271912,-0.011536
4157715,BNO_GRV,394,-4300,3,0.961487,-0.027405,0.273193,-0.011597
4167356,BNO_GRV,395,-4300,3,0.961182,-0.027222,0.274414,-0.011658
4178356,BNO_GRV,396,-4900,3,0.960815,-0.026978,0.275635,-0.011658
4188101,BNO_GRV,397,-4300,3,0.960693,-0.026733,0.276001,-0.011719
4197497,BNO_GRV,398,-4300,3,0.960571,-0.026489,0.276428,-0.011658
4207580,BNO_GRV,399,-4500,3,0.960510,-0.026367,0.276794,-0.011719
4217905,BNO_GRV,400,-4700,3,0.960449,-0.026306,0.277039,-0.011719
4227858,BNO_GRV,401,-4500,3,0.960388,-0.026306,0.277222,-0.011719
4236901,BNO_GRV,402,-3600,3,0.960327,-0.026306,0.277466,-0.011780
4247830,BNO_GRV,403,-4500,3,0.960205,-0.026306,0.277771,-0.011902
4258847,BNO_GRV,404,-5100,3,0.960022,-0.026306,0.278381,-0.012024
4268604,BNO_GRV,405,-4300,3,0.959839,-0.026367,0.278992,-0.012085
4277827,BNO_GRV,406,-4300,3,0.959656,-0.026428,0.279541,-0.012146
4287747,BNO_GRV,407,-4500,3,0.959534,-0.026489,0.280151,-0.012207
4298528,BNO_GRV,408,-4700,3,0.959290,-0.026489,0.280823,-0.012268
4308435,BNO_GRV,409,-4200,3,0.959106,-0.026550,0.281494,-0.012268
4317921,BNO_GRV,410,-4700,3,0.958923,-0.026611,0.282104,-0.012268
4327814,BNO_GRV,411,-4500,3,0.958740,-0.026672,0.282776,-0.012268
4337848,BNO_GRV,412,-4500,3,0.958496,-0.026672,0.283508,-0.012329
4348213,BNO_GRV,413,-4500,3,0.958252,-0.026794,0.284363,-0.012390
4357240,BNO_GRV,414,-3800,3,0.958008,-0.026855,0.285278,-0.012390
4368369,BNO_GRV,415,-4300,3,0.957642,-0.026978,0.286377,-0.012390
4377684,BNO_GRV,416,-4200,3,0.957397,-0.027100,0.287292,-0.012390
4388268,BNO_GRV,417,-4300,3,0.957092,-0.027222,0.288208,-0.012451
4397340,BNO_GRV,418,-3600,3,0.956848,-0.027283,0.289001,-0.012451
4408312,BNO_GRV,419,-4500,3,0.956665,-0.027222,0.289734,-0.012451
4417928,BNO_GRV,420,-4300,3,0.956482,-0.027222,0.290283,-0.012451
4428248,BNO_GRV,421,-4300,3,0.956299,-0.027344,0.290771,-0.012451
4437250,BNO_GRV,422,-3600,3,0.956238,-0.027466,0.291077,-0.012451
4448385,BNO_GRV,423,-4500,3,0.956116,-0.027588,0.291443,-0.012390
4457861,BNO_GRV,424,-4200,3,0.956055,-0.027588,0.291687,-0.012390
4468314,BNO_GRV,425,-4300,3,0.955933,-0.027588,0.291992,-0.012390
4478563,BNO_GRV,426,-4700,3,0.955872,-0.027527,0.292236,-0.012390
4488202,BNO_GRV,427,-4300,3,0.955750,-0.027405,0.292542,-0.012329
4498036,BNO_GRV,428,-4200,3,0.955688,-0.027344,0.292847,-0.012329
4508531,BNO_GRV,429,-4500,3,0.955566,-0.027405,0.293213,-0.012329
4518126,BNO_GRV,430,-4500,3,0.955444,-0.027405,0.293579,-0.012329
4528113,BNO_GRV,431,-4300,3,0.955383,-0.027344,0.293945,-0.012329
4538335,BNO_GRV,432,-4200,3,0.955261,-0.027405,0.294250,-0.012329
4548511,BNO_GRV,433,-4000,3,0.955200,-0.027466,0.294495,-0.012329
4558709,BNO_GRV,434,-4500,3,0.955078,-0.027649,0.294739,-0.012329
4567974,BNO_GRV,435,-4200,3,0.955078,-0.027771,0.294861,-0.012390
4578524,BNO_GRV,436,-4300,3,0.955017,-0.027893,0.294983,-0.012451
4588624,BNO_GRV,437,-3800,3,0.954956,-0.027954,0.295105,-0.012512
4598651,BNO_GRV,438,-4500,3,0.954895,-0.028015,0.295288,-0.012512
4608111,BNO_GRV,439,-4200,3,0.954834,-0.028015,0.295471,-0.012573
4618802,BNO_GRV,440,-4300,3,0.954834,-0.028015,0.295654,-0.012573
4628740,BNO_GRV,441,-4000,3,0.954773,-0.028015,0.295776,-0.012573
4638968,BNO_GRV,442,-4500,3,0.954712,-0.028076,0.295959,-0.012634
4648299,BNO_GRV,443,-4300,3,0.954712,-0.028137,0.296021,-0.012695
4658956,BNO_GRV,444,-4300,3,0.954651,-0.028259,0.296021,-0.012695
4668876,BNO_GRV,445,-3800,3,0.954651,-0.028381,0.296021,-0.012756
4679060,BNO_GRV,446,-4500,3,0.954712,-0.028503,0.295898,-0.012817
4688392,BNO_GRV,447,-4300,3,0.954712,-0.028687,0.295837,-0.012878
4699205,BNO_GRV,448,-4500,3,0.954773,-0.028809,0.295715,-0.012878
4709449,BNO_GRV,449,-4300,3,0.954773,-0.028870,0.295715,-0.012939
4718854,BNO_GRV,450,-4700,3,0.954712,-0.028931,0.295776,-0.012939
4728447,BNO_GRV,451,-4200,3,0.954712,-0.028992,0.295776,-0.013000
4738961,BNO_GRV,452,-4300,3,0.954712,-0.028992,0.295776,-0.013062
4749324,BNO_GRV,453,-4200,3,0.954712,-0.028931,0.295776,-0.013062
4759220,BNO_GRV,454,-4300,3,0.954773,-0.028809,0.295715,-0.013062
4768782,BNO_GRV,455,-4300,3,0.954773,-0.028687,0.295654,-0.013062
4778510,BNO_GRV,456,-4300,3,0.954773,-0.028625,0.295593,-0.013062
4789771,BNO_GRV,457,-4700,3,0.954834,-0.028564,0.295471,-0.013062
4799290,BNO_GRV,458,-4700,3,0.954834,-0.028564,0.295410,-0.013123
4808782,BNO_GRV,459,-4200,3,0.954895,-0.028625,0.295288,-0.013123
4819409,BNO_GRV,460,-4300,3,0.954895,-0.028748,0.295227,-0.013245
4829379,BNO_GRV,461,-3800,3,0.954895,-0.028809,0.295227,-0.013306
4839443,BNO_GRV,462,-4500,3,0.954895,-0.028809,0.295166,-0.013367
4848643,BNO_GRV,463,-4200,3,0.954895,-0.028809,0.295227,-0.013428
4859347,BNO_GRV,464,-4200,3,0.954895,-0.028809,0.295288,-0.013489
4869880,BNO_GRV,465,-4300,3,0.954834,-0.028809,0.295349,-0.013550
4879361,BNO_GRV,466,-4500,3,0.954834,-0.028870,0.295410,-0.013611
4888937,BNO_GRV,467,-4200,3,0.954834,-0.028870,0.295471,-0.013611
4899760,BNO_GRV,468,-4500,3,0.954773,-0.028870,0.295593,-0.013672
4909927,BNO_GRV,469,-4200,3,0.954590,-0.028809,0.296265,-0.013611
4919501,BNO_GRV,470,-4500,3,0.954407,-0.028748,0.296753,-0.013550
4929209,BNO_GRV,471,-4300,3,0.954285,-0.028687,0.297180,-0.013550
4939200,BNO_GRV,472,-4500,3,0.954285,-0.028687,0.297241,-0.013489
4949983,BNO_GRV,473,-5100,3,0.954224,-0.028809,0.297302,-0.013550
4959508,BNO_GRV,474,-4300,3,0.954224,-0.028992,0.297424,-0.013550
4969319,BNO_GRV,475,-4500,3,0.954163,-0.029114,0.297485,-0.013611
4979025,BNO_GRV,476,-4300,3,0.954102,-0.029236,0.297668,-0.013672
4989568,BNO_GRV,477,-4700,3,0.954102,-0.029297,0.297791,-0.013672
4999676,BNO_GRV,478,-4300,3,0.954041,-0.029358,0.297913,-0.013733
5009266,BNO_GRV,479,-4300,3,0.953979,-0.029358,0.298035,-0.013733
5019267,BNO_GRV,480,-4500,3,0.953979,-0.029297,0.298218,-0.013733
5029542,BNO_GRV,481,-4700,3,0.953918,-0.029114,0.298401,-0.013672
5039749,BNO_GRV,482,-4300,3,0.953857,-0.028992,0.298523,-0.013611
5049195,BNO_GRV,483,-4500,3,0.953796,-0.028992,0.298706,-0.013550
5059188,BNO_GRV,484,-4300,3,0.953796,-0.028992,0.298767,-0.013550
5070173,BNO_GRV,485,-4900,3,0.953735,-0.029114,0.298889,-0.013489
5079837,BNO_GRV,486,-4200,3,0.953735,-0.029175,0.298950,-0.013489
5089338,BNO_GRV,487,-4500,3,0.953735,-0.029236,0.298950,-0.013550
5099345,BNO_GRV,488,-4300,3,0.953735,-0.029358,0.298950,-0.013550
5110088,BNO_GRV,489,-4900,3,0.953735,-0.029419,0.298950,-0.013611
5119913,BNO_GRV,490,-4200,3,0.953735,-0.029419,0.298889,-0.013672
5129321,BNO_GRV,491,-4300,3,0.953735,-0.029419,0.298828,-0.013672
5139488,BNO_GRV,492,-4500,3,0.953796,-0.029358,0.298767,-0.013672
5149831,BNO_GRV,493,-4900,3,0.953735,-0.029297,0.298828,-0.013611
5160004,BNO_GRV,494,-4700,3,0.953735,-0.029297,0.298889,-0.013611
5169421,BNO_GRV,495,-4300,3,0.953674,-0.029236,0.299133,-0.013550
5179577,BNO_GRV,496,-4500,3,0.953613,-0.029114,0.299377,-0.013489
5190062,BNO_GRV,497,-4900,3,0.953491,-0.028992,0.299744,-0.013489
5200074,BNO_GRV,498,-4500,3,0.953369,-0.028870,0.300049,-0.013489
5209425,BNO_GRV,499,-4300,3,0.953308,-0.028809,0.300232,-0.013489
5219620,BNO_GRV,500,-4500,3,0.953308,-0.028687,0.300354,-0.013550
5230011,BNO_GRV,501,-4700,3,0.953308,-0.028687,0.300293,-0.013611
5240081,BNO_GRV,502,-4300,3,0.953369,-0.028748,0.300232,-0.013733
5249654,BNO_GRV,503,-4500,3,0.953369,-0.028931,0.300049,-0.013794
5259796,BNO_GRV,504,-4500,3,0.953430,-0.029053,0.299927,-0.013916
5269849,BNO_GRV,505,-4700,3,0.953430,-0.029114,0.299927,-0.013977
5280330,BNO_GRV,506,-4500,3,0.953430,-0.029114,0.299927,-0.013977
5289361,BNO_GRV,507,-4200,3,0.953430,-0.029053,0.299927,-0.013977
5299692,BNO_GRV,508,-4300,3,0.953430,-0.028931,0.299988,-0.013916
5310720,BNO_GRV,509,-4900,3,0.953369,-0.028748,0.300049,-0.013855
5320394,BNO_GRV,510,-4200,3,0.953369,-0.028625,0.300171,-0.013794
5329912,BNO_GRV,511,-4500,3,0.953369,-0.028564,0.300232,-0.013794
5340293,BNO_GRV,512,-4300,3,0.953308,-0.028503,0.300293,-0.013794
5349924,BNO_GRV,513,-4500,3,0.953308,-0.028564,0.300354,-0.013855
5360386,BNO_GRV,514,-4700,3,0.953247,-0.028687,0.300415,-0.013916
5369712,BNO_GRV,515,-4300,3,0.953247,-0.028748,0.300598,-0.013916
5380112,BNO_GRV,516,-4500,3,0.953186,-0.028748,0.300720,-0.013977
5390102,BNO_GRV,517,-4500,3,0.953125,-0.028809,0.300842,-0.013977
5400596,BNO_GRV,518,-4500,3,0.953125,-0.028809,0.300964,-0.014038
5409746,BNO_GRV,519,-4000,3,0.953064,-0.028809,0.300964,-0.014038
5419969,BNO_GRV,520,-4300,3,0.953064,-0.028809,0.301025,-0.014099
5430872,BNO_GRV,521,-4900,3,0.953064,-0.028687,0.301086,-0.014099
5440548,BNO_GRV,522,-4000,3,0.953064,-0.028564,0.301147,-0.014160
5450088,BNO_GRV,523,-4300,3,0.953003,-0.028564,0.301331,-0.014221
5460064,BNO_GRV,524,-4500,3,0.952942,-0.028625,0.301514,-0.014282
5470774,BNO_GRV,525,-4500,3,0.952881,-0.028809,0.301636,-0.014404
5480523,BNO_GRV,526,-4000,3,0.952820,-0.028992,0.301758,-0.014465
5490563,BNO_GRV,527,-4500,3,0.952820,-0.029175,0.301758,-0.014587
5500194,BNO_GRV,528,-4300,3,0.952820,-0.029114,0.301880,-0.014587
5510700,BNO_GRV,529,-4500,3,0.952759,-0.028992,0.301941,-0.014648
5520689,BNO_GRV,530,-4000,3,0.952759,-0.028931,0.302002,-0.014648
5530696,BNO_GRV,531,-4500,3,0.952759,-0.028809,0.302063,-0.014648
5540190,BNO_GRV,532,-4300,3,0.952698,-0.028809,0.302185,-0.014648
5550704,BNO_GRV,533,-4500,3,0.952698,-0.028809,0.302307,-0.014709
5560939,BNO_GRV,534,-4200,3,0.952637,-0.028809,0.302368,-0.014709
5571029,BNO_GRV,535,-4500,3,0.952637,-0.028748,0.302490,-0.014771
5580396,BNO_GRV,536,-4500,3,0.952576,-0.028748,0.302490,-0.014832
5591028,BNO_GRV,537,-4500,3,0.952576,-0.028687,0.302490,-0.014832
5601197,BNO_GRV,538,-4200,3,0.952637,-0.028687,0.302490,-0.014893
5610923,BNO_GRV,539,-4900,3,0.952637,-0.028625,0.302429,-0.014954
5620567,BNO_GRV,540,-4500,3,0.952637,-0.028625,0.302368,-0.015015
5631087,BNO_GRV,541,-4500,3,0.952637,-0.028748,0.302307,-0.015137
5641293,BNO_GRV,542,-4200,3,0.952698,-0.028931,0.302246,-0.015259
5650857,BNO_GRV,543,-4700,3,0.952637,-0.029114,0.302246,-0.015381
5660755,BNO_GRV,544,-4500,3,0.952637,-0.029297,0.302307,-0.015503
5671246,BNO_GRV,545,-4500,3,0.952637,-0.029358,0.302368,-0.015564
5681208,BNO_GRV,546,-4200,3,0.952576,-0.029358,0.302429,-0.015625
5691206,BNO_GRV,547,-4500,3,0.952576,-0.029297,0.302551,-0.015625
5700656,BNO_GRV,548,-4500,3,0.952576,-0.029236,0.302490,-0.015625
5710525,BNO_GRV,549,-4300,3,0.952637,-0.029236,0.302368,-0.015686
5721279,BNO_GRV,550,-4900,3,0.952698,-0.029358,0.302002,-0.015747
5731317,BNO_GRV,551,-4500,3,0.952881,-0.029419,0.301575,-0.015808
5740786,BNO_GRV,552,-4700,3,0.953003,-0.029541,0.301086,-0.015930
5750743,BNO_GRV,553,-4500,3,0.953186,-0.029602,0.300476,-0.015991
5761542,BNO_GRV,554,-4900,3,0.953430,-0.029785,0.299805,-0.016113
5771102,BNO_GRV,555,-4500,3,0.953613,-0.029968,0.299011,-0.016174
5780858,BNO_GRV,556,-4300,3,0.953918,-0.030151,0.298218,-0.016296
5790927,BNO_GRV,557,-4500,3,0.954163,-0.030396,0.297363,-0.016357
5801524,BNO_GRV,558,-4700,3,0.954407,-0.030579,0.296448,-0.016479
5811125,BNO_GRV,559,-4300,3,0.954651,-0.030701,0.295654,-0.016479
5820876,BNO_GRV,560,-4300,3,0.954895,-0.030762,0.294922,-0.016479
5830717,BNO_GRV,561,-4300,3,0.955078,-0.030701,0.294312,-0.016479
5841891,BNO_GRV,562,-4700,3,0.955261,-0.030640,0.293640,-0.016479
5851413,BNO_GRV,563,-4300,3,0.955444,-0.030579,0.293030,-0.016418
5860987,BNO_GRV,564,-4200,3,0.955688,-0.030640,0.292358,-0.016418
5870915,BNO_GRV,565,-4300,3,0.955872,-0.030762,0.291748,-0.016357
5881318,BNO_GRV,566,-4500,3,0.956055,-0.030823,0.291077,-0.016357
5891646,BNO_GRV,567,-4700,3,0.956238,-0.030945,0.290466,-0.016357
5900938,BNO_GRV,568,-4300,3,0.956421,-0.031189,0.289734,-0.016479
5910806,BNO_GRV,569,-4200,3,0.956665,-0.031433,0.289001,-0.016541
5921296,BNO_GRV,570,-4500,3,0.956909,-0.031738,0.288208,-0.016663
5931848,BNO_GRV,571,-4700,3,0.957153,-0.032104,0.287415,-0.016785
5940859,BNO_GRV,572,-4300,3,0.957336,-0.032288,0.286682,-0.016846
5951628,BNO_GRV,573,-4500,3,0.957581,-0.032471,0.285828,-0.016907
5961999,BNO_GRV,574,-4300,3,0.957825,-0.032532,0.285095,-0.016907
5971431,BNO_GRV,575,-4000,3,0.958008,-0.032471,0.284363,-0.016907
5981040,BNO_GRV,576,-4200,3,0.958252,-0.032288,0.283569,-0.016907
5990957,BNO_GRV,577,-4300,3,0.958496,-0.032043,0.282776,-0.016968
6001690,BNO_GRV,578,-4700,3,0.958740,-0.031677,0.281921,-0.017090
6012055,BNO_GRV,579,-4700,3,0.958984,-0.031433,0.281189,-0.017090
6021000,BNO_GRV,580,-4200,3,0.959167,-0.031433,0.280640,-0.017090
6031951,BNO_GRV,581,-4300,3,0.959351,-0.031494,0.280029,-0.017029
6041715,BNO_GRV,582,-4700,3,0.959473,-0.031616,0.279541,-0.017029
6051931,BNO_GRV,583,-4700,3,0.959595,-0.031799,0.278992,-0.017029
6060987,BNO_GRV,584,-4000,3,0.959778,-0.031921,0.278381,-0.017029
6071794,BNO_GRV,585,-4500,3,0.960022,-0.031921,0.277649,-0.017029
6081168,BNO_GRV,586,-4300,3,0.960266,-0.031921,0.276855,-0.016968
6091901,BNO_GRV,587,-4500,3,0.960510,-0.031799,0.276001,-0.016846
6101484,BNO_GRV,588,-4300,3,0.960754,-0.031677,0.275146,-0.016724
6111209,BNO_GRV,589,-4200,3,0.960938,-0.031616,0.274414,-0.016602
6121887,BNO_GRV,590,-4900,3,0.961182,-0.031555,0.273682,-0.016479
6132085,BNO_GRV,591,-4500,3,0.961121,-0.031494,0.273804,-0.016357
6141192,BNO_GRV,592,-4200,3,0.961182,-0.031433,0.273743,-0.016235
6151710,BNO_GRV,593,-4500,3,0.961243,-0.031372,0.273438,-0.016113
6161654,BNO_GRV,594,-4500,3,0.961365,-0.031372,0.273010,-0.015991
6172078,BNO_GRV,595,-4500,3,0.961487,-0.031372,0.272522,-0.015869
6181199,BNO_GRV,596,-4000,3,0.961670,-0.031372,0.271912,-0.015808
6192242,BNO_GRV,597,-4700,3,0.961853,-0.031372,0.271240,-0.015686
6203049,BNO_GRV,598,-4900,3,0.962036,-0.031433,0.270630,-0.015564
6212804,BNO_GRV,599,-4300,3,0.962219,-0.031555,0.269958,-0.015503
6221777,BNO_GRV,600,-4500,3,0.962463,-0.031677,0.269165,-0.015442
6231990,BNO_GRV,601,-4300,3,0.962769,-0.031738,0.268066,-0.015320
6242403,BNO_GRV,602,-4900,3,0.963074,-0.031799,0.266846,-0.015198
6252137,BNO_GRV,603,-4200,3,0.963440,-0.031860,0.265503,-0.015076
6260998,BNO_GRV,604,-3600,3,0.963867,-0.031921,0.264038,-0.014893
6272434,BNO_GRV,605,-4700,3,0.964355,-0.031921,0.262329,-0.014771
6281541,BNO_GRV,606,-4200,3,0.964783,-0.031921,0.260681,-0.014648
6292240,BNO_GRV,607,-4300,3,0.965271,-0.031799,0.258911,-0.014526
6301092,BNO_GRV,608,-3800,3,0.965698,-0.031555,0.257263,-0.014343
6312233,BNO_GRV,609,-4300,3,0.966187,-0.031189,0.255615,-0.014221
6321868,BNO_GRV,610,-4300,3,0.966614,-0.030823,0.254089,-0.014038
6332145,BNO_GRV,611,-4300,3,0.967041,-0.030518,0.252380,-0.013916
6342226,BNO_GRV,612,-4300,3,0.967529,-0.030151,0.250549,-0.013794
6351642,BNO_GRV,613,-4200,3,0.967957,-0.029846,0.248901,-0.013672
6361896,BNO_GRV,614,-4500,3,0.968384,-0.029480,0.247375,-0.013550
6372217,BNO_GRV,615,-4200,3,0.968750,-0.029114,0.246033,-0.013428
6382173,BNO_GRV,616,-4300,3,0.969055,-0.028748,0.244812,-0.013245
6392063,BNO_GRV,617,-4300,3,0.969299,-0.028625,0.243774,-0.013184
6402331,BNO_GRV,618,-4300,3,0.969604,-0.028625,0.242737,-0.013123
6412930,BNO_GRV,619,-4300,3,0.969849,-0.028687,0.241760,-0.013062
6422465,BNO_GRV,620,-4700,3,0.970032,-0.028625,0.240906,-0.013062
6431906,BNO_GRV,621,-4200,3,0.970276,-0.028564,0.239990,-0.013000
6442527,BNO_GRV,622,-4500,3,0.970459,-0.028442,0.239197,-0.013000
6452707,BNO_GRV,623,-4000,3,0.970642,-0.028381,0.238464,-0.012939
6462892,BNO_GRV,624,-4500,3,0.970886,-0.028320,0.237610,-0.012878
6471932,BNO_GRV,625,-4200,3,0.971008,-0.028198,0.236938,-0.012817
6482657,BNO_GRV,626,-4300,3,0.971191,-0.028015,0.236206,-0.012695
6492779,BNO_GRV,627,-4000,3,0.971375,-0.027893,0.235657,-0.012573
6503025,BNO_GRV,628,-4500,3,0.971497,-0.027771,0.235107,-0.012512
6512207,BNO_GRV,629,-4300,3,0.971619,-0.027649,0.234619,-0.012390
6522955,BNO_GRV,630,-4300,3,0.971741,-0.027527,0.234070,-0.012268
6532847,BNO_GRV,631,-3800,3,0.971863,-0.027405,0.233582,-0.012146
6543074,BNO_GRV,632,-4500,3,0.972046,-0.027283,0.232910,-0.012085
6552122,BNO_GRV,633,-4200,3,0.972229,-0.027222,0.232117,-0.012024
6562940,BNO_GRV,634,-4300,3,0.972473,-0.027222,0.231018,-0.011963
6572759,BNO_GRV,635,-3800,3,0.972778,-0.027344,0.229858,-0.011902
6582996,BNO_GRV,636,-4500,3,0.973022,-0.027405,0.228638,-0.011780
6592391,BNO_GRV,637,-4300,3,0.973328,-0.027466,0.227417,-0.011658
6602801,BNO_GRV,638,-4300,3,0.973694,-0.027466,0.225952,-0.011536
6613053,BNO_GRV,639,-4000,3,0.974060,-0.027405,0.224304,-0.011414
6623236,BNO_GRV,640,-4500,3,0.974487,-0.027283,0.222412,-0.011230
6632276,BNO_GRV,641,-4200,3,0.974915,-0.027161,0.220520,-0.011108
6642985,BNO_GRV,642,-4500,3,0.975464,-0.027039,0.218323,-0.010925
6653392,BNO_GRV,643,-4500,3,0.975891,-0.026978,0.216187,-0.010803
6662918,BNO_GRV,644,-4500,3,0.976318,-0.027039,0.214355,-0.010681
6672449,BNO_GRV,645,-4200,3,0.976685,-0.027222,0.212585,-0.010620
6683127,BNO_GRV,646,-4300,3,0.977051,-0.027405,0.210815,-0.010559
6693561,BNO_GRV,647,-4500,3,0.977417,-0.027527,0.209229,-0.010437
6703041,BNO_GRV,648,-4500,3,0.977722,-0.027710,0.207764,-0.010315
6712316,BNO_GRV,649,-4000,3,0.978027,-0.027771,0.206360,-0.010254
6722874,BNO_GRV,650,-4300,3,0.978333,-0.027832,0.204956,-0.010132
6733496,BNO_GRV,651,-4200,3,0.978577,-0.027832,0.203735,-0.010071
6742904,BNO_GRV,652,-4200,3,0.978821,-0.027710,0.202698,-0.010010
6752813,BNO_GRV,653,-4300,3,0.979004,-0.027466,0.201660,-0.009949
6763424,BNO_GRV,654,-4300,3,0.979248,-0.027344,0.200562,-0.009888
6774081,BNO_GRV,655,-4300,3,0.979492,-0.027344,0.199463,-0.009827
6783647,BNO_GRV,656,-4500,3,0.979675,-0.027466,0.198364,-0.009827
6793144,BNO_GRV,657,-4300,3,0.979919,-0.027527,0.197205,-0.009827
6802706,BNO_GRV,658,-4200,3,0.980164,-0.027588,0.196167,-0.009827
6812972,BNO_GRV,659,-4300,3,0.980347,-0.027588,0.195190,-0.009766
6823216,BNO_GRV,660,-4300,3,0.980530,-0.027466,0.194275,-0.009766
6832415,BNO_GRV,661,-4000,3,0.980713,-0.027344,0.193359,-0.009705
6843164,BNO_GRV,662,-4300,3,0.980835,-0.027161,0.192566,-0.009644
6853705,BNO_GRV,663,-4300,3,0.981018,-0.027039,0.191895,-0.009583
6863263,BNO_GRV,664,-4000,3,0.981140,-0.027039,0.191162,-0.009460
6872794,BNO_GRV,665,-4200,3,0.981323,-0.027100,0.190247,-0.009399
6883470,BNO_GRV,666,-4500,3,0.981506,-0.027283,0.189331,-0.009338
6894080,BNO_GRV,667,-4700,3,0.981689,-0.027344,0.188354,-0.009277
6903440,BNO_GRV,668,-4000,3,0.981873,-0.027344,0.187439,-0.009277
6912340,BNO_GRV,669,-3400,3,0.982056,-0.027283,0.186401,-0.009216
6923228,BNO_GRV,670,-4300,3,0.982239,-0.027222,0.185303,-0.009155
6933300,BNO_GRV,671,-4700,3,0.982483,-0.027100,0.184082,-0.009094
6943348,BNO_GRV,672,-4300,3,0.982788,-0.026794,0.182556,-0.009033
6952814,BNO_GRV,673,-4200,3,0.983093,-0.026489,0.180908,-0.008972
6963161,BNO_GRV,674,-4300,3,0.983398,-0.026367,0.179199,-0.008911
6973401,BNO_GRV,675,-4700,3,0.983704,-0.026306,0.177551,-0.008911
6983648,BNO_GRV,676,-4300,3,0.984009,-0.026367,0.175903,-0.008911
6992546,BNO_GRV,677,-3800,3,0.984253,-0.026428,0.174500,-0.008911
7003465,BNO_GRV,678,-4500,3,0.984497,-0.026428,0.173035,-0.008911
7013121,BNO_GRV,679,-4200,3,0.984741,-0.026367,0.171631,-0.008911
7023560,BNO_GRV,680,-4300,3,0.985046,-0.026306,0.170227,-0.008850
7033107,BNO_GRV,681,-4200,3,0.985291,-0.026184,0.168762,-0.008850
7043868,BNO_GRV,682,-4300,3,0.985535,-0.026123,0.167175,-0.008789
7053345,BNO_GRV,683,-4500,3,0.985779,-0.026062,0.165771,-0.008728
7063649,BNO_GRV,684,-4300,3,0.986023,-0.026062,0.164368,-0.008728
7073164,BNO_GRV,685,-4300,3,0.986267,-0.026123,0.163025,-0.008728
7084000,BNO_GRV,686,-4300,3,0.986450,-0.026123,0.161682,-0.008667
7093458,BNO_GRV,687,-4300,3,0.986633,-0.026062,0.160645,-0.008667
7103740,BNO_GRV,688,-4300,3,0.986816,-0.026001,0.159607,-0.008667
7113234,BNO_GRV,689,-4000,3,0.986938,-0.026001,0.158630,-0.008667
7123825,BNO_GRV,690,-4200,3,0.987122,-0.026062,0.157776,-0.008606
7134367,BNO_GRV,691,-4700,3,0.987244,-0.026062,0.156982,-0.008606
7143835,BNO_GRV,692,-3400,3,0.987366,-0.026001,0.156189,-0.008545
7152993,BNO_GRV,693,-3800,3,0.987488,-0.025879,0.155334,-0.008423
7164060,BNO_GRV,694,-4300,3,0.987610,-0.025818,0.154480,-0.008362
7173523,BNO_GRV,695,-4300,3,0.987732,-0.025757,0.153870,-0.008301
7183885,BNO_GRV,696,-4200,3,0.987793,-0.025879,0.153442,-0.008179
7193077,BNO_GRV,697,-3800,3,0.987793,-0.026001,0.153198,-0.008179
7203990,BNO_GRV,698,-4300,3,0.987854,-0.026123,0.153015,-0.008118
7214720,BNO_GRV,699,-4700,3,0.987854,-0.026062,0.152771,-0.008118
7224208,BNO_GRV,700,-3600,3,0.987915,-0.025940,0.152466,-0.008057
7233686,BNO_GRV,701,-4300,3,0.988037,-0.025757,0.151978,-0.007996
7243770,BNO_GRV,702,-4300,3,0.988159,-0.025513,0.151245,-0.007935
7253988,BNO_GRV,703,-4300,3,0.988281,-0.025452,0.150269,-0.007812
7263955,BNO_GRV,704,-3800,3,0.988464,-0.025391,0.149109,-0.007690
7274036,BNO_GRV,705,-4500,3,0.988647,-0.025330,0.147705,-0.007629
7283622,BNO_GRV,706,-4200,3,0.988892,-0.025391,0.146362,-0.007507
7294137,BNO_GRV,707,-4300,3,0.989075,-0.025452,0.145081,-0.007446
7304307,BNO_GRV,708,-4200,3,0.989197,-0.025513,0.144043,-0.007446
7314412,BNO_GRV,709,-4500,3,0.989380,-0.025452,0.143005,-0.007385
7323799,BNO_GRV,710,-4200,3,0.989502,-0.025452,0.141907,-0.007324
7334348,BNO_GRV,711,-4500,3,0.989685,-0.025452,0.140747,-0.007263
7344745,BNO_GRV,712,-4500,3,0.989868,-0.025452,0.139587,-0.007202
7354034,BNO_GRV,713,-4500,3,0.989990,-0.025513,0.138672,-0.007202
7364053,BNO_GRV,714,-4200,3,0.990112,-0.025574,0.137817,-0.007141
7374392,BNO_GRV,715,-4300,3,0.990234,-0.025452,0.137085,-0.007019
7384396,BNO_GRV,716,-4000,3,0.990295,-0.025330,0.136536,-0.006897
7394479,BNO_GRV,717,-4500,3,0.990356,-0.025208,0.136047,-0.006775
7404197,BNO_GRV,718,-4300,3,0.990417,-0.025085,0.135559,-0.006653
7414452,BNO_GRV,719,-4500,3,0.990479,-0.025024,0.135010,-0.006531
7424592,BNO_GRV,720,-4000,3,0.990601,-0.024963,0.134399,-0.006470
7434721,BNO_GRV,721,-4500,3,0.990723,-0.024963,0.133667,-0.006409
7444083,BNO_GRV,722,-4200,3,0.990784,-0.025024,0.132874,-0.006409
7454835,BNO_GRV,723,-4500,3,0.990906,-0.025146,0.131836,-0.006409
7464798,BNO_GRV,724,-4000,3,0.991089,-0.025269,0.130798,-0.006409
7474588,BNO_GRV,725,-4300,3,0.991211,-0.025269,0.129639,-0.006409
7484092,BNO_GRV,726,-4200,3,0.991333,-0.025146,0.128723,-0.006348
7494689,BNO_GRV,727,-4300,3,0.991455,-0.024963,0.127747,-0.006226
7505246,BNO_GRV,728,-4300,3,0.991577,-0.024902,0.126831,-0.006165
7514754,BNO_GRV,729,-4700,3,0.991699,-0.024841,0.126099,-0.006104
7524304,BNO_GRV,730,-4200,3,0.991760,-0.024536,0.125366,-0.006042
7534886,BNO_GRV,731,-4300,3,0.991882,-0.024048,0.124756,-0.005981
7544833,BNO_GRV,732,-3800,3,0.991943,-0.023499,0.124146,-0.005981
7555004,BNO_GRV,733,-4500,3,0.992065,-0.023010,0.123596,-0.005981
7564380,BNO_GRV,734,-4200,3,0.992126,-0.022766,0.123047,-0.005981
7574981,BNO_GRV,735,-4300,3,0.992188,-0.022644,0.122498,-0.006042
7585437,BNO_GRV,736,-4300,3,0.992249,-0.022339,0.121887,-0.006104
7594988,BNO_GRV,737,-4500,3,0.992371,-0.022095,0.121155,-0.006042
7604503,BNO_GRV,738,-4300,3,0.992493,-0.021851,0.120361,-0.006042
7615282,BNO_GRV,739,-4300,3,0.992554,-0.021606,0.119629,-0.005981
7625109,BNO_GRV,740,-4000,3,0.992676,-0.021362,0.119019,-0.005920
7635245,BNO_GRV,741,-4500,3,0.992737,-0.021057,0.118347,-0.005859
7644477,BNO_GRV,742,-4300,3,0.992798,-0.020752,0.117798,-0.005798
7655412,BNO_GRV,743,-4300,3,0.992859,-0.020447,0.117188,-0.005737
7665460,BNO_GRV,744,-4000,3,0.992981,-0.020142,0.116577,-0.005676
7674811,BNO_GRV,745,-4000,3,0.993042,-0.019958,0.115906,-0.005676
7684360,BNO_GRV,746,-4200,3,0.993103,-0.019897,0.115173,-0.005676
7695204,BNO_GRV,747,-4500,3,0.993225,-0.019897,0.114319,-0.005676
7705873,BNO_GRV,748,-4700,3,0.993347,-0.019897,0.113281,-0.005676
7715235,BNO_GRV,749,-4300,3,0.993469,-0.019897,0.112183,-0.005676
7724935,BNO_GRV,750,-4200,3,0.993591,-0.019897,0.111084,-0.005615
7734693,BNO_GRV,751,-4300,3,0.993713,-0.019958,0.109924,-0.005615
7745032,BNO_GRV,752,-4500,3,0.993835,-0.020081,0.108704,-0.005554
7755404,BNO_GRV,753,-4700,3,0.994019,-0.020203,0.107422,-0.005554
7764678,BNO_GRV,754,-4200,3,0.994141,-0.020203,0.106262,-0.005554
7775620,BNO_GRV,755,-4500,3,0.994263,-0.020142,0.105042,-0.005493
7785344,BNO_GRV,756,-4700,3,0.994385,-0.020020,0.103943,-0.005432
7795802,BNO_GRV,757,-4500,3,0.994507,-0.019897,0.102722,-0.005371
7804851,BNO_GRV,758,-4300,3,0.994629,-0.019897,0.101624,-0.005371
7815750,BNO_GRV,759,-4300,3,0.994751,-0.019897,0.100464,-0.005371
7825324,BNO_GRV,760,-4900,3,0.994812,-0.020020,0.099426,-0.005371
7835681,BNO_GRV,761,-4500,3,0.994934,-0.020081,0.098206,-0.005371
7844731,BNO_GRV,762,-4200,3,0.995056,-0.020081,0.097107,-0.005371
7855499,BNO_GRV,763,-4300,3,0.995178,-0.019958,0.095886,-0.005310
7866061,BNO_GRV,764,-4500,3,0.995300,-0.019836,0.094788,-0.005188
7875617,BNO_GRV,765,-3800,3,0.995361,-0.019592,0.093750,-0.005066
7885180,BNO_GRV,766,-4500,3,0.995483,-0.019409,0.092712,-0.004883
7894938,BNO_GRV,767,-4300,3,0.995605,-0.019165,0.091553,-0.004700
7905647,BNO_GRV,768,-4700,3,0.995728,-0.019104,0.090332,-0.004578
7915510,BNO_GRV,769,-4000,3,0.995789,-0.019104,0.089355,-0.004517
7924548,BNO_GRV,770,-3800,3,0.995789,-0.019348,0.089478,-0.004517
7935672,BNO_GRV,771,-4500,3,0.995789,-0.019531,0.089417,-0.004517
7945365,BNO_GRV,772,-4300,3,0.995789,-0.019592,0.089233,-0.004517
7955774,BNO_GRV,773,-4700,3,0.995850,-0.019653,0.088867,-0.004517
7965187,BNO_GRV,774,-4300,3,0.995850,-0.019592,0.088440,-0.004456
7975415,BNO_GRV,775,-4700,3,0.995911,-0.019531,0.087891,-0.004456
7985469,BNO_GRV,776,-4500,3,0.995972,-0.019470,0.087280,-0.004395
7995704,BNO_GRV,777,-4300,3,0.996033,-0.019287,0.086548,-0.004272
8004836,BNO_GRV,778,-3800,3,0.996094,-0.019165,0.085876,-0.004211
8015826,BNO_GRV,779,-4300,3,0.996155,-0.019043,0.085144,-0.004150
8025297,BNO_GRV,780,-4300,3,0.996277,-0.018860,0.084229,-0.004150
8035695,BNO_GRV,781,-4500,3,0.996338,-0.018616,0.083435,-0.004089
8044558,BNO_GRV,782,-3600,3,0.996399,-0.018433,0.082703,-0.004089
8055810,BNO_GRV,783,-4500,3,0.996460,-0.018250,0.081970,-0.004089
8065150,BNO_GRV,784,-4200,3,0.996521,-0.018066,0.081116,-0.004028
8075788,BNO_GRV,785,-4300,3,0.996643,-0.017883,0.080139,-0.004028
8084699,BNO_GRV,786,-3600,3,0.996704,-0.017700,0.078979,-0.003967
8095604,BNO_GRV,787,-4300,3,0.996826,-0.017578,0.077881,-0.003906
8105383,BNO_GRV,788,-4300,3,0.996887,-0.017395,0.076904,-0.003845
8115883,BNO_GRV,789,-4500,3,0.996948,-0.017273,0.075928,-0.003784
8124787,BNO_GRV,790,-3600,3,0.997009,-0.017151,0.075073,-0.003662
8136079,BNO_GRV,791,-4500,3,0.997070,-0.017029,0.074219,-0.003601
8145612,BNO_GRV,792,-4500,3,0.997131,-0.016846,0.073425,-0.003601
8155839,BNO_GRV,793,-4200,3,0.997192,-0.016724,0.072571,-0.003540
8165822,BNO_GRV,794,-4300,3,0.997314,-0.016602,0.071655,-0.003479
8175541,BNO_GRV,795,-4200,3,0.997375,-0.016479,0.070679,-0.003479
8185943,BNO_GRV,796,-4500,3,0.997437,-0.016296,0.069702,-0.003418
8196044,BNO_GRV,797,-4200,3,0.997498,-0.016174,0.068787,-0.003296
8206292,BNO_GRV,798,-4500,3,0.997559,-0.016052,0.067871,-0.003235
8215746,BNO_GRV,799,-4300,3,0.997620,-0.016052,0.067139,-0.003235
8226229,BNO_GRV,800,-4500,3,0.997620,-0.015991,0.066589,-0.003174
8236112,BNO_GRV,801,-3800,3,0.997681,-0.015869,0.066284,-0.003174
8246127,BNO_GRV,802,-4300,3,0.997681,-0.015808,0.066040,-0.003174
8255869,BNO_GRV,803,-4300,3,0.997681,-0.015686,0.065796,-0.003174
8266293,BNO_GRV,804,-4500,3,0.997742,-0.015564,0.065430,-0.003113
8276230,BNO_GRV,805,-3800,3,0.997742,-0.015503,0.065002,-0.003052
8286436,BNO_GRV,806,-4500,3,0.997803,-0.015381,0.064270,-0.002991
8295886,BNO_GRV,807,-4300,3,0.997864,-0.015320,0.063354,-0.002930
8306104,BNO_GRV,808,-4300,3,0.997925,-0.015259,0.062256,-0.002869
8316375,BNO_GRV,809,-4200,3,0.997986,-0.015198,0.061096,-0.002808
8326479,BNO_GRV,810,-4500,3,0.998108,-0.015137,0.059998,-0.002747
8335947,BNO_GRV,811,-4300,3,0.998169,-0.015076,0.058899,-0.002747
8346659,BNO_GRV,812,-4500,3,0.998230,-0.015076,0.057617,-0.002747
8356515,BNO_GRV,813,-3800,3,0.998291,-0.015076,0.056519,-0.002747
8366649,BNO_GRV,814,-4500,3,0.998352,-0.015015,0.055298,-0.002747
8376184,BNO_GRV,815,-4300,3,0.998413,-0.014893,0.054382,-0.002747
8387134,BNO_GRV,816,-4300,3,0.998474,-0.014771,0.053284,-0.002747
8396802,BNO_GRV,817,-3800,3,0.998535,-0.014648,0.052185,-0.002747
8406884,BNO_GRV,818,-4500,3,0.998596,-0.014526,0.050903,-0.002747
8416020,BNO_GRV,819,-4300,3,0.998657,-0.014404,0.049683,-0.002808
8426660,BNO_GRV,820,-4200,3,0.998718,-0.014404,0.048279,-0.002808
8437328,BNO_GRV,821,-4300,3,0.998779,-0.014404,0.046997,-0.002808
8446810,BNO_GRV,822,-4500,3,0.998840,-0.014404,0.045837,-0.002808
8456357,BNO_GRV,823,-4300,3,0.998901,-0.014343,0.044861,-0.002808
8466027,BNO_GRV,824,-4200,3,0.998901,-0.014221,0.044006,-0.002808
8477194,BNO_GRV,825,-4700,3,0.998962,-0.014099,0.043152,-0.002808
8486639,BNO_GRV,826,-4500,3,0.999023,-0.013977,0.042480,-0.002808
8495869,BNO_GRV,827,-4000,3,0.999023,-0.013977,0.041748,-0.002808
8506539,BNO_GRV,828,-4300,3,0.999084,-0.013977,0.040955,-0.002747
8517133,BNO_GRV,829,-4500,3,0.999084,-0.013977,0.040222,-0.002747
8526865,BNO_GRV,830,-4300,3,0.999146,-0.013794,0.039490,-0.002747
8536536,BNO_GRV,831,-4200,3,0.999146,-0.013550,0.038818,-0.002747
8546302,BNO_GRV,832,-4300,3,0.999146,-0.013306,0.038391,-0.002747
8557117,BNO_GRV,833,-4700,3,0.999207,-0.013123,0.038086,-0.002686
8567174,BNO_GRV,834,-4500,3,0.999207,-0.013062,0.037781,-0.002686
8576291,BNO_GRV,835,-4200,3,0.999207,-0.012939,0.037598,-0.002686
8587038,BNO_GRV,836,-4300,3,0.999207,-0.012695,0.037354,-0.002563
8597620,BNO_GRV,837,-4500,3,0.999207,-0.012390,0.036987,-0.002563
8607104,BNO_GRV,838,-4200,3,0.999268,-0.012146,0.036499,-0.002502
8616839,BNO_GRV,839,-4200,3,0.999268,-0.012085,0.035889,-0.002502
8626468,BNO_GRV,840,-4200,3,0.999329,-0.012024,0.035095,-0.002502
8637459,BNO_GRV,841,-4700,3,0.999329,-0.012024,0.034302,-0.002563
8646941,BNO_GRV,842,-4000,3,0.999390,-0.012024,0.033508,-0.002563
8656039,BNO_GRV,843,-3600,3,0.999390,-0.012085,0.032776,-0.002625
8666644,BNO_GRV,844,-4200,3,0.999390,-0.012207,0.032043,-0.002686
8677410,BNO_GRV,845,-4500,3,0.999451,-0.012329,0.031372,-0.002747
8687982,BNO_GRV,846,-4900,3,0.999451,-0.012390,0.030640,-0.002808
8697098,BNO_GRV,847,-4200,3,0.999451,-0.012329,0.029907,-0.002808
8706745,BNO_GRV,848,-4500,3,0.999512,-0.012207,0.029236,-0.002808
8717010,BNO_GRV,849,-4500,3,0.999512,-0.012085,0.028442,-0.002869
8727178,BNO_GRV,850,-4300,3,0.999512,-0.012085,0.027588,-0.002869
8736201,BNO_GRV,851,-3800,3,0.999573,-0.012146,0.026794,-0.002869
8746965,BNO_GRV,852,-4500,3,0.999573,-0.012329,0.026123,-0.002808
8757127,BNO_GRV,853,-4500,3,0.999573,-0.012512,0.025513,-0.002808
8767488,BNO_GRV,854,-4500,3,0.999634,-0.012756,0.024902,-0.002808
8776446,BNO_GRV,855,-4000,3,0.999634,-0.012878,0.024353,-0.002808
8786983,BNO_GRV,856,-4300,3,0.999634,-0.012939,0.023743,-0.002869
8796776,BNO_GRV,857,-4200,3,0.999634,-0.012939,0.023071,-0.002930
8807351,BNO_GRV,858,-4300,3,0.999634,-0.012939,0.022339,-0.002930
8816327,BNO_GRV,859,-3800,3,0.999695,-0.013000,0.021545,-0.002930
8827271,BNO_GRV,860,-4300,3,0.999695,-0.013123,0.020813,-0.002930
8837065,BNO_GRV,861,-4300,3,0.999695,-0.013245,0.020142,-0.002930
8847325,BNO_GRV,862,-4300,3,0.999695,-0.013367,0.019531,-0.002930
8856512,BNO_GRV,863,-3800,3,0.999695,-0.013489,0.018982,-0.002869
8867535,BNO_GRV,864,-4500,3,0.999756,-0.013672,0.018433,-0.002869
8877192,BNO_GRV,865,-4300,3,0.999756,-0.013672,0.018005,-0.002869
8887711,BNO_GRV,866,-4500,3,0.999756,-0.013550,0.017456,-0.002930
8897033,BNO_GRV,867,-4300,3,0.999756,-0.013367,0.016846,-0.002930
8907449,BNO_GRV,868,-4700,3,0.999756,-0.013306,0.016113,-0.002991
8917326,BNO_GRV,869,-4500,3,0.999817,-0.013245,0.015259,-0.002991
8927796,BNO_GRV,870,-4500,3,0.999817,-0.013306,0.014282,-0.002991
8937231,BNO_GRV,871,-4500,3,0.999817,-0.013306,0.013428,-0.002991
8947593,BNO_GRV,872,-4500,3,0.999817,-0.013306,0.012756,-0.002991
8958112,BNO_GRV,873,-4900,3,0.999817,-0.013367,0.012146,-0.002991
8967916,BNO_GRV,874,-4200,3,0.999817,-0.013428,0.011597,-0.003052
8977380,BNO_GRV,875,-4300,3,0.999817,-0.013489,0.011169,-0.003113
8987522,BNO_GRV,876,-4500,3,0.999817,-0.013489,0.010620,-0.003113
8997393,BNO_GRV,877,-4300,3,0.999878,-0.013489,0.010010,-0.003174
9008518,BNO_GRV,878,-5100,3,0.999878,-0.013428,0.009338,-0.003235
9016825,BNO_GRV,879,-3800,3,0.999878,-0.013367,0.008728,-0.003235
9028256,BNO_GRV,880,-4700,3,0.999878,-0.013367,0.008240,-0.003174
9037689,BNO_GRV,881,-4700,3,0.999878,-0.013428,0.007996,-0.003174
9047885,BNO_GRV,882,-4300,3,0.999878,-0.013550,0.007935,-0.003113
9057450,BNO_GRV,883,-4500,3,0.999878,-0.013611,0.008057,-0.003113
9067462,BNO_GRV,884,-4300,3,0.999878,-0.013733,0.008301,-0.003052
9077750,BNO_GRV,885,-4300,3,0.999878,-0.013855,0.008545,-0.003052
9087766,BNO_GRV,886,-3800,3,0.999878,-0.014038,0.008850,-0.003052
9098155,BNO_GRV,887,-4500,3,0.999878,-0.014160,0.009155,-0.003052
9107469,BNO_GRV,888,-4200,3,0.999878,-0.014282,0.009338,-0.003052
9117830,BNO_GRV,889,-4500,3,0.999817,-0.014343,0.009583,-0.003052
9127877,BNO_GRV,890,-3800,3,0.999817,-0.014404,0.009827,-0.003052
9138026,BNO_GRV,891,-4500,3,0.999817,-0.014343,0.010010,-0.003052
9147525,BNO_GRV,892,-4300,3,0.999817,-0.014404,0.010132,-0.003052
9158129,BNO_GRV,893,-4300,3,0.999817,-0.014526,0.010193,-0.003052
9168185,BNO_GRV,894,-3800,3,0.999817,-0.014709,0.010193,-0.003052
9178309,BNO_GRV,895,-4500,3,0.999817,-0.014771,0.010132,-0.003113
9187567,BNO_GRV,896,-4300,3,0.999817,-0.014771,0.010010,-0.003113
9198353,BNO_GRV,897,-4500,3,0.999817,-0.014771,0.009827,-0.003174
9208405,BNO_GRV,898,-4000,3,0.999817,-0.014771,0.009705,-0.003174
9218661,BNO_GRV,899,-4500,3,0.999817,-0.014771,0.009644,-0.003235
9227800,BNO_GRV,900,-4300,3,0.999817,-0.014648,0.009644,-0.003235
9238544,BNO_GRV,901,-4500,3,0.999817,-0.014465,0.009705,-0.003296
9248268,BNO_GRV,902,-3600,3,0.999817,-0.014404,0.009766,-0.003296
9258339,BNO_GRV,903,-4500,3,0.999817,-0.014282,0.009949,-0.003235
9267836,BNO_GRV,904,-4300,3,0.999817,-0.014221,0.010010,-0.003235
9278584,BNO_GRV,905,-4300,3,0.999817,-0.014221,0.010071,-0.003235
9288405,BNO_GRV,906,-3600,3,0.999817,-0.014221,0.010132,-0.003174
9298622,BNO_GRV,907,-4500,3,0.999817,-0.014221,0.010132,-0.003174
9307959,BNO_GRV,908,-4200,3,0.999817,-0.014221,0.010071,-0.003174
9318690,BNO_GRV,909,-4300,3,0.999817,-0.014282,0.009949,-0.003235
9328661,BNO_GRV,910,-3800,3,0.999817,-0.014343,0.009827,-0.003235
9338756,BNO_GRV,911,-4500,3,0.999817,-0.014404,0.009644,-0.003296
9348051,BNO_GRV,912,-4300,3,0.999817,-0.014404,0.009460,-0.003296
9358861,BNO_GRV,913,-4500,3,0.999817,-0.014404,0.009338,-0.003357
9368668,BNO_GRV,914,-4000,3,0.999878,-0.014343,0.009216,-0.003357
9378878,BNO_GRV,915,-4500,3,0.999878,-0.014343,0.009277,-0.003357
9388206,BNO_GRV,916,-4500,3,0.999817,-0.014404,0.009338,-0.003296
9398460,BNO_GRV,917,-4500,3,0.999817,-0.014404,0.009521,-0.003296
9409387,BNO_GRV,918,-5100,3,0.999817,-0.014526,0.009827,-0.003235
9419169,BNO_GRV,919,-4700,3,0.999817,-0.014587,0.010132,-0.003174
9428805,BNO_GRV,920,-4500,3,0.999817,-0.014648,0.010498,-0.003113
9438361,BNO_GRV,921,-4500,3,0.999817,-0.014648,0.010742,-0.003113
9448993,BNO_GRV,922,-4700,3,0.999817,-0.014709,0.010925,-0.003113
9459180,BNO_GRV,923,-4500,3,0.999817,-0.014709,0.010986,-0.003113
9468553,BNO_GRV,924,-4500,3,0.999817,-0.014709,0.010925,-0.003113
9478521,BNO_GRV,925,-4500,3,0.999817,-0.014648,0.010803,-0.003113
9489306,BNO_GRV,926,-5100,3,0.999817,-0.014648,0.010742,-0.003113
9498994,BNO_GRV,927,-4300,3,0.999817,-0.014587,0.010681,-0.003174
9508738,BNO_GRV,928,-4500,3,0.999817,-0.014526,0.010620,-0.003174
9518560,BNO_GRV,929,-4300,3,0.999817,-0.014526,0.010620,-0.003174
9529323,BNO_GRV,930,-4900,3,0.999817,-0.014587,0.010620,-0.003235
9538943,BNO_GRV,931,-4300,3,0.999817,-0.014648,0.010620,-0.003235
9548469,BNO_GRV,932,-4500,3,0.999817,-0.014709,0.010559,-0.003174
9558697,BNO_GRV,933,-4500,3,0.999817,-0.014771,0.010559,-0.003174
9568994,BNO_GRV,934,-4700,3,0.999817,-0.014832,0.010559,-0.003235
9579603,BNO_GRV,935,-4900,3,0.999817,-0.014832,0.010498,-0.003296
9588620,BNO_GRV,936,-4300,3,0.999817,-0.014709,0.010376,-0.003296
9598667,BNO_GRV,937,-4500,3,0.999817,-0.014648,0.010315,-0.003357
9609704,BNO_GRV,938,-5100,3,0.999817,-0.014526,0.010132,-0.003418
9619465,BNO_GRV,939,-4200,3,0.999817,-0.014465,0.010010,-0.003418
9628619,BNO_GRV,940,-4300,3,0.999817,-0.014465,0.009949,-0.003418
9639697,BNO_GRV,941,-4500,3,0.999817,-0.014526,0.009827,-0.003357
9649400,BNO_GRV,942,-4900,3,0.999817,-0.014648,0.009766,-0.003296
9659154,BNO_GRV,943,-4200,3,0.999817,-0.014709,0.009583,-0.003296
9668048,BNO_GRV,944,-3600,3,0.999817,-0.014832,0.009460,-0.003235
9679127,BNO_GRV,945,-4500,3,0.999817,-0.014954,0.009399,-0.003235
9690233,BNO_GRV,946,-5100,3,0.999817,-0.014954,0.009277,-0.003174
9699766,BNO_GRV,947,-4300,3,0.999817,-0.014893,0.009094,-0.003113
9709564,BNO_GRV,948,-4500,3,0.999817,-0.014771,0.008911,-0.003113
9719086,BNO_GRV,949,-4500,3,0.999878,-0.014709,0.008667,-0.003052
9729151,BNO_GRV,950,-4700,3,0.999878,-0.014587,0.008423,-0.003052
9739518,BNO_GRV,951,-4700,3,0.999878,-0.014587,0.008179,-0.002991
9748764,BNO_GRV,952,-4300,3,0.999878,-0.014526,0.007935,-0.002991
9758855,BNO_GRV,953,-4300,3,0.999878,-0.014526,0.007690,-0.002991
9769795,BNO_GRV,954,-4900,3,0.999878,-0.014465,0.007324,-0.002930
9779530,BNO_GRV,955,-4200,3,0.999878,-0.014465,0.006836,-0.002930
9788876,BNO_GRV,956,-4300,3,0.999878,-0.014465,0.006287,-0.002869
9799344,BNO_GRV,957,-4700,3,0.999878,-0.014465,0.005798,-0.002869
9809096,BNO_GRV,958,-4500,3,0.999878,-0.014526,0.005310,-0.002869
9819658,BNO_GRV,959,-4500,3,0.999878,-0.014587,0.004761,-0.002869
9828764,BNO_GRV,960,-4000,3,0.999878,-0.014648,0.004150,-0.002869
9839211,BNO_GRV,961,-4500,3,0.999878,-0.014648,0.003479,-0.002808
9849249,BNO_GRV,962,-4500,3,0.999878,-0.014648,0.002808,-0.002808
9859678,BNO_GRV,963,-4500,3,0.999878,-0.014709,0.002136,-0.002747
9869196,BNO_GRV,964,-4300,3,0.999878,-0.014709,0.001404,-0.002808
9879284,BNO_GRV,965,-4300,3,0.999878,-0.014771,0.000610,-0.002808
9889003,BNO_GRV,966,-4200,3,0.999878,-0.014832,-0.000427,-0.002869
9899481,BNO_GRV,967,-4300,3,0.999878,-0.014832,-0.001526,-0.002930
9909710,BNO_GRV,968,-4500,3,0.999878,-0.014893,-0.002747,-0.003052
9919086,BNO_GRV,969,-4200,3,0.999878,-0.014954,-0.003906,-0.003113
9929694,BNO_GRV,970,-4300,3,0.999878,-0.015015,-0.005066,-0.003174
9940110,BNO_GRV,971,-4500,3,0.999878,-0.015137,-0.006165,-0.003235
9949229,BNO_GRV,972,-4300,3,0.999878,-0.015198,-0.007141,-0.003296
9959372,BNO_GRV,973,-4300,3,0.999817,-0.015320,-0.008179,-0.003357
9969312,BNO_GRV,974,-4300,3,0.999817,-0.015442,-0.009216,-0.003418
9979936,BNO_GRV,975,-4300,3,0.999817,-0.015442,-0.010193,-0.003540
9989487,BNO_GRV,976,-4500,3,0.999817,-0.015381,-0.011108,-0.003601
9999355,BNO_GRV,977,-4300,3,0.999817,-0.015259,-0.012024,-0.003723
10009957,BNO_GRV,978,-4500,3,0.999817,-0.015076,-0.013000,-0.003845
10020400,BNO_GRV,979,-4500,3,0.999756,-0.014954,-0.013977,-0.003906
10029699,BNO_GRV,980,-4700,3,0.999756,-0.014954,-0.014893,-0.003967
10039415,BNO_GRV,981,-4200,3,0.999756,-0.014954,-0.015808,-0.004028
10049852,BNO_GRV,982,-4500,3,0.999756,-0.015015,-0.016602,-0.004089
10059872,BNO_GRV,983,-4000,3,0.999756,-0.014954,-0.017334,-0.004150
10069914,BNO_GRV,984,-4500,3,0.999695,-0.014893,-0.017944,-0.004272
10079410,BNO_GRV,985,-4200,3,0.999695,-0.014709,-0.018555,-0.004333
10090281,BNO_GRV,986,-4500,3,0.999695,-0.014465,-0.019287,-0.004456
10101039,BNO_GRV,987,-4700,3,0.999695,-0.014282,-0.020142,-0.004578
10110116,BNO_GRV,988,-4300,3,0.999695,-0.014160,-0.020935,-0.004700
10119650,BNO_GRV,989,-4200,3,0.999634,-0.014099,-0.021667,-0.004761
10130416,BNO_GRV,990,-4500,3,0.999634,-0.014160,-0.022400,-0.004822
10140255,BNO_GRV,991,-3800,3,0.999634,-0.014282,-0.023132,-0.004883
10150353,BNO_GRV,992,-4500,3,0.999573,-0.014343,-0.023865,-0.004883
10159612,BNO_GRV,993,-4300,3,0.999573,-0.014343,-0.024475,-0.004944
10170279,BNO_GRV,994,-4500,3,0.999573,-0.014282,-0.025208,-0.005005
10180303,BNO_GRV,995,-3800,3,0.999573,-0.014160,-0.025940,-0.005005
10190493,BNO_GRV,996,-4500,3,0.999512,-0.013977,-0.026794,-0.005066
10199656,BNO_GRV,997,-4200,3,0.999512,-0.013916,-0.027527,-0.005127
10210400,BNO_GRV,998,-4500,3,0.999512,-0.013916,-0.028442,-0.005188
10220817,BNO_GRV,999,-4300,3,0.999451,-0.013977,-0.029419,-0.005249
10230730,BNO_GRV,1000,-4700,3,0.999451,-0.013977,-0.030396,-0.005249
10240498,BNO_GRV,1001,-4700,3,0.999390,-0.014099,-0.030701,-0.005249
10250038,BNO_GRV,1002,-4300,3,0.999390,-0.014160,-0.031067,-0.005310
10260795,BNO_GRV,1003,-4900,3,0.999390,-0.014221,-0.031494,-0.005310
10270549,BNO_GRV,1004,-4500,3,0.999390,-0.014282,-0.031921,-0.005310
10280469,BNO_GRV,1005,-4500,3,0.999329,-0.014343,-0.032471,-0.005310
10290235,BNO_GRV,1006,-4500,3,0.999329,-0.014282,-0.033264,-0.005310
10301000,BNO_GRV,1007,-5100,3,0.999329,-0.014221,-0.034119,-0.005310
10310599,BNO_GRV,1008,-4500,3,0.999268,-0.014160,-0.034851,-0.005310
10320252,BNO_GRV,1009,-4500,3,0.999268,-0.014160,-0.035583,-0.005310
10330333,BNO_GRV,1010,-4500,3,0.999207,-0.014221,-0.036316,-0.005249
10341281,BNO_GRV,1011,-4900,3,0.999207,-0.014221,-0.037292,-0.005249
10350859,BNO_GRV,1012,-4500,3,0.999146,-0.014221,-0.038269,-0.005310
10360457,BNO_GRV,1013,-4500,3,0.999084,-0.014221,-0.039307,-0.005310
10370387,BNO_GRV,1014,-4500,3,0.999084,-0.014221,-0.040466,-0.005310
10381170,BNO_GRV,1015,-4900,3,0.999023,-0.014282,-0.041748,-0.005371
10390863,BNO_GRV,1016,-4300,3,0.998962,-0.014343,-0.042969,-0.005432
10400624,BNO_GRV,1017,-4300,3,0.998901,-0.014343,-0.044189,-0.005432
10410192,BNO_GRV,1018,-4300,3,0.998840,-0.014343,-0.045227,-0.005432
10420560,BNO_GRV,1019,-4700,3,0.998840,-0.014343,-0.046204,-0.005371
10430846,BNO_GRV,1020,-4500,3,0.998779,-0.014404,-0.047180,-0.005371
10440481,BNO_GRV,1021,-4300,3,0.998718,-0.014526,-0.048096,-0.005310
10450257,BNO_GRV,1022,-4300,3,0.998657,-0.014526,-0.048889,-0.005249
10460804,BNO_GRV,1023,-4700,3,0.998657,-0.014526,-0.049683,-0.005249
10471101,BNO_GRV,1024,-4700,3,0.998596,-0.014465,-0.050537,-0.005310
10480285,BNO_GRV,1025,-4300,3,0.998535,-0.014343,-0.051453,-0.005371
10491178,BNO_GRV,1026,-4300,3,0.998474,-0.014221,-0.052551,-0.005371
10500767,BNO_GRV,1027,-4700,3,0.998474,-0.014221,-0.053528,-0.005432
10510814,BNO_GRV,1028,-4200,3,0.998413,-0.014160,-0.054504,-0.005493
10519940,BNO_GRV,1029,-3800,3,0.998352,-0.014160,-0.055603,-0.005554
10530681,BNO_GRV,1030,-4300,3,0.998291,-0.014160,-0.056641,-0.005554
10540631,BNO_GRV,1031,-4300,3,0.998230,-0.014099,-0.057861,-0.005554
10550943,BNO_GRV,1032,-4300,3,0.998169,-0.014099,-0.059021,-0.005615
10559934,BNO_GRV,1033,-3800,3,0.998108,-0.014099,-0.060059,-0.005676
10570882,BNO_GRV,1034,-4300,3,0.998047,-0.014099,-0.061035,-0.005676
10580602,BNO_GRV,1035,-4300,3,0.997986,-0.014038,-0.061890,-0.005676
10591032,BNO_GRV,1036,-4200,3,0.997925,-0.013916,-0.062744,-0.005676
10600076,BNO_GRV,1037,-3800,3,0.997864,-0.013855,-0.063538,-0.005737
10610922,BNO_GRV,1038,-4300,3,0.997803,-0.013855,-0.064270,-0.005737
10620577,BNO_GRV,1039,-4200,3,0.997742,-0.013855,-0.065002,-0.005798
10631173,BNO_GRV,1040,-4500,3,0.997742,-0.013855,-0.065796,-0.005859
10640460,BNO_GRV,1041,-3800,3,0.997681,-0.013733,-0.066650,-0.005859
10651356,BNO_GRV,1042,-4500,3,0.997620,-0.013733,-0.067505,-0.005859
10660868,BNO_GRV,1043,-4300,3,0.997559,-0.013733,-0.068237,-0.005920
10671261,BNO_GRV,1044,-4300,3,0.997498,-0.013794,-0.069092,-0.005981
10680386,BNO_GRV,1045,-4000,3,0.997437,-0.013733,-0.070007,-0.005981
10691287,BNO_GRV,1046,-4300,3,0.997375,-0.013672,-0.070984,-0.006042
10700862,BNO_GRV,1047,-4300,3,0.997314,-0.013672,-0.072021,-0.006042
10711156,BNO_GRV,1048,-4200,3,0.997192,-0.013733,-0.073242,-0.006104
10721129,BNO_GRV,1049,-4500,3,0.997131,-0.013855,-0.074585,-0.006104
10731207,BNO_GRV,1050,-4500,3,0.997070,-0.013916,-0.075195,-0.006104
10741078,BNO_GRV,1051,-4500,3,0.997009,-0.013916,-0.075928,-0.006104
10751519,BNO_GRV,1052,-4700,3,0.996948,-0.013916,-0.076782,-0.006165
10760835,BNO_GRV,1053,-4300,3,0.996826,-0.013916,-0.077759,-0.006165
10771219,BNO_GRV,1054,-4500,3,0.996765,-0.013916,-0.079041,-0.006165
10781211,BNO_GRV,1055,-4500,3,0.996643,-0.013855,-0.080261,-0.006226
10791611,BNO_GRV,1056,-4300,3,0.996582,-0.013733,-0.081421,-0.006226
10800851,BNO_GRV,1057,-4200,3,0.996460,-0.013550,-0.082581,-0.006287
10811067,BNO_GRV,1058,-4200,3,0.996399,-0.013367,-0.083679,-0.006287
10821164,BNO_GRV,1059,-4300,3,0.996338,-0.013306,-0.084595,-0.006287
10831439,BNO_GRV,1060,-4200,3,0.996216,-0.013306,-0.085449,-0.006226
10841553,BNO_GRV,1061,-4500,3,0.996155,-0.013428,-0.086304,-0.006165
10851202,BNO_GRV,1062,-4500,3,0.996094,-0.013611,-0.087158,-0.006104
10861715,BNO_GRV,1063,-4500,3,0.995972,-0.013916,-0.088074,-0.006104
10871485,BNO_GRV,1064,-3600,3,0.995911,-0.014099,-0.088928,-0.006104
10881423,BNO_GRV,1065,-4300,3,0.995850,-0.014099,-0.089966,-0.006104
10891214,BNO_GRV,1066,-4200,3,0.995728,-0.014099,-0.091003,-0.006104
10901851,BNO_GRV,1067,-4500,3,0.995667,-0.014099,-0.091980,-0.006104
10912370,BNO_GRV,1068,-4500,3,0.995544,-0.014099,-0.092896,-0.006104
10921665,BNO_GRV,1069,-4500,3,0.995483,-0.014099,-0.093689,-0.006104
10931165,BNO_GRV,1070,-4200,3,0.995422,-0.014099,-0.094482,-0.006104
10941977,BNO_GRV,1071,-4300,3,0.995300,-0.014099,-0.095398,-0.006104
10951796,BNO_GRV,1072,-4000,3,0.995239,-0.014099,-0.096252,-0.006104
10961913,BNO_GRV,1073,-4500,3,0.995117,-0.014038,-0.097229,-0.006104
10971339,BNO_GRV,1074,-4200,3,0.995056,-0.014038,-0.098145,-0.006042
10982045,BNO_GRV,1075,-4500,3,0.994934,-0.014099,-0.099121,-0.005981
10991827,BNO_GRV,1076,-3800,3,0.994873,-0.014221,-0.099976,-0.005981
11001898,BNO_GRV,1077,-4300,3,0.994751,-0.014282,-0.100891,-0.005981
11011511,BNO_GRV,1078,-4300,3,0.994690,-0.014343,-0.101746,-0.005981
11022441,BNO_GRV,1079,-4500,3,0.994568,-0.014404,-0.102844,-0.005981
11032228,BNO_GRV,1080,-4000,3,0.994446,-0.014404,-0.103882,-0.005981
11042500,BNO_GRV,1081,-4500,3,0.994324,-0.014465,-0.105164,-0.005920
11051567,BNO_GRV,1082,-4200,3,0.994202,-0.014526,-0.106384,-0.005920
11062325,BNO_GRV,1083,-4500,3,0.994080,-0.014648,-0.107727,-0.005859
11072105,BNO_GRV,1084,-3600,3,0.993896,-0.014771,-0.108948,-0.005859
11082268,BNO_GRV,1085,-4500,3,0.993774,-0.014954,-0.110352,-0.005859
11091585,BNO_GRV,1086,-4300,3,0.993591,-0.015076,-0.111694,-0.005859
11102238,BNO_GRV,1087,-4300,3,0.993469,-0.015259,-0.113159,-0.005859
11112355,BNO_GRV,1088,-3800,3,0.993286,-0.015381,-0.114502,-0.005920
11122536,BNO_GRV,1089,-4500,3,0.993103,-0.015381,-0.115967,-0.005920
11131766,BNO_GRV,1090,-4300,3,0.992981,-0.015442,-0.117249,-0.005920
11142402,BNO_GRV,1091,-4500,3,0.992798,-0.015503,-0.118652,-0.005981
11152427,BNO_GRV,1092,-4000,3,0.992676,-0.015564,-0.119812,-0.005981
11162499,BNO_GRV,1093,-4500,3,0.992493,-0.015747,-0.121094,-0.005981
11171794,BNO_GRV,1094,-4200,3,0.992371,-0.015869,-0.122192,-0.005981
11181933,BNO_GRV,1095,-4300,3,0.992249,-0.016052,-0.123291,-0.005981
11192456,BNO_GRV,1096,-4500,3,0.992065,-0.016174,-0.124451,-0.006042
11202601,BNO_GRV,1097,-4500,3,0.991943,-0.016296,-0.125610,-0.005981
11211776,BNO_GRV,1098,-4200,3,0.991821,-0.016357,-0.126526,-0.005981
11222765,BNO_GRV,1099,-4300,3,0.991699,-0.016418,-0.127625,-0.005981
11232642,BNO_GRV,1100,-3800,3,0.991577,-0.016418,-0.128479,-0.006042
11242758,BNO_GRV,1101,-4500,3,0.991455,-0.016479,-0.129456,-0.006042
11252117,BNO_GRV,1102,-4300,3,0.991333,-0.016602,-0.130371,-0.006104
11261968,BNO_GRV,1103,-4200,3,0.991211,-0.016724,-0.131226,-0.006104
11272590,BNO_GRV,1104,-4300,3,0.991089,-0.016907,-0.132141,-0.006042
11282938,BNO_GRV,1105,-4700,3,0.990906,-0.017151,-0.133179,-0.006042
11292102,BNO_GRV,1106,-4300,3,0.990784,-0.017456,-0.134094,-0.006042
11302952,BNO_GRV,1107,-4300,3,0.990662,-0.017700,-0.135132,-0.006042
11312675,BNO_GRV,1108,-3800,3,0.990540,-0.017883,-0.136047,-0.006104
11323086,BNO_GRV,1109,-4900,3,0.990356,-0.018066,-0.137085,-0.006042
11332386,BNO_GRV,1110,-4300,3,0.990234,-0.018250,-0.138000,-0.006042
11342304,BNO_GRV,1111,-4300,3,0.990112,-0.018494,-0.138977,-0.005981
11352647,BNO_GRV,1112,-4700,3,0.989929,-0.018799,-0.140015,-0.005981
11363012,BNO_GRV,1113,-4700,3,0.989807,-0.018982,-0.141174,-0.005920
11372386,BNO_GRV,1114,-4300,3,0.989624,-0.019165,-0.142395,-0.005859
11382321,BNO_GRV,1115,-4300,3,0.989441,-0.019226,-0.143738,-0.005798
11392455,BNO_GRV,1116,-4500,3,0.989197,-0.019287,-0.145203,-0.005676
11402648,BNO_GRV,1117,-4200,3,0.989014,-0.019287,-0.146606,-0.005676
11411806,BNO_GRV,1118,-3600,3,0.988770,-0.019226,-0.148071,-0.005615
11422564,BNO_GRV,1119,-4300,3,0.988586,-0.019165,-0.149414,-0.005615
11432780,BNO_GRV,1120,-4500,3,0.988403,-0.019226,-0.150696,-0.005615
11443214,BNO_GRV,1121,-4700,3,0.988159,-0.019226,-0.151978,-0.005615
11452388,BNO_GRV,1122,-4300,3,0.988037,-0.019287,-0.153076,-0.005615
11463169,BNO_GRV,1123,-4300,3,0.987854,-0.019287,-0.154175,-0.005615
11473683,BNO_GRV,1124,-4500,3,0.987671,-0.019104,-0.155212,-0.005615
11483182,BNO_GRV,1125,-4000,3,0.987549,-0.018860,-0.156128,-0.005676
11491879,BNO_GRV,1126,-3800,3,0.987427,-0.018677,-0.156921,-0.005676
11502776,BNO_GRV,1127,-4300,3,0.987305,-0.018555,-0.157776,-0.005737
11512538,BNO_GRV,1128,-4300,3,0.987183,-0.018555,-0.158569,-0.005737
11523767,BNO_GRV,1129,-4700,3,0.987000,-0.018494,-0.159485,-0.005798
11532601,BNO_GRV,1130,-4500,3,0.986877,-0.018433,-0.160339,-0.005859
11543361,BNO_GRV,1131,-4500,3,0.986694,-0.018311,-0.161377,-0.005859
11554095,BNO_GRV,1132,-4500,3,0.986572,-0.018250,-0.162231,-0.005920
11563623,BNO_GRV,1133,-4000,3,0.986389,-0.018250,-0.163147,-0.005981
11572647,BNO_GRV,1134,-4200,3,0.986267,-0.018311,-0.164124,-0.006042
11583421,BNO_GRV,1135,-4300,3,0.986023,-0.018433,-0.165344,-0.006042
11593939,BNO_GRV,1136,-4300,3,0.985840,-0.018555,-0.166687,-0.006104
11603539,BNO_GRV,1137,-4000,3,0.985596,-0.018677,-0.167969,-0.006104
11613035,BNO_GRV,1138,-4500,3,0.985352,-0.018799,-0.169312,-0.006165
11622697,BNO_GRV,1139,-4300,3,0.985168,-0.018921,-0.170471,-0.006104
11632772,BNO_GRV,1140,-4300,3,0.984985,-0.019043,-0.171570,-0.006165
11644003,BNO_GRV,1141,-4700,3,0.984802,-0.019043,-0.172485,-0.006165
11652959,BNO_GRV,1142,-4300,3,0.984680,-0.019043,-0.173279,-0.006165
11662895,BNO_GRV,1143,-4300,3,0.984558,-0.019043,-0.174011,-0.006226
11672766,BNO_GRV,1144,-4200,3,0.984375,-0.019104,-0.174866,-0.006287
11683278,BNO_GRV,1145,-4300,3,0.984192,-0.019165,-0.175842,-0.006348
11692228,BNO_GRV,1146,-3600,3,0.984009,-0.019104,-0.176819,-0.006409
11703307,BNO_GRV,1147,-4300,3,0.983887,-0.019043,-0.177734,-0.006409
11712851,BNO_GRV,1148,-4200,3,0.983765,-0.019043,-0.178528,-0.006470
11724165,BNO_GRV,1149,-4500,3,0.983582,-0.018982,-0.179504,-0.006592
11733571,BNO_GRV,1150,-4500,3,0.983398,-0.018982,-0.180420,-0.006653
11743176,BNO_GRV,1151,-4300,3,0.983215,-0.018921,-0.181335,-0.006714
11753063,BNO_GRV,1152,-4200,3,0.983032,-0.018860,-0.182312,-0.006775
11763519,BNO_GRV,1153,-4500,3,0.982849,-0.018799,-0.183411,-0.006836
11772917,BNO_GRV,1154,-4000,3,0.982605,-0.018738,-0.184631,-0.006897
11783002,BNO_GRV,1155,-4200,3,0.982361,-0.018677,-0.185913,-0.006897
11793459,BNO_GRV,1156,-4500,3,0.982117,-0.018738,-0.187195,-0.006958
11803553,BNO_GRV,1157,-4200,3,0.981873,-0.018860,-0.188354,-0.006897
11813672,BNO_GRV,1158,-4500,3,0.981689,-0.018799,-0.189575,-0.006958
11823191,BNO_GRV,1159,-4200,3,0.981445,-0.018738,-0.190613,-0.006958
11833738,BNO_GRV,1160,-4300,3,0.981262,-0.018677,-0.191650,-0.006958
11844235,BNO_GRV,1161,-4300,3,0.981079,-0.018555,-0.192444,-0.006958
11853559,BNO_GRV,1162,-4500,3,0.980957,-0.018372,-0.193176,-0.007019
11863142,BNO_GRV,1163,-4300,3,0.980835,-0.018250,-0.193970,-0.007080
11873812,BNO_GRV,1164,-4500,3,0.980591,-0.018127,-0.194946,-0.007080
11883731,BNO_GRV,1165,-4000,3,0.980408,-0.018127,-0.196045,-0.007141
11893827,BNO_GRV,1166,-4300,3,0.980103,-0.018127,-0.197388,-0.007141
11903336,BNO_GRV,1167,-4300,3,0.979858,-0.018127,-0.198730,-0.007141
11914029,BNO_GRV,1168,-4300,3,0.979614,-0.018066,-0.200073,-0.007141
11923820,BNO_GRV,1169,-3800,3,0.979370,-0.017883,-0.201111,-0.007080
11934039,BNO_GRV,1170,-4500,3,0.979187,-0.017700,-0.202026,-0.006958
11943404,BNO_GRV,1171,-4200,3,0.979004,-0.017700,-0.202820,-0.006897
11954072,BNO_GRV,1172,-4300,3,0.978882,-0.017822,-0.203674,-0.006836
11964057,BNO_GRV,1173,-4000,3,0.978699,-0.018005,-0.204468,-0.006775
11974371,BNO_GRV,1174,-4500,3,0.978455,-0.018188,-0.205505,-0.006775
11983503,BNO_GRV,1175,-4300,3,0.978271,-0.018311,-0.206482,-0.006714
11993950,BNO_GRV,1176,-4300,3,0.978027,-0.018311,-0.207458,-0.006653
12004458,BNO_GRV,1177,-4300,3,0.977844,-0.018250,-0.208435,-0.006592
12013796,BNO_GRV,1178,-4500,3,0.977661,-0.018188,-0.209351,-0.006653
12023692,BNO_GRV,1179,-4300,3,0.977417,-0.018250,-0.210388,-0.006653
12034442,BNO_GRV,1180,-4500,3,0.977173,-0.018250,-0.211487,-0.006653
12044477,BNO_GRV,1181,-4000,3,0.976990,-0.018188,-0.212402,-0.006592
12054204,BNO_GRV,1182,-4700,3,0.976868,-0.018127,-0.212830,-0.006531
12063974,BNO_GRV,1183,-4300,3,0.976746,-0.018005,-0.213440,-0.006409
12073951,BNO_GRV,1184,-4500,3,0.976501,-0.018005,-0.214539,-0.006348
12084874,BNO_GRV,1185,-5100,3,0.976196,-0.018188,-0.215942,-0.006348
12094499,BNO_GRV,1186,-4700,3,0.975830,-0.018433,-0.217651,-0.006287
12104143,BNO_GRV,1187,-4300,3,0.975403,-0.018616,-0.219543,-0.006287
12113831,BNO_GRV,1188,-4200,3,0.974976,-0.018799,-0.221436,-0.006287
12124434,BNO_GRV,1189,-4500,3,0.974548,-0.018982,-0.223267,-0.006287
12134633,BNO_GRV,1190,-4500,3,0.974121,-0.019226,-0.225037,-0.006287
12143850,BNO_GRV,1191,-4300,3,0.973755,-0.019348,-0.226562,-0.006287
12153866,BNO_GRV,1192,-4300,3,0.973389,-0.019287,-0.228210,-0.006287
12164467,BNO_GRV,1193,-4500,3,0.973022,-0.019287,-0.229919,-0.006287
12174979,BNO_GRV,1194,-4900,3,0.972595,-0.019287,-0.231628,-0.006287
12184034,BNO_GRV,1195,-4200,3,0.972229,-0.019287,-0.233154,-0.006287
12193935,BNO_GRV,1196,-4300,3,0.971863,-0.019287,-0.234680,-0.006226
12204842,BNO_GRV,1197,-4900,3,0.971497,-0.019287,-0.236206,-0.006226
12214244,BNO_GRV,1198,-4000,3,0.971130,-0.019348,-0.237671,-0.006226
12223745,BNO_GRV,1199,-4200,3,0.970764,-0.019409,-0.239258,-0.006226
12234565,BNO_GRV,1200,-4300,3,0.970337,-0.019470,-0.240967,-0.006287
12245149,BNO_GRV,1201,-4500,3,0.969910,-0.019470,-0.242554,-0.006348
12254615,BNO_GRV,1202,-4200,3,0.969543,-0.019470,-0.244141,-0.006409
12264500,BNO_GRV,1203,-4300,3,0.969116,-0.019470,-0.245728,-0.006409
12273953,BNO_GRV,1204,-4200,3,0.968750,-0.019470,-0.247070,-0.006348
12284325,BNO_GRV,1205,-4500,3,0.968445,-0.019409,-0.248413,-0.006348
12294490,BNO_GRV,1206,-4300,3,0.968140,-0.019348,-0.249634,-0.006348
12303374,BNO_GRV,1207,-3400,3,0.967834,-0.019226,-0.250793,-0.006348
12314144,BNO_GRV,1208,-4300,3,0.967590,-0.019104,-0.251831,-0.006287
12324475,BNO_GRV,1209,-4500,3,0.967346,-0.019043,-0.252686,-0.006287
12334510,BNO_GRV,1210,-4300,3,0.967163,-0.019043,-0.253418,-0.006226
12343794,BNO_GRV,1211,-3800,3,0.966980,-0.019104,-0.254089,-0.006165
12354768,BNO_GRV,1212,-4300,3,0.966797,-0.019043,-0.254822,-0.006165
12364341,BNO_GRV,1213,-4300,3,0.966553,-0.018860,-0.255676,-0.006104
12374670,BNO_GRV,1214,-4300,3,0.966309,-0.018677,-0.256653,-0.006104
12383699,BNO_GRV,1215,-3600,3,0.966003,-0.018494,-0.257690,-0.006042
12394575,BNO_GRV,1216,-4300,3,0.965759,-0.018433,-0.258850,-0.006042
12404387,BNO_GRV,1217,-4300,3,0.965454,-0.018311,-0.259827,-0.005981
12414752,BNO_GRV,1218,-4200,3,0.965149,-0.018250,-0.260925,-0.005981
12424035,BNO_GRV,1219,-3800,3,0.964844,-0.018250,-0.262146,-0.005981
12434966,BNO_GRV,1220,-4300,3,0.964417,-0.018311,-0.263550,-0.006042
12444237,BNO_GRV,1221,-4200,3,0.964050,-0.018372,-0.265015,-0.006042
12455033,BNO_GRV,1222,-4500,3,0.963562,-0.018494,-0.266663,-0.006042
12463983,BNO_GRV,1223,-3800,3,0.963135,-0.018555,-0.268372,-0.006104
12474799,BNO_GRV,1224,-4300,3,0.962585,-0.018616,-0.270264,-0.006165
12484559,BNO_GRV,1225,-4300,3,0.962036,-0.018555,-0.272217,-0.006287
12494968,BNO_GRV,1226,-4300,3,0.961426,-0.018555,-0.274414,-0.006348
12504005,BNO_GRV,1227,-3600,3,0.960754,-0.018555,-0.276794,-0.006470
12515077,BNO_GRV,1228,-4200,3,0.959961,-0.018555,-0.279358,-0.006531
12524444,BNO_GRV,1229,-4200,3,0.959290,-0.018494,-0.281799,-0.006531
12535166,BNO_GRV,1230,-4300,3,0.958557,-0.018555,-0.284241,-0.006592
12544217,BNO_GRV,1231,-3800,3,0.957825,-0.018677,-0.286621,-0.006531
12555321,BNO_GRV,1232,-4500,3,0.957092,-0.018799,-0.289062,-0.006470
12564630,BNO_GRV,1233,-4200,3,0.956482,-0.018921,-0.291138,-0.006409
12575680,BNO_GRV,1234,-4500,3,0.955872,-0.019043,-0.293030,-0.006348
12585045,BNO_GRV,1235,-4500,3,0.955444,-0.019104,-0.294434,-0.006348
12594645,BNO_GRV,1236,-4300,3,0.955078,-0.019226,-0.295654,-0.006348
12604930,BNO_GRV,1237,-4300,3,0.954712,-0.019287,-0.296753,-0.006348
12615241,BNO_GRV,1238,-4200,3,0.954407,-0.019287,-0.297791,-0.006287
12624224,BNO_GRV,1239,-3800,3,0.954102,-0.019287,-0.298767,-0.006287
12635444,BNO_GRV,1240,-4500,3,0.953857,-0.019165,-0.299561,-0.006226
12644918,BNO_GRV,1241,-4200,3,0.953674,-0.019104,-0.300232,-0.006226
12655348,BNO_GRV,1242,-4500,3,0.953430,-0.019104,-0.300842,-0.006287
12664848,BNO_GRV,1243,-4300,3,0.953247,-0.019104,-0.301514,-0.006287
12674881,BNO_GRV,1244,-4200,3,0.953064,-0.019104,-0.302185,-0.006348
12685374,BNO_GRV,1245,-4500,3,0.952820,-0.019043,-0.302917,-0.006348
12695717,BNO_GRV,1246,-4300,3,0.952576,-0.018982,-0.303711,-0.006409
12704559,BNO_GRV,1247,-4000,3,0.952271,-0.018982,-0.304504,-0.006409
12715926,BNO_GRV,1248,-4300,3,0.952026,-0.019043,-0.305420,-0.006470
12725166,BNO_GRV,1249,-4200,3,0.951782,-0.019043,-0.306213,-0.006470
12735587,BNO_GRV,1250,-4300,3,0.951538,-0.018921,-0.306885,-0.006531
12745849,BNO_GRV,1251,-4500,3,0.951355,-0.018799,-0.307434,-0.006531
12754984,BNO_GRV,1252,-4000,3,0.951233,-0.018738,-0.307739,-0.006531
12765678,BNO_GRV,1253,-4500,3,0.951172,-0.018738,-0.307983,-0.006531
12775544,BNO_GRV,1254,-3800,3,0.951111,-0.018738,-0.308105,-0.006592
12785588,BNO_GRV,1255,-4500,3,0.951111,-0.018616,-0.308289,-0.006592
12795117,BNO_GRV,1256,-4200,3,0.951050,-0.018494,-0.308411,-0.006592
12805536,BNO_GRV,1257,-4200,3,0.951050,-0.018433,-0.308472,-0.006592
12815793,BNO_GRV,1258,-3800,3,0.950989,-0.018433,-0.308533,-0.006653
12825866,BNO_GRV,1259,-4500,3,0.950989,-0.018494,-0.308594,-0.006653
12835290,BNO_GRV,1260,-4300,3,0.950928,-0.018555,-0.308716,-0.006714
12845930,BNO_GRV,1261,-4300,3,0.950928,-0.018616,-0.308777,-0.006714
12855869,BNO_GRV,1262,-3800,3,0.950928,-0.018677,-0.308838,-0.006775
12865961,BNO_GRV,1263,-4500,3,0.950867,-0.018677,-0.308899,-0.006775
12875335,BNO_GRV,1264,-4300,3,0.950867,-0.018616,-0.308899,-0.006836
12885901,BNO_GRV,1265,-4300,3,0.950928,-0.018555,-0.308838,-0.006897
12896005,BNO_GRV,1266,-3800,3,0.950928,-0.018433,-0.308716,-0.006958
12906051,BNO_GRV,1267,-4500,3,0.950989,-0.018250,-0.308533,-0.007019
12915377,BNO_GRV,1268,-4200,3,0.951050,-0.018127,-0.308411,-0.007080
12926028,BNO_GRV,1269,-4300,3,0.951111,-0.017944,-0.308228,-0.007141
12936051,BNO_GRV,1270,-3800,3,0.951172,-0.017761,-0.308105,-0.007202
12946187,BNO_GRV,1271,-4500,3,0.951233,-0.017639,-0.307983,-0.007263
12955411,BNO_GRV,1272,-4200,3,0.951233,-0.017517,-0.307861,-0.007324
12966229,BNO_GRV,1273,-4300,3,0.951294,-0.017456,-0.307739,-0.007385
12976699,BNO_GRV,1274,-4500,3,0.951294,-0.017456,-0.307617,-0.007446
12986150,BNO_GRV,1275,-4700,3,0.951355,-0.017456,-0.307556,-0.007507
12995683,BNO_GRV,1276,-4200,3,0.951355,-0.017395,-0.307556,-0.007507
13006232,BNO_GRV,1277,-4300,3,0.951355,-0.017212,-0.307495,-0.007629
13016676,BNO_GRV,1278,-4500,3,0.951416,-0.017151,-0.307373,-0.007690
13026144,BNO_GRV,1279,-4500,3,0.951416,-0.017090,-0.307312,-0.007690
13035642,BNO_GRV,1280,-4300,3,0.951477,-0.017151,-0.307251,-0.007751
13046336,BNO_GRV,1281,-4300,3,0.951477,-0.017273,-0.307129,-0.007751
13056666,BNO_GRV,1282,-4000,3,0.951538,-0.017456,-0.306946,-0.007690
13066098,BNO_GRV,1283,-4200,3,0.951599,-0.017578,-0.306702,-0.007690
13076033,BNO_GRV,1284,-4500,3,0.951660,-0.017578,-0.306519,-0.007629
13086820,BNO_GRV,1285,-4700,3,0.951477,-0.017578,-0.307068,-0.007629
13096818,BNO_GRV,1286,-4200,3,0.951355,-0.017578,-0.307495,-0.007568
13106408,BNO_GRV,1287,-4300,3,0.951233,-0.017517,-0.307800,-0.007568
13116290,BNO_GRV,1288,-4300,3,0.951172,-0.017456,-0.308105,-0.007629
13126090,BNO_GRV,1289,-4500,3,0.951111,-0.017456,-0.308350,-0.007629
13136946,BNO_GRV,1290,-4900,3,0.950989,-0.017517,-0.308594,-0.007629
13146671,BNO_GRV,1291,-4300,3,0.950928,-0.017517,-0.308777,-0.007629
13156422,BNO_GRV,1292,-4300,3,0.950867,-0.017517,-0.308960,-0.007690
13166109,BNO_GRV,1293,-4500,3,0.950806,-0.017578,-0.309204,-0.007690
13176894,BNO_GRV,1294,-4900,3,0.950745,-0.017578,-0.309448,-0.007690
13186658,BNO_GRV,1295,-4300,3,0.950623,-0.017578,-0.309692,-0.007690
13196142,BNO_GRV,1296,-4300,3,0.950562,-0.017517,-0.309875,-0.007629
13206164,BNO_GRV,1297,-4500,3,0.950562,-0.017456,-0.309875,-0.007629
13216651,BNO_GRV,1298,-4700,3,0.950562,-0.017456,-0.309937,-0.007568
13227409,BNO_GRV,1299,-5100,3,0.950623,-0.017395,-0.309753,-0.007568
13236868,BNO_GRV,1300,-4500,3,0.950684,-0.017334,-0.309631,-0.007568
13246258,BNO_GRV,1301,-4300,3,0.950684,-0.017273,-0.309509,-0.007568
13256682,BNO_GRV,1302,-4700,3,0.950745,-0.017212,-0.309509,-0.007568
13267216,BNO_GRV,1303,-4900,3,0.950745,-0.017212,-0.309509,-0.007568
13276372,BNO_GRV,1304,-4500,3,0.950684,-0.017212,-0.309509,-0.007629
13286411,BNO_GRV,1305,-4700,3,0.950684,-0.017212,-0.309570,-0.007629
13296632,BNO_GRV,1306,-4700,3,0.950684,-0.017334,-0.309631,-0.007629
13306726,BNO_GRV,1307,-4300,3,0.950623,-0.017456,-0.309692,-0.007629
13315729,BNO_GRV,1308,-3800,3,0.950623,-0.017517,-0.309753,-0.007629
13326832,BNO_GRV,1309,-4700,3,0.950623,-0.017639,-0.309814,-0.007629
13337276,BNO_GRV,1310,-4900,3,0.950562,-0.017700,-0.309875,-0.007568
13346990,BNO_GRV,1311,-4200,3,0.950562,-0.017822,-0.309937,-0.007568
13356440,BNO_GRV,1312,-4300,3,0.950562,-0.017883,-0.309875,-0.007507
13366445,BNO_GRV,1313,-4300,3,0.950623,-0.017822,-0.309814,-0.007507
13376901,BNO_GRV,1314,-4900,3,0.950684,-0.017761,-0.309631,-0.007507
13387357,BNO_GRV,1315,-4700,3,0.950684,-0.017639,-0.309509,-0.007507
13396519,BNO_GRV,1316,-4300,3,0.950745,-0.017578,-0.309387,-0.007507
13406493,BNO_GRV,1317,-4300,3,0.950745,-0.017517,-0.309326,-0.007568
13416614,BNO_GRV,1318,-4500,3,0.950745,-0.017456,-0.309387,-0.007629
13427021,BNO_GRV,1319,-4500,3,0.950745,-0.017395,-0.309448,-0.007629
13436072,BNO_GRV,1320,-3800,3,0.950684,-0.017456,-0.309509,-0.007690
13447242,BNO_GRV,1321,-4500,3,0.950684,-0.017456,-0.309631,-0.007690
13456757,BNO_GRV,1322,-4500,3,0.950623,-0.017517,-0.309753,-0.007690
13467126,BNO_GRV,1323,-4500,3,0.950623,-0.017517,-0.309814,-0.007690
13476659,BNO_GRV,1324,-4500,3,0.950562,-0.017578,-0.309937,-0.007690
13486745,BNO_GRV,1325,-4300,3,0.950562,-0.017578,-0.309875,-0.007629
13496672,BNO_GRV,1326,-4500,3,0.950623,-0.017578,-0.309814,-0.007629
13507592,BNO_GRV,1327,-4700,3,0.950684,-0.017578,-0.309570,-0.007629
13517039,BNO_GRV,1328,-4700,3,0.950806,-0.017639,-0.309265,-0.007629
13526816,BNO_GRV,1329,-4300,3,0.950928,-0.017578,-0.308838,-0.007629
13536986,BNO_GRV,1330,-4500,3,0.951050,-0.017517,-0.308350,-0.007629
13547308,BNO_GRV,1331,-4500,3,0.951233,-0.017395,-0.307983,-0.007690
13556709,BNO_GRV,1332,-4300,3,0.951355,-0.017212,-0.307617,-0.007751
13567008,BNO_GRV,1333,-4500,3,0.951416,-0.017090,-0.307251,-0.007751
13577139,BNO_GRV,1334,-4700,3,0.951538,-0.016968,-0.306946,-0.007812
13587971,BNO_GRV,1335,-5100,3,0.951660,-0.016846,-0.306641,-0.007812
13597581,BNO_GRV,1336,-4500,3,0.951721,-0.016846,-0.306335,-0.007812
13607514,BNO_GRV,1337,-4700,3,0.951843,-0.016785,-0.306030,-0.007874
13617068,BNO_GRV,1338,-4500,3,0.951965,-0.016785,-0.305664,-0.007874
13627378,BNO_GRV,1339,-4500,3,0.952087,-0.016785,-0.305298,-0.007874
13637416,BNO_GRV,1340,-4500,3,0.952209,-0.016846,-0.304932,-0.007812
13647379,BNO_GRV,1341,-4500,3,0.952332,-0.016907,-0.304504,-0.007812
13657151,BNO_GRV,1342,-4500,3,0.952454,-0.016968,-0.304016,-0.007812
13667633,BNO_GRV,1343,-4500,3,0.952637,-0.017090,-0.303528,-0.007751
13677420,BNO_GRV,1344,-4500,3,0.952820,-0.017151,-0.302856,-0.007751
13687066,BNO_GRV,1345,-4300,3,0.953064,-0.017090,-0.302185,-0.007751
13697673,BNO_GRV,1346,-4500,3,0.953308,-0.017029,-0.301453,-0.007751
13707855,BNO_GRV,1347,-4300,3,0.953552,-0.016968,-0.300720,-0.007751
13717103,BNO_GRV,1348,-4300,3,0.953796,-0.016968,-0.299866,-0.007690
13727301,BNO_GRV,1349,-4300,3,0.954102,-0.017029,-0.298950,-0.007690
13737620,BNO_GRV,1350,-4300,3,0.954407,-0.017029,-0.297974,-0.007629
13747721,BNO_GRV,1351,-4000,3,0.954651,-0.017029,-0.297058,-0.007629
13757788,BNO_GRV,1352,-4500,3,0.954956,-0.016968,-0.296143,-0.007568
13767293,BNO_GRV,1353,-4300,3,0.955200,-0.016907,-0.295288,-0.007568
13777874,BNO_GRV,1354,-4500,3,0.955505,-0.016785,-0.294434,-0.007568
13787711,BNO_GRV,1355,-3800,3,0.955750,-0.016785,-0.293579,-0.007507
13797905,BNO_GRV,1356,-4500,3,0.956055,-0.016785,-0.292664,-0.007507
13807234,BNO_GRV,1357,-4200,3,0.956299,-0.016785,-0.291748,-0.007507
13817865,BNO_GRV,1358,-4300,3,0.956665,-0.016785,-0.290649,-0.007446
13827799,BNO_GRV,1359,-3800,3,0.956970,-0.016663,-0.289673,-0.007446
13837947,BNO_GRV,1360,-4700,3,0.957275,-0.016602,-0.288574,-0.007385
13847243,BNO_GRV,1361,-4300,3,0.957581,-0.016602,-0.287598,-0.007385
13857999,BNO_GRV,1362,-4300,3,0.957947,-0.016541,-0.286438,-0.007385
13867898,BNO_GRV,1363,-3800,3,0.958252,-0.016479,-0.285400,-0.007385
13878075,BNO_GRV,1364,-4500,3,0.958618,-0.016479,-0.284180,-0.007385
13887344,BNO_GRV,1365,-4200,3,0.958923,-0.016479,-0.283020,-0.007385
13898082,BNO_GRV,1366,-4200,3,0.959351,-0.016418,-0.281738,-0.007385
13908585,BNO_GRV,1367,-4500,3,0.959656,-0.016357,-0.280579,-0.007446
13918220,BNO_GRV,1368,-4500,3,0.960022,-0.016235,-0.279419,-0.007446
13927772,BNO_GRV,1369,-4200,3,0.960388,-0.016174,-0.278137,-0.007446
13937689,BNO_GRV,1370,-4200,3,0.960754,-0.016113,-0.276794,-0.007507
13948232,BNO_GRV,1371,-4500,3,0.961243,-0.016052,-0.275269,-0.007507
13958040,BNO_GRV,1372,-4200,3,0.961670,-0.015930,-0.273560,-0.007568
13967575,BNO_GRV,1373,-4300,3,0.962158,-0.015869,-0.271912,-0.007568
13978548,BNO_GRV,1374,-4300,3,0.962708,-0.015808,-0.270020,-0.007629
13988252,BNO_GRV,1375,-3800,3,0.963196,-0.015808,-0.268311,-0.007629
13998451,BNO_GRV,1376,-4500,3,0.963684,-0.015869,-0.266357,-0.007690
14007794,BNO_GRV,1377,-4300,3,0.964172,-0.015869,-0.264587,-0.007690
14017654,BNO_GRV,1378,-4300,3,0.964722,-0.015808,-0.262756,-0.007751
14027962,BNO_GRV,1379,-4500,3,0.965210,-0.015747,-0.260803,-0.007751
14038099,BNO_GRV,1380,-4200,3,0.965759,-0.015625,-0.258850,-0.007751
14047673,BNO_GRV,1381,-4200,3,0.966248,-0.015625,-0.256897,-0.007812
14058480,BNO_GRV,1382,-4300,3,0.966858,-0.015564,-0.254822,-0.007874
14069007,BNO_GRV,1383,-4300,3,0.967346,-0.015442,-0.252808,-0.007874
14078616,BNO_GRV,1384,-4200,3,0.967896,-0.015381,-0.250793,-0.007935
14088155,BNO_GRV,1385,-4300,3,0.968445,-0.015320,-0.248596,-0.007996
14097944,BNO_GRV,1386,-4300,3,0.968994,-0.015259,-0.246521,-0.008057
14108224,BNO_GRV,1387,-4500,3,0.969543,-0.015198,-0.244263,-0.008118
14118662,BNO_GRV,1388,-4500,3,0.970093,-0.015137,-0.242004,-0.008118
14128111,BNO_GRV,1389,-4300,3,0.970642,-0.015137,-0.239990,-0.008118
14138130,BNO_GRV,1390,-4300,3,0.971130,-0.015076,-0.237854,-0.008057
14148301,BNO_GRV,1391,-4500,3,0.971680,-0.015015,-0.235779,-0.008057
14158641,BNO_GRV,1392,-4300,3,0.972168,-0.014954,-0.233704,-0.008057
14167827,BNO_GRV,1393,-4200,3,0.972656,-0.014832,-0.231750,-0.008057
14178617,BNO_GRV,1394,-4300,3,0.973145,-0.014709,-0.229675,-0.008057
14189337,BNO_GRV,1395,-4500,3,0.973511,-0.014587,-0.227905,-0.008057
14198662,BNO_GRV,1396,-3800,3,0.973877,-0.014526,-0.226379,-0.008118
14207528,BNO_GRV,1397,-3800,3,0.974243,-0.014465,-0.224854,-0.008057
14218394,BNO_GRV,1398,-4300,3,0.974609,-0.014526,-0.223206,-0.008057
14228197,BNO_GRV,1399,-4300,3,0.974976,-0.014526,-0.221619,-0.007996
14238632,BNO_GRV,1400,-4300,3,0.975403,-0.014526,-0.219910,-0.007996
14247628,BNO_GRV,1401,-3800,3,0.975769,-0.014526,-0.218262,-0.007935
14258579,BNO_GRV,1402,-4500,3,0.976074,-0.014465,-0.216736,-0.007935
14268206,BNO_GRV,1403,-4300,3,0.976440,-0.014404,-0.215271,-0.007935
14278633,BNO_GRV,1404,-4300,3,0.976746,-0.014343,-0.213745,-0.007996
14287779,BNO_GRV,1405,-3800,3,0.977051,-0.014221,-0.212280,-0.007996
14298880,BNO_GRV,1406,-4500,3,0.977417,-0.014099,-0.210754,-0.007996
14308281,BNO_GRV,1407,-4200,3,0.977722,-0.013916,-0.209351,-0.008057
14318725,BNO_GRV,1408,-4500,3,0.978027,-0.013794,-0.207825,-0.008057
14327902,BNO_GRV,1409,-3800,3,0.978333,-0.013672,-0.206299,-0.008057
14338918,BNO_GRV,1410,-4300,3,0.978699,-0.013550,-0.204651,-0.008057
14348397,BNO_GRV,1411,-4200,3,0.979004,-0.013489,-0.203186,-0.008057
14358800,BNO_GRV,1412,-4300,3,0.979309,-0.013428,-0.201660,-0.007996
14367896,BNO_GRV,1413,-3800,3,0.979614,-0.013306,-0.200256,-0.007996
14378992,BNO_GRV,1414,-4500,3,0.979919,-0.013245,-0.198730,-0.007996
14388531,BNO_GRV,1415,-4300,3,0.980225,-0.013184,-0.197266,-0.007996
14398940,BNO_GRV,1416,-4300,3,0.980530,-0.013000,-0.195618,-0.007996
14407904,BNO_GRV,1417,-3600,3,0.980896,-0.012756,-0.193787,-0.007996
14418865,BNO_GRV,1418,-4200,3,0.981323,-0.012573,-0.191772,-0.007996
14429566,BNO_GRV,1419,-4500,3,0.981689,-0.012451,-0.189880,-0.007996
14439100,BNO_GRV,1420,-4000,3,0.982056,-0.012451,-0.188171,-0.007996
14448247,BNO_GRV,1421,-3800,3,0.982361,-0.012512,-0.186523,-0.007996
14459316,BNO_GRV,1422,-4300,3,0.982666,-0.012573,-0.184875,-0.007996
14468743,BNO_GRV,1423,-4300,3,0.982910,-0.012634,-0.183533,-0.008057
14479120,BNO_GRV,1424,-4300,3,0.983154,-0.012756,-0.182129,-0.008057
14488725,BNO_GRV,1425,-4300,3,0.983398,-0.012878,-0.180725,-0.008057
14498971,BNO_GRV,1426,-4500,3,0.983643,-0.012939,-0.179443,-0.008057
14508818,BNO_GRV,1427,-4300,3,0.983887,-0.012939,-0.178101,-0.008118
14519251,BNO_GRV,1428,-4500,3,0.984131,-0.012878,-0.176819,-0.008118
14529246,BNO_GRV,1429,-4300,3,0.984375,-0.012817,-0.175537,-0.008179
14539001,BNO_GRV,1430,-4200,3,0.984558,-0.012756,-0.174316,-0.008240
14549566,BNO_GRV,1431,-4500,3,0.984802,-0.012695,-0.173035,-0.008301
14559191,BNO_GRV,1432,-3600,3,0.984985,-0.012695,-0.171936,-0.008301
14569179,BNO_GRV,1433,-4300,3,0.985168,-0.012634,-0.170776,-0.008301
14578616,BNO_GRV,1434,-4000,3,0.985413,-0.012634,-0.169617,-0.008301
14589324,BNO_GRV,1435,-4300,3,0.985596,-0.012695,-0.168396,-0.008362
14599334,BNO_GRV,1436,-4000,3,0.985779,-0.012817,-0.167236,-0.008362
14609468,BNO_GRV,1437,-4500,3,0.986023,-0.012878,-0.165955,-0.008423
14619037,BNO_GRV,1438,-4500,3,0.986206,-0.012939,-0.164673,-0.008484
14629610,BNO_GRV,1439,-4500,3,0.986450,-0.013000,-0.163330,-0.008545
14639462,BNO_GRV,1440,-3600,3,0.986633,-0.013062,-0.162048,-0.008545
14649635,BNO_GRV,1441,-4500,3,0.986877,-0.013123,-0.160522,-0.008606
14659199,BNO_GRV,1442,-4300,3,0.987122,-0.013123,-0.159058,-0.008606
14670044,BNO_GRV,1443,-4500,3,0.987427,-0.013184,-0.157471,-0.008545
14679785,BNO_GRV,1444,-3800,3,0.987610,-0.013184,-0.156067,-0.008545
14689616,BNO_GRV,1445,-4700,3,0.987854,-0.013245,-0.154541,-0.008484
14699218,BNO_GRV,1446,-4200,3,0.988098,-0.013306,-0.153015,-0.008484
14709905,BNO_GRV,1447,-4500,3,0.988342,-0.013245,-0.151306,-0.008484
14719844,BNO_GRV,1448,-3800,3,0.988586,-0.013062,-0.149658,-0.008545
14730135,BNO_GRV,1449,-4500,3,0.988892,-0.013000,-0.147766,-0.008606
14739142,BNO_GRV,1450,-4200,3,0.989136,-0.012939,-0.146179,-0.008667
14749885,BNO_GRV,1451,-4500,3,0.989380,-0.013000,-0.144470,-0.008728
14760414,BNO_GRV,1452,-4500,3,0.989624,-0.013123,-0.142822,-0.008728
14769836,BNO_GRV,1453,-4500,3,0.989868,-0.013062,-0.141235,-0.008789
14779447,BNO_GRV,1454,-4300,3,0.990051,-0.013062,-0.139709,-0.008728
14790120,BNO_GRV,1455,-4500,3,0.990295,-0.013000,-0.138123,-0.008728
14800689,BNO_GRV,1456,-4500,3,0.990479,-0.013000,-0.136597,-0.008728
14809692,BNO_GRV,1457,-4300,3,0.990662,-0.013062,-0.135315,-0.008728
14819336,BNO_GRV,1458,-4200,3,0.990845,-0.013123,-0.133972,-0.008728
14830151,BNO_GRV,1459,-4300,3,0.991089,-0.013184,-0.132446,-0.008728
14840537,BNO_GRV,1460,-4300,3,0.991272,-0.013245,-0.131042,-0.008728
14849936,BNO_GRV,1461,-4300,3,0.991394,-0.013306,-0.129761,-0.008728
14859580,BNO_GRV,1462,-4200,3,0.991577,-0.013367,-0.128540,-0.008728
14869434,BNO_GRV,1463,-4200,3,0.991699,-0.013367,-0.127502,-0.008728
14880275,BNO_GRV,1464,-4500,3,0.991821,-0.013306,-0.126648,-0.008728
14890396,BNO_GRV,1465,-4500,3,0.991882,-0.013000,-0.125977,-0.008728
14899603,BNO_GRV,1466,-4300,3,0.991943,-0.012573,-0.125549,-0.008728
14909598,BNO_GRV,1467,-4300,3,0.992065,-0.012207,-0.125000,-0.008789
14919965,BNO_GRV,1468,-4500,3,0.992126,-0.011841,-0.124268,-0.008789
14930336,BNO_GRV,1469,-4500,3,0.992249,-0.011536,-0.123413,-0.008789
14939524,BNO_GRV,1470,-4300,3,0.992371,-0.011414,-0.122498,-0.008789
14949680,BNO_GRV,1471,-4300,3,0.992493,-0.011353,-0.121521,-0.008789
14960608,BNO_GRV,1472,-4700,3,0.992615,-0.011292,-0.120483,-0.008728
14970086,BNO_GRV,1473,-4000,3,0.992737,-0.011353,-0.119568,-0.008728
14979697,BNO_GRV,1474,-4200,3,0.992859,-0.011414,-0.118591,-0.008728
14990504,BNO_GRV,1475,-4500,3,0.992981,-0.011475,-0.117615,-0.008789
15000998,BNO_GRV,1476,-4300,3,0.993042,-0.011536,-0.116638,-0.008789
15010503,BNO_GRV,1477,-4200,3,0.993164,-0.011658,-0.115723,-0.008850
15020142,BNO_GRV,1478,-4300,3,0.993286,-0.011658,-0.114746,-0.008850
15029797,BNO_GRV,1479,-4200,3,0.993408,-0.011719,-0.113831,-0.008850
15040164,BNO_GRV,1480,-4500,3,0.993469,-0.011780,-0.113037,-0.008850
15050240,BNO_GRV,1481,-4300,3,0.993591,-0.011841,-0.112305,-0.008789
15059610,BNO_GRV,1482,-4000,3,0.993652,-0.011902,-0.111572,-0.008789
15070500,BNO_GRV,1483,-4300,3,0.993713,-0.011902,-0.110840,-0.008789
15081150,BNO_GRV,1484,-4500,3,0.993774,-0.011841,-0.110168,-0.008850
15090637,BNO_GRV,1485,-3800,3,0.993835,-0.011780,-0.109619,-0.008850
15100448,BNO_GRV,1486,-4300,3,0.993958,-0.011780,-0.108948,-0.008850
15109937,BNO_GRV,1487,-4200,3,0.994019,-0.011841,-0.108398,-0.008911
15120066,BNO_GRV,1488,-4200,3,0.994080,-0.011841,-0.107849,-0.008972
15130452,BNO_GRV,1489,-4300,3,0.994141,-0.011780,-0.107178,-0.009033
15139451,BNO_GRV,1490,-3800,3,0.994202,-0.011780,-0.106506,-0.009094
15150489,BNO_GRV,1491,-4500,3,0.994263,-0.011719,-0.105713,-0.009094
15160047,BNO_GRV,1492,-4200,3,0.994385,-0.011719,-0.104919,-0.009155
15170627,BNO_GRV,1493,-4300,3,0.994446,-0.011719,-0.104187,-0.009155
15179637,BNO_GRV,1494,-4000,3,0.994507,-0.011658,-0.103394,-0.009094
15190600,BNO_GRV,1495,-4300,3,0.994629,-0.011475,-0.102417,-0.009033
15200179,BNO_GRV,1496,-4300,3,0.994751,-0.011292,-0.101562,-0.009033
15210629,BNO_GRV,1497,-4300,3,0.994812,-0.011169,-0.100708,-0.009033
15220183,BNO_GRV,1498,-4300,3,0.994934,-0.011108,-0.099792,-0.009033
15230455,BNO_GRV,1499,-4500,3,0.994873,-0.011108,-0.099854,-0.009094
15240509,BNO_GRV,1500,-4500,3,0.994873,-0.011230,-0.099915,-0.009155
15250836,BNO_GRV,1501,-4500,3,0.994873,-0.011353,-0.099854,-0.009216
15260382,BNO_GRV,1502,-4300,3,0.994934,-0.011414,-0.099731,-0.009216
15270674,BNO_GRV,1503,-4500,3,0.994934,-0.011414,-0.099426,-0.009216
15280539,BNO_GRV,1504,-4500,3,0.994995,-0.011230,-0.099060,-0.009216
15291017,BNO_GRV,1505,-4500,3,0.995056,-0.011047,-0.098572,-0.009155
15300398,BNO_GRV,1506,-4300,3,0.995056,-0.010803,-0.098022,-0.009216
15310634,BNO_GRV,1507,-4500,3,0.995178,-0.010559,-0.097412,-0.009216
15320537,BNO_GRV,1508,-4300,3,0.995239,-0.010376,-0.096741,-0.009216
15331576,BNO_GRV,1509,-4900,3,0.995300,-0.010132,-0.096008,-0.009277
15341176,BNO_GRV,1510,-4700,3,0.995361,-0.010010,-0.095337,-0.009277
15351100,BNO_GRV,1511,-4300,3,0.995422,-0.009949,-0.094482,-0.009277
15360815,BNO_GRV,1512,-4500,3,0.995483,-0.009888,-0.093628,-0.009277
15371181,BNO_GRV,1513,-4500,3,0.995605,-0.009888,-0.092896,-0.009338
15380580,BNO_GRV,1514,-4300,3,0.995667,-0.009766,-0.092163,-0.009338
15390814,BNO_GRV,1515,-4500,3,0.995728,-0.009644,-0.091370,-0.009399
15400684,BNO_GRV,1516,-4300,3,0.995789,-0.009521,-0.090637,-0.009399
15411229,BNO_GRV,1517,-4500,3,0.995850,-0.009399,-0.089966,-0.009460
15420617,BNO_GRV,1518,-4200,3,0.995911,-0.009338,-0.089294,-0.009460
15430863,BNO_GRV,1519,-4300,3,0.995972,-0.009338,-0.088684,-0.009521
15440669,BNO_GRV,1520,-4300,3,0.996033,-0.009338,-0.088074,-0.009583
15451111,BNO_GRV,1521,-4300,3,0.996094,-0.009460,-0.087402,-0.009583
15461095,BNO_GRV,1522,-4500,3,0.996155,-0.009583,-0.086548,-0.009521
15470783,BNO_GRV,1523,-4300,3,0.996216,-0.009644,-0.085571,-0.009521
15480954,BNO_GRV,1524,-4300,3,0.996338,-0.009644,-0.084351,-0.009521
15491263,BNO_GRV,1525,-4000,3,0.996460,-0.009521,-0.083191,-0.009521
15501416,BNO_GRV,1526,-4500,3,0.996582,-0.009460,-0.081787,-0.009521
15510673,BNO_GRV,1527,-4200,3,0.996704,-0.009399,-0.080322,-0.009583
15521202,BNO_GRV,1528,-4200,3,0.996826,-0.009216,-0.078674,-0.009583
15531300,BNO_GRV,1529,-4000,3,0.996948,-0.009033,-0.077087,-0.009583
15541432,BNO_GRV,1530,-4500,3,0.997070,-0.008789,-0.075439,-0.009583
15550920,BNO_GRV,1531,-4300,3,0.997192,-0.008606,-0.073975,-0.009583
15561644,BNO_GRV,1532,-4500,3,0.997253,-0.008484,-0.072571,-0.009583
15571580,BNO_GRV,1533,-3800,3,0.997375,-0.008423,-0.071411,-0.009583
15581662,BNO_GRV,1534,-4500,3,0.997437,-0.008362,-0.070190,-0.009583
15591030,BNO_GRV,1535,-4300,3,0.997559,-0.008301,-0.068970,-0.009583
15601832,BNO_GRV,1536,-4500,3,0.997620,-0.008301,-0.067627,-0.009583
15611723,BNO_GRV,1537,-3800,3,0.997681,-0.008301,-0.066589,-0.009583
15621944,BNO_GRV,1538,-4500,3,0.997803,-0.008301,-0.065430,-0.009583
15631108,BNO_GRV,1539,-4200,3,0.997864,-0.008301,-0.064514,-0.009583
15641781,BNO_GRV,1540,-4500,3,0.997925,-0.008240,-0.063477,-0.009583
15651648,BNO_GRV,1541,-3800,3,0.997986,-0.008240,-0.062622,-0.009583
15661941,BNO_GRV,1542,-4500,3,0.998047,-0.008240,-0.061646,-0.009583
15671136,BNO_GRV,1543,-4200,3,0.998047,-0.008301,-0.060730,-0.009583
15681834,BNO_GRV,1544,-4300,3,0.998108,-0.008301,-0.059692,-0.009583
15691755,BNO_GRV,1545,-3800,3,0.998169,-0.008240,-0.058716,-0.009583
15701924,BNO_GRV,1546,-4500,3,0.998230,-0.008118,-0.057678,-0.009583
15711341,BNO_GRV,1547,-4300,3,0.998291,-0.008057,-0.056763,-0.009644
15722043,BNO_GRV,1548,-4500,3,0.998352,-0.008118,-0.055847,-0.009705
15731943,BNO_GRV,1549,-3800,3,0.998413,-0.008240,-0.055115,-0.009766
15742120,BNO_GRV,1550,-4300,3,0.998474,-0.008301,-0.054138,-0.009766
15751274,BNO_GRV,1551,-4200,3,0.998535,-0.008301,-0.053162,-0.009766
15761936,BNO_GRV,1552,-4300,3,0.998596,-0.008301,-0.051941,-0.009766
15772451,BNO_GRV,1553,-4200,3,0.998657,-0.008240,-0.050781,-0.009705
15781836,BNO_GRV,1554,-4300,3,0.998657,-0.008179,-0.049744,-0.009766
15791250,BNO_GRV,1555,-4000,3,0.998718,-0.008118,-0.048767,-0.009766
15801980,BNO_GRV,1556,-4200,3,0.998779,-0.007996,-0.047729,-0.009888
15812496,BNO_GRV,1557,-4300,3,0.998840,-0.007812,-0.046753,-0.009949
15822174,BNO_GRV,1558,-4300,3,0.998901,-0.007690,-0.045776,-0.010010
15831415,BNO_GRV,1559,-4000,3,0.998901,-0.007690,-0.044800,-0.010010
15842349,BNO_GRV,1560,-4500,3,0.998962,-0.007690,-0.043823,-0.010071
15852355,BNO_GRV,1561,-4000,3,0.999023,-0.007690,-0.043030,-0.010071
15861943,BNO_GRV,1562,-4200,3,0.999023,-0.007629,-0.042114,-0.010010
15871627,BNO_GRV,1563,-4300,3,0.999084,-0.007507,-0.041077,-0.010010
15881678,BNO_GRV,1564,-4300,3,0.999146,-0.007263,-0.039917,-0.010071
15891811,BNO_GRV,1565,-4500,3,0.999207,-0.007019,-0.038574,-0.010071
15901975,BNO_GRV,1566,-4200,3,0.999268,-0.006775,-0.037109,-0.010132
15911127,BNO_GRV,1567,-3800,3,0.999268,-0.006592,-0.035461,-0.010193
15921832,BNO_GRV,1568,-4300,3,0.999390,-0.006348,-0.033691,-0.010193
15931992,BNO_GRV,1569,-4500,3,0.999451,-0.006104,-0.031860,-0.010193
15942357,BNO_GRV,1570,-4500,3,0.999451,-0.005859,-0.030273,-0.010132
15951733,BNO_GRV,1571,-4300,3,0.999512,-0.005798,-0.029053,-0.010071
15962397,BNO_GRV,1572,-4200,3,0.999512,-0.005798,-0.028015,-0.010071
15972833,BNO_GRV,1573,-4200,3,0.999573,-0.005859,-0.027344,-0.010071
15982314,BNO_GRV,1574,-4000,3,0.999573,-0.005859,-0.026855,-0.010132
15991385,BNO_GRV,1575,-3800,3,0.999573,-0.005920,-0.026428,-0.010193
16002049,BNO_GRV,1576,-4200,3,0.999573,-0.005859,-0.026123,-0.010193
16012105,BNO_GRV,1577,-4500,3,0.999573,-0.005737,-0.025940,-0.010254
16022137,BNO_GRV,1578,-4200,3,0.999573,-0.005737,-0.025818,-0.010315
16031695,BNO_GRV,1579,-4200,3,0.999573,-0.005737,-0.025879,-0.010376
16042451,BNO_GRV,1580,-4500,3,0.999573,-0.005737,-0.025940,-0.010376
16052979,BNO_GRV,1581,-4300,3,0.999573,-0.005798,-0.025940,-0.010376
16062455,BNO_GRV,1582,-3800,3,0.999573,-0.005859,-0.025818,-0.010315
16071389,BNO_GRV,1583,-3600,3,0.999573,-0.005920,-0.025635,-0.010254
16082421,BNO_GRV,1584,-4300,3,0.999634,-0.005920,-0.025391,-0.010132
16092088,BNO_GRV,1585,-4200,3,0.999634,-0.005920,-0.025085,-0.010132
16102610,BNO_GRV,1586,-4300,3,0.999634,-0.005920,-0.024841,-0.010071
16112171,BNO_GRV,1587,-4500,3,0.999634,-0.006042,-0.024597,-0.010010
16122065,BNO_GRV,1588,-4200,3,0.999634,-0.006042,-0.024414,-0.010010
16132111,BNO_GRV,1589,-4300,3,0.999634,-0.006042,-0.024109,-0.009949
16142613,BNO_GRV,1590,-4300,3,0.999634,-0.006042,-0.023865,-0.009827
16151642,BNO_GRV,1591,-3600,3,0.999634,-0.006104,-0.023499,-0.009705
16162569,BNO_GRV,1592,-4300,3,0.999695,-0.006104,-0.023132,-0.009583
16172042,BNO_GRV,1593,-4200,3,0.999695,-0.005920,-0.022827,-0.009399
16182889,BNO_GRV,1594,-4700,3,0.999695,-0.005737,-0.022522,-0.009277
16192238,BNO_GRV,1595,-4300,3,0.999695,-0.005615,-0.022217,-0.009216
16202275,BNO_GRV,1596,-4200,3,0.999695,-0.005493,-0.021851,-0.009094
16212201,BNO_GRV,1597,-4300,3,0.999695,-0.005432,-0.021484,-0.009033
16222749,BNO_GRV,1598,-4300,3,0.999695,-0.005432,-0.021118,-0.008911
16231779,BNO_GRV,1599,-3600,3,0.999756,-0.005554,-0.020691,-0.008789
16242912,BNO_GRV,1600,-4300,3,0.999756,-0.005676,-0.020264,-0.008667
16252282,BNO_GRV,1601,-4200,3,0.999756,-0.005676,-0.019836,-0.008545
16263208,BNO_GRV,1602,-4500,3,0.999756,-0.005615,-0.019287,-0.008423
16272368,BNO_GRV,1603,-4200,3,0.999756,-0.005615,-0.018738,-0.008301
16282327,BNO_GRV,1604,-4200,3,0.999756,-0.005615,-0.018372,-0.008240
16292791,BNO_GRV,1605,-4300,3,0.999817,-0.005676,-0.018066,-0.008118
16302877,BNO_GRV,1606,-4200,3,0.999817,-0.005737,-0.017822,-0.008118
16313001,BNO_GRV,1607,-4500,3,0.999817,-0.005798,-0.017822,-0.008118
16322623,BNO_GRV,1608,-4300,3,0.999817,-0.005798,-0.017883,-0.008179
16332628,BNO_GRV,1609,-4300,3,0.999756,-0.005859,-0.018066,-0.008240
16343142,BNO_GRV,1610,-4300,3,0.999756,-0.005798,-0.018311,-0.008301
16352493,BNO_GRV,1611,-4200,3,0.999756,-0.005737,-0.018555,-0.008362
16362768,BNO_GRV,1612,-4500,3,0.999756,-0.005615,-0.018799,-0.008423
16373403,BNO_GRV,1613,-4500,3,0.999756,-0.005615,-0.019043,-0.008484
16383470,BNO_GRV,1614,-4000,3,0.999756,-0.005615,-0.019226,-0.008545
16392873,BNO_GRV,1615,-4500,3,0.999756,-0.005554,-0.019409,-0.008545
16402852,BNO_GRV,1616,-4500,3,0.999756,-0.005554,-0.019592,-0.008545
16413557,BNO_GRV,1617,-4500,3,0.999756,-0.005493,-0.019653,-0.008545
16423492,BNO_GRV,1618,-4000,3,0.999756,-0.005493,-0.019653,-0.008484
16432921,BNO_GRV,1619,-4500,3,0.999756,-0.005432,-0.019653,-0.008484
16442828,BNO_GRV,1620,-4300,3,0.999756,-0.005371,-0.019653,-0.008545
16453634,BNO_GRV,1621,-4700,3,0.999756,-0.005310,-0.019653,-0.008545
16463642,BNO_GRV,1622,-4300,3,0.999756,-0.005310,-0.019714,-0.008545
16473278,BNO_GRV,1623,-4700,3,0.999756,-0.005310,-0.019775,-0.008606
16483032,BNO_GRV,1624,-4300,3,0.999756,-0.005371,-0.019836,-0.008606
16493645,BNO_GRV,1625,-4500,3,0.999756,-0.005432,-0.019897,-0.008667
16503705,BNO_GRV,1626,-4000,3,0.999756,-0.005493,-0.019836,-0.008667
16513452,BNO_GRV,1627,-4700,3,0.999756,-0.005615,-0.019775,-0.008606
16523165,BNO_GRV,1628,-4300,3,0.999756,-0.005737,-0.019592,-0.008606
16533110,BNO_GRV,1629,-4300,3,0.999756,-0.005798,-0.019348,-0.008606
16543889,BNO_GRV,1630,-4900,3,0.999756,-0.005859,-0.019043,-0.008606
16553540,BNO_GRV,1631,-4500,3,0.999756,-0.005920,-0.018738,-0.008606
16563420,BNO_GRV,1632,-4500,3,0.999756,-0.006042,-0.018494,-0.008606
16573935,BNO_GRV,1633,-4500,3,0.999756,-0.006226,-0.018250,-0.008667
16584130,BNO_GRV,1634,-4300,3,0.999756,-0.006592,-0.018066,-0.008667
16593905,BNO_GRV,1635,-4700,3,0.999756,-0.006958,-0.017883,-0.008728
16603628,BNO_GRV,1636,-4500,3,0.999756,-0.007263,-0.017639,-0.008728
16613256,BNO_GRV,1637,-4300,3,0.999756,-0.007507,-0.017273,-0.008789
16624204,BNO_GRV,1638,-4900,3,0.999817,-0.007690,-0.016846,-0.008850
16633847,BNO_GRV,1639,-4700,3,0.999817,-0.007751,-0.016357,-0.008911
16643604,BNO_GRV,1640,-4300,3,0.999817,-0.007751,-0.015808,-0.008972
16653255,BNO_GRV,1641,-4300,3,0.999817,-0.007812,-0.015198,-0.009033
16664218,BNO_GRV,1642,-4900,3,0.999817,-0.007874,-0.014343,-0.009094
16673895,BNO_GRV,1643,-4300,3,0.999817,-0.007996,-0.013306,-0.009155
16683307,BNO_GRV,1644,-4200,3,0.999878,-0.008118,-0.012146,-0.009216
16693424,BNO_GRV,1645,-4300,3,0.999878,-0.008240,-0.011108,-0.009277
16704043,BNO_GRV,1646,-4700,3,0.999878,-0.008423,-0.010010,-0.009338
16714386,BNO_GRV,1647,-4500,3,0.999878,-0.008484,-0.008789,-0.009338
16723575,BNO_GRV,1648,-4300,3,0.999878,-0.008484,-0.007690,-0.009399
16733382,BNO_GRV,1649,-4300,3,0.999878,-0.008545,-0.006531,-0.009460
16743602,BNO_GRV,1650,-4500,3,0.999878,-0.008667,-0.005432,-0.009521
16753802,BNO_GRV,1651,-4300,3,0.999878,-0.008850,-0.004395,-0.009583
16763378,BNO_GRV,1652,-4300,3,0.999878,-0.009033,-0.003540,-0.009583
16774288,BNO_GRV,1653,-4300,3,0.999878,-0.009399,-0.002808,-0.009644
16784215,BNO_GRV,1654,-3800,3,0.999878,-0.009705,-0.002258,-0.009644
16794643,BNO_GRV,1655,-4700,3,0.999878,-0.009949,-0.001587,-0.009644
16803679,BNO_GRV,1656,-4300,3,0.999878,-0.010132,-0.000854,-0.009644
16813515,BNO_GRV,1657,-4300,3,0.999878,-0.010315,-0.000061,-0.009644
16823885,BNO_GRV,1658,-4700,3,0.999878,-0.010437,0.000732,-0.009644
16834223,BNO_GRV,1659,-4500,3,0.999878,-0.010498,0.001587,-0.009705
16843586,BNO_GRV,1660,-4300,3,0.999878,-0.010559,0.002502,-0.009705
16854377,BNO_GRV,1661,-4500,3,0.999878,-0.010742,0.003601,-0.009705
16865004,BNO_GRV,1662,-4500,3,0.999878,-0.010925,0.004761,-0.009766
16874442,BNO_GRV,1663,-4300,3,0.999878,-0.010986,0.005920,-0.009766
16884062,BNO_GRV,1664,-4300,3,0.999878,-0.010986,0.007202,-0.009766
16893698,BNO_GRV,1665,-4300,3,0.999878,-0.010864,0.008362,-0.009705
16904076,BNO_GRV,1666,-4700,3,0.999878,-0.010803,0.009583,-0.009583
16914473,BNO_GRV,1667,-4500,3,0.999817,-0.010864,0.010864,-0.009521
16923790,BNO_GRV,1668,-4200,3,0.999817,-0.010986,0.012207,-0.009521
16934513,BNO_GRV,1669,-4300,3,0.999817,-0.011108,0.013855,-0.009460
16945233,BNO_GRV,1670,-4500,3,0.999756,-0.011169,0.015320,-0.009583
16954661,BNO_GRV,1671,-4200,3,0.999756,-0.011292,0.016479,-0.009644
16964360,BNO_GRV,1672,-4300,3,0.999756,-0.011475,0.017456,-0.009827
16973967,BNO_GRV,1673,-4300,3,0.999695,-0.011780,0.018311,-0.009888
16983908,BNO_GRV,1674,-4300,3,0.999695,-0.012024,0.019043,-0.009949
16994355,BNO_GRV,1675,-4300,3,0.999695,-0.012146,0.019836,-0.009888
17003262,BNO_GRV,1676,-3600,3,0.999634,-0.012146,0.020874,-0.009705
17014338,BNO_GRV,1677,-4200,3,0.999634,-0.012146,0.022095,-0.009521
17023817,BNO_GRV,1678,-4200,3,0.999634,-0.012085,0.023376,-0.009399
17034371,BNO_GRV,1679,-4300,3,0.999573,-0.012024,0.024841,-0.009216
17043529,BNO_GRV,1680,-3800,3,0.999512,-0.011902,0.026611,-0.009033
17054561,BNO_GRV,1681,-4300,3,0.999512,-0.011780,0.028503,-0.008911
17064006,BNO_GRV,1682,-4200,3,0.999451,-0.011719,0.030396,-0.008850
17075198,BNO_GRV,1683,-4900,3,0.999390,-0.011780,0.032410,-0.008850
17084003,BNO_GRV,1684,-4200,3,0.999329,-0.011719,0.033997,-0.008850
17094862,BNO_GRV,1685,-4500,3,0.999268,-0.011536,0.035889,-0.008789
17104366,BNO_GRV,1686,-4300,3,0.999207,-0.011353,0.037659,-0.008789
17114979,BNO_GRV,1687,-4700,3,0.999084,-0.011230,0.039673,-0.008789
17124363,BNO_GRV,1688,-4300,3,0.999023,-0.011108,0.041809,-0.008728
17134299,BNO_GRV,1689,-4300,3,0.998901,-0.011108,0.044006,-0.008728
17144218,BNO_GRV,1690,-4300,3,0.998840,-0.011108,0.046204,-0.008667
17154707,BNO_GRV,1691,-4300,3,0.998718,-0.011108,0.048401,-0.008667
17163710,BNO_GRV,1692,-3600,3,0.998657,-0.011047,0.050415,-0.008606
17174730,BNO_GRV,1693,-4300,3,0.998535,-0.010742,0.052490,-0.008545
17184369,BNO_GRV,1694,-4300,3,0.998413,-0.010498,0.054199,-0.008484
17194846,BNO_GRV,1695,-4500,3,0.998352,-0.010193,0.055847,-0.008484
17203676,BNO_GRV,1696,-3600,3,0.998291,-0.010010,0.057312,-0.008423
17214840,BNO_GRV,1697,-4300,3,0.998169,-0.009827,0.058838,-0.008362
17224330,BNO_GRV,1698,-4200,3,0.998108,-0.009644,0.060364,-0.008301
17234878,BNO_GRV,1699,-4200,3,0.997986,-0.009521,0.061890,-0.008240
17244964,BNO_GRV,1700,-4500,3,0.997925,-0.009460,0.063477,-0.008179
17254684,BNO_GRV,1701,-4300,3,0.997803,-0.009399,0.064819,-0.008179
17264538,BNO_GRV,1702,-4300,3,0.997742,-0.009399,0.066101,-0.008179
17275082,BNO_GRV,1703,-4500,3,0.997681,-0.009399,0.067322,-0.008179
17284578,BNO_GRV,1704,-4200,3,0.997559,-0.009399,0.068481,-0.008240
17294508,BNO_GRV,1705,-4200,3,0.997498,-0.009338,0.069519,-0.008240
17304864,BNO_GRV,1706,-4300,3,0.997437,-0.009216,0.070618,-0.008240
17315014,BNO_GRV,1707,-3800,3,0.997375,-0.009033,0.071594,-0.008240
17325277,BNO_GRV,1708,-4700,3,0.997314,-0.008789,0.072571,-0.008179
17334501,BNO_GRV,1709,-4200,3,0.997253,-0.008545,0.073425,-0.008179
17345295,BNO_GRV,1710,-4500,3,0.997192,-0.008362,0.074341,-0.008118
17355749,BNO_GRV,1711,-4300,3,0.997131,-0.008362,0.075195,-0.008118
17365101,BNO_GRV,1712,-4500,3,0.997009,-0.008362,0.076050,-0.008057
17374531,BNO_GRV,1713,-4200,3,0.996948,-0.008423,0.076904,-0.008057
17385258,BNO_GRV,1714,-4300,3,0.996887,-0.008301,0.077759,-0.008057
17395412,BNO_GRV,1715,-4200,3,0.996826,-0.008240,0.078613,-0.008057
17405528,BNO_GRV,1716,-4500,3,0.996765,-0.008240,0.079529,-0.008057
17414683,BNO_GRV,1717,-4200,3,0.996704,-0.008301,0.080505,-0.008118
17425370,BNO_GRV,1718,-4300,3,0.996582,-0.008301,0.081726,-0.008179
17435996,BNO_GRV,1719,-4500,3,0.996460,-0.008301,0.083130,-0.008240
17445129,BNO_GRV,1720,-4300,3,0.996338,-0.008240,0.084595,-0.008240
17454648,BNO_GRV,1721,-4200,3,0.996216,-0.008240,0.086121,-0.008301
17465412,BNO_GRV,1722,-4200,3,0.996033,-0.008240,0.087952,-0.008301
17475726,BNO_GRV,1723,-4300,3,0.995911,-0.008301,0.089783,-0.008301
17485309,BNO_GRV,1724,-4500,3,0.995728,-0.008301,0.091614,-0.008301
17494837,BNO_GRV,1725,-4300,3,0.995544,-0.008362,0.093628,-0.008301
17505573,BNO_GRV,1726,-4200,3,0.995300,-0.008423,0.096069,-0.008240
17516009,BNO_GRV,1727,-4300,3,0.995056,-0.008362,0.098450,-0.008240
17525453,BNO_GRV,1728,-4500,3,0.994873,-0.008301,0.100586,-0.008179
17534861,BNO_GRV,1729,-4200,3,0.994629,-0.008179,0.102661,-0.008118
17545644,BNO_GRV,1730,-4300,3,0.994446,-0.008057,0.104553,-0.008118
17556021,BNO_GRV,1731,-4200,3,0.994324,-0.008057,0.106018,-0.008118
17565454,BNO_GRV,1732,-4300,3,0.994141,-0.008057,0.107239,-0.008118
17575158,BNO_GRV,1733,-4300,3,0.994019,-0.008118,0.108398,-0.008118
17586061,BNO_GRV,1734,-4500,3,0.993896,-0.008118,0.109741,-0.008179
17595814,BNO_GRV,1735,-3800,3,0.993774,-0.008057,0.110962,-0.008179
17606103,BNO_GRV,1736,-4700,3,0.993591,-0.007935,0.112183,-0.008240
17615399,BNO_GRV,1737,-4500,3,0.993530,-0.007751,0.113159,-0.008179
17625241,BNO_GRV,1738,-4200,3,0.993408,-0.007629,0.114075,-0.008179
17635707,BNO_GRV,1739,-4700,3,0.993286,-0.007629,0.114929,-0.008179
17646170,BNO_GRV,1740,-4900,3,0.993225,-0.007629,0.115784,-0.008179
17655292,BNO_GRV,1741,-4300,3,0.993103,-0.007629,0.116516,-0.008179
17665976,BNO_GRV,1742,-4300,3,0.993042,-0.007568,0.117126,-0.008179
17676548,BNO_GRV,1743,-4300,3,0.992981,-0.007446,0.117737,-0.008118
17686011,BNO_GRV,1744,-4300,3,0.992920,-0.007385,0.118347,-0.008057
17695715,BNO_GRV,1745,-4300,3,0.992798,-0.007263,0.119080,-0.007996
17705383,BNO_GRV,1746,-4300,3,0.992737,-0.007263,0.119812,-0.007935
17715879,BNO_GRV,1747,-4700,3,0.992615,-0.007385,0.120605,-0.007935
17726365,BNO_GRV,1748,-4700,3,0.992554,-0.007507,0.121338,-0.007996
17735493,BNO_GRV,1749,-4200,3,0.992493,-0.007690,0.122009,-0.007935
17745520,BNO_GRV,1750,-4200,3,0.992371,-0.007874,0.122681,-0.007935
17755790,BNO_GRV,1751,-4500,3,0.992310,-0.007996,0.123352,-0.007935
17765966,BNO_GRV,1752,-4200,3,0.992188,-0.008118,0.124207,-0.007812
17775398,BNO_GRV,1753,-4200,3,0.992065,-0.008240,0.125305,-0.007751
17785962,BNO_GRV,1754,-4200,3,0.991882,-0.008240,0.126770,-0.007629
17795842,BNO_GRV,1755,-4500,3,0.991699,-0.008301,0.128174,-0.007507
17806404,BNO_GRV,1756,-4500,3,0.991455,-0.008484,0.129761,-0.007446
17815396,BNO_GRV,1757,-4200,3,0.991272,-0.008667,0.131165,-0.007446
17826249,BNO_GRV,1758,-4500,3,0.991089,-0.008911,0.132690,-0.007446
17836878,BNO_GRV,1759,-4500,3,0.990845,-0.009033,0.134338,-0.007385
17846384,BNO_GRV,1760,-4000,3,0.990601,-0.009094,0.136047,-0.007324
17855193,BNO_GRV,1761,-3800,3,0.990356,-0.009033,0.138000,-0.007263
17866045,BNO_GRV,1762,-4300,3,0.990051,-0.008789,0.140137,-0.007141
17875643,BNO_GRV,1763,-4200,3,0.989746,-0.008606,0.142273,-0.006958
17886251,BNO_GRV,1764,-4200,3,0.989441,-0.008606,0.144470,-0.006836
17895131,BNO_GRV,1765,-3600,3,0.989136,-0.008667,0.146423,-0.006775
17906210,BNO_GRV,1766,-4300,3,0.988892,-0.008789,0.148376,-0.006653
17917094,BNO_GRV,1767,-4700,3,0.988586,-0.008789,0.150208,-0.006531
17926558,BNO_GRV,1768,-4000,3,0.988281,-0.008728,0.152100,-0.006470
17935864,BNO_GRV,1769,-4300,3,0.988037,-0.008667,0.153931,-0.006409
17946669,BNO_GRV,1770,-4300,3,0.987732,-0.008606,0.155884,-0.006287
17956120,BNO_GRV,1771,-4300,3,0.987488,-0.008667,0.157410,-0.006226
17966318,BNO_GRV,1772,-4000,3,0.987244,-0.008850,0.158997,-0.006165
17975527,BNO_GRV,1773,-3800,3,0.987000,-0.009033,0.160339,-0.006165
17986416,BNO_GRV,1774,-4200,3,0.986755,-0.009216,0.161743,-0.006104
17996133,BNO_GRV,1775,-4300,3,0.986572,-0.009277,0.162903,-0.006104
18006712,BNO_GRV,1776,-4500,3,0.986389,-0.009399,0.164124,-0.006042
18016164,BNO_GRV,1777,-4500,3,0.986206,-0.009521,0.165283,-0.006042
18025983,BNO_GRV,1778,-4200,3,0.985962,-0.009521,0.166443,-0.006042
18036296,BNO_GRV,1779,-4500,3,0.985840,-0.009521,0.167419,-0.006042
18046375,BNO_GRV,1780,-4000,3,0.985657,-0.009583,0.168274,-0.006042
18056475,BNO_GRV,1781,-4500,3,0.985535,-0.009644,0.169128,-0.006042
18066315,BNO_GRV,1782,-4300,3,0.985352,-0.009766,0.170044,-0.006104
18076085,BNO_GRV,1783,-4200,3,0.985168,-0.009827,0.171143,-0.006104
18086636,BNO_GRV,1784,-4300,3,0.984924,-0.009949,0.172546,-0.006104
18096458,BNO_GRV,1785,-4500,3,0.984680,-0.009949,0.174072,-0.006042
18106315,BNO_GRV,1786,-4300,3,0.984375,-0.009888,0.175659,-0.006042
18116842,BNO_GRV,1787,-4500,3,0.984070,-0.009888,0.177246,-0.005981
18126555,BNO_GRV,1788,-3800,3,0.983826,-0.009888,0.178650,-0.005920
18136653,BNO_GRV,1789,-4500,3,0.983582,-0.009827,0.180054,-0.005859
18146337,BNO_GRV,1790,-4200,3,0.983337,-0.009705,0.181396,-0.005859
18157011,BNO_GRV,1791,-4500,3,0.983093,-0.009583,0.182922,-0.005859
18167370,BNO_GRV,1792,-4300,3,0.982727,-0.009399,0.184631,-0.005859
18176830,BNO_GRV,1793,-4500,3,0.982422,-0.009216,0.186218,-0.005798
18186496,BNO_GRV,1794,-4300,3,0.982178,-0.009094,0.187805,-0.005859
18196893,BNO_GRV,1795,-4500,3,0.981873,-0.009033,0.189270,-0.005859
18206880,BNO_GRV,1796,-4000,3,0.981628,-0.009033,0.190613,-0.005859
18217173,BNO_GRV,1797,-4700,3,0.981323,-0.009216,0.192078,-0.005859
18226590,BNO_GRV,1798,-4300,3,0.981018,-0.009460,0.193542,-0.005859
18237035,BNO_GRV,1799,-4300,3,0.980713,-0.009583,0.195190,-0.005859
18247530,BNO_GRV,1800,-4500,3,0.980347,-0.009583,0.196838,-0.005798
18256874,BNO_GRV,1801,-4500,3,0.980042,-0.009521,0.198364,-0.005859
18266531,BNO_GRV,1802,-4300,3,0.979675,-0.009460,0.200134,-0.005859
18277327,BNO_GRV,1803,-4300,3,0.979309,-0.009399,0.202026,-0.005920
18287091,BNO_GRV,1804,-3800,3,0.979004,-0.009399,0.203552,-0.005981
18297237,BNO_GRV,1805,-4500,3,0.978699,-0.009460,0.205139,-0.006042
18306681,BNO_GRV,1806,-4300,3,0.978394,-0.009583,0.206360,-0.006042
18317200,BNO_GRV,1807,-4500,3,0.978149,-0.009583,0.207642,-0.006104
18327202,BNO_GRV,1808,-4000,3,0.977905,-0.009583,0.208801,-0.006104
18337458,BNO_GRV,1809,-4500,3,0.977600,-0.009521,0.210022,-0.006104
18346790,BNO_GRV,1810,-4200,3,0.977417,-0.009521,0.211060,-0.006104
18357306,BNO_GRV,1811,-4200,3,0.977173,-0.009460,0.212097,-0.006042
18367235,BNO_GRV,1812,-3800,3,0.977051,-0.009460,0.212830,-0.006042
18377305,BNO_GRV,1813,-4500,3,0.976868,-0.009399,0.213440,-0.006042
18386895,BNO_GRV,1814,-4200,3,0.976807,-0.009399,0.213928,-0.006042
18397700,BNO_GRV,1815,-4500,3,0.976685,-0.009338,0.214355,-0.006042
18407574,BNO_GRV,1816,-3800,3,0.976562,-0.009277,0.214844,-0.005981
18417260,BNO_GRV,1817,-4300,3,0.976440,-0.009216,0.215454,-0.005981
18426857,BNO_GRV,1818,-4200,3,0.976318,-0.009155,0.216064,-0.005981
18437713,BNO_GRV,1819,-4500,3,0.976196,-0.009094,0.216675,-0.005981
18447601,BNO_GRV,1820,-3800,3,0.976074,-0.009155,0.217224,-0.005981
18457907,BNO_GRV,1821,-4500,3,0.975952,-0.009277,0.217773,-0.005981
18466950,BNO_GRV,1822,-4300,3,0.975830,-0.009399,0.218384,-0.005981
18477786,BNO_GRV,1823,-4300,3,0.975647,-0.009583,0.219055,-0.005981
18488297,BNO_GRV,1824,-4500,3,0.975464,-0.009705,0.219727,-0.005981
18497785,BNO_GRV,1825,-4500,3,0.975342,-0.009644,0.220520,-0.005920
18507340,BNO_GRV,1826,-4300,3,0.975098,-0.009583,0.221436,-0.005859
18516912,BNO_GRV,1827,-4200,3,0.974854,-0.009521,0.222473,-0.005859
18527871,BNO_GRV,1828,-4500,3,0.974609,-0.009521,0.223633,-0.005859
18538042,BNO_GRV,1829,-4500,3,0.974304,-0.009521,0.224976,-0.005798
18547406,BNO_GRV,1830,-4300,3,0.973999,-0.009521,0.226257,-0.005798
18557101,BNO_GRV,1831,-4200,3,0.973694,-0.009338,0.227661,-0.005737
18568006,BNO_GRV,1832,-4500,3,0.973328,-0.009155,0.229065,-0.005737
18578115,BNO_GRV,1833,-4500,3,0.973022,-0.009094,0.230469,-0.005737
18587276,BNO_GRV,1834,-4300,3,0.972778,-0.009155,0.231628,-0.005798
18597859,BNO_GRV,1835,-4200,3,0.972473,-0.009338,0.232788,-0.005859
18608454,BNO_GRV,1836,-4300,3,0.972229,-0.009521,0.233826,-0.005859
18617900,BNO_GRV,1837,-4200,3,0.971985,-0.009705,0.234741,-0.005859
18627768,BNO_GRV,1838,-4300,3,0.971741,-0.009705,0.235779,-0.005859
18637246,BNO_GRV,1839,-4200,3,0.971497,-0.009644,0.236816,-0.005859
18647679,BNO_GRV,1840,-4700,3,0.971252,-0.009521,0.237915,-0.005798
18658157,BNO_GRV,1841,-4700,3,0.970947,-0.009399,0.239075,-0.005676
18667318,BNO_GRV,1842,-4200,3,0.970642,-0.009277,0.240234,-0.005615
18678226,BNO_GRV,1843,-4500,3,0.970337,-0.009216,0.241394,-0.005554
18688696,BNO_GRV,1844,-4700,3,0.970093,-0.009216,0.242493,-0.005554
18698166,BNO_GRV,1845,-4000,3,0.969910,-0.009216,0.243347,-0.005493
18708060,BNO_GRV,1846,-4300,3,0.969666,-0.009155,0.244202,-0.005432
18717504,BNO_GRV,1847,-4200,3,0.969421,-0.009033,0.245117,-0.005371
18727872,BNO_GRV,1848,-4700,3,0.969177,-0.009033,0.246216,-0.005371
18738361,BNO_GRV,1849,-4500,3,0.968811,-0.008972,0.247498,-0.005371
18747518,BNO_GRV,1850,-4300,3,0.968506,-0.008850,0.248840,-0.005310
18758241,BNO_GRV,1851,-4200,3,0.968018,-0.008606,0.250549,-0.005249
18768877,BNO_GRV,1852,-4300,3,0.967590,-0.008362,0.252319,-0.005188
18778446,BNO_GRV,1853,-4000,3,0.967163,-0.008179,0.253967,-0.005127
18787692,BNO_GRV,1854,-4500,3,0.966736,-0.007996,0.255554,-0.005066
18798472,BNO_GRV,1855,-4300,3,0.966309,-0.007996,0.257141,-0.005005
18807785,BNO_GRV,1856,-4300,3,0.966003,-0.008118,0.258301,-0.005005
18818221,BNO_GRV,1857,-4200,3,0.965759,-0.008362,0.259338,-0.005066
18827871,BNO_GRV,1858,-4300,3,0.965454,-0.008667,0.260315,-0.005066
18837751,BNO_GRV,1859,-4200,3,0.965210,-0.008850,0.261230,-0.005127
18847753,BNO_GRV,1860,-4200,3,0.965027,-0.009033,0.261963,-0.005127
18858297,BNO_GRV,1861,-4500,3,0.964844,-0.009216,0.262512,-0.005188
18867242,BNO_GRV,1862,-3800,3,0.964722,-0.009338,0.263000,-0.005310
18878291,BNO_GRV,1863,-4300,3,0.964600,-0.009399,0.263489,-0.005371
18887684,BNO_GRV,1864,-4200,3,0.964478,-0.009399,0.263916,-0.005432
18898231,BNO_GRV,1865,-4200,3,0.964355,-0.009216,0.264465,-0.005432
18907688,BNO_GRV,1866,-4200,3,0.964172,-0.009033,0.265076,-0.005493
18918596,BNO_GRV,1867,-4300,3,0.963928,-0.009033,0.265869,-0.005493
18927882,BNO_GRV,1868,-4200,3,0.963745,-0.009094,0.266724,-0.005493
18938419,BNO_GRV,1869,-4300,3,0.963440,-0.009216,0.267700,-0.005554
18947315,BNO_GRV,1870,-3600,3,0.963135,-0.009216,0.268738,-0.005554
18958432,BNO_GRV,1871,-4300,3,0.962830,-0.009094,0.269836,-0.005554
18968042,BNO_GRV,1872,-4200,3,0.962524,-0.009033,0.270935,-0.005554
18978479,BNO_GRV,1873,-4300,3,0.962219,-0.009094,0.272095,-0.005615
18988040,BNO_GRV,1874,-4300,3,0.961853,-0.009277,0.273254,-0.005676
18998145,BNO_GRV,1875,-4300,3,0.961487,-0.009460,0.274536,-0.005737
19008405,BNO_GRV,1876,-4300,3,0.961121,-0.009521,0.275879,-0.005859
19018569,BNO_GRV,1877,-3800,3,0.960693,-0.009460,0.277344,-0.005920
19028913,BNO_GRV,1878,-4500,3,0.960205,-0.009216,0.279053,-0.005981
19038007,BNO_GRV,1879,-4200,3,0.959717,-0.009094,0.280762,-0.005981
19048421,BNO_GRV,1880,-4500,3,0.959106,-0.008911,0.282776,-0.005981
19058709,BNO_GRV,1881,-4200,3,0.958557,-0.008728,0.284729,-0.005981
19068812,BNO_GRV,1882,-4500,3,0.957886,-0.008667,0.286987,-0.006042
19078222,BNO_GRV,1883,-4200,3,0.957214,-0.008667,0.289124,-0.006042
19088620,BNO_GRV,1884,-4500,3,0.956604,-0.008545,0.291199,-0.006042
19098696,BNO_GRV,1885,-4000,3,0.955994,-0.008362,0.293213,-0.006104
19109034,BNO_GRV,1886,-4500,3,0.955322,-0.008179,0.295349,-0.006165
19118322,BNO_GRV,1887,-4200,3,0.954712,-0.007996,0.297302,-0.006226
19129131,BNO_GRV,1888,-4300,3,0.954102,-0.007812,0.299255,-0.006348
19138867,BNO_GRV,1889,-3800,3,0.953613,-0.007568,0.300842,-0.006409
19148957,BNO_GRV,1890,-4500,3,0.953125,-0.007324,0.302429,-0.006470
19158342,BNO_GRV,1891,-4300,3,0.952759,-0.007080,0.303650,-0.006531
19168857,BNO_GRV,1892,-4200,3,0.952393,-0.007019,0.304810,-0.006592
19179069,BNO_GRV,1893,-4000,3,0.952148,-0.006958,0.305542,-0.006653
19189272,BNO_GRV,1894,-4300,3,0.951965,-0.006958,0.306152,-0.006714
19198328,BNO_GRV,1895,-4200,3,0.951843,-0.006836,0.306458,-0.006775
19208736,BNO_GRV,1896,-4200,3,0.951782,-0.006775,0.306580,-0.006836
19218959,BNO_GRV,1897,-3800,3,0.951782,-0.006775,0.306580,-0.006897
19229093,BNO_GRV,1898,-4500,3,0.951782,-0.006836,0.306519,-0.006958
19238600,BNO_GRV,1899,-4300,3,0.951843,-0.006897,0.306458,-0.007019
19249149,BNO_GRV,1900,-4300,3,0.951904,-0.006958,0.306335,-0.007019
19259173,BNO_GRV,1901,-3800,3,0.951904,-0.006958,0.306213,-0.006958
19269271,BNO_GRV,1902,-4500,3,0.951904,-0.006897,0.306213,-0.006897
19278594,BNO_GRV,1903,-4200,3,0.951904,-0.006897,0.306213,-0.006897
19289200,BNO_GRV,1904,-4300,3,0.951904,-0.006958,0.306335,-0.006897
19299281,BNO_GRV,1905,-3800,3,0.951843,-0.007080,0.306396,-0.006897
19309380,BNO_GRV,1906,-4500,3,0.951843,-0.007141,0.306519,-0.006897
19318695,BNO_GRV,1907,-4200,3,0.951782,-0.007202,0.306641,-0.006958
19329329,BNO_GRV,1908,-4300,3,0.951721,-0.007263,0.306763,-0.007019
19339902,BNO_GRV,1909,-4200,3,0.951721,-0.007202,0.306885,-0.007080
19349381,BNO_GRV,1910,-4500,3,0.951660,-0.007141,0.306946,-0.007141
19358958,BNO_GRV,1911,-4200,3,0.951660,-0.007019,0.307068,-0.007141
19368844,BNO_GRV,1912,-4200,3,0.951599,-0.006958,0.307129,-0.007141
19379647,BNO_GRV,1913,-4500,3,0.951599,-0.006897,0.307190,-0.007080
19389868,BNO_GRV,1914,-4500,3,0.951599,-0.006836,0.307251,-0.007080
19399140,BNO_GRV,1915,-4300,3,0.951538,-0.006836,0.307312,-0.007080
19408966,BNO_GRV,1916,-4300,3,0.951538,-0.006775,0.307373,-0.007080
19419788,BNO_GRV,1917,-4500,3,0.951538,-0.006714,0.307434,-0.007080
19429471,BNO_GRV,1918,-4200,3,0.951477,-0.006714,0.307495,-0.007141
19438895,BNO_GRV,1919,-4200,3,0.951477,-0.006775,0.307617,-0.007202
19449837,BNO_GRV,1920,-4500,3,0.951416,-0.006958,0.307739,-0.007263
19459820,BNO_GRV,1921,-4000,3,0.951416,-0.007019,0.307678,-0.007263
19470069,BNO_GRV,1922,-4500,3,0.951477,-0.007141,0.307556,-0.007324
19479212,BNO_GRV,1923,-4300,3,0.951477,-0.007202,0.307495,-0.007385
19489246,BNO_GRV,1924,-4300,3,0.951538,-0.007385,0.307434,-0.007446
19499576,BNO_GRV,1925,-4500,3,0.951538,-0.007507,0.307373,-0.007446
19509978,BNO_GRV,1926,-4700,3,0.951538,-0.007629,0.307373,-0.007446
19519300,BNO_GRV,1927,-4300,3,0.951538,-0.007690,0.307434,-0.007446
19529126,BNO_GRV,1928,-4200,3,0.951477,-0.007629,0.307495,-0.007446
19540126,BNO_GRV,1929,-4900,3,0.951477,-0.007507,0.307495,-0.007446
19549986,BNO_GRV,1930,-4300,3,0.951477,-0.007446,0.307495,-0.007385
19559309,BNO_GRV,1931,-4300,3,0.951538,-0.007446,0.307434,-0.007385
19569351,BNO_GRV,1932,-4300,3,0.951538,-0.007507,0.307373,-0.007385
19580397,BNO_GRV,1933,-5100,3,0.951538,-0.007568,0.307312,-0.007385
19590179,BNO_GRV,1934,-4300,3,0.951538,-0.007629,0.307312,-0.007385
19599558,BNO_GRV,1935,-4300,3,0.951538,-0.007690,0.307373,-0.007385
19609574,BNO_GRV,1936,-4500,3,0.951538,-0.007690,0.307434,-0.007385
19619796,BNO_GRV,1937,-4700,3,0.951477,-0.007690,0.307495,-0.007324
19630142,BNO_GRV,1938,-4500,3,0.951477,-0.007629,0.307556,-0.007324
19639711,BNO_GRV,1939,-4500,3,0.951416,-0.007507,0.307678,-0.007324
19649747,BNO_GRV,1940,-4500,3,0.951416,-0.007324,0.307739,-0.007263
19659957,BNO_GRV,1941,-4900,3,0.951416,-0.007263,0.307739,-0.007263
19670067,BNO_GRV,1942,-4300,3,0.951416,-0.007202,0.307800,-0.007263
19679511,BNO_GRV,1943,-4300,3,0.951416,-0.007141,0.307800,-0.007202
19689835,BNO_GRV,1944,-4500,3,0.951416,-0.007141,0.307739,-0.007263
19699989,BNO_GRV,1945,-4700,3,0.951416,-0.007202,0.307678,-0.007324
19710483,BNO_GRV,1946,-4900,3,0.951477,-0.007324,0.307617,-0.007324
19719796,BNO_GRV,1947,-4500,3,0.951477,-0.007385,0.307617,-0.007385
19729644,BNO_GRV,1948,-4300,3,0.951477,-0.007385,0.307617,-0.007385
19740708,BNO_GRV,1949,-4900,3,0.951416,-0.007385,0.307739,-0.007385
19750383,BNO_GRV,1950,-4200,3,0.951416,-0.007385,0.307800,-0.007385
19759804,BNO_GRV,1951,-4500,3,0.951355,-0.007385,0.307922,-0.007385
19769839,BNO_GRV,1952,-4500,3,0.951355,-0.007324,0.307922,-0.007385
19779816,BNO_GRV,1953,-4300,3,0.951355,-0.007263,0.307861,-0.007324
19790346,BNO_GRV,1954,-4500,3,0.951416,-0.007202,0.307800,-0.007385
19799807,BNO_GRV,1955,-4300,3,0.951477,-0.007202,0.307617,-0.007385
19809965,BNO_GRV,1956,-4300,3,0.951538,-0.007263,0.307312,-0.007507
19819961,BNO_GRV,1957,-4500,3,0.951721,-0.007263,0.306885,-0.007568
19830370,BNO_GRV,1958,-4300,3,0.951843,-0.007324,0.306335,-0.007690
19839880,BNO_GRV,1959,-4300,3,0.952087,-0.007446,0.305664,-0.007812
19850130,BNO_GRV,1960,-4500,3,0.952271,-0.007629,0.304993,-0.007874
19860002,BNO_GRV,1961,-4300,3,0.952515,-0.007812,0.304260,-0.007935
19870443,BNO_GRV,1962,-4500,3,0.952759,-0.007996,0.303467,-0.007996
19879394,BNO_GRV,1963,-3800,3,0.953064,-0.008179,0.302612,-0.007996
19890854,BNO_GRV,1964,-4700,3,0.953369,-0.008484,0.301575,-0.008057
19900376,BNO_GRV,1965,-4300,3,0.953674,-0.008789,0.300598,-0.008118
19910344,BNO_GRV,1966,-4000,3,0.953979,-0.009033,0.299622,-0.008118
19920383,BNO_GRV,1967,-4300,3,0.954346,-0.009277,0.298523,-0.008179
19929940,BNO_GRV,1968,-4300,3,0.954590,-0.009460,0.297668,-0.008240
19940542,BNO_GRV,1969,-4300,3,0.954773,-0.009766,0.296997,-0.008362
19950985,BNO_GRV,1970,-4500,3,0.954956,-0.010071,0.296448,-0.008545
19960206,BNO_GRV,1971,-4300,3,0.955139,-0.010315,0.295898,-0.008606
19970046,BNO_GRV,1972,-4200,3,0.955322,-0.010437,0.295166,-0.008728
19980546,BNO_GRV,1973,-4500,3,0.955566,-0.010498,0.294495,-0.008667
19990628,BNO_GRV,1974,-4000,3,0.955750,-0.010498,0.293884,-0.008667
20000926,BNO_GRV,1975,-4500,3,0.955933,-0.010498,0.293335,-0.008606
20010115,BNO_GRV,1976,-4200,3,0.956116,-0.010437,0.292725,-0.008545
20020855,BNO_GRV,1977,-4300,3,0.956299,-0.010376,0.292114,-0.008423
20030765,BNO_GRV,1978,-3600,3,0.956482,-0.010315,0.291443,-0.008301
20040883,BNO_GRV,1979,-4500,3,0.956787,-0.010254,0.290588,-0.008179
20050293,BNO_GRV,1980,-4300,3,0.957031,-0.010193,0.289734,-0.008057
20060962,BNO_GRV,1981,-4500,3,0.957275,-0.010132,0.288940,-0.007935
20070918,BNO_GRV,1982,-4000,3,0.957458,-0.009888,0.288330,-0.007812
20081288,BNO_GRV,1983,-4500,3,0.957581,-0.009766,0.287903,-0.007751
20090417,BNO_GRV,1984,-4300,3,0.957642,-0.009766,0.287659,-0.007751
20101022,BNO_GRV,1985,-4300,3,0.957703,-0.009705,0.287537,-0.007690
20111109,BNO_GRV,1986,-3800,3,0.957642,-0.009644,0.287659,-0.007629
20121245,BNO_GRV,1987,-4500,3,0.957581,-0.009399,0.287903,-0.007507
20130376,BNO_GRV,1988,-4300,3,0.957520,-0.009155,0.288086,-0.007324
20141045,BNO_GRV,1989,-4500,3,0.957520,-0.008911,0.288208,-0.007141
20151222,BNO_GRV,1990,-4000,3,0.957458,-0.008667,0.288269,-0.007019
20161425,BNO_GRV,1991,-4500,3,0.957458,-0.008545,0.288269,-0.006897
20170370,BNO_GRV,1992,-4200,3,0.957520,-0.008484,0.288147,-0.006836
20181335,BNO_GRV,1993,-4300,3,0.957642,-0.008484,0.287781,-0.006836
20191229,BNO_GRV,1994,-4000,3,0.957764,-0.008545,0.287354,-0.006836
20201492,BNO_GRV,1995,-4500,3,0.957947,-0.008728,0.286743,-0.006897
20210593,BNO_GRV,1996,-4300,3,0.958130,-0.008911,0.286194,-0.006897
20221296,BNO_GRV,1997,-4200,3,0.958313,-0.009033,0.285522,-0.006958
20231464,BNO_GRV,1998,-3800,3,0.958435,-0.009094,0.284973,-0.006958
20241575,BNO_GRV,1999,-4500,3,0.958679,-0.009033,0.284241,-0.006958
20250710,BNO_GRV,2000,-4300,3,0.958923,-0.008972,0.283508,-0.006836
20260586,BNO_GRV,2001,-4200,3,0.959167,-0.008911,0.282654,-0.006775
20271841,BNO_GRV,2002,-4900,3,0.959473,-0.008911,0.281555,-0.006714
20281280,BNO_GRV,2003,-4300,3,0.959839,-0.008911,0.280396,-0.006714
20290460,BNO_GRV,2004,-4000,3,0.960205,-0.009033,0.279175,-0.006714
20301391,BNO_GRV,2005,-4300,3,0.960571,-0.009094,0.277771,-0.006714
20311893,BNO_GRV,2006,-4300,3,0.960999,-0.009216,0.276245,-0.006714
20321154,BNO_GRV,2007,-4000,3,0.961426,-0.009521,0.274780,-0.006775
20330888,BNO_GRV,2008,-4300,3,0.961853,-0.009827,0.273254,-0.006775
20341008,BNO_GRV,2009,-4300,3,0.962280,-0.010071,0.271729,-0.006714
20351258,BNO_GRV,2010,-4500,3,0.962708,-0.010254,0.270325,-0.006592
20361719,BNO_GRV,2011,-4700,3,0.963013,-0.010132,0.269226,-0.006409
20370937,BNO_GRV,2012,-4300,3,0.963257,-0.010010,0.268372,-0.006287
20381598,BNO_GRV,2013,-4300,3,0.963440,-0.009888,0.267639,-0.006165
20392024,BNO_GRV,2014,-4200,3,0.963623,-0.009705,0.267029,-0.006042
20401652,BNO_GRV,2015,-4000,3,0.963806,-0.009644,0.266418,-0.005920
20411240,BNO_GRV,2016,-4300,3,0.963989,-0.009583,0.265625,-0.005798
20421101,BNO_GRV,2017,-4200,3,0.964233,-0.009521,0.264771,-0.005737
20431269,BNO_GRV,2018,-4500,3,0.964539,-0.009460,0.263794,-0.005737
20441422,BNO_GRV,2019,-4300,3,0.964783,-0.009399,0.262756,-0.005737
20450886,BNO_GRV,2020,-4000,3,0.965027,-0.009460,0.261841,-0.005737
20461757,BNO_GRV,2021,-4200,3,0.965271,-0.009521,0.261108,-0.005798
20472286,BNO_GRV,2022,-4500,3,0.965393,-0.009460,0.260498,-0.005737
20481825,BNO_GRV,2023,-4000,3,0.965576,-0.009399,0.259949,-0.005737
20491756,BNO_GRV,2024,-4300,3,0.965698,-0.009338,0.259338,-0.005737
20501253,BNO_GRV,2025,-4300,3,0.965881,-0.009216,0.258850,-0.005676
20511729,BNO_GRV,2026,-4500,3,0.966003,-0.009033,0.258362,-0.005615
20522223,BNO_GRV,2027,-4700,3,0.966125,-0.008972,0.257874,-0.005615
20531181,BNO_GRV,2028,-4300,3,0.966248,-0.008911,0.257446,-0.005554
20542008,BNO_GRV,2029,-4500,3,0.966370,-0.008728,0.256897,-0.005554
20552484,BNO_GRV,2030,-4200,3,0.966553,-0.008606,0.256165,-0.005554
20561945,BNO_GRV,2031,-3800,3,0.966797,-0.008545,0.255371,-0.005554
20570890,BNO_GRV,2032,-3600,3,0.967041,-0.008545,0.254333,-0.005554
20581818,BNO_GRV,2033,-4300,3,0.967346,-0.008606,0.253174,-0.005554
20591344,BNO_GRV,2034,-4300,3,0.967651,-0.008667,0.252014,-0.005493
20601894,BNO_GRV,2035,-4300,3,0.967957,-0.008789,0.250793,-0.005493
20610839,BNO_GRV,2036,-3800,3,0.968262,-0.008789,0.249695,-0.005310
20621911,BNO_GRV,2037,-4300,3,0.968506,-0.008728,0.248718,-0.005127
20631472,BNO_GRV,2038,-4300,3,0.968750,-0.008667,0.247925,-0.004944
20642136,BNO_GRV,2039,-4300,3,0.968933,-0.008606,0.247009,-0.004700
20651826,BNO_GRV,2040,-4500,3,0.969177,-0.008545,0.246094,-0.004517
20661584,BNO_GRV,2041,-4300,3,0.969421,-0.008423,0.245178,-0.004333
20671513,BNO_GRV,2042,-4200,3,0.969666,-0.008179,0.244202,-0.004150
20682165,BNO_GRV,2043,-4300,3,0.969971,-0.007874,0.243164,-0.004028
20691631,BNO_GRV,2044,-4300,3,0.970276,-0.007629,0.241943,-0.003906
20701588,BNO_GRV,2045,-4200,3,0.970581,-0.007568,0.240601,-0.003845
20711944,BNO_GRV,2046,-4300,3,0.970886,-0.007568,0.239258,-0.003784
20722394,BNO_GRV,2047,-4700,3,0.971191,-0.007507,0.238037,-0.003784
20731795,BNO_GRV,2048,-4300,3,0.971497,-0.007568,0.236877,-0.003723
20741782,BNO_GRV,2049,-4200,3,0.971802,-0.007507,0.235657,-0.003723
20751764,BNO_GRV,2050,-4200,3,0.972107,-0.007446,0.234497,-0.003662
20762342,BNO_GRV,2051,-4300,3,0.972351,-0.007324,0.233459,-0.003601
20771870,BNO_GRV,2052,-4300,3,0.972595,-0.007141,0.232483,-0.003601
20781726,BNO_GRV,2053,-4300,3,0.972839,-0.007019,0.231445,-0.003540
20792171,BNO_GRV,2054,-4300,3,0.973083,-0.006897,0.230408,-0.003479
20802403,BNO_GRV,2055,-4000,3,0.973328,-0.007019,0.229309,-0.003479
20812049,BNO_GRV,2056,-4300,3,0.973633,-0.007202,0.228088,-0.003479
20821961,BNO_GRV,2057,-4300,3,0.973877,-0.007507,0.226807,-0.003479
20832408,BNO_GRV,2058,-4500,3,0.974182,-0.007751,0.225464,-0.003479
20842353,BNO_GRV,2059,-3800,3,0.974487,-0.007874,0.224243,-0.003479
20852515,BNO_GRV,2060,-4500,3,0.974792,-0.007935,0.222961,-0.003479
20862190,BNO_GRV,2061,-4300,3,0.975037,-0.007874,0.221741,-0.003418
20872172,BNO_GRV,2062,-4300,3,0.975342,-0.007812,0.220581,-0.003357
20882624,BNO_GRV,2063,-4500,3,0.975586,-0.007629,0.219482,-0.003357
20892784,BNO_GRV,2064,-4500,3,0.975769,-0.007263,0.218567,-0.003235
20902228,BNO_GRV,2065,-4300,3,0.975952,-0.006897,0.217773,-0.003113
20912635,BNO_GRV,2066,-4300,3,0.976135,-0.006470,0.216980,-0.002991
20922541,BNO_GRV,2067,-3800,3,0.976318,-0.006104,0.216248,-0.002808
20932789,BNO_GRV,2068,-4500,3,0.976562,-0.005737,0.215210,-0.002686
20942225,BNO_GRV,2069,-4300,3,0.976807,-0.005493,0.214111,-0.002563
20952643,BNO_GRV,2070,-4300,3,0.977112,-0.005310,0.212646,-0.002441
20962749,BNO_GRV,2071,-4000,3,0.977417,-0.005127,0.211365,-0.002380
20973075,BNO_GRV,2072,-4700,3,0.977661,-0.004944,0.209961,-0.002319
20982145,BNO_GRV,2073,-4300,3,0.977966,-0.004822,0.208801,-0.002258
20992931,BNO_GRV,2074,-4300,3,0.978271,-0.004822,0.207397,-0.002258
21002801,BNO_GRV,2075,-3800,3,0.978516,-0.004822,0.206177,-0.002258
21013019,BNO_GRV,2076,-4500,3,0.978760,-0.004883,0.204956,-0.002258
21022319,BNO_GRV,2077,-4300,3,0.978943,-0.004883,0.203979,-0.002258
21032961,BNO_GRV,2078,-4300,3,0.979187,-0.004822,0.202881,-0.002258
21042935,BNO_GRV,2079,-3800,3,0.979370,-0.004761,0.201904,-0.002258
21053088,BNO_GRV,2080,-4500,3,0.979614,-0.004761,0.200806,-0.002197
21062423,BNO_GRV,2081,-4300,3,0.979858,-0.004761,0.199768,-0.002197
21073177,BNO_GRV,2082,-4500,3,0.980042,-0.004883,0.198669,-0.002197
21083006,BNO_GRV,2083,-4000,3,0.980225,-0.005005,0.197693,-0.002197
21093271,BNO_GRV,2084,-4500,3,0.980469,-0.005066,0.196594,-0.002197
21102607,BNO_GRV,2085,-4300,3,0.980652,-0.005127,0.195557,-0.002258
21113340,BNO_GRV,2086,-4500,3,0.980957,-0.005188,0.194275,-0.002258
21123247,BNO_GRV,2087,-4000,3,0.981140,-0.005310,0.193237,-0.002258
21133354,BNO_GRV,2088,-4500,3,0.981384,-0.005432,0.192078,-0.002258
21142557,BNO_GRV,2089,-4300,3,0.981567,-0.005554,0.191040,-0.002319
21153509,BNO_GRV,2090,-4500,3,0.981812,-0.005615,0.189880,-0.002258
21163291,BNO_GRV,2091,-3800,3,0.981995,-0.005615,0.188904,-0.002197
21173367,BNO_GRV,2092,-4500,3,0.982178,-0.005615,0.187866,-0.002136
21182562,BNO_GRV,2093,-4200,3,0.982300,-0.005615,0.187073,-0.002136
21193351,BNO_GRV,2094,-4300,3,0.982483,-0.005554,0.186279,-0.002197
21203856,BNO_GRV,2095,-4300,3,0.982666,-0.005493,0.185425,-0.002197
21213427,BNO_GRV,2096,-4300,3,0.982788,-0.005493,0.184509,-0.002136
21223088,BNO_GRV,2097,-4200,3,0.983032,-0.005432,0.183411,-0.002136
21232923,BNO_GRV,2098,-4300,3,0.983215,-0.005249,0.182373,-0.002136
21243170,BNO_GRV,2099,-4700,3,0.983398,-0.005005,0.181274,-0.002075
21253472,BNO_GRV,2100,-4700,3,0.983582,-0.004761,0.180298,-0.002136
21262881,BNO_GRV,2101,-4300,3,0.983765,-0.004639,0.179504,-0.002136
21273548,BNO_GRV,2102,-4300,3,0.983887,-0.004639,0.178833,-0.002075
21284336,BNO_GRV,2103,-4500,3,0.984009,-0.004761,0.178162,-0.002014
21294049,BNO_GRV,2104,-4500,3,0.984131,-0.004944,0.177490,-0.001892
21303413,BNO_GRV,2105,-4300,3,0.984253,-0.005249,0.176697,-0.001770
21312792,BNO_GRV,2106,-4200,3,0.984375,-0.005554,0.175842,-0.001648
21323228,BNO_GRV,2107,-4500,3,0.984558,-0.005798,0.174866,-0.001526
21333406,BNO_GRV,2108,-4200,3,0.984802,-0.005859,0.173767,-0.001465
21342453,BNO_GRV,2109,-3800,3,0.984985,-0.005981,0.172607,-0.001343
21353272,BNO_GRV,2110,-4300,3,0.985168,-0.006042,0.171387,-0.001343
21363344,BNO_GRV,2111,-4700,3,0.985352,-0.006104,0.170288,-0.001282
21373634,BNO_GRV,2112,-4500,3,0.985596,-0.006042,0.169067,-0.001282
21382646,BNO_GRV,2113,-3800,3,0.985779,-0.005798,0.167969,-0.001282
21393458,BNO_GRV,2114,-4500,3,0.985962,-0.005432,0.166809,-0.001221
21403157,BNO_GRV,2115,-4300,3,0.986145,-0.005310,0.165649,-0.001221
21413474,BNO_GRV,2116,-4200,3,0.986328,-0.005371,0.164551,-0.001221
21422959,BNO_GRV,2117,-4000,3,0.986572,-0.005615,0.163391,-0.001160
21433560,BNO_GRV,2118,-4300,3,0.986755,-0.005920,0.162109,-0.001099
21443137,BNO_GRV,2119,-4300,3,0.986938,-0.006042,0.160889,-0.001099
21453668,BNO_GRV,2120,-4300,3,0.987183,-0.005859,0.159546,-0.001038
21462825,BNO_GRV,2121,-3800,3,0.987366,-0.005615,0.158203,-0.000977
21473702,BNO_GRV,2122,-4300,3,0.987610,-0.005249,0.156677,-0.000977
21483221,BNO_GRV,2123,-4200,3,0.987854,-0.004883,0.155334,-0.000916
21493828,BNO_GRV,2124,-4300,3,0.988037,-0.004639,0.154053,-0.000916
21503253,BNO_GRV,2125,-4200,3,0.988220,-0.004456,0.152832,-0.000854
21514151,BNO_GRV,2126,-4300,3,0.988403,-0.004333,0.151733,-0.000916
21523513,BNO_GRV,2127,-4300,3,0.988525,-0.004211,0.150879,-0.000916
21533690,BNO_GRV,2128,-4200,3,0.988647,-0.004150,0.150208,-0.000977
21543197,BNO_GRV,2129,-4000,3,0.988708,-0.004028,0.149597,-0.000916
21554148,BNO_GRV,2130,-4300,3,0.988831,-0.003845,0.149048,-0.000916
21563550,BNO_GRV,2131,-4300,3,0.988892,-0.003784,0.148499,-0.000916
21573926,BNO_GRV,2132,-4200,3,0.989014,-0.003601,0.147888,-0.000916
21582943,BNO_GRV,2133,-3600,3,0.989075,-0.003479,0.147217,-0.000854
21593980,BNO_GRV,2134,-4500,3,0.989197,-0.003296,0.146423,-0.000854
21603594,BNO_GRV,2135,-4300,3,0.989319,-0.003174,0.145691,-0.000793
21613959,BNO_GRV,2136,-4200,3,0.989441,-0.003113,0.144958,-0.000732
21622983,BNO_GRV,2137,-3600,3,0.989563,-0.003113,0.144226,-0.000732
21633943,BNO_GRV,2138,-4200,3,0.989624,-0.003174,0.143494,-0.000732
21643676,BNO_GRV,2139,-4300,3,0.989746,-0.003174,0.142822,-0.000732
21654118,BNO_GRV,2140,-4200,3,0.989868,-0.003235,0.142151,-0.000732
21663251,BNO_GRV,2141,-3800,3,0.989929,-0.003235,0.141479,-0.000732
21674472,BNO_GRV,2142,-4500,3,0.990051,-0.003296,0.140808,-0.000793
21683840,BNO_GRV,2143,-4300,3,0.990112,-0.003357,0.140076,-0.000793
21694059,BNO_GRV,2144,-4200,3,0.990295,-0.003479,0.139038,-0.000793
21704418,BNO_GRV,2145,-4500,3,0.990479,-0.003540,0.137756,-0.000793
21713738,BNO_GRV,2146,-4200,3,0.990662,-0.003540,0.136353,-0.000854
21723938,BNO_GRV,2147,-4300,3,0.990845,-0.003418,0.134766,-0.000854
21734167,BNO_GRV,2148,-4000,3,0.991089,-0.003296,0.133179,-0.000854
21744476,BNO_GRV,2149,-4700,3,0.991272,-0.003235,0.131592,-0.000854
21753612,BNO_GRV,2150,-4200,3,0.991516,-0.003174,0.130005,-0.000854
21764372,BNO_GRV,2151,-4500,3,0.991699,-0.003174,0.128357,-0.000854
21774366,BNO_GRV,2152,-4000,3,0.991943,-0.003113,0.126831,-0.000854
21784533,BNO_GRV,2153,-4500,3,0.992126,-0.003052,0.125305,-0.000793
21793761,BNO_GRV,2154,-4200,3,0.992310,-0.003113,0.123901,-0.000793
21804593,BNO_GRV,2155,-4500,3,0.992493,-0.003357,0.122375,-0.000732
21815146,BNO_GRV,2156,-4500,3,0.992615,-0.003601,0.121094,-0.000671
21824079,BNO_GRV,2157,-4300,3,0.992798,-0.003784,0.119995,-0.000671
21833995,BNO_GRV,2158,-4200,3,0.992859,-0.003906,0.119019,-0.000732
21844640,BNO_GRV,2159,-4300,3,0.993042,-0.003906,0.117981,-0.000732
21854568,BNO_GRV,2160,-3600,3,0.993103,-0.003906,0.116943,-0.000732
21864694,BNO_GRV,2161,-4500,3,0.993286,-0.003967,0.115784,-0.000671
21874276,BNO_GRV,2162,-4300,3,0.993347,-0.003906,0.114868,-0.000610
21884831,BNO_GRV,2163,-4500,3,0.993469,-0.003906,0.113892,-0.000549
21894591,BNO_GRV,2164,-3800,3,0.993591,-0.003906,0.113159,-0.000549
21904866,BNO_GRV,2165,-4500,3,0.993652,-0.003967,0.112488,-0.000549
21914128,BNO_GRV,2166,-4200,3,0.993713,-0.004028,0.111877,-0.000549
21924766,BNO_GRV,2167,-4300,3,0.993774,-0.004089,0.111206,-0.000549
21934724,BNO_GRV,2168,-4000,3,0.993835,-0.004089,0.110535,-0.000549
21945095,BNO_GRV,2169,-4500,3,0.993958,-0.004150,0.109802,-0.000488
21954357,BNO_GRV,2170,-4300,3,0.994019,-0.004150,0.109131,-0.000488
21965068,BNO_GRV,2171,-4500,3,0.994080,-0.004089,0.108337,-0.000488
21975107,BNO_GRV,2172,-4000,3,0.994202,-0.003967,0.107605,-0.000488
21984899,BNO_GRV,2173,-4500,3,0.994263,-0.003845,0.106812,-0.000427
21994691,BNO_GRV,2174,-4300,3,0.994324,-0.003845,0.106079,-0.000427
22004291,BNO_GRV,2175,-4200,3,0.994446,-0.003967,0.105286,-0.000427
22015631,BNO_GRV,2176,-4900,3,0.994507,-0.004089,0.104431,-0.000488
22025135,BNO_GRV,2177,-4700,3,0.994629,-0.004211,0.103577,-0.000488
22034761,BNO_GRV,2178,-4200,3,0.994690,-0.004333,0.102600,-0.000488
22044406,BNO_GRV,2179,-4300,3,0.994812,-0.004333,0.101501,-0.000488
22055015,BNO_GRV,2180,-4500,3,0.994934,-0.004333,0.100342,-0.000488
22065305,BNO_GRV,2181,-4500,3,0.995056,-0.004272,0.099121,-0.000488
22074686,BNO_GRV,2182,-4300,3,0.995178,-0.004272,0.097900,-0.000549
22084674,BNO_GRV,2183,-4300,3,0.995300,-0.004333,0.096619,-0.000549
22095346,BNO_GRV,2184,-4500,3,0.995422,-0.004272,0.095459,-0.000549
22104993,BNO_GRV,2185,-4200,3,0.995544,-0.004089,0.094299,-0.000549
22114579,BNO_GRV,2186,-4200,3,0.995667,-0.004028,0.093140,-0.000488
22125399,BNO_GRV,2187,-4300,3,0.995789,-0.004028,0.091736,-0.000488
22135366,BNO_GRV,2188,-4000,3,0.995911,-0.004028,0.090576,-0.000427
22145085,BNO_GRV,2189,-4200,3,0.995972,-0.004089,0.089417,-0.000366
22154676,BNO_GRV,2190,-4300,3,0.996094,-0.004089,0.088440,-0.000305
22165489,BNO_GRV,2191,-4300,3,0.996155,-0.003906,0.087524,-0.000305
22175462,BNO_GRV,2192,-4200,3,0.996216,-0.003723,0.086670,-0.000244
22185881,BNO_GRV,2193,-4700,3,0.996338,-0.003540,0.085571,-0.000244
22195240,BNO_GRV,2194,-4300,3,0.996399,-0.003479,0.084534,-0.000183
22204771,BNO_GRV,2195,-4200,3,0.996521,-0.003418,0.083435,-0.000183
22215124,BNO_GRV,2196,-4500,3,0.996582,-0.003418,0.082275,-0.000122
22225344,BNO_GRV,2197,-4300,3,0.996704,-0.003479,0.081116,-0.000061
22234728,BNO_GRV,2198,-4200,3,0.996826,-0.003479,0.079895,-0.000061
22245610,BNO_GRV,2199,-4300,3,0.996887,-0.003601,0.078552,-0.000061
22256193,BNO_GRV,2200,-4500,3,0.997009,-0.003723,0.077332,-0.000061
22265666,BNO_GRV,2201,-4200,3,0.997070,-0.003784,0.076172,-0.000122
22275366,BNO_GRV,2202,-4300,3,0.997192,-0.003906,0.075012,-0.000122
22284960,BNO_GRV,2203,-4300,3,0.997253,-0.004028,0.073975,-0.000122
22295327,BNO_GRV,2204,-4700,3,0.997314,-0.004089,0.072754,-0.000122
22305809,BNO_GRV,2205,-4700,3,0.997437,-0.004089,0.071472,-0.000061
22314977,BNO_GRV,2206,-4300,3,0.997498,-0.004089,0.070190,0.000000
22325703,BNO_GRV,2207,-4300,3,0.997620,-0.004028,0.068848,0.000061
22336323,BNO_GRV,2208,-4500,3,0.997681,-0.004150,0.067566,0.000061
22345741,BNO_GRV,2209,-4000,3,0.997803,-0.004272,0.066345,0.000122
22354468,BNO_GRV,2210,-3800,3,0.997864,-0.004333,0.065247,0.000122
22365310,BNO_GRV,2211,-4300,3,0.997925,-0.004456,0.064270,0.000183
22375020,BNO_GRV,2212,-4200,3,0.997986,-0.004578,0.063416,0.000183
22385639,BNO_GRV,2213,-4500,3,0.998047,-0.004700,0.062622,0.000244
22394581,BNO_GRV,2214,-3600,3,0.998047,-0.004761,0.061951,0.000305
22405582,BNO_GRV,2215,-4200,3,0.998108,-0.004761,0.061340,0.000305
22415279,BNO_GRV,2216,-4200,3,0.998108,-0.004700,0.060913,0.000366
22425628,BNO_GRV,2217,-4200,3,0.998169,-0.004761,0.060425,0.000488
22434824,BNO_GRV,2218,-3600,3,0.998169,-0.004761,0.059814,0.000549
22445752,BNO_GRV,2219,-4300,3,0.998230,-0.004761,0.059021,0.000549
22455138,BNO_GRV,2220,-4200,3,0.998291,-0.004700,0.058228,0.000610
22465755,BNO_GRV,2221,-4300,3,0.998352,-0.004639,0.057312,0.000671
22474606,BNO_GRV,2222,-3600,3,0.998413,-0.004639,0.056335,0.000671
22485751,BNO_GRV,2223,-4300,3,0.998474,-0.004761,0.055237,0.000732
22495424,BNO_GRV,2224,-4200,3,0.998535,-0.004883,0.054016,0.000732
22505751,BNO_GRV,2225,-4200,3,0.998596,-0.004944,0.052673,0.000793
22514967,BNO_GRV,2226,-3800,3,0.998657,-0.004883,0.051270,0.000854
22526074,BNO_GRV,2227,-4500,3,0.998718,-0.004883,0.049805,0.000854
22535490,BNO_GRV,2228,-4300,3,0.998779,-0.004822,0.048523,0.000916
22545910,BNO_GRV,2229,-4300,3,0.998901,-0.004761,0.047180,0.000916
22554988,BNO_GRV,2230,-3600,3,0.998962,-0.004822,0.045837,0.000916
22566273,BNO_GRV,2231,-4300,3,0.998962,-0.004883,0.044678,0.000977
22575566,BNO_GRV,2232,-4300,3,0.999023,-0.005005,0.043640,0.000977
22586132,BNO_GRV,2233,-4300,3,0.999084,-0.005188,0.042664,0.000977
22595275,BNO_GRV,2234,-4000,3,0.999146,-0.005432,0.041687,0.001038
22606556,BNO_GRV,2235,-4500,3,0.999146,-0.005798,0.040710,0.001038
22615922,BNO_GRV,2236,-4300,3,0.999207,-0.006042,0.039917,0.001038
22626135,BNO_GRV,2237,-4200,3,0.999207,-0.006165,0.039124,0.000977
22635806,BNO_GRV,2238,-4300,3,0.999268,-0.006042,0.038330,0.000977
22645732,BNO_GRV,2239,-4300,3,0.999268,-0.005798,0.037659,0.000977
22656110,BNO_GRV,2240,-4500,3,0.999329,-0.005676,0.036865,0.001038
22666233,BNO_GRV,2241,-3800,3,0.999329,-0.005554,0.036072,0.001038
22676414,BNO_GRV,2242,-4500,3,0.999390,-0.005493,0.035217,0.001038
22685860,BNO_GRV,2243,-4500,3,0.999390,-0.005432,0.034546,0.001038
22696262,BNO_GRV,2244,-4300,3,0.999390,-0.005188,0.033813,0.001038
22706338,BNO_GRV,2245,-4000,3,0.999451,-0.004944,0.033142,0.000977
22716533,BNO_GRV,2246,-4500,3,0.999451,-0.004822,0.032349,0.000977
22725807,BNO_GRV,2247,-4200,3,0.999512,-0.004822,0.031616,0.000916
22736379,BNO_GRV,2248,-4300,3,0.999512,-0.004944,0.030762,0.000916
22746655,BNO_GRV,2249,-4200,3,0.999512,-0.005066,0.029968,0.000854
22756718,BNO_GRV,2250,-4500,3,0.999512,-0.005066,0.029968,0.000793
22766121,BNO_GRV,2251,-4300,3,0.999512,-0.005066,0.030090,0.000732
22776722,BNO_GRV,2252,-4500,3,0.999512,-0.005005,0.030029,0.000671
22786904,BNO_GRV,2253,-4200,3,0.999512,-0.004944,0.029846,0.000671
22796743,BNO_GRV,2254,-4700,3,0.999573,-0.004883,0.029419,0.000610
22806401,BNO_GRV,2255,-4300,3,0.999573,-0.004883,0.028870,0.000610
22817043,BNO_GRV,2256,-4700,3,0.999573,-0.004944,0.028198,0.000549
22827027,BNO_GRV,2257,-4200,3,0.999634,-0.005005,0.027527,0.000549
22836807,BNO_GRV,2258,-4900,3,0.999634,-0.005188,0.026855,0.000549
22846726,BNO_GRV,2259,-4500,3,0.999634,-0.005371,0.026184,0.000549
22856421,BNO_GRV,2260,-4500,3,0.999634,-0.005493,0.025635,0.000549
22867117,BNO_GRV,2261,-4900,3,0.999695,-0.005615,0.024841,0.000610
22876573,BNO_GRV,2262,-4300,3,0.999695,-0.005615,0.023926,0.000610
22886066,BNO_GRV,2263,-4200,3,0.999695,-0.005493,0.022827,0.000549
22896872,BNO_GRV,2264,-4300,3,0.999756,-0.005371,0.021729,0.000610
22907340,BNO_GRV,2265,-4300,3,0.999756,-0.005249,0.020691,0.000610
22917034,BNO_GRV,2266,-4700,3,0.999817,-0.005188,0.019714,0.000671
22926779,BNO_GRV,2267,-4200,3,0.999817,-0.005188,0.018860,0.000732
22936147,BNO_GRV,2268,-4200,3,0.999817,-0.005310,0.018127,0.000793
22947338,BNO_GRV,2269,-4700,3,0.999817,-0.005432,0.017273,0.000854
22956834,BNO_GRV,2270,-4300,3,0.999878,-0.005554,0.016479,0.000916
22966382,BNO_GRV,2271,-4200,3,0.999878,-0.005676,0.015564,0.000916
22977262,BNO_GRV,2272,-4300,3,0.999878,-0.005737,0.014709,0.000916
22987185,BNO_GRV,2273,-3800,3,0.999878,-0.005676,0.013916,0.000916
22997508,BNO_GRV,2274,-4500,3,0.999878,-0.005615,0.013062,0.000854
23006673,BNO_GRV,2275,-4300,3,0.999878,-0.005554,0.012390,0.000854
23016539,BNO_GRV,2276,-4300,3,0.999939,-0.005554,0.011658,0.000854
23027104,BNO_GRV,2277,-4700,3,0.999939,-0.005676,0.010986,0.000916
23037460,BNO_GRV,2278,-4700,3,0.999939,-0.005737,0.010193,0.000916
23046675,BNO_GRV,2279,-4300,3,0.999939,-0.005859,0.009644,0.000916
23056566,BNO_GRV,2280,-4300,3,0.999939,-0.005859,0.009094,0.000916
23067011,BNO_GRV,2281,-4500,3,0.999939,-0.005920,0.008667,0.000916
23077526,BNO_GRV,2282,-4900,3,0.999939,-0.006042,0.008301,0.000977
23086490,BNO_GRV,2283,-4200,3,0.999939,-0.006165,0.008118,0.000977
23097008,BNO_GRV,2284,-4200,3,0.999939,-0.006287,0.007935,0.000977
23106866,BNO_GRV,2285,-4500,3,0.999939,-0.006287,0.007812,0.000977
23116953,BNO_GRV,2286,-4000,3,0.999939,-0.006226,0.007812,0.001038
23126355,BNO_GRV,2287,-4000,3,0.999939,-0.006165,0.007874,0.001038
23136860,BNO_GRV,2288,-4300,3,0.999939,-0.005920,0.007935,0.000977
23147808,BNO_GRV,2289,-4700,3,0.999939,-0.005737,0.007812,0.000916
23157258,BNO_GRV,2290,-4000,3,0.999939,-0.005676,0.007446,0.000793
23166181,BNO_GRV,2291,-3600,3,0.999939,-0.005676,0.007019,0.000732
23176919,BNO_GRV,2292,-4200,3,0.999939,-0.005737,0.006470,0.000671
23187053,BNO_GRV,2293,-4500,3,0.999939,-0.005859,0.005981,0.000671
23197263,BNO_GRV,2294,-4300,3,0.999939,-0.006042,0.005676,0.000732
23206307,BNO_GRV,2295,-3600,3,0.999939,-0.006165,0.005615,0.000793
23216975,BNO_GRV,2296,-4200,3,0.999939,-0.006287,0.005798,0.000793
23227058,BNO_GRV,2297,-4200,3,0.999939,-0.006348,0.005981,0.000793
23237302,BNO_GRV,2298,-4500,3,0.999939,-0.006409,0.006287,0.000793
23246767,BNO_GRV,2299,-4200,3,0.999939,-0.006409,0.006531,0.000732
23257397,BNO_GRV,2300,-4300,3,0.999939,-0.006409,0.006836,0.000671
23266942,BNO_GRV,2301,-4200,3,0.999939,-0.006348,0.007080,0.000671
23277397,BNO_GRV,2302,-4300,3,0.999939,-0.006226,0.007263,0.000671
23286377,BNO_GRV,2303,-3600,3,0.999939,-0.006104,0.007568,0.000732
23297300,BNO_GRV,2304,-4500,3,0.999939,-0.005981,0.007751,0.000732
23307186,BNO_GRV,2305,-4300,3,0.999939,-0.005920,0.007935,0.000732
23317477,BNO_GRV,2306,-4200,3,0.999939,-0.005920,0.007996,0.000671
23326443,BNO_GRV,2307,-3600,3,0.999939,-0.005981,0.008057,0.000671
23337457,BNO_GRV,2308,-4200,3,0.999939,-0.006042,0.008118,0.000610
23347110,BNO_GRV,2309,-4300,3,0.999939,-0.006165,0.008179,0.000549
23357642,BNO_GRV,2310,-4200,3,0.999939,-0.006470,0.008301,0.000488
23366741,BNO_GRV,2311,-3600,3,0.999939,-0.006775,0.008423,0.000427
23377540,BNO_GRV,2312,-4300,3,0.999939,-0.006958,0.008545,0.000488
23387122,BNO_GRV,2313,-4200,3,0.999939,-0.007019,0.008850,0.000488
23397688,BNO_GRV,2314,-4300,3,0.999939,-0.006958,0.009216,0.000488
23406642,BNO_GRV,2315,-3600,3,0.999939,-0.006775,0.009583,0.000488
23417807,BNO_GRV,2316,-4300,3,0.999939,-0.006531,0.010010,0.000549
23427181,BNO_GRV,2317,-4200,3,0.999939,-0.006348,0.010437,0.000549
23437714,BNO_GRV,2318,-4300,3,0.999939,-0.006165,0.010864,0.000549
23446704,BNO_GRV,2319,-3600,3,0.999939,-0.006042,0.011108,0.000549
23457859,BNO_GRV,2320,-4300,3,0.999939,-0.005920,0.011414,0.000549
23467368,BNO_GRV,2321,-4200,3,0.999939,-0.005798,0.011597,0.000549
23477985,BNO_GRV,2322,-4500,3,0.999939,-0.005798,0.011597,0.000549
23486918,BNO_GRV,2323,-3800,3,0.999939,-0.005798,0.011536,0.000549
23498052,BNO_GRV,2324,-4300,3,0.999939,-0.005798,0.011475,0.000549
23507328,BNO_GRV,2325,-4200,3,0.999939,-0.005859,0.011414,0.000549
23518468,BNO_GRV,2326,-4700,3,0.999939,-0.005920,0.011414,0.000549
23528022,BNO_GRV,2327,-4700,3,0.999939,-0.005920,0.011292,0.000610
23537506,BNO_GRV,2328,-4200,3,0.999939,-0.005859,0.011169,0.000671
23547821,BNO_GRV,2329,-4300,3,0.999939,-0.005920,0.011047,0.000671
23558004,BNO_GRV,2330,-4000,3,0.999939,-0.005920,0.010986,0.000732
23568140,BNO_GRV,2331,-4500,3,0.999939,-0.005981,0.010925,0.000732
23577988,BNO_GRV,2332,-4500,3,0.999939,-0.006042,0.010925,0.000671
23587745,BNO_GRV,2333,-4300,3,0.999939,-0.006104,0.010803,0.000671
23598463,BNO_GRV,2334,-4700,3,0.999939,-0.006042,0.010742,0.000671
23607998,BNO_GRV,2335,-4500,3,0.999939,-0.005920,0.010742,0.000671
23617826,BNO_GRV,2336,-4500,3,0.999939,-0.005737,0.010803,0.000671
23628389,BNO_GRV,2337,-4500,3,0.999939,-0.005676,0.010803,0.000732
23638416,BNO_GRV,2338,-4200,3,0.999939,-0.005615,0.010803,0.000793
23648619,BNO_GRV,2339,-4500,3,0.999939,-0.005615,0.010742,0.000854
23658065,BNO_GRV,2340,-4500,3,0.999939,-0.005493,0.010681,0.000916
23668652,BNO_GRV,2341,-4500,3,0.999939,-0.005493,0.010620,0.000916
23678712,BNO_GRV,2342,-4000,3,0.999939,-0.005493,0.010437,0.000916
23688214,BNO_GRV,2343,-4700,3,0.999939,-0.005432,0.010254,0.000854
23697920,BNO_GRV,2344,-4300,3,0.999939,-0.005432,0.010071,0.000793
23708853,BNO_GRV,2345,-4500,3,0.999939,-0.005432,0.009888,0.000732
23718937,BNO_GRV,2346,-4200,3,0.999939,-0.005371,0.009644,0.000671
23728628,BNO_GRV,2347,-4900,3,0.999939,-0.005310,0.009399,0.000610
23738462,BNO_GRV,2348,-4300,3,0.999939,-0.005188,0.009155,0.000610
23748160,BNO_GRV,2349,-4300,3,0.999939,-0.005127,0.008911,0.000610
23759315,BNO_GRV,2350,-5300,3,0.999939,-0.005127,0.008789,0.000671
23768655,BNO_GRV,2351,-4500,3,0.999939,-0.005127,0.008728,0.000671
23778207,BNO_GRV,2352,-4500,3,0.999939,-0.005188,0.008728,0.000732
23789202,BNO_GRV,2353,-4500,3,0.999939,-0.005249,0.008728,0.000732
23799262,BNO_GRV,2354,-4200,3,0.999939,-0.005310,0.008667,0.000732
23808924,BNO_GRV,2355,-4700,3,0.999939,-0.005310,0.008545,0.000671
23818449,BNO_GRV,2356,-4300,3,0.999939,-0.005310,0.008240,0.000671
23828173,BNO_GRV,2357,-4300,3,0.999939,-0.005310,0.007935,0.000610
23839475,BNO_GRV,2358,-4900,3,0.999939,-0.005249,0.007446,0.000488
23849104,BNO_GRV,2359,-4900,3,0.999939,-0.005310,0.006897,0.000427
23858943,BNO_GRV,2360,-4500,3,0.999939,-0.005310,0.006287,0.000366
23868498,BNO_GRV,2361,-4500,3,0.999939,-0.005371,0.005737,0.000305
23879348,BNO_GRV,2362,-5100,3,1.000000,-0.005432,0.005127,0.000244
23889096,BNO_GRV,2363,-4500,3,1.000000,-0.005371,0.004517,0.000183
23898827,BNO_GRV,2364,-4300,3,1.000000,-0.005310,0.003906,0.000122
23908565,BNO_GRV,2365,-4300,3,1.000000,-0.005249,0.003296,0.000061
23919518,BNO_GRV,2366,-4900,3,1.000000,-0.005188,0.002625,0.000000
23929057,BNO_GRV,2367,-4500,3,1.000000,-0.005188,0.001892,0.000000
23938792,BNO_GRV,2368,-4300,3,1.000000,-0.005249,0.001099,-0.000061
23948370,BNO_GRV,2369,-4300,3,1.000000,-0.005310,0.000183,-0.000122
23958797,BNO_GRV,2370,-4500,3,1.000000,-0.005493,-0.000916,-0.000122
23969268,BNO_GRV,2371,-4500,3,1.000000,-0.005676,-0.002197,-0.000183
23978462,BNO_GRV,2372,-4300,3,1.000000,-0.005798,-0.003540,-0.000183
23989375,BNO_GRV,2373,-4300,3,1.000000,-0.005676,-0.005127,-0.000244
23998856,BNO_GRV,2374,-4500,3,0.999939,-0.005432,-0.006775,-0.000366
24008888,BNO_GRV,2375,-4000,3,0.999939,-0.005005,-0.008728,-0.000488
24018530,BNO_GRV,2376,-4200,3,0.999939,-0.004578,-0.010803,-0.000610
24028481,BNO_GRV,2377,-4200,3,0.999878,-0.004211,-0.013000,-0.000610
24038978,BNO_GRV,2378,-4700,3,0.999878,-0.004028,-0.015015,-0.000671
24049396,BNO_GRV,2379,-4700,3,0.999878,-0.003845,-0.016907,-0.000732
24058640,BNO_GRV,2380,-4300,3,0.999817,-0.003784,-0.018433,-0.000732
24069443,BNO_GRV,2381,-4200,3,0.999817,-0.003845,-0.019836,-0.000671
24080000,BNO_GRV,2382,-4500,3,0.999756,-0.004028,-0.020813,-0.000610
24089589,BNO_GRV,2383,-4200,3,0.999756,-0.004272,-0.021729,-0.000488
24099227,BNO_GRV,2384,-4300,3,0.999756,-0.004333,-0.022400,-0.000488
24108826,BNO_GRV,2385,-4300,3,0.999756,-0.004272,-0.022705,-0.000488
24119020,BNO_GRV,2386,-4500,3,0.999756,-0.004089,-0.022949,-0.000549
24129251,BNO_GRV,2387,-4300,3,0.999695,-0.003784,-0.023193,-0.000610
24138391,BNO_GRV,2388,-4000,3,0.999695,-0.003540,-0.023621,-0.000732
24149200,BNO_GRV,2389,-4200,3,0.999695,-0.003357,-0.024048,-0.000732
24158906,BNO_GRV,2390,-4200,3,0.999695,-0.003174,-0.024536,-0.000732
24169330,BNO_GRV,2391,-4300,3,0.999695,-0.002930,-0.025146,-0.000671
24178176,BNO_GRV,2392,-3400,3,0.999634,-0.002808,-0.025940,-0.000549
24189278,BNO_GRV,2393,-4300,3,0.999634,-0.002869,-0.026672,-0.000488
24198905,BNO_GRV,2394,-4300,3,0.999634,-0.003174,-0.027283,-0.000488
24209443,BNO_GRV,2395,-4300,3,0.999634,-0.003479,-0.027954,-0.000549
24218398,BNO_GRV,2396,-3800,3,0.999573,-0.003662,-0.028687,-0.000549
24229455,BNO_GRV,2397,-4300,3,0.999573,-0.003845,-0.029480,-0.000549
24239053,BNO_GRV,2398,-4200,3,0.999512,-0.003784,-0.030273,-0.000549
24249669,BNO_GRV,2399,-4300,3,0.999512,-0.003601,-0.031311,-0.000549
24259206,BNO_GRV,2400,-4300,3,0.999451,-0.003418,-0.032532,-0.000610
24268990,BNO_GRV,2401,-4200,3,0.999451,-0.003174,-0.033691,-0.000732
24279166,BNO_GRV,2402,-4300,3,0.999390,-0.002991,-0.034729,-0.000793
24289478,BNO_GRV,2403,-4300,3,0.999329,-0.002808,-0.035828,-0.000854
24298945,BNO_GRV,2404,-4000,3,0.999329,-0.002808,-0.037048,-0.000854
24309838,BNO_GRV,2405,-4300,3,0.999268,-0.003052,-0.038269,-0.000854
24319394,BNO_GRV,2406,-4300,3,0.999207,-0.003296,-0.039307,-0.000854
24329616,BNO_GRV,2407,-4200,3,0.999146,-0.003479,-0.040527,-0.000854
24338838,BNO_GRV,2408,-3800,3,0.999084,-0.003601,-0.041931,-0.000793
24349968,BNO_GRV,2409,-4300,3,0.999084,-0.003784,-0.043274,-0.000854
24359314,BNO_GRV,2410,-4300,3,0.999023,-0.003906,-0.044556,-0.000916
24369679,BNO_GRV,2411,-4300,3,0.998962,-0.003906,-0.046021,-0.001038
24379694,BNO_GRV,2412,-4300,3,0.998840,-0.004028,-0.047546,-0.001099
24389458,BNO_GRV,2413,-4200,3,0.998779,-0.004211,-0.049072,-0.001160
24399318,BNO_GRV,2414,-4300,3,0.998718,-0.004333,-0.050598,-0.001160
24409945,BNO_GRV,2415,-4300,3,0.998657,-0.004578,-0.052063,-0.001099
24419515,BNO_GRV,2416,-4300,3,0.998535,-0.004822,-0.053528,-0.001038
24429410,BNO_GRV,2417,-4300,3,0.998474,-0.004944,-0.054810,-0.000977
24439954,BNO_GRV,2418,-4500,3,0.998413,-0.005005,-0.056091,-0.000977
24449857,BNO_GRV,2419,-3800,3,0.998352,-0.004944,-0.057251,-0.000977
24460013,BNO_GRV,2420,-4500,3,0.998291,-0.004944,-0.058411,-0.000977
24469504,BNO_GRV,2421,-4300,3,0.998230,-0.004944,-0.059570,-0.001038
24479995,BNO_GRV,2422,-4500,3,0.998108,-0.004944,-0.060791,-0.001160
24490008,BNO_GRV,2423,-4000,3,0.998047,-0.004944,-0.061951,-0.001160
24500154,BNO_GRV,2424,-4500,3,0.997986,-0.004944,-0.063293,-0.001099
24509811,BNO_GRV,2425,-4300,3,0.997925,-0.004944,-0.064453,-0.001099
24520273,BNO_GRV,2426,-4500,3,0.997803,-0.004944,-0.065735,-0.001038
24530100,BNO_GRV,2427,-3600,3,0.997742,-0.005127,-0.066956,-0.001038
24540263,BNO_GRV,2428,-4500,3,0.997620,-0.005371,-0.068298,-0.001099
24549631,BNO_GRV,2429,-4300,3,0.997559,-0.005554,-0.069702,-0.001099
24560367,BNO_GRV,2430,-4300,3,0.997437,-0.005615,-0.071411,-0.001099
24570321,BNO_GRV,2431,-3800,3,0.997314,-0.005676,-0.072876,-0.001099
24580500,BNO_GRV,2432,-4500,3,0.997192,-0.005737,-0.074402,-0.001099
24589768,BNO_GRV,2433,-4200,3,0.997131,-0.005737,-0.075684,-0.001099
24600579,BNO_GRV,2434,-4500,3,0.997009,-0.005676,-0.076965,-0.001099
24610501,BNO_GRV,2435,-4000,3,0.996948,-0.005554,-0.078186,-0.001099
24620617,BNO_GRV,2436,-4500,3,0.996826,-0.005493,-0.079590,-0.001099
24629959,BNO_GRV,2437,-4300,3,0.996704,-0.005554,-0.080811,-0.001099
24640756,BNO_GRV,2438,-4500,3,0.996582,-0.005676,-0.082214,-0.001099
24650589,BNO_GRV,2439,-4000,3,0.996521,-0.005737,-0.083313,-0.001099
24660782,BNO_GRV,2440,-4700,3,0.996399,-0.005737,-0.084473,-0.001160
24670022,BNO_GRV,2441,-4300,3,0.996277,-0.005737,-0.085693,-0.001221
24680554,BNO_GRV,2442,-4300,3,0.996155,-0.005859,-0.087158,-0.001282
24690663,BNO_GRV,2443,-3800,3,0.996033,-0.005981,-0.088501,-0.001282
24700813,BNO_GRV,2444,-4500,3,0.995911,-0.006104,-0.090027,-0.001282
24710202,BNO_GRV,2445,-4300,3,0.995789,-0.006165,-0.091248,-0.001282
24720964,BNO_GRV,2446,-4300,3,0.995667,-0.006165,-0.092651,-0.001221
24730773,BNO_GRV,2447,-3800,3,0.995544,-0.006226,-0.093811,-0.001160
24741148,BNO_GRV,2448,-4700,3,0.995422,-0.006287,-0.095154,-0.001160
24750179,BNO_GRV,2449,-4300,3,0.995300,-0.006348,-0.096375,-0.001221
24760984,BNO_GRV,2450,-4300,3,0.995178,-0.006348,-0.097839,-0.001282
24770791,BNO_GRV,2451,-3800,3,0.995056,-0.006470,-0.099121,-0.001404
24780894,BNO_GRV,2452,-4500,3,0.994934,-0.006653,-0.100525,-0.001465
24790103,BNO_GRV,2453,-4200,3,0.994751,-0.006775,-0.101868,-0.001465
24800937,BNO_GRV,2454,-4300,3,0.994629,-0.006958,-0.103394,-0.001465
24811393,BNO_GRV,2455,-4300,3,0.994446,-0.007263,-0.104736,-0.001465
24820839,BNO_GRV,2456,-4300,3,0.994324,-0.007568,-0.106018,-0.001465
24830586,BNO_GRV,2457,-4200,3,0.994202,-0.007874,-0.107239,-0.001465
24840370,BNO_GRV,2458,-4200,3,0.994080,-0.008118,-0.108337,-0.001465
24850794,BNO_GRV,2459,-4700,3,0.993958,-0.008362,-0.109253,-0.001526
24861257,BNO_GRV,2460,-4700,3,0.993896,-0.008789,-0.110046,-0.001587
24870316,BNO_GRV,2461,-4200,3,0.993835,-0.009216,-0.110474,-0.001587
24881134,BNO_GRV,2462,-4300,3,0.993774,-0.009583,-0.110779,-0.001587
24891855,BNO_GRV,2463,-4300,3,0.993774,-0.009644,-0.111206,-0.001587
24901336,BNO_GRV,2464,-4500,3,0.993652,-0.009521,-0.111938,-0.001526
24910846,BNO_GRV,2465,-4300,3,0.993591,-0.009460,-0.112793,-0.001404
24920367,BNO_GRV,2466,-4200,3,0.993469,-0.009521,-0.113525,-0.001343
24930764,BNO_GRV,2467,-4500,3,0.993408,-0.009644,-0.114258,-0.001282
24940909,BNO_GRV,2468,-4200,3,0.993286,-0.009644,-0.115051,-0.001221
24950467,BNO_GRV,2469,-4200,3,0.993225,-0.009644,-0.116028,-0.001221
24961239,BNO_GRV,2470,-4200,3,0.993103,-0.009583,-0.117126,-0.001221
24971722,BNO_GRV,2471,-4300,3,0.992920,-0.009460,-0.118286,-0.001221
24981137,BNO_GRV,2472,-4000,3,0.992798,-0.009277,-0.119568,-0.001282
24989983,BNO_GRV,2473,-3600,3,0.992615,-0.009155,-0.121033,-0.001282
25000827,BNO_GRV,2474,-4300,3,0.992432,-0.008972,-0.122681,-0.001343
25010958,BNO_GRV,2475,-4500,3,0.992188,-0.008789,-0.124390,-0.001404
25021410,BNO_GRV,2476,-4700,3,0.991943,-0.008545,-0.126160,-0.001404
25030757,BNO_GRV,2477,-4300,3,0.991760,-0.008301,-0.127869,-0.001465
25040738,BNO_GRV,2478,-4200,3,0.991516,-0.008057,-0.129578,-0.001526
25050712,BNO_GRV,2479,-4300,3,0.991333,-0.007874,-0.131287,-0.001587
25061142,BNO_GRV,2480,-4300,3,0.991089,-0.007812,-0.132812,-0.001648
25070748,BNO_GRV,2481,-4300,3,0.990906,-0.007812,-0.134155,-0.001648
25080668,BNO_GRV,2482,-4200,3,0.990784,-0.007812,-0.135376,-0.001709
25092152,BNO_GRV,2483,-4900,3,0.990601,-0.007935,-0.136658,-0.001709
25102028,BNO_GRV,2484,-4300,3,0.990417,-0.008118,-0.137817,-0.001709
25110817,BNO_GRV,2485,-4300,3,0.990234,-0.008362,-0.139038,-0.001709
25121666,BNO_GRV,2486,-4300,3,0.990051,-0.008728,-0.140381,-0.001709
25131016,BNO_GRV,2487,-4500,3,0.989868,-0.009155,-0.141541,-0.001709
25141351,BNO_GRV,2488,-4200,3,0.989746,-0.009583,-0.142639,-0.001709
25150416,BNO_GRV,2489,-3800,3,0.989563,-0.009949,-0.143616,-0.001709
25161338,BNO_GRV,2490,-4300,3,0.989441,-0.010193,-0.144714,-0.001770
25170870,BNO_GRV,2491,-4200,3,0.989258,-0.010315,-0.145752,-0.001831
25182109,BNO_GRV,2492,-4700,3,0.989075,-0.010559,-0.147034,-0.001892
25191300,BNO_GRV,2493,-4300,3,0.988892,-0.010742,-0.148193,-0.001953
25201254,BNO_GRV,2494,-4300,3,0.988708,-0.010986,-0.149414,-0.001953
25211162,BNO_GRV,2495,-4300,3,0.988525,-0.011230,-0.150574,-0.001953
25221538,BNO_GRV,2496,-4300,3,0.988342,-0.011353,-0.151733,-0.001953
25230407,BNO_GRV,2497,-3600,3,0.988159,-0.011414,-0.152954,-0.001953
25241625,BNO_GRV,2498,-4300,3,0.987915,-0.011353,-0.154480,-0.002075
25250987,BNO_GRV,2499,-4200,3,0.987671,-0.011292,-0.156006,-0.002136
25262447,BNO_GRV,2500,-4700,3,0.987427,-0.011230,-0.157776,-0.002258
25271576,BNO_GRV,2501,-4200,3,0.987122,-0.011292,-0.159485,-0.002319
25281222,BNO_GRV,2502,-4300,3,0.986877,-0.011292,-0.161194,-0.002380
25291568,BNO_GRV,2503,-4500,3,0.986572,-0.011292,-0.163086,-0.002441
25301621,BNO_GRV,2504,-3800,3,0.986267,-0.011169,-0.164856,-0.002563
25311602,BNO_GRV,2505,-4300,3,0.985962,-0.011047,-0.166565,-0.002625
25321392,BNO_GRV,2506,-4300,3,0.985718,-0.010986,-0.167969,-0.002625
25331960,BNO_GRV,2507,-4300,3,0.985474,-0.011047,-0.169312,-0.002686
25341703,BNO_GRV,2508,-3800,3,0.985291,-0.011108,-0.170349,-0.002747
25351736,BNO_GRV,2509,-4300,3,0.985168,-0.011169,-0.171204,-0.002747
25361265,BNO_GRV,2510,-4200,3,0.985046,-0.011292,-0.171814,-0.002808
25371987,BNO_GRV,2511,-4300,3,0.984924,-0.011292,-0.172424,-0.002869
25381917,BNO_GRV,2512,-3800,3,0.984802,-0.011169,-0.173157,-0.002930
25392057,BNO_GRV,2513,-4500,3,0.984680,-0.011047,-0.174133,-0.002991
25401377,BNO_GRV,2514,-4200,3,0.984497,-0.010864,-0.175049,-0.003052
25412150,BNO_GRV,2515,-4500,3,0.984314,-0.010742,-0.176086,-0.003052
25422089,BNO_GRV,2516,-3800,3,0.984131,-0.010681,-0.177063,-0.003113
25432236,BNO_GRV,2517,-4500,3,0.983948,-0.010803,-0.178162,-0.003113
25441734,BNO_GRV,2518,-4300,3,0.983765,-0.010925,-0.179199,-0.003174
25452101,BNO_GRV,2519,-4300,3,0.983521,-0.011047,-0.180481,-0.003174
25462006,BNO_GRV,2520,-3800,3,0.983276,-0.011047,-0.181763,-0.003235
25472196,BNO_GRV,2521,-4500,3,0.982971,-0.011047,-0.183289,-0.003296
25481625,BNO_GRV,2522,-4300,3,0.982727,-0.011047,-0.184753,-0.003357
25492340,BNO_GRV,2523,-4500,3,0.982422,-0.011169,-0.186279,-0.003418
25502369,BNO_GRV,2524,-3800,3,0.982178,-0.011353,-0.187561,-0.003418
25512652,BNO_GRV,2525,-4500,3,0.981934,-0.011719,-0.188782,-0.003418
25521779,BNO_GRV,2526,-4200,3,0.981750,-0.012024,-0.189636,-0.003357
25532236,BNO_GRV,2527,-4300,3,0.981628,-0.012207,-0.190369,-0.003296
25542672,BNO_GRV,2528,-4200,3,0.981506,-0.012329,-0.190979,-0.003235
25552138,BNO_GRV,2529,-4500,3,0.981384,-0.012451,-0.191589,-0.003235
25561814,BNO_GRV,2530,-4300,3,0.981262,-0.012512,-0.192261,-0.003235
25572404,BNO_GRV,2531,-4500,3,0.981140,-0.012451,-0.192993,-0.003296
25582773,BNO_GRV,2532,-4300,3,0.980957,-0.012268,-0.193726,-0.003418
25592224,BNO_GRV,2533,-4300,3,0.980835,-0.012085,-0.194336,-0.003418
25601812,BNO_GRV,2534,-4200,3,0.980713,-0.011963,-0.194885,-0.003418
25612522,BNO_GRV,2535,-4300,3,0.980652,-0.011902,-0.195374,-0.003418
25622485,BNO_GRV,2536,-3600,3,0.980591,-0.011963,-0.195679,-0.003357
25632664,BNO_GRV,2537,-4500,3,0.980530,-0.012085,-0.195984,-0.003296
25642083,BNO_GRV,2538,-4300,3,0.980469,-0.012207,-0.196411,-0.003235
25652121,BNO_GRV,2539,-4300,3,0.980347,-0.012207,-0.196960,-0.003235
25662658,BNO_GRV,2540,-4500,3,0.980225,-0.012085,-0.197632,-0.003235
25672764,BNO_GRV,2541,-4500,3,0.980042,-0.011841,-0.198364,-0.003235
25682067,BNO_GRV,2542,-4300,3,0.979919,-0.011597,-0.199097,-0.003296
25692936,BNO_GRV,2543,-4300,3,0.979675,-0.011353,-0.200073,-0.003357
25702881,BNO_GRV,2544,-3800,3,0.979492,-0.011292,-0.201050,-0.003357
25712561,BNO_GRV,2545,-4200,3,0.979248,-0.011353,-0.202209,-0.003418
25722063,BNO_GRV,2546,-4300,3,0.979004,-0.011353,-0.203430,-0.003479
25732900,BNO_GRV,2547,-4300,3,0.978699,-0.011353,-0.204834,-0.003540
25742566,BNO_GRV,2548,-4700,3,0.978455,-0.011353,-0.206116,-0.003601
25752790,BNO_GRV,2549,-4200,3,0.978149,-0.011353,-0.207520,-0.003662
25762225,BNO_GRV,2550,-4300,3,0.977844,-0.011414,-0.208923,-0.003662
25773104,BNO_GRV,2551,-4300,3,0.977600,-0.011597,-0.210266,-0.003601
25782713,BNO_GRV,2552,-4700,3,0.977356,-0.011841,-0.211243,-0.003601
25793098,BNO_GRV,2553,-4500,3,0.977112,-0.012024,-0.212219,-0.003540
25802407,BNO_GRV,2554,-4500,3,0.976929,-0.012146,-0.213074,-0.003540
25812452,BNO_GRV,2555,-4200,3,0.976746,-0.012268,-0.213928,-0.003601
25822784,BNO_GRV,2556,-4500,3,0.976562,-0.012390,-0.214722,-0.003601
25833513,BNO_GRV,2557,-4900,3,0.976379,-0.012573,-0.215576,-0.003601
25842440,BNO_GRV,2558,-4300,3,0.976257,-0.012817,-0.216309,-0.003601
25852584,BNO_GRV,2559,-4300,3,0.976074,-0.012939,-0.217163,-0.003540
25862764,BNO_GRV,2560,-4700,3,0.975830,-0.012939,-0.218018,-0.003540
25873254,BNO_GRV,2561,-4500,3,0.975647,-0.012817,-0.218933,-0.003601
25882506,BNO_GRV,2562,-4300,3,0.975464,-0.012756,-0.219849,-0.003601
25893350,BNO_GRV,2563,-4300,3,0.975220,-0.012756,-0.220825,-0.003662
25903075,BNO_GRV,2564,-4700,3,0.975037,-0.012939,-0.221558,-0.003723
25913601,BNO_GRV,2565,-4700,3,0.974854,-0.013062,-0.222351,-0.003784
25922535,BNO_GRV,2566,-4200,3,0.974670,-0.013245,-0.223145,-0.003784
25933353,BNO_GRV,2567,-4300,3,0.974426,-0.013367,-0.224243,-0.003784
25943963,BNO_GRV,2568,-4500,3,0.974182,-0.013489,-0.225403,-0.003784
25953534,BNO_GRV,2569,-4000,3,0.973938,-0.013611,-0.226440,-0.003723
25963273,BNO_GRV,2570,-4200,3,0.973694,-0.013733,-0.227539,-0.003723
25972746,BNO_GRV,2571,-4300,3,0.973450,-0.013733,-0.228394,-0.003662
25982674,BNO_GRV,2572,-4200,3,0.973267,-0.013794,-0.229248,-0.003662
25993249,BNO_GRV,2573,-4300,3,0.973083,-0.013916,-0.229980,-0.003662
26002890,BNO_GRV,2574,-4300,3,0.972900,-0.013977,-0.230652,-0.003662
26012753,BNO_GRV,2575,-4300,3,0.972778,-0.014099,-0.231323,-0.003662
26022954,BNO_GRV,2576,-4300,3,0.972595,-0.014160,-0.231995,-0.003601
26033296,BNO_GRV,2577,-4300,3,0.972412,-0.014282,-0.232727,-0.003601
26042365,BNO_GRV,2578,-3800,3,0.972290,-0.014404,-0.233398,-0.003601
26053530,BNO_GRV,2579,-4500,3,0.972290,-0.014465,-0.233276,-0.003601
26063165,BNO_GRV,2580,-4500,3,0.972290,-0.014587,-0.233215,-0.003601
26073865,BNO_GRV,2581,-4900,3,0.972229,-0.014587,-0.233398,-0.003601
26083328,BNO_GRV,2582,-4700,3,0.972168,-0.014526,-0.233826,-0.003662
26092998,BNO_GRV,2583,-4300,3,0.971985,-0.014526,-0.234436,-0.003662
26103099,BNO_GRV,2584,-4300,3,0.971863,-0.014526,-0.235107,-0.003662
26113519,BNO_GRV,2585,-4500,3,0.971741,-0.014526,-0.235596,-0.003662
26122890,BNO_GRV,2586,-4300,3,0.971619,-0.014526,-0.236084,-0.003662
26133286,BNO_GRV,2587,-4500,3,0.971497,-0.014526,-0.236572,-0.003662
26143107,BNO_GRV,2588,-4500,3,0.971375,-0.014587,-0.237000,-0.003662
26153675,BNO_GRV,2589,-4500,3,0.971252,-0.014648,-0.237549,-0.003662
26162835,BNO_GRV,2590,-4200,3,0.971130,-0.014709,-0.237976,-0.003601
26173209,BNO_GRV,2591,-4300,3,0.971069,-0.014771,-0.238342,-0.003601
26183427,BNO_GRV,2592,-4500,3,0.971008,-0.014771,-0.238586,-0.003540
26194001,BNO_GRV,2593,-4700,3,0.970947,-0.014709,-0.238770,-0.003479
26203071,BNO_GRV,2594,-4200,3,0.970947,-0.014587,-0.238831,-0.003418
26212973,BNO_GRV,2595,-4200,3,0.970947,-0.014465,-0.238892,-0.003418
26223341,BNO_GRV,2596,-4500,3,0.970886,-0.014404,-0.238953,-0.003418
26233686,BNO_GRV,2597,-4200,3,0.970886,-0.014343,-0.239014,-0.003418
26243984,BNO_GRV,2598,-4500,3,0.970886,-0.014221,-0.239075,-0.003418
26253227,BNO_GRV,2599,-4300,3,0.970886,-0.014160,-0.239075,-0.003418
26263613,BNO_GRV,2600,-4500,3,0.970886,-0.014038,-0.239136,-0.003418
26273697,BNO_GRV,2601,-4000,3,0.970886,-0.013977,-0.239197,-0.003418
26283872,BNO_GRV,2602,-4500,3,0.970825,-0.013916,-0.239380,-0.003479
26293399,BNO_GRV,2603,-4200,3,0.970764,-0.013855,-0.239563,-0.003479
26303902,BNO_GRV,2604,-4500,3,0.970703,-0.013794,-0.239807,-0.003479
26313762,BNO_GRV,2605,-3800,3,0.970642,-0.013733,-0.239990,-0.003479
26323890,BNO_GRV,2606,-4500,3,0.970581,-0.013733,-0.240295,-0.003418
26333416,BNO_GRV,2607,-4200,3,0.970520,-0.013794,-0.240540,-0.003418
26344055,BNO_GRV,2608,-4300,3,0.970459,-0.013794,-0.240845,-0.003418
26353996,BNO_GRV,2609,-4000,3,0.970398,-0.013794,-0.241089,-0.003418
26364152,BNO_GRV,2610,-4500,3,0.970337,-0.013733,-0.241333,-0.003418
26373399,BNO_GRV,2611,-4300,3,0.970276,-0.013550,-0.241577,-0.003418
26383942,BNO_GRV,2612,-4200,3,0.970215,-0.013428,-0.241760,-0.003479
26394465,BNO_GRV,2613,-4200,3,0.970215,-0.013367,-0.241943,-0.003479
26403939,BNO_GRV,2614,-4500,3,0.970154,-0.013306,-0.242004,-0.003479
26413432,BNO_GRV,2615,-4200,3,0.970154,-0.013245,-0.242004,-0.003479
26424171,BNO_GRV,2616,-4300,3,0.970154,-0.013184,-0.242065,-0.003479
26434575,BNO_GRV,2617,-4300,3,0.970154,-0.013062,-0.242065,-0.003540
26444017,BNO_GRV,2618,-4500,3,0.970154,-0.013000,-0.242188,-0.003601
26453737,BNO_GRV,2619,-4200,3,0.970154,-0.012878,-0.242249,-0.003662
26464401,BNO_GRV,2620,-4300,3,0.970154,-0.012756,-0.242188,-0.003723
26474369,BNO_GRV,2621,-3600,3,0.970215,-0.012756,-0.242004,-0.003784
26484643,BNO_GRV,2622,-4500,3,0.970276,-0.012695,-0.241760,-0.003784
26493739,BNO_GRV,2623,-4200,3,0.970337,-0.012634,-0.241516,-0.003845
26504681,BNO_GRV,2624,-4500,3,0.970337,-0.012573,-0.241272,-0.003845
26514580,BNO_GRV,2625,-4000,3,0.970398,-0.012512,-0.241089,-0.003906
26524648,BNO_GRV,2626,-4500,3,0.970459,-0.012390,-0.240906,-0.003967
26534081,BNO_GRV,2627,-4500,3,0.970459,-0.012268,-0.240845,-0.004089
26544160,BNO_GRV,2628,-4500,3,0.970459,-0.012207,-0.240906,-0.004150
26554911,BNO_GRV,2629,-4700,3,0.970459,-0.012085,-0.241028,-0.004272
26564534,BNO_GRV,2630,-4500,3,0.970398,-0.012024,-0.241211,-0.004395
26574275,BNO_GRV,2631,-4500,3,0.970337,-0.011963,-0.241333,-0.004456
26584198,BNO_GRV,2632,-4500,3,0.970337,-0.011963,-0.241455,-0.004517
26594924,BNO_GRV,2633,-4900,3,0.970337,-0.012024,-0.241516,-0.004517
26604603,BNO_GRV,2634,-4300,3,0.970337,-0.012146,-0.241455,-0.004456
26614253,BNO_GRV,2635,-4300,3,0.970337,-0.012268,-0.241394,-0.004395
26624247,BNO_GRV,2636,-4500,3,0.970337,-0.012329,-0.241333,-0.004395
26635122,BNO_GRV,2637,-4900,3,0.970337,-0.012390,-0.241333,-0.004395
26644789,BNO_GRV,2638,-4300,3,0.970337,-0.012268,-0.241333,-0.004395
26654408,BNO_GRV,2639,-4300,3,0.970337,-0.012207,-0.241455,-0.004456
26664419,BNO_GRV,2640,-4500,3,0.970276,-0.012146,-0.241638,-0.004578
26675249,BNO_GRV,2641,-5100,3,0.970215,-0.012146,-0.241882,-0.004639
26685014,BNO_GRV,2642,-4300,3,0.970154,-0.012207,-0.242188,-0.004700
26694337,BNO_GRV,2643,-4500,3,0.970093,-0.012329,-0.242493,-0.004761
26704257,BNO_GRV,2644,-4500,3,0.970032,-0.012390,-0.242676,-0.004700
26714840,BNO_GRV,2645,-4700,3,0.969971,-0.012573,-0.242859,-0.004639
26725388,BNO_GRV,2646,-4900,3,0.969971,-0.012756,-0.242798,-0.004517
26734425,BNO_GRV,2647,-4300,3,0.969971,-0.012817,-0.242737,-0.004456
26744411,BNO_GRV,2648,-4500,3,0.970032,-0.012817,-0.242615,-0.004395
26754749,BNO_GRV,2649,-4700,3,0.970032,-0.012695,-0.242554,-0.004456
26765064,BNO_GRV,2650,-4700,3,0.970032,-0.012573,-0.242554,-0.004456
26774434,BNO_GRV,2651,-4300,3,0.970032,-0.012451,-0.242676,-0.004517
26784566,BNO_GRV,2652,-4500,3,0.969971,-0.012390,-0.242737,-0.004578
26794850,BNO_GRV,2653,-4700,3,0.969971,-0.012329,-0.242859,-0.004578
26804997,BNO_GRV,2654,-4300,3,0.969971,-0.012268,-0.242859,-0.004517
26814414,BNO_GRV,2655,-4300,3,0.969971,-0.012329,-0.242798,-0.004456
26825500,BNO_GRV,2656,-4500,3,0.970032,-0.012451,-0.242615,-0.004333
26835260,BNO_GRV,2657,-4900,3,0.970093,-0.012512,-0.242371,-0.004272
26845905,BNO_GRV,2658,-5100,3,0.970154,-0.012512,-0.242188,-0.004272
26854665,BNO_GRV,2659,-4300,3,0.970154,-0.012512,-0.242065,-0.004272
26864692,BNO_GRV,2660,-4300,3,0.970215,-0.012451,-0.242004,-0.004272
26875072,BNO_GRV,2661,-4700,3,0.970154,-0.012512,-0.242004,-0.004272
26885644,BNO_GRV,2662,-4700,3,0.970154,-0.012573,-0.242126,-0.004272
26894722,BNO_GRV,2663,-4300,3,0.970154,-0.012573,-0.242188,-0.004333
26905065,BNO_GRV,2664,-4500,3,0.970154,-0.012573,-0.242249,-0.004333
26915554,BNO_GRV,2665,-4900,3,0.970093,-0.012634,-0.242249,-0.004395
26925320,BNO_GRV,2666,-4200,3,0.970093,-0.012634,-0.242310,-0.004395
26934844,BNO_GRV,2667,-4300,3,0.970093,-0.012634,-0.242371,-0.004456
26944858,BNO_GRV,2668,-4300,3,0.970032,-0.012634,-0.242493,-0.004456
26954905,BNO_GRV,2669,-4500,3,0.969971,-0.012634,-0.242798,-0.004456
26965345,BNO_GRV,2670,-4500,3,0.969910,-0.012634,-0.243164,-0.004517
26974737,BNO_GRV,2671,-4300,3,0.969788,-0.012756,-0.243652,-0.004517
26984896,BNO_GRV,2672,-4300,3,0.969604,-0.012939,-0.244202,-0.004517
26994974,BNO_GRV,2673,-4300,3,0.969482,-0.013062,-0.244873,-0.004578
27005492,BNO_GRV,2674,-4500,3,0.969299,-0.013123,-0.245483,-0.004578
27014886,BNO_GRV,2675,-4300,3,0.969116,-0.013245,-0.246155,-0.004639
27025209,BNO_GRV,2676,-4500,3,0.968994,-0.013306,-0.246765,-0.004700
27035008,BNO_GRV,2677,-4500,3,0.968811,-0.013306,-0.247437,-0.004822
27045570,BNO_GRV,2678,-4500,3,0.968628,-0.013367,-0.248169,-0.004883
27054952,BNO_GRV,2679,-4300,3,0.968445,-0.013428,-0.248779,-0.004944
27065038,BNO_GRV,2680,-4300,3,0.968323,-0.013489,-0.249390,-0.005005
27075895,BNO_GRV,2681,-4700,3,0.968140,-0.013489,-0.250000,-0.004944
27085667,BNO_GRV,2682,-4200,3,0.968018,-0.013428,-0.250610,-0.004944
27094942,BNO_GRV,2683,-4300,3,0.967834,-0.013428,-0.251221,-0.004883
27105404,BNO_GRV,2684,-4500,3,0.967651,-0.013428,-0.251831,-0.004883
27115357,BNO_GRV,2685,-4500,3,0.967529,-0.013367,-0.252380,-0.004883
27125662,BNO_GRV,2686,-4500,3,0.967407,-0.013428,-0.252930,-0.004883
27135761,BNO_GRV,2687,-4500,3,0.967224,-0.013489,-0.253418,-0.004883
27145386,BNO_GRV,2688,-4500,3,0.967163,-0.013489,-0.253845,-0.004944
27156416,BNO_GRV,2689,-4900,3,0.966980,-0.013489,-0.254395,-0.004944
27166162,BNO_GRV,2690,-4200,3,0.966858,-0.013550,-0.254822,-0.005005
27175626,BNO_GRV,2691,-4700,3,0.966736,-0.013672,-0.255310,-0.005005
27185531,BNO_GRV,2692,-4300,3,0.966614,-0.013855,-0.255737,-0.005005
27195372,BNO_GRV,2693,-4300,3,0.966553,-0.013916,-0.256165,-0.005005
27206147,BNO_GRV,2694,-4900,3,0.966431,-0.013977,-0.256409,-0.005005
27215848,BNO_GRV,2695,-4700,3,0.966431,-0.013916,-0.256592,-0.005066
27225564,BNO_GRV,2696,-4300,3,0.966370,-0.013916,-0.256775,-0.005066
27236172,BNO_GRV,2697,-4500,3,0.966309,-0.013855,-0.256958,-0.005066
27246237,BNO_GRV,2698,-4200,3,0.966248,-0.013794,-0.257141,-0.005066
27255823,BNO_GRV,2699,-4700,3,0.966248,-0.013855,-0.257263,-0.005127
27265493,BNO_GRV,2700,-4300,3,0.966187,-0.013916,-0.257385,-0.005127
27276418,BNO_GRV,2701,-4500,3,0.966187,-0.014038,-0.257446,-0.005066
27286361,BNO_GRV,2702,-4000,3,0.966125,-0.014099,-0.257568,-0.005066
27296054,BNO_GRV,2703,-4700,3,0.966125,-0.014160,-0.257629,-0.005005
27305834,BNO_GRV,2704,-4300,3,0.966125,-0.014160,-0.257690,-0.005005
27315507,BNO_GRV,2705,-4300,3,0.966125,-0.014099,-0.257690,-0.005005
27326282,BNO_GRV,2706,-4700,3,0.966125,-0.013916,-0.257690,-0.005066
27336349,BNO_GRV,2707,-4500,3,0.966125,-0.013794,-0.257629,-0.005127
27345806,BNO_GRV,2708,-4500,3,0.966125,-0.013672,-0.257568,-0.005127
27355799,BNO_GRV,2709,-4500,3,0.966125,-0.013550,-0.257568,-0.005188
27366719,BNO_GRV,2710,-4900,3,0.966187,-0.013611,-0.257507,-0.005127
27376412,BNO_GRV,2711,-4700,3,0.966187,-0.013672,-0.257507,-0.005127
27386070,BNO_GRV,2712,-4300,3,0.966187,-0.013855,-0.257507,-0.005066
27395781,BNO_GRV,2713,-4500,3,0.966187,-0.014038,-0.257507,-0.005005
27407013,BNO_GRV,2714,-5100,3,0.966187,-0.014160,-0.257446,-0.004944
27416815,BNO_GRV,2715,-4900,3,0.966125,-0.014221,-0.257568,-0.004944
27426465,BNO_GRV,2716,-4500,3,0.966125,-0.014160,-0.257751,-0.004944
27436024,BNO_GRV,2717,-4500,3,0.966064,-0.014160,-0.257935,-0.004944
27446827,BNO_GRV,2718,-5100,3,0.966003,-0.014099,-0.258118,-0.004944
27456444,BNO_GRV,2719,-4300,3,0.965942,-0.014099,-0.258362,-0.004944
27466175,BNO_GRV,2720,-4300,3,0.965881,-0.014160,-0.258423,-0.004944
27475876,BNO_GRV,2721,-4300,3,0.965942,-0.014099,-0.258423,-0.004944
27486418,BNO_GRV,2722,-4700,3,0.965942,-0.014099,-0.258240,-0.004883
27496950,BNO_GRV,2723,-4900,3,0.966003,-0.014160,-0.257996,-0.004822
27506296,BNO_GRV,2724,-4300,3,0.966064,-0.014221,-0.257751,-0.004822
27516215,BNO_GRV,2725,-4500,3,0.966187,-0.014343,-0.257446,-0.004761
27527015,BNO_GRV,2726,-5100,3,0.966309,-0.014404,-0.257019,-0.004700
27536701,BNO_GRV,2727,-4300,3,0.966431,-0.014404,-0.256592,-0.004700
27546622,BNO_GRV,2728,-4500,3,0.966553,-0.014343,-0.256104,-0.004639
27555918,BNO_GRV,2729,-4200,3,0.966675,-0.014343,-0.255554,-0.004578
27566474,BNO_GRV,2730,-4700,3,0.966797,-0.014282,-0.255005,-0.004517
27576886,BNO_GRV,2731,-4700,3,0.966980,-0.014282,-0.254395,-0.004517
27586006,BNO_GRV,2732,-4200,3,0.967102,-0.014221,-0.253906,-0.004456
27596923,BNO_GRV,2733,-4300,3,0.967285,-0.014160,-0.253357,-0.004517
27606522,BNO_GRV,2734,-4500,3,0.967407,-0.014160,-0.252930,-0.004517
27617068,BNO_GRV,2735,-4700,3,0.967529,-0.014221,-0.252441,-0.004517
27626096,BNO_GRV,2736,-4200,3,0.967590,-0.014282,-0.251953,-0.004517
27637005,BNO_GRV,2737,-4300,3,0.967773,-0.014221,-0.251465,-0.004578
27646663,BNO_GRV,2738,-4900,3,0.967834,-0.014160,-0.251038,-0.004578
27657116,BNO_GRV,2739,-4700,3,0.968018,-0.014160,-0.250549,-0.004639
27666342,BNO_GRV,2740,-4200,3,0.968140,-0.014038,-0.250061,-0.004639
27676306,BNO_GRV,2741,-4300,3,0.968262,-0.013977,-0.249512,-0.004639
27686269,BNO_GRV,2742,-4300,3,0.968384,-0.013855,-0.248962,-0.004639
27697546,BNO_GRV,2743,-4700,3,0.968567,-0.013794,-0.248230,-0.004578
27706232,BNO_GRV,2744,-4200,3,0.968750,-0.013855,-0.247681,-0.004517
27717030,BNO_GRV,2745,-4300,3,0.968872,-0.013977,-0.247070,-0.004517
27727685,BNO_GRV,2746,-4500,3,0.968994,-0.014038,-0.246521,-0.004517
27737110,BNO_GRV,2747,-4000,3,0.969116,-0.014038,-0.246033,-0.004517
27746532,BNO_GRV,2748,-4300,3,0.969238,-0.013977,-0.245605,-0.004578
27756403,BNO_GRV,2749,-4300,3,0.969360,-0.013855,-0.245239,-0.004639
27766454,BNO_GRV,2750,-4300,3,0.969421,-0.013794,-0.244873,-0.004700
27776689,BNO_GRV,2751,-4200,3,0.969543,-0.013672,-0.244568,-0.004822
27786299,BNO_GRV,2752,-4200,3,0.969604,-0.013489,-0.244263,-0.004883
27797151,BNO_GRV,2753,-4300,3,0.969727,-0.013184,-0.243835,-0.004883
27806612,BNO_GRV,2754,-4300,3,0.969849,-0.012817,-0.243347,-0.004944
27817063,BNO_GRV,2755,-4300,3,0.970032,-0.012390,-0.242615,-0.004944
27826648,BNO_GRV,2756,-4200,3,0.970276,-0.012085,-0.241699,-0.004944
27836501,BNO_GRV,2757,-4200,3,0.970581,-0.011719,-0.240540,-0.005005
27846501,BNO_GRV,2758,-4300,3,0.970947,-0.011475,-0.239075,-0.004944
27856975,BNO_GRV,2759,-4200,3,0.971313,-0.011292,-0.237427,-0.004944
27866514,BNO_GRV,2760,-4200,3,0.971741,-0.011230,-0.235779,-0.004883
27877393,BNO_GRV,2761,-4300,3,0.972168,-0.011108,-0.234070,-0.004883
27886641,BNO_GRV,2762,-4300,3,0.972473,-0.011047,-0.232605,-0.004822
27897146,BNO_GRV,2763,-4500,3,0.972839,-0.010925,-0.231079,-0.004822
27907027,BNO_GRV,2764,-4500,3,0.973206,-0.010864,-0.229492,-0.004822
27916733,BNO_GRV,2765,-4200,3,0.973633,-0.010864,-0.227905,-0.004761
27926968,BNO_GRV,2766,-4500,3,0.973999,-0.010925,-0.226257,-0.004639
27937162,BNO_GRV,2767,-4300,3,0.974365,-0.010925,-0.224609,-0.004578
27947327,BNO_GRV,2768,-4300,3,0.974792,-0.010864,-0.222900,-0.004456
27956863,BNO_GRV,2769,-4200,3,0.975159,-0.010803,-0.221313,-0.004456
27966844,BNO_GRV,2770,-4300,3,0.975525,-0.010742,-0.219666,-0.004395
27977467,BNO_GRV,2771,-4500,3,0.975891,-0.010681,-0.218018,-0.004395
27986922,BNO_GRV,2772,-4500,3,0.976257,-0.010742,-0.216431,-0.004456
27996837,BNO_GRV,2773,-4300,3,0.976562,-0.010864,-0.214783,-0.004517
28007382,BNO_GRV,2774,-4300,3,0.976929,-0.011047,-0.213196,-0.004517
28017425,BNO_GRV,2775,-3800,3,0.977234,-0.011230,-0.211853,-0.004517
28027538,BNO_GRV,2776,-4500,3,0.977539,-0.011353,-0.210510,-0.004517
28037184,BNO_GRV,2777,-4300,3,0.977722,-0.011414,-0.209473,-0.004578
28047469,BNO_GRV,2778,-4300,3,0.977905,-0.011414,-0.208557,-0.004578
28057502,BNO_GRV,2779,-3800,3,0.978149,-0.011475,-0.207642,-0.004639
28067602,BNO_GRV,2780,-4500,3,0.978333,-0.011475,-0.206665,-0.004639
28077109,BNO_GRV,2781,-4300,3,0.978516,-0.011353,-0.205688,-0.004639
28087620,BNO_GRV,2782,-4500,3,0.978760,-0.011230,-0.204712,-0.004700
28097613,BNO_GRV,2783,-4000,3,0.978943,-0.011169,-0.203796,-0.004700
28107713,BNO_GRV,2784,-4500,3,0.979126,-0.011169,-0.202820,-0.004700
28117202,BNO_GRV,2785,-4300,3,0.979309,-0.011230,-0.201904,-0.004700
28128002,BNO_GRV,2786,-4300,3,0.979492,-0.011292,-0.200989,-0.004639
28137870,BNO_GRV,2787,-3800,3,0.979675,-0.011353,-0.200256,-0.004639
28148075,BNO_GRV,2788,-4700,3,0.979797,-0.011292,-0.199524,-0.004639
28157232,BNO_GRV,2789,-4300,3,0.979919,-0.011230,-0.198914,-0.004700
28168024,BNO_GRV,2790,-4500,3,0.980103,-0.011169,-0.198181,-0.004761
28177902,BNO_GRV,2791,-3800,3,0.980225,-0.011230,-0.197510,-0.004822
28187995,BNO_GRV,2792,-4500,3,0.980408,-0.011292,-0.196655,-0.004883
28197229,BNO_GRV,2793,-4200,3,0.980591,-0.011414,-0.195801,-0.004883
28208073,BNO_GRV,2794,-4300,3,0.980774,-0.011475,-0.194885,-0.004883
28217997,BNO_GRV,2795,-4000,3,0.980896,-0.011414,-0.194031,-0.004822
28228186,BNO_GRV,2796,-4500,3,0.981079,-0.011414,-0.193115,-0.004822
28237441,BNO_GRV,2797,-4200,3,0.981262,-0.011414,-0.192261,-0.004761
28248120,BNO_GRV,2798,-4500,3,0.981445,-0.011353,-0.191223,-0.004761
28258193,BNO_GRV,2799,-4000,3,0.981628,-0.011292,-0.190308,-0.004761
28268456,BNO_GRV,2800,-4500,3,0.981873,-0.011292,-0.189270,-0.004761
28277766,BNO_GRV,2801,-4300,3,0.982056,-0.011353,-0.188232,-0.004822
28287554,BNO_GRV,2802,-4200,3,0.982239,-0.011292,-0.187256,-0.004822
28298433,BNO_GRV,2803,-4500,3,0.982422,-0.011230,-0.186340,-0.004883
28307872,BNO_GRV,2804,-4200,3,0.982544,-0.011108,-0.185547,-0.004944
28317724,BNO_GRV,2805,-4300,3,0.982727,-0.010986,-0.184814,-0.005005
28327599,BNO_GRV,2806,-4200,3,0.982849,-0.010986,-0.184021,-0.005005
28338283,BNO_GRV,2807,-4500,3,0.982971,-0.011047,-0.183228,-0.005066
28348394,BNO_GRV,2808,-4500,3,0.983154,-0.011108,-0.182312,-0.005066
28357808,BNO_GRV,2809,-4500,3,0.983337,-0.011230,-0.181335,-0.005066
28367824,BNO_GRV,2810,-4300,3,0.983521,-0.011353,-0.180237,-0.004944
28378252,BNO_GRV,2811,-4700,3,0.983582,-0.011353,-0.180054,-0.004883
28388907,BNO_GRV,2812,-5100,3,0.983643,-0.011353,-0.179749,-0.004883
28398365,BNO_GRV,2813,-4500,3,0.983704,-0.011230,-0.179504,-0.004883
28407984,BNO_GRV,2814,-4300,3,0.983704,-0.011108,-0.179382,-0.004883
28418290,BNO_GRV,2815,-4700,3,0.983765,-0.010986,-0.179199,-0.004883
28428353,BNO_GRV,2816,-4300,3,0.983765,-0.010925,-0.179016,-0.004883
28437918,BNO_GRV,2817,-4300,3,0.983826,-0.010986,-0.178772,-0.004883
28448190,BNO_GRV,2818,-4500,3,0.983887,-0.011047,-0.178467,-0.004883
28458512,BNO_GRV,2819,-4900,3,0.983948,-0.011169,-0.178040,-0.004883
28469206,BNO_GRV,2820,-4900,3,0.984070,-0.011292,-0.177368,-0.004822
28478707,BNO_GRV,2821,-4300,3,0.984192,-0.011475,-0.176636,-0.004822
28488189,BNO_GRV,2822,-4500,3,0.984314,-0.011536,-0.175842,-0.004761
28498625,BNO_GRV,2823,-4900,3,0.984497,-0.011475,-0.174805,-0.004700
28509216,BNO_GRV,2824,-5100,3,0.984741,-0.011414,-0.173706,-0.004700
28518058,BNO_GRV,2825,-4300,3,0.984924,-0.011353,-0.172729,-0.004700
28529051,BNO_GRV,2826,-4500,3,0.985107,-0.011292,-0.171631,-0.004700
28538542,BNO_GRV,2827,-4700,3,0.985229,-0.011230,-0.170715,-0.004700
28549158,BNO_GRV,2828,-4500,3,0.985413,-0.011169,-0.169678,-0.004700
28558134,BNO_GRV,2829,-4300,3,0.985596,-0.011108,-0.168823,-0.004700
28568865,BNO_GRV,2830,-4300,3,0.985718,-0.011047,-0.167847,-0.004700
28579405,BNO_GRV,2831,-4300,3,0.985901,-0.011047,-0.167053,-0.004700
28589005,BNO_GRV,2832,-4000,3,0.986023,-0.010986,-0.166321,-0.004761
28598789,BNO_GRV,2833,-4300,3,0.986145,-0.010986,-0.165466,-0.004761
28608253,BNO_GRV,2834,-4200,3,0.986267,-0.010986,-0.164612,-0.004822
28618337,BNO_GRV,2835,-4300,3,0.986450,-0.010986,-0.163757,-0.004822
28628809,BNO_GRV,2836,-4500,3,0.986572,-0.010925,-0.162903,-0.004822
28637796,BNO_GRV,2837,-3800,3,0.986694,-0.010925,-0.162048,-0.004761
28648709,BNO_GRV,2838,-4500,3,0.986816,-0.011047,-0.161255,-0.004761
28658310,BNO_GRV,2839,-4300,3,0.987000,-0.011108,-0.160400,-0.004761
28668691,BNO_GRV,2840,-4300,3,0.987122,-0.011108,-0.159607,-0.004761
28677788,BNO_GRV,2841,-3600,3,0.987244,-0.011047,-0.158875,-0.004822
28688903,BNO_GRV,2842,-4300,3,0.987305,-0.010925,-0.158264,-0.004822
28698460,BNO_GRV,2843,-4300,3,0.987427,-0.010925,-0.157715,-0.004883
28708968,BNO_GRV,2844,-4500,3,0.987488,-0.010925,-0.157104,-0.004883
28718556,BNO_GRV,2845,-4300,3,0.987610,-0.010986,-0.156494,-0.004883
28728593,BNO_GRV,2846,-4300,3,0.987671,-0.010986,-0.155945,-0.004883
28738547,BNO_GRV,2847,-4300,3,0.987793,-0.011047,-0.155334,-0.004883
28749068,BNO_GRV,2848,-4500,3,0.987854,-0.011047,-0.154785,-0.004883
28758536,BNO_GRV,2849,-4500,3,0.987976,-0.011108,-0.154297,-0.004883
28769275,BNO_GRV,2850,-4300,3,0.988037,-0.011108,-0.153625,-0.004883
28778813,BNO_GRV,2851,-4500,3,0.988159,-0.011169,-0.152954,-0.004822
28789395,BNO_GRV,2852,-4500,3,0.988281,-0.011230,-0.152283,-0.004883
28798763,BNO_GRV,2853,-4500,3,0.988342,-0.011169,-0.151611,-0.004883
28808567,BNO_GRV,2854,-4200,3,0.988464,-0.011047,-0.150940,-0.004944
28819016,BNO_GRV,2855,-4500,3,0.988525,-0.010986,-0.150391,-0.005005
28829153,BNO_GRV,2856,-4000,3,0.988647,-0.010986,-0.149902,-0.005005
28838784,BNO_GRV,2857,-4300,3,0.988708,-0.011047,-0.149414,-0.005005
28848748,BNO_GRV,2858,-4200,3,0.988770,-0.011108,-0.148987,-0.005005
28859336,BNO_GRV,2859,-4500,3,0.988831,-0.011108,-0.148621,-0.005005
28869345,BNO_GRV,2860,-4200,3,0.988831,-0.010986,-0.148438,-0.005066
28879092,BNO_GRV,2861,-4500,3,0.988892,-0.010803,-0.148132,-0.005066
28888909,BNO_GRV,2862,-4300,3,0.988953,-0.010620,-0.147827,-0.005066
28899558,BNO_GRV,2863,-4500,3,0.989014,-0.010559,-0.147522,-0.005066
28909403,BNO_GRV,2864,-4000,3,0.989075,-0.010559,-0.147156,-0.005066
28919660,BNO_GRV,2865,-4700,3,0.989136,-0.010620,-0.146606,-0.005066
28929238,BNO_GRV,2866,-4500,3,0.989197,-0.010681,-0.145996,-0.005066
28939129,BNO_GRV,2867,-4500,3,0.989319,-0.010681,-0.145325,-0.005066
28949747,BNO_GRV,2868,-4700,3,0.989441,-0.010742,-0.144592,-0.005005
28959240,BNO_GRV,2869,-4700,3,0.989502,-0.010742,-0.143860,-0.005005
28969033,BNO_GRV,2870,-4300,3,0.989624,-0.010742,-0.143188,-0.004944
28979527,BNO_GRV,2871,-4500,3,0.989746,-0.010742,-0.142517,-0.004883
28989813,BNO_GRV,2872,-4300,3,0.989807,-0.010803,-0.141968,-0.004822
28999076,BNO_GRV,2873,-4300,3,0.989868,-0.010803,-0.141479,-0.004822
29009242,BNO_GRV,2874,-4500,3,0.989929,-0.010803,-0.140930,-0.004822
29019817,BNO_GRV,2875,-4700,3,0.990051,-0.010864,-0.140320,-0.004822
29029834,BNO_GRV,2876,-4200,3,0.990112,-0.010864,-0.139709,-0.004822
29039928,BNO_GRV,2877,-4300,3,0.990234,-0.011047,-0.138916,-0.004822
29049564,BNO_GRV,2878,-4500,3,0.990295,-0.011169,-0.138245,-0.004822
29060124,BNO_GRV,2879,-4700,3,0.990417,-0.011230,-0.137390,-0.004761
29070146,BNO_GRV,2880,-4200,3,0.990540,-0.011230,-0.136597,-0.004639
29079710,BNO_GRV,2881,-4700,3,0.990662,-0.011108,-0.135803,-0.004578
29089558,BNO_GRV,2882,-4500,3,0.990784,-0.011047,-0.135010,-0.004517
29100281,BNO_GRV,2883,-4500,3,0.990906,-0.010925,-0.134094,-0.004456
29110295,BNO_GRV,2884,-4300,3,0.991028,-0.010925,-0.133301,-0.004395
29119881,BNO_GRV,2885,-4500,3,0.991089,-0.010925,-0.132507,-0.004395
29129691,BNO_GRV,2886,-4500,3,0.991211,-0.010925,-0.131775,-0.004333
29139520,BNO_GRV,2887,-4500,3,0.991272,-0.010925,-0.131165,-0.004333
29150222,BNO_GRV,2888,-4700,3,0.991333,-0.010925,-0.130615,-0.004333
29159850,BNO_GRV,2889,-4500,3,0.991455,-0.011047,-0.130127,-0.004333
29169700,BNO_GRV,2890,-4300,3,0.991516,-0.011169,-0.129578,-0.004272
29179482,BNO_GRV,2891,-4300,3,0.991577,-0.011230,-0.129028,-0.004272
29190263,BNO_GRV,2892,-4500,3,0.991638,-0.011353,-0.128479,-0.004211
29199866,BNO_GRV,2893,-4300,3,0.991699,-0.011414,-0.127991,-0.004211
29209530,BNO_GRV,2894,-4300,3,0.991760,-0.011353,-0.127441,-0.004150
29219537,BNO_GRV,2895,-4200,3,0.991821,-0.011169,-0.126953,-0.004150
29230118,BNO_GRV,2896,-4500,3,0.991882,-0.010986,-0.126404,-0.004211
29240477,BNO_GRV,2897,-4500,3,0.992004,-0.010925,-0.125854,-0.004211
29249630,BNO_GRV,2898,-4200,3,0.992065,-0.010986,-0.125366,-0.004211
29259591,BNO_GRV,2899,-4200,3,0.992126,-0.011169,-0.124756,-0.004150
29269990,BNO_GRV,2900,-4700,3,0.992188,-0.011353,-0.124023,-0.004150
29280480,BNO_GRV,2901,-4700,3,0.992310,-0.011475,-0.123352,-0.004150
29289845,BNO_GRV,2902,-4300,3,0.992371,-0.011658,-0.122681,-0.004089
29299655,BNO_GRV,2903,-4300,3,0.992432,-0.011780,-0.121948,-0.004089
29309976,BNO_GRV,2904,-4500,3,0.992554,-0.011841,-0.121216,-0.004089
29320233,BNO_GRV,2905,-4500,3,0.992615,-0.011841,-0.120483,-0.004028
29329582,BNO_GRV,2906,-4200,3,0.992737,-0.011780,-0.119812,-0.004028
29340197,BNO_GRV,2907,-4500,3,0.992798,-0.011780,-0.119080,-0.004028
29351004,BNO_GRV,2908,-4500,3,0.992920,-0.011780,-0.118347,-0.004028
29360546,BNO_GRV,2909,-4300,3,0.992981,-0.011780,-0.117615,-0.004028
29370152,BNO_GRV,2910,-4300,3,0.993042,-0.011841,-0.116882,-0.004028
29379728,BNO_GRV,2911,-4200,3,0.993164,-0.011963,-0.116150,-0.004028
29390247,BNO_GRV,2912,-4700,3,0.993225,-0.012085,-0.115479,-0.004028
29400793,BNO_GRV,2913,-4500,3,0.993286,-0.012207,-0.114746,-0.004089
29410106,BNO_GRV,2914,-4300,3,0.993408,-0.012268,-0.113953,-0.004089
29419896,BNO_GRV,2915,-4300,3,0.993469,-0.012207,-0.113098,-0.004089
29430268,BNO_GRV,2916,-4700,3,0.993591,-0.012146,-0.112122,-0.004089
29440660,BNO_GRV,2917,-4500,3,0.993713,-0.012146,-0.111084,-0.004089
29449936,BNO_GRV,2918,-4300,3,0.993835,-0.012085,-0.110107,-0.004089
29460762,BNO_GRV,2919,-4300,3,0.993958,-0.012085,-0.109009,-0.004089
29471435,BNO_GRV,2920,-4700,3,0.994080,-0.012085,-0.107971,-0.004028
29480985,BNO_GRV,2921,-4200,3,0.994202,-0.012146,-0.107056,-0.004028
29490642,BNO_GRV,2922,-4300,3,0.994263,-0.012146,-0.106140,-0.004028
29500270,BNO_GRV,2923,-4500,3,0.994324,-0.012146,-0.105408,-0.004028
29510549,BNO_GRV,2924,-4900,3,0.994324,-0.012024,-0.105469,-0.004089
29520726,BNO_GRV,2925,-4500,3,0.994324,-0.012024,-0.105530,-0.004150
29530062,BNO_GRV,2926,-4300,3,0.994385,-0.012024,-0.105042,-0.004211
29540311,BNO_GRV,2927,-4300,3,0.994446,-0.011963,-0.104614,-0.004272
29550422,BNO_GRV,2928,-4500,3,0.994446,-0.011963,-0.104248,-0.004272
29560756,BNO_GRV,2929,-4500,3,0.994507,-0.011963,-0.103882,-0.004272
29570256,BNO_GRV,2930,-4300,3,0.994568,-0.011963,-0.103455,-0.004272
29580467,BNO_GRV,2931,-4500,3,0.994629,-0.011841,-0.102905,-0.004211
29590485,BNO_GRV,2932,-4500,3,0.994690,-0.011780,-0.102356,-0.004150
29601009,BNO_GRV,2933,-4500,3,0.994751,-0.011719,-0.101624,-0.004089
29610579,BNO_GRV,2934,-4500,3,0.994812,-0.011658,-0.100769,-0.004028
29620552,BNO_GRV,2935,-4500,3,0.994934,-0.011658,-0.099915,-0.003967
29630617,BNO_GRV,2936,-4500,3,0.994995,-0.011719,-0.099121,-0.003967
29641070,BNO_GRV,2937,-4500,3,0.995056,-0.011841,-0.098389,-0.003967
29650355,BNO_GRV,2938,-4200,3,0.995117,-0.011841,-0.097778,-0.004028
29660781,BNO_GRV,2939,-4500,3,0.995178,-0.011902,-0.097351,-0.004028
29670452,BNO_GRV,2940,-4300,3,0.995178,-0.011902,-0.096985,-0.004089
29681034,BNO_GRV,2941,-4500,3,0.995239,-0.012024,-0.096680,-0.004089
29690367,BNO_GRV,2942,-4200,3,0.995239,-0.012085,-0.096375,-0.004028
29700709,BNO_GRV,2943,-4500,3,0.995300,-0.012085,-0.096008,-0.004028
29710708,BNO_GRV,2944,-4500,3,0.995361,-0.012024,-0.095581,-0.003967
29721180,BNO_GRV,2945,-4500,3,0.995422,-0.012085,-0.095032,-0.003967
29730588,BNO_GRV,2946,-4300,3,0.995483,-0.012085,-0.094360,-0.003906
29740693,BNO_GRV,2947,-4300,3,0.995544,-0.012146,-0.093689,-0.003906
29750698,BNO_GRV,2948,-4500,3,0.995605,-0.012207,-0.093079,-0.003906
29761338,BNO_GRV,2949,-4500,3,0.995605,-0.012207,-0.092529,-0.003906
29770460,BNO_GRV,2950,-4200,3,0.995667,-0.012268,-0.091980,-0.003906
29781019,BNO_GRV,2951,-4500,3,0.995728,-0.012329,-0.091370,-0.003906
29790894,BNO_GRV,2952,-4300,3,0.995789,-0.012390,-0.090576,-0.003906
29801379,BNO_GRV,2953,-4700,3,0.995911,-0.012390,-0.089722,-0.003906
29810538,BNO_GRV,2954,-4000,3,0.995972,-0.012451,-0.088745,-0.003845
29820836,BNO_GRV,2955,-4300,3,0.996094,-0.012512,-0.087646,-0.003784
29831264,BNO_GRV,2956,-4500,3,0.996155,-0.012512,-0.086426,-0.003723
29841308,BNO_GRV,2957,-3800,3,0.996277,-0.012512,-0.085266,-0.003662
29851617,BNO_GRV,2958,-4500,3,0.996399,-0.012451,-0.084106,-0.003662
29860806,BNO_GRV,2959,-4300,3,0.996460,-0.012451,-0.083069,-0.003662
29871657,BNO_GRV,2960,-4300,3,0.996582,-0.012451,-0.081848,-0.003723
29881565,BNO_GRV,2961,-3800,3,0.996643,-0.012451,-0.080750,-0.003784
29891837,BNO_GRV,2962,-4500,3,0.996765,-0.012512,-0.079468,-0.003784
29900971,BNO_GRV,2963,-4300,3,0.996826,-0.012634,-0.078430,-0.003723
29911632,BNO_GRV,2964,-4300,3,0.996948,-0.012634,-0.077271,-0.003662
29921595,BNO_GRV,2965,-3800,3,0.997009,-0.012634,-0.076233,-0.003601
29931720,BNO_GRV,2966,-4500,3,0.997070,-0.012695,-0.075073,-0.003479
29941117,BNO_GRV,2967,-4300,3,0.997192,-0.012695,-0.073975,-0.003418
29951808,BNO_GRV,2968,-4300,3,0.997253,-0.012634,-0.072693,-0.003357
29961599,BNO_GRV,2969,-3800,3,0.997375,-0.012634,-0.071594,-0.003296
29971638,BNO_GRV,2970,-4500,3,0.997437,-0.012573,-0.070435,-0.003296
29981101,BNO_GRV,2971,-4300,3,0.997498,-0.012573,-0.069458,-0.003296
29991811,BNO_GRV,2972,-4500,3,0.997559,-0.012695,-0.068481,-0.003235
30001773,BNO_GRV,2973,-4000,3,0.997620,-0.012695,-0.067566,-0.003235
30012053,BNO_GRV,2974,-4500,3,0.997681,-0.012695,-0.066528,-0.003174
30021093,BNO_GRV,2975,-4200,3,0.997742,-0.012756,-0.065613,-0.003113
30031846,BNO_GRV,2976,-4300,3,0.997803,-0.012756,-0.064575,-0.003052
30041809,BNO_GRV,2977,-3800,3,0.997864,-0.012695,-0.063660,-0.003052
30051982,BNO_GRV,2978,-4500,3,0.997925,-0.012451,-0.062683,-0.002991
30061163,BNO_GRV,2979,-4300,3,0.997986,-0.012268,-0.061890,-0.002991
30072046,BNO_GRV,2980,-4300,3,0.998047,-0.012146,-0.061096,-0.002991
30082465,BNO_GRV,2981,-4300,3,0.998108,-0.012024,-0.060364,-0.002930
30092094,BNO_GRV,2982,-4500,3,0.998108,-0.011963,-0.059753,-0.002930
30101793,BNO_GRV,2983,-4300,3,0.998169,-0.011963,-0.059204,-0.002930
30111328,BNO_GRV,2984,-4200,3,0.998230,-0.012024,-0.058655,-0.002930
30122065,BNO_GRV,2985,-4500,3,0.998230,-0.012146,-0.058167,-0.002930
30132411,BNO_GRV,2986,-4700,3,0.998230,-0.012268,-0.057678,-0.002991
30141822,BNO_GRV,2987,-4300,3,0.998291,-0.012390,-0.057190,-0.002991
30151451,BNO_GRV,2988,-4300,3,0.998291,-0.012451,-0.056702,-0.002991
30161875,BNO_GRV,2989,-4700,3,0.998291,-0.012512,-0.056763,-0.003052
30172106,BNO_GRV,2990,-4500,3,0.998352,-0.012512,-0.056458,-0.003113
30181626,BNO_GRV,2991,-4500,3,0.998352,-0.012512,-0.056030,-0.003052
30191922,BNO_GRV,2992,-4700,3,0.998352,-0.012573,-0.055481,-0.003052
30202906,BNO_GRV,2993,-5100,3,0.998413,-0.012695,-0.054749,-0.002991
