t_us,tag,seq,bno_delay_us,status,ax,ay,az
200567,BNO_ACC,0,-700,2,-0.26953,-0.15234,9.64844
211580,BNO_ACC,1,-2400,2,-0.26953,-0.15234,9.54297
221712,BNO_ACC,2,-4400,2,-0.26953,-0.07812,9.50391
233736,BNO_ACC,3,-700,2,-0.15234,0.03906,9.58203
242610,BNO_ACC,4,-1000,2,-0.15234,0.11328,9.54297
251586,BNO_ACC,5,-2000,2,-0.03906,0.11328,9.60938
261943,BNO_ACC,6,-4400,2,0.00000,0.23047,9.61328
266860,BNO_ACC,7,-2300,2,0.00000,0.30469,9.61328
273434,BNO_ACC,8,-700,2,0.00000,0.34375,9.60938
282449,BNO_ACC,9,-1000,2,0.03906,0.30469,9.57812
291480,BNO_ACC,10,-1800,2,0.00000,0.26953,9.50391
301705,BNO_ACC,11,-4000,2,-0.03906,0.15234,9.54297
314028,BNO_ACC,12,-700,2,-0.19141,0.11328,9.42578
322813,BNO_ACC,13,-1000,2,-0.15234,0.03906,9.54297
331853,BNO_ACC,14,-2000,2,0.00000,-0.03906,9.76562
342264,BNO_ACC,15,-4200,2,0.19141,-0.07812,9.96094
354059,BNO_ACC,16,-500,2,0.11328,0.15234,10.03125
362613,BNO_ACC,17,-900,2,0.03906,0.07812,10.00391
371470,BNO_ACC,18,-1500,2,0.00000,0.03906,9.88672
381455,BNO_ACC,19,-3300,2,0.00000,-0.07812,9.84766
391851,BNO_ACC,20,-5700,2,0.03906,-0.15234,9.88672
393469,BNO_ACC,21,-500,2,0.11328,-0.23047,10.03516
402893,BNO_ACC,22,-900,2,0.07812,-0.15234,10.03125
411926,BNO_ACC,23,-1600,2,-0.07812,-0.15234,9.96484
422316,BNO_ACC,24,-4000,2,-0.26953,-0.23047,9.84375
431072,BNO_ACC,25,-5300,2,-0.26953,-0.26953,9.76562
434679,BNO_ACC,26,-900,2,-0.23047,-0.26953,9.72656
443644,BNO_ACC,27,-1000,2,-0.23047,-0.23047,9.84766
452298,BNO_ACC,28,-2100,2,-0.19141,-0.15234,9.88281
462640,BNO_ACC,29,-4100,2,-0.15234,-0.11328,9.88672
474422,BNO_ACC,30,-700,2,-0.19141,-0.11328,9.88281
482738,BNO_ACC,31,-700,2,-0.11328,-0.07812,9.96484
492867,BNO_ACC,32,-2500,2,-0.15234,0.03906,9.92188
502245,BNO_ACC,33,-3500,2,-0.23047,0.11328,9.84375
512466,BNO_ACC,34,-5700,2,-0.34375,0.15234,9.69141
514106,BNO_ACC,35,-500,2,-0.38281,0.23047,9.61328
523079,BNO_ACC,36,-500,2,-0.34375,0.26953,9.54297
533169,BNO_ACC,37,-2500,2,-0.42188,0.23047,9.50391
542824,BNO_ACC,38,-4000,2,-0.42188,0.23047,9.42188
552238,BNO_ACC,39,-5300,2,-0.30469,0.15234,9.53906
555907,BNO_ACC,40,-1000,2,-0.11328,0.11328,9.73047
562932,BNO_ACC,41,-500,2,-0.07812,0.23047,9.84375
573878,BNO_ACC,42,-3200,2,-0.07812,0.26953,9.84766
583565,BNO_ACC,43,-4700,2,-0.19141,0.34375,9.84375
592105,BNO_ACC,44,-5100,2,-0.23047,0.42188,9.84766
594629,BNO_ACC,45,-700,2,-0.23047,0.38281,9.76953
603153,BNO_ACC,46,-700,2,-0.19141,0.38281,9.84375
613238,BNO_ACC,47,-2300,2,-0.15234,0.49609,9.88672
624240,BNO_ACC,48,-5300,2,-0.30469,0.38281,9.68750
632141,BNO_ACC,49,-4800,2,-0.30469,0.19141,9.58203
634566,BNO_ACC,50,-500,2,-0.26953,0.11328,9.54297
643434,BNO_ACC,51,-700,2,-0.23047,0.07812,9.61328
654410,BNO_ACC,52,-3200,2,-0.03906,0.03906,9.73047
663768,BNO_ACC,53,-4500,2,0.07812,0.03906,9.84766
672281,BNO_ACC,54,-4700,2,0.11328,0.00000,9.96484
674785,BNO_ACC,55,-700,2,0.00000,0.03906,9.92188
683439,BNO_ACC,56,-500,2,-0.07812,0.03906,9.88672
694431,BNO_ACC,57,-3100,2,-0.11328,0.03906,9.88672
703828,BNO_ACC,58,-4500,2,-0.15234,0.11328,9.88672
712393,BNO_ACC,59,-4700,2,-0.23047,0.19141,9.84766
715061,BNO_ACC,60,-700,2,-0.19141,0.15234,9.84375
723685,BNO_ACC,61,-500,2,-0.19141,0.11328,9.80859
733673,BNO_ACC,62,-2300,2,-0.11328,0.07812,9.84766
744822,BNO_ACC,63,-5300,2,-0.11328,0.11328,9.76562
752557,BNO_ACC,64,-4800,2,-0.19141,0.07812,9.76953
755534,BNO_ACC,65,-1000,2,-0.15234,0.03906,9.69141
763574,BNO_ACC,66,-700,2,-0.15234,-0.03906,9.73047
773814,BNO_ACC,67,-2100,2,-0.11328,0.00000,9.73047
784916,BNO_ACC,68,-5300,2,-0.11328,0.03906,9.76562
792560,BNO_ACC,69,-4600,2,-0.07812,0.11328,9.84766
804514,BNO_ACC,70,-900,2,-0.15234,0.07812,9.69141
813435,BNO_ACC,71,-1600,2,-0.19141,0.11328,9.65234
824426,BNO_ACC,72,-4500,2,-0.19141,0.15234,9.68750
832589,BNO_ACC,73,-4600,2,-0.15234,0.19141,9.72656
844446,BNO_ACC,74,-700,2,-0.26953,0.19141,9.53906
853613,BNO_ACC,75,-1600,2,-0.30469,0.15234,9.46094
863626,BNO_ACC,76,-3400,2,-0.38281,0.19141,9.42578
872923,BNO_ACC,77,-4800,2,-0.26953,0.19141,9.46094
885106,BNO_ACC,78,-900,2,-0.15234,0.34375,9.76562
893355,BNO_ACC,79,-1200,2,-0.11328,0.34375,9.84766
903604,BNO_ACC,80,-3100,2,-0.11328,0.23047,9.88281
912931,BNO_ACC,81,-4600,2,-0.11328,0.23047,9.88281
924869,BNO_ACC,82,-700,2,-0.03906,0.15234,9.96484
933844,BNO_ACC,83,-1000,2,-0.07812,0.11328,10.00391
943796,BNO_ACC,84,-3400,2,-0.11328,0.15234,9.96484
953177,BNO_ACC,85,-4600,2,-0.19141,0.19141,9.84766
965131,BNO_ACC,86,-700,2,-0.34375,0.15234,9.60938
973774,BNO_ACC,87,-1200,2,-0.34375,0.15234,9.64844
984151,BNO_ACC,88,-3600,2,-0.34375,0.15234,9.58203
993667,BNO_ACC,89,-5000,2,-0.34375,0.15234,9.54297
997731,BNO_ACC,90,-2300,2,-0.30469,0.15234,9.61328
1004952,BNO_ACC,91,-700,2,-0.23047,0.07812,9.65234
1014068,BNO_ACC,92,-1400,2,-0.07812,0.07812,9.76562
1025121,BNO_ACC,93,-4500,2,0.11328,0.15234,10.00391
1033547,BNO_ACC,94,-4600,2,0.11328,0.42188,10.07031
1038500,BNO_ACC,95,-2300,2,0.00000,0.53516,9.88672
1045330,BNO_ACC,96,-500,2,-0.19141,0.46094,9.38281
1054502,BNO_ACC,97,-900,2,-0.23047,0.38281,8.88281
1065725,BNO_ACC,98,-4700,2,-0.19141,0.23047,8.50391
1073755,BNO_ACC,99,-4400,2,-0.26953,0.07812,7.85547
1085596,BNO_ACC,100,-700,2,-0.72656,-0.49609,6.78516
1094276,BNO_ACC,101,-1000,2,-1.14844,-0.80469,6.54688
1103393,BNO_ACC,102,-2000,2,-1.68359,-0.65234,6.50781
1113635,BNO_ACC,103,-4200,2,-1.30078,-0.26953,6.46875
1118551,BNO_ACC,104,-2300,2,-1.22656,0.07812,7.42969
1125490,BNO_ACC,105,-700,2,-1.10938,0.34375,8.15625
1134406,BNO_ACC,106,-1000,2,-0.65234,0.26953,8.54297
1143335,BNO_ACC,107,-1800,2,-1.53125,0.61328,8.81641
1153935,BNO_ACC,108,-4200,2,-2.18359,0.72656,8.61719
1165580,BNO_ACC,109,-500,2,-4.13672,-0.72656,6.78125
1174706,BNO_ACC,110,-900,2,-4.48047,-0.88281,6.16406
1183744,BNO_ACC,111,-2000,2,-4.55859,-1.41797,6.51172
1194298,BNO_ACC,112,-4400,2,-5.28516,-1.45703,6.20703
1205837,BNO_ACC,113,-700,2,-5.82422,-0.80469,6.47266
1214965,BNO_ACC,114,-900,2,-6.16797,-1.07422,6.89453
1224985,BNO_ACC,115,-3400,2,-6.47266,-1.10938,6.66406
1233647,BNO_ACC,116,-3800,2,-6.24219,-0.65234,7.31250
1243828,BNO_ACC,117,-5900,2,-6.55078,-0.65234,8.11719
1245142,BNO_ACC,118,-500,2,-6.89453,-0.38281,8.39062
1254873,BNO_ACC,119,-1000,2,-7.39453,-0.42188,8.46484
1263891,BNO_ACC,120,-1800,2,-8.19531,-0.61328,8.04297
1274325,BNO_ACC,121,-4200,2,-9.03906,-0.80469,7.35547
1286155,BNO_ACC,122,-700,2,-9.64844,-0.99609,6.20703
1295129,BNO_ACC,123,-900,2,-9.57812,-1.30078,6.08984
1305152,BNO_ACC,124,-3400,2,-9.92188,-1.26562,6.01562
1313662,BNO_ACC,125,-3500,2,-9.60938,-1.41797,5.70703
1324067,BNO_ACC,126,-5700,2,-9.26562,-1.72266,5.21094
1325573,BNO_ACC,127,-700,2,-9.38281,-1.83984,4.21484
1334984,BNO_ACC,128,-700,2,-9.12109,-2.37500,3.33203
1343959,BNO_ACC,129,-1400,2,-8.88281,-3.06641,2.52734
1354498,BNO_ACC,130,-4000,2,-9.00000,-3.33203,1.87891
1366359,BNO_ACC,131,-700,2,-9.03906,-3.75391,0.95703
1374868,BNO_ACC,132,-700,2,-8.62109,-3.90625,1.33984
1385056,BNO_ACC,133,-2700,2,-8.65625,-3.71484,2.22266
1394591,BNO_ACC,134,-4000,2,-9.34375,-3.44922,2.91016
1406716,BNO_ACC,135,-700,2,-9.76953,-2.67969,5.17188
1414896,BNO_ACC,136,-500,2,-10.23047,-2.14453,6.39844
1425832,BNO_ACC,137,-3200,2,-11.33984,-1.76172,6.55078
1435344,BNO_ACC,138,-4700,2,-11.95312,-1.57031,5.78516
1444539,BNO_ACC,139,-5700,2,-12.22266,-1.53125,4.78906
1446180,BNO_ACC,140,-700,2,-12.71875,-1.49219,3.10156
1455249,BNO_ACC,141,-700,2,-12.86719,-1.95312,1.22656
1466198,BNO_ACC,142,-3400,2,-12.37891,-2.33594,0.34375
1475422,BNO_ACC,143,-4700,2,-11.45703,-2.26172,1.07422
1484708,BNO_ACC,144,-5700,2,-10.57422,-1.95312,2.75781
1486270,BNO_ACC,145,-700,2,-9.72656,-1.87891,4.67188
1495252,BNO_ACC,146,-500,2,-9.26953,-2.10547,6.28125
1506065,BNO_ACC,147,-3200,2,-8.77344,-2.03125,7.35547
1515543,BNO_ACC,148,-4700,2,-8.35156,-1.53125,8.57812
1524851,BNO_ACC,149,-5700,2,-8.35156,-0.95703,9.42188
1526396,BNO_ACC,150,-700,2,-9.23047,-1.03516,9.38672
1535432,BNO_ACC,151,-500,2,-10.83594,-1.57031,7.54688
1546322,BNO_ACC,152,-3200,2,-13.02734,-2.10547,4.71094
1555681,BNO_ACC,153,-4700,2,-13.56641,-1.72266,2.18359
1565005,BNO_ACC,154,-5700,2,-12.91016,-1.57031,1.83984
1566682,BNO_ACC,155,-500,2,-11.83984,-1.57031,2.91016
1575450,BNO_ACC,156,-700,2,-10.83984,-1.60938,5.01953
1586375,BNO_ACC,157,-3100,2,-9.88281,-1.83984,6.93359
1594129,BNO_ACC,158,-2600,2,-8.69922,-2.22266,8.27344
1604473,BNO_ACC,159,-4900,2,-8.61719,-2.52734,8.54297
1607127,BNO_ACC,160,-900,2,-7.73828,-2.07031,8.53906
1615586,BNO_ACC,161,-700,2,-6.01562,-1.53125,9.88672
1626487,BNO_ACC,162,-3100,2,-5.78516,-2.03125,10.57031
1635883,BNO_ACC,163,-4500,2,-6.43750,-2.98828,9.96094
1644583,BNO_ACC,164,-4900,2,-8.46484,-4.32812,8.08203
1647282,BNO_ACC,165,-900,2,-8.53906,-3.52344,5.05469
1655666,BNO_ACC,166,-700,2,-7.05078,-3.21875,3.67578
1666197,BNO_ACC,167,-2500,2,-6.05078,-2.71875,4.17578
1674449,BNO_ACC,168,-2600,2,-5.09375,-1.80078,6.05078
1684682,BNO_ACC,169,-4800,2,-2.37500,-1.33984,8.27344
1688363,BNO_ACC,170,-1200,2,-0.11328,-0.53516,10.49219
1695679,BNO_ACC,171,-700,2,1.37891,-0.11328,11.68359
1706590,BNO_ACC,172,-2700,2,2.18359,0.19141,11.57422
1716087,BNO_ACC,173,-4500,2,1.95312,-0.49609,11.41797
1724668,BNO_ACC,174,-4600,2,0.88281,-0.53516,11.21875
1729576,BNO_ACC,175,-2300,2,-0.91797,0.61328,9.60938
1736390,BNO_ACC,176,-500,2,-0.61328,0.72656,6.47266
1745495,BNO_ACC,177,-1600,2,-0.11328,0.15234,6.04688
1756347,BNO_ACC,178,-4300,2,0.91797,-0.15234,6.28516
1764829,BNO_ACC,179,-4500,2,2.83594,0.53516,7.27734
1769748,BNO_ACC,180,-2300,2,5.13281,1.18750,9.08203
1776400,BNO_ACC,181,-700,2,7.27734,1.64844,10.26562
1785654,BNO_ACC,182,-1600,2,8.81250,2.45312,11.29688
1796539,BNO_ACC,183,-4500,2,9.57812,3.33203,12.14453
1804704,BNO_ACC,184,-4300,2,8.46484,2.26172,11.98828
1809632,BNO_ACC,185,-2300,2,5.55469,-0.65234,10.34375
1816496,BNO_ACC,186,-500,2,3.67578,-2.45312,6.82422
1826002,BNO_ACC,187,-1000,2,3.79297,-2.56641,4.09766
1836843,BNO_ACC,188,-4500,2,4.71484,-1.60938,3.48438
1844818,BNO_ACC,189,-4300,2,5.74609,-0.03906,5.28516
1849726,BNO_ACC,190,-2300,2,6.93359,1.80078,6.51172
1856657,BNO_ACC,191,-700,2,10.95703,1.10938,5.97656
1866010,BNO_ACC,192,-900,2,10.99219,2.10547,5.70703
1876880,BNO_ACC,193,-4500,2,9.53906,1.83984,5.85938
1885043,BNO_ACC,194,-4200,2,8.42578,1.33984,5.55469
1889955,BNO_ACC,195,-2300,2,8.23828,0.38281,4.02344
1896904,BNO_ACC,196,-700,2,6.05078,-0.49609,3.41016
1906055,BNO_ACC,197,-1000,2,4.44531,-1.26562,2.07031
1916807,BNO_ACC,198,-4200,2,3.52344,-0.07812,-0.38281
1925367,BNO_ACC,199,-4200,2,1.99219,2.52734,-1.83984
1930278,BNO_ACC,200,-2300,2,0.61328,4.21484,-3.21875
1937031,BNO_ACC,201,-500,2,1.37891,4.13672,-4.44531
1946303,BNO_ACC,202,-900,2,4.09766,4.09766,-5.25000
1955336,BNO_ACC,203,-2200,2,7.27344,3.14062,-5.36328
1965743,BNO_ACC,204,-4600,2,9.22656,1.80078,-6.20703
1977334,BNO_ACC,205,-700,2,8.61719,0.49609,-8.69922
1986495,BNO_ACC,206,-900,2,7.50781,0.61328,-10.18750
1995488,BNO_ACC,207,-2000,2,6.43750,0.84375,-11.10938
2005818,BNO_ACC,208,-4400,2,5.93750,1.03516,-11.71875
2017496,BNO_ACC,209,-700,2,4.55859,-0.76562,-13.82812
2026466,BNO_ACC,210,-1000,2,3.79297,-0.69141,-13.59766
2035372,BNO_ACC,211,-1800,2,3.75391,0.38281,-12.76172
2045787,BNO_ACC,212,-4400,2,4.48047,1.07422,-10.99219
2050711,BNO_ACC,213,-2100,2,6.08984,2.26172,-7.65625
2057568,BNO_ACC,214,-500,2,8.84766,2.67969,-4.55859
2066629,BNO_ACC,215,-1000,2,10.30859,2.10547,-3.41016
2075710,BNO_ACC,216,-2000,2,10.03516,1.33984,-3.71484
2086063,BNO_ACC,217,-4400,2,9.03906,1.26562,-4.78906
2097818,BNO_ACC,218,-500,2,6.70703,0.57422,-5.44141
2106507,BNO_ACC,219,-900,2,5.51562,0.07812,-5.59766
2115457,BNO_ACC,220,-1400,2,3.86719,0.95703,-5.51953
2125869,BNO_ACC,221,-4000,2,3.10156,2.48828,-5.82031
2138251,BNO_ACC,222,-700,2,3.91016,0.11328,-2.98828
2147083,BNO_ACC,223,-1000,2,7.12500,-1.14844,0.26953
2157096,BNO_ACC,224,-3400,2,11.07422,-0.76562,4.09766
2167237,BNO_ACC,225,-5300,2,13.02344,0.53516,7.46875
2175702,BNO_ACC,226,-5700,2,13.06641,1.64844,8.88672
2178215,BNO_ACC,227,-700,2,11.25781,1.76172,7.89062
2186939,BNO_ACC,228,-900,2,9.57812,1.83984,5.55469
2195891,BNO_ACC,229,-1600,2,7.96875,0.84375,3.83203
2206510,BNO_ACC,230,-4200,2,7.16406,-0.03906,2.87109
2218492,BNO_ACC,231,-900,2,6.12891,-0.26953,1.72266
2226810,BNO_ACC,232,-700,2,5.21094,-0.38281,1.76172
2237433,BNO_ACC,233,-3200,2,4.47656,0.11328,2.07031
2245605,BNO_ACC,234,-3100,2,3.94531,-0.88281,3.71484
2255356,BNO_ACC,235,-5300,2,5.21094,-1.80078,5.94141
2257796,BNO_ACC,236,-700,2,6.24219,-1.68359,7.54688
2266963,BNO_ACC,237,-700,2,6.82031,-0.69141,9.57812
2275909,BNO_ACC,238,-1300,2,8.19922,0.88281,12.52344
2287754,BNO_ACC,239,-5400,2,8.23438,1.49219,14.51562
2295840,BNO_ACC,240,-5300,2,7.73828,1.18750,13.52344
2298373,BNO_ACC,241,-700,2,6.66406,0.38281,11.26172
2307009,BNO_ACC,242,-500,2,5.40234,-0.53516,9.26562
2317812,BNO_ACC,243,-3400,2,4.32812,-0.72656,8.08203
2327393,BNO_ACC,244,-4900,2,3.48438,-0.80469,7.12500
2336931,BNO_ACC,245,-6100,2,3.17969,-0.95703,6.28516
2338289,BNO_ACC,246,-700,2,2.87109,-1.37891,5.78125
2347296,BNO_ACC,247,-700,2,2.14453,-1.57031,5.55469
2356305,BNO_ACC,248,-1300,2,2.03125,-2.64453,6.43750
2366710,BNO_ACC,249,-3700,2,2.56641,-3.02734,8.42578
2376077,BNO_ACC,250,-5100,2,2.98828,-2.37500,10.00391
2378611,BNO_ACC,251,-700,2,2.29688,-0.95703,10.91406
2387229,BNO_ACC,252,-700,2,1.64844,0.00000,11.26172
2398055,BNO_ACC,253,-3200,2,1.72266,0.11328,11.64453
2407550,BNO_ACC,254,-4700,2,1.03516,0.15234,11.49219
2416968,BNO_ACC,255,-5900,2,0.84375,-0.34375,11.03125
2418499,BNO_ACC,256,-700,2,0.69141,-0.23047,10.41406
2427504,BNO_ACC,257,-500,2,0.07812,-0.30469,10.15234
2438408,BNO_ACC,258,-3200,2,-0.11328,-0.46094,9.58203
2447591,BNO_ACC,259,-4500,2,-0.65234,-1.07422,8.77344
2456962,BNO_ACC,260,-5700,2,-1.22656,-1.76172,7.73438
2461034,BNO_ACC,261,-2300,2,-1.57031,-2.60547,6.85547
2467873,BNO_ACC,262,-700,2,-1.57031,-3.29297,7.43359
2477805,BNO_ACC,263,-2500,2,-1.30078,-3.33203,8.62109
2487818,BNO_ACC,264,-4500,2,-0.80469,-2.71875,10.14844
2496463,BNO_ACC,265,-4900,2,-0.84375,-1.83984,11.80078
2499321,BNO_ACC,266,-1000,2,-1.30078,-0.95703,12.56641
2507466,BNO_ACC,267,-700,2,-1.76172,-0.49609,11.87500
2518162,BNO_ACC,268,-2900,2,-2.10547,-0.46094,10.91406
2527794,BNO_ACC,269,-4300,2,-2.98828,-0.65234,10.03516
2537050,BNO_ACC,270,-5300,2,-3.90625,-0.26953,8.84766
2541129,BNO_ACC,271,-2500,2,-3.60156,-0.46094,7.96875
2547908,BNO_ACC,272,-500,2,-4.40625,-0.61328,7.04688
2557070,BNO_ACC,273,-1600,2,-4.82812,-0.95703,6.20703
2567980,BNO_ACC,274,-4300,2,-5.13281,-1.26562,5.85938
2576518,BNO_ACC,275,-4600,2,-5.44141,-1.60938,6.20703
2581595,BNO_ACC,276,-2300,2,-5.32422,-1.99219,7.47266
2588386,BNO_ACC,277,-700,2,-4.59766,-2.10547,8.77344
2597432,BNO_ACC,278,-1800,2,-4.51953,-1.72266,9.60938
2608197,BNO_ACC,279,-4500,2,-5.17188,-1.03516,9.50000
2616551,BNO_ACC,280,-4400,2,-5.74609,-0.80469,8.53906
2621459,BNO_ACC,281,-2300,2,-6.24219,-1.03516,7.62500
2628173,BNO_ACC,282,-700,2,-7.16406,-1.14844,6.43750
2637610,BNO_ACC,283,-1000,2,-7.42969,-1.18750,5.36328
2648430,BNO_ACC,284,-4500,2,-7.62891,-1.30078,4.94141
2656821,BNO_ACC,285,-4500,2,-7.69922,-1.41797,4.82812
2661731,BNO_ACC,286,-2300,2,-7.42969,-1.41797,4.78906
2668476,BNO_ACC,287,-500,2,-7.47266,-1.49219,5.17188
2677582,BNO_ACC,288,-1600,2,-7.54688,-1.68359,5.32422
2688458,BNO_ACC,289,-4300,2,-7.31641,-1.80078,5.32422
2696827,BNO_ACC,290,-4200,2,-7.27734,-1.95312,5.25000
2701735,BNO_ACC,291,-2100,2,-7.62500,-2.14453,5.01953
2708598,BNO_ACC,292,-700,2,-8.50000,-2.45312,3.86719
2718016,BNO_ACC,293,-1000,2,-8.88672,-2.67969,2.56641
2728706,BNO_ACC,294,-4300,2,-8.62109,-2.75781,1.95312
2737009,BNO_ACC,295,-4400,2,-9.30859,-2.75781,1.87891
2741918,BNO_ACC,296,-2300,2,-9.34766,-2.71875,1.64844
2748276,BNO_ACC,297,-500,2,-9.19531,-2.64453,1.95312
2759087,BNO_ACC,298,-2700,2,-9.15625,-2.64453,2.10547
2766599,BNO_ACC,299,-1800,2,-8.92188,-2.41406,2.75781
2777843,BNO_ACC,300,-5000,2,-8.84375,-2.22266,3.29297
2781908,BNO_ACC,301,-2300,2,-9.12109,-1.91406,3.83203
2788797,BNO_ACC,302,-500,2,-9.60938,-1.41797,5.01953
2798163,BNO_ACC,303,-1000,2,-10.53125,-1.49219,6.89453
2807234,BNO_ACC,304,-2200,2,-11.33594,-1.64844,9.11719
2817558,BNO_ACC,305,-4600,2,-11.37891,-1.64844,11.87500
2822455,BNO_ACC,306,-2300,2,-11.37891,-1.80078,14.21484
2829128,BNO_ACC,307,-700,2,-10.95703,-2.10547,14.93750
2838206,BNO_ACC,308,-1000,2,-10.38281,-2.52734,14.71484
2847250,BNO_ACC,309,-2000,2,-10.91797,-3.10156,13.48828
2857500,BNO_ACC,310,-4400,2,-12.25781,-3.25781,10.91797
2862429,BNO_ACC,311,-2300,2,-13.44922,-2.98828,7.89062
2869378,BNO_ACC,312,-500,2,-14.36328,-2.87109,5.47656
2878250,BNO_ACC,313,-900,2,-14.35938,-2.64453,4.13672
2887282,BNO_ACC,314,-2000,2,-14.29297,-2.07031,5.36328
2897611,BNO_ACC,315,-4200,2,-11.64062,-2.94922,6.70312
2902539,BNO_ACC,316,-2300,2,-10.69141,-2.71875,7.58594
2909408,BNO_ACC,317,-700,2,-9.88281,-1.68359,9.19531
2918526,BNO_ACC,318,-1000,2,-8.23438,-1.76172,10.99609
2927514,BNO_ACC,319,-2000,2,-8.77344,-1.64844,11.68359
2937829,BNO_ACC,320,-4400,2,-10.41797,-0.69141,11.80078
2949538,BNO_ACC,321,-500,2,-16.70703,-5.01953,6.93359
2958702,BNO_ACC,322,-1000,2,-19.03906,-3.48438,4.94141
2969302,BNO_ACC,323,-4000,2,-15.78125,-2.83594,1.91406
2977602,BNO_ACC,324,-3900,2,-10.76562,-3.41016,-1.10938
2989869,BNO_ACC,325,-500,2,-4.90234,-4.75000,3.64062
2998999,BNO_ACC,326,-1000,2,-0.61328,-3.41016,7.08594
3007157,BNO_ACC,327,-1300,2,2.91016,-2.29688,8.92578
3017707,BNO_ACC,328,-3900,2,5.66797,-1.45703,11.53125
3028238,BNO_ACC,329,-6300,2,7.31641,-1.26562,13.59375
3030108,BNO_ACC,330,-700,2,5.17188,-0.76562,14.55469
3039076,BNO_ACC,331,-1000,2,0.11328,0.49609,12.94531
3049151,BNO_ACC,332,-3400,2,-1.53125,1.33984,6.08594
3059201,BNO_ACC,333,-5400,2,-0.95703,1.14844,2.03125
3067613,BNO_ACC,334,-5500,2,-1.64844,1.68359,1.37891
3070124,BNO_ACC,335,-700,2,-1.49219,2.41406,-0.11328
3078748,BNO_ACC,336,-900,2,0.00000,3.36719,-1.41797
3087699,BNO_ACC,337,-1500,2,1.10938,3.64453,-1.87891
3098298,BNO_ACC,338,-4000,2,1.99219,2.03516,-1.14844
3107772,BNO_ACC,339,-5600,2,3.87109,0.91797,-0.76562
3110431,BNO_ACC,340,-900,2,6.51172,0.49609,1.72266
3118874,BNO_ACC,341,-900,2,8.27344,0.88281,4.48047
3127868,BNO_ACC,342,-1500,2,7.46875,1.99219,6.47266
3138220,BNO_ACC,343,-3800,2,5.82422,2.22266,6.66406
3148469,BNO_ACC,344,-6000,2,3.60156,1.30078,6.54688
3149835,BNO_ACC,345,-700,2,-0.34375,0.23047,6.58594
3159127,BNO_ACC,346,-900,2,-4.48047,-0.61328,5.48047
3168175,BNO_ACC,347,-1500,2,-7.12891,-0.99609,3.48438
3178631,BNO_ACC,348,-4000,2,-8.00781,-2.10547,1.33984
3190474,BNO_ACC,349,-700,2,-11.21875,-1.87891,-1.83984
3199095,BNO_ACC,350,-700,2,-11.71875,-1.83984,1.41797
3208220,BNO_ACC,351,-1500,2,-12.10547,-1.53125,6.12891
3218705,BNO_ACC,352,-3900,2,-11.03125,-1.14844,10.15234
3228289,BNO_ACC,353,-5400,2,-9.92188,-2.22266,13.48828
3232525,BNO_ACC,354,-2500,2,-9.03906,-2.10547,15.97266
3239304,BNO_ACC,355,-700,2,-6.66406,-2.29688,18.84375
3247991,BNO_ACC,356,-1100,2,-3.75391,-2.67969,20.91797
3258415,BNO_ACC,357,-3500,2,-2.41406,-0.99609,21.26172
3268842,BNO_ACC,358,-5700,2,-3.52344,0.03906,20.45312
3270250,BNO_ACC,359,-700,2,-4.44531,0.99609,18.42578
3279294,BNO_ACC,360,-700,2,-4.44531,1.45703,16.42969
3289400,BNO_ACC,361,-2700,2,-5.51562,1.72266,14.51953
3299035,BNO_ACC,362,-3900,2,-6.28125,1.80078,11.14844
3308392,BNO_ACC,363,-5300,2,-7.20312,1.07422,8.58203
3312026,BNO_ACC,364,-1200,2,-8.27734,0.46094,5.78516
3319043,BNO_ACC,365,-700,2,-8.77734,0.23047,4.98047
3329163,BNO_ACC,366,-2100,2,-9.80859,-0.19141,4.32812
3338636,BNO_ACC,367,-3300,2,-9.76953,-1.22656,4.13672
3348821,BNO_ACC,368,-5300,2,-8.62109,-1.99219,4.94141
3352905,BNO_ACC,369,-2300,2,-8.23438,-2.45312,5.40234
3359799,BNO_ACC,370,-500,2,-8.73828,-2.71875,4.94141
3369813,BNO_ACC,371,-2500,2,-9.46094,-2.79688,3.75391
3379729,BNO_ACC,372,-4300,2,-9.96094,-2.48828,2.79688
3388283,BNO_ACC,373,-4600,2,-11.33984,-1.72266,2.87109
3391157,BNO_ACC,374,-900,2,-11.45703,-1.45703,4.13672
3399560,BNO_ACC,375,-500,2,-12.60156,-0.69141,5.82422
3410383,BNO_ACC,376,-2900,2,-14.35938,0.00000,7.89062
3419679,BNO_ACC,377,-4300,2,-14.86328,0.38281,10.11328
3428912,BNO_ACC,378,-5100,2,-15.01953,0.57422,11.49219
3432980,BNO_ACC,379,-2500,2,-14.93750,0.38281,11.79688
3439819,BNO_ACC,380,-700,2,-15.28125,-0.11328,12.02734
3450592,BNO_ACC,381,-3100,2,-14.98047,-0.91797,11.83594
3457970,BNO_ACC,382,-2000,2,-13.75391,-1.72266,11.41406
3469064,BNO_ACC,383,-5100,2,-12.98828,-2.03125,10.38281
3473181,BNO_ACC,384,-2500,2,-12.98828,-3.14062,9.92188
3480095,BNO_ACC,385,-500,2,-12.30078,-3.25781,8.92578
3489396,BNO_ACC,386,-1800,2,-10.99609,-3.14062,8.42578
3500232,BNO_ACC,387,-4300,2,-9.88672,-3.17969,8.54297
3508462,BNO_ACC,388,-4400,2,-9.12109,-2.91016,8.61719
3513378,BNO_ACC,389,-2300,2,-9.84375,-2.91016,8.50391
3520224,BNO_ACC,390,-500,2,-11.49219,-2.56641,7.81641
3529617,BNO_ACC,391,-1600,2,-11.91406,-1.68359,6.66406
3540478,BNO_ACC,392,-4300,2,-11.98438,-1.03516,6.70312
3548710,BNO_ACC,393,-4500,2,-12.14453,-0.91797,6.62891
3553603,BNO_ACC,394,-2300,2,-14.29297,-2.87109,6.74219
3560562,BNO_ACC,395,-700,2,-14.78125,-2.83594,6.89453
3569768,BNO_ACC,396,-1600,2,-12.64062,-2.83594,7.35547
3580552,BNO_ACC,397,-4500,2,-11.18750,-2.48828,7.35547
3588876,BNO_ACC,398,-4500,2,-9.26562,-2.37500,6.55078
3593766,BNO_ACC,399,-2300,2,-6.04688,-2.79688,5.01953
3600664,BNO_ACC,400,-700,2,-1.76172,-3.17969,4.63281
3610039,BNO_ACC,401,-1000,2,2.10547,-2.75781,6.05078
3620848,BNO_ACC,402,-4300,2,2.87109,-2.45312,7.58984
3629121,BNO_ACC,403,-4400,2,4.55859,-2.64453,9.57812
3634034,BNO_ACC,404,-2100,2,5.17188,-2.56641,12.40625
3640905,BNO_ACC,405,-500,2,0.46094,-0.72656,13.37109
3650092,BNO_ACC,406,-1400,2,-0.88281,-0.49609,8.84766
3659436,BNO_ACC,407,-2600,2,-0.88281,-1.22656,5.36328
3669846,BNO_ACC,408,-5200,2,-0.19141,-0.07812,4.94141
3673937,BNO_ACC,409,-2300,2,1.68359,1.83984,6.05078
3680861,BNO_ACC,410,-500,2,2.64453,3.41016,5.55859
3690126,BNO_ACC,411,-1000,2,4.51953,3.37109,4.79297
3700706,BNO_ACC,412,-4000,2,7.43359,2.29688,6.39844
3709458,BNO_ACC,413,-4400,2,9.50391,1.03516,7.04688
3714378,BNO_ACC,414,-2300,2,8.07812,-0.57422,7.35547
3721241,BNO_ACC,415,-500,2,6.24219,0.03906,6.78125
3730244,BNO_ACC,416,-1000,2,5.36328,1.83984,5.78516
3739266,BNO_ACC,417,-2200,2,3.60156,2.45312,4.59375
3749573,BNO_ACC,418,-4400,2,3.22266,1.68359,1.60938
3754445,BNO_ACC,419,-2300,2,3.56641,1.41797,0.49609
3761309,BNO_ACC,420,-700,2,4.21484,0.30469,-0.07812
3770406,BNO_ACC,421,-1000,2,6.28516,0.11328,-0.53516
3779324,BNO_ACC,422,-2000,2,8.00781,0.88281,-1.03516
3789576,BNO_ACC,423,-4200,2,9.50391,1.33984,-0.95703
3794473,BNO_ACC,424,-2300,2,9.92188,1.57031,-0.65234
3801413,BNO_ACC,425,-700,2,8.62109,0.99609,-0.91797
3810402,BNO_ACC,426,-900,2,7.00781,0.69141,-1.41797
3819272,BNO_ACC,427,-1600,2,6.32422,-0.72656,-2.71875
3829547,BNO_ACC,428,-3800,2,6.20312,-1.83984,-3.02734
3834467,BNO_ACC,429,-2300,2,6.93359,-0.91797,-3.29297
3841503,BNO_ACC,430,-500,2,6.97266,1.14844,-4.25391
3850496,BNO_ACC,431,-1000,2,6.54688,2.03125,-3.83203
3859566,BNO_ACC,432,-1800,2,6.70703,2.45312,-4.13672
3870146,BNO_ACC,433,-4400,2,7.93359,3.06641,-4.13672
3881835,BNO_ACC,434,-500,2,7.89062,2.33594,-4.98047
3890749,BNO_ACC,435,-1000,2,7.50781,1.87891,-5.55469
3899683,BNO_ACC,436,-1800,2,7.69922,2.10547,-5.97656
3910279,BNO_ACC,437,-4400,2,7.89062,2.29688,-6.08984
3921983,BNO_ACC,438,-700,2,6.82031,1.45703,-6.89062
3930609,BNO_ACC,439,-700,2,6.47266,0.65234,-7.65625
3939497,BNO_ACC,440,-1400,2,5.97656,0.11328,-8.42188
3950003,BNO_ACC,441,-3800,2,5.25000,-0.11328,-8.54297
3960428,BNO_ACC,442,-6100,2,5.74609,-0.11328,-8.04297
3961552,BNO_ACC,443,-700,2,6.97266,-0.30469,-7.27734
3970805,BNO_ACC,444,-900,2,8.00781,-0.61328,-6.20703
3979752,BNO_ACC,445,-1500,2,8.50000,-1.26562,-6.16797
3990085,BNO_ACC,446,-3600,2,9.58203,-1.83984,-6.12891
4000340,BNO_ACC,447,-6000,2,9.34766,-1.18750,-5.97656
4001619,BNO_ACC,448,-700,2,8.31250,-0.91797,-5.36328
4010840,BNO_ACC,449,-500,2,8.01172,-0.34375,-5.05469
4021449,BNO_ACC,450,-3100,2,8.31250,0.11328,-3.98438
4029706,BNO_ACC,451,-3300,2,9.08203,-0.03906,-3.06641
4039985,BNO_ACC,452,-5500,2,9.72656,0.26953,-2.37500
4043618,BNO_ACC,453,-1200,2,10.38672,1.37891,0.03906
4050782,BNO_ACC,454,-700,2,10.91406,2.48828,1.68359
4060951,BNO_ACC,455,-2500,2,11.03125,2.41406,2.41406
4070507,BNO_ACC,456,-3900,2,10.99609,1.80078,2.94922
4079881,BNO_ACC,457,-5100,2,10.45703,1.07422,3.17969
4082412,BNO_ACC,458,-900,2,9.23047,1.18750,2.67969
4091010,BNO_ACC,459,-700,2,8.31250,1.10938,2.37500
4101111,BNO_ACC,460,-2500,2,8.46094,0.11328,2.03125
4110532,BNO_ACC,461,-3700,2,8.84375,0.07812,2.18359
4120059,BNO_ACC,462,-5200,2,7.73828,0.65234,2.41406
4122901,BNO_ACC,463,-1000,2,6.70703,0.95703,2.26172
4130893,BNO_ACC,464,-500,2,7.27344,-0.03906,2.60547
4141688,BNO_ACC,465,-2900,2,8.23438,-0.72656,3.21875
4151373,BNO_ACC,466,-4700,2,8.01172,-0.38281,3.83203
4160721,BNO_ACC,467,-5700,2,7.16406,-0.11328,4.13672
4162425,BNO_ACC,468,-700,2,7.00781,-0.26953,4.06250
4171254,BNO_ACC,469,-500,2,7.77344,-0.46094,5.36328
4182225,BNO_ACC,470,-3200,2,8.81641,-0.03906,6.28125
4191443,BNO_ACC,471,-4500,2,9.16016,0.76562,7.27734
4200756,BNO_ACC,472,-5500,2,9.53906,1.41797,8.39062
4204990,BNO_ACC,473,-2300,2,8.77734,1.53125,8.73438
4212202,BNO_ACC,474,-900,2,7.97266,1.45703,7.92969
4221571,BNO_ACC,475,-2500,2,7.39453,1.14844,6.97266
4231025,BNO_ACC,476,-3700,2,6.54688,0.49609,6.20703
4240484,BNO_ACC,477,-5200,2,5.32031,0.00000,5.09375
4244128,BNO_ACC,478,-1200,2,4.71094,0.15234,3.17969
4251230,BNO_ACC,479,-700,2,3.44531,-0.38281,2.14453
4262077,BNO_ACC,480,-2900,2,1.79688,-1.37891,-0.07812
4271734,BNO_ACC,481,-4300,2,-0.03906,-1.41797,-1.61328
4280331,BNO_ACC,482,-4600,2,-1.95312,-1.87891,-2.37500
4283322,BNO_ACC,483,-1000,2,-4.67578,-2.75781,-2.41406
4291451,BNO_ACC,484,-500,2,-8.92188,-3.71484,-2.45312
4302348,BNO_ACC,485,-3100,2,-12.41016,-4.63672,-2.03125
4311948,BNO_ACC,486,-4500,2,-11.37891,-4.67188,-0.26953
4320388,BNO_ACC,487,-4600,2,-11.26172,-6.08984,2.33594
4325318,BNO_ACC,488,-2300,2,-11.87500,-6.47266,4.90234
4332181,BNO_ACC,489,-500,2,-13.94531,-5.59375,5.74609
4341228,BNO_ACC,490,-1600,2,-15.09766,-4.32812,5.40234
4352053,BNO_ACC,491,-4500,2,-13.17188,-2.83594,6.39844
4360565,BNO_ACC,492,-4600,2,-12.75781,-2.41406,7.96875
4365475,BNO_ACC,493,-2300,2,-12.14062,-1.57031,9.30859
4372365,BNO_ACC,494,-700,2,-11.87500,-1.10938,11.37891
4381359,BNO_ACC,495,-1400,2,-10.87891,-0.53516,12.67969
4392212,BNO_ACC,496,-4500,2,-11.18750,-1.14844,13.52734
4400494,BNO_ACC,497,-4400,2,-11.83594,-0.53516,13.06250
4405417,BNO_ACC,498,-2300,2,-12.02344,0.38281,10.87891
4412233,BNO_ACC,499,-500,2,-12.86719,0.46094,6.93359
4421432,BNO_ACC,500,-1600,2,-13.82812,-0.46094,2.98828
4432276,BNO_ACC,501,-4300,2,-14.33203,-1.33984,0.49609
4440660,BNO_ACC,502,-4400,2,-14.78125,-1.33984,-0.03906
4445585,BNO_ACC,503,-2300,2,-18.53906,-2.83594,-0.61328
4452514,BNO_ACC,504,-500,2,-18.34375,-4.32812,0.42188
4461808,BNO_ACC,505,-1000,2,-17.73438,-4.78906,3.10156
4472675,BNO_ACC,506,-4300,2,-17.62109,-5.01953,6.12891
4480813,BNO_ACC,507,-4300,2,-17.39062,-5.59375,8.19922
4485719,BNO_ACC,508,-2300,2,-17.92969,-5.97656,8.23438
4492702,BNO_ACC,509,-700,2,-17.81250,-5.97656,8.04297
4501838,BNO_ACC,510,-1000,2,-17.35547,-5.70703,8.23438
4510914,BNO_ACC,511,-2400,2,-16.35547,-5.05469,8.46484
4521116,BNO_ACC,512,-4400,2,-16.08594,-3.94531,7.77734
4526041,BNO_ACC,513,-2300,2,-15.43750,-3.17969,6.39844
4532818,BNO_ACC,514,-700,2,-13.52344,-3.37109,6.16797
4541941,BNO_ACC,515,-1000,2,-11.33984,-1.30078,7.54688
4551039,BNO_ACC,516,-2200,2,-11.49609,-2.60547,7.85156
4561322,BNO_ACC,517,-4600,2,-12.41016,-1.95312,7.73828
4566220,BNO_ACC,518,-2300,2,-11.72266,-0.34375,9.11719
4573151,BNO_ACC,519,-700,2,-12.29688,-0.03906,10.00000
4582045,BNO_ACC,520,-1000,2,-14.32812,0.65234,10.95703
4591225,BNO_ACC,521,-2200,2,-15.13672,1.18750,8.81250
4601528,BNO_ACC,522,-4600,2,-13.06641,0.15234,11.18750
4606436,BNO_ACC,523,-2300,2,-14.09766,-2.45312,11.37891
4613463,BNO_ACC,524,-700,2,-16.20312,-3.29297,11.37891
4622266,BNO_ACC,525,-1000,2,-15.70703,-3.10156,11.49219
4631375,BNO_ACC,526,-2200,2,-14.39844,-2.98828,10.72656
4641658,BNO_ACC,527,-4200,2,-12.68359,-4.44531,8.39062
4653300,BNO_ACC,528,-500,2,-7.62500,-7.04688,10.79688
4662461,BNO_ACC,529,-1000,2,-4.63672,-7.46875,13.94531
4671437,BNO_ACC,530,-2000,2,0.30469,-8.19922,15.05469
4681783,BNO_ACC,531,-4400,2,-1.45703,-7.92969,18.23828
4693398,BNO_ACC,532,-500,2,-0.69141,-4.55859,16.92969
4702318,BNO_ACC,533,-1000,2,0.61328,-2.75781,16.85547
4711361,BNO_ACC,534,-1600,2,-0.07812,-2.75781,16.74609
4721846,BNO_ACC,535,-4200,2,-6.24219,-0.30469,17.23828
4733674,BNO_ACC,536,-500,2,-11.60547,1.80078,6.47266
4742555,BNO_ACC,537,-900,2,-8.73438,1.37891,3.02734
4751526,BNO_ACC,538,-1600,2,-4.25000,0.99609,0.88281
4762029,BNO_ACC,539,-4200,2,-3.52344,0.03906,-0.84375
4773831,BNO_ACC,540,-700,2,0.72656,2.48828,-1.91406
4782558,BNO_ACC,541,-1000,2,2.26172,2.26172,0.49609
4791502,BNO_ACC,542,-1600,2,1.22656,0.95703,-0.15234
4802044,BNO_ACC,543,-4200,2,1.03516,3.06641,-3.44922
4813894,BNO_ACC,544,-700,2,-2.83594,3.02734,-12.87109
4822493,BNO_ACC,545,-700,2,-0.95703,0.84375,-13.06250
4831556,BNO_ACC,546,-1300,2,2.37500,-1.14844,-12.98828
4841819,BNO_ACC,547,-3600,2,5.17188,-3.17969,-13.78906
4852132,BNO_ACC,548,-6000,2,6.39844,-5.17188,-15.32422
4853507,BNO_ACC,549,-700,2,6.01562,-5.47656,-16.01172
4862776,BNO_ACC,550,-700,2,5.85938,-5.40234,-16.62891
4873327,BNO_ACC,551,-3200,2,5.59375,-5.36328,-17.08594
4881788,BNO_ACC,552,-3500,2,5.05469,-4.78906,-17.23438
4892178,BNO_ACC,553,-5700,2,5.74609,-3.37109,-14.90234
4893684,BNO_ACC,554,-700,2,8.08203,-2.64453,-11.33984
4902819,BNO_ACC,555,-700,2,9.26953,-2.64453,-8.16016
4912831,BNO_ACC,556,-2700,2,9.65234,-0.49609,-5.44141
4922375,BNO_ACC,557,-3800,2,10.03125,1.57031,-4.02344
4934555,BNO_ACC,558,-700,2,6.24219,3.64062,-3.79297
4942914,BNO_ACC,559,-500,2,4.32812,2.98828,-4.25391
4953812,BNO_ACC,560,-3200,2,2.64453,0.69141,-4.55859
4963148,BNO_ACC,561,-4900,2,2.10547,-1.64844,-2.83594
4972503,BNO_ACC,562,-5700,2,4.25391,-4.59766,-0.03906
4973979,BNO_ACC,563,-500,2,6.46875,-5.70703,1.07422
4983055,BNO_ACC,564,-700,2,6.35938,-2.91016,4.32812
4993945,BNO_ACC,565,-3400,2,5.47656,0.15234,7.54688
5003447,BNO_ACC,566,-4700,2,4.28906,1.14844,7.31250
5012188,BNO_ACC,567,-5300,2,2.94922,1.10938,7.35156
5015807,BNO_ACC,568,-1200,2,3.17969,1.45703,8.50391
5022904,BNO_ACC,569,-500,2,3.98438,1.68359,8.96094
5033842,BNO_ACC,570,-3100,2,3.21875,0.88281,8.46094
5043333,BNO_ACC,571,-4500,2,-1.03516,-0.15234,8.23828
5052888,BNO_ACC,572,-5900,2,-1.80078,-1.26562,6.51172
5054330,BNO_ACC,573,-500,2,-1.49219,-1.87891,6.39844
5063346,BNO_ACC,574,-500,2,-2.79688,-1.68359,7.00781
5074123,BNO_ACC,575,-3200,2,-4.40625,-2.10547,6.04688
5083462,BNO_ACC,576,-4500,2,-6.12500,-2.98828,5.74609
5093295,BNO_ACC,577,-6000,2,-8.15625,-4.17578,6.28125
5094630,BNO_ACC,578,-700,2,-9.26562,-5.55469,6.89453
5103455,BNO_ACC,579,-700,2,-11.21875,-7.27734,6.24219
5114358,BNO_ACC,580,-3200,2,-12.33594,-6.62891,5.63281
5123636,BNO_ACC,581,-4300,2,-11.49609,-6.16797,7.39453
5132247,BNO_ACC,582,-4900,2,-11.41797,-6.62891,10.99609
5134917,BNO_ACC,583,-900,2,-11.45312,-5.44141,13.17578
5143453,BNO_ACC,584,-700,2,-10.38281,-2.87109,14.59766
5154295,BNO_ACC,585,-3100,2,-8.54297,-1.14844,15.43750
5163681,BNO_ACC,586,-4300,2,-7.85156,0.15234,16.01172
5173356,BNO_ACC,587,-5500,2,-7.54688,0.15234,15.78125
5175284,BNO_ACC,588,-900,2,-7.42969,-0.30469,13.86719
5183581,BNO_ACC,589,-500,2,-8.16016,-1.68359,11.29688
5194412,BNO_ACC,590,-3100,2,-9.34766,-2.87109,7.62500
5203904,BNO_ACC,591,-4300,2,-9.34766,-3.86719,4.17578
5212454,BNO_ACC,592,-4600,2,-9.72656,-5.05469,2.26172
5217350,BNO_ACC,593,-2300,2,-10.68750,-6.28125,1.72266
5224216,BNO_ACC,594,-700,2,-11.95312,-6.78125,2.14453
5233670,BNO_ACC,595,-2100,2,-11.91406,-6.93359,4.67188
5244420,BNO_ACC,596,-4700,2,-11.95312,-7.27734,8.73438
5252429,BNO_ACC,597,-4600,2,-12.10547,-6.62891,12.82812
5257334,BNO_ACC,598,-2300,2,-11.60547,-5.55469,17.19531
5264288,BNO_ACC,599,-700,2,-10.60938,-4.86328,20.30469
5273302,BNO_ACC,600,-1600,2,-9.80469,-4.78906,19.99219
5282318,BNO_ACC,601,-2200,2,-9.34766,-5.09375,18.96484
5292772,BNO_ACC,602,-4600,2,-10.45703,-4.63672,17.54297
5297672,BNO_ACC,603,-2300,2,-12.56641,-4.51953,13.21094
5304471,BNO_ACC,604,-500,2,-13.78906,-6.55078,4.86328
5313407,BNO_ACC,605,-1400,2,-14.39844,-6.08984,-1.83984
5322503,BNO_ACC,606,-2200,2,-14.43750,-5.85938,-4.36719
5332831,BNO_ACC,607,-4600,2,-13.86719,-4.78906,-4.25391
5337671,BNO_ACC,608,-2100,2,-12.33594,-3.02734,-2.75781
5344460,BNO_ACC,609,-500,2,-9.19922,-1.68359,0.03906
5353803,BNO_ACC,610,-1000,2,-6.51172,-0.72656,4.36719
5363034,BNO_ACC,611,-2400,2,-5.36328,-0.26953,8.35156
5373388,BNO_ACC,612,-4900,2,-3.79297,-0.03906,11.18750
5377448,BNO_ACC,613,-2500,2,-3.71484,0.53516,12.76172
5384496,BNO_ACC,614,-500,2,-6.70312,1.03516,12.14062
5393968,BNO_ACC,615,-1000,2,-8.04297,-0.76562,8.07812
5404784,BNO_ACC,616,-4500,2,-10.83984,-2.48828,5.59375
5413145,BNO_ACC,617,-4500,2,-11.57422,-3.02734,3.75391
5418092,BNO_ACC,618,-2300,2,-11.45703,-2.79688,2.52734
5424916,BNO_ACC,619,-700,2,-10.95703,-2.26172,2.33594
5434032,BNO_ACC,620,-1000,2,-9.30859,-2.48828,2.07031
5443012,BNO_ACC,621,-2200,2,-6.01953,-4.55859,0.00000
5453243,BNO_ACC,622,-4400,2,-2.07031,-7.77734,9.03906
5458160,BNO_ACC,623,-2300,2,-0.15234,-5.70703,8.39453
5464894,BNO_ACC,624,-500,2,-0.42188,-3.56250,15.13672
5474338,BNO_ACC,625,-900,2,-0.69141,-1.45703,16.62891
5485160,BNO_ACC,626,-4300,2,-5.59375,0.95703,14.59766
5493099,BNO_ACC,627,-4200,2,-8.61719,0.11328,10.83984
5498013,BNO_ACC,628,-2100,2,-6.82031,-1.57031,10.60938
5505025,BNO_ACC,629,-700,2,-6.70312,0.03906,11.18750
5514137,BNO_ACC,630,-1000,2,-6.51172,1.53125,9.61328
5524730,BNO_ACC,631,-4000,2,-5.28516,0.61328,8.23828
5533470,BNO_ACC,632,-4200,2,-2.60547,-1.72266,7.54688
5538380,BNO_ACC,633,-2300,2,-1.07422,-2.67969,7.96875
5545258,BNO_ACC,634,-700,2,-0.26953,-2.18359,8.35547
5554491,BNO_ACC,635,-1000,2,0.07812,-1.49219,8.01172
5563539,BNO_ACC,636,-2200,2,0.61328,-0.38281,6.89062
5573749,BNO_ACC,637,-4400,2,1.26562,0.07812,6.62500
5585547,BNO_ACC,638,-700,2,1.60938,-0.65234,6.85156
5594221,BNO_ACC,639,-900,2,0.88281,-0.03906,7.51172
5603210,BNO_ACC,640,-1400,2,1.95312,1.95312,7.01172
5613732,BNO_ACC,641,-4200,2,2.87109,1.87891,6.35938
5618649,BNO_ACC,642,-2300,2,3.98438,0.42188,6.78125
5625673,BNO_ACC,643,-500,2,3.64062,0.34375,6.08984
5634511,BNO_ACC,644,-1000,2,5.25000,-0.95703,5.21094
5643692,BNO_ACC,645,-2000,2,6.28125,-2.52734,5.36328
5653894,BNO_ACC,646,-4000,2,6.70703,-3.14062,4.71094
5658794,BNO_ACC,647,-2300,2,7.73438,-3.60156,6.05078
5665803,BNO_ACC,648,-500,2,6.97266,-3.64062,7.51172
5674820,BNO_ACC,649,-900,2,6.47266,-3.60156,7.00781
5684076,BNO_ACC,650,-2500,2,7.85547,-3.02734,7.66016
5693483,BNO_ACC,651,-3500,2,9.12109,-2.26172,8.31250
5703664,BNO_ACC,652,-5700,2,7.77734,-0.65234,7.73828
5705317,BNO_ACC,653,-700,2,5.66797,-0.07812,6.82031
5714442,BNO_ACC,654,-700,2,8.19531,-1.64844,6.74219
5723416,BNO_ACC,655,-1300,2,10.64844,-1.45703,7.01172
5733580,BNO_ACC,656,-3500,2,10.26562,-0.65234,5.66797
5743785,BNO_ACC,657,-5600,2,8.50391,-0.46094,4.82812
5745337,BNO_ACC,658,-500,2,7.73438,0.49609,4.17578
5754731,BNO_ACC,659,-700,2,8.07812,1.37891,4.13672
5763720,BNO_ACC,660,-1300,2,9.16016,0.49609,4.36719
5774049,BNO_ACC,661,-3600,2,7.93359,-0.23047,5.36328
5784282,BNO_ACC,662,-5800,2,7.42969,-0.34375,5.66797
5785615,BNO_ACC,663,-500,2,11.33594,-0.34375,5.01953
5794844,BNO_ACC,664,-700,2,12.48828,-0.69141,4.48047
5803829,BNO_ACC,665,-1300,2,11.53125,-0.11328,4.32812
5814313,BNO_ACC,666,-3800,2,10.91406,-0.46094,2.67969
5823885,BNO_ACC,667,-5300,2,8.81641,-0.46094,0.30469
5827565,BNO_ACC,668,-1200,2,6.74609,0.57422,-1.07422
5834540,BNO_ACC,669,-700,2,7.46875,0.84375,-1.64844
5845378,BNO_ACC,670,-3100,2,7.85156,0.69141,-1.57031
5855211,BNO_ACC,671,-4900,2,7.66016,0.57422,-0.95703
5864477,BNO_ACC,672,-5700,2,7.92969,0.91797,-0.95703
5865978,BNO_ACC,673,-700,2,9.26562,1.22656,-1.83984
5875141,BNO_ACC,674,-700,2,9.08203,1.18750,-1.72266
5884211,BNO_ACC,675,-1500,2,8.23828,0.19141,-2.14453
5894668,BNO_ACC,676,-3800,2,8.61719,-0.95703,-2.33594
5903944,BNO_ACC,677,-5100,2,8.88672,-1.03516,-2.29688
5906484,BNO_ACC,678,-700,2,9.34766,-2.03125,-1.91406
5915003,BNO_ACC,679,-500,2,11.14844,-1.91406,-1.26562
5925897,BNO_ACC,680,-3100,2,11.14844,0.00000,-0.38281
5935393,BNO_ACC,681,-4700,2,9.72656,1.53125,-0.15234
5944070,BNO_ACC,682,-4900,2,9.84766,1.03516,-0.38281
5946739,BNO_ACC,683,-700,2,10.18750,0.38281,-0.69141
5955124,BNO_ACC,684,-700,2,9.69141,-0.38281,-0.49609
5965948,BNO_ACC,685,-3100,2,8.84375,-1.10938,-0.72656
5975558,BNO_ACC,686,-4700,2,9.76562,-2.56641,-0.88281
5984095,BNO_ACC,687,-4900,2,10.34766,-3.75391,-0.30469
5986610,BNO_ACC,688,-700,2,9.04297,-2.91016,0.76562
5995249,BNO_ACC,689,-700,2,7.23828,-1.33984,1.68359
6005964,BNO_ACC,690,-3100,2,7.31641,-1.10938,1.95312
6015677,BNO_ACC,691,-4500,2,8.88281,-2.10547,3.79297
6024333,BNO_ACC,692,-4900,2,9.72656,-1.72266,5.17188
6027997,BNO_ACC,693,-1000,2,8.92578,-0.03906,5.82422
6035090,BNO_ACC,694,-700,2,7.04688,1.22656,5.70703
6045878,BNO_ACC,695,-2700,2,4.59766,2.33594,5.74609
6055736,BNO_ACC,696,-4500,2,3.94531,1.95312,5.21094
6064215,BNO_ACC,697,-4800,2,5.28516,-0.15234,4.90234
6069152,BNO_ACC,698,-2300,2,7.31250,-1.95312,6.62891
6076046,BNO_ACC,699,-700,2,7.77734,-1.99219,8.58203
6085176,BNO_ACC,700,-1800,2,6.78125,-0.72656,9.15625
6095853,BNO_ACC,701,-4300,2,5.44141,0.34375,8.96094
6104309,BNO_ACC,702,-4400,2,4.17578,0.23047,7.96875
6109228,BNO_ACC,703,-2300,2,3.48438,-0.53516,7.12891
6116115,BNO_ACC,704,-500,2,1.99219,-0.72656,7.20312
6125139,BNO_ACC,705,-1600,2,1.10938,0.34375,7.16406
6135903,BNO_ACC,706,-4500,2,1.76172,0.23047,8.46094
6144430,BNO_ACC,707,-4400,2,5.25000,-0.91797,11.37500
6149331,BNO_ACC,708,-2300,2,3.67578,-0.15234,12.68359
6156113,BNO_ACC,709,-700,2,1.87891,0.42188,11.72266
6165185,BNO_ACC,710,-1400,2,0.61328,0.49609,8.73828
6174127,BNO_ACC,711,-2100,2,-2.26172,0.34375,5.28516
6185260,BNO_ACC,712,-5200,2,-2.03125,0.07812,2.48828
6189353,BNO_ACC,713,-2300,2,-1.57031,-0.49609,3.22266
6196285,BNO_ACC,714,-700,2,-1.49219,-2.75781,5.51953
6205616,BNO_ACC,715,-1000,2,0.07812,-3.56250,11.37891
6214800,BNO_ACC,716,-2600,2,1.83984,-1.26562,16.58984
6225127,BNO_ACC,717,-4900,2,-0.53516,-0.15234,16.28125
6229263,BNO_ACC,718,-2300,2,-2.37500,-0.11328,14.67578
6236312,BNO_ACC,719,-500,2,-2.56641,-0.30469,12.44922
6245626,BNO_ACC,720,-1000,2,-2.48828,-0.95703,9.92578
6256404,BNO_ACC,721,-4300,2,-2.87109,-0.57422,9.69141
6264836,BNO_ACC,722,-4400,2,-3.44922,0.53516,8.88672
6269715,BNO_ACC,723,-2300,2,-3.41016,0.38281,9.88281
6276562,BNO_ACC,724,-700,2,-3.14062,0.07812,11.25781
6285901,BNO_ACC,725,-1000,2,-3.79297,-0.57422,10.87500
6296719,BNO_ACC,726,-4300,2,-3.41016,-0.99609,10.87891
6305009,BNO_ACC,727,-4400,2,-3.21875,-1.76172,11.60547
6309917,BNO_ACC,728,-2300,2,-2.18359,-2.64453,13.71484
6316908,BNO_ACC,729,-700,2,-1.03516,-2.45312,16.24609
6326074,BNO_ACC,730,-1000,2,0.19141,-1.95312,18.96484
6336851,BNO_ACC,731,-4300,2,-1.10938,-1.22656,20.18750
6345059,BNO_ACC,732,-4400,2,-2.64453,-0.91797,18.03906
6350000,BNO_ACC,733,-2300,2,-4.28906,-1.07422,14.28906
6356851,BNO_ACC,734,-500,2,-5.97656,0.00000,10.19141
6366094,BNO_ACC,735,-1000,2,-6.51172,0.76562,7.31250
6375130,BNO_ACC,736,-2200,2,-6.32422,0.42188,5.28516
6385411,BNO_ACC,737,-4400,2,-5.25000,0.11328,5.66797
6390337,BNO_ACC,738,-2300,2,-5.25000,0.53516,7.89062
6397202,BNO_ACC,739,-700,2,-2.48828,0.49609,10.11328
6406196,BNO_ACC,740,-1000,2,-1.87891,0.57422,12.02344
6415264,BNO_ACC,741,-2200,2,-1.03516,0.30469,12.94922
6425420,BNO_ACC,742,-4200,2,0.07812,-0.30469,13.14062
6430375,BNO_ACC,743,-2300,2,0.30469,-1.37891,13.14062
6437404,BNO_ACC,744,-700,2,-1.95312,-2.91016,11.64453
6446295,BNO_ACC,745,-1000,2,-4.82812,-2.87109,9.68750
6455444,BNO_ACC,746,-2200,2,-4.51953,-1.53125,8.39062
6465934,BNO_ACC,747,-4600,2,-2.64453,1.30078,6.32031
6477500,BNO_ACC,748,-700,2,1.18750,0.15234,2.76172
6486291,BNO_ACC,749,-900,2,2.83594,-0.49609,3.64453
6495346,BNO_ACC,750,-1800,2,7.65625,0.34375,5.78516
6505781,BNO_ACC,751,-4200,2,10.41406,-0.03906,6.62891
6517611,BNO_ACC,752,-500,2,10.10938,-2.94922,6.20703
6526485,BNO_ACC,753,-1000,2,10.76953,-1.68359,5.63281
6535512,BNO_ACC,754,-2000,2,11.98438,-0.95703,3.94531
6546107,BNO_ACC,755,-4400,2,7.20703,0.38281,4.17578
6557778,BNO_ACC,756,-500,2,6.43750,0.99609,2.10547
6566805,BNO_ACC,757,-900,2,5.86328,0.76562,2.33594
6575843,BNO_ACC,758,-2000,2,7.96875,1.60938,1.83984
6586277,BNO_ACC,759,-4400,2,8.88281,1.87891,1.60938
6597923,BNO_ACC,760,-700,2,8.27734,0.69141,0.57422
6606912,BNO_ACC,761,-900,2,6.82422,3.17969,0.42188
6616925,BNO_ACC,762,-3200,2,8.12109,3.94531,-2.52734
6627113,BNO_ACC,763,-5300,2,18.19922,-4.86328,-1.07422
6635479,BNO_ACC,764,-5300,2,19.60938,-1.83984,0.91797
6637981,BNO_ACC,765,-700,2,19.88281,0.03906,1.30078
6646457,BNO_ACC,766,-700,2,6.08984,0.72656,1.83984
6657372,BNO_ACC,767,-3400,2,4.37109,-0.91797,2.14453
6667086,BNO_ACC,768,-5100,2,6.12891,0.00000,0.00000
6675486,BNO_ACC,769,-5300,2,6.66406,0.49609,-0.23047
6677959,BNO_ACC,770,-700,2,8.23828,0.49609,-1.83984
6686684,BNO_ACC,771,-700,2,8.88281,0.53516,-2.87109
6695690,BNO_ACC,772,-1300,2,8.31641,0.34375,-2.98828
6705860,BNO_ACC,773,-3400,2,6.44141,0.88281,-2.37500
6716042,BNO_ACC,774,-5700,2,5.21484,-0.61328,-5.17188
6717606,BNO_ACC,775,-500,2,5.40234,-2.03125,-5.85938
6727208,BNO_ACC,776,-1000,2,6.66406,-3.41016,-5.09375
6737248,BNO_ACC,777,-2900,2,7.89062,-4.78906,-4.90234
6747171,BNO_ACC,778,-4900,2,7.39062,-3.67578,-4.86328
6756482,BNO_ACC,779,-5900,2,6.32422,-2.98828,-4.90234
6757797,BNO_ACC,780,-700,2,6.08594,-4.06250,-4.55859
6767007,BNO_ACC,781,-700,2,6.40234,-4.06250,-4.09766
6777894,BNO_ACC,782,-3400,2,6.92969,-3.21875,-3.33203
6787264,BNO_ACC,783,-4700,2,7.00781,-2.26172,-2.45312
6796685,BNO_ACC,784,-5900,2,8.58203,-2.48828,-3.25781
6797972,BNO_ACC,785,-700,2,10.87500,-3.41016,-3.41016
6807167,BNO_ACC,786,-500,2,12.02734,-3.17969,-2.29688
6818026,BNO_ACC,787,-3400,2,12.72266,-2.33594,0.00000
6827258,BNO_ACC,788,-4700,2,12.76172,-0.76562,1.72266
6836837,BNO_ACC,789,-5900,2,12.52344,0.23047,1.57031
6838167,BNO_ACC,790,-700,2,10.26562,0.07812,0.07812
6847284,BNO_ACC,791,-700,2,9.88672,-0.91797,4.82812
6857426,BNO_ACC,792,-2700,2,9.72656,-3.17969,5.82422
6866976,BNO_ACC,793,-3800,2,12.64453,-2.79688,-2.10547
6879991,BNO_ACC,794,-1200,2,10.95703,-2.26172,3.37109
6887152,BNO_ACC,795,-500,2,10.30469,-3.44922,3.86719
6898032,BNO_ACC,796,-3100,2,7.89062,-0.88281,4.75000
6907568,BNO_ACC,797,-4500,2,7.35547,0.61328,5.21094
6917056,BNO_ACC,798,-5900,2,4.02344,1.57031,5.25000
6918566,BNO_ACC,799,-700,2,4.21484,0.53516,5.63672
6927345,BNO_ACC,800,-500,2,4.13281,2.03125,3.71484
6938216,BNO_ACC,801,-3100,2,2.71875,3.56250,6.89062
6947698,BNO_ACC,802,-4300,2,2.83594,0.72656,6.39844
6956235,BNO_ACC,803,-4700,2,3.71484,0.15234,6.62500
6959029,BNO_ACC,804,-900,2,3.29297,0.00000,8.15625
6967204,BNO_ACC,805,-700,2,1.60938,-0.19141,8.73828
6977962,BNO_ACC,806,-2700,2,1.99219,-0.53516,9.07812
6985959,BNO_ACC,807,-2200,2,3.44922,0.42188,9.30859
6996397,BNO_ACC,808,-4800,2,3.56250,0.80469,9.00391
7000190,BNO_ACC,809,-1200,2,0.72656,0.49609,8.08203
7007501,BNO_ACC,810,-500,2,0.80469,1.30078,7.77344
7018381,BNO_ACC,811,-3100,2,1.76172,0.84375,8.16016
7028013,BNO_ACC,812,-4500,2,-1.10938,0.69141,7.77344
7036487,BNO_ACC,813,-4600,2,-4.75000,1.45703,7.54688
7041405,BNO_ACC,814,-2300,2,-4.28906,0.42188,6.93359
7048274,BNO_ACC,815,-500,2,-1.68359,-0.72656,8.23438
7057390,BNO_ACC,816,-1800,2,-6.24219,0.42188,9.54297
7068110,BNO_ACC,817,-4300,2,-2.48828,-1.49219,10.60938
7076456,BNO_ACC,818,-4400,2,-2.45312,-0.99609,13.59375
7081358,BNO_ACC,819,-2300,2,-3.14062,0.11328,13.94531
7088287,BNO_ACC,820,-700,2,-4.17578,-0.30469,12.52344
7097578,BNO_ACC,821,-1000,2,-5.36328,0.61328,10.14844
7108314,BNO_ACC,822,-4300,2,-6.32031,1.30078,8.15625
7116593,BNO_ACC,823,-4500,2,-5.28516,0.42188,6.62500
7121518,BNO_ACC,824,-2300,2,-7.39062,-0.69141,4.13672
7128412,BNO_ACC,825,-500,2,-7.81641,0.99609,4.36719
7137676,BNO_ACC,826,-900,2,-5.94141,-0.38281,5.85938
7148440,BNO_ACC,827,-4300,2,-6.08594,-2.91016,4.55859
7156707,BNO_ACC,828,-4300,2,-6.16406,-2.98828,5.47656
7161605,BNO_ACC,829,-2300,2,-5.93750,-2.29688,7.16797
7168625,BNO_ACC,830,-700,2,-6.28125,-2.67969,7.23828
7177869,BNO_ACC,831,-1000,2,-6.78125,-3.02734,6.20703
7188733,BNO_ACC,832,-4300,2,-7.51172,-2.10547,5.59375
7196846,BNO_ACC,833,-4400,2,-7.92969,-1.87891,4.86328
7201746,BNO_ACC,834,-2300,2,-8.19922,-1.95312,4.36719
7208627,BNO_ACC,835,-500,2,-8.73438,-1.18750,4.48047
7217912,BNO_ACC,836,-1000,2,-9.68750,-0.61328,4.21484
7226938,BNO_ACC,837,-2200,2,-9.84766,-1.03516,4.28906
7237316,BNO_ACC,838,-4400,2,-10.45312,-1.03516,5.66797
7242229,BNO_ACC,839,-2300,2,-10.76562,-0.57422,7.73828
7249073,BNO_ACC,840,-700,2,-10.00000,-0.91797,9.57812
7258042,BNO_ACC,841,-1000,2,-10.00000,-1.64844,10.60938
7267103,BNO_ACC,842,-2200,2,-9.84375,-2.03125,10.64844
7277534,BNO_ACC,843,-4600,2,-8.96484,-2.67969,9.80469
7289014,BNO_ACC,844,-700,2,-8.66016,-4.09766,6.70312
7298093,BNO_ACC,845,-900,2,-8.69531,-4.32812,4.86328
7307194,BNO_ACC,846,-2000,2,-8.92188,-4.32812,3.17969
7317461,BNO_ACC,847,-4200,2,-8.81641,-3.98438,2.71875
7322384,BNO_ACC,848,-2300,2,-7.97266,-3.37109,2.75781
7329168,BNO_ACC,849,-500,2,-7.92969,-3.14062,3.86719
7338267,BNO_ACC,850,-900,2,-7.51172,-2.48828,4.67188
7347199,BNO_ACC,851,-1800,2,-7.20703,-2.37500,6.39844
7357585,BNO_ACC,852,-4200,2,-6.66406,-2.33594,7.97266
7362521,BNO_ACC,853,-2300,2,-6.62891,-1.87891,9.69141
7369356,BNO_ACC,854,-500,2,-6.51172,-1.18750,11.10938
7378371,BNO_ACC,855,-900,2,-6.78125,-0.26953,11.18750
7387432,BNO_ACC,856,-2000,2,-8.27344,0.80469,10.14844
7397664,BNO_ACC,857,-4000,2,-8.31250,0.26953,8.12109
7402588,BNO_ACC,858,-2300,2,-8.62109,-1.68359,7.16406
7409587,BNO_ACC,859,-500,2,-8.19531,-2.37500,6.55078
7418435,BNO_ACC,860,-1000,2,-6.85547,-2.67969,6.82031
7427338,BNO_ACC,861,-1800,2,-5.70703,-3.14062,7.69922
7437799,BNO_ACC,862,-4200,2,-2.98828,-4.13672,9.69141
7442719,BNO_ACC,863,-2300,2,-0.49609,-4.71094,12.52734
7449721,BNO_ACC,864,-500,2,0.11328,-5.44141,14.25000
7458795,BNO_ACC,865,-1000,2,0.95703,-4.55859,14.89844
7468858,BNO_ACC,866,-3400,2,1.53125,-3.06641,15.54688
7478959,BNO_ACC,867,-5400,2,-0.88281,0.80469,15.24609
7487505,BNO_ACC,868,-5700,2,-0.46094,0.15234,11.19141
7488992,BNO_ACC,869,-500,2,-0.57422,-1.26562,9.88672
7498727,BNO_ACC,870,-900,2,-1.72266,-0.88281,9.46484
7507631,BNO_ACC,871,-1600,2,-1.14844,0.07812,8.65625
7518173,BNO_ACC,872,-4000,2,0.91797,-0.72656,9.26562
7529862,BNO_ACC,873,-700,2,3.75391,-1.99219,9.50391
7538616,BNO_ACC,874,-700,2,4.02344,-2.48828,9.30859
7547534,BNO_ACC,875,-1500,2,3.10156,-1.80078,7.97266
7558005,BNO_ACC,876,-3600,2,3.94531,-1.10938,6.70703
7568109,BNO_ACC,877,-5900,2,4.94141,-0.84375,6.62500
7569442,BNO_ACC,878,-500,2,5.36328,-0.61328,7.04688
7578935,BNO_ACC,879,-1000,2,5.55469,0.23047,6.36328
7587834,BNO_ACC,880,-1600,2,5.66406,1.22656,5.32422
7598281,BNO_ACC,881,-3800,2,4.89844,2.26172,3.02734
7610207,BNO_ACC,882,-500,2,4.93750,-1.37891,0.26953
7618722,BNO_ACC,883,-700,2,5.70312,-1.14844,-0.11328
7628886,BNO_ACC,884,-2700,2,8.03906,-1.60938,-0.34375
7638373,BNO_ACC,885,-3900,2,10.30859,-2.45312,0.15234
7647780,BNO_ACC,886,-5100,2,11.57031,-2.56641,1.26562
7650321,BNO_ACC,887,-900,2,11.87500,-1.76172,1.83984
7658855,BNO_ACC,888,-700,2,12.52734,-1.03516,1.87891
7669070,BNO_ACC,889,-2700,2,12.17969,0.99609,1.95312
7678622,BNO_ACC,890,-3900,2,10.76953,2.60547,2.14453
7688212,BNO_ACC,891,-5300,2,10.41406,1.91406,1.91406
7691810,BNO_ACC,892,-1200,2,10.34766,1.37891,1.33984
7698761,BNO_ACC,893,-700,2,9.72656,1.68359,-0.03906
7709660,BNO_ACC,894,-3100,2,9.11719,0.95703,-1.91406
7719284,BNO_ACC,895,-4700,2,8.15625,-0.19141,-3.64062
7728600,BNO_ACC,896,-5500,2,8.07812,-0.15234,-3.71484
7730134,BNO_ACC,897,-500,2,8.27734,0.19141,-3.10156
7739182,BNO_ACC,898,-700,2,8.96484,-0.69141,-2.87109
7750161,BNO_ACC,899,-3200,2,9.58203,-1.30078,-2.03125
7759381,BNO_ACC,900,-4500,2,8.61719,-0.38281,-1.30078
7768716,BNO_ACC,901,-5700,2,7.65625,0.84375,-0.88281
7770411,BNO_ACC,902,-500,2,8.19531,0.46094,-0.99609
7779318,BNO_ACC,903,-500,2,8.31641,-0.15234,-0.19141
7790184,BNO_ACC,904,-3200,2,7.31250,-0.69141,0.53516
7799489,BNO_ACC,905,-4500,2,8.46094,-1.07422,1.72266
7808776,BNO_ACC,906,-5300,2,10.07422,-1.49219,2.33594
7812852,BNO_ACC,907,-2300,2,10.07031,-2.33594,2.67969
7819736,BNO_ACC,908,-500,2,10.57422,-2.37500,3.10156
7829033,BNO_ACC,909,-1800,2,9.53906,-1.37891,3.79297
7839909,BNO_ACC,910,-4500,2,8.16016,-0.38281,3.64062
7848226,BNO_ACC,911,-4700,2,7.43359,0.49609,4.06250
7850759,BNO_ACC,912,-700,2,7.31641,0.84375,5.70703
7859483,BNO_ACC,913,-500,2,7.89062,0.61328,7.54688
7870291,BNO_ACC,914,-3100,2,7.20312,0.72656,9.19922
7879748,BNO_ACC,915,-4300,2,7.81641,-0.19141,8.11719
7888191,BNO_ACC,916,-4500,2,5.74609,0.23047,7.69531
7900373,BNO_ACC,917,-1000,2,4.21484,1.53125,6.85547
7909142,BNO_ACC,918,-1800,2,4.36719,2.29688,5.90234
7919975,BNO_ACC,919,-4500,2,3.41016,1.64844,6.28516
7928500,BNO_ACC,920,-4500,2,3.94531,1.41797,7.05078
7933408,BNO_ACC,921,-2300,2,3.52344,0.53516,7.85547
7940219,BNO_ACC,922,-500,2,2.67969,-0.26953,8.31250
7949476,BNO_ACC,923,-1800,2,1.83984,-0.30469,8.31641
7958758,BNO_ACC,924,-2800,2,2.10547,-0.65234,8.54297
7969023,BNO_ACC,925,-5100,2,1.80078,-0.69141,9.54297
7973259,BNO_ACC,926,-2300,2,0.76562,-0.42188,8.66016
7980171,BNO_ACC,927,-500,2,-0.11328,-0.34375,7.35547
7989365,BNO_ACC,928,-1400,2,-1.07422,-0.30469,5.36328
7998289,BNO_ACC,929,-2200,2,-2.83594,-0.34375,4.02734
8008755,BNO_ACC,930,-4600,2,-3.10156,-0.80469,4.25000
8013681,BNO_ACC,931,-2300,2,-2.29688,-1.33984,5.05859
8020673,BNO_ACC,932,-700,2,-1.72266,-1.41797,6.70703
8029707,BNO_ACC,933,-1000,2,-2.22266,-1.57031,9.34766
8040558,BNO_ACC,934,-4300,2,-0.91797,-2.03125,12.60547
8048712,BNO_ACC,935,-4400,2,2.14453,-1.68359,16.32422
8053631,BNO_ACC,936,-2300,2,4.90234,-0.65234,19.80469
8060462,BNO_ACC,937,-500,2,5.82422,0.30469,21.37500
8069751,BNO_ACC,938,-1000,2,5.09375,0.76562,20.03516
8078888,BNO_ACC,939,-2400,2,2.87109,0.99609,17.77344
8089288,BNO_ACC,940,-4600,2,0.26953,0.88281,15.01562
8093504,BNO_ACC,941,-2300,2,-1.76172,0.38281,11.91406
8100535,BNO_ACC,942,-500,2,-2.98828,-0.34375,9.57812
8109897,BNO_ACC,943,-1000,2,-3.44922,-0.53516,7.92969
8119044,BNO_ACC,944,-2000,2,-3.44922,-0.42188,7.73828
8129365,BNO_ACC,945,-4600,2,-3.64062,-0.03906,8.12109
8134286,BNO_ACC,946,-2300,2,-2.83594,0.03906,9.76953
8141328,BNO_ACC,947,-700,2,-1.80078,-0.49609,10.65234
8150174,BNO_ACC,948,-1000,2,-1.80078,-0.69141,10.64844
8160968,BNO_ACC,949,-4500,2,-2.22266,-0.88281,9.84766
8169145,BNO_ACC,950,-4300,2,-3.52344,-1.14844,9.00000
8174061,BNO_ACC,951,-2100,2,-4.78906,-1.03516,7.97266
8180911,BNO_ACC,952,-500,2,-5.25000,-0.80469,6.66406
8190181,BNO_ACC,953,-1000,2,-5.55469,-0.84375,5.66406
8198890,BNO_ACC,954,-1800,2,-5.78516,-1.22656,5.13281
8209397,BNO_ACC,955,-4200,2,-5.59375,-1.33984,5.70703
8214333,BNO_ACC,956,-2300,2,-4.82812,-1.22656,7.39062
8221395,BNO_ACC,957,-700,2,-4.25391,-0.91797,8.92578
8230354,BNO_ACC,958,-900,2,-4.36719,-0.65234,9.96484
8239329,BNO_ACC,959,-2000,2,-4.71094,-0.61328,10.14844
8249768,BNO_ACC,960,-4600,2,-5.13281,-0.46094,9.50391
8261307,BNO_ACC,961,-700,2,-5.40234,-0.76562,7.96875
8270376,BNO_ACC,962,-900,2,-5.78516,-0.53516,7.42969
8279305,BNO_ACC,963,-1800,2,-6.12891,-0.11328,6.74609
8289760,BNO_ACC,964,-4200,2,-6.32031,-0.34375,6.43750
8301600,BNO_ACC,965,-500,2,-6.89062,-0.11328,5.70703
8310447,BNO_ACC,966,-1000,2,-7.35547,0.00000,5.74609
8319528,BNO_ACC,967,-1800,2,-7.73438,0.11328,5.70703
8329930,BNO_ACC,968,-4400,2,-8.19922,0.19141,5.74609
8341663,BNO_ACC,969,-700,2,-7.81250,0.23047,5.93750
8350485,BNO_ACC,970,-1000,2,-8.12109,0.03906,5.70703
8359437,BNO_ACC,971,-1600,2,-8.58203,-0.34375,5.01953
8369883,BNO_ACC,972,-4000,2,-8.73438,-0.95703,3.83203
8374797,BNO_ACC,973,-2100,2,-8.73438,-1.41797,3.02734
8381898,BNO_ACC,974,-500,2,-9.07812,-1.76172,2.48828
8390838,BNO_ACC,975,-900,2,-9.65234,-2.07031,1.68359
8399843,BNO_ACC,976,-2000,2,-9.46484,-2.22266,0.99609
8410310,BNO_ACC,977,-4400,2,-9.12109,-2.18359,1.26562
8422008,BNO_ACC,978,-500,2,-9.76953,-1.99219,2.56641
8430887,BNO_ACC,979,-900,2,-10.00000,-2.07031,3.71484
8439856,BNO_ACC,980,-1600,2,-10.41797,-1.99219,4.75000
8450240,BNO_ACC,981,-4000,2,-11.15234,-1.37891,5.44141
8462035,BNO_ACC,982,-700,2,-10.91797,-0.88281,5.17188
8470639,BNO_ACC,983,-700,2,-10.23047,-1.37891,4.86328
8481476,BNO_ACC,984,-3400,2,-9.96484,-1.64844,4.48047
8489616,BNO_ACC,985,-3200,2,-9.65234,-1.64844,4.02344
8499877,BNO_ACC,986,-5500,2,-9.50391,-1.72266,3.90625
8502640,BNO_ACC,987,-1200,2,-9.15625,-1.99219,4.32812
8510581,BNO_ACC,988,-700,2,-8.54297,-2.18359,4.59766
8521466,BNO_ACC,989,-3100,2,-8.92578,-1.91406,4.55859
8529524,BNO_ACC,990,-3200,2,-8.42578,-2.07031,4.98047
8539758,BNO_ACC,991,-5100,2,-8.15625,-2.18359,6.08984
8542273,BNO_ACC,992,-900,2,-8.23828,-2.22266,6.47266
8550724,BNO_ACC,993,-700,2,-8.46484,-2.10547,6.62891
8561531,BNO_ACC,994,-3100,2,-8.69922,-2.22266,6.70312
8571221,BNO_ACC,995,-4700,2,-8.62109,-1.95312,6.70312
8580511,BNO_ACC,996,-5700,2,-8.46094,-1.41797,7.08594
8582010,BNO_ACC,997,-500,2,-8.96094,-0.65234,7.50781
8591301,BNO_ACC,998,-700,2,-9.34375,-0.15234,7.50781
8600295,BNO_ACC,999,-1300,2,-7.93359,-0.61328,6.93359
8610909,BNO_ACC,1000,-4000,2,-6.74219,-1.64844,7.31641
8620269,BNO_ACC,1001,-5300,2,-6.20703,-2.29688,7.92969
8623907,BNO_ACC,1002,-1200,2,-5.55469,-2.64453,8.42188
8630983,BNO_ACC,1003,-500,2,-4.75000,-3.06641,9.42188
8641735,BNO_ACC,1004,-2900,2,-4.02344,-3.14062,10.30469
8651491,BNO_ACC,1005,-4500,2,-2.48828,-3.02734,10.53125
8659957,BNO_ACC,1006,-4700,2,-1.68359,-2.56641,10.99609
8662484,BNO_ACC,1007,-700,2,-2.22266,-1.95312,11.67969
8671171,BNO_ACC,1008,-500,2,-2.41406,-0.99609,11.29688
8682080,BNO_ACC,1009,-2900,2,-2.26172,-0.30469,10.34375
8690406,BNO_ACC,1010,-3800,2,-1.80078,-0.11328,9.22656
8700567,BNO_ACC,1011,-5300,2,-1.37891,0.11328,7.97266
8704017,BNO_ACC,1012,-1200,2,-0.69141,-0.38281,6.70312
8711280,BNO_ACC,1013,-500,2,-0.95703,-0.84375,6.36328
8722076,BNO_ACC,1014,-2900,2,-0.80469,-1.41797,7.05078
8731679,BNO_ACC,1015,-4300,2,0.46094,-1.41797,8.23828
8740260,BNO_ACC,1016,-4800,2,2.07031,-1.26562,9.42578
8743264,BNO_ACC,1017,-1000,2,2.10547,-0.84375,10.34766
8751467,BNO_ACC,1018,-700,2,3.67578,-1.22656,11.10938
8762241,BNO_ACC,1019,-2900,2,4.86328,-1.53125,11.98438
8769830,BNO_ACC,1020,-2000,2,5.66797,-1.22656,12.10156
8780897,BNO_ACC,1021,-5200,2,4.63672,-1.03516,11.37891
8784971,BNO_ACC,1022,-2300,2,2.75781,-1.10938,10.49219
8792005,BNO_ACC,1023,-500,2,1.45703,-0.53516,9.34766
8801188,BNO_ACC,1024,-1600,2,2.14453,-0.38281,6.74219
8811967,BNO_ACC,1025,-4300,2,1.83984,-0.99609,5.78516
8820387,BNO_ACC,1026,-4600,2,2.07031,-2.10547,5.93750
8825293,BNO_ACC,1027,-2300,2,3.98438,-2.18359,6.55078
8832265,BNO_ACC,1028,-500,2,5.78516,-1.22656,7.20703
8841214,BNO_ACC,1029,-1400,2,6.32031,-1.30078,7.35156
8850144,BNO_ACC,1030,-2100,2,7.58594,-1.60938,8.39453
8860534,BNO_ACC,1031,-4400,2,8.04297,-1.49219,8.96094
8865419,BNO_ACC,1032,-2300,2,8.46484,-1.14844,8.88281
8872173,BNO_ACC,1033,-500,2,8.69922,-1.37891,8.61719
8881312,BNO_ACC,1034,-1400,2,8.23438,-2.22266,8.77344
8890388,BNO_ACC,1035,-2000,2,7.01172,-1.72266,8.04297
8900482,BNO_ACC,1036,-4200,2,5.17188,-0.72656,6.82422
8912497,BNO_ACC,1037,-700,2,5.97656,-0.95703,3.90625
8921647,BNO_ACC,1038,-1000,2,6.12891,-1.68359,3.60156
8932475,BNO_ACC,1039,-4300,2,6.74219,-2.18359,3.44922
8940859,BNO_ACC,1040,-4400,2,8.31641,-2.48828,4.32812
8945771,BNO_ACC,1041,-2100,2,10.72656,-2.64453,5.09375
8952578,BNO_ACC,1042,-700,2,11.87500,-2.75781,6.01562
8961773,BNO_ACC,1043,-1000,2,12.37891,-2.83594,6.62891
8970808,BNO_ACC,1044,-2200,2,11.72266,-2.79688,5.82422
8980985,BNO_ACC,1045,-4400,2,9.92578,-3.75391,4.75000
8993219,BNO_ACC,1046,-700,2,4.71094,-3.06641,2.07031
9002052,BNO_ACC,1047,-1000,2,4.21094,-2.10547,1.22656
9012921,BNO_ACC,1048,-4300,2,6.54688,-0.76562,1.68359
9020992,BNO_ACC,1049,-4300,2,6.74219,0.72656,1.91406
9025905,BNO_ACC,1050,-2300,2,8.84375,1.45703,1.53125
9032806,BNO_ACC,1051,-500,2,9.80469,1.41797,1.03516
9042062,BNO_ACC,1052,-1000,2,9.88281,-0.07812,1.14844
9051060,BNO_ACC,1053,-2000,2,9.73047,-0.80469,0.80469
9061504,BNO_ACC,1054,-4600,2,8.84375,-0.38281,-0.30469
9073018,BNO_ACC,1055,-500,2,10.00000,-2.52734,-0.84375
9082180,BNO_ACC,1056,-1000,2,9.96094,-2.07031,-0.57422
9091190,BNO_ACC,1057,-2000,2,9.80859,-1.07422,-1.18750
9101454,BNO_ACC,1058,-4200,2,9.23047,-0.30469,-1.07422
9106377,BNO_ACC,1059,-2300,2,9.30469,0.07812,-0.53516
9113529,BNO_ACC,1060,-700,2,9.80469,0.57422,-0.23047
9122405,BNO_ACC,1061,-1000,2,9.84766,0.88281,-0.15234
9131471,BNO_ACC,1062,-2200,2,9.92578,1.41797,0.19141
9141699,BNO_ACC,1063,-4400,2,10.38281,1.83984,0.42188
9153335,BNO_ACC,1064,-700,2,11.79688,0.42188,-0.11328
9162630,BNO_ACC,1065,-1000,2,10.99609,-0.23047,-0.84375
9171791,BNO_ACC,1066,-2700,2,10.07422,-0.23047,-1.14844
9181595,BNO_ACC,1067,-4000,2,10.30859,0.42188,-1.87891
9186545,BNO_ACC,1068,-2300,2,9.80859,1.22656,-2.48828
9193551,BNO_ACC,1069,-500,2,8.81250,1.41797,-2.94922
9202548,BNO_ACC,1070,-900,2,8.77734,0.95703,-3.48438
9211572,BNO_ACC,1071,-1800,2,9.34375,0.19141,-2.79688
9222060,BNO_ACC,1072,-4400,2,9.42578,0.00000,-2.71875
9233806,BNO_ACC,1073,-300,2,9.50000,-0.30469,-3.86719
9242645,BNO_ACC,1074,-900,2,8.88281,0.42188,-4.02344
9251544,BNO_ACC,1075,-1600,2,8.19922,0.53516,-4.63672
9261854,BNO_ACC,1076,-3800,2,7.77734,0.53516,-5.51562
9274123,BNO_ACC,1077,-500,2,6.74609,-0.11328,-6.47266
9282896,BNO_ACC,1078,-900,2,6.82031,-0.69141,-6.39844
9292936,BNO_ACC,1079,-3100,2,6.54688,-0.61328,-6.16797
9301353,BNO_ACC,1080,-3300,2,6.32031,-0.53516,-5.70703
9311748,BNO_ACC,1081,-5700,2,7.16797,-0.84375,-4.36719
9313364,BNO_ACC,1082,-500,2,8.54297,-1.14844,-2.98828
9322756,BNO_ACC,1083,-900,2,9.22656,-1.22656,-1.80078
9331760,BNO_ACC,1084,-1500,2,9.60938,-0.91797,-1.41797
9342131,BNO_ACC,1085,-3800,2,10.03516,-0.76562,-1.41797
9354080,BNO_ACC,1086,-700,2,9.68750,-0.53516,-1.30078
9362650,BNO_ACC,1087,-700,2,8.88672,-0.42188,-1.53125
9373497,BNO_ACC,1088,-3400,2,8.19922,-0.46094,-2.37500
9383027,BNO_ACC,1089,-4700,2,7.77734,-0.53516,-3.02734
9392467,BNO_ACC,1090,-5900,2,7.69531,-0.61328,-2.98828
9393800,BNO_ACC,1091,-500,2,7.69922,-0.57422,-2.45312
9402818,BNO_ACC,1092,-500,2,8.00781,-0.38281,-1.41797
9413697,BNO_ACC,1093,-3200,2,8.46094,0.23047,0.03906
9423247,BNO_ACC,1094,-4700,2,8.19531,0.38281,1.57031
9431734,BNO_ACC,1095,-4900,2,9.34766,-0.26953,2.60547
9434225,BNO_ACC,1096,-700,2,10.83984,-1.49219,3.86719
9442743,BNO_ACC,1097,-700,2,12.29688,-2.07031,4.98047
9453571,BNO_ACC,1098,-3200,2,11.07422,-1.33984,4.55859
9463226,BNO_ACC,1099,-4700,2,9.80469,-0.57422,3.94531
9472553,BNO_ACC,1100,-5700,2,8.69922,0.11328,2.83594
9474230,BNO_ACC,1101,-700,2,7.77344,-0.15234,1.87891
9483127,BNO_ACC,1102,-500,2,6.96875,-0.30469,1.41797
9494077,BNO_ACC,1103,-3200,2,6.12891,0.19141,1.26562
9503302,BNO_ACC,1104,-4500,2,5.85938,0.26953,2.48828
9512843,BNO_ACC,1105,-5900,2,6.97266,-0.80469,3.41016
9514358,BNO_ACC,1106,-500,2,6.82422,-1.07422,4.86328
9523320,BNO_ACC,1107,-500,2,7.27734,-1.45703,6.01562
9534183,BNO_ACC,1108,-3200,2,8.16016,-1.68359,7.46875
9543398,BNO_ACC,1109,-4500,2,8.73438,-1.37891,8.92578
9552705,BNO_ACC,1110,-5500,2,8.69531,-1.14844,10.41797
9556777,BNO_ACC,1111,-2300,2,8.19922,-0.30469,10.19141
9563772,BNO_ACC,1112,-900,2,7.42969,0.42188,9.22656
9573548,BNO_ACC,1113,-2700,2,6.24219,0.76562,8.08203
9582706,BNO_ACC,1114,-3800,2,5.01953,1.37891,6.47266
9592269,BNO_ACC,1115,-4800,2,4.36719,0.99609,5.43750
9596015,BNO_ACC,1116,-1200,2,2.79688,0.61328,4.51953
9603118,BNO_ACC,1117,-700,2,2.94922,-0.34375,4.63281
9612281,BNO_ACC,1118,-700,2,2.79688,-1.33984,5.70703
9623924,BNO_ACC,1119,-4700,2,3.48438,-2.52734,7.77734
9632218,BNO_ACC,1120,-4700,2,4.59766,-1.91406,9.80469
9637131,BNO_ACC,1121,-2300,2,4.90234,-0.07812,11.57422
9644343,BNO_ACC,1122,-900,2,4.28906,1.14844,12.29688
9653061,BNO_ACC,1123,-1600,2,3.79297,1.30078,12.44531
9662287,BNO_ACC,1124,-2500,2,3.33203,0.91797,11.98438
9672588,BNO_ACC,1125,-4900,2,2.60547,0.69141,11.18750
9676196,BNO_ACC,1126,-1200,2,1.49219,0.84375,10.49609
9683443,BNO_ACC,1127,-700,2,0.88281,0.84375,9.60938
9694230,BNO_ACC,1128,-2500,2,-0.11328,1.10938,8.57812
9701937,BNO_ACC,1129,-2000,2,-0.03906,0.15234,7.73438
9712987,BNO_ACC,1130,-5000,2,-1.18750,0.11328,7.54688
9717078,BNO_ACC,1131,-2500,2,-1.80078,0.26953,7.69531
9723979,BNO_ACC,1132,-700,2,-1.30078,0.15234,8.03906
9733425,BNO_ACC,1133,-1600,2,-0.69141,-0.11328,9.50000
9744251,BNO_ACC,1134,-4300,2,0.15234,-0.30469,10.95703
9752540,BNO_ACC,1135,-4400,2,0.34375,0.11328,12.56250
9757438,BNO_ACC,1136,-2300,2,-0.46094,0.57422,13.14062
9764460,BNO_ACC,1137,-700,2,-0.42188,0.11328,12.72266
9773596,BNO_ACC,1138,-1000,2,-0.88281,-0.42188,12.22266
9784387,BNO_ACC,1139,-4500,2,-1.68359,-0.23047,11.25781
9792843,BNO_ACC,1140,-4500,2,-2.45312,0.38281,10.38281
9797760,BNO_ACC,1141,-2300,2,-3.10156,0.46094,9.38281
9804696,BNO_ACC,1142,-700,2,-3.79297,0.46094,8.69922
9813699,BNO_ACC,1143,-1000,2,-4.36719,0.34375,7.89062
9824594,BNO_ACC,1144,-4300,2,-4.25391,-0.15234,7.05078
9832732,BNO_ACC,1145,-4300,2,-4.75000,-0.57422,7.05078
9837637,BNO_ACC,1146,-2300,2,-5.28516,-0.84375,7.23438
9844590,BNO_ACC,1147,-500,2,-5.59375,-0.99609,8.12109
9853798,BNO_ACC,1148,-900,2,-5.44141,-0.88281,9.03906
9864684,BNO_ACC,1149,-4300,2,-4.98047,-0.49609,9.80859
9872934,BNO_ACC,1150,-4200,2,-5.01953,-0.26953,10.34766
9877840,BNO_ACC,1151,-2100,2,-5.09375,-0.19141,10.45703
9884687,BNO_ACC,1152,-500,2,-5.13281,-0.42188,10.03516
9894137,BNO_ACC,1153,-1000,2,-5.47656,-0.23047,9.53906
9903393,BNO_ACC,1154,-2600,2,-5.63281,-0.07812,8.39453
9913154,BNO_ACC,1155,-4400,2,-6.08984,-0.34375,7.23438
9918051,BNO_ACC,1156,-2100,2,-6.47266,-0.42188,6.28125
9924964,BNO_ACC,1157,-700,2,-7.00781,-0.34375,5.44141
9934142,BNO_ACC,1158,-1000,2,-7.12891,-0.26953,4.71094
9943091,BNO_ACC,1159,-2000,2,-7.23828,-0.46094,4.13672
9953372,BNO_ACC,1160,-4400,2,-6.89062,-0.91797,3.44922
9958319,BNO_ACC,1161,-2300,2,-7.16406,-1.22656,3.33203
9965131,BNO_ACC,1162,-500,2,-7.73828,-0.95703,3.21875
9974280,BNO_ACC,1163,-1000,2,-8.27734,-0.42188,3.10156
9983184,BNO_ACC,1164,-2000,2,-7.96875,-0.49609,2.37500
9993595,BNO_ACC,1165,-4400,2,-7.96875,-0.88281,1.99219
10005380,BNO_ACC,1166,-700,2,-9.64844,-0.88281,2.56641
10014227,BNO_ACC,1167,-1000,2,-11.10938,-1.03516,3.52344
10023241,BNO_ACC,1168,-1800,2,-12.75781,-1.64844,4.59766
10033598,BNO_ACC,1169,-4200,2,-13.71094,-2.45312,5.70703
10038563,BNO_ACC,1170,-2300,2,-13.91016,-2.75781,6.78125
10045468,BNO_ACC,1171,-500,2,-13.63672,-2.79688,8.08203
10054556,BNO_ACC,1172,-900,2,-12.48828,-2.79688,9.69141
10063625,BNO_ACC,1173,-2000,2,-10.03516,-2.41406,11.03125
10073986,BNO_ACC,1174,-4400,2,-7.12500,-2.33594,11.21875
10085573,BNO_ACC,1175,-500,2,-6.78125,-1.68359,9.54297
10094521,BNO_ACC,1176,-1000,2,-8.42188,-0.99609,7.42969
10103519,BNO_ACC,1177,-1800,2,-9.26562,-0.84375,5.21094
10113851,BNO_ACC,1178,-4000,2,-9.69141,-1.14844,3.33203
10125737,BNO_ACC,1179,-500,2,-10.73047,-1.14844,1.99219
10134746,BNO_ACC,1180,-900,2,-9.88281,-0.65234,2.64453
10145427,BNO_ACC,1181,-3600,2,-9.22656,-0.30469,3.98438
10153367,BNO_ACC,1182,-3300,2,-8.57812,-0.80469,5.66797
10163867,BNO_ACC,1183,-5700,2,-9.00391,-1.99219,7.85156
10165181,BNO_ACC,1184,-700,2,-9.46094,-3.02734,10.07422
10174600,BNO_ACC,1185,-700,2,-9.23047,-3.86719,12.14453
10183731,BNO_ACC,1186,-1700,2,-9.07812,-3.44922,13.63281
10194387,BNO_ACC,1187,-4200,2,-8.84766,-3.17969,15.32422
10206206,BNO_ACC,1188,-700,2,-6.35938,-5.01953,19.50000
10215210,BNO_ACC,1189,-900,2,-5.59375,-4.32812,19.91406
10224932,BNO_ACC,1190,-3100,2,-3.98438,-3.71484,18.34375
10234413,BNO_ACC,1191,-4100,2,-2.18359,-4.63672,14.89844
10246320,BNO_ACC,1192,-500,2,-1.80078,-3.10156,14.01562
10255341,BNO_ACC,1193,-1000,2,-2.14453,-2.14453,15.05469
10265029,BNO_ACC,1194,-2900,2,-0.03906,-0.84375,15.85938
10274588,BNO_ACC,1195,-4300,2,0.03906,1.68359,15.82031
10287507,BNO_ACC,1196,-1200,2,0.11328,2.41406,12.22266
10294519,BNO_ACC,1197,-500,2,-1.49219,1.41797,10.65234
10305424,BNO_ACC,1198,-3100,2,-0.03906,3.14062,6.92969
10315174,BNO_ACC,1199,-4700,2,0.49609,5.39844,2.33594
10324578,BNO_ACC,1200,-5900,2,0.26953,5.43750,-1.22656
10325893,BNO_ACC,1201,-700,2,1.18750,4.59766,-2.71875
10335140,BNO_ACC,1202,-500,2,2.56641,3.21875,-3.64453
10345722,BNO_ACC,1203,-3200,2,2.98828,1.30078,-4.78906
10355243,BNO_ACC,1204,-4700,2,2.94922,-0.07812,-6.40234
10364831,BNO_ACC,1205,-6100,2,3.44922,-1.37891,-10.34766
10366215,BNO_ACC,1206,-700,2,4.28906,-1.76172,-12.98828
10375104,BNO_ACC,1207,-700,2,1.76172,-2.33594,-15.05859
10385962,BNO_ACC,1208,-3200,2,0.65234,-2.60547,-17.62109
10395292,BNO_ACC,1209,-4500,2,0.91797,-3.10156,-20.61328
10404636,BNO_ACC,1210,-5500,2,0.57422,-4.48047,-21.37500
10406278,BNO_ACC,1211,-700,2,0.84375,-4.90234,-20.37500
10415325,BNO_ACC,1212,-500,2,2.26172,-4.71094,-17.16016
10426319,BNO_ACC,1213,-3200,2,3.75391,-4.28906,-12.78906
10435380,BNO_ACC,1214,-4500,2,5.17188,-3.56250,-8.58203
10444659,BNO_ACC,1215,-5500,2,6.08984,-3.14062,-3.98438
10448733,BNO_ACC,1216,-2500,2,7.27734,-2.83594,0.38281
10455548,BNO_ACC,1217,-700,2,9.22656,-3.06641,3.71484
10465627,BNO_ACC,1218,-2500,2,8.16016,-2.22266,5.97656
10475556,BNO_ACC,1219,-4500,2,5.28516,-1.41797,5.90234
10484233,BNO_ACC,1220,-4700,2,2.37500,0.00000,3.67188
10487113,BNO_ACC,1221,-1000,2,-1.57031,1.80078,2.60156
10495361,BNO_ACC,1222,-700,2,-4.93750,2.33594,3.21875
10506326,BNO_ACC,1223,-3100,2,-6.32422,2.45312,4.32812
10515670,BNO_ACC,1224,-4300,2,-7.23438,2.33594,6.70312
10524379,BNO_ACC,1225,-4800,2,-7.42969,0.15234,10.26562
10528052,BNO_ACC,1226,-1000,2,-6.16797,-2.75781,12.40625
10535320,BNO_ACC,1227,-700,2,-4.78906,-3.14062,13.87109
10546113,BNO_ACC,1228,-2700,2,-4.86328,-1.22656,16.58594
10554112,BNO_ACC,1229,-2400,2,-4.51953,-0.53516,16.28125
10564615,BNO_ACC,1230,-4800,2,-4.55859,-2.10547,14.13672
10568866,BNO_ACC,1231,-2500,2,-4.13672,-4.02344,12.48438
10575931,BNO_ACC,1232,-500,2,-4.32812,-3.52344,12.21875
10585283,BNO_ACC,1233,-1800,2,-4.09766,-2.18359,11.33594
10596134,BNO_ACC,1234,-4300,2,-4.82812,-2.29688,9.73047
10604507,BNO_ACC,1235,-4400,2,-7.12500,-2.75781,7.20703
10609437,BNO_ACC,1236,-2300,2,-9.57812,-2.83594,5.63281
10616324,BNO_ACC,1237,-700,2,-11.33594,-2.71875,5.17188
10625438,BNO_ACC,1238,-1600,2,-12.10547,-2.60547,4.63672
10636206,BNO_ACC,1239,-4300,2,-13.10156,-2.91016,3.75391
10644527,BNO_ACC,1240,-4400,2,-13.41016,-2.98828,4.98047
10649455,BNO_ACC,1241,-2100,2,-13.29297,-3.25781,8.19922
10656438,BNO_ACC,1242,-700,2,-10.95703,-3.90625,11.60547
10665534,BNO_ACC,1243,-1600,2,-7.12500,-3.83203,13.75391
10675758,BNO_ACC,1244,-3800,2,-3.41016,-2.48828,14.09766
10685171,BNO_ACC,1245,-4800,2,-3.37109,-1.45703,12.90625
10689264,BNO_ACC,1246,-2500,2,-5.21094,-1.83984,9.69141
10696321,BNO_ACC,1247,-500,2,-7.58984,-2.33594,6.05078
10705793,BNO_ACC,1248,-1000,2,-9.50000,-1.76172,3.02734
10716635,BNO_ACC,1249,-4300,2,-10.38281,-1.57031,0.30469
10724856,BNO_ACC,1250,-4300,2,-11.76172,-2.07031,-1.14844
10729764,BNO_ACC,1251,-2300,2,-13.10547,-2.67969,-1.53125
10736741,BNO_ACC,1252,-500,2,-13.71094,-2.71875,-0.53516
10745803,BNO_ACC,1253,-1000,2,-13.29297,-2.71875,1.91406
10754745,BNO_ACC,1254,-2200,2,-11.98828,-3.21875,4.63672
10765231,BNO_ACC,1255,-4600,2,-10.91797,-4.02344,6.66406
10770167,BNO_ACC,1256,-2100,2,-10.26562,-3.98438,7.89062
10777179,BNO_ACC,1257,-700,2,-10.38672,-3.41016,8.65625
10786040,BNO_ACC,1258,-1000,2,-10.45703,-3.02734,8.84766
10794995,BNO_ACC,1259,-2200,2,-10.18750,-2.64453,8.35156
10805331,BNO_ACC,1260,-4400,2,-10.30469,-2.07031,7.42969
10810272,BNO_ACC,1261,-2300,2,-10.73047,-1.37891,6.58984
10817070,BNO_ACC,1262,-700,2,-11.07031,-1.07422,5.78516
10826113,BNO_ACC,1263,-1000,2,-10.99609,-0.99609,4.63672
10835270,BNO_ACC,1264,-2200,2,-11.10938,-1.10938,3.56250
10845744,BNO_ACC,1265,-4800,2,-11.22266,-1.10938,2.60547
10857309,BNO_ACC,1266,-700,2,-9.88281,-1.33984,2.45312
10866120,BNO_ACC,1267,-1000,2,-9.26953,-1.41797,2.71875
10875216,BNO_ACC,1268,-1800,2,-9.15625,-1.30078,3.14062
10885557,BNO_ACC,1269,-4200,2,-9.11719,-1.10938,3.17969
10897227,BNO_ACC,1270,-500,2,-8.77734,-1.53125,2.83594
10906286,BNO_ACC,1271,-1000,2,-8.53906,-1.45703,3.25781
10915367,BNO_ACC,1272,-1800,2,-8.73828,-0.95703,3.90625
10925874,BNO_ACC,1273,-4400,2,-8.46484,-0.72656,4.02344
10937548,BNO_ACC,1274,-500,2,-8.11719,-1.10938,4.40625
10946460,BNO_ACC,1275,-1000,2,-7.85156,-1.10938,5.01953
10955603,BNO_ACC,1276,-2000,2,-7.62500,-1.18750,5.85938
10966006,BNO_ACC,1277,-4400,2,-7.47266,-1.37891,6.47266
10977609,BNO_ACC,1278,-500,2,-8.19531,-1.22656,6.43750
10986506,BNO_ACC,1279,-1000,2,-9.76953,-1.49219,6.47266
10995538,BNO_ACC,1280,-1800,2,-12.22266,-0.95703,5.89844
11005887,BNO_ACC,1281,-4000,2,-12.37891,-0.23047,4.32812
11017831,BNO_ACC,1282,-700,2,-10.19141,-0.91797,5.28516
11026446,BNO_ACC,1283,-900,2,-8.54297,-0.95703,7.04688
11035442,BNO_ACC,1284,-1500,2,-6.20703,-1.22656,8.77734
11046080,BNO_ACC,1285,-4200,2,-4.09766,-1.53125,10.38672
11057841,BNO_ACC,1286,-700,2,-2.60547,-2.87109,9.84375
11066694,BNO_ACC,1287,-900,2,-3.21875,-2.98828,8.73828
11075713,BNO_ACC,1288,-1600,2,-4.44531,-2.75781,7.27344
11086151,BNO_ACC,1289,-4000,2,-6.08984,-2.14453,6.35938
11097906,BNO_ACC,1290,-500,2,-7.73438,-1.41797,5.36328
11106677,BNO_ACC,1291,-900,2,-6.78125,-1.22656,6.35938
11115632,BNO_ACC,1292,-1300,2,-5.09375,-0.72656,7.89062
11126183,BNO_ACC,1293,-4000,2,-3.06641,-0.30469,9.42578
11135499,BNO_ACC,1294,-5300,2,-1.49219,-0.26953,10.57031
11138045,BNO_ACC,1295,-700,2,-0.30469,-0.72656,11.53516
11146849,BNO_ACC,1296,-700,2,0.38281,-1.22656,11.75781
11155968,BNO_ACC,1297,-1500,2,0.46094,-1.53125,11.15234
11166413,BNO_ACC,1298,-3800,2,-0.61328,-1.91406,10.22656
11178382,BNO_ACC,1299,-700,2,-2.56641,-2.75781,7.81250
11186969,BNO_ACC,1300,-500,2,-2.67969,-2.67969,7.20703
11197837,BNO_ACC,1301,-3400,2,-2.29688,-2.33594,7.08594
11207060,BNO_ACC,1302,-4700,2,-1.87891,-1.76172,7.42969
11216322,BNO_ACC,1303,-5700,2,-1.07422,-1.22656,8.27344
11217946,BNO_ACC,1304,-700,2,0.11328,-1.14844,9.30859
11227066,BNO_ACC,1305,-500,2,1.03516,-1.18750,10.38672
11237842,BNO_ACC,1306,-3400,2,1.80078,-1.10938,11.19141
11247339,BNO_ACC,1307,-4900,2,2.33594,-0.91797,11.67969
11255904,BNO_ACC,1308,-4900,2,2.03125,-0.69141,11.80078
11258481,BNO_ACC,1309,-700,2,1.72266,-0.72656,10.73047
11267057,BNO_ACC,1310,-700,2,1.26562,-1.22656,9.61328
11277890,BNO_ACC,1311,-3100,2,0.95703,-1.68359,8.77344
11287388,BNO_ACC,1312,-4500,2,1.07422,-1.68359,8.39453
11295904,BNO_ACC,1313,-4700,2,1.30078,-1.72266,8.35547
11298433,BNO_ACC,1314,-700,2,1.80078,-1.57031,8.73438
11307054,BNO_ACC,1315,-700,2,2.26172,-1.33984,9.30469
11317901,BNO_ACC,1316,-3100,2,2.87109,-1.37891,10.00000
11327492,BNO_ACC,1317,-4500,2,3.56250,-1.41797,10.57031
11336166,BNO_ACC,1318,-4900,2,4.13672,-1.22656,10.87891
11339843,BNO_ACC,1319,-1000,2,4.21484,-1.10938,10.80078
11347190,BNO_ACC,1320,-700,2,3.98438,-1.30078,10.68750
11358134,BNO_ACC,1321,-3100,2,3.64062,-1.33984,10.34766
11367568,BNO_ACC,1322,-4300,2,3.25781,-1.14844,9.58203
11376114,BNO_ACC,1323,-4500,2,2.91016,-1.33984,8.69922
11378952,BNO_ACC,1324,-900,2,2.64453,-1.64844,8.19531
11387157,BNO_ACC,1325,-500,2,2.79688,-1.72266,7.58984
11398010,BNO_ACC,1326,-2700,2,2.98828,-1.64844,7.62891
11407584,BNO_ACC,1327,-4300,2,3.41016,-1.53125,7.89062
11417025,BNO_ACC,1328,-5300,2,3.94531,-1.60938,8.27734
11421095,BNO_ACC,1329,-2300,2,4.44531,-1.64844,8.66016
11427929,BNO_ACC,1330,-500,2,4.78906,-1.45703,9.12109
11436997,BNO_ACC,1331,-1600,2,5.13281,-1.41797,9.46484
11447858,BNO_ACC,1332,-4500,2,5.44141,-1.60938,9.54297
11456372,BNO_ACC,1333,-4600,2,5.32422,-1.53125,9.19531
11461278,BNO_ACC,1334,-2300,2,5.09375,-1.45703,8.58203
11468029,BNO_ACC,1335,-500,2,4.82812,-1.57031,8.08203
11477193,BNO_ACC,1336,-1600,2,4.63672,-1.68359,7.51172
11488019,BNO_ACC,1337,-4500,2,4.67188,-1.60938,7.16797
11496541,BNO_ACC,1338,-4600,2,4.71094,-1.45703,7.20703
11501453,BNO_ACC,1339,-2100,2,4.86328,-1.37891,7.51172
11508321,BNO_ACC,1340,-500,2,5.28516,-1.30078,8.03906
11517386,BNO_ACC,1341,-1000,2,5.78516,-1.18750,8.69531
11528272,BNO_ACC,1342,-4300,2,6.20703,-0.91797,9.08203
11536565,BNO_ACC,1343,-4400,2,6.12891,-0.84375,9.08203
11541487,BNO_ACC,1344,-2300,2,5.97656,-0.88281,8.92188
11548375,BNO_ACC,1345,-500,2,5.85938,-0.99609,8.53906
11557455,BNO_ACC,1346,-1600,2,5.66797,-1.03516,8.12109
11568468,BNO_ACC,1347,-4500,2,5.55469,-1.07422,7.81641
11576601,BNO_ACC,1348,-4400,2,5.66797,-1.26562,7.46875
11581506,BNO_ACC,1349,-2300,2,5.70703,-1.53125,7.31250
11588531,BNO_ACC,1350,-700,2,5.97656,-1.49219,7.35156
11597649,BNO_ACC,1351,-900,2,6.43750,-1.41797,7.47266
11608638,BNO_ACC,1352,-4500,2,6.62891,-1.37891,7.58984
11616819,BNO_ACC,1353,-4400,2,6.85547,-1.33984,7.77344
11621759,BNO_ACC,1354,-2300,2,7.08594,-1.18750,8.01172
11628581,BNO_ACC,1355,-700,2,7.01172,-1.07422,7.93359
11637819,BNO_ACC,1356,-1600,2,6.85547,-1.18750,7.62891
11648747,BNO_ACC,1357,-4300,2,6.82031,-1.37891,7.35547
11657009,BNO_ACC,1358,-4400,2,6.66406,-1.37891,6.89453
11661901,BNO_ACC,1359,-2300,2,6.62500,-1.41797,6.55078
11668786,BNO_ACC,1360,-500,2,6.82031,-1.53125,6.55078
11677967,BNO_ACC,1361,-1000,2,7.08984,-1.57031,6.51172
11688835,BNO_ACC,1362,-4300,2,7.43359,-1.53125,6.58984
11696988,BNO_ACC,1363,-4300,2,7.81641,-1.53125,6.89453
11701881,BNO_ACC,1364,-2100,2,8.12109,-1.49219,7.23828
11708835,BNO_ACC,1365,-500,2,8.11719,-1.18750,7.08594
11718093,BNO_ACC,1366,-1000,2,7.73828,-0.91797,6.55078
11727303,BNO_ACC,1367,-2200,2,7.27344,-0.91797,5.97656
11737756,BNO_ACC,1368,-4800,2,7.04688,-0.99609,5.78516
11749296,BNO_ACC,1369,-700,2,7.35547,-0.99609,5.47656
11758167,BNO_ACC,1370,-900,2,7.47266,-0.99609,5.47656
11767137,BNO_ACC,1371,-1800,2,7.73828,-0.95703,5.51562
11777471,BNO_ACC,1372,-4200,2,7.89453,-0.69141,5.63281
11782388,BNO_ACC,1373,-2300,2,8.01172,-0.69141,5.74609
11789250,BNO_ACC,1374,-500,2,8.12109,-0.72656,5.70703
11798278,BNO_ACC,1375,-900,2,8.11719,-0.80469,5.36328
11807272,BNO_ACC,1376,-1800,2,8.12109,-0.99609,5.25000
11817560,BNO_ACC,1377,-4200,2,8.23438,-1.10938,5.13281
11822508,BNO_ACC,1378,-2300,2,8.39062,-1.30078,5.36328
11829438,BNO_ACC,1379,-700,2,8.46484,-1.07422,5.32422
11838267,BNO_ACC,1380,-900,2,8.31250,-0.65234,4.82812
11847374,BNO_ACC,1381,-1800,2,8.12109,-0.49609,4.32812
11857813,BNO_ACC,1382,-4400,2,7.92969,-0.61328,4.02344
11869586,BNO_ACC,1383,-700,2,8.66016,-1.22656,4.36719
11878620,BNO_ACC,1384,-1000,2,9.16016,-1.41797,4.90234
11887568,BNO_ACC,1385,-1800,2,9.50391,-1.22656,5.25000
11898072,BNO_ACC,1386,-4200,2,9.68750,-0.76562,5.36328
11909809,BNO_ACC,1387,-500,2,8.73828,0.15234,4.02344
11918815,BNO_ACC,1388,-900,2,8.50391,0.34375,3.14062
11928873,BNO_ACC,1389,-3200,2,8.62109,0.07812,2.60547
11937267,BNO_ACC,1390,-3300,2,8.50000,-0.19141,2.26172
11947726,BNO_ACC,1391,-5900,2,8.42578,-0.34375,1.91406
11949223,BNO_ACC,1392,-700,2,8.08203,-0.30469,1.14844
11958609,BNO_ACC,1393,-900,2,7.58594,-0.07812,0.19141
11967725,BNO_ACC,1394,-1700,2,7.08594,0.23047,-0.53516
11978337,BNO_ACC,1395,-4200,2,6.89062,0.46094,-0.95703
11990185,BNO_ACC,1396,-900,2,7.39062,-0.84375,-0.07812
11998533,BNO_ACC,1397,-500,2,7.69922,-1.60938,1.26562
12009384,BNO_ACC,1398,-3400,2,7.50781,-1.87891,1.99219
12017520,BNO_ACC,1399,-3200,2,7.42969,-1.37891,2.22266
12027859,BNO_ACC,1400,-5500,2,7.66016,-1.30078,2.60547
12031464,BNO_ACC,1401,-1400,2,7.43359,-1.33984,2.98828
12038295,BNO_ACC,1402,-700,2,7.00781,-1.22656,3.29297
12049180,BNO_ACC,1403,-3100,2,6.05078,-0.95703,3.56250
12057584,BNO_ACC,1404,-3100,2,4.98047,-0.80469,3.52344
12067815,BNO_ACC,1405,-5300,2,4.44531,-1.07422,3.52344
12070650,BNO_ACC,1406,-1000,2,4.17188,-1.10938,3.90625
12078663,BNO_ACC,1407,-500,2,3.79297,-0.88281,5.48047
12089436,BNO_ACC,1408,-3200,2,3.48438,-0.95703,7.08984
12099147,BNO_ACC,1409,-4700,2,3.48438,-1.03516,8.08203
12108637,BNO_ACC,1410,-5900,2,3.41016,-1.22656,9.07812
12109959,BNO_ACC,1411,-700,2,3.02734,-1.41797,9.88281
12119052,BNO_ACC,1412,-500,2,3.21875,-1.41797,10.72656
12129910,BNO_ACC,1413,-3400,2,3.83203,-1.26562,12.25781
12139253,BNO_ACC,1414,-4500,2,4.21484,-0.46094,13.28906
12148606,BNO_ACC,1415,-5900,2,4.90234,-0.19141,14.05859
12150148,BNO_ACC,1416,-500,2,5.09375,-0.15234,14.01562
12158934,BNO_ACC,1417,-700,2,4.63672,-0.11328,13.48438
12169851,BNO_ACC,1418,-3200,2,3.52344,-0.26953,12.44531
12177602,BNO_ACC,1419,-2600,2,2.37500,-0.46094,10.91797
12188049,BNO_ACC,1420,-4900,2,1.45703,-0.61328,9.88672
12190841,BNO_ACC,1421,-1000,2,0.91797,-0.72656,9.58203
12198950,BNO_ACC,1422,-500,2,0.38281,-0.65234,9.84766
12209888,BNO_ACC,1423,-3100,2,0.15234,-0.53516,10.03125
12219416,BNO_ACC,1424,-4500,2,-0.23047,-0.53516,10.45703
12228732,BNO_ACC,1425,-5500,2,-0.15234,-0.80469,10.83984
12232797,BNO_ACC,1426,-2300,2,0.07812,-0.91797,11.45312
12239770,BNO_ACC,1427,-700,2,0.23047,-0.72656,11.87891
12249542,BNO_ACC,1428,-2500,2,0.23047,-0.76562,11.64453
12259506,BNO_ACC,1429,-4500,2,-0.19141,-0.95703,11.07031
12268992,BNO_ACC,1430,-5500,2,-0.72656,-1.03516,10.26562
12270607,BNO_ACC,1431,-500,2,-1.22656,-0.91797,9.58203
12279328,BNO_ACC,1432,-500,2,-1.83984,-0.49609,9.23047
12290169,BNO_ACC,1433,-2900,2,-2.22266,-0.11328,9.16016
12299652,BNO_ACC,1434,-4300,2,-2.41406,0.03906,9.07812
12308249,BNO_ACC,1435,-4600,2,-2.60547,-0.11328,8.96484
12311238,BNO_ACC,1436,-1000,2,-2.87109,-0.07812,8.96094
12319480,BNO_ACC,1437,-500,2,-2.91016,0.07812,9.19922
12330331,BNO_ACC,1438,-2900,2,-2.83594,-0.03906,9.61328
12339782,BNO_ACC,1439,-4300,2,-2.67969,-0.07812,10.14844
12348530,BNO_ACC,1440,-4800,2,-2.94922,-0.11328,10.19141
12352145,BNO_ACC,1441,-1200,2,-3.29297,-0.23047,9.69141
12359372,BNO_ACC,1442,-700,2,-3.79297,-0.57422,9.12109
12370203,BNO_ACC,1443,-2700,2,-4.25391,-0.84375,8.65625
12378036,BNO_ACC,1444,-2200,2,-4.48047,-0.65234,8.35547
12388511,BNO_ACC,1445,-4600,2,-4.90234,-0.53516,8.12109
12393421,BNO_ACC,1446,-2300,2,-5.17188,-0.49609,7.93359
12400200,BNO_ACC,1447,-500,2,-5.01953,-0.61328,8.27734
12409448,BNO_ACC,1448,-1600,2,-4.67188,-0.57422,9.08203
12420229,BNO_ACC,1449,-4500,2,-4.17578,-0.49609,10.03125
12428545,BNO_ACC,1450,-4500,2,-3.75391,-0.49609,10.34375
12433459,BNO_ACC,1451,-2300,2,-3.67578,-0.57422,10.41797
12440456,BNO_ACC,1452,-700,2,-3.86719,-0.95703,10.34766
12449408,BNO_ACC,1453,-1600,2,-4.17578,-0.91797,9.69141
12458520,BNO_ACC,1454,-2200,2,-4.48047,-0.88281,9.11719
12468840,BNO_ACC,1455,-4600,2,-5.13281,-0.72656,8.50391
12473777,BNO_ACC,1456,-2300,2,-6.05078,-0.49609,7.62500
12480743,BNO_ACC,1457,-700,2,-6.58984,-0.30469,6.78125
12489693,BNO_ACC,1458,-1400,2,-6.96875,-0.23047,6.43750
12498943,BNO_ACC,1459,-2600,2,-7.08594,-0.07812,6.05078
12509282,BNO_ACC,1460,-4800,2,-7.12891,-0.11328,5.93750
12513515,BNO_ACC,1461,-2300,2,-7.12891,-0.19141,6.24219
12520422,BNO_ACC,1462,-500,2,-6.82422,-0.15234,6.66406
12529856,BNO_ACC,1463,-1000,2,-6.55078,-0.23047,7.27344
12540728,BNO_ACC,1464,-4300,2,-6.16797,-0.34375,8.08203
12548881,BNO_ACC,1465,-4400,2,-5.74609,-0.30469,8.50000
12553817,BNO_ACC,1466,-2100,2,-5.82422,-0.46094,8.53906
12560771,BNO_ACC,1467,-700,2,-6.05078,-0.57422,8.35156
12569923,BNO_ACC,1468,-1000,2,-6.35938,-0.61328,7.81250
12578984,BNO_ACC,1469,-2200,2,-6.74219,-0.80469,7.20703
12589514,BNO_ACC,1470,-4600,2,-7.51172,-0.80469,6.28125
12600927,BNO_ACC,1471,-700,2,-8.27734,-1.07422,4.13672
12610024,BNO_ACC,1472,-900,2,-8.35156,-1.14844,3.94531
12619095,BNO_ACC,1473,-2200,2,-8.19531,-0.99609,4.17578
12629532,BNO_ACC,1474,-4600,2,-7.89062,-0.84375,4.55859
12641097,BNO_ACC,1475,-700,2,-7.55078,-0.49609,6.24219
12650012,BNO_ACC,1476,-900,2,-7.42969,-0.38281,6.58984
12659113,BNO_ACC,1477,-2000,2,-7.62500,-0.30469,6.58984
12669446,BNO_ACC,1478,-4200,2,-7.73438,-0.30469,6.35938
12674371,BNO_ACC,1479,-2300,2,-7.92969,-0.26953,6.20703
12681405,BNO_ACC,1480,-500,2,-7.96875,-0.42188,6.08984
12690373,BNO_ACC,1481,-1000,2,-8.08203,-0.46094,5.70703
12699484,BNO_ACC,1482,-2200,2,-8.61719,-0.49609,5.05469
12710029,BNO_ACC,1483,-4600,2,-9.03906,-0.69141,4.02344
12721621,BNO_ACC,1484,-700,2,-8.96484,-1.14844,3.41016
12730449,BNO_ACC,1485,-900,2,-8.96484,-0.99609,3.64062
12739683,BNO_ACC,1486,-2000,2,-8.81250,-0.84375,3.98438
12750083,BNO_ACC,1487,-4600,2,-8.61719,-0.76562,4.40625
12761695,BNO_ACC,1488,-700,2,-8.07812,-0.57422,5.21094
12770602,BNO_ACC,1489,-1000,2,-7.89062,-0.65234,5.40234
12779520,BNO_ACC,1490,-2000,2,-8.03906,-0.57422,5.28516
12790169,BNO_ACC,1491,-4600,2,-8.27734,-0.65234,4.82812
12801700,BNO_ACC,1492,-500,2,-9.00391,-0.84375,3.48438
12810674,BNO_ACC,1493,-1000,2,-9.30859,-0.88281,2.87109
12819830,BNO_ACC,1494,-2000,2,-9.54297,-1.03516,2.29688
12830402,BNO_ACC,1495,-4600,2,-9.88672,-1.07422,1.91406
12841904,BNO_ACC,1496,-700,2,-9.54297,-1.10938,1.95312
12850710,BNO_ACC,1497,-1000,2,-9.30859,-1.07422,2.26172
12859752,BNO_ACC,1498,-1800,2,-8.92578,-0.99609,3.02734
12870354,BNO_ACC,1499,-4400,2,-8.42578,-0.95703,3.83203
12882047,BNO_ACC,1500,-500,2,-8.23438,-0.72656,4.59766
12891172,BNO_ACC,1501,-1000,2,-8.27344,-0.72656,4.21484
12900978,BNO_ACC,1502,-3200,2,-8.57812,-0.91797,3.83203
12909608,BNO_ACC,1503,-3500,2,-9.03906,-0.91797,3.25781
12919770,BNO_ACC,1504,-5500,2,-9.46484,-0.84375,2.67969
12923425,BNO_ACC,1505,-1200,2,-9.92578,-0.88281,1.95312
12930294,BNO_ACC,1506,-700,2,-10.07031,-1.07422,1.45703
12941140,BNO_ACC,1507,-3200,2,-10.03516,-1.10938,1.33984
12949698,BNO_ACC,1508,-3300,2,-10.00000,-1.03516,1.60938
12960105,BNO_ACC,1509,-5700,2,-10.03516,-1.07422,2.10547
12961582,BNO_ACC,1510,-700,2,-10.07422,-1.18750,2.94922
12970959,BNO_ACC,1511,-700,2,-10.07031,-1.14844,3.90625
12981617,BNO_ACC,1512,-3200,2,-9.96094,-1.14844,4.75000
12991243,BNO_ACC,1513,-5100,2,-9.58203,-1.33984,5.28516
12999677,BNO_ACC,1514,-5100,2,-9.08203,-1.45703,5.70703
13002201,BNO_ACC,1515,-700,2,-9.19531,-1.37891,6.08984
13010845,BNO_ACC,1516,-700,2,-9.50000,-0.95703,5.55469
13021739,BNO_ACC,1517,-3400,2,-9.26953,-0.99609,4.44531
13031137,BNO_ACC,1518,-4900,2,-9.26953,-1.30078,3.44922
13042862,BNO_ACC,1519,-1000,2,-10.22656,-1.30078,2.22266
13051261,BNO_ACC,1520,-700,2,-10.14844,-1.30078,2.18359
13060331,BNO_ACC,1521,-1500,2,-9.84766,-1.30078,2.41406
13070788,BNO_ACC,1522,-4000,2,-9.50000,-1.18750,2.91016
13083800,BNO_ACC,1523,-1000,2,-8.61719,-1.30078,4.51953
13090862,BNO_ACC,1524,-500,2,-7.73438,-1.37891,5.21094
13101627,BNO_ACC,1525,-2900,2,-7.31250,-1.41797,6.05078
13111459,BNO_ACC,1526,-4700,2,-7.51172,-1.26562,6.70312
13120188,BNO_ACC,1527,-5100,2,-7.66016,-0.76562,6.97266
13123869,BNO_ACC,1528,-1200,2,-7.23828,-0.53516,6.24219
13130975,BNO_ACC,1529,-700,2,-7.00781,-1.10938,5.74609
13141202,BNO_ACC,1530,-2300,2,-8.53906,-1.53125,5.63281
13150503,BNO_ACC,1531,-3100,2,-9.16016,-1.64844,5.44141
13160826,BNO_ACC,1532,-5500,2,-9.54297,-1.68359,5.82422
13164877,BNO_ACC,1533,-2300,2,-8.31641,-2.26172,6.28125
13171641,BNO_ACC,1534,-500,2,-7.66016,-2.64453,6.62891
13181563,BNO_ACC,1535,-2500,2,-7.27344,-2.79688,6.97266
13190957,BNO_ACC,1536,-3500,2,-6.78125,-3.02734,7.54688
13200454,BNO_ACC,1537,-5200,2,-4.78906,-3.25781,8.03906
13204085,BNO_ACC,1538,-1200,2,-3.29297,-3.41016,8.69531
13211109,BNO_ACC,1539,-500,2,-2.87109,-3.37109,9.64844
13221927,BNO_ACC,1540,-2500,2,-2.94922,-3.25781,10.03516
13229989,BNO_ACC,1541,-2400,2,-3.29297,-2.91016,10.76562
13240400,BNO_ACC,1542,-4800,2,-4.13672,-2.07031,10.87891
13244121,BNO_ACC,1543,-1000,2,-3.02734,-1.60938,10.30469
13251353,BNO_ACC,1544,-700,2,-2.41406,-1.72266,10.34375
13262174,BNO_ACC,1545,-2700,2,-2.67969,-1.72266,10.57422
13271767,BNO_ACC,1546,-4300,2,-2.37500,-1.41797,10.91797
13281189,BNO_ACC,1547,-5300,2,-1.30078,-1.07422,11.14844
13285237,BNO_ACC,1548,-2500,2,-0.57422,-0.65234,11.33984
13292084,BNO_ACC,1549,-700,2,0.23047,-0.49609,11.72266
13302129,BNO_ACC,1550,-2300,2,1.72266,-0.57422,12.22266
13310152,BNO_ACC,1551,-2200,2,3.60156,-0.91797,13.17578
13320706,BNO_ACC,1552,-4800,2,3.79297,-1.07422,13.79297
13325107,BNO_ACC,1553,-2500,2,5.01953,-1.60938,14.17578
13332013,BNO_ACC,1554,-500,2,5.05469,-1.72266,15.28516
13341472,BNO_ACC,1555,-1600,2,3.98438,-1.22656,15.51562
13352268,BNO_ACC,1556,-4500,2,4.21484,-1.33984,13.32812
13360661,BNO_ACC,1557,-4500,2,3.75391,-1.99219,12.30078
13365577,BNO_ACC,1558,-2100,2,3.06641,-2.33594,12.67969
13372459,BNO_ACC,1559,-500,2,2.60547,-0.84375,12.68359
13381544,BNO_ACC,1560,-1400,2,2.60547,0.26953,11.49219
13392453,BNO_ACC,1561,-4500,2,1.80078,0.53516,10.68750
13400713,BNO_ACC,1562,-4400,2,0.76562,-0.61328,9.30859
13405615,BNO_ACC,1563,-2100,2,0.76562,-1.68359,7.69922
13412556,BNO_ACC,1564,-700,2,0.76562,-2.33594,4.90234
13421897,BNO_ACC,1565,-1000,2,0.26953,-2.83594,3.56250
13432667,BNO_ACC,1566,-4300,2,0.19141,-3.02344,1.91406
13440723,BNO_ACC,1567,-4200,2,0.80469,-2.60547,-0.19141
13445635,BNO_ACC,1568,-2300,2,2.41406,0.00000,-1.60938
13452541,BNO_ACC,1569,-500,2,4.86328,1.60938,-2.64453
13461986,BNO_ACC,1570,-1000,2,7.81641,1.41797,-4.32812
13472856,BNO_ACC,1571,-4500,2,7.31250,0.49609,-5.17188
13481206,BNO_ACC,1572,-4400,2,6.20703,0.61328,-6.51172
13486119,BNO_ACC,1573,-2300,2,5.89844,0.26953,-9.15625
13493052,BNO_ACC,1574,-700,2,6.28125,-1.26562,-11.75781
13502010,BNO_ACC,1575,-1000,2,6.39844,-2.64453,-12.30078
13511219,BNO_ACC,1576,-2400,2,6.82031,-2.79688,-11.95312
13521543,BNO_ACC,1577,-4600,2,7.31641,-2.64453,-11.79688
13533108,BNO_ACC,1578,-500,2,7.42969,-1.76172,-12.60156
13542095,BNO_ACC,1579,-900,2,7.46875,-1.49219,-11.60156
13551104,BNO_ACC,1580,-2200,2,8.00781,-2.10547,-10.19141
13561635,BNO_ACC,1581,-4600,2,6.58984,-2.52734,-8.31641
13573105,BNO_ACC,1582,-500,2,8.84766,-2.22266,-6.43750
13582250,BNO_ACC,1583,-1000,2,9.03906,-2.75781,-4.86328
13591269,BNO_ACC,1584,-2000,2,9.76562,-2.48828,-3.37109
13601667,BNO_ACC,1585,-4400,2,10.49609,-2.14453,-1.87891
13613440,BNO_ACC,1586,-700,2,10.79688,-1.22656,-0.30469
13622457,BNO_ACC,1587,-1000,2,9.92188,-0.42188,-1.30078
13631436,BNO_ACC,1588,-2000,2,8.69531,0.11328,-2.07031
13641712,BNO_ACC,1589,-4200,2,7.23828,0.26953,-2.64453
13646649,BNO_ACC,1590,-2300,2,6.92969,-0.26953,-2.67969
13653619,BNO_ACC,1591,-700,2,6.92969,-0.95703,-1.83984
13662568,BNO_ACC,1592,-1000,2,7.43359,-1.26562,-0.65234
13671590,BNO_ACC,1593,-2000,2,7.85547,-1.95312,1.30078
13681988,BNO_ACC,1594,-4400,2,8.77734,-1.68359,3.33203
13693665,BNO_ACC,1595,-700,2,8.16016,1.07422,3.60156
13702469,BNO_ACC,1596,-1000,2,7.08984,1.68359,3.02734
13711376,BNO_ACC,1597,-1800,2,6.32422,1.72266,2.75781
13721726,BNO_ACC,1598,-3800,2,6.28516,1.53125,2.18359
13726672,BNO_ACC,1599,-2300,2,5.90234,1.18750,2.22266
13733723,BNO_ACC,1600,-500,2,5.36328,0.42188,2.83594
13742724,BNO_ACC,1601,-900,2,5.35938,-0.91797,4.63672
13751666,BNO_ACC,1602,-1600,2,6.46875,-1.83984,5.44141
13762025,BNO_ACC,1603,-4200,2,7.01172,-2.26172,7.20703
13773815,BNO_ACC,1604,-500,2,7.69922,-1.99219,8.50000
13782680,BNO_ACC,1605,-900,2,7.46875,-1.83984,9.11719
13791727,BNO_ACC,1606,-1600,2,7.01172,-1.33984,8.88672
13802182,BNO_ACC,1607,-4000,2,6.08984,-1.07422,8.19922
13813974,BNO_ACC,1608,-700,2,4.67188,-0.38281,7.46875
13822770,BNO_ACC,1609,-900,2,4.55859,-0.34375,7.39062
13831773,BNO_ACC,1610,-1500,2,4.32812,-0.76562,7.77734
13842162,BNO_ACC,1611,-3800,2,4.63672,-1.18750,8.39062
13854444,BNO_ACC,1612,-700,2,4.82812,-1.64844,9.61328
13863536,BNO_ACC,1613,-1000,2,4.51953,-1.57031,10.07422
13873076,BNO_ACC,1614,-2900,2,4.36719,-1.91406,10.22656
13882560,BNO_ACC,1615,-4300,2,3.79297,-1.60938,9.88672
13894295,BNO_ACC,1616,-700,2,1.80078,-1.14844,8.73828
13902949,BNO_ACC,1617,-700,2,1.57031,-1.03516,8.16016
13911942,BNO_ACC,1618,-1300,2,0.80469,-0.72656,7.93359
13922365,BNO_ACC,1619,-3800,2,0.65234,-0.88281,7.81641
13931835,BNO_ACC,1620,-5200,2,0.61328,-1.07422,8.07812
13934439,BNO_ACC,1621,-700,2,0.84375,-1.37891,8.58203
13942855,BNO_ACC,1622,-700,2,1.07422,-1.37891,9.34375
13953794,BNO_ACC,1623,-3200,2,1.07422,-1.41797,9.72656
13963283,BNO_ACC,1624,-4700,2,0.53516,-1.33984,9.88672
13972597,BNO_ACC,1625,-5900,2,0.26953,-1.37891,10.30469
13974093,BNO_ACC,1626,-700,2,0.00000,-1.41797,10.34766
13983128,BNO_ACC,1627,-500,2,-1.18750,-1.10938,10.11328
13993980,BNO_ACC,1628,-3200,2,-1.80078,-0.69141,9.50391
14001859,BNO_ACC,1629,-2800,2,-2.41406,-0.95703,9.22656
14012084,BNO_ACC,1630,-5100,2,-2.67969,-1.10938,8.84375
14014639,BNO_ACC,1631,-700,2,-3.10156,-1.18750,8.81641
14023274,BNO_ACC,1632,-500,2,-3.52344,-1.30078,8.81641
14034105,BNO_ACC,1633,-3100,2,-3.37109,-1.37891,9.00000
14041965,BNO_ACC,1634,-2800,2,-2.87109,-1.10938,9.23047
14052249,BNO_ACC,1635,-4900,2,-2.91016,-1.03516,9.34375
14055088,BNO_ACC,1636,-900,2,-3.33203,-1.07422,9.46484
14063203,BNO_ACC,1637,-500,2,-3.21875,-0.95703,9.68750
14074068,BNO_ACC,1638,-3100,2,-3.56250,-0.69141,9.80469
14083571,BNO_ACC,1639,-4300,2,-4.06250,-0.80469,9.19531
14092874,BNO_ACC,1640,-5700,2,-4.78906,-1.10938,8.50000
14096980,BNO_ACC,1641,-2300,2,-5.66797,-1.30078,7.66016
14103832,BNO_ACC,1642,-700,2,-6.32031,-1.10938,6.78125
14113717,BNO_ACC,1643,-2700,2,-6.70312,-1.18750,6.24219
14123639,BNO_ACC,1644,-4300,2,-6.74609,-1.22656,6.12891
14132283,BNO_ACC,1645,-4700,2,-7.27734,-1.07422,6.12891
14134991,BNO_ACC,1646,-700,2,-7.43359,-1.22656,5.89844
14143565,BNO_ACC,1647,-500,2,-7.77344,-1.14844,5.85938
14154384,BNO_ACC,1648,-2900,2,-7.51172,-1.18750,6.08984
14163778,BNO_ACC,1649,-4500,2,-7.39453,-1.14844,6.32031
14173057,BNO_ACC,1650,-5500,2,-7.39062,-1.14844,6.28125
14177121,BNO_ACC,1651,-2300,2,-7.73438,-0.99609,6.58984
14184063,BNO_ACC,1652,-700,2,-8.03906,-0.95703,6.28125
14193052,BNO_ACC,1653,-1600,2,-8.65625,-1.07422,5.25000
14203907,BNO_ACC,1654,-4300,2,-9.76562,-1.57031,3.98438
14212483,BNO_ACC,1655,-4600,2,-10.65234,-2.07031,2.71875
14217379,BNO_ACC,1656,-2300,2,-11.57422,-2.14453,1.49219
14224281,BNO_ACC,1657,-500,2,-11.64062,-1.80078,0.07812
14233327,BNO_ACC,1658,-1000,2,-11.60547,-1.91406,-0.15234
14244124,BNO_ACC,1659,-4300,2,-11.18750,-2.48828,0.07812
14252528,BNO_ACC,1660,-4400,2,-11.95312,-2.60547,0.26953
14257479,BNO_ACC,1661,-2300,2,-11.41406,-2.56641,0.91797
14264350,BNO_ACC,1662,-500,2,-10.83984,-2.60547,1.91406
14273460,BNO_ACC,1663,-1400,2,-9.92578,-2.37500,2.22266
14284237,BNO_ACC,1664,-4300,2,-9.38672,-1.91406,3.25781
14292697,BNO_ACC,1665,-4400,2,-9.26562,-1.57031,3.64062
14297646,BNO_ACC,1666,-2300,2,-9.84375,-1.41797,3.41016
14304718,BNO_ACC,1667,-700,2,-10.69141,-1.18750,3.17969
14313557,BNO_ACC,1668,-1400,2,-11.53516,-0.65234,2.64453
14322719,BNO_ACC,1669,-2200,2,-12.18359,-0.34375,2.26172
14332946,BNO_ACC,1670,-4600,2,-12.68359,-0.34375,2.07031
14344957,BNO_ACC,1671,-700,2,-12.52344,-0.88281,2.03125
14353847,BNO_ACC,1672,-1000,2,-11.45703,-1.14844,1.72266
14364627,BNO_ACC,1673,-4300,2,-10.83594,-1.26562,1.07422
14372936,BNO_ACC,1674,-4400,2,-10.11328,-1.33984,0.19141
14377861,BNO_ACC,1675,-2100,2,-9.69141,-1.64844,-0.23047
14384834,BNO_ACC,1676,-700,2,-9.69141,-2.03125,-0.76562
14393889,BNO_ACC,1677,-900,2,-9.54297,-1.99219,-1.26562
14402860,BNO_ACC,1678,-2000,2,-9.42188,-1.76172,-1.22656
14413162,BNO_ACC,1679,-4400,2,-9.15625,-1.72266,-0.76562
14418112,BNO_ACC,1680,-2300,2,-9.11719,-1.49219,-0.53516
14424953,BNO_ACC,1681,-700,2,-9.30859,-1.14844,-0.61328
14434120,BNO_ACC,1682,-1000,2,-9.58203,-0.84375,-0.84375
14443077,BNO_ACC,1683,-2000,2,-10.15234,-0.69141,-1.03516
14453363,BNO_ACC,1684,-4400,2,-9.96094,-0.69141,-1.03516
14458249,BNO_ACC,1685,-2300,2,-9.30469,-0.72656,-0.61328
14465083,BNO_ACC,1686,-700,2,-8.81250,-0.61328,-0.34375
14474217,BNO_ACC,1687,-1000,2,-8.96094,-0.61328,0.19141
14483093,BNO_ACC,1688,-1800,2,-9.12109,-0.61328,0.95703
14493389,BNO_ACC,1689,-4200,2,-9.12109,-0.46094,1.72266
14498296,BNO_ACC,1690,-2300,2,-9.23047,-0.53516,1.83984
14505335,BNO_ACC,1691,-700,2,-9.68750,-0.84375,1.95312
14514350,BNO_ACC,1692,-1000,2,-9.80469,-1.30078,2.14453
14523310,BNO_ACC,1693,-2000,2,-9.88281,-1.57031,2.71875
14533496,BNO_ACC,1694,-4200,2,-10.34375,-1.45703,3.33203
14538401,BNO_ACC,1695,-2300,2,-9.65234,-1.53125,3.98438
14545393,BNO_ACC,1696,-500,2,-9.34766,-1.14844,4.67188
14554472,BNO_ACC,1697,-900,2,-9.50391,-0.84375,4.78906
14563507,BNO_ACC,1698,-2000,2,-9.84766,-1.10938,3.79297
14573822,BNO_ACC,1699,-4400,2,-9.80469,-1.95312,2.91016
14585490,BNO_ACC,1700,-700,2,-10.26562,-2.22266,2.56641
14594483,BNO_ACC,1701,-1000,2,-9.42578,-1.68359,3.98438
14603495,BNO_ACC,1702,-1800,2,-8.65625,-1.14844,5.59375
14613922,BNO_ACC,1703,-4400,2,-8.31250,-1.07422,7.12500
14625589,BNO_ACC,1704,-500,2,-7.39453,-0.84375,9.65234
14634522,BNO_ACC,1705,-1000,2,-6.93359,-1.41797,10.00000
14643489,BNO_ACC,1706,-1600,2,-6.16797,-1.60938,10.57031
14653846,BNO_ACC,1707,-4000,2,-6.70312,-1.37891,10.95703
14658774,BNO_ACC,1708,-2300,2,-6.89453,-0.91797,10.03516
14665956,BNO_ACC,1709,-500,2,-6.66406,-1.10938,8.96484
14674861,BNO_ACC,1710,-1000,2,-6.16797,-1.64844,8.01172
14683866,BNO_ACC,1711,-1800,2,-5.55469,-2.45312,7.69922
14694242,BNO_ACC,1712,-4200,2,-5.55469,-2.98828,7.42969
14706038,BNO_ACC,1713,-700,2,-3.21875,-2.87109,7.47266
14714397,BNO_ACC,1714,-500,2,-2.10547,-2.48828,8.65625
14725262,BNO_ACC,1715,-3200,2,-1.03516,-2.18359,9.84375
14735220,BNO_ACC,1716,-5300,2,-0.03906,-1.87891,11.37500
14743567,BNO_ACC,1717,-5300,2,0.76562,-1.53125,12.52734
14746047,BNO_ACC,1718,-700,2,1.07422,-0.91797,12.90625
14754894,BNO_ACC,1719,-900,2,0.15234,-0.07812,12.33594
14763944,BNO_ACC,1720,-1400,2,-0.57422,0.23047,9.92188
14774385,BNO_ACC,1721,-4000,2,-1.03516,-0.46094,7.73438
14786357,BNO_ACC,1722,-700,2,-0.72656,-2.83594,4.37109
14794766,BNO_ACC,1723,-500,2,0.15234,-2.71875,3.64453
14805468,BNO_ACC,1724,-3100,2,1.83984,-2.67969,4.44922
14815216,BNO_ACC,1725,-4900,2,3.52344,-2.83594,6.32422
14824498,BNO_ACC,1726,-5900,2,5.40234,-2.79688,7.89062
14825898,BNO_ACC,1727,-500,2,7.50781,-2.33594,9.38672
14834949,BNO_ACC,1728,-500,2,8.61719,-1.76172,10.76953
14845711,BNO_ACC,1729,-3200,2,8.84766,-1.76172,11.07422
14855165,BNO_ACC,1730,-4700,2,7.42969,-1.26562,10.72656
14864464,BNO_ACC,1731,-5700,2,5.25000,-0.57422,9.42578
14865986,BNO_ACC,1732,-500,2,4.51953,-0.76562,7.31250
14875332,BNO_ACC,1733,-700,2,4.06250,-0.99609,6.08594
14884246,BNO_ACC,1734,-1300,2,3.94531,-1.14844,5.55859
14894414,BNO_ACC,1735,-3300,2,4.94141,-1.14844,5.47656
14904770,BNO_ACC,1736,-5700,2,6.66406,-1.22656,6.05078
14906230,BNO_ACC,1737,-700,2,8.04297,-1.03516,6.47266
14915239,BNO_ACC,1738,-500,2,8.73438,-0.80469,6.82031
14926002,BNO_ACC,1739,-3200,2,8.96484,-0.80469,6.39844
14935528,BNO_ACC,1740,-4700,2,9.04297,-0.88281,5.70703
14944016,BNO_ACC,1741,-4700,2,8.66016,-1.41797,4.86328
14946485,BNO_ACC,1742,-700,2,8.27734,-1.49219,4.13672
14955564,BNO_ACC,1743,-500,2,7.20312,-0.88281,3.56250
14966461,BNO_ACC,1744,-3200,2,5.98047,0.69141,2.22266
14973848,BNO_ACC,1745,-2500,2,6.36328,0.88281,-0.03906
14984224,BNO_ACC,1746,-4900,2,5.74219,-0.72656,-0.69141
14986739,BNO_ACC,1747,-900,2,4.90234,-1.60938,-1.60938
14995387,BNO_ACC,1748,-700,2,4.94141,-1.33984,-2.33594
15006058,BNO_ACC,1749,-3100,2,5.13281,-1.26562,-3.41016
15015768,BNO_ACC,1750,-4300,2,5.28516,-1.41797,-5.40234
15024380,BNO_ACC,1751,-4700,2,4.75000,-2.45312,-5.35938
15027029,BNO_ACC,1752,-700,2,3.94922,-2.87109,-3.56250
15035529,BNO_ACC,1753,-700,2,4.75391,-3.21875,-0.07812
15046307,BNO_ACC,1754,-2900,2,6.78125,-3.14062,3.60156
15055905,BNO_ACC,1755,-4300,2,7.92969,-2.60547,6.08984
15064337,BNO_ACC,1756,-4500,2,6.74219,-1.57031,6.93359
15069289,BNO_ACC,1757,-2300,2,5.01953,-0.49609,6.70703
15076109,BNO_ACC,1758,-700,2,4.36719,-0.42188,6.20312
15085052,BNO_ACC,1759,-1400,2,3.90625,-1.10938,6.46875
15095343,BNO_ACC,1760,-3800,2,2.94922,-1.72266,6.78516
15104775,BNO_ACC,1761,-5000,2,1.87891,-1.91406,8.03906
15108445,BNO_ACC,1762,-1200,2,2.18359,-2.64453,9.30469
15115725,BNO_ACC,1763,-700,2,3.02734,-2.52734,10.64844
15126555,BNO_ACC,1764,-2700,2,3.41016,-1.91406,11.87500
15134362,BNO_ACC,1765,-2200,2,3.75391,-1.80078,12.87109
15144633,BNO_ACC,1766,-4600,2,4.25391,-1.95312,14.25391
15149577,BNO_ACC,1767,-2300,2,4.02344,-1.91406,14.32812
15156479,BNO_ACC,1768,-700,2,4.28906,-2.29688,14.21484
15165409,BNO_ACC,1769,-1600,2,4.55859,-2.29688,14.55469
15174580,BNO_ACC,1770,-2200,2,4.40625,-1.87891,13.87109
15184721,BNO_ACC,1771,-4600,2,3.52344,-2.22266,12.94531
15196872,BNO_ACC,1772,-900,2,2.33594,-2.71875,12.71875
15205602,BNO_ACC,1773,-1400,2,1.68359,-2.48828,13.14453
15214609,BNO_ACC,1774,-2200,2,1.07422,-2.33594,13.10156
15224799,BNO_ACC,1775,-4400,2,1.10938,-2.64453,12.87109
15229744,BNO_ACC,1776,-2300,2,1.37891,-2.71875,13.02344
15236625,BNO_ACC,1777,-700,2,1.45703,-2.56641,12.98828
15245869,BNO_ACC,1778,-1000,2,1.68359,-2.33594,12.68359
15256633,BNO_ACC,1779,-4300,2,1.72266,-2.29688,12.41016
15265009,BNO_ACC,1780,-4400,2,1.14844,-2.67969,12.44922
15269919,BNO_ACC,1781,-2100,2,-0.11328,-3.06641,11.41406
15276693,BNO_ACC,1782,-700,2,-0.95703,-3.06641,9.26562
15286041,BNO_ACC,1783,-1000,2,-1.03516,-2.94922,8.62109
15296851,BNO_ACC,1784,-4300,2,-0.34375,-3.10156,9.96094
15304971,BNO_ACC,1785,-4300,2,0.15234,-2.71875,11.87891
15309894,BNO_ACC,1786,-2300,2,1.33984,-2.29688,13.67188
15316893,BNO_ACC,1787,-700,2,1.99219,-1.53125,15.28125
15326148,BNO_ACC,1788,-900,2,1.76172,-0.76562,16.16797
15335029,BNO_ACC,1789,-2200,2,1.10938,-0.61328,15.58984
15345528,BNO_ACC,1790,-4600,2,0.88281,-0.61328,14.98047
15350458,BNO_ACC,1791,-2100,2,0.26953,-0.84375,13.71484
15357378,BNO_ACC,1792,-500,2,-1.14844,-1.30078,12.33594
15366196,BNO_ACC,1793,-900,2,-1.76172,-1.95312,10.95703
15375351,BNO_ACC,1794,-2200,2,-1.87891,-2.56641,10.00391
15385519,BNO_ACC,1795,-4400,2,-1.95312,-2.18359,9.42188
15390489,BNO_ACC,1796,-2300,2,-1.68359,-2.29688,9.22656
15397525,BNO_ACC,1797,-700,2,-0.88281,-2.64453,9.30859
15406468,BNO_ACC,1798,-1000,2,-0.57422,-2.33594,8.81250
15415444,BNO_ACC,1799,-2200,2,0.07812,-2.37500,7.39453
15425684,BNO_ACC,1800,-4400,2,0.46094,-2.45312,5.74219
15430620,BNO_ACC,1801,-2300,2,0.61328,-2.71875,4.79297
15437690,BNO_ACC,1802,-500,2,1.30078,-2.67969,5.05469
15446448,BNO_ACC,1803,-900,2,1.95312,-1.87891,6.46875
15455545,BNO_ACC,1804,-2000,2,2.56641,-0.76562,6.78125
15465902,BNO_ACC,1805,-4400,2,3.02734,-0.65234,6.46875
15477470,BNO_ACC,1806,-500,2,1.95312,-1.14844,5.51953
15486251,BNO_ACC,1807,-1000,2,2.45312,-0.84375,5.98047
15495241,BNO_ACC,1808,-1600,2,3.25781,-0.69141,7.39062
15505565,BNO_ACC,1809,-3800,2,3.71484,-0.11328,8.03906
15518033,BNO_ACC,1810,-700,2,4.98047,0.65234,8.31641
15526767,BNO_ACC,1811,-1000,2,5.36328,0.46094,8.19531
15535714,BNO_ACC,1812,-2000,2,5.32422,0.88281,7.58594
15546218,BNO_ACC,1813,-4400,2,6.85156,0.19141,6.08984
15557883,BNO_ACC,1814,-500,2,7.31250,-1.14844,5.97656
15566299,BNO_ACC,1815,-700,2,7.69922,-0.42188,6.66406
15577116,BNO_ACC,1816,-3400,2,7.50781,-0.03906,7.39453
15585481,BNO_ACC,1817,-3400,2,7.31641,0.53516,7.39062
15595694,BNO_ACC,1818,-5700,2,7.47266,0.38281,6.85547
15597337,BNO_ACC,1819,-500,2,6.58984,-0.07812,6.58984
15606819,BNO_ACC,1820,-900,2,5.93750,-0.30469,6.58594
15615887,BNO_ACC,1821,-1800,2,5.89844,-0.42188,6.58984
15626250,BNO_ACC,1822,-4000,2,6.05078,-0.53516,6.82422
15638062,BNO_ACC,1823,-700,2,5.78516,-0.11328,7.12891
15646877,BNO_ACC,1824,-900,2,5.01953,-0.11328,6.97266
15655849,BNO_ACC,1825,-1500,2,4.25391,-0.61328,6.74219
15666301,BNO_ACC,1826,-3800,2,3.44922,-1.33984,6.97266
15678245,BNO_ACC,1827,-700,2,2.26172,-1.49219,7.62500
15686987,BNO_ACC,1828,-900,2,1.22656,-1.60938,7.27734
15696148,BNO_ACC,1829,-1600,2,0.07812,-1.99219,6.32422
15706613,BNO_ACC,1830,-4000,2,-0.88281,-2.07031,5.86328
15719689,BNO_ACC,1831,-1000,2,-2.48828,-3.33203,5.59375
15726613,BNO_ACC,1832,-700,2,-3.56250,-3.48438,5.98047
15737488,BNO_ACC,1833,-3200,2,-3.71484,-2.83594,6.62891
15746042,BNO_ACC,1834,-3300,2,-3.86719,-2.52734,8.11719
15756395,BNO_ACC,1835,-5700,2,-3.98438,-1.95312,9.30859
15757971,BNO_ACC,1836,-700,2,-4.25391,-1.33984,9.61328
15767129,BNO_ACC,1837,-700,2,-4.28906,-1.03516,9.76562
15776235,BNO_ACC,1838,-1300,2,-4.21484,-0.84375,9.50000
15786776,BNO_ACC,1839,-3800,2,-4.32812,-0.46094,9.46484
15796315,BNO_ACC,1840,-5300,2,-4.82812,-0.42188,9.00000
15799945,BNO_ACC,1841,-1200,2,-5.78516,-0.38281,8.39453
15806937,BNO_ACC,1842,-500,2,-6.01562,-0.76562,7.01172
15817863,BNO_ACC,1843,-3100,2,-6.32031,-1.37891,6.54688
15827460,BNO_ACC,1844,-4700,2,-6.78125,-1.57031,6.05078
15836901,BNO_ACC,1845,-5700,2,-7.08984,-1.72266,5.59375
15838414,BNO_ACC,1846,-700,2,-7.31641,-1.57031,5.09375
15847450,BNO_ACC,1847,-500,2,-7.27344,-1.60938,4.94141
15856832,BNO_ACC,1848,-1500,2,-7.77344,-1.80078,5.05469
15866240,BNO_ACC,1849,-3000,2,-8.58203,-1.60938,4.59766
15876675,BNO_ACC,1850,-5500,2,-9.22656,-1.26562,3.64062
15880751,BNO_ACC,1851,-2300,2,-10.10938,-1.53125,2.33594
15887674,BNO_ACC,1852,-700,2,-11.49219,-1.99219,1.07422
15897711,BNO_ACC,1853,-2700,2,-12.68359,-2.14453,-0.76562
15907598,BNO_ACC,1854,-4500,2,-13.44531,-2.41406,-1.95312
15917094,BNO_ACC,1855,-5700,2,-14.78516,-2.83594,-1.72266
15918605,BNO_ACC,1856,-700,2,-17.43359,-3.48438,-0.72656
15927560,BNO_ACC,1857,-700,2,-18.92188,-3.98438,0.88281
15938392,BNO_ACC,1858,-3200,2,-18.38281,-4.21484,3.90625
15946197,BNO_ACC,1859,-2600,2,-16.42969,-4.82812,7.66016
15956521,BNO_ACC,1860,-4900,2,-13.79297,-4.67188,10.87891
15959393,BNO_ACC,1861,-1000,2,-11.72266,-4.36719,13.02344
15967590,BNO_ACC,1862,-700,2,-9.50000,-4.09766,13.98047
15978406,BNO_ACC,1863,-3100,2,-7.27734,-4.09766,13.41016
15987886,BNO_ACC,1864,-4500,2,-6.70312,-3.79297,11.83594
15996406,BNO_ACC,1865,-4600,2,-7.39453,-3.21875,8.92188
16001333,BNO_ACC,1866,-2300,2,-8.65625,-3.10156,5.47656
16008118,BNO_ACC,1867,-500,2,-10.07422,-3.56250,1.99219
16018058,BNO_ACC,1868,-2500,2,-11.33984,-3.67578,-1.10938
16027964,BNO_ACC,1869,-4300,2,-12.33984,-3.48438,-3.37109
16037432,BNO_ACC,1870,-5500,2,-12.48438,-3.21875,-4.40625
16041458,BNO_ACC,1871,-2300,2,-12.44531,-2.79688,-3.98438
16048370,BNO_ACC,1872,-700,2,-11.57031,-2.26172,-2.37500
16058226,BNO_ACC,1873,-2500,2,-10.00391,-1.72266,0.26953
16066435,BNO_ACC,1874,-2300,2,-8.96094,-1.10938,3.14062
16076634,BNO_ACC,1875,-4600,2,-8.73828,-0.49609,5.59375
16081559,BNO_ACC,1876,-2300,2,-9.46094,0.23047,7.54688
16088519,BNO_ACC,1877,-500,2,-10.57031,1.18750,8.65625
16098419,BNO_ACC,1878,-2500,2,-10.53125,1.22656,7.54688
16106410,BNO_ACC,1879,-2200,2,-12.79297,0.57422,6.28125
16116884,BNO_ACC,1880,-4600,2,-15.35938,-0.26953,3.67578
16121848,BNO_ACC,1881,-2300,2,-16.46875,-0.76562,1.80078
16128828,BNO_ACC,1882,-700,2,-15.94141,-1.49219,1.10938
16137626,BNO_ACC,1883,-1400,2,-14.13281,-1.18750,1.95312
16148500,BNO_ACC,1884,-4200,2,-11.91406,-1.26562,3.75391
16156888,BNO_ACC,1885,-4400,2,-9.54297,-1.41797,6.32031
16161806,BNO_ACC,1886,-2300,2,-7.58594,-1.68359,9.34766
16168633,BNO_ACC,1887,-700,2,-5.78516,-1.60938,12.06641
16177958,BNO_ACC,1888,-1600,2,-3.86719,-1.80078,14.47656
16188740,BNO_ACC,1889,-4500,2,-3.33203,-1.72266,15.47656
16197101,BNO_ACC,1890,-4500,2,-4.21484,-2.29688,14.90234
16202038,BNO_ACC,1891,-2300,2,-5.82422,-3.67578,11.45703
16208854,BNO_ACC,1892,-700,2,-7.08594,-4.32812,8.19922
16218089,BNO_ACC,1893,-1800,2,-7.12500,-4.25391,5.97656
16228872,BNO_ACC,1894,-4500,2,-6.32031,-2.98828,5.51562
16237078,BNO_ACC,1895,-4400,2,-3.98438,-2.18359,5.94141
16242002,BNO_ACC,1896,-2300,2,-2.29688,-1.49219,7.46875
16248951,BNO_ACC,1897,-700,2,0.30469,-0.88281,9.42578
16258249,BNO_ACC,1898,-1000,2,3.83203,0.07812,10.65234
16269114,BNO_ACC,1899,-4500,2,5.25000,0.07812,12.18359
16277233,BNO_ACC,1900,-4300,2,5.74609,-0.69141,12.67969
16282162,BNO_ACC,1901,-2300,2,4.59766,-1.99219,12.48828
16288991,BNO_ACC,1902,-500,2,3.56250,-2.79688,10.68750
16298425,BNO_ACC,1903,-1000,2,2.37500,-2.07031,8.23438
16309306,BNO_ACC,1904,-4500,2,1.49219,-0.99609,6.05078
16317335,BNO_ACC,1905,-4300,2,2.48828,-0.80469,3.78906
16322224,BNO_ACC,1906,-2100,2,4.13672,-1.33984,3.25781
16329129,BNO_ACC,1907,-500,2,4.90234,-1.30078,3.02734
16338638,BNO_ACC,1908,-1000,2,5.05469,-0.61328,2.87109
16349455,BNO_ACC,1909,-4300,2,5.36328,0.57422,2.45312
16357481,BNO_ACC,1910,-4200,2,6.32422,0.76562,2.07031
16362421,BNO_ACC,1911,-2100,2,6.39844,0.19141,1.41797
16369312,BNO_ACC,1912,-700,2,6.01562,-0.53516,0.42188
16378552,BNO_ACC,1913,-1000,2,6.54688,-1.22656,-0.91797
16387538,BNO_ACC,1914,-2000,2,7.23828,-1.45703,-2.48828
16397847,BNO_ACC,1915,-4400,2,7.01172,-1.33984,-3.67578
16402761,BNO_ACC,1916,-2300,2,6.89453,-0.23047,-4.86328
16409782,BNO_ACC,1917,-700,2,6.97266,0.76562,-6.01562
16418665,BNO_ACC,1918,-1000,2,8.00781,0.88281,-7.35547
16427697,BNO_ACC,1919,-2000,2,9.73047,1.10938,-8.19922
16438055,BNO_ACC,1920,-4200,2,9.96484,0.61328,-8.88672
16449692,BNO_ACC,1921,-500,2,8.31250,-0.26953,-9.58203
16458668,BNO_ACC,1922,-900,2,7.39453,-0.30469,-9.30469
16467625,BNO_ACC,1923,-1800,2,7.62500,-0.53516,-9.03906
16478143,BNO_ACC,1924,-4400,2,7.58594,-0.95703,-7.69531
16489788,BNO_ACC,1925,-500,2,7.12891,-1.07422,-5.17188
16498885,BNO_ACC,1926,-1000,2,6.51172,-1.26562,-3.29297
16507854,BNO_ACC,1927,-1800,2,6.36328,-1.14844,-1.80078
16518347,BNO_ACC,1928,-4200,2,7.66016,-1.03516,-0.23047
16530007,BNO_ACC,1929,-500,2,8.23828,0.57422,1.80078
16538903,BNO_ACC,1930,-900,2,7.43359,1.26562,1.83984
16547933,BNO_ACC,1931,-1800,2,6.58984,1.07422,1.91406
16558295,BNO_ACC,1932,-4000,2,5.55469,0.53516,2.03125
16570226,BNO_ACC,1933,-500,2,4.33203,-0.69141,2.60547
16579325,BNO_ACC,1934,-900,2,4.25391,-1.49219,4.47656
16589340,BNO_ACC,1935,-3200,2,4.90234,-1.64844,7.12500
16599522,BNO_ACC,1936,-5400,2,5.09375,-1.41797,8.62109
16607799,BNO_ACC,1937,-5300,2,6.08984,-1.68359,10.26953
16610390,BNO_ACC,1938,-700,2,6.39844,-2.18359,11.60156
16619128,BNO_ACC,1939,-900,2,7.35547,-1.83984,11.71875
16628139,BNO_ACC,1940,-1400,2,6.97266,-1.03516,12.06250
16638649,BNO_ACC,1941,-4000,2,6.32031,-0.34375,12.30078
16650312,BNO_ACC,1942,-700,2,5.17188,0.15234,10.03516
16658921,BNO_ACC,1943,-700,2,3.90625,-0.34375,8.54297
16669737,BNO_ACC,1944,-3200,2,2.45312,-1.10938,7.65625
16679461,BNO_ACC,1945,-4900,2,1.14844,-0.91797,7.20312
16687823,BNO_ACC,1946,-5100,2,0.72656,-0.69141,7.00781
16690359,BNO_ACC,1947,-700,2,0.99609,-1.45703,7.51172
16699114,BNO_ACC,1948,-700,2,1.14844,-2.60547,9.53906
16709988,BNO_ACC,1949,-3200,2,1.03516,-2.67969,11.53125
16719360,BNO_ACC,1950,-4900,2,1.83984,-2.33594,12.76172
16728701,BNO_ACC,1951,-5900,2,2.79688,-2.26172,14.09766
16730086,BNO_ACC,1952,-500,2,3.29297,-1.72266,14.78516
16739337,BNO_ACC,1953,-700,2,3.29297,-1.30078,14.67188
16750054,BNO_ACC,1954,-3400,2,2.64453,-1.22656,13.59375
16759539,BNO_ACC,1955,-4700,2,1.26562,-1.45703,12.06641
16769041,BNO_ACC,1956,-6100,2,-0.07812,-1.26562,10.57031
16770328,BNO_ACC,1957,-700,2,-0.72656,-0.99609,9.50391
16779379,BNO_ACC,1958,-500,2,-1.49219,-0.72656,8.73438
16790216,BNO_ACC,1959,-3200,2,-2.14453,-0.61328,8.07812
16799585,BNO_ACC,1960,-4700,2,-2.48828,-0.88281,8.27344
16808931,BNO_ACC,1961,-5700,2,-2.60547,-0.99609,8.88672
16810410,BNO_ACC,1962,-700,2,-2.07031,-0.80469,9.65234
16819474,BNO_ACC,1963,-500,2,-1.45703,-0.61328,10.10938
16830224,BNO_ACC,1964,-3100,2,-1.68359,-1.07422,10.38672
16839789,BNO_ACC,1965,-4500,2,-1.95312,-1.37891,10.53516
16849367,BNO_ACC,1966,-5900,2,-2.07031,-1.57031,10.69141
16850732,BNO_ACC,1967,-500,2,-2.48828,-1.60938,10.19141
16859713,BNO_ACC,1968,-700,2,-3.06641,-1.64844,9.03906
16870557,BNO_ACC,1969,-3200,2,-4.36719,-2.03125,7.77734
16878105,BNO_ACC,1970,-2500,2,-5.01953,-2.22266,6.40234
16889349,BNO_ACC,1971,-5900,2,-4.86328,-2.33594,6.16406
16890897,BNO_ACC,1972,-700,2,-5.32422,-2.29688,6.58594
16899627,BNO_ACC,1973,-500,2,-5.74609,-2.14453,7.23828
16910454,BNO_ACC,1974,-3100,2,-5.28516,-1.80078,8.01172
16919888,BNO_ACC,1975,-4500,2,-4.36719,-1.57031,8.88672
16929161,BNO_ACC,1976,-5500,2,-4.25391,-1.37891,9.96094
16933221,BNO_ACC,1977,-2300,2,-4.32812,-0.99609,10.07422
16940425,BNO_ACC,1978,-900,2,-4.36719,-0.76562,9.84375
16950122,BNO_ACC,1979,-2500,2,-4.59766,-0.69141,9.88672
16959967,BNO_ACC,1980,-4500,2,-5.01953,-0.65234,9.80469
16969282,BNO_ACC,1981,-5300,2,-5.25000,-0.99609,8.62109
16973346,BNO_ACC,1982,-2500,2,-5.93750,-1.03516,7.58984
16980066,BNO_ACC,1983,-700,2,-7.12500,-0.91797,6.74219
16990832,BNO_ACC,1984,-3100,2,-7.20312,-1.37891,5.32422
16998296,BNO_ACC,1985,-2200,2,-7.39453,-1.95312,4.75000
17009311,BNO_ACC,1986,-5300,2,-8.11719,-2.29688,4.25391
17013391,BNO_ACC,1987,-2300,2,-8.35547,-2.22266,3.79297
17020194,BNO_ACC,1988,-500,2,-8.27734,-2.03125,3.60156
17031096,BNO_ACC,1989,-3100,2,-7.93359,-2.10547,3.60156
17038477,BNO_ACC,1990,-2200,2,-7.69531,-2.22266,3.71484
17049041,BNO_ACC,1991,-4600,2,-7.35547,-2.07031,4.17578
17052755,BNO_ACC,1992,-1200,2,-7.16406,-1.91406,4.71094
17060039,BNO_ACC,1993,-700,2,-7.23828,-1.76172,5.05469
17070770,BNO_ACC,1994,-2700,2,-7.31250,-1.68359,4.90234
17078685,BNO_ACC,1995,-2200,2,-7.43359,-1.72266,4.25391
17088957,BNO_ACC,1996,-4600,2,-7.81641,-1.91406,3.41016
17093870,BNO_ACC,1997,-2300,2,-8.73438,-1.99219,2.10547
17100773,BNO_ACC,1998,-700,2,-9.50000,-1.76172,1.30078
17109763,BNO_ACC,1999,-1600,2,-9.46094,-1.49219,0.26953
17118678,BNO_ACC,2000,-2100,2,-9.84375,-0.84375,-0.23047
17129105,BNO_ACC,2001,-4400,2,-10.19141,-0.91797,-0.49609
17134019,BNO_ACC,2002,-2300,2,-9.54297,-0.88281,-0.49609
17140963,BNO_ACC,2003,-700,2,-9.15625,-1.07422,-0.53516
17150110,BNO_ACC,2004,-1000,2,-9.38672,-1.37891,-0.53516
17160897,BNO_ACC,2005,-4500,2,-10.60938,-1.95312,-0.30469
17168986,BNO_ACC,2006,-4300,2,-12.33984,-2.45312,0.46094
17173928,BNO_ACC,2007,-2300,2,-13.56250,-2.56641,1.45703
17180946,BNO_ACC,2008,-500,2,-14.40234,-2.67969,2.83594
17190206,BNO_ACC,2009,-1000,2,-15.20312,-2.94922,4.32812
17200991,BNO_ACC,2010,-4300,2,-15.47656,-3.10156,5.70703
17209179,BNO_ACC,2011,-4300,2,-14.93750,-3.41016,6.82031
17214092,BNO_ACC,2012,-2300,2,-13.71484,-3.98438,7.54688
17221070,BNO_ACC,2013,-500,2,-12.10547,-4.36719,7.77734
17230243,BNO_ACC,2014,-900,2,-10.95703,-4.13672,7.42969
17239283,BNO_ACC,2015,-2200,2,-10.18750,-3.83203,6.20703
17249494,BNO_ACC,2016,-4200,2,-9.92578,-3.83203,4.51953
17254399,BNO_ACC,2017,-2300,2,-10.45312,-3.79297,2.64453
17261313,BNO_ACC,2018,-500,2,-11.26172,-3.48438,0.80469
17270501,BNO_ACC,2019,-1000,2,-11.72266,-2.91016,-0.84375
17279641,BNO_ACC,2020,-2400,2,-11.98438,-2.45312,-1.76172
17289857,BNO_ACC,2021,-4600,2,-11.60156,-1.53125,-1.68359
17294791,BNO_ACC,2022,-2300,2,-11.07422,-0.99609,-0.95703
17301584,BNO_ACC,2023,-500,2,-10.49219,-0.65234,0.38281
17310575,BNO_ACC,2024,-1000,2,-10.00391,-0.46094,1.83984
17319777,BNO_ACC,2025,-2200,2,-9.46094,-0.11328,3.21875
17329909,BNO_ACC,2026,-4600,2,-9.38281,0.57422,4.71094
17342226,BNO_ACC,2027,-900,2,-10.45703,1.10938,5.25000
17351118,BNO_ACC,2028,-1000,2,-11.26172,0.15234,4.67188
17359142,BNO_ACC,2029,-1500,2,-11.95703,-1.14844,3.86719
17370173,BNO_ACC,2030,-4600,2,-12.75781,-2.14453,3.02734
17381717,BNO_ACC,2031,-700,2,-11.41406,-2.52734,3.21875
17390913,BNO_ACC,2032,-900,2,-10.34375,-2.48828,4.51953
17399952,BNO_ACC,2033,-2200,2,-8.69531,-2.14453,6.39844
17410257,BNO_ACC,2034,-4400,2,-7.31641,-2.56641,7.65625
17421889,BNO_ACC,2035,-700,2,-6.16797,-3.52344,9.73047
17430814,BNO_ACC,2036,-1000,2,-5.51562,-3.86719,9.88281
17439839,BNO_ACC,2037,-1800,2,-5.25000,-3.21875,9.68750
17450318,BNO_ACC,2038,-4400,2,-4.32812,-2.79688,9.34766
17462088,BNO_ACC,2039,-700,2,-3.14062,-3.02734,9.03906
17471117,BNO_ACC,2040,-1000,2,-2.67969,-2.52734,8.03906
17480134,BNO_ACC,2041,-2000,2,-2.45312,-2.67969,7.27734
17490346,BNO_ACC,2042,-4200,2,-2.41406,-2.75781,7.16797
17502212,BNO_ACC,2043,-700,2,-0.34375,-1.95312,8.81641
17510987,BNO_ACC,2044,-1000,2,1.26562,-1.49219,10.30469
17519987,BNO_ACC,2045,-1600,2,2.33594,-0.99609,11.41797
17530347,BNO_ACC,2046,-4000,2,2.71875,-0.49609,11.98438
17535290,BNO_ACC,2047,-2300,2,3.37109,-0.57422,12.10156
17542412,BNO_ACC,2048,-500,2,3.37109,-0.69141,11.75781
17551403,BNO_ACC,2049,-1000,2,2.64453,-0.15234,10.79688
17561215,BNO_ACC,2050,-2900,2,1.41797,0.34375,9.08203
17570627,BNO_ACC,2051,-4200,2,1.33984,-0.80469,6.70312
17582537,BNO_ACC,2052,-700,2,1.87891,-2.67969,3.98438
17590550,BNO_ACC,2053,-700,2,3.44922,-2.41406,4.09766
17600401,BNO_ACC,2054,-1800,2,5.32422,-1.57031,4.98047
17610843,BNO_ACC,2055,-4200,2,6.85156,-1.10938,6.16797
17622814,BNO_ACC,2056,-700,2,8.23828,-1.30078,6.89453
17631217,BNO_ACC,2057,-700,2,9.00000,-1.33984,7.62500
17640079,BNO_ACC,2058,-1300,2,8.66016,-1.37891,8.08203
17651811,BNO_ACC,2059,-5100,2,7.42969,-1.49219,8.31641
17660313,BNO_ACC,2060,-5300,2,6.47266,-1.10938,7.12500
17662970,BNO_ACC,2061,-900,2,5.09375,-0.65234,5.43750
17671108,BNO_ACC,2062,-700,2,3.56250,-0.42188,3.17969
17681962,BNO_ACC,2063,-3100,2,3.18359,-0.11328,1.53125
17689937,BNO_ACC,2064,-3000,2,4.63281,-0.49609,-0.07812
17700305,BNO_ACC,2065,-5300,2,6.28516,-0.84375,0.49609
17702823,BNO_ACC,2066,-700,2,7.31641,-0.80469,0.80469
17711365,BNO_ACC,2067,-700,2,8.92188,-0.84375,1.87891
17722300,BNO_ACC,2068,-3400,2,11.37891,-1.72266,3.71484
17729976,BNO_ACC,2069,-2800,2,13.36719,-2.41406,5.93750
17740977,BNO_ACC,2070,-5700,2,14.39844,-1.95312,7.20312
17742426,BNO_ACC,2071,-500,2,12.56641,-0.49609,6.55078
17751565,BNO_ACC,2072,-700,2,9.80469,1.18750,4.51953
17762308,BNO_ACC,2073,-3200,2,7.92969,2.52734,2.14453
17771771,BNO_ACC,2074,-4500,2,6.35938,3.56250,-0.53516
17781005,BNO_ACC,2075,-5700,2,5.32422,5.09375,-3.94531
17782645,BNO_ACC,2076,-500,2,7.01172,4.82812,-5.78516
17791663,BNO_ACC,2077,-700,2,9.00000,2.71875,-5.28516
17802492,BNO_ACC,2078,-3200,2,10.34766,1.30078,-3.75391
17810410,BNO_ACC,2079,-2800,2,11.72266,1.03516,-3.41016
17820804,BNO_ACC,2080,-5100,2,11.98828,1.10938,-3.79297
17824440,BNO_ACC,2081,-1200,2,10.49609,1.22656,-4.94141
17831553,BNO_ACC,2082,-500,2,9.03906,0.84375,-6.70312
17842358,BNO_ACC,2083,-2900,2,7.89062,0.07812,-8.16016
17851984,BNO_ACC,2084,-4300,2,6.47266,-0.95703,-8.92188
17861312,BNO_ACC,2085,-5700,2,5.47656,-1.99219,-8.92578
17865382,BNO_ACC,2086,-2300,2,4.51953,-2.37500,-9.00000
17872332,BNO_ACC,2087,-900,2,3.86719,-1.64844,-8.27344
17881447,BNO_ACC,2088,-1800,2,3.06641,-0.65234,-6.82031
17890698,BNO_ACC,2089,-2700,2,4.21484,-0.38281,-4.55469
17900973,BNO_ACC,2090,-5100,2,5.70703,-0.72656,-2.26172
17904607,BNO_ACC,2091,-1200,2,6.78125,-1.14844,0.15234
17911760,BNO_ACC,2092,-500,2,7.54688,-1.30078,1.95312
17922472,BNO_ACC,2093,-2500,2,7.51172,-0.95703,2.94922
17932136,BNO_ACC,2094,-4300,2,6.66406,-0.19141,3.44922
17941627,BNO_ACC,2095,-5500,2,5.55469,0.42188,3.67578
17945711,BNO_ACC,2096,-2300,2,4.67188,0.99609,4.25391
17952625,BNO_ACC,2097,-900,2,4.71094,1.14844,5.09766
17961670,BNO_ACC,2098,-1600,2,4.94141,0.84375,6.28125
17972502,BNO_ACC,2099,-4500,2,5.28516,0.11328,8.50391
17981005,BNO_ACC,2100,-4700,2,6.28125,-0.65234,10.49609
17984793,BNO_ACC,2101,-1200,2,7.08594,-0.88281,11.37891
17992082,BNO_ACC,2102,-700,2,7.77734,-0.23047,11.53125
18002819,BNO_ACC,2103,-2700,2,7.66016,0.42188,11.25781
18010773,BNO_ACC,2104,-2200,2,7.04688,0.38281,10.91406
18020928,BNO_ACC,2105,-4400,2,6.55078,0.15234,10.30859
18033118,BNO_ACC,2106,-900,2,5.17188,-0.26953,8.77344
18042041,BNO_ACC,2107,-1000,2,4.51953,-0.84375,8.77734
18052814,BNO_ACC,2108,-4500,2,4.63672,-1.33984,9.34375
18060980,BNO_ACC,2109,-4300,2,5.17188,-1.03516,9.88281
18073187,BNO_ACC,2110,-700,2,6.01562,-0.11328,11.60547
18082173,BNO_ACC,2111,-900,2,5.93750,0.07812,11.41406
18092972,BNO_ACC,2112,-4300,2,5.13281,-0.07812,10.87500
18101105,BNO_ACC,2113,-4300,2,4.28906,-0.38281,10.14844
18106003,BNO_ACC,2114,-2300,2,3.79297,-0.42188,9.38672
18113074,BNO_ACC,2115,-700,2,3.25781,-0.38281,8.73438
18122299,BNO_ACC,2116,-1000,2,2.67969,-0.80469,8.19922
18133041,BNO_ACC,2117,-4300,2,2.41406,-1.22656,7.93359
18141207,BNO_ACC,2118,-4100,2,2.26172,-1.18750,7.89062
18146105,BNO_ACC,2119,-2300,2,2.07031,-0.80469,8.15625
18153035,BNO_ACC,2120,-700,2,2.67969,-0.61328,8.62109
18162399,BNO_ACC,2121,-1000,2,3.10156,-0.30469,9.16016
18171555,BNO_ACC,2122,-2400,2,3.10156,-0.38281,9.72656
18181902,BNO_ACC,2123,-4600,2,3.44922,-0.91797,10.73047
18186108,BNO_ACC,2124,-2300,2,3.79297,-1.14844,11.53125
18193249,BNO_ACC,2125,-700,2,4.13672,-0.88281,11.72266
18202507,BNO_ACC,2126,-1000,2,3.71484,-0.57422,11.14844
18211593,BNO_ACC,2127,-2200,2,2.60547,-0.61328,10.49219
18221805,BNO_ACC,2128,-4400,2,1.83984,-0.95703,9.73047
18233791,BNO_ACC,2129,-700,2,0.49609,-1.26562,8.27344
18242683,BNO_ACC,2130,-1000,2,0.07812,-1.10938,8.03906
18251703,BNO_ACC,2131,-2200,2,-0.11328,-1.10938,8.07812
18261899,BNO_ACC,2132,-4400,2,0.23047,-1.22656,8.46094
18274348,BNO_ACC,2133,-900,2,1.07422,-1.33984,9.53906
18282842,BNO_ACC,2134,-1000,2,0.99609,-0.95703,10.03125
18291929,BNO_ACC,2135,-2200,2,1.22656,-0.91797,10.23047
18302181,BNO_ACC,2136,-4400,2,1.30078,-1.37891,10.79688
18313859,BNO_ACC,2137,-500,2,1.37891,-0.91797,11.33594
18322944,BNO_ACC,2138,-1000,2,1.22656,-0.91797,11.07422
18331955,BNO_ACC,2139,-2000,2,0.07812,-0.88281,10.80078
18342428,BNO_ACC,2140,-4600,2,-0.69141,-0.88281,9.92578
18354056,BNO_ACC,2141,-700,2,-1.95312,-0.84375,9.03906
18362916,BNO_ACC,2142,-1000,2,-1.99219,-0.80469,8.50391
18372136,BNO_ACC,2143,-2000,2,-1.91406,-0.80469,8.58203
18382475,BNO_ACC,2144,-4200,2,-1.72266,-0.72656,9.42188
18394023,BNO_ACC,2145,-500,2,-0.19141,-0.34375,10.68750
18403205,BNO_ACC,2146,-1000,2,0.19141,-0.23047,11.19141
18412263,BNO_ACC,2147,-2200,2,0.42188,-0.23047,11.45312
18422641,BNO_ACC,2148,-4200,2,0.61328,-0.53516,11.57422
18434291,BNO_ACC,2149,-500,2,-1.41797,0.07812,10.99219
18443241,BNO_ACC,2150,-900,2,-1.99219,-0.26953,9.34375
18452227,BNO_ACC,2151,-2000,2,-2.87109,-1.14844,7.89062
18462702,BNO_ACC,2152,-4200,2,-3.94531,-1.64844,6.85547
18474415,BNO_ACC,2153,-700,2,-4.44531,-1.83984,5.85938
18482873,BNO_ACC,2154,-700,2,-4.09766,-1.95312,6.16797
18493648,BNO_ACC,2155,-3400,2,-3.79297,-1.76172,6.85156
18502108,BNO_ACC,2156,-3400,2,-3.48438,-1.57031,7.39062
18512279,BNO_ACC,2157,-5700,2,-3.14062,-1.49219,7.58594
18513816,BNO_ACC,2158,-500,2,-3.37109,-1.49219,7.62891
18523385,BNO_ACC,2159,-1000,2,-3.71484,-1.41797,7.66016
18532353,BNO_ACC,2160,-1600,2,-4.13672,-1.49219,7.85547
18542715,BNO_ACC,2161,-3800,2,-4.28906,-1.64844,7.73828
18554783,BNO_ACC,2162,-700,2,-5.09375,-2.22266,8.12109
18563397,BNO_ACC,2163,-700,2,-5.74609,-2.07031,8.35156
18572519,BNO_ACC,2164,-1500,2,-6.39844,-1.99219,8.69531
18582789,BNO_ACC,2165,-3800,2,-6.51172,-1.91406,8.77344
18594786,BNO_ACC,2166,-700,2,-6.97266,-1.87891,10.45312
18603212,BNO_ACC,2167,-700,2,-6.51172,-1.83984,11.91406
18614102,BNO_ACC,2168,-3200,2,-5.47656,-1.91406,13.25000
18623633,BNO_ACC,2169,-4900,2,-4.55859,-2.18359,14.40234
18632963,BNO_ACC,2170,-5700,2,-3.71484,-2.67969,15.66797
18634454,BNO_ACC,2171,-700,2,-2.52734,-3.25781,16.66406
18643654,BNO_ACC,2172,-700,2,-1.72266,-3.52344,17.12500
18652732,BNO_ACC,2173,-1500,2,-1.64844,-2.98828,17.23828
18663046,BNO_ACC,2174,-3800,2,-1.87891,-2.75781,16.51172
18672482,BNO_ACC,2175,-5100,2,-3.60156,-2.18359,15.48047
18675006,BNO_ACC,2176,-900,2,-5.44141,-1.57031,13.40625
18683538,BNO_ACC,2177,-700,2,-7.01172,-2.07031,10.91406
18694268,BNO_ACC,2178,-3100,2,-8.27344,-2.64453,9.04297
18703978,BNO_ACC,2179,-4900,2,-8.35547,-3.02734,8.16016
18712465,BNO_ACC,2180,-4900,2,-7.77734,-2.71875,8.31250
18715022,BNO_ACC,2181,-700,2,-6.93359,-1.80078,9.12109
18723528,BNO_ACC,2182,-700,2,-4.90234,-1.49219,10.15234
18734247,BNO_ACC,2183,-3100,2,-2.94922,-1.03516,11.57422
18742260,BNO_ACC,2184,-2600,2,-2.18359,-0.84375,12.67969
18752593,BNO_ACC,2185,-4700,2,-1.30078,-0.84375,12.98438
18755147,BNO_ACC,2186,-700,2,-1.18750,-0.99609,13.14453
18763688,BNO_ACC,2187,-500,2,-1.45703,-1.26562,12.82812
18774506,BNO_ACC,2188,-3100,2,-1.83984,-1.22656,12.41016
18784033,BNO_ACC,2189,-4500,2,-2.83594,-0.72656,11.72266
18793352,BNO_ACC,2190,-5500,2,-4.28906,-0.46094,10.14844
18797460,BNO_ACC,2191,-2300,2,-5.05469,-0.19141,7.08984
18804303,BNO_ACC,2192,-700,2,-5.59375,-0.84375,4.82812
18814247,BNO_ACC,2193,-2700,2,-4.82812,-1.41797,2.94922
18824075,BNO_ACC,2194,-4300,2,-4.02734,-1.60938,1.87891
18833482,BNO_ACC,2195,-5500,2,-3.02734,-1.18750,1.80078
18837557,BNO_ACC,2196,-2300,2,-1.91406,-0.91797,2.37500
18844633,BNO_ACC,2197,-700,2,-0.84375,-0.69141,2.94531
18854326,BNO_ACC,2198,-2500,2,0.07812,-0.57422,3.48828
18864266,BNO_ACC,2199,-4500,2,0.23047,-0.53516,3.67188
18873607,BNO_ACC,2200,-5300,2,0.23047,-0.46094,3.37109
18877847,BNO_ACC,2201,-2500,2,0.80469,-0.69141,3.32812
18884732,BNO_ACC,2202,-700,2,0.46094,-1.14844,3.71484
18893756,BNO_ACC,2203,-1600,2,-0.53516,-1.33984,4.21094
18904498,BNO_ACC,2204,-4500,2,-1.72266,-1.14844,3.83203
18912915,BNO_ACC,2205,-4500,2,-1.80078,-1.37891,3.79297
18917845,BNO_ACC,2206,-2300,2,-2.26172,-1.76172,4.25000
18924893,BNO_ACC,2207,-700,2,-3.37109,-2.22266,5.32422
18933864,BNO_ACC,2208,-1600,2,-3.21875,-2.41406,7.12891
18944592,BNO_ACC,2209,-4300,2,-1.99219,-2.07031,9.42578
18953064,BNO_ACC,2210,-4400,2,-0.49609,-1.22656,11.33594
18957991,BNO_ACC,2211,-2300,2,-0.19141,-0.76562,12.91016
18965081,BNO_ACC,2212,-500,2,-0.69141,-0.38281,13.78906
18974103,BNO_ACC,2213,-1000,2,-1.37891,-0.34375,14.39844
18984861,BNO_ACC,2214,-4300,2,-1.99219,-0.38281,14.47656
18993128,BNO_ACC,2215,-4400,2,-2.56641,-0.61328,13.87109
18998045,BNO_ACC,2216,-2300,2,-3.21875,-0.53516,12.98438
19005179,BNO_ACC,2217,-500,2,-3.60156,-0.38281,12.33984
19014178,BNO_ACC,2218,-1000,2,-3.56250,-0.19141,11.87500
19024933,BNO_ACC,2219,-4300,2,-4.06250,-0.57422,11.64453
19033376,BNO_ACC,2220,-4400,2,-4.40625,-1.37891,10.60938
19038321,BNO_ACC,2221,-2100,2,-4.63672,-1.49219,9.69141
19045190,BNO_ACC,2222,-500,2,-4.90234,-1.03516,9.34766
19054380,BNO_ACC,2223,-1600,2,-4.98047,-0.95703,9.19922
19065156,BNO_ACC,2224,-4300,2,-4.94141,-0.80469,8.84766
19073438,BNO_ACC,2225,-4400,2,-5.05469,-0.46094,8.53906
19078386,BNO_ACC,2226,-2300,2,-5.32422,-0.26953,7.85156
19085432,BNO_ACC,2227,-700,2,-5.97656,-0.26953,7.23438
19094624,BNO_ACC,2228,-1000,2,-6.16797,-0.26953,6.40234
19105398,BNO_ACC,2229,-4300,2,-6.70703,-0.46094,5.78516
19113693,BNO_ACC,2230,-4400,2,-7.35156,-0.61328,5.05469
19118607,BNO_ACC,2231,-2300,2,-7.85547,-0.99609,4.36719
19125528,BNO_ACC,2232,-500,2,-8.04297,-1.30078,3.71484
19134603,BNO_ACC,2233,-1000,2,-8.11719,-1.14844,3.06641
19143612,BNO_ACC,2234,-2200,2,-8.19531,-1.03516,2.67969
19153987,BNO_ACC,2235,-4400,2,-8.69922,-1.22656,2.37500
19158903,BNO_ACC,2236,-2300,2,-9.19531,-1.57031,2.07031
19165939,BNO_ACC,2237,-500,2,-9.53906,-1.72266,1.99219
19174918,BNO_ACC,2238,-1000,2,-9.68750,-1.57031,2.18359
19185692,BNO_ACC,2239,-4500,2,-10.07031,-1.03516,2.87109
19193754,BNO_ACC,2240,-4100,2,-10.38281,-0.95703,3.94531
19198687,BNO_ACC,2241,-2300,2,-10.07031,-1.45703,6.01562
19205791,BNO_ACC,2242,-700,2,-9.80469,-1.53125,7.73828
19214856,BNO_ACC,2243,-900,2,-10.15234,-1.41797,8.92578
19223995,BNO_ACC,2244,-2200,2,-10.30469,-1.33984,9.73047
19234157,BNO_ACC,2245,-4400,2,-10.69141,-1.33984,10.26562
19246446,BNO_ACC,2246,-900,2,-11.19141,-1.60938,8.92578
19255205,BNO_ACC,2247,-1000,2,-10.99219,-1.99219,7.66016
19265117,BNO_ACC,2248,-3400,2,-10.87891,-2.48828,6.43750
19274407,BNO_ACC,2249,-4200,2,-10.80078,-2.79688,5.36328
19285932,BNO_ACC,2250,-500,2,-10.57422,-3.14062,3.86719
19295025,BNO_ACC,2251,-1000,2,-10.30859,-2.94922,3.75391
19304177,BNO_ACC,2252,-2000,2,-9.69141,-2.67969,4.36719
19314531,BNO_ACC,2253,-4400,2,-8.96484,-2.52734,5.44141
19326107,BNO_ACC,2254,-500,2,-8.39453,-0.88281,7.92969
19335157,BNO_ACC,2255,-1000,2,-8.69531,0.42188,8.27344
19343980,BNO_ACC,2256,-1600,2,-8.58203,0.72656,8.54297
19354293,BNO_ACC,2257,-3800,2,-9.11719,0.69141,9.16016
19366806,BNO_ACC,2258,-700,2,-9.57812,0.57422,9.38672
19375574,BNO_ACC,2259,-1000,2,-11.45703,0.15234,9.07812
19385562,BNO_ACC,2260,-3200,2,-12.26172,-0.49609,7.73828
19394006,BNO_ACC,2261,-3500,2,-11.53125,-0.99609,6.47266
19404228,BNO_ACC,2262,-5700,2,-9.76562,-1.41797,6.58984
19405790,BNO_ACC,2263,-700,2,-7.46875,-1.64844,7.42969
19415409,BNO_ACC,2264,-900,2,-5.32422,-1.99219,8.62109
19424490,BNO_ACC,2265,-1800,2,-3.14062,-2.52734,10.22656
19435000,BNO_ACC,2266,-4200,2,-1.87891,-2.94922,12.18359
19446729,BNO_ACC,2267,-700,2,0.30469,-2.14453,14.39844
19455524,BNO_ACC,2268,-1000,2,-0.26953,-0.95703,13.79297
19464568,BNO_ACC,2269,-1800,2,-1.83984,-0.88281,11.95312
19474954,BNO_ACC,2270,-4000,2,-3.10156,-1.72266,10.07031
19486623,BNO_ACC,2271,-700,2,-2.67969,-2.75781,7.31250
19495407,BNO_ACC,2272,-700,2,-0.76562,-1.26562,7.58984
19504605,BNO_ACC,2273,-1500,2,0.84375,-0.46094,7.89062
19514971,BNO_ACC,2274,-4000,2,2.29688,-0.15234,8.16016
19526922,BNO_ACC,2275,-700,2,5.66797,-2.45312,8.84375
19535629,BNO_ACC,2276,-700,2,7.35547,-3.37109,9.38281
19544621,BNO_ACC,2277,-1500,2,7.46875,-3.14062,9.26953
19555081,BNO_ACC,2278,-3800,2,7.12500,-2.52734,8.92188
19564494,BNO_ACC,2279,-5300,2,5.74609,-2.41406,9.00000
19567052,BNO_ACC,2280,-700,2,3.33203,-1.22656,8.19922
19575607,BNO_ACC,2281,-500,2,2.41406,0.15234,5.98047
19586480,BNO_ACC,2282,-3400,2,2.48828,1.10938,2.76172
19595876,BNO_ACC,2283,-4700,2,2.68359,1.64844,0.07812
19605160,BNO_ACC,2284,-5700,2,3.44531,1.49219,-1.76172
19606615,BNO_ACC,2285,-700,2,4.82812,0.34375,-1.37891
19616030,BNO_ACC,2286,-700,2,7.00781,-0.42188,-1.03516
19625966,BNO_ACC,2287,-2700,2,9.04297,-0.65234,-0.61328
19635409,BNO_ACC,2288,-3900,2,9.68750,-0.38281,0.23047
19644720,BNO_ACC,2289,-5200,2,9.68750,0.42188,0.15234
19647450,BNO_ACC,2290,-700,2,9.26562,1.41797,-0.95703
19655905,BNO_ACC,2291,-700,2,8.27734,1.33984,-2.07031
19666766,BNO_ACC,2292,-3200,2,7.58984,1.30078,-3.56250
19674417,BNO_ACC,2293,-2600,2,7.31250,1.57031,-4.94141
19684785,BNO_ACC,2294,-4900,2,7.39453,1.64844,-5.70703
19687311,BNO_ACC,2295,-700,2,8.00781,1.37891,-6.47266
19695922,BNO_ACC,2296,-700,2,8.12109,1.18750,-6.85547
19706731,BNO_ACC,2297,-3100,2,7.85547,1.07422,-6.89453
19714528,BNO_ACC,2298,-2600,2,7.39062,0.95703,-7.01172
19725060,BNO_ACC,2299,-5100,2,6.89453,0.88281,-7.77734
19728702,BNO_ACC,2300,-1200,2,6.20703,0.80469,-8.19922
19735818,BNO_ACC,2301,-700,2,6.01562,0.38281,-7.50781
19746560,BNO_ACC,2302,-2500,2,6.46875,-0.15234,-5.55469
19756250,BNO_ACC,2303,-4300,2,7.20312,-0.30469,-3.64062
19765557,BNO_ACC,2304,-5500,2,7.66016,-0.19141,-2.10547
19769643,BNO_ACC,2305,-2300,2,7.23438,-0.07812,-0.65234
19776706,BNO_ACC,2306,-500,2,6.28516,-0.11328,0.61328
19786542,BNO_ACC,2307,-2500,2,7.05078,0.19141,0.53516
19796356,BNO_ACC,2308,-4300,2,7.81641,0.46094,0.61328
19805626,BNO_ACC,2309,-5300,2,7.42969,0.26953,1.22656
19809645,BNO_ACC,2310,-2300,2,7.27734,0.42188,2.29688
19816686,BNO_ACC,2311,-700,2,6.62500,0.46094,2.37500
19826758,BNO_ACC,2312,-2500,2,5.28516,-0.19141,3.25781
19836519,BNO_ACC,2313,-4200,2,4.59375,-1.07422,4.44531
19844937,BNO_ACC,2314,-4600,2,3.94531,-1.03516,5.21484
19857075,BNO_ACC,2315,-700,2,3.79297,-0.99609,9.84375
19866018,BNO_ACC,2316,-1600,2,4.21484,-0.76562,11.10938
19876959,BNO_ACC,2317,-4500,2,2.87109,-0.80469,11.19141
19885129,BNO_ACC,2318,-4400,2,2.52734,-0.84375,9.68750
19890042,BNO_ACC,2319,-2300,2,2.14453,-1.49219,9.12109
19896927,BNO_ACC,2320,-500,2,1.68359,-2.14453,9.60938
19906069,BNO_ACC,2321,-1600,2,0.42188,-1.64844,9.58203
19916908,BNO_ACC,2322,-4200,2,-0.42188,-1.57031,9.07812
19925218,BNO_ACC,2323,-4400,2,-1.22656,-1.68359,8.69922
19930123,BNO_ACC,2324,-2300,2,-1.95312,-2.45312,8.12109
19937112,BNO_ACC,2325,-700,2,-3.37109,-2.67969,7.77734
19946340,BNO_ACC,2326,-1000,2,-4.67188,-2.83594,7.35547
19957216,BNO_ACC,2327,-4300,2,-5.97656,-3.48438,7.54688
19965330,BNO_ACC,2328,-4300,2,-7.08594,-4.13672,7.47266
19970279,BNO_ACC,2329,-2300,2,-7.20312,-4.40625,8.39062
19977270,BNO_ACC,2330,-700,2,-6.97266,-4.63672,10.15234
19986567,BNO_ACC,2331,-1000,2,-6.43750,-4.63672,12.17969
19997401,BNO_ACC,2332,-4300,2,-4.94141,-4.40625,13.56641
20005658,BNO_ACC,2333,-4400,2,-3.90625,-3.29297,14.43750
20010613,BNO_ACC,2334,-2300,2,-2.71875,-2.22266,14.86328
20017527,BNO_ACC,2335,-500,2,-2.41406,-0.99609,14.97656
20026607,BNO_ACC,2336,-1000,2,-2.67969,0.03906,15.28125
20037534,BNO_ACC,2337,-4300,2,-2.83594,0.84375,15.05859
20045548,BNO_ACC,2338,-4300,2,-2.87109,1.10938,14.21484
20050490,BNO_ACC,2339,-2300,2,-3.17969,0.38281,13.44531
20057432,BNO_ACC,2340,-700,2,-4.59766,-0.03906,12.64062
20066704,BNO_ACC,2341,-1000,2,-5.63281,-0.42188,10.72656
20075822,BNO_ACC,2342,-2400,2,-6.32031,-0.65234,9.30469
20086174,BNO_ACC,2343,-4400,2,-7.01172,-0.88281,8.35156
20098019,BNO_ACC,2344,-700,2,-6.74609,-1.72266,4.78906
20106836,BNO_ACC,2345,-1000,2,-7.69922,-2.37500,5.55469
20115948,BNO_ACC,2346,-2200,2,-7.85156,-2.83594,4.36719
20126217,BNO_ACC,2347,-4600,2,-8.39453,-2.98828,3.71484
20131173,BNO_ACC,2348,-2300,2,-8.69922,-3.06641,3.41016
20138080,BNO_ACC,2349,-500,2,-9.30859,-3.02734,3.17969
20146933,BNO_ACC,2350,-1000,2,-10.14844,-2.75781,3.10156
20155910,BNO_ACC,2351,-2000,2,-10.49219,-2.64453,3.29297
20166134,BNO_ACC,2352,-4200,2,-11.03125,-2.33594,3.33203
20171065,BNO_ACC,2353,-2300,2,-12.21875,-1.80078,3.21875
20177969,BNO_ACC,2354,-500,2,-14.01562,-1.41797,2.79688
20187011,BNO_ACC,2355,-900,2,-15.20312,-1.26562,2.71875
20196038,BNO_ACC,2356,-2000,2,-15.97266,-1.14844,3.52344
20206543,BNO_ACC,2357,-4400,2,-15.78125,-0.99609,4.32812
20218108,BNO_ACC,2358,-500,2,-14.35938,-0.53516,6.32031
20227072,BNO_ACC,2359,-1000,2,-13.56641,-0.57422,7.01172
20236052,BNO_ACC,2360,-1800,2,-12.64453,-0.61328,7.35547
20246383,BNO_ACC,2361,-4000,2,-11.45703,-0.72656,7.20312
20251338,BNO_ACC,2362,-2300,2,-10.19141,-0.84375,6.85547
20258349,BNO_ACC,2363,-500,2,-9.00391,-1.07422,6.35938
20267319,BNO_ACC,2364,-900,2,-8.00781,-1.33984,5.93750
20276394,BNO_ACC,2365,-2000,2,-7.23438,-1.68359,5.82422
20286618,BNO_ACC,2366,-4200,2,-6.89062,-1.99219,5.89844
20298479,BNO_ACC,2367,-500,2,-7.12891,-1.57031,5.66797
20307248,BNO_ACC,2368,-1000,2,-7.73828,-1.41797,5.51562
20316204,BNO_ACC,2369,-1600,2,-8.12109,-1.45703,5.47656
20326661,BNO_ACC,2370,-4000,2,-8.04297,-1.41797,5.70703
20331597,BNO_ACC,2371,-2300,2,-7.27344,-1.14844,6.01562
20338706,BNO_ACC,2372,-500,2,-6.78125,-0.91797,6.05078
20347667,BNO_ACC,2373,-900,2,-7.27734,-0.57422,6.32031
20357572,BNO_ACC,2374,-3200,2,-8.39062,-0.42188,6.97266
20367120,BNO_ACC,2375,-4400,2,-9.65234,-0.26953,7.50781
20378888,BNO_ACC,2376,-500,2,-10.53516,-1.18750,6.39844
20387776,BNO_ACC,2377,-1000,2,-10.87891,-1.95312,5.66797
20397711,BNO_ACC,2378,-3100,2,-10.49219,-2.87109,5.55469
20407217,BNO_ACC,2379,-4300,2,-9.12109,-3.06641,6.12891
20419079,BNO_ACC,2380,-900,2,-6.89453,-2.22266,7.85156
20427428,BNO_ACC,2381,-700,2,-5.85938,-1.87891,8.50000
20438238,BNO_ACC,2382,-3200,2,-4.86328,-1.76172,8.54297
20447693,BNO_ACC,2383,-4900,2,-4.06250,-2.33594,8.23828
20457010,BNO_ACC,2384,-5900,2,-3.29297,-2.64453,8.31250
20458454,BNO_ACC,2385,-500,2,-2.67969,-2.52734,9.03906
20467692,BNO_ACC,2386,-900,2,-2.07031,-1.57031,9.23047
20476826,BNO_ACC,2387,-1300,2,-1.10938,-0.23047,8.73828
20487468,BNO_ACC,2388,-4000,2,-0.34375,0.65234,8.19531
20500459,BNO_ACC,2389,-1200,2,0.07812,0.46094,9.19531
20507414,BNO_ACC,2390,-500,2,0.91797,0.38281,9.54297
20518266,BNO_ACC,2391,-2900,2,2.56641,0.46094,9.88672
20527981,BNO_ACC,2392,-4700,2,3.83203,0.07812,10.53516
20537331,BNO_ACC,2393,-5900,2,4.94141,-0.91797,11.18750
20538817,BNO_ACC,2394,-500,2,5.36328,-1.76172,11.75781
20547786,BNO_ACC,2395,-700,2,4.67188,-2.87109,11.87500
20558577,BNO_ACC,2396,-3100,2,3.75391,-3.21875,10.91406
20568091,BNO_ACC,2397,-4500,2,2.87109,-2.48828,9.04297
20577414,BNO_ACC,2398,-5700,2,1.83984,-1.30078,8.23438
20578960,BNO_ACC,2399,-500,2,2.03125,-0.69141,7.85547
20588154,BNO_ACC,2400,-700,2,4.36719,-0.26953,7.73438
20598930,BNO_ACC,2401,-3200,2,6.05078,0.42188,7.81641
20608048,BNO_ACC,2402,-4300,2,5.93750,1.10938,7.85156
20617403,BNO_ACC,2403,-5500,2,5.28516,2.29688,6.82031
20621672,BNO_ACC,2404,-2300,2,6.58594,1.76172,6.05078
20628496,BNO_ACC,2405,-900,2,6.66406,0.57422,6.12891
20638305,BNO_ACC,2406,-2500,2,6.74609,-0.19141,5.89844
20648287,BNO_ACC,2407,-4500,2,7.23828,-1.30078,5.59375
20657555,BNO_ACC,2408,-5500,2,7.58984,-2.94922,6.16797
20661679,BNO_ACC,2409,-2300,2,8.39453,-3.52344,6.12891
20668658,BNO_ACC,2410,-900,2,8.73828,-2.79688,5.36328
20678547,BNO_ACC,2411,-2500,2,8.11719,-1.76172,4.63672
20688414,BNO_ACC,2412,-4300,2,7.69531,-0.03906,4.21484
20696907,BNO_ACC,2413,-4500,2,9.00391,0.76562,3.56250
20701843,BNO_ACC,2414,-2300,2,9.92578,1.76172,3.10156
20708726,BNO_ACC,2415,-700,2,9.50391,2.52734,2.37500
20717772,BNO_ACC,2416,-1800,2,9.04297,2.67969,1.33984
20728515,BNO_ACC,2417,-4500,2,8.88672,2.26172,-0.38281
20737177,BNO_ACC,2418,-4500,2,8.53906,1.53125,-1.37891
20740147,BNO_ACC,2419,-1000,2,8.73828,0.38281,-2.07031
20748350,BNO_ACC,2420,-500,2,9.61328,-0.38281,-2.33594
20757533,BNO_ACC,2421,-900,2,9.26953,-0.72656,-2.91016
20769157,BNO_ACC,2422,-4900,2,8.27344,-0.61328,-3.37109
20777162,BNO_ACC,2423,-4600,2,7.47266,-0.03906,-4.02344
20782090,BNO_ACC,2424,-2300,2,7.16406,0.19141,-4.36719
20788929,BNO_ACC,2425,-700,2,7.42969,0.11328,-4.82812
20798191,BNO_ACC,2426,-1800,2,7.27344,0.07812,-5.47656
20808981,BNO_ACC,2427,-4300,2,6.24219,0.26953,-6.01562
20817161,BNO_ACC,2428,-4400,2,5.59375,0.26953,-5.70703
20822097,BNO_ACC,2429,-2300,2,6.04688,-0.11328,-4.32812
20829054,BNO_ACC,2430,-700,2,7.23438,-0.07812,-2.29688
20838044,BNO_ACC,2431,-1600,2,8.54297,-0.03906,-0.91797
20847073,BNO_ACC,2432,-2200,2,9.34766,-0.49609,0.03906
20857439,BNO_ACC,2433,-4400,2,9.04297,-0.49609,0.72656
20862343,BNO_ACC,2434,-2300,2,8.04297,0.07812,0.61328
20869184,BNO_ACC,2435,-700,2,7.31250,0.80469,0.11328
20878455,BNO_ACC,2436,-900,2,7.01172,1.03516,-0.91797
20889237,BNO_ACC,2437,-4300,2,6.82422,0.72656,-1.53125
20897408,BNO_ACC,2438,-4200,2,7.04688,0.34375,-0.95703
20902355,BNO_ACC,2439,-2300,2,7.27344,0.07812,-0.34375
20909300,BNO_ACC,2440,-700,2,7.31641,-0.69141,0.30469
20918584,BNO_ACC,2441,-1000,2,8.19531,-1.68359,1.80078
20929429,BNO_ACC,2442,-4300,2,9.96094,-1.53125,3.52344
20937547,BNO_ACC,2443,-4200,2,10.26562,-0.65234,4.75000
20942479,BNO_ACC,2444,-2300,2,10.00391,0.34375,5.40234
20949378,BNO_ACC,2445,-700,2,8.96484,0.99609,4.90234
20958910,BNO_ACC,2446,-1000,2,7.73438,1.14844,3.83203
20967999,BNO_ACC,2447,-2600,2,6.36328,1.45703,2.94922
20978241,BNO_ACC,2448,-4700,2,5.25000,1.26562,2.14453
20989675,BNO_ACC,2449,-700,2,4.83203,-0.61328,2.18359
20998971,BNO_ACC,2450,-1000,2,4.71484,-0.69141,3.64062
21009666,BNO_ACC,2451,-4300,2,5.40234,-0.30469,5.98047
21017960,BNO_ACC,2452,-4400,2,6.20703,0.11328,8.39453
21022881,BNO_ACC,2453,-2100,2,7.46875,0.30469,10.87500
21029794,BNO_ACC,2454,-500,2,7.85156,0.42188,12.41016
21038999,BNO_ACC,2455,-1000,2,7.46875,0.26953,12.64062
21048134,BNO_ACC,2456,-2200,2,6.39844,-0.19141,12.02734
21058619,BNO_ACC,2457,-4800,2,5.89844,-0.38281,10.61328
21070026,BNO_ACC,2458,-700,2,2.45312,-0.11328,8.61719
21079171,BNO_ACC,2459,-1000,2,5.13281,-0.61328,7.65625
21088111,BNO_ACC,2460,-2200,2,2.14453,-1.18750,8.11719
21098510,BNO_ACC,2461,-4400,2,2.26172,-1.49219,8.92578
21110091,BNO_ACC,2462,-500,2,2.52734,-0.72656,10.83984
21119176,BNO_ACC,2463,-900,2,2.22266,-0.69141,10.99609
21128152,BNO_ACC,2464,-2000,2,2.56641,-1.07422,11.29688
21138498,BNO_ACC,2465,-4400,2,2.79688,-1.45703,12.18359
21143425,BNO_ACC,2466,-2300,2,2.10547,-1.45703,12.25781
21150463,BNO_ACC,2467,-500,2,0.88281,-0.88281,11.75781
21159343,BNO_ACC,2468,-1000,2,0.07812,-0.42188,10.45703
21168346,BNO_ACC,2469,-2000,2,-0.49609,-0.95703,8.58203
21178787,BNO_ACC,2470,-4400,2,-1.68359,-0.91797,7.93359
21190429,BNO_ACC,2471,-700,2,-2.03125,-0.91797,7.31250
21199081,BNO_ACC,2472,-900,2,-2.18359,-1.18750,7.81250
21208000,BNO_ACC,2473,-1500,2,-2.22266,-1.14844,8.57812
21218424,BNO_ACC,2474,-3800,2,-1.87891,-1.30078,9.22656
21230889,BNO_ACC,2475,-900,2,-2.18359,-1.30078,10.49219
21239810,BNO_ACC,2476,-1000,2,-2.03125,-1.49219,9.96484
21249670,BNO_ACC,2477,-3200,2,-2.33594,-1.53125,9.92188
21258991,BNO_ACC,2478,-4200,2,-2.98828,-1.26562,9.88672
21270758,BNO_ACC,2479,-500,2,-4.09766,-1.30078,8.23828
21279906,BNO_ACC,2480,-900,2,-5.17188,-1.30078,7.20703
21289834,BNO_ACC,2481,-3200,2,-6.08984,-0.95703,6.40234
21298375,BNO_ACC,2482,-3500,2,-6.16797,-1.03516,5.74609
21308672,BNO_ACC,2483,-5900,2,-6.12891,-1.07422,5.85938
21310205,BNO_ACC,2484,-500,2,-6.44141,-1.33984,6.28125
21319801,BNO_ACC,2485,-1000,2,-5.97656,-1.76172,7.12891
21328832,BNO_ACC,2486,-1600,2,-5.55469,-2.03125,7.69922
21339161,BNO_ACC,2487,-4000,2,-5.21094,-2.14453,8.15625
21351014,BNO_ACC,2488,-700,2,-5.59375,-1.91406,7.93359
21359366,BNO_ACC,2489,-700,2,-6.20703,-1.83984,7.31641
21370174,BNO_ACC,2490,-3100,2,-7.20312,-2.03125,6.58984
21379878,BNO_ACC,2491,-4900,2,-7.77344,-1.72266,5.63281
21389490,BNO_ACC,2492,-6100,2,-8.27734,-1.37891,4.55859
21390594,BNO_ACC,2493,-700,2,-8.84375,-1.22656,3.41016
21400120,BNO_ACC,2494,-1000,2,-8.92188,-1.41797,2.07031
21409926,BNO_ACC,2495,-2900,2,-8.73438,-1.68359,1.37891
21419460,BNO_ACC,2496,-4100,2,-8.81641,-1.99219,0.72656
21431217,BNO_ACC,2497,-700,2,-9.11719,-2.75781,0.65234
21439587,BNO_ACC,2498,-500,2,-9.53906,-2.98828,0.65234
21450348,BNO_ACC,2499,-3200,2,-10.72656,-3.10156,0.84375
21460054,BNO_ACC,2500,-4700,2,-10.83984,-3.33203,1.18750
21469413,BNO_ACC,2501,-5700,2,-11.87500,-3.56250,1.99219
21470922,BNO_ACC,2502,-500,2,-12.48438,-3.98438,2.33594
21480139,BNO_ACC,2503,-700,2,-12.40625,-4.17578,2.45312
21490866,BNO_ACC,2504,-3400,2,-12.29688,-4.32812,3.29297
21500222,BNO_ACC,2505,-4700,2,-11.83594,-4.55859,3.98438
21509608,BNO_ACC,2506,-5900,2,-11.14844,-4.51953,4.86328
21511121,BNO_ACC,2507,-500,2,-10.49219,-4.32812,5.47656
21520121,BNO_ACC,2508,-700,2,-10.18750,-4.09766,5.70703
21530922,BNO_ACC,2509,-3400,2,-9.76953,-3.60156,5.59375
21540293,BNO_ACC,2510,-4700,2,-9.16016,-3.10156,5.32422
21549590,BNO_ACC,2511,-5700,2,-8.81641,-2.87109,5.09375
21551293,BNO_ACC,2512,-500,2,-8.81250,-2.71875,4.94141
21560234,BNO_ACC,2513,-700,2,-9.38281,-2.52734,5.01953
21571038,BNO_ACC,2514,-3200,2,-10.26562,-1.68359,5.55469
21580289,BNO_ACC,2515,-4300,2,-10.64844,-0.69141,5.89844
21589608,BNO_ACC,2516,-5500,2,-10.41797,-0.69141,5.97656
21593675,BNO_ACC,2517,-2300,2,-10.73047,-1.33984,6.12891
21600470,BNO_ACC,2518,-500,2,-10.73047,-1.95312,6.39844
21610544,BNO_ACC,2519,-2500,2,-10.79688,-2.22266,6.93359
21618777,BNO_ACC,2520,-2500,2,-11.45703,-2.29688,7.12500
21629103,BNO_ACC,2521,-4700,2,-11.37891,-2.03125,6.82031
21631522,BNO_ACC,2522,-700,2,-11.41406,-1.80078,6.70312
21640449,BNO_ACC,2523,-700,2,-11.19141,-1.80078,6.74219
21651165,BNO_ACC,2524,-3100,2,-10.72656,-2.22266,6.66406
21659003,BNO_ACC,2525,-2600,2,-10.26562,-2.75781,6.78125
21669408,BNO_ACC,2526,-4800,2,-9.53906,-2.94922,7.73828
21673045,BNO_ACC,2527,-1200,2,-8.57812,-3.64062,8.23438
21680317,BNO_ACC,2528,-700,2,-7.58594,-3.79297,8.50391
21689478,BNO_ACC,2529,-700,2,-8.00781,-3.06641,9.60938
21699564,BNO_ACC,2530,-2900,2,-8.23438,-2.56641,8.77344
21709935,BNO_ACC,2531,-5300,2,-7.16406,-3.52344,7.35156
21713997,BNO_ACC,2532,-2300,2,-6.74219,-4.98047,7.51172
21720869,BNO_ACC,2533,-700,2,-6.12891,-5.28516,7.62891
21730111,BNO_ACC,2534,-1600,2,-4.86328,-4.28906,7.62891
21740852,BNO_ACC,2535,-4500,2,-3.64062,-3.33203,8.19922
21749283,BNO_ACC,2536,-4400,2,-2.79688,-2.87109,9.19922
21754213,BNO_ACC,2537,-2300,2,-1.76172,-2.26172,9.96484
21761048,BNO_ACC,2538,-700,2,-0.76562,-1.60938,10.53125
21770391,BNO_ACC,2539,-1000,2,-0.19141,-1.07422,11.14844
21781092,BNO_ACC,2540,-4300,2,-0.07812,-0.19141,11.15234
21789405,BNO_ACC,2541,-4400,2,0.15234,0.34375,10.53125
21794337,BNO_ACC,2542,-2300,2,0.15234,0.57422,9.61328
21801390,BNO_ACC,2543,-500,2,-0.15234,0.38281,8.58203
21810459,BNO_ACC,2544,-1000,2,0.34375,-0.76562,7.66016
21821258,BNO_ACC,2545,-4300,2,0.91797,-1.91406,7.73828
21829599,BNO_ACC,2546,-4300,2,2.29688,-2.33594,8.01172
21834530,BNO_ACC,2547,-2300,2,3.41016,-1.68359,8.54297
21841248,BNO_ACC,2548,-500,2,4.13672,-1.10938,9.16016
21850694,BNO_ACC,2549,-900,2,4.51953,-1.18750,9.12109
21859793,BNO_ACC,2550,-2400,2,4.44531,-1.18750,8.96094
21869914,BNO_ACC,2551,-4600,2,4.71094,-1.18750,8.58203
21881871,BNO_ACC,2552,-700,2,4.90234,-0.53516,8.42188
21890620,BNO_ACC,2553,-900,2,4.51953,-0.07812,8.35156
21899666,BNO_ACC,2554,-2200,2,4.28906,0.30469,7.89453
21909842,BNO_ACC,2555,-4200,2,4.13672,0.23047,6.97266
21914788,BNO_ACC,2556,-2300,2,4.63672,0.11328,5.70312
21921740,BNO_ACC,2557,-700,2,5.70312,0.38281,4.48047
21931030,BNO_ACC,2558,-1000,2,6.28516,0.11328,4.40625
21941832,BNO_ACC,2559,-4300,2,7.27734,-0.57422,4.86328
21950015,BNO_ACC,2560,-4300,2,7.85547,-0.88281,4.32812
21954958,BNO_ACC,2561,-2300,2,8.07812,-0.46094,3.33203
21961863,BNO_ACC,2562,-700,2,8.11719,-0.80469,3.52344
21971078,BNO_ACC,2563,-900,2,8.12109,-1.03516,3.48438
21980168,BNO_ACC,2564,-2200,2,7.35547,-0.72656,2.94922
21990437,BNO_ACC,2565,-4400,2,6.78125,-0.88281,2.37500
22002091,BNO_ACC,2566,-500,2,6.04688,2.37500,0.80469
22011026,BNO_ACC,2567,-1000,2,7.62891,2.64453,-1.07422
22020118,BNO_ACC,2568,-2000,2,9.00000,0.91797,-1.53125
22030426,BNO_ACC,2569,-4200,2,9.30469,-0.03906,-1.45703
22035338,BNO_ACC,2570,-2300,2,9.76953,0.07812,-1.68359
22042444,BNO_ACC,2571,-700,2,10.15234,0.26953,-2.18359
22051405,BNO_ACC,2572,-1000,2,9.88672,0.15234,-2.94922
22060486,BNO_ACC,2573,-2200,2,9.76562,-0.19141,-3.71484
22070218,BNO_ACC,2574,-4100,2,9.57812,0.00000,-4.25391
22082862,BNO_ACC,2575,-700,2,8.88281,0.19141,-5.40234
22091709,BNO_ACC,2576,-1000,2,8.77734,-0.03906,-5.66797
22101583,BNO_ACC,2577,-3400,2,8.84766,-0.07812,-6.08984
22110894,BNO_ACC,2578,-4400,2,8.46094,0.26953,-6.70312
22122564,BNO_ACC,2579,-500,2,7.04688,-0.38281,-7.20703
22131348,BNO_ACC,2580,-900,2,7.23828,-0.23047,-6.51172
22140408,BNO_ACC,2581,-1800,2,7.93359,0.38281,-4.98047
22150708,BNO_ACC,2582,-4000,2,8.66016,0.42188,-3.56250
22155648,BNO_ACC,2583,-2300,2,8.92188,0.26953,-2.10547
22162703,BNO_ACC,2584,-500,2,9.16016,0.53516,-1.18750
22171522,BNO_ACC,2585,-900,2,9.00391,0.99609,-0.34375
22180473,BNO_ACC,2586,-1600,2,8.46484,1.37891,0.15234
22190847,BNO_ACC,2587,-4000,2,7.73438,1.76172,0.49609
22195828,BNO_ACC,2588,-2300,2,8.65625,1.30078,0.07812
22202977,BNO_ACC,2589,-700,2,8.81641,0.19141,-0.15234
22211785,BNO_ACC,2590,-900,2,8.27344,-0.26953,0.23047
22220863,BNO_ACC,2591,-1800,2,7.69922,-0.03906,0.26953
22231252,BNO_ACC,2592,-4200,2,7.54688,-0.26953,1.22656
22243021,BNO_ACC,2593,-500,2,7.62500,-0.49609,3.75391
22251946,BNO_ACC,2594,-900,2,7.55078,-0.11328,4.25391
22261891,BNO_ACC,2595,-3100,2,7.66016,0.76562,5.13281
22271415,BNO_ACC,2596,-4400,2,8.31641,1.03516,6.35938
22283184,BNO_ACC,2597,-500,2,8.46094,0.03906,7.23828
22292035,BNO_ACC,2598,-1000,2,8.50000,-0.19141,8.16016
22300284,BNO_ACC,2599,-900,2,8.73438,-0.61328,8.84375
22310557,BNO_ACC,2600,-3100,2,7.89062,-0.65234,8.35156
22320756,BNO_ACC,2601,-5300,2,6.74219,-0.07812,6.78125
22323431,BNO_ACC,2602,-900,2,4.90234,-0.30469,6.46875
22331999,BNO_ACC,2603,-700,2,4.63672,-0.72656,5.82422
22340941,BNO_ACC,2604,-1300,2,4.02344,-0.07812,6.66797
22351387,BNO_ACC,2605,-3800,2,4.06250,-0.07812,7.58594
22360912,BNO_ACC,2606,-5300,2,4.25391,-0.34375,8.46094
22364562,BNO_ACC,2607,-1200,2,4.28906,-0.72656,9.19531
22371600,BNO_ACC,2608,-700,2,4.44531,-0.99609,10.03516
22380758,BNO_ACC,2609,-1100,2,4.48047,-0.76562,10.19141
22390960,BNO_ACC,2610,-3300,2,4.21484,-0.72656,10.26953
22401193,BNO_ACC,2611,-5300,2,4.28906,-0.53516,10.49219
22404699,BNO_ACC,2612,-1200,2,4.36719,-1.03516,10.38672
22411883,BNO_ACC,2613,-500,2,3.56250,-1.10938,9.54297
22422694,BNO_ACC,2614,-3100,2,2.64453,-0.91797,8.65625
22432211,BNO_ACC,2615,-4700,2,1.37891,-1.07422,8.42578
22441545,BNO_ACC,2616,-5700,2,0.91797,-1.49219,8.57812
22443085,BNO_ACC,2617,-500,2,0.88281,-1.49219,8.69922
22452070,BNO_ACC,2618,-700,2,0.69141,-1.37891,8.92578
22462831,BNO_ACC,2619,-3100,2,0.53516,-1.57031,9.30469
22472433,BNO_ACC,2620,-4500,2,0.76562,-2.18359,9.54297
22480982,BNO_ACC,2621,-4700,2,0.69141,-2.26172,9.68750
22483519,BNO_ACC,2622,-700,2,0.26953,-1.64844,10.07031
22492174,BNO_ACC,2623,-700,2,0.00000,-1.37891,9.80469
22503071,BNO_ACC,2624,-3100,2,-0.99609,-1.37891,9.08203
22512410,BNO_ACC,2625,-4300,2,-1.37891,-1.26562,8.84375
22521759,BNO_ACC,2626,-5300,2,-1.07422,-0.95703,9.65234
22525844,BNO_ACC,2627,-2300,2,-1.33984,-0.53516,9.96484
22532632,BNO_ACC,2628,-500,2,-1.57031,-0.46094,9.84766
22542598,BNO_ACC,2629,-2500,2,-1.91406,-0.57422,10.00391
22552613,BNO_ACC,2630,-4500,2,-2.52734,-0.49609,10.03516
22561126,BNO_ACC,2631,-4600,2,-2.87109,-0.46094,9.42578
22566049,BNO_ACC,2632,-2300,2,-2.87109,-0.49609,9.38281
22572796,BNO_ACC,2633,-700,2,-2.67969,-0.69141,9.68750
22582895,BNO_ACC,2634,-2500,2,-2.67969,-0.72656,10.26562
22592696,BNO_ACC,2635,-4300,2,-2.60547,-1.03516,10.53125
22601982,BNO_ACC,2636,-5300,2,-2.29688,-1.37891,10.95312
22606045,BNO_ACC,2637,-2500,2,-2.03125,-1.45703,11.76172
22613106,BNO_ACC,2638,-700,2,-2.33594,-1.37891,11.98438
22622141,BNO_ACC,2639,-1600,2,-3.14062,-1.18750,11.33594
22632946,BNO_ACC,2640,-4300,2,-4.06250,-1.03516,10.26953
22641152,BNO_ACC,2641,-4200,2,-4.94141,-1.22656,9.61328
22646113,BNO_ACC,2642,-2300,2,-5.66797,-1.33984,9.23047
22653178,BNO_ACC,2643,-700,2,-6.12891,-1.03516,8.88672
22662521,BNO_ACC,2644,-1800,2,-6.24219,-0.72656,8.88281
22673365,BNO_ACC,2645,-4700,2,-5.85938,-0.80469,9.26562
22681289,BNO_ACC,2646,-4200,2,-5.36328,-0.76562,10.07031
22693478,BNO_ACC,2647,-700,2,-4.71094,-0.69141,10.68750
22702563,BNO_ACC,2648,-1000,2,-4.78906,-0.99609,9.88672
22713350,BNO_ACC,2649,-4500,2,-5.25000,-1.49219,9.15625
22721511,BNO_ACC,2650,-4400,2,-5.66797,-2.29688,8.31250
22726422,BNO_ACC,2651,-2300,2,-6.01562,-2.56641,7.31250
22733370,BNO_ACC,2652,-500,2,-6.08984,-2.26172,6.70703
22742731,BNO_ACC,2653,-1000,2,-6.32422,-1.95312,6.16797
22753568,BNO_ACC,2654,-4500,2,-6.74219,-2.07031,4.98047
22761852,BNO_ACC,2655,-4500,2,-6.93359,-2.26172,2.91016
22766768,BNO_ACC,2656,-2300,2,-8.00781,-1.99219,1.49219
22773785,BNO_ACC,2657,-700,2,-8.07812,-1.10938,0.07812
22782612,BNO_ACC,2658,-900,2,-6.82422,-0.42188,0.07812
22791568,BNO_ACC,2659,-2200,2,-6.20312,-0.46094,0.69141
22802045,BNO_ACC,2660,-4400,2,-6.62500,-0.53516,1.64844
22806996,BNO_ACC,2661,-2300,2,-6.51172,-0.19141,1.95312
22814057,BNO_ACC,2662,-700,2,-5.70312,0.15234,2.41406
22822939,BNO_ACC,2663,-900,2,-6.08594,0.07812,3.60156
22832017,BNO_ACC,2664,-2200,2,-6.89062,0.19141,3.60156
22842439,BNO_ACC,2665,-4800,2,-9.12109,0.15234,2.56641
22853819,BNO_ACC,2666,-700,2,-8.46094,-1.22656,2.37500
22862941,BNO_ACC,2667,-1000,2,-10.45312,-0.15234,3.52344
22872038,BNO_ACC,2668,-2200,2,-7.47266,-0.34375,5.47656
22882378,BNO_ACC,2669,-4400,2,-9.03906,-0.26953,7.96875
22887274,BNO_ACC,2670,-2300,2,-8.88672,-0.23047,9.30859
22894119,BNO_ACC,2671,-700,2,-9.11719,-0.46094,10.65234
22903136,BNO_ACC,2672,-1000,2,-8.16016,-1.22656,11.37500
22912001,BNO_ACC,2673,-2000,2,-8.54297,-0.69141,11.41797
22922299,BNO_ACC,2674,-4200,2,-6.66406,-1.26562,11.57422
22927224,BNO_ACC,2675,-2300,2,-7.42969,-1.60938,10.41797
22934344,BNO_ACC,2676,-700,2,-8.04297,-1.72266,8.42188
22943299,BNO_ACC,2677,-1000,2,-9.53906,-2.18359,6.20703
22952278,BNO_ACC,2678,-2000,2,-10.61328,-2.48828,4.32812
22962549,BNO_ACC,2679,-4200,2,-11.57031,-2.14453,3.48438
22967453,BNO_ACC,2680,-2300,2,-12.17969,-1.41797,4.09766
22974286,BNO_ACC,2681,-500,2,-12.48438,-0.88281,5.17188
22983399,BNO_ACC,2682,-900,2,-12.90625,-0.46094,6.70312
22992409,BNO_ACC,2683,-1800,2,-12.86719,0.07812,8.61719
23002804,BNO_ACC,2684,-4400,2,-11.91406,0.30469,10.22656
23014379,BNO_ACC,2685,-500,2,-9.96094,0.38281,12.02344
23023603,BNO_ACC,2686,-1000,2,-9.61328,0.42188,11.91406
23032671,BNO_ACC,2687,-2000,2,-9.73047,0.61328,11.53125
23042814,BNO_ACC,2688,-4400,2,-9.96094,0.69141,9.80469
23054726,BNO_ACC,2689,-500,2,-10.87500,-0.53516,5.25000
23063678,BNO_ACC,2690,-1000,2,-10.91406,-1.37891,3.52344
23072657,BNO_ACC,2691,-1800,2,-10.73047,-1.87891,2.60547
23083048,BNO_ACC,2692,-4200,2,-10.23047,-1.91406,2.87109
23094836,BNO_ACC,2693,-500,2,-6.85547,-0.65234,5.59375
23103544,BNO_ACC,2694,-900,2,-5.40234,-0.03906,7.73438
23112606,BNO_ACC,2695,-1600,2,-3.56250,0.30469,10.41406
23122911,BNO_ACC,2696,-3800,2,-3.33203,0.42188,13.83203
23127872,BNO_ACC,2697,-2500,2,-4.82812,1.03516,13.79297
23135065,BNO_ACC,2698,-700,2,-5.74609,0.95703,11.41406
23144178,BNO_ACC,2699,-1000,2,-5.89844,-0.57422,8.96484
23154044,BNO_ACC,2700,-3100,2,-6.01562,-2.64453,7.51172
23164111,BNO_ACC,2701,-5300,2,-5.40234,-2.64453,5.55469
23172505,BNO_ACC,2702,-5300,2,-3.71484,-1.53125,5.63281
23175025,BNO_ACC,2703,-700,2,-3.41016,-1.64844,6.85547
23183717,BNO_ACC,2704,-700,2,-1.64844,-3.21875,7.77344
23192702,BNO_ACC,2705,-1500,2,-0.53516,-3.06641,9.08203
23203269,BNO_ACC,2706,-3800,2,0.57422,-3.17969,11.57031
23212778,BNO_ACC,2707,-5300,2,1.87891,-2.83594,13.06641
23216441,BNO_ACC,2708,-1000,2,2.03125,-1.26562,14.35938
23223385,BNO_ACC,2709,-700,2,1.14844,1.26562,14.09766
23234222,BNO_ACC,2710,-3100,2,0.99609,4.17578,12.25781
23244311,BNO_ACC,2711,-5100,2,3.75391,2.41406,9.84766
23252776,BNO_ACC,2712,-5300,2,3.79297,-0.03906,10.99609
23255300,BNO_ACC,2713,-700,2,2.64453,-0.23047,10.83594
23263888,BNO_ACC,2714,-500,2,3.02734,0.49609,8.35547
23274823,BNO_ACC,2715,-3400,2,3.56250,0.76562,6.40234
23282535,BNO_ACC,2716,-2900,2,4.71094,-0.34375,5.78516
23292968,BNO_ACC,2717,-5300,2,6.08594,-1.37891,5.55469
23296630,BNO_ACC,2718,-1200,2,6.47266,-0.88281,4.28906
23303707,BNO_ACC,2719,-500,2,6.62500,-0.30469,2.60547
23314530,BNO_ACC,2720,-2900,2,7.81250,0.34375,2.91016
23324309,BNO_ACC,2721,-4700,2,8.46484,0.07812,3.44922
23333688,BNO_ACC,2722,-5700,2,9.30469,0.49609,3.52344
23335211,BNO_ACC,2723,-700,2,8.65625,2.03125,2.94922
23344264,BNO_ACC,2724,-700,2,9.19531,2.94922,1.57031
23355096,BNO_ACC,2725,-3200,2,9.04297,1.22656,-0.15234
23364269,BNO_ACC,2726,-4300,2,7.96875,0.19141,-1.72266
23373546,BNO_ACC,2727,-5300,2,8.69531,-1.03516,-3.67578
23377609,BNO_ACC,2728,-2500,2,9.22656,-2.22266,-4.06250
23384671,BNO_ACC,2729,-700,2,9.19922,-1.83984,-3.25781
23393827,BNO_ACC,2730,-1800,2,9.69141,-0.72656,-2.94922
23404603,BNO_ACC,2731,-4500,2,9.96484,-0.23047,-3.41016
23413125,BNO_ACC,2732,-4700,2,9.58203,-0.11328,-3.90625
23415646,BNO_ACC,2733,-700,2,8.92188,0.07812,-4.32812
23424296,BNO_ACC,2734,-700,2,8.19922,0.42188,-4.51953
23435038,BNO_ACC,2735,-3100,2,7.47266,0.23047,-4.98047
23444632,BNO_ACC,2736,-4300,2,7.58594,-0.26953,-4.63672
23453140,BNO_ACC,2737,-4600,2,9.08203,-0.69141,-2.87109
23458078,BNO_ACC,2738,-2300,2,10.03516,-1.10938,-0.95703
23465011,BNO_ACC,2739,-700,2,10.38281,-0.91797,0.23047
23474840,BNO_ACC,2740,-2500,2,10.41797,-1.07422,-0.26953
23482968,BNO_ACC,2741,-2300,2,9.96484,-1.41797,-0.53516
23493319,BNO_ACC,2742,-4600,2,8.53906,-1.07422,-0.95703
23498235,BNO_ACC,2743,-2300,2,6.93359,-0.88281,-1.68359
23505082,BNO_ACC,2744,-700,2,5.55859,-1.18750,-2.29688
23514199,BNO_ACC,2745,-1600,2,4.32812,-0.99609,-2.56641
23525073,BNO_ACC,2746,-4500,2,1.53125,-0.95703,-1.83594
23533152,BNO_ACC,2747,-4200,2,-0.42188,-1.11328,-1.07422
23545205,BNO_ACC,2748,-900,2,-1.18750,-1.07422,3.41016
23554416,BNO_ACC,2749,-1800,2,-0.95703,-2.64453,4.55469
23565173,BNO_ACC,2750,-4300,2,-0.26953,-4.06250,6.28125
23573399,BNO_ACC,2751,-4200,2,0.65234,-4.17578,7.54688
23578356,BNO_ACC,2752,-2300,2,-0.26953,-2.33594,8.46094
23585402,BNO_ACC,2753,-700,2,-3.17969,-0.99609,8.81250
23594452,BNO_ACC,2754,-1600,2,-4.40625,-1.37891,8.19531
23605244,BNO_ACC,2755,-4300,2,-6.55078,-1.83984,6.96875
23613809,BNO_ACC,2756,-4400,2,-9.30859,-2.52734,5.97656
23618739,BNO_ACC,2757,-2300,2,-10.57422,-4.40625,5.74609
23625717,BNO_ACC,2758,-700,2,-10.00000,-6.66406,7.89062
23634678,BNO_ACC,2759,-1000,2,-8.73438,-6.66406,10.49219
23645519,BNO_ACC,2760,-4300,2,-7.20312,-5.89844,13.06250
23653864,BNO_ACC,2761,-4400,2,-4.98047,-5.13281,15.01953
23658787,BNO_ACC,2762,-2300,2,-2.75781,-4.59766,16.74219
23665827,BNO_ACC,2763,-700,2,-1.03516,-4.78906,19.69141
23674659,BNO_ACC,2764,-1000,2,0.57422,-4.48047,22.37109
23683718,BNO_ACC,2765,-2000,2,2.71875,-2.67969,25.62500
23693914,BNO_ACC,2766,-4200,2,5.40234,-0.03906,29.18750
23698868,BNO_ACC,2767,-2300,2,6.66406,1.18750,29.80469
23705709,BNO_ACC,2768,-500,2,4.17578,0.57422,28.12109
23714920,BNO_ACC,2769,-1000,2,0.72656,0.07812,24.59375
23723778,BNO_ACC,2770,-2000,2,-2.37500,-0.46094,20.37891
23734109,BNO_ACC,2771,-4400,2,-5.28516,-0.91797,16.35156
23739025,BNO_ACC,2772,-2300,2,-6.08984,-1.10938,13.14062
23745916,BNO_ACC,2773,-700,2,-5.93750,-1.76172,11.71875
23754930,BNO_ACC,2774,-1000,2,-6.01562,-1.80078,11.98828
23763987,BNO_ACC,2775,-2000,2,-5.32422,-1.26562,12.91016
23774373,BNO_ACC,2776,-4400,2,-3.02734,-1.03516,14.25000
23779286,BNO_ACC,2777,-2300,2,-0.91797,-1.14844,15.05859
23786138,BNO_ACC,2778,-700,2,-0.91797,-0.99609,15.05469
23795251,BNO_ACC,2779,-1000,2,-2.67969,-0.38281,13.10156
23804324,BNO_ACC,2780,-2200,2,-3.90625,-1.87891,8.77734
23814547,BNO_ACC,2781,-4400,2,-5.25000,-4.51953,5.36328
23826081,BNO_ACC,2782,-700,2,-7.12891,-6.93359,-2.18359
23835348,BNO_ACC,2783,-1000,2,-6.20703,-7.42969,-4.71094
23844316,BNO_ACC,2784,-2000,2,-4.40625,-7.58594,-4.94141
23854571,BNO_ACC,2785,-4400,2,-5.32422,-7.01172,-4.13672
23859499,BNO_ACC,2786,-2300,2,-3.90625,-5.70312,-1.49219
23866633,BNO_ACC,2787,-500,2,-3.17969,-4.21094,0.99609
23875500,BNO_ACC,2788,-1000,2,-4.13281,-2.87109,1.26562
23884462,BNO_ACC,2789,-2000,2,-6.12500,-1.99219,0.00000
23894916,BNO_ACC,2790,-4600,2,-7.58594,-1.49219,0.15234
23906550,BNO_ACC,2791,-500,2,-8.58203,-0.15234,0.49609
23915168,BNO_ACC,2792,-900,2,-8.84375,0.42188,1.03516
23924009,BNO_ACC,2793,-1300,2,-9.00391,0.76562,1.30078
23934632,BNO_ACC,2794,-4000,2,-9.46484,0.80469,1.95312
23939542,BNO_ACC,2795,-2300,2,-10.30859,0.84375,2.37500
23946693,BNO_ACC,2796,-500,2,-10.83984,0.84375,2.45312
23955664,BNO_ACC,2797,-1000,2,-11.10938,0.95703,2.60547
23964719,BNO_ACC,2798,-1800,2,-11.29688,1.18750,2.48828
23975237,BNO_ACC,2799,-4600,2,-11.11328,1.22656,2.18359
23986883,BNO_ACC,2800,-500,2,-11.68359,0.72656,2.29688
23995601,BNO_ACC,2801,-1000,2,-12.44922,0.46094,2.71875
24004582,BNO_ACC,2802,-1600,2,-13.02344,0.53516,3.25781
24015080,BNO_ACC,2803,-4000,2,-13.25391,0.46094,3.64062
24026788,BNO_ACC,2804,-700,2,-13.10156,-0.38281,4.40625
24035497,BNO_ACC,2805,-700,2,-12.21875,-0.88281,4.78906
24045677,BNO_ACC,2806,-2900,2,-11.26172,-1.07422,5.40234
24055162,BNO_ACC,2807,-4000,2,-10.53125,-1.18750,5.74609
24066882,BNO_ACC,2808,-500,2,-8.81641,-1.41797,6.05078
24075694,BNO_ACC,2809,-700,2,-7.89453,-1.53125,5.66797
24086566,BNO_ACC,2810,-3400,2,-8.12109,-1.37891,4.75000
24094530,BNO_ACC,2811,-3100,2,-8.77734,-1.10938,2.98828
24104742,BNO_ACC,2812,-5300,2,-9.68750,-1.18750,1.99219
24107611,BNO_ACC,2813,-1000,2,-10.11328,-0.84375,1.07422
24115452,BNO_ACC,2814,-500,2,-10.18750,-0.42188,0.61328
24126164,BNO_ACC,2815,-2900,2,-10.38281,-0.42188,1.37891
24136108,BNO_ACC,2816,-4700,2,-10.03516,-0.49609,2.41406
24145435,BNO_ACC,2817,-5900,2,-9.46094,-0.46094,3.56250
24146758,BNO_ACC,2818,-700,2,-8.77344,-0.53516,4.98047
24156046,BNO_ACC,2819,-500,2,-8.11719,-0.61328,6.35938
24166934,BNO_ACC,2820,-3400,2,-8.15625,-0.46094,7.85156
24176125,BNO_ACC,2821,-4700,2,-8.54297,-0.34375,9.12109
24185471,BNO_ACC,2822,-5700,2,-10.10938,-1.03516,9.38672
24186999,BNO_ACC,2823,-500,2,-12.33594,-0.30469,9.53906
24195971,BNO_ACC,2824,-700,2,-13.25000,0.46094,7.85156
24206810,BNO_ACC,2825,-3100,2,-14.51953,0.42188,6.47266
24216292,BNO_ACC,2826,-4700,2,-13.87109,-0.26953,5.09375
24225636,BNO_ACC,2827,-5700,2,-12.48438,-1.07422,4.71094
24227221,BNO_ACC,2828,-500,2,-11.03516,-1.68359,4.71094
24236304,BNO_ACC,2829,-700,2,-8.66016,-2.10547,5.09375
24247126,BNO_ACC,2830,-3400,2,-5.66797,-2.87109,6.66406
24256351,BNO_ACC,2831,-4500,2,-2.79688,-3.33203,8.96094
24265714,BNO_ACC,2832,-5500,2,0.30469,-4.09766,11.71875
24267201,BNO_ACC,2833,-700,2,0.95703,-4.71094,13.63672
24276312,BNO_ACC,2834,-500,2,0.00000,-5.13281,14.51562
24287148,BNO_ACC,2835,-3200,2,-1.68359,-5.17188,15.05469
24294922,BNO_ACC,2836,-2600,2,-2.60547,-4.55859,15.24219
24305346,BNO_ACC,2837,-4900,2,-4.06250,-2.71875,14.98047
24308975,BNO_ACC,2838,-1200,2,-7.12500,-0.80469,14.35938
24316227,BNO_ACC,2839,-700,2,-8.88672,2.41406,12.67969
24326899,BNO_ACC,2840,-2900,2,-4.98047,3.17969,9.88281
24336553,BNO_ACC,2841,-4300,2,-0.15234,2.71875,9.61328
24345926,BNO_ACC,2842,-5300,2,0.07812,3.10156,9.30859
24349955,BNO_ACC,2843,-2500,2,-0.19141,3.37109,7.23438
24356839,BNO_ACC,2844,-700,2,1.14844,1.76172,5.35938
24366797,BNO_ACC,2845,-2500,2,2.60547,-1.22656,4.82812
24376807,BNO_ACC,2846,-4300,2,3.48438,-2.45312,4.09766
24385229,BNO_ACC,2847,-4400,2,4.36719,-2.14453,4.06250
24390172,BNO_ACC,2848,-2300,2,3.90625,-2.45312,3.56250
24397033,BNO_ACC,2849,-700,2,3.48438,-2.29688,2.26172
24406017,BNO_ACC,2850,-1600,2,4.78906,-1.53125,2.33594
24416817,BNO_ACC,2851,-4300,2,5.97656,-0.57422,4.48047
24425458,BNO_ACC,2852,-4600,2,8.81250,0.91797,5.40234
24430385,BNO_ACC,2853,-2300,2,9.03906,2.67969,5.17188
24437269,BNO_ACC,2854,-500,2,9.84766,1.76172,4.02344
24446175,BNO_ACC,2855,-1400,2,10.49219,-1.03516,3.14062
24455203,BNO_ACC,2856,-2200,2,10.80078,-2.75781,3.21875
24465497,BNO_ACC,2857,-4400,2,12.18359,-3.17969,3.86719
24470387,BNO_ACC,2858,-2300,2,13.67188,-2.67969,4.55859
24477346,BNO_ACC,2859,-500,2,13.29297,-1.87891,4.32812
24486328,BNO_ACC,2860,-1000,2,12.82812,-0.69141,3.52344
24495358,BNO_ACC,2861,-2200,2,12.17969,-0.34375,3.83203
24505551,BNO_ACC,2862,-4400,2,11.11328,-0.26953,4.06250
24510493,BNO_ACC,2863,-2300,2,11.29688,0.34375,3.79297
24517480,BNO_ACC,2864,-700,2,11.26172,0.65234,3.56250
24526672,BNO_ACC,2865,-900,2,9.54297,1.53125,3.79297
24537485,BNO_ACC,2866,-4300,2,9.58203,1.83984,1.37891
24545666,BNO_ACC,2867,-4400,2,11.49219,0.91797,-0.72656
24550598,BNO_ACC,2868,-2300,2,10.72656,0.03906,-1.99219
24557518,BNO_ACC,2869,-700,2,8.42578,0.46094,-2.45312
24566864,BNO_ACC,2870,-1000,2,7.69922,1.18750,-3.67578
24575998,BNO_ACC,2871,-2400,2,7.96875,1.14844,-3.86719
24586146,BNO_ACC,2872,-4600,2,7.51172,0.80469,-4.48047
24598365,BNO_ACC,2873,-900,2,6.36328,0.91797,-6.12891
24607047,BNO_ACC,2874,-1000,2,5.40234,0.53516,-7.01172
24617883,BNO_ACC,2875,-4300,2,5.21094,0.15234,-7.27344
24625861,BNO_ACC,2876,-4200,2,6.62500,-0.11328,-6.24219
24630924,BNO_ACC,2877,-2300,2,7.51172,0.03906,-5.63281
24638014,BNO_ACC,2878,-700,2,6.96875,0.57422,-6.51172
24646947,BNO_ACC,2879,-1000,2,6.32031,0.61328,-7.54688
24656008,BNO_ACC,2880,-2200,2,5.47656,0.07812,-8.77734
24666238,BNO_ACC,2881,-4200,2,4.44531,-0.61328,-9.72656
24671142,BNO_ACC,2882,-2300,2,4.44531,-1.64844,-10.26562
24678135,BNO_ACC,2883,-500,2,3.86719,-2.67969,-9.84766
24687205,BNO_ACC,2884,-1000,2,3.56250,-2.52734,-9.23047
24696129,BNO_ACC,2885,-2200,2,2.79688,-1.68359,-8.92578
24706391,BNO_ACC,2886,-4400,2,1.72266,-1.76172,-8.50391
24711326,BNO_ACC,2887,-2300,2,1.49219,-2.29688,-6.78125
24718308,BNO_ACC,2888,-500,2,3.14062,-2.71875,-3.33203
24727320,BNO_ACC,2889,-900,2,4.67188,-2.75781,0.72656
24736424,BNO_ACC,2890,-2200,2,7.05078,-2.94922,3.94531
24746711,BNO_ACC,2891,-4400,2,8.53906,-2.75781,5.13281
24758308,BNO_ACC,2892,-500,2,6.97266,-1.41797,2.56641
24767378,BNO_ACC,2893,-900,2,4.13281,-0.76562,1.26562
24776436,BNO_ACC,2894,-2000,2,2.98828,-0.88281,1.99219
24786732,BNO_ACC,2895,-4400,2,1.87891,0.23047,3.83203
24798525,BNO_ACC,2896,-700,2,4.75000,-0.11328,11.10938
24807400,BNO_ACC,2897,-1000,2,7.89062,-0.19141,13.90625
24816505,BNO_ACC,2898,-2000,2,9.26953,0.46094,15.58984
24826802,BNO_ACC,2899,-4200,2,9.80859,1.41797,15.09375
24838626,BNO_ACC,2900,-700,2,7.77734,1.68359,11.41406
24847547,BNO_ACC,2901,-900,2,5.32422,1.57031,9.72656
24856625,BNO_ACC,2902,-1800,2,2.18359,1.45703,7.85156
24867208,BNO_ACC,2903,-4400,2,4.94141,-1.07422,7.54688
24878830,BNO_ACC,2904,-700,2,3.14062,-2.29688,9.60938
24887707,BNO_ACC,2905,-900,2,2.41406,-3.10156,10.64844
24896847,BNO_ACC,2906,-1800,2,3.52344,-4.63672,11.57031
24907335,BNO_ACC,2907,-4400,2,4.63672,-4.13672,13.21484
24919014,BNO_ACC,2908,-500,2,5.01953,-2.29688,15.09766
24927662,BNO_ACC,2909,-900,2,4.44531,-2.14453,13.98047
24936655,BNO_ACC,2910,-1600,2,3.48438,-2.14453,13.17578
24946988,BNO_ACC,2911,-3800,2,2.60547,-1.22656,12.44531
24959357,BNO_ACC,2912,-700,2,0.61328,-1.18750,10.00391
24968266,BNO_ACC,2913,-1000,2,-0.15234,-1.33984,9.19531
24977979,BNO_ACC,2914,-3100,2,0.03906,-2.18359,9.38281
24987546,BNO_ACC,2915,-4300,2,1.60938,-2.71875,10.41406
25000401,BNO_ACC,2916,-1000,2,2.87109,-2.71875,11.49219
25007677,BNO_ACC,2917,-500,2,2.83594,-2.83594,10.95312
25018530,BNO_ACC,2918,-3400,2,2.75781,-2.98828,10.64844
25026535,BNO_ACC,2919,-2900,2,1.83984,-2.26172,10.73047
25036709,BNO_ACC,2920,-5100,2,1.14844,-1.14844,9.46484
25039225,BNO_ACC,2921,-700,2,-0.15234,-0.99609,8.19531
25047734,BNO_ACC,2922,-500,2,-1.30078,-0.65234,7.39453
25058595,BNO_ACC,2923,-3200,2,-1.99219,-0.15234,6.78125
25068085,BNO_ACC,2924,-4500,2,-2.10547,-0.46094,6.24609
25077454,BNO_ACC,2925,-5900,2,-2.03125,-0.80469,6.74609
25078943,BNO_ACC,2926,-700,2,-1.45703,-0.91797,7.81641
25087965,BNO_ACC,2927,-500,2,-0.49609,-1.03516,9.23047
25098227,BNO_ACC,2928,-2700,2,-0.19141,-1.14844,10.07422
25107761,BNO_ACC,2929,-3900,2,-0.61328,-1.37891,10.23047
25119935,BNO_ACC,2930,-1000,2,-1.18750,-1.64844,9.46094
25128190,BNO_ACC,2931,-700,2,-1.41797,-1.45703,9.50391
25139160,BNO_ACC,2932,-3400,2,-1.57031,-1.60938,9.22656
25148330,BNO_ACC,2933,-4700,2,-2.07031,-2.03125,8.88281
25157665,BNO_ACC,2934,-5700,2,-2.60547,-2.03125,8.53906
25159341,BNO_ACC,2935,-500,2,-3.52344,-2.37500,7.81250
25168421,BNO_ACC,2936,-700,2,-4.44531,-2.45312,7.16797
25179411,BNO_ACC,2937,-3200,2,-4.82812,-2.18359,7.05078
25186842,BNO_ACC,2938,-2500,2,-4.63672,-2.10547,7.73828
25197193,BNO_ACC,2939,-4900,2,-3.98438,-2.07031,8.58203
25199890,BNO_ACC,2940,-900,2,-3.90625,-1.87891,9.80469
25208229,BNO_ACC,2941,-500,2,-3.56250,-1.64844,11.14844
25218994,BNO_ACC,2942,-2900,2,-2.98828,-1.53125,12.44531
25228628,BNO_ACC,2943,-4500,2,-3.10156,-0.84375,13.06641
25237111,BNO_ACC,2944,-4700,2,-2.94922,-0.72656,12.25781
25239780,BNO_ACC,2945,-700,2,-3.48438,-1.07422,11.37891
25248396,BNO_ACC,2946,-500,2,-4.21484,-0.80469,10.45312
25259266,BNO_ACC,2947,-2900,2,-4.51953,-0.38281,9.84766
25268631,BNO_ACC,2948,-4300,2,-5.28516,-0.49609,9.16016
25278047,BNO_ACC,2949,-5500,2,-5.85938,-0.76562,8.12109
25282144,BNO_ACC,2950,-2300,2,-6.32031,-0.76562,7.23828
25289179,BNO_ACC,2951,-900,2,-6.43750,-0.76562,6.50781
25297993,BNO_ACC,2952,-1600,2,-6.78516,-0.95703,5.93750
25308768,BNO_ACC,2953,-4300,2,-7.35547,-1.37891,5.01953
25318044,BNO_ACC,2954,-5100,2,-7.97266,-1.91406,3.60156
25322103,BNO_ACC,2955,-2500,2,-7.39062,-2.94922,1.72266
25328989,BNO_ACC,2956,-500,2,-6.96875,-4.06250,0.34375
25338328,BNO_ACC,2957,-1000,2,-7.31641,-4.51953,-0.95703
25347388,BNO_ACC,2958,-2600,2,-7.23828,-3.64062,-1.80078
25357628,BNO_ACC,2959,-4700,2,-6.35938,-2.94922,-2.18359
25361393,BNO_ACC,2960,-1200,2,-5.85938,-2.83594,-1.87891
25368735,BNO_ACC,2961,-700,2,-5.90234,-2.64453,-1.14844
25379417,BNO_ACC,2962,-2700,2,-6.35938,-1.95312,-0.61328
25387243,BNO_ACC,2963,-2000,2,-6.85156,-1.14844,-0.07812
25397422,BNO_ACC,2964,-4400,2,-7.77734,-0.76562,0.46094
25409628,BNO_ACC,2965,-700,2,-10.61328,-1.26562,0.61328
25418508,BNO_ACC,2966,-1000,2,-11.83594,-1.22656,0.84375
25429299,BNO_ACC,2967,-4300,2,-13.02734,-1.26562,1.26562
25437542,BNO_ACC,2968,-4300,2,-14.75391,-1.60938,1.68359
25442451,BNO_ACC,2969,-2300,2,-16.74609,-1.91406,2.07031
25449441,BNO_ACC,2970,-700,2,-18.38672,-2.26172,3.17969
25458685,BNO_ACC,2971,-1000,2,-19.60938,-2.67969,4.78906
25469491,BNO_ACC,2972,-4300,2,-19.38281,-3.21875,6.43750
25477660,BNO_ACC,2973,-4300,2,-17.54297,-3.64062,7.81641
25482580,BNO_ACC,2974,-2300,2,-14.89844,-3.90625,8.69531
25489628,BNO_ACC,2975,-700,2,-12.30078,-4.06250,8.73438
25498859,BNO_ACC,2976,-1000,2,-10.26562,-4.09766,8.27344
25507835,BNO_ACC,2977,-2200,2,-9.15625,-3.71484,7.69922
25518007,BNO_ACC,2978,-4400,2,-8.27734,-3.17969,7.31641
25530346,BNO_ACC,2979,-700,2,-7.96875,-2.60547,5.55469
25539023,BNO_ACC,2980,-1000,2,-8.50391,-1.80078,4.21484
25547987,BNO_ACC,2981,-2400,2,-8.81641,-1.03516,3.02734
25558308,BNO_ACC,2982,-4400,2,-9.58203,-0.53516,1.87891
25563233,BNO_ACC,2983,-2300,2,-10.38672,-0.72656,0.88281
25570215,BNO_ACC,2984,-700,2,-10.99219,-1.33984,-0.07812
25579060,BNO_ACC,2985,-1000,2,-11.53125,-1.72266,-0.99609
25588156,BNO_ACC,2986,-2200,2,-11.60156,-2.10547,-1.45703
25598372,BNO_ACC,2987,-4400,2,-10.83984,-2.64453,-0.84375
25603291,BNO_ACC,2988,-2300,2,-9.57812,-2.71875,0.49609
25610449,BNO_ACC,2989,-500,2,-8.23828,-2.75781,2.52734
25619293,BNO_ACC,2990,-900,2,-7.81250,-2.64453,4.51953
25628305,BNO_ACC,2991,-2200,2,-7.89453,-2.29688,5.51562
25638571,BNO_ACC,2992,-4400,2,-8.23828,-1.87891,6.43750
25643492,BNO_ACC,2993,-2300,2,-8.11719,-1.53125,8.04297
25650292,BNO_ACC,2994,-500,2,-8.04297,-1.26562,10.00000
25659363,BNO_ACC,2995,-900,2,-8.42578,-0.38281,10.49609
25668487,BNO_ACC,2996,-2200,2,-8.96484,-1.07422,10.76953
25678773,BNO_ACC,2997,-4400,2,-10.49609,-1.64844,11.30078
25690377,BNO_ACC,2998,-500,2,-13.17188,-2.52734,9.53906
25699245,BNO_ACC,2999,-900,2,-13.21484,-2.75781,7.27734
25708306,BNO_ACC,3000,-1800,2,-12.02344,-3.56250,5.21094
25718660,BNO_ACC,3001,-4000,2,-10.69141,-4.02344,4.36719
25723605,BNO_ACC,3002,-2300,2,-8.23438,-4.51953,4.09766
25730607,BNO_ACC,3003,-700,2,-4.82812,-5.63672,4.98047
25739560,BNO_ACC,3004,-900,2,-0.88281,-5.74609,6.66797
25748431,BNO_ACC,3005,-1800,2,0.46094,-4.71094,8.31250
25758797,BNO_ACC,3006,-4000,2,-0.49609,-3.41016,9.11719
25763706,BNO_ACC,3007,-2300,2,-2.56641,-1.68359,8.07812
25770775,BNO_ACC,3008,-700,2,-4.17578,0.38281,6.16797
25779688,BNO_ACC,3009,-1000,2,-4.67188,1.22656,4.71484
25788807,BNO_ACC,3010,-2000,2,-5.59375,1.10938,3.94531
25799104,BNO_ACC,3011,-4200,2,-5.35938,1.41797,3.41016
25810861,BNO_ACC,3012,-700,2,-2.26172,2.03125,4.51562
25819647,BNO_ACC,3013,-900,2,-0.69141,1.37891,5.94141
25828665,BNO_ACC,3014,-1600,2,0.34375,0.61328,7.39062
25839075,BNO_ACC,3015,-3800,2,1.45703,-0.34375,8.81250
25851027,BNO_ACC,3016,-700,2,2.67969,-1.41797,11.49219
25859557,BNO_ACC,3017,-700,2,3.25781,-1.60938,12.79297
25870516,BNO_ACC,3018,-3600,2,3.75391,-1.49219,13.37109
25878628,BNO_ACC,3019,-3400,2,3.75391,-1.49219,13.25391
25888919,BNO_ACC,3020,-5500,2,3.67578,-1.45703,12.75781
25890412,BNO_ACC,3021,-700,2,2.71875,-1.37891,11.76172
25900047,BNO_ACC,3022,-900,2,2.14453,-0.95703,10.45703
25909024,BNO_ACC,3023,-1600,2,1.68359,-0.80469,9.04297
25919546,BNO_ACC,3024,-4000,2,1.72266,-1.07422,7.93359
25931252,BNO_ACC,3025,-700,2,1.68359,-0.95703,7.39453
25939629,BNO_ACC,3026,-700,2,1.83984,-0.80469,7.77734
25950516,BNO_ACC,3027,-3200,2,2.48828,-0.91797,8.65625
25960118,BNO_ACC,3028,-4700,2,2.91016,-0.88281,9.22656
25969563,BNO_ACC,3029,-5900,2,2.87109,-0.91797,9.61328
25970867,BNO_ACC,3030,-500,2,2.45312,-0.95703,9.76953
25980207,BNO_ACC,3031,-900,2,1.99219,-0.80469,9.73047
25989362,BNO_ACC,3032,-1500,2,1.83984,-0.80469,9.65234
25999657,BNO_ACC,3033,-4000,2,1.72266,-0.80469,9.76953
26011904,BNO_ACC,3034,-1000,2,1.41797,-0.38281,9.88672
26019828,BNO_ACC,3035,-500,2,1.14844,-0.38281,9.92578
26030804,BNO_ACC,3036,-3100,2,1.10938,-0.34375,10.00000
26040305,BNO_ACC,3037,-4700,2,1.37891,-0.38281,10.14844
26049781,BNO_ACC,3038,-5900,2,1.57031,-0.42188,10.45703
26051198,BNO_ACC,3039,-500,2,1.49219,-0.34375,10.76953
26060176,BNO_ACC,3040,-700,2,1.41797,-0.57422,11.33984
26079470,BNO_ACC,3041,-3300,2,1.99219,-0.57422,13.33203
26089911,BNO_ACC,3042,-5900,2,2.07031,-0.53516,14.59766
26091580,BNO_ACC,3043,-500,2,2.87109,-0.53516,16.08984
26100223,BNO_ACC,3044,-700,2,3.29297,-0.11328,17.15625
26111029,BNO_ACC,3045,-3100,2,3.02734,0.26953,17.61719
26120451,BNO_ACC,3046,-4500,2,3.10156,0.15234,18.00000
26129754,BNO_ACC,3047,-5300,2,3.71484,0.30469,18.58203
26133982,BNO_ACC,3048,-2500,2,3.60156,0.38281,18.61719
26140827,BNO_ACC,3049,-700,2,4.75000,-0.57422,19.00000
26150735,BNO_ACC,3050,-2500,2,6.55078,-2.87109,21.49219
26160731,BNO_ACC,3051,-4500,2,7.46875,-4.67188,23.75391
26169280,BNO_ACC,3052,-4700,2,4.59766,-5.13281,23.82812
26171824,BNO_ACC,3053,-700,2,-1.76172,-3.10156,20.72266
26180513,BNO_ACC,3054,-500,2,-5.66797,-2.52734,14.43750
26191349,BNO_ACC,3055,-2900,2,-7.20312,-2.67969,9.88281
26200719,BNO_ACC,3056,-4300,2,-8.31250,-2.22266,6.32031
26210151,BNO_ACC,3057,-5500,2,-7.85156,-1.72266,3.41016
26214217,BNO_ACC,3058,-2500,2,-5.90234,-0.84375,-0.72656
26221257,BNO_ACC,3059,-700,2,-3.79297,0.49609,-3.56250
26230268,BNO_ACC,3060,-1800,2,1.37891,-0.76562,-6.20312
26239526,BNO_ACC,3061,-2700,2,2.91016,-0.99609,-7.85156
26249951,BNO_ACC,3062,-5100,2,3.71484,-0.46094,-10.49609
26254009,BNO_ACC,3063,-2300,2,3.71484,-0.38281,-12.52344
26261021,BNO_ACC,3064,-700,2,3.98438,-1.26562,-12.10547
26270382,BNO_ACC,3065,-1600,2,5.21094,-2.29688,-11.14844
26279514,BNO_ACC,3066,-2500,2,6.12891,-1.99219,-10.26953
26289940,BNO_ACC,3067,-4900,2,6.39844,-1.64844,-9.92188
26293514,BNO_ACC,3068,-1200,2,6.74219,-1.07422,-9.50391
26300834,BNO_ACC,3069,-700,2,7.66016,-0.61328,-8.53906
26311669,BNO_ACC,3070,-2700,2,8.65625,-0.57422,-6.97266
26319222,BNO_ACC,3071,-2000,2,9.42578,-0.65234,-5.55469
26330361,BNO_ACC,3072,-5100,2,10.95703,-0.61328,-3.21875
26334439,BNO_ACC,3073,-2500,2,12.33594,-0.57422,-1.91406
26341477,BNO_ACC,3074,-700,2,12.02344,-0.38281,-1.64844
26350740,BNO_ACC,3075,-1000,2,11.80078,-0.34375,-1.57031
26361496,BNO_ACC,3076,-4300,2,12.10547,-0.65234,-1.14844
26369705,BNO_ACC,3077,-4300,2,11.83984,-0.80469,-0.95703
26374628,BNO_ACC,3078,-2300,2,11.45312,-0.46094,-0.91797
26381606,BNO_ACC,3079,-700,2,11.57422,-0.38281,-0.99609
26390810,BNO_ACC,3080,-1000,2,11.25781,-0.46094,-0.91797
26401648,BNO_ACC,3081,-4300,2,10.83984,-0.38281,-0.80469
26409842,BNO_ACC,3082,-4400,2,10.64844,-0.11328,-0.65234
26414771,BNO_ACC,3083,-2300,2,10.41406,0.07812,-0.38281
26421762,BNO_ACC,3084,-700,2,10.26562,-0.03906,0.26953
26430972,BNO_ACC,3085,-1000,2,9.46094,-0.15234,-0.30469
26441783,BNO_ACC,3086,-4300,2,9.64844,0.38281,-0.38281
26449938,BNO_ACC,3087,-4100,2,9.38281,0.19141,-0.26953
26454849,BNO_ACC,3088,-2300,2,8.77734,0.46094,-0.65234
26461781,BNO_ACC,3089,-500,2,8.58203,0.61328,-0.99609
26471059,BNO_ACC,3090,-1000,2,8.15625,0.65234,-1.07422
26480061,BNO_ACC,3091,-2200,2,8.19922,0.84375,-1.14844
26490297,BNO_ACC,3092,-4200,2,8.19531,0.76562,-1.14844
26502503,BNO_ACC,3093,-900,2,8.73438,0.34375,-0.30469
26511308,BNO_ACC,3094,-1000,2,9.16016,0.34375,0.07812
26522185,BNO_ACC,3095,-4300,2,8.92188,0.49609,-0.15234
26530355,BNO_ACC,3096,-4300,2,8.84375,0.61328,-0.42188
26535303,BNO_ACC,3097,-2300,2,9.00391,0.65234,-0.26953
26542157,BNO_ACC,3098,-500,2,9.22656,0.69141,-0.38281
26551316,BNO_ACC,3099,-900,2,9.42578,0.57422,-0.38281
26560379,BNO_ACC,3100,-2200,2,9.58203,0.30469,-0.30469
26570573,BNO_ACC,3101,-4200,2,9.68750,0.07812,-0.23047
26575523,BNO_ACC,3102,-2300,2,9.69141,0.03906,-0.34375
26582341,BNO_ACC,3103,-700,2,9.53906,0.07812,-0.57422
26591557,BNO_ACC,3104,-1000,2,9.65234,0.23047,-0.91797
26600495,BNO_ACC,3105,-2200,2,10.10938,0.03906,-1.03516
26610833,BNO_ACC,3106,-4400,2,10.41797,-0.46094,-0.80469
26622520,BNO_ACC,3107,-700,2,10.72656,-0.46094,-1.07422
26631429,BNO_ACC,3108,-1000,2,10.83984,0.34375,-1.07422
26640426,BNO_ACC,3109,-1800,2,11.29688,-0.99609,-1.80078
26650943,BNO_ACC,3110,-4400,2,10.14844,-0.65234,-2.56641
26662738,BNO_ACC,3111,-700,2,10.72656,-0.38281,-2.87109
26671520,BNO_ACC,3112,-1000,2,10.68750,-0.11328,-3.33203
26680582,BNO_ACC,3113,-1600,2,10.19141,0.42188,-3.60156
26691283,BNO_ACC,3114,-4400,2,10.07422,0.57422,-4.21484
26702959,BNO_ACC,3115,-700,2,9.30859,1.10938,-5.40234
26712035,BNO_ACC,3116,-900,2,7.69531,2.29688,-6.89453
26722049,BNO_ACC,3117,-3200,2,5.32422,2.75781,-8.46484
26730542,BNO_ACC,3118,-3500,2,3.67578,1.57031,-9.08203
26740996,BNO_ACC,3119,-6100,2,1.76172,0.46094,-8.88672
26742343,BNO_ACC,3120,-700,2,-1.10938,-0.19141,-7.85547
26751951,BNO_ACC,3121,-1000,2,-2.91016,-0.91797,-5.17188
26760947,BNO_ACC,3122,-1800,2,-4.63672,-1.60938,-1.57031
26771623,BNO_ACC,3123,-4400,2,-5.78516,-2.29688,2.60547
26783257,BNO_ACC,3124,-500,2,-4.71094,-2.10547,8.00781
26792236,BNO_ACC,3125,-1000,2,-3.21875,-1.60938,9.80469
26802301,BNO_ACC,3126,-3200,2,-1.33984,-1.76172,11.75781
26810705,BNO_ACC,3127,-3300,2,0.46094,-0.26953,13.75391
26821028,BNO_ACC,3128,-5900,2,3.29297,-0.30469,17.05078
26822697,BNO_ACC,3129,-700,2,5.44141,-1.45703,19.68750
26831974,BNO_ACC,3130,-700,2,6.39844,-1.41797,20.03516
26840934,BNO_ACC,3131,-1400,2,5.63281,-1.87891,20.19141
26851412,BNO_ACC,3132,-3800,2,3.98438,-2.87109,19.26953
26860748,BNO_ACC,3133,-5200,2,1.60938,-3.60156,17.46875
26863300,BNO_ACC,3134,-700,2,-0.11328,-4.51953,15.94141
26871904,BNO_ACC,3135,-700,2,-0.65234,-5.17188,15.28516
26882675,BNO_ACC,3136,-3400,2,0.69141,-5.63281,15.58984
26892330,BNO_ACC,3137,-4900,2,2.83594,-5.40234,16.62891
26900868,BNO_ACC,3138,-5100,2,5.25000,-4.86328,17.05078
26903381,BNO_ACC,3139,-700,2,6.58984,-4.32812,16.35156
26911935,BNO_ACC,3140,-700,2,6.24219,-3.56250,15.82422
26922788,BNO_ACC,3141,-3100,2,5.59375,-2.75781,14.86328
26932371,BNO_ACC,3142,-4900,2,4.71094,-2.10547,12.98828
26941758,BNO_ACC,3143,-5900,2,3.17969,-0.95703,11.30078
26943078,BNO_ACC,3144,-500,2,1.91406,-0.57422,10.14844
26952341,BNO_ACC,3145,-700,2,0.80469,-0.84375,9.61328
26961324,BNO_ACC,3146,-1300,2,0.38281,-1.14844,8.57812
26971739,BNO_ACC,3147,-3600,2,0.11328,-1.57031,8.39453
26981171,BNO_ACC,3148,-5200,2,0.61328,-1.76172,8.39453
26983894,BNO_ACC,3149,-900,2,1.18750,-1.72266,8.46484
26992046,BNO_ACC,3150,-700,2,1.87891,-1.60938,8.81641
27002918,BNO_ACC,3151,-3100,2,2.52734,-1.68359,9.38672
27011970,BNO_ACC,3152,-4000,2,2.94922,-1.83984,9.80469
27021332,BNO_ACC,3153,-5100,2,2.79688,-1.72266,9.88672
27025015,BNO_ACC,3154,-1000,2,2.18359,-1.72266,9.53906
27032240,BNO_ACC,3155,-700,2,1.45703,-1.87891,8.88672
27043135,BNO_ACC,3156,-2900,2,0.76562,-1.91406,8.35156
27051023,BNO_ACC,3157,-2600,2,0.15234,-1.64844,8.35547
27061350,BNO_ACC,3158,-4900,2,0.07812,-1.30078,8.35547
27064057,BNO_ACC,3159,-900,2,0.26953,-1.03516,8.46484
27072488,BNO_ACC,3160,-500,2,-0.23047,-1.03516,8.46094
27083434,BNO_ACC,3161,-3100,2,-0.11328,-0.84375,8.31250
27092751,BNO_ACC,3162,-4300,2,0.07812,-0.84375,8.58203
27102123,BNO_ACC,3163,-5500,2,0.00000,-0.72656,8.96484
27106204,BNO_ACC,3164,-2300,2,-0.07812,-0.65234,9.12109
27113181,BNO_ACC,3165,-900,2,-0.15234,-0.69141,9.19922
27122996,BNO_ACC,3166,-2700,2,0.00000,-0.61328,9.19531
27132851,BNO_ACC,3167,-4300,2,-0.69141,-0.23047,9.16016
27142440,BNO_ACC,3168,-5700,2,-1.14844,-0.46094,9.50000
27144135,BNO_ACC,3169,-900,2,-1.33984,-0.88281,9.64844
27152812,BNO_ACC,3170,-500,2,-1.60938,-1.37891,9.46094
27163677,BNO_ACC,3171,-3100,2,-1.87891,-1.45703,9.23047
27173012,BNO_ACC,3172,-4300,2,-1.60938,-1.49219,9.64844
27181579,BNO_ACC,3173,-4600,2,-1.53125,-1.57031,9.50000
27186488,BNO_ACC,3174,-2300,2,-3.21875,-1.91406,8.62109
27193324,BNO_ACC,3175,-500,2,-4.71094,-2.94922,5.93750
27202551,BNO_ACC,3176,-1800,2,-6.70703,-4.17578,2.79688
27213351,BNO_ACC,3177,-4500,2,-7.16406,-4.51953,-0.19141
27221572,BNO_ACC,3178,-4400,2,-6.40234,-4.21484,-0.80469
27226499,BNO_ACC,3179,-2300,2,-4.82812,-3.25781,0.23047
27233512,BNO_ACC,3180,-700,2,-3.28906,-1.76172,2.60547
27242708,BNO_ACC,3181,-1000,2,-1.68359,-1.07422,3.71094
27253499,BNO_ACC,3182,-4500,2,-0.99609,-1.22656,5.43750
27261694,BNO_ACC,3183,-4200,2,-1.07422,-1.95312,7.20703
27266622,BNO_ACC,3184,-2300,2,-2.83594,-2.79688,8.61719
27273474,BNO_ACC,3185,-500,2,-5.47656,-2.94922,9.38672
27282852,BNO_ACC,3186,-1000,2,-7.23828,-2.52734,9.96484
27293675,BNO_ACC,3187,-4500,2,-8.00781,-1.80078,10.61328
27301809,BNO_ACC,3188,-4400,2,-9.57812,-0.19141,11.98828
27306747,BNO_ACC,3189,-2300,2,-10.30469,1.22656,12.48828
27313676,BNO_ACC,3190,-500,2,-10.83984,2.48828,11.98828
27322915,BNO_ACC,3191,-1600,2,-11.22266,3.48438,10.41797
27333789,BNO_ACC,3192,-4300,2,-11.98438,3.71484,8.54297
27341856,BNO_ACC,3193,-4300,2,-12.40625,3.06641,6.74219
27346766,BNO_ACC,3194,-2300,2,-12.87109,2.14453,5.51562
27353840,BNO_ACC,3195,-500,2,-13.25000,1.07422,4.32812
27362943,BNO_ACC,3196,-900,2,-13.75000,-0.15234,2.83594
27371943,BNO_ACC,3197,-2200,2,-13.94531,-0.84375,1.87891
27382366,BNO_ACC,3198,-4400,2,-13.87109,-1.45703,1.33984
27387269,BNO_ACC,3199,-2300,2,-13.41016,-1.49219,0.76562
27394319,BNO_ACC,3200,-700,2,-12.60156,-1.22656,0.72656
27403228,BNO_ACC,3201,-1000,2,-12.10547,-0.88281,1.07422
27414105,BNO_ACC,3202,-4500,2,-11.57031,-0.34375,1.80078
27422274,BNO_ACC,3203,-4300,2,-10.95703,0.38281,2.45312
27427188,BNO_ACC,3204,-2300,2,-10.41406,1.10938,3.25781
27434147,BNO_ACC,3205,-700,2,-10.03516,1.60938,3.52344
27443303,BNO_ACC,3206,-1000,2,-9.80469,1.83984,3.44922
27452391,BNO_ACC,3207,-2400,2,-9.73047,1.80078,2.91016
27462708,BNO_ACC,3208,-4400,2,-9.69141,1.49219,1.95312
27474284,BNO_ACC,3209,-500,2,-9.19531,0.38281,0.91797
27483412,BNO_ACC,3210,-1000,2,-8.54297,-0.03906,0.61328
27492556,BNO_ACC,3211,-2200,2,-8.23828,-0.34375,0.38281
27502871,BNO_ACC,3212,-4600,2,-8.31250,-0.72656,0.26953
27514405,BNO_ACC,3213,-500,2,-8.57812,-1.07422,0.26953
27523469,BNO_ACC,3214,-900,2,-8.81641,-0.95703,0.19141
27532399,BNO_ACC,3215,-1800,2,-9.00000,-0.84375,0.19141
27542874,BNO_ACC,3216,-4200,2,-9.19531,-0.61328,0.34375
27547794,BNO_ACC,3217,-2300,2,-9.26953,-0.30469,0.53516
27554673,BNO_ACC,3218,-700,2,-9.34375,-0.03906,0.69141
27563762,BNO_ACC,3219,-1000,2,-9.30469,0.19141,0.80469
27572895,BNO_ACC,3220,-2200,2,-9.19531,0.34375,0.72656
27583211,BNO_ACC,3221,-4400,2,-8.96094,0.26953,0.80469
27594657,BNO_ACC,3222,-500,2,-8.61719,0.11328,0.80469
27603667,BNO_ACC,3223,-1000,2,-8.66016,-0.03906,0.99609
27612614,BNO_ACC,3224,-1800,2,-8.88672,-0.11328,0.95703
27623089,BNO_ACC,3225,-4200,2,-8.92578,-0.19141,0.88281
27635016,BNO_ACC,3226,-500,2,-9.12109,-0.26953,1.03516
27643874,BNO_ACC,3227,-1000,2,-9.19922,-0.34375,1.14844
27652817,BNO_ACC,3228,-1800,2,-9.26562,-0.38281,1.03516
27663311,BNO_ACC,3229,-4200,2,-9.42188,-0.46094,0.72656
27675107,BNO_ACC,3230,-500,2,-9.16016,-0.46094,0.46094
27684134,BNO_ACC,3231,-1000,2,-8.84766,-0.38281,0.49609
27694203,BNO_ACC,3232,-3200,2,-8.69922,-0.38281,0.69141
27704185,BNO_ACC,3233,-5300,2,-8.58203,-0.34375,1.22656
27712787,BNO_ACC,3234,-5500,2,-8.50000,-0.34375,1.91406
27715311,BNO_ACC,3235,-900,2,-8.31641,-0.26953,2.33594
27723909,BNO_ACC,3236,-900,2,-8.27344,-0.15234,2.87109
27732919,BNO_ACC,3237,-1600,2,-8.62109,-0.19141,3.37109
27743382,BNO_ACC,3238,-4000,2,-9.12109,-0.07812,3.90625
27755131,BNO_ACC,3239,-500,2,-9.50000,-0.38281,3.75391
27764094,BNO_ACC,3240,-700,2,-9.76953,-0.72656,3.25781
27773069,BNO_ACC,3241,-1600,2,-10.11328,-0.88281,2.91016
27783675,BNO_ACC,3242,-4000,2,-9.92188,-1.10938,3.10156
27795415,BNO_ACC,3243,-700,2,-9.16016,-1.18750,5.59375
27804236,BNO_ACC,3244,-700,2,-8.19922,-1.33984,7.96875
27813287,BNO_ACC,3245,-1500,2,-6.78125,-1.45703,10.61328
27823762,BNO_ACC,3246,-4000,2,-5.89844,-1.45703,12.40625
27835422,BNO_ACC,3247,-700,2,-6.43750,-0.03906,14.09766
27844191,BNO_ACC,3248,-700,2,-7.92969,0.38281,14.13672
27855032,BNO_ACC,3249,-3400,2,-10.11328,0.34375,12.60547
27864517,BNO_ACC,3250,-4900,2,-10.73047,-0.07812,10.64844
27873094,BNO_ACC,3251,-5100,2,-11.14844,-0.57422,9.61328
27875665,BNO_ACC,3252,-700,2,-10.99219,-0.91797,8.50391
27884196,BNO_ACC,3253,-700,2,-10.57031,-1.49219,8.50391
27895014,BNO_ACC,3254,-3200,2,-10.19141,-1.83984,8.16016
27904585,BNO_ACC,3255,-4900,2,-9.34375,-2.87109,6.97266
27913247,BNO_ACC,3256,-5100,2,-7.43359,-3.17969,6.39844
27915804,BNO_ACC,3257,-700,2,-5.51562,-2.33594,6.24609
27924366,BNO_ACC,3258,-700,2,-3.71484,-1.03516,6.85156
27935289,BNO_ACC,3259,-3200,2,-2.52734,-0.19141,6.66797
27944595,BNO_ACC,3260,-4700,2,-2.14453,0.03906,6.44141
27953907,BNO_ACC,3261,-5500,2,-1.80078,-0.26953,6.08594
27957985,BNO_ACC,3262,-2300,2,-1.64844,-0.38281,5.70312
27964945,BNO_ACC,3263,-700,2,-2.10547,-0.03906,5.32031
27974716,BNO_ACC,3264,-2500,2,-3.21875,0.88281,4.55469
27984000,BNO_ACC,3265,-3700,2,-3.10156,0.46094,3.33203
27993054,BNO_ACC,3266,-5000,2,-3.29297,-0.38281,3.48828
28005214,BNO_ACC,3267,-700,2,-2.45312,0.34375,5.25391
28014211,BNO_ACC,3268,-1800,2,-1.60938,0.46094,7.00781
28025059,BNO_ACC,3269,-4500,2,0.00000,0.11328,9.23047
28033372,BNO_ACC,3270,-4700,2,1.45703,-0.03906,11.25781
28038334,BNO_ACC,3271,-2300,2,2.37500,-0.03906,12.72266
28045426,BNO_ACC,3272,-900,2,2.75781,-0.23047,12.98828
28054282,BNO_ACC,3273,-1600,2,2.94922,-0.57422,12.82812
28063502,BNO_ACC,3274,-2600,2,2.67969,-1.14844,12.52344
28074001,BNO_ACC,3275,-5100,2,2.33594,-1.49219,11.95312
28078075,BNO_ACC,3276,-2300,2,2.14453,-1.37891,11.22266
28084913,BNO_ACC,3277,-700,2,1.53125,-1.33984,10.18750
28095765,BNO_ACC,3278,-3100,2,1.57031,-1.45703,9.64844
28104753,BNO_ACC,3279,-4200,2,1.57031,-1.22656,9.12109
28114188,BNO_ACC,3280,-5200,2,1.83984,-1.26562,9.26953
28118284,BNO_ACC,3281,-2300,2,2.37500,-1.22656,9.80859
28125341,BNO_ACC,3282,-700,2,3.06641,-0.80469,10.18750
28134627,BNO_ACC,3283,-1800,2,3.41016,-0.57422,10.38672
28145453,BNO_ACC,3284,-4500,2,3.37109,-0.88281,10.87891
28153976,BNO_ACC,3285,-4500,2,3.79297,-1.30078,11.41406
28158359,BNO_ACC,3286,-2500,2,4.17578,-0.88281,11.87500
28165279,BNO_ACC,3287,-500,2,4.28906,-0.46094,12.02734
28174852,BNO_ACC,3288,-900,2,3.56250,-0.42188,11.75781
28185587,BNO_ACC,3289,-4500,2,2.71875,-0.38281,11.15234
28194014,BNO_ACC,3290,-4500,2,1.87891,-0.46094,10.41406
28198948,BNO_ACC,3291,-2300,2,1.83984,-1.07422,9.84375
28205857,BNO_ACC,3292,-500,2,2.37500,-1.45703,10.07031
28214860,BNO_ACC,3293,-1000,2,3.71484,-1.41797,11.18750
28225782,BNO_ACC,3294,-4300,2,5.05469,-0.95703,12.29688
28234035,BNO_ACC,3295,-4400,2,6.39844,-1.03516,13.52344
28238953,BNO_ACC,3296,-2300,2,7.31641,-1.30078,14.43750
28245814,BNO_ACC,3297,-700,2,8.04297,-1.68359,15.36328
28254992,BNO_ACC,3298,-900,2,7.92969,-2.10547,15.82422
28265901,BNO_ACC,3299,-4300,2,7.27734,-2.71875,15.85938
28273987,BNO_ACC,3300,-4300,2,4.98047,-2.71875,15.35938
28278931,BNO_ACC,3301,-2300,2,3.41016,-1.87891,12.90625
28285828,BNO_ACC,3302,-700,2,2.52734,-1.60938,11.25781
28295129,BNO_ACC,3303,-1000,2,3.06641,-1.80078,11.07031
28306050,BNO_ACC,3304,-4300,2,3.71484,-1.03516,11.11328
28314286,BNO_ACC,3305,-4400,2,3.60156,-0.30469,10.45312
28319228,BNO_ACC,3306,-2300,2,4.28906,0.15234,9.76562
28326191,BNO_ACC,3307,-700,2,4.67188,-0.07812,9.72656
28335133,BNO_ACC,3308,-1000,2,4.59766,-0.03906,8.11719
28344147,BNO_ACC,3309,-2000,2,3.52344,0.03906,6.24609
28354545,BNO_ACC,3310,-4400,2,2.33594,0.91797,4.29297
28359438,BNO_ACC,3311,-2300,2,2.37891,1.76172,1.57031
28366372,BNO_ACC,3312,-700,2,2.29688,1.57031,0.00000
28375346,BNO_ACC,3313,-1000,2,3.06250,1.45703,-1.30078
28384293,BNO_ACC,3314,-2000,2,3.94922,1.99219,-2.45312
28394640,BNO_ACC,3315,-4400,2,4.17188,2.07031,-3.60156
28399597,BNO_ACC,3316,-2300,2,4.63672,1.87891,-4.89844
28406583,BNO_ACC,3317,-700,2,5.36328,0.99609,-5.47656
28415516,BNO_ACC,3318,-1000,2,5.86328,0.34375,-5.25000
28424698,BNO_ACC,3319,-2200,2,6.24609,0.69141,-5.05469
28435157,BNO_ACC,3320,-4600,2,6.70703,1.03516,-5.09375
28446569,BNO_ACC,3321,-700,2,7.27734,0.80469,-5.25000
28455506,BNO_ACC,3322,-900,2,7.69922,0.19141,-4.98047
28464647,BNO_ACC,3323,-2000,2,8.11719,-0.26953,-4.13672
28474946,BNO_ACC,3324,-4200,2,8.81641,-0.26953,-3.25781
28479858,BNO_ACC,3325,-2300,2,9.38672,0.07812,-2.60547
28486857,BNO_ACC,3326,-500,2,9.72656,0.26953,-2.03125
28495927,BNO_ACC,3327,-1000,2,10.11328,0.07812,-1.53125
28505974,BNO_ACC,3328,-3400,2,10.07031,-0.11328,-1.26562
28514732,BNO_ACC,3329,-3900,2,10.11328,-0.38281,-1.07422
28525021,BNO_ACC,3330,-6100,2,10.41797,-0.72656,-0.76562
28526223,BNO_ACC,3331,-700,2,10.68750,-1.14844,-0.38281
28535997,BNO_ACC,3332,-900,2,10.61328,-1.10938,-0.07812
28546130,BNO_ACC,3333,-3400,2,10.61328,-0.91797,0.23047
28554532,BNO_ACC,3334,-3500,2,11.29688,-0.99609,0.80469
28564914,BNO_ACC,3335,-5900,2,11.41797,-1.33984,1.95312
28566292,BNO_ACC,3336,-500,2,10.38281,-0.80469,2.29688
28575824,BNO_ACC,3337,-900,2,9.54297,0.15234,1.83984
28584836,BNO_ACC,3338,-1600,2,8.66016,0.00000,1.37891
28595196,BNO_ACC,3339,-3800,2,6.92969,-0.49609,1.41797
28600109,BNO_ACC,3340,-2300,2,5.94141,-0.38281,1.53125
28607140,BNO_ACC,3341,-700,2,5.09766,-0.65234,1.64844
28616235,BNO_ACC,3342,-1000,2,4.17578,-1.18750,1.45703
28626313,BNO_ACC,3343,-3100,2,3.82812,-1.87891,1.87891
28634735,BNO_ACC,3344,-3300,2,3.71484,-2.41406,3.71094
28645109,BNO_ACC,3345,-5700,2,4.71094,-2.67969,5.74609
28646719,BNO_ACC,3346,-700,2,5.93750,-1.91406,7.23828
28656317,BNO_ACC,3347,-1000,2,4.63672,-1.33984,8.65625
28666420,BNO_ACC,3348,-3200,2,5.40234,-1.37891,8.46484
28674906,BNO_ACC,3349,-3300,2,2.26172,-0.23047,8.35547
28685463,BNO_ACC,3350,-5900,2,1.95312,-0.38281,8.50000
28686831,BNO_ACC,3351,-700,2,1.68359,0.03906,8.31641
28696210,BNO_ACC,3352,-900,2,-0.30469,0.65234,7.93359
28705372,BNO_ACC,3353,-1700,2,-1.26562,-0.30469,5.93750
28716066,BNO_ACC,3354,-4400,2,-3.37109,-0.95703,4.06250
28727829,BNO_ACC,3355,-500,2,-7.73438,-2.83594,4.63672
28736766,BNO_ACC,3356,-1000,2,-9.80469,-4.02344,5.01953
28746599,BNO_ACC,3357,-3100,2,-9.26562,-3.56250,7.08594
28756536,BNO_ACC,3358,-4900,2,-8.27344,-3.41016,11.21875
28764997,BNO_ACC,3359,-4900,2,-8.50391,-2.67969,15.20312
28767542,BNO_ACC,3360,-700,2,-8.73438,-2.45312,16.16406
28776209,BNO_ACC,3361,-500,2,-4.55859,-2.79688,15.05469
28787103,BNO_ACC,3362,-3200,2,-2.83594,-2.10547,14.05859
28796550,BNO_ACC,3363,-4700,2,-3.83203,-1.60938,11.95312
28806043,BNO_ACC,3364,-5900,2,-4.55859,-1.87891,10.49219
28807379,BNO_ACC,3365,-700,2,-5.66797,-2.48828,8.73438
28816435,BNO_ACC,3366,-700,2,-7.16797,-2.67969,5.59375
28827301,BNO_ACC,3367,-3400,2,-8.35547,-2.64453,2.67969
28836615,BNO_ACC,3368,-4700,2,-10.60938,-2.71875,0.30469
28846075,BNO_ACC,3369,-5900,2,-11.91797,-2.79688,-1.99219
28847451,BNO_ACC,3370,-500,2,-11.83594,-3.14062,-2.67969
28856652,BNO_ACC,3371,-700,2,-11.60156,-3.41016,-1.53125
28867498,BNO_ACC,3372,-3200,2,-11.68359,-3.48438,1.18750
28876635,BNO_ACC,3373,-4500,2,-11.15234,-3.10156,4.28906
28886118,BNO_ACC,3374,-5500,2,-12.33984,-2.67969,7.20312
28887754,BNO_ACC,3375,-500,2,-14.36328,-2.41406,8.96484
28896817,BNO_ACC,3376,-500,2,-15.74609,-1.72266,9.57812
28906919,BNO_ACC,3377,-2500,2,-15.89844,-1.14844,9.57812
28916916,BNO_ACC,3378,-4300,2,-15.47656,-1.07422,8.46484
28925516,BNO_ACC,3379,-4700,2,-13.98047,-1.57031,6.43750
28928333,BNO_ACC,3380,-1000,2,-12.86719,-2.03125,4.51953
28936617,BNO_ACC,3381,-500,2,-11.95312,-2.45312,2.98828
28947406,BNO_ACC,3382,-2900,2,-10.49219,-2.71875,1.91406
28956928,BNO_ACC,3383,-4300,2,-9.08203,-2.67969,1.57031
28966334,BNO_ACC,3384,-5500,2,-7.77344,-2.56641,1.41797
28970382,BNO_ACC,3385,-2300,2,-6.85156,-2.41406,1.76172
28977310,BNO_ACC,3386,-700,2,-6.35938,-2.37500,2.29688
28987200,BNO_ACC,3387,-2500,2,-6.16406,-2.22266,2.91016
28995242,BNO_ACC,3388,-2200,2,-6.40234,-1.99219,3.56250
29005924,BNO_ACC,3389,-4800,2,-6.82031,-1.60938,4.21484
29009622,BNO_ACC,3390,-1400,2,-7.39453,-1.22656,4.63672
29016709,BNO_ACC,3391,-500,2,-8.31641,-1.10938,4.32812
29027509,BNO_ACC,3392,-2500,2,-9.60938,-1.41797,3.52344
29035311,BNO_ACC,3393,-2000,2,-10.61328,-1.95312,1.76172
29046581,BNO_ACC,3394,-5300,2,-10.64844,-2.26172,0.72656
29050669,BNO_ACC,3395,-2300,2,-10.49609,-2.41406,0.34375
29057569,BNO_ACC,3396,-700,2,-9.84375,-2.26172,1.07422
29066650,BNO_ACC,3397,-1800,2,-9.26562,-1.95312,2.33594
29077410,BNO_ACC,3398,-4300,2,-8.73438,-1.57031,3.71484
29085974,BNO_ACC,3399,-4400,2,-8.04297,-1.33984,4.86328
29090893,BNO_ACC,3400,-2300,2,-8.01172,-1.18750,5.55469
29097837,BNO_ACC,3401,-500,2,-8.08203,-0.80469,5.82422
29106708,BNO_ACC,3402,-1400,2,-8.12109,-0.49609,5.74609
29115811,BNO_ACC,3403,-2200,2,-8.42188,-0.49609,5.28516
29126195,BNO_ACC,3404,-4600,2,-9.00391,-1.10938,4.48047
29131125,BNO_ACC,3405,-2300,2,-9.68750,-1.49219,4.17578
29138093,BNO_ACC,3406,-700,2,-9.72656,-1.53125,3.86719
29147268,BNO_ACC,3407,-1000,2,-9.60938,-1.91406,3.71484
29156378,BNO_ACC,3408,-2600,2,-9.12109,-2.07031,3.98438
29166727,BNO_ACC,3409,-4900,2,-8.27344,-1.83984,4.63672
29170778,BNO_ACC,3410,-2300,2,-7.46875,-1.80078,5.47656
29177784,BNO_ACC,3411,-500,2,-6.51172,-2.26172,6.58984
29187256,BNO_ACC,3412,-1000,2,-5.25000,-2.60547,7.73438
29198008,BNO_ACC,3413,-4300,2,-4.48047,-2.71875,8.73828
29206332,BNO_ACC,3414,-4400,2,-4.09766,-2.71875,9.30469
29211233,BNO_ACC,3415,-2300,2,-3.48438,-2.71875,9.34375
29218050,BNO_ACC,3416,-500,2,-3.52344,-2.91016,8.88281
29227283,BNO_ACC,3417,-1000,2,-3.90625,-3.56250,8.07812
29236393,BNO_ACC,3418,-2200,2,-4.51953,-3.60156,7.46875
29246834,BNO_ACC,3419,-4600,2,-4.94141,-2.94922,7.00781
29258181,BNO_ACC,3420,-700,2,-4.59766,-1.87891,7.55078
29267349,BNO_ACC,3421,-1000,2,-3.86719,-1.26562,8.35547
29276439,BNO_ACC,3422,-2000,2,-3.14062,-0.84375,9.46484
29286777,BNO_ACC,3423,-4400,2,-2.48828,-0.95703,10.76953
29291675,BNO_ACC,3424,-2300,2,-1.72266,-1.37891,11.95312
29298648,BNO_ACC,3425,-700,2,-0.80469,-1.33984,12.76172
29307603,BNO_ACC,3426,-1000,2,-0.49609,-1.30078,12.94922
29316603,BNO_ACC,3427,-2200,2,-0.61328,-1.60938,12.56641
29327007,BNO_ACC,3428,-4600,2,-1.22656,-2.14453,11.45703
29338739,BNO_ACC,3429,-700,2,-2.48828,-2.79688,7.85156
29347801,BNO_ACC,3430,-1000,2,-2.52734,-2.83594,6.74609
29356950,BNO_ACC,3431,-2400,2,-1.87891,-2.64453,6.24219
29366715,BNO_ACC,3432,-4100,2,-1.22656,-2.22266,6.78516
29371639,BNO_ACC,3433,-2100,2,-0.69141,-1.64844,7.77344
29378762,BNO_ACC,3434,-500,2,0.38281,-1.26562,8.96094
29387813,BNO_ACC,3435,-1000,2,0.95703,-0.95703,9.80469
29396795,BNO_ACC,3436,-2000,2,0.99609,-0.99609,10.14844
29407136,BNO_ACC,3437,-4400,2,1.07422,-1.18750,10.18750
29418905,BNO_ACC,3438,-500,2,1.03516,-1.45703,9.84766
29427747,BNO_ACC,3439,-900,2,0.69141,-1.41797,9.61328
29436890,BNO_ACC,3440,-1800,2,0.38281,-1.30078,9.19922
29447374,BNO_ACC,3441,-4400,2,0.26953,-1.83984,8.62109
29459141,BNO_ACC,3442,-700,2,0.53516,-1.95312,8.39062
29467941,BNO_ACC,3443,-1000,2,0.91797,-1.95312,8.84375
29477136,BNO_ACC,3444,-1800,2,1.37891,-1.83984,9.26562
29487555,BNO_ACC,3445,-4400,2,1.60938,-1.76172,9.65234
29499260,BNO_ACC,3446,-500,2,1.80078,-1.68359,10.26562
29508007,BNO_ACC,3447,-1000,2,1.87891,-1.49219,10.34375
29517049,BNO_ACC,3448,-1600,2,1.76172,-1.80078,10.11328
29527568,BNO_ACC,3449,-4200,2,1.68359,-1.80078,9.80469
29539469,BNO_ACC,3450,-500,2,1.30078,-2.18359,9.23047
29548424,BNO_ACC,3451,-900,2,1.30078,-2.14453,8.84766
29558380,BNO_ACC,3452,-3100,2,1.41797,-2.29688,8.69531
29568576,BNO_ACC,3453,-5100,2,1.49219,-2.26172,9.03906
29576878,BNO_ACC,3454,-5300,2,1.72266,-2.22266,9.34766
29579398,BNO_ACC,3455,-700,2,1.99219,-2.26172,9.72656
29588061,BNO_ACC,3456,-700,2,2.14453,-2.22266,10.00000
29598658,BNO_ACC,3457,-3200,2,2.14453,-2.18359,10.23047
29607003,BNO_ACC,3458,-3100,2,2.37500,-2.18359,10.38672
29617474,BNO_ACC,3459,-5700,2,2.33594,-2.14453,10.41406
29619165,BNO_ACC,3460,-700,2,2.07031,-2.10547,10.23047
29628275,BNO_ACC,3461,-700,2,1.83984,-2.10547,9.96484
29637254,BNO_ACC,3462,-1300,2,1.60938,-2.10547,9.61328
29647788,BNO_ACC,3463,-3800,2,1.45703,-2.10547,9.26562
29657150,BNO_ACC,3464,-5200,2,1.37891,-2.07031,9.08203
29659682,BNO_ACC,3465,-700,2,1.41797,-2.10547,8.96484
29668525,BNO_ACC,3466,-700,2,1.53125,-2.03125,9.12109
29677507,BNO_ACC,3467,-1500,2,1.83984,-1.91406,9.46094
29687814,BNO_ACC,3468,-3600,2,2.10547,-1.99219,9.61328
29697178,BNO_ACC,3469,-4900,2,2.18359,-2.18359,9.60938
29699693,BNO_ACC,3470,-700,2,2.07031,-2.14453,9.53906
29708555,BNO_ACC,3471,-700,2,2.03125,-2.03125,9.50391
29719424,BNO_ACC,3472,-3400,2,2.07031,-2.03125,9.53906
29728734,BNO_ACC,3473,-4700,2,1.91406,-1.99219,9.58203
29737374,BNO_ACC,3474,-4900,2,1.76172,-1.87891,9.50391
29740164,BNO_ACC,3475,-1000,2,1.68359,-1.83984,9.42578
29748353,BNO_ACC,3476,-700,2,1.60938,-1.95312,9.23047
29759365,BNO_ACC,3477,-3200,2,1.53125,-1.95312,9.00391
29768774,BNO_ACC,3478,-4500,2,1.57031,-1.95312,9.00000
29777374,BNO_ACC,3479,-4700,2,1.80078,-2.07031,9.19922
29779889,BNO_ACC,3480,-700,2,1.95312,-1.91406,9.42188
29788662,BNO_ACC,3481,-700,2,1.99219,-1.95312,9.64844
29799693,BNO_ACC,3482,-3200,2,1.91406,-1.99219,9.58203
29808883,BNO_ACC,3483,-4500,2,1.87891,-1.95312,9.68750
29817566,BNO_ACC,3484,-4900,2,1.87891,-2.03125,9.76953
29820469,BNO_ACC,3485,-1000,2,1.87891,-2.03125,9.72656
29828692,BNO_ACC,3486,-700,2,1.83984,-1.99219,9.61328
29839674,BNO_ACC,3487,-3200,2,1.76172,-1.91406,9.57812
29849002,BNO_ACC,3488,-4500,2,1.64844,-1.95312,9.38672
29857563,BNO_ACC,3489,-4600,2,1.53125,-1.87891,9.22656
29861365,BNO_ACC,3490,-1200,2,1.53125,-1.76172,9.26953
29868652,BNO_ACC,3491,-700,2,1.64844,-1.64844,9.46484
29879631,BNO_ACC,3492,-2900,2,1.68359,-1.64844,9.69141
29889109,BNO_ACC,3493,-4300,2,1.91406,-1.76172,9.92578
29897641,BNO_ACC,3494,-4400,2,2.14453,-1.99219,10.14844
29902520,BNO_ACC,3495,-2300,2,2.22266,-2.07031,10.34766
29909362,BNO_ACC,3496,-500,2,2.26172,-2.22266,10.38672
29918667,BNO_ACC,3497,-1600,2,2.26172,-2.29688,10.38672
29929514,BNO_ACC,3498,-4500,2,2.10547,-2.22266,10.23047
29937785,BNO_ACC,3499,-4500,2,1.91406,-2.18359,9.96484
29942671,BNO_ACC,3500,-2300,2,1.76172,-2.22266,9.69141
29949462,BNO_ACC,3501,-700,2,1.87891,-2.18359,9.72656
29958523,BNO_ACC,3502,-1400,2,2.18359,-2.14453,10.14844
29967599,BNO_ACC,3503,-2200,2,2.29688,-1.95312,10.53516
29977956,BNO_ACC,3504,-4600,2,2.29688,-1.99219,10.61328
29982759,BNO_ACC,3505,-2300,2,2.41406,-2.26172,10.72656
29989556,BNO_ACC,3506,-700,2,2.87109,-2.45312,11.10938
29998806,BNO_ACC,3507,-1600,2,3.29297,-2.18359,11.68359
30009086,BNO_ACC,3508,-3600,2,3.48438,-2.14453,12.14062
30018484,BNO_ACC,3509,-5000,2,3.90625,-2.18359,12.72266
30022543,BNO_ACC,3510,-2300,2,4.78906,-2.33594,14.05859
30029568,BNO_ACC,3511,-500,2,6.16797,-2.14453,16.47266
30039074,BNO_ACC,3512,-1000,2,7.39453,-2.07031,19.99609
30049794,BNO_ACC,3513,-4300,2,8.61719,-3.17969,23.93750
30057941,BNO_ACC,3514,-4300,2,9.92188,-4.75000,28.03906
30062860,BNO_ACC,3515,-2300,2,6.32031,-6.08984,30.15234
30069816,BNO_ACC,3516,-700,2,3.44922,-9.42188,30.64062
30079180,BNO_ACC,3517,-1000,2,-4.40625,-8.54297,27.53906
30090120,BNO_ACC,3518,-4300,2,-11.03125,-5.97656,21.52734
30098633,BNO_ACC,3519,-4600,2,-14.05859,-0.65234,12.56641
30110232,BNO_ACC,3520,-700,2,-15.39844,6.39844,0.23047
30119238,BNO_ACC,3521,-1000,2,-6.35938,4.25391,-5.13281
30128279,BNO_ACC,3522,-2200,2,0.95703,-0.80469,-7.12500
30138752,BNO_ACC,3523,-4400,2,2.07031,-5.32422,-7.55078
30150325,BNO_ACC,3524,-700,2,1.80078,-2.07031,-12.37891
30159494,BNO_ACC,3525,-1000,2,2.45312,-0.76562,-13.48828
30168441,BNO_ACC,3526,-2000,2,3.21875,-0.30469,-12.98828
30178870,BNO_ACC,3527,-4400,2,4.21484,0.26953,-11.83984
30190583,BNO_ACC,3528,-700,2,5.85938,0.88281,-10.34375
30199466,BNO_ACC,3529,-1000,2,5.89844,1.14844,-11.87500
