t_us,tag,seq,bno_delay_us,status,gx,gy,gz,gbias_x,gbias_y,gbias_z
207667,BNO_GYRO_UC,0,-3100,0,0.037109,-0.029297,0.007812,0.001953,0.000000,-0.003906
217968,BNO_GYRO_UC,1,-3100,0,0.044922,-0.015625,-0.015625,0.001953,0.000000,-0.003906
227795,BNO_GYRO_UC,2,-3200,0,0.042969,-0.007812,-0.019531,0.001953,0.000000,-0.003906
237175,BNO_GYRO_UC,3,-3200,0,0.029297,0.001953,-0.005859,0.001953,0.000000,-0.003906
247799,BNO_GYRO_UC,4,-3100,0,0.017578,0.003906,0.013672,0.001953,0.000000,-0.003906
258098,BNO_GYRO_UC,5,-3100,0,0.025391,0.007812,0.015625,0.001953,0.000000,-0.003906
268138,BNO_GYRO_UC,6,-3400,0,0.031250,0.013672,0.015625,0.001953,0.000000,-0.003906
277152,BNO_GYRO_UC,7,-3100,0,0.033203,0.021484,0.025391,0.001953,0.000000,-0.003906
287640,BNO_GYRO_UC,8,-3200,0,0.042969,0.039062,0.015625,0.001953,0.000000,-0.003906
298013,BNO_GYRO_UC,9,-3100,0,0.056641,0.050781,0.001953,0.001953,0.000000,-0.003906
308105,BNO_GYRO_UC,10,-3400,0,0.068359,0.076172,-0.005859,0.001953,0.000000,-0.003906
317372,BNO_GYRO_UC,11,-3100,0,0.058594,0.101562,0.005859,0.001953,0.000000,-0.003906
328014,BNO_GYRO_UC,12,-3200,0,0.039062,0.115234,0.027344,0.001953,0.000000,-0.003906
338427,BNO_GYRO_UC,13,-3200,0,0.029297,0.109375,0.023438,0.001953,0.000000,-0.003906
347744,BNO_GYRO_UC,14,-3100,0,0.033203,0.087891,0.005859,0.001953,0.000000,-0.003906
357276,BNO_GYRO_UC,15,-3100,0,0.009766,0.056641,0.005859,0.001953,0.000000,-0.003906
367671,BNO_GYRO_UC,16,-3100,0,-0.011719,0.019531,0.017578,0.001953,0.000000,-0.003906
377662,BNO_GYRO_UC,17,-3400,0,-0.021484,0.015625,0.021484,0.001953,0.000000,-0.003906
387979,BNO_GYRO_UC,18,-3200,0,-0.007812,0.021484,0.001953,0.001953,0.000000,-0.003906
397490,BNO_GYRO_UC,19,-3100,0,0.021484,0.015625,-0.019531,0.001953,0.000000,-0.003906
408077,BNO_GYRO_UC,20,-3200,0,0.031250,0.001953,-0.031250,0.001953,0.000000,-0.003906
418439,BNO_GYRO_UC,21,-3200,0,0.007812,-0.003906,-0.029297,0.001953,0.000000,-0.003906
427798,BNO_GYRO_UC,22,-2700,0,-0.003906,-0.001953,-0.017578,0.001953,0.000000,-0.003906
438030,BNO_GYRO_UC,23,-3100,0,0.007812,0.007812,-0.031250,0.001953,0.000000,-0.003906
447496,BNO_GYRO_UC,24,-3100,0,0.017578,0.017578,-0.042969,0.001953,0.000000,-0.003906
458800,BNO_GYRO_UC,25,-3600,0,0.021484,0.013672,-0.048828,0.001953,0.000000,-0.003906
468035,BNO_GYRO_UC,26,-2700,0,0.017578,-0.003906,-0.048828,0.001953,0.000000,-0.003906
477376,BNO_GYRO_UC,27,-2900,0,0.017578,-0.025391,-0.041016,0.001953,0.000000,-0.003906
487899,BNO_GYRO_UC,28,-3200,0,0.019531,-0.039062,-0.037109,0.001953,0.000000,-0.003906
498242,BNO_GYRO_UC,29,-3600,0,0.013672,-0.050781,-0.039062,0.001953,0.000000,-0.003906
508608,BNO_GYRO_UC,30,-3200,0,-0.001953,-0.044922,-0.041016,0.001953,0.000000,-0.003906
517619,BNO_GYRO_UC,31,-3100,0,0.001953,-0.031250,-0.019531,0.001953,0.000000,-0.003906
528135,BNO_GYRO_UC,32,-3100,0,0.017578,-0.021484,-0.019531,0.001953,0.000000,-0.003906
538901,BNO_GYRO_UC,33,-3200,0,0.039062,0.003906,-0.029297,0.001953,0.000000,-0.003906
548366,BNO_GYRO_UC,34,-2900,0,0.027344,0.041016,-0.033203,0.001953,0.000000,-0.003906
557142,BNO_GYRO_UC,35,-2500,0,0.037109,0.044922,-0.037109,0.001953,0.000000,-0.003906
568150,BNO_GYRO_UC,36,-3200,0,0.027344,0.021484,-0.042969,0.001953,0.000000,-0.003906
577813,BNO_GYRO_UC,37,-3100,0,0.000000,0.005859,-0.023438,0.001953,0.000000,-0.003906
588272,BNO_GYRO_UC,38,-3200,0,-0.027344,-0.009766,0.001953,0.001953,0.000000,-0.003906
597688,BNO_GYRO_UC,39,-2900,0,-0.021484,-0.017578,0.013672,0.001953,0.000000,-0.003906
608177,BNO_GYRO_UC,40,-3100,0,0.019531,-0.005859,0.000000,0.001953,0.000000,-0.003906
618597,BNO_GYRO_UC,41,-3600,0,0.037109,-0.003906,0.003906,0.001953,0.000000,-0.003906
628283,BNO_GYRO_UC,42,-2500,0,0.027344,0.013672,0.009766,0.001953,0.000000,-0.003906
637922,BNO_GYRO_UC,43,-3100,0,0.031250,0.037109,0.013672,0.001953,0.000000,-0.003906
648436,BNO_GYRO_UC,44,-3100,0,0.039062,0.046875,0.007812,0.001953,0.000000,-0.003906
657992,BNO_GYRO_UC,45,-3100,0,0.037109,0.048828,0.007812,0.001953,0.000000,-0.003906
668368,BNO_GYRO_UC,46,-3100,0,0.027344,0.039062,0.000000,0.001953,0.000000,-0.003906
677809,BNO_GYRO_UC,47,-2900,0,0.021484,0.019531,-0.015625,0.001953,0.000000,-0.003906
688615,BNO_GYRO_UC,48,-3200,0,0.011719,0.013672,-0.009766,0.001953,0.000000,-0.003906
698206,BNO_GYRO_UC,49,-3100,0,0.007812,0.001953,-0.005859,0.001953,0.000000,-0.003906
708551,BNO_GYRO_UC,50,-3100,0,0.017578,-0.005859,0.011719,0.001953,0.000000,-0.003906
718055,BNO_GYRO_UC,51,-2900,0,0.015625,-0.009766,0.037109,0.001953,0.000000,-0.003906
728685,BNO_GYRO_UC,52,-3200,0,0.029297,-0.005859,0.027344,0.001953,0.000000,-0.003906
739070,BNO_GYRO_UC,53,-3400,0,0.041016,0.009766,-0.005859,0.001953,0.000000,-0.003906
748627,BNO_GYRO_UC,54,-2500,0,0.054688,0.021484,-0.013672,0.001953,0.000000,-0.003906
757866,BNO_GYRO_UC,55,-2700,0,0.050781,0.019531,-0.021484,0.001953,0.000000,-0.003906
768750,BNO_GYRO_UC,56,-3200,0,0.037109,0.011719,-0.027344,0.001953,0.000000,-0.003906
779158,BNO_GYRO_UC,57,-3400,0,0.031250,0.013672,-0.033203,0.001953,0.000000,-0.003906
788644,BNO_GYRO_UC,58,-2500,0,0.023438,0.001953,-0.025391,0.001953,0.000000,-0.003906
798586,BNO_GYRO_UC,59,-3100,0,0.015625,-0.019531,-0.017578,0.001953,0.000000,-0.003906
808326,BNO_GYRO_UC,60,-3100,0,0.015625,-0.017578,-0.009766,0.001953,0.000000,-0.003906
818696,BNO_GYRO_UC,61,-3200,0,0.027344,-0.009766,-0.009766,0.001953,0.000000,-0.003906
828828,BNO_GYRO_UC,62,-3100,0,0.042969,-0.013672,-0.021484,0.001953,0.000000,-0.003906
838511,BNO_GYRO_UC,63,-3100,0,0.044922,-0.015625,-0.031250,0.001953,0.000000,-0.003906
848460,BNO_GYRO_UC,64,-3100,0,0.031250,0.000000,-0.031250,0.001953,0.000000,-0.003906
858794,BNO_GYRO_UC,65,-3200,0,0.013672,0.019531,-0.035156,0.001953,0.000000,-0.003906
869170,BNO_GYRO_UC,66,-3200,0,-0.001953,0.044922,-0.031250,0.001953,0.000000,-0.003906
879127,BNO_GYRO_UC,67,-3400,0,0.005859,0.056641,-0.027344,0.001953,0.000000,-0.003906
888575,BNO_GYRO_UC,68,-3200,0,0.009766,0.052734,-0.019531,0.001953,0.000000,-0.003906
899693,BNO_GYRO_UC,69,-3600,0,0.009766,0.042969,-0.007812,0.001953,0.000000,-0.003906
909166,BNO_GYRO_UC,70,-2500,0,0.011719,0.021484,-0.003906,0.001953,0.000000,-0.003906
918824,BNO_GYRO_UC,71,-3200,0,0.013672,0.007812,0.000000,0.001953,0.000000,-0.003906
928559,BNO_GYRO_UC,72,-3100,0,0.017578,-0.009766,-0.005859,0.001953,0.000000,-0.003906
938908,BNO_GYRO_UC,73,-3200,0,0.017578,-0.027344,-0.005859,0.001953,0.000000,-0.003906
949286,BNO_GYRO_UC,74,-3200,0,0.003906,-0.039062,-0.009766,0.001953,0.000000,-0.003906
959289,BNO_GYRO_UC,75,-3200,0,-0.009766,-0.029297,-0.017578,0.001953,0.000000,-0.003906
968940,BNO_GYRO_UC,76,-3200,0,-0.003906,-0.003906,-0.019531,0.001953,0.000000,-0.003906
979167,BNO_GYRO_UC,77,-3400,0,0.007812,0.021484,-0.021484,0.001953,0.000000,-0.003906
989829,BNO_GYRO_UC,78,-3600,0,0.007812,0.056641,-0.017578,0.001953,0.000000,-0.003906
998999,BNO_GYRO_UC,79,-3200,0,-0.009766,0.083984,0.009766,0.001953,0.000000,-0.003906
1009057,BNO_GYRO_UC,80,-3200,0,-0.033203,0.087891,0.017578,0.001953,0.000000,-0.003906
1019411,BNO_GYRO_UC,81,-3400,0,-0.037109,0.091797,-0.003906,0.001953,0.000000,-0.003906
1029671,BNO_GYRO_UC,82,-3200,0,-0.021484,0.062500,-0.017578,0.001953,0.000000,-0.003906
1039769,BNO_GYRO_UC,83,-3200,0,-0.037109,0.041016,-0.015625,0.001953,0.000000,-0.003906
1049056,BNO_GYRO_UC,84,-3400,0,-0.054688,0.074219,-0.017578,0.001953,0.000000,-0.003906
1059878,BNO_GYRO_UC,85,-3400,0,-0.029297,0.167969,-0.027344,0.001953,0.000000,-0.003906
1069760,BNO_GYRO_UC,86,-2900,0,-0.007812,0.326172,-0.093750,0.001953,0.000000,-0.003906
1079420,BNO_GYRO_UC,87,-3400,0,-0.062500,0.628906,-0.226562,0.001953,0.000000,-0.003906
1088823,BNO_GYRO_UC,88,-3100,0,-0.230469,1.035156,-0.281250,0.001953,0.000000,-0.003906
1099322,BNO_GYRO_UC,89,-3100,0,-0.335938,1.632812,-0.146484,0.001953,0.000000,-0.003906
1109754,BNO_GYRO_UC,90,-3100,0,-0.371094,2.488281,-0.041016,0.001953,0.000000,-0.003906
1119891,BNO_GYRO_UC,91,-3400,0,-0.406250,3.265625,-0.085938,0.001953,0.000000,-0.003906
1128918,BNO_GYRO_UC,92,-2900,0,-0.314453,3.691406,-0.298828,0.001953,0.000000,-0.003906
1139511,BNO_GYRO_UC,93,-3200,0,-0.109375,4.052734,-0.566406,0.001953,0.000000,-0.003906
1149853,BNO_GYRO_UC,94,-2900,0,-0.007812,4.320312,-0.681641,0.001953,0.000000,-0.003906
1159499,BNO_GYRO_UC,95,-3100,0,-0.185547,4.570312,-0.855469,0.001953,0.000000,-0.003906
1169119,BNO_GYRO_UC,96,-3100,0,-0.410156,5.208984,-0.914062,0.001953,0.000000,-0.003906
1179786,BNO_GYRO_UC,97,-3100,0,-0.656250,5.957031,-0.884766,0.001953,0.000000,-0.003906
1190192,BNO_GYRO_UC,98,-3100,0,-0.882812,6.277344,-0.955078,0.001953,0.000000,-0.003906
1199707,BNO_GYRO_UC,99,-3100,0,-1.107422,6.406250,-0.958984,0.001953,0.000000,-0.003906
1209201,BNO_GYRO_UC,100,-3100,0,-1.414062,6.250000,-0.785156,0.001953,0.000000,-0.003906
1219201,BNO_GYRO_UC,101,-3100,0,-1.750000,5.806641,-0.623047,0.001953,0.000000,-0.003906
1229781,BNO_GYRO_UC,102,-3200,0,-1.923828,5.591797,-0.488281,0.001953,0.000000,-0.003906
1239859,BNO_GYRO_UC,103,-3400,0,-1.945312,5.496094,-0.425781,0.001953,0.000000,-0.003906
1249383,BNO_GYRO_UC,104,-3100,0,-1.781250,5.359375,-0.449219,0.001953,0.000000,-0.003906
1259968,BNO_GYRO_UC,105,-3200,0,-1.568359,5.156250,-0.431641,0.001953,0.000000,-0.003906
1270467,BNO_GYRO_UC,106,-3100,0,-1.318359,4.980469,-0.339844,0.001953,0.000000,-0.003906
1279685,BNO_GYRO_UC,107,-2900,0,-1.117188,4.882812,-0.179688,0.001953,0.000000,-0.003906
1289532,BNO_GYRO_UC,108,-3100,0,-1.037109,4.835938,-0.093750,0.001953,0.000000,-0.003906
1299416,BNO_GYRO_UC,109,-3100,0,-1.015625,4.707031,0.033203,0.001953,0.000000,-0.003906
1309615,BNO_GYRO_UC,110,-3200,0,-0.986328,4.392578,0.117188,0.001953,0.000000,-0.003906
1320071,BNO_GYRO_UC,111,-3200,0,-0.974609,4.068359,0.205078,0.001953,0.000000,-0.003906
1329374,BNO_GYRO_UC,112,-3100,0,-0.966797,3.826172,0.318359,0.001953,0.000000,-0.003906
1340044,BNO_GYRO_UC,113,-3100,0,-0.980469,3.660156,0.281250,0.001953,0.000000,-0.003906
1350527,BNO_GYRO_UC,114,-3100,0,-0.886719,3.507812,0.105469,0.001953,0.000000,-0.003906
1359802,BNO_GYRO_UC,115,-2700,0,-0.773438,3.339844,-0.042969,0.001953,0.000000,-0.003906
1369364,BNO_GYRO_UC,116,-2900,0,-0.753906,3.125000,-0.138672,0.001953,0.000000,-0.003906
1379939,BNO_GYRO_UC,117,-3200,0,-0.818359,2.796875,-0.220703,0.001953,0.000000,-0.003906
1390741,BNO_GYRO_UC,118,-3200,0,-0.849609,2.265625,-0.322266,0.001953,0.000000,-0.003906
1400068,BNO_GYRO_UC,119,-2500,0,-0.773438,1.703125,-0.357422,0.001953,0.000000,-0.003906
1409230,BNO_GYRO_UC,120,-2500,0,-0.562500,1.187500,-0.333984,0.001953,0.000000,-0.003906
1419965,BNO_GYRO_UC,121,-3200,0,-0.201172,0.578125,-0.351562,0.001953,0.000000,-0.003906
1429713,BNO_GYRO_UC,122,-3100,0,0.232422,-0.003906,-0.388672,0.001953,0.000000,-0.003906
1440694,BNO_GYRO_UC,123,-3400,0,0.611328,-0.384766,-0.271484,0.001953,0.000000,-0.003906
1449671,BNO_GYRO_UC,124,-3100,0,0.771484,-0.679688,-0.076172,0.001953,0.000000,-0.003906
1460321,BNO_GYRO_UC,125,-3100,0,0.771484,-0.792969,0.080078,0.001953,0.000000,-0.003906
1469779,BNO_GYRO_UC,126,-3100,0,0.826172,-0.826172,0.244141,0.001953,0.000000,-0.003906
1480767,BNO_GYRO_UC,127,-3400,0,0.943359,-1.125000,0.361328,0.001953,0.000000,-0.003906
1489838,BNO_GYRO_UC,128,-3100,0,1.087891,-1.681641,0.384766,0.001953,0.000000,-0.003906
1500290,BNO_GYRO_UC,129,-3100,0,1.369141,-2.343750,0.396484,0.001953,0.000000,-0.003906
1509921,BNO_GYRO_UC,130,-3100,0,1.654297,-3.089844,0.474609,0.001953,0.000000,-0.003906
1520885,BNO_GYRO_UC,131,-3400,0,1.792969,-4.068359,0.652344,0.001953,0.000000,-0.003906
1529875,BNO_GYRO_UC,132,-3100,0,1.769531,-5.328125,0.789062,0.001953,0.000000,-0.003906
1540474,BNO_GYRO_UC,133,-3200,0,1.699219,-6.333984,0.548828,0.001953,0.000000,-0.003906
1549886,BNO_GYRO_UC,134,-3100,0,1.710938,-6.529297,0.007812,0.001953,0.000000,-0.003906
1561060,BNO_GYRO_UC,135,-3600,0,1.796875,-6.183594,-0.212891,0.001953,0.000000,-0.003906
1569901,BNO_GYRO_UC,136,-2900,0,1.869141,-6.105469,-0.183594,0.001953,0.000000,-0.003906
1580553,BNO_GYRO_UC,137,-3100,0,1.890625,-6.613281,-0.251953,0.001953,0.000000,-0.003906
1590200,BNO_GYRO_UC,138,-3200,0,1.974609,-7.304688,-0.298828,0.001953,0.000000,-0.003906
1600452,BNO_GYRO_UC,139,-3100,0,2.044922,-7.701172,-0.195312,0.001953,0.000000,-0.003906
1609958,BNO_GYRO_UC,140,-3100,0,1.972656,-7.652344,0.126953,0.001953,0.000000,-0.003906
1620613,BNO_GYRO_UC,141,-3100,0,1.775391,-7.695312,0.542969,0.001953,0.000000,-0.003906
1630343,BNO_GYRO_UC,142,-3200,0,1.546875,-8.203125,0.839844,0.001953,0.000000,-0.003906
1640584,BNO_GYRO_UC,143,-3100,0,1.414062,-8.449219,0.837891,0.001953,0.000000,-0.003906
1649788,BNO_GYRO_UC,144,-2700,0,1.246094,-7.763672,0.570312,0.001953,0.000000,-0.003906
1660673,BNO_GYRO_UC,145,-3200,0,0.962891,-6.794922,0.349609,0.001953,0.000000,-0.003906
1670417,BNO_GYRO_UC,146,-3200,0,0.708984,-6.320312,0.408203,0.001953,0.000000,-0.003906
1680813,BNO_GYRO_UC,147,-3200,0,0.365234,-6.517578,0.453125,0.001953,0.000000,-0.003906
1689700,BNO_GYRO_UC,148,-2500,0,0.230469,-7.261719,0.470703,0.001953,0.000000,-0.003906
1700684,BNO_GYRO_UC,149,-3100,0,0.320312,-8.066406,0.539062,0.001953,0.000000,-0.003906
1710383,BNO_GYRO_UC,150,-3100,0,0.554688,-8.378906,0.744141,0.001953,0.000000,-0.003906
1720732,BNO_GYRO_UC,151,-3100,0,0.906250,-8.324219,1.357422,0.001953,0.000000,-0.003906
1730903,BNO_GYRO_UC,152,-3400,0,0.912109,-7.841797,1.693359,0.001953,0.000000,-0.003906
1740274,BNO_GYRO_UC,153,-3100,0,0.365234,-6.929688,1.527344,0.001953,0.000000,-0.003906
1750561,BNO_GYRO_UC,154,-3200,0,-0.105469,-6.089844,1.179688,0.001953,0.000000,-0.003906
1760849,BNO_GYRO_UC,155,-2700,0,-0.289062,-5.685547,0.849609,0.001953,0.000000,-0.003906
1770969,BNO_GYRO_UC,156,-3200,0,-0.298828,-5.832031,0.564453,0.001953,0.000000,-0.003906
1780507,BNO_GYRO_UC,157,-3200,0,-0.144531,-6.375000,0.318359,0.001953,0.000000,-0.003906
1790693,BNO_GYRO_UC,158,-3100,0,0.080078,-7.091797,0.134766,0.001953,0.000000,-0.003906
1800800,BNO_GYRO_UC,159,-2700,0,0.341797,-8.183594,0.134766,0.001953,0.000000,-0.003906
1810907,BNO_GYRO_UC,160,-3400,0,0.589844,-9.185547,0.044922,0.001953,0.000000,-0.003906
1820538,BNO_GYRO_UC,161,-2900,0,0.894531,-9.365234,-0.191406,0.001953,0.000000,-0.003906
1831030,BNO_GYRO_UC,162,-3100,0,0.873047,-8.781250,-0.525391,0.001953,0.000000,-0.003906
1840938,BNO_GYRO_UC,163,-2700,0,0.416016,-8.119141,-1.134766,0.001953,0.000000,-0.003906
1851009,BNO_GYRO_UC,164,-3200,0,-0.025391,-8.347656,-1.939453,0.001953,0.000000,-0.003906
1860623,BNO_GYRO_UC,165,-3100,0,-0.029297,-8.880859,-2.253906,0.001953,0.000000,-0.003906
1871228,BNO_GYRO_UC,166,-3200,0,-0.134766,-9.111328,-2.093750,0.001953,0.000000,-0.003906
1881159,BNO_GYRO_UC,167,-2900,0,-0.322266,-9.472656,-1.949219,0.001953,0.000000,-0.003906
1891226,BNO_GYRO_UC,168,-3200,0,-0.101562,-9.500000,-1.595703,0.001953,0.000000,-0.003906
1900619,BNO_GYRO_UC,169,-3100,0,0.513672,-8.892578,-0.812500,0.001953,0.000000,-0.003906
1911116,BNO_GYRO_UC,170,-3200,0,1.062500,-8.494141,-0.041016,0.001953,0.000000,-0.003906
1921310,BNO_GYRO_UC,171,-2900,0,1.199219,-8.089844,0.476562,0.001953,0.000000,-0.003906
1931509,BNO_GYRO_UC,172,-3200,0,1.082031,-7.449219,1.130859,0.001953,0.000000,-0.003906
1940908,BNO_GYRO_UC,173,-3200,0,0.728516,-6.656250,1.535156,0.001953,0.000000,-0.003906
1951310,BNO_GYRO_UC,174,-3100,0,0.205078,-5.585938,1.230469,0.001953,0.000000,-0.003906
1961722,BNO_GYRO_UC,175,-2900,0,-0.164062,-4.761719,0.363281,0.001953,0.000000,-0.003906
1971201,BNO_GYRO_UC,176,-3200,0,-0.148438,-4.503906,-0.419922,0.001953,0.000000,-0.003906
1980726,BNO_GYRO_UC,177,-2900,0,-0.019531,-3.960938,-0.929688,0.001953,0.000000,-0.003906
1991562,BNO_GYRO_UC,178,-3100,0,0.080078,-2.921875,-1.111328,0.001953,0.000000,-0.003906
2001883,BNO_GYRO_UC,179,-2900,0,0.107422,-1.724609,-0.980469,0.001953,0.000000,-0.003906
2011292,BNO_GYRO_UC,180,-3200,0,-0.070312,-0.779297,-0.656250,0.001953,0.000000,-0.003906
2020858,BNO_GYRO_UC,181,-2900,0,-0.316406,0.203125,-0.302734,0.001953,0.000000,-0.003906
2031459,BNO_GYRO_UC,182,-3200,0,-0.548828,1.416016,0.238281,0.001953,0.000000,-0.003906
2041894,BNO_GYRO_UC,183,-2900,0,-0.707031,2.529297,1.091797,0.001953,0.000000,-0.003906
2051953,BNO_GYRO_UC,184,-3200,0,-0.667969,3.550781,1.677734,0.001953,0.000000,-0.003906
2061105,BNO_GYRO_UC,185,-3100,0,-0.511719,3.888672,1.468750,0.001953,0.000000,-0.003906
2071648,BNO_GYRO_UC,186,-3200,0,-0.312500,3.789062,0.638672,0.001953,0.000000,-0.003906
2082128,BNO_GYRO_UC,187,-3200,0,-0.265625,3.931641,-0.345703,0.001953,0.000000,-0.003906
2091562,BNO_GYRO_UC,188,-3100,0,-0.337891,4.380859,-0.849609,0.001953,0.000000,-0.003906
2101034,BNO_GYRO_UC,189,-3100,0,-0.408203,4.843750,-0.826172,0.001953,0.000000,-0.003906
2111521,BNO_GYRO_UC,190,-3100,0,-0.431641,5.332031,-0.337891,0.001953,0.000000,-0.003906
2121997,BNO_GYRO_UC,191,-3100,0,-0.736328,6.185547,0.455078,0.001953,0.000000,-0.003906
2132054,BNO_GYRO_UC,192,-3400,0,-1.458984,7.132812,1.320312,0.001953,0.000000,-0.003906
2141543,BNO_GYRO_UC,193,-2900,0,-1.988281,7.671875,2.111328,0.001953,0.000000,-0.003906
2151307,BNO_GYRO_UC,194,-3100,0,-1.949219,8.076172,2.347656,0.001953,0.000000,-0.003906
2161547,BNO_GYRO_UC,195,-3400,0,-1.468750,7.986328,1.691406,0.001953,0.000000,-0.003906
2171788,BNO_GYRO_UC,196,-3100,0,-0.703125,7.328125,0.750000,0.001953,0.000000,-0.003906
2181271,BNO_GYRO_UC,197,-2900,0,0.000000,6.449219,0.152344,0.001953,0.000000,-0.003906
2191959,BNO_GYRO_UC,198,-3100,0,0.250000,6.187500,-0.230469,0.001953,0.000000,-0.003906
2202422,BNO_GYRO_UC,199,-3100,0,0.273438,6.384766,-0.445312,0.001953,0.000000,-0.003906
2211944,BNO_GYRO_UC,200,-2900,0,0.191406,6.546875,-0.431641,0.001953,0.000000,-0.003906
2221277,BNO_GYRO_UC,201,-3100,0,-0.228516,6.644531,-0.173828,0.001953,0.000000,-0.003906
2231813,BNO_GYRO_UC,202,-3100,0,-0.890625,6.724609,0.193359,0.001953,0.000000,-0.003906
2241659,BNO_GYRO_UC,203,-3400,0,-1.617188,6.558594,0.609375,0.001953,0.000000,-0.003906
2251903,BNO_GYRO_UC,204,-3200,0,-1.966797,6.406250,1.027344,0.001953,0.000000,-0.003906
2261375,BNO_GYRO_UC,205,-2900,0,-1.773438,6.423828,1.164062,0.001953,0.000000,-0.003906
2271973,BNO_GYRO_UC,206,-3100,0,-1.277344,6.337891,0.951172,0.001953,0.000000,-0.003906
2282181,BNO_GYRO_UC,207,-3400,0,-0.621094,5.683594,0.484375,0.001953,0.000000,-0.003906
2291856,BNO_GYRO_UC,208,-2500,0,-0.007812,4.755859,-0.056641,0.001953,0.000000,-0.003906
2301390,BNO_GYRO_UC,209,-2900,0,0.375000,4.382812,-0.376953,0.001953,0.000000,-0.003906
2312021,BNO_GYRO_UC,210,-3100,0,0.443359,4.658203,-0.378906,0.001953,0.000000,-0.003906
2321705,BNO_GYRO_UC,211,-3200,0,0.203125,4.955078,-0.197266,0.001953,0.000000,-0.003906
2332891,BNO_GYRO_UC,212,-3400,0,-0.226562,5.089844,0.111328,0.001953,0.000000,-0.003906
2341639,BNO_GYRO_UC,213,-3100,0,-0.667969,5.062500,0.382812,0.001953,0.000000,-0.003906
2352363,BNO_GYRO_UC,214,-3200,0,-1.121094,4.783203,0.449219,0.001953,0.000000,-0.003906
2362855,BNO_GYRO_UC,215,-3200,0,-1.369141,4.417969,0.376953,0.001953,0.000000,-0.003906
2372224,BNO_GYRO_UC,216,-2500,0,-1.230469,4.109375,0.125000,0.001953,0.000000,-0.003906
2381676,BNO_GYRO_UC,217,-2900,0,-1.066406,3.953125,-0.115234,0.001953,0.000000,-0.003906
2392261,BNO_GYRO_UC,218,-3200,0,-1.060547,3.828125,-0.083984,0.001953,0.000000,-0.003906
2401829,BNO_GYRO_UC,219,-3100,0,-0.953125,3.544922,0.066406,0.001953,0.000000,-0.003906
2412929,BNO_GYRO_UC,220,-3400,0,-0.664062,3.326172,0.013672,0.001953,0.000000,-0.003906
2421908,BNO_GYRO_UC,221,-3100,0,-0.283203,3.451172,-0.062500,0.001953,0.000000,-0.003906
2432496,BNO_GYRO_UC,222,-3200,0,0.029297,3.656250,-0.013672,0.001953,0.000000,-0.003906
2441830,BNO_GYRO_UC,223,-3100,0,0.126953,3.750000,0.011719,0.001953,0.000000,-0.003906
2453111,BNO_GYRO_UC,224,-3400,0,0.003906,3.814453,-0.062500,0.001953,0.000000,-0.003906
2462293,BNO_GYRO_UC,225,-3200,0,-0.240234,3.845703,-0.150391,0.001953,0.000000,-0.003906
2471965,BNO_GYRO_UC,226,-2900,0,-0.402344,3.916016,-0.183594,0.001953,0.000000,-0.003906
2481981,BNO_GYRO_UC,227,-3100,0,-0.392578,4.042969,-0.183594,0.001953,0.000000,-0.003906
2492371,BNO_GYRO_UC,228,-3100,0,-0.367188,4.033203,-0.275391,0.001953,0.000000,-0.003906
2501672,BNO_GYRO_UC,229,-2500,0,-0.380859,3.732422,-0.355469,0.001953,0.000000,-0.003906
2512501,BNO_GYRO_UC,230,-3100,0,-0.484375,3.316406,-0.357422,0.001953,0.000000,-0.003906
2522056,BNO_GYRO_UC,231,-3100,0,-0.517578,3.113281,-0.275391,0.001953,0.000000,-0.003906
2533190,BNO_GYRO_UC,232,-3400,0,-0.443359,3.218750,-0.144531,0.001953,0.000000,-0.003906
2542367,BNO_GYRO_UC,233,-3200,0,-0.443359,3.462891,-0.066406,0.001953,0.000000,-0.003906
2552055,BNO_GYRO_UC,234,-3100,0,-0.406250,3.732422,-0.025391,0.001953,0.000000,-0.003906
2562156,BNO_GYRO_UC,235,-3200,0,-0.373047,3.957031,0.121094,0.001953,0.000000,-0.003906
2572608,BNO_GYRO_UC,236,-2900,0,-0.464844,4.005859,0.160156,0.001953,0.000000,-0.003906
2582847,BNO_GYRO_UC,237,-3400,0,-0.564453,3.837891,0.162109,0.001953,0.000000,-0.003906
2592254,BNO_GYRO_UC,238,-3100,0,-0.464844,3.494141,0.101562,0.001953,0.000000,-0.003906
2602466,BNO_GYRO_UC,239,-3200,0,-0.345703,3.232422,-0.046875,0.001953,0.000000,-0.003906
2612629,BNO_GYRO_UC,240,-2900,0,-0.468750,3.066406,-0.083984,0.001953,0.000000,-0.003906
2622711,BNO_GYRO_UC,241,-3200,0,-0.660156,2.949219,-0.001953,0.001953,0.000000,-0.003906
2632233,BNO_GYRO_UC,242,-3100,0,-0.730469,2.974609,0.125000,0.001953,0.000000,-0.003906
2642647,BNO_GYRO_UC,243,-3200,0,-0.771484,3.218750,0.175781,0.001953,0.000000,-0.003906
2652782,BNO_GYRO_UC,244,-2700,0,-0.789062,3.511719,0.203125,0.001953,0.000000,-0.003906
2662951,BNO_GYRO_UC,245,-3200,0,-0.830078,3.746094,0.218750,0.001953,0.000000,-0.003906
2672525,BNO_GYRO_UC,246,-3100,0,-0.937500,3.833984,0.224609,0.001953,0.000000,-0.003906
2682756,BNO_GYRO_UC,247,-3200,0,-1.000000,3.789062,0.271484,0.001953,0.000000,-0.003906
2692951,BNO_GYRO_UC,248,-2900,0,-1.027344,3.763672,0.341797,0.001953,0.000000,-0.003906
2702979,BNO_GYRO_UC,249,-3200,0,-1.085938,3.800781,0.330078,0.001953,0.000000,-0.003906
2712535,BNO_GYRO_UC,250,-3100,0,-1.173828,3.869141,0.216797,0.001953,0.000000,-0.003906
2723139,BNO_GYRO_UC,251,-3100,0,-1.296875,4.015625,0.302734,0.001953,0.000000,-0.003906
2733089,BNO_GYRO_UC,252,-2500,0,-1.464844,4.216797,0.462891,0.001953,0.000000,-0.003906
2743148,BNO_GYRO_UC,253,-3200,0,-1.681641,4.384766,0.623047,0.001953,0.000000,-0.003906
2753365,BNO_GYRO_UC,254,-3200,0,-1.923828,4.455078,0.759766,0.001953,0.000000,-0.003906
2762656,BNO_GYRO_UC,255,-3100,0,-2.017578,4.423828,0.810547,0.001953,0.000000,-0.003906
2773840,BNO_GYRO_UC,256,-3600,0,-1.976562,4.287109,0.896484,0.001953,0.000000,-0.003906
2783134,BNO_GYRO_UC,257,-3200,0,-1.876953,4.076172,1.035156,0.001953,0.000000,-0.003906
2792718,BNO_GYRO_UC,258,-3100,0,-1.691406,3.753906,1.121094,0.001953,0.000000,-0.003906
2803181,BNO_GYRO_UC,259,-3200,0,-1.158203,3.242188,1.154297,0.001953,0.000000,-0.003906
2813572,BNO_GYRO_UC,260,-3100,0,-0.279297,2.466797,1.101562,0.001953,0.000000,-0.003906
2823683,BNO_GYRO_UC,261,-3200,0,0.603516,1.330078,0.822266,0.001953,0.000000,-0.003906
2832824,BNO_GYRO_UC,262,-3100,0,1.189453,-0.062500,0.511719,0.001953,0.000000,-0.003906
2843286,BNO_GYRO_UC,263,-3200,0,1.570312,-1.623047,0.228516,0.001953,0.000000,-0.003906
2853672,BNO_GYRO_UC,264,-3100,0,1.984375,-3.068359,-0.076172,0.001953,0.000000,-0.003906
2863738,BNO_GYRO_UC,265,-3200,0,2.138672,-4.207031,-0.289062,0.001953,0.000000,-0.003906
2872780,BNO_GYRO_UC,266,-3100,0,1.888672,-5.087891,-0.396484,0.001953,0.000000,-0.003906
2883335,BNO_GYRO_UC,267,-3100,0,1.580078,-5.878906,-0.349609,0.001953,0.000000,-0.003906
2893737,BNO_GYRO_UC,268,-3100,0,1.693359,-6.716797,-0.222656,0.001953,0.000000,-0.003906
2903823,BNO_GYRO_UC,269,-3200,0,2.115234,-7.750000,-0.201172,0.001953,0.000000,-0.003906
2912960,BNO_GYRO_UC,270,-3100,0,2.494141,-8.896484,0.027344,0.001953,0.000000,-0.003906
2923555,BNO_GYRO_UC,271,-3100,0,2.972656,-10.042969,0.464844,0.001953,0.000000,-0.003906
2933879,BNO_GYRO_UC,272,-3100,0,3.140625,-11.199219,0.697266,0.001953,0.000000,-0.003906
2943341,BNO_GYRO_UC,273,-3100,0,2.947266,-11.843750,0.195312,0.001953,0.000000,-0.003906
2953090,BNO_GYRO_UC,274,-3100,0,2.945312,-11.974609,0.031250,0.001953,0.000000,-0.003906
2963743,BNO_GYRO_UC,275,-3200,0,2.681641,-11.783203,0.453125,0.001953,0.000000,-0.003906
2973646,BNO_GYRO_UC,276,-2500,0,2.058594,-10.667969,0.291016,0.001953,0.000000,-0.003906
2983812,BNO_GYRO_UC,277,-3200,0,1.544922,-8.849609,0.136719,0.001953,0.000000,-0.003906
2993321,BNO_GYRO_UC,278,-3200,0,1.392578,-7.835938,0.126953,0.001953,0.000000,-0.003906
3003228,BNO_GYRO_UC,279,-3200,0,1.099609,-8.009766,0.062500,0.001953,0.000000,-0.003906
3013863,BNO_GYRO_UC,280,-3400,0,0.558594,-8.777344,0.251953,0.001953,0.000000,-0.003906
3024076,BNO_GYRO_UC,281,-3400,0,0.226562,-9.824219,0.539062,0.001953,0.000000,-0.003906
3033274,BNO_GYRO_UC,282,-2900,0,0.226562,-10.720703,0.664062,0.001953,0.000000,-0.003906
3043320,BNO_GYRO_UC,283,-3100,0,-0.181641,-10.486328,0.001953,0.001953,0.000000,-0.003906
3053689,BNO_GYRO_UC,284,-3400,0,-0.501953,-8.699219,-0.470703,0.001953,0.000000,-0.003906
3063721,BNO_GYRO_UC,285,-3100,0,-0.466797,-6.689453,-0.216797,0.001953,0.000000,-0.003906
3073225,BNO_GYRO_UC,286,-2900,0,-0.535156,-5.421875,0.285156,0.001953,0.000000,-0.003906
3083765,BNO_GYRO_UC,287,-3200,0,-0.599609,-4.017578,0.597656,0.001953,0.000000,-0.003906
3094224,BNO_GYRO_UC,288,-2900,0,-0.351562,-2.101562,0.740234,0.001953,0.000000,-0.003906
3103806,BNO_GYRO_UC,289,-2900,0,0.095703,-0.601562,0.484375,0.001953,0.000000,-0.003906
3113309,BNO_GYRO_UC,290,-2900,0,0.294922,0.537109,-0.025391,0.001953,0.000000,-0.003906
3123899,BNO_GYRO_UC,291,-3100,0,0.376953,0.914062,-0.365234,0.001953,0.000000,-0.003906
3134405,BNO_GYRO_UC,292,-3100,0,0.068359,0.880859,-0.427734,0.001953,0.000000,-0.003906
3144587,BNO_GYRO_UC,293,-3400,0,-0.412109,1.111328,-0.060547,0.001953,0.000000,-0.003906
3153562,BNO_GYRO_UC,294,-3100,0,-0.769531,1.794922,0.560547,0.001953,0.000000,-0.003906
3164196,BNO_GYRO_UC,295,-3200,0,-0.908203,3.333984,1.275391,0.001953,0.000000,-0.003906
3174727,BNO_GYRO_UC,296,-3200,0,-0.859375,5.847656,1.751953,0.001953,0.000000,-0.003906
3184022,BNO_GYRO_UC,297,-2500,0,-0.291016,9.246094,1.617188,0.001953,0.000000,-0.003906
3193520,BNO_GYRO_UC,298,-2900,0,0.365234,12.988281,1.099609,0.001953,0.000000,-0.003906
3204091,BNO_GYRO_UC,299,-3200,0,0.730469,15.320312,0.386719,0.001953,0.000000,-0.003906
3214777,BNO_GYRO_UC,300,-3200,0,0.761719,15.285156,-0.064453,0.001953,0.000000,-0.003906
3224204,BNO_GYRO_UC,301,-2500,0,0.246094,13.976562,-0.042969,0.001953,0.000000,-0.003906
3233801,BNO_GYRO_UC,302,-3100,0,-0.457031,12.386719,0.419922,0.001953,0.000000,-0.003906
3243771,BNO_GYRO_UC,303,-3200,0,-1.070312,10.773438,0.921875,0.001953,0.000000,-0.003906
3254338,BNO_GYRO_UC,304,-3600,0,-1.179688,9.091797,0.792969,0.001953,0.000000,-0.003906
3264834,BNO_GYRO_UC,305,-3600,0,-1.023438,7.857422,0.294922,0.001953,0.000000,-0.003906
3273777,BNO_GYRO_UC,306,-3200,0,-0.863281,7.404297,0.050781,0.001953,0.000000,-0.003906
3284305,BNO_GYRO_UC,307,-3100,0,-0.777344,7.228516,0.277344,0.001953,0.000000,-0.003906
3295106,BNO_GYRO_UC,308,-3400,0,-0.863281,6.880859,0.572266,0.001953,0.000000,-0.003906
3304540,BNO_GYRO_UC,309,-2700,0,-1.107422,6.751953,0.794922,0.001953,0.000000,-0.003906
3313275,BNO_GYRO_UC,310,-2700,0,-1.404297,6.802734,0.878906,0.001953,0.000000,-0.003906
3324021,BNO_GYRO_UC,311,-3100,0,-1.828125,6.830078,0.958984,0.001953,0.000000,-0.003906
3334560,BNO_GYRO_UC,312,-3400,0,-2.208984,6.625000,0.992188,0.001953,0.000000,-0.003906
3344878,BNO_GYRO_UC,313,-3200,0,-2.308594,6.480469,0.962891,0.001953,0.000000,-0.003906
3354248,BNO_GYRO_UC,314,-3200,0,-2.111328,6.267578,0.689453,0.001953,0.000000,-0.003906
3363981,BNO_GYRO_UC,315,-3100,0,-1.765625,5.867188,0.312500,0.001953,0.000000,-0.003906
3373933,BNO_GYRO_UC,316,-3100,0,-1.335938,5.486328,-0.001953,0.001953,0.000000,-0.003906
3384372,BNO_GYRO_UC,317,-3100,0,-0.941406,5.138672,-0.095703,0.001953,0.000000,-0.003906
3393928,BNO_GYRO_UC,318,-2900,0,-0.501953,4.478516,-0.089844,0.001953,0.000000,-0.003906
3404621,BNO_GYRO_UC,319,-3100,0,-0.109375,3.306641,-0.275391,0.001953,0.000000,-0.003906
3414076,BNO_GYRO_UC,320,-3100,0,0.062500,1.791016,-0.380859,0.001953,0.000000,-0.003906
3425047,BNO_GYRO_UC,321,-3400,0,0.156250,0.326172,-0.533203,0.001953,0.000000,-0.003906
3434342,BNO_GYRO_UC,322,-3200,0,0.269531,-0.814453,-0.716797,0.001953,0.000000,-0.003906
3444836,BNO_GYRO_UC,323,-3100,0,0.470703,-1.880859,-0.824219,0.001953,0.000000,-0.003906
3454040,BNO_GYRO_UC,324,-2900,0,0.732422,-3.087891,-0.878906,0.001953,0.000000,-0.003906
3465115,BNO_GYRO_UC,325,-3400,0,0.843750,-4.439453,-1.005859,0.001953,0.000000,-0.003906
3474536,BNO_GYRO_UC,326,-3200,0,0.810547,-5.570312,-1.072266,0.001953,0.000000,-0.003906
3484130,BNO_GYRO_UC,327,-3100,0,0.648438,-6.447266,-0.941406,0.001953,0.000000,-0.003906
3494439,BNO_GYRO_UC,328,-3100,0,0.449219,-7.173828,-0.812500,0.001953,0.000000,-0.003906
3504461,BNO_GYRO_UC,329,-2700,0,0.433594,-7.962891,-0.742188,0.001953,0.000000,-0.003906
3514655,BNO_GYRO_UC,330,-3400,0,0.500000,-8.917969,-0.632812,0.001953,0.000000,-0.003906
3524286,BNO_GYRO_UC,331,-3100,0,0.416016,-9.931641,-0.445312,0.001953,0.000000,-0.003906
3534620,BNO_GYRO_UC,332,-3100,0,0.099609,-10.841797,-0.433594,0.001953,0.000000,-0.003906
3544800,BNO_GYRO_UC,333,-2700,0,-0.171875,-11.656250,-1.015625,0.001953,0.000000,-0.003906
3554875,BNO_GYRO_UC,334,-3200,0,0.197266,-12.335938,-1.851562,0.001953,0.000000,-0.003906
3564439,BNO_GYRO_UC,335,-3100,0,1.093750,-12.812500,-2.257812,0.001953,0.000000,-0.003906
3574812,BNO_GYRO_UC,336,-3200,0,1.869141,-13.335938,-2.546875,0.001953,0.000000,-0.003906
3584972,BNO_GYRO_UC,337,-2700,0,2.042969,-13.714844,-2.658203,0.001953,0.000000,-0.003906
3595092,BNO_GYRO_UC,338,-3200,0,1.824219,-13.333984,-2.468750,0.001953,0.000000,-0.003906
3604528,BNO_GYRO_UC,339,-3100,0,1.425781,-12.017578,-2.009766,0.001953,0.000000,-0.003906
3615079,BNO_GYRO_UC,340,-3200,0,1.214844,-10.707031,-1.529297,0.001953,0.000000,-0.003906
3625075,BNO_GYRO_UC,341,-2500,0,1.132812,-10.292969,-0.947266,0.001953,0.000000,-0.003906
3635367,BNO_GYRO_UC,342,-3200,0,1.357422,-10.582031,-0.537109,0.001953,0.000000,-0.003906
3644658,BNO_GYRO_UC,343,-3100,0,1.146484,-11.039062,-0.683594,0.001953,0.000000,-0.003906
3655334,BNO_GYRO_UC,344,-3200,0,0.367188,-10.431641,-1.628906,0.001953,0.000000,-0.003906
3665857,BNO_GYRO_UC,345,-3400,0,0.083984,-9.132812,-2.177734,0.001953,0.000000,-0.003906
3675171,BNO_GYRO_UC,346,-3200,0,0.300781,-8.371094,-1.853516,0.001953,0.000000,-0.003906
3684719,BNO_GYRO_UC,347,-3200,0,0.427734,-8.332031,-1.421875,0.001953,0.000000,-0.003906
3695182,BNO_GYRO_UC,348,-3100,0,0.248047,-8.503906,-1.158203,0.001953,0.000000,-0.003906
3705325,BNO_GYRO_UC,349,-2900,0,0.492188,-8.640625,-1.132812,0.001953,0.000000,-0.003906
3715714,BNO_GYRO_UC,350,-3200,0,1.326172,-8.169922,-1.123047,0.001953,0.000000,-0.003906
3724806,BNO_GYRO_UC,351,-3100,0,2.166016,-7.462891,-0.958984,0.001953,0.000000,-0.003906
3735437,BNO_GYRO_UC,352,-3200,0,2.416016,-6.886719,-0.417969,0.001953,0.000000,-0.003906
3745599,BNO_GYRO_UC,353,-2900,0,1.726562,-6.498047,-0.275391,0.001953,0.000000,-0.003906
3755710,BNO_GYRO_UC,354,-3200,0,0.982422,-5.982422,-0.531250,0.001953,0.000000,-0.003906
3764810,BNO_GYRO_UC,355,-2900,0,0.667969,-5.621094,-0.607422,0.001953,0.000000,-0.003906
3775425,BNO_GYRO_UC,356,-3100,0,0.589844,-5.326172,-0.697266,0.001953,0.000000,-0.003906
3785733,BNO_GYRO_UC,357,-2900,0,0.589844,-4.904297,-0.701172,0.001953,0.000000,-0.003906
3795803,BNO_GYRO_UC,358,-3200,0,0.685547,-4.533203,-0.615234,0.001953,0.000000,-0.003906
3804824,BNO_GYRO_UC,359,-3100,0,0.847656,-4.341797,-0.630859,0.001953,0.000000,-0.003906
3815383,BNO_GYRO_UC,360,-3100,0,1.013672,-4.074219,-0.751953,0.001953,0.000000,-0.003906
3825704,BNO_GYRO_UC,361,-3100,0,1.048828,-4.060547,-0.794922,0.001953,0.000000,-0.003906
3835729,BNO_GYRO_UC,362,-3400,0,0.988281,-4.304688,-0.550781,0.001953,0.000000,-0.003906
3844921,BNO_GYRO_UC,363,-2900,0,0.845703,-4.464844,-0.207031,0.001953,0.000000,-0.003906
3855549,BNO_GYRO_UC,364,-3200,0,0.679688,-4.441406,0.253906,0.001953,0.000000,-0.003906
3866127,BNO_GYRO_UC,365,-3200,0,0.523438,-4.060547,0.572266,0.001953,0.000000,-0.003906
3875465,BNO_GYRO_UC,366,-2900,0,0.523438,-3.527344,0.556641,0.001953,0.000000,-0.003906
3885049,BNO_GYRO_UC,367,-3100,0,0.595703,-2.863281,0.289062,0.001953,0.000000,-0.003906
3895767,BNO_GYRO_UC,368,-3200,0,0.666016,-2.287109,0.089844,0.001953,0.000000,-0.003906
3906254,BNO_GYRO_UC,369,-3100,0,0.554688,-1.859375,0.126953,0.001953,0.000000,-0.003906
3915608,BNO_GYRO_UC,370,-3100,0,0.406250,-1.548828,0.439453,0.001953,0.000000,-0.003906
3924974,BNO_GYRO_UC,371,-2700,0,0.363281,-1.189453,0.771484,0.001953,0.000000,-0.003906
3935678,BNO_GYRO_UC,372,-3100,0,0.265625,-0.591797,0.957031,0.001953,0.000000,-0.003906
3946051,BNO_GYRO_UC,373,-2900,0,0.027344,0.214844,0.982422,0.001953,0.000000,-0.003906
3956379,BNO_GYRO_UC,374,-3400,0,-0.093750,1.054688,1.099609,0.001953,0.000000,-0.003906
3965237,BNO_GYRO_UC,375,-3100,0,-0.056641,1.876953,1.453125,0.001953,0.000000,-0.003906
3975829,BNO_GYRO_UC,376,-3200,0,-0.087891,2.580078,1.498047,0.001953,0.000000,-0.003906
3986153,BNO_GYRO_UC,377,-2900,0,-0.150391,3.160156,0.986328,0.001953,0.000000,-0.003906
3996485,BNO_GYRO_UC,378,-3400,0,-0.240234,4.015625,0.251953,0.001953,0.000000,-0.003906
4005298,BNO_GYRO_UC,379,-3100,0,-0.277344,5.035156,-0.277344,0.001953,0.000000,-0.003906
4015816,BNO_GYRO_UC,380,-3200,0,-0.185547,6.169922,-0.587891,0.001953,0.000000,-0.003906
4025721,BNO_GYRO_UC,381,-3400,0,-0.193359,7.210938,-0.824219,0.001953,0.000000,-0.003906
4036084,BNO_GYRO_UC,382,-3200,0,-0.281250,8.001953,-0.994141,0.001953,0.000000,-0.003906
4045086,BNO_GYRO_UC,383,-2700,0,-0.326172,8.273438,-0.937500,0.001953,0.000000,-0.003906
4055805,BNO_GYRO_UC,384,-3200,0,-0.558594,7.464844,-0.691406,0.001953,0.000000,-0.003906
4066633,BNO_GYRO_UC,385,-3400,0,-0.853516,6.123047,-0.162109,0.001953,0.000000,-0.003906
4076035,BNO_GYRO_UC,386,-2500,0,-0.972656,4.832031,0.380859,0.001953,0.000000,-0.003906
4085496,BNO_GYRO_UC,387,-2900,0,-0.970703,4.027344,0.613281,0.001953,0.000000,-0.003906
4096009,BNO_GYRO_UC,388,-3200,0,-0.896484,3.761719,0.689453,0.001953,0.000000,-0.003906
4106631,BNO_GYRO_UC,389,-3400,0,-0.785156,3.626953,0.484375,0.001953,0.000000,-0.003906
4116156,BNO_GYRO_UC,390,-2700,0,-0.552734,3.496094,0.107422,0.001953,0.000000,-0.003906
4125222,BNO_GYRO_UC,391,-2700,0,-0.339844,3.773438,0.011719,0.001953,0.000000,-0.003906
4135877,BNO_GYRO_UC,392,-3100,0,-0.349609,4.125000,-0.070312,0.001953,0.000000,-0.003906
4145519,BNO_GYRO_UC,393,-2900,0,-0.363281,4.226562,-0.189453,0.001953,0.000000,-0.003906
4156889,BNO_GYRO_UC,394,-3400,0,-0.423828,4.207031,-0.185547,0.001953,0.000000,-0.003906
4165805,BNO_GYRO_UC,395,-3200,0,-0.527344,4.191406,-0.113281,0.001953,0.000000,-0.003906
4176281,BNO_GYRO_UC,396,-3200,0,-0.599609,4.093750,-0.072266,0.001953,0.000000,-0.003906
4185672,BNO_GYRO_UC,397,-3100,0,-0.542969,3.898438,-0.136719,0.001953,0.000000,-0.003906
4196808,BNO_GYRO_UC,398,-3600,0,-0.525391,3.470703,-0.138672,0.001953,0.000000,-0.003906
4206276,BNO_GYRO_UC,399,-3400,0,-0.570312,2.839844,0.011719,0.001953,0.000000,-0.003906
4215769,BNO_GYRO_UC,400,-2900,0,-0.685547,2.443359,0.205078,0.001953,0.000000,-0.003906
4226948,BNO_GYRO_UC,401,-3400,0,-0.753906,2.511719,0.367188,0.001953,0.000000,-0.003906
4236523,BNO_GYRO_UC,402,-2500,0,-0.683594,3.105469,0.548828,0.001953,0.000000,-0.003906
4245375,BNO_GYRO_UC,403,-2500,0,-0.566406,4.244141,0.876953,0.001953,0.000000,-0.003906
4256302,BNO_GYRO_UC,404,-3100,0,-0.619141,5.626953,0.810547,0.001953,0.000000,-0.003906
4265867,BNO_GYRO_UC,405,-3100,0,-0.507812,7.685547,0.691406,0.001953,0.000000,-0.003906
4276270,BNO_GYRO_UC,406,-3100,0,-0.583984,10.216797,0.468750,0.001953,0.000000,-0.003906
4285627,BNO_GYRO_UC,407,-2700,0,-0.857422,12.947266,0.169922,0.001953,0.000000,-0.003906
4296439,BNO_GYRO_UC,408,-3100,0,-0.962891,16.074219,0.109375,0.001953,0.000000,-0.003906
4306084,BNO_GYRO_UC,409,-3100,0,-0.980469,18.833984,0.039062,0.001953,0.000000,-0.003906
4316386,BNO_GYRO_UC,410,-3100,0,-1.455078,19.751953,-0.439453,0.001953,0.000000,-0.003906
4326573,BNO_GYRO_UC,411,-3200,0,-2.083984,18.677734,-0.873047,0.001953,0.000000,-0.003906
4336048,BNO_GYRO_UC,412,-3100,0,-2.962891,16.626953,-0.968750,0.001953,0.000000,-0.003906
4346252,BNO_GYRO_UC,413,-3100,0,-4.232422,14.505859,-0.341797,0.001953,0.000000,-0.003906
4356510,BNO_GYRO_UC,414,-2900,0,-5.353516,13.101562,0.947266,0.001953,0.000000,-0.003906
4366840,BNO_GYRO_UC,415,-3200,0,-5.818359,12.515625,1.974609,0.001953,0.000000,-0.003906
4376157,BNO_GYRO_UC,416,-3200,0,-5.677734,12.162109,2.488281,0.001953,0.000000,-0.003906
4386413,BNO_GYRO_UC,417,-3100,0,-5.222656,11.583984,2.494141,0.001953,0.000000,-0.003906
4396560,BNO_GYRO_UC,418,-2900,0,-4.224609,10.824219,2.111328,0.001953,0.000000,-0.003906
4406696,BNO_GYRO_UC,419,-3200,0,-2.798828,10.205078,1.845703,0.001953,0.000000,-0.003906
4416298,BNO_GYRO_UC,420,-3100,0,-1.400391,9.791016,1.482422,0.001953,0.000000,-0.003906
4426635,BNO_GYRO_UC,421,-3200,0,-0.158203,9.648438,1.070312,0.001953,0.000000,-0.003906
4436676,BNO_GYRO_UC,422,-2700,0,0.925781,9.023438,0.708984,0.001953,0.000000,-0.003906
4446853,BNO_GYRO_UC,423,-3200,0,1.851562,6.412109,0.453125,0.001953,0.000000,-0.003906
4456359,BNO_GYRO_UC,424,-3100,0,2.412109,4.322266,0.599609,0.001953,0.000000,-0.003906
4466925,BNO_GYRO_UC,425,-3100,0,2.585938,3.337891,0.587891,0.001953,0.000000,-0.003906
4476940,BNO_GYRO_UC,426,-2700,0,2.458984,2.033203,0.441406,0.001953,0.000000,-0.003906
4487061,BNO_GYRO_UC,427,-3200,0,2.337891,0.226562,0.193359,0.001953,0.000000,-0.003906
4496402,BNO_GYRO_UC,428,-3100,0,2.214844,-1.427734,-0.082031,0.001953,0.000000,-0.003906
4506961,BNO_GYRO_UC,429,-3200,0,1.990234,-2.865234,-0.275391,0.001953,0.000000,-0.003906
4517160,BNO_GYRO_UC,430,-3100,0,1.548828,-4.390625,-0.404297,0.001953,0.000000,-0.003906
4527304,BNO_GYRO_UC,431,-3200,0,1.050781,-5.783203,-0.552734,0.001953,0.000000,-0.003906
4536579,BNO_GYRO_UC,432,-3100,0,0.791016,-7.003906,-0.636719,0.001953,0.000000,-0.003906
4547010,BNO_GYRO_UC,433,-3100,0,0.753906,-8.207031,-0.851562,0.001953,0.000000,-0.003906
4557411,BNO_GYRO_UC,434,-3100,0,0.769531,-9.416016,-0.972656,0.001953,0.000000,-0.003906
4567492,BNO_GYRO_UC,435,-3400,0,0.882812,-10.695312,-0.408203,0.001953,0.000000,-0.003906
4576637,BNO_GYRO_UC,436,-3100,0,0.974609,-12.302734,0.105469,0.001953,0.000000,-0.003906
4587257,BNO_GYRO_UC,437,-3200,0,1.111328,-13.615234,0.093750,0.001953,0.000000,-0.003906
4597621,BNO_GYRO_UC,438,-3100,0,1.224609,-13.609375,-0.324219,0.001953,0.000000,-0.003906
4607761,BNO_GYRO_UC,439,-3200,0,1.537109,-13.357422,-0.564453,0.001953,0.000000,-0.003906
4616830,BNO_GYRO_UC,440,-3100,0,2.267578,-13.656250,-0.525391,0.001953,0.000000,-0.003906
4627273,BNO_GYRO_UC,441,-3200,0,2.882812,-14.576172,-0.429688,0.001953,0.000000,-0.003906
4637638,BNO_GYRO_UC,442,-3100,0,2.568359,-15.656250,-0.839844,0.001953,0.000000,-0.003906
4647152,BNO_GYRO_UC,443,-3200,0,1.685547,-15.949219,-1.732422,0.001953,0.000000,-0.003906
4656795,BNO_GYRO_UC,444,-3100,0,1.525391,-15.742188,-2.041016,0.001953,0.000000,-0.003906
4667465,BNO_GYRO_UC,445,-3100,0,1.869141,-15.859375,-1.884766,0.001953,0.000000,-0.003906
4677843,BNO_GYRO_UC,446,-2900,0,2.322266,-16.093750,-1.955078,0.001953,0.000000,-0.003906
4687324,BNO_GYRO_UC,447,-3100,0,3.021484,-17.005859,-1.769531,0.001953,0.000000,-0.003906
4696835,BNO_GYRO_UC,448,-3100,0,3.173828,-18.097656,-1.302734,0.001953,0.000000,-0.003906
4707334,BNO_GYRO_UC,449,-3200,0,2.304688,-17.615234,-1.394531,0.001953,0.000000,-0.003906
4717901,BNO_GYRO_UC,450,-3200,0,1.845703,-16.091797,-2.349609,0.001953,0.000000,-0.003906
4727425,BNO_GYRO_UC,451,-3100,0,2.044922,-14.994141,-3.021484,0.001953,0.000000,-0.003906
4736898,BNO_GYRO_UC,452,-3100,0,2.576172,-13.904297,-3.039062,0.001953,0.000000,-0.003906
4747558,BNO_GYRO_UC,453,-3100,0,3.062500,-12.244141,-2.558594,0.001953,0.000000,-0.003906
4758087,BNO_GYRO_UC,454,-3100,0,3.074219,-10.283203,-1.791016,0.001953,0.000000,-0.003906
4767514,BNO_GYRO_UC,455,-2900,0,2.763672,-8.425781,-1.062500,0.001953,0.000000,-0.003906
4776915,BNO_GYRO_UC,456,-2900,0,2.695312,-7.351562,-0.017578,0.001953,0.000000,-0.003906
4787590,BNO_GYRO_UC,457,-3200,0,3.015625,-7.162109,0.937500,0.001953,0.000000,-0.003906
4798042,BNO_GYRO_UC,458,-2900,0,3.412109,-7.390625,1.523438,0.001953,0.000000,-0.003906
4807571,BNO_GYRO_UC,459,-2700,0,2.970703,-7.365234,2.025391,0.001953,0.000000,-0.003906
4816976,BNO_GYRO_UC,460,-2900,0,1.921875,-6.013672,2.046875,0.001953,0.000000,-0.003906
4827528,BNO_GYRO_UC,461,-3200,0,1.433594,-4.474609,2.054688,0.001953,0.000000,-0.003906
4837946,BNO_GYRO_UC,462,-3100,0,0.931641,-3.433594,1.691406,0.001953,0.000000,-0.003906
4848225,BNO_GYRO_UC,463,-3200,0,0.406250,-2.470703,0.871094,0.001953,0.000000,-0.003906
4857289,BNO_GYRO_UC,464,-3100,0,0.062500,-1.355469,0.089844,0.001953,0.000000,-0.003906
4867770,BNO_GYRO_UC,465,-3100,0,-0.207031,-0.251953,-0.375000,0.001953,0.000000,-0.003906
4877687,BNO_GYRO_UC,466,-3400,0,-0.601562,0.957031,-0.613281,0.001953,0.000000,-0.003906
4888212,BNO_GYRO_UC,467,-3400,0,-1.218750,2.167969,-0.439453,0.001953,0.000000,-0.003906
4897405,BNO_GYRO_UC,468,-3100,0,-1.785156,2.814453,0.466797,0.001953,0.000000,-0.003906
4907823,BNO_GYRO_UC,469,-3100,0,-2.035156,3.072266,1.287109,0.001953,0.000000,-0.003906
4918376,BNO_GYRO_UC,470,-3100,0,-2.037109,3.441406,1.242188,0.001953,0.000000,-0.003906
4927853,BNO_GYRO_UC,471,-2500,0,-1.677734,4.429688,0.708984,0.001953,0.000000,-0.003906
4937331,BNO_GYRO_UC,472,-2900,0,-1.189453,5.541016,0.302734,0.001953,0.000000,-0.003906
4947971,BNO_GYRO_UC,473,-3100,0,-0.958984,6.609375,-0.175781,0.001953,0.000000,-0.003906
4957571,BNO_GYRO_UC,474,-3100,0,-1.214844,8.007812,-0.541016,0.001953,0.000000,-0.003906
4968652,BNO_GYRO_UC,475,-3600,0,-2.142578,9.167969,-0.341797,0.001953,0.000000,-0.003906
4977482,BNO_GYRO_UC,476,-3100,0,-3.232422,10.060547,0.021484,0.001953,0.000000,-0.003906
4988103,BNO_GYRO_UC,477,-3200,0,-3.548828,10.722656,0.695312,0.001953,0.000000,-0.003906
4997706,BNO_GYRO_UC,478,-3100,0,-3.292969,10.496094,1.246094,0.001953,0.000000,-0.003906
5008137,BNO_GYRO_UC,479,-3100,0,-2.835938,10.636719,1.408203,0.001953,0.000000,-0.003906
5017217,BNO_GYRO_UC,480,-2700,0,-2.412109,11.353516,1.207031,0.001953,0.000000,-0.003906
5027929,BNO_GYRO_UC,481,-3200,0,-1.853516,11.660156,0.406250,0.001953,0.000000,-0.003906
5037614,BNO_GYRO_UC,482,-2900,0,-1.302734,12.158203,-0.460938,0.001953,0.000000,-0.003906
5048858,BNO_GYRO_UC,483,-3600,0,-1.195312,13.156250,-0.564453,0.001953,0.000000,-0.003906
5057832,BNO_GYRO_UC,484,-3200,0,-1.121094,14.263672,-0.003906,0.001953,0.000000,-0.003906
5068331,BNO_GYRO_UC,485,-3200,0,-1.414062,14.761719,0.341797,0.001953,0.000000,-0.003906
5077723,BNO_GYRO_UC,486,-3100,0,-2.197266,14.623047,0.441406,0.001953,0.000000,-0.003906
5089275,BNO_GYRO_UC,487,-3800,0,-3.169922,13.908203,0.789062,0.001953,0.000000,-0.003906
5097725,BNO_GYRO_UC,488,-3100,0,-4.085938,12.750000,1.125000,0.001953,0.000000,-0.003906
5108613,BNO_GYRO_UC,489,-3100,0,-4.556641,12.146484,1.558594,0.001953,0.000000,-0.003906
5117980,BNO_GYRO_UC,490,-3100,0,-5.015625,12.371094,1.998047,0.001953,0.000000,-0.003906
5128341,BNO_GYRO_UC,491,-3100,0,-5.136719,12.621094,2.302734,0.001953,0.000000,-0.003906
5137815,BNO_GYRO_UC,492,-2900,0,-4.630859,12.556641,2.162109,0.001953,0.000000,-0.003906
5148603,BNO_GYRO_UC,493,-3200,0,-4.074219,12.392578,2.113281,0.001953,0.000000,-0.003906
5158086,BNO_GYRO_UC,494,-3100,0,-3.689453,12.123047,2.447266,0.001953,0.000000,-0.003906
5169177,BNO_GYRO_UC,495,-3600,0,-3.488281,11.349609,2.601562,0.001953,0.000000,-0.003906
5177767,BNO_GYRO_UC,496,-2900,0,-3.287109,9.904297,2.578125,0.001953,0.000000,-0.003906
5188604,BNO_GYRO_UC,497,-3200,0,-2.890625,8.683594,2.675781,0.001953,0.000000,-0.003906
5198151,BNO_GYRO_UC,498,-3100,0,-2.310547,8.171875,2.568359,0.001953,0.000000,-0.003906
5208446,BNO_GYRO_UC,499,-3100,0,-1.757812,8.107422,2.125000,0.001953,0.000000,-0.003906
5218616,BNO_GYRO_UC,500,-3200,0,-1.402344,7.927734,1.789062,0.001953,0.000000,-0.003906
5228216,BNO_GYRO_UC,501,-3100,0,-1.453125,7.039062,1.724609,0.001953,0.000000,-0.003906
5238702,BNO_GYRO_UC,502,-3100,0,-1.705078,5.277344,1.796875,0.001953,0.000000,-0.003906
5248531,BNO_GYRO_UC,503,-2300,0,-1.279297,2.890625,1.755859,0.001953,0.000000,-0.003906
5258620,BNO_GYRO_UC,504,-3200,0,-0.121094,0.398438,1.578125,0.001953,0.000000,-0.003906
5268080,BNO_GYRO_UC,505,-3100,0,1.341797,-1.820312,1.037109,0.001953,0.000000,-0.003906
5278392,BNO_GYRO_UC,506,-3100,0,2.630859,-3.292969,0.357422,0.001953,0.000000,-0.003906
5288721,BNO_GYRO_UC,507,-2900,0,3.453125,-4.212891,-0.007812,0.001953,0.000000,-0.003906
5298948,BNO_GYRO_UC,508,-3200,0,3.300781,-5.300781,-0.410156,0.001953,0.000000,-0.003906
5308201,BNO_GYRO_UC,509,-3100,0,2.181641,-5.492188,-0.750000,0.001953,0.000000,-0.003906
5318507,BNO_GYRO_UC,510,-3100,0,1.185547,-4.050781,-0.847656,0.001953,0.000000,-0.003906
5328928,BNO_GYRO_UC,511,-3100,0,0.833984,-3.388672,-0.544922,0.001953,0.000000,-0.003906
5338943,BNO_GYRO_UC,512,-3200,0,0.818359,-4.064453,-0.240234,0.001953,0.000000,-0.003906
5348355,BNO_GYRO_UC,513,-3200,0,0.671875,-4.792969,0.294922,0.001953,0.000000,-0.003906
5358896,BNO_GYRO_UC,514,-3100,0,0.455078,-5.554688,0.882812,0.001953,0.000000,-0.003906
5369361,BNO_GYRO_UC,515,-3200,0,0.570312,-6.730469,1.150391,0.001953,0.000000,-0.003906
5378711,BNO_GYRO_UC,516,-3200,0,0.992188,-7.732422,0.833984,0.001953,0.000000,-0.003906
5388510,BNO_GYRO_UC,517,-3100,0,1.134766,-8.125000,-0.371094,0.001953,0.000000,-0.003906
5398993,BNO_GYRO_UC,518,-3100,0,1.179688,-7.722656,-1.984375,0.001953,0.000000,-0.003906
5409126,BNO_GYRO_UC,519,-2700,0,1.652344,-7.132812,-2.681641,0.001953,0.000000,-0.003906
5419421,BNO_GYRO_UC,520,-3400,0,1.839844,-6.763672,-2.039062,0.001953,0.000000,-0.003906
5428620,BNO_GYRO_UC,521,-3100,0,1.449219,-6.052734,-0.748047,0.001953,0.000000,-0.003906
5439092,BNO_GYRO_UC,522,-3100,0,0.673828,-5.154297,0.466797,0.001953,0.000000,-0.003906
5449361,BNO_GYRO_UC,523,-2900,0,0.222656,-3.919922,0.908203,0.001953,0.000000,-0.003906
5459395,BNO_GYRO_UC,524,-3200,0,1.250000,-3.208984,0.419922,0.001953,0.000000,-0.003906
5468704,BNO_GYRO_UC,525,-3100,0,2.242188,-3.419922,-0.031250,0.001953,0.000000,-0.003906
5479323,BNO_GYRO_UC,526,-3100,0,2.306641,-4.775391,-0.189453,0.001953,0.000000,-0.003906
5489197,BNO_GYRO_UC,527,-2300,0,1.154297,-5.996094,-0.103516,0.001953,0.000000,-0.003906
5499341,BNO_GYRO_UC,528,-3200,0,0.279297,-6.789062,-0.021484,0.001953,0.000000,-0.003906
5508675,BNO_GYRO_UC,529,-3100,0,0.388672,-7.824219,0.105469,0.001953,0.000000,-0.003906
5519166,BNO_GYRO_UC,530,-3200,0,0.421875,-8.644531,0.458984,0.001953,0.000000,-0.003906
5529450,BNO_GYRO_UC,531,-2700,0,0.273438,-8.511719,0.736328,0.001953,0.000000,-0.003906
5539634,BNO_GYRO_UC,532,-3200,0,0.484375,-7.792969,0.673828,0.001953,0.000000,-0.003906
5548828,BNO_GYRO_UC,533,-3100,0,0.726562,-7.167969,0.482422,0.001953,0.000000,-0.003906
5559566,BNO_GYRO_UC,534,-3100,0,0.589844,-6.861328,0.318359,0.001953,0.000000,-0.003906
5569812,BNO_GYRO_UC,535,-2900,0,0.037109,-6.353516,0.644531,0.001953,0.000000,-0.003906
5579277,BNO_GYRO_UC,536,-3100,0,-0.683594,-5.625000,1.039062,0.001953,0.000000,-0.003906
5588823,BNO_GYRO_UC,537,-3100,0,-1.001953,-5.019531,1.218750,0.001953,0.000000,-0.003906
5599277,BNO_GYRO_UC,538,-3100,0,-0.873047,-4.673828,1.238281,0.001953,0.000000,-0.003906
5609775,BNO_GYRO_UC,539,-3100,0,-0.611328,-4.439453,1.101562,0.001953,0.000000,-0.003906
5620006,BNO_GYRO_UC,540,-3200,0,-0.115234,-3.908203,1.113281,0.001953,0.000000,-0.003906
5628964,BNO_GYRO_UC,541,-3100,0,0.550781,-3.412109,1.054688,0.001953,0.000000,-0.003906
5639591,BNO_GYRO_UC,542,-3100,0,0.992188,-3.054688,0.701172,0.001953,0.000000,-0.003906
5650055,BNO_GYRO_UC,543,-3200,0,1.283203,-2.687500,0.228516,0.001953,0.000000,-0.003906
5660091,BNO_GYRO_UC,544,-3200,0,1.236328,-3.326172,-0.173828,0.001953,0.000000,-0.003906
5669227,BNO_GYRO_UC,545,-3200,0,0.968750,-5.015625,-0.275391,0.001953,0.000000,-0.003906
5679005,BNO_GYRO_UC,546,-3100,0,0.740234,-6.265625,-0.222656,0.001953,0.000000,-0.003906
5689415,BNO_GYRO_UC,547,-3400,0,0.716797,-6.699219,-0.445312,0.001953,0.000000,-0.003906
5699702,BNO_GYRO_UC,548,-3200,0,0.871094,-6.656250,-0.685547,0.001953,0.000000,-0.003906
5709148,BNO_GYRO_UC,549,-3100,0,0.769531,-6.029297,-0.888672,0.001953,0.000000,-0.003906
5719478,BNO_GYRO_UC,550,-3100,0,0.855469,-4.902344,-0.730469,0.001953,0.000000,-0.003906
5729707,BNO_GYRO_UC,551,-3400,0,0.931641,-3.902344,-0.478516,0.001953,0.000000,-0.003906
5739825,BNO_GYRO_UC,552,-3100,0,0.673828,-3.494141,-0.435547,0.001953,0.000000,-0.003906
5749275,BNO_GYRO_UC,553,-3100,0,0.513672,-3.712891,-0.392578,0.001953,0.000000,-0.003906
5759800,BNO_GYRO_UC,554,-3100,0,0.412109,-4.076172,-0.408203,0.001953,0.000000,-0.003906
5770119,BNO_GYRO_UC,555,-3100,0,0.437500,-4.357422,-0.535156,0.001953,0.000000,-0.003906
5780301,BNO_GYRO_UC,556,-3200,0,0.728516,-4.662109,-0.255859,0.001953,0.000000,-0.003906
5789315,BNO_GYRO_UC,557,-3100,0,1.105469,-4.515625,0.324219,0.001953,0.000000,-0.003906
5799894,BNO_GYRO_UC,558,-3100,0,1.082031,-4.238281,0.816406,0.001953,0.000000,-0.003906
5810383,BNO_GYRO_UC,559,-3100,0,0.552734,-4.503906,0.822266,0.001953,0.000000,-0.003906
5819838,BNO_GYRO_UC,560,-2700,0,0.085938,-4.902344,0.582031,0.001953,0.000000,-0.003906
5828867,BNO_GYRO_UC,561,-2500,0,-0.289062,-4.744141,0.697266,0.001953,0.000000,-0.003906
5839604,BNO_GYRO_UC,562,-3200,0,-0.501953,-4.011719,0.652344,0.001953,0.000000,-0.003906
5849465,BNO_GYRO_UC,563,-3200,0,-0.412109,-3.210938,0.443359,0.001953,0.000000,-0.003906
5860543,BNO_GYRO_UC,564,-3400,0,-0.119141,-2.576172,0.189453,0.001953,0.000000,-0.003906
5869550,BNO_GYRO_UC,565,-3100,0,0.228516,-1.945312,-0.152344,0.001953,0.000000,-0.003906
5880191,BNO_GYRO_UC,566,-3100,0,0.541016,-1.015625,-0.507812,0.001953,0.000000,-0.003906
5890771,BNO_GYRO_UC,567,-3100,0,0.843750,-0.093750,-0.626953,0.001953,0.000000,-0.003906
5900073,BNO_GYRO_UC,568,-2500,0,1.082031,0.724609,-0.433594,0.001953,0.000000,-0.003906
5909539,BNO_GYRO_UC,569,-2900,0,1.097656,1.419922,-0.171875,0.001953,0.000000,-0.003906
5920054,BNO_GYRO_UC,570,-3100,0,0.882812,1.748047,0.136719,0.001953,0.000000,-0.003906
5929682,BNO_GYRO_UC,571,-3100,0,0.548828,1.654297,0.744141,0.001953,0.000000,-0.003906
5940034,BNO_GYRO_UC,572,-3100,0,0.207031,1.929688,1.533203,0.001953,0.000000,-0.003906
5949617,BNO_GYRO_UC,573,-2900,0,0.078125,2.746094,1.781250,0.001953,0.000000,-0.003906
5960168,BNO_GYRO_UC,574,-3100,0,0.214844,3.833984,1.455078,0.001953,0.000000,-0.003906
5969718,BNO_GYRO_UC,575,-3100,0,0.447266,5.076172,0.900391,0.001953,0.000000,-0.003906
5980172,BNO_GYRO_UC,576,-2900,0,0.613281,6.078125,0.089844,0.001953,0.000000,-0.003906
5989663,BNO_GYRO_UC,577,-2900,0,0.902344,6.560547,-0.613281,0.001953,0.000000,-0.003906
6000295,BNO_GYRO_UC,578,-3100,0,1.207031,6.953125,-0.767578,0.001953,0.000000,-0.003906
6009956,BNO_GYRO_UC,579,-3100,0,1.310547,7.662109,-0.609375,0.001953,0.000000,-0.003906
6020369,BNO_GYRO_UC,580,-3100,0,1.333984,8.037109,-0.697266,0.001953,0.000000,-0.003906
6029283,BNO_GYRO_UC,581,-2500,0,1.201172,7.751953,-0.896484,0.001953,0.000000,-0.003906
6040073,BNO_GYRO_UC,582,-3200,0,0.974609,6.902344,-0.814453,0.001953,0.000000,-0.003906
6049993,BNO_GYRO_UC,583,-3100,0,0.650391,6.033203,-0.386719,0.001953,0.000000,-0.003906
6060337,BNO_GYRO_UC,584,-3100,0,0.199219,5.955078,0.009766,0.001953,0.000000,-0.003906
6070476,BNO_GYRO_UC,585,-3200,0,-0.060547,6.486328,-0.019531,0.001953,0.000000,-0.003906
6079882,BNO_GYRO_UC,586,-3100,0,-0.050781,6.681641,-0.507812,0.001953,0.000000,-0.003906
6090345,BNO_GYRO_UC,587,-3200,0,-0.072266,6.347656,-0.720703,0.001953,0.000000,-0.003906
6100404,BNO_GYRO_UC,588,-2700,0,-0.324219,5.775391,-0.646484,0.001953,0.000000,-0.003906
6110555,BNO_GYRO_UC,589,-3400,0,-0.396484,5.380859,-0.531250,0.001953,0.000000,-0.003906
6120045,BNO_GYRO_UC,590,-2900,0,-0.207031,5.232422,-0.425781,0.001953,0.000000,-0.003906
6130174,BNO_GYRO_UC,591,-3100,0,-0.128906,5.466797,-0.171875,0.001953,0.000000,-0.003906
6140498,BNO_GYRO_UC,592,-3100,0,-0.171875,5.517578,-0.136719,0.001953,0.000000,-0.003906
6150606,BNO_GYRO_UC,593,-3200,0,-0.037109,5.103516,-0.296875,0.001953,0.000000,-0.003906
6160123,BNO_GYRO_UC,594,-2900,0,-0.238281,4.626953,-0.326172,0.001953,0.000000,-0.003906
6170194,BNO_GYRO_UC,595,-3100,0,-0.785156,4.833984,-0.330078,0.001953,0.000000,-0.003906
6181346,BNO_GYRO_UC,596,-3600,0,-1.630859,5.685547,-0.240234,0.001953,0.000000,-0.003906
6190622,BNO_GYRO_UC,597,-3200,0,-2.259766,6.623047,-0.210938,0.001953,0.000000,-0.003906
6200125,BNO_GYRO_UC,598,-3100,0,-1.958984,6.707031,-0.263672,0.001953,0.000000,-0.003906
6210901,BNO_GYRO_UC,599,-3200,0,-0.691406,6.496094,-0.388672,0.001953,0.000000,-0.003906
6221189,BNO_GYRO_UC,600,-3100,0,0.203125,6.021484,-0.500000,0.001953,0.000000,-0.003906
6230530,BNO_GYRO_UC,601,-3100,0,-0.015625,5.117188,-0.183594,0.001953,0.000000,-0.003906
6240250,BNO_GYRO_UC,602,-3100,0,-0.269531,4.640625,0.062500,0.001953,0.000000,-0.003906
6250649,BNO_GYRO_UC,603,-3200,0,-0.134766,4.460938,0.041016,0.001953,0.000000,-0.003906
6260794,BNO_GYRO_UC,604,-2700,0,0.515625,4.867188,-0.031250,0.001953,0.000000,-0.003906
6270977,BNO_GYRO_UC,605,-3200,0,0.792969,5.080078,0.123047,0.001953,0.000000,-0.003906
6280423,BNO_GYRO_UC,606,-2900,0,0.855469,4.621094,0.384766,0.001953,0.000000,-0.003906
6290908,BNO_GYRO_UC,607,-3200,0,0.636719,3.652344,0.714844,0.001953,0.000000,-0.003906
6300994,BNO_GYRO_UC,608,-2500,0,0.289062,2.826172,0.906250,0.001953,0.000000,-0.003906
6311185,BNO_GYRO_UC,609,-3200,0,0.193359,2.216797,0.804688,0.001953,0.000000,-0.003906
6320530,BNO_GYRO_UC,610,-3100,0,0.421875,1.335938,0.599609,0.001953,0.000000,-0.003906
6331173,BNO_GYRO_UC,611,-3200,0,0.513672,-0.066406,0.500000,0.001953,0.000000,-0.003906
6341145,BNO_GYRO_UC,612,-2500,0,0.394531,-1.753906,0.408203,0.001953,0.000000,-0.003906
6351268,BNO_GYRO_UC,613,-3200,0,0.031250,-3.167969,0.353516,0.001953,0.000000,-0.003906
6360622,BNO_GYRO_UC,614,-3100,0,-0.400391,-4.001953,0.236328,0.001953,0.000000,-0.003906
6371092,BNO_GYRO_UC,615,-3200,0,-0.492188,-4.324219,-0.130859,0.001953,0.000000,-0.003906
6381376,BNO_GYRO_UC,616,-3100,0,-0.210938,-4.398438,-0.572266,0.001953,0.000000,-0.003906
6391667,BNO_GYRO_UC,617,-3200,0,0.480469,-4.625000,-0.761719,0.001953,0.000000,-0.003906
6400602,BNO_GYRO_UC,618,-2900,0,0.904297,-5.269531,-0.767578,0.001953,0.000000,-0.003906
6411215,BNO_GYRO_UC,619,-3100,0,0.666016,-6.429688,-0.867188,0.001953,0.000000,-0.003906
6421513,BNO_GYRO_UC,620,-2900,0,0.302734,-7.833984,-0.890625,0.001953,0.000000,-0.003906
6431745,BNO_GYRO_UC,621,-3400,0,0.109375,-9.363281,-0.990234,0.001953,0.000000,-0.003906
6440713,BNO_GYRO_UC,622,-3100,0,0.093750,-10.974609,-1.431641,0.001953,0.000000,-0.003906
6451360,BNO_GYRO_UC,623,-3200,0,0.205078,-11.851562,-2.089844,0.001953,0.000000,-0.003906
6461858,BNO_GYRO_UC,624,-3200,0,0.210938,-12.089844,-2.072266,0.001953,0.000000,-0.003906
6471432,BNO_GYRO_UC,625,-3400,0,-0.052734,-11.779297,-1.625000,0.001953,0.000000,-0.003906
6480739,BNO_GYRO_UC,626,-3100,0,-0.328125,-10.511719,-1.373047,0.001953,0.000000,-0.003906
6491315,BNO_GYRO_UC,627,-3100,0,-0.273438,-9.115234,-1.126953,0.001953,0.000000,-0.003906
6501893,BNO_GYRO_UC,628,-3200,0,-0.017578,-8.720703,-0.886719,0.001953,0.000000,-0.003906
6511287,BNO_GYRO_UC,629,-3100,0,0.152344,-9.046875,-1.216797,0.001953,0.000000,-0.003906
6520939,BNO_GYRO_UC,630,-2900,0,0.134766,-9.462891,-2.250000,0.001953,0.000000,-0.003906
6531510,BNO_GYRO_UC,631,-3200,0,0.039062,-9.720703,-3.263672,0.001953,0.000000,-0.003906
6542082,BNO_GYRO_UC,632,-3200,0,-0.111328,-9.037109,-3.429688,0.001953,0.000000,-0.003906
6551434,BNO_GYRO_UC,633,-3100,0,0.097656,-7.695312,-1.806641,0.001953,0.000000,-0.003906
6561055,BNO_GYRO_UC,634,-3100,0,0.398438,-6.265625,0.470703,0.001953,0.000000,-0.003906
6571823,BNO_GYRO_UC,635,-3100,0,0.289062,-5.578125,1.623047,0.001953,0.000000,-0.003906
6582271,BNO_GYRO_UC,636,-3100,0,0.156250,-5.208984,2.148438,0.001953,0.000000,-0.003906
6591782,BNO_GYRO_UC,637,-3100,0,0.173828,-4.941406,2.568359,0.001953,0.000000,-0.003906
6601190,BNO_GYRO_UC,638,-3100,0,0.490234,-5.167969,3.039062,0.001953,0.000000,-0.003906
6611184,BNO_GYRO_UC,639,-3100,0,0.388672,-5.814453,4.021484,0.001953,0.000000,-0.003906
6621512,BNO_GYRO_UC,640,-3400,0,-1.083984,-6.125000,4.853516,0.001953,0.000000,-0.003906
6631512,BNO_GYRO_UC,641,-3100,0,-1.880859,-5.685547,3.300781,0.001953,0.000000,-0.003906
6640905,BNO_GYRO_UC,642,-2700,0,-1.822266,-5.097656,1.523438,0.001953,0.000000,-0.003906
6651450,BNO_GYRO_UC,643,-3100,0,-1.710938,-4.390625,1.140625,0.001953,0.000000,-0.003906
6661411,BNO_GYRO_UC,644,-3200,0,-1.146484,-4.080078,1.146484,0.001953,0.000000,-0.003906
6671574,BNO_GYRO_UC,645,-3100,0,-0.468750,-3.515625,0.822266,0.001953,0.000000,-0.003906
6681171,BNO_GYRO_UC,646,-2900,0,0.208984,-2.923828,0.515625,0.001953,0.000000,-0.003906
6691749,BNO_GYRO_UC,647,-3100,0,0.720703,-1.996094,0.240234,0.001953,0.000000,-0.003906
6701949,BNO_GYRO_UC,648,-3400,0,1.044922,-1.490234,0.126953,0.001953,0.000000,-0.003906
6712212,BNO_GYRO_UC,649,-3200,0,0.681641,-1.187500,0.056641,0.001953,0.000000,-0.003906
6721470,BNO_GYRO_UC,650,-3100,0,0.226562,-0.115234,0.076172,0.001953,0.000000,-0.003906
6731450,BNO_GYRO_UC,651,-3100,0,0.033203,0.644531,0.384766,0.001953,0.000000,-0.003906
6741495,BNO_GYRO_UC,652,-3100,0,0.089844,0.849609,0.365234,0.001953,0.000000,-0.003906
6752521,BNO_GYRO_UC,653,-3400,0,0.160156,1.031250,0.228516,0.001953,0.000000,-0.003906
6761423,BNO_GYRO_UC,654,-3100,0,0.269531,1.361328,0.357422,0.001953,0.000000,-0.003906
6772080,BNO_GYRO_UC,655,-3200,0,0.601562,1.783203,0.625000,0.001953,0.000000,-0.003906
6781603,BNO_GYRO_UC,656,-3100,0,1.046875,2.269531,0.748047,0.001953,0.000000,-0.003906
6792755,BNO_GYRO_UC,657,-3400,0,1.269531,3.074219,0.669922,0.001953,0.000000,-0.003906
6801570,BNO_GYRO_UC,658,-2900,0,1.240234,4.183594,0.162109,0.001953,0.000000,-0.003906
6812214,BNO_GYRO_UC,659,-3100,0,1.244141,4.970703,-0.546875,0.001953,0.000000,-0.003906
6821605,BNO_GYRO_UC,660,-3100,0,1.509766,5.281250,-1.056641,0.001953,0.000000,-0.003906
6832772,BNO_GYRO_UC,661,-3600,0,1.843750,5.613281,-1.335938,0.001953,0.000000,-0.003906
6841541,BNO_GYRO_UC,662,-3100,0,1.833984,6.539062,-1.699219,0.001953,0.000000,-0.003906
6852267,BNO_GYRO_UC,663,-3100,0,2.292969,6.794922,-1.777344,0.001953,0.000000,-0.003906
6863020,BNO_GYRO_UC,664,-3200,0,3.146484,8.662109,-1.580078,0.001953,0.000000,-0.003906
6872456,BNO_GYRO_UC,665,-2500,0,2.755859,10.988281,-1.556641,0.001953,0.000000,-0.003906
6881276,BNO_GYRO_UC,666,-2500,0,2.238281,11.775391,-1.710938,0.001953,0.000000,-0.003906
6892168,BNO_GYRO_UC,667,-3100,0,1.654297,12.207031,-2.445312,0.001953,0.000000,-0.003906
6901753,BNO_GYRO_UC,668,-3100,0,0.789062,12.142578,-2.751953,0.001953,0.000000,-0.003906
6913103,BNO_GYRO_UC,669,-3600,0,0.152344,11.406250,-2.701172,0.001953,0.000000,-0.003906
6921673,BNO_GYRO_UC,670,-2900,0,-0.050781,10.275391,-2.193359,0.001953,0.000000,-0.003906
6932354,BNO_GYRO_UC,671,-3200,0,-0.656250,8.191406,-1.535156,0.001953,0.000000,-0.003906
6941921,BNO_GYRO_UC,672,-3200,0,-0.232422,5.636719,-0.179688,0.001953,0.000000,-0.003906
6952212,BNO_GYRO_UC,673,-3100,0,0.193359,5.087891,-0.304688,0.001953,0.000000,-0.003906
6961497,BNO_GYRO_UC,674,-2500,0,0.310547,5.984375,-0.341797,0.001953,0.000000,-0.003906
6972283,BNO_GYRO_UC,675,-3100,0,0.330078,6.728516,0.318359,0.001953,0.000000,-0.003906
6981935,BNO_GYRO_UC,676,-3100,0,0.113281,7.466797,0.929688,0.001953,0.000000,-0.003906
6992548,BNO_GYRO_UC,677,-3200,0,0.013672,7.705078,0.722656,0.001953,0.000000,-0.003906
7001602,BNO_GYRO_UC,678,-2500,0,-0.117188,7.416016,0.406250,0.001953,0.000000,-0.003906
7012653,BNO_GYRO_UC,679,-3100,0,-0.193359,7.484375,-0.078125,0.001953,0.000000,-0.003906
7022089,BNO_GYRO_UC,680,-3100,0,-0.054688,7.435547,-0.589844,0.001953,0.000000,-0.003906
7032570,BNO_GYRO_UC,681,-3100,0,-0.228516,7.089844,-0.562500,0.001953,0.000000,-0.003906
7042727,BNO_GYRO_UC,682,-3200,0,-0.720703,6.628906,-0.267578,0.001953,0.000000,-0.003906
7052208,BNO_GYRO_UC,683,-3200,0,-0.816406,6.431641,-0.312500,0.001953,0.000000,-0.003906
7062493,BNO_GYRO_UC,684,-3100,0,-1.078125,6.402344,-0.314453,0.001953,0.000000,-0.003906
7072550,BNO_GYRO_UC,685,-2700,0,-1.050781,6.150391,-0.642578,0.001953,0.000000,-0.003906
7082705,BNO_GYRO_UC,686,-3200,0,-0.658203,5.611328,-0.892578,0.001953,0.000000,-0.003906
7092185,BNO_GYRO_UC,687,-3100,0,-0.566406,5.394531,-0.808594,0.001953,0.000000,-0.003906
7102715,BNO_GYRO_UC,688,-3100,0,-0.685547,5.542969,-0.662109,0.001953,0.000000,-0.003906
7112715,BNO_GYRO_UC,689,-2700,0,-0.734375,5.531250,-0.541016,0.001953,0.000000,-0.003906
7122840,BNO_GYRO_UC,690,-3200,0,-0.283203,5.980469,-0.503906,0.001953,0.000000,-0.003906
7132257,BNO_GYRO_UC,691,-2900,0,0.123047,5.890625,-0.730469,0.001953,0.000000,-0.003906
7142701,BNO_GYRO_UC,692,-3100,0,-0.630859,5.019531,-0.353516,0.001953,0.000000,-0.003906
7152838,BNO_GYRO_UC,693,-2700,0,-1.146484,4.902344,-0.105469,0.001953,0.000000,-0.003906
7162918,BNO_GYRO_UC,694,-3200,0,-1.210938,4.664062,-0.201172,0.001953,0.000000,-0.003906
7172329,BNO_GYRO_UC,695,-3100,0,-1.429688,4.117188,-0.548828,0.001953,0.000000,-0.003906
7182972,BNO_GYRO_UC,696,-3100,0,-1.699219,3.919922,-0.763672,0.001953,0.000000,-0.003906
7192982,BNO_GYRO_UC,697,-2500,0,-2.048828,3.642578,-0.865234,0.001953,0.000000,-0.003906
7203059,BNO_GYRO_UC,698,-3200,0,-2.152344,3.416016,-0.781250,0.001953,0.000000,-0.003906
7212414,BNO_GYRO_UC,699,-3100,0,-1.945312,3.291016,-0.634766,0.001953,0.000000,-0.003906
7222990,BNO_GYRO_UC,700,-3200,0,-1.746094,3.042969,-0.388672,0.001953,0.000000,-0.003906
7233318,BNO_GYRO_UC,701,-3100,0,-1.310547,2.876953,-0.078125,0.001953,0.000000,-0.003906
7243584,BNO_GYRO_UC,702,-3200,0,-0.730469,2.498047,0.324219,0.001953,0.000000,-0.003906
7252595,BNO_GYRO_UC,703,-3100,0,-0.175781,1.734375,0.738281,0.001953,0.000000,-0.003906
7263127,BNO_GYRO_UC,704,-3100,0,0.443359,0.871094,0.898438,0.001953,0.000000,-0.003906
7273496,BNO_GYRO_UC,705,-3100,0,0.851562,0.111328,0.753906,0.001953,0.000000,-0.003906
7283040,BNO_GYRO_UC,706,-3400,0,0.890625,-0.652344,0.447266,0.001953,0.000000,-0.003906
7292549,BNO_GYRO_UC,707,-3100,0,0.724609,-1.373047,0.103516,0.001953,0.000000,-0.003906
7303145,BNO_GYRO_UC,708,-3100,0,0.523438,-1.898438,-0.238281,0.001953,0.000000,-0.003906
7313538,BNO_GYRO_UC,709,-3100,0,0.302734,-2.314453,-0.560547,0.001953,0.000000,-0.003906
7323645,BNO_GYRO_UC,710,-3400,0,0.271484,-2.753906,-0.849609,0.001953,0.000000,-0.003906
7332794,BNO_GYRO_UC,711,-3100,0,0.357422,-3.416016,-1.144531,0.001953,0.000000,-0.003906
7343308,BNO_GYRO_UC,712,-3100,0,0.496094,-4.396484,-1.240234,0.001953,0.000000,-0.003906
7353566,BNO_GYRO_UC,713,-2900,0,0.644531,-5.509766,-1.085938,0.001953,0.000000,-0.003906
7363769,BNO_GYRO_UC,714,-3200,0,0.828125,-6.595703,-0.875000,0.001953,0.000000,-0.003906
7372861,BNO_GYRO_UC,715,-3100,0,0.880859,-7.583984,-0.822266,0.001953,0.000000,-0.003906
7383470,BNO_GYRO_UC,716,-3100,0,0.849609,-8.343750,-1.142578,0.001953,0.000000,-0.003906
7393778,BNO_GYRO_UC,717,-3100,0,0.703125,-8.576172,-1.855469,0.001953,0.000000,-0.003906
7403848,BNO_GYRO_UC,718,-3200,0,0.812500,-8.224609,-2.240234,0.001953,0.000000,-0.003906
7412949,BNO_GYRO_UC,719,-3100,0,1.203125,-7.783203,-2.248047,0.001953,0.000000,-0.003906
7423423,BNO_GYRO_UC,720,-3200,0,1.396484,-7.685547,-2.035156,0.001953,0.000000,-0.003906
7433931,BNO_GYRO_UC,721,-3100,0,1.128906,-8.113281,-1.699219,0.001953,0.000000,-0.003906
7444000,BNO_GYRO_UC,722,-3200,0,0.878906,-8.923828,-1.316406,0.001953,0.000000,-0.003906
7453175,BNO_GYRO_UC,723,-3100,0,0.849609,-9.812500,-0.992188,0.001953,0.000000,-0.003906
7463001,BNO_GYRO_UC,724,-3100,0,0.804688,-10.267578,-0.886719,0.001953,0.000000,-0.003906
7473315,BNO_GYRO_UC,725,-3400,0,0.439453,-10.134766,-0.919922,0.001953,0.000000,-0.003906
7483491,BNO_GYRO_UC,726,-3100,0,-0.710938,-9.656250,-1.365234,0.001953,0.000000,-0.003906
7493085,BNO_GYRO_UC,727,-3100,0,-0.931641,-8.466797,-2.039062,0.001953,0.000000,-0.003906
7503719,BNO_GYRO_UC,728,-3100,0,-0.386719,-7.566406,-2.462891,0.001953,0.000000,-0.003906
7514166,BNO_GYRO_UC,729,-3100,0,0.005859,-7.027344,-2.554688,0.001953,0.000000,-0.003906
7523525,BNO_GYRO_UC,730,-2700,0,0.361328,-6.824219,-2.449219,0.001953,0.000000,-0.003906
7533086,BNO_GYRO_UC,731,-3100,0,0.572266,-6.916016,-2.300781,0.001953,0.000000,-0.003906
7543670,BNO_GYRO_UC,732,-3100,0,0.564453,-7.330078,-1.875000,0.001953,0.000000,-0.003906
7554086,BNO_GYRO_UC,733,-3100,0,0.458984,-7.873047,-1.089844,0.001953,0.000000,-0.003906
7564241,BNO_GYRO_UC,734,-3400,0,0.408203,-8.128906,-0.490234,0.001953,0.000000,-0.003906
7573465,BNO_GYRO_UC,735,-3200,0,0.714844,-7.931641,0.025391,0.001953,0.000000,-0.003906
7583924,BNO_GYRO_UC,736,-3200,0,1.291016,-7.378906,0.408203,0.001953,0.000000,-0.003906
7594379,BNO_GYRO_UC,737,-2900,0,1.535156,-6.748047,0.177734,0.001953,0.000000,-0.003906
7603773,BNO_GYRO_UC,738,-2500,0,1.513672,-5.689453,-0.427734,0.001953,0.000000,-0.003906
7613183,BNO_GYRO_UC,739,-2700,0,1.767578,-4.537109,-0.769531,0.001953,0.000000,-0.003906
7623763,BNO_GYRO_UC,740,-3100,0,1.894531,-3.818359,-0.886719,0.001953,0.000000,-0.003906
7634406,BNO_GYRO_UC,741,-3400,0,1.666016,-3.357422,-0.644531,0.001953,0.000000,-0.003906
7643835,BNO_GYRO_UC,742,-2500,0,1.208984,-3.279297,-0.253906,0.001953,0.000000,-0.003906
7653322,BNO_GYRO_UC,743,-2900,0,0.708984,-3.455078,0.267578,0.001953,0.000000,-0.003906
7663896,BNO_GYRO_UC,744,-3100,0,0.626953,-3.529297,0.453125,0.001953,0.000000,-0.003906
7674664,BNO_GYRO_UC,745,-3400,0,1.154297,-3.287109,0.375000,0.001953,0.000000,-0.003906
7684147,BNO_GYRO_UC,746,-2500,0,1.681641,-2.900391,0.304688,0.001953,0.000000,-0.003906
7693047,BNO_GYRO_UC,747,-2500,0,1.968750,-2.470703,0.294922,0.001953,0.000000,-0.003906
7703837,BNO_GYRO_UC,748,-3200,0,1.767578,-2.150391,0.181641,0.001953,0.000000,-0.003906
7713594,BNO_GYRO_UC,749,-2900,0,1.521484,-1.685547,0.041016,0.001953,0.000000,-0.003906
7724622,BNO_GYRO_UC,750,-3400,0,1.322266,-0.875000,-0.005859,0.001953,0.000000,-0.003906
7733685,BNO_GYRO_UC,751,-3100,0,1.238281,-0.097656,0.074219,0.001953,0.000000,-0.003906
7744262,BNO_GYRO_UC,752,-3100,0,1.146484,0.558594,0.087891,0.001953,0.000000,-0.003906
7753594,BNO_GYRO_UC,753,-2900,0,0.945312,1.001953,0.177734,0.001953,0.000000,-0.003906
7764733,BNO_GYRO_UC,754,-3600,0,0.857422,1.425781,0.494141,0.001953,0.000000,-0.003906
7773745,BNO_GYRO_UC,755,-3100,0,0.921875,2.076172,0.625000,0.001953,0.000000,-0.003906
7784316,BNO_GYRO_UC,756,-3100,0,1.144531,2.861328,0.382812,0.001953,0.000000,-0.003906
7793759,BNO_GYRO_UC,757,-3100,0,1.320312,3.527344,0.128906,0.001953,0.000000,-0.003906
7804858,BNO_GYRO_UC,758,-3600,0,1.400391,4.144531,-0.121094,0.001953,0.000000,-0.003906
7814082,BNO_GYRO_UC,759,-3200,0,1.339844,4.666016,-0.429688,0.001953,0.000000,-0.003906
7823820,BNO_GYRO_UC,760,-3100,0,1.060547,5.005859,-0.589844,0.001953,0.000000,-0.003906
7834155,BNO_GYRO_UC,761,-3100,0,0.572266,5.158203,-0.531250,0.001953,0.000000,-0.003906
7844331,BNO_GYRO_UC,762,-2900,0,0.240234,5.537109,-0.394531,0.001953,0.000000,-0.003906
7853829,BNO_GYRO_UC,763,-2900,0,0.123047,5.958984,-0.021484,0.001953,0.000000,-0.003906
7864528,BNO_GYRO_UC,764,-3100,0,0.044922,6.191406,0.238281,0.001953,0.000000,-0.003906
7874081,BNO_GYRO_UC,765,-3100,0,0.097656,6.214844,0.304688,0.001953,0.000000,-0.003906
7884268,BNO_GYRO_UC,766,-2900,0,0.199219,6.537109,0.222656,0.001953,0.000000,-0.003906
7894264,BNO_GYRO_UC,767,-3200,0,0.394531,7.080078,0.179688,0.001953,0.000000,-0.003906
7903937,BNO_GYRO_UC,768,-3100,0,0.529297,7.539062,-0.027344,0.001953,0.000000,-0.003906
7914151,BNO_GYRO_UC,769,-3200,0,0.582031,7.558594,-0.468750,0.001953,0.000000,-0.003906
7924486,BNO_GYRO_UC,770,-2900,0,0.648438,7.068359,-0.636719,0.001953,0.000000,-0.003906
7934658,BNO_GYRO_UC,771,-3400,0,0.681641,6.052734,-0.634766,0.001953,0.000000,-0.003906
7944074,BNO_GYRO_UC,772,-3100,0,0.476562,5.283203,-0.585938,0.001953,0.000000,-0.003906
7954652,BNO_GYRO_UC,773,-3100,0,0.167969,5.242188,-0.351562,0.001953,0.000000,-0.003906
7965123,BNO_GYRO_UC,774,-3100,0,-0.091797,5.232422,-0.115234,0.001953,0.000000,-0.003906
7974614,BNO_GYRO_UC,775,-3200,0,-0.324219,4.994141,0.011719,0.001953,0.000000,-0.003906
7984229,BNO_GYRO_UC,776,-3100,0,-0.589844,5.042969,-0.083984,0.001953,0.000000,-0.003906
7994423,BNO_GYRO_UC,777,-3100,0,-0.861328,5.306641,-0.058594,0.001953,0.000000,-0.003906
8004726,BNO_GYRO_UC,778,-2900,0,-1.169922,5.464844,0.148438,0.001953,0.000000,-0.003906
8014994,BNO_GYRO_UC,779,-3200,0,-1.363281,5.775391,0.210938,0.001953,0.000000,-0.003906
8024230,BNO_GYRO_UC,780,-2900,0,-1.343750,6.033203,0.189453,0.001953,0.000000,-0.003906
8034802,BNO_GYRO_UC,781,-3100,0,-1.212891,5.757812,0.269531,0.001953,0.000000,-0.003906
8044817,BNO_GYRO_UC,782,-2700,0,-0.886719,5.142578,0.199219,0.001953,0.000000,-0.003906
8054918,BNO_GYRO_UC,783,-3200,0,-0.208984,4.214844,-0.326172,0.001953,0.000000,-0.003906
8064335,BNO_GYRO_UC,784,-3100,0,0.267578,2.898438,-0.796875,0.001953,0.000000,-0.003906
8074813,BNO_GYRO_UC,785,-3100,0,0.187500,1.812500,-0.929688,0.001953,0.000000,-0.003906
8085312,BNO_GYRO_UC,786,-3200,0,-0.269531,0.941406,-0.783203,0.001953,0.000000,-0.003906
8094796,BNO_GYRO_UC,787,-3200,0,-0.587891,0.455078,-0.576172,0.001953,0.000000,-0.003906
8104487,BNO_GYRO_UC,788,-3100,0,-0.490234,0.822266,-0.369141,0.001953,0.000000,-0.003906
8114968,BNO_GYRO_UC,789,-3100,0,-0.126953,1.718750,-0.181641,0.001953,0.000000,-0.003906
8125420,BNO_GYRO_UC,790,-3100,0,0.343750,2.519531,-0.027344,0.001953,0.000000,-0.003906
8135564,BNO_GYRO_UC,791,-3200,0,0.460938,2.925781,0.085938,0.001953,0.000000,-0.003906
8144771,BNO_GYRO_UC,792,-3200,0,0.392578,2.841797,0.099609,0.001953,0.000000,-0.003906
8155250,BNO_GYRO_UC,793,-3100,0,0.283203,2.675781,-0.021484,0.001953,0.000000,-0.003906
8165227,BNO_GYRO_UC,794,-2700,0,0.058594,2.509766,-0.072266,0.001953,0.000000,-0.003906
8175287,BNO_GYRO_UC,795,-3200,0,-0.244141,2.427734,0.082031,0.001953,0.000000,-0.003906
8184632,BNO_GYRO_UC,796,-3100,0,-0.630859,2.693359,0.171875,0.001953,0.000000,-0.003906
8194764,BNO_GYRO_UC,797,-3100,0,-0.908203,3.351562,0.039062,0.001953,0.000000,-0.003906
8205445,BNO_GYRO_UC,798,-3400,0,-0.941406,4.144531,-0.041016,0.001953,0.000000,-0.003906
8215654,BNO_GYRO_UC,799,-3400,0,-0.828125,4.533203,0.054688,0.001953,0.000000,-0.003906
8224809,BNO_GYRO_UC,800,-3100,0,-0.646484,4.447266,0.136719,0.001953,0.000000,-0.003906
8235404,BNO_GYRO_UC,801,-3100,0,-0.582031,4.126953,0.152344,0.001953,0.000000,-0.003906
8245773,BNO_GYRO_UC,802,-3100,0,-0.642578,3.914062,0.150391,0.001953,0.000000,-0.003906
8255110,BNO_GYRO_UC,803,-3100,0,-0.666016,3.960938,0.031250,0.001953,0.000000,-0.003906
8264781,BNO_GYRO_UC,804,-2900,0,-0.546875,4.130859,-0.009766,0.001953,0.000000,-0.003906
8275415,BNO_GYRO_UC,805,-3100,0,-0.412109,4.251953,-0.027344,0.001953,0.000000,-0.003906
8285893,BNO_GYRO_UC,806,-3100,0,-0.328125,4.345703,-0.125000,0.001953,0.000000,-0.003906
8295292,BNO_GYRO_UC,807,-3100,0,-0.263672,4.408203,-0.148438,0.001953,0.000000,-0.003906
8304883,BNO_GYRO_UC,808,-3100,0,-0.234375,4.427734,-0.128906,0.001953,0.000000,-0.003906
8315463,BNO_GYRO_UC,809,-3200,0,-0.226562,4.345703,-0.134766,0.001953,0.000000,-0.003906
8325904,BNO_GYRO_UC,810,-3100,0,-0.251953,4.201172,-0.101562,0.001953,0.000000,-0.003906
8335289,BNO_GYRO_UC,811,-2900,0,-0.277344,3.951172,-0.003906,0.001953,0.000000,-0.003906
8344895,BNO_GYRO_UC,812,-3100,0,-0.302734,3.570312,0.123047,0.001953,0.000000,-0.003906
8355511,BNO_GYRO_UC,813,-3100,0,-0.300781,3.138672,0.208984,0.001953,0.000000,-0.003906
8366012,BNO_GYRO_UC,814,-3200,0,-0.261719,2.908203,0.271484,0.001953,0.000000,-0.003906
8376107,BNO_GYRO_UC,815,-3200,0,-0.162109,2.980469,0.359375,0.001953,0.000000,-0.003906
8385349,BNO_GYRO_UC,816,-3200,0,0.001953,2.994141,0.376953,0.001953,0.000000,-0.003906
8395875,BNO_GYRO_UC,817,-3100,0,0.105469,3.121094,0.378906,0.001953,0.000000,-0.003906
8406421,BNO_GYRO_UC,818,-3100,0,0.005859,3.269531,0.488281,0.001953,0.000000,-0.003906
8415721,BNO_GYRO_UC,819,-2900,0,-0.126953,3.146484,0.542969,0.001953,0.000000,-0.003906
8425224,BNO_GYRO_UC,820,-3100,0,-0.232422,2.726562,0.501953,0.001953,0.000000,-0.003906
8435947,BNO_GYRO_UC,821,-3100,0,-0.265625,2.126953,0.525391,0.001953,0.000000,-0.003906
8446296,BNO_GYRO_UC,822,-3100,0,-0.248047,1.412109,0.609375,0.001953,0.000000,-0.003906
8455554,BNO_GYRO_UC,823,-2700,0,-0.291016,0.607422,0.560547,0.001953,0.000000,-0.003906
8465083,BNO_GYRO_UC,824,-2900,0,-0.337891,-0.232422,0.328125,0.001953,0.000000,-0.003906
8475677,BNO_GYRO_UC,825,-3100,0,-0.318359,-1.126953,0.035156,0.001953,0.000000,-0.003906
8485683,BNO_GYRO_UC,826,-3400,0,-0.324219,-1.916016,-0.189453,0.001953,0.000000,-0.003906
8495971,BNO_GYRO_UC,827,-3200,0,-0.392578,-2.550781,-0.306641,0.001953,0.000000,-0.003906
8504983,BNO_GYRO_UC,828,-2700,0,-0.384766,-3.205078,-0.345703,0.001953,0.000000,-0.003906
8515641,BNO_GYRO_UC,829,-3100,0,-0.205078,-3.812500,-0.419922,0.001953,0.000000,-0.003906
8525508,BNO_GYRO_UC,830,-3200,0,-0.052734,-4.349609,-0.414062,0.001953,0.000000,-0.003906
8535897,BNO_GYRO_UC,831,-3100,0,-0.005859,-4.980469,-0.406250,0.001953,0.000000,-0.003906
8545295,BNO_GYRO_UC,832,-2900,0,0.009766,-5.673828,-0.531250,0.001953,0.000000,-0.003906
8555733,BNO_GYRO_UC,833,-3100,0,-0.025391,-6.203125,-0.560547,0.001953,0.000000,-0.003906
8565453,BNO_GYRO_UC,834,-2900,0,-0.068359,-6.560547,-0.447266,0.001953,0.000000,-0.003906
8576538,BNO_GYRO_UC,835,-3400,0,-0.128906,-6.830078,-0.306641,0.001953,0.000000,-0.003906
8585568,BNO_GYRO_UC,836,-3100,0,-0.318359,-7.175781,-0.382812,0.001953,0.000000,-0.003906
8596284,BNO_GYRO_UC,837,-3200,0,-0.630859,-7.445312,-0.822266,0.001953,0.000000,-0.003906
8606875,BNO_GYRO_UC,838,-3100,0,-0.720703,-7.429688,-1.435547,0.001953,0.000000,-0.003906
8616266,BNO_GYRO_UC,839,-2700,0,-0.474609,-7.298828,-1.880859,0.001953,0.000000,-0.003906
8625267,BNO_GYRO_UC,840,-2700,0,-0.078125,-7.167969,-1.996094,0.001953,0.000000,-0.003906
8636044,BNO_GYRO_UC,841,-3100,0,0.257812,-7.101562,-1.775391,0.001953,0.000000,-0.003906
8645697,BNO_GYRO_UC,842,-3100,0,0.445312,-6.996094,-1.167969,0.001953,0.000000,-0.003906
8656065,BNO_GYRO_UC,843,-2900,0,0.474609,-6.595703,-0.359375,0.001953,0.000000,-0.003906
8665558,BNO_GYRO_UC,844,-2900,0,0.396484,-6.339844,0.478516,0.001953,0.000000,-0.003906
8676238,BNO_GYRO_UC,845,-3100,0,0.253906,-6.777344,1.187500,0.001953,0.000000,-0.003906
8685716,BNO_GYRO_UC,846,-3100,0,-0.191406,-7.082031,1.384766,0.001953,0.000000,-0.003906
8696623,BNO_GYRO_UC,847,-3400,0,-0.744141,-6.822266,0.955078,0.001953,0.000000,-0.003906
8705550,BNO_GYRO_UC,848,-2700,0,-1.074219,-6.126953,0.025391,0.001953,0.000000,-0.003906
8716311,BNO_GYRO_UC,849,-3100,0,-0.994141,-5.425781,-0.759766,0.001953,0.000000,-0.003906
8725809,BNO_GYRO_UC,850,-3100,0,-0.597656,-4.875000,-1.226562,0.001953,0.000000,-0.003906
8736232,BNO_GYRO_UC,851,-3100,0,-0.070312,-4.474609,-1.455078,0.001953,0.000000,-0.003906
8745603,BNO_GYRO_UC,852,-2700,0,0.423828,-4.390625,-1.451172,0.001953,0.000000,-0.003906
8756519,BNO_GYRO_UC,853,-3100,0,0.753906,-4.501953,-1.238281,0.001953,0.000000,-0.003906
8765893,BNO_GYRO_UC,854,-3100,0,0.970703,-4.703125,-0.908203,0.001953,0.000000,-0.003906
8776909,BNO_GYRO_UC,855,-3600,0,1.039062,-5.019531,-0.353516,0.001953,0.000000,-0.003906
8786308,BNO_GYRO_UC,856,-3100,0,1.023438,-5.490234,0.384766,0.001953,0.000000,-0.003906
8795922,BNO_GYRO_UC,857,-3100,0,0.595703,-5.898438,0.796875,0.001953,0.000000,-0.003906
8806278,BNO_GYRO_UC,858,-3100,0,-0.136719,-5.503906,0.582031,0.001953,0.000000,-0.003906
8816502,BNO_GYRO_UC,859,-2900,0,-0.513672,-4.738281,0.173828,0.001953,0.000000,-0.003906
8826614,BNO_GYRO_UC,860,-3200,0,-0.320312,-4.087891,-0.113281,0.001953,0.000000,-0.003906
8836099,BNO_GYRO_UC,861,-2900,0,-0.068359,-3.654297,-0.345703,0.001953,0.000000,-0.003906
8846214,BNO_GYRO_UC,862,-3100,0,0.019531,-3.535156,-0.478516,0.001953,0.000000,-0.003906
8856509,BNO_GYRO_UC,863,-2900,0,0.039062,-3.464844,-0.515625,0.001953,0.000000,-0.003906
8866639,BNO_GYRO_UC,864,-3200,0,0.136719,-3.791016,-0.408203,0.001953,0.000000,-0.003906
8876228,BNO_GYRO_UC,865,-3100,0,0.232422,-4.048828,-0.181641,0.001953,0.000000,-0.003906
8886411,BNO_GYRO_UC,866,-3200,0,0.501953,-4.248047,0.019531,0.001953,0.000000,-0.003906
8896611,BNO_GYRO_UC,867,-3100,0,0.625000,-4.435547,0.208984,0.001953,0.000000,-0.003906
8906514,BNO_GYRO_UC,868,-3200,0,0.158203,-4.474609,0.449219,0.001953,0.000000,-0.003906
8916232,BNO_GYRO_UC,869,-2900,0,-0.458984,-4.167969,0.498047,0.001953,0.000000,-0.003906
8926723,BNO_GYRO_UC,870,-3200,0,-0.755859,-3.636719,0.330078,0.001953,0.000000,-0.003906
8936822,BNO_GYRO_UC,871,-2700,0,-0.695312,-3.306641,0.041016,0.001953,0.000000,-0.003906
8947054,BNO_GYRO_UC,872,-3200,0,-0.412109,-3.226562,-0.376953,0.001953,0.000000,-0.003906
8956336,BNO_GYRO_UC,873,-3100,0,-0.087891,-3.246094,-0.951172,0.001953,0.000000,-0.003906
8966875,BNO_GYRO_UC,874,-3100,0,0.121094,-3.527344,-1.400391,0.001953,0.000000,-0.003906
8977051,BNO_GYRO_UC,875,-2900,0,0.285156,-3.806641,-1.611328,0.001953,0.000000,-0.003906
8987025,BNO_GYRO_UC,876,-3200,0,0.392578,-4.095703,-1.460938,0.001953,0.000000,-0.003906
8996600,BNO_GYRO_UC,877,-3100,0,0.158203,-4.222656,-0.658203,0.001953,0.000000,-0.003906
9007096,BNO_GYRO_UC,878,-3100,0,-0.203125,-4.142578,0.384766,0.001953,0.000000,-0.003906
9017103,BNO_GYRO_UC,879,-2700,0,-0.484375,-3.916016,0.935547,0.001953,0.000000,-0.003906
9027150,BNO_GYRO_UC,880,-3200,0,-0.515625,-3.531250,0.861328,0.001953,0.000000,-0.003906
9036660,BNO_GYRO_UC,881,-3100,0,-0.277344,-3.433594,0.158203,0.001953,0.000000,-0.003906
9047090,BNO_GYRO_UC,882,-3100,0,0.089844,-3.449219,-0.552734,0.001953,0.000000,-0.003906
9057491,BNO_GYRO_UC,883,-3100,0,0.283203,-3.304688,-1.154297,0.001953,0.000000,-0.003906
9066858,BNO_GYRO_UC,884,-3100,0,0.197266,-2.982422,-1.546875,0.001953,0.000000,-0.003906
9076632,BNO_GYRO_UC,885,-3100,0,0.128906,-2.568359,-1.474609,0.001953,0.000000,-0.003906
9087217,BNO_GYRO_UC,886,-3100,0,-0.017578,-2.269531,-1.257812,0.001953,0.000000,-0.003906
9097604,BNO_GYRO_UC,887,-3100,0,-0.187500,-2.033203,-0.935547,0.001953,0.000000,-0.003906
9107746,BNO_GYRO_UC,888,-3200,0,-0.179688,-1.851562,-0.480469,0.001953,0.000000,-0.003906
9116979,BNO_GYRO_UC,889,-3200,0,-0.091797,-1.798828,-0.109375,0.001953,0.000000,-0.003906
9127467,BNO_GYRO_UC,890,-3100,0,0.089844,-1.818359,0.007812,0.001953,0.000000,-0.003906
9137873,BNO_GYRO_UC,891,-3100,0,0.386719,-1.894531,-0.062500,0.001953,0.000000,-0.003906
9147228,BNO_GYRO_UC,892,-3100,0,0.716797,-1.957031,-0.316406,0.001953,0.000000,-0.003906
9156826,BNO_GYRO_UC,893,-3100,0,0.884766,-2.013672,-0.679688,0.001953,0.000000,-0.003906
9166719,BNO_GYRO_UC,894,-2900,0,0.728516,-2.111328,-0.728516,0.001953,0.000000,-0.003906
9177587,BNO_GYRO_UC,895,-3200,0,0.492188,-2.222656,-0.466797,0.001953,0.000000,-0.003906
9187799,BNO_GYRO_UC,896,-3200,0,0.343750,-2.068359,-0.263672,0.001953,0.000000,-0.003906
9196977,BNO_GYRO_UC,897,-3100,0,0.316406,-1.816406,-0.167969,0.001953,0.000000,-0.003906
9207627,BNO_GYRO_UC,898,-3100,0,0.302734,-1.591797,-0.017578,0.001953,0.000000,-0.003906
9218155,BNO_GYRO_UC,899,-3100,0,0.220703,-1.400391,0.220703,0.001953,0.000000,-0.003906
9227475,BNO_GYRO_UC,900,-2900,0,0.128906,-1.261719,0.361328,0.001953,0.000000,-0.003906
9237106,BNO_GYRO_UC,901,-3100,0,0.126953,-1.128906,0.326172,0.001953,0.000000,-0.003906
9247634,BNO_GYRO_UC,902,-3100,0,0.082031,-0.984375,0.326172,0.001953,0.000000,-0.003906
9257930,BNO_GYRO_UC,903,-2900,0,0.005859,-0.687500,0.306641,0.001953,0.000000,-0.003906
9268046,BNO_GYRO_UC,904,-3200,0,-0.029297,-0.248047,0.138672,0.001953,0.000000,-0.003906
9277356,BNO_GYRO_UC,905,-3100,0,-0.095703,0.265625,0.080078,0.001953,0.000000,-0.003906
9287140,BNO_GYRO_UC,906,-3100,0,-0.269531,0.808594,0.203125,0.001953,0.000000,-0.003906
9297422,BNO_GYRO_UC,907,-3200,0,-0.474609,1.343750,0.287109,0.001953,0.000000,-0.003906
9307699,BNO_GYRO_UC,908,-3200,0,-0.482422,1.767578,0.273438,0.001953,0.000000,-0.003906
9317190,BNO_GYRO_UC,909,-3100,0,-0.294922,2.082031,0.105469,0.001953,0.000000,-0.003906
9327768,BNO_GYRO_UC,910,-3200,0,-0.125000,2.322266,0.039062,0.001953,0.000000,-0.003906
9338183,BNO_GYRO_UC,911,-3100,0,0.027344,2.417969,0.005859,0.001953,0.000000,-0.003906
9347595,BNO_GYRO_UC,912,-2500,0,0.105469,2.472656,-0.123047,0.001953,0.000000,-0.003906
9356977,BNO_GYRO_UC,913,-2700,0,0.185547,2.582031,-0.226562,0.001953,0.000000,-0.003906
9367688,BNO_GYRO_UC,914,-3100,0,0.300781,2.783203,-0.203125,0.001953,0.000000,-0.003906
9377255,BNO_GYRO_UC,915,-2900,0,0.287109,3.085938,-0.041016,0.001953,0.000000,-0.003906
9388517,BNO_GYRO_UC,916,-3600,0,0.121094,3.546875,0.160156,0.001953,0.000000,-0.003906
9397230,BNO_GYRO_UC,917,-3100,0,-0.031250,4.068359,0.244141,0.001953,0.000000,-0.003906
9407803,BNO_GYRO_UC,918,-3200,0,-0.072266,4.585938,0.222656,0.001953,0.000000,-0.003906
9417436,BNO_GYRO_UC,919,-3100,0,0.068359,4.783203,0.158203,0.001953,0.000000,-0.003906
9427846,BNO_GYRO_UC,920,-3100,0,0.265625,4.798828,0.136719,0.001953,0.000000,-0.003906
9437146,BNO_GYRO_UC,921,-2900,0,0.380859,4.822266,0.152344,0.001953,0.000000,-0.003906
9447733,BNO_GYRO_UC,922,-3100,0,0.330078,4.679688,0.060547,0.001953,0.000000,-0.003906
9457503,BNO_GYRO_UC,923,-3100,0,0.277344,4.570312,-0.074219,0.001953,0.000000,-0.003906
9468616,BNO_GYRO_UC,924,-3400,0,0.205078,4.644531,-0.173828,0.001953,0.000000,-0.003906
9477600,BNO_GYRO_UC,925,-3200,0,0.074219,4.859375,-0.126953,0.001953,0.000000,-0.003906
9488167,BNO_GYRO_UC,926,-3100,0,0.050781,5.378906,-0.050781,0.001953,0.000000,-0.003906
9497505,BNO_GYRO_UC,927,-2900,0,0.041016,6.015625,0.187500,0.001953,0.000000,-0.003906
9508831,BNO_GYRO_UC,928,-3600,0,0.054688,6.181641,0.306641,0.001953,0.000000,-0.003906
9517712,BNO_GYRO_UC,929,-3100,0,-0.037109,5.808594,0.263672,0.001953,0.000000,-0.003906
9528381,BNO_GYRO_UC,930,-3200,0,-0.138672,5.275391,0.033203,0.001953,0.000000,-0.003906
9537774,BNO_GYRO_UC,931,-3100,0,-0.166016,4.873047,-0.318359,0.001953,0.000000,-0.003906
9548820,BNO_GYRO_UC,932,-3400,0,0.050781,4.355469,-0.593750,0.001953,0.000000,-0.003906
9558044,BNO_GYRO_UC,933,-3200,0,0.132812,3.775391,-0.757812,0.001953,0.000000,-0.003906
9567714,BNO_GYRO_UC,934,-2900,0,0.125000,3.500000,-0.755859,0.001953,0.000000,-0.003906
9577693,BNO_GYRO_UC,935,-2900,0,0.169922,3.593750,-0.697266,0.001953,0.000000,-0.003906
9588271,BNO_GYRO_UC,936,-3100,0,0.179688,4.033203,-0.625000,0.001953,0.000000,-0.003906
9597325,BNO_GYRO_UC,937,-2700,0,0.197266,4.658203,-0.421875,0.001953,0.000000,-0.003906
9608190,BNO_GYRO_UC,938,-3100,0,0.136719,5.210938,-0.279297,0.001953,0.000000,-0.003906
9618155,BNO_GYRO_UC,939,-3200,0,0.009766,5.394531,-0.292969,0.001953,0.000000,-0.003906
9628320,BNO_GYRO_UC,940,-2700,0,-0.013672,5.240234,-0.443359,0.001953,0.000000,-0.003906
9638487,BNO_GYRO_UC,941,-3200,0,0.101562,4.919922,-0.601562,0.001953,0.000000,-0.003906
9647797,BNO_GYRO_UC,942,-3100,0,0.121094,4.460938,-0.634766,0.001953,0.000000,-0.003906
9658175,BNO_GYRO_UC,943,-3200,0,0.117188,4.064453,-0.492188,0.001953,0.000000,-0.003906
9668522,BNO_GYRO_UC,944,-3100,0,0.234375,3.847656,-0.445312,0.001953,0.000000,-0.003906
9677529,BNO_GYRO_UC,945,-2500,0,0.330078,3.988281,-0.476562,0.001953,0.000000,-0.003906
9688487,BNO_GYRO_UC,946,-3100,0,0.333984,4.498047,-0.400391,0.001953,0.000000,-0.003906
9698059,BNO_GYRO_UC,947,-3100,0,0.216797,4.939453,-0.326172,0.001953,0.000000,-0.003906
9709010,BNO_GYRO_UC,948,-3400,0,0.138672,5.156250,-0.251953,0.001953,0.000000,-0.003906
9718343,BNO_GYRO_UC,949,-3200,0,0.091797,5.275391,-0.089844,0.001953,0.000000,-0.003906
9728228,BNO_GYRO_UC,950,-3100,0,0.000000,5.277344,0.076172,0.001953,0.000000,-0.003906
9738495,BNO_GYRO_UC,951,-3100,0,-0.005859,5.099609,0.125000,0.001953,0.000000,-0.003906
9748626,BNO_GYRO_UC,952,-2700,0,0.103516,4.738281,0.019531,0.001953,0.000000,-0.003906
9758789,BNO_GYRO_UC,953,-3200,0,0.066406,4.224609,-0.101562,0.001953,0.000000,-0.003906
9768090,BNO_GYRO_UC,954,-3100,0,-0.062500,3.873047,-0.214844,0.001953,0.000000,-0.003906
9778704,BNO_GYRO_UC,955,-3200,0,-0.025391,3.779297,-0.251953,0.001953,0.000000,-0.003906
9788806,BNO_GYRO_UC,956,-2700,0,-0.039062,3.800781,-0.222656,0.001953,0.000000,-0.003906
9799026,BNO_GYRO_UC,957,-3200,0,-0.210938,3.878906,-0.162109,0.001953,0.000000,-0.003906
9808230,BNO_GYRO_UC,958,-3100,0,-0.472656,4.011719,-0.074219,0.001953,0.000000,-0.003906
9818711,BNO_GYRO_UC,959,-3200,0,-0.714844,4.177734,0.035156,0.001953,0.000000,-0.003906
9828810,BNO_GYRO_UC,960,-2700,0,-0.750000,4.347656,0.080078,0.001953,0.000000,-0.003906
9838955,BNO_GYRO_UC,961,-3200,0,-0.574219,4.455078,0.015625,0.001953,0.000000,-0.003906
9848288,BNO_GYRO_UC,962,-2900,0,-0.193359,4.521484,-0.076172,0.001953,0.000000,-0.003906
9858860,BNO_GYRO_UC,963,-3100,0,0.136719,4.443359,-0.294922,0.001953,0.000000,-0.003906
9868925,BNO_GYRO_UC,964,-2900,0,0.273438,4.251953,-0.500000,0.001953,0.000000,-0.003906
9879124,BNO_GYRO_UC,965,-3200,0,0.212891,3.982422,-0.595703,0.001953,0.000000,-0.003906
9888507,BNO_GYRO_UC,966,-3100,0,0.132812,3.808594,-0.605469,0.001953,0.000000,-0.003906
9899349,BNO_GYRO_UC,967,-3200,0,0.070312,3.814453,-0.546875,0.001953,0.000000,-0.003906
9909238,BNO_GYRO_UC,968,-2700,0,0.044922,3.955078,-0.552734,0.001953,0.000000,-0.003906
9919410,BNO_GYRO_UC,969,-3200,0,0.064453,4.238281,-0.548828,0.001953,0.000000,-0.003906
9928514,BNO_GYRO_UC,970,-3200,0,0.033203,4.548828,-0.562500,0.001953,0.000000,-0.003906
9939212,BNO_GYRO_UC,971,-3200,0,-0.121094,4.814453,-0.595703,0.001953,0.000000,-0.003906
9949436,BNO_GYRO_UC,972,-2900,0,-0.281250,4.951172,-0.683594,0.001953,0.000000,-0.003906
9959594,BNO_GYRO_UC,973,-3400,0,-0.314453,4.994141,-0.724609,0.001953,0.000000,-0.003906
9968576,BNO_GYRO_UC,974,-3100,0,-0.398438,4.914062,-0.650391,0.001953,0.000000,-0.003906
9979289,BNO_GYRO_UC,975,-3200,0,-0.703125,4.769531,-0.611328,0.001953,0.000000,-0.003906
9989580,BNO_GYRO_UC,976,-2700,0,-1.007812,4.826172,-0.646484,0.001953,0.000000,-0.003906
9999136,BNO_GYRO_UC,977,-3100,0,-1.048828,5.039062,-0.648438,0.001953,0.000000,-0.003906
10008665,BNO_GYRO_UC,978,-2900,0,-0.869141,4.933594,-0.597656,0.001953,0.000000,-0.003906
10019308,BNO_GYRO_UC,979,-3200,0,-0.728516,4.417969,-0.484375,0.001953,0.000000,-0.003906
10029658,BNO_GYRO_UC,980,-3100,0,-0.683594,3.787109,-0.343750,0.001953,0.000000,-0.003906
10039837,BNO_GYRO_UC,981,-3400,0,-0.636719,3.095703,-0.175781,0.001953,0.000000,-0.003906
10048833,BNO_GYRO_UC,982,-3100,0,-0.736328,2.085938,-0.035156,0.001953,0.000000,-0.003906
10059617,BNO_GYRO_UC,983,-3100,0,-0.826172,0.644531,0.103516,0.001953,0.000000,-0.003906
10070034,BNO_GYRO_UC,984,-2900,0,-0.871094,-1.000000,0.130859,0.001953,0.000000,-0.003906
10079333,BNO_GYRO_UC,985,-2900,0,-0.845703,-2.593750,-0.025391,0.001953,0.000000,-0.003906
10088775,BNO_GYRO_UC,986,-2900,0,-0.791016,-4.085938,-0.308594,0.001953,0.000000,-0.003906
10099570,BNO_GYRO_UC,987,-3200,0,-0.781250,-5.328125,-0.566406,0.001953,0.000000,-0.003906
10109889,BNO_GYRO_UC,988,-2900,0,-0.800781,-6.265625,-0.644531,0.001953,0.000000,-0.003906
10119324,BNO_GYRO_UC,989,-2900,0,-0.730469,-6.986328,-0.541016,0.001953,0.000000,-0.003906
10128993,BNO_GYRO_UC,990,-3100,0,-0.478516,-7.580078,-0.273438,0.001953,0.000000,-0.003906
10139760,BNO_GYRO_UC,991,-3100,0,-0.203125,-8.160156,-0.060547,0.001953,0.000000,-0.003906
10149404,BNO_GYRO_UC,992,-3400,0,0.041016,-8.826172,-0.224609,0.001953,0.000000,-0.003906
10159785,BNO_GYRO_UC,993,-3200,0,0.351562,-9.578125,-0.681641,0.001953,0.000000,-0.003906
10169029,BNO_GYRO_UC,994,-3100,0,0.730469,-10.402344,-0.841797,0.001953,0.000000,-0.003906
10179639,BNO_GYRO_UC,995,-3200,0,1.115234,-11.242188,-0.722656,0.001953,0.000000,-0.003906
10190303,BNO_GYRO_UC,996,-3200,0,1.167969,-12.101562,-0.667969,0.001953,0.000000,-0.003906
10199798,BNO_GYRO_UC,997,-2700,0,1.003906,-12.998047,-0.632812,0.001953,0.000000,-0.003906
10209511,BNO_GYRO_UC,998,-3100,0,1.091797,-14.126953,-0.486328,0.001953,0.000000,-0.003906
10219193,BNO_GYRO_UC,999,-2900,0,0.845703,-15.435547,-0.363281,0.001953,0.000000,-0.003906
10230428,BNO_GYRO_UC,1000,-3600,0,-0.074219,-15.951172,-0.169922,0.001953,0.000000,-0.003906
10239788,BNO_GYRO_UC,1001,-2700,0,-0.802734,-15.214844,0.023438,0.001953,0.000000,-0.003906
10249636,BNO_GYRO_UC,1002,-3100,0,-1.320312,-14.287109,-0.156250,0.001953,0.000000,-0.003906
10259201,BNO_GYRO_UC,1003,-3100,0,-1.208984,-13.857422,-0.724609,0.001953,0.000000,-0.003906
10270542,BNO_GYRO_UC,1004,-3600,0,-0.277344,-13.802734,-1.179688,0.001953,0.000000,-0.003906
10279991,BNO_GYRO_UC,1005,-2700,0,0.546875,-13.236328,-1.500000,0.001953,0.000000,-0.003906
10288848,BNO_GYRO_UC,1006,-2500,0,1.312500,-12.167969,-1.707031,0.001953,0.000000,-0.003906
10299534,BNO_GYRO_UC,1007,-3100,0,1.951172,-11.695312,-1.595703,0.001953,0.000000,-0.003906
10309404,BNO_GYRO_UC,1008,-3100,0,1.912109,-11.539062,-0.951172,0.001953,0.000000,-0.003906
10320648,BNO_GYRO_UC,1009,-3600,0,1.238281,-11.105469,0.126953,0.001953,0.000000,-0.003906
10329447,BNO_GYRO_UC,1010,-3100,0,0.662109,-10.259766,1.066406,0.001953,0.000000,-0.003906
10340142,BNO_GYRO_UC,1011,-3200,0,0.408203,-9.656250,1.658203,0.001953,0.000000,-0.003906
10349459,BNO_GYRO_UC,1012,-3100,0,0.330078,-8.937500,1.896484,0.001953,0.000000,-0.003906
10360783,BNO_GYRO_UC,1013,-3600,0,0.382812,-7.871094,1.982422,0.001953,0.000000,-0.003906
10369566,BNO_GYRO_UC,1014,-3100,0,0.410156,-6.427734,1.716797,0.001953,0.000000,-0.003906
10380093,BNO_GYRO_UC,1015,-3200,0,0.203125,-4.869141,1.574219,0.001953,0.000000,-0.003906
10389606,BNO_GYRO_UC,1016,-3100,0,-0.289062,-2.976562,1.412109,0.001953,0.000000,-0.003906
10400678,BNO_GYRO_UC,1017,-3600,0,-0.759766,-0.355469,1.230469,0.001953,0.000000,-0.003906
10409678,BNO_GYRO_UC,1018,-3100,0,-0.943359,2.435547,1.007812,0.001953,0.000000,-0.003906
10420401,BNO_GYRO_UC,1019,-3200,0,-1.066406,4.759766,0.806641,0.001953,0.000000,-0.003906
10429790,BNO_GYRO_UC,1020,-3100,0,-1.183594,6.541016,0.408203,0.001953,0.000000,-0.003906
10440709,BNO_GYRO_UC,1021,-3400,0,-0.869141,8.025391,-0.310547,0.001953,0.000000,-0.003906
10450020,BNO_GYRO_UC,1022,-3200,0,-0.408203,9.017578,-1.035156,0.001953,0.000000,-0.003906
10459743,BNO_GYRO_UC,1023,-2900,0,-0.119141,9.558594,-1.667969,0.001953,0.000000,-0.003906
10469825,BNO_GYRO_UC,1024,-3200,0,0.078125,9.929688,-2.109375,0.001953,0.000000,-0.003906
10480273,BNO_GYRO_UC,1025,-3100,0,0.359375,10.943359,-2.125000,0.001953,0.000000,-0.003906
10489416,BNO_GYRO_UC,1026,-2700,0,0.480469,12.515625,-1.765625,0.001953,0.000000,-0.003906
10500382,BNO_GYRO_UC,1027,-3100,0,0.443359,13.779297,-1.265625,0.001953,0.000000,-0.003906
10509784,BNO_GYRO_UC,1028,-3100,0,0.050781,14.457031,-0.822266,0.001953,0.000000,-0.003906
10520298,BNO_GYRO_UC,1029,-3100,0,-0.474609,14.566406,-0.570312,0.001953,0.000000,-0.003906
10529399,BNO_GYRO_UC,1030,-2500,0,-0.943359,14.373047,-0.199219,0.001953,0.000000,-0.003906
10540327,BNO_GYRO_UC,1031,-3100,0,-1.027344,14.000000,-0.046875,0.001953,0.000000,-0.003906
10550020,BNO_GYRO_UC,1032,-3100,0,-0.878906,12.992188,-0.218750,0.001953,0.000000,-0.003906
10560507,BNO_GYRO_UC,1033,-3100,0,-1.343750,12.269531,-0.132812,0.001953,0.000000,-0.003906
10570209,BNO_GYRO_UC,1034,-3200,0,-1.720703,12.154297,-0.101562,0.001953,0.000000,-0.003906
10580033,BNO_GYRO_UC,1035,-3100,0,-1.201172,11.742188,-0.326172,0.001953,0.000000,-0.003906
10590346,BNO_GYRO_UC,1036,-3100,0,-0.830078,11.019531,-0.716797,0.001953,0.000000,-0.003906
10600504,BNO_GYRO_UC,1037,-2700,0,-0.861328,10.904297,-0.878906,0.001953,0.000000,-0.003906
10610758,BNO_GYRO_UC,1038,-3400,0,-0.970703,11.275391,-0.724609,0.001953,0.000000,-0.003906
10620245,BNO_GYRO_UC,1039,-3200,0,-1.025391,11.230469,-0.212891,0.001953,0.000000,-0.003906
10630455,BNO_GYRO_UC,1040,-3100,0,-1.140625,10.791016,0.470703,0.001953,0.000000,-0.003906
10640565,BNO_GYRO_UC,1041,-2700,0,-1.199219,10.384766,0.824219,0.001953,0.000000,-0.003906
10650737,BNO_GYRO_UC,1042,-3200,0,-1.125000,9.671875,1.226562,0.001953,0.000000,-0.003906
10660235,BNO_GYRO_UC,1043,-3100,0,-0.648438,8.384766,1.417969,0.001953,0.000000,-0.003906
10670252,BNO_GYRO_UC,1044,-3100,0,0.031250,7.205078,1.064453,0.001953,0.000000,-0.003906
10681275,BNO_GYRO_UC,1045,-3600,0,0.253906,6.474609,0.392578,0.001953,0.000000,-0.003906
10690501,BNO_GYRO_UC,1046,-3200,0,-0.013672,5.931641,-0.201172,0.001953,0.000000,-0.003906
10700354,BNO_GYRO_UC,1047,-3100,0,-0.105469,5.775391,-0.509766,0.001953,0.000000,-0.003906
10710837,BNO_GYRO_UC,1048,-3100,0,-0.083984,5.640625,-0.644531,0.001953,0.000000,-0.003906
10720923,BNO_GYRO_UC,1049,-2700,0,-0.152344,5.451172,-0.628906,0.001953,0.000000,-0.003906
10731037,BNO_GYRO_UC,1050,-3400,0,-0.085938,5.261719,-0.316406,0.001953,0.000000,-0.003906
10740309,BNO_GYRO_UC,1051,-3100,0,-0.015625,4.775391,0.156250,0.001953,0.000000,-0.003906
10750868,BNO_GYRO_UC,1052,-3100,0,-0.160156,3.919922,0.531250,0.001953,0.000000,-0.003906
10761158,BNO_GYRO_UC,1053,-2900,0,-0.332031,2.976562,0.642578,0.001953,0.000000,-0.003906
10771559,BNO_GYRO_UC,1054,-3200,0,-0.433594,2.302734,0.621094,0.001953,0.000000,-0.003906
10780620,BNO_GYRO_UC,1055,-3200,0,-0.535156,1.642578,0.527344,0.001953,0.000000,-0.003906
10791112,BNO_GYRO_UC,1056,-3200,0,-0.578125,0.871094,0.373047,0.001953,0.000000,-0.003906
10801422,BNO_GYRO_UC,1057,-2900,0,-0.527344,0.199219,0.212891,0.001953,0.000000,-0.003906
10811544,BNO_GYRO_UC,1058,-3400,0,-0.478516,-0.326172,0.083984,0.001953,0.000000,-0.003906
10820611,BNO_GYRO_UC,1059,-3100,0,-0.404297,-0.865234,-0.041016,0.001953,0.000000,-0.003906
10831163,BNO_GYRO_UC,1060,-3100,0,-0.234375,-1.246094,-0.148438,0.001953,0.000000,-0.003906
10841692,BNO_GYRO_UC,1061,-3100,0,-0.021484,-1.445312,-0.150391,0.001953,0.000000,-0.003906
10851141,BNO_GYRO_UC,1062,-3200,0,0.105469,-1.708984,-0.060547,0.001953,0.000000,-0.003906
10860594,BNO_GYRO_UC,1063,-3100,0,0.166016,-2.080078,0.035156,0.001953,0.000000,-0.003906
10871174,BNO_GYRO_UC,1064,-3100,0,0.164062,-2.498047,0.173828,0.001953,0.000000,-0.003906
10881578,BNO_GYRO_UC,1065,-3100,0,0.048828,-2.990234,0.269531,0.001953,0.000000,-0.003906
10891109,BNO_GYRO_UC,1066,-3100,0,-0.107422,-3.375000,0.156250,0.001953,0.000000,-0.003906
10900740,BNO_GYRO_UC,1067,-3100,0,-0.119141,-3.611328,0.097656,0.001953,0.000000,-0.003906
10911343,BNO_GYRO_UC,1068,-3100,0,-0.044922,-3.835938,0.128906,0.001953,0.000000,-0.003906
10921796,BNO_GYRO_UC,1069,-3100,0,-0.072266,-4.117188,0.085938,0.001953,0.000000,-0.003906
10931278,BNO_GYRO_UC,1070,-3100,0,-0.134766,-4.341797,-0.037109,0.001953,0.000000,-0.003906
10940819,BNO_GYRO_UC,1071,-3100,0,-0.148438,-4.529297,-0.076172,0.001953,0.000000,-0.003906
10951507,BNO_GYRO_UC,1072,-3100,0,-0.054688,-4.808594,-0.072266,0.001953,0.000000,-0.003906
10961978,BNO_GYRO_UC,1073,-3100,0,0.132812,-5.142578,-0.130859,0.001953,0.000000,-0.003906
10971354,BNO_GYRO_UC,1074,-3100,0,0.394531,-5.390625,-0.201172,0.001953,0.000000,-0.003906
10980824,BNO_GYRO_UC,1075,-3100,0,0.533203,-5.628906,-0.101562,0.001953,0.000000,-0.003906
10991516,BNO_GYRO_UC,1076,-3100,0,0.634766,-5.802734,0.316406,0.001953,0.000000,-0.003906
11001944,BNO_GYRO_UC,1077,-3100,0,0.431641,-5.578125,0.826172,0.001953,0.000000,-0.003906
11011391,BNO_GYRO_UC,1078,-2900,0,0.056641,-5.031250,1.048828,0.001953,0.000000,-0.003906
11020848,BNO_GYRO_UC,1079,-2900,0,0.066406,-4.486328,1.017578,0.001953,0.000000,-0.003906
11031471,BNO_GYRO_UC,1080,-3100,0,0.386719,-4.158203,0.966797,0.001953,0.000000,-0.003906
11042028,BNO_GYRO_UC,1081,-3100,0,0.607422,-4.273438,0.888672,0.001953,0.000000,-0.003906
11051428,BNO_GYRO_UC,1082,-2700,0,0.560547,-4.697266,0.765625,0.001953,0.000000,-0.003906
11061096,BNO_GYRO_UC,1083,-2900,0,0.371094,-5.099609,0.660156,0.001953,0.000000,-0.003906
11071738,BNO_GYRO_UC,1084,-3200,0,0.207031,-5.291016,0.500000,0.001953,0.000000,-0.003906
11082251,BNO_GYRO_UC,1085,-3200,0,0.074219,-5.050781,0.291016,0.001953,0.000000,-0.003906
11091456,BNO_GYRO_UC,1086,-2500,0,-0.121094,-4.638672,0.224609,0.001953,0.000000,-0.003906
11101158,BNO_GYRO_UC,1087,-3100,0,-0.281250,-4.277344,0.343750,0.001953,0.000000,-0.003906
11111712,BNO_GYRO_UC,1088,-3200,0,-0.322266,-3.750000,0.615234,0.001953,0.000000,-0.003906
11122186,BNO_GYRO_UC,1089,-3100,0,-0.339844,-3.382812,0.845703,0.001953,0.000000,-0.003906
11131665,BNO_GYRO_UC,1090,-2500,0,-0.333984,-3.468750,0.951172,0.001953,0.000000,-0.003906
11141119,BNO_GYRO_UC,1091,-2900,0,-0.261719,-3.757812,0.927734,0.001953,0.000000,-0.003906
11151904,BNO_GYRO_UC,1092,-3100,0,-0.087891,-4.048828,0.804688,0.001953,0.000000,-0.003906
11162517,BNO_GYRO_UC,1093,-3200,0,-0.019531,-4.263672,0.517578,0.001953,0.000000,-0.003906
11171742,BNO_GYRO_UC,1094,-2500,0,-0.117188,-4.296875,0.205078,0.001953,0.000000,-0.003906
11181208,BNO_GYRO_UC,1095,-2900,0,-0.173828,-3.992188,0.078125,0.001953,0.000000,-0.003906
11192000,BNO_GYRO_UC,1096,-3200,0,-0.205078,-3.468750,0.089844,0.001953,0.000000,-0.003906
11201334,BNO_GYRO_UC,1097,-2900,0,-0.214844,-2.857422,0.169922,0.001953,0.000000,-0.003906
11212384,BNO_GYRO_UC,1098,-3600,0,-0.292969,-2.453125,0.281250,0.001953,0.000000,-0.003906
11221520,BNO_GYRO_UC,1099,-3100,0,-0.451172,-2.292969,0.380859,0.001953,0.000000,-0.003906
11232112,BNO_GYRO_UC,1100,-3200,0,-0.435547,-2.250000,0.447266,0.001953,0.000000,-0.003906
11241633,BNO_GYRO_UC,1101,-3100,0,-0.314453,-2.322266,0.458984,0.001953,0.000000,-0.003906
11251857,BNO_GYRO_UC,1102,-3100,0,-0.222656,-2.492188,0.437500,0.001953,0.000000,-0.003906
11261502,BNO_GYRO_UC,1103,-2900,0,-0.269531,-2.595703,0.312500,0.001953,0.000000,-0.003906
11272085,BNO_GYRO_UC,1104,-3100,0,-0.320312,-2.509766,0.187500,0.001953,0.000000,-0.003906
11281665,BNO_GYRO_UC,1105,-3100,0,-0.337891,-2.265625,0.060547,0.001953,0.000000,-0.003906
11291912,BNO_GYRO_UC,1106,-3100,0,-0.281250,-1.949219,0.033203,0.001953,0.000000,-0.003906
11301438,BNO_GYRO_UC,1107,-2900,0,-0.220703,-1.814453,0.046875,0.001953,0.000000,-0.003906
11312032,BNO_GYRO_UC,1108,-3200,0,-0.193359,-1.761719,0.099609,0.001953,0.000000,-0.003906
11321661,BNO_GYRO_UC,1109,-3100,0,-0.156250,-1.775391,0.150391,0.001953,0.000000,-0.003906
11332181,BNO_GYRO_UC,1110,-3100,0,-0.031250,-1.917969,0.111328,0.001953,0.000000,-0.003906
11341189,BNO_GYRO_UC,1111,-2500,0,0.087891,-2.054688,0.046875,0.001953,0.000000,-0.003906
11352367,BNO_GYRO_UC,1112,-3200,0,0.138672,-2.207031,0.064453,0.001953,0.000000,-0.003906
11361738,BNO_GYRO_UC,1113,-3100,0,0.146484,-2.332031,0.105469,0.001953,0.000000,-0.003906
11372092,BNO_GYRO_UC,1114,-2900,0,0.074219,-2.308594,0.021484,0.001953,0.000000,-0.003906
11381410,BNO_GYRO_UC,1115,-2700,0,0.015625,-2.160156,-0.072266,0.001953,0.000000,-0.003906
11392210,BNO_GYRO_UC,1116,-3100,0,-0.003906,-1.937500,-0.087891,0.001953,0.000000,-0.003906
11401753,BNO_GYRO_UC,1117,-3100,0,0.009766,-1.714844,-0.035156,0.001953,0.000000,-0.003906
11412930,BNO_GYRO_UC,1118,-3600,0,-0.001953,-1.541016,0.007812,0.001953,0.000000,-0.003906
11422364,BNO_GYRO_UC,1119,-3200,0,0.029297,-1.400391,0.027344,0.001953,0.000000,-0.003906
11431833,BNO_GYRO_UC,1120,-2900,0,0.125000,-1.369141,0.064453,0.001953,0.000000,-0.003906
11442035,BNO_GYRO_UC,1121,-3100,0,0.191406,-1.414062,0.062500,0.001953,0.000000,-0.003906
11452431,BNO_GYRO_UC,1122,-3100,0,0.234375,-1.421875,0.021484,0.001953,0.000000,-0.003906
11462515,BNO_GYRO_UC,1123,-3200,0,0.191406,-1.425781,0.001953,0.001953,0.000000,-0.003906
11471955,BNO_GYRO_UC,1124,-3100,0,0.076172,-1.423828,-0.039062,0.001953,0.000000,-0.003906
11482318,BNO_GYRO_UC,1125,-3100,0,-0.042969,-1.347656,-0.068359,0.001953,0.000000,-0.003906
11492514,BNO_GYRO_UC,1126,-2900,0,-0.150391,-1.226562,-0.072266,0.001953,0.000000,-0.003906
11502704,BNO_GYRO_UC,1127,-3200,0,-0.205078,-1.119141,-0.062500,0.001953,0.000000,-0.003906
11512020,BNO_GYRO_UC,1128,-3100,0,-0.156250,-1.062500,-0.048828,0.001953,0.000000,-0.003906
11522614,BNO_GYRO_UC,1129,-3200,0,-0.044922,-1.091797,-0.080078,0.001953,0.000000,-0.003906
11532505,BNO_GYRO_UC,1130,-2900,0,0.070312,-1.167969,-0.132812,0.001953,0.000000,-0.003906
11542808,BNO_GYRO_UC,1131,-3200,0,0.181641,-1.273438,-0.136719,0.001953,0.000000,-0.003906
11552286,BNO_GYRO_UC,1132,-3100,0,0.255859,-1.349609,-0.107422,0.001953,0.000000,-0.003906
11562511,BNO_GYRO_UC,1133,-3200,0,0.259766,-1.363281,-0.080078,0.001953,0.000000,-0.003906
11572614,BNO_GYRO_UC,1134,-2900,0,0.208984,-1.349609,-0.089844,0.001953,0.000000,-0.003906
11582775,BNO_GYRO_UC,1135,-3200,0,0.148438,-1.306641,-0.091797,0.001953,0.000000,-0.003906
11592241,BNO_GYRO_UC,1136,-3100,0,0.091797,-1.251953,-0.064453,0.001953,0.000000,-0.003906
11602893,BNO_GYRO_UC,1137,-3200,0,0.058594,-1.255859,-0.072266,0.001953,0.000000,-0.003906
11612803,BNO_GYRO_UC,1138,-2900,0,0.066406,-1.308594,-0.085938,0.001953,0.000000,-0.003906
11623013,BNO_GYRO_UC,1139,-3200,0,0.126953,-1.406250,-0.103516,0.001953,0.000000,-0.003906
11632488,BNO_GYRO_UC,1140,-3200,0,0.195312,-1.521484,-0.126953,0.001953,0.000000,-0.003906
11643020,BNO_GYRO_UC,1141,-3200,0,0.218750,-1.558594,-0.126953,0.001953,0.000000,-0.003906
11653111,BNO_GYRO_UC,1142,-2700,0,0.234375,-1.529297,-0.111328,0.001953,0.000000,-0.003906
11663139,BNO_GYRO_UC,1143,-3200,0,0.183594,-1.480469,-0.074219,0.001953,0.000000,-0.003906
11672510,BNO_GYRO_UC,1144,-3100,0,0.103516,-1.474609,-0.037109,0.001953,0.000000,-0.003906
11683008,BNO_GYRO_UC,1145,-3200,0,0.003906,-1.462891,-0.058594,0.001953,0.000000,-0.003906
11693033,BNO_GYRO_UC,1146,-2700,0,-0.072266,-1.466797,-0.107422,0.001953,0.000000,-0.003906
11703123,BNO_GYRO_UC,1147,-3200,0,-0.068359,-1.550781,-0.193359,0.001953,0.000000,-0.003906
11712546,BNO_GYRO_UC,1148,-3200,0,-0.005859,-1.621094,-0.285156,0.001953,0.000000,-0.003906
11723253,BNO_GYRO_UC,1149,-3200,0,0.041016,-1.683594,-0.351562,0.001953,0.000000,-0.003906
11733696,BNO_GYRO_UC,1150,-3200,0,0.074219,-1.667969,-0.351562,0.001953,0.000000,-0.003906
11743146,BNO_GYRO_UC,1151,-3200,0,0.099609,-1.605469,-0.294922,0.001953,0.000000,-0.003906
11752560,BNO_GYRO_UC,1152,-3100,0,0.164062,-1.566406,-0.269531,0.001953,0.000000,-0.003906
11763184,BNO_GYRO_UC,1153,-3100,0,0.203125,-1.509766,-0.279297,0.001953,0.000000,-0.003906
11773534,BNO_GYRO_UC,1154,-3100,0,0.203125,-1.435547,-0.253906,0.001953,0.000000,-0.003906
11783638,BNO_GYRO_UC,1155,-3200,0,0.205078,-1.427734,-0.232422,0.001953,0.000000,-0.003906
11792631,BNO_GYRO_UC,1156,-3100,0,0.193359,-1.478516,-0.193359,0.001953,0.000000,-0.003906
11803290,BNO_GYRO_UC,1157,-3100,0,0.138672,-1.513672,-0.173828,0.001953,0.000000,-0.003906
11813639,BNO_GYRO_UC,1158,-3100,0,0.099609,-1.519531,-0.150391,0.001953,0.000000,-0.003906
11823804,BNO_GYRO_UC,1159,-3200,0,0.111328,-1.501953,-0.154297,0.001953,0.000000,-0.003906
11832798,BNO_GYRO_UC,1160,-3100,0,0.140625,-1.531250,-0.158203,0.001953,0.000000,-0.003906
11843307,BNO_GYRO_UC,1161,-3100,0,0.093750,-1.507812,-0.150391,0.001953,0.000000,-0.003906
11853851,BNO_GYRO_UC,1162,-3200,0,0.021484,-1.441406,-0.091797,0.001953,0.000000,-0.003906
11863187,BNO_GYRO_UC,1163,-2900,0,-0.052734,-1.371094,-0.027344,0.001953,0.000000,-0.003906
11872974,BNO_GYRO_UC,1164,-3100,0,-0.076172,-1.343750,-0.041016,0.001953,0.000000,-0.003906
11883612,BNO_GYRO_UC,1165,-3200,0,-0.048828,-1.394531,-0.076172,0.001953,0.000000,-0.003906
11894115,BNO_GYRO_UC,1166,-3100,0,-0.064453,-1.494141,-0.080078,0.001953,0.000000,-0.003906
11903455,BNO_GYRO_UC,1167,-3100,0,-0.044922,-1.650391,-0.054688,0.001953,0.000000,-0.003906
11913103,BNO_GYRO_UC,1168,-3100,0,-0.068359,-1.656250,0.005859,0.001953,0.000000,-0.003906
11922946,BNO_GYRO_UC,1169,-3100,0,-0.185547,-1.546875,0.025391,0.001953,0.000000,-0.003906
11933364,BNO_GYRO_UC,1170,-3400,0,-0.255859,-1.330078,0.035156,0.001953,0.000000,-0.003906
11943686,BNO_GYRO_UC,1171,-3200,0,-0.289062,-1.005859,0.056641,0.001953,0.000000,-0.003906
11953043,BNO_GYRO_UC,1172,-3100,0,-0.316406,-0.582031,0.093750,0.001953,0.000000,-0.003906
11963660,BNO_GYRO_UC,1173,-3200,0,-0.349609,-0.007812,0.175781,0.001953,0.000000,-0.003906
11974263,BNO_GYRO_UC,1174,-3200,0,-0.355469,0.804688,0.304688,0.001953,0.000000,-0.003906
11983659,BNO_GYRO_UC,1175,-2700,0,-0.298828,1.662109,0.388672,0.001953,0.000000,-0.003906
11992908,BNO_GYRO_UC,1176,-2900,0,-0.140625,2.396484,0.302734,0.001953,0.000000,-0.003906
12003580,BNO_GYRO_UC,1177,-3200,0,0.037109,3.060547,0.064453,0.001953,0.000000,-0.003906
12013466,BNO_GYRO_UC,1178,-3200,0,0.146484,3.794922,-0.054688,0.001953,0.000000,-0.003906
12023917,BNO_GYRO_UC,1179,-3400,0,0.183594,4.537109,-0.087891,0.001953,0.000000,-0.003906
12032716,BNO_GYRO_UC,1180,-2500,0,0.197266,4.886719,-0.236328,0.001953,0.000000,-0.003906
12043300,BNO_GYRO_UC,1181,-3100,0,0.207031,5.046875,-0.425781,0.001953,0.000000,-0.003906
12053633,BNO_GYRO_UC,1182,-3400,0,0.134766,5.369141,-0.501953,0.001953,0.000000,-0.003906
12063917,BNO_GYRO_UC,1183,-3200,0,-0.033203,5.957031,-0.466797,0.001953,0.000000,-0.003906
12072968,BNO_GYRO_UC,1184,-2700,0,-0.226562,6.513672,-0.416016,0.001953,0.000000,-0.003906
12083711,BNO_GYRO_UC,1185,-3200,0,-0.294922,6.691406,-0.318359,0.001953,0.000000,-0.003906
12093360,BNO_GYRO_UC,1186,-3100,0,-0.304688,6.560547,-0.072266,0.001953,0.000000,-0.003906
12104717,BNO_GYRO_UC,1187,-3600,0,-0.349609,6.402344,0.173828,0.001953,0.000000,-0.003906
12113494,BNO_GYRO_UC,1188,-3100,0,-0.392578,6.265625,0.259766,0.001953,0.000000,-0.003906
12124036,BNO_GYRO_UC,1189,-3200,0,-0.316406,6.173828,0.167969,0.001953,0.000000,-0.003906
12133446,BNO_GYRO_UC,1190,-3100,0,-0.001953,5.835938,0.005859,0.001953,0.000000,-0.003906
12144642,BNO_GYRO_UC,1191,-3400,0,0.238281,5.296875,-0.140625,0.001953,0.000000,-0.003906
12153429,BNO_GYRO_UC,1192,-3100,0,0.375000,4.699219,-0.253906,0.001953,0.000000,-0.003906
12164011,BNO_GYRO_UC,1193,-3100,0,0.472656,4.177734,-0.412109,0.001953,0.000000,-0.003906
12173684,BNO_GYRO_UC,1194,-3100,0,0.498047,3.818359,-0.527344,0.001953,0.000000,-0.003906
12184107,BNO_GYRO_UC,1195,-3100,0,0.437500,3.677734,-0.550781,0.001953,0.000000,-0.003906
12193258,BNO_GYRO_UC,1196,-2700,0,0.333984,3.587891,-0.511719,0.001953,0.000000,-0.003906
12203964,BNO_GYRO_UC,1197,-3200,0,0.261719,3.470703,-0.443359,0.001953,0.000000,-0.003906
12213621,BNO_GYRO_UC,1198,-3100,0,0.208984,3.458984,-0.396484,0.001953,0.000000,-0.003906
12224768,BNO_GYRO_UC,1199,-3600,0,0.185547,3.478516,-0.394531,0.001953,0.000000,-0.003906
12234198,BNO_GYRO_UC,1200,-3200,0,0.302734,3.345703,-0.412109,0.001953,0.000000,-0.003906
12243704,BNO_GYRO_UC,1201,-3100,0,0.443359,3.142578,-0.449219,0.001953,0.000000,-0.003906
12253685,BNO_GYRO_UC,1202,-2900,0,0.441406,2.992188,-0.519531,0.001953,0.000000,-0.003906
12264873,BNO_GYRO_UC,1203,-3400,0,0.345703,2.871094,-0.570312,0.001953,0.000000,-0.003906
12273686,BNO_GYRO_UC,1204,-2900,0,0.224609,2.855469,-0.626953,0.001953,0.000000,-0.003906
12284311,BNO_GYRO_UC,1205,-3200,0,0.111328,2.916016,-0.611328,0.001953,0.000000,-0.003906
12293931,BNO_GYRO_UC,1206,-3100,0,0.001953,2.937500,-0.566406,0.001953,0.000000,-0.003906
12304276,BNO_GYRO_UC,1207,-3100,0,-0.080078,2.957031,-0.500000,0.001953,0.000000,-0.003906
12313586,BNO_GYRO_UC,1208,-2700,0,-0.123047,3.009766,-0.398438,0.001953,0.000000,-0.003906
12324518,BNO_GYRO_UC,1209,-3100,0,-0.128906,3.003906,-0.242188,0.001953,0.000000,-0.003906
12334081,BNO_GYRO_UC,1210,-3100,0,-0.021484,2.919922,-0.138672,0.001953,0.000000,-0.003906
12344426,BNO_GYRO_UC,1211,-3100,0,0.181641,2.847656,-0.179688,0.001953,0.000000,-0.003906
12353474,BNO_GYRO_UC,1212,-2500,0,0.257812,2.853516,-0.246094,0.001953,0.000000,-0.003906
12364371,BNO_GYRO_UC,1213,-3200,0,0.205078,2.886719,-0.228516,0.001953,0.000000,-0.003906
12373968,BNO_GYRO_UC,1214,-3100,0,0.144531,2.900391,-0.195312,0.001953,0.000000,-0.003906
12384541,BNO_GYRO_UC,1215,-3100,0,0.041016,2.937500,-0.189453,0.001953,0.000000,-0.003906
12394758,BNO_GYRO_UC,1216,-3200,0,-0.097656,3.060547,-0.181641,0.001953,0.000000,-0.003906
12404069,BNO_GYRO_UC,1217,-3100,0,-0.117188,3.167969,-0.208984,0.001953,0.000000,-0.003906
12414501,BNO_GYRO_UC,1218,-3200,0,-0.021484,3.089844,-0.265625,0.001953,0.000000,-0.003906
12424596,BNO_GYRO_UC,1219,-2700,0,0.078125,2.792969,-0.265625,0.001953,0.000000,-0.003906
12434758,BNO_GYRO_UC,1220,-3200,0,0.097656,2.445312,-0.265625,0.001953,0.000000,-0.003906
12444207,BNO_GYRO_UC,1221,-2900,0,0.128906,2.156250,-0.255859,0.001953,0.000000,-0.003906
12454488,BNO_GYRO_UC,1222,-3100,0,0.175781,1.974609,-0.230469,0.001953,0.000000,-0.003906
12464769,BNO_GYRO_UC,1223,-2900,0,0.230469,1.781250,-0.226562,0.001953,0.000000,-0.003906
12475049,BNO_GYRO_UC,1224,-3400,0,0.224609,1.691406,-0.226562,0.001953,0.000000,-0.003906
12484318,BNO_GYRO_UC,1225,-3100,0,0.091797,1.792969,-0.242188,0.001953,0.000000,-0.003906
12494786,BNO_GYRO_UC,1226,-3100,0,-0.007812,1.923828,-0.242188,0.001953,0.000000,-0.003906
12505321,BNO_GYRO_UC,1227,-3200,0,-0.029297,2.025391,-0.261719,0.001953,0.000000,-0.003906
12514779,BNO_GYRO_UC,1228,-3400,0,-0.005859,2.091797,-0.255859,0.001953,0.000000,-0.003906
12524302,BNO_GYRO_UC,1229,-3100,0,0.054688,2.111328,-0.240234,0.001953,0.000000,-0.003906
12534876,BNO_GYRO_UC,1230,-3200,0,0.125000,2.021484,-0.187500,0.001953,0.000000,-0.003906
12544958,BNO_GYRO_UC,1231,-2700,0,0.240234,1.855469,-0.158203,0.001953,0.000000,-0.003906
12555071,BNO_GYRO_UC,1232,-3200,0,0.351562,1.654297,-0.173828,0.001953,0.000000,-0.003906
12564464,BNO_GYRO_UC,1233,-3100,0,0.437500,1.443359,-0.171875,0.001953,0.000000,-0.003906
12574992,BNO_GYRO_UC,1234,-3100,0,0.498047,1.283203,-0.126953,0.001953,0.000000,-0.003906
12585328,BNO_GYRO_UC,1235,-3100,0,0.523438,1.220703,-0.146484,0.001953,0.000000,-0.003906
12594846,BNO_GYRO_UC,1236,-3400,0,0.437500,1.310547,-0.173828,0.001953,0.000000,-0.003906
12604456,BNO_GYRO_UC,1237,-3100,0,0.300781,1.574219,-0.230469,0.001953,0.000000,-0.003906
12615024,BNO_GYRO_UC,1238,-3100,0,0.177734,1.742188,-0.226562,0.001953,0.000000,-0.003906
12625462,BNO_GYRO_UC,1239,-3100,0,0.041016,1.789062,-0.164062,0.001953,0.000000,-0.003906
12635015,BNO_GYRO_UC,1240,-3200,0,-0.048828,1.800781,-0.109375,0.001953,0.000000,-0.003906
12644483,BNO_GYRO_UC,1241,-2900,0,-0.048828,1.687500,-0.105469,0.001953,0.000000,-0.003906
12655015,BNO_GYRO_UC,1242,-3100,0,-0.023438,1.509766,-0.138672,0.001953,0.000000,-0.003906
12665509,BNO_GYRO_UC,1243,-3100,0,0.035156,1.376953,-0.171875,0.001953,0.000000,-0.003906
12675664,BNO_GYRO_UC,1244,-3400,0,0.117188,1.253906,-0.191406,0.001953,0.000000,-0.003906
12684784,BNO_GYRO_UC,1245,-3100,0,0.185547,1.152344,-0.193359,0.001953,0.000000,-0.003906
12695436,BNO_GYRO_UC,1246,-3100,0,0.191406,1.136719,-0.195312,0.001953,0.000000,-0.003906
12705829,BNO_GYRO_UC,1247,-3100,0,0.117188,1.179688,-0.226562,0.001953,0.000000,-0.003906
12715366,BNO_GYRO_UC,1248,-3200,0,0.007812,1.271484,-0.292969,0.001953,0.000000,-0.003906
12724808,BNO_GYRO_UC,1249,-2900,0,-0.082031,1.443359,-0.296875,0.001953,0.000000,-0.003906
12735516,BNO_GYRO_UC,1250,-3100,0,-0.132812,1.556641,-0.253906,0.001953,0.000000,-0.003906
12746084,BNO_GYRO_UC,1251,-3400,0,-0.193359,1.582031,-0.203125,0.001953,0.000000,-0.003906
12755467,BNO_GYRO_UC,1252,-3200,0,-0.234375,1.519531,-0.148438,0.001953,0.000000,-0.003906
12764978,BNO_GYRO_UC,1253,-3100,0,-0.226562,1.369141,-0.138672,0.001953,0.000000,-0.003906
12775620,BNO_GYRO_UC,1254,-3200,0,-0.158203,1.240234,-0.169922,0.001953,0.000000,-0.003906
12786073,BNO_GYRO_UC,1255,-2900,0,-0.080078,1.130859,-0.226562,0.001953,0.000000,-0.003906
12795599,BNO_GYRO_UC,1256,-3200,0,-0.062500,1.091797,-0.259766,0.001953,0.000000,-0.003906
12804978,BNO_GYRO_UC,1257,-3100,0,-0.076172,1.142578,-0.281250,0.001953,0.000000,-0.003906
12815749,BNO_GYRO_UC,1258,-3200,0,-0.117188,1.244141,-0.324219,0.001953,0.000000,-0.003906
12826332,BNO_GYRO_UC,1259,-3200,0,-0.210938,1.429688,-0.310547,0.001953,0.000000,-0.003906
12835789,BNO_GYRO_UC,1260,-3200,0,-0.322266,1.691406,-0.271484,0.001953,0.000000,-0.003906
12845166,BNO_GYRO_UC,1261,-3100,0,-0.412109,1.894531,-0.216797,0.001953,0.000000,-0.003906
12855764,BNO_GYRO_UC,1262,-3100,0,-0.455078,1.941406,-0.138672,0.001953,0.000000,-0.003906
12866302,BNO_GYRO_UC,1263,-3200,0,-0.445312,1.859375,-0.060547,0.001953,0.000000,-0.003906
12875658,BNO_GYRO_UC,1264,-2900,0,-0.398438,1.701172,-0.011719,0.001953,0.000000,-0.003906
12885373,BNO_GYRO_UC,1265,-3100,0,-0.304688,1.480469,-0.058594,0.001953,0.000000,-0.003906
12895212,BNO_GYRO_UC,1266,-3200,0,-0.212891,1.318359,-0.171875,0.001953,0.000000,-0.003906
12905566,BNO_GYRO_UC,1267,-3400,0,-0.136719,1.242188,-0.240234,0.001953,0.000000,-0.003906
12915854,BNO_GYRO_UC,1268,-3200,0,-0.123047,1.175781,-0.269531,0.001953,0.000000,-0.003906
12924755,BNO_GYRO_UC,1269,-2500,0,-0.162109,1.130859,-0.291016,0.001953,0.000000,-0.003906
12935281,BNO_GYRO_UC,1270,-3100,0,-0.210938,1.199219,-0.292969,0.001953,0.000000,-0.003906
12945606,BNO_GYRO_UC,1271,-3400,0,-0.287109,1.242188,-0.222656,0.001953,0.000000,-0.003906
12956123,BNO_GYRO_UC,1272,-3400,0,-0.396484,1.087891,-0.125000,0.001953,0.000000,-0.003906
12965283,BNO_GYRO_UC,1273,-2900,0,-0.447266,0.804688,-0.037109,0.001953,0.000000,-0.003906
12975961,BNO_GYRO_UC,1274,-3100,0,-0.439453,0.427734,0.033203,0.001953,0.000000,-0.003906
12985644,BNO_GYRO_UC,1275,-3400,0,-0.371094,-0.068359,0.074219,0.001953,0.000000,-0.003906
12995760,BNO_GYRO_UC,1276,-2900,0,-0.232422,-0.603516,0.160156,0.001953,0.000000,-0.003906
13005121,BNO_GYRO_UC,1277,-2700,0,-0.052734,-1.156250,0.257812,0.001953,0.000000,-0.003906
13015922,BNO_GYRO_UC,1278,-3100,0,-0.048828,-1.750000,0.097656,0.001953,0.000000,-0.003906
13025499,BNO_GYRO_UC,1279,-3100,0,-0.121094,-2.210938,-0.203125,0.001953,0.000000,-0.003906
13036110,BNO_GYRO_UC,1280,-3200,0,-0.197266,-2.568359,-0.406250,0.001953,0.000000,-0.003906
13045643,BNO_GYRO_UC,1281,-3100,0,-0.283203,-2.917969,-0.484375,0.001953,0.000000,-0.003906
13056318,BNO_GYRO_UC,1282,-3100,0,-0.400391,-3.181641,-0.429688,0.001953,0.000000,-0.003906
13066740,BNO_GYRO_UC,1283,-3100,0,-0.466797,-3.373047,-0.304688,0.001953,0.000000,-0.003906
13076100,BNO_GYRO_UC,1284,-2300,0,-0.466797,-3.625000,-0.179688,0.001953,0.000000,-0.003906
13085130,BNO_GYRO_UC,1285,-2500,0,-0.376953,-3.925781,-0.052734,0.001953,0.000000,-0.003906
13095913,BNO_GYRO_UC,1286,-3100,0,-0.203125,-4.236328,0.121094,0.001953,0.000000,-0.003906
13105681,BNO_GYRO_UC,1287,-3100,0,-0.039062,-4.650391,0.332031,0.001953,0.000000,-0.003906
13116102,BNO_GYRO_UC,1288,-3100,0,-0.007812,-5.169922,0.437500,0.001953,0.000000,-0.003906
13125192,BNO_GYRO_UC,1289,-2500,0,-0.166016,-5.562500,0.166016,0.001953,0.000000,-0.003906
13135977,BNO_GYRO_UC,1290,-3100,0,-0.238281,-5.691406,-0.181641,0.001953,0.000000,-0.003906
13146580,BNO_GYRO_UC,1291,-3400,0,-0.105469,-5.697266,-0.345703,0.001953,0.000000,-0.003906
13156896,BNO_GYRO_UC,1292,-3200,0,0.042969,-5.671875,-0.322266,0.001953,0.000000,-0.003906
13166105,BNO_GYRO_UC,1293,-3200,0,0.109375,-5.638672,-0.142578,0.001953,0.000000,-0.003906
13175825,BNO_GYRO_UC,1294,-3100,0,0.121094,-5.605469,-0.037109,0.001953,0.000000,-0.003906
13186893,BNO_GYRO_UC,1295,-3400,0,0.019531,-5.601562,0.181641,0.001953,0.000000,-0.003906
13196476,BNO_GYRO_UC,1296,-2500,0,-0.128906,-5.644531,0.544922,0.001953,0.000000,-0.003906
13205334,BNO_GYRO_UC,1297,-2500,0,-0.228516,-5.558594,0.748047,0.001953,0.000000,-0.003906
13216096,BNO_GYRO_UC,1298,-3100,0,-0.226562,-5.578125,0.914062,0.001953,0.000000,-0.003906
13225897,BNO_GYRO_UC,1299,-2900,0,-0.167969,-6.181641,1.132812,0.001953,0.000000,-0.003906
13236363,BNO_GYRO_UC,1300,-3100,0,-0.146484,-6.933594,1.101562,0.001953,0.000000,-0.003906
13245454,BNO_GYRO_UC,1301,-2500,0,-0.361328,-7.310547,0.656250,0.001953,0.000000,-0.003906
13256371,BNO_GYRO_UC,1302,-3100,0,-0.486328,-7.304688,0.234375,0.001953,0.000000,-0.003906
13266085,BNO_GYRO_UC,1303,-3100,0,-0.480469,-7.244141,-0.037109,0.001953,0.000000,-0.003906
13277289,BNO_GYRO_UC,1304,-3600,0,-0.365234,-7.138672,-0.185547,0.001953,0.000000,-0.003906
13286512,BNO_GYRO_UC,1305,-3400,0,-0.326172,-6.968750,-0.136719,0.001953,0.000000,-0.003906
13296143,BNO_GYRO_UC,1306,-3100,0,-0.277344,-7.085938,0.091797,0.001953,0.000000,-0.003906
13306047,BNO_GYRO_UC,1307,-2900,0,-0.085938,-7.652344,0.330078,0.001953,0.000000,-0.003906
13316557,BNO_GYRO_UC,1308,-3100,0,0.197266,-8.257812,0.429688,0.001953,0.000000,-0.003906
13326436,BNO_GYRO_UC,1309,-3200,0,0.609375,-9.019531,0.666016,0.001953,0.000000,-0.003906
13336272,BNO_GYRO_UC,1310,-3100,0,0.908203,-9.951172,0.917969,0.001953,0.000000,-0.003906
13346506,BNO_GYRO_UC,1311,-3200,0,0.689453,-10.875000,0.591797,0.001953,0.000000,-0.003906
13356723,BNO_GYRO_UC,1312,-2700,0,0.220703,-11.107422,-0.171875,0.001953,0.000000,-0.003906
13366848,BNO_GYRO_UC,1313,-3200,0,0.044922,-11.376953,-0.843750,0.001953,0.000000,-0.003906
13376320,BNO_GYRO_UC,1314,-3100,0,0.166016,-12.011719,-1.253906,0.001953,0.000000,-0.003906
13386653,BNO_GYRO_UC,1315,-3100,0,0.244141,-12.433594,-1.078125,0.001953,0.000000,-0.003906
13396757,BNO_GYRO_UC,1316,-2700,0,0.363281,-12.583984,-0.337891,0.001953,0.000000,-0.003906
13406970,BNO_GYRO_UC,1317,-3200,0,0.582031,-12.277344,0.380859,0.001953,0.000000,-0.003906
13416393,BNO_GYRO_UC,1318,-3100,0,0.935547,-11.708984,0.748047,0.001953,0.000000,-0.003906
13426873,BNO_GYRO_UC,1319,-3100,0,1.445312,-10.697266,0.857422,0.001953,0.000000,-0.003906
13436875,BNO_GYRO_UC,1320,-2500,0,1.900391,-9.681641,0.996094,0.001953,0.000000,-0.003906
13446928,BNO_GYRO_UC,1321,-3400,0,2.089844,-8.800781,1.261719,0.001953,0.000000,-0.003906
13456510,BNO_GYRO_UC,1322,-3100,0,1.693359,-7.984375,1.070312,0.001953,0.000000,-0.003906
13467012,BNO_GYRO_UC,1323,-3200,0,1.498047,-6.802734,0.392578,0.001953,0.000000,-0.003906
13477130,BNO_GYRO_UC,1324,-2700,0,1.509766,-5.710938,-0.304688,0.001953,0.000000,-0.003906
13487373,BNO_GYRO_UC,1325,-3200,0,1.203125,-4.757812,-0.619141,0.001953,0.000000,-0.003906
13496548,BNO_GYRO_UC,1326,-3100,0,0.871094,-3.498047,-0.791016,0.001953,0.000000,-0.003906
13507059,BNO_GYRO_UC,1327,-3100,0,0.648438,-2.195312,-0.761719,0.001953,0.000000,-0.003906
13517561,BNO_GYRO_UC,1328,-3200,0,0.271484,-1.214844,-0.404297,0.001953,0.000000,-0.003906
13527029,BNO_GYRO_UC,1329,-3400,0,-0.105469,-0.417969,-0.046875,0.001953,0.000000,-0.003906
13536525,BNO_GYRO_UC,1330,-3100,0,-0.357422,0.611328,0.062500,0.001953,0.000000,-0.003906
13547132,BNO_GYRO_UC,1331,-3100,0,-0.583984,1.642578,0.126953,0.001953,0.000000,-0.003906
13557545,BNO_GYRO_UC,1332,-3100,0,-0.658203,2.367188,0.236328,0.001953,0.000000,-0.003906
13566978,BNO_GYRO_UC,1333,-3200,0,-0.683594,3.017578,0.230469,0.001953,0.000000,-0.003906
13576688,BNO_GYRO_UC,1334,-2900,0,-0.824219,3.554688,-0.179688,0.001953,0.000000,-0.003906
13587302,BNO_GYRO_UC,1335,-3100,0,-0.667969,3.931641,-0.636719,0.001953,0.000000,-0.003906
13597676,BNO_GYRO_UC,1336,-2900,0,-0.371094,4.322266,-1.066406,0.001953,0.000000,-0.003906
13607151,BNO_GYRO_UC,1337,-3200,0,-0.203125,4.539062,-1.406250,0.001953,0.000000,-0.003906
13616735,BNO_GYRO_UC,1338,-3100,0,-0.080078,4.644531,-1.597656,0.001953,0.000000,-0.003906
13627348,BNO_GYRO_UC,1339,-3100,0,-0.054688,4.931641,-1.572266,0.001953,0.000000,-0.003906
13637809,BNO_GYRO_UC,1340,-2900,0,-0.105469,5.326172,-1.400391,0.001953,0.000000,-0.003906
13647915,BNO_GYRO_UC,1341,-3200,0,-0.226562,5.783203,-1.011719,0.001953,0.000000,-0.003906
13656863,BNO_GYRO_UC,1342,-3100,0,-0.476562,6.126953,-0.500000,0.001953,0.000000,-0.003906
13667598,BNO_GYRO_UC,1343,-3100,0,-0.906250,6.125000,-0.015625,0.001953,0.000000,-0.003906
13677968,BNO_GYRO_UC,1344,-2900,0,-1.117188,5.689453,0.287109,0.001953,0.000000,-0.003906
13687340,BNO_GYRO_UC,1345,-2900,0,-1.109375,5.181641,0.257812,0.001953,0.000000,-0.003906
13696867,BNO_GYRO_UC,1346,-2900,0,-0.966797,5.019531,-0.011719,0.001953,0.000000,-0.003906
13707326,BNO_GYRO_UC,1347,-3100,0,-0.570312,5.285156,-0.240234,0.001953,0.000000,-0.003906
13717751,BNO_GYRO_UC,1348,-2900,0,-0.183594,5.599609,-0.345703,0.001953,0.000000,-0.003906
13727934,BNO_GYRO_UC,1349,-3400,0,-0.042969,5.925781,-0.470703,0.001953,0.000000,-0.003906
13737079,BNO_GYRO_UC,1350,-3100,0,-0.087891,6.177734,-0.566406,0.001953,0.000000,-0.003906
13747718,BNO_GYRO_UC,1351,-3100,0,-0.279297,6.216797,-0.505859,0.001953,0.000000,-0.003906
13758044,BNO_GYRO_UC,1352,-3100,0,-0.619141,6.044922,-0.326172,0.001953,0.000000,-0.003906
13767527,BNO_GYRO_UC,1353,-2700,0,-0.822266,5.535156,-0.076172,0.001953,0.000000,-0.003906
13777022,BNO_GYRO_UC,1354,-2900,0,-0.939453,4.962891,0.041016,0.001953,0.000000,-0.003906
13787695,BNO_GYRO_UC,1355,-3100,0,-0.888672,4.480469,0.007812,0.001953,0.000000,-0.003906
13798079,BNO_GYRO_UC,1356,-3100,0,-0.679688,4.187500,-0.146484,0.001953,0.000000,-0.003906
13807555,BNO_GYRO_UC,1357,-2700,0,-0.394531,4.222656,-0.341797,0.001953,0.000000,-0.003906
13817093,BNO_GYRO_UC,1358,-2900,0,-0.111328,4.580078,-0.441406,0.001953,0.000000,-0.003906
13827769,BNO_GYRO_UC,1359,-3100,0,0.044922,4.863281,-0.449219,0.001953,0.000000,-0.003906
13838154,BNO_GYRO_UC,1360,-3100,0,0.068359,4.886719,-0.437500,0.001953,0.000000,-0.003906
13848407,BNO_GYRO_UC,1361,-3400,0,-0.066406,4.687500,-0.449219,0.001953,0.000000,-0.003906
13857759,BNO_GYRO_UC,1362,-3100,0,-0.193359,4.320312,-0.501953,0.001953,0.000000,-0.003906
13867262,BNO_GYRO_UC,1363,-3100,0,-0.269531,3.990234,-0.511719,0.001953,0.000000,-0.003906
13878603,BNO_GYRO_UC,1364,-3600,0,-0.310547,3.908203,-0.441406,0.001953,0.000000,-0.003906
13887951,BNO_GYRO_UC,1365,-2700,0,-0.375000,3.968750,-0.417969,0.001953,0.000000,-0.003906
13897181,BNO_GYRO_UC,1366,-2900,0,-0.398438,4.015625,-0.345703,0.001953,0.000000,-0.003906
13907963,BNO_GYRO_UC,1367,-3100,0,-0.328125,4.160156,-0.250000,0.001953,0.000000,-0.003906
13918284,BNO_GYRO_UC,1368,-3100,0,-0.289062,4.371094,-0.173828,0.001953,0.000000,-0.003906
13927837,BNO_GYRO_UC,1369,-2700,0,-0.267578,4.380859,-0.173828,0.001953,0.000000,-0.003906
13937254,BNO_GYRO_UC,1370,-2900,0,-0.203125,4.263672,-0.236328,0.001953,0.000000,-0.003906
13947915,BNO_GYRO_UC,1371,-3200,0,-0.105469,4.130859,-0.281250,0.001953,0.000000,-0.003906
13957498,BNO_GYRO_UC,1372,-2900,0,-0.087891,4.083984,-0.310547,0.001953,0.000000,-0.003906
13968676,BNO_GYRO_UC,1373,-3400,0,-0.162109,3.980469,-0.343750,0.001953,0.000000,-0.003906
13977605,BNO_GYRO_UC,1374,-2900,0,-0.193359,3.783203,-0.431641,0.001953,0.000000,-0.003906
13988140,BNO_GYRO_UC,1375,-3100,0,-0.216797,3.820312,-0.431641,0.001953,0.000000,-0.003906
13997724,BNO_GYRO_UC,1376,-3100,0,-0.292969,3.867188,-0.398438,0.001953,0.000000,-0.003906
14008165,BNO_GYRO_UC,1377,-3100,0,-0.314453,3.912109,-0.341797,0.001953,0.000000,-0.003906
14017637,BNO_GYRO_UC,1378,-2900,0,-0.283203,4.054688,-0.292969,0.001953,0.000000,-0.003906
14028135,BNO_GYRO_UC,1379,-3100,0,-0.289062,4.250000,-0.136719,0.001953,0.000000,-0.003906
14037848,BNO_GYRO_UC,1380,-3100,0,-0.273438,4.308594,0.007812,0.001953,0.000000,-0.003906
14048184,BNO_GYRO_UC,1381,-3100,0,-0.212891,4.275391,0.054688,0.001953,0.000000,-0.003906
14057405,BNO_GYRO_UC,1382,-2700,0,-0.179688,4.281250,0.037109,0.001953,0.000000,-0.003906
14068243,BNO_GYRO_UC,1383,-3100,0,-0.199219,4.294922,-0.019531,0.001953,0.000000,-0.003906
14077891,BNO_GYRO_UC,1384,-2900,0,-0.277344,4.166016,-0.162109,0.001953,0.000000,-0.003906
14088961,BNO_GYRO_UC,1385,-3400,0,-0.277344,4.115234,-0.328125,0.001953,0.000000,-0.003906
14098209,BNO_GYRO_UC,1386,-3200,0,-0.250000,4.285156,-0.375000,0.001953,0.000000,-0.003906
14107945,BNO_GYRO_UC,1387,-3100,0,-0.343750,4.572266,-0.316406,0.001953,0.000000,-0.003906
14117815,BNO_GYRO_UC,1388,-3100,0,-0.494141,4.769531,-0.187500,0.001953,0.000000,-0.003906
14128340,BNO_GYRO_UC,1389,-3100,0,-0.591797,4.841797,-0.083984,0.001953,0.000000,-0.003906
14137857,BNO_GYRO_UC,1390,-2900,0,-0.689453,4.964844,0.039062,0.001953,0.000000,-0.003906
14148603,BNO_GYRO_UC,1391,-3100,0,-0.791016,5.138672,0.218750,0.001953,0.000000,-0.003906
14158118,BNO_GYRO_UC,1392,-2900,0,-0.755859,5.199219,0.373047,0.001953,0.000000,-0.003906
14169141,BNO_GYRO_UC,1393,-3400,0,-0.583984,5.191406,0.423828,0.001953,0.000000,-0.003906
14178467,BNO_GYRO_UC,1394,-3200,0,-0.388672,5.150391,0.378906,0.001953,0.000000,-0.003906
14187933,BNO_GYRO_UC,1395,-2900,0,-0.283203,5.009766,0.248047,0.001953,0.000000,-0.003906
14198076,BNO_GYRO_UC,1396,-3100,0,-0.302734,5.160156,0.187500,0.001953,0.000000,-0.003906
14208363,BNO_GYRO_UC,1397,-2900,0,-0.460938,5.613281,0.210938,0.001953,0.000000,-0.003906
14218634,BNO_GYRO_UC,1398,-3200,0,-0.574219,6.273438,0.376953,0.001953,0.000000,-0.003906
14227965,BNO_GYRO_UC,1399,-2900,0,-0.791016,6.968750,0.363281,0.001953,0.000000,-0.003906
14238384,BNO_GYRO_UC,1400,-3100,0,-0.980469,7.341797,0.322266,0.001953,0.000000,-0.003906
14248562,BNO_GYRO_UC,1401,-2900,0,-1.121094,7.406250,0.437500,0.001953,0.000000,-0.003906
14258781,BNO_GYRO_UC,1402,-3200,0,-1.248047,7.228516,0.597656,0.001953,0.000000,-0.003906
14268253,BNO_GYRO_UC,1403,-2900,0,-1.275391,6.740234,0.738281,0.001953,0.000000,-0.003906
14278534,BNO_GYRO_UC,1404,-3100,0,-1.300781,6.125000,0.808594,0.001953,0.000000,-0.003906
14288593,BNO_GYRO_UC,1405,-2700,0,-1.294922,5.492188,0.761719,0.001953,0.000000,-0.003906
14298912,BNO_GYRO_UC,1406,-3200,0,-1.212891,4.917969,0.585938,0.001953,0.000000,-0.003906
14308291,BNO_GYRO_UC,1407,-3100,0,-1.087891,4.414062,0.535156,0.001953,0.000000,-0.003906
14318618,BNO_GYRO_UC,1408,-3100,0,-0.927734,3.880859,0.554688,0.001953,0.000000,-0.003906
14329080,BNO_GYRO_UC,1409,-3100,0,-0.662109,3.203125,0.488281,0.001953,0.000000,-0.003906
14339021,BNO_GYRO_UC,1410,-3200,0,-0.365234,2.316406,0.453125,0.001953,0.000000,-0.003906
14348346,BNO_GYRO_UC,1411,-3100,0,-0.105469,1.390625,0.507812,0.001953,0.000000,-0.003906
14358759,BNO_GYRO_UC,1412,-3100,0,0.121094,0.548828,0.492188,0.001953,0.000000,-0.003906
14368922,BNO_GYRO_UC,1413,-2700,0,0.195312,-0.298828,0.316406,0.001953,0.000000,-0.003906
14379125,BNO_GYRO_UC,1414,-3200,0,0.197266,-1.062500,0.070312,0.001953,0.000000,-0.003906
14388464,BNO_GYRO_UC,1415,-2900,0,0.248047,-1.613281,-0.146484,0.001953,0.000000,-0.003906
14398893,BNO_GYRO_UC,1416,-2900,0,0.287109,-1.994141,-0.333984,0.001953,0.000000,-0.003906
14409104,BNO_GYRO_UC,1417,-2900,0,0.312500,-2.333984,-0.492188,0.001953,0.000000,-0.003906
14419395,BNO_GYRO_UC,1418,-3200,0,0.341797,-2.652344,-0.613281,0.001953,0.000000,-0.003906
14428650,BNO_GYRO_UC,1419,-2900,0,0.214844,-2.912109,-0.701172,0.001953,0.000000,-0.003906
14439135,BNO_GYRO_UC,1420,-3100,0,-0.042969,-3.109375,-0.796875,0.001953,0.000000,-0.003906
14449388,BNO_GYRO_UC,1421,-2900,0,-0.265625,-3.175781,-0.906250,0.001953,0.000000,-0.003906
14459515,BNO_GYRO_UC,1422,-3200,0,-0.339844,-3.125000,-0.935547,0.001953,0.000000,-0.003906
14468630,BNO_GYRO_UC,1423,-3100,0,-0.251953,-3.097656,-0.904297,0.001953,0.000000,-0.003906
14479123,BNO_GYRO_UC,1424,-2900,0,-0.064453,-3.275391,-0.777344,0.001953,0.000000,-0.003906
14489415,BNO_GYRO_UC,1425,-2700,0,0.144531,-3.669922,-0.609375,0.001953,0.000000,-0.003906
14499557,BNO_GYRO_UC,1426,-3200,0,0.289062,-4.064453,-0.457031,0.001953,0.000000,-0.003906
14508645,BNO_GYRO_UC,1427,-2900,0,0.460938,-4.273438,-0.316406,0.001953,0.000000,-0.003906
14519374,BNO_GYRO_UC,1428,-2900,0,0.759766,-4.396484,-0.193359,0.001953,0.000000,-0.003906
14529540,BNO_GYRO_UC,1429,-2700,0,1.035156,-4.654297,-0.128906,0.001953,0.000000,-0.003906
14539718,BNO_GYRO_UC,1430,-3200,0,1.044922,-5.033203,-0.031250,0.001953,0.000000,-0.003906
14548835,BNO_GYRO_UC,1431,-2900,0,0.720703,-5.533203,-0.074219,0.001953,0.000000,-0.003906
14559504,BNO_GYRO_UC,1432,-3100,0,0.191406,-6.021484,-0.207031,0.001953,0.000000,-0.003906
14569886,BNO_GYRO_UC,1433,-3100,0,-0.125000,-6.058594,-0.470703,0.001953,0.000000,-0.003906
14579350,BNO_GYRO_UC,1434,-3100,0,0.050781,-5.736328,-0.507812,0.001953,0.000000,-0.003906
14588932,BNO_GYRO_UC,1435,-3100,0,0.255859,-5.466797,-0.234375,0.001953,0.000000,-0.003906
14599497,BNO_GYRO_UC,1436,-3100,0,0.326172,-5.488281,0.128906,0.001953,0.000000,-0.003906
14610045,BNO_GYRO_UC,1437,-3100,0,0.400391,-5.777344,0.478516,0.001953,0.000000,-0.003906
14619427,BNO_GYRO_UC,1438,-2900,0,0.394531,-6.185547,0.705078,0.001953,0.000000,-0.003906
14629033,BNO_GYRO_UC,1439,-3100,0,0.201172,-6.658203,0.841797,0.001953,0.000000,-0.003906
14639514,BNO_GYRO_UC,1440,-3100,0,0.181641,-7.001953,0.662109,0.001953,0.000000,-0.003906
14649924,BNO_GYRO_UC,1441,-3100,0,0.255859,-7.349609,0.302734,0.001953,0.000000,-0.003906
14660050,BNO_GYRO_UC,1442,-3200,0,-0.009766,-7.835938,-0.027344,0.001953,0.000000,-0.003906
14669242,BNO_GYRO_UC,1443,-3100,0,-0.480469,-7.980469,-0.345703,0.001953,0.000000,-0.003906
14679909,BNO_GYRO_UC,1444,-3100,0,-0.802734,-7.761719,-0.533203,0.001953,0.000000,-0.003906
14690293,BNO_GYRO_UC,1445,-3100,0,-0.654297,-7.162109,-0.593750,0.001953,0.000000,-0.003906
14699639,BNO_GYRO_UC,1446,-2900,0,-0.173828,-6.457031,-0.363281,0.001953,0.000000,-0.003906
14708851,BNO_GYRO_UC,1447,-2900,0,0.093750,-5.933594,0.060547,0.001953,0.000000,-0.003906
14719407,BNO_GYRO_UC,1448,-3100,0,0.121094,-5.753906,0.433594,0.001953,0.000000,-0.003906
14729482,BNO_GYRO_UC,1449,-3400,0,0.234375,-5.912109,0.759766,0.001953,0.000000,-0.003906
14739650,BNO_GYRO_UC,1450,-3100,0,0.410156,-6.326172,0.980469,0.001953,0.000000,-0.003906
14749308,BNO_GYRO_UC,1451,-3100,0,0.498047,-6.902344,1.062500,0.001953,0.000000,-0.003906
14759895,BNO_GYRO_UC,1452,-2900,0,0.210938,-7.357422,0.833984,0.001953,0.000000,-0.003906
14770374,BNO_GYRO_UC,1453,-3200,0,-0.375000,-7.218750,0.189453,0.001953,0.000000,-0.003906
14779799,BNO_GYRO_UC,1454,-2500,0,-0.738281,-6.664062,-0.275391,0.001953,0.000000,-0.003906
14789219,BNO_GYRO_UC,1455,-2900,0,-0.658203,-6.166016,-0.306641,0.001953,0.000000,-0.003906
14799609,BNO_GYRO_UC,1456,-3100,0,-0.509766,-5.480469,-0.287109,0.001953,0.000000,-0.003906
14809375,BNO_GYRO_UC,1457,-3100,0,-0.435547,-4.779297,-0.205078,0.001953,0.000000,-0.003906
14820581,BNO_GYRO_UC,1458,-3400,0,-0.255859,-4.441406,-0.214844,0.001953,0.000000,-0.003906
14829413,BNO_GYRO_UC,1459,-2900,0,-0.064453,-4.423828,-0.347656,0.001953,0.000000,-0.003906
14839797,BNO_GYRO_UC,1460,-3100,0,0.117188,-4.712891,-0.505859,0.001953,0.000000,-0.003906
14849488,BNO_GYRO_UC,1461,-2900,0,0.261719,-5.078125,-0.572266,0.001953,0.000000,-0.003906
14860526,BNO_GYRO_UC,1462,-3400,0,0.115234,-5.281250,-0.494141,0.001953,0.000000,-0.003906
14869600,BNO_GYRO_UC,1463,-3100,0,-0.339844,-5.095703,-0.445312,0.001953,0.000000,-0.003906
14880326,BNO_GYRO_UC,1464,-3100,0,-0.609375,-4.591797,-0.306641,0.001953,0.000000,-0.003906
14890456,BNO_GYRO_UC,1465,-3400,0,-0.720703,-4.248047,-0.189453,0.001953,0.000000,-0.003906
14900702,BNO_GYRO_UC,1466,-3200,0,-0.587891,-4.164062,-0.160156,0.001953,0.000000,-0.003906
14909735,BNO_GYRO_UC,1467,-3100,0,-0.199219,-4.203125,-0.349609,0.001953,0.000000,-0.003906
14920241,BNO_GYRO_UC,1468,-3100,0,0.212891,-4.285156,-0.615234,0.001953,0.000000,-0.003906
14929792,BNO_GYRO_UC,1469,-3100,0,0.486328,-4.365234,-0.765625,0.001953,0.000000,-0.003906
14940113,BNO_GYRO_UC,1470,-2900,0,0.621094,-4.464844,-0.675781,0.001953,0.000000,-0.003906
14949819,BNO_GYRO_UC,1471,-3100,0,0.648438,-4.326172,-0.349609,0.001953,0.000000,-0.003906
14960612,BNO_GYRO_UC,1472,-3100,0,0.541016,-4.066406,0.054688,0.001953,0.000000,-0.003906
14969973,BNO_GYRO_UC,1473,-3100,0,0.005859,-3.669922,0.294922,0.001953,0.000000,-0.003906
14980232,BNO_GYRO_UC,1474,-3100,0,-0.431641,-2.708984,0.394531,0.001953,0.000000,-0.003906
14989613,BNO_GYRO_UC,1475,-2900,0,-0.447266,-1.367188,0.701172,0.001953,0.000000,-0.003906
15000375,BNO_GYRO_UC,1476,-3100,0,-0.425781,0.109375,1.056641,0.001953,0.000000,-0.003906
15010027,BNO_GYRO_UC,1477,-3100,0,-0.527344,1.339844,1.109375,0.001953,0.000000,-0.003906
15020323,BNO_GYRO_UC,1478,-2900,0,-0.822266,2.833984,0.945312,0.001953,0.000000,-0.003906
15029850,BNO_GYRO_UC,1479,-2900,0,-1.062500,4.062500,0.857422,0.001953,0.000000,-0.003906
15040550,BNO_GYRO_UC,1480,-3100,0,-0.978516,4.646484,0.826172,0.001953,0.000000,-0.003906
15050086,BNO_GYRO_UC,1481,-3100,0,-0.511719,4.951172,0.564453,0.001953,0.000000,-0.003906
15060323,BNO_GYRO_UC,1482,-2900,0,0.007812,5.453125,0.292969,0.001953,0.000000,-0.003906
15070560,BNO_GYRO_UC,1483,-3200,0,0.185547,6.281250,0.404297,0.001953,0.000000,-0.003906
15079924,BNO_GYRO_UC,1484,-2900,0,0.013672,6.863281,0.560547,0.001953,0.000000,-0.003906
15090081,BNO_GYRO_UC,1485,-3100,0,-0.125000,7.304688,0.644531,0.001953,0.000000,-0.003906
15100701,BNO_GYRO_UC,1486,-3200,0,-0.179688,7.689453,0.642578,0.001953,0.000000,-0.003906
15109854,BNO_GYRO_UC,1487,-2700,0,-0.251953,7.714844,0.554688,0.001953,0.000000,-0.003906
15120789,BNO_GYRO_UC,1488,-3100,0,-0.144531,7.388672,0.449219,0.001953,0.000000,-0.003906
15130303,BNO_GYRO_UC,1489,-3100,0,-0.039062,6.861328,0.453125,0.001953,0.000000,-0.003906
15140737,BNO_GYRO_UC,1490,-3100,0,0.089844,6.296875,0.599609,0.001953,0.000000,-0.003906
15150911,BNO_GYRO_UC,1491,-3200,0,0.171875,5.718750,0.908203,0.001953,0.000000,-0.003906
15160263,BNO_GYRO_UC,1492,-3100,0,0.216797,5.359375,1.134766,0.001953,0.000000,-0.003906
15170491,BNO_GYRO_UC,1493,-3100,0,0.513672,5.033203,1.050781,0.001953,0.000000,-0.003906
15180780,BNO_GYRO_UC,1494,-3100,0,0.724609,4.771484,0.712891,0.001953,0.000000,-0.003906
15190799,BNO_GYRO_UC,1495,-3200,0,0.734375,4.392578,0.529297,0.001953,0.000000,-0.003906
15200257,BNO_GYRO_UC,1496,-2900,0,0.726562,4.017578,0.451172,0.001953,0.000000,-0.003906
15210667,BNO_GYRO_UC,1497,-3100,0,0.722656,3.472656,0.388672,0.001953,0.000000,-0.003906
15220911,BNO_GYRO_UC,1498,-2900,0,0.613281,2.974609,0.291016,0.001953,0.000000,-0.003906
15231027,BNO_GYRO_UC,1499,-3200,0,0.580078,2.740234,0.167969,0.001953,0.000000,-0.003906
15240383,BNO_GYRO_UC,1500,-2900,0,0.693359,2.386719,0.056641,0.001953,0.000000,-0.003906
15250904,BNO_GYRO_UC,1501,-3100,0,0.687500,1.853516,-0.017578,0.001953,0.000000,-0.003906
15260902,BNO_GYRO_UC,1502,-2700,0,0.601562,1.367188,0.033203,0.001953,0.000000,-0.003906
15271200,BNO_GYRO_UC,1503,-3200,0,0.509766,1.212891,0.308594,0.001953,0.000000,-0.003906
15280537,BNO_GYRO_UC,1504,-3100,0,0.281250,1.875000,0.658203,0.001953,0.000000,-0.003906
15291060,BNO_GYRO_UC,1505,-3100,0,0.173828,2.408203,0.671875,0.001953,0.000000,-0.003906
15301082,BNO_GYRO_UC,1506,-2700,0,0.535156,2.144531,0.363281,0.001953,0.000000,-0.003906
15311278,BNO_GYRO_UC,1507,-3200,0,0.949219,1.460938,0.064453,0.001953,0.000000,-0.003906
15320610,BNO_GYRO_UC,1508,-2900,0,1.132812,0.705078,-0.041016,0.001953,0.000000,-0.003906
15331029,BNO_GYRO_UC,1509,-3100,0,1.031250,-0.251953,0.074219,0.001953,0.000000,-0.003906
15341383,BNO_GYRO_UC,1510,-2700,0,0.773438,-1.335938,0.039062,0.001953,0.000000,-0.003906
15351760,BNO_GYRO_UC,1511,-3200,0,0.683594,-2.423828,-0.259766,0.001953,0.000000,-0.003906
15360618,BNO_GYRO_UC,1512,-3100,0,0.630859,-3.154297,-0.494141,0.001953,0.000000,-0.003906
15371222,BNO_GYRO_UC,1513,-3100,0,0.570312,-3.421875,-0.544922,0.001953,0.000000,-0.003906
15381626,BNO_GYRO_UC,1514,-2900,0,0.560547,-3.707031,-0.525391,0.001953,0.000000,-0.003906
15391825,BNO_GYRO_UC,1515,-3200,0,0.421875,-4.294922,-0.482422,0.001953,0.000000,-0.003906
15400836,BNO_GYRO_UC,1516,-3100,0,0.273438,-4.880859,-0.431641,0.001953,0.000000,-0.003906
15411501,BNO_GYRO_UC,1517,-3100,0,0.134766,-5.388672,-0.486328,0.001953,0.000000,-0.003906
15421739,BNO_GYRO_UC,1518,-2900,0,-0.109375,-5.689453,-0.734375,0.001953,0.000000,-0.003906
15431907,BNO_GYRO_UC,1519,-3400,0,-0.460938,-5.654297,-0.882812,0.001953,0.000000,-0.003906
15440916,BNO_GYRO_UC,1520,-2900,0,-0.707031,-5.494141,-0.925781,0.001953,0.000000,-0.003906
15451493,BNO_GYRO_UC,1521,-3100,0,-0.765625,-5.664062,-1.097656,0.001953,0.000000,-0.003906
15461762,BNO_GYRO_UC,1522,-2900,0,-0.898438,-5.820312,-1.439453,0.001953,0.000000,-0.003906
15471255,BNO_GYRO_UC,1523,-3100,0,-1.058594,-5.437500,-1.697266,0.001953,0.000000,-0.003906
15480724,BNO_GYRO_UC,1524,-2900,0,-1.048828,-4.687500,-1.593750,0.001953,0.000000,-0.003906
15491250,BNO_GYRO_UC,1525,-3100,0,-0.843750,-3.988281,-1.386719,0.001953,0.000000,-0.003906
15501591,BNO_GYRO_UC,1526,-3100,0,-0.404297,-3.511719,-1.082031,0.001953,0.000000,-0.003906
15511763,BNO_GYRO_UC,1527,-3200,0,0.101562,-3.175781,-0.433594,0.001953,0.000000,-0.003906
15521006,BNO_GYRO_UC,1528,-2700,0,0.382812,-2.882812,0.220703,0.001953,0.000000,-0.003906
15531808,BNO_GYRO_UC,1529,-3100,0,0.449219,-2.589844,0.486328,0.001953,0.000000,-0.003906
15542144,BNO_GYRO_UC,1530,-3100,0,0.203125,-1.953125,0.257812,0.001953,0.000000,-0.003906
15551610,BNO_GYRO_UC,1531,-3100,0,0.078125,-0.728516,-0.046875,0.001953,0.000000,-0.003906
15560807,BNO_GYRO_UC,1532,-2700,0,0.125000,0.140625,-0.259766,0.001953,0.000000,-0.003906
15571346,BNO_GYRO_UC,1533,-3100,0,0.093750,0.347656,-0.396484,0.001953,0.000000,-0.003906
15581368,BNO_GYRO_UC,1534,-3200,0,-0.050781,0.462891,-0.429688,0.001953,0.000000,-0.003906
15591757,BNO_GYRO_UC,1535,-3200,0,-0.240234,0.931641,-0.441406,0.001953,0.000000,-0.003906
15601076,BNO_GYRO_UC,1536,-2900,0,-0.218750,1.572266,-0.351562,0.001953,0.000000,-0.003906
15611927,BNO_GYRO_UC,1537,-3100,0,-0.068359,2.388672,-0.177734,0.001953,0.000000,-0.003906
15622303,BNO_GYRO_UC,1538,-3100,0,0.015625,3.205078,-0.068359,0.001953,0.000000,-0.003906
15631620,BNO_GYRO_UC,1539,-2700,0,0.091797,3.906250,-0.076172,0.001953,0.000000,-0.003906
15641321,BNO_GYRO_UC,1540,-3100,0,0.062500,4.390625,-0.230469,0.001953,0.000000,-0.003906
15651940,BNO_GYRO_UC,1541,-3200,0,-0.042969,4.595703,-0.443359,0.001953,0.000000,-0.003906
15662254,BNO_GYRO_UC,1542,-3100,0,-0.101562,4.869141,-0.558594,0.001953,0.000000,-0.003906
15671790,BNO_GYRO_UC,1543,-2700,0,-0.076172,5.210938,-0.634766,0.001953,0.000000,-0.003906
15681482,BNO_GYRO_UC,1544,-3100,0,-0.099609,5.542969,-0.724609,0.001953,0.000000,-0.003906
15692080,BNO_GYRO_UC,1545,-3100,0,-0.335938,5.988281,-0.640625,0.001953,0.000000,-0.003906
15702520,BNO_GYRO_UC,1546,-3100,0,-0.740234,6.539062,-0.341797,0.001953,0.000000,-0.003906
15711980,BNO_GYRO_UC,1547,-2700,0,-1.191406,6.851562,-0.105469,0.001953,0.000000,-0.003906
15721015,BNO_GYRO_UC,1548,-2500,0,-1.550781,7.156250,0.060547,0.001953,0.000000,-0.003906
15731700,BNO_GYRO_UC,1549,-3100,0,-1.736328,7.673828,0.304688,0.001953,0.000000,-0.003906
15741988,BNO_GYRO_UC,1550,-3400,0,-1.783203,8.003906,0.523438,0.001953,0.000000,-0.003906
15752469,BNO_GYRO_UC,1551,-3600,0,-1.681641,7.957031,0.681641,0.001953,0.000000,-0.003906
15761619,BNO_GYRO_UC,1552,-3100,0,-1.650391,7.941406,0.767578,0.001953,0.000000,-0.003906
15772187,BNO_GYRO_UC,1553,-3200,0,-1.664062,7.958984,0.861328,0.001953,0.000000,-0.003906
15782799,BNO_GYRO_UC,1554,-3200,0,-1.542969,7.906250,0.859375,0.001953,0.000000,-0.003906
15792232,BNO_GYRO_UC,1555,-2700,0,-1.291016,7.773438,0.738281,0.001953,0.000000,-0.003906
15801229,BNO_GYRO_UC,1556,-2700,0,-1.060547,7.859375,0.562500,0.001953,0.000000,-0.003906
15812092,BNO_GYRO_UC,1557,-3200,0,-0.933594,8.162109,0.417969,0.001953,0.000000,-0.003906
15821787,BNO_GYRO_UC,1558,-3100,0,-0.701172,8.337891,0.431641,0.001953,0.000000,-0.003906
15832970,BNO_GYRO_UC,1559,-3600,0,-0.513672,8.375000,0.470703,0.001953,0.000000,-0.003906
15841918,BNO_GYRO_UC,1560,-3100,0,-0.509766,8.447266,0.531250,0.001953,0.000000,-0.003906
15852612,BNO_GYRO_UC,1561,-3200,0,-0.617188,8.314453,0.539062,0.001953,0.000000,-0.003906
15862191,BNO_GYRO_UC,1562,-3200,0,-0.679688,7.935547,0.597656,0.001953,0.000000,-0.003906
15872584,BNO_GYRO_UC,1563,-3200,0,-0.835938,7.603516,0.728516,0.001953,0.000000,-0.003906
15882113,BNO_GYRO_UC,1564,-3200,0,-1.056641,7.384766,0.728516,0.001953,0.000000,-0.003906
15891898,BNO_GYRO_UC,1565,-3100,0,-1.039062,7.468750,0.779297,0.001953,0.000000,-0.003906
15901855,BNO_GYRO_UC,1566,-2900,0,-0.914062,7.751953,0.855469,0.001953,0.000000,-0.003906
15913129,BNO_GYRO_UC,1567,-3600,0,-0.775391,7.839844,0.791016,0.001953,0.000000,-0.003906
15922057,BNO_GYRO_UC,1568,-3100,0,-0.720703,7.394531,0.720703,0.001953,0.000000,-0.003906
15932575,BNO_GYRO_UC,1569,-3200,0,-0.810547,6.576172,0.855469,0.001953,0.000000,-0.003906
15942212,BNO_GYRO_UC,1570,-3100,0,-0.843750,5.494141,1.216797,0.001953,0.000000,-0.003906
15952568,BNO_GYRO_UC,1571,-3100,0,-0.568359,4.123047,1.332031,0.001953,0.000000,-0.003906
15961670,BNO_GYRO_UC,1572,-2700,0,-0.160156,2.529297,1.158203,0.001953,0.000000,-0.003906
15972617,BNO_GYRO_UC,1573,-3200,0,0.167969,0.880859,0.955078,0.001953,0.000000,-0.003906
15982233,BNO_GYRO_UC,1574,-3100,0,0.412109,-0.587891,0.716797,0.001953,0.000000,-0.003906
15992456,BNO_GYRO_UC,1575,-3100,0,0.566406,-1.953125,0.207031,0.001953,0.000000,-0.003906
16002599,BNO_GYRO_UC,1576,-3200,0,0.714844,-3.150391,-0.515625,0.001953,0.000000,-0.003906
16012176,BNO_GYRO_UC,1577,-3100,0,0.894531,-3.806641,-1.021484,0.001953,0.000000,-0.003906
16022213,BNO_GYRO_UC,1578,-3100,0,0.955078,-3.927734,-1.224609,0.001953,0.000000,-0.003906
16033306,BNO_GYRO_UC,1579,-3600,0,0.898438,-4.039062,-1.128906,0.001953,0.000000,-0.003906
16042830,BNO_GYRO_UC,1580,-3400,0,0.777344,-4.462891,-0.859375,0.001953,0.000000,-0.003906
16052298,BNO_GYRO_UC,1581,-3100,0,0.697266,-5.033203,-0.523438,0.001953,0.000000,-0.003906
16062289,BNO_GYRO_UC,1582,-3100,0,0.851562,-5.617188,-0.207031,0.001953,0.000000,-0.003906
16072680,BNO_GYRO_UC,1583,-3200,0,1.140625,-6.447266,0.009766,0.001953,0.000000,-0.003906
16082884,BNO_GYRO_UC,1584,-3200,0,1.373047,-7.583984,0.099609,0.001953,0.000000,-0.003906
16092396,BNO_GYRO_UC,1585,-3100,0,1.335938,-8.851562,-0.314453,0.001953,0.000000,-0.003906
16102369,BNO_GYRO_UC,1586,-3100,0,1.193359,-9.712891,-1.164062,0.001953,0.000000,-0.003906
16112915,BNO_GYRO_UC,1587,-3200,0,1.136719,-9.837891,-1.484375,0.001953,0.000000,-0.003906
16123231,BNO_GYRO_UC,1588,-3400,0,1.064453,-9.255859,-1.076172,0.001953,0.000000,-0.003906
16132441,BNO_GYRO_UC,1589,-3200,0,1.082031,-8.550781,-0.287109,0.001953,0.000000,-0.003906
16142671,BNO_GYRO_UC,1590,-3100,0,1.279297,-8.138672,0.478516,0.001953,0.000000,-0.003906
16152953,BNO_GYRO_UC,1591,-2900,0,1.589844,-7.869141,0.876953,0.001953,0.000000,-0.003906
16163073,BNO_GYRO_UC,1592,-3400,0,2.005859,-8.025391,1.097656,0.001953,0.000000,-0.003906
16172610,BNO_GYRO_UC,1593,-3100,0,2.226562,-8.945312,1.357422,0.001953,0.000000,-0.003906
16182961,BNO_GYRO_UC,1594,-3200,0,2.105469,-10.183594,1.523438,0.001953,0.000000,-0.003906
16193109,BNO_GYRO_UC,1595,-2700,0,1.484375,-11.296875,1.253906,0.001953,0.000000,-0.003906
16203329,BNO_GYRO_UC,1596,-3200,0,0.505859,-11.830078,0.550781,0.001953,0.000000,-0.003906
16212732,BNO_GYRO_UC,1597,-3200,0,-0.375000,-11.539062,0.058594,0.001953,0.000000,-0.003906
16223104,BNO_GYRO_UC,1598,-3200,0,-0.916016,-10.900391,-0.156250,0.001953,0.000000,-0.003906
16233130,BNO_GYRO_UC,1599,-2700,0,-1.074219,-10.253906,-0.306641,0.001953,0.000000,-0.003906
16243324,BNO_GYRO_UC,1600,-3200,0,-0.871094,-9.865234,-0.234375,0.001953,0.000000,-0.003906
16252832,BNO_GYRO_UC,1601,-3200,0,-0.408203,-9.625000,0.015625,0.001953,0.000000,-0.003906
16263351,BNO_GYRO_UC,1602,-3200,0,0.328125,-9.421875,0.099609,0.001953,0.000000,-0.003906
16273272,BNO_GYRO_UC,1603,-2700,0,1.121094,-9.171875,0.097656,0.001953,0.000000,-0.003906
16283443,BNO_GYRO_UC,1604,-3200,0,2.009766,-8.958984,0.091797,0.001953,0.000000,-0.003906
16292927,BNO_GYRO_UC,1605,-3200,0,2.687500,-8.888672,0.107422,0.001953,0.000000,-0.003906
16303514,BNO_GYRO_UC,1606,-3100,0,2.681641,-8.750000,0.181641,0.001953,0.000000,-0.003906
16313414,BNO_GYRO_UC,1607,-2500,0,1.798828,-8.482422,0.265625,0.001953,0.000000,-0.003906
16323488,BNO_GYRO_UC,1608,-3200,0,0.806641,-8.113281,0.281250,0.001953,0.000000,-0.003906
16333021,BNO_GYRO_UC,1609,-3200,0,0.351562,-7.976562,0.021484,0.001953,0.000000,-0.003906
16343726,BNO_GYRO_UC,1610,-3100,0,0.347656,-7.816406,-0.169922,0.001953,0.000000,-0.003906
16353549,BNO_GYRO_UC,1611,-2500,0,0.484375,-7.505859,-0.281250,0.001953,0.000000,-0.003906
16363714,BNO_GYRO_UC,1612,-3200,0,0.865234,-7.167969,-0.337891,0.001953,0.000000,-0.003906
16372955,BNO_GYRO_UC,1613,-3100,0,1.330078,-6.648438,-0.236328,0.001953,0.000000,-0.003906
16383620,BNO_GYRO_UC,1614,-3100,0,1.769531,-5.927734,-0.078125,0.001953,0.000000,-0.003906
16393955,BNO_GYRO_UC,1615,-3100,0,2.031250,-5.156250,0.177734,0.001953,0.000000,-0.003906
16403988,BNO_GYRO_UC,1616,-3200,0,1.945312,-4.462891,0.574219,0.001953,0.000000,-0.003906
16413146,BNO_GYRO_UC,1617,-3100,0,1.498047,-3.861328,0.935547,0.001953,0.000000,-0.003906
16423745,BNO_GYRO_UC,1618,-3200,0,0.962891,-2.857422,1.062500,0.001953,0.000000,-0.003906
16434070,BNO_GYRO_UC,1619,-3100,0,0.421875,-1.775391,0.792969,0.001953,0.000000,-0.003906
16443569,BNO_GYRO_UC,1620,-3100,0,0.044922,-0.839844,0.410156,0.001953,0.000000,-0.003906
16453078,BNO_GYRO_UC,1621,-2900,0,-0.234375,0.033203,0.037109,0.001953,0.000000,-0.003906
16463740,BNO_GYRO_UC,1622,-3100,0,-0.353516,0.802734,-0.175781,0.001953,0.000000,-0.003906
16474194,BNO_GYRO_UC,1623,-3100,0,-0.494141,1.734375,-0.359375,0.001953,0.000000,-0.003906
16483565,BNO_GYRO_UC,1624,-2900,0,-0.732422,2.822266,-0.400391,0.001953,0.000000,-0.003906
16493240,BNO_GYRO_UC,1625,-2900,0,-1.037109,3.998047,-0.316406,0.001953,0.000000,-0.003906
16503935,BNO_GYRO_UC,1626,-3100,0,-1.109375,4.640625,-0.125000,0.001953,0.000000,-0.003906
16514401,BNO_GYRO_UC,1627,-3100,0,-1.044922,5.091797,0.218750,0.001953,0.000000,-0.003906
16523736,BNO_GYRO_UC,1628,-3100,0,-0.966797,5.458984,0.455078,0.001953,0.000000,-0.003906
16533303,BNO_GYRO_UC,1629,-3100,0,-0.927734,5.753906,0.371094,0.001953,0.000000,-0.003906
16543954,BNO_GYRO_UC,1630,-3100,0,-0.849609,6.310547,0.208984,0.001953,0.000000,-0.003906
16554309,BNO_GYRO_UC,1631,-3100,0,-0.708984,7.027344,0.138672,0.001953,0.000000,-0.003906
16563827,BNO_GYRO_UC,1632,-2700,0,-0.656250,7.539062,0.056641,0.001953,0.000000,-0.003906
16573628,BNO_GYRO_UC,1633,-3100,0,-0.765625,7.957031,0.048828,0.001953,0.000000,-0.003906
16583546,BNO_GYRO_UC,1634,-3100,0,-0.855469,8.181641,0.078125,0.001953,0.000000,-0.003906
16593893,BNO_GYRO_UC,1635,-3400,0,-0.865234,7.949219,-0.041016,0.001953,0.000000,-0.003906
16603852,BNO_GYRO_UC,1636,-3100,0,-0.716797,7.673828,-0.099609,0.001953,0.000000,-0.003906
16613449,BNO_GYRO_UC,1637,-2900,0,-0.525391,7.320312,-0.050781,0.001953,0.000000,-0.003906
16624158,BNO_GYRO_UC,1638,-3100,0,-0.298828,6.902344,-0.044922,0.001953,0.000000,-0.003906
16634529,BNO_GYRO_UC,1639,-2900,0,-0.039062,6.273438,-0.099609,0.001953,0.000000,-0.003906
16643834,BNO_GYRO_UC,1640,-2700,0,-0.009766,5.490234,-0.175781,0.001953,0.000000,-0.003906
16653437,BNO_GYRO_UC,1641,-2900,0,-0.222656,5.103516,-0.283203,0.001953,0.000000,-0.003906
16663913,BNO_GYRO_UC,1642,-3100,0,-0.548828,5.064453,-0.408203,0.001953,0.000000,-0.003906
16673831,BNO_GYRO_UC,1643,-3200,0,-0.808594,5.136719,-0.412109,0.001953,0.000000,-0.003906
16683888,BNO_GYRO_UC,1644,-2900,0,-1.074219,5.201172,-0.435547,0.001953,0.000000,-0.003906
16693584,BNO_GYRO_UC,1645,-3100,0,-1.208984,5.324219,-0.484375,0.001953,0.000000,-0.003906
16703986,BNO_GYRO_UC,1646,-3100,0,-0.931641,5.367188,-0.396484,0.001953,0.000000,-0.003906
16713757,BNO_GYRO_UC,1647,-3100,0,-0.466797,5.046875,-0.318359,0.001953,0.000000,-0.003906
16724746,BNO_GYRO_UC,1648,-3400,0,-0.140625,4.574219,-0.240234,0.001953,0.000000,-0.003906
16733836,BNO_GYRO_UC,1649,-2900,0,0.048828,4.025391,-0.277344,0.001953,0.000000,-0.003906
16744188,BNO_GYRO_UC,1650,-2900,0,0.015625,3.398438,-0.406250,0.001953,0.000000,-0.003906
16753818,BNO_GYRO_UC,1651,-3100,0,-0.169922,3.021484,-0.558594,0.001953,0.000000,-0.003906
16764912,BNO_GYRO_UC,1652,-3400,0,-0.335938,3.109375,-0.587891,0.001953,0.000000,-0.003906
16773714,BNO_GYRO_UC,1653,-3100,0,-0.394531,3.263672,-0.501953,0.001953,0.000000,-0.003906
16784239,BNO_GYRO_UC,1654,-3100,0,-0.365234,3.267578,-0.460938,0.001953,0.000000,-0.003906
16793898,BNO_GYRO_UC,1655,-3100,0,-0.394531,3.208984,-0.474609,0.001953,0.000000,-0.003906
16804909,BNO_GYRO_UC,1656,-3400,0,-0.324219,3.179688,-0.396484,0.001953,0.000000,-0.003906
16813938,BNO_GYRO_UC,1657,-3100,0,-0.199219,3.121094,-0.251953,0.001953,0.000000,-0.003906
16824368,BNO_GYRO_UC,1658,-3100,0,-0.109375,2.964844,-0.173828,0.001953,0.000000,-0.003906
16834074,BNO_GYRO_UC,1659,-3100,0,0.033203,2.853516,-0.146484,0.001953,0.000000,-0.003906
16845188,BNO_GYRO_UC,1660,-3400,0,0.210938,2.867188,-0.103516,0.001953,0.000000,-0.003906
16853990,BNO_GYRO_UC,1661,-3100,0,0.265625,2.871094,-0.101562,0.001953,0.000000,-0.003906
16864748,BNO_GYRO_UC,1662,-3100,0,0.074219,2.974609,-0.138672,0.001953,0.000000,-0.003906
16874058,BNO_GYRO_UC,1663,-2900,0,-0.226562,3.306641,-0.199219,0.001953,0.000000,-0.003906
16885248,BNO_GYRO_UC,1664,-3400,0,-0.492188,3.746094,-0.207031,0.001953,0.000000,-0.003906
16894011,BNO_GYRO_UC,1665,-2900,0,-0.591797,3.990234,-0.152344,0.001953,0.000000,-0.003906
16904682,BNO_GYRO_UC,1666,-3100,0,-0.660156,4.058594,-0.062500,0.001953,0.000000,-0.003906
16914180,BNO_GYRO_UC,1667,-3100,0,-0.714844,4.046875,0.117188,0.001953,0.000000,-0.003906
16925268,BNO_GYRO_UC,1668,-3400,0,-0.671875,3.843750,0.234375,0.001953,0.000000,-0.003906
16934570,BNO_GYRO_UC,1669,-3200,0,-0.601562,3.500000,0.335938,0.001953,0.000000,-0.003906
16944231,BNO_GYRO_UC,1670,-3100,0,-0.525391,3.304688,0.414062,0.001953,0.000000,-0.003906
16954208,BNO_GYRO_UC,1671,-3100,0,-0.351562,3.177734,0.302734,0.001953,0.000000,-0.003906
16965338,BNO_GYRO_UC,1672,-3400,0,-0.136719,3.183594,0.062500,0.001953,0.000000,-0.003906
16974572,BNO_GYRO_UC,1673,-3200,0,0.050781,3.486328,0.017578,0.001953,0.000000,-0.003906
16985088,BNO_GYRO_UC,1674,-3100,0,0.042969,3.724609,0.003906,0.001953,0.000000,-0.003906
16994318,BNO_GYRO_UC,1675,-2900,0,-0.042969,4.044922,0.031250,0.001953,0.000000,-0.003906
17005380,BNO_GYRO_UC,1676,-3400,0,-0.123047,4.441406,0.277344,0.001953,0.000000,-0.003906
17014659,BNO_GYRO_UC,1677,-3100,0,-0.240234,4.732422,0.527344,0.001953,0.000000,-0.003906
17025233,BNO_GYRO_UC,1678,-3100,0,-0.398438,4.900391,0.601562,0.001953,0.000000,-0.003906
17034523,BNO_GYRO_UC,1679,-3100,0,-0.455078,4.986328,0.466797,0.001953,0.000000,-0.003906
17044944,BNO_GYRO_UC,1680,-3100,0,-0.367188,5.115234,0.388672,0.001953,0.000000,-0.003906
17054029,BNO_GYRO_UC,1681,-2700,0,-0.341797,5.162109,0.341797,0.001953,0.000000,-0.003906
17065022,BNO_GYRO_UC,1682,-3200,0,-0.398438,5.095703,0.232422,0.001953,0.000000,-0.003906
17074515,BNO_GYRO_UC,1683,-3100,0,-0.582031,4.923828,0.039062,0.001953,0.000000,-0.003906
17085031,BNO_GYRO_UC,1684,-2900,0,-0.748047,4.824219,-0.158203,0.001953,0.000000,-0.003906
17095212,BNO_GYRO_UC,1685,-3200,0,-0.841797,5.068359,-0.300781,0.001953,0.000000,-0.003906
17104628,BNO_GYRO_UC,1686,-2900,0,-0.966797,5.546875,-0.271484,0.001953,0.000000,-0.003906
17114790,BNO_GYRO_UC,1687,-3100,0,-1.150391,5.962891,-0.091797,0.001953,0.000000,-0.003906
17125091,BNO_GYRO_UC,1688,-2700,0,-1.335938,6.171875,0.113281,0.001953,0.000000,-0.003906
17135279,BNO_GYRO_UC,1689,-3200,0,-1.398438,6.197266,0.267578,0.001953,0.000000,-0.003906
17144699,BNO_GYRO_UC,1690,-2900,0,-1.400391,5.935547,0.232422,0.001953,0.000000,-0.003906
17155196,BNO_GYRO_UC,1691,-3100,0,-1.353516,5.367188,0.095703,0.001953,0.000000,-0.003906
17165083,BNO_GYRO_UC,1692,-2700,0,-1.205078,4.578125,0.025391,0.001953,0.000000,-0.003906
17175228,BNO_GYRO_UC,1693,-3200,0,-0.941406,3.798828,0.105469,0.001953,0.000000,-0.003906
17184696,BNO_GYRO_UC,1694,-2900,0,-0.546875,2.970703,0.199219,0.001953,0.000000,-0.003906
17195265,BNO_GYRO_UC,1695,-3100,0,-0.080078,1.968750,0.339844,0.001953,0.000000,-0.003906
17205226,BNO_GYRO_UC,1696,-2500,0,0.253906,0.753906,0.404297,0.001953,0.000000,-0.003906
17215455,BNO_GYRO_UC,1697,-3200,0,0.515625,-0.646484,0.404297,0.001953,0.000000,-0.003906
17224825,BNO_GYRO_UC,1698,-2900,0,0.832031,-1.927734,0.314453,0.001953,0.000000,-0.003906
17235306,BNO_GYRO_UC,1699,-3100,0,1.156250,-2.935547,0.017578,0.001953,0.000000,-0.003906
17245574,BNO_GYRO_UC,1700,-2900,0,1.347656,-3.761719,-0.447266,0.001953,0.000000,-0.003906
17255752,BNO_GYRO_UC,1701,-3200,0,1.392578,-4.347656,-0.785156,0.001953,0.000000,-0.003906
17264943,BNO_GYRO_UC,1702,-3100,0,1.226562,-4.748047,-0.800781,0.001953,0.000000,-0.003906
17275531,BNO_GYRO_UC,1703,-3100,0,1.009766,-5.103516,-0.632812,0.001953,0.000000,-0.003906
17285937,BNO_GYRO_UC,1704,-2900,0,0.810547,-5.404297,-0.427734,0.001953,0.000000,-0.003906
17296075,BNO_GYRO_UC,1705,-3200,0,0.712891,-5.630859,-0.240234,0.001953,0.000000,-0.003906
17305015,BNO_GYRO_UC,1706,-2900,0,0.712891,-5.906250,-0.195312,0.001953,0.000000,-0.003906
17315605,BNO_GYRO_UC,1707,-3100,0,0.867188,-6.335938,-0.234375,0.001953,0.000000,-0.003906
17325995,BNO_GYRO_UC,1708,-3100,0,0.982422,-6.990234,-0.292969,0.001953,0.000000,-0.003906
17336019,BNO_GYRO_UC,1709,-3200,0,0.789062,-7.876953,-0.654297,0.001953,0.000000,-0.003906
17345566,BNO_GYRO_UC,1710,-3100,0,0.472656,-8.490234,-1.248047,0.001953,0.000000,-0.003906
17355161,BNO_GYRO_UC,1711,-3100,0,0.251953,-8.542969,-1.558594,0.001953,0.000000,-0.003906
17366220,BNO_GYRO_UC,1712,-3400,0,0.482422,-8.064453,-1.458984,0.001953,0.000000,-0.003906
17375544,BNO_GYRO_UC,1713,-3100,0,1.097656,-7.400391,-1.039062,0.001953,0.000000,-0.003906
17385122,BNO_GYRO_UC,1714,-2900,0,1.558594,-6.960938,-0.466797,0.001953,0.000000,-0.003906
17395987,BNO_GYRO_UC,1715,-3100,0,1.667969,-6.796875,0.109375,0.001953,0.000000,-0.003906
17406179,BNO_GYRO_UC,1716,-2700,0,1.578125,-7.007812,0.750000,0.001953,0.000000,-0.003906
17415612,BNO_GYRO_UC,1717,-3100,0,1.441406,-7.203125,1.070312,0.001953,0.000000,-0.003906
17425311,BNO_GYRO_UC,1718,-3100,0,1.318359,-6.966797,1.183594,0.001953,0.000000,-0.003906
17435862,BNO_GYRO_UC,1719,-3100,0,1.017578,-7.060547,1.400391,0.001953,0.000000,-0.003906
17446261,BNO_GYRO_UC,1720,-3100,0,0.292969,-7.296875,1.382812,0.001953,0.000000,-0.003906
17455808,BNO_GYRO_UC,1721,-2900,0,-0.498047,-7.259766,1.082031,0.001953,0.000000,-0.003906
17465384,BNO_GYRO_UC,1722,-2900,0,-1.054688,-7.126953,0.666016,0.001953,0.000000,-0.003906
17476166,BNO_GYRO_UC,1723,-3200,0,-1.392578,-7.013672,0.146484,0.001953,0.000000,-0.003906
17486376,BNO_GYRO_UC,1724,-3100,0,-1.376953,-6.863281,-0.109375,0.001953,0.000000,-0.003906
17495884,BNO_GYRO_UC,1725,-2900,0,-1.087891,-6.677734,-0.150391,0.001953,0.000000,-0.003906
17505331,BNO_GYRO_UC,1726,-2900,0,-0.625000,-6.494141,-0.148438,0.001953,0.000000,-0.003906
17516036,BNO_GYRO_UC,1727,-2900,0,-0.027344,-6.412109,-0.150391,0.001953,0.000000,-0.003906
17526421,BNO_GYRO_UC,1728,-3100,0,0.533203,-6.490234,-0.060547,0.001953,0.000000,-0.003906
17536590,BNO_GYRO_UC,1729,-3200,0,0.914062,-6.638672,0.250000,0.001953,0.000000,-0.003906
17545657,BNO_GYRO_UC,1730,-3100,0,1.281250,-6.929688,0.564453,0.001953,0.000000,-0.003906
17555378,BNO_GYRO_UC,1731,-2900,0,1.417969,-7.132812,0.632812,0.001953,0.000000,-0.003906
17566707,BNO_GYRO_UC,1732,-3400,0,0.986328,-6.824219,0.341797,0.001953,0.000000,-0.003906
17576028,BNO_GYRO_UC,1733,-2700,0,0.593750,-6.070312,0.025391,0.001953,0.000000,-0.003906
17585390,BNO_GYRO_UC,1734,-2700,0,0.515625,-5.347656,-0.310547,0.001953,0.000000,-0.003906
17596446,BNO_GYRO_UC,1735,-3100,0,0.744141,-4.826172,-0.560547,0.001953,0.000000,-0.003906
17606813,BNO_GYRO_UC,1736,-3100,0,0.871094,-4.738281,-0.617188,0.001953,0.000000,-0.003906
17616274,BNO_GYRO_UC,1737,-2700,0,0.859375,-4.896484,-0.591797,0.001953,0.000000,-0.003906
17625459,BNO_GYRO_UC,1738,-2700,0,0.835938,-5.115234,-0.578125,0.001953,0.000000,-0.003906
17636220,BNO_GYRO_UC,1739,-3100,0,1.074219,-5.410156,-0.753906,0.001953,0.000000,-0.003906
17646131,BNO_GYRO_UC,1740,-3200,0,1.542969,-5.677734,-0.859375,0.001953,0.000000,-0.003906
17656216,BNO_GYRO_UC,1741,-2900,0,1.871094,-5.851562,-0.679688,0.001953,0.000000,-0.003906
17665621,BNO_GYRO_UC,1742,-2700,0,1.900391,-5.675781,-0.451172,0.001953,0.000000,-0.003906
17676145,BNO_GYRO_UC,1743,-3100,0,1.623047,-5.373047,-0.263672,0.001953,0.000000,-0.003906
17685854,BNO_GYRO_UC,1744,-3100,0,1.011719,-4.875000,-0.226562,0.001953,0.000000,-0.003906
17696348,BNO_GYRO_UC,1745,-3100,0,0.423828,-4.109375,-0.156250,0.001953,0.000000,-0.003906
17705760,BNO_GYRO_UC,1746,-2900,0,0.076172,-3.607422,-0.115234,0.001953,0.000000,-0.003906
17716407,BNO_GYRO_UC,1747,-3100,0,-0.009766,-3.419922,-0.302734,0.001953,0.000000,-0.003906
17725904,BNO_GYRO_UC,1748,-3100,0,-0.001953,-3.750000,-0.601562,0.001953,0.000000,-0.003906
17737089,BNO_GYRO_UC,1749,-3400,0,0.005859,-4.550781,-0.906250,0.001953,0.000000,-0.003906
17745959,BNO_GYRO_UC,1750,-3100,0,0.087891,-5.271484,-1.142578,0.001953,0.000000,-0.003906
17756552,BNO_GYRO_UC,1751,-3100,0,0.306641,-5.644531,-1.058594,0.001953,0.000000,-0.003906
17766042,BNO_GYRO_UC,1752,-3100,0,0.595703,-5.654297,-0.451172,0.001953,0.000000,-0.003906
17777106,BNO_GYRO_UC,1753,-3400,0,0.712891,-5.166016,0.347656,0.001953,0.000000,-0.003906
17786094,BNO_GYRO_UC,1754,-2900,0,0.392578,-3.998047,0.765625,0.001953,0.000000,-0.003906
17796687,BNO_GYRO_UC,1755,-3100,0,0.091797,-2.871094,0.921875,0.001953,0.000000,-0.003906
17806307,BNO_GYRO_UC,1756,-3100,0,-0.023438,-2.308594,0.890625,0.001953,0.000000,-0.003906
17816774,BNO_GYRO_UC,1757,-3100,0,-0.103516,-1.898438,0.615234,0.001953,0.000000,-0.003906
17825785,BNO_GYRO_UC,1758,-2700,0,-0.146484,-1.361328,0.220703,0.001953,0.000000,-0.003906
17836580,BNO_GYRO_UC,1759,-3100,0,-0.232422,-0.611328,-0.041016,0.001953,0.000000,-0.003906
17846258,BNO_GYRO_UC,1760,-2900,0,-0.285156,0.431641,-0.169922,0.001953,0.000000,-0.003906
17857394,BNO_GYRO_UC,1761,-3400,0,-0.431641,1.605469,-0.113281,0.001953,0.000000,-0.003906
17866608,BNO_GYRO_UC,1762,-3200,0,-0.695312,2.763672,0.109375,0.001953,0.000000,-0.003906
17876210,BNO_GYRO_UC,1763,-3100,0,-0.958984,3.908203,0.369141,0.001953,0.000000,-0.003906
17886612,BNO_GYRO_UC,1764,-3100,0,-1.033203,5.117188,0.695312,0.001953,0.000000,-0.003906
17896917,BNO_GYRO_UC,1765,-3100,0,-0.908203,6.148438,0.724609,0.001953,0.000000,-0.003906
17905855,BNO_GYRO_UC,1766,-2500,0,-0.826172,6.832031,0.445312,0.001953,0.000000,-0.003906
17916777,BNO_GYRO_UC,1767,-3100,0,-0.792969,7.105469,0.060547,0.001953,0.000000,-0.003906
17926353,BNO_GYRO_UC,1768,-2900,0,-0.634766,7.167969,-0.246094,0.001953,0.000000,-0.003906
17937522,BNO_GYRO_UC,1769,-3400,0,-0.367188,7.259766,-0.482422,0.001953,0.000000,-0.003906
17947023,BNO_GYRO_UC,1770,-3200,0,-0.128906,7.425781,-0.525391,0.001953,0.000000,-0.003906
17956488,BNO_GYRO_UC,1771,-3100,0,-0.017578,7.449219,-0.437500,0.001953,0.000000,-0.003906
17966811,BNO_GYRO_UC,1772,-3200,0,0.062500,7.251953,-0.410156,0.001953,0.000000,-0.003906
17977028,BNO_GYRO_UC,1773,-2900,0,0.218750,6.718750,-0.423828,0.001953,0.000000,-0.003906
17986084,BNO_GYRO_UC,1774,-2500,0,0.386719,6.220703,-0.298828,0.001953,0.000000,-0.003906
17997088,BNO_GYRO_UC,1775,-3100,0,0.400391,5.853516,-0.109375,0.001953,0.000000,-0.003906
18006659,BNO_GYRO_UC,1776,-3100,0,0.201172,5.253906,-0.039062,0.001953,0.000000,-0.003906
18016972,BNO_GYRO_UC,1777,-2900,0,-0.076172,4.544922,0.027344,0.001953,0.000000,-0.003906
18027022,BNO_GYRO_UC,1778,-3200,0,-0.353516,3.980469,0.074219,0.001953,0.000000,-0.003906
18036555,BNO_GYRO_UC,1779,-2900,0,-0.595703,3.548828,0.015625,0.001953,0.000000,-0.003906
18047082,BNO_GYRO_UC,1780,-3100,0,-0.730469,3.210938,-0.125000,0.001953,0.000000,-0.003906
18057028,BNO_GYRO_UC,1781,-2700,0,-0.642578,2.986328,-0.296875,0.001953,0.000000,-0.003906
18067076,BNO_GYRO_UC,1782,-3200,0,-0.421875,2.843750,-0.392578,0.001953,0.000000,-0.003906
18076669,BNO_GYRO_UC,1783,-2900,0,-0.275391,2.505859,-0.369141,0.001953,0.000000,-0.003906
18087246,BNO_GYRO_UC,1784,-3100,0,-0.238281,2.142578,-0.279297,0.001953,0.000000,-0.003906
18097141,BNO_GYRO_UC,1785,-2700,0,-0.214844,1.941406,-0.158203,0.001953,0.000000,-0.003906
18107350,BNO_GYRO_UC,1786,-3200,0,-0.214844,1.898438,-0.011719,0.001953,0.000000,-0.003906
18116831,BNO_GYRO_UC,1787,-2900,0,-0.277344,1.966797,0.066406,0.001953,0.000000,-0.003906
18127332,BNO_GYRO_UC,1788,-3100,0,-0.343750,2.232422,0.050781,0.001953,0.000000,-0.003906
18137225,BNO_GYRO_UC,1789,-2500,0,-0.345703,2.593750,0.050781,0.001953,0.000000,-0.003906
18147377,BNO_GYRO_UC,1790,-3200,0,-0.369141,2.798828,0.080078,0.001953,0.000000,-0.003906
18156919,BNO_GYRO_UC,1791,-2900,0,-0.412109,2.777344,0.123047,0.001953,0.000000,-0.003906
18167441,BNO_GYRO_UC,1792,-3100,0,-0.460938,2.632812,0.103516,0.001953,0.000000,-0.003906
18177834,BNO_GYRO_UC,1793,-2900,0,-0.500000,2.367188,0.011719,0.001953,0.000000,-0.003906
18187372,BNO_GYRO_UC,1794,-3400,0,-0.361328,2.082031,-0.035156,0.001953,0.000000,-0.003906
18196961,BNO_GYRO_UC,1795,-3100,0,-0.150391,1.937500,-0.123047,0.001953,0.000000,-0.003906
18207577,BNO_GYRO_UC,1796,-3200,0,-0.158203,1.878906,-0.240234,0.001953,0.000000,-0.003906
18217840,BNO_GYRO_UC,1797,-3100,0,-0.347656,1.816406,-0.248047,0.001953,0.000000,-0.003906
18227716,BNO_GYRO_UC,1798,-3100,0,-0.494141,1.859375,-0.087891,0.001953,0.000000,-0.003906
18237066,BNO_GYRO_UC,1799,-2900,0,-0.556641,2.107422,0.113281,0.001953,0.000000,-0.003906
18247727,BNO_GYRO_UC,1800,-3100,0,-0.625000,2.386719,0.279297,0.001953,0.000000,-0.003906
18257940,BNO_GYRO_UC,1801,-2900,0,-0.705078,2.582031,0.457031,0.001953,0.000000,-0.003906
18267967,BNO_GYRO_UC,1802,-3200,0,-0.705078,2.542969,0.492188,0.001953,0.000000,-0.003906
18277254,BNO_GYRO_UC,1803,-2700,0,-0.564453,2.425781,0.458984,0.001953,0.000000,-0.003906
18287932,BNO_GYRO_UC,1804,-3200,0,-0.480469,2.310547,0.347656,0.001953,0.000000,-0.003906
18298195,BNO_GYRO_UC,1805,-3100,0,-0.458984,2.208984,0.214844,0.001953,0.000000,-0.003906
18307721,BNO_GYRO_UC,1806,-3200,0,-0.322266,2.066406,0.093750,0.001953,0.000000,-0.003906
18317315,BNO_GYRO_UC,1807,-3100,0,-0.255859,1.826172,-0.113281,0.001953,0.000000,-0.003906
18327983,BNO_GYRO_UC,1808,-3100,0,-0.275391,1.640625,-0.230469,0.001953,0.000000,-0.003906
18338353,BNO_GYRO_UC,1809,-3100,0,-0.400391,1.601562,-0.218750,0.001953,0.000000,-0.003906
18347826,BNO_GYRO_UC,1810,-3100,0,-0.517578,1.716797,-0.085938,0.001953,0.000000,-0.003906
18357196,BNO_GYRO_UC,1811,-2900,0,-0.585938,1.857422,0.074219,0.001953,0.000000,-0.003906
18367964,BNO_GYRO_UC,1812,-2900,0,-0.585938,2.093750,0.224609,0.001953,0.000000,-0.003906
18378478,BNO_GYRO_UC,1813,-3200,0,-0.464844,2.230469,0.345703,0.001953,0.000000,-0.003906
18387897,BNO_GYRO_UC,1814,-3100,0,-0.228516,2.105469,0.328125,0.001953,0.000000,-0.003906
18397481,BNO_GYRO_UC,1815,-2900,0,0.007812,1.937500,0.287109,0.001953,0.000000,-0.003906
18408271,BNO_GYRO_UC,1816,-3100,0,0.244141,1.730469,0.292969,0.001953,0.000000,-0.003906
18418684,BNO_GYRO_UC,1817,-3100,0,0.423828,1.333984,0.275391,0.001953,0.000000,-0.003906
18427976,BNO_GYRO_UC,1818,-3100,0,0.615234,0.951172,0.310547,0.001953,0.000000,-0.003906
18437500,BNO_GYRO_UC,1819,-2900,0,0.470703,0.685547,0.148438,0.001953,0.000000,-0.003906
18448288,BNO_GYRO_UC,1820,-3100,0,0.187500,0.732422,-0.158203,0.001953,0.000000,-0.003906
18458626,BNO_GYRO_UC,1821,-2900,0,0.054688,1.146484,-0.328125,0.001953,0.000000,-0.003906
18468077,BNO_GYRO_UC,1822,-2900,0,0.037109,1.724609,-0.294922,0.001953,0.000000,-0.003906
18477280,BNO_GYRO_UC,1823,-2700,0,-0.052734,2.218750,-0.121094,0.001953,0.000000,-0.003906
18487892,BNO_GYRO_UC,1824,-3100,0,-0.197266,2.544922,0.207031,0.001953,0.000000,-0.003906
18498056,BNO_GYRO_UC,1825,-3200,0,-0.421875,2.664062,0.408203,0.001953,0.000000,-0.003906
18508339,BNO_GYRO_UC,1826,-3200,0,-0.650391,2.724609,0.457031,0.001953,0.000000,-0.003906
18517668,BNO_GYRO_UC,1827,-3100,0,-0.837891,2.828125,0.367188,0.001953,0.000000,-0.003906
18528435,BNO_GYRO_UC,1828,-3200,0,-0.957031,2.900391,0.218750,0.001953,0.000000,-0.003906
18538746,BNO_GYRO_UC,1829,-3100,0,-0.980469,2.964844,0.041016,0.001953,0.000000,-0.003906
18548187,BNO_GYRO_UC,1830,-2700,0,-0.939453,3.101562,-0.087891,0.001953,0.000000,-0.003906
18557768,BNO_GYRO_UC,1831,-2900,0,-0.910156,3.265625,-0.001953,0.001953,0.000000,-0.003906
18568445,BNO_GYRO_UC,1832,-3100,0,-0.972656,3.322266,0.257812,0.001953,0.000000,-0.003906
18578902,BNO_GYRO_UC,1833,-3100,0,-1.068359,3.261719,0.468750,0.001953,0.000000,-0.003906
18588341,BNO_GYRO_UC,1834,-2500,0,-1.072266,3.228516,0.656250,0.001953,0.000000,-0.003906
18597591,BNO_GYRO_UC,1835,-2900,0,-0.855469,3.050781,0.769531,0.001953,0.000000,-0.003906
18608258,BNO_GYRO_UC,1836,-3100,0,-0.462891,2.595703,0.742188,0.001953,0.000000,-0.003906
18618014,BNO_GYRO_UC,1837,-3100,0,-0.029297,1.933594,0.603516,0.001953,0.000000,-0.003906
18629016,BNO_GYRO_UC,1838,-3400,0,0.373047,1.144531,0.408203,0.001953,0.000000,-0.003906
18638031,BNO_GYRO_UC,1839,-3100,0,0.832031,0.199219,0.210938,0.001953,0.000000,-0.003906
18648707,BNO_GYRO_UC,1840,-3100,0,1.273438,-0.853516,0.099609,0.001953,0.000000,-0.003906
18659082,BNO_GYRO_UC,1841,-3100,0,1.482422,-2.154297,-0.126953,0.001953,0.000000,-0.003906
18668560,BNO_GYRO_UC,1842,-2500,0,1.501953,-3.541016,-0.513672,0.001953,0.000000,-0.003906
18677950,BNO_GYRO_UC,1843,-2900,0,1.253906,-4.626953,-1.044922,0.001953,0.000000,-0.003906
18688532,BNO_GYRO_UC,1844,-3100,0,1.126953,-5.113281,-1.593750,0.001953,0.000000,-0.003906
18698153,BNO_GYRO_UC,1845,-2900,0,1.294922,-5.130859,-1.958984,0.001953,0.000000,-0.003906
18708484,BNO_GYRO_UC,1846,-3100,0,1.689453,-4.900391,-2.111328,0.001953,0.000000,-0.003906
18717952,BNO_GYRO_UC,1847,-2700,0,1.798828,-4.857422,-2.029297,0.001953,0.000000,-0.003906
18728526,BNO_GYRO_UC,1848,-3100,0,1.568359,-5.453125,-1.734375,0.001953,0.000000,-0.003906
18738298,BNO_GYRO_UC,1849,-2900,0,1.296875,-6.011719,-1.287109,0.001953,0.000000,-0.003906
18748613,BNO_GYRO_UC,1850,-3100,0,1.203125,-6.271484,-0.794922,0.001953,0.000000,-0.003906
18758091,BNO_GYRO_UC,1851,-2700,0,1.443359,-6.431641,-0.578125,0.001953,0.000000,-0.003906
18768726,BNO_GYRO_UC,1852,-3100,0,1.728516,-6.732422,-0.548828,0.001953,0.000000,-0.003906
18778240,BNO_GYRO_UC,1853,-2900,0,1.914062,-7.015625,-0.511719,0.001953,0.000000,-0.003906
18789366,BNO_GYRO_UC,1854,-3400,0,1.744141,-7.035156,-0.458984,0.001953,0.000000,-0.003906
18798737,BNO_GYRO_UC,1855,-3400,0,1.093750,-6.449219,-0.509766,0.001953,0.000000,-0.003906
18808415,BNO_GYRO_UC,1856,-3100,0,0.320312,-5.087891,-0.607422,0.001953,0.000000,-0.003906
18818403,BNO_GYRO_UC,1857,-2900,0,-0.105469,-3.595703,-0.583984,0.001953,0.000000,-0.003906
18829417,BNO_GYRO_UC,1858,-3400,0,-0.244141,-2.507812,-0.654297,0.001953,0.000000,-0.003906
18838786,BNO_GYRO_UC,1859,-3200,0,-0.210938,-1.789062,-0.695312,0.001953,0.000000,-0.003906
18848509,BNO_GYRO_UC,1860,-3100,0,-0.162109,-1.146484,-0.453125,0.001953,0.000000,-0.003906
18858493,BNO_GYRO_UC,1861,-2900,0,-0.251953,-0.558594,-0.089844,0.001953,0.000000,-0.003906
18869558,BNO_GYRO_UC,1862,-3400,0,-0.322266,-0.048828,0.242188,0.001953,0.000000,-0.003906
18879187,BNO_GYRO_UC,1863,-3400,0,-0.361328,0.609375,0.484375,0.001953,0.000000,-0.003906
18888441,BNO_GYRO_UC,1864,-2900,0,-0.230469,1.388672,0.613281,0.001953,0.000000,-0.003906
18898856,BNO_GYRO_UC,1865,-3100,0,-0.093750,2.134766,0.812500,0.001953,0.000000,-0.003906
18909052,BNO_GYRO_UC,1866,-2900,0,-0.365234,3.312500,1.216797,0.001953,0.000000,-0.003906
18919071,BNO_GYRO_UC,1867,-3200,0,-0.867188,4.695312,1.490234,0.001953,0.000000,-0.003906
18928639,BNO_GYRO_UC,1868,-2900,0,-1.347656,5.650391,1.457031,0.001953,0.000000,-0.003906
18938781,BNO_GYRO_UC,1869,-3100,0,-1.568359,6.242188,1.291016,0.001953,0.000000,-0.003906
18949130,BNO_GYRO_UC,1870,-2900,0,-1.496094,6.433594,0.744141,0.001953,0.000000,-0.003906
18959364,BNO_GYRO_UC,1871,-3200,0,-1.375000,6.427734,0.076172,0.001953,0.000000,-0.003906
18968640,BNO_GYRO_UC,1872,-2900,0,-1.363281,6.228516,-0.222656,0.001953,0.000000,-0.003906
18979159,BNO_GYRO_UC,1873,-3100,0,-1.279297,5.904297,-0.121094,0.001953,0.000000,-0.003906
18989176,BNO_GYRO_UC,1874,-2500,0,-1.130859,5.625000,0.175781,0.001953,0.000000,-0.003906
18999407,BNO_GYRO_UC,1875,-3200,0,-0.970703,5.488281,0.632812,0.001953,0.000000,-0.003906
19008798,BNO_GYRO_UC,1876,-3100,0,-0.796875,5.388672,0.980469,0.001953,0.000000,-0.003906
19019199,BNO_GYRO_UC,1877,-3100,0,-0.582031,5.195312,1.078125,0.001953,0.000000,-0.003906
19029353,BNO_GYRO_UC,1878,-2700,0,-0.376953,5.054688,0.910156,0.001953,0.000000,-0.003906
19039576,BNO_GYRO_UC,1879,-3200,0,-0.134766,5.306641,0.787109,0.001953,0.000000,-0.003906
19049022,BNO_GYRO_UC,1880,-3100,0,-0.001953,5.550781,0.757812,0.001953,0.000000,-0.003906
19059276,BNO_GYRO_UC,1881,-2900,0,0.017578,5.482422,0.751953,0.001953,0.000000,-0.003906
19069360,BNO_GYRO_UC,1882,-2700,0,-0.039062,5.281250,0.701172,0.001953,0.000000,-0.003906
19079648,BNO_GYRO_UC,1883,-3400,0,-0.082031,5.080078,0.531250,0.001953,0.000000,-0.003906
19089068,BNO_GYRO_UC,1884,-3100,0,-0.099609,4.960938,0.326172,0.001953,0.000000,-0.003906
19099522,BNO_GYRO_UC,1885,-3100,0,-0.070312,4.857422,0.158203,0.001953,0.000000,-0.003906
19109612,BNO_GYRO_UC,1886,-2500,0,0.017578,4.691406,0.164062,0.001953,0.000000,-0.003906
19119887,BNO_GYRO_UC,1887,-3200,0,0.056641,4.511719,0.316406,0.001953,0.000000,-0.003906
19129085,BNO_GYRO_UC,1888,-3100,0,0.041016,4.417969,0.494141,0.001953,0.000000,-0.003906
19139656,BNO_GYRO_UC,1889,-2900,0,-0.078125,4.341797,0.496094,0.001953,0.000000,-0.003906
19149861,BNO_GYRO_UC,1890,-2900,0,-0.222656,4.226562,0.410156,0.001953,0.000000,-0.003906
19160126,BNO_GYRO_UC,1891,-3200,0,-0.314453,4.179688,0.332031,0.001953,0.000000,-0.003906
19169344,BNO_GYRO_UC,1892,-3100,0,-0.335938,4.216797,0.386719,0.001953,0.000000,-0.003906
19180007,BNO_GYRO_UC,1893,-3200,0,-0.347656,4.136719,0.503906,0.001953,0.000000,-0.003906
19189796,BNO_GYRO_UC,1894,-2300,0,-0.341797,3.785156,0.464844,0.001953,0.000000,-0.003906
19200031,BNO_GYRO_UC,1895,-3200,0,-0.164062,3.265625,0.384766,0.001953,0.000000,-0.003906
19209235,BNO_GYRO_UC,1896,-2900,0,0.345703,2.642578,0.250000,0.001953,0.000000,-0.003906
19219901,BNO_GYRO_UC,1897,-3100,0,0.750000,1.867188,0.144531,0.001953,0.000000,-0.003906
19230220,BNO_GYRO_UC,1898,-3100,0,0.847656,0.869141,0.187500,0.001953,0.000000,-0.003906
19240246,BNO_GYRO_UC,1899,-3200,0,0.828125,-0.310547,0.300781,0.001953,0.000000,-0.003906
19249729,BNO_GYRO_UC,1900,-2900,0,0.759766,-1.365234,0.259766,0.001953,0.000000,-0.003906
19259235,BNO_GYRO_UC,1901,-2900,0,0.623047,-2.171875,0.115234,0.001953,0.000000,-0.003906
19270466,BNO_GYRO_UC,1902,-3600,0,0.544922,-2.751953,-0.025391,0.001953,0.000000,-0.003906
19279740,BNO_GYRO_UC,1903,-3100,0,0.496094,-3.251953,-0.115234,0.001953,0.000000,-0.003906
19289423,BNO_GYRO_UC,1904,-2900,0,0.408203,-3.728516,-0.060547,0.001953,0.000000,-0.003906
19300042,BNO_GYRO_UC,1905,-3100,0,0.242188,-4.250000,0.130859,0.001953,0.000000,-0.003906
19310594,BNO_GYRO_UC,1906,-3100,0,0.121094,-4.812500,0.345703,0.001953,0.000000,-0.003906
19319838,BNO_GYRO_UC,1907,-2900,0,0.160156,-5.408203,0.511719,0.001953,0.000000,-0.003906
19329524,BNO_GYRO_UC,1908,-2900,0,0.193359,-6.097656,0.457031,0.001953,0.000000,-0.003906
19340029,BNO_GYRO_UC,1909,-3100,0,-0.134766,-6.910156,0.138672,0.001953,0.000000,-0.003906
19350380,BNO_GYRO_UC,1910,-2900,0,-0.511719,-7.636719,-0.113281,0.001953,0.000000,-0.003906
19360524,BNO_GYRO_UC,1911,-3400,0,-0.613281,-8.111328,-0.460938,0.001953,0.000000,-0.003906
19370099,BNO_GYRO_UC,1912,-2900,0,-0.425781,-8.193359,-0.910156,0.001953,0.000000,-0.003906
19379705,BNO_GYRO_UC,1913,-2900,0,-0.199219,-8.302734,-1.060547,0.001953,0.000000,-0.003906
19389983,BNO_GYRO_UC,1914,-3400,0,-0.058594,-8.164062,-0.736328,0.001953,0.000000,-0.003906
19400256,BNO_GYRO_UC,1915,-3200,0,-0.003906,-7.625000,-0.107422,0.001953,0.000000,-0.003906
19409797,BNO_GYRO_UC,1916,-3100,0,0.109375,-7.203125,0.482422,0.001953,0.000000,-0.003906
19420441,BNO_GYRO_UC,1917,-3100,0,0.103516,-7.246094,0.880859,0.001953,0.000000,-0.003906
19430864,BNO_GYRO_UC,1918,-3100,0,0.164062,-7.640625,1.148438,0.001953,0.000000,-0.003906
19440394,BNO_GYRO_UC,1919,-2900,0,0.310547,-8.318359,1.269531,0.001953,0.000000,-0.003906
19449731,BNO_GYRO_UC,1920,-2900,0,0.333984,-9.123047,1.085938,0.001953,0.000000,-0.003906
19460572,BNO_GYRO_UC,1921,-3100,0,-0.158203,-9.693359,0.503906,0.001953,0.000000,-0.003906
19470979,BNO_GYRO_UC,1922,-3200,0,-0.974609,-9.818359,-0.283203,0.001953,0.000000,-0.003906
19480245,BNO_GYRO_UC,1923,-2700,0,-1.437500,-9.517578,-0.783203,0.001953,0.000000,-0.003906
19489838,BNO_GYRO_UC,1924,-3100,0,-1.205078,-9.048828,-0.921875,0.001953,0.000000,-0.003906
19500460,BNO_GYRO_UC,1925,-3100,0,-0.835938,-8.990234,-0.886719,0.001953,0.000000,-0.003906
19511010,BNO_GYRO_UC,1926,-3200,0,-0.589844,-9.207031,-0.677734,0.001953,0.000000,-0.003906
19520307,BNO_GYRO_UC,1927,-2500,0,-0.226562,-9.265625,-0.429688,0.001953,0.000000,-0.003906
19529964,BNO_GYRO_UC,1928,-3100,0,0.384766,-9.009766,-0.537109,0.001953,0.000000,-0.003906
19540688,BNO_GYRO_UC,1929,-3100,0,1.109375,-8.845703,-0.806641,0.001953,0.000000,-0.003906
19551027,BNO_GYRO_UC,1930,-3100,0,1.695312,-8.695312,-1.017578,0.001953,0.000000,-0.003906
19560502,BNO_GYRO_UC,1931,-2700,0,1.994141,-8.580078,-0.958984,0.001953,0.000000,-0.003906
19570031,BNO_GYRO_UC,1932,-2900,0,2.031250,-8.658203,-0.662109,0.001953,0.000000,-0.003906
19580643,BNO_GYRO_UC,1933,-3100,0,1.544922,-8.634766,-0.509766,0.001953,0.000000,-0.003906
19590134,BNO_GYRO_UC,1934,-2900,0,0.935547,-8.111328,-0.345703,0.001953,0.000000,-0.003906
19601181,BNO_GYRO_UC,1935,-3400,0,0.478516,-7.212891,-0.158203,0.001953,0.000000,-0.003906
19610242,BNO_GYRO_UC,1936,-3200,0,0.404297,-6.179688,-0.062500,0.001953,0.000000,-0.003906
19620162,BNO_GYRO_UC,1937,-3100,0,0.498047,-5.378906,-0.263672,0.001953,0.000000,-0.003906
19631490,BNO_GYRO_UC,1938,-3600,0,0.484375,-4.871094,-0.505859,0.001953,0.000000,-0.003906
19640814,BNO_GYRO_UC,1939,-2500,0,0.626953,-4.447266,-0.697266,0.001953,0.000000,-0.003906
19650221,BNO_GYRO_UC,1940,-2900,0,1.050781,-3.861328,-0.730469,0.001953,0.000000,-0.003906
19660916,BNO_GYRO_UC,1941,-3100,0,1.486328,-3.216797,-0.580078,0.001953,0.000000,-0.003906
19670473,BNO_GYRO_UC,1942,-3100,0,1.625000,-2.681641,-0.291016,0.001953,0.000000,-0.003906
19680823,BNO_GYRO_UC,1943,-3100,0,1.228516,-2.197266,0.091797,0.001953,0.000000,-0.003906
19690317,BNO_GYRO_UC,1944,-2900,0,0.615234,-1.603516,0.300781,0.001953,0.000000,-0.003906
19700919,BNO_GYRO_UC,1945,-3100,0,0.167969,-0.990234,0.341797,0.001953,0.000000,-0.003906
19710607,BNO_GYRO_UC,1946,-2900,0,-0.126953,-0.423828,0.234375,0.001953,0.000000,-0.003906
19720916,BNO_GYRO_UC,1947,-2900,0,-0.398438,0.148438,0.083984,0.001953,0.000000,-0.003906
19730037,BNO_GYRO_UC,1948,-2500,0,-0.638672,1.062500,-0.005859,0.001953,0.000000,-0.003906
19740694,BNO_GYRO_UC,1949,-3100,0,-0.792969,2.183594,-0.031250,0.001953,0.000000,-0.003906
19750430,BNO_GYRO_UC,1950,-2900,0,-0.914062,3.228516,-0.041016,0.001953,0.000000,-0.003906
19761595,BNO_GYRO_UC,1951,-3400,0,-0.980469,4.105469,-0.025391,0.001953,0.000000,-0.003906
19771008,BNO_GYRO_UC,1952,-3200,0,-0.933594,4.781250,-0.003906,0.001953,0.000000,-0.003906
19780594,BNO_GYRO_UC,1953,-2900,0,-0.666016,5.357422,0.199219,0.001953,0.000000,-0.003906
19790566,BNO_GYRO_UC,1954,-3100,0,-0.443359,6.011719,0.175781,0.001953,0.000000,-0.003906
19801706,BNO_GYRO_UC,1955,-3400,0,-0.468750,6.578125,0.099609,0.001953,0.000000,-0.003906
19811012,BNO_GYRO_UC,1956,-3200,0,-0.613281,7.197266,0.001953,0.001953,0.000000,-0.003906
19820737,BNO_GYRO_UC,1957,-3100,0,-0.837891,7.683594,-0.195312,0.001953,0.000000,-0.003906
19830818,BNO_GYRO_UC,1958,-3100,0,-1.037109,7.910156,-0.380859,0.001953,0.000000,-0.003906
19841025,BNO_GYRO_UC,1959,-3100,0,-1.224609,7.902344,-0.416016,0.001953,0.000000,-0.003906
19850994,BNO_GYRO_UC,1960,-3200,0,-1.332031,7.837891,-0.285156,0.001953,0.000000,-0.003906
19860789,BNO_GYRO_UC,1961,-3100,0,-1.083984,7.671875,0.000000,0.001953,0.000000,-0.003906
19871092,BNO_GYRO_UC,1962,-3100,0,-0.791016,7.558594,0.244141,0.001953,0.000000,-0.003906
19881069,BNO_GYRO_UC,1963,-2700,0,-0.748047,8.005859,0.460938,0.001953,0.000000,-0.003906
19891318,BNO_GYRO_UC,1964,-3400,0,-0.822266,8.609375,0.562500,0.001953,0.000000,-0.003906
19900873,BNO_GYRO_UC,1965,-3100,0,-0.755859,8.576172,0.619141,0.001953,0.000000,-0.003906
19911181,BNO_GYRO_UC,1966,-3100,0,-0.751953,8.390625,0.707031,0.001953,0.000000,-0.003906
19921239,BNO_GYRO_UC,1967,-2900,0,-1.031250,8.455078,0.787109,0.001953,0.000000,-0.003906
19931484,BNO_GYRO_UC,1968,-3200,0,-1.394531,8.466797,0.853516,0.001953,0.000000,-0.003906
19940840,BNO_GYRO_UC,1969,-3100,0,-1.662109,8.404297,0.945312,0.001953,0.000000,-0.003906
19951435,BNO_GYRO_UC,1970,-3100,0,-1.910156,8.521484,1.093750,0.001953,0.000000,-0.003906
19961342,BNO_GYRO_UC,1971,-2500,0,-2.144531,8.833984,1.228516,0.001953,0.000000,-0.003906
19971623,BNO_GYRO_UC,1972,-3400,0,-2.285156,9.169922,1.244141,0.001953,0.000000,-0.003906
19981027,BNO_GYRO_UC,1973,-2900,0,-2.367188,9.177734,1.349609,0.001953,0.000000,-0.003906
19991636,BNO_GYRO_UC,1974,-3100,0,-2.263672,8.949219,1.500000,0.001953,0.000000,-0.003906
20001609,BNO_GYRO_UC,1975,-2700,0,-1.935547,8.710938,1.548828,0.001953,0.000000,-0.003906
20011892,BNO_GYRO_UC,1976,-3200,0,-1.736328,8.322266,1.775391,0.001953,0.000000,-0.003906
20021102,BNO_GYRO_UC,1977,-3100,0,-1.488281,7.601562,2.173828,0.001953,0.000000,-0.003906
20031695,BNO_GYRO_UC,1978,-3200,0,-0.826172,6.781250,2.343750,0.001953,0.000000,-0.003906
20041626,BNO_GYRO_UC,1979,-2700,0,0.121094,6.208984,1.921875,0.001953,0.000000,-0.003906
20051783,BNO_GYRO_UC,1980,-3200,0,1.187500,6.144531,1.261719,0.001953,0.000000,-0.003906
20061143,BNO_GYRO_UC,1981,-2900,0,1.951172,6.216797,0.839844,0.001953,0.000000,-0.003906
20071772,BNO_GYRO_UC,1982,-3100,0,2.218750,6.257812,0.787109,0.001953,0.000000,-0.003906
20082039,BNO_GYRO_UC,1983,-2900,0,2.117188,6.005859,0.962891,0.001953,0.000000,-0.003906
20091852,BNO_GYRO_UC,1984,-3600,0,1.937500,5.550781,1.017578,0.001953,0.000000,-0.003906
20101276,BNO_GYRO_UC,1985,-2900,0,1.824219,5.402344,0.839844,0.001953,0.000000,-0.003906
20111868,BNO_GYRO_UC,1986,-3100,0,1.777344,5.601562,0.492188,0.001953,0.000000,-0.003906
20122297,BNO_GYRO_UC,1987,-3100,0,1.716797,5.619141,0.232422,0.001953,0.000000,-0.003906
20132438,BNO_GYRO_UC,1988,-3200,0,1.410156,5.349609,0.113281,0.001953,0.000000,-0.003906
20141313,BNO_GYRO_UC,1989,-2900,0,0.914062,4.732422,0.052734,0.001953,0.000000,-0.003906
20151970,BNO_GYRO_UC,1990,-3100,0,0.355469,3.894531,-0.009766,0.001953,0.000000,-0.003906
20162170,BNO_GYRO_UC,1991,-2900,0,0.033203,3.115234,-0.076172,0.001953,0.000000,-0.003906
20172357,BNO_GYRO_UC,1992,-3200,0,-0.019531,2.550781,-0.248047,0.001953,0.000000,-0.003906
20181372,BNO_GYRO_UC,1993,-2900,0,0.003906,2.246094,-0.371094,0.001953,0.000000,-0.003906
20192053,BNO_GYRO_UC,1994,-3100,0,0.017578,2.162109,-0.251953,0.001953,0.000000,-0.003906
20202451,BNO_GYRO_UC,1995,-3100,0,0.091797,1.896484,0.039062,0.001953,0.000000,-0.003906
20211942,BNO_GYRO_UC,1996,-2900,0,0.183594,1.367188,0.386719,0.001953,0.000000,-0.003906
20221432,BNO_GYRO_UC,1997,-2900,0,0.210938,0.732422,0.611328,0.001953,0.000000,-0.003906
20232093,BNO_GYRO_UC,1998,-3100,0,0.212891,0.068359,0.705078,0.001953,0.000000,-0.003906
20242451,BNO_GYRO_UC,1999,-3100,0,0.208984,-0.589844,0.673828,0.001953,0.000000,-0.003906
20252644,BNO_GYRO_UC,2000,-3200,0,0.183594,-1.205078,0.533203,0.001953,0.000000,-0.003906
20261595,BNO_GYRO_UC,2001,-3100,0,0.101562,-1.810547,0.296875,0.001953,0.000000,-0.003906
20272348,BNO_GYRO_UC,2002,-3100,0,0.039062,-2.400391,0.009766,0.001953,0.000000,-0.003906
20282624,BNO_GYRO_UC,2003,-3100,0,0.023438,-3.005859,-0.283203,0.001953,0.000000,-0.003906
20292166,BNO_GYRO_UC,2004,-2900,0,-0.003906,-3.712891,-0.500000,0.001953,0.000000,-0.003906
20301718,BNO_GYRO_UC,2005,-2900,0,-0.121094,-4.484375,-0.605469,0.001953,0.000000,-0.003906
20312247,BNO_GYRO_UC,2006,-3100,0,-0.279297,-5.259766,-0.630859,0.001953,0.000000,-0.003906
20322615,BNO_GYRO_UC,2007,-3100,0,-0.316406,-5.830078,-0.601562,0.001953,0.000000,-0.003906
20332912,BNO_GYRO_UC,2008,-3200,0,-0.167969,-6.240234,-0.591797,0.001953,0.000000,-0.003906
20342004,BNO_GYRO_UC,2009,-3100,0,0.068359,-6.597656,-0.613281,0.001953,0.000000,-0.003906
20351871,BNO_GYRO_UC,2010,-2900,0,0.248047,-7.060547,-0.519531,0.001953,0.000000,-0.003906
20363099,BNO_GYRO_UC,2011,-3600,0,0.322266,-7.660156,-0.419922,0.001953,0.000000,-0.003906
20372558,BNO_GYRO_UC,2012,-3100,0,0.361328,-8.115234,-0.726562,0.001953,0.000000,-0.003906
20382168,BNO_GYRO_UC,2013,-3100,0,0.464844,-8.025391,-1.076172,0.001953,0.000000,-0.003906
20391883,BNO_GYRO_UC,2014,-3100,0,0.435547,-7.529297,-1.201172,0.001953,0.000000,-0.003906
20403293,BNO_GYRO_UC,2015,-3600,0,0.677734,-6.814453,-1.041016,0.001953,0.000000,-0.003906
20412603,BNO_GYRO_UC,2016,-2900,0,0.982422,-6.361328,-0.828125,0.001953,0.000000,-0.003906
20421754,BNO_GYRO_UC,2017,-2900,0,0.925781,-6.365234,-0.554688,0.001953,0.000000,-0.003906
20432471,BNO_GYRO_UC,2018,-3100,0,0.410156,-7.027344,0.013672,0.001953,0.000000,-0.003906
20442102,BNO_GYRO_UC,2019,-3100,0,-0.318359,-7.751953,0.443359,0.001953,0.000000,-0.003906
20453050,BNO_GYRO_UC,2020,-3400,0,-0.947266,-8.259766,0.765625,0.001953,0.000000,-0.003906
20462180,BNO_GYRO_UC,2021,-3100,0,-1.261719,-8.486328,0.978516,0.001953,0.000000,-0.003906
20472677,BNO_GYRO_UC,2022,-3200,0,-1.367188,-8.421875,0.765625,0.001953,0.000000,-0.003906
20483350,BNO_GYRO_UC,2023,-3200,0,-1.507812,-8.107422,0.287109,0.001953,0.000000,-0.003906
20492839,BNO_GYRO_UC,2024,-2700,0,-1.673828,-7.712891,-0.179688,0.001953,0.000000,-0.003906
20501819,BNO_GYRO_UC,2025,-2500,0,-1.511719,-7.230469,-0.449219,0.001953,0.000000,-0.003906
20512459,BNO_GYRO_UC,2026,-3100,0,-0.923828,-6.578125,-0.576172,0.001953,0.000000,-0.003906
20522232,BNO_GYRO_UC,2027,-2900,0,-0.128906,-5.843750,-0.783203,0.001953,0.000000,-0.003906
20533356,BNO_GYRO_UC,2028,-3400,0,0.591797,-5.425781,-0.943359,0.001953,0.000000,-0.003906
20542185,BNO_GYRO_UC,2029,-2900,0,1.087891,-5.365234,-0.978516,0.001953,0.000000,-0.003906
20552795,BNO_GYRO_UC,2030,-3100,0,1.542969,-5.453125,-0.720703,0.001953,0.000000,-0.003906
20562329,BNO_GYRO_UC,2031,-3100,0,1.912109,-5.582031,-0.328125,0.001953,0.000000,-0.003906
20573494,BNO_GYRO_UC,2032,-3400,0,1.931641,-5.642578,0.080078,0.001953,0.000000,-0.003906
20582391,BNO_GYRO_UC,2033,-2900,0,1.445312,-5.818359,0.259766,0.001953,0.000000,-0.003906
20593180,BNO_GYRO_UC,2034,-3100,0,0.863281,-6.021484,0.056641,0.001953,0.000000,-0.003906
20602238,BNO_GYRO_UC,2035,-2900,0,0.763672,-6.160156,-0.318359,0.001953,0.000000,-0.003906
20613447,BNO_GYRO_UC,2036,-3400,0,0.779297,-6.097656,-0.546875,0.001953,0.000000,-0.003906
20622915,BNO_GYRO_UC,2037,-3400,0,0.625000,-6.031250,-0.808594,0.001953,0.000000,-0.003906
20632420,BNO_GYRO_UC,2038,-2900,0,0.839844,-5.894531,-1.142578,0.001953,0.000000,-0.003906
20642541,BNO_GYRO_UC,2039,-2900,0,1.183594,-5.734375,-1.335938,0.001953,0.000000,-0.003906
20653652,BNO_GYRO_UC,2040,-3400,0,1.378906,-5.443359,-1.353516,0.001953,0.000000,-0.003906
20662934,BNO_GYRO_UC,2041,-3200,0,1.404297,-5.335938,-1.101562,0.001953,0.000000,-0.003906
20672474,BNO_GYRO_UC,2042,-2900,0,1.304688,-5.335938,-0.585938,0.001953,0.000000,-0.003906
20682656,BNO_GYRO_UC,2043,-3100,0,1.244141,-5.218750,0.076172,0.001953,0.000000,-0.003906
20692952,BNO_GYRO_UC,2044,-2900,0,1.091797,-5.134766,0.468750,0.001953,0.000000,-0.003906
20703121,BNO_GYRO_UC,2045,-3200,0,0.892578,-4.980469,0.488281,0.001953,0.000000,-0.003906
20712646,BNO_GYRO_UC,2046,-3100,0,0.777344,-4.740234,0.173828,0.001953,0.000000,-0.003906
20722870,BNO_GYRO_UC,2047,-3100,0,0.886719,-4.367188,-0.103516,0.001953,0.000000,-0.003906
20733041,BNO_GYRO_UC,2048,-2900,0,0.951172,-3.927734,-0.335938,0.001953,0.000000,-0.003906
20742485,BNO_GYRO_UC,2049,-2700,0,0.916016,-3.427734,-0.576172,0.001953,0.000000,-0.003906
20753351,BNO_GYRO_UC,2050,-3100,0,0.701172,-2.958984,-0.726562,0.001953,0.000000,-0.003906
20763480,BNO_GYRO_UC,2051,-3100,0,0.363281,-2.457031,-0.707031,0.001953,0.000000,-0.003906
20773196,BNO_GYRO_UC,2052,-2300,0,0.162109,-1.919922,-0.472656,0.001953,0.000000,-0.003906
20783376,BNO_GYRO_UC,2053,-3400,0,0.001953,-1.341797,-0.109375,0.001953,0.000000,-0.003906
20792892,BNO_GYRO_UC,2054,-3100,0,-0.171875,-0.736328,0.164062,0.001953,0.000000,-0.003906
20803240,BNO_GYRO_UC,2055,-3100,0,-0.373047,-0.103516,0.310547,0.001953,0.000000,-0.003906
20813212,BNO_GYRO_UC,2056,-2700,0,-0.611328,0.609375,0.390625,0.001953,0.000000,-0.003906
20823457,BNO_GYRO_UC,2057,-3200,0,-0.744141,1.261719,0.402344,0.001953,0.000000,-0.003906
20832917,BNO_GYRO_UC,2058,-3100,0,-0.716797,1.583984,0.347656,0.001953,0.000000,-0.003906
20843077,BNO_GYRO_UC,2059,-3100,0,-0.730469,1.697266,0.128906,0.001953,0.000000,-0.003906
20853475,BNO_GYRO_UC,2060,-2900,0,-0.669922,1.730469,-0.187500,0.001953,0.000000,-0.003906
20863698,BNO_GYRO_UC,2061,-3200,0,-0.537109,1.783203,-0.357422,0.001953,0.000000,-0.003906
20872926,BNO_GYRO_UC,2062,-3100,0,-0.535156,1.960938,-0.341797,0.001953,0.000000,-0.003906
20883498,BNO_GYRO_UC,2063,-3100,0,-0.449219,2.585938,-0.156250,0.001953,0.000000,-0.003906
20893445,BNO_GYRO_UC,2064,-2700,0,-0.363281,3.359375,0.078125,0.001953,0.000000,-0.003906
20903685,BNO_GYRO_UC,2065,-3400,0,-0.439453,3.822266,0.283203,0.001953,0.000000,-0.003906
20913025,BNO_GYRO_UC,2066,-2900,0,-0.671875,4.230469,0.458984,0.001953,0.000000,-0.003906
20923627,BNO_GYRO_UC,2067,-3100,0,-0.904297,4.552734,0.623047,0.001953,0.000000,-0.003906
20933633,BNO_GYRO_UC,2068,-2500,0,-0.994141,4.556641,0.496094,0.001953,0.000000,-0.003906
20943776,BNO_GYRO_UC,2069,-3400,0,-0.886719,4.400391,0.287109,0.001953,0.000000,-0.003906
20953246,BNO_GYRO_UC,2070,-3100,0,-0.650391,4.193359,0.179688,0.001953,0.000000,-0.003906
20963961,BNO_GYRO_UC,2071,-3100,0,-0.417969,4.341797,0.164062,0.001953,0.000000,-0.003906
20974296,BNO_GYRO_UC,2072,-2900,0,-0.423828,4.884766,0.207031,0.001953,0.000000,-0.003906
20983546,BNO_GYRO_UC,2073,-3400,0,-0.503906,5.742188,0.322266,0.001953,0.000000,-0.003906
20993261,BNO_GYRO_UC,2074,-2900,0,-0.503906,6.636719,0.414062,0.001953,0.000000,-0.003906
21003871,BNO_GYRO_UC,2075,-3100,0,-0.474609,7.199219,0.458984,0.001953,0.000000,-0.003906
21014051,BNO_GYRO_UC,2076,-2500,0,-0.380859,7.144531,0.390625,0.001953,0.000000,-0.003906
21024166,BNO_GYRO_UC,2077,-3200,0,-0.181641,6.613281,0.326172,0.001953,0.000000,-0.003906
21033268,BNO_GYRO_UC,2078,-2900,0,0.009766,5.929688,0.257812,0.001953,0.000000,-0.003906
21044061,BNO_GYRO_UC,2079,-3100,0,0.201172,5.449219,0.197266,0.001953,0.000000,-0.003906
21054465,BNO_GYRO_UC,2080,-3100,0,0.382812,5.427734,0.148438,0.001953,0.000000,-0.003906
21063950,BNO_GYRO_UC,2081,-3200,0,0.517578,5.623047,-0.019531,0.001953,0.000000,-0.003906
21073495,BNO_GYRO_UC,2082,-2900,0,0.513672,5.726562,0.033203,0.001953,0.000000,-0.003906
21084026,BNO_GYRO_UC,2083,-3100,0,0.289062,5.568359,-0.210938,0.001953,0.000000,-0.003906
21094333,BNO_GYRO_UC,2084,-2900,0,0.085938,5.523438,-0.273438,0.001953,0.000000,-0.003906
21103895,BNO_GYRO_UC,2085,-3100,0,-0.048828,5.394531,-0.343750,0.001953,0.000000,-0.003906
21113525,BNO_GYRO_UC,2086,-2900,0,-0.373047,5.031250,-0.300781,0.001953,0.000000,-0.003906
21124215,BNO_GYRO_UC,2087,-3100,0,-0.832031,4.607422,-0.162109,0.001953,0.000000,-0.003906
21134563,BNO_GYRO_UC,2088,-2900,0,-1.142578,4.111328,-0.013672,0.001953,0.000000,-0.003906
21144719,BNO_GYRO_UC,2089,-3200,0,-1.152344,3.636719,0.093750,0.001953,0.000000,-0.003906
21153747,BNO_GYRO_UC,2090,-3100,0,-1.146484,3.542969,0.222656,0.001953,0.000000,-0.003906
21164380,BNO_GYRO_UC,2091,-3100,0,-1.216797,3.779297,0.099609,0.001953,0.000000,-0.003906
21174745,BNO_GYRO_UC,2092,-2900,0,-1.164062,4.251953,0.068359,0.001953,0.000000,-0.003906
21184165,BNO_GYRO_UC,2093,-2900,0,-1.062500,4.517578,0.017578,0.001953,0.000000,-0.003906
21193375,BNO_GYRO_UC,2094,-2700,0,-0.933594,4.822266,-0.117188,0.001953,0.000000,-0.003906
21204061,BNO_GYRO_UC,2095,-3100,0,-0.740234,5.093750,-0.181641,0.001953,0.000000,-0.003906
21214488,BNO_GYRO_UC,2096,-2900,0,-0.548828,5.048828,-0.193359,0.001953,0.000000,-0.003906
21224647,BNO_GYRO_UC,2097,-3200,0,-0.484375,4.853516,-0.195312,0.001953,0.000000,-0.003906
21234156,BNO_GYRO_UC,2098,-2900,0,-0.554688,4.757812,-0.214844,0.001953,0.000000,-0.003906
21243892,BNO_GYRO_UC,2099,-3100,0,-0.755859,4.921875,-0.052734,0.001953,0.000000,-0.003906
21255049,BNO_GYRO_UC,2100,-3400,0,-0.923828,4.988281,0.187500,0.001953,0.000000,-0.003906
21264372,BNO_GYRO_UC,2101,-2700,0,-0.992188,4.917969,0.339844,0.001953,0.000000,-0.003906
21274049,BNO_GYRO_UC,2102,-3100,0,-0.964844,5.070312,0.304688,0.001953,0.000000,-0.003906
21284013,BNO_GYRO_UC,2103,-3100,0,-0.906250,5.443359,0.291016,0.001953,0.000000,-0.003906
21294214,BNO_GYRO_UC,2104,-3400,0,-0.873047,5.742188,0.179688,0.001953,0.000000,-0.003906
21304620,BNO_GYRO_UC,2105,-3200,0,-0.812500,5.914062,0.066406,0.001953,0.000000,-0.003906
21314035,BNO_GYRO_UC,2106,-2900,0,-0.660156,5.947266,0.039062,0.001953,0.000000,-0.003906
21324876,BNO_GYRO_UC,2107,-3200,0,-0.513672,5.832031,0.027344,0.001953,0.000000,-0.003906
21335181,BNO_GYRO_UC,2108,-3100,0,-0.417969,5.576172,-0.056641,0.001953,0.000000,-0.003906
21344371,BNO_GYRO_UC,2109,-2500,0,-0.394531,5.214844,-0.070312,0.001953,0.000000,-0.003906
21353853,BNO_GYRO_UC,2110,-2700,0,-0.503906,4.873047,-0.035156,0.001953,0.000000,-0.003906
21364236,BNO_GYRO_UC,2111,-3100,0,-0.636719,4.613281,-0.039062,0.001953,0.000000,-0.003906
21374083,BNO_GYRO_UC,2112,-2900,0,-0.677734,4.507812,0.060547,0.001953,0.000000,-0.003906
21385285,BNO_GYRO_UC,2113,-3400,0,-0.656250,4.625000,0.179688,0.001953,0.000000,-0.003906
21394300,BNO_GYRO_UC,2114,-3100,0,-0.632812,4.832031,0.171875,0.001953,0.000000,-0.003906
21404253,BNO_GYRO_UC,2115,-3100,0,-0.697266,5.017578,0.011719,0.001953,0.000000,-0.003906
21415422,BNO_GYRO_UC,2116,-3600,0,-0.884766,5.152344,-0.085938,0.001953,0.000000,-0.003906
21424784,BNO_GYRO_UC,2117,-2500,0,-1.171875,5.166016,-0.078125,0.001953,0.000000,-0.003906
21434015,BNO_GYRO_UC,2118,-2900,0,-1.455078,4.953125,-0.058594,0.001953,0.000000,-0.003906
21444571,BNO_GYRO_UC,2119,-3100,0,-1.634766,4.564453,0.017578,0.001953,0.000000,-0.003906
21454305,BNO_GYRO_UC,2120,-2900,0,-1.699219,4.029297,0.175781,0.001953,0.000000,-0.003906
21465457,BNO_GYRO_UC,2121,-3600,0,-1.582031,3.328125,0.185547,0.001953,0.000000,-0.003906
21474413,BNO_GYRO_UC,2122,-3100,0,-1.130859,2.380859,0.222656,0.001953,0.000000,-0.003906
21485015,BNO_GYRO_UC,2123,-3100,0,-0.621094,1.685547,0.257812,0.001953,0.000000,-0.003906
21494454,BNO_GYRO_UC,2124,-3100,0,-0.191406,1.207031,0.216797,0.001953,0.000000,-0.003906
21505628,BNO_GYRO_UC,2125,-3400,0,0.128906,0.591797,0.115234,0.001953,0.000000,-0.003906
21514461,BNO_GYRO_UC,2126,-2900,0,0.382812,-0.128906,-0.011719,0.001953,0.000000,-0.003906
21525113,BNO_GYRO_UC,2127,-3100,0,0.537109,-0.882812,-0.156250,0.001953,0.000000,-0.003906
21534479,BNO_GYRO_UC,2128,-3100,0,0.556641,-1.595703,-0.277344,0.001953,0.000000,-0.003906
21545656,BNO_GYRO_UC,2129,-3400,0,0.517578,-2.294922,-0.324219,0.001953,0.000000,-0.003906
21554673,BNO_GYRO_UC,2130,-3100,0,0.558594,-2.939453,-0.283203,0.001953,0.000000,-0.003906
21565108,BNO_GYRO_UC,2131,-3100,0,0.644531,-3.585938,-0.175781,0.001953,0.000000,-0.003906
21574631,BNO_GYRO_UC,2132,-2900,0,0.593750,-4.343750,-0.275391,0.001953,0.000000,-0.003906
21585662,BNO_GYRO_UC,2133,-3400,0,0.482422,-5.162109,-0.759766,0.001953,0.000000,-0.003906
21594945,BNO_GYRO_UC,2134,-3100,0,0.646484,-5.810547,-1.146484,0.001953,0.000000,-0.003906
21604622,BNO_GYRO_UC,2135,-2900,0,1.113281,-6.197266,-1.224609,0.001953,0.000000,-0.003906
21614726,BNO_GYRO_UC,2136,-2900,0,1.708984,-6.480469,-1.117188,0.001953,0.000000,-0.003906
21625150,BNO_GYRO_UC,2137,-3100,0,2.066406,-6.681641,-0.785156,0.001953,0.000000,-0.003906
21634804,BNO_GYRO_UC,2138,-2900,0,2.021484,-6.810547,-0.281250,0.001953,0.000000,-0.003906
21645438,BNO_GYRO_UC,2139,-3100,0,1.810547,-6.990234,0.146484,0.001953,0.000000,-0.003906
21654916,BNO_GYRO_UC,2140,-3100,0,1.710938,-7.179688,0.396484,0.001953,0.000000,-0.003906
21665342,BNO_GYRO_UC,2141,-3100,0,1.746094,-7.285156,0.507812,0.001953,0.000000,-0.003906
21674428,BNO_GYRO_UC,2142,-2500,0,1.792969,-7.527344,0.541016,0.001953,0.000000,-0.003906
21685350,BNO_GYRO_UC,2143,-3100,0,1.736328,-7.664062,0.386719,0.001953,0.000000,-0.003906
21695421,BNO_GYRO_UC,2144,-3100,0,1.226562,-7.802734,-0.054688,0.001953,0.000000,-0.003906
21705810,BNO_GYRO_UC,2145,-3100,0,0.308594,-8.117188,-0.773438,0.001953,0.000000,-0.003906
21715288,BNO_GYRO_UC,2146,-3400,0,-0.310547,-7.937500,-0.953125,0.001953,0.000000,-0.003906
21724899,BNO_GYRO_UC,2147,-3100,0,-0.472656,-7.416016,-0.703125,0.001953,0.000000,-0.003906
21735111,BNO_GYRO_UC,2148,-3200,0,-0.437500,-6.794922,-0.367188,0.001953,0.000000,-0.003906
21745269,BNO_GYRO_UC,2149,-2900,0,-0.300781,-6.439453,-0.095703,0.001953,0.000000,-0.003906
21755480,BNO_GYRO_UC,2150,-3400,0,-0.158203,-6.412109,0.175781,0.001953,0.000000,-0.003906
21764882,BNO_GYRO_UC,2151,-2900,0,0.074219,-6.378906,0.548828,0.001953,0.000000,-0.003906
21775495,BNO_GYRO_UC,2152,-3100,0,0.396484,-6.453125,0.808594,0.001953,0.000000,-0.003906
21785429,BNO_GYRO_UC,2153,-2500,0,0.621094,-6.613281,0.796875,0.001953,0.000000,-0.003906
21795616,BNO_GYRO_UC,2154,-3200,0,0.648438,-6.675781,0.574219,0.001953,0.000000,-0.003906
21804953,BNO_GYRO_UC,2155,-2900,0,0.511719,-6.542969,0.130859,0.001953,0.000000,-0.003906
21815500,BNO_GYRO_UC,2156,-3100,0,0.519531,-6.214844,-0.445312,0.001953,0.000000,-0.003906
21825467,BNO_GYRO_UC,2157,-2700,0,0.773438,-5.949219,-0.875000,0.001953,0.000000,-0.003906
21835778,BNO_GYRO_UC,2158,-3200,0,1.113281,-5.941406,-1.115234,0.001953,0.000000,-0.003906
21845177,BNO_GYRO_UC,2159,-3100,0,1.275391,-6.080078,-1.123047,0.001953,0.000000,-0.003906
21855744,BNO_GYRO_UC,2160,-3100,0,1.222656,-6.195312,-0.958984,0.001953,0.000000,-0.003906
21865990,BNO_GYRO_UC,2161,-2900,0,1.119141,-6.128906,-0.703125,0.001953,0.000000,-0.003906
21875816,BNO_GYRO_UC,2162,-3200,0,1.248047,-6.013672,-0.468750,0.001953,0.000000,-0.003906
21885168,BNO_GYRO_UC,2163,-3100,0,1.480469,-6.048828,-0.271484,0.001953,0.000000,-0.003906
21895643,BNO_GYRO_UC,2164,-3100,0,1.539062,-6.302734,-0.138672,0.001953,0.000000,-0.003906
21905916,BNO_GYRO_UC,2165,-2900,0,1.466797,-6.677734,-0.205078,0.001953,0.000000,-0.003906
21916114,BNO_GYRO_UC,2166,-3200,0,1.201172,-6.841797,-0.341797,0.001953,0.000000,-0.003906
21925392,BNO_GYRO_UC,2167,-2900,0,0.843750,-6.531250,-0.445312,0.001953,0.000000,-0.003906
21936060,BNO_GYRO_UC,2168,-3100,0,0.564453,-6.251953,-0.652344,0.001953,0.000000,-0.003906
21945941,BNO_GYRO_UC,2169,-2500,0,0.648438,-6.291016,-0.873047,0.001953,0.000000,-0.003906
21956300,BNO_GYRO_UC,2170,-3200,0,0.765625,-6.443359,-1.062500,0.001953,0.000000,-0.003906
21965425,BNO_GYRO_UC,2171,-3100,0,0.658203,-6.494141,-1.109375,0.001953,0.000000,-0.003906
21976110,BNO_GYRO_UC,2172,-3100,0,0.632812,-6.515625,-0.818359,0.001953,0.000000,-0.003906
21986354,BNO_GYRO_UC,2173,-2900,0,0.707031,-6.171875,-0.179688,0.001953,0.000000,-0.003906
21995949,BNO_GYRO_UC,2174,-3200,0,0.980469,-5.601562,0.837891,0.001953,0.000000,-0.003906
22005373,BNO_GYRO_UC,2175,-2900,0,0.910156,-5.300781,1.396484,0.001953,0.000000,-0.003906
22016039,BNO_GYRO_UC,2176,-3100,0,0.734375,-4.671875,1.101562,0.001953,0.000000,-0.003906
22026481,BNO_GYRO_UC,2177,-3100,0,0.941406,-3.921875,0.576172,0.001953,0.000000,-0.003906
22036700,BNO_GYRO_UC,2178,-3400,0,1.222656,-3.375000,-0.011719,0.001953,0.000000,-0.003906
22045746,BNO_GYRO_UC,2179,-2900,0,1.337891,-2.875000,-0.539062,0.001953,0.000000,-0.003906
22056457,BNO_GYRO_UC,2180,-3100,0,1.320312,-2.482422,-0.884766,0.001953,0.000000,-0.003906
22066293,BNO_GYRO_UC,2181,-2500,0,1.134766,-2.152344,-0.998047,0.001953,0.000000,-0.003906
22076459,BNO_GYRO_UC,2182,-3200,0,0.843750,-1.767578,-0.945312,0.001953,0.000000,-0.003906
22086111,BNO_GYRO_UC,2183,-3100,0,0.634766,-1.335938,-0.755859,0.001953,0.000000,-0.003906
22095765,BNO_GYRO_UC,2184,-3100,0,0.443359,-0.871094,-0.500000,0.001953,0.000000,-0.003906
22106964,BNO_GYRO_UC,2185,-3400,0,0.078125,-0.369141,-0.203125,0.001953,0.000000,-0.003906
22116280,BNO_GYRO_UC,2186,-2900,0,-0.402344,0.242188,0.160156,0.001953,0.000000,-0.003906
22125722,BNO_GYRO_UC,2187,-3100,0,-0.753906,0.968750,0.564453,0.001953,0.000000,-0.003906
22136380,BNO_GYRO_UC,2188,-3100,0,-1.027344,1.703125,0.822266,0.001953,0.000000,-0.003906
22146764,BNO_GYRO_UC,2189,-3100,0,-1.291016,2.322266,0.728516,0.001953,0.000000,-0.003906
22156979,BNO_GYRO_UC,2190,-3200,0,-1.345703,2.855469,0.474609,0.001953,0.000000,-0.003906
22165939,BNO_GYRO_UC,2191,-3100,0,-1.187500,3.279297,0.187500,0.001953,0.000000,-0.003906
22176541,BNO_GYRO_UC,2192,-3100,0,-0.921875,3.646484,-0.042969,0.001953,0.000000,-0.003906
22186910,BNO_GYRO_UC,2193,-2900,0,-0.751953,3.919922,-0.103516,0.001953,0.000000,-0.003906
22197167,BNO_GYRO_UC,2194,-3200,0,-0.792969,4.242188,-0.005859,0.001953,0.000000,-0.003906
22206222,BNO_GYRO_UC,2195,-3100,0,-0.859375,4.658203,0.169922,0.001953,0.000000,-0.003906
22216822,BNO_GYRO_UC,2196,-3100,0,-1.062500,4.992188,0.394531,0.001953,0.000000,-0.003906
22227295,BNO_GYRO_UC,2197,-3100,0,-1.312500,5.287109,0.615234,0.001953,0.000000,-0.003906
22236577,BNO_GYRO_UC,2198,-2900,0,-1.400391,5.683594,0.695312,0.001953,0.000000,-0.003906
22246270,BNO_GYRO_UC,2199,-2900,0,-1.302734,6.144531,0.710938,0.001953,0.000000,-0.003906
22256174,BNO_GYRO_UC,2200,-2900,0,-1.095703,6.689453,0.669922,0.001953,0.000000,-0.003906
22267485,BNO_GYRO_UC,2201,-3600,0,-0.769531,6.908203,0.519531,0.001953,0.000000,-0.003906
22276813,BNO_GYRO_UC,2202,-2700,0,-0.322266,6.875000,0.140625,0.001953,0.000000,-0.003906
22286437,BNO_GYRO_UC,2203,-2900,0,0.050781,6.998047,-0.109375,0.001953,0.000000,-0.003906
22296131,BNO_GYRO_UC,2204,-2900,0,0.257812,6.771484,-0.343750,0.001953,0.000000,-0.003906
22306627,BNO_GYRO_UC,2205,-3400,0,0.330078,6.185547,-0.558594,0.001953,0.000000,-0.003906
22316794,BNO_GYRO_UC,2206,-3200,0,0.267578,5.869141,-0.578125,0.001953,0.000000,-0.003906
22326218,BNO_GYRO_UC,2207,-2900,0,-0.011719,5.539062,-0.333984,0.001953,0.000000,-0.003906
22337006,BNO_GYRO_UC,2208,-3100,0,-0.369141,5.128906,0.005859,0.001953,0.000000,-0.003906
22347377,BNO_GYRO_UC,2209,-2900,0,-0.843750,4.791016,0.369141,0.001953,0.000000,-0.003906
22356848,BNO_GYRO_UC,2210,-2500,0,-1.130859,4.554688,0.626953,0.001953,0.000000,-0.003906
22365811,BNO_GYRO_UC,2211,-2500,0,-1.179688,4.494141,0.630859,0.001953,0.000000,-0.003906
22376622,BNO_GYRO_UC,2212,-3100,0,-0.945312,4.476562,0.476562,0.001953,0.000000,-0.003906
22386983,BNO_GYRO_UC,2213,-3400,0,-0.546875,4.593750,0.263672,0.001953,0.000000,-0.003906
22397176,BNO_GYRO_UC,2214,-3100,0,-0.189453,4.435547,0.150391,0.001953,0.000000,-0.003906
22406154,BNO_GYRO_UC,2215,-2900,0,0.085938,4.080078,-0.113281,0.001953,0.000000,-0.003906
22416924,BNO_GYRO_UC,2216,-3100,0,0.244141,4.070312,-0.216797,0.001953,0.000000,-0.003906
22426446,BNO_GYRO_UC,2217,-3100,0,0.224609,4.041016,-0.154297,0.001953,0.000000,-0.003906
22437579,BNO_GYRO_UC,2218,-3400,0,0.064453,3.955078,-0.031250,0.001953,0.000000,-0.003906
22446485,BNO_GYRO_UC,2219,-3100,0,-0.076172,3.923828,-0.013672,0.001953,0.000000,-0.003906
22456933,BNO_GYRO_UC,2220,-2900,0,-0.119141,3.968750,0.007812,0.001953,0.000000,-0.003906
22466719,BNO_GYRO_UC,2221,-3100,0,-0.156250,4.009766,0.128906,0.001953,0.000000,-0.003906
22477030,BNO_GYRO_UC,2222,-2900,0,-0.144531,4.052734,0.125000,0.001953,0.000000,-0.003906
22486375,BNO_GYRO_UC,2223,-2900,0,-0.208984,4.023438,0.103516,0.001953,0.000000,-0.003906
22497217,BNO_GYRO_UC,2224,-3100,0,-0.427734,3.880859,0.076172,0.001953,0.000000,-0.003906
22506768,BNO_GYRO_UC,2225,-2900,0,-0.580078,3.878906,0.082031,0.001953,0.000000,-0.003906
22517791,BNO_GYRO_UC,2226,-3400,0,-0.541016,3.880859,0.074219,0.001953,0.000000,-0.003906
22527125,BNO_GYRO_UC,2227,-3200,0,-0.369141,3.794922,0.009766,0.001953,0.000000,-0.003906
22536701,BNO_GYRO_UC,2228,-3100,0,-0.208984,3.816406,-0.042969,0.001953,0.000000,-0.003906
22546858,BNO_GYRO_UC,2229,-2900,0,-0.072266,3.775391,-0.041016,0.001953,0.000000,-0.003906
22557221,BNO_GYRO_UC,2230,-3100,0,-0.072266,3.728516,0.025391,0.001953,0.000000,-0.003906
22567328,BNO_GYRO_UC,2231,-3200,0,-0.154297,3.736328,0.121094,0.001953,0.000000,-0.003906
22576834,BNO_GYRO_UC,2232,-2900,0,-0.144531,3.613281,0.066406,0.001953,0.000000,-0.003906
22586897,BNO_GYRO_UC,2233,-3100,0,-0.037109,3.408203,-0.027344,0.001953,0.000000,-0.003906
22598066,BNO_GYRO_UC,2234,-3400,0,0.068359,3.253906,-0.089844,0.001953,0.000000,-0.003906
22607349,BNO_GYRO_UC,2235,-3400,0,0.283203,3.041016,-0.179688,0.001953,0.000000,-0.003906
22616868,BNO_GYRO_UC,2236,-2900,0,0.484375,2.732422,-0.306641,0.001953,0.000000,-0.003906
22627295,BNO_GYRO_UC,2237,-3100,0,0.421875,2.541016,-0.435547,0.001953,0.000000,-0.003906
22637205,BNO_GYRO_UC,2238,-2500,0,0.287109,2.437500,-0.480469,0.001953,0.000000,-0.003906
22647357,BNO_GYRO_UC,2239,-3400,0,0.216797,2.322266,-0.398438,0.001953,0.000000,-0.003906
22657044,BNO_GYRO_UC,2240,-3100,0,0.179688,2.214844,-0.195312,0.001953,0.000000,-0.003906
22667591,BNO_GYRO_UC,2241,-3100,0,0.109375,2.029297,-0.025391,0.001953,0.000000,-0.003906
22677328,BNO_GYRO_UC,2242,-2500,0,0.205078,1.740234,0.042969,0.001953,0.000000,-0.003906
22687349,BNO_GYRO_UC,2243,-3200,0,0.384766,1.332031,0.042969,0.001953,0.000000,-0.003906
22697104,BNO_GYRO_UC,2244,-3100,0,0.388672,0.876953,0.078125,0.001953,0.000000,-0.003906
22707584,BNO_GYRO_UC,2245,-3100,0,0.328125,0.457031,0.021484,0.001953,0.000000,-0.003906
22717489,BNO_GYRO_UC,2246,-2500,0,0.292969,0.085938,-0.113281,0.001953,0.000000,-0.003906
22727762,BNO_GYRO_UC,2247,-3200,0,0.238281,-0.021484,-0.033203,0.001953,0.000000,-0.003906
22737233,BNO_GYRO_UC,2248,-3100,0,0.003906,-0.109375,0.222656,0.001953,0.000000,-0.003906
22747799,BNO_GYRO_UC,2249,-3100,0,-0.347656,-0.199219,0.312500,0.001953,0.000000,-0.003906
22757789,BNO_GYRO_UC,2250,-2500,0,-0.531250,0.080078,0.195312,0.001953,0.000000,-0.003906
22768040,BNO_GYRO_UC,2251,-3200,0,-0.468750,0.867188,0.162109,0.001953,0.000000,-0.003906
22777129,BNO_GYRO_UC,2252,-2900,0,-0.410156,1.937500,0.312500,0.001953,0.000000,-0.003906
22787539,BNO_GYRO_UC,2253,-3100,0,-0.431641,2.644531,0.570312,0.001953,0.000000,-0.003906
22797969,BNO_GYRO_UC,2254,-2900,0,-0.447266,2.726562,0.890625,0.001953,0.000000,-0.003906
22808341,BNO_GYRO_UC,2255,-3200,0,-0.623047,2.734375,1.318359,0.001953,0.000000,-0.003906
22817396,BNO_GYRO_UC,2256,-3100,0,-1.003906,2.835938,1.533203,0.001953,0.000000,-0.003906
22827812,BNO_GYRO_UC,2257,-2900,0,-1.291016,2.882812,1.451172,0.001953,0.000000,-0.003906
22838394,BNO_GYRO_UC,2258,-3100,0,-1.439453,3.265625,1.070312,0.001953,0.000000,-0.003906
22847813,BNO_GYRO_UC,2259,-3200,0,-1.384766,4.333984,0.855469,0.001953,0.000000,-0.003906
22857374,BNO_GYRO_UC,2260,-2900,0,-1.119141,5.345703,0.925781,0.001953,0.000000,-0.003906
22867978,BNO_GYRO_UC,2261,-3100,0,-0.998047,5.779297,1.445312,0.001953,0.000000,-0.003906
22878412,BNO_GYRO_UC,2262,-2900,0,-0.982422,5.556641,1.794922,0.001953,0.000000,-0.003906
22888505,BNO_GYRO_UC,2263,-3200,0,-0.837891,5.324219,1.988281,0.001953,0.000000,-0.003906
22897575,BNO_GYRO_UC,2264,-2900,0,-0.527344,5.242188,1.986328,0.001953,0.000000,-0.003906
22908050,BNO_GYRO_UC,2265,-3100,0,-0.187500,5.115234,1.841797,0.001953,0.000000,-0.003906
22918325,BNO_GYRO_UC,2266,-2900,0,0.078125,4.734375,1.556641,0.001953,0.000000,-0.003906
22928560,BNO_GYRO_UC,2267,-3200,0,0.322266,3.605469,1.107422,0.001953,0.000000,-0.003906
22937609,BNO_GYRO_UC,2268,-2900,0,0.406250,2.570312,0.613281,0.001953,0.000000,-0.003906
22948326,BNO_GYRO_UC,2269,-3100,0,0.326172,1.927734,0.062500,0.001953,0.000000,-0.003906
22958545,BNO_GYRO_UC,2270,-2900,0,0.214844,1.396484,-0.375000,0.001953,0.000000,-0.003906
22968738,BNO_GYRO_UC,2271,-3200,0,-0.003906,0.904297,-0.652344,0.001953,0.000000,-0.003906
22977620,BNO_GYRO_UC,2272,-2900,0,-0.117188,0.335938,-0.861328,0.001953,0.000000,-0.003906
22988317,BNO_GYRO_UC,2273,-3100,0,0.001953,-0.335938,-1.017578,0.001953,0.000000,-0.003906
22998810,BNO_GYRO_UC,2274,-2900,0,0.271484,-1.283203,-1.136719,0.001953,0.000000,-0.003906
23008197,BNO_GYRO_UC,2275,-3100,0,0.667969,-2.496094,-1.271484,0.001953,0.000000,-0.003906
23017814,BNO_GYRO_UC,2276,-2900,0,0.960938,-3.728516,-1.337891,0.001953,0.000000,-0.003906
23028624,BNO_GYRO_UC,2277,-3100,0,1.156250,-4.962891,-1.335938,0.001953,0.000000,-0.003906
23038887,BNO_GYRO_UC,2278,-2900,0,1.291016,-6.130859,-1.378906,0.001953,0.000000,-0.003906
23048297,BNO_GYRO_UC,2279,-2900,0,1.429688,-6.884766,-1.605469,0.001953,0.000000,-0.003906
23058010,BNO_GYRO_UC,2280,-3100,0,1.531250,-7.019531,-1.796875,0.001953,0.000000,-0.003906
23068670,BNO_GYRO_UC,2281,-3100,0,1.667969,-6.775391,-1.662109,0.001953,0.000000,-0.003906
23079016,BNO_GYRO_UC,2282,-3100,0,1.750000,-6.617188,-1.199219,0.001953,0.000000,-0.003906
23088416,BNO_GYRO_UC,2283,-2700,0,1.638672,-6.789062,-0.505859,0.001953,0.000000,-0.003906
23098035,BNO_GYRO_UC,2284,-3100,0,1.333984,-7.324219,0.214844,0.001953,0.000000,-0.003906
23108603,BNO_GYRO_UC,2285,-3100,0,1.009766,-8.091797,0.650391,0.001953,0.000000,-0.003906
23118979,BNO_GYRO_UC,2286,-3100,0,0.974609,-9.166016,0.759766,0.001953,0.000000,-0.003906
23129210,BNO_GYRO_UC,2287,-3400,0,1.023438,-10.457031,-0.041016,0.001953,0.000000,-0.003906
23138313,BNO_GYRO_UC,2288,-3100,0,0.585938,-10.814453,-0.998047,0.001953,0.000000,-0.003906
23148072,BNO_GYRO_UC,2289,-3100,0,0.150391,-10.212891,-1.306641,0.001953,0.000000,-0.003906
23158455,BNO_GYRO_UC,2290,-3400,0,0.361328,-9.505859,-1.285156,0.001953,0.000000,-0.003906
23168567,BNO_GYRO_UC,2291,-2900,0,0.707031,-8.986328,-1.035156,0.001953,0.000000,-0.003906
23178038,BNO_GYRO_UC,2292,-2900,0,0.478516,-8.615234,-0.425781,0.001953,0.000000,-0.003906
23188759,BNO_GYRO_UC,2293,-3100,0,0.201172,-8.328125,0.546875,0.001953,0.000000,-0.003906
23199238,BNO_GYRO_UC,2294,-3100,0,0.294922,-8.259766,1.242188,0.001953,0.000000,-0.003906
23208626,BNO_GYRO_UC,2295,-2700,0,0.492188,-8.884766,1.478516,0.001953,0.000000,-0.003906
23217805,BNO_GYRO_UC,2296,-2500,0,0.546875,-9.990234,1.380859,0.001953,0.000000,-0.003906
23228416,BNO_GYRO_UC,2297,-3100,0,0.091797,-10.861328,0.933594,0.001953,0.000000,-0.003906
23238626,BNO_GYRO_UC,2298,-3400,0,-1.123047,-10.722656,0.017578,0.001953,0.000000,-0.003906
23248704,BNO_GYRO_UC,2299,-3100,0,-1.572266,-9.695312,-0.734375,0.001953,0.000000,-0.003906
23258343,BNO_GYRO_UC,2300,-2900,0,-1.296875,-9.525391,-1.033203,0.001953,0.000000,-0.003906
23268944,BNO_GYRO_UC,2301,-3200,0,-1.023438,-9.556641,-1.015625,0.001953,0.000000,-0.003906
23278463,BNO_GYRO_UC,2302,-3100,0,-0.671875,-9.007812,-0.814453,0.001953,0.000000,-0.003906
23288922,BNO_GYRO_UC,2303,-2900,0,-0.152344,-8.416016,-0.507812,0.001953,0.000000,-0.003906
23297925,BNO_GYRO_UC,2304,-2700,0,0.123047,-7.982422,0.025391,0.001953,0.000000,-0.003906
23308738,BNO_GYRO_UC,2305,-3100,0,0.203125,-6.902344,0.814453,0.001953,0.000000,-0.003906
23318584,BNO_GYRO_UC,2306,-2900,0,0.306641,-5.792969,1.359375,0.001953,0.000000,-0.003906
23329654,BNO_GYRO_UC,2307,-3400,0,0.589844,-5.433594,1.445312,0.001953,0.000000,-0.003906
23338597,BNO_GYRO_UC,2308,-3100,0,0.619141,-5.298828,1.224609,0.001953,0.000000,-0.003906
23349257,BNO_GYRO_UC,2309,-3100,0,0.335938,-5.083984,0.425781,0.001953,0.000000,-0.003906
23358498,BNO_GYRO_UC,2310,-2900,0,0.642578,-4.273438,-0.248047,0.001953,0.000000,-0.003906
23369659,BNO_GYRO_UC,2311,-3400,0,0.652344,-3.527344,-0.412109,0.001953,0.000000,-0.003906
23378868,BNO_GYRO_UC,2312,-3200,0,0.193359,-2.773438,-0.164062,0.001953,0.000000,-0.003906
23388539,BNO_GYRO_UC,2313,-3100,0,-0.199219,-2.281250,0.207031,0.001953,0.000000,-0.003906
23398855,BNO_GYRO_UC,2314,-3100,0,-0.373047,-1.726562,0.375000,0.001953,0.000000,-0.003906
23409174,BNO_GYRO_UC,2315,-2900,0,-0.349609,-1.072266,0.283203,0.001953,0.000000,-0.003906
23418524,BNO_GYRO_UC,2316,-2700,0,-0.326172,-0.402344,0.183594,0.001953,0.000000,-0.003906
23429308,BNO_GYRO_UC,2317,-3100,0,-0.398438,0.388672,0.183594,0.001953,0.000000,-0.003906
23438863,BNO_GYRO_UC,2318,-3100,0,-0.544922,1.337891,0.216797,0.001953,0.000000,-0.003906
23449198,BNO_GYRO_UC,2319,-2900,0,-0.689453,2.363281,0.275391,0.001953,0.000000,-0.003906
23459434,BNO_GYRO_UC,2320,-3200,0,-0.716797,2.796875,0.183594,0.001953,0.000000,-0.003906
23468813,BNO_GYRO_UC,2321,-3100,0,-0.724609,3.011719,-0.070312,0.001953,0.000000,-0.003906
23478904,BNO_GYRO_UC,2322,-3100,0,-0.789062,3.326172,-0.214844,0.001953,0.000000,-0.003906
23489385,BNO_GYRO_UC,2323,-3100,0,-0.857422,3.658203,-0.251953,0.001953,0.000000,-0.003906
23499498,BNO_GYRO_UC,2324,-3200,0,-1.097656,4.103516,-0.240234,0.001953,0.000000,-0.003906
23508891,BNO_GYRO_UC,2325,-2900,0,-1.195312,4.970703,-0.017578,0.001953,0.000000,-0.003906
23519246,BNO_GYRO_UC,2326,-3100,0,-1.289062,5.968750,0.285156,0.001953,0.000000,-0.003906
23529166,BNO_GYRO_UC,2327,-2500,0,-1.490234,7.248047,0.738281,0.001953,0.000000,-0.003906
23539201,BNO_GYRO_UC,2328,-3200,0,-1.730469,8.613281,1.519531,0.001953,0.000000,-0.003906
23549140,BNO_GYRO_UC,2329,-3100,0,-1.882812,9.396484,2.140625,0.001953,0.000000,-0.003906
23559539,BNO_GYRO_UC,2330,-3200,0,-1.910156,9.974609,2.203125,0.001953,0.000000,-0.003906
23569418,BNO_GYRO_UC,2331,-2500,0,-1.761719,10.427734,2.037109,0.001953,0.000000,-0.003906
23579650,BNO_GYRO_UC,2332,-3400,0,-1.396484,10.523438,1.548828,0.001953,0.000000,-0.003906
23589159,BNO_GYRO_UC,2333,-2900,0,-1.199219,10.642578,1.320312,0.001953,0.000000,-0.003906
23599513,BNO_GYRO_UC,2334,-3100,0,-1.039062,11.107422,1.654297,0.001953,0.000000,-0.003906
23609642,BNO_GYRO_UC,2335,-2700,0,-1.097656,11.583984,1.818359,0.001953,0.000000,-0.003906
23620011,BNO_GYRO_UC,2336,-3200,0,-1.429688,11.832031,1.781250,0.001953,0.000000,-0.003906
23629154,BNO_GYRO_UC,2337,-3100,0,-1.212891,11.947266,2.187500,0.001953,0.000000,-0.003906
23639768,BNO_GYRO_UC,2338,-3100,0,-0.599609,11.628906,2.414062,0.001953,0.000000,-0.003906
23649813,BNO_GYRO_UC,2339,-2700,0,-0.283203,10.744141,2.296875,0.001953,0.000000,-0.003906
23660063,BNO_GYRO_UC,2340,-3200,0,-0.253906,9.601562,2.263672,0.001953,0.000000,-0.003906
23669246,BNO_GYRO_UC,2341,-3100,0,-0.115234,8.376953,2.316406,0.001953,0.000000,-0.003906
23679718,BNO_GYRO_UC,2342,-3100,0,0.439453,7.082031,2.279297,0.001953,0.000000,-0.003906
23689966,BNO_GYRO_UC,2343,-2900,0,0.828125,5.478516,2.062500,0.001953,0.000000,-0.003906
23700154,BNO_GYRO_UC,2344,-3200,0,0.583984,3.451172,1.687500,0.001953,0.000000,-0.003906
23709447,BNO_GYRO_UC,2345,-2900,0,0.373047,1.958984,1.324219,0.001953,0.000000,-0.003906
23719820,BNO_GYRO_UC,2346,-3100,0,0.720703,1.433594,0.855469,0.001953,0.000000,-0.003906
23730167,BNO_GYRO_UC,2347,-2700,0,1.611328,1.640625,0.361328,0.001953,0.000000,-0.003906
23740402,BNO_GYRO_UC,2348,-3200,0,2.423828,1.974609,0.136719,0.001953,0.000000,-0.003906
23749499,BNO_GYRO_UC,2349,-3100,0,2.761719,1.855469,0.328125,0.001953,0.000000,-0.003906
23759990,BNO_GYRO_UC,2350,-3100,0,2.648438,1.160156,0.902344,0.001953,0.000000,-0.003906
23770399,BNO_GYRO_UC,2351,-2900,0,2.441406,0.187500,1.423828,0.001953,0.000000,-0.003906
23780546,BNO_GYRO_UC,2352,-3200,0,2.640625,-0.666016,1.607422,0.001953,0.000000,-0.003906
23789581,BNO_GYRO_UC,2353,-2900,0,3.037109,-1.152344,1.525391,0.001953,0.000000,-0.003906
23800261,BNO_GYRO_UC,2354,-3100,0,2.992188,-1.451172,1.017578,0.001953,0.000000,-0.003906
23810574,BNO_GYRO_UC,2355,-2900,0,2.962891,-0.720703,0.458984,0.001953,0.000000,-0.003906
23819878,BNO_GYRO_UC,2356,-3100,0,3.082031,0.833984,-0.044922,0.001953,0.000000,-0.003906
23829628,BNO_GYRO_UC,2357,-2900,0,2.888672,2.800781,-0.710938,0.001953,0.000000,-0.003906
23840362,BNO_GYRO_UC,2358,-3100,0,2.089844,4.787109,-0.785156,0.001953,0.000000,-0.003906
23850704,BNO_GYRO_UC,2359,-2900,0,0.855469,5.949219,-0.623047,0.001953,0.000000,-0.003906
23860825,BNO_GYRO_UC,2360,-3200,0,-0.414062,6.363281,-0.412109,0.001953,0.000000,-0.003906
23869883,BNO_GYRO_UC,2361,-3100,0,-1.062500,6.109375,-0.419922,0.001953,0.000000,-0.003906
23880502,BNO_GYRO_UC,2362,-3100,0,-1.425781,5.792969,-0.658203,0.001953,0.000000,-0.003906
23890844,BNO_GYRO_UC,2363,-2900,0,-1.839844,5.976562,-0.800781,0.001953,0.000000,-0.003906
23900280,BNO_GYRO_UC,2364,-2900,0,-2.060547,6.353516,-0.654297,0.001953,0.000000,-0.003906
23909469,BNO_GYRO_UC,2365,-2700,0,-2.021484,6.570312,-0.611328,0.001953,0.000000,-0.003906
23920032,BNO_GYRO_UC,2366,-3100,0,-1.824219,6.634766,-0.630859,0.001953,0.000000,-0.003906
23930547,BNO_GYRO_UC,2367,-3100,0,-1.570312,6.601562,-0.714844,0.001953,0.000000,-0.003906
23940831,BNO_GYRO_UC,2368,-3200,0,-1.326172,6.357422,-0.705078,0.001953,0.000000,-0.003906
23950045,BNO_GYRO_UC,2369,-3100,0,-1.146484,6.003906,-0.599609,0.001953,0.000000,-0.003906
23960712,BNO_GYRO_UC,2370,-3100,0,-1.048828,5.593750,-0.439453,0.001953,0.000000,-0.003906
23971133,BNO_GYRO_UC,2371,-3100,0,-0.976562,5.115234,-0.335938,0.001953,0.000000,-0.003906
23980612,BNO_GYRO_UC,2372,-2900,0,-0.816406,4.689453,-0.253906,0.001953,0.000000,-0.003906
23989805,BNO_GYRO_UC,2373,-2900,0,-0.574219,4.318359,-0.132812,0.001953,0.000000,-0.003906
24000606,BNO_GYRO_UC,2374,-3100,0,-0.337891,3.873047,0.076172,0.001953,0.000000,-0.003906
24011016,BNO_GYRO_UC,2375,-2900,0,-0.208984,3.273438,0.396484,0.001953,0.000000,-0.003906
24020307,BNO_GYRO_UC,2376,-2700,0,-0.154297,2.539062,0.720703,0.001953,0.000000,-0.003906
24030022,BNO_GYRO_UC,2377,-3100,0,-0.029297,1.732422,0.917969,0.001953,0.000000,-0.003906
24040494,BNO_GYRO_UC,2378,-3100,0,0.279297,0.935547,0.974609,0.001953,0.000000,-0.003906
24051243,BNO_GYRO_UC,2379,-3200,0,0.560547,0.074219,0.947266,0.001953,0.000000,-0.003906
24060517,BNO_GYRO_UC,2380,-2500,0,0.703125,-0.832031,0.900391,0.001953,0.000000,-0.003906
24070064,BNO_GYRO_UC,2381,-2900,0,0.812500,-1.738281,0.693359,0.001953,0.000000,-0.003906
24080695,BNO_GYRO_UC,2382,-3100,0,0.890625,-2.609375,0.341797,0.001953,0.000000,-0.003906
24090600,BNO_GYRO_UC,2383,-3200,0,0.744141,-3.357422,0.019531,0.001953,0.000000,-0.003906
24100798,BNO_GYRO_UC,2384,-3100,0,0.580078,-3.906250,-0.187500,0.001953,0.000000,-0.003906
24109925,BNO_GYRO_UC,2385,-2700,0,0.578125,-4.236328,-0.373047,0.001953,0.000000,-0.003906
24120449,BNO_GYRO_UC,2386,-3100,0,0.580078,-4.513672,-0.572266,0.001953,0.000000,-0.003906
24130330,BNO_GYRO_UC,2387,-2900,0,0.636719,-4.898438,-0.619141,0.001953,0.000000,-0.003906
24141472,BNO_GYRO_UC,2388,-3400,0,0.724609,-5.312500,-0.605469,0.001953,0.000000,-0.003906
24150427,BNO_GYRO_UC,2389,-2900,0,0.687500,-5.902344,-0.607422,0.001953,0.000000,-0.003906
24161040,BNO_GYRO_UC,2390,-3100,0,0.693359,-6.724609,-0.550781,0.001953,0.000000,-0.003906
24170388,BNO_GYRO_UC,2391,-2900,0,0.689453,-7.738281,-0.429688,0.001953,0.000000,-0.003906
24181460,BNO_GYRO_UC,2392,-3400,0,0.697266,-8.720703,-0.267578,0.001953,0.000000,-0.003906
24190409,BNO_GYRO_UC,2393,-3100,0,0.576172,-9.394531,-0.171875,0.001953,0.000000,-0.003906
24201008,BNO_GYRO_UC,2394,-3100,0,0.289062,-9.664062,-0.228516,0.001953,0.000000,-0.003906
24210554,BNO_GYRO_UC,2395,-3100,0,-0.009766,-9.345703,-0.431641,0.001953,0.000000,-0.003906
24221610,BNO_GYRO_UC,2396,-3400,0,-0.154297,-8.664062,-0.660156,0.001953,0.000000,-0.003906
24230635,BNO_GYRO_UC,2397,-3100,0,-0.072266,-8.197266,-0.980469,0.001953,0.000000,-0.003906
24241336,BNO_GYRO_UC,2398,-3100,0,0.078125,-7.904297,-1.306641,0.001953,0.000000,-0.003906
24250529,BNO_GYRO_UC,2399,-3100,0,0.244141,-7.578125,-1.519531,0.001953,0.000000,-0.003906
24261708,BNO_GYRO_UC,2400,-3400,0,0.369141,-7.332031,-1.712891,0.001953,0.000000,-0.003906
24270741,BNO_GYRO_UC,2401,-3100,0,0.517578,-8.113281,-1.845703,0.001953,0.000000,-0.003906
24281343,BNO_GYRO_UC,2402,-3100,0,0.589844,-9.394531,-1.732422,0.001953,0.000000,-0.003906
24290901,BNO_GYRO_UC,2403,-3100,0,0.589844,-10.390625,-1.066406,0.001953,0.000000,-0.003906
24301224,BNO_GYRO_UC,2404,-3100,0,0.525391,-11.039062,-0.246094,0.001953,0.000000,-0.003906
24310350,BNO_GYRO_UC,2405,-2700,0,0.365234,-11.240234,0.638672,0.001953,0.000000,-0.003906
24321247,BNO_GYRO_UC,2406,-3100,0,-0.394531,-10.771484,1.058594,0.001953,0.000000,-0.003906
24330781,BNO_GYRO_UC,2407,-3100,0,-0.724609,-9.730469,0.568359,0.001953,0.000000,-0.003906
24341856,BNO_GYRO_UC,2408,-3400,0,0.101562,-9.173828,0.035156,0.001953,0.000000,-0.003906
24351257,BNO_GYRO_UC,2409,-3400,0,0.849609,-9.031250,-0.300781,0.001953,0.000000,-0.003906
24360808,BNO_GYRO_UC,2410,-3100,0,1.179688,-8.531250,-0.601562,0.001953,0.000000,-0.003906
24370946,BNO_GYRO_UC,2411,-3100,0,1.597656,-7.927734,-0.775391,0.001953,0.000000,-0.003906
24381232,BNO_GYRO_UC,2412,-3100,0,1.759766,-7.505859,-0.623047,0.001953,0.000000,-0.003906
24391511,BNO_GYRO_UC,2413,-3400,0,1.484375,-7.205078,-0.097656,0.001953,0.000000,-0.003906
24400840,BNO_GYRO_UC,2414,-2900,0,1.050781,-6.787109,0.642578,0.001953,0.000000,-0.003906
24411067,BNO_GYRO_UC,2415,-3100,0,0.734375,-6.388672,1.335938,0.001953,0.000000,-0.003906
24421357,BNO_GYRO_UC,2416,-2900,0,0.914062,-6.134766,1.675781,0.001953,0.000000,-0.003906
24431701,BNO_GYRO_UC,2417,-3200,0,1.091797,-5.847656,1.140625,0.001953,0.000000,-0.003906
24440971,BNO_GYRO_UC,2418,-3100,0,1.160156,-5.269531,0.230469,0.001953,0.000000,-0.003906
24451213,BNO_GYRO_UC,2419,-3100,0,1.421875,-4.527344,-0.521484,0.001953,0.000000,-0.003906
24461405,BNO_GYRO_UC,2420,-2900,0,1.478516,-4.197266,-0.867188,0.001953,0.000000,-0.003906
24471750,BNO_GYRO_UC,2421,-3200,0,1.109375,-4.189453,-0.910156,0.001953,0.000000,-0.003906
24480954,BNO_GYRO_UC,2422,-2900,0,0.794922,-4.121094,-0.765625,0.001953,0.000000,-0.003906
24491398,BNO_GYRO_UC,2423,-3100,0,0.583984,-4.009766,-0.482422,0.001953,0.000000,-0.003906
24501578,BNO_GYRO_UC,2424,-2900,0,0.376953,-4.142578,0.029297,0.001953,0.000000,-0.003906
24511852,BNO_GYRO_UC,2425,-3200,0,0.376953,-4.388672,0.587891,0.001953,0.000000,-0.003906
24521185,BNO_GYRO_UC,2426,-3100,0,0.644531,-4.484375,0.988281,0.001953,0.000000,-0.003906
24531693,BNO_GYRO_UC,2427,-3100,0,1.009766,-4.568359,0.949219,0.001953,0.000000,-0.003906
24541706,BNO_GYRO_UC,2428,-2500,0,1.224609,-4.044922,0.453125,0.001953,0.000000,-0.003906
24551870,BNO_GYRO_UC,2429,-3400,0,1.316406,-3.507812,-0.125000,0.001953,0.000000,-0.003906
24561291,BNO_GYRO_UC,2430,-2900,0,1.177734,-3.310547,-0.423828,0.001953,0.000000,-0.003906
24571913,BNO_GYRO_UC,2431,-3100,0,0.984375,-3.382812,-0.650391,0.001953,0.000000,-0.003906
24582216,BNO_GYRO_UC,2432,-3100,0,0.953125,-3.119141,-0.720703,0.001953,0.000000,-0.003906
24592246,BNO_GYRO_UC,2433,-3200,0,0.833984,-2.765625,-0.705078,0.001953,0.000000,-0.003906
24601602,BNO_GYRO_UC,2434,-3100,0,0.658203,-2.390625,-0.548828,0.001953,0.000000,-0.003906
24612141,BNO_GYRO_UC,2435,-3100,0,0.501953,-1.941406,-0.251953,0.001953,0.000000,-0.003906
24621898,BNO_GYRO_UC,2436,-2500,0,0.306641,-1.529297,0.095703,0.001953,0.000000,-0.003906
24632206,BNO_GYRO_UC,2437,-3400,0,0.142578,-1.382812,0.320312,0.001953,0.000000,-0.003906
24641388,BNO_GYRO_UC,2438,-2900,0,0.207031,-1.138672,0.232422,0.001953,0.000000,-0.003906
24652021,BNO_GYRO_UC,2439,-3100,0,0.341797,-0.724609,0.009766,0.001953,0.000000,-0.003906
24662285,BNO_GYRO_UC,2440,-2900,0,0.216797,-0.193359,-0.167969,0.001953,0.000000,-0.003906
24672507,BNO_GYRO_UC,2441,-3200,0,-0.263672,0.468750,-0.232422,0.001953,0.000000,-0.003906
24681568,BNO_GYRO_UC,2442,-3100,0,-0.753906,1.205078,-0.097656,0.001953,0.000000,-0.003906
24692235,BNO_GYRO_UC,2443,-3100,0,-1.167969,2.000000,0.052734,0.001953,0.000000,-0.003906
24702480,BNO_GYRO_UC,2444,-2700,0,-1.464844,3.134766,0.062500,0.001953,0.000000,-0.003906
24712658,BNO_GYRO_UC,2445,-3200,0,-1.644531,4.515625,0.171875,0.001953,0.000000,-0.003906
24721634,BNO_GYRO_UC,2446,-2900,0,-1.783203,5.697266,0.488281,0.001953,0.000000,-0.003906
24732376,BNO_GYRO_UC,2447,-3100,0,-1.953125,6.144531,0.742188,0.001953,0.000000,-0.003906
24742649,BNO_GYRO_UC,2448,-3100,0,-2.052734,6.154297,0.929688,0.001953,0.000000,-0.003906
24752205,BNO_GYRO_UC,2449,-3100,0,-1.943359,6.244141,1.046875,0.001953,0.000000,-0.003906
24761695,BNO_GYRO_UC,2450,-2900,0,-1.898438,6.708984,0.908203,0.001953,0.000000,-0.003906
24772421,BNO_GYRO_UC,2451,-3100,0,-2.007812,7.740234,0.802734,0.001953,0.000000,-0.003906
24782823,BNO_GYRO_UC,2452,-2900,0,-2.060547,8.646484,0.896484,0.001953,0.000000,-0.003906
24792289,BNO_GYRO_UC,2453,-3100,0,-1.990234,9.035156,1.091797,0.001953,0.000000,-0.003906
24801698,BNO_GYRO_UC,2454,-2900,0,-1.828125,9.001953,1.291016,0.001953,0.000000,-0.003906
24812497,BNO_GYRO_UC,2455,-3200,0,-1.468750,8.470703,1.087891,0.001953,0.000000,-0.003906
24822908,BNO_GYRO_UC,2456,-3100,0,-1.052734,7.505859,0.691406,0.001953,0.000000,-0.003906
24832287,BNO_GYRO_UC,2457,-2900,0,-0.593750,6.580078,0.318359,0.001953,0.000000,-0.003906
24841897,BNO_GYRO_UC,2458,-2900,0,-0.099609,6.064453,0.177734,0.001953,0.000000,-0.003906
24852571,BNO_GYRO_UC,2459,-3100,0,0.140625,6.101562,0.244141,0.001953,0.000000,-0.003906
24863059,BNO_GYRO_UC,2460,-3100,0,0.162109,7.070312,0.619141,0.001953,0.000000,-0.003906
24872561,BNO_GYRO_UC,2461,-2900,0,0.259766,7.832031,0.595703,0.001953,0.000000,-0.003906
24881893,BNO_GYRO_UC,2462,-2900,0,0.466797,7.912109,0.476562,0.001953,0.000000,-0.003906
24892758,BNO_GYRO_UC,2463,-3100,0,0.304688,7.384766,0.472656,0.001953,0.000000,-0.003906
24903219,BNO_GYRO_UC,2464,-3200,0,0.082031,6.531250,0.414062,0.001953,0.000000,-0.003906
24912652,BNO_GYRO_UC,2465,-2900,0,-0.080078,5.492188,0.324219,0.001953,0.000000,-0.003906
24922133,BNO_GYRO_UC,2466,-2900,0,-0.468750,4.388672,0.416016,0.001953,0.000000,-0.003906
24932698,BNO_GYRO_UC,2467,-3100,0,-0.671875,3.732422,0.513672,0.001953,0.000000,-0.003906
24943020,BNO_GYRO_UC,2468,-2900,0,-0.625000,3.302734,0.517578,0.001953,0.000000,-0.003906
24953240,BNO_GYRO_UC,2469,-3200,0,-0.472656,3.078125,0.449219,0.001953,0.000000,-0.003906
24962609,BNO_GYRO_UC,2470,-2900,0,-0.246094,3.031250,0.447266,0.001953,0.000000,-0.003906
24972160,BNO_GYRO_UC,2471,-3100,0,-0.083984,3.052734,0.460938,0.001953,0.000000,-0.003906
24983471,BNO_GYRO_UC,2472,-3600,0,0.164062,3.027344,0.431641,0.001953,0.000000,-0.003906
24992968,BNO_GYRO_UC,2473,-2900,0,0.595703,2.705078,0.263672,0.001953,0.000000,-0.003906
25001924,BNO_GYRO_UC,2474,-2700,0,0.800781,2.216797,0.132812,0.001953,0.000000,-0.003906
25012712,BNO_GYRO_UC,2475,-3100,0,0.681641,1.835938,0.158203,0.001953,0.000000,-0.003906
25022407,BNO_GYRO_UC,2476,-3100,0,0.515625,1.417969,0.273438,0.001953,0.000000,-0.003906
25032748,BNO_GYRO_UC,2477,-3100,0,0.134766,0.910156,0.263672,0.001953,0.000000,-0.003906
25042115,BNO_GYRO_UC,2478,-2900,0,-0.171875,0.769531,0.078125,0.001953,0.000000,-0.003906
25052774,BNO_GYRO_UC,2479,-3200,0,-0.263672,0.935547,-0.013672,0.001953,0.000000,-0.003906
25062342,BNO_GYRO_UC,2480,-3100,0,-0.257812,1.187500,-0.107422,0.001953,0.000000,-0.003906
25073496,BNO_GYRO_UC,2481,-3400,0,-0.105469,1.597656,-0.095703,0.001953,0.000000,-0.003906
25082308,BNO_GYRO_UC,2482,-2900,0,0.015625,1.845703,0.017578,0.001953,0.000000,-0.003906
25093004,BNO_GYRO_UC,2483,-3200,0,0.044922,1.771484,0.183594,0.001953,0.000000,-0.003906
25103793,BNO_GYRO_UC,2484,-3400,0,0.033203,1.644531,0.322266,0.001953,0.000000,-0.003906
25113154,BNO_GYRO_UC,2485,-2500,0,0.015625,1.755859,0.509766,0.001953,0.000000,-0.003906
25122586,BNO_GYRO_UC,2486,-3100,0,0.041016,1.990234,0.634766,0.001953,0.000000,-0.003906
25133231,BNO_GYRO_UC,2487,-3100,0,0.089844,2.148438,0.564453,0.001953,0.000000,-0.003906
25142610,BNO_GYRO_UC,2488,-3100,0,0.070312,2.240234,0.453125,0.001953,0.000000,-0.003906
25153731,BNO_GYRO_UC,2489,-3400,0,-0.056641,2.337891,0.353516,0.001953,0.000000,-0.003906
25162726,BNO_GYRO_UC,2490,-3100,0,-0.255859,2.585938,0.279297,0.001953,0.000000,-0.003906
25173441,BNO_GYRO_UC,2491,-3100,0,-0.402344,3.109375,0.337891,0.001953,0.000000,-0.003906
25182861,BNO_GYRO_UC,2492,-3100,0,-0.488281,3.605469,0.423828,0.001953,0.000000,-0.003906
25193194,BNO_GYRO_UC,2493,-3100,0,-0.466797,3.898438,0.443359,0.001953,0.000000,-0.003906
25202367,BNO_GYRO_UC,2494,-2500,0,-0.386719,4.007812,0.427734,0.001953,0.000000,-0.003906
25213106,BNO_GYRO_UC,2495,-3100,0,-0.369141,3.906250,0.429688,0.001953,0.000000,-0.003906
25222934,BNO_GYRO_UC,2496,-3100,0,-0.296875,3.609375,0.439453,0.001953,0.000000,-0.003906
25233208,BNO_GYRO_UC,2497,-2900,0,-0.355469,3.298828,0.341797,0.001953,0.000000,-0.003906
25242779,BNO_GYRO_UC,2498,-2900,0,-0.316406,3.287109,0.349609,0.001953,0.000000,-0.003906
25253405,BNO_GYRO_UC,2499,-2900,0,-0.187500,3.324219,0.433594,0.001953,0.000000,-0.003906
25262854,BNO_GYRO_UC,2500,-3100,0,-0.109375,3.240234,0.412109,0.001953,0.000000,-0.003906
25273973,BNO_GYRO_UC,2501,-3400,0,-0.048828,3.292969,0.351562,0.001953,0.000000,-0.003906
25283497,BNO_GYRO_UC,2502,-3400,0,0.054688,3.574219,0.386719,0.001953,0.000000,-0.003906
25292819,BNO_GYRO_UC,2503,-2900,0,0.089844,3.744141,0.306641,0.001953,0.000000,-0.003906
25303096,BNO_GYRO_UC,2504,-3200,0,0.042969,3.777344,0.179688,0.001953,0.000000,-0.003906
25314075,BNO_GYRO_UC,2505,-3400,0,-0.160156,3.937500,0.068359,0.001953,0.000000,-0.003906
25323423,BNO_GYRO_UC,2506,-3200,0,-0.496094,4.357422,-0.140625,0.001953,0.000000,-0.003906
25332860,BNO_GYRO_UC,2507,-3100,0,-0.691406,5.029297,-0.218750,0.001953,0.000000,-0.003906
25343414,BNO_GYRO_UC,2508,-3100,0,-0.927734,5.753906,-0.171875,0.001953,0.000000,-0.003906
25353657,BNO_GYRO_UC,2509,-2900,0,-1.388672,6.318359,-0.236328,0.001953,0.000000,-0.003906
25362724,BNO_GYRO_UC,2510,-2700,0,-1.867188,6.617188,-0.302734,0.001953,0.000000,-0.003906
25373724,BNO_GYRO_UC,2511,-3100,0,-2.087891,6.802734,-0.251953,0.001953,0.000000,-0.003906
25383256,BNO_GYRO_UC,2512,-3100,0,-2.103516,6.910156,-0.250000,0.001953,0.000000,-0.003906
25393479,BNO_GYRO_UC,2513,-3100,0,-2.019531,6.884766,-0.265625,0.001953,0.000000,-0.003906
25403526,BNO_GYRO_UC,2514,-3200,0,-1.802734,6.828125,-0.306641,0.001953,0.000000,-0.003906
25413121,BNO_GYRO_UC,2515,-2900,0,-1.525391,6.824219,-0.259766,0.001953,0.000000,-0.003906
25423599,BNO_GYRO_UC,2516,-3200,0,-1.404297,6.658203,-0.078125,0.001953,0.000000,-0.003906
25433578,BNO_GYRO_UC,2517,-2700,0,-1.275391,6.150391,0.166016,0.001953,0.000000,-0.003906
25443710,BNO_GYRO_UC,2518,-3200,0,-1.000000,5.585938,0.427734,0.001953,0.000000,-0.003906
25453212,BNO_GYRO_UC,2519,-2900,0,-0.623047,5.062500,0.755859,0.001953,0.000000,-0.003906
25463758,BNO_GYRO_UC,2520,-3100,0,-0.248047,4.306641,1.060547,0.001953,0.000000,-0.003906
25473707,BNO_GYRO_UC,2521,-2700,0,0.103516,3.130859,1.300781,0.001953,0.000000,-0.003906
25483865,BNO_GYRO_UC,2522,-3200,0,0.369141,1.882812,1.408203,0.001953,0.000000,-0.003906
25493230,BNO_GYRO_UC,2523,-2900,0,0.492188,0.779297,1.234375,0.001953,0.000000,-0.003906
25503891,BNO_GYRO_UC,2524,-3100,0,0.552734,-0.300781,0.906250,0.001953,0.000000,-0.003906
25514066,BNO_GYRO_UC,2525,-2700,0,0.587891,-1.443359,0.447266,0.001953,0.000000,-0.003906
25524093,BNO_GYRO_UC,2526,-3200,0,0.671875,-2.562500,-0.171875,0.001953,0.000000,-0.003906
25533605,BNO_GYRO_UC,2527,-2900,0,0.701172,-3.509766,-0.732422,0.001953,0.000000,-0.003906
25544046,BNO_GYRO_UC,2528,-3100,0,0.548828,-4.343750,-1.050781,0.001953,0.000000,-0.003906
25554185,BNO_GYRO_UC,2529,-2700,0,0.414062,-5.019531,-1.236328,0.001953,0.000000,-0.003906
25564535,BNO_GYRO_UC,2530,-3200,0,0.369141,-5.472656,-1.480469,0.001953,0.000000,-0.003906
25573541,BNO_GYRO_UC,2531,-3100,0,0.611328,-5.578125,-1.605469,0.001953,0.000000,-0.003906
25584102,BNO_GYRO_UC,2532,-3100,0,0.947266,-5.351562,-1.431641,0.001953,0.000000,-0.003906
25594455,BNO_GYRO_UC,2533,-2900,0,1.212891,-5.089844,-1.076172,0.001953,0.000000,-0.003906
25604627,BNO_GYRO_UC,2534,-3200,0,1.494141,-5.064453,-0.679688,0.001953,0.000000,-0.003906
25613660,BNO_GYRO_UC,2535,-3100,0,1.873047,-5.248047,-0.279297,0.001953,0.000000,-0.003906
25624312,BNO_GYRO_UC,2536,-3100,0,2.189453,-5.666016,0.046875,0.001953,0.000000,-0.003906
25634529,BNO_GYRO_UC,2537,-2900,0,2.164062,-6.234375,0.232422,0.001953,0.000000,-0.003906
25644760,BNO_GYRO_UC,2538,-3200,0,1.966797,-6.869141,0.384766,0.001953,0.000000,-0.003906
25653766,BNO_GYRO_UC,2539,-3100,0,2.009766,-7.607422,0.361328,0.001953,0.000000,-0.003906
25664486,BNO_GYRO_UC,2540,-3100,0,1.996094,-8.439453,-0.222656,0.001953,0.000000,-0.003906
25674703,BNO_GYRO_UC,2541,-2900,0,2.119141,-9.039062,-0.861328,0.001953,0.000000,-0.003906
25684287,BNO_GYRO_UC,2542,-3100,0,2.412109,-9.361328,-1.000000,0.001953,0.000000,-0.003906
25693703,BNO_GYRO_UC,2543,-2900,0,2.550781,-9.261719,-0.978516,0.001953,0.000000,-0.003906
25704348,BNO_GYRO_UC,2544,-3100,0,2.345703,-8.519531,-0.562500,0.001953,0.000000,-0.003906
25714693,BNO_GYRO_UC,2545,-3100,0,2.103516,-7.091797,0.189453,0.001953,0.000000,-0.003906
25724938,BNO_GYRO_UC,2546,-3200,0,1.974609,-6.011719,0.906250,0.001953,0.000000,-0.003906
25733929,BNO_GYRO_UC,2547,-2900,0,1.837891,-6.214844,1.283203,0.001953,0.000000,-0.003906
25744452,BNO_GYRO_UC,2548,-3100,0,1.794922,-6.785156,1.275391,0.001953,0.000000,-0.003906
25754854,BNO_GYRO_UC,2549,-2900,0,1.068359,-7.283203,1.230469,0.001953,0.000000,-0.003906
25765036,BNO_GYRO_UC,2550,-3200,0,-0.302734,-7.810547,1.457031,0.001953,0.000000,-0.003906
25774034,BNO_GYRO_UC,2551,-3100,0,-1.664062,-7.833984,1.291016,0.001953,0.000000,-0.003906
25784735,BNO_GYRO_UC,2552,-3100,0,-2.117188,-6.939453,0.652344,0.001953,0.000000,-0.003906
25795170,BNO_GYRO_UC,2553,-3100,0,-1.603516,-5.296875,0.279297,0.001953,0.000000,-0.003906
25804428,BNO_GYRO_UC,2554,-2700,0,-0.595703,-3.376953,0.322266,0.001953,0.000000,-0.003906
25813959,BNO_GYRO_UC,2555,-2900,0,0.345703,-2.058594,0.246094,0.001953,0.000000,-0.003906
25824650,BNO_GYRO_UC,2556,-3100,0,0.890625,-1.228516,0.167969,0.001953,0.000000,-0.003906
25835135,BNO_GYRO_UC,2557,-3100,0,1.087891,-0.576172,0.292969,0.001953,0.000000,-0.003906
25844573,BNO_GYRO_UC,2558,-2700,0,1.125000,-0.082031,0.384766,0.001953,0.000000,-0.003906
25853888,BNO_GYRO_UC,2559,-2700,0,0.933594,0.017578,0.419922,0.001953,0.000000,-0.003906
25864586,BNO_GYRO_UC,2560,-3100,0,0.562500,-0.195312,0.523438,0.001953,0.000000,-0.003906
25874418,BNO_GYRO_UC,2561,-3200,0,0.064453,-0.476562,0.507812,0.001953,0.000000,-0.003906
25884832,BNO_GYRO_UC,2562,-3200,0,-0.332031,-0.695312,0.337891,0.001953,0.000000,-0.003906
25894280,BNO_GYRO_UC,2563,-3100,0,-0.580078,-0.755859,0.226562,0.001953,0.000000,-0.003906
25905071,BNO_GYRO_UC,2564,-3100,0,-0.783203,-0.751953,0.205078,0.001953,0.000000,-0.003906
25915483,BNO_GYRO_UC,2565,-3100,0,-0.810547,-0.548828,0.210938,0.001953,0.000000,-0.003906
25924906,BNO_GYRO_UC,2566,-2700,0,-0.451172,-0.130859,0.134766,0.001953,0.000000,-0.003906
25934080,BNO_GYRO_UC,2567,-2900,0,0.052734,0.271484,0.003906,0.001953,0.000000,-0.003906
25944657,BNO_GYRO_UC,2568,-3100,0,0.419922,0.455078,-0.087891,0.001953,0.000000,-0.003906
25954383,BNO_GYRO_UC,2569,-2900,0,0.677734,0.527344,-0.179688,0.001953,0.000000,-0.003906
25965446,BNO_GYRO_UC,2570,-3400,0,0.726562,0.496094,-0.212891,0.001953,0.000000,-0.003906
25974475,BNO_GYRO_UC,2571,-3100,0,0.576172,0.365234,-0.132812,0.001953,0.000000,-0.003906
25985250,BNO_GYRO_UC,2572,-3200,0,0.320312,0.232422,-0.048828,0.001953,0.000000,-0.003906
25995731,BNO_GYRO_UC,2573,-3100,0,0.089844,0.156250,-0.009766,0.001953,0.000000,-0.003906
26004978,BNO_GYRO_UC,2574,-2300,0,-0.033203,0.099609,-0.021484,0.001953,0.000000,-0.003906
26014201,BNO_GYRO_UC,2575,-2700,0,-0.144531,0.060547,-0.056641,0.001953,0.000000,-0.003906
26024895,BNO_GYRO_UC,2576,-3100,0,-0.210938,0.052734,-0.072266,0.001953,0.000000,-0.003906
26034430,BNO_GYRO_UC,2577,-3100,0,-0.250000,0.080078,-0.031250,0.001953,0.000000,-0.003906
26045808,BNO_GYRO_UC,2578,-3600,0,-0.216797,0.066406,0.029297,0.001953,0.000000,-0.003906
26054609,BNO_GYRO_UC,2579,-2900,0,-0.150391,-0.050781,0.058594,0.001953,0.000000,-0.003906
26065209,BNO_GYRO_UC,2580,-3100,0,-0.080078,-0.222656,0.076172,0.001953,0.000000,-0.003906
26075458,BNO_GYRO_UC,2581,-3400,0,0.087891,-0.466797,0.025391,0.001953,0.000000,-0.003906
26085862,BNO_GYRO_UC,2582,-3200,0,0.113281,-0.869141,0.023438,0.001953,0.000000,-0.003906
26094669,BNO_GYRO_UC,2583,-2900,0,0.058594,-1.630859,0.113281,0.001953,0.000000,-0.003906
26105237,BNO_GYRO_UC,2584,-3100,0,-0.076172,-2.701172,0.222656,0.001953,0.000000,-0.003906
26114751,BNO_GYRO_UC,2585,-3100,0,-0.376953,-3.998047,0.458984,0.001953,0.000000,-0.003906
26125819,BNO_GYRO_UC,2586,-3400,0,-0.525391,-5.480469,0.595703,0.001953,0.000000,-0.003906
26135261,BNO_GYRO_UC,2587,-3400,0,-0.365234,-6.986328,0.615234,0.001953,0.000000,-0.003906
26144865,BNO_GYRO_UC,2588,-3100,0,-0.029297,-8.515625,0.562500,0.001953,0.000000,-0.003906
26155010,BNO_GYRO_UC,2589,-3100,0,0.642578,-10.568359,0.173828,0.001953,0.000000,-0.003906
26165183,BNO_GYRO_UC,2590,-2900,0,1.660156,-12.876953,-0.617188,0.001953,0.000000,-0.003906
26174723,BNO_GYRO_UC,2591,-2900,0,1.812500,-14.417969,-1.224609,0.001953,0.000000,-0.003906
26185537,BNO_GYRO_UC,2592,-3100,0,1.146484,-14.355469,-1.511719,0.001953,0.000000,-0.003906
26194992,BNO_GYRO_UC,2593,-3100,0,1.146484,-13.224609,-1.158203,0.001953,0.000000,-0.003906
26206093,BNO_GYRO_UC,2594,-3400,0,1.929688,-12.009766,-0.511719,0.001953,0.000000,-0.003906
26215494,BNO_GYRO_UC,2595,-3400,0,2.898438,-10.513672,0.027344,0.001953,0.000000,-0.003906
26225052,BNO_GYRO_UC,2596,-3100,0,3.238281,-8.437500,0.511719,0.001953,0.000000,-0.003906
26235392,BNO_GYRO_UC,2597,-3100,0,3.041016,-6.826172,0.804688,0.001953,0.000000,-0.003906
26245909,BNO_GYRO_UC,2598,-3200,0,2.398438,-5.562500,0.908203,0.001953,0.000000,-0.003906
26255306,BNO_GYRO_UC,2599,-3100,0,1.710938,-4.488281,0.845703,0.001953,0.000000,-0.003906
26265145,BNO_GYRO_UC,2600,-3100,0,1.326172,-3.751953,0.761719,0.001953,0.000000,-0.003906
26275430,BNO_GYRO_UC,2601,-3100,0,1.048828,-3.087891,0.554688,0.001953,0.000000,-0.003906
26285870,BNO_GYRO_UC,2602,-2900,0,0.712891,-2.304688,0.376953,0.001953,0.000000,-0.003906
26294820,BNO_GYRO_UC,2603,-2700,0,0.480469,-1.515625,0.255859,0.001953,0.000000,-0.003906
26305900,BNO_GYRO_UC,2604,-3100,0,0.314453,-0.761719,0.105469,0.001953,0.000000,-0.003906
26315246,BNO_GYRO_UC,2605,-3100,0,0.175781,-0.199219,-0.013672,0.001953,0.000000,-0.003906
26326453,BNO_GYRO_UC,2606,-3400,0,0.099609,0.177734,-0.078125,0.001953,0.000000,-0.003906
26335719,BNO_GYRO_UC,2607,-3400,0,0.054688,0.353516,-0.158203,0.001953,0.000000,-0.003906
26345251,BNO_GYRO_UC,2608,-2900,0,0.140625,0.449219,-0.376953,0.001953,0.000000,-0.003906
26355728,BNO_GYRO_UC,2609,-3100,0,0.150391,0.509766,-0.419922,0.001953,0.000000,-0.003906
26365714,BNO_GYRO_UC,2610,-2700,0,-0.074219,0.437500,-0.294922,0.001953,0.000000,-0.003906
26376011,BNO_GYRO_UC,2611,-3200,0,-0.246094,0.416016,-0.218750,0.001953,0.000000,-0.003906
26385394,BNO_GYRO_UC,2612,-2900,0,-0.253906,0.462891,-0.224609,0.001953,0.000000,-0.003906
26395868,BNO_GYRO_UC,2613,-3100,0,-0.250000,0.554688,-0.279297,0.001953,0.000000,-0.003906
26405925,BNO_GYRO_UC,2614,-2700,0,-0.291016,0.587891,-0.279297,0.001953,0.000000,-0.003906
26416147,BNO_GYRO_UC,2615,-3400,0,-0.250000,0.625000,-0.324219,0.001953,0.000000,-0.003906
26425558,BNO_GYRO_UC,2616,-3100,0,-0.099609,0.568359,-0.453125,0.001953,0.000000,-0.003906
26436018,BNO_GYRO_UC,2617,-3100,0,-0.003906,0.441406,-0.541016,0.001953,0.000000,-0.003906
26446011,BNO_GYRO_UC,2618,-2500,0,-0.015625,0.347656,-0.537109,0.001953,0.000000,-0.003906
26456116,BNO_GYRO_UC,2619,-3400,0,-0.064453,0.277344,-0.447266,0.001953,0.000000,-0.003906
26465564,BNO_GYRO_UC,2620,-3100,0,-0.171875,0.279297,-0.306641,0.001953,0.000000,-0.003906
26476069,BNO_GYRO_UC,2621,-3100,0,-0.285156,0.238281,-0.130859,0.001953,0.000000,-0.003906
26486417,BNO_GYRO_UC,2622,-2900,0,-0.404297,0.218750,0.062500,0.001953,0.000000,-0.003906
26496355,BNO_GYRO_UC,2623,-3200,0,-0.408203,0.173828,0.140625,0.001953,0.000000,-0.003906
26505838,BNO_GYRO_UC,2624,-2900,0,-0.333984,0.207031,0.128906,0.001953,0.000000,-0.003906
26516321,BNO_GYRO_UC,2625,-3200,0,-0.214844,0.208984,0.050781,0.001953,0.000000,-0.003906
26526353,BNO_GYRO_UC,2626,-2500,0,-0.134766,0.183594,0.029297,0.001953,0.000000,-0.003906
26536583,BNO_GYRO_UC,2627,-3200,0,-0.111328,0.128906,0.109375,0.001953,0.000000,-0.003906
26545737,BNO_GYRO_UC,2628,-3100,0,-0.101562,0.052734,0.197266,0.001953,0.000000,-0.003906
26556392,BNO_GYRO_UC,2629,-3100,0,-0.115234,0.015625,0.240234,0.001953,0.000000,-0.003906
26566630,BNO_GYRO_UC,2630,-2900,0,-0.160156,-0.046875,0.240234,0.001953,0.000000,-0.003906
26576790,BNO_GYRO_UC,2631,-3200,0,-0.207031,-0.097656,0.251953,0.001953,0.000000,-0.003906
26585852,BNO_GYRO_UC,2632,-2900,0,-0.230469,-0.085938,0.294922,0.001953,0.000000,-0.003906
26596555,BNO_GYRO_UC,2633,-3200,0,-0.158203,0.001953,0.279297,0.001953,0.000000,-0.003906
26606905,BNO_GYRO_UC,2634,-2900,0,-0.046875,0.068359,0.183594,0.001953,0.000000,-0.003906
26616185,BNO_GYRO_UC,2635,-3100,0,0.023438,0.060547,0.109375,0.001953,0.000000,-0.003906
26625963,BNO_GYRO_UC,2636,-3100,0,0.009766,0.152344,0.099609,0.001953,0.000000,-0.003906
26636462,BNO_GYRO_UC,2637,-3200,0,-0.060547,0.191406,0.238281,0.001953,0.000000,-0.003906
26647001,BNO_GYRO_UC,2638,-3100,0,-0.222656,0.365234,0.277344,0.001953,0.000000,-0.003906
26656297,BNO_GYRO_UC,2639,-3100,0,-0.298828,0.509766,0.306641,0.001953,0.000000,-0.003906
26665966,BNO_GYRO_UC,2640,-3100,0,-0.503906,0.638672,0.363281,0.001953,0.000000,-0.003906
26676592,BNO_GYRO_UC,2641,-3200,0,-0.564453,0.921875,0.279297,0.001953,0.000000,-0.003906
26687146,BNO_GYRO_UC,2642,-3200,0,-0.630859,1.240234,0.117188,0.001953,0.000000,-0.003906
26696676,BNO_GYRO_UC,2643,-3100,0,-0.716797,1.679688,0.041016,0.001953,0.000000,-0.003906
26706268,BNO_GYRO_UC,2644,-3100,0,-0.835938,2.347656,0.001953,0.001953,0.000000,-0.003906
26716172,BNO_GYRO_UC,2645,-3100,0,-1.080078,3.263672,-0.048828,0.001953,0.000000,-0.003906
26726482,BNO_GYRO_UC,2646,-3400,0,-1.392578,4.537109,0.054688,0.001953,0.000000,-0.003906
26736905,BNO_GYRO_UC,2647,-3200,0,-1.662109,6.210938,0.382812,0.001953,0.000000,-0.003906
26746265,BNO_GYRO_UC,2648,-3100,0,-2.089844,7.925781,0.878906,0.001953,0.000000,-0.003906
26756973,BNO_GYRO_UC,2649,-3200,0,-2.611328,9.416016,1.447266,0.001953,0.000000,-0.003906
26767549,BNO_GYRO_UC,2650,-3100,0,-2.742188,10.720703,1.783203,0.001953,0.000000,-0.003906
26776973,BNO_GYRO_UC,2651,-3100,0,-2.603516,11.687500,2.261719,0.001953,0.000000,-0.003906
26786380,BNO_GYRO_UC,2652,-2900,0,-2.248047,12.070312,2.445312,0.001953,0.000000,-0.003906
26796474,BNO_GYRO_UC,2653,-3100,0,-1.562500,11.904297,2.222656,0.001953,0.000000,-0.003906
26806729,BNO_GYRO_UC,2654,-3400,0,-0.578125,11.199219,1.652344,0.001953,0.000000,-0.003906
26817115,BNO_GYRO_UC,2655,-3400,0,0.376953,9.970703,0.974609,0.001953,0.000000,-0.003906
26826375,BNO_GYRO_UC,2656,-3100,0,0.904297,8.156250,0.505859,0.001953,0.000000,-0.003906
26836965,BNO_GYRO_UC,2657,-3100,0,1.240234,6.681641,0.171875,0.001953,0.000000,-0.003906
26847469,BNO_GYRO_UC,2658,-3100,0,1.238281,5.484375,0.013672,0.001953,0.000000,-0.003906
26856794,BNO_GYRO_UC,2659,-2700,0,1.119141,4.560547,0.093750,0.001953,0.000000,-0.003906
26866328,BNO_GYRO_UC,2660,-2900,0,0.904297,3.978516,0.261719,0.001953,0.000000,-0.003906
26876948,BNO_GYRO_UC,2661,-3100,0,0.667969,3.617188,0.478516,0.001953,0.000000,-0.003906
26886617,BNO_GYRO_UC,2662,-3200,0,0.552734,3.146484,0.638672,0.001953,0.000000,-0.003906
26896884,BNO_GYRO_UC,2663,-3100,0,0.503906,2.404297,0.578125,0.001953,0.000000,-0.003906
26906434,BNO_GYRO_UC,2664,-2900,0,0.355469,1.583984,0.394531,0.001953,0.000000,-0.003906
26916965,BNO_GYRO_UC,2665,-3100,0,0.169922,0.867188,0.341797,0.001953,0.000000,-0.003906
26926665,BNO_GYRO_UC,2666,-3100,0,0.175781,0.332031,0.310547,0.001953,0.000000,-0.003906
26937740,BNO_GYRO_UC,2667,-3400,0,0.419922,0.029297,-0.001953,0.001953,0.000000,-0.003906
26946630,BNO_GYRO_UC,2668,-3100,0,0.560547,-0.091797,-0.351562,0.001953,0.000000,-0.003906
26957400,BNO_GYRO_UC,2669,-3100,0,0.472656,-0.029297,-0.488281,0.001953,0.000000,-0.003906
26967613,BNO_GYRO_UC,2670,-3400,0,0.320312,0.208984,-0.339844,0.001953,0.000000,-0.003906
26977222,BNO_GYRO_UC,2671,-2500,0,0.214844,0.359375,-0.103516,0.001953,0.000000,-0.003906
26986377,BNO_GYRO_UC,2672,-2700,0,0.123047,0.373047,0.021484,0.001953,0.000000,-0.003906
26997098,BNO_GYRO_UC,2673,-3100,0,0.033203,0.341797,0.062500,0.001953,0.000000,-0.003906
27006788,BNO_GYRO_UC,2674,-3200,0,0.048828,0.267578,0.031250,0.001953,0.000000,-0.003906
27017329,BNO_GYRO_UC,2675,-3200,0,0.136719,0.203125,-0.025391,0.001953,0.000000,-0.003906
27026329,BNO_GYRO_UC,2676,-2500,0,0.091797,0.109375,-0.099609,0.001953,0.000000,-0.003906
27037236,BNO_GYRO_UC,2677,-3100,0,-0.013672,0.072266,-0.154297,0.001953,0.000000,-0.003906
27047047,BNO_GYRO_UC,2678,-3100,0,-0.044922,0.187500,-0.175781,0.001953,0.000000,-0.003906
27057375,BNO_GYRO_UC,2679,-3200,0,-0.025391,0.279297,-0.111328,0.001953,0.000000,-0.003906
27066880,BNO_GYRO_UC,2680,-3100,0,-0.037109,0.443359,-0.080078,0.001953,0.000000,-0.003906
27077571,BNO_GYRO_UC,2681,-3200,0,-0.046875,0.816406,-0.054688,0.001953,0.000000,-0.003906
27086857,BNO_GYRO_UC,2682,-3100,0,-0.037109,1.167969,-0.048828,0.001953,0.000000,-0.003906
27098153,BNO_GYRO_UC,2683,-3600,0,0.003906,1.427734,-0.003906,0.001953,0.000000,-0.003906
27107564,BNO_GYRO_UC,2684,-3200,0,-0.013672,1.669922,0.087891,0.001953,0.000000,-0.003906
27117062,BNO_GYRO_UC,2685,-3100,0,-0.046875,1.976562,0.210938,0.001953,0.000000,-0.003906
27127039,BNO_GYRO_UC,2686,-3100,0,-0.058594,2.320312,0.267578,0.001953,0.000000,-0.003906
27138346,BNO_GYRO_UC,2687,-3600,0,-0.195312,2.472656,0.289062,0.001953,0.000000,-0.003906
27147139,BNO_GYRO_UC,2688,-3100,0,-0.296875,2.404297,0.333984,0.001953,0.000000,-0.003906
27157849,BNO_GYRO_UC,2689,-3100,0,-0.375000,2.507812,0.447266,0.001953,0.000000,-0.003906
27167234,BNO_GYRO_UC,2690,-3100,0,-0.490234,2.697266,0.582031,0.001953,0.000000,-0.003906
27177619,BNO_GYRO_UC,2691,-3100,0,-0.587891,2.755859,0.525391,0.001953,0.000000,-0.003906
27187719,BNO_GYRO_UC,2692,-3200,0,-0.904297,2.861328,0.269531,0.001953,0.000000,-0.003906
27197247,BNO_GYRO_UC,2693,-2900,0,-1.460938,3.447266,0.166016,0.001953,0.000000,-0.003906
27207564,BNO_GYRO_UC,2694,-3200,0,-1.773438,4.857422,0.488281,0.001953,0.000000,-0.003906
27217555,BNO_GYRO_UC,2695,-2700,0,-1.708984,6.449219,1.001953,0.001953,0.000000,-0.003906
27227831,BNO_GYRO_UC,2696,-3200,0,-1.318359,7.632812,1.613281,0.001953,0.000000,-0.003906
27237238,BNO_GYRO_UC,2697,-3100,0,-1.068359,8.138672,2.111328,0.001953,0.000000,-0.003906
27247731,BNO_GYRO_UC,2698,-3200,0,-0.824219,8.513672,2.292969,0.001953,0.000000,-0.003906
27257715,BNO_GYRO_UC,2699,-2700,0,-0.169922,9.003906,2.267578,0.001953,0.000000,-0.003906
27267906,BNO_GYRO_UC,2700,-3400,0,0.771484,9.316406,1.988281,0.001953,0.000000,-0.003906
27277343,BNO_GYRO_UC,2701,-3100,0,1.412109,9.535156,1.830078,0.001953,0.000000,-0.003906
27287903,BNO_GYRO_UC,2702,-3200,0,1.501953,9.423828,1.650391,0.001953,0.000000,-0.003906
27297860,BNO_GYRO_UC,2703,-2500,0,1.498047,8.724609,1.193359,0.001953,0.000000,-0.003906
27308016,BNO_GYRO_UC,2704,-3400,0,1.537109,7.607422,0.789062,0.001953,0.000000,-0.003906
27317562,BNO_GYRO_UC,2705,-3100,0,1.751953,6.611328,0.554688,0.001953,0.000000,-0.003906
27327925,BNO_GYRO_UC,2706,-3200,0,2.074219,5.960938,0.363281,0.001953,0.000000,-0.003906
27337905,BNO_GYRO_UC,2707,-2700,0,2.291016,5.316406,0.291016,0.001953,0.000000,-0.003906
27348116,BNO_GYRO_UC,2708,-3200,0,2.353516,4.507812,0.316406,0.001953,0.000000,-0.003906
27357467,BNO_GYRO_UC,2709,-2900,0,2.291016,3.750000,0.318359,0.001953,0.000000,-0.003906
27367928,BNO_GYRO_UC,2710,-3100,0,2.029297,3.273438,0.322266,0.001953,0.000000,-0.003906
27378309,BNO_GYRO_UC,2711,-2900,0,1.595703,2.929688,0.326172,0.001953,0.000000,-0.003906
27388621,BNO_GYRO_UC,2712,-3200,0,1.117188,2.628906,0.337891,0.001953,0.000000,-0.003906
27397739,BNO_GYRO_UC,2713,-3100,0,0.724609,2.408203,0.292969,0.001953,0.000000,-0.003906
27408288,BNO_GYRO_UC,2714,-3100,0,0.406250,2.212891,0.167969,0.001953,0.000000,-0.003906
27418324,BNO_GYRO_UC,2715,-2700,0,0.201172,1.964844,0.080078,0.001953,0.000000,-0.003906
27428545,BNO_GYRO_UC,2716,-3200,0,0.111328,1.683594,0.076172,0.001953,0.000000,-0.003906
27437738,BNO_GYRO_UC,2717,-3100,0,0.095703,1.388672,0.103516,0.001953,0.000000,-0.003906
27448395,BNO_GYRO_UC,2718,-3200,0,0.138672,1.115234,0.167969,0.001953,0.000000,-0.003906
27458781,BNO_GYRO_UC,2719,-3100,0,0.205078,0.906250,0.251953,0.001953,0.000000,-0.003906
27468207,BNO_GYRO_UC,2720,-3200,0,0.271484,0.750000,0.328125,0.001953,0.000000,-0.003906
27477834,BNO_GYRO_UC,2721,-2900,0,0.324219,0.638672,0.406250,0.001953,0.000000,-0.003906
27488444,BNO_GYRO_UC,2722,-3200,0,0.308594,0.539062,0.423828,0.001953,0.000000,-0.003906
27498917,BNO_GYRO_UC,2723,-3200,0,0.246094,0.406250,0.380859,0.001953,0.000000,-0.003906
27508235,BNO_GYRO_UC,2724,-3100,0,0.197266,0.294922,0.314453,0.001953,0.000000,-0.003906
27517859,BNO_GYRO_UC,2725,-3100,0,0.158203,0.173828,0.240234,0.001953,0.000000,-0.003906
27528463,BNO_GYRO_UC,2726,-3100,0,0.080078,0.076172,0.183594,0.001953,0.000000,-0.003906
27538816,BNO_GYRO_UC,2727,-3100,0,0.027344,0.007812,0.140625,0.001953,0.000000,-0.003906
27549048,BNO_GYRO_UC,2728,-3400,0,-0.013672,-0.074219,0.082031,0.001953,0.000000,-0.003906
27558094,BNO_GYRO_UC,2729,-3100,0,-0.064453,-0.164062,0.060547,0.001953,0.000000,-0.003906
27568812,BNO_GYRO_UC,2730,-3100,0,-0.126953,-0.257812,0.076172,0.001953,0.000000,-0.003906
27579263,BNO_GYRO_UC,2731,-3100,0,-0.156250,-0.343750,0.095703,0.001953,0.000000,-0.003906
27588554,BNO_GYRO_UC,2732,-3200,0,-0.121094,-0.447266,0.103516,0.001953,0.000000,-0.003906
27598120,BNO_GYRO_UC,2733,-2900,0,-0.089844,-0.517578,0.078125,0.001953,0.000000,-0.003906
27608697,BNO_GYRO_UC,2734,-3200,0,-0.068359,-0.552734,0.042969,0.001953,0.000000,-0.003906
27619189,BNO_GYRO_UC,2735,-3100,0,-0.050781,-0.673828,-0.011719,0.001953,0.000000,-0.003906
27628643,BNO_GYRO_UC,2736,-2900,0,-0.023438,-0.828125,-0.080078,0.001953,0.000000,-0.003906
27638255,BNO_GYRO_UC,2737,-3100,0,0.005859,-0.984375,-0.150391,0.001953,0.000000,-0.003906
27648859,BNO_GYRO_UC,2738,-3200,0,-0.013672,-1.152344,-0.203125,0.001953,0.000000,-0.003906
27659240,BNO_GYRO_UC,2739,-3100,0,-0.083984,-1.324219,-0.242188,0.001953,0.000000,-0.003906
27668698,BNO_GYRO_UC,2740,-2700,0,-0.164062,-1.427734,-0.285156,0.001953,0.000000,-0.003906
27678359,BNO_GYRO_UC,2741,-3100,0,-0.244141,-1.492188,-0.324219,0.001953,0.000000,-0.003906
27688317,BNO_GYRO_UC,2742,-3100,0,-0.333984,-1.542969,-0.392578,0.001953,0.000000,-0.003906
27698598,BNO_GYRO_UC,2743,-3400,0,-0.369141,-1.630859,-0.503906,0.001953,0.000000,-0.003906
27708717,BNO_GYRO_UC,2744,-2900,0,-0.328125,-1.787109,-0.601562,0.001953,0.000000,-0.003906
27718314,BNO_GYRO_UC,2745,-2900,0,-0.308594,-2.064453,-0.654297,0.001953,0.000000,-0.003906
27728954,BNO_GYRO_UC,2746,-3100,0,-0.375000,-2.402344,-0.660156,0.001953,0.000000,-0.003906
27739450,BNO_GYRO_UC,2747,-3100,0,-0.449219,-2.740234,-0.603516,0.001953,0.000000,-0.003906
27748872,BNO_GYRO_UC,2748,-2500,0,-0.443359,-3.091797,-0.546875,0.001953,0.000000,-0.003906
27758434,BNO_GYRO_UC,2749,-2900,0,-0.408203,-3.330078,-0.660156,0.001953,0.000000,-0.003906
27769135,BNO_GYRO_UC,2750,-3100,0,-0.408203,-3.388672,-0.759766,0.001953,0.000000,-0.003906
27779623,BNO_GYRO_UC,2751,-3100,0,-0.478516,-3.400391,-0.742188,0.001953,0.000000,-0.003906
27789018,BNO_GYRO_UC,2752,-2500,0,-0.519531,-3.451172,-0.660156,0.001953,0.000000,-0.003906
27798478,BNO_GYRO_UC,2753,-2900,0,-0.523438,-3.619141,-0.585938,0.001953,0.000000,-0.003906
27809281,BNO_GYRO_UC,2754,-3100,0,-0.371094,-3.908203,-0.582031,0.001953,0.000000,-0.003906
27819667,BNO_GYRO_UC,2755,-3100,0,-0.179688,-4.611328,-0.574219,0.001953,0.000000,-0.003906
27829148,BNO_GYRO_UC,2756,-2700,0,-0.103516,-5.779297,-0.480469,0.001953,0.000000,-0.003906
27838649,BNO_GYRO_UC,2757,-3100,0,-0.175781,-6.939453,-0.349609,0.001953,0.000000,-0.003906
27849260,BNO_GYRO_UC,2758,-3100,0,-0.205078,-7.945312,-0.333984,0.001953,0.000000,-0.003906
27858766,BNO_GYRO_UC,2759,-3100,0,-0.134766,-8.453125,-0.828125,0.001953,0.000000,-0.003906
27869164,BNO_GYRO_UC,2760,-3100,0,0.281250,-8.412109,-1.349609,0.001953,0.000000,-0.003906
27878622,BNO_GYRO_UC,2761,-2900,0,0.699219,-8.267578,-1.806641,0.001953,0.000000,-0.003906
27889184,BNO_GYRO_UC,2762,-3100,0,0.898438,-8.115234,-1.986328,0.001953,0.000000,-0.003906
27898911,BNO_GYRO_UC,2763,-3200,0,0.769531,-7.607422,-1.500000,0.001953,0.000000,-0.003906
27909136,BNO_GYRO_UC,2764,-2900,0,0.539062,-6.558594,-0.847656,0.001953,0.000000,-0.003906
27918801,BNO_GYRO_UC,2765,-3100,0,0.525391,-5.810547,-0.447266,0.001953,0.000000,-0.003906
27929428,BNO_GYRO_UC,2766,-3100,0,0.476562,-6.070312,-0.017578,0.001953,0.000000,-0.003906
27938864,BNO_GYRO_UC,2767,-3100,0,0.419922,-6.076172,0.478516,0.001953,0.000000,-0.003906
27949923,BNO_GYRO_UC,2768,-3400,0,0.611328,-5.591797,0.830078,0.001953,0.000000,-0.003906
27959302,BNO_GYRO_UC,2769,-3200,0,1.056641,-5.060547,0.705078,0.001953,0.000000,-0.003906
27968879,BNO_GYRO_UC,2770,-3100,0,1.263672,-4.701172,0.296875,0.001953,0.000000,-0.003906
27980063,BNO_GYRO_UC,2771,-3400,0,0.736328,-4.373047,-0.236328,0.001953,0.000000,-0.003906
27989482,BNO_GYRO_UC,2772,-2300,0,0.193359,-3.744141,-0.566406,0.001953,0.000000,-0.003906
27999093,BNO_GYRO_UC,2773,-3100,0,-0.015625,-3.041016,-0.544922,0.001953,0.000000,-0.003906
28008986,BNO_GYRO_UC,2774,-2900,0,-0.162109,-2.373047,-0.316406,0.001953,0.000000,-0.003906
28019326,BNO_GYRO_UC,2775,-3100,0,-0.244141,-1.830078,-0.095703,0.001953,0.000000,-0.003906
28029408,BNO_GYRO_UC,2776,-2900,0,-0.115234,-1.509766,0.019531,0.001953,0.000000,-0.003906
28039619,BNO_GYRO_UC,2777,-3200,0,0.054688,-1.277344,0.052734,0.001953,0.000000,-0.003906
28048998,BNO_GYRO_UC,2778,-3100,0,0.050781,-1.019531,0.177734,0.001953,0.000000,-0.003906
28059562,BNO_GYRO_UC,2779,-3200,0,-0.113281,-0.904297,0.316406,0.001953,0.000000,-0.003906
28069906,BNO_GYRO_UC,2780,-3200,0,-0.226562,-0.978516,0.359375,0.001953,0.000000,-0.003906
28079363,BNO_GYRO_UC,2781,-3100,0,-0.341797,-0.970703,0.357422,0.001953,0.000000,-0.003906
28089907,BNO_GYRO_UC,2782,-3200,0,-0.492188,-0.882812,0.267578,0.001953,0.000000,-0.003906
28099171,BNO_GYRO_UC,2783,-2900,0,-0.623047,-0.566406,0.246094,0.001953,0.000000,-0.003906
28110287,BNO_GYRO_UC,2784,-3600,0,-0.613281,-0.361328,0.144531,0.001953,0.000000,-0.003906
28119551,BNO_GYRO_UC,2785,-3100,0,-0.412109,-0.320312,0.013672,0.001953,0.000000,-0.003906
28129264,BNO_GYRO_UC,2786,-3100,0,-0.144531,-0.242188,-0.121094,0.001953,0.000000,-0.003906
28139656,BNO_GYRO_UC,2787,-3200,0,0.064453,-0.257812,-0.248047,0.001953,0.000000,-0.003906
28149849,BNO_GYRO_UC,2788,-2700,0,0.210938,-0.341797,-0.300781,0.001953,0.000000,-0.003906
28159639,BNO_GYRO_UC,2789,-3200,0,0.441406,-0.556641,-0.423828,0.001953,0.000000,-0.003906
28169344,BNO_GYRO_UC,2790,-3100,0,0.519531,-0.904297,-0.494141,0.001953,0.000000,-0.003906
28179866,BNO_GYRO_UC,2791,-3100,0,0.392578,-1.234375,-0.421875,0.001953,0.000000,-0.003906
28189959,BNO_GYRO_UC,2792,-2700,0,0.169922,-1.445312,-0.343750,0.001953,0.000000,-0.003906
28200232,BNO_GYRO_UC,2793,-3200,0,0.021484,-1.515625,-0.322266,0.001953,0.000000,-0.003906
28209445,BNO_GYRO_UC,2794,-3100,0,0.121094,-1.562500,-0.369141,0.001953,0.000000,-0.003906
28219951,BNO_GYRO_UC,2795,-3100,0,0.349609,-1.822266,-0.515625,0.001953,0.000000,-0.003906
28229960,BNO_GYRO_UC,2796,-2700,0,0.417969,-2.460938,-0.607422,0.001953,0.000000,-0.003906
28240231,BNO_GYRO_UC,2797,-3200,0,0.449219,-3.333984,-0.677734,0.001953,0.000000,-0.003906
28249530,BNO_GYRO_UC,2798,-3100,0,0.630859,-4.511719,-0.845703,0.001953,0.000000,-0.003906
28260082,BNO_GYRO_UC,2799,-3100,0,0.906250,-5.718750,-1.111328,0.001953,0.000000,-0.003906
28270031,BNO_GYRO_UC,2800,-2500,0,1.183594,-6.669922,-1.253906,0.001953,0.000000,-0.003906
28280234,BNO_GYRO_UC,2801,-3200,0,0.982422,-7.449219,-1.277344,0.001953,0.000000,-0.003906
28289603,BNO_GYRO_UC,2802,-3100,0,0.423828,-7.892578,-1.085938,0.001953,0.000000,-0.003906
28300166,BNO_GYRO_UC,2803,-3100,0,-0.017578,-8.310547,-0.773438,0.001953,0.000000,-0.003906
28310305,BNO_GYRO_UC,2804,-2700,0,-0.167969,-8.794922,-0.703125,0.001953,0.000000,-0.003906
28320567,BNO_GYRO_UC,2805,-3200,0,-0.123047,-8.970703,-0.875000,0.001953,0.000000,-0.003906
28329710,BNO_GYRO_UC,2806,-3100,0,-0.001953,-8.947266,-0.962891,0.001953,0.000000,-0.003906
28340199,BNO_GYRO_UC,2807,-3200,0,0.388672,-8.615234,-0.955078,0.001953,0.000000,-0.003906
28350588,BNO_GYRO_UC,2808,-2900,0,0.917969,-7.943359,-0.640625,0.001953,0.000000,-0.003906
28360721,BNO_GYRO_UC,2809,-3200,0,1.216797,-7.199219,0.095703,0.001953,0.000000,-0.003906
28369795,BNO_GYRO_UC,2810,-3100,0,1.320312,-6.492188,0.917969,0.001953,0.000000,-0.003906
28380363,BNO_GYRO_UC,2811,-3100,0,1.232422,-5.890625,1.353516,0.001953,0.000000,-0.003906
28390680,BNO_GYRO_UC,2812,-2900,0,0.964844,-5.230469,1.357422,0.001953,0.000000,-0.003906
28400848,BNO_GYRO_UC,2813,-3200,0,0.736328,-4.400391,1.179688,0.001953,0.000000,-0.003906
28409989,BNO_GYRO_UC,2814,-3100,0,0.619141,-3.353516,0.933594,0.001953,0.000000,-0.003906
28420613,BNO_GYRO_UC,2815,-3100,0,0.560547,-2.423828,0.742188,0.001953,0.000000,-0.003906
28431088,BNO_GYRO_UC,2816,-3100,0,0.460938,-1.687500,0.455078,0.001953,0.000000,-0.003906
28440563,BNO_GYRO_UC,2817,-3200,0,0.410156,-0.925781,0.167969,0.001953,0.000000,-0.003906
28449944,BNO_GYRO_UC,2818,-3100,0,0.312500,-0.250000,-0.041016,0.001953,0.000000,-0.003906
28460569,BNO_GYRO_UC,2819,-3100,0,0.193359,0.304688,-0.046875,0.001953,0.000000,-0.003906
28471007,BNO_GYRO_UC,2820,-3100,0,-0.019531,0.677734,0.064453,0.001953,0.000000,-0.003906
28481223,BNO_GYRO_UC,2821,-3200,0,-0.240234,0.958984,0.203125,0.001953,0.000000,-0.003906
28490237,BNO_GYRO_UC,2822,-3100,0,-0.376953,1.279297,0.289062,0.001953,0.000000,-0.003906
28500092,BNO_GYRO_UC,2823,-3100,0,-0.410156,1.642578,0.279297,0.001953,0.000000,-0.003906
28510593,BNO_GYRO_UC,2824,-3200,0,-0.460938,1.958984,0.289062,0.001953,0.000000,-0.003906
28521080,BNO_GYRO_UC,2825,-3600,0,-0.544922,2.412109,0.291016,0.001953,0.000000,-0.003906
28530305,BNO_GYRO_UC,2826,-3100,0,-0.621094,2.904297,0.236328,0.001953,0.000000,-0.003906
28540286,BNO_GYRO_UC,2827,-3100,0,-0.689453,3.273438,0.158203,0.001953,0.000000,-0.003906
28550594,BNO_GYRO_UC,2828,-3400,0,-0.855469,3.556641,-0.019531,0.001953,0.000000,-0.003906
28560980,BNO_GYRO_UC,2829,-3200,0,-1.046875,3.615234,-0.267578,0.001953,0.000000,-0.003906
28570199,BNO_GYRO_UC,2830,-3100,0,-1.078125,3.681641,-0.484375,0.001953,0.000000,-0.003906
28580881,BNO_GYRO_UC,2831,-3100,0,-1.134766,3.984375,-0.623047,0.001953,0.000000,-0.003906
28591225,BNO_GYRO_UC,2832,-3100,0,-1.052734,4.498047,-0.517578,0.001953,0.000000,-0.003906
28601375,BNO_GYRO_UC,2833,-3200,0,-0.996094,4.958984,-0.291016,0.001953,0.000000,-0.003906
28610533,BNO_GYRO_UC,2834,-3200,0,-1.187500,5.636719,0.011719,0.001953,0.000000,-0.003906
28620450,BNO_GYRO_UC,2835,-3100,0,-1.519531,6.773438,0.433594,0.001953,0.000000,-0.003906
28630777,BNO_GYRO_UC,2836,-3400,0,-1.787109,8.080078,0.917969,0.001953,0.000000,-0.003906
28641123,BNO_GYRO_UC,2837,-3400,0,-1.988281,8.888672,1.255859,0.001953,0.000000,-0.003906
28650515,BNO_GYRO_UC,2838,-3100,0,-1.929688,9.142578,0.968750,0.001953,0.000000,-0.003906
28660512,BNO_GYRO_UC,2839,-3100,0,-1.552734,9.167969,0.455078,0.001953,0.000000,-0.003906
28670950,BNO_GYRO_UC,2840,-3400,0,-1.232422,9.546875,-0.144531,0.001953,0.000000,-0.003906
28681336,BNO_GYRO_UC,2841,-3200,0,-1.085938,10.210938,0.068359,0.001953,0.000000,-0.003906
28690601,BNO_GYRO_UC,2842,-3100,0,-1.056641,10.349609,-0.062500,0.001953,0.000000,-0.003906
28701351,BNO_GYRO_UC,2843,-3200,0,-1.271484,10.359375,-0.333984,0.001953,0.000000,-0.003906
28711937,BNO_GYRO_UC,2844,-3200,0,-1.599609,11.136719,-0.117188,0.001953,0.000000,-0.003906
28721382,BNO_GYRO_UC,2845,-2900,0,-2.138672,12.251953,0.601562,0.001953,0.000000,-0.003906
28731094,BNO_GYRO_UC,2846,-3100,0,-2.480469,12.433594,1.376953,0.001953,0.000000,-0.003906
28740789,BNO_GYRO_UC,2847,-3100,0,-2.585938,12.378906,2.306641,0.001953,0.000000,-0.003906
28750839,BNO_GYRO_UC,2848,-3100,0,-2.552734,12.115234,2.996094,0.001953,0.000000,-0.003906
28761069,BNO_GYRO_UC,2849,-3100,0,-2.029297,11.107422,2.923828,0.001953,0.000000,-0.003906
28770632,BNO_GYRO_UC,2850,-2900,0,-1.238281,10.425781,2.730469,0.001953,0.000000,-0.003906
28781217,BNO_GYRO_UC,2851,-3200,0,-0.179688,10.650391,2.642578,0.001953,0.000000,-0.003906
28790836,BNO_GYRO_UC,2852,-3100,0,0.832031,10.378906,1.792969,0.001953,0.000000,-0.003906
28802068,BNO_GYRO_UC,2853,-3600,0,1.388672,9.667969,0.917969,0.001953,0.000000,-0.003906
28810819,BNO_GYRO_UC,2854,-3100,0,1.708984,9.031250,0.216797,0.001953,0.000000,-0.003906
28821462,BNO_GYRO_UC,2855,-3100,0,1.767578,8.753906,-0.333984,0.001953,0.000000,-0.003906
28830863,BNO_GYRO_UC,2856,-3100,0,1.521484,8.583984,-0.615234,0.001953,0.000000,-0.003906
28842131,BNO_GYRO_UC,2857,-3600,0,1.103516,8.355469,-0.716797,0.001953,0.000000,-0.003906
28850900,BNO_GYRO_UC,2858,-3100,0,0.585938,7.923828,-0.654297,0.001953,0.000000,-0.003906
28861670,BNO_GYRO_UC,2859,-3100,0,0.203125,7.072266,-0.587891,0.001953,0.000000,-0.003906
28870949,BNO_GYRO_UC,2860,-2900,0,0.044922,5.777344,-0.556641,0.001953,0.000000,-0.003906
28882053,BNO_GYRO_UC,2861,-3400,0,0.054688,4.404297,-0.458984,0.001953,0.000000,-0.003906
28891114,BNO_GYRO_UC,2862,-3100,0,0.197266,3.134766,-0.330078,0.001953,0.000000,-0.003906
28901072,BNO_GYRO_UC,2863,-3100,0,0.513672,2.068359,-0.144531,0.001953,0.000000,-0.003906
28911098,BNO_GYRO_UC,2864,-3100,0,0.830078,1.158203,0.027344,0.001953,0.000000,-0.003906
28921453,BNO_GYRO_UC,2865,-3100,0,0.992188,0.572266,0.167969,0.001953,0.000000,-0.003906
28930748,BNO_GYRO_UC,2866,-2700,0,1.046875,0.306641,0.251953,0.001953,0.000000,-0.003906
28941666,BNO_GYRO_UC,2867,-3100,0,0.931641,0.001953,0.294922,0.001953,0.000000,-0.003906
28951193,BNO_GYRO_UC,2868,-3100,0,0.673828,-0.375000,0.287109,0.001953,0.000000,-0.003906
28962261,BNO_GYRO_UC,2869,-3400,0,0.380859,-0.679688,0.187500,0.001953,0.000000,-0.003906
28971618,BNO_GYRO_UC,2870,-3200,0,0.107422,-0.929688,0.019531,0.001953,0.000000,-0.003906
28981257,BNO_GYRO_UC,2871,-3100,0,0.027344,-1.251953,-0.173828,0.001953,0.000000,-0.003906
28991290,BNO_GYRO_UC,2872,-3100,0,0.083984,-1.705078,-0.357422,0.001953,0.000000,-0.003906
29001768,BNO_GYRO_UC,2873,-3100,0,0.125000,-2.279297,-0.445312,0.001953,0.000000,-0.003906
29010866,BNO_GYRO_UC,2874,-2700,0,0.173828,-2.892578,-0.482422,0.001953,0.000000,-0.003906
29021767,BNO_GYRO_UC,2875,-3100,0,0.189453,-3.527344,-0.552734,0.001953,0.000000,-0.003906
29031280,BNO_GYRO_UC,2876,-2900,0,0.173828,-3.976562,-0.646484,0.001953,0.000000,-0.003906
29042571,BNO_GYRO_UC,2877,-3400,0,0.134766,-3.792969,-0.582031,0.001953,0.000000,-0.003906
29052022,BNO_GYRO_UC,2878,-3200,0,0.126953,-3.423828,-0.363281,0.001953,0.000000,-0.003906
29061440,BNO_GYRO_UC,2879,-3100,0,0.193359,-3.261719,-0.144531,0.001953,0.000000,-0.003906
29071741,BNO_GYRO_UC,2880,-3100,0,0.335938,-3.322266,0.060547,0.001953,0.000000,-0.003906
29081893,BNO_GYRO_UC,2881,-2700,0,0.421875,-3.513672,0.320312,0.001953,0.000000,-0.003906
29092159,BNO_GYRO_UC,2882,-3200,0,0.505859,-3.763672,0.570312,0.001953,0.000000,-0.003906
29101568,BNO_GYRO_UC,2883,-3100,0,0.628906,-4.091797,0.623047,0.001953,0.000000,-0.003906
29111782,BNO_GYRO_UC,2884,-3100,0,0.697266,-4.488281,0.449219,0.001953,0.000000,-0.003906
29122220,BNO_GYRO_UC,2885,-3100,0,0.691406,-4.796875,0.191406,0.001953,0.000000,-0.003906
29132384,BNO_GYRO_UC,2886,-3400,0,0.679688,-4.896484,0.146484,0.001953,0.000000,-0.003906
29141667,BNO_GYRO_UC,2887,-3100,0,0.673828,-4.841797,0.216797,0.001953,0.000000,-0.003906
29152419,BNO_GYRO_UC,2888,-3100,0,0.619141,-4.589844,0.443359,0.001953,0.000000,-0.003906
29162798,BNO_GYRO_UC,2889,-3100,0,0.433594,-4.238281,0.818359,0.001953,0.000000,-0.003906
29172055,BNO_GYRO_UC,2890,-3200,0,0.173828,-3.849609,1.068359,0.001953,0.000000,-0.003906
29181691,BNO_GYRO_UC,2891,-3100,0,0.095703,-3.679688,1.185547,0.001953,0.000000,-0.003906
29192307,BNO_GYRO_UC,2892,-3100,0,0.148438,-3.972656,1.208984,0.001953,0.000000,-0.003906
29202254,BNO_GYRO_UC,2893,-2700,0,0.031250,-4.365234,1.195312,0.001953,0.000000,-0.003906
29212547,BNO_GYRO_UC,2894,-3400,0,-0.248047,-4.677734,1.011719,0.001953,0.000000,-0.003906
29221744,BNO_GYRO_UC,2895,-3100,0,-0.542969,-4.835938,0.558594,0.001953,0.000000,-0.003906
29232331,BNO_GYRO_UC,2896,-3100,0,-0.763672,-4.738281,0.111328,0.001953,0.000000,-0.003906
29242783,BNO_GYRO_UC,2897,-3100,0,-0.941406,-4.492188,-0.099609,0.001953,0.000000,-0.003906
29252167,BNO_GYRO_UC,2898,-3400,0,-1.123047,-4.175781,-0.064453,0.001953,0.000000,-0.003906
29261869,BNO_GYRO_UC,2899,-3100,0,-1.162109,-3.855469,0.025391,0.001953,0.000000,-0.003906
29272401,BNO_GYRO_UC,2900,-3100,0,-1.003906,-3.642578,0.128906,0.001953,0.000000,-0.003906
29282842,BNO_GYRO_UC,2901,-3100,0,-0.775391,-3.509766,0.214844,0.001953,0.000000,-0.003906
29293006,BNO_GYRO_UC,2902,-3200,0,-0.384766,-3.482422,0.234375,0.001953,0.000000,-0.003906
29302068,BNO_GYRO_UC,2903,-3100,0,0.017578,-3.576172,0.183594,0.001953,0.000000,-0.003906
29312682,BNO_GYRO_UC,2904,-3200,0,0.187500,-3.685547,0.240234,0.001953,0.000000,-0.003906
29323028,BNO_GYRO_UC,2905,-2900,0,0.232422,-3.826172,0.302734,0.001953,0.000000,-0.003906
29332502,BNO_GYRO_UC,2906,-3200,0,0.205078,-3.777344,0.183594,0.001953,0.000000,-0.003906
29342022,BNO_GYRO_UC,2907,-3100,0,0.089844,-3.351562,0.009766,0.001953,0.000000,-0.003906
29352866,BNO_GYRO_UC,2908,-3200,0,-0.132812,-2.740234,-0.062500,0.001953,0.000000,-0.003906
29362773,BNO_GYRO_UC,2909,-2500,0,-0.402344,-2.265625,-0.031250,0.001953,0.000000,-0.003906
29372922,BNO_GYRO_UC,2910,-3200,0,-0.585938,-2.080078,0.037109,0.001953,0.000000,-0.003906
29382044,BNO_GYRO_UC,2911,-2900,0,-0.574219,-1.900391,0.044922,0.001953,0.000000,-0.003906
29392854,BNO_GYRO_UC,2912,-3200,0,-0.419922,-1.800781,-0.011719,0.001953,0.000000,-0.003906
29403212,BNO_GYRO_UC,2913,-2900,0,-0.230469,-1.755859,-0.033203,0.001953,0.000000,-0.003906
29412668,BNO_GYRO_UC,2914,-3100,0,-0.041016,-1.662109,0.000000,0.001953,0.000000,-0.003906
29422180,BNO_GYRO_UC,2915,-2900,0,0.152344,-1.505859,0.050781,0.001953,0.000000,-0.003906
29432785,BNO_GYRO_UC,2916,-3200,0,0.179688,-1.394531,0.083984,0.001953,0.000000,-0.003906
29443456,BNO_GYRO_UC,2917,-3200,0,0.060547,-1.203125,0.021484,0.001953,0.000000,-0.003906
29452777,BNO_GYRO_UC,2918,-2900,0,-0.054688,-0.890625,0.046875,0.001953,0.000000,-0.003906
29462329,BNO_GYRO_UC,2919,-2900,0,-0.136719,-0.646484,0.064453,0.001953,0.000000,-0.003906
29473041,BNO_GYRO_UC,2920,-3100,0,-0.201172,-0.480469,0.078125,0.001953,0.000000,-0.003906
29483522,BNO_GYRO_UC,2921,-3200,0,-0.224609,-0.376953,0.078125,0.001953,0.000000,-0.003906
29492935,BNO_GYRO_UC,2922,-3100,0,-0.169922,-0.345703,0.052734,0.001953,0.000000,-0.003906
29502420,BNO_GYRO_UC,2923,-3100,0,-0.060547,-0.369141,0.021484,0.001953,0.000000,-0.003906
29513049,BNO_GYRO_UC,2924,-3200,0,-0.005859,-0.380859,0.033203,0.001953,0.000000,-0.003906
29523658,BNO_GYRO_UC,2925,-3100,0,-0.021484,-0.312500,0.125000,0.001953,0.000000,-0.003906
29533055,BNO_GYRO_UC,2926,-2700,0,-0.013672,-0.226562,0.101562,0.001953,0.000000,-0.003906
29542708,BNO_GYRO_UC,2927,-3100,0,0.009766,-0.251953,0.062500,0.001953,0.000000,-0.003906
29552534,BNO_GYRO_UC,2928,-3100,0,-0.037109,-0.160156,0.044922,0.001953,0.000000,-0.003906
29562834,BNO_GYRO_UC,2929,-3400,0,-0.083984,-0.015625,0.060547,0.001953,0.000000,-0.003906
29572921,BNO_GYRO_UC,2930,-3100,0,-0.083984,0.109375,0.093750,0.001953,0.000000,-0.003906
29582284,BNO_GYRO_UC,2931,-2900,0,-0.015625,0.085938,0.062500,0.001953,0.000000,-0.003906
29593047,BNO_GYRO_UC,2932,-3100,0,0.056641,0.066406,0.025391,0.001953,0.000000,-0.003906
29603045,BNO_GYRO_UC,2933,-3400,0,0.068359,0.031250,0.041016,0.001953,0.000000,-0.003906
29613397,BNO_GYRO_UC,2934,-3200,0,0.103516,-0.087891,0.023438,0.001953,0.000000,-0.003906
29622718,BNO_GYRO_UC,2935,-3100,0,0.134766,-0.191406,0.005859,0.001953,0.000000,-0.003906
29633277,BNO_GYRO_UC,2936,-3200,0,0.125000,-0.238281,0.003906,0.001953,0.000000,-0.003906
29643864,BNO_GYRO_UC,2937,-3100,0,0.074219,-0.261719,0.027344,0.001953,0.000000,-0.003906
29653154,BNO_GYRO_UC,2938,-2700,0,0.029297,-0.208984,0.005859,0.001953,0.000000,-0.003906
29662751,BNO_GYRO_UC,2939,-2900,0,0.001953,-0.085938,-0.029297,0.001953,0.000000,-0.003906
29673588,BNO_GYRO_UC,2940,-3100,0,0.001953,-0.015625,-0.015625,0.001953,0.000000,-0.003906
29683898,BNO_GYRO_UC,2941,-3100,0,-0.021484,-0.005859,0.003906,0.001953,0.000000,-0.003906
29693299,BNO_GYRO_UC,2942,-2500,0,-0.003906,-0.015625,0.000000,0.001953,0.000000,-0.003906
29702717,BNO_GYRO_UC,2943,-2900,0,0.039062,-0.033203,-0.027344,0.001953,0.000000,-0.003906
29713629,BNO_GYRO_UC,2944,-3100,0,0.039062,-0.068359,-0.027344,0.001953,0.000000,-0.003906
29722989,BNO_GYRO_UC,2945,-3100,0,0.035156,-0.101562,-0.029297,0.001953,0.000000,-0.003906
29733444,BNO_GYRO_UC,2946,-3200,0,0.033203,-0.125000,-0.019531,0.001953,0.000000,-0.003906
29742525,BNO_GYRO_UC,2947,-2500,0,0.029297,-0.126953,-0.009766,0.001953,0.000000,-0.003906
29753511,BNO_GYRO_UC,2948,-3200,0,0.031250,-0.099609,-0.037109,0.001953,0.000000,-0.003906
29762963,BNO_GYRO_UC,2949,-2900,0,-0.017578,-0.044922,-0.041016,0.001953,0.000000,-0.003906
29773371,BNO_GYRO_UC,2950,-3100,0,-0.074219,-0.017578,-0.015625,0.001953,0.000000,-0.003906
29782983,BNO_GYRO_UC,2951,-2900,0,-0.064453,-0.005859,-0.025391,0.001953,0.000000,-0.003906
29793713,BNO_GYRO_UC,2952,-3200,0,-0.056641,-0.019531,-0.033203,0.001953,0.000000,-0.003906
29803185,BNO_GYRO_UC,2953,-3100,0,-0.042969,-0.052734,-0.031250,0.001953,0.000000,-0.003906
29813519,BNO_GYRO_UC,2954,-3100,0,-0.025391,-0.089844,-0.039062,0.001953,0.000000,-0.003906
29822814,BNO_GYRO_UC,2955,-2700,0,-0.013672,-0.134766,-0.042969,0.001953,0.000000,-0.003906
29833842,BNO_GYRO_UC,2956,-3100,0,-0.023438,-0.154297,-0.033203,0.001953,0.000000,-0.003906
29843305,BNO_GYRO_UC,2957,-3200,0,-0.056641,-0.140625,-0.023438,0.001953,0.000000,-0.003906
29853577,BNO_GYRO_UC,2958,-3100,0,-0.083984,-0.109375,-0.001953,0.001953,0.000000,-0.003906
29862633,BNO_GYRO_UC,2959,-2500,0,-0.093750,-0.052734,0.033203,0.001953,0.000000,-0.003906
29873699,BNO_GYRO_UC,2960,-3100,0,-0.066406,-0.003906,0.056641,0.001953,0.000000,-0.003906
29883394,BNO_GYRO_UC,2961,-3200,0,0.000000,0.015625,0.064453,0.001953,0.000000,-0.003906
29893640,BNO_GYRO_UC,2962,-2900,0,0.095703,-0.005859,0.033203,0.001953,0.000000,-0.003906
29903813,BNO_GYRO_UC,2963,-3400,0,0.152344,-0.078125,0.001953,0.001953,0.000000,-0.003906
29913423,BNO_GYRO_UC,2964,-3100,0,0.150391,-0.189453,-0.019531,0.001953,0.000000,-0.003906
29923702,BNO_GYRO_UC,2965,-3100,0,0.138672,-0.292969,-0.041016,0.001953,0.000000,-0.003906
29933768,BNO_GYRO_UC,2966,-2700,0,0.101562,-0.373047,-0.062500,0.001953,0.000000,-0.003906
29943939,BNO_GYRO_UC,2967,-3200,0,0.062500,-0.404297,-0.058594,0.001953,0.000000,-0.003906
29953355,BNO_GYRO_UC,2968,-3100,0,0.072266,-0.423828,-0.060547,0.001953,0.000000,-0.003906
29963599,BNO_GYRO_UC,2969,-3100,0,0.167969,-0.464844,-0.093750,0.001953,0.000000,-0.003906
29973982,BNO_GYRO_UC,2970,-3100,0,0.222656,-0.544922,-0.113281,0.001953,0.000000,-0.003906
29984012,BNO_GYRO_UC,2971,-3200,0,0.228516,-0.658203,-0.113281,0.001953,0.000000,-0.003906
29993572,BNO_GYRO_UC,2972,-3100,0,0.353516,-0.822266,-0.175781,0.001953,0.000000,-0.003906
30003826,BNO_GYRO_UC,2973,-3100,0,0.480469,-1.099609,-0.250000,0.001953,0.000000,-0.003906
30014432,BNO_GYRO_UC,2974,-3200,0,0.476562,-1.525391,-0.244141,0.001953,0.000000,-0.003906
30023796,BNO_GYRO_UC,2975,-3200,0,0.611328,-2.142578,-0.328125,0.001953,0.000000,-0.003906
30033484,BNO_GYRO_UC,2976,-3100,0,1.039062,-3.021484,-0.574219,0.001953,0.000000,-0.003906
30044129,BNO_GYRO_UC,2977,-3100,0,1.703125,-4.447266,-0.957031,0.001953,0.000000,-0.003906
30054012,BNO_GYRO_UC,2978,-2700,0,2.527344,-6.599609,-1.654297,0.001953,0.000000,-0.003906
30064141,BNO_GYRO_UC,2979,-3200,0,3.203125,-9.625000,-2.361328,0.001953,0.000000,-0.003906
30073673,BNO_GYRO_UC,2980,-3100,0,3.314453,-12.810547,-2.792969,0.001953,0.000000,-0.003906
30084217,BNO_GYRO_UC,2981,-3200,0,2.730469,-15.195312,-2.121094,0.001953,0.000000,-0.003906
30094498,BNO_GYRO_UC,2982,-2900,0,1.593750,-16.164062,-0.066406,0.001953,0.000000,-0.003906
30104130,BNO_GYRO_UC,2983,-3400,0,0.816406,-15.626953,2.072266,0.001953,0.000000,-0.003906
30113669,BNO_GYRO_UC,2984,-2900,0,1.619141,-13.716797,3.085938,0.001953,0.000000,-0.003906
30124313,BNO_GYRO_UC,2985,-3100,0,3.162109,-10.533203,2.582031,0.001953,0.000000,-0.003906
30134668,BNO_GYRO_UC,2986,-2900,0,3.617188,-7.814453,1.152344,0.001953,0.000000,-0.003906
30144253,BNO_GYRO_UC,2987,-3400,0,2.568359,-6.455078,0.205078,0.001953,0.000000,-0.003906
30153775,BNO_GYRO_UC,2988,-2900,0,1.507812,-5.150391,0.222656,0.001953,0.000000,-0.003906
30164502,BNO_GYRO_UC,2989,-3100,0,1.066406,-3.490234,0.371094,0.001953,0.000000,-0.003906
30174822,BNO_GYRO_UC,2990,-2900,0,0.566406,-2.164062,0.628906,0.001953,0.000000,-0.003906
30184375,BNO_GYRO_UC,2991,-3200,0,0.236328,-1.312500,0.666016,0.001953,0.000000,-0.003906
30193888,BNO_GYRO_UC,2992,-3100,0,0.347656,-0.384766,0.564453,0.001953,0.000000,-0.003906
