t_us,tag,seq,bno_delay_us,status,mx,my,mz,mbias_x,mbias_y,mbias_z
231629,BNO_MAG_UC,0,-5500,0,21.375,-18.000,-86.438,6.188,-5.812,-34.688
240444,BNO_MAG_UC,1,-4500,0,22.062,-18.312,-86.438,6.188,-5.812,-34.688
270822,BNO_MAG_UC,2,-5600,0,22.125,-16.938,-85.562,6.188,-5.812,-34.688
280387,BNO_MAG_UC,3,-4300,0,21.000,-18.000,-85.562,6.188,-5.812,-34.688
311848,BNO_MAG_UC,4,-5900,0,22.062,-19.062,-86.938,6.188,-5.812,-34.688
320769,BNO_MAG_UC,5,-4900,0,21.812,-18.375,-86.938,6.188,-5.812,-34.688
351534,BNO_MAG_UC,6,-5100,0,20.688,-18.438,-85.188,6.188,-5.812,-34.688
360618,BNO_MAG_UC,7,-5100,0,22.125,-18.375,-86.500,6.188,-5.812,-34.688
400755,BNO_MAG_UC,8,-5100,0,22.500,-17.312,-85.188,6.188,-5.812,-34.688
432938,BNO_MAG_UC,9,-6900,0,22.188,-16.250,-86.125,6.188,-5.812,-34.688
441523,BNO_MAG_UC,10,-5800,0,23.625,-17.688,-85.688,6.188,-5.812,-34.688
450279,BNO_MAG_UC,11,-4900,0,21.438,-18.375,-86.500,6.188,-5.812,-34.688
471917,BNO_MAG_UC,12,-5200,0,22.125,-17.688,-85.188,6.188,-5.812,-34.688
480670,BNO_MAG_UC,13,-4900,0,21.438,-18.375,-85.625,6.188,-5.812,-34.688
490788,BNO_MAG_UC,14,-6000,0,21.438,-17.000,-85.625,6.188,-5.812,-34.688
520998,BNO_MAG_UC,15,-4500,0,22.125,-17.000,-84.750,6.188,-5.812,-34.688
531077,BNO_MAG_UC,16,-5600,0,21.062,-18.375,-86.562,6.188,-5.812,-34.688
560631,BNO_MAG_UC,17,-4500,0,21.750,-18.062,-83.875,6.188,-5.812,-34.688
571862,BNO_MAG_UC,18,-5800,0,21.750,-19.125,-86.125,6.188,-5.812,-34.688
581484,BNO_MAG_UC,19,-5100,0,21.438,-18.062,-84.750,6.188,-5.812,-34.688
601040,BNO_MAG_UC,20,-4900,0,21.438,-18.375,-85.688,6.188,-5.812,-34.688
611161,BNO_MAG_UC,21,-5600,0,21.750,-17.688,-84.750,6.188,-5.812,-34.688
622161,BNO_MAG_UC,22,-5600,0,22.500,-17.312,-85.750,6.188,-5.812,-34.688
641293,BNO_MAG_UC,23,-5300,0,22.188,-17.312,-87.062,6.188,-5.812,-34.688
652257,BNO_MAG_UC,24,-5800,0,21.438,-18.375,-86.188,6.188,-5.812,-34.688
661702,BNO_MAG_UC,25,-4700,0,21.062,-17.375,-86.188,6.188,-5.812,-34.688
681149,BNO_MAG_UC,26,-5100,0,20.688,-17.688,-85.688,6.188,-5.812,-34.688
692310,BNO_MAG_UC,27,-5800,0,22.125,-17.688,-84.812,6.188,-5.812,-34.688
701744,BNO_MAG_UC,28,-5100,0,21.438,-17.000,-85.688,6.188,-5.812,-34.688
721423,BNO_MAG_UC,29,-4900,0,21.438,-17.000,-84.375,6.188,-5.812,-34.688
731644,BNO_MAG_UC,30,-5600,0,22.125,-18.375,-84.812,6.188,-5.812,-34.688
742641,BNO_MAG_UC,31,-5600,0,21.438,-16.625,-86.188,6.188,-5.812,-34.688
761221,BNO_MAG_UC,32,-4900,0,21.375,-19.125,-84.812,6.188,-5.812,-34.688
771706,BNO_MAG_UC,33,-5800,0,21.750,-18.062,-85.312,6.188,-5.812,-34.688
782748,BNO_MAG_UC,34,-5800,0,22.562,-17.000,-86.688,6.188,-5.812,-34.688
802405,BNO_MAG_UC,35,-5500,0,21.812,-17.688,-85.750,6.188,-5.812,-34.688
811311,BNO_MAG_UC,36,-4900,0,21.438,-16.625,-86.688,6.188,-5.812,-34.688
822260,BNO_MAG_UC,37,-5600,0,21.438,-17.688,-85.312,6.188,-5.812,-34.688
842386,BNO_MAG_UC,38,-5300,0,21.438,-17.375,-84.875,6.188,-5.812,-34.688
851481,BNO_MAG_UC,39,-5100,0,21.812,-17.000,-86.688,6.188,-5.812,-34.688
861519,BNO_MAG_UC,40,-5600,0,22.188,-17.000,-85.812,6.188,-5.812,-34.688
882984,BNO_MAG_UC,41,-5500,0,21.000,-18.750,-83.938,6.188,-5.812,-34.688
891328,BNO_MAG_UC,42,-4900,0,22.125,-18.750,-86.250,6.188,-5.812,-34.688
922669,BNO_MAG_UC,43,-5500,0,22.188,-15.938,-85.812,6.188,-5.812,-34.688
931860,BNO_MAG_UC,44,-4700,0,22.500,-19.125,-85.375,6.188,-5.812,-34.688
941669,BNO_MAG_UC,45,-5600,0,21.812,-18.062,-85.750,6.188,-5.812,-34.688
963033,BNO_MAG_UC,46,-5500,0,22.500,-17.688,-86.750,6.188,-5.812,-34.688
971695,BNO_MAG_UC,47,-4900,0,22.875,-17.688,-86.250,6.188,-5.812,-34.688
982064,BNO_MAG_UC,48,-5800,0,21.062,-18.062,-86.250,6.188,-5.812,-34.688
1002465,BNO_MAG_UC,49,-4900,0,22.125,-17.375,-84.438,6.188,-5.812,-34.688
1012023,BNO_MAG_UC,50,-5400,0,22.125,-19.125,-87.125,6.188,-5.812,-34.688
1023103,BNO_MAG_UC,51,-6000,0,22.500,-19.125,-85.750,6.188,-5.812,-34.688
1043190,BNO_MAG_UC,52,-6000,0,22.125,-17.688,-85.812,6.188,-5.812,-34.688
1052464,BNO_MAG_UC,53,-4700,0,22.875,-18.000,-86.750,6.188,-5.812,-34.688
1063526,BNO_MAG_UC,54,-6000,0,22.125,-17.688,-84.938,6.188,-5.812,-34.688
1083487,BNO_MAG_UC,55,-5900,0,21.750,-18.375,-85.812,6.188,-5.812,-34.688
1092252,BNO_MAG_UC,56,-4900,0,22.125,-18.750,-84.500,6.188,-5.812,-34.688
1123433,BNO_MAG_UC,57,-5800,0,24.750,-16.625,-83.625,6.188,-5.812,-34.688
1132327,BNO_MAG_UC,58,-4300,0,26.938,-16.625,-83.625,6.188,-5.812,-34.688
1163501,BNO_MAG_UC,59,-5500,0,31.688,-17.625,-80.562,6.188,-5.812,-34.688
1172649,BNO_MAG_UC,60,-5300,0,34.250,-15.125,-77.438,6.188,-5.812,-34.688
1203575,BNO_MAG_UC,61,-5100,0,40.500,-13.688,-73.438,6.188,-5.812,-34.688
1212866,BNO_MAG_UC,62,-5100,0,43.062,-14.375,-70.312,6.188,-5.812,-34.688
1222911,BNO_MAG_UC,63,-5400,0,44.938,-13.688,-69.875,6.188,-5.812,-34.688
1252810,BNO_MAG_UC,64,-5100,0,51.188,-10.500,-61.875,6.188,-5.812,-34.688
1283844,BNO_MAG_UC,65,-5300,0,54.812,-8.375,-55.625,6.188,-5.812,-34.688
1293089,BNO_MAG_UC,66,-5300,0,55.938,-8.000,-53.375,6.188,-5.812,-34.688
1303125,BNO_MAG_UC,67,-5300,0,56.250,-8.375,-52.438,6.188,-5.812,-34.688
1332840,BNO_MAG_UC,68,-4900,0,58.438,-5.938,-44.438,6.188,-5.812,-34.688
1363846,BNO_MAG_UC,69,-5300,0,58.750,-7.688,-38.562,6.188,-5.812,-34.688
1372839,BNO_MAG_UC,70,-4900,0,59.125,-7.000,-35.875,6.188,-5.812,-34.688
1382898,BNO_MAG_UC,71,-5800,0,60.188,-7.688,-35.438,6.188,-5.812,-34.688
1404083,BNO_MAG_UC,72,-5300,0,59.812,-7.375,-33.188,6.188,-5.812,-34.688
1412775,BNO_MAG_UC,73,-4700,0,59.812,-7.000,-32.312,6.188,-5.812,-34.688
1423695,BNO_MAG_UC,74,-5800,0,60.938,-5.938,-31.000,6.188,-5.812,-34.688
1433256,BNO_MAG_UC,75,-4900,0,60.188,-4.875,-32.312,6.188,-5.812,-34.688
1453217,BNO_MAG_UC,76,-4500,0,62.062,-3.500,-31.875,6.188,-5.812,-34.688
1464070,BNO_MAG_UC,77,-5600,0,60.938,-5.250,-32.812,6.188,-5.812,-34.688
1473350,BNO_MAG_UC,78,-4700,0,62.062,-4.500,-34.625,6.188,-5.812,-34.688
1493235,BNO_MAG_UC,79,-4500,0,61.312,-4.875,-34.625,6.188,-5.812,-34.688
1503993,BNO_MAG_UC,80,-5800,0,61.375,-6.250,-37.688,6.188,-5.812,-34.688
1513546,BNO_MAG_UC,81,-4900,0,61.750,-6.625,-39.500,6.188,-5.812,-34.688
1533404,BNO_MAG_UC,82,-4700,0,61.000,-6.250,-44.500,6.188,-5.812,-34.688
1544198,BNO_MAG_UC,83,-5800,0,60.688,-8.000,-47.188,6.188,-5.812,-34.688
1553592,BNO_MAG_UC,84,-4900,0,58.500,-9.062,-52.562,6.188,-5.812,-34.688
1573334,BNO_MAG_UC,85,-4300,0,55.562,-9.062,-58.812,6.188,-5.812,-34.688
1584232,BNO_MAG_UC,86,-5600,0,55.562,-10.812,-61.500,6.188,-5.812,-34.688
1613345,BNO_MAG_UC,87,-4900,0,49.375,-11.875,-68.688,6.188,-5.812,-34.688
1624390,BNO_MAG_UC,88,-5600,0,46.812,-11.875,-72.688,6.188,-5.812,-34.688
1633783,BNO_MAG_UC,89,-4900,0,43.500,-12.938,-76.188,6.188,-5.812,-34.688
1653263,BNO_MAG_UC,90,-4900,0,37.250,-16.125,-82.500,6.188,-5.812,-34.688
1664037,BNO_MAG_UC,91,-5800,0,33.188,-14.438,-82.438,6.188,-5.812,-34.688
1693082,BNO_MAG_UC,92,-4300,0,25.875,-16.938,-86.438,6.188,-5.812,-34.688
1704408,BNO_MAG_UC,93,-5800,0,22.188,-15.938,-89.188,6.188,-5.812,-34.688
1714062,BNO_MAG_UC,94,-5100,0,17.750,-17.375,-89.500,6.188,-5.812,-34.688
1734298,BNO_MAG_UC,95,-5600,0,11.125,-17.750,-89.562,6.188,-5.812,-34.688
1743437,BNO_MAG_UC,96,-4900,0,7.812,-18.125,-91.750,6.188,-5.812,-34.688
1754274,BNO_MAG_UC,97,-5400,0,4.500,-17.500,-91.688,6.188,-5.812,-34.688
1774308,BNO_MAG_UC,98,-5600,0,-1.750,-18.250,-89.438,6.188,-5.812,-34.688
1783567,BNO_MAG_UC,99,-4900,0,-5.812,-17.250,-88.000,6.188,-5.812,-34.688
1794401,BNO_MAG_UC,100,-5400,0,-6.938,-17.250,-88.938,6.188,-5.812,-34.688
1814273,BNO_MAG_UC,101,-5600,0,-14.688,-17.312,-86.188,6.188,-5.812,-34.688
1823891,BNO_MAG_UC,102,-5100,0,-17.688,-18.438,-82.500,6.188,-5.812,-34.688
1834692,BNO_MAG_UC,103,-5600,0,-21.688,-18.812,-82.938,6.188,-5.812,-34.688
1854346,BNO_MAG_UC,104,-5600,0,-28.000,-19.625,-76.625,6.188,-5.812,-34.688
1863958,BNO_MAG_UC,105,-4900,0,-31.375,-20.062,-72.500,6.188,-5.812,-34.688
1874861,BNO_MAG_UC,106,-5800,0,-32.500,-20.750,-70.250,6.188,-5.812,-34.688
1894797,BNO_MAG_UC,107,-5800,0,-38.062,-20.875,-63.500,6.188,-5.812,-34.688
1903941,BNO_MAG_UC,108,-4700,0,-37.750,-21.562,-60.812,6.188,-5.812,-34.688
1914671,BNO_MAG_UC,109,-5600,0,-37.750,-21.562,-60.812,6.188,-5.812,-34.688
1934928,BNO_MAG_UC,110,-6000,0,-41.125,-22.000,-49.062,6.188,-5.812,-34.688
1944225,BNO_MAG_UC,111,-4700,0,-43.750,-21.375,-44.562,6.188,-5.812,-34.688
1975253,BNO_MAG_UC,112,-5300,0,-43.000,-20.000,-38.250,6.188,-5.812,-34.688
1984312,BNO_MAG_UC,113,-5100,0,-43.812,-20.312,-36.438,6.188,-5.812,-34.688
2015400,BNO_MAG_UC,114,-5100,0,-41.938,-21.750,-34.625,6.188,-5.812,-34.688
2024290,BNO_MAG_UC,115,-4900,0,-43.062,-22.438,-34.188,6.188,-5.812,-34.688
2055326,BNO_MAG_UC,116,-5800,0,-42.688,-20.000,-37.750,6.188,-5.812,-34.688
2064523,BNO_MAG_UC,117,-4500,0,-43.375,-20.312,-38.250,6.188,-5.812,-34.688
2095493,BNO_MAG_UC,118,-4900,0,-42.625,-19.938,-45.000,6.188,-5.812,-34.688
2104471,BNO_MAG_UC,119,-4900,0,-43.000,-20.625,-47.250,6.188,-5.812,-34.688
2136033,BNO_MAG_UC,120,-6100,0,-40.688,-20.188,-55.812,6.188,-5.812,-34.688
2144969,BNO_MAG_UC,121,-4900,0,-39.938,-19.812,-59.875,6.188,-5.812,-34.688
2155025,BNO_MAG_UC,122,-5100,0,-38.438,-18.375,-62.625,6.188,-5.812,-34.688
2165089,BNO_MAG_UC,123,-5600,0,-37.250,-16.938,-66.688,6.188,-5.812,-34.688
2184832,BNO_MAG_UC,124,-5100,0,-33.938,-15.125,-71.688,6.188,-5.812,-34.688
2215860,BNO_MAG_UC,125,-5300,0,-28.000,-16.062,-77.625,6.188,-5.812,-34.688
2224686,BNO_MAG_UC,126,-4700,0,-24.688,-17.125,-78.938,6.188,-5.812,-34.688
2235280,BNO_MAG_UC,127,-5600,0,-24.688,-17.125,-78.938,6.188,-5.812,-34.688
2264912,BNO_MAG_UC,128,-5100,0,-13.875,-13.125,-85.312,6.188,-5.812,-34.688
2285620,BNO_MAG_UC,129,-5400,0,-10.562,-13.062,-87.188,6.188,-5.812,-34.688
2304924,BNO_MAG_UC,130,-5300,0,-5.438,-13.688,-89.000,6.188,-5.812,-34.688
2315756,BNO_MAG_UC,131,-5600,0,-3.250,-15.125,-87.688,6.188,-5.812,-34.688
2325286,BNO_MAG_UC,132,-4900,0,-1.375,-13.312,-88.188,6.188,-5.812,-34.688
2345204,BNO_MAG_UC,133,-4500,0,3.812,-13.625,-88.250,6.188,-5.812,-34.688
2385097,BNO_MAG_UC,134,-4900,0,11.188,-11.062,-87.375,6.188,-5.812,-34.688
2395987,BNO_MAG_UC,135,-5600,0,13.750,-10.000,-88.312,6.188,-5.812,-34.688
2405439,BNO_MAG_UC,136,-4700,0,15.250,-11.062,-88.312,6.188,-5.812,-34.688
2425317,BNO_MAG_UC,137,-4500,0,19.312,-9.938,-87.438,6.188,-5.812,-34.688
2436260,BNO_MAG_UC,138,-5600,0,18.562,-11.000,-87.438,6.188,-5.812,-34.688
2445498,BNO_MAG_UC,139,-4500,0,21.125,-10.312,-87.125,6.188,-5.812,-34.688
2465767,BNO_MAG_UC,140,-4700,0,25.500,-9.938,-83.000,6.188,-5.812,-34.688
2475651,BNO_MAG_UC,141,-5100,0,26.250,-8.812,-83.438,6.188,-5.812,-34.688
2485690,BNO_MAG_UC,142,-5300,0,26.625,-9.562,-83.062,6.188,-5.812,-34.688
2505072,BNO_MAG_UC,143,-4900,0,31.438,-8.125,-79.500,6.188,-5.812,-34.688
2516151,BNO_MAG_UC,144,-5800,0,32.125,-9.875,-80.375,6.188,-5.812,-34.688
2525769,BNO_MAG_UC,145,-4700,0,34.375,-8.812,-78.625,6.188,-5.812,-34.688
2545744,BNO_MAG_UC,146,-4700,0,36.188,-8.438,-76.375,6.188,-5.812,-34.688
2555055,BNO_MAG_UC,147,-4900,0,36.875,-7.750,-74.125,6.188,-5.812,-34.688
2565882,BNO_MAG_UC,148,-5400,0,38.750,-8.438,-73.625,6.188,-5.812,-34.688
2586234,BNO_MAG_UC,149,-5800,0,41.688,-8.062,-71.438,6.188,-5.812,-34.688
2595397,BNO_MAG_UC,150,-5100,0,41.688,-7.375,-70.125,6.188,-5.812,-34.688
2606117,BNO_MAG_UC,151,-5400,0,42.750,-7.375,-67.438,6.188,-5.812,-34.688
2626091,BNO_MAG_UC,152,-5600,0,44.625,-5.938,-66.500,6.188,-5.812,-34.688
2635537,BNO_MAG_UC,153,-4900,0,45.312,-7.375,-65.188,6.188,-5.812,-34.688
2646300,BNO_MAG_UC,154,-5600,0,46.812,-6.625,-63.812,6.188,-5.812,-34.688
2666364,BNO_MAG_UC,155,-5600,0,47.875,-5.562,-60.688,6.188,-5.812,-34.688
2675523,BNO_MAG_UC,156,-4900,0,49.375,-5.188,-60.250,6.188,-5.812,-34.688
2686380,BNO_MAG_UC,157,-5600,0,49.688,-7.000,-59.375,6.188,-5.812,-34.688
2706490,BNO_MAG_UC,158,-6000,0,51.875,-5.188,-55.312,6.188,-5.812,-34.688
2715871,BNO_MAG_UC,159,-4900,0,51.500,-5.562,-53.062,6.188,-5.812,-34.688
2726674,BNO_MAG_UC,160,-5800,0,52.625,-5.250,-51.688,6.188,-5.812,-34.688
2746555,BNO_MAG_UC,161,-5600,0,53.688,-5.938,-47.188,6.188,-5.812,-34.688
2757002,BNO_MAG_UC,162,-5400,0,54.375,-5.938,-45.375,6.188,-5.812,-34.688
2786507,BNO_MAG_UC,163,-4900,0,55.062,-7.375,-37.312,6.188,-5.812,-34.688
2796001,BNO_MAG_UC,164,-4900,0,55.438,-6.688,-34.188,6.188,-5.812,-34.688
2827070,BNO_MAG_UC,165,-5600,0,55.375,-8.500,-30.562,6.188,-5.812,-34.688
2836137,BNO_MAG_UC,166,-4500,0,56.875,-9.500,-31.000,6.188,-5.812,-34.688
2867282,BNO_MAG_UC,167,-5800,0,57.625,-10.188,-36.000,6.188,-5.812,-34.688
2876198,BNO_MAG_UC,168,-4500,0,56.875,-9.812,-39.125,6.188,-5.812,-34.688
2907213,BNO_MAG_UC,169,-5800,0,55.875,-8.750,-50.375,6.188,-5.812,-34.688
2916367,BNO_MAG_UC,170,-4500,0,53.688,-10.875,-54.438,6.188,-5.812,-34.688
2947399,BNO_MAG_UC,171,-5300,0,46.000,-12.938,-69.250,6.188,-5.812,-34.688
2956654,BNO_MAG_UC,172,-5300,0,42.375,-12.250,-71.438,6.188,-5.812,-34.688
2967251,BNO_MAG_UC,173,-5800,0,42.375,-12.250,-71.438,6.188,-5.812,-34.688
2987724,BNO_MAG_UC,174,-5800,0,31.000,-16.188,-81.750,6.188,-5.812,-34.688
2996846,BNO_MAG_UC,175,-5100,0,28.438,-16.562,-83.062,6.188,-5.812,-34.688
3036903,BNO_MAG_UC,176,-4900,0,12.562,-19.188,-87.000,6.188,-5.812,-34.688
3047050,BNO_MAG_UC,177,-5400,0,8.938,-17.062,-89.625,6.188,-5.812,-34.688
3057138,BNO_MAG_UC,178,-5600,0,4.875,-17.125,-86.938,6.188,-5.812,-34.688
3076622,BNO_MAG_UC,179,-5100,0,-1.750,-17.562,-86.875,6.188,-5.812,-34.688
3116707,BNO_MAG_UC,180,-5100,0,-6.562,-16.562,-86.438,6.188,-5.812,-34.688
3156985,BNO_MAG_UC,181,-4500,0,-5.062,-15.500,-86.438,6.188,-5.812,-34.688
3187984,BNO_MAG_UC,182,-5300,0,0.875,-14.375,-89.188,6.188,-5.812,-34.688
3197005,BNO_MAG_UC,183,-4900,0,4.875,-14.312,-88.750,6.188,-5.812,-34.688
3237260,BNO_MAG_UC,184,-5100,0,30.250,-15.875,-81.750,6.188,-5.812,-34.688
3277164,BNO_MAG_UC,185,-4500,0,45.688,-14.688,-72.375,6.188,-5.812,-34.688
3287331,BNO_MAG_UC,186,-5600,0,48.250,-14.375,-69.250,6.188,-5.812,-34.688
3316630,BNO_MAG_UC,187,-4200,0,55.188,-14.000,-60.750,6.188,-5.812,-34.688
3327019,BNO_MAG_UC,188,-5600,0,57.000,-15.000,-58.938,6.188,-5.812,-34.688
3357662,BNO_MAG_UC,189,-4700,0,61.812,-12.188,-48.188,6.188,-5.812,-34.688
3367699,BNO_MAG_UC,190,-5300,0,64.000,-12.188,-45.500,6.188,-5.812,-34.688
3377610,BNO_MAG_UC,191,-5300,0,65.438,-13.625,-42.312,6.188,-5.812,-34.688
3397322,BNO_MAG_UC,192,-5100,0,67.250,-11.500,-36.500,6.188,-5.812,-34.688
3408289,BNO_MAG_UC,193,-5600,0,66.500,-12.250,-34.188,6.188,-5.812,-34.688
3417679,BNO_MAG_UC,194,-4500,0,66.125,-10.125,-32.875,6.188,-5.812,-34.688
3437811,BNO_MAG_UC,195,-4700,0,67.625,-9.438,-33.375,6.188,-5.812,-34.688
3448502,BNO_MAG_UC,196,-5800,0,67.250,-9.062,-32.875,6.188,-5.812,-34.688
3478064,BNO_MAG_UC,197,-5100,0,63.625,-8.688,-42.375,6.188,-5.812,-34.688
3487309,BNO_MAG_UC,198,-5100,0,63.625,-9.000,-46.438,6.188,-5.812,-34.688
3498098,BNO_MAG_UC,199,-5400,0,61.812,-9.062,-48.188,6.188,-5.812,-34.688
3518189,BNO_MAG_UC,200,-5800,0,57.750,-9.750,-57.625,6.188,-5.812,-34.688
3527519,BNO_MAG_UC,201,-5100,0,54.125,-10.438,-63.500,6.188,-5.812,-34.688
3538321,BNO_MAG_UC,202,-5600,0,52.688,-9.750,-67.062,6.188,-5.812,-34.688
3558487,BNO_MAG_UC,203,-5800,0,44.625,-10.125,-77.438,6.188,-5.812,-34.688
3567675,BNO_MAG_UC,204,-5100,0,39.125,-9.062,-80.562,6.188,-5.812,-34.688
3578514,BNO_MAG_UC,205,-5800,0,35.500,-10.500,-84.125,6.188,-5.812,-34.688
3598553,BNO_MAG_UC,206,-6000,0,22.938,-12.750,-88.125,6.188,-5.812,-34.688
3607867,BNO_MAG_UC,207,-4900,0,17.812,-9.938,-88.500,6.188,-5.812,-34.688
3618702,BNO_MAG_UC,208,-5800,0,11.562,-11.062,-89.375,6.188,-5.812,-34.688
3638810,BNO_MAG_UC,209,-6000,0,3.062,-11.500,-90.188,6.188,-5.812,-34.688
3647911,BNO_MAG_UC,210,-5100,0,-3.188,-11.938,-88.812,6.188,-5.812,-34.688
3678549,BNO_MAG_UC,211,-4900,0,-14.625,-13.812,-83.688,6.188,-5.812,-34.688
3688049,BNO_MAG_UC,212,-4900,0,-17.625,-13.125,-82.812,6.188,-5.812,-34.688
3698654,BNO_MAG_UC,213,-5600,0,-17.625,-13.125,-82.812,6.188,-5.812,-34.688
3719154,BNO_MAG_UC,214,-6000,0,-26.500,-15.375,-76.438,6.188,-5.812,-34.688
3728186,BNO_MAG_UC,215,-4500,0,-28.375,-16.500,-73.250,6.188,-5.812,-34.688
3759124,BNO_MAG_UC,216,-5800,0,-34.000,-18.000,-66.000,6.188,-5.812,-34.688
3768258,BNO_MAG_UC,217,-4500,0,-35.812,-19.062,-64.625,6.188,-5.812,-34.688
3799211,BNO_MAG_UC,218,-5800,0,-38.500,-19.812,-56.438,6.188,-5.812,-34.688
3808249,BNO_MAG_UC,219,-4500,0,-40.312,-19.500,-55.500,6.188,-5.812,-34.688
3839248,BNO_MAG_UC,220,-5800,0,-40.375,-20.250,-50.562,6.188,-5.812,-34.688
3848361,BNO_MAG_UC,221,-4500,0,-42.250,-21.688,-49.188,6.188,-5.812,-34.688
3879470,BNO_MAG_UC,222,-5300,0,-41.188,-22.375,-41.938,6.188,-5.812,-34.688
3888613,BNO_MAG_UC,223,-4900,0,-42.688,-21.688,-40.562,6.188,-5.812,-34.688
3919491,BNO_MAG_UC,224,-5300,0,-41.188,-22.062,-37.875,6.188,-5.812,-34.688
3928402,BNO_MAG_UC,225,-4700,0,-42.688,-22.438,-36.062,6.188,-5.812,-34.688
3968642,BNO_MAG_UC,226,-4500,0,-42.250,-18.188,-37.938,6.188,-5.812,-34.688
4008674,BNO_MAG_UC,227,-4300,0,-43.312,-17.438,-45.562,6.188,-5.812,-34.688
4019277,BNO_MAG_UC,228,-5600,0,-43.312,-17.438,-45.562,6.188,-5.812,-34.688
4048602,BNO_MAG_UC,229,-4700,0,-39.188,-18.750,-57.812,6.188,-5.812,-34.688
4058801,BNO_MAG_UC,230,-5800,0,-38.438,-18.375,-60.062,6.188,-5.812,-34.688
4088891,BNO_MAG_UC,231,-5100,0,-35.438,-17.625,-68.688,6.188,-5.812,-34.688
4099040,BNO_MAG_UC,232,-5800,0,-33.562,-18.625,-71.375,6.188,-5.812,-34.688
4128742,BNO_MAG_UC,233,-4700,0,-30.625,-17.562,-72.750,6.188,-5.812,-34.688
4139607,BNO_MAG_UC,234,-5800,0,-29.875,-17.875,-73.188,6.188,-5.812,-34.688
4149257,BNO_MAG_UC,235,-4900,0,-28.750,-15.438,-75.062,6.188,-5.812,-34.688
4169201,BNO_MAG_UC,236,-4500,0,-25.000,-15.375,-77.750,6.188,-5.812,-34.688
4180052,BNO_MAG_UC,237,-5800,0,-22.438,-15.688,-80.062,6.188,-5.812,-34.688
4189330,BNO_MAG_UC,238,-4700,0,-22.438,-16.000,-80.562,6.188,-5.812,-34.688
4209968,BNO_MAG_UC,239,-5100,0,-19.812,-14.562,-82.312,6.188,-5.812,-34.688
4219502,BNO_MAG_UC,240,-5100,0,-18.750,-16.000,-84.188,6.188,-5.812,-34.688
4248782,BNO_MAG_UC,241,-4300,0,-15.062,-15.562,-84.250,6.188,-5.812,-34.688
4259977,BNO_MAG_UC,242,-5800,0,-13.938,-14.875,-86.000,6.188,-5.812,-34.688
4269620,BNO_MAG_UC,243,-5100,0,-10.938,-14.125,-87.438,6.188,-5.812,-34.688
4289056,BNO_MAG_UC,244,-4900,0,-1.375,-12.250,-88.375,6.188,-5.812,-34.688
4300227,BNO_MAG_UC,245,-5600,0,4.875,-14.312,-87.562,6.188,-5.812,-34.688
4309841,BNO_MAG_UC,246,-4900,0,12.250,-12.500,-87.562,6.188,-5.812,-34.688
4330056,BNO_MAG_UC,247,-5600,0,30.312,-11.312,-81.000,6.188,-5.812,-34.688
4339127,BNO_MAG_UC,248,-4900,0,36.500,-8.438,-73.812,6.188,-5.812,-34.688
4349968,BNO_MAG_UC,249,-5300,0,42.062,-7.375,-69.750,6.188,-5.812,-34.688
4370313,BNO_MAG_UC,250,-5800,0,50.125,-3.812,-59.875,6.188,-5.812,-34.688
4379246,BNO_MAG_UC,251,-4900,0,53.375,-3.812,-54.562,6.188,-5.812,-34.688
4390116,BNO_MAG_UC,252,-5400,0,55.250,-3.438,-47.750,6.188,-5.812,-34.688
4410123,BNO_MAG_UC,253,-5600,0,58.812,-3.125,-35.125,6.188,-5.812,-34.688
4419323,BNO_MAG_UC,254,-4900,0,59.500,-4.188,-29.750,6.188,-5.812,-34.688
4430232,BNO_MAG_UC,255,-5800,0,59.125,-4.250,-23.938,6.188,-5.812,-34.688
4450350,BNO_MAG_UC,256,-5800,0,57.562,-2.562,-12.125,6.188,-5.812,-34.688
4459661,BNO_MAG_UC,257,-4900,0,58.312,-0.500,-6.312,6.188,-5.812,-34.688
4470490,BNO_MAG_UC,258,-5800,0,57.562,-1.562,-4.000,6.188,-5.812,-34.688
4490607,BNO_MAG_UC,259,-5800,0,56.062,1.625,-1.812,6.188,-5.812,-34.688
4499703,BNO_MAG_UC,260,-4700,0,57.562,2.688,-0.875,6.188,-5.812,-34.688
4530695,BNO_MAG_UC,261,-5400,0,61.000,4.500,-13.125,6.188,-5.812,-34.688
4539880,BNO_MAG_UC,262,-4700,0,61.375,4.938,-18.500,6.188,-5.812,-34.688
4571131,BNO_MAG_UC,263,-5800,0,63.375,2.938,-38.875,6.188,-5.812,-34.688
4579985,BNO_MAG_UC,264,-4500,0,61.938,3.625,-46.500,6.188,-5.812,-34.688
4611227,BNO_MAG_UC,265,-5800,0,52.062,-0.562,-68.562,6.188,-5.812,-34.688
4620184,BNO_MAG_UC,266,-4500,0,48.000,-2.000,-73.938,6.188,-5.812,-34.688
4651084,BNO_MAG_UC,267,-5100,0,30.750,-5.250,-87.812,6.188,-5.812,-34.688
4660369,BNO_MAG_UC,268,-5300,0,23.000,-7.438,-89.562,6.188,-5.812,-34.688
4691193,BNO_MAG_UC,269,-5100,0,0.188,-9.062,-88.875,6.188,-5.812,-34.688
4700284,BNO_MAG_UC,270,-4900,0,-7.250,-10.875,-87.500,6.188,-5.812,-34.688
4731313,BNO_MAG_UC,271,-5300,0,-26.125,-15.000,-76.062,6.188,-5.812,-34.688
4740475,BNO_MAG_UC,272,-5300,0,-29.500,-16.500,-71.438,6.188,-5.812,-34.688
4771376,BNO_MAG_UC,273,-5300,0,-37.750,-21.250,-58.250,6.188,-5.812,-34.688
4780530,BNO_MAG_UC,274,-5100,0,-38.500,-21.250,-56.000,6.188,-5.812,-34.688
4811412,BNO_MAG_UC,275,-5300,0,-41.125,-20.250,-44.250,6.188,-5.812,-34.688
4820428,BNO_MAG_UC,276,-4900,0,-42.250,-18.875,-40.688,6.188,-5.812,-34.688
4860735,BNO_MAG_UC,277,-4700,0,-43.375,-17.188,-34.375,6.188,-5.812,-34.688
4871234,BNO_MAG_UC,278,-5600,0,-43.375,-17.188,-34.375,6.188,-5.812,-34.688
4900813,BNO_MAG_UC,279,-4700,0,-43.375,-19.625,-37.000,6.188,-5.812,-34.688
4910802,BNO_MAG_UC,280,-5600,0,-43.000,-17.125,-38.875,6.188,-5.812,-34.688
4931851,BNO_MAG_UC,281,-5300,0,-43.688,-17.812,-43.812,6.188,-5.812,-34.688
4940835,BNO_MAG_UC,282,-4900,0,-43.688,-15.375,-45.188,6.188,-5.812,-34.688
4951639,BNO_MAG_UC,283,-5600,0,-42.562,-17.062,-49.250,6.188,-5.812,-34.688
4961123,BNO_MAG_UC,284,-4900,0,-42.125,-16.375,-52.875,6.188,-5.812,-34.688
4980952,BNO_MAG_UC,285,-4500,0,-39.125,-16.312,-60.562,6.188,-5.812,-34.688
4991857,BNO_MAG_UC,286,-5800,0,-36.125,-14.812,-66.062,6.188,-5.812,-34.688
5001310,BNO_MAG_UC,287,-4900,0,-33.188,-15.812,-69.250,6.188,-5.812,-34.688
5020619,BNO_MAG_UC,288,-4900,0,-29.062,-12.562,-78.312,6.188,-5.812,-34.688
5031671,BNO_MAG_UC,289,-5800,0,-24.250,-11.438,-79.688,6.188,-5.812,-34.688
5041271,BNO_MAG_UC,290,-5100,0,-20.125,-10.312,-83.750,6.188,-5.812,-34.688
5061333,BNO_MAG_UC,291,-4500,0,-8.688,-9.875,-86.125,6.188,-5.812,-34.688
5072105,BNO_MAG_UC,292,-5800,0,-1.312,-8.375,-88.000,6.188,-5.812,-34.688
5081330,BNO_MAG_UC,293,-4500,0,4.562,-8.312,-88.062,6.188,-5.812,-34.688
5101441,BNO_MAG_UC,294,-4300,0,16.375,-5.375,-85.500,6.188,-5.812,-34.688
5112279,BNO_MAG_UC,295,-5800,0,21.938,-3.562,-85.500,6.188,-5.812,-34.688
5121495,BNO_MAG_UC,296,-4700,0,27.812,-1.750,-82.438,6.188,-5.812,-34.688
5141237,BNO_MAG_UC,297,-5100,0,37.750,1.812,-73.500,6.188,-5.812,-34.688
5152233,BNO_MAG_UC,298,-6000,0,41.000,0.750,-68.562,6.188,-5.812,-34.688
5161598,BNO_MAG_UC,299,-4900,0,45.438,2.500,-63.625,6.188,-5.812,-34.688
5181319,BNO_MAG_UC,300,-4300,0,51.250,2.500,-52.375,6.188,-5.812,-34.688
5192326,BNO_MAG_UC,301,-5800,0,52.750,1.812,-49.688,6.188,-5.812,-34.688
5201753,BNO_MAG_UC,302,-4900,0,54.125,-0.688,-44.688,6.188,-5.812,-34.688
5222126,BNO_MAG_UC,303,-5800,0,55.188,-2.500,-34.250,6.188,-5.812,-34.688
5231683,BNO_MAG_UC,304,-5100,0,55.500,-2.125,-29.750,6.188,-5.812,-34.688
5242335,BNO_MAG_UC,305,-5600,0,54.375,-3.938,-27.938,6.188,-5.812,-34.688
5262177,BNO_MAG_UC,306,-5800,0,54.312,-6.062,-24.250,6.188,-5.812,-34.688
5271230,BNO_MAG_UC,307,-4900,0,55.062,-6.750,-24.750,6.188,-5.812,-34.688
5302358,BNO_MAG_UC,308,-5800,0,56.562,-5.625,-32.438,6.188,-5.812,-34.688
5311363,BNO_MAG_UC,309,-4700,0,57.375,-5.250,-37.875,6.188,-5.812,-34.688
5342346,BNO_MAG_UC,310,-5600,0,56.312,-3.500,-43.750,6.188,-5.812,-34.688
5351697,BNO_MAG_UC,311,-4900,0,55.250,-4.188,-47.812,6.188,-5.812,-34.688
5382267,BNO_MAG_UC,312,-4900,0,53.438,-6.250,-57.688,6.188,-5.812,-34.688
5391852,BNO_MAG_UC,313,-5300,0,52.750,-6.562,-61.812,6.188,-5.812,-34.688
5402655,BNO_MAG_UC,314,-5600,0,50.188,-7.312,-64.062,6.188,-5.812,-34.688
5422927,BNO_MAG_UC,315,-6200,0,46.125,-5.875,-69.875,6.188,-5.812,-34.688
5431931,BNO_MAG_UC,316,-4700,0,42.812,-6.250,-72.062,6.188,-5.812,-34.688
5462782,BNO_MAG_UC,317,-5600,0,38.750,-8.062,-77.500,6.188,-5.812,-34.688
5472154,BNO_MAG_UC,318,-4700,0,37.312,-8.062,-77.938,6.188,-5.812,-34.688
5483007,BNO_MAG_UC,319,-5600,0,36.188,-8.750,-80.188,6.188,-5.812,-34.688
5502909,BNO_MAG_UC,320,-6000,0,31.062,-9.875,-84.188,6.188,-5.812,-34.688
5512101,BNO_MAG_UC,321,-4700,0,27.750,-9.500,-84.688,6.188,-5.812,-34.688
5522613,BNO_MAG_UC,322,-5800,0,27.750,-9.500,-84.688,6.188,-5.812,-34.688
5543012,BNO_MAG_UC,323,-6000,0,17.812,-10.688,-86.812,6.188,-5.812,-34.688
5552368,BNO_MAG_UC,324,-4700,0,13.750,-11.750,-89.062,6.188,-5.812,-34.688
5583319,BNO_MAG_UC,325,-5100,0,3.812,-12.188,-90.312,6.188,-5.812,-34.688
5592232,BNO_MAG_UC,326,-4900,0,2.375,-10.125,-89.000,6.188,-5.812,-34.688
5623413,BNO_MAG_UC,327,-6200,0,-3.875,-10.188,-89.312,6.188,-5.812,-34.688
5632494,BNO_MAG_UC,328,-4700,0,-6.500,-9.500,-89.375,6.188,-5.812,-34.688
5663468,BNO_MAG_UC,329,-5600,0,-9.812,-10.562,-87.562,6.188,-5.812,-34.688
5672657,BNO_MAG_UC,330,-4500,0,-10.938,-12.000,-86.562,6.188,-5.812,-34.688
5682030,BNO_MAG_UC,331,-5300,0,-15.000,-12.750,-86.125,6.188,-5.812,-34.688
5712327,BNO_MAG_UC,332,-4900,0,-22.062,-14.938,-79.750,6.188,-5.812,-34.688
5752678,BNO_MAG_UC,333,-4900,0,-28.375,-15.375,-75.562,6.188,-5.812,-34.688
5792709,BNO_MAG_UC,334,-4500,0,-34.312,-15.875,-68.312,6.188,-5.812,-34.688
5832433,BNO_MAG_UC,335,-4700,0,-38.812,-17.688,-62.375,6.188,-5.812,-34.688
5843261,BNO_MAG_UC,336,-5600,0,-41.375,-16.312,-60.625,6.188,-5.812,-34.688
5853094,BNO_MAG_UC,337,-5100,0,-41.000,-15.250,-60.562,6.188,-5.812,-34.688
5873041,BNO_MAG_UC,338,-4500,0,-42.875,-14.250,-56.062,6.188,-5.812,-34.688
5912958,BNO_MAG_UC,339,-4900,0,-42.125,-16.000,-57.438,6.188,-5.812,-34.688
5923768,BNO_MAG_UC,340,-5800,0,-42.500,-16.688,-57.438,6.188,-5.812,-34.688
5933332,BNO_MAG_UC,341,-4900,0,-41.000,-15.625,-58.312,6.188,-5.812,-34.688
5953045,BNO_MAG_UC,342,-5100,0,-41.000,-16.625,-61.938,6.188,-5.812,-34.688
5963856,BNO_MAG_UC,343,-5600,0,-40.938,-14.188,-62.875,6.188,-5.812,-34.688
5973441,BNO_MAG_UC,344,-4700,0,-38.750,-14.500,-64.188,6.188,-5.812,-34.688
5993085,BNO_MAG_UC,345,-5100,0,-36.500,-14.125,-69.188,6.188,-5.812,-34.688
6003948,BNO_MAG_UC,346,-5600,0,-35.000,-15.125,-72.000,6.188,-5.812,-34.688
6013526,BNO_MAG_UC,347,-4900,0,-32.062,-14.750,-73.312,6.188,-5.812,-34.688
6032675,BNO_MAG_UC,348,-4500,0,-27.250,-16.812,-79.250,6.188,-5.812,-34.688
6043753,BNO_MAG_UC,349,-5600,0,-24.625,-17.438,-81.062,6.188,-5.812,-34.688
6053587,BNO_MAG_UC,350,-5100,0,-21.312,-18.125,-82.438,6.188,-5.812,-34.688
6073934,BNO_MAG_UC,351,-5800,0,-17.250,-18.438,-84.750,6.188,-5.812,-34.688
6083051,BNO_MAG_UC,352,-4900,0,-14.688,-17.312,-86.562,6.188,-5.812,-34.688
6093827,BNO_MAG_UC,353,-5400,0,-10.250,-18.000,-86.125,6.188,-5.812,-34.688
6113980,BNO_MAG_UC,354,-5600,0,-5.812,-17.938,-88.000,6.188,-5.812,-34.688
6123038,BNO_MAG_UC,355,-4900,0,-2.500,-18.625,-89.812,6.188,-5.812,-34.688
6133869,BNO_MAG_UC,356,-5300,0,-1.375,-17.875,-88.875,6.188,-5.812,-34.688
6154036,BNO_MAG_UC,357,-5800,0,4.500,-17.812,-89.875,6.188,-5.812,-34.688
6163154,BNO_MAG_UC,358,-4900,0,6.688,-17.500,-88.500,6.188,-5.812,-34.688
6194198,BNO_MAG_UC,359,-4900,0,13.375,-16.375,-88.562,6.188,-5.812,-34.688
6203482,BNO_MAG_UC,360,-4900,0,17.375,-14.562,-86.812,6.188,-5.812,-34.688
6234082,BNO_MAG_UC,361,-5100,0,26.250,-14.125,-86.000,6.188,-5.812,-34.688
6243577,BNO_MAG_UC,362,-5100,0,28.062,-13.375,-85.125,6.188,-5.812,-34.688
6254352,BNO_MAG_UC,363,-5600,0,30.625,-13.750,-82.375,6.188,-5.812,-34.688
6274402,BNO_MAG_UC,364,-6000,0,33.938,-13.750,-79.688,6.188,-5.812,-34.688
6283745,BNO_MAG_UC,365,-4900,0,36.500,-14.438,-77.438,6.188,-5.812,-34.688
6294621,BNO_MAG_UC,366,-5800,0,37.625,-14.062,-78.875,6.188,-5.812,-34.688
6314771,BNO_MAG_UC,367,-6000,0,39.438,-15.125,-75.688,6.188,-5.812,-34.688
6324000,BNO_MAG_UC,368,-4900,0,40.500,-15.125,-73.875,6.188,-5.812,-34.688
6334797,BNO_MAG_UC,369,-5800,0,40.875,-16.875,-75.688,6.188,-5.812,-34.688
6354633,BNO_MAG_UC,370,-6000,0,39.750,-16.500,-75.688,6.188,-5.812,-34.688
6363926,BNO_MAG_UC,371,-4700,0,39.438,-15.812,-77.062,6.188,-5.812,-34.688
6395116,BNO_MAG_UC,372,-5800,0,33.938,-16.875,-82.000,6.188,-5.812,-34.688
6404020,BNO_MAG_UC,373,-4300,0,30.938,-18.000,-82.438,6.188,-5.812,-34.688
6435233,BNO_MAG_UC,374,-5600,0,21.812,-16.250,-86.875,6.188,-5.812,-34.688
6444201,BNO_MAG_UC,375,-4300,0,17.062,-15.625,-88.625,6.188,-5.812,-34.688
6475341,BNO_MAG_UC,376,-5300,0,-0.250,-16.500,-89.375,6.188,-5.812,-34.688
6484242,BNO_MAG_UC,377,-4900,0,-3.250,-16.875,-88.875,6.188,-5.812,-34.688
6515270,BNO_MAG_UC,378,-5300,0,-16.875,-16.688,-84.250,6.188,-5.812,-34.688
6524381,BNO_MAG_UC,379,-5100,0,-20.625,-17.750,-82.500,6.188,-5.812,-34.688
6555466,BNO_MAG_UC,380,-5500,0,-29.875,-18.250,-74.188,6.188,-5.812,-34.688
6564665,BNO_MAG_UC,381,-5300,0,-31.750,-19.312,-72.438,6.188,-5.812,-34.688
6595685,BNO_MAG_UC,382,-5300,0,-35.812,-18.312,-66.938,6.188,-5.812,-34.688
6604715,BNO_MAG_UC,383,-4900,0,-37.688,-16.938,-63.312,6.188,-5.812,-34.688
6614856,BNO_MAG_UC,384,-5300,0,-39.875,-15.250,-60.625,6.188,-5.812,-34.688
6624983,BNO_MAG_UC,385,-5400,0,-41.000,-13.500,-60.188,6.188,-5.812,-34.688
6644377,BNO_MAG_UC,386,-5100,0,-43.938,-10.375,-55.625,6.188,-5.812,-34.688
6655225,BNO_MAG_UC,387,-5800,0,-43.938,-9.312,-53.812,6.188,-5.812,-34.688
6664940,BNO_MAG_UC,388,-5100,0,-45.438,-9.000,-50.688,6.188,-5.812,-34.688
6684570,BNO_MAG_UC,389,-4900,0,-44.688,-8.312,-47.500,6.188,-5.812,-34.688
6725095,BNO_MAG_UC,390,-4900,0,-44.000,-8.312,-44.812,6.188,-5.812,-34.688
6735131,BNO_MAG_UC,391,-5100,0,-45.438,-6.938,-44.375,6.188,-5.812,-34.688
6745015,BNO_MAG_UC,392,-5300,0,-45.062,-8.312,-47.062,6.188,-5.812,-34.688
6764848,BNO_MAG_UC,393,-4300,0,-44.312,-7.250,-46.188,6.188,-5.812,-34.688
6775782,BNO_MAG_UC,394,-6000,0,-44.688,-6.875,-48.000,6.188,-5.812,-34.688
6785211,BNO_MAG_UC,395,-4700,0,-45.062,-6.875,-48.875,6.188,-5.812,-34.688
6805025,BNO_MAG_UC,396,-4500,0,-43.562,-6.500,-52.500,6.188,-5.812,-34.688
6815920,BNO_MAG_UC,397,-5800,0,-43.875,-5.812,-54.312,6.188,-5.812,-34.688
6825222,BNO_MAG_UC,398,-4700,0,-43.125,-7.875,-57.500,6.188,-5.812,-34.688
6845109,BNO_MAG_UC,399,-4300,0,-40.938,-8.562,-60.688,6.188,-5.812,-34.688
6855281,BNO_MAG_UC,400,-5600,0,-38.688,-9.938,-64.312,6.188,-5.812,-34.688
6876441,BNO_MAG_UC,401,-5300,0,-35.750,-13.000,-72.438,6.188,-5.812,-34.688
6884911,BNO_MAG_UC,402,-4500,0,-31.688,-14.000,-74.312,6.188,-5.812,-34.688
6895898,BNO_MAG_UC,403,-5800,0,-27.625,-15.750,-78.812,6.188,-5.812,-34.688
6905389,BNO_MAG_UC,404,-4900,0,-20.938,-17.062,-82.938,6.188,-5.812,-34.688
6925077,BNO_MAG_UC,405,-4200,0,-11.750,-16.938,-85.250,6.188,-5.812,-34.688
6936088,BNO_MAG_UC,406,-5800,0,-8.750,-16.188,-88.000,6.188,-5.812,-34.688
6945530,BNO_MAG_UC,407,-4900,0,-4.688,-15.812,-89.438,6.188,-5.812,-34.688
6964873,BNO_MAG_UC,408,-4900,0,-1.062,-17.875,-88.000,6.188,-5.812,-34.688
6975853,BNO_MAG_UC,409,-5800,0,3.375,-18.562,-88.062,6.188,-5.812,-34.688
7005158,BNO_MAG_UC,410,-4700,0,13.688,-17.438,-85.438,6.188,-5.812,-34.688
7016326,BNO_MAG_UC,411,-5800,0,16.250,-18.125,-85.000,6.188,-5.812,-34.688
7025839,BNO_MAG_UC,412,-4700,0,20.688,-18.062,-84.562,6.188,-5.812,-34.688
7046145,BNO_MAG_UC,413,-5800,0,25.438,-17.312,-82.375,6.188,-5.812,-34.688
7055261,BNO_MAG_UC,414,-4900,0,27.625,-17.312,-81.500,6.188,-5.812,-34.688
7066041,BNO_MAG_UC,415,-5600,0,31.000,-16.250,-80.188,6.188,-5.812,-34.688
7086165,BNO_MAG_UC,416,-5800,0,35.000,-16.562,-75.688,6.188,-5.812,-34.688
7095504,BNO_MAG_UC,417,-4900,0,36.125,-14.812,-75.250,6.188,-5.812,-34.688
7106255,BNO_MAG_UC,418,-5600,0,39.375,-15.500,-73.500,6.188,-5.812,-34.688
7126271,BNO_MAG_UC,419,-5800,0,42.688,-15.500,-67.562,6.188,-5.812,-34.688
7135554,BNO_MAG_UC,420,-4700,0,45.000,-13.000,-67.188,6.188,-5.812,-34.688
7146323,BNO_MAG_UC,421,-5600,0,46.375,-14.750,-63.562,6.188,-5.812,-34.688
7166463,BNO_MAG_UC,422,-6000,0,47.500,-12.312,-60.438,6.188,-5.812,-34.688
7175811,BNO_MAG_UC,423,-4900,0,49.000,-12.625,-59.125,6.188,-5.812,-34.688
7186580,BNO_MAG_UC,424,-5600,0,50.812,-12.250,-55.938,6.188,-5.812,-34.688
7206415,BNO_MAG_UC,425,-5800,0,52.250,-10.875,-54.562,6.188,-5.812,-34.688
7215836,BNO_MAG_UC,426,-4900,0,52.250,-9.438,-51.875,6.188,-5.812,-34.688
7247019,BNO_MAG_UC,427,-5800,0,53.375,-8.438,-48.250,6.188,-5.812,-34.688
7255950,BNO_MAG_UC,428,-4300,0,54.438,-8.375,-48.250,6.188,-5.812,-34.688
7286885,BNO_MAG_UC,429,-5100,0,55.188,-10.500,-46.938,6.188,-5.812,-34.688
7295955,BNO_MAG_UC,430,-4900,0,54.062,-10.500,-47.875,6.188,-5.812,-34.688
7327046,BNO_MAG_UC,431,-5600,0,54.875,-9.812,-52.375,6.188,-5.812,-34.688
7336244,BNO_MAG_UC,432,-4500,0,52.625,-8.375,-53.250,6.188,-5.812,-34.688
7367147,BNO_MAG_UC,433,-5800,0,50.875,-6.938,-61.000,6.188,-5.812,-34.688
7376279,BNO_MAG_UC,434,-4500,0,48.688,-6.250,-65.000,6.188,-5.812,-34.688
7407245,BNO_MAG_UC,435,-5600,0,42.438,-7.312,-76.688,6.188,-5.812,-34.688
7416379,BNO_MAG_UC,436,-4300,0,40.250,-6.625,-78.500,6.188,-5.812,-34.688
7447395,BNO_MAG_UC,437,-5800,0,30.750,-4.938,-84.750,6.188,-5.812,-34.688
7456796,BNO_MAG_UC,438,-4900,0,26.000,-6.375,-89.250,6.188,-5.812,-34.688
7466765,BNO_MAG_UC,439,-5300,0,20.812,-5.000,-90.062,6.188,-5.812,-34.688
7476879,BNO_MAG_UC,440,-5600,0,16.812,-5.375,-91.438,6.188,-5.812,-34.688
7496638,BNO_MAG_UC,441,-5300,0,7.188,-4.750,-90.438,6.188,-5.812,-34.688
7527401,BNO_MAG_UC,442,-5300,0,-3.125,-4.875,-90.875,6.188,-5.812,-34.688
7536512,BNO_MAG_UC,443,-5100,0,-6.438,-5.250,-89.000,6.188,-5.812,-34.688
7576912,BNO_MAG_UC,444,-4500,0,-20.125,-6.812,-83.500,6.188,-5.812,-34.688
7607650,BNO_MAG_UC,445,-5300,0,-28.250,-9.062,-78.438,6.188,-5.812,-34.688
7616593,BNO_MAG_UC,446,-4900,0,-30.500,-9.438,-76.625,6.188,-5.812,-34.688
7626767,BNO_MAG_UC,447,-5800,0,-30.875,-11.188,-75.688,6.188,-5.812,-34.688
7656793,BNO_MAG_UC,448,-4900,0,-35.375,-13.375,-72.438,6.188,-5.812,-34.688
7666913,BNO_MAG_UC,449,-5800,0,-36.812,-13.062,-70.625,6.188,-5.812,-34.688
7696485,BNO_MAG_UC,450,-4500,0,-39.062,-13.438,-66.125,6.188,-5.812,-34.688
7707523,BNO_MAG_UC,451,-5600,0,-39.438,-11.688,-66.125,6.188,-5.812,-34.688
7717223,BNO_MAG_UC,452,-5100,0,-38.750,-13.438,-64.750,6.188,-5.812,-34.688
7737113,BNO_MAG_UC,453,-4500,0,-39.812,-13.125,-64.250,6.188,-5.812,-34.688
7747991,BNO_MAG_UC,454,-5800,0,-40.562,-13.812,-62.500,6.188,-5.812,-34.688
7757272,BNO_MAG_UC,455,-4700,0,-40.938,-14.188,-64.750,6.188,-5.812,-34.688
7777197,BNO_MAG_UC,456,-4300,0,-38.750,-15.562,-66.562,6.188,-5.812,-34.688
7788053,BNO_MAG_UC,457,-5800,0,-39.062,-14.125,-66.062,6.188,-5.812,-34.688
7797430,BNO_MAG_UC,458,-4700,0,-38.000,-15.500,-70.188,6.188,-5.812,-34.688
7817623,BNO_MAG_UC,459,-4900,0,-36.500,-16.562,-70.625,6.188,-5.812,-34.688
7826857,BNO_MAG_UC,460,-5100,0,-33.938,-16.188,-72.062,6.188,-5.812,-34.688
7837776,BNO_MAG_UC,461,-5400,0,-30.938,-16.812,-75.250,6.188,-5.812,-34.688
7857233,BNO_MAG_UC,462,-5100,0,-28.000,-17.500,-78.375,6.188,-5.812,-34.688
7868204,BNO_MAG_UC,463,-5800,0,-26.125,-18.562,-79.750,6.188,-5.812,-34.688
7877694,BNO_MAG_UC,464,-4900,0,-24.625,-17.125,-82.062,6.188,-5.812,-34.688
7898320,BNO_MAG_UC,465,-5700,0,-18.375,-17.000,-85.688,6.188,-5.812,-34.688
7907102,BNO_MAG_UC,466,-4900,0,-15.750,-16.625,-86.625,6.188,-5.812,-34.688
7917870,BNO_MAG_UC,467,-5400,0,-12.438,-18.000,-87.562,6.188,-5.812,-34.688
7938102,BNO_MAG_UC,468,-5600,0,-6.188,-17.562,-89.875,6.188,-5.812,-34.688
7947330,BNO_MAG_UC,469,-5100,0,-4.000,-19.312,-88.562,6.188,-5.812,-34.688
7978048,BNO_MAG_UC,470,-5100,0,2.625,-18.562,-89.938,6.188,-5.812,-34.688
7987253,BNO_MAG_UC,471,-5300,0,6.312,-17.812,-89.500,6.188,-5.812,-34.688
8018537,BNO_MAG_UC,472,-5800,0,13.688,-18.125,-89.062,6.188,-5.812,-34.688
8027567,BNO_MAG_UC,473,-4500,0,17.062,-16.312,-88.688,6.188,-5.812,-34.688
8038444,BNO_MAG_UC,474,-5800,0,18.875,-16.312,-88.750,6.188,-5.812,-34.688
8058344,BNO_MAG_UC,475,-5800,0,22.938,-14.125,-88.312,6.188,-5.812,-34.688
8067734,BNO_MAG_UC,476,-4900,0,26.250,-13.750,-86.500,6.188,-5.812,-34.688
8098211,BNO_MAG_UC,477,-5100,0,28.500,-12.688,-87.500,6.188,-5.812,-34.688
8107802,BNO_MAG_UC,478,-5100,0,28.875,-12.688,-87.500,6.188,-5.812,-34.688
8139174,BNO_MAG_UC,479,-6000,0,30.688,-11.938,-87.000,6.188,-5.812,-34.688
8148116,BNO_MAG_UC,480,-4500,0,32.875,-12.312,-83.875,6.188,-5.812,-34.688
8158887,BNO_MAG_UC,481,-5800,0,34.312,-13.000,-83.875,6.188,-5.812,-34.688
8178685,BNO_MAG_UC,482,-5800,0,37.250,-14.375,-82.562,6.188,-5.812,-34.688
8188080,BNO_MAG_UC,483,-4700,0,37.688,-11.938,-82.125,6.188,-5.812,-34.688
8219247,BNO_MAG_UC,484,-6200,0,43.188,-11.875,-78.562,6.188,-5.812,-34.688
8228219,BNO_MAG_UC,485,-4700,0,42.500,-11.562,-77.188,6.188,-5.812,-34.688
8259102,BNO_MAG_UC,486,-5100,0,47.625,-10.125,-71.750,6.188,-5.812,-34.688
8268254,BNO_MAG_UC,487,-5100,0,49.062,-10.812,-69.562,6.188,-5.812,-34.688
8299343,BNO_MAG_UC,488,-5500,0,52.688,-10.438,-61.812,6.188,-5.812,-34.688
8308355,BNO_MAG_UC,489,-5100,0,54.188,-8.000,-60.062,6.188,-5.812,-34.688
8339183,BNO_MAG_UC,490,-5100,0,55.625,-9.438,-54.188,6.188,-5.812,-34.688
8348465,BNO_MAG_UC,491,-4900,0,57.062,-7.625,-52.875,6.188,-5.812,-34.688
8379531,BNO_MAG_UC,492,-6000,0,57.750,-9.438,-49.250,6.188,-5.812,-34.688
8388814,BNO_MAG_UC,493,-4700,0,58.500,-8.750,-47.000,6.188,-5.812,-34.688
8419634,BNO_MAG_UC,494,-5300,0,59.938,-9.125,-40.625,6.188,-5.812,-34.688
8428757,BNO_MAG_UC,495,-5100,0,58.812,-10.188,-41.125,6.188,-5.812,-34.688
8459417,BNO_MAG_UC,496,-5000,0,61.000,-10.500,-37.500,6.188,-5.812,-34.688
8468541,BNO_MAG_UC,497,-4700,0,60.250,-10.188,-37.062,6.188,-5.812,-34.688
8479378,BNO_MAG_UC,498,-5800,0,60.250,-10.875,-38.812,6.188,-5.812,-34.688
8508427,BNO_MAG_UC,499,-4500,0,61.750,-10.812,-42.438,6.188,-5.812,-34.688
8519320,BNO_MAG_UC,500,-5600,0,59.938,-10.125,-45.188,6.188,-5.812,-34.688
8548684,BNO_MAG_UC,501,-4900,0,59.625,-9.750,-53.375,6.188,-5.812,-34.688
8559364,BNO_MAG_UC,502,-5600,0,58.938,-10.062,-57.375,6.188,-5.812,-34.688
8569078,BNO_MAG_UC,503,-5100,0,58.562,-9.000,-59.688,6.188,-5.812,-34.688
8589130,BNO_MAG_UC,504,-4500,0,53.812,-10.062,-66.438,6.188,-5.812,-34.688
8628722,BNO_MAG_UC,505,-4500,0,43.688,-6.250,-80.438,6.188,-5.812,-34.688
8639695,BNO_MAG_UC,506,-5800,0,42.125,-5.875,-83.125,6.188,-5.812,-34.688
8649375,BNO_MAG_UC,507,-5100,0,38.500,-4.125,-85.312,6.188,-5.812,-34.688
8668991,BNO_MAG_UC,508,-5100,0,34.062,-4.875,-88.062,6.188,-5.812,-34.688
8679894,BNO_MAG_UC,509,-5600,0,28.938,-6.312,-89.312,6.188,-5.812,-34.688
8688742,BNO_MAG_UC,510,-4700,0,25.625,-7.375,-91.125,6.188,-5.812,-34.688
8708964,BNO_MAG_UC,511,-4300,0,19.750,-5.688,-92.875,6.188,-5.812,-34.688
8719978,BNO_MAG_UC,512,-5800,0,16.438,-5.688,-92.375,6.188,-5.812,-34.688
8729540,BNO_MAG_UC,513,-4700,0,14.250,-4.688,-93.312,6.188,-5.812,-34.688
8749043,BNO_MAG_UC,514,-4900,0,8.688,-5.438,-94.188,6.188,-5.812,-34.688
8760186,BNO_MAG_UC,515,-5600,0,6.875,-5.812,-95.938,6.188,-5.812,-34.688
8789858,BNO_MAG_UC,516,-4900,0,-0.562,-7.625,-93.188,6.188,-5.812,-34.688
8799135,BNO_MAG_UC,517,-5300,0,-4.250,-8.000,-93.188,6.188,-5.812,-34.688
8809891,BNO_MAG_UC,518,-5600,0,-6.438,-9.125,-93.125,6.188,-5.812,-34.688
8830154,BNO_MAG_UC,519,-5800,0,-11.625,-9.500,-91.312,6.188,-5.812,-34.688
8839119,BNO_MAG_UC,520,-4900,0,-12.688,-7.750,-89.500,6.188,-5.812,-34.688
8870082,BNO_MAG_UC,521,-5400,0,-17.125,-7.438,-88.125,6.188,-5.812,-34.688
8879242,BNO_MAG_UC,522,-4900,0,-18.250,-8.188,-87.125,6.188,-5.812,-34.688
8910469,BNO_MAG_UC,523,-5500,0,-24.875,-8.625,-85.750,6.188,-5.812,-34.688
8919546,BNO_MAG_UC,524,-4900,0,-26.062,-9.375,-82.562,6.188,-5.812,-34.688
8930367,BNO_MAG_UC,525,-5600,0,-28.250,-9.750,-81.688,6.188,-5.812,-34.688
8950572,BNO_MAG_UC,526,-6000,0,-30.500,-9.375,-80.250,6.188,-5.812,-34.688
8959669,BNO_MAG_UC,527,-4700,0,-31.562,-8.750,-77.562,6.188,-5.812,-34.688
8991032,BNO_MAG_UC,528,-5500,0,-35.312,-10.188,-74.375,6.188,-5.812,-34.688
8999929,BNO_MAG_UC,529,-4900,0,-35.000,-11.250,-72.062,6.188,-5.812,-34.688
9010758,BNO_MAG_UC,530,-5800,0,-36.812,-10.938,-71.188,6.188,-5.812,-34.688
9030551,BNO_MAG_UC,531,-5800,0,-39.750,-9.188,-68.000,6.188,-5.812,-34.688
9039990,BNO_MAG_UC,532,-4900,0,-39.812,-8.875,-65.250,6.188,-5.812,-34.688
9070757,BNO_MAG_UC,533,-5100,0,-40.938,-12.062,-62.062,6.188,-5.812,-34.688
9080066,BNO_MAG_UC,534,-4900,0,-42.812,-10.312,-60.688,6.188,-5.812,-34.688
9111354,BNO_MAG_UC,535,-6000,0,-42.875,-12.812,-58.000,6.188,-5.812,-34.688
9120320,BNO_MAG_UC,536,-4700,0,-42.875,-11.375,-56.562,6.188,-5.812,-34.688
9151194,BNO_MAG_UC,537,-5100,0,-44.375,-12.875,-53.875,6.188,-5.812,-34.688
9160473,BNO_MAG_UC,538,-5100,0,-44.000,-13.188,-52.562,6.188,-5.812,-34.688
9169743,BNO_MAG_UC,539,-5300,0,-43.250,-12.500,-53.875,6.188,-5.812,-34.688
9191188,BNO_MAG_UC,540,-6000,0,-45.125,-14.625,-52.062,6.188,-5.812,-34.688
9200391,BNO_MAG_UC,541,-4700,0,-44.812,-14.250,-50.688,6.188,-5.812,-34.688
9231366,BNO_MAG_UC,542,-5100,0,-45.188,-15.375,-48.000,6.188,-5.812,-34.688
9240548,BNO_MAG_UC,543,-5100,0,-44.812,-14.625,-48.000,6.188,-5.812,-34.688
9271930,BNO_MAG_UC,544,-5800,0,-45.188,-14.625,-47.562,6.188,-5.812,-34.688
9280776,BNO_MAG_UC,545,-4700,0,-44.438,-13.562,-46.625,6.188,-5.812,-34.688
9290830,BNO_MAG_UC,546,-4900,0,-45.188,-13.250,-48.000,6.188,-5.812,-34.688
9320586,BNO_MAG_UC,547,-5100,0,-45.875,-12.562,-48.438,6.188,-5.812,-34.688
9351554,BNO_MAG_UC,548,-5100,0,-43.312,-12.500,-51.188,6.188,-5.812,-34.688
9360506,BNO_MAG_UC,549,-4900,0,-44.438,-15.312,-53.875,6.188,-5.812,-34.688
9371384,BNO_MAG_UC,550,-5600,0,-43.250,-13.500,-55.688,6.188,-5.812,-34.688
9380879,BNO_MAG_UC,551,-4900,0,-43.625,-13.188,-57.062,6.188,-5.812,-34.688
9400663,BNO_MAG_UC,552,-4300,0,-42.125,-14.562,-59.312,6.188,-5.812,-34.688
9411580,BNO_MAG_UC,553,-5800,0,-41.000,-12.750,-62.062,6.188,-5.812,-34.688
9421077,BNO_MAG_UC,554,-4700,0,-40.188,-13.438,-64.312,6.188,-5.812,-34.688
9440575,BNO_MAG_UC,555,-4900,0,-38.688,-14.125,-67.500,6.188,-5.812,-34.688
9451499,BNO_MAG_UC,556,-5600,0,-36.125,-13.750,-70.688,6.188,-5.812,-34.688
9461156,BNO_MAG_UC,557,-5100,0,-36.125,-13.000,-71.188,6.188,-5.812,-34.688
9480993,BNO_MAG_UC,558,-4500,0,-32.375,-13.688,-74.812,6.188,-5.812,-34.688
9491875,BNO_MAG_UC,559,-5800,0,-31.312,-13.688,-76.188,6.188,-5.812,-34.688
9501117,BNO_MAG_UC,560,-4500,0,-29.062,-12.938,-77.562,6.188,-5.812,-34.688
9521109,BNO_MAG_UC,561,-4300,0,-25.688,-13.562,-82.062,6.188,-5.812,-34.688
9532056,BNO_MAG_UC,562,-5800,0,-23.500,-14.938,-83.000,6.188,-5.812,-34.688
9541316,BNO_MAG_UC,563,-4700,0,-21.312,-14.250,-84.375,6.188,-5.812,-34.688
9561677,BNO_MAG_UC,564,-5100,0,-17.938,-14.188,-87.125,6.188,-5.812,-34.688
9571507,BNO_MAG_UC,565,-4900,0,-15.750,-14.875,-86.750,6.188,-5.812,-34.688
9580698,BNO_MAG_UC,566,-5300,0,-15.000,-14.875,-87.625,6.188,-5.812,-34.688
9600698,BNO_MAG_UC,567,-4500,0,-10.938,-14.812,-86.750,6.188,-5.812,-34.688
9621878,BNO_MAG_UC,568,-5100,0,-4.688,-15.125,-90.375,6.188,-5.812,-34.688
9642187,BNO_MAG_UC,569,-6000,0,-1.750,-14.688,-91.312,6.188,-5.812,-34.688
9650967,BNO_MAG_UC,570,-4700,0,1.625,-14.000,-90.438,6.188,-5.812,-34.688
9681041,BNO_MAG_UC,571,-4500,0,6.750,-14.625,-89.562,6.188,-5.812,-34.688
9692132,BNO_MAG_UC,572,-5600,0,7.875,-15.000,-90.938,6.188,-5.812,-34.688
9721782,BNO_MAG_UC,573,-4900,0,15.938,-14.188,-88.312,6.188,-5.812,-34.688
9731297,BNO_MAG_UC,574,-5100,0,18.500,-15.250,-89.188,6.188,-5.812,-34.688
9742125,BNO_MAG_UC,575,-5600,0,21.438,-15.562,-86.500,6.188,-5.812,-34.688
9762317,BNO_MAG_UC,576,-6000,0,24.375,-15.188,-86.062,6.188,-5.812,-34.688
9771466,BNO_MAG_UC,577,-4700,0,27.688,-14.438,-85.250,6.188,-5.812,-34.688
9782319,BNO_MAG_UC,578,-5800,0,27.688,-15.875,-86.125,6.188,-5.812,-34.688
9802604,BNO_MAG_UC,579,-6200,0,32.500,-14.062,-82.125,6.188,-5.812,-34.688
9811572,BNO_MAG_UC,580,-4700,0,33.188,-15.500,-80.312,6.188,-5.812,-34.688
9822452,BNO_MAG_UC,581,-5600,0,35.812,-14.062,-81.188,6.188,-5.812,-34.688
9842368,BNO_MAG_UC,582,-6000,0,39.438,-14.062,-78.562,6.188,-5.812,-34.688
9851643,BNO_MAG_UC,583,-4700,0,40.938,-13.312,-77.625,6.188,-5.812,-34.688
9862573,BNO_MAG_UC,584,-5600,0,42.062,-14.750,-75.875,6.188,-5.812,-34.688
9882492,BNO_MAG_UC,585,-6000,0,45.375,-12.625,-71.812,6.188,-5.812,-34.688
9891982,BNO_MAG_UC,586,-4900,0,46.812,-12.938,-68.625,6.188,-5.812,-34.688
9922842,BNO_MAG_UC,587,-6000,0,49.750,-11.875,-64.188,6.188,-5.812,-34.688
9931933,BNO_MAG_UC,588,-4500,0,50.812,-12.562,-63.688,6.188,-5.812,-34.688
9963034,BNO_MAG_UC,589,-5600,0,54.500,-10.125,-56.000,6.188,-5.812,-34.688
9972166,BNO_MAG_UC,590,-4500,0,54.812,-10.500,-53.312,6.188,-5.812,-34.688
10003237,BNO_MAG_UC,591,-5500,0,57.750,-9.438,-44.250,6.188,-5.812,-34.688
10012112,BNO_MAG_UC,592,-4900,0,57.750,-8.062,-42.938,6.188,-5.812,-34.688
10043264,BNO_MAG_UC,593,-6000,0,59.500,-8.062,-35.250,6.188,-5.812,-34.688
10052429,BNO_MAG_UC,594,-4500,0,59.188,-6.688,-34.312,6.188,-5.812,-34.688
10083240,BNO_MAG_UC,595,-4900,0,58.438,-6.312,-37.062,6.188,-5.812,-34.688
10092380,BNO_MAG_UC,596,-4700,0,58.062,-7.688,-39.750,6.188,-5.812,-34.688
10123237,BNO_MAG_UC,597,-5200,0,57.812,-6.625,-48.875,6.188,-5.812,-34.688
10132635,BNO_MAG_UC,598,-5100,0,56.312,-8.000,-52.438,6.188,-5.812,-34.688
10143235,BNO_MAG_UC,599,-5600,0,56.312,-8.000,-52.438,6.188,-5.812,-34.688
10172493,BNO_MAG_UC,600,-4900,0,49.500,-6.562,-70.500,6.188,-5.812,-34.688
10203888,BNO_MAG_UC,601,-5500,0,35.875,-7.688,-84.000,6.188,-5.812,-34.688
10213059,BNO_MAG_UC,602,-5300,0,30.000,-8.812,-85.312,6.188,-5.812,-34.688
10222863,BNO_MAG_UC,603,-5100,0,23.750,-8.500,-90.688,6.188,-5.812,-34.688
10243942,BNO_MAG_UC,604,-5300,0,8.625,-9.688,-91.938,6.188,-5.812,-34.688
10253277,BNO_MAG_UC,605,-5400,0,2.375,-7.938,-91.875,6.188,-5.812,-34.688
10263002,BNO_MAG_UC,606,-4900,0,-5.000,-7.688,-90.000,6.188,-5.812,-34.688
10283953,BNO_MAG_UC,607,-5300,0,-16.438,-8.562,-85.812,6.188,-5.812,-34.688
10292263,BNO_MAG_UC,608,-4300,0,-21.250,-10.375,-83.062,6.188,-5.812,-34.688
10303278,BNO_MAG_UC,609,-6000,0,-25.688,-10.750,-79.375,6.188,-5.812,-34.688
10313037,BNO_MAG_UC,610,-5300,0,-29.812,-11.562,-75.812,6.188,-5.812,-34.688
10333064,BNO_MAG_UC,611,-4300,0,-36.500,-12.000,-66.688,6.188,-5.812,-34.688
10343625,BNO_MAG_UC,612,-5800,0,-36.500,-12.000,-66.688,6.188,-5.812,-34.688
10353196,BNO_MAG_UC,613,-4500,0,-39.875,-11.688,-59.875,6.188,-5.812,-34.688
10373031,BNO_MAG_UC,614,-4300,0,-42.875,-10.000,-52.062,6.188,-5.812,-34.688
10383847,BNO_MAG_UC,615,-5800,0,-44.750,-9.312,-50.750,6.188,-5.812,-34.688
10393252,BNO_MAG_UC,616,-4900,0,-44.000,-7.938,-49.375,6.188,-5.812,-34.688
10413293,BNO_MAG_UC,617,-4500,0,-44.750,-7.562,-49.875,6.188,-5.812,-34.688
10424115,BNO_MAG_UC,618,-5800,0,-44.312,-7.188,-51.688,6.188,-5.812,-34.688
10433345,BNO_MAG_UC,619,-4700,0,-42.125,-6.125,-55.375,6.188,-5.812,-34.688
10453428,BNO_MAG_UC,620,-4700,0,-41.312,-5.688,-63.875,6.188,-5.812,-34.688
10463498,BNO_MAG_UC,621,-5100,0,-39.062,-6.750,-65.312,6.188,-5.812,-34.688
10473511,BNO_MAG_UC,622,-5600,0,-36.438,-7.375,-69.375,6.188,-5.812,-34.688
10492915,BNO_MAG_UC,623,-4700,0,-28.688,-9.375,-76.688,6.188,-5.812,-34.688
10504153,BNO_MAG_UC,624,-5600,0,-24.938,-9.312,-81.688,6.188,-5.812,-34.688
10513530,BNO_MAG_UC,625,-4700,0,-18.312,-10.312,-83.562,6.188,-5.812,-34.688
10532836,BNO_MAG_UC,626,-4700,0,-7.250,-10.188,-87.750,6.188,-5.812,-34.688
10543973,BNO_MAG_UC,627,-5600,0,-2.062,-9.438,-87.312,6.188,-5.812,-34.688
10573821,BNO_MAG_UC,628,-5400,0,17.438,-7.875,-85.188,6.188,-5.812,-34.688
10583250,BNO_MAG_UC,629,-5400,0,21.125,-7.500,-84.750,6.188,-5.812,-34.688
10594016,BNO_MAG_UC,630,-5400,0,26.250,-7.812,-81.625,6.188,-5.812,-34.688
10614244,BNO_MAG_UC,631,-5800,0,35.125,-5.250,-75.375,6.188,-5.812,-34.688
10623336,BNO_MAG_UC,632,-4900,0,40.312,-4.500,-72.750,6.188,-5.812,-34.688
10634165,BNO_MAG_UC,633,-5400,0,43.250,-5.250,-69.625,6.188,-5.812,-34.688
10654287,BNO_MAG_UC,634,-5800,0,48.688,-4.875,-60.562,6.188,-5.812,-34.688
10663458,BNO_MAG_UC,635,-5100,0,51.625,-4.125,-56.938,6.188,-5.812,-34.688
10673715,BNO_MAG_UC,636,-5300,0,51.625,-4.125,-56.938,6.188,-5.812,-34.688
10693907,BNO_MAG_UC,637,-4900,0,54.500,-4.188,-47.000,6.188,-5.812,-34.688
10703690,BNO_MAG_UC,638,-5300,0,56.312,-4.188,-42.500,6.188,-5.812,-34.688
10714461,BNO_MAG_UC,639,-5800,0,57.062,-3.812,-40.688,6.188,-5.812,-34.688
10734613,BNO_MAG_UC,640,-6000,0,57.750,-2.438,-33.938,6.188,-5.812,-34.688
10743661,BNO_MAG_UC,641,-4700,0,58.062,-2.438,-30.312,6.188,-5.812,-34.688
10775031,BNO_MAG_UC,642,-6200,0,57.625,-3.562,-23.938,6.188,-5.812,-34.688
10783945,BNO_MAG_UC,643,-4500,0,56.938,-2.500,-24.000,6.188,-5.812,-34.688
10814987,BNO_MAG_UC,644,-5600,0,59.500,-2.500,-21.688,6.188,-5.812,-34.688
10823981,BNO_MAG_UC,645,-4500,0,57.312,-1.812,-22.562,6.188,-5.812,-34.688
10855108,BNO_MAG_UC,646,-5100,0,57.312,-1.438,-24.875,6.188,-5.812,-34.688
10864061,BNO_MAG_UC,647,-4700,0,58.438,-2.812,-27.125,6.188,-5.812,-34.688
10895018,BNO_MAG_UC,648,-5300,0,60.312,-3.125,-31.188,6.188,-5.812,-34.688
10904240,BNO_MAG_UC,649,-5100,0,59.188,-3.125,-33.500,6.188,-5.812,-34.688
10935238,BNO_MAG_UC,650,-5300,0,59.250,-3.125,-41.125,6.188,-5.812,-34.688
10944409,BNO_MAG_UC,651,-5100,0,59.625,-3.812,-45.250,6.188,-5.812,-34.688
10975260,BNO_MAG_UC,652,-4900,0,57.500,-4.125,-53.812,6.188,-5.812,-34.688
10984421,BNO_MAG_UC,653,-5100,0,57.875,-3.000,-57.938,6.188,-5.812,-34.688
11015340,BNO_MAG_UC,654,-5100,0,52.812,-4.812,-67.375,6.188,-5.812,-34.688
11024351,BNO_MAG_UC,655,-4900,0,50.938,-5.875,-69.188,6.188,-5.812,-34.688
11055317,BNO_MAG_UC,656,-5300,0,48.000,-9.062,-73.188,6.188,-5.812,-34.688
11064549,BNO_MAG_UC,657,-5100,0,45.812,-9.750,-75.438,6.188,-5.812,-34.688
11095385,BNO_MAG_UC,658,-5000,0,39.938,-9.062,-81.750,6.188,-5.812,-34.688
11104604,BNO_MAG_UC,659,-4900,0,37.688,-10.875,-82.625,6.188,-5.812,-34.688
11144695,BNO_MAG_UC,660,-5100,0,31.438,-11.250,-85.750,6.188,-5.812,-34.688
11175813,BNO_MAG_UC,661,-5300,0,25.562,-11.312,-89.812,6.188,-5.812,-34.688
11184816,BNO_MAG_UC,662,-4900,0,23.312,-12.000,-89.812,6.188,-5.812,-34.688
11195694,BNO_MAG_UC,663,-5800,0,21.125,-11.688,-91.062,6.188,-5.812,-34.688
11204929,BNO_MAG_UC,664,-4700,0,18.938,-11.688,-92.000,6.188,-5.812,-34.688
11224961,BNO_MAG_UC,665,-4500,0,17.812,-11.000,-90.625,6.188,-5.812,-34.688
11235794,BNO_MAG_UC,666,-5800,0,17.125,-10.312,-92.000,6.188,-5.812,-34.688
11245226,BNO_MAG_UC,667,-4700,0,15.250,-10.312,-92.438,6.188,-5.812,-34.688
11264933,BNO_MAG_UC,668,-5300,0,13.062,-11.750,-92.438,6.188,-5.812,-34.688
11275783,BNO_MAG_UC,669,-5800,0,11.188,-11.375,-93.250,6.188,-5.812,-34.688
11285313,BNO_MAG_UC,670,-4900,0,10.125,-8.938,-92.875,6.188,-5.812,-34.688
11304914,BNO_MAG_UC,671,-4900,0,8.312,-11.062,-94.688,6.188,-5.812,-34.688
11315807,BNO_MAG_UC,672,-5800,0,7.875,-11.062,-92.750,6.188,-5.812,-34.688
11325326,BNO_MAG_UC,673,-4700,0,7.562,-11.062,-93.688,6.188,-5.812,-34.688
11344769,BNO_MAG_UC,674,-4700,0,4.250,-10.438,-93.250,6.188,-5.812,-34.688
11356024,BNO_MAG_UC,675,-5800,0,4.250,-11.812,-94.188,6.188,-5.812,-34.688
11365434,BNO_MAG_UC,676,-4700,0,2.375,-10.062,-92.312,6.188,-5.812,-34.688
11384805,BNO_MAG_UC,677,-4700,0,0.562,-10.438,-92.812,6.188,-5.812,-34.688
11395813,BNO_MAG_UC,678,-5600,0,-0.562,-10.438,-92.812,6.188,-5.812,-34.688
11405495,BNO_MAG_UC,679,-4900,0,-1.312,-10.438,-93.625,6.188,-5.812,-34.688
11425794,BNO_MAG_UC,680,-4700,0,-3.500,-10.875,-91.812,6.188,-5.812,-34.688
11434930,BNO_MAG_UC,681,-4900,0,-3.500,-10.125,-90.500,6.188,-5.812,-34.688
11445778,BNO_MAG_UC,682,-5400,0,-3.125,-10.500,-93.625,6.188,-5.812,-34.688
11465938,BNO_MAG_UC,683,-5600,0,-5.000,-10.875,-91.375,6.188,-5.812,-34.688
11475156,BNO_MAG_UC,684,-4900,0,-6.438,-9.125,-92.250,6.188,-5.812,-34.688
11485953,BNO_MAG_UC,685,-5600,0,-6.500,-11.250,-91.375,6.188,-5.812,-34.688
11506155,BNO_MAG_UC,686,-6000,0,-8.312,-10.562,-92.250,6.188,-5.812,-34.688
11515357,BNO_MAG_UC,687,-4700,0,-8.312,-10.875,-92.250,6.188,-5.812,-34.688
11526158,BNO_MAG_UC,688,-5800,0,-7.938,-10.875,-90.938,6.188,-5.812,-34.688
11546348,BNO_MAG_UC,689,-6000,0,-10.125,-9.875,-90.875,6.188,-5.812,-34.688
11555351,BNO_MAG_UC,690,-5100,0,-11.250,-10.562,-90.438,6.188,-5.812,-34.688
11566313,BNO_MAG_UC,691,-5600,0,-11.250,-10.562,-89.562,6.188,-5.812,-34.688
11586389,BNO_MAG_UC,692,-5800,0,-11.250,-10.938,-89.562,6.188,-5.812,-34.688
11595583,BNO_MAG_UC,693,-4900,0,-12.750,-10.938,-88.125,6.188,-5.812,-34.688
11606553,BNO_MAG_UC,694,-5800,0,-12.000,-10.562,-88.562,6.188,-5.812,-34.688
11626473,BNO_MAG_UC,695,-5800,0,-14.250,-12.000,-88.562,6.188,-5.812,-34.688
11635750,BNO_MAG_UC,696,-5100,0,-14.250,-12.000,-87.688,6.188,-5.812,-34.688
11646612,BNO_MAG_UC,697,-5800,0,-15.688,-12.062,-87.688,6.188,-5.812,-34.688
11666571,BNO_MAG_UC,698,-6000,0,-17.562,-12.062,-85.875,6.188,-5.812,-34.688
11675855,BNO_MAG_UC,699,-4700,0,-17.938,-10.312,-86.250,6.188,-5.812,-34.688
11686719,BNO_MAG_UC,700,-5800,0,-17.562,-12.062,-86.750,6.188,-5.812,-34.688
11706582,BNO_MAG_UC,701,-5800,0,-19.438,-12.062,-85.812,6.188,-5.812,-34.688
11715961,BNO_MAG_UC,702,-4900,0,-18.312,-10.688,-85.875,6.188,-5.812,-34.688
11747122,BNO_MAG_UC,703,-5100,0,-22.000,-12.812,-84.000,6.188,-5.812,-34.688
11756122,BNO_MAG_UC,704,-5100,0,-21.250,-12.125,-83.625,6.188,-5.812,-34.688
11787053,BNO_MAG_UC,705,-5800,0,-24.625,-13.188,-82.625,6.188,-5.812,-34.688
11796127,BNO_MAG_UC,706,-4300,0,-24.250,-13.188,-81.750,6.188,-5.812,-34.688
11827222,BNO_MAG_UC,707,-5800,0,-26.125,-13.250,-79.938,6.188,-5.812,-34.688
11836241,BNO_MAG_UC,708,-4300,0,-25.375,-13.250,-79.000,6.188,-5.812,-34.688
11867057,BNO_MAG_UC,709,-5000,0,-28.688,-13.625,-78.562,6.188,-5.812,-34.688
11876473,BNO_MAG_UC,710,-5100,0,-28.312,-13.250,-77.625,6.188,-5.812,-34.688
11907511,BNO_MAG_UC,711,-5300,0,-29.812,-13.625,-77.125,6.188,-5.812,-34.688
11916634,BNO_MAG_UC,712,-5100,0,-30.188,-13.312,-76.250,6.188,-5.812,-34.688
11926713,BNO_MAG_UC,713,-5300,0,-31.312,-14.000,-75.750,6.188,-5.812,-34.688
11956478,BNO_MAG_UC,714,-4900,0,-32.750,-13.000,-74.812,6.188,-5.812,-34.688
11987606,BNO_MAG_UC,715,-5200,0,-31.312,-12.938,-74.438,6.188,-5.812,-34.688
11996368,BNO_MAG_UC,716,-4500,0,-30.938,-12.938,-76.250,6.188,-5.812,-34.688
12007280,BNO_MAG_UC,717,-5800,0,-29.812,-12.938,-77.625,6.188,-5.812,-34.688
12036110,BNO_MAG_UC,718,-4300,0,-26.812,-13.250,-80.375,6.188,-5.812,-34.688
12047038,BNO_MAG_UC,719,-5400,0,-23.875,-13.188,-83.562,6.188,-5.812,-34.688
12076519,BNO_MAG_UC,720,-4700,0,-17.562,-13.500,-85.938,6.188,-5.812,-34.688
12087394,BNO_MAG_UC,721,-5800,0,-15.000,-12.750,-88.125,6.188,-5.812,-34.688
12096963,BNO_MAG_UC,722,-4900,0,-11.688,-12.688,-89.500,6.188,-5.812,-34.688
12116946,BNO_MAG_UC,723,-4300,0,-5.750,-13.375,-90.438,6.188,-5.812,-34.688
12127792,BNO_MAG_UC,724,-5800,0,-2.812,-12.250,-90.938,6.188,-5.812,-34.688
12137063,BNO_MAG_UC,725,-4700,0,-0.188,-11.188,-91.062,6.188,-5.812,-34.688
12156777,BNO_MAG_UC,726,-4200,0,6.062,-12.875,-91.938,6.188,-5.812,-34.688
12167678,BNO_MAG_UC,727,-5800,0,5.688,-11.812,-91.500,6.188,-5.812,-34.688
12196667,BNO_MAG_UC,728,-4700,0,11.938,-13.500,-91.062,6.188,-5.812,-34.688
12207758,BNO_MAG_UC,729,-5800,0,14.875,-12.062,-91.062,6.188,-5.812,-34.688
12217252,BNO_MAG_UC,730,-4900,0,15.625,-12.438,-92.438,6.188,-5.812,-34.688
12237632,BNO_MAG_UC,731,-4900,0,18.938,-13.812,-91.125,6.188,-5.812,-34.688
12247428,BNO_MAG_UC,732,-4900,0,20.000,-13.812,-90.625,6.188,-5.812,-34.688
12257394,BNO_MAG_UC,733,-5300,0,21.875,-12.375,-89.312,6.188,-5.812,-34.688
12277087,BNO_MAG_UC,734,-4300,0,25.875,-13.062,-87.500,6.188,-5.812,-34.688
12288043,BNO_MAG_UC,735,-5800,0,25.562,-12.000,-87.062,6.188,-5.812,-34.688
12297533,BNO_MAG_UC,736,-4900,0,28.125,-11.250,-87.062,6.188,-5.812,-34.688
12317157,BNO_MAG_UC,737,-5100,0,29.938,-10.938,-84.875,6.188,-5.812,-34.688
12328204,BNO_MAG_UC,738,-5800,0,31.062,-11.625,-83.062,6.188,-5.812,-34.688
12337657,BNO_MAG_UC,739,-4700,0,32.875,-11.562,-85.312,6.188,-5.812,-34.688
12357077,BNO_MAG_UC,740,-4700,0,35.812,-11.938,-81.750,6.188,-5.812,-34.688
12368040,BNO_MAG_UC,741,-5800,0,37.312,-11.938,-81.312,6.188,-5.812,-34.688
12398166,BNO_MAG_UC,742,-5800,0,41.000,-11.875,-78.625,6.188,-5.812,-34.688
12407295,BNO_MAG_UC,743,-4700,0,41.000,-11.188,-79.125,6.188,-5.812,-34.688
12418105,BNO_MAG_UC,744,-5600,0,43.188,-11.875,-77.312,6.188,-5.812,-34.688
12438337,BNO_MAG_UC,745,-5800,0,45.062,-11.500,-76.375,6.188,-5.812,-34.688
12447280,BNO_MAG_UC,746,-4900,0,45.062,-10.125,-75.938,6.188,-5.812,-34.688
12478633,BNO_MAG_UC,747,-5800,0,47.250,-11.500,-72.312,6.188,-5.812,-34.688
12487533,BNO_MAG_UC,748,-4900,0,48.312,-12.562,-71.438,6.188,-5.812,-34.688
12518205,BNO_MAG_UC,749,-4900,0,50.875,-11.125,-69.625,6.188,-5.812,-34.688
12527705,BNO_MAG_UC,750,-4900,0,50.875,-11.188,-67.812,6.188,-5.812,-34.688
12538590,BNO_MAG_UC,751,-5800,0,51.250,-10.812,-66.938,6.188,-5.812,-34.688
12558612,BNO_MAG_UC,752,-6000,0,52.688,-10.438,-65.062,6.188,-5.812,-34.688
12567809,BNO_MAG_UC,753,-4700,0,53.062,-10.062,-65.625,6.188,-5.812,-34.688
12598801,BNO_MAG_UC,754,-4900,0,53.812,-9.750,-62.875,6.188,-5.812,-34.688
12607900,BNO_MAG_UC,755,-4900,0,54.188,-9.750,-62.875,6.188,-5.812,-34.688
12638965,BNO_MAG_UC,756,-5100,0,54.875,-9.375,-60.188,6.188,-5.812,-34.688
12647926,BNO_MAG_UC,757,-4900,0,56.000,-10.125,-57.875,6.188,-5.812,-34.688
12679216,BNO_MAG_UC,758,-5800,0,57.812,-9.375,-57.062,6.188,-5.812,-34.688
12688235,BNO_MAG_UC,759,-4500,0,57.438,-8.688,-57.062,6.188,-5.812,-34.688
12719418,BNO_MAG_UC,760,-5300,0,58.562,-8.688,-54.750,6.188,-5.812,-34.688
12728280,BNO_MAG_UC,761,-4700,0,58.562,-9.062,-54.312,6.188,-5.812,-34.688
12759488,BNO_MAG_UC,762,-4900,0,59.312,-6.562,-51.125,6.188,-5.812,-34.688
12768578,BNO_MAG_UC,763,-4900,0,59.625,-8.000,-51.625,6.188,-5.812,-34.688
12799550,BNO_MAG_UC,764,-5300,0,60.000,-8.000,-49.812,6.188,-5.812,-34.688
12808592,BNO_MAG_UC,765,-4700,0,61.438,-8.000,-48.000,6.188,-5.812,-34.688
12839645,BNO_MAG_UC,766,-5100,0,60.750,-6.250,-45.250,6.188,-5.812,-34.688
12848633,BNO_MAG_UC,767,-4700,0,61.438,-5.875,-44.375,6.188,-5.812,-34.688
12879697,BNO_MAG_UC,768,-5500,0,62.562,-4.812,-41.625,6.188,-5.812,-34.688
12889038,BNO_MAG_UC,769,-5300,0,63.250,-5.188,-39.438,6.188,-5.812,-34.688
12898973,BNO_MAG_UC,770,-5300,0,63.250,-5.875,-39.375,6.188,-5.812,-34.688
12928215,BNO_MAG_UC,771,-4300,0,62.500,-4.500,-36.625,6.188,-5.812,-34.688
12939062,BNO_MAG_UC,772,-5600,0,63.250,-3.812,-36.688,6.188,-5.812,-34.688
12968851,BNO_MAG_UC,773,-4900,0,64.000,-3.438,-33.062,6.188,-5.812,-34.688
12979465,BNO_MAG_UC,774,-5600,0,64.000,-3.438,-33.062,6.188,-5.812,-34.688
12989188,BNO_MAG_UC,775,-4900,0,62.875,-4.500,-33.500,6.188,-5.812,-34.688
13008750,BNO_MAG_UC,776,-5100,0,64.375,-3.812,-34.938,6.188,-5.812,-34.688
13019641,BNO_MAG_UC,777,-5800,0,61.812,-4.500,-36.250,6.188,-5.812,-34.688
13029142,BNO_MAG_UC,778,-4900,0,62.875,-4.500,-36.625,6.188,-5.812,-34.688
13039564,BNO_MAG_UC,779,-5600,0,63.250,-4.812,-38.938,6.188,-5.812,-34.688
13049167,BNO_MAG_UC,780,-4700,0,62.938,-4.500,-39.875,6.188,-5.812,-34.688
13080164,BNO_MAG_UC,781,-5100,0,61.500,-4.125,-46.188,6.188,-5.812,-34.688
13088558,BNO_MAG_UC,782,-4300,0,62.250,-3.750,-48.875,6.188,-5.812,-34.688
13099542,BNO_MAG_UC,783,-5800,0,61.562,-3.375,-51.625,6.188,-5.812,-34.688
13109371,BNO_MAG_UC,784,-5100,0,60.062,-5.500,-53.438,6.188,-5.812,-34.688
13128594,BNO_MAG_UC,785,-4500,0,58.625,-5.125,-59.750,6.188,-5.812,-34.688
13139043,BNO_MAG_UC,786,-5600,0,57.500,-6.188,-62.062,6.188,-5.812,-34.688
13169548,BNO_MAG_UC,787,-4900,0,52.438,-5.500,-71.500,6.188,-5.812,-34.688
13179530,BNO_MAG_UC,788,-5100,0,50.625,-4.062,-73.750,6.188,-5.812,-34.688
13208708,BNO_MAG_UC,789,-4300,0,44.375,-5.500,-80.062,6.188,-5.812,-34.688
13219790,BNO_MAG_UC,790,-5800,0,42.188,-6.938,-82.312,6.188,-5.812,-34.688
13248895,BNO_MAG_UC,791,-4500,0,33.688,-7.688,-88.562,6.188,-5.812,-34.688
13260067,BNO_MAG_UC,792,-5800,0,30.000,-8.062,-89.875,6.188,-5.812,-34.688
13269712,BNO_MAG_UC,793,-4900,0,26.000,-7.375,-90.812,6.188,-5.812,-34.688
13289997,BNO_MAG_UC,794,-4900,0,18.625,-7.125,-92.062,6.188,-5.812,-34.688
13300042,BNO_MAG_UC,795,-5100,0,15.312,-6.750,-93.875,6.188,-5.812,-34.688
13329831,BNO_MAG_UC,796,-5300,0,3.500,-7.625,-93.750,6.188,-5.812,-34.688
13339350,BNO_MAG_UC,797,-5300,0,-0.562,-9.062,-92.875,6.188,-5.812,-34.688
13350190,BNO_MAG_UC,798,-5600,0,-5.375,-9.125,-90.938,6.188,-5.812,-34.688
13370302,BNO_MAG_UC,799,-6000,0,-15.688,-9.562,-88.188,6.188,-5.812,-34.688
13379432,BNO_MAG_UC,800,-5100,0,-21.625,-8.562,-84.062,6.188,-5.812,-34.688
13390300,BNO_MAG_UC,801,-5600,0,-25.688,-10.438,-80.875,6.188,-5.812,-34.688
13410452,BNO_MAG_UC,802,-6000,0,-33.125,-11.250,-73.938,6.188,-5.812,-34.688
13419780,BNO_MAG_UC,803,-4900,0,-37.188,-10.250,-67.625,6.188,-5.812,-34.688
13430571,BNO_MAG_UC,804,-5800,0,-40.625,-11.375,-63.938,6.188,-5.812,-34.688
13450343,BNO_MAG_UC,805,-5600,0,-44.375,-12.500,-56.250,6.188,-5.812,-34.688
13459911,BNO_MAG_UC,806,-5100,0,-45.875,-9.688,-49.875,6.188,-5.812,-34.688
13470672,BNO_MAG_UC,807,-5800,0,-45.875,-10.438,-49.000,6.188,-5.812,-34.688
13490949,BNO_MAG_UC,808,-6200,0,-46.625,-11.500,-43.062,6.188,-5.812,-34.688
13499885,BNO_MAG_UC,809,-4700,0,-47.375,-11.500,-41.688,6.188,-5.812,-34.688
13530929,BNO_MAG_UC,810,-5100,0,-45.938,-11.500,-38.062,6.188,-5.812,-34.688
13539988,BNO_MAG_UC,811,-4900,0,-47.812,-12.625,-39.000,6.188,-5.812,-34.688
13570920,BNO_MAG_UC,812,-5100,0,-45.938,-12.188,-41.688,6.188,-5.812,-34.688
13580141,BNO_MAG_UC,813,-5100,0,-46.688,-13.250,-44.000,6.188,-5.812,-34.688
13611256,BNO_MAG_UC,814,-5500,0,-45.500,-11.812,-51.250,6.188,-5.812,-34.688
13620382,BNO_MAG_UC,815,-4900,0,-44.750,-13.188,-52.625,6.188,-5.812,-34.688
13651536,BNO_MAG_UC,816,-5800,0,-42.500,-15.250,-59.875,6.188,-5.812,-34.688
13660463,BNO_MAG_UC,817,-4500,0,-40.312,-14.875,-63.438,6.188,-5.812,-34.688
13691403,BNO_MAG_UC,818,-5100,0,-35.375,-14.812,-69.438,6.188,-5.812,-34.688
13700358,BNO_MAG_UC,819,-4900,0,-35.375,-14.438,-71.250,6.188,-5.812,-34.688
13731357,BNO_MAG_UC,820,-5800,0,-29.062,-15.750,-77.625,6.188,-5.812,-34.688
13740584,BNO_MAG_UC,821,-4500,0,-27.188,-14.312,-79.938,6.188,-5.812,-34.688
13771411,BNO_MAG_UC,822,-5100,0,-20.188,-14.562,-84.062,6.188,-5.812,-34.688
13780492,BNO_MAG_UC,823,-4700,0,-19.062,-14.188,-84.938,6.188,-5.812,-34.688
13811432,BNO_MAG_UC,824,-5200,0,-13.500,-13.812,-87.688,6.188,-5.812,-34.688
13820649,BNO_MAG_UC,825,-5100,0,-11.312,-13.750,-88.188,6.188,-5.812,-34.688
13852363,BNO_MAG_UC,826,-6000,0,-4.312,-14.375,-90.500,6.188,-5.812,-34.688
13861382,BNO_MAG_UC,827,-4900,0,-3.562,-14.000,-90.500,6.188,-5.812,-34.688
13870971,BNO_MAG_UC,828,-4700,0,0.125,-12.938,-90.062,6.188,-5.812,-34.688
13891840,BNO_MAG_UC,829,-5200,0,2.688,-13.250,-89.250,6.188,-5.812,-34.688
13900830,BNO_MAG_UC,830,-4700,0,4.938,-12.562,-91.062,6.188,-5.812,-34.688
13940704,BNO_MAG_UC,831,-4900,0,12.312,-10.688,-89.688,6.188,-5.812,-34.688
13951630,BNO_MAG_UC,832,-5800,0,14.875,-12.438,-89.312,6.188,-5.812,-34.688
13961128,BNO_MAG_UC,833,-4900,0,16.688,-12.812,-89.750,6.188,-5.812,-34.688
13981048,BNO_MAG_UC,834,-4500,0,19.625,-12.062,-87.500,6.188,-5.812,-34.688
13991832,BNO_MAG_UC,835,-5800,0,21.500,-11.312,-87.562,6.188,-5.812,-34.688
14021197,BNO_MAG_UC,836,-4900,0,26.312,-9.562,-86.250,6.188,-5.812,-34.688
14031926,BNO_MAG_UC,837,-5800,0,28.812,-10.938,-84.438,6.188,-5.812,-34.688
14061009,BNO_MAG_UC,838,-4700,0,34.375,-8.750,-82.250,6.188,-5.812,-34.688
14071906,BNO_MAG_UC,839,-5600,0,36.188,-9.500,-79.938,6.188,-5.812,-34.688
14081401,BNO_MAG_UC,840,-4900,0,38.438,-10.500,-79.062,6.188,-5.812,-34.688
14101685,BNO_MAG_UC,841,-4900,0,42.125,-8.750,-75.938,6.188,-5.812,-34.688
14111656,BNO_MAG_UC,842,-5100,0,42.875,-9.438,-74.125,6.188,-5.812,-34.688
14121544,BNO_MAG_UC,843,-5100,0,45.438,-8.375,-74.188,6.188,-5.812,-34.688
14141394,BNO_MAG_UC,844,-5100,0,48.375,-8.000,-69.625,6.188,-5.812,-34.688
14152259,BNO_MAG_UC,845,-5800,0,49.062,-7.625,-66.938,6.188,-5.812,-34.688
14161723,BNO_MAG_UC,846,-4700,0,51.250,-6.938,-65.125,6.188,-5.812,-34.688
14181918,BNO_MAG_UC,847,-4700,0,55.312,-6.188,-61.125,6.188,-5.812,-34.688
14190989,BNO_MAG_UC,848,-4900,0,55.250,-7.625,-58.375,6.188,-5.812,-34.688
14201762,BNO_MAG_UC,849,-5300,0,57.125,-6.562,-55.688,6.188,-5.812,-34.688
14222172,BNO_MAG_UC,850,-5800,0,59.625,-7.625,-49.312,6.188,-5.812,-34.688
14231273,BNO_MAG_UC,851,-4700,0,60.000,-5.875,-43.500,6.188,-5.812,-34.688
14242009,BNO_MAG_UC,852,-5400,0,62.562,-5.875,-40.750,6.188,-5.812,-34.688
14262226,BNO_MAG_UC,853,-5600,0,61.750,-5.625,-29.438,6.188,-5.812,-34.688
14271310,BNO_MAG_UC,854,-4900,0,61.312,-5.250,-25.812,6.188,-5.812,-34.688
14282146,BNO_MAG_UC,855,-5400,0,62.375,-6.688,-21.250,6.188,-5.812,-34.688
14302632,BNO_MAG_UC,856,-5800,0,58.625,-7.500,-14.375,6.188,-5.812,-34.688
14311461,BNO_MAG_UC,857,-4900,0,56.812,-6.812,-10.375,6.188,-5.812,-34.688
14342933,BNO_MAG_UC,858,-5500,0,54.500,-9.000,-4.375,6.188,-5.812,-34.688
14351795,BNO_MAG_UC,859,-4500,0,53.750,-9.000,-2.125,6.188,-5.812,-34.688
14362518,BNO_MAG_UC,860,-5800,0,52.312,-9.375,-2.062,6.188,-5.812,-34.688
14382769,BNO_MAG_UC,861,-6000,0,53.375,-11.125,-2.562,6.188,-5.812,-34.688
14391856,BNO_MAG_UC,862,-4700,0,53.438,-9.375,-4.375,6.188,-5.812,-34.688
14422852,BNO_MAG_UC,863,-5800,0,54.562,-9.688,-8.500,6.188,-5.812,-34.688
14431991,BNO_MAG_UC,864,-4700,0,54.938,-7.188,-11.188,6.188,-5.812,-34.688
14462997,BNO_MAG_UC,865,-5600,0,59.062,-7.125,-16.250,6.188,-5.812,-34.688
14472095,BNO_MAG_UC,866,-4300,0,59.438,-7.438,-19.375,6.188,-5.812,-34.688
14503159,BNO_MAG_UC,867,-6000,0,60.938,-7.062,-25.812,6.188,-5.812,-34.688
14512254,BNO_MAG_UC,868,-4500,0,63.188,-4.875,-29.000,6.188,-5.812,-34.688
14543170,BNO_MAG_UC,869,-5800,0,62.125,-5.562,-38.062,6.188,-5.812,-34.688
14552358,BNO_MAG_UC,870,-4500,0,62.562,-5.875,-42.062,6.188,-5.812,-34.688
14583384,BNO_MAG_UC,871,-5300,0,60.062,-6.188,-53.000,6.188,-5.812,-34.688
14592411,BNO_MAG_UC,872,-4900,0,60.062,-4.750,-56.625,6.188,-5.812,-34.688
14623298,BNO_MAG_UC,873,-5300,0,56.062,-7.625,-64.250,6.188,-5.812,-34.688
14632477,BNO_MAG_UC,874,-4900,0,53.875,-6.875,-68.312,6.188,-5.812,-34.688
14663595,BNO_MAG_UC,875,-6000,0,47.312,-9.750,-78.188,6.188,-5.812,-34.688
14672735,BNO_MAG_UC,876,-4500,0,43.250,-9.750,-80.938,6.188,-5.812,-34.688
14703539,BNO_MAG_UC,877,-5100,0,33.688,-8.750,-88.562,6.188,-5.812,-34.688
14712308,BNO_MAG_UC,878,-4500,0,31.438,-9.500,-88.125,6.188,-5.812,-34.688
14723101,BNO_MAG_UC,879,-5800,0,28.188,-8.438,-89.938,6.188,-5.812,-34.688
14733020,BNO_MAG_UC,880,-5300,0,24.812,-11.312,-90.750,6.188,-5.812,-34.688
14752747,BNO_MAG_UC,881,-5100,0,19.312,-10.250,-91.562,6.188,-5.812,-34.688
14783863,BNO_MAG_UC,882,-5300,0,8.625,-10.375,-93.812,6.188,-5.812,-34.688
14792677,BNO_MAG_UC,883,-4700,0,4.938,-10.750,-93.750,6.188,-5.812,-34.688
14803356,BNO_MAG_UC,884,-5600,0,2.375,-10.438,-93.250,6.188,-5.812,-34.688
14813047,BNO_MAG_UC,885,-4900,0,0.188,-9.750,-94.688,6.188,-5.812,-34.688
14832865,BNO_MAG_UC,886,-4300,0,-4.625,-11.188,-92.375,6.188,-5.812,-34.688
14843595,BNO_MAG_UC,887,-5600,0,-7.188,-9.812,-92.312,6.188,-5.812,-34.688
14853103,BNO_MAG_UC,888,-4700,0,-9.062,-9.812,-91.375,6.188,-5.812,-34.688
14873203,BNO_MAG_UC,889,-4700,0,-14.938,-9.938,-88.625,6.188,-5.812,-34.688
14913128,BNO_MAG_UC,890,-4500,0,-20.875,-9.625,-84.562,6.188,-5.812,-34.688
14923937,BNO_MAG_UC,891,-5800,0,-22.688,-8.625,-84.500,6.188,-5.812,-34.688
14933413,BNO_MAG_UC,892,-4700,0,-24.562,-9.688,-83.125,6.188,-5.812,-34.688
14953442,BNO_MAG_UC,893,-5300,0,-29.062,-11.875,-78.562,6.188,-5.812,-34.688
14964320,BNO_MAG_UC,894,-5800,0,-30.500,-11.500,-78.938,6.188,-5.812,-34.688
14993143,BNO_MAG_UC,895,-5100,0,-32.375,-12.625,-74.875,6.188,-5.812,-34.688
15004043,BNO_MAG_UC,896,-5800,0,-33.125,-10.875,-75.875,6.188,-5.812,-34.688
15013595,BNO_MAG_UC,897,-4900,0,-33.062,-9.812,-75.812,6.188,-5.812,-34.688
15033260,BNO_MAG_UC,898,-4900,0,-30.875,-8.375,-78.125,6.188,-5.812,-34.688
15044200,BNO_MAG_UC,899,-5800,0,-31.188,-6.562,-80.875,6.188,-5.812,-34.688
15053750,BNO_MAG_UC,900,-4700,0,-30.062,-6.938,-82.188,6.188,-5.812,-34.688
15073966,BNO_MAG_UC,901,-5600,0,-23.750,-5.438,-85.938,6.188,-5.812,-34.688
15082935,BNO_MAG_UC,902,-4700,0,-22.312,-6.125,-87.688,6.188,-5.812,-34.688
15093248,BNO_MAG_UC,903,-5300,0,-18.562,-6.062,-89.125,6.188,-5.812,-34.688
15113430,BNO_MAG_UC,904,-4700,0,-12.312,-5.250,-93.188,6.188,-5.812,-34.688
15124466,BNO_MAG_UC,905,-5800,0,-8.625,-4.188,-92.375,6.188,-5.812,-34.688
15154329,BNO_MAG_UC,906,-5600,0,-0.125,-4.812,-96.438,6.188,-5.812,-34.688
15163341,BNO_MAG_UC,907,-4700,0,3.188,-3.375,-96.062,6.188,-5.812,-34.688
15194756,BNO_MAG_UC,908,-5500,0,10.562,-2.562,-96.125,6.188,-5.812,-34.688
15203503,BNO_MAG_UC,909,-4900,0,14.625,-4.312,-97.062,6.188,-5.812,-34.688
15234480,BNO_MAG_UC,910,-5600,0,19.438,-3.188,-95.750,6.188,-5.812,-34.688
15243739,BNO_MAG_UC,911,-4900,0,20.500,-5.312,-96.188,6.188,-5.812,-34.688
15254570,BNO_MAG_UC,912,-5600,0,21.250,-3.875,-95.750,6.188,-5.812,-34.688
15274639,BNO_MAG_UC,913,-6000,0,23.062,-5.625,-94.875,6.188,-5.812,-34.688
15283873,BNO_MAG_UC,914,-4900,0,23.438,-6.688,-95.250,6.188,-5.812,-34.688
15294704,BNO_MAG_UC,915,-5800,0,24.188,-6.000,-93.938,6.188,-5.812,-34.688
15314836,BNO_MAG_UC,916,-6000,0,26.750,-7.000,-93.500,6.188,-5.812,-34.688
15324015,BNO_MAG_UC,917,-4900,0,27.812,-8.062,-92.625,6.188,-5.812,-34.688
15355200,BNO_MAG_UC,918,-6000,0,26.000,-8.812,-92.125,6.188,-5.812,-34.688
15364063,BNO_MAG_UC,919,-4300,0,25.188,-10.250,-91.625,6.188,-5.812,-34.688
15395308,BNO_MAG_UC,920,-5600,0,18.938,-11.000,-92.062,6.188,-5.812,-34.688
15404289,BNO_MAG_UC,921,-4700,0,16.688,-14.188,-92.938,6.188,-5.812,-34.688
15435520,BNO_MAG_UC,922,-5800,0,9.375,-12.812,-92.938,6.188,-5.812,-34.688
15444374,BNO_MAG_UC,923,-4300,0,6.062,-12.875,-92.875,6.188,-5.812,-34.688
15475216,BNO_MAG_UC,924,-5100,0,-2.750,-9.750,-92.812,6.188,-5.812,-34.688
15484186,BNO_MAG_UC,925,-4900,0,-5.375,-10.875,-90.500,6.188,-5.812,-34.688
15515822,BNO_MAG_UC,926,-6100,0,-9.062,-10.188,-89.562,6.188,-5.812,-34.688
15524627,BNO_MAG_UC,927,-4900,0,-11.625,-11.312,-88.688,6.188,-5.812,-34.688
15555518,BNO_MAG_UC,928,-5100,0,-14.250,-11.312,-88.625,6.188,-5.812,-34.688
15564209,BNO_MAG_UC,929,-4500,0,-14.188,-10.250,-88.625,6.188,-5.812,-34.688
15575031,BNO_MAG_UC,930,-5600,0,-15.688,-10.625,-88.625,6.188,-5.812,-34.688
15604696,BNO_MAG_UC,931,-4900,0,-14.562,-10.250,-89.500,6.188,-5.812,-34.688
15635562,BNO_MAG_UC,932,-5200,0,-8.688,-11.250,-90.500,6.188,-5.812,-34.688
15644778,BNO_MAG_UC,933,-4900,0,-7.250,-11.625,-90.062,6.188,-5.812,-34.688
15675842,BNO_MAG_UC,934,-5400,0,-0.938,-10.812,-90.062,6.188,-5.812,-34.688
15684959,BNO_MAG_UC,935,-5100,0,2.000,-11.500,-92.875,6.188,-5.812,-34.688
15716010,BNO_MAG_UC,936,-5300,0,10.875,-9.688,-90.625,6.188,-5.812,-34.688
15724426,BNO_MAG_UC,937,-4300,0,13.438,-9.312,-90.250,6.188,-5.812,-34.688
15735406,BNO_MAG_UC,938,-5800,0,17.500,-8.875,-91.188,6.188,-5.812,-34.688
15765082,BNO_MAG_UC,939,-4700,0,28.875,-6.000,-84.500,6.188,-5.812,-34.688
15804648,BNO_MAG_UC,940,-4500,0,41.812,-3.438,-76.438,6.188,-5.812,-34.688
15815762,BNO_MAG_UC,941,-5800,0,44.750,-2.688,-73.750,6.188,-5.812,-34.688
15825359,BNO_MAG_UC,942,-4900,0,47.688,-2.688,-69.625,6.188,-5.812,-34.688
15845373,BNO_MAG_UC,943,-4500,0,52.375,-2.375,-60.688,6.188,-5.812,-34.688
15885563,BNO_MAG_UC,944,-5100,0,60.438,-0.250,-44.375,6.188,-5.812,-34.688
15895591,BNO_MAG_UC,945,-5400,0,60.062,0.812,-42.125,6.188,-5.812,-34.688
15905454,BNO_MAG_UC,946,-5300,0,61.812,0.750,-36.250,6.188,-5.812,-34.688
15925549,BNO_MAG_UC,947,-4700,0,62.875,0.750,-25.875,6.188,-5.812,-34.688
15936283,BNO_MAG_UC,948,-5800,0,63.188,0.375,-21.750,6.188,-5.812,-34.688
15965114,BNO_MAG_UC,949,-4700,0,59.438,-2.938,-10.375,6.188,-5.812,-34.688
15976341,BNO_MAG_UC,950,-5800,0,59.375,-3.938,-9.938,6.188,-5.812,-34.688
15985770,BNO_MAG_UC,951,-4700,0,57.938,-4.312,-12.625,6.188,-5.812,-34.688
16006017,BNO_MAG_UC,952,-5600,0,58.688,-4.312,-15.375,6.188,-5.812,-34.688
16015952,BNO_MAG_UC,953,-5100,0,59.812,-3.188,-19.000,6.188,-5.812,-34.688
16025845,BNO_MAG_UC,954,-5300,0,61.688,-2.125,-23.062,6.188,-5.812,-34.688
16046271,BNO_MAG_UC,955,-5100,0,61.750,-1.375,-28.500,6.188,-5.812,-34.688
16056147,BNO_MAG_UC,956,-5100,0,61.438,-1.000,-32.625,6.188,-5.812,-34.688
16086359,BNO_MAG_UC,957,-5800,0,59.688,-1.312,-43.938,6.188,-5.812,-34.688
16096315,BNO_MAG_UC,958,-5100,0,58.938,-2.000,-49.375,6.188,-5.812,-34.688
16126663,BNO_MAG_UC,959,-5800,0,54.250,-0.938,-64.312,6.188,-5.812,-34.688
16135529,BNO_MAG_UC,960,-4700,0,53.188,-2.312,-67.875,6.188,-5.812,-34.688
16146355,BNO_MAG_UC,961,-5400,0,49.500,-2.312,-71.062,6.188,-5.812,-34.688
16166467,BNO_MAG_UC,962,-5600,0,44.750,-4.812,-77.812,6.188,-5.812,-34.688
16175808,BNO_MAG_UC,963,-4900,0,40.688,-8.375,-81.312,6.188,-5.812,-34.688
16186650,BNO_MAG_UC,964,-5600,0,38.500,-8.375,-82.750,6.188,-5.812,-34.688
16206781,BNO_MAG_UC,965,-6000,0,28.125,-12.000,-88.500,6.188,-5.812,-34.688
16215991,BNO_MAG_UC,966,-5100,0,21.500,-11.688,-90.250,6.188,-5.812,-34.688
16226815,BNO_MAG_UC,967,-5800,0,16.750,-11.375,-92.500,6.188,-5.812,-34.688
16246793,BNO_MAG_UC,968,-5800,0,6.812,-10.062,-93.312,6.188,-5.812,-34.688
16256133,BNO_MAG_UC,969,-4900,0,1.625,-10.438,-91.938,6.188,-5.812,-34.688
16267008,BNO_MAG_UC,970,-5800,0,-2.438,-10.125,-90.562,6.188,-5.812,-34.688
16286888,BNO_MAG_UC,971,-6000,0,-9.812,-11.625,-89.125,6.188,-5.812,-34.688
16296307,BNO_MAG_UC,972,-5100,0,-14.250,-13.438,-87.688,6.188,-5.812,-34.688
16307140,BNO_MAG_UC,973,-5800,0,-17.188,-12.750,-86.312,6.188,-5.812,-34.688
16326899,BNO_MAG_UC,974,-6000,0,-24.250,-15.000,-80.375,6.188,-5.812,-34.688
16336557,BNO_MAG_UC,975,-5100,0,-27.562,-15.375,-79.500,6.188,-5.812,-34.688
16347324,BNO_MAG_UC,976,-5800,0,-29.438,-15.062,-76.750,6.188,-5.812,-34.688
16367157,BNO_MAG_UC,977,-6000,0,-34.312,-16.875,-71.250,6.188,-5.812,-34.688
16376418,BNO_MAG_UC,978,-4900,0,-36.562,-16.250,-68.062,6.188,-5.812,-34.688
16407583,BNO_MAG_UC,979,-5800,0,-40.688,-18.750,-61.688,6.188,-5.812,-34.688
16416599,BNO_MAG_UC,980,-4500,0,-40.375,-18.438,-59.375,6.188,-5.812,-34.688
16447448,BNO_MAG_UC,981,-5100,0,-42.188,-17.750,-56.625,6.188,-5.812,-34.688
16456476,BNO_MAG_UC,982,-4900,0,-42.188,-16.688,-57.562,6.188,-5.812,-34.688
16487497,BNO_MAG_UC,983,-5300,0,-42.188,-17.750,-58.938,6.188,-5.812,-34.688
16496746,BNO_MAG_UC,984,-5100,0,-40.000,-18.438,-60.312,6.188,-5.812,-34.688
16527628,BNO_MAG_UC,985,-5300,0,-39.562,-16.938,-67.562,6.188,-5.812,-34.688
16536772,BNO_MAG_UC,986,-5100,0,-38.062,-15.875,-68.938,6.188,-5.812,-34.688
16567933,BNO_MAG_UC,987,-5500,0,-31.312,-14.375,-77.188,6.188,-5.812,-34.688
16577158,BNO_MAG_UC,988,-5300,0,-28.688,-15.062,-78.062,6.188,-5.812,-34.688
16587251,BNO_MAG_UC,989,-5300,0,-27.188,-14.625,-82.625,6.188,-5.812,-34.688
16597373,BNO_MAG_UC,990,-5600,0,-23.125,-15.312,-84.938,6.188,-5.812,-34.688
16617040,BNO_MAG_UC,991,-5300,0,-17.562,-13.125,-88.625,6.188,-5.812,-34.688
16647733,BNO_MAG_UC,992,-5200,0,-8.312,-12.688,-90.938,6.188,-5.812,-34.688
16656901,BNO_MAG_UC,993,-4900,0,-5.000,-12.250,-91.875,6.188,-5.812,-34.688
16667604,BNO_MAG_UC,994,-5600,0,-3.875,-12.938,-93.312,6.188,-5.812,-34.688
16677336,BNO_MAG_UC,995,-5100,0,-1.312,-12.938,-91.000,6.188,-5.812,-34.688
16697033,BNO_MAG_UC,996,-5100,0,4.250,-10.438,-92.875,6.188,-5.812,-34.688
16707773,BNO_MAG_UC,997,-5600,0,4.938,-10.438,-92.438,6.188,-5.812,-34.688
16717288,BNO_MAG_UC,998,-4700,0,8.250,-10.750,-92.438,6.188,-5.812,-34.688
16737291,BNO_MAG_UC,999,-4500,0,11.625,-8.250,-92.938,6.188,-5.812,-34.688
16747940,BNO_MAG_UC,1000,-5600,0,14.188,-8.875,-93.375,6.188,-5.812,-34.688
16757419,BNO_MAG_UC,1001,-4700,0,16.750,-8.562,-89.812,6.188,-5.812,-34.688
16777217,BNO_MAG_UC,1002,-4300,0,19.312,-8.500,-91.188,6.188,-5.812,-34.688
16788050,BNO_MAG_UC,1003,-5800,0,20.438,-9.188,-91.188,6.188,-5.812,-34.688
16797497,BNO_MAG_UC,1004,-4700,0,22.250,-8.500,-89.812,6.188,-5.812,-34.688
16817410,BNO_MAG_UC,1005,-4500,0,25.625,-7.062,-88.500,6.188,-5.812,-34.688
16828103,BNO_MAG_UC,1006,-5800,0,26.688,-7.750,-88.125,6.188,-5.812,-34.688
16837679,BNO_MAG_UC,1007,-4900,0,27.062,-7.062,-88.125,6.188,-5.812,-34.688
16857565,BNO_MAG_UC,1008,-4500,0,30.000,-6.688,-87.188,6.188,-5.812,-34.688
16868437,BNO_MAG_UC,1009,-5800,0,32.188,-8.062,-85.375,6.188,-5.812,-34.688
16897501,BNO_MAG_UC,1010,-4300,0,36.625,-7.688,-83.125,6.188,-5.812,-34.688
16908330,BNO_MAG_UC,1011,-5800,0,38.125,-5.562,-81.312,6.188,-5.812,-34.688
16917821,BNO_MAG_UC,1012,-4900,0,39.250,-5.188,-79.125,6.188,-5.812,-34.688
16938305,BNO_MAG_UC,1013,-4900,0,42.500,-5.562,-76.438,6.188,-5.812,-34.688
16948044,BNO_MAG_UC,1014,-5300,0,43.625,-5.188,-76.000,6.188,-5.812,-34.688
16957887,BNO_MAG_UC,1015,-5300,0,45.125,-5.500,-75.062,6.188,-5.812,-34.688
16977986,BNO_MAG_UC,1016,-4700,0,47.250,-6.250,-71.438,6.188,-5.812,-34.688
16988753,BNO_MAG_UC,1017,-5600,0,48.375,-4.438,-70.125,6.188,-5.812,-34.688
17018099,BNO_MAG_UC,1018,-4700,0,52.438,-3.375,-64.688,6.188,-5.812,-34.688
17028874,BNO_MAG_UC,1019,-5800,0,55.312,-6.188,-61.062,6.188,-5.812,-34.688
17057454,BNO_MAG_UC,1020,-4700,0,57.500,-4.125,-54.750,6.188,-5.812,-34.688
17068677,BNO_MAG_UC,1021,-5800,0,57.812,-4.125,-51.125,6.188,-5.812,-34.688
17098713,BNO_MAG_UC,1022,-5600,0,60.750,-2.375,-43.500,6.188,-5.812,-34.688
17107677,BNO_MAG_UC,1023,-4900,0,60.750,-2.375,-39.875,6.188,-5.812,-34.688
17138824,BNO_MAG_UC,1024,-5600,0,61.375,-0.688,-28.062,6.188,-5.812,-34.688
17148025,BNO_MAG_UC,1025,-4900,0,60.625,-0.375,-23.562,6.188,-5.812,-34.688
17158776,BNO_MAG_UC,1026,-5600,0,61.000,-0.750,-21.250,6.188,-5.812,-34.688
17178711,BNO_MAG_UC,1027,-5600,0,59.062,-0.438,-14.062,6.188,-5.812,-34.688
17188056,BNO_MAG_UC,1028,-4900,0,58.000,-0.062,-13.562,6.188,-5.812,-34.688
17198889,BNO_MAG_UC,1029,-5800,0,57.625,0.625,-11.250,6.188,-5.812,-34.688
17218972,BNO_MAG_UC,1030,-5800,0,58.312,-0.125,-10.375,6.188,-5.812,-34.688
17228234,BNO_MAG_UC,1031,-4900,0,57.625,-1.125,-12.625,6.188,-5.812,-34.688
17259267,BNO_MAG_UC,1032,-5800,0,59.875,-0.375,-19.438,6.188,-5.812,-34.688
17268385,BNO_MAG_UC,1033,-4900,0,58.812,-0.375,-23.500,6.188,-5.812,-34.688
17299527,BNO_MAG_UC,1034,-5600,0,59.250,0.750,-33.500,6.188,-5.812,-34.688
17308487,BNO_MAG_UC,1035,-4300,0,60.375,-0.312,-37.625,6.188,-5.812,-34.688
17340108,BNO_MAG_UC,1036,-5500,0,57.875,-0.625,-49.375,6.188,-5.812,-34.688
17348982,BNO_MAG_UC,1037,-4900,0,56.062,-1.625,-53.812,6.188,-5.812,-34.688
17379583,BNO_MAG_UC,1038,-4900,0,50.250,-0.625,-64.688,6.188,-5.812,-34.688
17388723,BNO_MAG_UC,1039,-5100,0,49.500,-0.562,-68.812,6.188,-5.812,-34.688
17419663,BNO_MAG_UC,1040,-5100,0,42.938,-4.500,-77.312,6.188,-5.812,-34.688
17428798,BNO_MAG_UC,1041,-5100,0,40.375,-4.125,-79.125,6.188,-5.812,-34.688
17459755,BNO_MAG_UC,1042,-5300,0,32.938,-8.438,-84.938,6.188,-5.812,-34.688
17468986,BNO_MAG_UC,1043,-5300,0,29.250,-7.062,-86.688,6.188,-5.812,-34.688
17499836,BNO_MAG_UC,1044,-5100,0,20.062,-6.750,-89.375,6.188,-5.812,-34.688
17508919,BNO_MAG_UC,1045,-4900,0,17.500,-5.375,-90.750,6.188,-5.812,-34.688
17540204,BNO_MAG_UC,1046,-6000,0,7.562,-7.250,-90.188,6.188,-5.812,-34.688
17549277,BNO_MAG_UC,1047,-4500,0,3.875,-9.375,-91.062,6.188,-5.812,-34.688
17559098,BNO_MAG_UC,1048,-5100,0,1.312,-8.312,-91.562,6.188,-5.812,-34.688
17580083,BNO_MAG_UC,1049,-5100,0,-5.375,-8.750,-89.188,6.188,-5.812,-34.688
17588862,BNO_MAG_UC,1050,-4700,0,-7.188,-9.125,-89.625,6.188,-5.812,-34.688
17620250,BNO_MAG_UC,1051,-5300,0,-14.250,-11.688,-88.188,6.188,-5.812,-34.688
17629082,BNO_MAG_UC,1052,-4700,0,-15.375,-11.688,-85.938,6.188,-5.812,-34.688
17649583,BNO_MAG_UC,1053,-5100,0,-19.812,-12.812,-84.062,6.188,-5.812,-34.688
17669100,BNO_MAG_UC,1054,-5100,0,-25.000,-15.375,-79.500,6.188,-5.812,-34.688
17679824,BNO_MAG_UC,1055,-5600,0,-26.875,-15.750,-78.062,6.188,-5.812,-34.688
17709218,BNO_MAG_UC,1056,-4900,0,-30.188,-16.500,-74.438,6.188,-5.812,-34.688
17720127,BNO_MAG_UC,1057,-5600,0,-31.312,-16.875,-73.062,6.188,-5.812,-34.688
17749416,BNO_MAG_UC,1058,-4300,0,-35.062,-18.000,-68.500,6.188,-5.812,-34.688
17760249,BNO_MAG_UC,1059,-5800,0,-36.625,-19.750,-66.188,6.188,-5.812,-34.688
17769669,BNO_MAG_UC,1060,-4700,0,-38.125,-18.375,-63.438,6.188,-5.812,-34.688
17789592,BNO_MAG_UC,1061,-4500,0,-40.000,-19.125,-58.062,6.188,-5.812,-34.688
17800369,BNO_MAG_UC,1062,-5800,0,-40.750,-18.812,-58.062,6.188,-5.812,-34.688
17829259,BNO_MAG_UC,1063,-4500,0,-41.438,-17.062,-55.750,6.188,-5.812,-34.688
17840225,BNO_MAG_UC,1064,-5600,0,-42.938,-17.062,-55.750,6.188,-5.812,-34.688
17849802,BNO_MAG_UC,1065,-4900,0,-42.938,-18.438,-56.688,6.188,-5.812,-34.688
17870226,BNO_MAG_UC,1066,-4900,0,-42.188,-17.750,-57.125,6.188,-5.812,-34.688
17879287,BNO_MAG_UC,1067,-4900,0,-41.062,-17.000,-58.938,6.188,-5.812,-34.688
17909415,BNO_MAG_UC,1068,-4500,0,-38.438,-15.562,-66.688,6.188,-5.812,-34.688
17920329,BNO_MAG_UC,1069,-5600,0,-36.562,-14.812,-69.375,6.188,-5.812,-34.688
17930043,BNO_MAG_UC,1070,-4700,0,-32.812,-15.125,-74.000,6.188,-5.812,-34.688
17950537,BNO_MAG_UC,1071,-5100,0,-30.188,-16.125,-77.625,6.188,-5.812,-34.688
17959550,BNO_MAG_UC,1072,-4900,0,-27.938,-15.375,-78.562,6.188,-5.812,-34.688
17970355,BNO_MAG_UC,1073,-5400,0,-24.625,-13.938,-80.812,6.188,-5.812,-34.688
17989485,BNO_MAG_UC,1074,-4500,0,-18.375,-16.312,-85.438,6.188,-5.812,-34.688
18000695,BNO_MAG_UC,1075,-5600,0,-16.875,-16.688,-84.562,6.188,-5.812,-34.688
18030952,BNO_MAG_UC,1076,-5500,0,-9.875,-15.188,-86.438,6.188,-5.812,-34.688
18039932,BNO_MAG_UC,1077,-4900,0,-8.750,-15.125,-87.812,6.188,-5.812,-34.688
18050697,BNO_MAG_UC,1078,-5800,0,-7.250,-15.500,-87.812,6.188,-5.812,-34.688
18071031,BNO_MAG_UC,1079,-5500,0,-5.062,-14.375,-89.188,6.188,-5.812,-34.688
18080013,BNO_MAG_UC,1080,-4900,0,-2.812,-15.062,-89.562,6.188,-5.812,-34.688
18090902,BNO_MAG_UC,1081,-5800,0,-2.125,-14.750,-90.062,6.188,-5.812,-34.688
18110949,BNO_MAG_UC,1082,-5800,0,0.125,-15.438,-89.688,6.188,-5.812,-34.688
18120175,BNO_MAG_UC,1083,-4900,0,0.125,-14.000,-90.562,6.188,-5.812,-34.688
18130972,BNO_MAG_UC,1084,-5600,0,1.562,-14.375,-88.250,6.188,-5.812,-34.688
18150861,BNO_MAG_UC,1085,-5600,0,4.562,-13.250,-90.562,6.188,-5.812,-34.688
18160266,BNO_MAG_UC,1086,-5100,0,4.875,-14.688,-89.688,6.188,-5.812,-34.688
18190763,BNO_MAG_UC,1087,-4900,0,8.562,-13.938,-89.250,6.188,-5.812,-34.688
18200351,BNO_MAG_UC,1088,-5100,0,9.312,-14.625,-88.812,6.188,-5.812,-34.688
18231629,BNO_MAG_UC,1089,-5300,0,12.688,-12.125,-89.750,6.188,-5.812,-34.688
18240508,BNO_MAG_UC,1090,-4300,0,12.688,-12.125,-89.312,6.188,-5.812,-34.688
18272156,BNO_MAG_UC,1091,-5700,0,17.438,-10.688,-89.375,6.188,-5.812,-34.688
18280693,BNO_MAG_UC,1092,-4500,0,17.438,-10.312,-88.875,6.188,-5.812,-34.688
18311735,BNO_MAG_UC,1093,-4900,0,21.125,-11.688,-87.562,6.188,-5.812,-34.688
18320820,BNO_MAG_UC,1094,-4900,0,21.500,-10.250,-87.562,6.188,-5.812,-34.688
18351930,BNO_MAG_UC,1095,-5100,0,23.750,-9.188,-87.125,6.188,-5.812,-34.688
18360841,BNO_MAG_UC,1096,-5100,0,23.750,-8.500,-88.500,6.188,-5.812,-34.688
18391861,BNO_MAG_UC,1097,-5100,0,27.750,-8.438,-87.188,6.188,-5.812,-34.688
18401090,BNO_MAG_UC,1098,-5100,0,28.875,-9.875,-85.812,6.188,-5.812,-34.688
18431917,BNO_MAG_UC,1099,-4700,0,30.000,-9.125,-85.375,6.188,-5.812,-34.688
18441146,BNO_MAG_UC,1100,-4900,0,29.938,-9.875,-83.625,6.188,-5.812,-34.688
18472004,BNO_MAG_UC,1101,-5100,0,31.438,-8.438,-82.688,6.188,-5.812,-34.688
18480757,BNO_MAG_UC,1102,-4500,0,33.250,-9.500,-82.188,6.188,-5.812,-34.688
18491609,BNO_MAG_UC,1103,-5800,0,32.125,-9.875,-81.750,6.188,-5.812,-34.688
18521275,BNO_MAG_UC,1104,-4900,0,37.375,-9.438,-79.500,6.188,-5.812,-34.688
18552221,BNO_MAG_UC,1105,-5300,0,40.312,-7.312,-76.812,6.188,-5.812,-34.688
18561206,BNO_MAG_UC,1106,-4900,0,41.438,-7.688,-76.812,6.188,-5.812,-34.688
18592233,BNO_MAG_UC,1107,-5000,0,44.688,-5.562,-72.812,6.188,-5.812,-34.688
18601060,BNO_MAG_UC,1108,-4700,0,47.312,-4.812,-72.812,6.188,-5.812,-34.688
18611969,BNO_MAG_UC,1109,-5800,0,46.500,-7.312,-71.438,6.188,-5.812,-34.688
18621584,BNO_MAG_UC,1110,-5100,0,48.000,-5.875,-70.125,6.188,-5.812,-34.688
18641568,BNO_MAG_UC,1111,-4700,0,49.125,-6.562,-69.625,6.188,-5.812,-34.688
18681421,BNO_MAG_UC,1112,-4900,0,45.062,-8.375,-73.250,6.188,-5.812,-34.688
18692191,BNO_MAG_UC,1113,-5600,0,43.250,-7.688,-75.500,6.188,-5.812,-34.688
18701801,BNO_MAG_UC,1114,-4700,0,40.688,-7.688,-77.312,6.188,-5.812,-34.688
18721372,BNO_MAG_UC,1115,-4700,0,36.938,-9.125,-79.938,6.188,-5.812,-34.688
18732164,BNO_MAG_UC,1116,-5800,0,36.188,-9.125,-81.750,6.188,-5.812,-34.688
18761526,BNO_MAG_UC,1117,-5100,0,28.500,-9.500,-85.312,6.188,-5.812,-34.688
18772401,BNO_MAG_UC,1118,-5600,0,24.812,-10.250,-85.750,6.188,-5.812,-34.688
18781862,BNO_MAG_UC,1119,-4900,0,21.500,-12.062,-86.188,6.188,-5.812,-34.688
18802198,BNO_MAG_UC,1120,-4900,0,15.938,-13.125,-87.938,6.188,-5.812,-34.688
18812136,BNO_MAG_UC,1121,-5100,0,13.000,-12.812,-87.875,6.188,-5.812,-34.688
18822012,BNO_MAG_UC,1122,-5300,0,11.125,-14.250,-87.000,6.188,-5.812,-34.688
18842479,BNO_MAG_UC,1123,-5100,0,8.938,-13.562,-88.312,6.188,-5.812,-34.688
18852223,BNO_MAG_UC,1124,-5100,0,8.625,-11.438,-87.938,6.188,-5.812,-34.688
18862148,BNO_MAG_UC,1125,-5300,0,9.688,-12.500,-88.312,6.188,-5.812,-34.688
18882629,BNO_MAG_UC,1126,-5100,0,8.250,-12.500,-88.812,6.188,-5.812,-34.688
18891572,BNO_MAG_UC,1127,-4700,0,9.312,-12.188,-87.438,6.188,-5.812,-34.688
18902400,BNO_MAG_UC,1128,-5600,0,8.625,-11.438,-88.312,6.188,-5.812,-34.688
18922716,BNO_MAG_UC,1129,-5800,0,10.812,-11.812,-88.375,6.188,-5.812,-34.688
18931734,BNO_MAG_UC,1130,-4900,0,13.750,-11.375,-89.312,6.188,-5.812,-34.688
18942510,BNO_MAG_UC,1131,-5400,0,16.000,-11.062,-87.500,6.188,-5.812,-34.688
18962885,BNO_MAG_UC,1132,-5800,0,21.875,-9.562,-85.312,6.188,-5.812,-34.688
18971985,BNO_MAG_UC,1133,-4700,0,24.438,-8.500,-86.250,6.188,-5.812,-34.688
18982758,BNO_MAG_UC,1134,-5600,0,27.375,-7.062,-84.000,6.188,-5.812,-34.688
19003006,BNO_MAG_UC,1135,-5800,0,32.188,-6.312,-79.438,6.188,-5.812,-34.688
19012119,BNO_MAG_UC,1136,-4900,0,34.750,-6.625,-81.375,6.188,-5.812,-34.688
19022803,BNO_MAG_UC,1137,-5600,0,36.188,-6.312,-78.625,6.188,-5.812,-34.688
19043052,BNO_MAG_UC,1138,-6000,0,41.000,-8.062,-74.562,6.188,-5.812,-34.688
19052221,BNO_MAG_UC,1139,-4900,0,42.875,-8.062,-72.312,6.188,-5.812,-34.688
19063005,BNO_MAG_UC,1140,-5400,0,43.562,-7.000,-70.562,6.188,-5.812,-34.688
19083300,BNO_MAG_UC,1141,-5800,0,48.000,-6.625,-67.438,6.188,-5.812,-34.688
19092510,BNO_MAG_UC,1142,-4900,0,50.125,-8.375,-63.312,6.188,-5.812,-34.688
19103240,BNO_MAG_UC,1143,-5800,0,49.812,-7.688,-63.312,6.188,-5.812,-34.688
19123346,BNO_MAG_UC,1144,-6000,0,52.312,-7.688,-58.812,6.188,-5.812,-34.688
19132426,BNO_MAG_UC,1145,-4500,0,52.312,-6.625,-56.062,6.188,-5.812,-34.688
19163765,BNO_MAG_UC,1146,-5800,0,55.938,-9.062,-50.625,6.188,-5.812,-34.688
19172764,BNO_MAG_UC,1147,-4700,0,56.312,-7.688,-47.938,6.188,-5.812,-34.688
19183591,BNO_MAG_UC,1148,-5800,0,57.750,-8.750,-47.062,6.188,-5.812,-34.688
19203612,BNO_MAG_UC,1149,-6000,0,58.500,-8.062,-42.062,6.188,-5.812,-34.688
19212738,BNO_MAG_UC,1150,-4700,0,58.062,-8.750,-40.688,6.188,-5.812,-34.688
19244224,BNO_MAG_UC,1151,-5500,0,59.938,-8.062,-40.688,6.188,-5.812,-34.688
19253091,BNO_MAG_UC,1152,-4900,0,60.312,-8.750,-41.188,6.188,-5.812,-34.688
19262991,BNO_MAG_UC,1153,-4700,0,59.562,-8.062,-42.062,6.188,-5.812,-34.688
19283649,BNO_MAG_UC,1154,-4700,0,59.250,-9.062,-45.688,6.188,-5.812,-34.688
19292914,BNO_MAG_UC,1155,-5100,0,58.125,-9.750,-47.938,6.188,-5.812,-34.688
19323694,BNO_MAG_UC,1156,-4700,0,56.688,-10.125,-55.625,6.188,-5.812,-34.688
19333047,BNO_MAG_UC,1157,-4900,0,55.250,-10.812,-57.500,6.188,-5.812,-34.688
19364671,BNO_MAG_UC,1158,-6100,0,50.188,-9.375,-70.562,6.188,-5.812,-34.688
19373454,BNO_MAG_UC,1159,-5100,0,48.750,-8.688,-71.938,6.188,-5.812,-34.688
19383394,BNO_MAG_UC,1160,-4900,0,45.438,-10.438,-75.062,6.188,-5.812,-34.688
19413272,BNO_MAG_UC,1161,-4900,0,36.938,-10.125,-82.688,6.188,-5.812,-34.688
19444286,BNO_MAG_UC,1162,-5100,0,27.000,-12.000,-87.625,6.188,-5.812,-34.688
19453395,BNO_MAG_UC,1163,-4900,0,22.562,-13.062,-89.375,6.188,-5.812,-34.688
19484170,BNO_MAG_UC,1164,-5000,0,9.000,-11.812,-90.625,6.188,-5.812,-34.688
19493298,BNO_MAG_UC,1165,-4900,0,4.562,-11.125,-91.062,6.188,-5.812,-34.688
19524435,BNO_MAG_UC,1166,-5300,0,-6.875,-11.250,-88.250,6.188,-5.812,-34.688
19533452,BNO_MAG_UC,1167,-4900,0,-10.938,-11.312,-87.312,6.188,-5.812,-34.688
19573503,BNO_MAG_UC,1168,-4900,0,-25.375,-12.875,-79.938,6.188,-5.812,-34.688
19584328,BNO_MAG_UC,1169,-5800,0,-27.625,-13.625,-76.750,6.188,-5.812,-34.688
19593750,BNO_MAG_UC,1170,-4700,0,-31.688,-15.812,-72.625,6.188,-5.812,-34.688
19613841,BNO_MAG_UC,1171,-4500,0,-34.688,-14.438,-68.062,6.188,-5.812,-34.688
19623861,BNO_MAG_UC,1172,-5100,0,-35.375,-14.812,-68.938,6.188,-5.812,-34.688
19653741,BNO_MAG_UC,1173,-4700,0,-39.562,-16.312,-60.750,6.188,-5.812,-34.688
19664601,BNO_MAG_UC,1174,-5600,0,-39.938,-15.938,-59.438,6.188,-5.812,-34.688
19693817,BNO_MAG_UC,1175,-5100,0,-41.438,-17.375,-56.250,6.188,-5.812,-34.688
19704574,BNO_MAG_UC,1176,-5600,0,-41.125,-17.750,-56.688,6.188,-5.812,-34.688
19733440,BNO_MAG_UC,1177,-4500,0,-41.812,-16.312,-57.562,6.188,-5.812,-34.688
19744360,BNO_MAG_UC,1178,-5600,0,-41.062,-16.688,-57.562,6.188,-5.812,-34.688
19754121,BNO_MAG_UC,1179,-5100,0,-41.062,-15.250,-58.938,6.188,-5.812,-34.688
19774500,BNO_MAG_UC,1180,-4900,0,-39.938,-17.312,-63.062,6.188,-5.812,-34.688
19784397,BNO_MAG_UC,1181,-5100,0,-38.812,-15.938,-64.375,6.188,-5.812,-34.688
19794253,BNO_MAG_UC,1182,-5300,0,-37.312,-16.250,-67.562,6.188,-5.812,-34.688
19814509,BNO_MAG_UC,1183,-4700,0,-33.188,-16.875,-73.062,6.188,-5.812,-34.688
19824602,BNO_MAG_UC,1184,-5300,0,-30.938,-15.750,-75.812,6.188,-5.812,-34.688
19834442,BNO_MAG_UC,1185,-5400,0,-28.375,-16.125,-78.062,6.188,-5.812,-34.688
19854919,BNO_MAG_UC,1186,-5500,0,-24.625,-15.312,-81.750,6.188,-5.812,-34.688
19863852,BNO_MAG_UC,1187,-4900,0,-21.312,-14.562,-83.125,6.188,-5.812,-34.688
19874746,BNO_MAG_UC,1188,-5400,0,-18.375,-15.938,-85.438,6.188,-5.812,-34.688
19894745,BNO_MAG_UC,1189,-5600,0,-12.438,-13.438,-88.625,6.188,-5.812,-34.688
19903906,BNO_MAG_UC,1190,-4900,0,-7.250,-11.938,-90.062,6.188,-5.812,-34.688
19914798,BNO_MAG_UC,1191,-5600,0,-3.938,-12.250,-90.500,6.188,-5.812,-34.688
19934966,BNO_MAG_UC,1192,-5800,0,4.562,-11.438,-93.375,6.188,-5.812,-34.688
19944279,BNO_MAG_UC,1193,-4900,0,7.875,-10.375,-91.562,6.188,-5.812,-34.688
19955047,BNO_MAG_UC,1194,-5800,0,12.688,-10.688,-92.500,6.188,-5.812,-34.688
19975083,BNO_MAG_UC,1195,-5800,0,20.812,-7.062,-91.625,6.188,-5.812,-34.688
19984521,BNO_MAG_UC,1196,-4900,0,24.500,-6.000,-89.438,6.188,-5.812,-34.688
19995222,BNO_MAG_UC,1197,-5600,0,28.562,-4.188,-88.562,6.188,-5.812,-34.688
20015353,BNO_MAG_UC,1198,-6000,0,37.812,-1.312,-84.562,6.188,-5.812,-34.688
20024551,BNO_MAG_UC,1199,-4900,0,41.125,-0.250,-81.000,6.188,-5.812,-34.688
20035297,BNO_MAG_UC,1200,-5600,0,45.938,-0.938,-79.188,6.188,-5.812,-34.688
20055235,BNO_MAG_UC,1201,-5800,0,52.125,-0.500,-73.812,6.188,-5.812,-34.688
20064548,BNO_MAG_UC,1202,-4900,0,54.688,-1.562,-71.062,6.188,-5.812,-34.688
20095840,BNO_MAG_UC,1203,-5300,0,61.625,-3.688,-61.625,6.188,-5.812,-34.688
20104724,BNO_MAG_UC,1204,-5100,0,63.438,-2.938,-60.312,6.188,-5.812,-34.688
20135873,BNO_MAG_UC,1205,-5600,0,68.188,-2.625,-51.688,6.188,-5.812,-34.688
20144879,BNO_MAG_UC,1206,-4300,0,68.500,-5.125,-48.062,6.188,-5.812,-34.688
20175812,BNO_MAG_UC,1207,-5800,0,72.188,-0.875,-44.500,6.188,-5.812,-34.688
20184885,BNO_MAG_UC,1208,-4500,0,74.812,0.250,-42.688,6.188,-5.812,-34.688
20216012,BNO_MAG_UC,1209,-5300,0,75.188,3.000,-36.375,6.188,-5.812,-34.688
20224990,BNO_MAG_UC,1210,-5100,0,74.062,0.875,-35.000,6.188,-5.812,-34.688
20256056,BNO_MAG_UC,1211,-5800,0,72.875,-2.312,-36.312,6.188,-5.812,-34.688
20265217,BNO_MAG_UC,1212,-4500,0,71.750,-5.125,-35.812,6.188,-5.812,-34.688
20296113,BNO_MAG_UC,1213,-5100,0,68.062,-5.125,-41.750,6.188,-5.812,-34.688
20305158,BNO_MAG_UC,1214,-5100,0,67.000,-6.188,-44.438,6.188,-5.812,-34.688
20336342,BNO_MAG_UC,1215,-6200,0,61.500,-6.562,-54.812,6.188,-5.812,-34.688
20345489,BNO_MAG_UC,1216,-4500,0,60.438,-6.875,-57.938,6.188,-5.812,-34.688
20355512,BNO_MAG_UC,1217,-5100,0,59.000,-6.875,-62.062,6.188,-5.812,-34.688
20376632,BNO_MAG_UC,1218,-5300,0,52.062,-8.312,-69.625,6.188,-5.812,-34.688
20385645,BNO_MAG_UC,1219,-5100,0,50.250,-7.250,-74.188,6.188,-5.812,-34.688
20395610,BNO_MAG_UC,1220,-5100,0,47.312,-8.000,-76.875,6.188,-5.812,-34.688
20416507,BNO_MAG_UC,1221,-5100,0,42.188,-8.000,-80.938,6.188,-5.812,-34.688
20425330,BNO_MAG_UC,1222,-4700,0,40.312,-9.062,-82.250,6.188,-5.812,-34.688
20436139,BNO_MAG_UC,1223,-5600,0,37.375,-8.750,-84.562,6.188,-5.812,-34.688
20445601,BNO_MAG_UC,1224,-4900,0,33.625,-9.438,-85.375,6.188,-5.812,-34.688
20465635,BNO_MAG_UC,1225,-4500,0,24.875,-9.188,-89.875,6.188,-5.812,-34.688
20496889,BNO_MAG_UC,1226,-5400,0,13.062,-9.250,-91.125,6.188,-5.812,-34.688
20505351,BNO_MAG_UC,1227,-4500,0,10.875,-7.875,-92.500,6.188,-5.812,-34.688
20516109,BNO_MAG_UC,1228,-5600,0,6.812,-6.875,-92.938,6.188,-5.812,-34.688
20525827,BNO_MAG_UC,1229,-5100,0,3.875,-6.562,-91.562,6.188,-5.812,-34.688
20545666,BNO_MAG_UC,1230,-4300,0,-1.625,-7.688,-90.562,6.188,-5.812,-34.688
20556488,BNO_MAG_UC,1231,-5600,0,-2.375,-8.000,-90.562,6.188,-5.812,-34.688
20565990,BNO_MAG_UC,1232,-4700,0,-6.062,-8.750,-91.000,6.188,-5.812,-34.688
20586005,BNO_MAG_UC,1233,-4500,0,-12.000,-10.938,-89.125,6.188,-5.812,-34.688
20596847,BNO_MAG_UC,1234,-5600,0,-14.625,-12.750,-86.875,6.188,-5.812,-34.688
20605909,BNO_MAG_UC,1235,-4200,0,-16.125,-12.062,-84.125,6.188,-5.812,-34.688
20626406,BNO_MAG_UC,1236,-5100,0,-21.250,-12.500,-83.125,6.188,-5.812,-34.688
20636171,BNO_MAG_UC,1237,-4900,0,-23.500,-13.562,-82.688,6.188,-5.812,-34.688
20646175,BNO_MAG_UC,1238,-5300,0,-24.625,-12.875,-79.938,6.188,-5.812,-34.688
20666531,BNO_MAG_UC,1239,-5100,0,-29.125,-15.750,-74.438,6.188,-5.812,-34.688
20676358,BNO_MAG_UC,1240,-5300,0,-30.562,-16.812,-75.375,6.188,-5.812,-34.688
20686255,BNO_MAG_UC,1241,-5400,0,-31.688,-16.500,-73.062,6.188,-5.812,-34.688
20706571,BNO_MAG_UC,1242,-5600,0,-34.688,-17.938,-69.375,6.188,-5.812,-34.688
20715731,BNO_MAG_UC,1243,-5100,0,-36.250,-18.375,-65.750,6.188,-5.812,-34.688
20726456,BNO_MAG_UC,1244,-5600,0,-36.625,-18.375,-65.750,6.188,-5.812,-34.688
20745935,BNO_MAG_UC,1245,-4700,0,-38.500,-17.688,-62.125,6.188,-5.812,-34.688
20767054,BNO_MAG_UC,1246,-5400,0,-39.625,-20.188,-59.375,6.188,-5.812,-34.688
20786814,BNO_MAG_UC,1247,-5600,0,-40.000,-19.812,-59.875,6.188,-5.812,-34.688
20796062,BNO_MAG_UC,1248,-4900,0,-39.625,-21.250,-58.062,6.188,-5.812,-34.688
20806839,BNO_MAG_UC,1249,-5600,0,-39.625,-20.875,-58.062,6.188,-5.812,-34.688
20826942,BNO_MAG_UC,1250,-5600,0,-40.375,-20.188,-59.375,6.188,-5.812,-34.688
20835999,BNO_MAG_UC,1251,-4900,0,-40.000,-19.500,-60.250,6.188,-5.812,-34.688
20867170,BNO_MAG_UC,1252,-5800,0,-37.375,-18.375,-60.375,6.188,-5.812,-34.688
20876353,BNO_MAG_UC,1253,-4700,0,-38.500,-18.750,-63.062,6.188,-5.812,-34.688
20887127,BNO_MAG_UC,1254,-5800,0,-37.750,-18.750,-63.438,6.188,-5.812,-34.688
20907180,BNO_MAG_UC,1255,-5600,0,-37.312,-18.375,-68.500,6.188,-5.812,-34.688
20916404,BNO_MAG_UC,1256,-4700,0,-35.812,-18.688,-68.062,6.188,-5.812,-34.688
20927285,BNO_MAG_UC,1257,-5800,0,-33.938,-17.562,-71.688,6.188,-5.812,-34.688
20947248,BNO_MAG_UC,1258,-5600,0,-31.000,-18.250,-73.500,6.188,-5.812,-34.688
20956726,BNO_MAG_UC,1259,-4900,0,-30.562,-16.812,-74.500,6.188,-5.812,-34.688
20987545,BNO_MAG_UC,1260,-4800,0,-25.375,-16.438,-79.938,6.188,-5.812,-34.688
20996786,BNO_MAG_UC,1261,-5300,0,-25.000,-15.688,-82.188,6.188,-5.812,-34.688
21007582,BNO_MAG_UC,1262,-5600,0,-20.562,-16.000,-82.625,6.188,-5.812,-34.688
21027611,BNO_MAG_UC,1263,-6000,0,-16.125,-13.812,-86.875,6.188,-5.812,-34.688
21036813,BNO_MAG_UC,1264,-4700,0,-13.188,-14.500,-85.938,6.188,-5.812,-34.688
21067876,BNO_MAG_UC,1265,-4900,0,-4.688,-14.062,-88.688,6.188,-5.812,-34.688
21077011,BNO_MAG_UC,1266,-4900,0,-2.500,-15.438,-89.625,6.188,-5.812,-34.688
21107803,BNO_MAG_UC,1267,-4900,0,4.562,-15.000,-91.500,6.188,-5.812,-34.688
21117029,BNO_MAG_UC,1268,-5100,0,7.062,-17.438,-90.562,6.188,-5.812,-34.688
21148221,BNO_MAG_UC,1269,-6000,0,13.750,-13.188,-90.688,6.188,-5.812,-34.688
21157245,BNO_MAG_UC,1270,-4500,0,15.250,-13.875,-90.688,6.188,-5.812,-34.688
21188100,BNO_MAG_UC,1271,-5100,0,20.750,-12.062,-88.875,6.188,-5.812,-34.688
21196975,BNO_MAG_UC,1272,-4700,0,22.250,-11.000,-86.688,6.188,-5.812,-34.688
21228698,BNO_MAG_UC,1273,-6200,0,29.562,-10.250,-83.500,6.188,-5.812,-34.688
21237663,BNO_MAG_UC,1274,-4900,0,31.062,-8.812,-83.062,6.188,-5.812,-34.688
21247558,BNO_MAG_UC,1275,-4900,0,34.000,-9.125,-83.562,6.188,-5.812,-34.688
21268410,BNO_MAG_UC,1276,-5100,0,38.812,-9.125,-79.500,6.188,-5.812,-34.688
21277713,BNO_MAG_UC,1277,-5300,0,40.312,-8.750,-76.812,6.188,-5.812,-34.688
21287711,BNO_MAG_UC,1278,-5300,0,42.875,-7.312,-77.312,6.188,-5.812,-34.688
21317650,BNO_MAG_UC,1279,-5100,0,49.125,-5.562,-67.438,6.188,-5.812,-34.688
21348470,BNO_MAG_UC,1280,-5200,0,53.125,-5.188,-60.188,6.188,-5.812,-34.688
21357274,BNO_MAG_UC,1281,-4700,0,54.938,-4.125,-58.375,6.188,-5.812,-34.688
21368005,BNO_MAG_UC,1282,-5800,0,56.062,-3.750,-56.562,6.188,-5.812,-34.688
21377742,BNO_MAG_UC,1283,-5100,0,57.500,-5.188,-54.750,6.188,-5.812,-34.688
21397956,BNO_MAG_UC,1284,-4700,0,57.812,-3.062,-48.438,6.188,-5.812,-34.688
21407788,BNO_MAG_UC,1285,-5100,0,59.312,-2.375,-47.562,6.188,-5.812,-34.688
21428673,BNO_MAG_UC,1286,-5000,0,61.438,-3.062,-41.250,6.188,-5.812,-34.688
21437445,BNO_MAG_UC,1287,-4700,0,61.062,-2.750,-37.562,6.188,-5.812,-34.688
21448236,BNO_MAG_UC,1288,-5600,0,61.438,-2.062,-35.750,6.188,-5.812,-34.688
21457905,BNO_MAG_UC,1289,-5100,0,62.562,-0.625,-33.125,6.188,-5.812,-34.688
21477972,BNO_MAG_UC,1290,-4500,0,62.500,-0.312,-27.188,6.188,-5.812,-34.688
21488767,BNO_MAG_UC,1291,-5800,0,63.625,0.375,-28.562,6.188,-5.812,-34.688
21498054,BNO_MAG_UC,1292,-4700,0,63.188,-0.688,-24.875,6.188,-5.812,-34.688
21518065,BNO_MAG_UC,1293,-4300,0,62.875,0.000,-23.562,6.188,-5.812,-34.688
21528809,BNO_MAG_UC,1294,-5800,0,63.250,2.500,-24.062,6.188,-5.812,-34.688
21538188,BNO_MAG_UC,1295,-4500,0,64.000,1.438,-25.875,6.188,-5.812,-34.688
21558126,BNO_MAG_UC,1296,-4500,0,64.000,0.750,-30.375,6.188,-5.812,-34.688
21568873,BNO_MAG_UC,1297,-5600,0,64.000,0.438,-31.688,6.188,-5.812,-34.688
21578129,BNO_MAG_UC,1298,-4500,0,63.312,1.500,-35.812,6.188,-5.812,-34.688
21598381,BNO_MAG_UC,1299,-4700,0,62.250,1.875,-43.562,6.188,-5.812,-34.688
21608374,BNO_MAG_UC,1300,-5100,0,62.312,2.938,-48.062,6.188,-5.812,-34.688
21638303,BNO_MAG_UC,1301,-5100,0,59.062,2.312,-60.750,6.188,-5.812,-34.688
21649077,BNO_MAG_UC,1302,-5600,0,57.625,0.500,-62.938,6.188,-5.812,-34.688
21677849,BNO_MAG_UC,1303,-4700,0,49.938,-2.312,-74.688,6.188,-5.812,-34.688
21718793,BNO_MAG_UC,1304,-4900,0,37.062,-4.875,-85.875,6.188,-5.812,-34.688
21728012,BNO_MAG_UC,1305,-5100,0,34.812,-5.562,-87.250,6.188,-5.812,-34.688
21738826,BNO_MAG_UC,1306,-5400,0,31.125,-4.875,-89.500,6.188,-5.812,-34.688
21758967,BNO_MAG_UC,1307,-5600,0,26.375,-5.625,-90.812,6.188,-5.812,-34.688
21768236,BNO_MAG_UC,1308,-4700,0,21.562,-6.000,-91.250,6.188,-5.812,-34.688
21778985,BNO_MAG_UC,1309,-5600,0,19.375,-6.062,-92.062,6.188,-5.812,-34.688
21799244,BNO_MAG_UC,1310,-5800,0,13.438,-7.875,-92.062,6.188,-5.812,-34.688
21808300,BNO_MAG_UC,1311,-4700,0,10.125,-7.188,-92.938,6.188,-5.812,-34.688
21819121,BNO_MAG_UC,1312,-5800,0,6.438,-7.938,-93.312,6.188,-5.812,-34.688
21839160,BNO_MAG_UC,1313,-5800,0,0.562,-9.750,-92.375,6.188,-5.812,-34.688
21848529,BNO_MAG_UC,1314,-4700,0,-0.938,-10.125,-90.062,6.188,-5.812,-34.688
21879701,BNO_MAG_UC,1315,-5300,0,-10.188,-12.312,-89.125,6.188,-5.812,-34.688
21888481,BNO_MAG_UC,1316,-4300,0,-12.062,-13.438,-86.375,6.188,-5.812,-34.688
21919580,BNO_MAG_UC,1317,-5800,0,-19.438,-14.250,-83.125,6.188,-5.812,-34.688
21928858,BNO_MAG_UC,1318,-4900,0,-23.500,-15.312,-81.312,6.188,-5.812,-34.688
21939693,BNO_MAG_UC,1319,-5800,0,-25.750,-15.375,-79.438,6.188,-5.812,-34.688
21959721,BNO_MAG_UC,1320,-6000,0,-29.812,-16.500,-76.250,6.188,-5.812,-34.688
21968874,BNO_MAG_UC,1321,-4500,0,-32.438,-17.250,-72.188,6.188,-5.812,-34.688
21999953,BNO_MAG_UC,1322,-5100,0,-37.375,-18.375,-67.062,6.188,-5.812,-34.688
22008868,BNO_MAG_UC,1323,-4900,0,-38.500,-19.062,-63.062,6.188,-5.812,-34.688
22040224,BNO_MAG_UC,1324,-5800,0,-41.438,-17.000,-58.938,6.188,-5.812,-34.688
22049215,BNO_MAG_UC,1325,-4500,0,-42.562,-18.438,-58.062,6.188,-5.812,-34.688
22080636,BNO_MAG_UC,1326,-6100,0,-41.500,-20.250,-53.062,6.188,-5.812,-34.688
22089602,BNO_MAG_UC,1327,-5300,0,-41.500,-19.188,-54.375,6.188,-5.812,-34.688
22099453,BNO_MAG_UC,1328,-4900,0,-41.500,-20.938,-53.062,6.188,-5.812,-34.688
22120356,BNO_MAG_UC,1329,-5100,0,-43.000,-19.875,-51.688,6.188,-5.812,-34.688
22129236,BNO_MAG_UC,1330,-4900,0,-41.875,-20.250,-52.562,6.188,-5.812,-34.688
22160461,BNO_MAG_UC,1331,-5800,0,-40.750,-17.750,-56.250,6.188,-5.812,-34.688
22169419,BNO_MAG_UC,1332,-4300,0,-40.000,-18.062,-57.125,6.188,-5.812,-34.688
22200798,BNO_MAG_UC,1333,-6200,0,-38.875,-17.312,-61.688,6.188,-5.812,-34.688
22209691,BNO_MAG_UC,1334,-4500,0,-37.750,-19.750,-65.312,6.188,-5.812,-34.688
22240643,BNO_MAG_UC,1335,-5100,0,-33.938,-16.500,-72.562,6.188,-5.812,-34.688
22249852,BNO_MAG_UC,1336,-5100,0,-32.062,-16.125,-73.562,6.188,-5.812,-34.688
22259794,BNO_MAG_UC,1337,-5300,0,-30.188,-16.125,-74.875,6.188,-5.812,-34.688
22280813,BNO_MAG_UC,1338,-5100,0,-25.750,-15.375,-79.500,6.188,-5.812,-34.688
22289949,BNO_MAG_UC,1339,-5100,0,-23.875,-14.250,-81.250,6.188,-5.812,-34.688
22329828,BNO_MAG_UC,1340,-4900,0,-13.188,-15.938,-86.312,6.188,-5.812,-34.688
22369353,BNO_MAG_UC,1341,-4700,0,-3.938,-14.062,-88.688,6.188,-5.812,-34.688
22409763,BNO_MAG_UC,1342,-4500,0,4.125,-14.688,-88.750,6.188,-5.812,-34.688
22420622,BNO_MAG_UC,1343,-5600,0,6.000,-12.875,-89.750,6.188,-5.812,-34.688
22430180,BNO_MAG_UC,1344,-4900,0,7.875,-12.500,-89.250,6.188,-5.812,-34.688
22449979,BNO_MAG_UC,1345,-4300,0,11.188,-12.500,-88.375,6.188,-5.812,-34.688
22460681,BNO_MAG_UC,1346,-5600,0,12.625,-12.812,-88.812,6.188,-5.812,-34.688
22470346,BNO_MAG_UC,1347,-4900,0,15.938,-13.125,-87.500,6.188,-5.812,-34.688
22490001,BNO_MAG_UC,1348,-4900,0,18.500,-13.812,-86.188,6.188,-5.812,-34.688
22500883,BNO_MAG_UC,1349,-5600,0,20.688,-14.500,-85.312,6.188,-5.812,-34.688
22510281,BNO_MAG_UC,1350,-4700,0,21.812,-12.062,-85.250,6.188,-5.812,-34.688
22530567,BNO_MAG_UC,1351,-4900,0,25.875,-12.000,-83.938,6.188,-5.812,-34.688
22540506,BNO_MAG_UC,1352,-5100,0,26.250,-12.000,-83.938,6.188,-5.812,-34.688
22550450,BNO_MAG_UC,1353,-5300,0,28.438,-12.000,-82.188,6.188,-5.812,-34.688
22570757,BNO_MAG_UC,1354,-5600,0,32.125,-11.250,-80.875,6.188,-5.812,-34.688
22580666,BNO_MAG_UC,1355,-4900,0,33.188,-12.688,-78.562,6.188,-5.812,-34.688
22590520,BNO_MAG_UC,1356,-5300,0,35.062,-11.938,-78.562,6.188,-5.812,-34.688
22610919,BNO_MAG_UC,1357,-5100,0,37.312,-11.938,-77.750,6.188,-5.812,-34.688
22619976,BNO_MAG_UC,1358,-5100,0,36.500,-12.312,-75.438,6.188,-5.812,-34.688
22630829,BNO_MAG_UC,1359,-5600,0,39.875,-12.312,-73.250,6.188,-5.812,-34.688
22650995,BNO_MAG_UC,1360,-5600,0,40.938,-11.938,-72.750,6.188,-5.812,-34.688
22660336,BNO_MAG_UC,1361,-5100,0,41.312,-11.562,-72.312,6.188,-5.812,-34.688
22671214,BNO_MAG_UC,1362,-5800,0,41.688,-10.875,-71.375,6.188,-5.812,-34.688
22691305,BNO_MAG_UC,1363,-5500,0,41.688,-13.000,-70.500,6.188,-5.812,-34.688
22700395,BNO_MAG_UC,1364,-4900,0,42.438,-12.312,-70.000,6.188,-5.812,-34.688
22711215,BNO_MAG_UC,1365,-5600,0,42.438,-11.562,-69.625,6.188,-5.812,-34.688
22731191,BNO_MAG_UC,1366,-5800,0,43.875,-11.562,-68.688,6.188,-5.812,-34.688
22740576,BNO_MAG_UC,1367,-5100,0,43.500,-11.938,-69.188,6.188,-5.812,-34.688
22751436,BNO_MAG_UC,1368,-5800,0,42.062,-12.625,-69.125,6.188,-5.812,-34.688
22771620,BNO_MAG_UC,1369,-6000,0,42.812,-11.562,-69.625,6.188,-5.812,-34.688
22780463,BNO_MAG_UC,1370,-4500,0,43.875,-13.312,-67.812,6.188,-5.812,-34.688
22811851,BNO_MAG_UC,1371,-6000,0,45.312,-13.375,-63.688,6.188,-5.812,-34.688
22820877,BNO_MAG_UC,1372,-4700,0,45.688,-13.375,-62.375,6.188,-5.812,-34.688
22851732,BNO_MAG_UC,1373,-4900,0,47.875,-13.375,-60.125,6.188,-5.812,-34.688
22860820,BNO_MAG_UC,1374,-4900,0,50.750,-14.750,-56.938,6.188,-5.812,-34.688
22891969,BNO_MAG_UC,1375,-5600,0,52.562,-16.500,-50.188,6.188,-5.812,-34.688
22901010,BNO_MAG_UC,1376,-4300,0,53.625,-16.562,-46.562,6.188,-5.812,-34.688
22932139,BNO_MAG_UC,1377,-6000,0,55.062,-18.312,-38.812,6.188,-5.812,-34.688
22941222,BNO_MAG_UC,1378,-4500,0,55.000,-19.062,-37.000,6.188,-5.812,-34.688
22972206,BNO_MAG_UC,1379,-5600,0,55.375,-18.000,-34.750,6.188,-5.812,-34.688
22981313,BNO_MAG_UC,1380,-4500,0,56.500,-17.625,-34.312,6.188,-5.812,-34.688
23012141,BNO_MAG_UC,1381,-5100,0,56.875,-15.125,-36.125,6.188,-5.812,-34.688
23021445,BNO_MAG_UC,1382,-5100,0,56.562,-14.438,-38.438,6.188,-5.812,-34.688
23052472,BNO_MAG_UC,1383,-4900,0,55.875,-13.688,-48.875,6.188,-5.812,-34.688
23061482,BNO_MAG_UC,1384,-5100,0,55.938,-12.938,-53.812,6.188,-5.812,-34.688
23092488,BNO_MAG_UC,1385,-5100,0,50.875,-11.562,-63.312,6.188,-5.812,-34.688
23101484,BNO_MAG_UC,1386,-5100,0,49.750,-12.250,-66.438,6.188,-5.812,-34.688
23132819,BNO_MAG_UC,1387,-6200,0,42.062,-12.938,-75.938,6.188,-5.812,-34.688
23141957,BNO_MAG_UC,1388,-4700,0,37.312,-14.062,-79.062,6.188,-5.812,-34.688
23151837,BNO_MAG_UC,1389,-5100,0,33.188,-14.438,-82.688,6.188,-5.812,-34.688
23161970,BNO_MAG_UC,1390,-5600,0,29.188,-13.375,-84.438,6.188,-5.812,-34.688
23181513,BNO_MAG_UC,1391,-4900,0,21.812,-13.812,-87.562,6.188,-5.812,-34.688
23221289,BNO_MAG_UC,1392,-4700,0,5.250,-15.000,-89.250,6.188,-5.812,-34.688
23232086,BNO_MAG_UC,1393,-5600,0,-1.000,-15.438,-90.125,6.188,-5.812,-34.688
23242143,BNO_MAG_UC,1394,-5600,0,-5.812,-14.750,-87.312,6.188,-5.812,-34.688
23261776,BNO_MAG_UC,1395,-4900,0,-14.625,-13.438,-85.438,6.188,-5.812,-34.688
23272655,BNO_MAG_UC,1396,-5800,0,-17.938,-13.500,-84.562,6.188,-5.812,-34.688
23301429,BNO_MAG_UC,1397,-4700,0,-28.688,-13.625,-76.250,6.188,-5.812,-34.688
23312387,BNO_MAG_UC,1398,-5600,0,-30.938,-14.000,-75.375,6.188,-5.812,-34.688
23322217,BNO_MAG_UC,1399,-5100,0,-32.375,-13.000,-73.062,6.188,-5.812,-34.688
23342108,BNO_MAG_UC,1400,-4300,0,-36.562,-12.375,-68.062,6.188,-5.812,-34.688
23352947,BNO_MAG_UC,1401,-5800,0,-36.938,-13.062,-67.625,6.188,-5.812,-34.688
23362136,BNO_MAG_UC,1402,-4500,0,-38.000,-11.688,-65.375,6.188,-5.812,-34.688
23382517,BNO_MAG_UC,1403,-4700,0,-39.938,-13.125,-62.125,6.188,-5.812,-34.688
23391652,BNO_MAG_UC,1404,-5100,0,-39.562,-12.062,-61.750,6.188,-5.812,-34.688
23402538,BNO_MAG_UC,1405,-5600,0,-41.375,-13.500,-59.875,6.188,-5.812,-34.688
23422006,BNO_MAG_UC,1406,-5100,0,-41.000,-11.000,-59.438,6.188,-5.812,-34.688
23432989,BNO_MAG_UC,1407,-5800,0,-41.375,-11.375,-60.375,6.188,-5.812,-34.688
23442488,BNO_MAG_UC,1408,-4700,0,-40.250,-12.062,-60.750,6.188,-5.812,-34.688
23462894,BNO_MAG_UC,1409,-5600,0,-40.250,-11.000,-63.062,6.188,-5.812,-34.688
23472736,BNO_MAG_UC,1410,-5100,0,-39.500,-11.688,-64.000,6.188,-5.812,-34.688
23502957,BNO_MAG_UC,1411,-5600,0,-35.750,-10.562,-67.125,6.188,-5.812,-34.688
23512083,BNO_MAG_UC,1412,-5100,0,-36.125,-10.938,-70.375,6.188,-5.812,-34.688
23522874,BNO_MAG_UC,1413,-5400,0,-34.188,-9.500,-72.188,6.188,-5.812,-34.688
23543134,BNO_MAG_UC,1414,-5500,0,-28.625,-9.375,-77.688,6.188,-5.812,-34.688
23552346,BNO_MAG_UC,1415,-5300,0,-26.375,-7.250,-80.438,6.188,-5.812,-34.688
23563062,BNO_MAG_UC,1416,-5600,0,-23.062,-6.125,-82.750,6.188,-5.812,-34.688
23583309,BNO_MAG_UC,1417,-6000,0,-13.812,-4.625,-86.875,6.188,-5.812,-34.688
23592394,BNO_MAG_UC,1418,-5100,0,-9.750,-3.875,-89.188,6.188,-5.812,-34.688
23603132,BNO_MAG_UC,1419,-5600,0,-4.188,-2.375,-89.688,6.188,-5.812,-34.688
23623641,BNO_MAG_UC,1420,-6200,0,5.750,-1.562,-91.125,6.188,-5.812,-34.688
23632532,BNO_MAG_UC,1421,-4500,0,12.438,0.250,-89.875,6.188,-5.812,-34.688
23643379,BNO_MAG_UC,1422,-5800,0,17.562,0.625,-88.938,6.188,-5.812,-34.688
23663692,BNO_MAG_UC,1423,-6000,0,28.188,0.000,-84.062,6.188,-5.812,-34.688
23672598,BNO_MAG_UC,1424,-4700,0,33.375,0.062,-83.625,6.188,-5.812,-34.688
23703577,BNO_MAG_UC,1425,-5800,0,42.188,-0.938,-76.875,6.188,-5.812,-34.688
23712793,BNO_MAG_UC,1426,-4700,0,42.938,-2.375,-75.562,6.188,-5.812,-34.688
23743884,BNO_MAG_UC,1427,-5800,0,44.750,-3.750,-76.000,6.188,-5.812,-34.688
23752823,BNO_MAG_UC,1428,-4700,0,45.812,-5.500,-73.750,6.188,-5.812,-34.688
23784007,BNO_MAG_UC,1429,-5800,0,45.438,-10.125,-73.688,6.188,-5.812,-34.688
23793056,BNO_MAG_UC,1430,-4500,0,44.688,-11.562,-73.188,6.188,-5.812,-34.688
23823818,BNO_MAG_UC,1431,-4900,0,42.375,-16.125,-72.750,6.188,-5.812,-34.688
23833254,BNO_MAG_UC,1432,-5100,0,42.750,-16.500,-70.875,6.188,-5.812,-34.688
23864428,BNO_MAG_UC,1433,-5800,0,46.375,-17.562,-63.250,6.188,-5.812,-34.688
23873332,BNO_MAG_UC,1434,-4300,0,48.188,-16.875,-60.938,6.188,-5.812,-34.688
23904182,BNO_MAG_UC,1435,-5100,0,51.125,-14.062,-52.000,6.188,-5.812,-34.688
23913092,BNO_MAG_UC,1436,-4500,0,52.188,-13.375,-49.688,6.188,-5.812,-34.688
23944453,BNO_MAG_UC,1437,-6000,0,54.000,-13.750,-39.312,6.188,-5.812,-34.688
23953494,BNO_MAG_UC,1438,-4500,0,54.312,-12.688,-35.688,6.188,-5.812,-34.688
23984578,BNO_MAG_UC,1439,-5300,0,55.062,-10.250,-28.438,6.188,-5.812,-34.688
23993504,BNO_MAG_UC,1440,-4900,0,53.875,-11.000,-25.250,6.188,-5.812,-34.688
24024343,BNO_MAG_UC,1441,-5200,0,52.750,-12.125,-18.875,6.188,-5.812,-34.688
24033442,BNO_MAG_UC,1442,-5100,0,52.750,-12.125,-18.875,6.188,-5.812,-34.688
24043566,BNO_MAG_UC,1443,-5600,0,52.750,-12.812,-18.875,6.188,-5.812,-34.688
24064466,BNO_MAG_UC,1444,-5000,0,51.625,-12.812,-20.250,6.188,-5.812,-34.688
24073505,BNO_MAG_UC,1445,-4900,0,52.750,-13.188,-18.438,6.188,-5.812,-34.688
24084411,BNO_MAG_UC,1446,-5600,0,52.750,-12.062,-21.562,6.188,-5.812,-34.688
24113395,BNO_MAG_UC,1447,-4500,0,55.000,-12.375,-28.000,6.188,-5.812,-34.688
24124105,BNO_MAG_UC,1448,-5600,0,55.000,-12.375,-29.375,6.188,-5.812,-34.688
24133944,BNO_MAG_UC,1449,-5100,0,55.812,-11.625,-32.062,6.188,-5.812,-34.688
24153845,BNO_MAG_UC,1450,-4300,0,56.562,-12.688,-39.312,6.188,-5.812,-34.688
24164732,BNO_MAG_UC,1451,-5800,0,57.688,-11.188,-43.875,6.188,-5.812,-34.688
24174001,BNO_MAG_UC,1452,-4700,0,56.250,-11.938,-48.375,6.188,-5.812,-34.688
24193863,BNO_MAG_UC,1453,-4500,0,54.500,-11.875,-58.312,6.188,-5.812,-34.688
24204696,BNO_MAG_UC,1454,-5800,0,52.688,-10.125,-62.875,6.188,-5.812,-34.688
24214199,BNO_MAG_UC,1455,-4900,0,51.250,-11.875,-68.250,6.188,-5.812,-34.688
24234181,BNO_MAG_UC,1456,-4500,0,45.000,-10.500,-72.312,6.188,-5.812,-34.688
24245015,BNO_MAG_UC,1457,-5800,0,42.500,-9.750,-77.750,6.188,-5.812,-34.688
24254186,BNO_MAG_UC,1458,-4500,0,39.562,-10.500,-80.438,6.188,-5.812,-34.688
24274214,BNO_MAG_UC,1459,-4500,0,32.875,-10.188,-84.000,6.188,-5.812,-34.688
24285034,BNO_MAG_UC,1460,-5800,0,31.438,-9.500,-85.812,6.188,-5.812,-34.688
24313837,BNO_MAG_UC,1461,-4500,0,16.375,-9.938,-91.625,6.188,-5.812,-34.688
24324914,BNO_MAG_UC,1462,-5800,0,8.625,-10.000,-91.125,6.188,-5.812,-34.688
24334469,BNO_MAG_UC,1463,-4700,0,6.062,-9.375,-91.500,6.188,-5.812,-34.688
24354742,BNO_MAG_UC,1464,-4900,0,-4.625,-9.125,-89.188,6.188,-5.812,-34.688
24364728,BNO_MAG_UC,1465,-5100,0,-7.625,-10.875,-88.688,6.188,-5.812,-34.688
24374608,BNO_MAG_UC,1466,-5300,0,-10.188,-12.688,-87.312,6.188,-5.812,-34.688
24394958,BNO_MAG_UC,1467,-5800,0,-17.938,-12.750,-86.375,6.188,-5.812,-34.688
24403960,BNO_MAG_UC,1468,-4700,0,-21.625,-13.562,-83.125,6.188,-5.812,-34.688
24414728,BNO_MAG_UC,1469,-5400,0,-22.750,-14.250,-81.312,6.188,-5.812,-34.688
24435134,BNO_MAG_UC,1470,-5800,0,-27.938,-12.938,-77.250,6.188,-5.812,-34.688
24444042,BNO_MAG_UC,1471,-4700,0,-30.562,-13.312,-77.188,6.188,-5.812,-34.688
24475228,BNO_MAG_UC,1472,-5800,0,-34.250,-14.062,-70.750,6.188,-5.812,-34.688
24484290,BNO_MAG_UC,1473,-4700,0,-35.000,-15.875,-70.375,6.188,-5.812,-34.688
24515304,BNO_MAG_UC,1474,-5600,0,-38.812,-17.312,-63.938,6.188,-5.812,-34.688
24524547,BNO_MAG_UC,1475,-4700,0,-39.188,-16.625,-62.125,6.188,-5.812,-34.688
24535345,BNO_MAG_UC,1476,-5600,0,-40.688,-14.875,-61.688,6.188,-5.812,-34.688
24555439,BNO_MAG_UC,1477,-6000,0,-41.062,-15.625,-57.125,6.188,-5.812,-34.688
24564657,BNO_MAG_UC,1478,-4900,0,-41.438,-16.688,-56.250,6.188,-5.812,-34.688
24596170,BNO_MAG_UC,1479,-5500,0,-42.250,-17.750,-53.062,6.188,-5.812,-34.688
24604969,BNO_MAG_UC,1480,-4700,0,-41.875,-18.500,-50.750,6.188,-5.812,-34.688
24615776,BNO_MAG_UC,1481,-5800,0,-42.625,-18.500,-49.438,6.188,-5.812,-34.688
24635895,BNO_MAG_UC,1482,-6200,0,-43.750,-18.875,-47.562,6.188,-5.812,-34.688
24644832,BNO_MAG_UC,1483,-4700,0,-44.125,-18.188,-47.625,6.188,-5.812,-34.688
24675975,BNO_MAG_UC,1484,-5800,0,-43.000,-19.562,-48.500,6.188,-5.812,-34.688
24685034,BNO_MAG_UC,1485,-4500,0,-44.125,-19.938,-48.938,6.188,-5.812,-34.688
24716126,BNO_MAG_UC,1486,-5800,0,-42.625,-19.188,-52.125,6.188,-5.812,-34.688
24725164,BNO_MAG_UC,1487,-4300,0,-41.875,-17.438,-52.625,6.188,-5.812,-34.688
24756106,BNO_MAG_UC,1488,-4900,0,-39.562,-16.250,-63.938,6.188,-5.812,-34.688
24765268,BNO_MAG_UC,1489,-5100,0,-36.938,-14.500,-65.750,6.188,-5.812,-34.688
24796166,BNO_MAG_UC,1490,-5100,0,-32.000,-11.938,-74.938,6.188,-5.812,-34.688
24805236,BNO_MAG_UC,1491,-4700,0,-28.688,-10.438,-76.750,6.188,-5.812,-34.688
24836208,BNO_MAG_UC,1492,-5100,0,-19.750,-10.000,-83.125,6.188,-5.812,-34.688
24845416,BNO_MAG_UC,1493,-5100,0,-17.562,-8.188,-85.000,6.188,-5.812,-34.688
24876480,BNO_MAG_UC,1494,-5300,0,-8.312,-8.812,-89.188,6.188,-5.812,-34.688
24885625,BNO_MAG_UC,1495,-4900,0,-5.375,-10.188,-87.375,6.188,-5.812,-34.688
24916718,BNO_MAG_UC,1496,-5300,0,5.000,-8.625,-91.062,6.188,-5.812,-34.688
24925565,BNO_MAG_UC,1497,-4700,0,6.438,-8.625,-90.250,6.188,-5.812,-34.688
24957249,BNO_MAG_UC,1498,-6000,0,11.938,-8.250,-89.812,6.188,-5.812,-34.688
24966124,BNO_MAG_UC,1499,-4700,0,12.688,-7.500,-89.312,6.188,-5.812,-34.688
24975888,BNO_MAG_UC,1500,-4900,0,14.562,-7.125,-90.250,6.188,-5.812,-34.688
24996882,BNO_MAG_UC,1501,-5300,0,17.500,-7.812,-88.875,6.188,-5.812,-34.688
25005480,BNO_MAG_UC,1502,-4500,0,18.188,-8.562,-88.438,6.188,-5.812,-34.688
25016389,BNO_MAG_UC,1503,-5800,0,19.312,-7.812,-87.125,6.188,-5.812,-34.688
25045556,BNO_MAG_UC,1504,-4900,0,20.375,-9.938,-87.062,6.188,-5.812,-34.688
25056487,BNO_MAG_UC,1505,-5800,0,21.500,-10.250,-87.188,6.188,-5.812,-34.688
25065944,BNO_MAG_UC,1506,-4900,0,21.875,-7.812,-88.438,6.188,-5.812,-34.688
25085779,BNO_MAG_UC,1507,-4300,0,24.062,-9.562,-86.750,6.188,-5.812,-34.688
25096077,BNO_MAG_UC,1508,-5800,0,24.438,-8.812,-87.625,6.188,-5.812,-34.688
25117107,BNO_MAG_UC,1509,-5100,0,25.188,-8.812,-87.625,6.188,-5.812,-34.688
25126055,BNO_MAG_UC,1510,-4900,0,26.688,-8.500,-85.812,6.188,-5.812,-34.688
25137035,BNO_MAG_UC,1511,-5800,0,25.938,-9.188,-84.875,6.188,-5.812,-34.688
25146281,BNO_MAG_UC,1512,-4500,0,29.250,-9.500,-84.938,6.188,-5.812,-34.688
25166334,BNO_MAG_UC,1513,-4500,0,30.688,-9.875,-84.000,6.188,-5.812,-34.688
25177151,BNO_MAG_UC,1514,-5600,0,31.812,-8.062,-83.562,6.188,-5.812,-34.688
25206031,BNO_MAG_UC,1515,-4700,0,37.750,-9.125,-79.938,6.188,-5.812,-34.688
25216831,BNO_MAG_UC,1516,-5800,0,39.188,-8.062,-79.125,6.188,-5.812,-34.688
25226475,BNO_MAG_UC,1517,-4900,0,40.688,-9.062,-77.312,6.188,-5.812,-34.688
25246275,BNO_MAG_UC,1518,-5100,0,42.875,-8.375,-74.625,6.188,-5.812,-34.688
25257089,BNO_MAG_UC,1519,-5600,0,43.938,-8.750,-73.688,6.188,-5.812,-34.688
25266584,BNO_MAG_UC,1520,-4700,0,45.062,-8.750,-72.375,6.188,-5.812,-34.688
25287049,BNO_MAG_UC,1521,-5100,0,47.250,-8.000,-70.562,6.188,-5.812,-34.688
25295863,BNO_MAG_UC,1522,-4700,0,48.312,-9.062,-68.250,6.188,-5.812,-34.688
25306701,BNO_MAG_UC,1523,-5400,0,50.125,-9.750,-66.438,6.188,-5.812,-34.688
25326875,BNO_MAG_UC,1524,-4700,0,52.000,-8.375,-63.812,6.188,-5.812,-34.688
25336210,BNO_MAG_UC,1525,-4900,0,53.062,-8.000,-60.625,6.188,-5.812,-34.688
25366325,BNO_MAG_UC,1526,-4700,0,55.625,-6.938,-50.625,6.188,-5.812,-34.688
25377304,BNO_MAG_UC,1527,-5800,0,57.438,-5.938,-46.125,6.188,-5.812,-34.688
25407463,BNO_MAG_UC,1528,-5500,0,59.562,-4.188,-33.438,6.188,-5.812,-34.688
25416445,BNO_MAG_UC,1529,-4900,0,59.875,-4.250,-27.625,6.188,-5.812,-34.688
25427218,BNO_MAG_UC,1530,-5600,0,59.500,-3.562,-22.625,6.188,-5.812,-34.688
25447272,BNO_MAG_UC,1531,-5800,0,58.312,-6.062,-12.562,6.188,-5.812,-34.688
25456550,BNO_MAG_UC,1532,-4900,0,56.812,-6.125,-8.062,6.188,-5.812,-34.688
25467387,BNO_MAG_UC,1533,-5800,0,55.312,-6.125,-5.750,6.188,-5.812,-34.688
25487463,BNO_MAG_UC,1534,-5800,0,51.188,-9.000,-2.562,6.188,-5.812,-34.688
25496704,BNO_MAG_UC,1535,-4700,0,50.812,-9.062,-0.750,6.188,-5.812,-34.688
25528173,BNO_MAG_UC,1536,-5500,0,51.562,-10.438,-3.500,6.188,-5.812,-34.688
25536901,BNO_MAG_UC,1537,-4700,0,53.438,-7.562,-8.062,6.188,-5.812,-34.688
25568021,BNO_MAG_UC,1538,-5600,0,58.312,-5.000,-18.500,6.188,-5.812,-34.688
25576978,BNO_MAG_UC,1539,-4300,0,59.875,-3.875,-22.188,6.188,-5.812,-34.688
25608251,BNO_MAG_UC,1540,-5800,0,62.562,-1.000,-35.312,6.188,-5.812,-34.688
25617136,BNO_MAG_UC,1541,-4500,0,61.438,-0.625,-38.062,6.188,-5.812,-34.688
25648235,BNO_MAG_UC,1542,-5600,0,61.562,-1.625,-51.688,6.188,-5.812,-34.688
25657278,BNO_MAG_UC,1543,-4300,0,60.125,-2.312,-55.250,6.188,-5.812,-34.688
25688214,BNO_MAG_UC,1544,-5100,0,52.438,-4.438,-70.625,6.188,-5.812,-34.688
25697196,BNO_MAG_UC,1545,-4900,0,48.750,-5.875,-72.875,6.188,-5.812,-34.688
25728424,BNO_MAG_UC,1546,-5800,0,39.250,-9.438,-82.750,6.188,-5.812,-34.688
25737435,BNO_MAG_UC,1547,-4500,0,36.562,-9.438,-82.688,6.188,-5.812,-34.688
25768481,BNO_MAG_UC,1548,-5800,0,26.250,-12.688,-88.438,6.188,-5.812,-34.688
25777605,BNO_MAG_UC,1549,-4500,0,22.250,-13.062,-88.875,6.188,-5.812,-34.688
25808378,BNO_MAG_UC,1550,-5100,0,14.875,-10.688,-92.500,6.188,-5.812,-34.688
25817465,BNO_MAG_UC,1551,-4900,0,13.062,-10.312,-90.688,6.188,-5.812,-34.688
25848493,BNO_MAG_UC,1552,-5300,0,12.312,-12.125,-91.562,6.188,-5.812,-34.688
25857368,BNO_MAG_UC,1553,-4700,0,10.438,-12.812,-92.438,6.188,-5.812,-34.688
25868299,BNO_MAG_UC,1554,-5800,0,10.438,-12.812,-92.938,6.188,-5.812,-34.688
25897908,BNO_MAG_UC,1555,-5100,0,11.188,-12.500,-91.500,6.188,-5.812,-34.688
25928781,BNO_MAG_UC,1556,-5300,0,7.875,-12.875,-93.750,6.188,-5.812,-34.688
25937524,BNO_MAG_UC,1557,-4500,0,9.375,-11.750,-92.438,6.188,-5.812,-34.688
25948344,BNO_MAG_UC,1558,-5800,0,9.688,-13.562,-92.438,6.188,-5.812,-34.688
25958015,BNO_MAG_UC,1559,-5100,0,9.750,-13.188,-92.938,6.188,-5.812,-34.688
25978093,BNO_MAG_UC,1560,-4500,0,10.500,-12.500,-93.312,6.188,-5.812,-34.688
26008863,BNO_MAG_UC,1561,-4900,0,10.812,-13.562,-92.000,6.188,-5.812,-34.688
26017640,BNO_MAG_UC,1562,-4500,0,10.812,-12.812,-92.438,6.188,-5.812,-34.688
26028602,BNO_MAG_UC,1563,-6000,0,10.125,-13.188,-93.312,6.188,-5.812,-34.688
26038171,BNO_MAG_UC,1564,-4700,0,10.125,-13.188,-93.812,6.188,-5.812,-34.688
26058113,BNO_MAG_UC,1565,-4500,0,11.188,-12.500,-91.125,6.188,-5.812,-34.688
26068700,BNO_MAG_UC,1566,-5600,0,10.438,-13.500,-93.312,6.188,-5.812,-34.688
26098132,BNO_MAG_UC,1567,-4300,0,10.125,-11.062,-92.000,6.188,-5.812,-34.688
26108925,BNO_MAG_UC,1568,-5600,0,8.625,-13.188,-92.875,6.188,-5.812,-34.688
26118426,BNO_MAG_UC,1569,-4700,0,6.750,-12.500,-91.500,6.188,-5.812,-34.688
26138713,BNO_MAG_UC,1570,-5100,0,2.375,-12.188,-92.375,6.188,-5.812,-34.688
26148603,BNO_MAG_UC,1571,-5100,0,-1.312,-13.312,-92.375,6.188,-5.812,-34.688
26158628,BNO_MAG_UC,1572,-5400,0,-6.125,-12.625,-90.500,6.188,-5.812,-34.688
26178235,BNO_MAG_UC,1573,-5100,0,-16.875,-13.500,-84.125,6.188,-5.812,-34.688
26189188,BNO_MAG_UC,1574,-5600,0,-21.688,-14.938,-80.438,6.188,-5.812,-34.688
26198644,BNO_MAG_UC,1575,-4900,0,-26.500,-17.125,-76.250,6.188,-5.812,-34.688
26219063,BNO_MAG_UC,1576,-5100,0,-33.938,-18.312,-68.062,6.188,-5.812,-34.688
26228091,BNO_MAG_UC,1577,-4900,0,-36.188,-19.438,-65.250,6.188,-5.812,-34.688
26258895,BNO_MAG_UC,1578,-5100,0,-41.500,-19.125,-57.562,6.188,-5.812,-34.688
26268237,BNO_MAG_UC,1579,-5100,0,-42.188,-18.438,-56.625,6.188,-5.812,-34.688
26298265,BNO_MAG_UC,1580,-4500,0,-42.625,-18.125,-52.125,6.188,-5.812,-34.688
26309587,BNO_MAG_UC,1581,-5600,0,-43.312,-17.750,-53.000,6.188,-5.812,-34.688
26339294,BNO_MAG_UC,1582,-4900,0,-41.875,-18.812,-52.562,6.188,-5.812,-34.688
26348601,BNO_MAG_UC,1583,-4900,0,-42.250,-19.188,-53.062,6.188,-5.812,-34.688
26359391,BNO_MAG_UC,1584,-5600,0,-42.250,-18.125,-52.125,6.188,-5.812,-34.688
26379490,BNO_MAG_UC,1585,-6000,0,-43.000,-20.250,-53.438,6.188,-5.812,-34.688
26388728,BNO_MAG_UC,1586,-4900,0,-42.250,-19.188,-52.125,6.188,-5.812,-34.688
26399496,BNO_MAG_UC,1587,-5800,0,-42.250,-17.438,-52.562,6.188,-5.812,-34.688
26419621,BNO_MAG_UC,1588,-6000,0,-41.500,-20.250,-53.438,6.188,-5.812,-34.688
26428879,BNO_MAG_UC,1589,-4900,0,-41.875,-19.875,-53.438,6.188,-5.812,-34.688
26439678,BNO_MAG_UC,1590,-5800,0,-41.875,-19.188,-55.250,6.188,-5.812,-34.688
26459512,BNO_MAG_UC,1591,-5600,0,-41.125,-20.562,-53.438,6.188,-5.812,-34.688
26468930,BNO_MAG_UC,1592,-4900,0,-41.500,-20.562,-55.250,6.188,-5.812,-34.688
26500309,BNO_MAG_UC,1593,-5500,0,-41.125,-20.938,-54.812,6.188,-5.812,-34.688
26509177,BNO_MAG_UC,1594,-4700,0,-40.375,-20.562,-55.250,6.188,-5.812,-34.688
26520068,BNO_MAG_UC,1595,-5800,0,-41.125,-20.250,-54.812,6.188,-5.812,-34.688
26540031,BNO_MAG_UC,1596,-6000,0,-41.500,-20.562,-55.250,6.188,-5.812,-34.688
26549193,BNO_MAG_UC,1597,-4700,0,-41.125,-21.250,-56.188,6.188,-5.812,-34.688
26580214,BNO_MAG_UC,1598,-5400,0,-41.125,-19.875,-54.812,6.188,-5.812,-34.688
26589405,BNO_MAG_UC,1599,-4500,0,-41.500,-18.812,-56.250,6.188,-5.812,-34.688
26620256,BNO_MAG_UC,1600,-5100,0,-41.125,-20.562,-56.125,6.188,-5.812,-34.688
26629417,BNO_MAG_UC,1601,-5100,0,-40.375,-19.875,-56.625,6.188,-5.812,-34.688
26660214,BNO_MAG_UC,1602,-5300,0,-41.500,-18.812,-55.750,6.188,-5.812,-34.688
26669424,BNO_MAG_UC,1603,-5100,0,-41.438,-17.750,-57.125,6.188,-5.812,-34.688
26700765,BNO_MAG_UC,1604,-5500,0,-41.125,-18.812,-57.125,6.188,-5.812,-34.688
26709911,BNO_MAG_UC,1605,-5300,0,-39.250,-18.750,-58.938,6.188,-5.812,-34.688
26719834,BNO_MAG_UC,1606,-5100,0,-39.562,-18.062,-62.562,6.188,-5.812,-34.688
26749780,BNO_MAG_UC,1607,-4900,0,-36.938,-17.312,-67.125,6.188,-5.812,-34.688
26780941,BNO_MAG_UC,1608,-5300,0,-27.938,-14.000,-78.500,6.188,-5.812,-34.688
26790065,BNO_MAG_UC,1609,-4900,0,-24.562,-12.500,-83.562,6.188,-5.812,-34.688
26800163,BNO_MAG_UC,1610,-5400,0,-19.750,-9.625,-86.312,6.188,-5.812,-34.688
26829833,BNO_MAG_UC,1611,-4900,0,-7.562,-9.500,-90.938,6.188,-5.812,-34.688
26869782,BNO_MAG_UC,1612,-5100,0,1.688,-10.812,-94.625,6.188,-5.812,-34.688
26880640,BNO_MAG_UC,1613,-5800,0,3.500,-11.500,-93.250,6.188,-5.812,-34.688
26890130,BNO_MAG_UC,1614,-4900,0,5.688,-12.500,-94.688,6.188,-5.812,-34.688
26909890,BNO_MAG_UC,1615,-5100,0,7.938,-11.750,-95.625,6.188,-5.812,-34.688
26920690,BNO_MAG_UC,1616,-5800,0,9.375,-13.188,-95.125,6.188,-5.812,-34.688
26930295,BNO_MAG_UC,1617,-4900,0,9.000,-13.875,-95.625,6.188,-5.812,-34.688
26950272,BNO_MAG_UC,1618,-4500,0,9.750,-13.500,-94.250,6.188,-5.812,-34.688
26989770,BNO_MAG_UC,1619,-4700,0,9.000,-14.625,-93.750,6.188,-5.812,-34.688
27000776,BNO_MAG_UC,1620,-5800,0,10.438,-14.250,-92.938,6.188,-5.812,-34.688
27009845,BNO_MAG_UC,1621,-5100,0,10.438,-15.625,-93.312,6.188,-5.812,-34.688
27029775,BNO_MAG_UC,1622,-4500,0,10.812,-14.250,-94.250,6.188,-5.812,-34.688
27040975,BNO_MAG_UC,1623,-5600,0,11.188,-15.250,-94.188,6.188,-5.812,-34.688
27070354,BNO_MAG_UC,1624,-5100,0,10.812,-14.250,-92.000,6.188,-5.812,-34.688
27081292,BNO_MAG_UC,1625,-6000,0,11.562,-14.250,-93.312,6.188,-5.812,-34.688
27090599,BNO_MAG_UC,1626,-4700,0,12.312,-15.250,-93.312,6.188,-5.812,-34.688
27111037,BNO_MAG_UC,1627,-4900,0,13.375,-14.938,-92.938,6.188,-5.812,-34.688
27120909,BNO_MAG_UC,1628,-5300,0,14.875,-14.562,-93.375,6.188,-5.812,-34.688
27130790,BNO_MAG_UC,1629,-5400,0,15.625,-13.500,-93.375,6.188,-5.812,-34.688
27150589,BNO_MAG_UC,1630,-4300,0,19.312,-13.438,-92.438,6.188,-5.812,-34.688
27161525,BNO_MAG_UC,1631,-5800,0,18.562,-12.750,-92.500,6.188,-5.812,-34.688
27170870,BNO_MAG_UC,1632,-4500,0,20.750,-13.062,-93.000,6.188,-5.812,-34.688
27191180,BNO_MAG_UC,1633,-5600,0,24.062,-12.688,-92.062,6.188,-5.812,-34.688
27200427,BNO_MAG_UC,1634,-4900,0,24.812,-12.000,-91.625,6.188,-5.812,-34.688
27211206,BNO_MAG_UC,1635,-5600,0,28.188,-10.188,-92.125,6.188,-5.812,-34.688
27231371,BNO_MAG_UC,1636,-5800,0,34.750,-9.812,-88.062,6.188,-5.812,-34.688
27240572,BNO_MAG_UC,1637,-4900,0,38.875,-9.438,-84.938,6.188,-5.812,-34.688
27251375,BNO_MAG_UC,1638,-5600,0,41.812,-7.625,-83.188,6.188,-5.812,-34.688
27271350,BNO_MAG_UC,1639,-5600,0,53.875,-9.688,-73.312,6.188,-5.812,-34.688
27280681,BNO_MAG_UC,1640,-4900,0,57.188,-9.688,-69.688,6.188,-5.812,-34.688
27291556,BNO_MAG_UC,1641,-5800,0,62.688,-9.312,-65.125,6.188,-5.812,-34.688
27311612,BNO_MAG_UC,1642,-5800,0,68.875,-9.625,-53.875,6.188,-5.812,-34.688
27320783,BNO_MAG_UC,1643,-5100,0,72.125,-8.562,-48.062,6.188,-5.812,-34.688
27331635,BNO_MAG_UC,1644,-5600,0,72.500,-9.312,-45.312,6.188,-5.812,-34.688
27351708,BNO_MAG_UC,1645,-5800,0,76.188,-9.688,-36.750,6.188,-5.812,-34.688
27360808,BNO_MAG_UC,1646,-4700,0,77.625,-8.625,-33.562,6.188,-5.812,-34.688
27392176,BNO_MAG_UC,1647,-6000,0,79.375,-8.625,-24.562,6.188,-5.812,-34.688
27401032,BNO_MAG_UC,1648,-4500,0,79.438,-6.188,-21.812,6.188,-5.812,-34.688
27411952,BNO_MAG_UC,1649,-5800,0,78.625,-8.312,-20.438,6.188,-5.812,-34.688
27432005,BNO_MAG_UC,1650,-6000,0,76.750,-7.688,-15.000,6.188,-5.812,-34.688
27441153,BNO_MAG_UC,1651,-4700,0,75.625,-7.688,-11.812,6.188,-5.812,-34.688
27472143,BNO_MAG_UC,1652,-4900,0,72.562,-10.188,-9.500,6.188,-5.812,-34.688
27481310,BNO_MAG_UC,1653,-4900,0,71.875,-10.562,-9.125,6.188,-5.812,-34.688
27512135,BNO_MAG_UC,1654,-4900,0,70.750,-10.938,-8.125,6.188,-5.812,-34.688
27521307,BNO_MAG_UC,1655,-4900,0,70.312,-13.062,-8.125,6.188,-5.812,-34.688
27552483,BNO_MAG_UC,1656,-5800,0,69.250,-12.688,-8.125,6.188,-5.812,-34.688
27561675,BNO_MAG_UC,1657,-4700,0,70.750,-12.312,-9.000,6.188,-5.812,-34.688
27592422,BNO_MAG_UC,1658,-4700,0,69.250,-14.125,-11.250,6.188,-5.812,-34.688
27601565,BNO_MAG_UC,1659,-4900,0,69.250,-13.750,-11.250,6.188,-5.812,-34.688
27632717,BNO_MAG_UC,1660,-5500,0,69.625,-14.062,-12.625,6.188,-5.812,-34.688
27641756,BNO_MAG_UC,1661,-5100,0,70.375,-13.750,-13.562,6.188,-5.812,-34.688
27672768,BNO_MAG_UC,1662,-5300,0,71.125,-14.062,-18.062,6.188,-5.812,-34.688
27681982,BNO_MAG_UC,1663,-5100,0,71.562,-11.938,-19.938,6.188,-5.812,-34.688
27692063,BNO_MAG_UC,1664,-5300,0,72.688,-11.562,-21.750,6.188,-5.812,-34.688
27702161,BNO_MAG_UC,1665,-5400,0,73.750,-12.250,-21.750,6.188,-5.812,-34.688
27721762,BNO_MAG_UC,1666,-5300,0,74.188,-11.875,-26.750,6.188,-5.812,-34.688
27752762,BNO_MAG_UC,1667,-5300,0,75.000,-9.688,-33.562,6.188,-5.812,-34.688
27761936,BNO_MAG_UC,1668,-5100,0,76.562,-7.875,-37.688,6.188,-5.812,-34.688
27792943,BNO_MAG_UC,1669,-5300,0,76.625,-6.062,-48.125,6.188,-5.812,-34.688
27802101,BNO_MAG_UC,1670,-5100,0,74.000,-6.062,-49.938,6.188,-5.812,-34.688
27833076,BNO_MAG_UC,1671,-5300,0,71.188,-3.938,-60.812,6.188,-5.812,-34.688
27842117,BNO_MAG_UC,1672,-5100,0,68.250,-4.625,-66.188,6.188,-5.812,-34.688
27852981,BNO_MAG_UC,1673,-5800,0,65.375,-3.625,-70.625,6.188,-5.812,-34.688
27862399,BNO_MAG_UC,1674,-4700,0,62.812,-3.938,-76.062,6.188,-5.812,-34.688
27882079,BNO_MAG_UC,1675,-5100,0,51.062,-4.000,-84.625,6.188,-5.812,-34.688
27892981,BNO_MAG_UC,1676,-5800,0,47.375,-6.125,-87.750,6.188,-5.812,-34.688
27902559,BNO_MAG_UC,1677,-4900,0,42.625,-6.875,-89.500,6.188,-5.812,-34.688
27922267,BNO_MAG_UC,1678,-5100,0,35.562,-8.000,-93.125,6.188,-5.812,-34.688
27933131,BNO_MAG_UC,1679,-5800,0,32.938,-8.750,-91.250,6.188,-5.812,-34.688
27942564,BNO_MAG_UC,1680,-4500,0,30.375,-8.750,-94.000,6.188,-5.812,-34.688
27962767,BNO_MAG_UC,1681,-4900,0,23.750,-10.562,-93.438,6.188,-5.812,-34.688
27972601,BNO_MAG_UC,1682,-4900,0,21.188,-12.000,-95.688,6.188,-5.812,-34.688
28003035,BNO_MAG_UC,1683,-5100,0,14.562,-12.062,-97.000,6.188,-5.812,-34.688
28012051,BNO_MAG_UC,1684,-5100,0,13.438,-11.688,-97.375,6.188,-5.812,-34.688
28022948,BNO_MAG_UC,1685,-5400,0,10.500,-12.125,-96.938,6.188,-5.812,-34.688
28043254,BNO_MAG_UC,1686,-5800,0,8.625,-13.188,-97.812,6.188,-5.812,-34.688
28052092,BNO_MAG_UC,1687,-4700,0,9.375,-12.812,-96.938,6.188,-5.812,-34.688
28082808,BNO_MAG_UC,1688,-5100,0,7.938,-12.125,-98.312,6.188,-5.812,-34.688
28093715,BNO_MAG_UC,1689,-6000,0,7.250,-10.000,-98.750,6.188,-5.812,-34.688
28102702,BNO_MAG_UC,1690,-4300,0,7.250,-10.000,-98.750,6.188,-5.812,-34.688
28123168,BNO_MAG_UC,1691,-5100,0,7.188,-10.688,-98.312,6.188,-5.812,-34.688
28132498,BNO_MAG_UC,1692,-5300,0,6.812,-10.000,-95.625,6.188,-5.812,-34.688
28143329,BNO_MAG_UC,1693,-5600,0,5.688,-11.812,-97.375,6.188,-5.812,-34.688
28163050,BNO_MAG_UC,1694,-5300,0,5.750,-10.000,-98.312,6.188,-5.812,-34.688
28172696,BNO_MAG_UC,1695,-5100,0,5.750,-11.438,-97.812,6.188,-5.812,-34.688
28183502,BNO_MAG_UC,1696,-5600,0,3.500,-12.500,-97.375,6.188,-5.812,-34.688
28203689,BNO_MAG_UC,1697,-5800,0,3.500,-11.812,-96.062,6.188,-5.812,-34.688
28212781,BNO_MAG_UC,1698,-4700,0,2.375,-13.250,-97.375,6.188,-5.812,-34.688
28223618,BNO_MAG_UC,1699,-5600,0,2.062,-11.125,-98.250,6.188,-5.812,-34.688
28243682,BNO_MAG_UC,1700,-6000,0,1.250,-12.875,-96.438,6.188,-5.812,-34.688
28252883,BNO_MAG_UC,1701,-4700,0,-2.062,-14.375,-95.062,6.188,-5.812,-34.688
28263715,BNO_MAG_UC,1702,-5800,0,-3.562,-13.688,-94.062,6.188,-5.812,-34.688
28283734,BNO_MAG_UC,1703,-6000,0,-9.812,-16.875,-93.125,6.188,-5.812,-34.688
28293013,BNO_MAG_UC,1704,-4900,0,-12.812,-16.250,-89.500,6.188,-5.812,-34.688
28303920,BNO_MAG_UC,1705,-5800,0,-16.500,-16.625,-88.562,6.188,-5.812,-34.688
28324060,BNO_MAG_UC,1706,-6000,0,-22.812,-16.750,-83.562,6.188,-5.812,-34.688
28333051,BNO_MAG_UC,1707,-4700,0,-26.500,-16.750,-80.750,6.188,-5.812,-34.688
28364229,BNO_MAG_UC,1708,-5800,0,-32.812,-16.875,-72.562,6.188,-5.812,-34.688
28373263,BNO_MAG_UC,1709,-4700,0,-34.688,-17.625,-70.750,6.188,-5.812,-34.688
28404422,BNO_MAG_UC,1710,-5800,0,-39.188,-16.625,-63.438,6.188,-5.812,-34.688
28413436,BNO_MAG_UC,1711,-4500,0,-40.312,-17.375,-62.125,6.188,-5.812,-34.688
28444497,BNO_MAG_UC,1712,-5100,0,-42.188,-17.000,-60.750,6.188,-5.812,-34.688
28453420,BNO_MAG_UC,1713,-4900,0,-41.438,-17.375,-59.375,6.188,-5.812,-34.688
28484622,BNO_MAG_UC,1714,-5800,0,-42.188,-16.312,-60.250,6.188,-5.812,-34.688
28493785,BNO_MAG_UC,1715,-4500,0,-40.312,-17.688,-61.625,6.188,-5.812,-34.688
28503857,BNO_MAG_UC,1716,-5300,0,-41.812,-17.375,-61.188,6.188,-5.812,-34.688
28533822,BNO_MAG_UC,1717,-4900,0,-39.938,-17.000,-63.938,6.188,-5.812,-34.688
28543990,BNO_MAG_UC,1718,-5300,0,-39.188,-16.625,-67.062,6.188,-5.812,-34.688
28573724,BNO_MAG_UC,1719,-4900,0,-36.875,-15.500,-69.812,6.188,-5.812,-34.688
28604775,BNO_MAG_UC,1720,-5800,0,-33.125,-15.125,-75.312,6.188,-5.812,-34.688
28614058,BNO_MAG_UC,1721,-4700,0,-30.562,-15.062,-78.062,6.188,-5.812,-34.688
28624152,BNO_MAG_UC,1722,-5300,0,-29.062,-14.312,-79.438,6.188,-5.812,-34.688
28654156,BNO_MAG_UC,1723,-4900,0,-18.688,-11.000,-86.812,6.188,-5.812,-34.688
28664256,BNO_MAG_UC,1724,-5100,0,-16.438,-9.938,-87.688,6.188,-5.812,-34.688
28694151,BNO_MAG_UC,1725,-5100,0,-2.375,-8.375,-90.938,6.188,-5.812,-34.688
28725495,BNO_MAG_UC,1726,-5500,0,14.562,-5.062,-89.750,6.188,-5.812,-34.688
28734606,BNO_MAG_UC,1727,-5300,0,18.250,-4.312,-88.875,6.188,-5.812,-34.688
28744472,BNO_MAG_UC,1728,-5300,0,25.625,-3.562,-87.188,6.188,-5.812,-34.688
28754371,BNO_MAG_UC,1729,-5400,0,29.688,-2.812,-84.938,6.188,-5.812,-34.688
28774170,BNO_MAG_UC,1730,-5300,0,40.000,-1.375,-74.562,6.188,-5.812,-34.688
28785018,BNO_MAG_UC,1731,-5800,0,43.625,-2.750,-72.312,6.188,-5.812,-34.688
28794445,BNO_MAG_UC,1732,-4900,0,48.750,-2.000,-68.312,6.188,-5.812,-34.688
28814299,BNO_MAG_UC,1733,-4300,0,54.938,-3.750,-58.812,6.188,-5.812,-34.688
28825204,BNO_MAG_UC,1734,-5600,0,55.312,-3.438,-56.125,6.188,-5.812,-34.688
28834547,BNO_MAG_UC,1735,-4700,0,56.750,-1.688,-51.125,6.188,-5.812,-34.688
28854498,BNO_MAG_UC,1736,-4500,0,60.000,-1.312,-41.250,6.188,-5.812,-34.688
28865424,BNO_MAG_UC,1737,-5600,0,60.750,-0.312,-38.000,6.188,-5.812,-34.688
28874562,BNO_MAG_UC,1738,-4500,0,60.000,1.125,-34.000,6.188,-5.812,-34.688
28894647,BNO_MAG_UC,1739,-4700,0,59.938,1.812,-30.312,6.188,-5.812,-34.688
28904766,BNO_MAG_UC,1740,-5300,0,61.438,1.062,-27.188,6.188,-5.812,-34.688
28914717,BNO_MAG_UC,1741,-5400,0,62.188,3.188,-27.188,6.188,-5.812,-34.688
28934338,BNO_MAG_UC,1742,-4700,0,60.688,3.188,-25.375,6.188,-5.812,-34.688
28945288,BNO_MAG_UC,1743,-5600,0,61.062,3.875,-27.188,6.188,-5.812,-34.688
28954787,BNO_MAG_UC,1744,-4700,0,60.312,2.500,-27.188,6.188,-5.812,-34.688
28975224,BNO_MAG_UC,1745,-5100,0,59.625,3.188,-28.500,6.188,-5.812,-34.688
28985089,BNO_MAG_UC,1746,-5100,0,59.938,1.062,-29.875,6.188,-5.812,-34.688
29014292,BNO_MAG_UC,1747,-4700,0,60.000,2.125,-32.188,6.188,-5.812,-34.688
29025429,BNO_MAG_UC,1748,-5600,0,60.375,2.500,-34.938,6.188,-5.812,-34.688
29055487,BNO_MAG_UC,1749,-5100,0,59.312,2.875,-42.125,6.188,-5.812,-34.688
29064563,BNO_MAG_UC,1750,-4900,0,58.938,2.562,-44.375,6.188,-5.812,-34.688
29075315,BNO_MAG_UC,1751,-5600,0,57.875,1.875,-46.188,6.188,-5.812,-34.688
29095770,BNO_MAG_UC,1752,-6200,0,58.250,1.500,-51.188,6.188,-5.812,-34.688
29104622,BNO_MAG_UC,1753,-4900,0,58.312,2.625,-53.500,6.188,-5.812,-34.688
29135920,BNO_MAG_UC,1754,-5800,0,55.750,0.125,-61.562,6.188,-5.812,-34.688
29145049,BNO_MAG_UC,1755,-4500,0,53.562,-0.250,-62.938,6.188,-5.812,-34.688
29175486,BNO_MAG_UC,1756,-4900,0,51.000,-2.000,-70.125,6.188,-5.812,-34.688
29185140,BNO_MAG_UC,1757,-5100,0,49.500,-3.750,-72.812,6.188,-5.812,-34.688
29195910,BNO_MAG_UC,1758,-5800,0,48.062,-3.375,-72.812,6.188,-5.812,-34.688
29215974,BNO_MAG_UC,1759,-6000,0,45.500,-4.438,-76.875,6.188,-5.812,-34.688
29225174,BNO_MAG_UC,1760,-4700,0,44.375,-6.250,-79.188,6.188,-5.812,-34.688
29256062,BNO_MAG_UC,1761,-4900,0,39.250,-4.812,-84.562,6.188,-5.812,-34.688
29265246,BNO_MAG_UC,1762,-5100,0,37.750,-5.188,-84.562,6.188,-5.812,-34.688
29296472,BNO_MAG_UC,1763,-5800,0,31.875,-4.188,-88.062,6.188,-5.812,-34.688
29305442,BNO_MAG_UC,1764,-4700,0,30.438,-4.562,-88.938,6.188,-5.812,-34.688
29336525,BNO_MAG_UC,1765,-5100,0,25.250,-5.312,-90.812,6.188,-5.812,-34.688
29345607,BNO_MAG_UC,1766,-5100,0,23.438,-4.938,-91.250,6.188,-5.812,-34.688
29376568,BNO_MAG_UC,1767,-6200,0,20.875,-4.250,-92.125,6.188,-5.812,-34.688
29385657,BNO_MAG_UC,1768,-4500,0,19.000,-5.312,-92.938,6.188,-5.812,-34.688
29416638,BNO_MAG_UC,1769,-5100,0,17.188,-3.562,-93.438,6.188,-5.812,-34.688
29425652,BNO_MAG_UC,1770,-5100,0,15.750,-1.812,-91.625,6.188,-5.812,-34.688
29456865,BNO_MAG_UC,1771,-5300,0,13.500,-4.312,-93.375,6.188,-5.812,-34.688
29465816,BNO_MAG_UC,1772,-4900,0,14.250,-4.312,-93.875,6.188,-5.812,-34.688
29496885,BNO_MAG_UC,1773,-5100,0,12.438,-2.938,-94.750,6.188,-5.812,-34.688
29505906,BNO_MAG_UC,1774,-4900,0,11.688,-3.625,-93.875,6.188,-5.812,-34.688
29537249,BNO_MAG_UC,1775,-5500,0,10.938,-4.000,-92.938,6.188,-5.812,-34.688
29546213,BNO_MAG_UC,1776,-5300,0,10.938,-3.312,-94.312,6.188,-5.812,-34.688
29556228,BNO_MAG_UC,1777,-5100,0,11.688,-3.312,-93.875,6.188,-5.812,-34.688
29566362,BNO_MAG_UC,1778,-5400,0,12.062,-2.188,-95.188,6.188,-5.812,-34.688
29585915,BNO_MAG_UC,1779,-4900,0,12.438,-3.625,-94.812,6.188,-5.812,-34.688
29596515,BNO_MAG_UC,1780,-5600,0,12.438,-3.625,-94.812,6.188,-5.812,-34.688
29626181,BNO_MAG_UC,1781,-4900,0,12.375,-4.688,-93.375,6.188,-5.812,-34.688
29666395,BNO_MAG_UC,1782,-5100,0,11.312,-2.938,-93.875,6.188,-5.812,-34.688
29706404,BNO_MAG_UC,1783,-5100,0,11.312,-4.000,-93.000,6.188,-5.812,-34.688
29717336,BNO_MAG_UC,1784,-5800,0,12.375,-4.000,-94.312,6.188,-5.812,-34.688
29726637,BNO_MAG_UC,1785,-4700,0,12.000,-4.312,-93.875,6.188,-5.812,-34.688
29745925,BNO_MAG_UC,1786,-4900,0,10.562,-4.000,-94.312,6.188,-5.812,-34.688
29757223,BNO_MAG_UC,1787,-6000,0,11.688,-2.938,-93.375,6.188,-5.812,-34.688
29766635,BNO_MAG_UC,1788,-4700,0,11.688,-4.000,-94.812,6.188,-5.812,-34.688
29786463,BNO_MAG_UC,1789,-5300,0,11.688,-3.312,-93.812,6.188,-5.812,-34.688
29797480,BNO_MAG_UC,1790,-5800,0,10.562,-3.625,-94.312,6.188,-5.812,-34.688
29806761,BNO_MAG_UC,1791,-4700,0,10.938,-2.562,-93.375,6.188,-5.812,-34.688
29826257,BNO_MAG_UC,1792,-4900,0,11.312,-4.000,-93.375,6.188,-5.812,-34.688
29837543,BNO_MAG_UC,1793,-5800,0,11.688,-3.625,-94.312,6.188,-5.812,-34.688
29846912,BNO_MAG_UC,1794,-4900,0,11.312,-4.000,-93.375,6.188,-5.812,-34.688
29866106,BNO_MAG_UC,1795,-4500,0,11.688,-4.000,-93.875,6.188,-5.812,-34.688
29877474,BNO_MAG_UC,1796,-5600,0,10.562,-3.625,-94.312,6.188,-5.812,-34.688
29887016,BNO_MAG_UC,1797,-4900,0,10.188,-3.625,-93.875,6.188,-5.812,-34.688
29907262,BNO_MAG_UC,1798,-5600,0,10.188,-2.562,-93.875,6.188,-5.812,-34.688
29916499,BNO_MAG_UC,1799,-5100,0,11.688,-4.688,-93.875,6.188,-5.812,-34.688
29927392,BNO_MAG_UC,1800,-5600,0,10.562,-4.375,-94.812,6.188,-5.812,-34.688
29947338,BNO_MAG_UC,1801,-5600,0,9.438,-3.625,-95.188,6.188,-5.812,-34.688
29956454,BNO_MAG_UC,1802,-4900,0,10.562,-3.625,-93.875,6.188,-5.812,-34.688
29987451,BNO_MAG_UC,1803,-5400,0,9.438,-4.000,-94.312,6.188,-5.812,-34.688
29996669,BNO_MAG_UC,1804,-4900,0,9.438,-5.438,-94.250,6.188,-5.812,-34.688
30006924,BNO_MAG_UC,1805,-5400,0,7.938,-5.438,-93.812,6.188,-5.812,-34.688
30027264,BNO_MAG_UC,1806,-4900,0,7.625,-5.062,-93.812,6.188,-5.812,-34.688
30036929,BNO_MAG_UC,1807,-5100,0,6.125,-6.188,-93.312,6.188,-5.812,-34.688
30047750,BNO_MAG_UC,1808,-5800,0,3.875,-7.250,-93.750,6.188,-5.812,-34.688
30067592,BNO_MAG_UC,1809,-5800,0,-1.688,-9.750,-91.438,6.188,-5.812,-34.688
30077046,BNO_MAG_UC,1810,-5100,0,-6.875,-11.250,-89.562,6.188,-5.812,-34.688
30087954,BNO_MAG_UC,1811,-6000,0,-13.875,-13.812,-87.688,6.188,-5.812,-34.688
30108100,BNO_MAG_UC,1812,-5700,0,-25.000,-15.000,-79.438,6.188,-5.812,-34.688
30117126,BNO_MAG_UC,1813,-4900,0,-30.562,-14.750,-74.875,6.188,-5.812,-34.688
30148172,BNO_MAG_UC,1814,-5300,0,-38.812,-15.562,-64.875,6.188,-5.812,-34.688
30157302,BNO_MAG_UC,1815,-5100,0,-39.938,-16.312,-61.250,6.188,-5.812,-34.688
30188319,BNO_MAG_UC,1816,-5100,0,-42.188,-16.312,-59.875,6.188,-5.812,-34.688
30197374,BNO_MAG_UC,1817,-4900,0,-42.500,-16.000,-59.875,6.188,-5.812,-34.688
