t_us,tag,seq,bno_delay_us,status,ax,ay,az
200766,BNO_ACC,0,-700,2,-6.16797,-0.11328,7.47266
211199,BNO_ACC,1,-2000,2,-6.12891,-0.11328,7.39062
221611,BNO_ACC,2,-4400,2,-6.12891,-0.11328,7.35547
233470,BNO_ACC,3,-500,2,-6.20703,-0.15234,7.42969
242280,BNO_ACC,4,-900,2,-6.24219,-0.15234,7.46875
251335,BNO_ACC,5,-1800,2,-6.24219,-0.15234,7.43359
261708,BNO_ACC,6,-4200,2,-6.20703,-0.15234,7.39062
273666,BNO_ACC,7,-900,2,-6.20703,-0.11328,7.35547
281717,BNO_ACC,8,-500,2,-6.08984,-0.11328,7.47266
291747,BNO_ACC,9,-2300,2,-6.20703,-0.11328,7.42969
301887,BNO_ACC,10,-4500,2,-6.24219,-0.11328,7.35156
311417,BNO_ACC,11,-5700,2,-6.20703,-0.15234,7.31641
313039,BNO_ACC,12,-500,2,-6.24219,-0.19141,7.23438
322266,BNO_ACC,13,-700,2,-6.28125,-0.11328,7.31250
331356,BNO_ACC,14,-1500,2,-6.24219,-0.15234,7.50781
341778,BNO_ACC,15,-3800,2,-6.24219,-0.15234,7.50781
355003,BNO_ACC,16,-1200,2,-6.01562,-0.11328,7.50781
361977,BNO_ACC,17,-700,2,-5.93750,-0.07812,7.47266
372938,BNO_ACC,18,-3200,2,-5.70703,-0.15234,7.69922
381386,BNO_ACC,19,-3300,2,-6.01562,-0.23047,7.58984
391751,BNO_ACC,20,-5700,2,-5.78516,-0.11328,7.77344
393372,BNO_ACC,21,-500,2,-5.85938,-0.11328,7.77734
402783,BNO_ACC,22,-900,2,-5.89844,-0.03906,7.81250
412429,BNO_ACC,23,-2300,2,-6.01562,-0.11328,7.66016
422298,BNO_ACC,24,-4200,2,-5.70703,-0.19141,7.69531
432048,BNO_ACC,25,-5700,2,-5.89844,-0.38281,7.58594
433520,BNO_ACC,26,-500,2,-5.51562,-0.72656,7.89453
442668,BNO_ACC,27,-700,2,-5.28516,-1.14844,8.23438
452024,BNO_ACC,28,-1700,2,-5.55469,-0.42188,7.97266
461842,BNO_ACC,29,-3400,2,-6.05078,0.38281,7.66016
472203,BNO_ACC,30,-5700,2,-5.89844,0.19141,7.73438
473774,BNO_ACC,31,-700,2,-5.97656,0.34375,7.65625
482786,BNO_ACC,32,-700,2,-5.74609,0.07812,7.69922
492895,BNO_ACC,33,-2700,2,-5.55469,0.07812,7.81250
502591,BNO_ACC,34,-4200,2,-5.63281,-0.07812,7.89062
511239,BNO_ACC,35,-5100,2,-5.59375,-0.15234,7.89062
515189,BNO_ACC,36,-900,2,-5.70703,-0.23047,7.85156
522645,BNO_ACC,37,-700,2,-5.66797,-0.23047,7.77734
532723,BNO_ACC,38,-2500,2,-5.66797,-0.49609,7.65625
543746,BNO_ACC,39,-5400,2,-5.85938,-0.38281,7.85156
551537,BNO_ACC,40,-5000,2,-5.93750,-0.57422,8.03906
554190,BNO_ACC,41,-700,2,-5.63281,-0.84375,7.65625
562797,BNO_ACC,42,-500,2,-5.74609,-0.49609,7.69922
573041,BNO_ACC,43,-2300,2,-5.85938,-0.49609,7.73828
583012,BNO_ACC,44,-4100,2,-5.89844,-0.34375,7.66016
592543,BNO_ACC,45,-5600,2,-5.85938,0.00000,7.55078
594243,BNO_ACC,46,-500,2,-5.89844,0.30469,7.51172
603048,BNO_ACC,47,-700,2,-6.05078,0.26953,7.58594
613057,BNO_ACC,48,-2300,2,-5.93750,0.11328,7.81641
624187,BNO_ACC,49,-5400,2,-5.89844,0.15234,7.58594
632089,BNO_ACC,50,-5000,2,-5.78516,0.23047,7.66016
636353,BNO_ACC,51,-2500,2,-5.85938,0.15234,7.55078
643183,BNO_ACC,52,-700,2,-5.59375,-0.23047,7.58594
654205,BNO_ACC,53,-3200,2,-5.78516,-0.49609,7.92969
663471,BNO_ACC,54,-4500,2,-5.85938,-0.91797,7.62500
671884,BNO_ACC,55,-4700,2,-5.59375,-0.91797,7.97266
676801,BNO_ACC,56,-2300,2,-5.93750,-1.14844,7.77734
683638,BNO_ACC,57,-700,2,-5.97656,-0.61328,7.69922
692817,BNO_ACC,58,-1800,2,-6.05078,0.03906,7.43359
702946,BNO_ACC,59,-4000,2,-6.43750,0.49609,7.31641
712324,BNO_ACC,60,-4900,2,-6.16797,0.38281,7.27344
715831,BNO_ACC,61,-1200,2,-6.32031,0.61328,7.42969
723265,BNO_ACC,62,-700,2,-6.01562,0.26953,7.20312
734291,BNO_ACC,63,-3100,2,-6.05078,0.11328,7.55078
743671,BNO_ACC,64,-4500,2,-6.01562,-0.15234,7.73828
752116,BNO_ACC,65,-4600,2,-5.82422,-0.46094,7.39453
757034,BNO_ACC,66,-2500,2,-5.82422,-0.46094,7.66016
763868,BNO_ACC,67,-700,2,-6.01562,-0.42188,7.58984
773040,BNO_ACC,68,-1600,2,-6.05078,-0.46094,7.62500
783958,BNO_ACC,69,-4500,2,-6.28125,-0.15234,7.35156
792268,BNO_ACC,70,-4600,2,-6.35938,-0.15234,7.55078
797189,BNO_ACC,71,-2300,2,-6.28125,-0.26953,7.12500
804166,BNO_ACC,72,-700,2,-6.39844,-0.15234,7.58594
813062,BNO_ACC,73,-1600,2,-6.39844,0.03906,7.27734
824051,BNO_ACC,74,-4500,2,-6.28125,0.15234,7.43359
832369,BNO_ACC,75,-4600,2,-6.12891,0.11328,7.20703
837303,BNO_ACC,76,-2300,2,-6.35938,0.26953,7.23828
844125,BNO_ACC,77,-700,2,-6.28125,0.26953,7.46875
853145,BNO_ACC,78,-1400,2,-6.16797,0.11328,7.31641
863201,BNO_ACC,79,-3400,2,-5.89844,-0.53516,7.39453
872567,BNO_ACC,80,-4600,2,-5.66797,-0.88281,7.54688
877511,BNO_ACC,81,-2300,2,-5.93750,-0.80469,7.66016
884281,BNO_ACC,82,-700,2,-5.97656,-1.03516,7.77344
893475,BNO_ACC,83,-1000,2,-5.93750,-0.91797,7.31641
904425,BNO_ACC,84,-4500,2,-6.28125,-0.46094,7.55078
912433,BNO_ACC,85,-4400,2,-6.47266,-0.11328,7.35547
917397,BNO_ACC,86,-2300,2,-6.89453,0.95703,7.00781
924238,BNO_ACC,87,-700,2,-6.74219,0.95703,6.89453
933484,BNO_ACC,88,-1000,2,-6.66406,0.57422,7.27344
944558,BNO_ACC,89,-4500,2,-6.35938,0.00000,7.31250
952486,BNO_ACC,90,-4200,2,-6.16797,-0.42188,7.31250
957412,BNO_ACC,91,-2300,2,-6.16797,-0.38281,7.35547
964366,BNO_ACC,92,-500,2,-6.24219,-0.46094,7.31250
973676,BNO_ACC,93,-900,2,-6.16797,-0.42188,7.58594
983757,BNO_ACC,94,-3400,2,-6.39844,-0.30469,7.31641
993151,BNO_ACC,95,-4800,2,-6.39844,-0.07812,7.39453
1004938,BNO_ACC,96,-700,2,-6.82031,0.19141,7.00781
1013655,BNO_ACC,97,-1000,2,-6.47266,0.07812,7.20703
1022765,BNO_ACC,98,-2000,2,-6.55078,-0.11328,7.08594
1033082,BNO_ACC,99,-4600,2,-6.70312,-0.15234,7.23828
1045152,BNO_ACC,100,-700,2,-6.55078,-0.23047,7.16797
1054035,BNO_ACC,101,-1000,2,-6.43750,0.00000,7.20703
1065062,BNO_ACC,102,-4500,2,-6.08984,-0.38281,7.01172
1073092,BNO_ACC,103,-4300,2,-6.62891,0.00000,7.35547
1078001,BNO_ACC,104,-2300,2,-6.55078,0.00000,7.20312
1084917,BNO_ACC,105,-700,2,-6.47266,-0.26953,7.12891
1093982,BNO_ACC,106,-1000,2,-6.55078,-0.38281,7.27734
1103195,BNO_ACC,107,-2200,2,-6.51172,-0.88281,7.12891
1113468,BNO_ACC,108,-4400,2,-6.43750,-0.88281,7.42969
1125022,BNO_ACC,109,-700,2,-6.62891,0.00000,6.92969
1134061,BNO_ACC,110,-900,2,-6.78125,0.46094,6.74219
1143146,BNO_ACC,111,-2000,2,-6.78516,0.30469,6.74219
1153556,BNO_ACC,112,-4400,2,-6.78125,0.42188,6.92969
1165095,BNO_ACC,113,-500,2,-6.58984,0.23047,6.93359
1174080,BNO_ACC,114,-1000,2,-6.62891,0.11328,7.08984
1183191,BNO_ACC,115,-2000,2,-6.43750,0.15234,7.23438
1193636,BNO_ACC,116,-4400,2,-6.51172,0.42188,6.96875
1205415,BNO_ACC,117,-500,2,-6.55078,0.03906,7.27734
1214222,BNO_ACC,118,-900,2,-6.35938,0.07812,7.00781
1223343,BNO_ACC,119,-1800,2,-6.51172,-0.42188,7.35156
1233823,BNO_ACC,120,-4400,2,-6.32031,-0.42188,7.31250
1245508,BNO_ACC,121,-700,2,-6.51172,0.19141,7.20312
1254418,BNO_ACC,122,-1000,2,-6.85547,0.34375,7.16797
1263577,BNO_ACC,123,-2000,2,-6.66406,0.53516,7.08594
1273997,BNO_ACC,124,-4400,2,-6.51172,0.61328,7.20703
1285670,BNO_ACC,125,-700,2,-6.39844,-0.07812,7.31250
1294430,BNO_ACC,126,-1000,2,-6.24219,-0.49609,7.35156
1303513,BNO_ACC,127,-1800,2,-6.35938,-0.72656,7.46875
1314136,BNO_ACC,128,-4400,2,-6.32031,-0.72656,7.42969
1325835,BNO_ACC,129,-500,2,-6.28125,-0.49609,7.39453
1334922,BNO_ACC,130,-1000,2,-6.43750,-0.42188,7.27734
1344994,BNO_ACC,131,-3400,2,-6.28125,0.11328,7.00781
1353544,BNO_ACC,132,-3700,2,-6.55078,0.11328,7.35156
1363915,BNO_ACC,133,-6100,2,-6.28125,-0.07812,7.35156
1365310,BNO_ACC,134,-700,2,-6.16797,-0.19141,7.12500
1374414,BNO_ACC,135,-700,2,-6.16797,-0.15234,7.54688
1383528,BNO_ACC,136,-1500,2,-6.12891,-0.26953,7.35547
1393895,BNO_ACC,137,-3800,2,-6.05078,-0.61328,7.31250
1406295,BNO_ACC,138,-700,2,-6.43750,-0.49609,7.47266
1415216,BNO_ACC,139,-1000,2,-6.32031,-0.38281,7.20703
1424361,BNO_ACC,140,-2500,2,-6.51172,-0.23047,7.16406
1433899,BNO_ACC,141,-3700,2,-6.55078,-0.15234,7.27734
1444254,BNO_ACC,142,-6100,2,-6.97266,-0.07812,6.97266
1445444,BNO_ACC,143,-700,2,-6.39844,-0.07812,7.43359
1454802,BNO_ACC,144,-700,2,-6.55078,-0.11328,6.93359
1463894,BNO_ACC,145,-1400,2,-6.62891,0.00000,7.31641
1474470,BNO_ACC,146,-4200,2,-6.74219,-0.03906,7.00781
1487530,BNO_ACC,147,-1200,2,-6.66406,-0.07812,7.08594
1494538,BNO_ACC,148,-700,2,-6.62891,-0.30469,6.89453
1505635,BNO_ACC,149,-3200,2,-6.66406,-0.38281,7.12500
1515122,BNO_ACC,150,-4900,2,-6.51172,-0.38281,7.23438
1523887,BNO_ACC,151,-5300,2,-6.74219,-0.30469,7.16797
1527590,BNO_ACC,152,-1400,2,-6.55078,-0.30469,6.97266
1534723,BNO_ACC,153,-700,2,-6.58984,-0.15234,7.12891
1545054,BNO_ACC,154,-2700,2,-6.58984,-0.34375,6.92969
1554755,BNO_ACC,155,-3900,2,-6.58984,0.00000,6.92969
1567778,BNO_ACC,156,-1200,2,-6.82031,0.46094,6.85547
1574757,BNO_ACC,157,-500,2,-6.93359,0.38281,6.89453
1584586,BNO_ACC,158,-2300,2,-6.62891,0.11328,7.12891
1595424,BNO_ACC,159,-4700,2,-6.78125,-0.15234,6.82422
1603977,BNO_ACC,160,-4900,2,-6.62891,-0.03906,7.08984
1607697,BNO_ACC,161,-1000,2,-6.47266,-0.07812,7.08984
1614983,BNO_ACC,162,-700,2,-6.85547,-0.26953,6.85547
1625373,BNO_ACC,163,-2500,2,-6.43750,-0.07812,7.27344
1634697,BNO_ACC,164,-4000,2,-6.66406,-0.19141,6.97266
1644316,BNO_ACC,165,-5100,2,-6.62891,-0.11328,7.04688
1648533,BNO_ACC,166,-2700,2,-6.47266,-0.11328,7.16797
1655409,BNO_ACC,167,-500,2,-6.35938,-0.15234,7.23828
1665427,BNO_ACC,168,-2700,2,-6.35938,-0.11328,7.23828
1675651,BNO_ACC,169,-4700,2,-6.32031,-0.15234,7.31641
1684233,BNO_ACC,170,-4900,2,-6.32031,-0.07812,7.31641
1687943,BNO_ACC,171,-1400,2,-6.32031,-0.07812,7.31641
1695278,BNO_ACC,172,-700,2,-6.47266,0.23047,7.23828
1706403,BNO_ACC,173,-3200,2,-6.39844,0.15234,7.27734
1714863,BNO_ACC,174,-3800,2,-6.24219,-0.42188,7.42969
1724524,BNO_ACC,175,-5300,2,-6.24219,-0.46094,7.46875
1728749,BNO_ACC,176,-2500,2,-6.28125,-0.23047,7.39062
1735806,BNO_ACC,177,-700,2,-6.32031,-0.11328,7.35547
1745876,BNO_ACC,178,-2500,2,-6.28125,-0.15234,7.39453
1755760,BNO_ACC,179,-4500,2,-6.20703,-0.15234,7.42969
1764402,BNO_ACC,180,-5000,2,-6.20703,-0.07812,7.39062
1768062,BNO_ACC,181,-1200,2,-6.12891,-0.11328,7.47266
1775290,BNO_ACC,182,-700,2,-6.16797,-0.15234,7.39062
1786325,BNO_ACC,183,-3100,2,-6.24219,-0.11328,7.35156
1796013,BNO_ACC,184,-4500,2,-6.24219,-0.15234,7.39453
1804454,BNO_ACC,185,-4800,2,-6.24219,-0.11328,7.39453
1808263,BNO_ACC,186,-1200,2,-6.24219,-0.15234,7.39453
1815492,BNO_ACC,187,-700,2,-6.24219,-0.11328,7.43359
1826549,BNO_ACC,188,-3100,2,-6.24219,-0.15234,7.39453
1835170,BNO_ACC,189,-3600,2,-6.28125,-0.15234,7.35156
1844675,BNO_ACC,190,-4800,2,-6.20703,-0.11328,7.42969
1848382,BNO_ACC,191,-1400,2,-6.24219,-0.11328,7.39453
1855627,BNO_ACC,192,-700,2,-6.20703,-0.15234,7.39062
1866623,BNO_ACC,193,-3100,2,-6.20703,-0.15234,7.39062
1874176,BNO_ACC,194,-2200,2,-6.24219,-0.11328,7.43359
1884613,BNO_ACC,195,-4600,2,-6.24219,-0.11328,7.39453
1897030,BNO_ACC,196,-1000,2,-6.28125,-0.15234,7.39453
1905660,BNO_ACC,197,-1800,2,-6.55078,-0.23047,7.20703
1916620,BNO_ACC,198,-4700,2,-6.12891,-0.15234,7.54688
1924729,BNO_ACC,199,-4400,2,-6.51172,-0.19141,7.16406
1929682,BNO_ACC,200,-2300,2,-6.24219,-0.15234,7.39453
1936538,BNO_ACC,201,-700,2,-6.43750,-0.11328,7.23438
1945584,BNO_ACC,202,-1600,2,-6.28125,-0.07812,7.31250
1956480,BNO_ACC,203,-4500,2,-6.35938,-0.07812,7.27734
1964828,BNO_ACC,204,-4400,2,-6.47266,0.07812,7.23438
1969736,BNO_ACC,205,-2300,2,-6.39844,-0.07812,7.23828
1976498,BNO_ACC,206,-700,2,-6.24219,-0.03906,7.39453
1985660,BNO_ACC,207,-1400,2,-6.51172,-0.07812,7.20703
1996752,BNO_ACC,208,-4500,2,-6.58984,0.00000,7.16797
2004744,BNO_ACC,209,-4300,2,-6.43750,0.03906,7.20703
2017183,BNO_ACC,210,-900,2,-6.35938,-0.11328,7.16406
2025839,BNO_ACC,211,-1000,2,-6.51172,-0.11328,7.16797
2036918,BNO_ACC,212,-4500,2,-6.39844,0.00000,7.20312
2045024,BNO_ACC,213,-4200,2,-6.39844,-0.11328,7.20312
2049922,BNO_ACC,214,-2300,2,-6.35938,-0.07812,7.23828
2056792,BNO_ACC,215,-700,2,-6.43750,0.00000,7.12891
2066180,BNO_ACC,216,-1000,2,-6.43750,0.03906,7.35547
2077470,BNO_ACC,217,-4900,2,-6.55078,0.19141,7.12891
2085784,BNO_ACC,218,-4900,2,-6.51172,0.07812,7.16797
2097508,BNO_ACC,219,-900,2,-6.39844,-0.30469,7.20703
2107151,BNO_ACC,220,-2500,2,-6.39844,-0.34375,7.23828
2115085,BNO_ACC,221,-2000,2,-6.35938,-0.26953,7.31250
2125787,BNO_ACC,222,-4700,2,-6.43750,-0.15234,7.23438
2137567,BNO_ACC,223,-700,2,-6.39844,-0.15234,7.23828
2146632,BNO_ACC,224,-1000,2,-6.35938,-0.11328,7.23828
2155164,BNO_ACC,225,-2000,2,-6.39844,-0.34375,7.27734
2165823,BNO_ACC,226,-4600,2,-6.39844,-0.11328,7.35156
2177549,BNO_ACC,227,-700,2,-6.47266,-0.11328,7.20703
2186671,BNO_ACC,228,-1000,2,-6.47266,-0.15234,7.23438
2195175,BNO_ACC,229,-2000,2,-6.47266,0.00000,7.20703
2205990,BNO_ACC,230,-4600,2,-6.74219,-0.11328,7.12500
2217775,BNO_ACC,231,-700,2,-6.66406,0.03906,7.08594
2226653,BNO_ACC,232,-1600,2,-6.47266,-0.26953,7.20703
2235328,BNO_ACC,233,-1800,2,-6.55078,0.11328,7.08594
2246123,BNO_ACC,234,-4700,2,-6.58984,0.03906,7.16797
2258030,BNO_ACC,235,-700,2,-6.55078,0.03906,7.05078
2266780,BNO_ACC,236,-1400,2,-6.55078,-0.03906,6.93359
2275325,BNO_ACC,237,-1800,2,-6.58984,-0.15234,7.20703
2286097,BNO_ACC,238,-4400,2,-6.51172,-0.26953,7.16797
2297925,BNO_ACC,239,-700,2,-6.55078,-0.30469,7.23438
2307006,BNO_ACC,240,-1000,2,-6.55078,-0.19141,7.20703
2317021,BNO_ACC,241,-3400,2,-6.70312,-0.19141,6.92969
2325772,BNO_ACC,242,-4000,2,-6.66406,-0.23047,7.08984
2330704,BNO_ACC,243,-2300,2,-6.66406,-0.23047,7.08984
2337904,BNO_ACC,244,-500,2,-6.58984,-0.03906,6.92969
2347294,BNO_ACC,245,-1000,2,-6.51172,-0.11328,7.31641
2355562,BNO_ACC,246,-1600,2,-6.51172,-0.03906,7.12891
2366295,BNO_ACC,247,-4300,2,-6.39844,-0.15234,7.27734
2378233,BNO_ACC,248,-700,2,-6.39844,0.00000,7.31250
2387580,BNO_ACC,249,-1000,2,-6.55078,0.23047,7.23438
2397090,BNO_ACC,250,-3200,2,-6.51172,-0.03906,7.16797
2407579,BNO_ACC,251,-5600,2,-6.51172,-0.30469,7.27734
2415793,BNO_ACC,252,-5700,2,-6.55078,-0.49609,7.08594
2417408,BNO_ACC,253,-700,2,-6.43750,-0.38281,7.39062
2427220,BNO_ACC,254,-1000,2,-6.51172,-0.26953,7.04688
2435739,BNO_ACC,255,-1500,2,-6.58984,-0.38281,7.20703
2446208,BNO_ACC,256,-3900,2,-6.62891,-0.15234,7.12891
2458560,BNO_ACC,257,-700,2,-6.47266,0.00000,7.16797
2467772,BNO_ACC,258,-900,2,-6.55078,0.23047,6.92969
2477486,BNO_ACC,259,-3400,2,-6.82031,0.23047,7.05078
2485909,BNO_ACC,260,-3500,2,-6.55078,0.19141,7.04688
2496461,BNO_ACC,261,-5700,2,-6.47266,0.07812,7.01172
2497826,BNO_ACC,262,-700,2,-6.58984,-0.03906,7.31641
2507351,BNO_ACC,263,-900,2,-6.43750,-0.26953,7.08984
2517462,BNO_ACC,264,-3200,2,-6.51172,-0.34375,7.35547
2525861,BNO_ACC,265,-3300,2,-6.28125,-0.38281,7.20312
2536148,BNO_ACC,266,-5500,2,-6.32031,-0.91797,7.20703
2539780,BNO_ACC,267,-1400,2,-6.32031,-0.95703,7.58984
2546770,BNO_ACC,268,-700,2,-6.28125,-0.72656,7.31250
2556932,BNO_ACC,269,-2300,2,-6.39844,-1.14844,7.47266
2567981,BNO_ACC,270,-5300,2,-6.43750,-0.84375,7.23438
2576108,BNO_ACC,271,-5100,2,-6.62891,-0.65234,7.16797
2579839,BNO_ACC,272,-1000,2,-6.74219,-0.34375,7.16406
2587004,BNO_ACC,273,-500,2,-6.70312,0.15234,6.74219
2598039,BNO_ACC,274,-3400,2,-7.08594,0.42188,6.62891
2607485,BNO_ACC,275,-4700,2,-7.16406,0.72656,6.78125
2616175,BNO_ACC,276,-5100,2,-7.04688,0.57422,6.39844
2619129,BNO_ACC,277,-1000,2,-7.00781,0.23047,6.62891
2627114,BNO_ACC,278,-700,2,-7.01172,-0.15234,7.04688
2638152,BNO_ACC,279,-3200,2,-6.74219,-0.42188,6.58984
2647579,BNO_ACC,280,-4700,2,-6.89453,-0.42188,7.08984
2656206,BNO_ACC,281,-5100,2,-6.92969,-0.57422,6.66406
2658891,BNO_ACC,282,-900,2,-6.85547,-0.76562,7.12500
2667268,BNO_ACC,283,-500,2,-6.74219,-0.65234,6.82422
2678332,BNO_ACC,284,-3400,2,-6.78125,-1.49219,6.82031
2687811,BNO_ACC,285,-4900,2,-6.97266,-1.07422,7.20312
2696408,BNO_ACC,286,-4900,2,-6.62500,-1.07422,6.47266
2700094,BNO_ACC,287,-1000,2,-6.82031,0.00000,6.92969
2707215,BNO_ACC,288,-700,2,-7.54688,0.53516,5.78516
2718060,BNO_ACC,289,-3100,2,-7.42969,0.23047,6.74219
2727723,BNO_ACC,290,-4500,2,-7.12500,0.88281,6.66406
2737205,BNO_ACC,291,-5700,2,-7.47266,0.34375,6.97266
2738904,BNO_ACC,292,-500,2,-7.16797,0.42188,6.74219
2747566,BNO_ACC,293,-500,2,-7.27344,-0.07812,6.62891
2758722,BNO_ACC,294,-3200,2,-6.96875,-0.15234,6.55078
2767954,BNO_ACC,295,-4500,2,-6.97266,-0.46094,7.12891
2776575,BNO_ACC,296,-4900,2,-6.82031,-0.34375,7.01172
2780276,BNO_ACC,297,-1200,2,-6.78125,-0.30469,7.08984
2787345,BNO_ACC,298,-700,2,-6.89062,-0.30469,6.55078
2798177,BNO_ACC,299,-2700,2,-6.85547,-0.42188,7.00781
2808083,BNO_ACC,300,-4500,2,-6.74219,0.03906,6.70312
2816592,BNO_ACC,301,-4800,2,-6.96875,0.11328,6.89453
2820363,BNO_ACC,302,-1200,2,-6.82031,0.30469,7.05078
2827703,BNO_ACC,303,-700,2,-6.62891,0.23047,7.05078
2838720,BNO_ACC,304,-3100,2,-6.70312,-0.11328,7.27734
2848085,BNO_ACC,305,-4300,2,-6.28125,-0.26953,7.20312
2856880,BNO_ACC,306,-5000,2,-6.24219,-0.61328,7.39453
2861106,BNO_ACC,307,-2500,2,-6.24219,-0.76562,7.89062
2868078,BNO_ACC,308,-500,2,-5.82422,-0.88281,7.69531
2877527,BNO_ACC,309,-1600,2,-6.24219,-0.72656,7.81250
2888375,BNO_ACC,310,-4700,2,-5.74609,-0.07812,7.54688
2896753,BNO_ACC,311,-4700,2,-6.12891,0.15234,7.73438
2901705,BNO_ACC,312,-2500,2,-5.70703,0.15234,7.77344
2908629,BNO_ACC,313,-700,2,-5.93750,-0.30469,7.81250
2917451,BNO_ACC,314,-1400,2,-5.13281,-0.49609,7.97266
2928447,BNO_ACC,315,-4300,2,-5.51562,-0.38281,8.23438
2936811,BNO_ACC,316,-4400,2,-5.25000,-0.61328,8.04297
2948872,BNO_ACC,317,-700,2,-5.47656,0.53516,8.23828
2957949,BNO_ACC,318,-1000,2,-5.47656,0.46094,8.00781
2968918,BNO_ACC,319,-4700,2,-5.32422,0.61328,8.01172
2976948,BNO_ACC,320,-4500,2,-5.36328,0.46094,8.04297
2981872,BNO_ACC,321,-2300,2,-5.05469,-0.03906,8.23438
2988776,BNO_ACC,322,-700,2,-5.01953,-0.23047,8.39062
2997892,BNO_ACC,323,-1400,2,-5.09375,-0.42188,8.57812
3008938,BNO_ACC,324,-4500,2,-5.05469,-0.30469,8.27734
3017140,BNO_ACC,325,-4400,2,-5.32422,-0.23047,8.31250
3022074,BNO_ACC,326,-2300,2,-5.17188,0.03906,8.42578
3029108,BNO_ACC,327,-700,2,-5.21094,-0.15234,8.27734
3038211,BNO_ACC,328,-1000,2,-5.17188,0.19141,8.16016
3049341,BNO_ACC,329,-4700,2,-5.21094,0.30469,8.42578
3057303,BNO_ACC,330,-4400,2,-5.28516,0.07812,7.89062
3062240,BNO_ACC,331,-2300,2,-5.25000,-0.23047,8.65625
3069211,BNO_ACC,332,-500,2,-5.05469,-0.19141,8.35156
3078232,BNO_ACC,333,-1000,2,-5.40234,-0.26953,8.73828
3089379,BNO_ACC,334,-4500,2,-5.01953,-0.69141,7.85156
3097351,BNO_ACC,335,-4300,2,-5.09375,-0.46094,8.46484
3102269,BNO_ACC,336,-2300,2,-5.21094,-0.15234,8.19531
3109271,BNO_ACC,337,-700,2,-5.40234,-0.30469,8.31641
3118315,BNO_ACC,338,-1400,2,-5.44141,0.53516,8.01172
3129365,BNO_ACC,339,-4300,2,-5.78516,0.53516,7.97266
3137356,BNO_ACC,340,-4200,2,-5.55469,0.61328,7.96875
3142279,BNO_ACC,341,-2300,2,-5.82422,0.76562,8.00781
3149279,BNO_ACC,342,-500,2,-5.66797,0.49609,7.92969
3158448,BNO_ACC,343,-1000,2,-5.66797,0.15234,7.89062
3169437,BNO_ACC,344,-4500,2,-5.66797,-0.38281,7.89062
3177547,BNO_ACC,345,-4200,2,-5.51562,-0.69141,8.12109
3182470,BNO_ACC,346,-2300,2,-5.63281,-0.76562,7.96875
3189428,BNO_ACC,347,-500,2,-5.59375,-0.95703,8.16016
3198586,BNO_ACC,348,-900,2,-5.82422,-0.84375,7.66016
3209670,BNO_ACC,349,-4500,2,-5.89844,-0.53516,7.66016
3217629,BNO_ACC,350,-4300,2,-6.12891,-0.26953,7.51172
3222550,BNO_ACC,351,-2300,2,-6.24219,-0.19141,7.77344
3229561,BNO_ACC,352,-500,2,-6.08984,-0.07812,7.54688
3238612,BNO_ACC,353,-1000,2,-6.08984,-0.07812,7.58984
3247865,BNO_ACC,354,-2200,2,-6.24219,-0.07812,7.23828
3258359,BNO_ACC,355,-4600,2,-6.12891,0.15234,7.51172
3270030,BNO_ACC,356,-700,2,-6.12891,-0.26953,7.65625
3278965,BNO_ACC,357,-1000,2,-6.08984,-0.26953,7.47266
3287252,BNO_ACC,358,-1400,2,-6.12891,-0.49609,7.35547
3297806,BNO_ACC,359,-4000,2,-6.20703,-0.38281,7.54688
3310380,BNO_ACC,360,-900,2,-6.24219,-0.26953,7.43359
3319164,BNO_ACC,361,-1000,2,-6.43750,0.07812,7.20703
3327501,BNO_ACC,362,-1500,2,-6.43750,0.19141,7.31250
3338117,BNO_ACC,363,-4100,2,-6.39844,0.15234,7.20312
3343037,BNO_ACC,364,-2300,2,-6.28125,-0.07812,7.27734
3350130,BNO_ACC,365,-700,2,-6.28125,-0.15234,7.27734
3359232,BNO_ACC,366,-1000,2,-6.28125,-0.23047,7.27344
3369342,BNO_ACC,367,-3400,2,-6.28125,-0.15234,7.39453
3379524,BNO_ACC,368,-5400,2,-6.32031,0.00000,7.42969
3387887,BNO_ACC,369,-5500,2,-6.47266,0.03906,7.20703
3389412,BNO_ACC,370,-700,2,-6.43750,-0.07812,7.27344
3399163,BNO_ACC,371,-900,2,-6.35938,-0.23047,7.31641
3409496,BNO_ACC,372,-3400,2,-6.51172,-0.23047,7.20312
3418005,BNO_ACC,373,-3700,2,-6.47266,-0.23047,7.16406
3428258,BNO_ACC,374,-5700,2,-6.47266,-0.23047,7.20312
3429630,BNO_ACC,375,-500,2,-6.39844,-0.26953,7.35156
3439232,BNO_ACC,376,-1000,2,-6.51172,-0.03906,7.08984
3448493,BNO_ACC,377,-1800,2,-6.43750,-0.03906,7.23438
3458195,BNO_ACC,378,-3700,2,-6.43750,-0.03906,7.08984
3468673,BNO_ACC,379,-6100,2,-6.28125,-0.07812,7.35156
3469874,BNO_ACC,380,-700,2,-6.39844,-0.11328,7.12500
3479321,BNO_ACC,381,-900,2,-6.47266,-0.07812,7.16797
3488463,BNO_ACC,382,-1600,2,-6.43750,-0.11328,7.20703
3498831,BNO_ACC,383,-4200,2,-6.47266,-0.11328,7.20703
3511970,BNO_ACC,384,-1200,2,-6.32031,-0.23047,7.31250
3518990,BNO_ACC,385,-700,2,-6.51172,-0.15234,7.16797
3530060,BNO_ACC,386,-3400,2,-6.32031,-0.19141,7.27734
3539751,BNO_ACC,387,-5100,2,-6.47266,-0.23047,7.20312
3548149,BNO_ACC,388,-5300,2,-6.55078,-0.11328,7.12500
3550829,BNO_ACC,389,-900,2,-6.51172,-0.11328,7.16797
3559350,BNO_ACC,390,-500,2,-6.55078,-0.11328,7.12500
3568540,BNO_ACC,391,-1500,2,-6.58984,-0.11328,7.08984
3579052,BNO_ACC,392,-4100,2,-6.58984,-0.15234,7.08984
3592166,BNO_ACC,393,-1200,2,-6.58984,-0.11328,7.12891
3599160,BNO_ACC,394,-700,2,-6.58984,-0.11328,7.08984
3610233,BNO_ACC,395,-3200,2,-6.58984,-0.15234,7.08984
3619677,BNO_ACC,396,-4700,2,-6.58984,-0.15234,7.12891
3628571,BNO_ACC,397,-5100,2,-6.58984,-0.11328,7.04688
3632814,BNO_ACC,398,-2500,2,-6.58984,-0.11328,7.08984
3639568,BNO_ACC,399,-700,2,-6.58984,-0.11328,7.08984
3648779,BNO_ACC,400,-1500,2,-6.58984,-0.11328,7.08984
3659234,BNO_ACC,401,-3900,2,-6.51172,0.00000,7.12891
3668969,BNO_ACC,402,-5400,2,-6.62891,-0.07812,7.04688
3680575,BNO_ACC,403,-1200,2,-6.66406,-0.19141,7.08984
3689431,BNO_ACC,404,-2100,2,-6.58984,-0.15234,7.08984
3700794,BNO_ACC,405,-5400,2,-6.58984,-0.11328,7.08984
3708763,BNO_ACC,406,-5100,2,-6.58984,-0.11328,7.08984
3713033,BNO_ACC,407,-2500,2,-6.58984,-0.11328,7.12891
3719990,BNO_ACC,408,-500,2,-6.58984,-0.11328,7.12891
3729635,BNO_ACC,409,-2100,2,-6.58984,-0.11328,7.12891
3740986,BNO_ACC,410,-5600,2,-6.55078,-0.11328,7.12500
3748947,BNO_ACC,411,-5100,2,-6.58984,-0.11328,7.08984
3760175,BNO_ACC,412,-700,2,-6.58984,-0.11328,7.12891
3770492,BNO_ACC,413,-2900,2,-6.58984,-0.15234,7.12891
3780435,BNO_ACC,414,-4700,2,-6.58984,-0.11328,7.12891
3788939,BNO_ACC,415,-5000,2,-6.55078,-0.11328,7.12500
3793345,BNO_ACC,416,-2700,2,-6.55078,-0.07812,7.08594
3800163,BNO_ACC,417,-700,2,-6.51172,0.00000,7.12891
3810636,BNO_ACC,418,-2900,2,-6.51172,-0.03906,7.12891
3820393,BNO_ACC,419,-4700,2,-6.58984,-0.07812,7.12891
3829129,BNO_ACC,420,-5000,2,-6.58984,-0.15234,7.12891
3840409,BNO_ACC,421,-900,2,-6.55078,-0.15234,7.12500
3850574,BNO_ACC,422,-2700,2,-6.47266,-0.15234,7.20703
3860547,BNO_ACC,423,-4500,2,-6.58984,-0.15234,7.16797
3869118,BNO_ACC,424,-4800,2,-6.35938,-0.11328,7.23828
3873526,BNO_ACC,425,-2500,2,-6.43750,-0.11328,7.20703
3880483,BNO_ACC,426,-700,2,-6.55078,-0.15234,7.20312
3890737,BNO_ACC,427,-2700,2,-6.66406,-0.15234,7.08594
3900710,BNO_ACC,428,-4500,2,-6.28125,-0.15234,7.31250
3909334,BNO_ACC,429,-5000,2,-6.58984,-0.11328,7.01172
3921097,BNO_ACC,430,-900,2,-6.47266,-0.15234,7.20703
3931027,BNO_ACC,431,-2900,2,-6.51172,-0.15234,7.16797
3939952,BNO_ACC,432,-3600,2,-6.55078,-0.07812,7.12500
3949948,BNO_ACC,433,-5300,2,-6.20703,-0.23047,7.43359
3961690,BNO_ACC,434,-1200,2,-6.47266,-0.34375,7.27344
3971106,BNO_ACC,435,-2500,2,-6.28125,-0.30469,7.35547
3980875,BNO_ACC,436,-4500,2,-6.51172,-0.19141,7.05078
3989493,BNO_ACC,437,-4600,2,-6.55078,-0.11328,7.16406
4001276,BNO_ACC,438,-700,2,-6.58984,-0.15234,7.08984
4010259,BNO_ACC,439,-1600,2,-6.51172,-0.03906,7.08984
4021455,BNO_ACC,440,-4900,2,-6.62891,-0.11328,7.20703
4029742,BNO_ACC,441,-4700,2,-6.39844,-0.07812,7.23828
4041345,BNO_ACC,442,-900,2,-6.47266,-0.15234,7.16797
4050276,BNO_ACC,443,-1400,2,-6.32031,-0.23047,7.27734
4060781,BNO_ACC,444,-4200,2,-6.58984,-0.03906,7.08984
4069707,BNO_ACC,445,-4600,2,-6.55078,0.03906,7.20312
4074657,BNO_ACC,446,-2300,2,-6.51172,0.00000,7.23438
4081724,BNO_ACC,447,-700,2,-6.58984,-0.07812,7.23438
4090778,BNO_ACC,448,-1800,2,-6.35938,-0.19141,7.23438
4099409,BNO_ACC,449,-2200,2,-6.47266,-0.07812,7.31641
4110145,BNO_ACC,450,-4800,2,-6.35938,-0.11328,7.31250
4121908,BNO_ACC,451,-700,2,-6.24219,-0.11328,7.39453
4130804,BNO_ACC,452,-1800,2,-6.24219,-0.11328,7.27734
4139421,BNO_ACC,453,-1800,2,-6.32031,0.00000,7.42969
4150169,BNO_ACC,454,-4700,2,-6.24219,0.00000,7.39453
4162068,BNO_ACC,455,-700,2,-6.28125,0.00000,7.46875
4171104,BNO_ACC,456,-1800,2,-6.12891,-0.07812,7.42969
4181052,BNO_ACC,457,-3800,2,-6.12891,-0.03906,7.39062
4190015,BNO_ACC,458,-4600,2,-6.20703,0.03906,7.73438
4202012,BNO_ACC,459,-700,2,-6.16797,-0.23047,7.31250
4210947,BNO_ACC,460,-1600,2,-6.28125,0.19141,7.92969
4219598,BNO_ACC,461,-2000,2,-6.16797,0.07812,7.35547
4230633,BNO_ACC,462,-4700,2,-6.12891,-0.34375,7.20703
4234694,BNO_ACC,463,-2300,2,-6.20703,0.03906,7.89062
4241769,BNO_ACC,464,-500,2,-6.20703,-0.03906,7.62891
4250861,BNO_ACC,465,-1000,2,-6.05078,-0.26953,7.35156
4259831,BNO_ACC,466,-1800,2,-6.12891,-0.19141,7.50781
4270335,BNO_ACC,467,-4600,2,-5.82422,0.00000,7.62500
4282126,BNO_ACC,468,-700,2,-6.05078,0.11328,7.62500
4291071,BNO_ACC,469,-1000,2,-6.20703,0.03906,7.81641
4300329,BNO_ACC,470,-2400,2,-6.05078,0.11328,7.23828
4310119,BNO_ACC,471,-4100,2,-6.01562,0.11328,7.62500
4315042,BNO_ACC,472,-2300,2,-6.01562,0.15234,7.58594
4322125,BNO_ACC,473,-500,2,-6.05078,-0.26953,8.15625
4331110,BNO_ACC,474,-900,2,-5.89844,-0.53516,7.69531
4341726,BNO_ACC,475,-4000,2,-5.93750,-0.69141,7.93359
4350130,BNO_ACC,476,-3900,2,-5.82422,-0.42188,7.65625
4360490,BNO_ACC,477,-6300,2,-5.66797,-0.26953,7.81641
4361613,BNO_ACC,478,-900,2,-5.82422,-0.34375,7.69531
4371482,BNO_ACC,479,-900,2,-5.63281,-0.23047,7.62500
4380813,BNO_ACC,480,-2700,2,-5.55469,-0.30469,8.00781
4390601,BNO_ACC,481,-4300,2,-5.63281,-0.61328,7.97266
4402425,BNO_ACC,482,-300,2,-5.70703,-0.57422,7.96875
4411423,BNO_ACC,483,-1000,2,-5.82422,-0.30469,7.85547
4421713,BNO_ACC,484,-3400,2,-6.05078,-0.34375,7.23828
4431697,BNO_ACC,485,-5300,2,-6.20703,0.26953,7.51172
4440082,BNO_ACC,486,-5500,2,-6.28125,0.30469,7.27344
4442747,BNO_ACC,487,-900,2,-6.28125,0.03906,7.46875
4451171,BNO_ACC,488,-700,2,-6.47266,-0.34375,7.47266
4460305,BNO_ACC,489,-1500,2,-6.55078,-0.26953,7.23828
4470956,BNO_ACC,490,-4000,2,-6.58984,-0.57422,7.23828
4482777,BNO_ACC,491,-500,2,-6.70312,-0.34375,6.85156
4491817,BNO_ACC,492,-900,2,-7.01172,0.19141,6.78125
4501890,BNO_ACC,493,-3200,2,-7.16406,0.26953,6.78125
4510229,BNO_ACC,494,-3300,2,-7.23828,0.38281,6.70312
4520513,BNO_ACC,495,-5700,2,-7.23438,0.61328,6.58984
4524144,BNO_ACC,496,-1400,2,-7.39062,0.26953,6.51172
4531117,BNO_ACC,497,-700,2,-7.31641,0.30469,6.35938
4542102,BNO_ACC,498,-3200,2,-7.39062,0.38281,6.43750
4550471,BNO_ACC,499,-3500,2,-7.20703,0.15234,6.62891
4560818,BNO_ACC,500,-5700,2,-7.08984,-0.03906,6.32031
4562286,BNO_ACC,501,-700,2,-7.00781,-0.23047,6.58984
4571703,BNO_ACC,502,-700,2,-6.97266,0.00000,6.85547
4580740,BNO_ACC,503,-1500,2,-6.96875,-0.03906,6.66406
4591390,BNO_ACC,504,-4200,2,-6.82031,0.19141,6.70312
4604217,BNO_ACC,505,-1000,2,-6.70312,0.11328,6.82422
4611378,BNO_ACC,506,-500,2,-6.70312,0.07812,6.96875
4622443,BNO_ACC,507,-3200,2,-6.82031,0.15234,7.16797
4632004,BNO_ACC,508,-4700,2,-6.66406,0.15234,7.05078
4640658,BNO_ACC,509,-5300,2,-6.66406,0.07812,7.27734
4644336,BNO_ACC,510,-1200,2,-6.51172,-0.07812,7.01172
4651409,BNO_ACC,511,-500,2,-6.55078,0.23047,7.27344
4662326,BNO_ACC,512,-3100,2,-6.55078,0.07812,7.16406
4672114,BNO_ACC,513,-4700,2,-6.32031,-0.23047,7.20312
4680782,BNO_ACC,514,-5100,2,-6.39844,-0.15234,7.27734
4684427,BNO_ACC,515,-1200,2,-6.28125,0.07812,7.43359
4691586,BNO_ACC,516,-500,2,-6.28125,-0.15234,7.12500
4702612,BNO_ACC,517,-3200,2,-6.16797,-0.15234,7.27344
4712188,BNO_ACC,518,-4700,2,-6.24219,-0.26953,7.46875
4720804,BNO_ACC,519,-4900,2,-6.16797,-0.42188,7.50781
4724504,BNO_ACC,520,-1000,2,-6.16797,-0.42188,7.46875
4731784,BNO_ACC,521,-700,2,-6.16797,-0.46094,7.54688
4742658,BNO_ACC,522,-2900,2,-6.24219,-0.46094,7.16406
4752461,BNO_ACC,523,-4700,2,-6.16797,-0.26953,7.42969
4760808,BNO_ACC,524,-4700,2,-6.35938,0.00000,7.27734
4763299,BNO_ACC,525,-700,2,-6.35938,0.11328,7.31250
4772016,BNO_ACC,526,-500,2,-6.43750,0.15234,7.31641
4783065,BNO_ACC,527,-3200,2,-6.35938,0.26953,7.31250
4792318,BNO_ACC,528,-4500,2,-6.35938,0.11328,7.23828
4800881,BNO_ACC,529,-4600,2,-6.32031,0.11328,7.35547
4804662,BNO_ACC,530,-1200,2,-6.24219,0.03906,7.31250
4811940,BNO_ACC,531,-500,2,-6.24219,-0.15234,7.35156
4822989,BNO_ACC,532,-2900,2,-6.24219,-0.23047,7.23438
4832387,BNO_ACC,533,-4300,2,-6.24219,-0.30469,7.47266
4841013,BNO_ACC,534,-4600,2,-6.24219,-0.23047,7.39062
4844923,BNO_ACC,535,-1400,2,-6.32031,0.03906,7.42969
4852095,BNO_ACC,536,-700,2,-6.43750,0.00000,7.23438
4863097,BNO_ACC,537,-2900,2,-6.24219,0.15234,7.27734
4872342,BNO_ACC,538,-4000,2,-6.39844,0.11328,7.31250
4882105,BNO_ACC,539,-5600,2,-6.32031,0.11328,7.35547
4884874,BNO_ACC,540,-1200,2,-6.28125,0.03906,7.23828
4892314,BNO_ACC,541,-500,2,-6.35938,0.11328,7.46875
4903423,BNO_ACC,542,-2900,2,-6.24219,0.11328,7.43359
4911957,BNO_ACC,543,-3600,2,-6.32031,0.03906,7.27344
4921479,BNO_ACC,544,-5000,2,-6.39844,0.07812,7.12500
4925735,BNO_ACC,545,-2500,2,-6.35938,0.03906,7.62500
4932704,BNO_ACC,546,-500,2,-6.20703,-0.03906,7.54688
4942250,BNO_ACC,547,-1000,2,-6.24219,-0.15234,7.31250
4953236,BNO_ACC,548,-4700,2,-6.16797,-0.15234,7.39062
4961404,BNO_ACC,549,-4400,2,-6.28125,0.00000,7.35156
4966347,BNO_ACC,550,-2300,2,-6.20703,-0.15234,7.31641
4973305,BNO_ACC,551,-700,2,-6.16797,-0.07812,7.39062
4982140,BNO_ACC,552,-1600,2,-6.20703,-0.03906,7.35547
4993195,BNO_ACC,553,-4500,2,-6.24219,-0.11328,7.31250
5001366,BNO_ACC,554,-4400,2,-6.24219,0.11328,7.46875
5006298,BNO_ACC,555,-2300,2,-6.16797,0.07812,7.42969
5013194,BNO_ACC,556,-700,2,-6.20703,-0.07812,7.23438
5022363,BNO_ACC,557,-1600,2,-6.16797,0.11328,7.47266
5033295,BNO_ACC,558,-4300,2,-6.28125,-0.03906,7.43359
5041685,BNO_ACC,559,-4400,2,-6.20703,-0.03906,7.39062
5046585,BNO_ACC,560,-2300,2,-6.39844,0.11328,7.23828
5053343,BNO_ACC,561,-700,2,-6.47266,0.11328,7.47266
5062616,BNO_ACC,562,-1000,2,-6.32031,-0.03906,7.42969
5071737,BNO_ACC,563,-2400,2,-6.20703,0.07812,7.54688
5081733,BNO_ACC,564,-4400,2,-6.32031,0.03906,7.20703
5086671,BNO_ACC,565,-2300,2,-6.35938,0.00000,7.31250
5093547,BNO_ACC,566,-700,2,-6.20703,-0.03906,7.47266
5102868,BNO_ACC,567,-1000,2,-6.16797,0.07812,7.47266
5113840,BNO_ACC,568,-4500,2,-6.24219,0.00000,7.23828
5122176,BNO_ACC,569,-4500,2,-6.20703,-0.07812,7.35547
5134164,BNO_ACC,570,-900,2,-6.20703,-0.15234,7.23438
5142889,BNO_ACC,571,-1400,2,-6.16797,-0.03906,7.47266
5153332,BNO_ACC,572,-4000,2,-6.35938,-0.07812,7.20312
5162069,BNO_ACC,573,-4400,2,-6.20703,-0.03906,7.47266
5166979,BNO_ACC,574,-2300,2,-6.32031,0.03906,7.31641
5173969,BNO_ACC,575,-700,2,-6.28125,0.00000,7.43359
5183066,BNO_ACC,576,-900,2,-6.24219,-0.03906,7.39453
5193504,BNO_ACC,577,-4200,2,-6.24219,-0.03906,7.46875
5202074,BNO_ACC,578,-4300,2,-6.12891,-0.03906,7.54688
5207016,BNO_ACC,579,-2100,2,-6.35938,-0.15234,7.08594
5214011,BNO_ACC,580,-700,2,-6.05078,-0.11328,7.66016
5223130,BNO_ACC,581,-1000,2,-6.39844,0.00000,7.20312
5234300,BNO_ACC,582,-4500,2,-6.20703,-0.03906,7.42969
5242415,BNO_ACC,583,-4400,2,-6.24219,0.00000,7.46875
5254363,BNO_ACC,584,-700,2,-6.24219,-0.03906,7.35156
5263411,BNO_ACC,585,-1000,2,-6.20703,-0.03906,7.35547
5273400,BNO_ACC,586,-3400,2,-6.20703,-0.03906,7.47266
5282469,BNO_ACC,587,-4200,2,-6.24219,-0.03906,7.39453
5294513,BNO_ACC,588,-900,2,-6.16797,-0.11328,7.42969
5303444,BNO_ACC,589,-900,2,-6.16797,-0.07812,7.35547
5313479,BNO_ACC,590,-3400,2,-6.24219,-0.07812,7.43359
5322585,BNO_ACC,591,-4200,2,-6.20703,-0.07812,7.39062
5332350,BNO_ACC,592,-6100,2,-6.20703,-0.07812,7.42969
5333760,BNO_ACC,593,-500,2,-6.20703,-0.07812,7.42969
5343506,BNO_ACC,594,-1000,2,-6.20703,-0.03906,7.47266
5352065,BNO_ACC,595,-1600,2,-6.20703,-0.03906,7.51172
5362989,BNO_ACC,596,-4400,2,-6.16797,-0.07812,7.47266
5374755,BNO_ACC,597,-700,2,-6.16797,-0.07812,7.42969
5383846,BNO_ACC,598,-900,2,-6.08984,-0.15234,7.42969
5393644,BNO_ACC,599,-3200,2,-6.08984,-0.26953,7.39062
5404159,BNO_ACC,600,-5600,2,-6.12891,-0.15234,7.47266
5412362,BNO_ACC,601,-5700,2,-6.20703,0.11328,7.51172
5414015,BNO_ACC,602,-500,2,-6.24219,0.15234,7.46875
5423726,BNO_ACC,603,-1000,2,-6.20703,0.00000,7.42969
5432292,BNO_ACC,604,-1500,2,-6.12891,-0.11328,7.47266
5443220,BNO_ACC,605,-4400,2,-6.12891,-0.11328,7.51172
5453108,BNO_ACC,606,-6200,2,-6.08984,-0.07812,7.47266
5454298,BNO_ACC,607,-900,2,-5.97656,-0.07812,7.47266
5463928,BNO_ACC,608,-1000,2,-5.97656,-0.03906,7.58984
5473401,BNO_ACC,609,-2500,2,-5.93750,0.07812,7.62891
5483387,BNO_ACC,610,-4400,2,-5.97656,0.11328,7.62891
5495186,BNO_ACC,611,-700,2,-5.93750,-0.03906,7.92969
5504240,BNO_ACC,612,-900,2,-5.66797,-0.34375,7.77344
5514070,BNO_ACC,613,-3400,2,-5.70703,-0.15234,7.62891
5522393,BNO_ACC,614,-3100,2,-5.70703,-0.15234,7.89062
5532739,BNO_ACC,615,-5500,2,-5.55469,0.03906,8.07812
5536388,BNO_ACC,616,-1200,2,-5.55469,-0.03906,7.73828
5543296,BNO_ACC,617,-500,2,-5.36328,0.03906,8.12109
5554320,BNO_ACC,618,-3200,2,-5.44141,0.19141,8.04297
5563924,BNO_ACC,619,-4900,2,-5.40234,-0.03906,8.16016
5572733,BNO_ACC,620,-5300,2,-5.28516,-0.19141,7.96875
5576407,BNO_ACC,621,-1200,2,-5.44141,0.15234,8.27344
5583424,BNO_ACC,622,-500,2,-5.28516,0.00000,8.35156
5593799,BNO_ACC,623,-2500,2,-5.36328,-0.11328,7.85547
5603440,BNO_ACC,624,-4100,2,-5.17188,-0.30469,8.00781
5612792,BNO_ACC,625,-5200,2,-5.47656,0.00000,8.08203
5616436,BNO_ACC,626,-1000,2,-5.32422,0.46094,8.19922
5623555,BNO_ACC,627,-500,2,-5.63281,0.61328,8.04297
5634607,BNO_ACC,628,-3200,2,-5.55469,0.76562,8.12109
5644107,BNO_ACC,629,-4700,2,-5.63281,0.84375,8.23828
5653523,BNO_ACC,630,-5700,2,-5.28516,0.23047,8.39062
5654883,BNO_ACC,631,-700,2,-5.13281,-0.30469,8.46094
5663935,BNO_ACC,632,-700,2,-4.98047,-0.61328,8.31641
5674130,BNO_ACC,633,-2500,2,-4.75000,-1.33984,8.39453
5683661,BNO_ACC,634,-3900,2,-4.75000,-1.07422,8.23438
5693160,BNO_ACC,635,-5300,2,-4.86328,-0.95703,8.16016
5696830,BNO_ACC,636,-1400,2,-4.71094,-0.88281,8.08203
5703823,BNO_ACC,637,-500,2,-4.82812,-0.26953,8.35156
5714890,BNO_ACC,638,-3100,2,-5.05469,0.38281,8.42578
5724253,BNO_ACC,639,-4500,2,-5.28516,0.72656,8.04297
5733946,BNO_ACC,640,-5900,2,-5.40234,1.14844,7.85156
5735347,BNO_ACC,641,-700,2,-5.59375,1.37891,7.92969
5744088,BNO_ACC,642,-700,2,-5.51562,1.57031,8.07812
5755085,BNO_ACC,643,-3200,2,-5.59375,1.95312,8.23438
5762776,BNO_ACC,644,-2800,2,-5.59375,1.87891,7.16797
5773087,BNO_ACC,645,-4900,2,-5.51562,1.37891,8.15625
5775783,BNO_ACC,646,-900,2,-5.59375,0.61328,8.16016
5784158,BNO_ACC,647,-700,2,-5.21094,-0.30469,8.53906
5795168,BNO_ACC,648,-3100,2,-4.94141,-1.07422,8.81250
5804510,BNO_ACC,649,-4500,2,-4.94141,-1.76172,8.73438
5813156,BNO_ACC,650,-4800,2,-4.75000,-2.03125,8.84375
5816858,BNO_ACC,651,-1200,2,-4.48047,-1.76172,8.84375
5824084,BNO_ACC,652,-700,2,-4.44531,-1.03516,8.42578
5835017,BNO_ACC,653,-2900,2,-4.71094,-0.38281,8.27734
5844621,BNO_ACC,654,-4500,2,-4.75000,0.42188,8.65625
5853214,BNO_ACC,655,-4800,2,-4.98047,0.61328,8.35547
5858125,BNO_ACC,656,-2500,2,-4.98047,0.34375,8.07812
5865195,BNO_ACC,657,-900,2,-5.01953,0.11328,8.39453
5874119,BNO_ACC,658,-1600,2,-5.36328,0.07812,8.19531
5885212,BNO_ACC,659,-4900,2,-5.55469,0.19141,8.46484
5893202,BNO_ACC,660,-4500,2,-5.32422,-0.15234,7.89453
5898249,BNO_ACC,661,-2300,2,-5.82422,0.57422,8.12109
5905059,BNO_ACC,662,-700,2,-5.51562,0.76562,6.82031
5914187,BNO_ACC,663,-1600,2,-6.66406,0.76562,8.16016
5925086,BNO_ACC,664,-4500,2,-5.70703,-0.46094,7.73438
5933308,BNO_ACC,665,-4400,2,-5.85938,-0.84375,7.69531
5938374,BNO_ACC,666,-2500,2,-5.85938,-1.53125,7.85547
5945365,BNO_ACC,667,-700,2,-5.97656,-0.84375,7.47266
5954256,BNO_ACC,668,-1600,2,-5.82422,-0.88281,7.62500
5965213,BNO_ACC,669,-4500,2,-5.97656,-1.26562,7.27734
5973407,BNO_ACC,670,-4400,2,-6.16797,-0.46094,7.81641
5978300,BNO_ACC,671,-2300,2,-6.78125,-0.30469,7.54688
5985201,BNO_ACC,672,-700,2,-6.24219,-0.15234,6.82422
5994520,BNO_ACC,673,-1000,2,-7.12500,-0.07812,7.35156
6005320,BNO_ACC,674,-4500,2,-6.51172,0.19141,6.78125
6013734,BNO_ACC,675,-4500,2,-6.97266,0.72656,7.04688
6018674,BNO_ACC,676,-2300,2,-7.20312,0.84375,6.24219
6025506,BNO_ACC,677,-700,2,-7.39062,1.53125,6.70312
6034540,BNO_ACC,678,-1600,2,-7.23828,0.53516,6.78125
6045448,BNO_ACC,679,-4500,2,-6.89453,-1.03516,7.27734
6053721,BNO_ACC,680,-4400,2,-6.24219,-1.60938,7.58984
6058689,BNO_ACC,681,-2300,2,-6.35938,-1.64844,7.27344
6065572,BNO_ACC,682,-700,2,-6.55078,-0.88281,7.00781
6074419,BNO_ACC,683,-1600,2,-6.43750,-0.30469,7.05078
6083666,BNO_ACC,684,-2000,2,-7.55078,0.49609,6.70312
6094137,BNO_ACC,685,-4600,2,-7.20703,0.49609,6.51172
6099091,BNO_ACC,686,-2500,2,-7.35547,0.38281,5.97656
6105884,BNO_ACC,687,-700,2,-7.46875,0.30469,6.97266
6114993,BNO_ACC,688,-1000,2,-7.20703,-0.07812,6.62891
6125902,BNO_ACC,689,-4500,2,-6.93359,-0.30469,7.08984
6133865,BNO_ACC,690,-4300,2,-6.89062,0.07812,6.82031
6138811,BNO_ACC,691,-2300,2,-7.05078,0.07812,6.93359
6145743,BNO_ACC,692,-700,2,-6.70312,-0.11328,6.96875
6154988,BNO_ACC,693,-900,2,-7.08594,-0.11328,7.23828
6166105,BNO_ACC,694,-4500,2,-6.58984,-0.30469,7.00781
6174232,BNO_ACC,695,-4400,2,-6.78125,-0.46094,6.82422
6179150,BNO_ACC,696,-2300,2,-6.93359,-0.15234,6.96875
6186046,BNO_ACC,697,-700,2,-6.82031,-0.23047,6.70312
6195104,BNO_ACC,698,-1000,2,-7.01172,-0.23047,6.93359
6206108,BNO_ACC,699,-4300,2,-6.96875,-0.38281,6.93359
6214243,BNO_ACC,700,-4200,2,-6.55078,-0.38281,7.05078
6219162,BNO_ACC,701,-2300,2,-6.51172,-0.19141,7.12500
6226119,BNO_ACC,702,-500,2,-6.32031,-0.34375,7.35547
6235184,BNO_ACC,703,-900,2,-6.12891,-0.38281,7.20703
6244356,BNO_ACC,704,-2000,2,-6.55078,0.07812,6.85156
6254894,BNO_ACC,705,-4800,2,-6.89453,0.26953,7.27734
6266590,BNO_ACC,706,-700,2,-6.58984,0.23047,7.66016
6275331,BNO_ACC,707,-900,2,-6.43750,-0.38281,6.70703
6284624,BNO_ACC,708,-2200,2,-6.05078,-0.49609,7.31250
6294457,BNO_ACC,709,-4100,2,-6.43750,-0.57422,7.46875
6299399,BNO_ACC,710,-2300,2,-6.58984,-0.42188,7.55078
6306319,BNO_ACC,711,-500,2,-6.01562,-0.65234,7.05078
6315309,BNO_ACC,712,-1000,2,-6.28125,-0.53516,7.69531
6324549,BNO_ACC,713,-2200,2,-6.51172,-0.19141,7.20312
6334998,BNO_ACC,714,-4400,2,-6.66406,0.15234,6.89453
6346569,BNO_ACC,715,-700,2,-6.55078,-0.03906,7.05078
6355698,BNO_ACC,716,-1000,2,-6.47266,-0.30469,7.20312
6365118,BNO_ACC,717,-2700,2,-6.51172,0.00000,7.16797
6374802,BNO_ACC,718,-4200,2,-6.43750,0.07812,7.12891
6386727,BNO_ACC,719,-500,2,-6.35938,-0.07812,7.27734
6395683,BNO_ACC,720,-900,2,-6.35938,0.19141,7.23438
6404820,BNO_ACC,721,-2000,2,-6.47266,0.15234,7.23438
6415334,BNO_ACC,722,-4600,2,-6.35938,0.07812,7.31250
6427078,BNO_ACC,723,-700,2,-6.43750,-0.23047,7.23828
6436112,BNO_ACC,724,-1000,2,-6.32031,-0.26953,7.39062
6445400,BNO_ACC,725,-2700,2,-6.35938,-0.07812,7.27734
6455042,BNO_ACC,726,-4300,2,-6.35938,-0.11328,7.31250
6467029,BNO_ACC,727,-500,2,-6.20703,-0.19141,7.35156
6476207,BNO_ACC,728,-1000,2,-6.32031,-0.19141,7.23828
6486153,BNO_ACC,729,-3200,2,-6.47266,-0.11328,7.31641
6496371,BNO_ACC,730,-5400,2,-6.28125,-0.30469,7.31641
6504495,BNO_ACC,731,-5500,2,-6.20703,-0.15234,7.35547
6507060,BNO_ACC,732,-700,2,-6.24219,-0.11328,7.39453
6515984,BNO_ACC,733,-1000,2,-6.39844,0.00000,7.31250
6525160,BNO_ACC,734,-1800,2,-6.20703,-0.03906,7.42969
6536475,BNO_ACC,735,-5400,2,-6.43750,-0.03906,7.27344
6544663,BNO_ACC,736,-5300,2,-6.32031,0.03906,7.27344
6547200,BNO_ACC,737,-700,2,-6.35938,-0.03906,7.35156
6555763,BNO_ACC,738,-500,2,-6.32031,-0.23047,7.39453
6566564,BNO_ACC,739,-3400,2,-6.35938,-0.26953,7.39453
6576543,BNO_ACC,740,-5300,2,-6.24219,-0.11328,7.39453
6584813,BNO_ACC,741,-5300,2,-6.28125,-0.11328,7.35156
6587622,BNO_ACC,742,-1000,2,-6.24219,-0.15234,7.35156
6595678,BNO_ACC,743,-700,2,-6.24219,-0.23047,7.39062
6605866,BNO_ACC,744,-2700,2,-6.24219,-0.65234,7.39453
6615250,BNO_ACC,745,-3700,2,-6.08984,-0.26953,7.54688
6625673,BNO_ACC,746,-6100,2,-6.16797,0.11328,7.35547
6626986,BNO_ACC,747,-700,2,-6.32031,0.53516,7.23438
6636140,BNO_ACC,748,-700,2,-6.16797,-0.15234,7.51172
6645356,BNO_ACC,749,-1700,2,-6.16797,-0.11328,7.51172
6655867,BNO_ACC,750,-4000,2,-6.16797,-0.07812,7.51172
6668844,BNO_ACC,751,-1200,2,-6.24219,-0.15234,7.43359
6675842,BNO_ACC,752,-500,2,-6.24219,-0.15234,7.39453
6686857,BNO_ACC,753,-3200,2,-6.20703,-0.15234,7.42969
6696499,BNO_ACC,754,-4900,2,-6.20703,-0.15234,7.47266
6705142,BNO_ACC,755,-5100,2,-6.24219,-0.23047,7.47266
6708853,BNO_ACC,756,-1200,2,-6.12891,-0.23047,7.46875
6715951,BNO_ACC,757,-500,2,-6.08984,-0.23047,7.46875
6727047,BNO_ACC,758,-3200,2,-6.16797,-0.07812,7.42969
6736679,BNO_ACC,759,-4900,2,-6.35938,0.23047,7.23438
6745213,BNO_ACC,760,-5100,2,-6.28125,-0.07812,7.35156
6748930,BNO_ACC,761,-1200,2,-6.24219,-0.11328,7.43359
6756141,BNO_ACC,762,-700,2,-6.24219,-0.15234,7.39453
6767224,BNO_ACC,763,-3100,2,-6.20703,-0.11328,7.42969
6776594,BNO_ACC,764,-4700,2,-6.20703,-0.11328,7.42969
6785237,BNO_ACC,765,-4900,2,-6.20703,-0.15234,7.39062
6787941,BNO_ACC,766,-900,2,-6.20703,-0.11328,7.42969
6796366,BNO_ACC,767,-700,2,-6.24219,-0.11328,7.43359
6807443,BNO_ACC,768,-3200,2,-6.20703,-0.11328,7.47266
6816884,BNO_ACC,769,-4500,2,-6.20703,-0.15234,7.47266
6825476,BNO_ACC,770,-4900,2,-6.24219,-0.15234,7.43359
6829195,BNO_ACC,771,-1200,2,-6.28125,-0.15234,7.43359
6836459,BNO_ACC,772,-700,2,-6.28125,-0.11328,7.39453
6846820,BNO_ACC,773,-2500,2,-6.28125,-0.07812,7.43359
6857070,BNO_ACC,774,-4700,2,-6.28125,-0.07812,7.39453
6865498,BNO_ACC,775,-4800,2,-6.24219,-0.11328,7.39453
6869190,BNO_ACC,776,-1200,2,-6.28125,-0.11328,7.39453
6876437,BNO_ACC,777,-700,2,-6.16797,0.03906,7.47266
6887407,BNO_ACC,778,-2900,2,-6.28125,0.07812,7.39453
6897050,BNO_ACC,779,-4500,2,-6.16797,-0.15234,7.51172
6905459,BNO_ACC,780,-4600,2,-6.24219,-0.30469,7.42969
6910392,BNO_ACC,781,-2300,2,-6.24219,-0.30469,7.39062
6917306,BNO_ACC,782,-700,2,-6.20703,-0.26953,7.35547
6927170,BNO_ACC,783,-2500,2,-6.16797,-0.34375,7.42969
6937122,BNO_ACC,784,-4500,2,-6.28125,-0.30469,7.39062
6945682,BNO_ACC,785,-4600,2,-6.32031,-0.07812,7.35547
6949547,BNO_ACC,786,-1400,2,-6.24219,-0.07812,7.31250
6956822,BNO_ACC,787,-700,2,-6.58984,0.19141,7.12500
6967761,BNO_ACC,788,-3100,2,-6.24219,-0.11328,7.35156
6976386,BNO_ACC,789,-3600,2,-6.35938,-0.07812,7.23828
6986095,BNO_ACC,790,-5000,2,-6.35938,-0.03906,7.27734
6997668,BNO_ACC,791,-700,2,-6.28125,-0.11328,7.35156
7006697,BNO_ACC,792,-1600,2,-6.28125,-0.11328,7.35156
7017878,BNO_ACC,793,-4900,2,-6.43750,-0.26953,7.27344
7026002,BNO_ACC,794,-4700,2,-6.39844,-0.15234,7.31250
7037457,BNO_ACC,795,-500,2,-6.43750,-0.19141,7.20312
7047661,BNO_ACC,796,-2700,2,-6.32031,-0.03906,7.35547
7057544,BNO_ACC,797,-4300,2,-6.24219,-0.03906,7.39453
7066135,BNO_ACC,798,-4800,2,-6.28125,-0.03906,7.43359
7077614,BNO_ACC,799,-700,2,-6.24219,-0.07812,7.43359
7086939,BNO_ACC,800,-1600,2,-6.32031,-0.15234,7.39062
7098314,BNO_ACC,801,-4900,2,-6.28125,-0.15234,7.43359
7106586,BNO_ACC,802,-5100,2,-6.43750,-0.03906,7.23438
7118277,BNO_ACC,803,-900,2,-6.47266,-0.23047,7.35156
7126933,BNO_ACC,804,-1400,2,-6.32031,-0.15234,7.31641
7138010,BNO_ACC,805,-4500,2,-6.74219,-0.07812,7.08594
7146301,BNO_ACC,806,-4400,2,-6.43750,-0.26953,7.27344
7151215,BNO_ACC,807,-2300,2,-6.39844,-0.26953,7.31250
7158170,BNO_ACC,808,-700,2,-6.51172,-0.23047,7.16406
7167010,BNO_ACC,809,-1400,2,-6.62891,0.00000,7.12891
7177530,BNO_ACC,810,-3800,2,-6.78125,0.19141,7.01172
7186545,BNO_ACC,811,-4600,2,-6.74219,0.03906,7.05078
7191423,BNO_ACC,812,-2300,2,-6.78125,0.03906,6.96875
7198412,BNO_ACC,813,-500,2,-6.74219,-0.07812,7.08594
7207456,BNO_ACC,814,-1000,2,-7.05078,0.15234,6.78125
7217012,BNO_ACC,815,-3000,2,-6.89453,-0.03906,6.89453
7226850,BNO_ACC,816,-4700,2,-7.08594,0.07812,6.70312
7238726,BNO_ACC,817,-900,2,-7.35547,0.26953,6.47266
7247571,BNO_ACC,818,-1000,2,-7.55078,0.30469,6.32031
7258508,BNO_ACC,819,-4500,2,-7.54688,0.34375,6.43750
7266381,BNO_ACC,820,-4000,2,-7.65625,0.49609,6.08984
7271282,BNO_ACC,821,-2300,2,-7.54688,0.42188,6.35938
7278332,BNO_ACC,822,-500,2,-7.51172,0.23047,6.28125
7287566,BNO_ACC,823,-1000,2,-7.58594,0.26953,6.39844
7298638,BNO_ACC,824,-4500,2,-7.39062,0.15234,6.20703
7306782,BNO_ACC,825,-4400,2,-7.42969,0.03906,6.47266
7311685,BNO_ACC,826,-2300,2,-7.69531,0.30469,6.43750
7318538,BNO_ACC,827,-500,2,-7.62500,0.19141,6.12891
7327765,BNO_ACC,828,-1000,2,-7.55078,0.46094,6.39844
7336104,BNO_ACC,829,-1500,2,-7.73438,0.03906,6.47266
7346784,BNO_ACC,830,-4200,2,-7.65625,0.15234,6.16797
7351693,BNO_ACC,831,-2300,2,-7.73828,0.03906,6.66406
7358609,BNO_ACC,832,-500,2,-7.50781,-1.30078,6.62891
7367693,BNO_ACC,833,-1000,2,-6.89453,-1.68359,6.43750
7376781,BNO_ACC,834,-2000,2,-7.23828,-1.37891,7.08594
7387162,BNO_ACC,835,-4400,2,-7.66016,0.00000,6.05078
7398862,BNO_ACC,836,-500,2,-7.35547,-0.23047,6.28125
7407959,BNO_ACC,837,-1000,2,-7.43359,-1.33984,6.93359
7416404,BNO_ACC,838,-1400,2,-7.31250,-0.84375,6.74219
7426932,BNO_ACC,839,-4200,2,-6.89062,-1.10938,6.66406
7431853,BNO_ACC,840,-2300,2,-7.12500,-0.65234,6.66406
7438999,BNO_ACC,841,-500,2,-7.35156,-0.61328,6.24219
7447986,BNO_ACC,842,-1000,2,-7.85156,-0.19141,7.42969
7457063,BNO_ACC,843,-2000,2,-7.46875,-0.46094,6.28125
7467525,BNO_ACC,844,-4600,2,-6.89062,-0.30469,6.55078
7479210,BNO_ACC,845,-700,2,-7.46875,0.99609,6.93359
7488190,BNO_ACC,846,-1000,2,-7.66016,0.69141,6.58984
7497487,BNO_ACC,847,-2700,2,-6.78516,0.42188,6.39844
7507083,BNO_ACC,848,-3900,2,-7.04688,-0.26953,7.65625
7517477,BNO_ACC,849,-6200,2,-6.82031,0.03906,6.62891
7518609,BNO_ACC,850,-700,2,-6.58984,-0.19141,7.50781
7528127,BNO_ACC,851,-1000,2,-6.89453,0.00000,7.55078
7537233,BNO_ACC,852,-1800,2,-6.55078,-0.34375,6.70312
7547719,BNO_ACC,853,-4400,2,-6.55078,-1.14844,7.65625
7559541,BNO_ACC,854,-500,2,-5.93750,-1.60938,7.96875
7568405,BNO_ACC,855,-900,2,-5.78516,-0.80469,6.89453
7578546,BNO_ACC,856,-3400,2,-6.55078,0.11328,7.23828
7588492,BNO_ACC,857,-5300,2,-6.08984,0.38281,7.12891
7597052,BNO_ACC,858,-5300,2,-6.66406,0.76562,7.35547
7599945,BNO_ACC,859,-1000,2,-5.89844,0.72656,7.69531
7607904,BNO_ACC,860,-700,2,-5.70703,0.46094,7.35547
7618128,BNO_ACC,861,-2700,2,-5.55469,-0.15234,7.73828
7627848,BNO_ACC,862,-4300,2,-6.05078,0.49609,7.93359
7640014,BNO_ACC,863,-900,2,-6.16797,1.14844,8.23438
7647943,BNO_ACC,864,-700,2,-6.12891,1.87891,7.47266
7658960,BNO_ACC,865,-3400,2,-6.51172,1.18750,7.47266
7668594,BNO_ACC,866,-4900,2,-6.08984,1.60938,7.08594
7677227,BNO_ACC,867,-5300,2,-5.97656,1.03516,8.50391
7679895,BNO_ACC,868,-900,2,-5.66797,0.38281,7.69922
7688480,BNO_ACC,869,-700,2,-5.25000,0.00000,8.23828
7697583,BNO_ACC,870,-1500,2,-5.21094,-0.49609,8.31250
7708207,BNO_ACC,871,-4000,2,-4.94141,-1.10938,8.39453
7720087,BNO_ACC,872,-500,2,-4.82812,-1.22656,8.62109
7729087,BNO_ACC,873,-1000,2,-4.59766,-1.18750,8.65625
7738103,BNO_ACC,874,-2100,2,-5.01953,-1.22656,9.08203
7747533,BNO_ACC,875,-3300,2,-4.75000,-0.99609,8.92188
7757848,BNO_ACC,876,-5500,2,-4.82812,-0.72656,8.54297
7762091,BNO_ACC,877,-2500,2,-4.71094,-0.76562,9.38281
7769036,BNO_ACC,878,-1000,2,-4.48047,-1.22656,8.07812
7778887,BNO_ACC,879,-2900,2,-4.44531,-0.69141,8.50391
7788892,BNO_ACC,880,-4700,2,-4.63672,-0.57422,8.84766
7797616,BNO_ACC,881,-5100,2,-4.48047,-0.61328,8.77344
7801241,BNO_ACC,882,-1200,2,-4.71094,-0.57422,8.61719
7808432,BNO_ACC,883,-700,2,-4.59766,-0.57422,8.73828
7818684,BNO_ACC,884,-2300,2,-4.75000,-0.99609,8.77734
7829963,BNO_ACC,885,-5600,2,-4.71094,-0.76562,8.77344
7837648,BNO_ACC,886,-5000,2,-5.32422,-0.80469,9.04297
7840496,BNO_ACC,887,-1200,2,-5.09375,-0.84375,7.85547
7848599,BNO_ACC,888,-500,2,-4.90234,-0.11328,8.77734
7859532,BNO_ACC,889,-3100,2,-5.51562,-0.03906,8.01172
7868979,BNO_ACC,890,-4500,2,-5.51562,0.34375,8.07812
7877723,BNO_ACC,891,-4900,2,-5.66797,1.03516,7.92969
7881424,BNO_ACC,892,-1000,2,-5.63281,1.26562,7.69531
7888747,BNO_ACC,893,-500,2,-5.66797,1.14844,7.55078
7899585,BNO_ACC,894,-3100,2,-5.97656,0.61328,7.97266
7909240,BNO_ACC,895,-4500,2,-5.51562,0.42188,7.92969
7917776,BNO_ACC,896,-4700,2,-5.74609,0.11328,7.92969
7920582,BNO_ACC,897,-1000,2,-5.63281,-0.30469,8.03906
7928808,BNO_ACC,898,-500,2,-5.51562,-0.65234,8.19922
7939819,BNO_ACC,899,-3200,2,-5.47656,-0.99609,8.04297
7948511,BNO_ACC,900,-3800,2,-5.13281,-1.14844,8.11719
7957847,BNO_ACC,901,-4800,2,-5.47656,-1.07422,8.35547
7961607,BNO_ACC,902,-1200,2,-5.36328,-0.99609,8.00781
7968908,BNO_ACC,903,-700,2,-5.66797,-0.57422,7.89453
7979861,BNO_ACC,904,-2900,2,-5.82422,-0.11328,8.07812
7987744,BNO_ACC,905,-2600,2,-5.82422,0.11328,7.62500
7998076,BNO_ACC,906,-4800,2,-5.82422,0.42188,7.73438
8001799,BNO_ACC,907,-1200,2,-5.82422,0.34375,7.77734
8008987,BNO_ACC,908,-700,2,-5.85938,-0.07812,7.62500
8019912,BNO_ACC,909,-2900,2,-5.78516,-0.34375,7.81641
8029602,BNO_ACC,910,-4300,2,-5.55469,-0.61328,7.85156
8038195,BNO_ACC,911,-4600,2,-5.70703,-0.38281,8.00781
8042571,BNO_ACC,912,-2500,2,-5.82422,-0.61328,7.77734
8049456,BNO_ACC,913,-500,2,-5.78516,-0.30469,7.77734
8059836,BNO_ACC,914,-2500,2,-5.78516,-0.30469,7.85156
8067820,BNO_ACC,915,-2100,2,-5.78516,-0.15234,7.69922
8078194,BNO_ACC,916,-4600,2,-5.97656,-0.38281,7.69922
8083105,BNO_ACC,917,-2300,2,-5.89844,-0.23047,7.77344
8090110,BNO_ACC,918,-700,2,-6.05078,-0.03906,7.69531
8098975,BNO_ACC,919,-1400,2,-6.01562,-0.11328,7.55078
8110004,BNO_ACC,920,-4500,2,-6.05078,-0.15234,7.77734
8118370,BNO_ACC,921,-4500,2,-6.08984,-0.11328,7.42969
8123281,BNO_ACC,922,-2300,2,-6.08984,-0.30469,7.69531
8130144,BNO_ACC,923,-700,2,-6.05078,-0.30469,7.51172
8139270,BNO_ACC,924,-1600,2,-6.08984,-0.26953,7.39062
8150305,BNO_ACC,925,-4700,2,-6.05078,-0.19141,7.65625
8158210,BNO_ACC,926,-4400,2,-6.05078,-0.23047,7.51172
8170296,BNO_ACC,927,-700,2,-6.01562,-0.53516,7.43359
8179368,BNO_ACC,928,-1000,2,-5.97656,-0.30469,7.73828
8189596,BNO_ACC,929,-3800,2,-6.24219,-0.07812,7.35156
8199122,BNO_ACC,930,-5000,2,-6.32031,-0.11328,7.47266
8203220,BNO_ACC,931,-2300,2,-6.08984,-0.11328,7.62891
8210114,BNO_ACC,932,-500,2,-6.24219,-0.03906,7.46875
8219531,BNO_ACC,933,-900,2,-6.12891,-0.07812,7.35547
8230525,BNO_ACC,934,-4500,2,-6.24219,-0.07812,7.66016
8238551,BNO_ACC,935,-4400,2,-6.28125,-0.07812,7.23828
8243471,BNO_ACC,936,-2300,2,-6.24219,-0.15234,7.46875
8250322,BNO_ACC,937,-700,2,-6.32031,-0.03906,7.39062
8259745,BNO_ACC,938,-1000,2,-6.16797,-0.07812,7.42969
8269105,BNO_ACC,939,-2800,2,-6.24219,0.00000,7.43359
8278980,BNO_ACC,940,-4500,2,-6.32031,-0.15234,7.35547
8290803,BNO_ACC,941,-700,2,-6.24219,-0.15234,7.39453
8299683,BNO_ACC,942,-900,2,-6.20703,-0.07812,7.42969
8310831,BNO_ACC,943,-4500,2,-6.24219,0.00000,7.43359
8318937,BNO_ACC,944,-4200,2,-6.28125,-0.03906,7.31250
8323848,BNO_ACC,945,-2300,2,-6.32031,-0.11328,7.35547
8330730,BNO_ACC,946,-700,2,-6.24219,-0.11328,7.39453
8339807,BNO_ACC,947,-900,2,-6.28125,-0.15234,7.35156
8348957,BNO_ACC,948,-2200,2,-6.28125,-0.19141,7.39062
8359382,BNO_ACC,949,-4600,2,-6.28125,-0.23047,7.31641
8371096,BNO_ACC,950,-900,2,-6.32031,-0.11328,7.35547
8379994,BNO_ACC,951,-1000,2,-6.28125,-0.11328,7.39453
8389091,BNO_ACC,952,-2000,2,-6.32031,-0.07812,7.35547
8399574,BNO_ACC,953,-4600,2,-6.24219,-0.19141,7.35547
8411322,BNO_ACC,954,-700,2,-6.32031,-0.11328,7.35547
8420068,BNO_ACC,955,-1000,2,-6.32031,-0.15234,7.31641
8429281,BNO_ACC,956,-2200,2,-6.35938,-0.15234,7.31250
8439738,BNO_ACC,957,-4800,2,-6.32031,-0.19141,7.27734
8451384,BNO_ACC,958,-700,2,-6.28125,-0.11328,7.43359
8460261,BNO_ACC,959,-900,2,-6.43750,0.00000,7.23438
8468671,BNO_ACC,960,-1300,2,-6.28125,-0.15234,7.43359
8479308,BNO_ACC,961,-4000,2,-6.20703,0.00000,7.47266
8484234,BNO_ACC,962,-2300,2,-6.47266,-0.07812,7.20703
8491358,BNO_ACC,963,-500,2,-6.24219,-0.15234,7.35156
8500762,BNO_ACC,964,-1000,2,-6.28125,-0.15234,7.43359
8508893,BNO_ACC,965,-1400,2,-6.24219,-0.19141,7.35547
8519786,BNO_ACC,966,-4400,2,-6.28125,-0.26953,7.31250
8528752,BNO_ACC,967,-5800,2,-6.32031,-0.15234,7.39062
8532799,BNO_ACC,968,-1000,2,-6.35938,-0.07812,7.31250
8540094,BNO_ACC,969,-700,2,-6.43750,-0.07812,7.27344
8549522,BNO_ACC,970,-2000,2,-6.16797,-0.07812,7.47266
8560226,BNO_ACC,971,-4600,2,-6.43750,-0.07812,7.23438
8571934,BNO_ACC,972,-900,2,-6.35938,-0.11328,7.31250
8580925,BNO_ACC,973,-1000,2,-6.35938,-0.15234,7.31250
8589065,BNO_ACC,974,-1500,2,-6.35938,-0.07812,7.27734
8599835,BNO_ACC,975,-4100,2,-6.39844,-0.11328,7.35156
8609373,BNO_ACC,976,-5500,2,-6.39844,-0.11328,7.27734
8613030,BNO_ACC,977,-1200,2,-6.43750,-0.19141,7.27734
8620095,BNO_ACC,978,-500,2,-6.39844,-0.15234,7.27734
8629505,BNO_ACC,979,-1700,2,-6.39844,-0.11328,7.23828
8640461,BNO_ACC,980,-4400,2,-6.35938,-0.11328,7.31250
8652225,BNO_ACC,981,-900,2,-6.43750,-0.15234,7.23438
8661331,BNO_ACC,982,-1000,2,-6.39844,-0.11328,7.23828
8670436,BNO_ACC,983,-2500,2,-6.43750,-0.15234,7.27344
8680186,BNO_ACC,984,-4000,2,-6.43750,-0.11328,7.27344
8689732,BNO_ACC,985,-5500,2,-6.43750,-0.07812,7.23438
8691338,BNO_ACC,986,-500,2,-6.28125,-0.03906,7.31250
8700963,BNO_ACC,987,-900,2,-6.47266,-0.11328,7.16797
8710666,BNO_ACC,988,-2700,2,-6.35938,-0.15234,7.31250
8720556,BNO_ACC,989,-4200,2,-6.47266,-0.15234,7.23438
8729634,BNO_ACC,990,-5800,2,-6.43750,-0.15234,7.20703
8733368,BNO_ACC,991,-1200,2,-6.43750,-0.11328,7.27344
8740424,BNO_ACC,992,-700,2,-6.43750,-0.11328,7.23438
8749790,BNO_ACC,993,-1300,2,-6.43750,-0.11328,7.23438
8760541,BNO_ACC,994,-4100,2,-6.43750,-0.11328,7.23438
8770150,BNO_ACC,995,-5600,2,-6.43750,-0.11328,7.27344
8771792,BNO_ACC,996,-700,2,-6.43750,-0.11328,7.27344
8781165,BNO_ACC,997,-900,2,-6.08984,-0.11328,7.51172
8790644,BNO_ACC,998,-2100,2,-6.32031,-0.15234,7.27344
8801958,BNO_ACC,999,-5600,2,-6.28125,-0.19141,7.39062
8810074,BNO_ACC,1000,-5500,2,-6.24219,-0.23047,7.42969
8821833,BNO_ACC,1001,-1400,2,-6.32031,-0.23047,7.39453
8831601,BNO_ACC,1002,-3100,2,-6.12891,-0.30469,7.43359
8841465,BNO_ACC,1003,-4900,2,-6.20703,-0.23047,7.35156
8850024,BNO_ACC,1004,-5300,2,-6.32031,-0.19141,7.35156
8854246,BNO_ACC,1005,-2500,2,-6.16797,-0.23047,7.39453
8861265,BNO_ACC,1006,-700,2,-6.20703,-0.03906,7.42969
8871668,BNO_ACC,1007,-3100,2,-6.35938,-0.07812,7.46875
8881590,BNO_ACC,1008,-4900,2,-6.12891,-0.30469,7.35156
8890100,BNO_ACC,1009,-5200,2,-6.08984,-0.23047,7.50781
8894483,BNO_ACC,1010,-2500,2,-6.16797,-0.38281,7.51172
8901407,BNO_ACC,1011,-700,2,-6.05078,-0.30469,7.73438
8911768,BNO_ACC,1012,-3100,2,-6.01562,-0.53516,7.58594
8921606,BNO_ACC,1013,-4700,2,-6.05078,-0.46094,7.31250
8930379,BNO_ACC,1014,-5200,2,-6.12891,-0.11328,7.54688
8942024,BNO_ACC,1015,-1000,2,-6.01562,-0.19141,7.51172
8951664,BNO_ACC,1016,-2500,2,-5.97656,-0.07812,7.85547
8961923,BNO_ACC,1017,-4900,2,-5.89844,-0.07812,7.69531
8970146,BNO_ACC,1018,-4800,2,-5.66797,-0.34375,7.54688
8972925,BNO_ACC,1019,-1000,2,-5.85938,-0.26953,7.85156
8981322,BNO_ACC,1020,-700,2,-5.70703,-0.03906,7.73438
8992685,BNO_ACC,1021,-3400,2,-5.74609,-0.11328,7.92969
9002253,BNO_ACC,1022,-5100,2,-5.78516,0.03906,7.97266
9010544,BNO_ACC,1023,-4900,2,-5.66797,0.03906,7.89062
9022286,BNO_ACC,1024,-900,2,-5.89844,0.07812,8.01172
9031893,BNO_ACC,1025,-2700,2,-5.70703,-0.15234,8.12109
9041351,BNO_ACC,1026,-4200,2,-5.63281,-0.42188,7.43359
9050735,BNO_ACC,1027,-5200,2,-5.78516,-0.15234,8.27734
9054970,BNO_ACC,1028,-2500,2,-5.78516,-0.07812,7.97266
9061865,BNO_ACC,1029,-700,2,-5.63281,0.03906,7.20703
9071314,BNO_ACC,1030,-1800,2,-5.66797,0.11328,7.97266
9082176,BNO_ACC,1031,-4700,2,-5.74609,0.11328,8.27734
9090076,BNO_ACC,1032,-4400,2,-5.51562,-0.23047,8.12109
9102229,BNO_ACC,1033,-700,2,-5.44141,-0.46094,8.07812
9111109,BNO_ACC,1034,-1400,2,-5.32422,-0.61328,8.15625
9122234,BNO_ACC,1035,-4500,2,-5.28516,-0.57422,8.15625
9130345,BNO_ACC,1036,-4400,2,-5.28516,-0.80469,8.03906
9135254,BNO_ACC,1037,-2300,2,-5.40234,-0.88281,8.16016
9142278,BNO_ACC,1038,-700,2,-5.44141,-0.84375,8.11719
9151523,BNO_ACC,1039,-1000,2,-5.59375,-0.38281,8.31250
9162599,BNO_ACC,1040,-4700,2,-5.66797,-0.23047,7.85156
9170700,BNO_ACC,1041,-4400,2,-5.82422,0.07812,7.62500
9175626,BNO_ACC,1042,-2300,2,-6.01562,0.76562,7.20703
9182556,BNO_ACC,1043,-500,2,-6.08984,1.22656,7.58984
9191538,BNO_ACC,1044,-1000,2,-6.12891,1.18750,7.54688
9202423,BNO_ACC,1045,-4500,2,-6.20703,0.99609,7.42969
9210834,BNO_ACC,1046,-4600,2,-6.20703,0.65234,7.69922
9215746,BNO_ACC,1047,-2100,2,-6.05078,0.42188,8.00781
9222716,BNO_ACC,1048,-500,2,-6.05078,-0.11328,7.85156
9231633,BNO_ACC,1049,-1600,2,-5.89844,-0.34375,7.62500
9242684,BNO_ACC,1050,-4500,2,-5.78516,-0.34375,7.92969
9250952,BNO_ACC,1051,-4400,2,-5.82422,-0.49609,7.89453
9255854,BNO_ACC,1052,-2300,2,-5.82422,-0.65234,7.73828
9262642,BNO_ACC,1053,-700,2,-5.70703,-0.72656,7.54688
9271901,BNO_ACC,1054,-1000,2,-5.74609,-0.69141,7.55078
9282856,BNO_ACC,1055,-4500,2,-5.82422,-0.69141,7.62891
9291171,BNO_ACC,1056,-4400,2,-5.89844,-0.69141,7.65625
9296089,BNO_ACC,1057,-2300,2,-5.97656,-0.49609,7.77344
9302863,BNO_ACC,1058,-700,2,-6.08984,-0.19141,7.58594
9312038,BNO_ACC,1059,-1000,2,-6.12891,0.07812,7.54688
9323065,BNO_ACC,1060,-4500,2,-6.12891,0.07812,7.65625
9331146,BNO_ACC,1061,-4300,2,-6.24219,0.07812,7.35156
9336067,BNO_ACC,1062,-2300,2,-6.08984,-0.26953,7.31641
9342884,BNO_ACC,1063,-500,2,-6.05078,-0.65234,7.69531
9352088,BNO_ACC,1064,-1000,2,-6.01562,-0.65234,7.35156
9363004,BNO_ACC,1065,-4300,2,-5.97656,-0.91797,7.20703
9371017,BNO_ACC,1066,-4100,2,-5.93750,-0.91797,6.92969
9375938,BNO_ACC,1067,-2300,2,-6.05078,-1.10938,7.31641
9382982,BNO_ACC,1068,-500,2,-6.28125,-1.07422,7.27344
9392283,BNO_ACC,1069,-1000,2,-6.35938,-0.72656,7.23828
9403369,BNO_ACC,1070,-4500,2,-6.51172,-0.19141,7.08594
9411218,BNO_ACC,1071,-4100,2,-6.85156,0.57422,6.58984
9416125,BNO_ACC,1072,-2300,2,-7.12500,1.49219,6.12891
9423135,BNO_ACC,1073,-700,2,-7.55078,2.45312,6.32031
9432329,BNO_ACC,1074,-1000,2,-7.81250,2.98828,6.51172
9442966,BNO_ACC,1075,-4000,2,-7.81641,2.14453,6.70312
9451201,BNO_ACC,1076,-3900,2,-7.42969,1.26562,7.12500
9463703,BNO_ACC,1077,-900,2,-6.62891,-1.07422,7.08594
9472408,BNO_ACC,1078,-900,2,-6.39844,-1.53125,7.20703
9481529,BNO_ACC,1079,-2000,2,-6.35938,-1.57031,7.08594
9491867,BNO_ACC,1080,-4400,2,-6.39844,-1.33984,6.93359
9503521,BNO_ACC,1081,-500,2,-6.85547,0.23047,7.00781
9512471,BNO_ACC,1082,-1000,2,-7.08984,0.34375,6.85547
9523081,BNO_ACC,1083,-3800,2,-7.16797,0.76562,6.78125
9531584,BNO_ACC,1084,-3900,2,-7.12891,0.72656,7.01172
9536521,BNO_ACC,1085,-2300,2,-6.85156,0.49609,6.74219
9543626,BNO_ACC,1086,-700,2,-6.70312,0.15234,6.82422
9552451,BNO_ACC,1087,-1000,2,-6.51172,-0.11328,7.08984
9561607,BNO_ACC,1088,-1800,2,-6.47266,-0.34375,7.23438
9572143,BNO_ACC,1089,-4400,2,-6.43750,-0.15234,6.97266
9583973,BNO_ACC,1090,-500,2,-6.51172,-0.23047,7.20312
9593061,BNO_ACC,1091,-1000,2,-6.47266,-0.11328,7.35547
9602952,BNO_ACC,1092,-3400,2,-6.62891,0.38281,7.01172
9611596,BNO_ACC,1093,-3700,2,-6.70312,0.49609,7.08594
9622107,BNO_ACC,1094,-6100,2,-6.70312,0.53516,7.20312
9623352,BNO_ACC,1095,-700,2,-6.74219,0.03906,6.70312
9632767,BNO_ACC,1096,-1000,2,-6.66406,-0.03906,7.08594
9641963,BNO_ACC,1097,-1800,2,-6.66406,0.15234,7.27734
9653326,BNO_ACC,1098,-5400,2,-6.74219,0.00000,7.08594
9661782,BNO_ACC,1099,-5500,2,-6.85547,-0.15234,7.16797
9663418,BNO_ACC,1100,-500,2,-6.62891,-0.07812,7.12891
9672965,BNO_ACC,1101,-900,2,-6.74219,-0.42188,6.89062
9683045,BNO_ACC,1102,-3200,2,-6.62891,-0.34375,6.92969
9691765,BNO_ACC,1103,-3500,2,-6.70312,-0.26953,6.93359
9702291,BNO_ACC,1104,-6100,2,-6.62891,-0.26953,7.08984
9703643,BNO_ACC,1105,-700,2,-6.62891,-0.46094,6.74609
9712772,BNO_ACC,1106,-900,2,-6.47266,-0.26953,6.97266
9721901,BNO_ACC,1107,-1500,2,-6.51172,-0.34375,7.27344
9732492,BNO_ACC,1108,-4000,2,-6.62891,-0.38281,7.08984
9745567,BNO_ACC,1109,-1200,2,-6.70312,-0.23047,6.89062
9752511,BNO_ACC,1110,-500,2,-6.85547,0.00000,6.47266
9763496,BNO_ACC,1111,-3200,2,-6.93359,0.49609,7.05078
9771599,BNO_ACC,1112,-3000,2,-7.08594,0.72656,6.89453
9781993,BNO_ACC,1113,-5300,2,-7.27344,0.42188,6.66406
9785652,BNO_ACC,1114,-1200,2,-7.05078,0.34375,6.93359
9792613,BNO_ACC,1115,-500,2,-6.92969,0.00000,6.58984
9802743,BNO_ACC,1116,-2300,2,-6.89453,0.03906,7.16406
9813901,BNO_ACC,1117,-5400,2,-6.85156,-0.03906,6.78125
9821925,BNO_ACC,1118,-5100,2,-6.51172,-0.19141,7.20312
9824605,BNO_ACC,1119,-900,2,-6.51172,-0.19141,6.93359
9833165,BNO_ACC,1120,-700,2,-6.35938,-0.26953,7.31250
9844211,BNO_ACC,1121,-3600,2,-6.28125,-0.03906,7.35156
9853349,BNO_ACC,1122,-4900,2,-6.16797,-0.34375,7.47266
9862236,BNO_ACC,1123,-5300,2,-6.20703,-0.42188,7.39453
9866503,BNO_ACC,1124,-2500,2,-6.20703,-0.19141,7.58594
9873269,BNO_ACC,1125,-700,2,-6.24219,0.23047,7.27344
9882348,BNO_ACC,1126,-1300,2,-6.24219,0.30469,7.04688
9894209,BNO_ACC,1127,-5400,2,-6.35938,0.46094,7.39453
9902129,BNO_ACC,1128,-5000,2,-6.58984,0.61328,7.47266
9904939,BNO_ACC,1129,-1000,2,-6.39844,0.15234,7.08594
9913136,BNO_ACC,1130,-500,2,-6.20703,-0.15234,7.54688
9924042,BNO_ACC,1131,-3200,2,-6.12891,-0.26953,7.62891
9933827,BNO_ACC,1132,-4700,2,-6.08984,-0.42188,7.35156
9942349,BNO_ACC,1133,-5100,2,-5.93750,-0.42188,7.46875
9945991,BNO_ACC,1134,-1200,2,-6.01562,-0.30469,7.62891
9953222,BNO_ACC,1135,-700,2,-6.08984,-0.15234,7.58984
9964328,BNO_ACC,1136,-3200,2,-6.01562,-0.26953,7.55078
9973656,BNO_ACC,1137,-4500,2,-6.01562,-0.23047,7.54688
9982228,BNO_ACC,1138,-4800,2,-6.01562,-0.34375,7.69531
9984900,BNO_ACC,1139,-900,2,-6.05078,-0.34375,7.46875
9993408,BNO_ACC,1140,-700,2,-6.05078,-0.38281,7.50781
10004401,BNO_ACC,1141,-3100,2,-6.05078,-0.19141,7.58984
10013872,BNO_ACC,1142,-4300,2,-6.08984,-0.11328,7.31641
10022510,BNO_ACC,1143,-5000,2,-6.08984,0.11328,7.35547
10026145,BNO_ACC,1144,-1400,2,-6.20703,0.46094,7.58984
10033339,BNO_ACC,1145,-700,2,-6.28125,0.61328,7.39453
10044335,BNO_ACC,1146,-2900,2,-6.12891,0.61328,7.69922
10052122,BNO_ACC,1147,-2400,2,-6.05078,-0.03906,7.69531
10062596,BNO_ACC,1148,-4800,2,-5.82422,-0.42188,7.62891
10066241,BNO_ACC,1149,-1200,2,-5.97656,-0.69141,7.96875
10073463,BNO_ACC,1150,-700,2,-5.85938,-0.76562,7.65625
10084293,BNO_ACC,1151,-2700,2,-5.93750,-1.03516,7.42969
10093540,BNO_ACC,1152,-4000,2,-6.01562,-0.99609,7.85156
10103174,BNO_ACC,1153,-5400,2,-5.97656,-0.72656,7.23438
10107249,BNO_ACC,1154,-2300,2,-6.39844,-0.11328,7.62500
10114121,BNO_ACC,1155,-500,2,-6.24219,0.26953,7.20312
10123422,BNO_ACC,1156,-1600,2,-6.24219,0.42188,7.35547
10132712,BNO_ACC,1157,-2600,2,-6.35938,0.65234,6.89453
10143347,BNO_ACC,1158,-5200,2,-6.35938,0.46094,7.39453
10154782,BNO_ACC,1159,-900,2,-6.32031,-0.30469,7.50781
10163590,BNO_ACC,1160,-1600,2,-6.28125,-0.42188,7.47266
10174475,BNO_ACC,1161,-4500,2,-6.35938,-0.49609,7.35156
10182644,BNO_ACC,1162,-4400,2,-6.32031,-0.65234,7.12891
10187566,BNO_ACC,1163,-2300,2,-6.20703,-0.72656,7.54688
10194482,BNO_ACC,1164,-500,2,-6.28125,-0.61328,7.05078
10203597,BNO_ACC,1165,-1600,2,-6.51172,-0.15234,7.54688
10214575,BNO_ACC,1166,-4500,2,-6.55078,0.34375,6.85156
10222872,BNO_ACC,1167,-4400,2,-6.62891,0.15234,7.12891
10227777,BNO_ACC,1168,-2300,2,-6.62891,0.34375,7.35547
10234760,BNO_ACC,1169,-700,2,-6.47266,0.11328,7.16797
10244043,BNO_ACC,1170,-1000,2,-6.51172,-0.19141,7.08594
10255018,BNO_ACC,1171,-4700,2,-6.43750,0.00000,7.12891
10263103,BNO_ACC,1172,-4500,2,-6.51172,-0.11328,7.12891
10268044,BNO_ACC,1173,-2300,2,-6.62891,-0.07812,7.20703
10274986,BNO_ACC,1174,-700,2,-6.39844,-0.11328,7.27734
10283942,BNO_ACC,1175,-1400,2,-6.47266,-0.07812,7.27344
10293275,BNO_ACC,1176,-2600,2,-6.28125,0.03906,7.35156
10303596,BNO_ACC,1177,-4800,2,-6.39844,-0.11328,7.27734
10315233,BNO_ACC,1178,-700,2,-6.43750,0.07812,7.31641
10324176,BNO_ACC,1179,-1000,2,-6.35938,-0.19141,7.31641
10335172,BNO_ACC,1180,-4500,2,-6.32031,-0.23047,7.31250
10343291,BNO_ACC,1181,-4400,2,-6.28125,-0.38281,7.23828
10348211,BNO_ACC,1182,-2300,2,-6.28125,-0.26953,7.31250
10355024,BNO_ACC,1183,-700,2,-6.24219,-0.23047,7.35547
10364250,BNO_ACC,1184,-1000,2,-6.35938,-0.19141,7.27344
10375247,BNO_ACC,1185,-4500,2,-6.20703,0.19141,7.43359
10383336,BNO_ACC,1186,-4300,2,-6.32031,0.03906,7.39062
10388281,BNO_ACC,1187,-2300,2,-6.24219,-0.03906,7.46875
10395142,BNO_ACC,1188,-700,2,-6.12891,-0.15234,7.58984
10404368,BNO_ACC,1189,-900,2,-6.28125,-0.15234,7.35156
10415445,BNO_ACC,1190,-4300,2,-6.24219,-0.07812,7.50781
10423351,BNO_ACC,1191,-4100,2,-6.32031,-0.11328,7.31641
10428284,BNO_ACC,1192,-2300,2,-6.28125,-0.23047,7.39062
10435355,BNO_ACC,1193,-700,2,-6.24219,-0.34375,7.35156
10444532,BNO_ACC,1194,-1000,2,-6.32031,-0.34375,7.35547
10455616,BNO_ACC,1195,-4300,2,-6.39844,-0.19141,7.35547
10463613,BNO_ACC,1196,-4200,2,-6.47266,-0.15234,7.35547
10468537,BNO_ACC,1197,-2300,2,-6.28125,-0.07812,7.23828
10475453,BNO_ACC,1198,-500,2,-6.16797,-0.03906,7.20703
10484616,BNO_ACC,1199,-900,2,-6.28125,0.07812,7.27734
10493816,BNO_ACC,1200,-2200,2,-6.16797,0.11328,7.54688
10504183,BNO_ACC,1201,-4600,2,-6.24219,0.03906,7.35156
10515802,BNO_ACC,1202,-700,2,-6.35938,0.03906,7.31250
10524509,BNO_ACC,1203,-900,2,-6.32031,-0.03906,7.27344
10535180,BNO_ACC,1204,-3800,2,-6.32031,-0.11328,7.16797
10543792,BNO_ACC,1205,-4000,2,-6.51172,-0.19141,7.31250
10548724,BNO_ACC,1206,-2300,2,-6.39844,-0.23047,7.08984
10555884,BNO_ACC,1207,-700,2,-6.51172,-0.34375,7.27344
10564860,BNO_ACC,1208,-1000,2,-6.35938,-0.34375,7.31250
10573974,BNO_ACC,1209,-2200,2,-6.39844,-0.26953,7.31250
10584520,BNO_ACC,1210,-4600,2,-6.47266,-0.19141,7.23828
10596245,BNO_ACC,1211,-700,2,-6.47266,-0.15234,7.12891
10605161,BNO_ACC,1212,-900,2,-6.43750,0.00000,7.12891
10615068,BNO_ACC,1213,-3200,2,-6.47266,0.11328,7.23438
10623724,BNO_ACC,1214,-3700,2,-6.58984,0.15234,7.16797
10634223,BNO_ACC,1215,-6100,2,-6.35938,0.15234,7.27734
10635417,BNO_ACC,1216,-700,2,-6.43750,0.23047,7.20312
10644942,BNO_ACC,1217,-900,2,-6.24219,0.07812,7.35156
10654111,BNO_ACC,1218,-2000,2,-6.55078,-0.11328,7.20312
10664786,BNO_ACC,1219,-4400,2,-6.24219,-0.15234,7.39453
10676443,BNO_ACC,1220,-700,2,-6.28125,-0.38281,7.39453
10685158,BNO_ACC,1221,-1000,2,-6.47266,-0.30469,7.23828
10695762,BNO_ACC,1222,-3600,2,-6.24219,-0.26953,7.43359
10703892,BNO_ACC,1223,-3300,2,-6.51172,-0.19141,7.20312
10714416,BNO_ACC,1224,-5900,2,-6.55078,-0.15234,7.16406
10715730,BNO_ACC,1225,-700,2,-6.39844,-0.03906,7.23828
10725398,BNO_ACC,1226,-1000,2,-6.62891,-0.03906,7.08984
10735494,BNO_ACC,1227,-3100,2,-6.32031,-0.11328,7.23438
10743931,BNO_ACC,1228,-3500,2,-6.55078,-0.11328,7.08594
10754204,BNO_ACC,1229,-5700,2,-6.58984,-0.07812,7.12891
10755782,BNO_ACC,1230,-500,2,-6.70312,0.07812,7.08594
10765214,BNO_ACC,1231,-700,2,-6.43750,-0.07812,7.20703
10774318,BNO_ACC,1232,-1500,2,-6.47266,0.03906,7.20703
10784802,BNO_ACC,1233,-4000,2,-6.43750,-0.15234,7.16797
10797849,BNO_ACC,1234,-1200,2,-6.47266,-0.19141,7.20312
10804827,BNO_ACC,1235,-500,2,-6.51172,-0.30469,7.23828
10815855,BNO_ACC,1236,-3200,2,-6.55078,-0.23047,7.08984
10825881,BNO_ACC,1237,-5100,2,-6.47266,-0.07812,7.35547
10834182,BNO_ACC,1238,-5100,2,-6.66406,0.15234,6.96875
10837059,BNO_ACC,1239,-1000,2,-6.51172,0.15234,7.27344
10845144,BNO_ACC,1240,-500,2,-6.47266,-0.03906,7.16797
10856180,BNO_ACC,1241,-3400,2,-6.55078,0.00000,7.16406
10865650,BNO_ACC,1242,-4900,2,-6.47266,-0.07812,7.20703
10874258,BNO_ACC,1243,-5100,2,-6.51172,-0.11328,7.04688
10877206,BNO_ACC,1244,-1200,2,-6.51172,-0.07812,7.23438
10885179,BNO_ACC,1245,-700,2,-6.47266,-0.23047,7.20312
10895538,BNO_ACC,1246,-2700,2,-6.47266,-0.15234,7.23438
10905330,BNO_ACC,1247,-4100,2,-6.43750,-0.15234,7.12891
10914846,BNO_ACC,1248,-5400,2,-6.47266,-0.11328,7.20703
10926142,BNO_ACC,1249,-900,2,-6.35938,0.07812,7.27734
10935809,BNO_ACC,1250,-2700,2,-6.43750,0.07812,7.16797
10945894,BNO_ACC,1251,-4900,2,-6.39844,0.07812,7.23828
10954443,BNO_ACC,1252,-4900,2,-6.28125,0.03906,7.23828
10957123,BNO_ACC,1253,-900,2,-6.32031,-0.07812,7.47266
10965461,BNO_ACC,1254,-500,2,-6.28125,-0.11328,7.23828
10976545,BNO_ACC,1255,-3100,2,-6.28125,-0.23047,7.31641
10985961,BNO_ACC,1256,-4700,2,-6.39844,-0.30469,7.39062
10994504,BNO_ACC,1257,-4900,2,-6.35938,-0.30469,7.23438
10998278,BNO_ACC,1258,-1200,2,-6.47266,-0.38281,7.39062
11005574,BNO_ACC,1259,-700,2,-6.51172,-0.23047,7.35156
11016771,BNO_ACC,1260,-3200,2,-6.35938,-0.38281,7.16406
11026151,BNO_ACC,1261,-4500,2,-6.28125,-0.23047,7.35547
11035073,BNO_ACC,1262,-5200,2,-6.32031,-0.11328,7.39062
11047079,BNO_ACC,1263,-1400,2,-6.12891,-0.19141,7.39453
11056622,BNO_ACC,1264,-3100,2,-6.16797,-0.19141,7.58594
11064694,BNO_ACC,1265,-2700,2,-6.12891,-0.26953,7.42969
11075444,BNO_ACC,1266,-5500,2,-6.12891,-0.34375,7.58984
11087215,BNO_ACC,1267,-1400,2,-6.12891,-0.34375,7.54688
11095026,BNO_ACC,1268,-900,2,-6.28125,-0.23047,7.31641
11105612,BNO_ACC,1269,-3400,2,-6.20703,-0.30469,7.50781
11115359,BNO_ACC,1270,-5100,2,-6.24219,-0.19141,7.35547
11126578,BNO_ACC,1271,-900,2,-6.20703,0.07812,7.42969
11136531,BNO_ACC,1272,-2500,2,-6.39844,0.07812,7.35156
11146515,BNO_ACC,1273,-4300,2,-6.20703,-0.15234,7.51172
11154950,BNO_ACC,1274,-4600,2,-6.20703,-0.23047,7.46875
11159877,BNO_ACC,1275,-2100,2,-6.16797,-0.34375,7.42969
11166874,BNO_ACC,1276,-700,2,-6.20703,-0.30469,7.46875
11176718,BNO_ACC,1277,-2500,2,-6.24219,-0.34375,7.35156
11186674,BNO_ACC,1278,-4300,2,-6.28125,-0.23047,7.35547
11195102,BNO_ACC,1279,-4600,2,-6.32031,-0.26953,7.23438
11200020,BNO_ACC,1280,-2300,2,-6.32031,-0.07812,7.35547
11207205,BNO_ACC,1281,-900,2,-6.39844,0.03906,7.20312
11216961,BNO_ACC,1282,-2500,2,-6.32031,-0.07812,7.31641
11224774,BNO_ACC,1283,-2200,2,-6.32031,-0.07812,7.31641
11235417,BNO_ACC,1284,-4800,2,-6.32031,-0.15234,7.39062
11247175,BNO_ACC,1285,-900,2,-6.32031,-0.03906,7.39062
11256217,BNO_ACC,1286,-1800,2,-6.47266,-0.07812,7.08984
11267416,BNO_ACC,1287,-4900,2,-6.47266,-0.15234,7.35547
11275553,BNO_ACC,1288,-4600,2,-6.55078,-0.03906,7.27734
11287420,BNO_ACC,1289,-900,2,-6.47266,-0.07812,7.31641
11296316,BNO_ACC,1290,-1800,2,-6.47266,0.00000,7.16797
11307573,BNO_ACC,1291,-4700,2,-6.47266,-0.15234,7.12891
11315806,BNO_ACC,1292,-4600,2,-6.47266,-0.11328,7.23438
11327714,BNO_ACC,1293,-900,2,-6.39844,-0.19141,7.04688
11337496,BNO_ACC,1294,-2700,2,-6.43750,-0.11328,7.31641
11345131,BNO_ACC,1295,-2000,2,-6.39844,0.00000,7.27734
11355725,BNO_ACC,1296,-4600,2,-6.47266,-0.07812,7.08984
11360677,BNO_ACC,1297,-2300,2,-6.62891,0.00000,7.20703
11367601,BNO_ACC,1298,-700,2,-6.43750,0.15234,7.23438
11376500,BNO_ACC,1299,-1400,2,-6.51172,0.07812,7.01172
11386070,BNO_ACC,1300,-2800,2,-6.55078,0.07812,7.23828
11396068,BNO_ACC,1301,-4600,2,-6.47266,0.11328,7.31641
11407839,BNO_ACC,1302,-700,2,-6.35938,-0.19141,7.35547
11416721,BNO_ACC,1303,-1600,2,-6.28125,-0.11328,7.12500
11428041,BNO_ACC,1304,-4700,2,-6.43750,-0.11328,7.42969
11436166,BNO_ACC,1305,-4600,2,-6.47266,-0.07812,7.23438
11448085,BNO_ACC,1306,-900,2,-6.35938,-0.11328,7.31250
11456976,BNO_ACC,1307,-1600,2,-6.43750,-0.15234,7.27344
11465649,BNO_ACC,1308,-2000,2,-6.35938,-0.23047,7.51172
11476297,BNO_ACC,1309,-4600,2,-6.51172,-0.38281,7.01172
11488254,BNO_ACC,1310,-700,2,-6.51172,-0.15234,7.20703
11497424,BNO_ACC,1311,-1800,2,-6.55078,-0.03906,6.93359
11505448,BNO_ACC,1312,-1500,2,-6.58984,-0.15234,7.27344
11516242,BNO_ACC,1313,-4400,2,-6.47266,-0.15234,7.20703
11528077,BNO_ACC,1314,-700,2,-6.32031,0.00000,7.12891
11537384,BNO_ACC,1315,-1000,2,-6.47266,-0.11328,7.20703
11545574,BNO_ACC,1316,-1400,2,-6.28125,-0.07812,7.31250
11556477,BNO_ACC,1317,-4500,2,-6.43750,-0.11328,7.04688
11568412,BNO_ACC,1318,-700,2,-6.47266,-0.30469,7.31250
11577512,BNO_ACC,1319,-1000,2,-6.51172,-0.11328,7.01172
11585667,BNO_ACC,1320,-1400,2,-6.47266,-0.30469,7.20312
11596449,BNO_ACC,1321,-4400,2,-6.55078,-0.11328,7.35156
11608396,BNO_ACC,1322,-500,2,-6.47266,-0.19141,7.16406
11617405,BNO_ACC,1323,-900,2,-6.58984,-0.42188,6.96875
11625796,BNO_ACC,1324,-1400,2,-6.58984,-0.23047,7.16406
11636643,BNO_ACC,1325,-4400,2,-6.47266,-0.26953,7.16797
11646409,BNO_ACC,1326,-5800,2,-6.58984,-0.23047,7.08594
11647728,BNO_ACC,1327,-700,2,-6.55078,-0.03906,7.23828
11657309,BNO_ACC,1328,-1000,2,-6.58984,-0.19141,7.16406
11667542,BNO_ACC,1329,-3200,2,-6.51172,0.15234,7.08984
11677885,BNO_ACC,1330,-5600,2,-6.78125,0.03906,6.96875
11686288,BNO_ACC,1331,-5700,2,-6.58984,-0.15234,6.97266
11687790,BNO_ACC,1332,-700,2,-6.66406,0.07812,7.12500
11697467,BNO_ACC,1333,-900,2,-6.66406,-0.11328,6.93359
11707118,BNO_ACC,1334,-2700,2,-6.58984,-0.03906,6.89062
11717094,BNO_ACC,1335,-4200,2,-6.85547,0.07812,7.12891
11728909,BNO_ACC,1336,-700,2,-6.85547,0.00000,6.92969
11738050,BNO_ACC,1337,-900,2,-6.58984,-0.19141,6.96875
11747682,BNO_ACC,1338,-3100,2,-6.82031,-0.07812,7.12891
11756573,BNO_ACC,1339,-3700,2,-6.66406,0.11328,7.00781
11767147,BNO_ACC,1340,-6200,2,-6.58984,-0.15234,7.04688
11768318,BNO_ACC,1341,-700,2,-6.66406,-0.03906,6.96875
11777838,BNO_ACC,1342,-1000,2,-6.70312,-0.19141,7.04688
11788049,BNO_ACC,1343,-3400,2,-6.55078,0.03906,7.23828
11796593,BNO_ACC,1344,-3500,2,-6.66406,0.07812,6.89453
11807283,BNO_ACC,1345,-6200,2,-6.55078,-0.19141,7.12891
11808414,BNO_ACC,1346,-700,2,-6.47266,-0.07812,7.12891
11817815,BNO_ACC,1347,-900,2,-6.62891,0.11328,6.92969
11828242,BNO_ACC,1348,-3200,2,-6.62891,0.19141,7.35156
11836713,BNO_ACC,1349,-3500,2,-6.62891,0.38281,6.85547
11847504,BNO_ACC,1350,-6200,2,-6.62891,0.38281,7.12891
11848659,BNO_ACC,1351,-700,2,-6.62891,0.46094,7.04688
11857922,BNO_ACC,1352,-700,2,-6.47266,0.23047,7.20312
11868216,BNO_ACC,1353,-3200,2,-6.55078,0.30469,7.08984
11877880,BNO_ACC,1354,-4900,2,-6.51172,0.19141,7.27734
11886633,BNO_ACC,1355,-5100,2,-6.39844,0.07812,7.27734
11890279,BNO_ACC,1356,-1400,2,-6.32031,0.00000,7.27344
11897334,BNO_ACC,1357,-700,2,-6.28125,-0.15234,7.58594
11908351,BNO_ACC,1358,-3200,2,-6.32031,-0.07812,7.27344
11917321,BNO_ACC,1359,-4000,2,-6.28125,-0.23047,7.39062
11927077,BNO_ACC,1360,-5500,2,-6.08984,-0.30469,7.55078
11938406,BNO_ACC,1361,-1000,2,-5.89844,-0.26953,7.39453
11948013,BNO_ACC,1362,-2700,2,-6.24219,-0.49609,7.20312
11956448,BNO_ACC,1363,-2500,2,-6.20703,-0.26953,7.81641
11966963,BNO_ACC,1364,-5100,2,-6.35938,-0.26953,7.31250
11971191,BNO_ACC,1365,-2500,2,-6.12891,-0.42188,7.35156
11978162,BNO_ACC,1366,-500,2,-6.28125,-0.03906,7.23828
11988255,BNO_ACC,1367,-2500,2,-6.43750,-0.07812,7.39062
11998209,BNO_ACC,1368,-4500,2,-6.16797,-0.15234,7.35547
12007001,BNO_ACC,1369,-5000,2,-6.51172,-0.34375,7.31641
12011238,BNO_ACC,1370,-2700,2,-6.08984,-0.42188,7.55078
12018116,BNO_ACC,1371,-500,2,-6.35938,-0.34375,7.31250
12027454,BNO_ACC,1372,-1800,2,-6.16797,-0.42188,7.62500
12038543,BNO_ACC,1373,-4700,2,-6.32031,-0.38281,7.27344
12046945,BNO_ACC,1374,-4800,2,-6.20703,-0.30469,7.62500
12050578,BNO_ACC,1375,-1200,2,-6.20703,-0.26953,7.35547
12057829,BNO_ACC,1376,-700,2,-6.24219,-0.30469,7.23438
12068909,BNO_ACC,1377,-3100,2,-6.24219,-0.38281,7.58594
12078503,BNO_ACC,1378,-4500,2,-6.20703,-0.57422,7.31250
12087001,BNO_ACC,1379,-4600,2,-6.39844,-0.38281,7.35156
12091386,BNO_ACC,1380,-2700,2,-6.32031,-0.53516,7.42969
12098289,BNO_ACC,1381,-500,2,-6.43750,-0.42188,7.35156
12107779,BNO_ACC,1382,-1800,2,-6.35938,-0.61328,7.23828
12118683,BNO_ACC,1383,-4500,2,-6.12891,-0.34375,7.51172
12127050,BNO_ACC,1384,-4600,2,-6.43750,-0.19141,7.35156
12132003,BNO_ACC,1385,-2100,2,-6.35938,-0.23047,7.20703
12138942,BNO_ACC,1386,-700,2,-6.28125,-0.07812,7.50781
12147885,BNO_ACC,1387,-1400,2,-6.28125,-0.23047,7.23438
12158923,BNO_ACC,1388,-4500,2,-6.24219,-0.07812,7.73828
12167045,BNO_ACC,1389,-4400,2,-6.24219,-0.38281,7.00781
12171965,BNO_ACC,1390,-2300,2,-6.20703,-0.26953,7.47266
12178809,BNO_ACC,1391,-500,2,-6.51172,0.03906,7.23438
12187922,BNO_ACC,1392,-1600,2,-6.20703,-0.11328,7.31641
12198119,BNO_ACC,1393,-3600,2,-6.39844,-0.23047,7.42969
12207841,BNO_ACC,1394,-5200,2,-6.35938,0.03906,7.00781
12219000,BNO_ACC,1395,-700,2,-6.55078,0.19141,7.42969
12228329,BNO_ACC,1396,-1000,2,-6.47266,0.03906,7.31641
12237717,BNO_ACC,1397,-2800,2,-6.32031,-0.03906,6.89062
12247484,BNO_ACC,1398,-4400,2,-6.43750,0.11328,7.47266
12259867,BNO_ACC,1399,-1000,2,-6.35938,0.00000,7.35156
12268473,BNO_ACC,1400,-1600,2,-6.47266,-0.23047,7.16406
12279430,BNO_ACC,1401,-4700,2,-6.35938,-0.23047,7.27344
12287487,BNO_ACC,1402,-4400,2,-6.32031,-0.26953,7.42969
12292397,BNO_ACC,1403,-2300,2,-6.39844,-0.23047,7.39062
12299257,BNO_ACC,1404,-700,2,-6.43750,-0.19141,7.05078
12308670,BNO_ACC,1405,-1000,2,-6.35938,-0.07812,7.16406
12319540,BNO_ACC,1406,-4500,2,-6.51172,-0.07812,7.35547
12327721,BNO_ACC,1407,-4500,2,-6.55078,-0.07812,7.20312
12332620,BNO_ACC,1408,-2300,2,-6.51172,-0.38281,6.92969
12339593,BNO_ACC,1409,-700,2,-6.55078,0.07812,7.39453
12348494,BNO_ACC,1410,-900,2,-6.47266,0.00000,7.20703
12359544,BNO_ACC,1411,-4500,2,-6.39844,-0.19141,6.78516
12367876,BNO_ACC,1412,-4400,2,-6.62891,0.00000,7.20703
12372778,BNO_ACC,1413,-2300,2,-6.62891,0.07812,7.23438
12379907,BNO_ACC,1414,-700,2,-6.55078,-0.19141,6.74609
12388890,BNO_ACC,1415,-1000,2,-6.62891,-0.03906,7.23438
12398095,BNO_ACC,1416,-2600,2,-6.66406,0.00000,7.00781
12407874,BNO_ACC,1417,-4300,2,-6.66406,-0.15234,7.08594
12412787,BNO_ACC,1418,-2300,2,-6.62891,0.15234,7.04688
12419743,BNO_ACC,1419,-500,2,-6.82031,0.15234,6.89062
12428891,BNO_ACC,1420,-1000,2,-6.66406,0.07812,7.00781
12439933,BNO_ACC,1421,-4300,2,-6.66406,0.11328,7.00781
12447856,BNO_ACC,1422,-4100,2,-6.62891,0.03906,6.89062
12452764,BNO_ACC,1423,-2300,2,-6.55078,-0.07812,7.08594
12459861,BNO_ACC,1424,-500,2,-6.51172,-0.11328,7.01172
12469046,BNO_ACC,1425,-900,2,-6.62891,-0.19141,7.23828
12480160,BNO_ACC,1426,-4500,2,-6.51172,-0.07812,6.85547
12488106,BNO_ACC,1427,-4200,2,-6.55078,0.11328,7.31250
12493010,BNO_ACC,1428,-2300,2,-6.35938,0.07812,7.16406
12500049,BNO_ACC,1429,-700,2,-6.47266,-0.07812,7.16797
12509236,BNO_ACC,1430,-900,2,-6.43750,-0.23047,7.12500
12517600,BNO_ACC,1431,-1400,2,-6.47266,-0.11328,7.39062
12528374,BNO_ACC,1432,-4200,2,-6.43750,-0.26953,7.04688
12540269,BNO_ACC,1433,-700,2,-6.51172,-0.19141,7.35156
12549309,BNO_ACC,1434,-1000,2,-6.55078,-0.30469,7.12891
12558640,BNO_ACC,1435,-2700,2,-6.58984,-0.23047,7.12500
12568194,BNO_ACC,1436,-3900,2,-6.43750,0.00000,7.31641
12580671,BNO_ACC,1437,-700,2,-6.51172,0.07812,7.23438
12589518,BNO_ACC,1438,-1000,2,-6.51172,-0.11328,6.85547
12598916,BNO_ACC,1439,-2900,2,-6.66406,0.15234,7.50781
12608589,BNO_ACC,1440,-4100,2,-6.55078,0.19141,6.78516
12620615,BNO_ACC,1441,-700,2,-6.51172,0.15234,7.20703
12629179,BNO_ACC,1442,-900,2,-6.51172,0.07812,7.08984
12638388,BNO_ACC,1443,-1700,2,-6.43750,-0.11328,6.92969
12649002,BNO_ACC,1444,-4400,2,-6.43750,-0.26953,7.04688
12660763,BNO_ACC,1445,-500,2,-6.51172,-0.07812,7.35547
12669812,BNO_ACC,1446,-1000,2,-6.66406,-0.11328,7.20312
12679752,BNO_ACC,1447,-3200,2,-6.47266,-0.03906,7.20703
12688242,BNO_ACC,1448,-3300,2,-6.70312,-0.03906,7.12500
12698674,BNO_ACC,1449,-5900,2,-6.62891,0.26953,7.01172
12700040,BNO_ACC,1450,-500,2,-6.62891,0.26953,7.23438
12709630,BNO_ACC,1451,-900,2,-6.55078,0.19141,6.97266
12718758,BNO_ACC,1452,-1800,2,-6.43750,0.03906,7.27344
12728518,BNO_ACC,1453,-3500,2,-6.58984,0.00000,7.27344
12739125,BNO_ACC,1454,-6100,2,-6.39844,-0.07812,7.16406
12740321,BNO_ACC,1455,-700,2,-6.47266,-0.19141,7.39453
12749984,BNO_ACC,1456,-1000,2,-6.32031,-0.07812,7.20703
12760023,BNO_ACC,1457,-3100,2,-6.39844,-0.19141,7.31641
12768440,BNO_ACC,1458,-3300,2,-6.28125,-0.30469,7.39062
12778789,BNO_ACC,1459,-5500,2,-6.24219,-0.53516,7.35156
12780451,BNO_ACC,1460,-500,2,-6.32031,-0.38281,7.51172
12789589,BNO_ACC,1461,-700,2,-6.32031,-0.61328,7.23438
12800543,BNO_ACC,1462,-3600,2,-6.24219,-0.53516,7.31250
12809941,BNO_ACC,1463,-4700,2,-6.43750,-0.57422,7.50781
12818541,BNO_ACC,1464,-5100,2,-6.24219,-0.34375,7.20312
12821357,BNO_ACC,1465,-1000,2,-6.51172,-0.26953,7.27344
12829475,BNO_ACC,1466,-700,2,-6.39844,0.00000,7.35156
12840497,BNO_ACC,1467,-3200,2,-6.39844,-0.07812,7.23828
12850033,BNO_ACC,1468,-4700,2,-6.47266,0.00000,7.12891
12858811,BNO_ACC,1469,-5300,2,-6.39844,-0.19141,7.20703
12863038,BNO_ACC,1470,-2500,2,-6.51172,-0.30469,7.16406
12869794,BNO_ACC,1471,-500,2,-6.47266,-0.30469,7.23828
12881010,BNO_ACC,1472,-3400,2,-6.43750,-0.26953,7.23438
12890321,BNO_ACC,1473,-4900,2,-6.55078,-0.34375,7.16406
12898839,BNO_ACC,1474,-5100,2,-6.55078,-0.15234,7.12500
12902501,BNO_ACC,1475,-1200,2,-6.51172,-0.03906,7.12891
12909574,BNO_ACC,1476,-700,2,-6.62891,0.15234,7.16797
12920598,BNO_ACC,1477,-3100,2,-6.70312,0.19141,7.04688
12928484,BNO_ACC,1478,-2600,2,-6.62891,0.19141,7.00781
12938926,BNO_ACC,1479,-5100,2,-6.62891,0.19141,6.93359
12942562,BNO_ACC,1480,-1200,2,-6.62891,0.07812,7.12891
12949867,BNO_ACC,1481,-700,2,-6.58984,0.00000,7.04688
12960929,BNO_ACC,1482,-3200,2,-6.51172,-0.19141,7.08594
12968594,BNO_ACC,1483,-2600,2,-6.62891,-0.07812,7.23438
12979089,BNO_ACC,1484,-5100,2,-6.55078,-0.07812,7.00781
12983349,BNO_ACC,1485,-2500,2,-6.58984,-0.11328,7.16797
12990302,BNO_ACC,1486,-700,2,-6.62891,0.07812,7.20703
13000534,BNO_ACC,1487,-2700,2,-6.58984,0.03906,7.04688
13010515,BNO_ACC,1488,-4500,2,-6.55078,0.03906,7.05078
13018945,BNO_ACC,1489,-4800,2,-6.66406,0.03906,7.00781
13021922,BNO_ACC,1490,-1000,2,-6.55078,-0.07812,7.16406
13041073,BNO_ACC,1491,-2900,2,-6.66406,-0.03906,6.96875
13050614,BNO_ACC,1492,-4500,2,-6.51172,-0.19141,7.08594
13059115,BNO_ACC,1493,-4600,2,-6.55078,-0.23047,6.92969
13063536,BNO_ACC,1494,-2700,2,-6.55078,-0.07812,7.39453
13070537,BNO_ACC,1495,-700,2,-6.58984,-0.26953,7.01172
13079980,BNO_ACC,1496,-1600,2,-6.51172,-0.26953,6.85547
13091042,BNO_ACC,1497,-4700,2,-6.66406,-0.19141,7.27344
13099176,BNO_ACC,1498,-4700,2,-6.58984,-0.11328,7.16797
13111482,BNO_ACC,1499,-1000,2,-6.58984,-0.23047,6.93359
13120118,BNO_ACC,1500,-1800,2,-6.47266,-0.26953,7.20703
13130439,BNO_ACC,1501,-4000,2,-6.43750,-0.11328,7.35547
13140006,BNO_ACC,1502,-5100,2,-6.58984,-0.19141,6.85156
13144085,BNO_ACC,1503,-2300,2,-6.51172,-0.23047,6.96875
13150922,BNO_ACC,1504,-700,2,-6.51172,-0.15234,7.23438
13160275,BNO_ACC,1505,-1600,2,-6.51172,-0.15234,7.12891
13171387,BNO_ACC,1506,-4700,2,-6.66406,-0.15234,7.08594
13179387,BNO_ACC,1507,-4500,2,-6.70312,-0.19141,7.04688
13184331,BNO_ACC,1508,-2300,2,-6.55078,-0.15234,6.96875
13191380,BNO_ACC,1509,-700,2,-6.66406,-0.15234,7.16406
13200392,BNO_ACC,1510,-1600,2,-6.70312,-0.07812,6.93359
13211727,BNO_ACC,1511,-4900,2,-6.66406,0.03906,7.23828
13219709,BNO_ACC,1512,-4600,2,-6.58984,0.00000,6.97266
13224616,BNO_ACC,1513,-2300,2,-6.58984,0.23047,7.16406
13231553,BNO_ACC,1514,-500,2,-6.51172,0.07812,6.85547
13240568,BNO_ACC,1515,-1800,2,-6.35938,-0.07812,7.23828
13251847,BNO_ACC,1516,-4900,2,-6.55078,-0.07812,7.00781
13259951,BNO_ACC,1517,-4500,2,-6.58984,-0.30469,7.23828
13271627,BNO_ACC,1518,-900,2,-6.58984,-0.26953,7.12891
13280784,BNO_ACC,1519,-1000,2,-6.66406,-0.07812,7.08594
13292055,BNO_ACC,1520,-4700,2,-6.62891,-0.19141,7.12500
13300199,BNO_ACC,1521,-4700,2,-6.70312,-0.15234,7.08594
13311996,BNO_ACC,1522,-700,2,-6.58984,-0.34375,7.12891
13320721,BNO_ACC,1523,-1400,2,-6.58984,-0.23047,7.12500
13332016,BNO_ACC,1524,-4700,2,-6.62891,-0.07812,7.04688
13340113,BNO_ACC,1525,-4600,2,-6.58984,0.11328,7.01172
13352076,BNO_ACC,1526,-700,2,-6.66406,0.23047,6.97266
13361045,BNO_ACC,1527,-1600,2,-6.58984,0.11328,7.12891
13372313,BNO_ACC,1528,-4900,2,-6.43750,0.03906,7.08984
13380484,BNO_ACC,1529,-4600,2,-6.66406,-0.15234,7.12500
13392238,BNO_ACC,1530,-700,2,-6.51172,-0.03906,7.08984
13401067,BNO_ACC,1531,-1400,2,-6.62891,-0.15234,7.12891
13412242,BNO_ACC,1532,-4500,2,-6.51172,-0.11328,7.16797
13420371,BNO_ACC,1533,-4400,2,-6.62891,-0.23047,7.08594
13432397,BNO_ACC,1534,-700,2,-6.66406,-0.03906,7.16406
13441399,BNO_ACC,1535,-900,2,-6.58984,-0.07812,7.12891
13449921,BNO_ACC,1536,-1800,2,-6.51172,0.03906,7.20703
13460677,BNO_ACC,1537,-4700,2,-6.58984,-0.07812,7.04688
13472567,BNO_ACC,1538,-700,2,-6.51172,-0.07812,7.16797
13481370,BNO_ACC,1539,-1400,2,-6.51172,-0.23047,7.16406
13489900,BNO_ACC,1540,-1800,2,-6.35938,-0.30469,7.20703
13500696,BNO_ACC,1541,-4400,2,-6.39844,-0.38281,7.39453
13512500,BNO_ACC,1542,-700,2,-6.39844,-0.23047,7.20703
13521682,BNO_ACC,1543,-1000,2,-6.43750,-0.15234,7.31641
13531479,BNO_ACC,1544,-3400,2,-6.35938,-0.23047,7.31641
13541956,BNO_ACC,1545,-5800,2,-6.35938,-0.15234,7.39453
13550452,BNO_ACC,1546,-6100,2,-6.43750,-0.11328,7.20703
13551773,BNO_ACC,1547,-700,2,-6.39844,-0.03906,7.16406
13561606,BNO_ACC,1548,-900,2,-6.24219,-0.15234,7.46875
13571784,BNO_ACC,1549,-3400,2,-6.35938,-0.11328,7.35156
13582180,BNO_ACC,1550,-5800,2,-6.24219,-0.19141,7.47266
13590584,BNO_ACC,1551,-5900,2,-6.35938,-0.19141,7.27344
13591992,BNO_ACC,1552,-500,2,-6.28125,-0.23047,7.39062
13601607,BNO_ACC,1553,-1000,2,-6.28125,-0.07812,7.43359
13611732,BNO_ACC,1554,-3200,2,-6.47266,-0.15234,7.31641
13622246,BNO_ACC,1555,-5600,2,-6.39844,-0.07812,7.31250
13630423,BNO_ACC,1556,-5700,2,-6.39844,-0.15234,7.31250
13632085,BNO_ACC,1557,-500,2,-6.28125,-0.07812,7.31250
13641656,BNO_ACC,1558,-1000,2,-6.35938,-0.15234,7.35156
13651128,BNO_ACC,1559,-2200,2,-6.35938,-0.15234,7.27734
13661050,BNO_ACC,1560,-4000,2,-6.35938,-0.26953,7.27734
13671044,BNO_ACC,1561,-6000,2,-6.47266,-0.15234,7.20703
13672356,BNO_ACC,1562,-700,2,-6.32031,-0.19141,7.39453
13681976,BNO_ACC,1563,-900,2,-6.43750,-0.11328,7.27344
13691543,BNO_ACC,1564,-2700,2,-6.39844,-0.23047,7.31641
13701422,BNO_ACC,1565,-4200,2,-6.39844,-0.07812,7.23828
13710453,BNO_ACC,1566,-6000,2,-6.39844,-0.07812,7.31250
13714126,BNO_ACC,1567,-1200,2,-6.39844,-0.11328,7.27734
13722008,BNO_ACC,1568,-900,2,-6.51172,-0.07812,7.16797
13731638,BNO_ACC,1569,-2700,2,-6.32031,-0.07812,7.42969
13741500,BNO_ACC,1570,-4200,2,-6.47266,-0.11328,7.27344
13751201,BNO_ACC,1571,-5900,2,-6.32031,-0.11328,7.35547
13752527,BNO_ACC,1572,-700,2,-6.47266,-0.11328,7.23438
13762018,BNO_ACC,1573,-900,2,-6.47266,-0.11328,7.23438
13771593,BNO_ACC,1574,-2300,2,-6.39844,-0.15234,7.27734
13782983,BNO_ACC,1575,-5600,2,-6.35938,-0.15234,7.23828
13790829,BNO_ACC,1576,-5300,2,-6.43750,-0.11328,7.27344
13794577,BNO_ACC,1577,-1400,2,-6.39844,-0.15234,7.31250
13801651,BNO_ACC,1578,-700,2,-6.43750,-0.11328,7.27344
13812752,BNO_ACC,1579,-3400,2,-6.39844,-0.11328,7.27734
13822627,BNO_ACC,1580,-5100,2,-6.43750,-0.11328,7.27344
13830951,BNO_ACC,1581,-5300,2,-6.47266,-0.11328,7.23438
13834714,BNO_ACC,1582,-1400,2,-6.43750,-0.11328,7.27344
13841843,BNO_ACC,1583,-500,2,-6.43750,-0.11328,7.23438
13851294,BNO_ACC,1584,-1500,2,-6.47266,-0.11328,7.23438
13862766,BNO_ACC,1585,-5100,2,-6.47266,-0.15234,7.23438
13871236,BNO_ACC,1586,-5500,2,-6.47266,-0.11328,7.23438
13882807,BNO_ACC,1587,-1200,2,-6.47266,-0.11328,7.20703
13892686,BNO_ACC,1588,-3100,2,-6.35938,-0.07812,7.31250
13902639,BNO_ACC,1589,-4900,2,-6.47266,-0.11328,7.20703
13911197,BNO_ACC,1590,-5300,2,-6.32031,-0.07812,7.31641
13915429,BNO_ACC,1591,-2700,2,-6.55078,-0.07812,7.12500
13922321,BNO_ACC,1592,-500,2,-6.43750,-0.11328,7.27344
13932764,BNO_ACC,1593,-2900,2,-6.47266,-0.11328,7.23438
13942712,BNO_ACC,1594,-4900,2,-6.16797,-0.11328,7.42969
13951362,BNO_ACC,1595,-5200,2,-6.47266,-0.11328,7.16797
13962699,BNO_ACC,1596,-700,2,-6.32031,-0.15234,7.39062
13972803,BNO_ACC,1597,-2700,2,-6.32031,-0.19141,7.27734
13982967,BNO_ACC,1598,-4700,2,-6.43750,-0.15234,7.27344
13991306,BNO_ACC,1599,-5000,2,-6.39844,-0.11328,7.35156
13995686,BNO_ACC,1600,-2500,2,-6.51172,-0.07812,7.23438
14002649,BNO_ACC,1601,-700,2,-6.43750,-0.23047,7.27734
14012878,BNO_ACC,1602,-2700,2,-6.39844,-0.07812,7.35156
14022855,BNO_ACC,1603,-4700,2,-6.55078,-0.19141,7.16797
14031522,BNO_ACC,1604,-5000,2,-6.28125,-0.15234,7.35156
14035766,BNO_ACC,1605,-2500,2,-6.39844,-0.15234,7.27734
14042677,BNO_ACC,1606,-700,2,-6.39844,-0.11328,7.23828
14053065,BNO_ACC,1607,-2700,2,-6.39844,-0.23047,7.27344
14062957,BNO_ACC,1608,-4500,2,-6.39844,-0.15234,7.31250
14071547,BNO_ACC,1609,-4800,2,-6.43750,-0.11328,7.27344
14075783,BNO_ACC,1610,-2500,2,-6.24219,-0.19141,7.31641
14082838,BNO_ACC,1611,-700,2,-6.47266,-0.11328,7.27344
14093196,BNO_ACC,1612,-2700,2,-6.58984,-0.07812,7.16797
14102992,BNO_ACC,1613,-4500,2,-6.39844,-0.11328,7.23828
14111886,BNO_ACC,1614,-5000,2,-6.51172,0.03906,7.16797
14123726,BNO_ACC,1615,-1000,2,-6.35938,-0.07812,7.23828
14132549,BNO_ACC,1616,-1800,2,-6.47266,-0.07812,7.31641
14142217,BNO_ACC,1617,-3300,2,-6.39844,-0.11328,7.27734
14151975,BNO_ACC,1618,-4900,2,-6.43750,-0.19141,7.20312
14163451,BNO_ACC,1619,-900,2,-6.47266,-0.30469,7.23828
14172416,BNO_ACC,1620,-1600,2,-6.39844,-0.30469,7.27344
14183648,BNO_ACC,1621,-4700,2,-6.58984,-0.19141,7.16406
14191838,BNO_ACC,1622,-4600,2,-6.43750,-0.15234,7.23438
14196758,BNO_ACC,1623,-2300,2,-6.51172,-0.03906,7.12891
14203633,BNO_ACC,1624,-700,2,-6.55078,-0.15234,7.16406
14212514,BNO_ACC,1625,-1400,2,-6.62891,0.07812,7.12891
14223650,BNO_ACC,1626,-4500,2,-6.47266,0.03906,7.20703
14231963,BNO_ACC,1627,-4400,2,-6.58984,-0.07812,7.08984
14236887,BNO_ACC,1628,-2300,2,-6.47266,0.00000,7.23438
14243993,BNO_ACC,1629,-700,2,-6.58984,-0.03906,7.04688
14253036,BNO_ACC,1630,-1800,2,-6.70312,-0.07812,7.00781
14261473,BNO_ACC,1631,-1800,2,-6.51172,-0.11328,7.23438
14272151,BNO_ACC,1632,-4400,2,-6.55078,-0.07812,7.16406
14277097,BNO_ACC,1633,-2300,2,-6.43750,-0.11328,7.20703
14284094,BNO_ACC,1634,-700,2,-6.43750,-0.11328,7.23438
14292867,BNO_ACC,1635,-1600,2,-6.43750,-0.11328,7.27344
14303886,BNO_ACC,1636,-4500,2,-6.39844,-0.11328,7.27734
14312225,BNO_ACC,1637,-4400,2,-6.24219,-0.11328,7.35156
14317164,BNO_ACC,1638,-2300,2,-6.28125,-0.15234,7.35156
14324200,BNO_ACC,1639,-700,2,-6.16797,-0.19141,7.50781
14333127,BNO_ACC,1640,-1600,2,-6.24219,-0.19141,7.42969
14344436,BNO_ACC,1641,-4700,2,-6.08984,-0.30469,7.50781
14352567,BNO_ACC,1642,-4800,2,-6.05078,-0.19141,7.54688
14364405,BNO_ACC,1643,-700,2,-5.89844,-0.07812,7.77734
14373219,BNO_ACC,1644,-1400,2,-5.59375,-0.15234,7.97266
14384222,BNO_ACC,1645,-4300,2,-5.55469,-0.30469,7.92969
14392219,BNO_ACC,1646,-4300,2,-5.25000,-0.38281,8.35156
14397132,BNO_ACC,1647,-2300,2,-5.13281,-0.53516,8.23828
14404118,BNO_ACC,1648,-700,2,-5.09375,-0.46094,8.54297
14413423,BNO_ACC,1649,-1000,2,-4.86328,-0.49609,8.58203
14421743,BNO_ACC,1650,-1400,2,-5.05469,0.00000,8.42578
14432416,BNO_ACC,1651,-4200,2,-5.47656,0.42188,8.35547
14437368,BNO_ACC,1652,-2100,2,-5.63281,1.37891,7.85547
14444323,BNO_ACC,1653,-700,2,-6.12891,1.68359,7.66016
14453395,BNO_ACC,1654,-900,2,-5.85938,1.41797,7.89453
14462553,BNO_ACC,1655,-2200,2,-5.93750,0.76562,7.89453
14472884,BNO_ACC,1656,-4400,2,-5.44141,0.19141,8.16016
14484571,BNO_ACC,1657,-500,2,-4.86328,-0.99609,8.66016
14493403,BNO_ACC,1658,-1000,2,-4.71094,-1.07422,8.73438
14502532,BNO_ACC,1659,-2000,2,-4.44531,-0.99609,9.22656
14513134,BNO_ACC,1660,-4600,2,-4.17578,-0.88281,9.23047
14524721,BNO_ACC,1661,-700,2,-4.06250,-0.91797,9.26953
14533874,BNO_ACC,1662,-1000,2,-4.06250,-1.07422,9.12109
14543887,BNO_ACC,1663,-3400,2,-3.94531,-1.14844,9.16016
14552222,BNO_ACC,1664,-3500,2,-3.64062,-0.84375,9.54297
14562688,BNO_ACC,1665,-5900,2,-3.56250,-1.26562,9.08203
14564049,BNO_ACC,1666,-700,2,-3.98438,-0.38281,10.45312
14573486,BNO_ACC,1667,-900,2,-4.06250,0.46094,9.15625
14582479,BNO_ACC,1668,-1500,2,-4.63672,0.84375,9.07812
14592929,BNO_ACC,1669,-4000,2,-4.44531,1.87891,8.69922
14604982,BNO_ACC,1670,-700,2,-4.78906,1.91406,8.73438
14613880,BNO_ACC,1671,-900,2,-4.48047,0.61328,8.96094
14623255,BNO_ACC,1672,-2500,2,-4.28906,-0.65234,9.46484
14633071,BNO_ACC,1673,-4100,2,-3.83203,-1.49219,9.92188
14642645,BNO_ACC,1674,-5500,2,-3.83203,-2.45312,10.49219
14646326,BNO_ACC,1675,-1200,2,-3.67578,-3.56250,8.50000
14653152,BNO_ACC,1676,-700,2,-3.83203,-2.52734,9.42188
14664155,BNO_ACC,1677,-3200,2,-4.48047,-0.65234,8.31641
14672541,BNO_ACC,1678,-3300,2,-5.21094,0.30469,8.07812
14682935,BNO_ACC,1679,-5500,2,-5.36328,0.61328,8.58203
14684583,BNO_ACC,1680,-700,2,-5.51562,0.72656,7.85156
14694115,BNO_ACC,1681,-1000,2,-5.78516,0.61328,6.70703
14704258,BNO_ACC,1682,-3200,2,-5.63281,0.49609,8.35156
14714115,BNO_ACC,1683,-4900,2,-5.85938,-0.03906,8.39062
14722723,BNO_ACC,1684,-5300,2,-5.55469,-1.41797,7.85156
14725361,BNO_ACC,1685,-900,2,-5.74609,-1.22656,7.65625
14734093,BNO_ACC,1686,-700,2,-6.58984,-0.34375,7.51172
14743231,BNO_ACC,1687,-1700,2,-7.23828,-0.30469,6.58984
14752880,BNO_ACC,1688,-3100,2,-7.46875,-0.26953,6.35938
14763347,BNO_ACC,1689,-5700,2,-7.81641,0.26953,6.32031
14764844,BNO_ACC,1690,-700,2,-7.65625,-0.38281,6.58984
14773979,BNO_ACC,1691,-500,2,-7.31250,-1.26562,6.58984
14783185,BNO_ACC,1692,-1300,2,-7.42969,-1.80078,6.24219
14793722,BNO_ACC,1693,-4000,2,-7.81250,-0.80469,5.74609
14803411,BNO_ACC,1694,-5500,2,-7.97266,-0.26953,5.78516
14805111,BNO_ACC,1695,-500,2,-8.54297,0.26953,5.78516
14814152,BNO_ACC,1696,-700,2,-8.69922,0.69141,5.74609
14824347,BNO_ACC,1697,-2700,2,-8.66016,0.61328,6.08984
14834512,BNO_ACC,1698,-4900,2,-8.50391,0.26953,5.36328
14843000,BNO_ACC,1699,-4900,2,-8.31641,0.03906,5.51562
14845673,BNO_ACC,1700,-900,2,-8.11719,-0.19141,5.63281
14854063,BNO_ACC,1701,-500,2,-8.27734,-0.53516,5.74609
14864952,BNO_ACC,1702,-3100,2,-8.42578,-0.15234,5.32422
14874604,BNO_ACC,1703,-4700,2,-8.81250,0.46094,5.63281
14883254,BNO_ACC,1704,-4900,2,-9.11719,0.30469,5.66797
14886881,BNO_ACC,1705,-1200,2,-8.73438,-0.30469,5.74609
14894127,BNO_ACC,1706,-700,2,-8.35547,-1.26562,5.93750
14904986,BNO_ACC,1707,-3100,2,-8.08203,-1.49219,5.51562
14914739,BNO_ACC,1708,-4700,2,-8.16016,-0.69141,5.85938
14923166,BNO_ACC,1709,-4900,2,-8.46484,0.34375,5.25000
14925829,BNO_ACC,1710,-700,2,-8.46094,0.57422,5.66797
14934219,BNO_ACC,1711,-700,2,-8.31250,0.84375,6.12891
14945203,BNO_ACC,1712,-3100,2,-7.85547,0.26953,6.12891
14954778,BNO_ACC,1713,-4500,2,-7.54688,-0.26953,6.08984
14963404,BNO_ACC,1714,-4900,2,-7.42969,-0.03906,6.58984
14967057,BNO_ACC,1715,-1200,2,-7.43359,-0.23047,6.51172
14974373,BNO_ACC,1716,-700,2,-7.39453,0.30469,6.51172
14985398,BNO_ACC,1717,-3100,2,-7.46875,0.53516,6.35938
14994772,BNO_ACC,1718,-4300,2,-6.78125,-1.37891,6.89453
15003436,BNO_ACC,1719,-4800,2,-6.58984,-1.10938,7.20312
15007169,BNO_ACC,1720,-1400,2,-6.70312,-0.72656,6.96875
15014432,BNO_ACC,1721,-700,2,-6.62891,-0.30469,7.12500
15025471,BNO_ACC,1722,-3100,2,-6.82031,0.11328,6.97266
15035033,BNO_ACC,1723,-4300,2,-6.92969,1.22656,6.82031
15043493,BNO_ACC,1724,-4800,2,-6.92969,1.49219,6.74219
15048415,BNO_ACC,1725,-2300,2,-6.47266,0.00000,7.31641
15055319,BNO_ACC,1726,-500,2,-6.43750,-0.03906,7.20703
15064191,BNO_ACC,1727,-1600,2,-6.20703,0.07812,7.42969
15075304,BNO_ACC,1728,-4500,2,-6.28125,0.15234,7.35156
15083573,BNO_ACC,1729,-4600,2,-5.93750,-0.26953,7.69922
15088675,BNO_ACC,1730,-2500,2,-5.82422,-0.46094,7.77734
15095626,BNO_ACC,1731,-700,2,-5.89844,-0.42188,7.65625
15104522,BNO_ACC,1732,-1600,2,-5.85938,-0.30469,7.77344
15115597,BNO_ACC,1733,-4700,2,-5.89844,-0.26953,7.69531
15123579,BNO_ACC,1734,-4400,2,-5.85938,-0.34375,7.69531
15135874,BNO_ACC,1735,-700,2,-5.97656,-0.03906,7.65625
15144775,BNO_ACC,1736,-1800,2,-6.12891,0.03906,7.47266
15155750,BNO_ACC,1737,-4700,2,-6.12891,0.53516,7.54688
15163957,BNO_ACC,1738,-4500,2,-6.05078,0.03906,7.55078
15168847,BNO_ACC,1739,-2300,2,-6.05078,-0.15234,7.58594
15175701,BNO_ACC,1740,-700,2,-6.08984,-0.11328,7.54688
15184916,BNO_ACC,1741,-1600,2,-5.97656,-0.07812,7.62891
15195995,BNO_ACC,1742,-4700,2,-6.20703,-0.15234,7.42969
15203963,BNO_ACC,1743,-4400,2,-6.20703,-0.15234,7.47266
15208868,BNO_ACC,1744,-2300,2,-6.12891,-0.15234,7.51172
15215928,BNO_ACC,1745,-700,2,-6.16797,-0.15234,7.51172
15225036,BNO_ACC,1746,-1000,2,-6.12891,-0.15234,7.47266
15235955,BNO_ACC,1747,-4500,2,-6.16797,-0.11328,7.47266
15244259,BNO_ACC,1748,-4500,2,-6.16797,-0.11328,7.42969
15249212,BNO_ACC,1749,-2300,2,-6.16797,-0.11328,7.47266
15256020,BNO_ACC,1750,-700,2,-6.12891,-0.07812,7.42969
15265102,BNO_ACC,1751,-1000,2,-6.08984,-0.07812,7.39062
15276165,BNO_ACC,1752,-4500,2,-6.01562,-0.15234,7.62500
15284214,BNO_ACC,1753,-4400,2,-5.97656,-0.19141,7.58594
15289143,BNO_ACC,1754,-2300,2,-6.12891,-0.11328,7.54688
15296258,BNO_ACC,1755,-700,2,-6.20703,-0.07812,7.47266
15305272,BNO_ACC,1756,-1000,2,-6.12891,-0.15234,7.51172
15316335,BNO_ACC,1757,-4500,2,-6.16797,-0.19141,7.46875
15324326,BNO_ACC,1758,-4400,2,-6.16797,-0.19141,7.46875
15329242,BNO_ACC,1759,-2300,2,-6.28125,0.00000,7.39453
15336116,BNO_ACC,1760,-700,2,-6.16797,-0.03906,7.51172
15345337,BNO_ACC,1761,-1000,2,-6.01562,-0.23047,7.54688
15356414,BNO_ACC,1762,-4500,2,-5.82422,-0.38281,7.62500
15364405,BNO_ACC,1763,-4300,2,-5.93750,-0.23047,7.66016
15369387,BNO_ACC,1764,-2300,2,-5.97656,-0.03906,7.62891
15376520,BNO_ACC,1765,-700,2,-6.05078,-0.11328,7.55078
15385631,BNO_ACC,1766,-1000,2,-6.08984,-0.30469,7.50781
15393909,BNO_ACC,1767,-1500,2,-5.97656,-0.38281,7.62891
15404511,BNO_ACC,1768,-4000,2,-6.20703,-0.42188,7.50781
15409453,BNO_ACC,1769,-2300,2,-6.16797,-0.38281,7.47266
15416375,BNO_ACC,1770,-700,2,-6.16797,-0.42188,7.43359
15425633,BNO_ACC,1771,-1000,2,-6.24219,-0.26953,7.31250
15434138,BNO_ACC,1772,-1400,2,-6.16797,-0.30469,7.43359
15445119,BNO_ACC,1773,-4400,2,-6.24219,0.07812,7.35156
15456915,BNO_ACC,1774,-700,2,-6.24219,0.19141,7.35547
15465859,BNO_ACC,1775,-1000,2,-6.05078,0.03906,7.50781
15475868,BNO_ACC,1776,-3400,2,-6.28125,0.15234,7.31250
15484836,BNO_ACC,1777,-4000,2,-6.16797,0.19141,7.46875
15489774,BNO_ACC,1778,-2300,2,-6.20703,0.19141,7.43359
15496847,BNO_ACC,1779,-700,2,-6.35938,-0.15234,7.39453
15506111,BNO_ACC,1780,-1000,2,-6.24219,-0.11328,7.50781
15514393,BNO_ACC,1781,-1400,2,-6.32031,-0.07812,7.39062
15525258,BNO_ACC,1782,-4400,2,-6.43750,0.00000,7.31641
15537089,BNO_ACC,1783,-700,2,-6.16797,-0.15234,7.42969
15546215,BNO_ACC,1784,-1000,2,-6.28125,-0.23047,7.35547
15554391,BNO_ACC,1785,-1300,2,-6.32031,-0.07812,7.31641
15565176,BNO_ACC,1786,-4100,2,-6.43750,0.11328,7.20703
15574861,BNO_ACC,1787,-5900,2,-6.43750,0.11328,7.23438
15576235,BNO_ACC,1788,-500,2,-6.47266,0.00000,7.23438
15585973,BNO_ACC,1789,-900,2,-6.43750,0.00000,7.27344
15595718,BNO_ACC,1790,-2700,2,-6.62891,-0.07812,6.97266
15605490,BNO_ACC,1791,-4200,2,-6.51172,-0.19141,7.20312
15617378,BNO_ACC,1792,-700,2,-7.08984,-0.07812,6.85547
15626553,BNO_ACC,1793,-1000,2,-7.16406,-0.49609,6.74219
15636244,BNO_ACC,1794,-3200,2,-7.31641,-0.26953,6.51172
15644768,BNO_ACC,1795,-3500,2,-7.47266,-0.26953,6.43750
15655247,BNO_ACC,1796,-5900,2,-7.65625,-0.30469,6.24219
15656749,BNO_ACC,1797,-700,2,-8.19922,-0.26953,5.82422
15666080,BNO_ACC,1798,-700,2,-8.50000,0.03906,5.51562
15675051,BNO_ACC,1799,-1400,2,-9.15625,0.34375,5.17188
15685727,BNO_ACC,1800,-4200,2,-9.23047,0.23047,4.98047
15698677,BNO_ACC,1801,-1200,2,-10.00391,0.95703,4.17578
15705681,BNO_ACC,1802,-700,2,-10.26562,0.88281,4.17578
15716765,BNO_ACC,1803,-3200,2,-10.22656,1.03516,4.13672
15726356,BNO_ACC,1804,-4900,2,-10.22656,0.65234,4.09766
15735039,BNO_ACC,1805,-5300,2,-10.11328,0.80469,3.90625
15737853,BNO_ACC,1806,-1200,2,-9.92578,0.26953,4.09766
15745881,BNO_ACC,1807,-700,2,-9.72656,0.38281,4.48047
15756811,BNO_ACC,1808,-3200,2,-9.61328,0.30469,4.17578
15764814,BNO_ACC,1809,-3000,2,-9.73047,0.15234,4.82812
15775167,BNO_ACC,1810,-5100,2,-9.34375,0.26953,4.44531
15778801,BNO_ACC,1811,-1200,2,-9.42578,0.23047,5.21094
15786042,BNO_ACC,1812,-700,2,-9.00000,-0.07812,5.05469
15797089,BNO_ACC,1813,-3200,2,-9.07812,-0.15234,5.55469
15806457,BNO_ACC,1814,-4700,2,-8.69531,-0.03906,5.36328
15816019,BNO_ACC,1815,-5900,2,-7.35547,-2.79688,7.31641
15817417,BNO_ACC,1816,-700,2,-6.47266,-3.02734,6.93359
15826674,BNO_ACC,1817,-900,2,-6.82031,-2.33594,6.66406
15836568,BNO_ACC,1818,-2500,2,-6.20703,-2.07031,7.89062
15846659,BNO_ACC,1819,-4700,2,-6.20703,-2.10547,8.08203
15855300,BNO_ACC,1820,-5100,2,-6.08984,-1.72266,7.92969
15858120,BNO_ACC,1821,-1000,2,-5.66797,-0.95703,8.16016
15866277,BNO_ACC,1822,-500,2,-4.98047,-0.95703,7.93359
15877279,BNO_ACC,1823,-3100,2,-5.21094,-1.41797,8.58203
15886674,BNO_ACC,1824,-4300,2,-4.59766,-2.22266,9.15625
15895339,BNO_ACC,1825,-4900,2,-4.02344,-2.52734,9.03906
15898132,BNO_ACC,1826,-1000,2,-4.40625,-2.14453,9.34375
15906438,BNO_ACC,1827,-500,2,-4.28906,-1.60938,8.77344
15917351,BNO_ACC,1828,-3200,2,-4.13672,-1.37891,9.15625
15926761,BNO_ACC,1829,-4500,2,-4.51953,-1.68359,8.81641
15935467,BNO_ACC,1830,-4900,2,-4.63672,-0.42188,8.77734
15939295,BNO_ACC,1831,-1600,2,-4.75000,0.23047,8.57812
15946444,BNO_ACC,1832,-700,2,-4.94141,0.69141,8.69531
15956634,BNO_ACC,1833,-2100,2,-4.82812,1.37891,8.50391
15967769,BNO_ACC,1834,-5300,2,-4.90234,2.03125,8.42578
15975528,BNO_ACC,1835,-4800,2,-5.01953,2.29688,8.62109
15979306,BNO_ACC,1836,-1000,2,-4.86328,2.64453,8.61719
15986647,BNO_ACC,1837,-700,2,-4.32812,2.52734,9.11719
15997520,BNO_ACC,1838,-2900,2,-4.55859,1.30078,9.11719
16007127,BNO_ACC,1839,-4500,2,-4.09766,0.84375,9.22656
16015716,BNO_ACC,1840,-4800,2,-3.52344,0.30469,9.34375
16019417,BNO_ACC,1841,-1400,2,-3.60156,-0.15234,9.46094
16026726,BNO_ACC,1842,-700,2,-3.67578,-0.30469,9.61328
16037739,BNO_ACC,1843,-3100,2,-3.94531,-0.30469,9.38672
16047227,BNO_ACC,1844,-4300,2,-3.83203,-0.11328,9.50000
16055841,BNO_ACC,1845,-4800,2,-4.13672,-0.11328,9.19922
16060223,BNO_ACC,1846,-2500,2,-4.06250,0.03906,9.26953
16067227,BNO_ACC,1847,-700,2,-4.13672,-0.46094,9.26953
16076644,BNO_ACC,1848,-1800,2,-4.25391,-0.38281,9.15625
16087653,BNO_ACC,1849,-4700,2,-4.40625,-0.49609,9.00391
16095934,BNO_ACC,1850,-4700,2,-4.48047,-0.42188,9.04297
16100856,BNO_ACC,1851,-2300,2,-4.67188,-0.26953,8.92578
16107850,BNO_ACC,1852,-700,2,-4.59766,-0.57422,8.58203
16116596,BNO_ACC,1853,-1400,2,-4.75000,-0.49609,8.84766
16127634,BNO_ACC,1854,-4500,2,-4.78906,-0.42188,8.57812
16135910,BNO_ACC,1855,-4400,2,-4.82812,-0.49609,8.42188
16140828,BNO_ACC,1856,-2300,2,-5.09375,-0.34375,8.54297
16147710,BNO_ACC,1857,-500,2,-5.09375,-0.11328,8.31250
16156983,BNO_ACC,1858,-1600,2,-5.21094,-0.07812,8.46484
16167961,BNO_ACC,1859,-4500,2,-5.74609,0.42188,7.85156
16175994,BNO_ACC,1860,-4400,2,-5.25000,-0.76562,8.19922
16180928,BNO_ACC,1861,-2300,2,-5.55469,-0.42188,7.97266
16188062,BNO_ACC,1862,-700,2,-5.74609,0.23047,7.89453
16196937,BNO_ACC,1863,-1000,2,-5.78516,0.07812,7.85547
16207892,BNO_ACC,1864,-4300,2,-5.74609,-0.11328,7.85547
16216099,BNO_ACC,1865,-4400,2,-5.89844,-0.11328,7.73828
16221022,BNO_ACC,1866,-2300,2,-5.93750,-0.19141,7.62500
16227884,BNO_ACC,1867,-500,2,-5.89844,-0.23047,7.77344
16237227,BNO_ACC,1868,-1000,2,-5.85938,-0.19141,7.73438
16248296,BNO_ACC,1869,-4500,2,-5.85938,-0.15234,7.69531
16256347,BNO_ACC,1870,-4400,2,-5.93750,-0.15234,7.65625
16261288,BNO_ACC,1871,-2300,2,-5.97656,-0.19141,7.66016
16268346,BNO_ACC,1872,-700,2,-6.05078,-0.23047,7.58984
16277422,BNO_ACC,1873,-1000,2,-6.08984,-0.15234,7.58984
16288460,BNO_ACC,1874,-4300,2,-6.12891,-0.15234,7.54688
16296506,BNO_ACC,1875,-4400,2,-6.20703,-0.19141,7.43359
16301429,BNO_ACC,1876,-2100,2,-6.20703,-0.03906,7.47266
16308287,BNO_ACC,1877,-700,2,-6.20703,0.00000,7.42969
16317392,BNO_ACC,1878,-1000,2,-6.24219,-0.07812,7.46875
16328515,BNO_ACC,1879,-4300,2,-6.24219,-0.11328,7.43359
16336460,BNO_ACC,1880,-4200,2,-6.12891,-0.03906,7.54688
16341388,BNO_ACC,1881,-2300,2,-6.20703,-0.11328,7.42969
16348368,BNO_ACC,1882,-700,2,-6.20703,-0.07812,7.42969
16357433,BNO_ACC,1883,-900,2,-6.12891,-0.11328,7.47266
16366582,BNO_ACC,1884,-2000,2,-6.16797,-0.07812,7.47266
16377091,BNO_ACC,1885,-4400,2,-6.20703,-0.11328,7.47266
16388816,BNO_ACC,1886,-700,2,-6.24219,-0.11328,7.43359
16397656,BNO_ACC,1887,-1000,2,-6.08984,0.07812,7.51172
16406847,BNO_ACC,1888,-2200,2,-6.20703,-0.03906,7.47266
16417313,BNO_ACC,1889,-4800,2,-6.16797,-0.11328,7.47266
16429133,BNO_ACC,1890,-700,2,-5.97656,-0.03906,7.58984
16437846,BNO_ACC,1891,-1000,2,-6.35938,-0.07812,7.35156
16447104,BNO_ACC,1892,-2200,2,-5.97656,0.11328,7.62891
16456898,BNO_ACC,1893,-4100,2,-6.28125,-0.19141,7.39062
16461804,BNO_ACC,1894,-2300,2,-5.97656,-0.15234,7.62891
16468846,BNO_ACC,1895,-500,2,-5.97656,-0.26953,7.58984
16478037,BNO_ACC,1896,-1000,2,-6.01562,-0.19141,7.58984
16487971,BNO_ACC,1897,-3200,2,-5.97656,-0.26953,7.69922
16496908,BNO_ACC,1898,-3900,2,-5.89844,-0.19141,7.73438
16507396,BNO_ACC,1899,-6300,2,-5.70703,-0.11328,7.73438
16509265,BNO_ACC,1900,-900,2,-5.85938,-0.19141,7.77344
16518387,BNO_ACC,1901,-900,2,-5.36328,-0.34375,8.27734
16528165,BNO_ACC,1902,-3400,2,-5.21094,-0.91797,8.19531
16536807,BNO_ACC,1903,-3700,2,-5.25000,-0.15234,8.23828
16547172,BNO_ACC,1904,-6100,2,-5.21094,-0.15234,8.16016
16548497,BNO_ACC,1905,-700,2,-5.17188,-0.19141,8.23828
16558029,BNO_ACC,1906,-1000,2,-5.32422,-0.03906,8.39062
16567301,BNO_ACC,1907,-1800,2,-5.21094,-0.15234,8.35156
16576909,BNO_ACC,1908,-3700,2,-5.01953,-0.07812,8.58203
16587436,BNO_ACC,1909,-6100,2,-4.90234,0.11328,8.42188
16588627,BNO_ACC,1910,-700,2,-4.82812,0.23047,8.69922
16598214,BNO_ACC,1911,-1000,2,-4.86328,0.03906,9.00391
16607678,BNO_ACC,1912,-2300,2,-4.82812,-0.53516,8.66016
16617364,BNO_ACC,1913,-3900,2,-5.01953,-0.69141,8.46094
16626939,BNO_ACC,1914,-5400,2,-5.17188,-0.95703,8.35547
16629605,BNO_ACC,1915,-900,2,-5.59375,-1.10938,8.15625
16638141,BNO_ACC,1916,-900,2,-5.63281,-0.84375,8.00781
16647240,BNO_ACC,1917,-1600,2,-6.08984,-0.26953,7.47266
16657748,BNO_ACC,1918,-4200,2,-6.58984,0.34375,7.35547
16669662,BNO_ACC,1919,-500,2,-6.89453,0.91797,6.89453
16678671,BNO_ACC,1920,-900,2,-7.12891,0.99609,6.47266
16688539,BNO_ACC,1921,-3100,2,-7.04688,0.57422,6.39844
16697077,BNO_ACC,1922,-3300,2,-7.16797,0.69141,6.74219
16707421,BNO_ACC,1923,-5500,2,-7.27734,0.23047,6.51172
16711084,BNO_ACC,1924,-1400,2,-7.31641,-0.30469,6.28125
16717992,BNO_ACC,1925,-500,2,-7.35156,-0.23047,6.32031
16728899,BNO_ACC,1926,-3200,2,-7.43359,-0.42188,6.20703
16738671,BNO_ACC,1927,-4900,2,-7.50781,-0.72656,6.05078
16747311,BNO_ACC,1928,-5300,2,-7.65625,-0.53516,6.08984
16750973,BNO_ACC,1929,-1000,2,-7.58984,-0.38281,6.20703
16757988,BNO_ACC,1930,-500,2,-7.65625,-0.42188,6.05078
16769086,BNO_ACC,1931,-3200,2,-7.62500,0.11328,6.28125
16778833,BNO_ACC,1932,-4900,2,-7.51172,0.26953,6.08984
16787466,BNO_ACC,1933,-5100,2,-7.66016,0.42188,6.32031
16791214,BNO_ACC,1934,-1400,2,-7.54688,0.69141,6.39844
16798262,BNO_ACC,1935,-500,2,-7.35547,0.30469,6.28125
16809301,BNO_ACC,1936,-3200,2,-7.16406,0.15234,6.66406
16818870,BNO_ACC,1937,-4900,2,-7.00781,-0.07812,6.74219
16827438,BNO_ACC,1938,-4900,2,-7.00781,-0.30469,6.58984
16830300,BNO_ACC,1939,-1000,2,-6.85156,-0.23047,6.82031
16838377,BNO_ACC,1940,-500,2,-6.85547,-0.53516,6.97266
16849310,BNO_ACC,1941,-3100,2,-6.58984,-0.61328,7.12891
16859089,BNO_ACC,1942,-4900,2,-6.51172,-0.72656,7.16797
16867584,BNO_ACC,1943,-5100,2,-6.47266,-0.42188,7.20312
16871272,BNO_ACC,1944,-1000,2,-6.47266,-0.11328,7.20703
16878487,BNO_ACC,1945,-500,2,-6.47266,-0.11328,7.20703
16889537,BNO_ACC,1946,-3100,2,-6.35938,-0.15234,7.27734
16898983,BNO_ACC,1947,-4500,2,-6.39844,-0.23047,7.23438
16907535,BNO_ACC,1948,-4800,2,-6.35938,-0.23047,7.27344
16910273,BNO_ACC,1949,-900,2,-6.32031,-0.19141,7.31250
16918784,BNO_ACC,1950,-500,2,-6.32031,-0.34375,7.31641
16929851,BNO_ACC,1951,-3200,2,-6.39844,-0.23047,7.35547
16939112,BNO_ACC,1952,-4500,2,-6.39844,-0.07812,7.27734
16947687,BNO_ACC,1953,-4800,2,-6.39844,-0.11328,7.27734
16951394,BNO_ACC,1954,-1200,2,-6.39844,-0.11328,7.31250
16958603,BNO_ACC,1955,-700,2,-6.39844,0.00000,7.27734
16969500,BNO_ACC,1956,-2900,2,-6.28125,0.19141,7.35547
16979151,BNO_ACC,1957,-4300,2,-6.28125,0.11328,7.35156
16987931,BNO_ACC,1958,-5000,2,-6.24219,-0.03906,7.39453
16992167,BNO_ACC,1959,-2500,2,-6.35938,-0.15234,7.35156
16999124,BNO_ACC,1960,-500,2,-6.24219,-0.11328,7.46875
17008502,BNO_ACC,1961,-1600,2,-6.39844,-0.11328,7.27734
17019526,BNO_ACC,1962,-4500,2,-6.39844,-0.11328,7.35156
17027951,BNO_ACC,1963,-4700,2,-6.43750,-0.19141,7.31250
17032325,BNO_ACC,1964,-2500,2,-6.43750,-0.07812,7.27344
17039332,BNO_ACC,1965,-700,2,-6.43750,-0.11328,7.23438
17048908,BNO_ACC,1966,-1800,2,-6.39844,-0.11328,7.27734
17059921,BNO_ACC,1967,-4700,2,-6.39844,-0.11328,7.31250
17067894,BNO_ACC,1968,-4400,2,-6.39844,-0.07812,7.31250
17080233,BNO_ACC,1969,-900,2,-6.32031,0.15234,7.31641
17088887,BNO_ACC,1970,-1600,2,-6.35938,0.07812,7.23828
17099802,BNO_ACC,1971,-4500,2,-6.32031,-0.19141,7.35156
17108234,BNO_ACC,1972,-4500,2,-6.39844,-0.30469,7.27344
17113163,BNO_ACC,1973,-2300,2,-6.28125,-0.26953,7.31250
17119976,BNO_ACC,1974,-700,2,-6.58984,-0.26953,7.16797
17128957,BNO_ACC,1975,-1600,2,-6.28125,-0.23047,7.39062
17139918,BNO_ACC,1976,-4300,2,-6.28125,-0.15234,7.31250
17148126,BNO_ACC,1977,-4400,2,-6.58984,-0.15234,7.16797
17153084,BNO_ACC,1978,-2300,2,-6.24219,0.00000,7.39453
17159854,BNO_ACC,1979,-700,2,-6.32031,-0.07812,7.27344
17169160,BNO_ACC,1980,-1600,2,-6.35938,-0.03906,7.23828
17180075,BNO_ACC,1981,-4500,2,-6.32031,-0.23047,7.35156
17188542,BNO_ACC,1982,-4600,2,-6.24219,-0.11328,7.43359
17193436,BNO_ACC,1983,-2300,2,-6.16797,-0.19141,7.46875
17200282,BNO_ACC,1984,-500,2,-6.05078,-0.19141,7.54688
17209296,BNO_ACC,1985,-1400,2,-5.85938,-0.30469,7.73438
17218663,BNO_ACC,1986,-2600,2,-5.93750,-0.23047,7.73828
17229157,BNO_ACC,1987,-5000,2,-5.78516,-0.38281,7.81641
17233209,BNO_ACC,1988,-2300,2,-5.66797,-0.42188,7.93359
17240273,BNO_ACC,1989,-700,2,-5.63281,-0.46094,7.92969
17249476,BNO_ACC,1990,-1000,2,-5.59375,-0.69141,8.03906
17260437,BNO_ACC,1991,-4300,2,-5.44141,-0.69141,8.23828
17268493,BNO_ACC,1992,-4100,2,-5.32422,-0.49609,8.19922
17273433,BNO_ACC,1993,-2300,2,-5.09375,-0.46094,8.27734
17280347,BNO_ACC,1994,-500,2,-5.05469,-0.30469,8.39453
17289569,BNO_ACC,1995,-1000,2,-5.09375,-0.11328,8.46484
17298683,BNO_ACC,1996,-2400,2,-5.09375,-0.23047,8.50000
17309153,BNO_ACC,1997,-4800,2,-4.86328,-0.19141,8.53906
17321094,BNO_ACC,1998,-700,2,-5.13281,0.15234,8.50391
17329948,BNO_ACC,1999,-1600,2,-5.01953,-0.03906,8.54297
17338170,BNO_ACC,2000,-1500,2,-5.09375,0.34375,8.31250
17348890,BNO_ACC,2001,-4000,2,-5.51562,0.07812,8.27344
17353820,BNO_ACC,2002,-2300,2,-5.28516,0.19141,8.35547
17360673,BNO_ACC,2003,-700,2,-5.40234,0.26953,8.19531
17369750,BNO_ACC,2004,-1000,2,-5.74609,0.00000,8.00781
17378880,BNO_ACC,2005,-2200,2,-5.55469,-0.11328,8.07812
17389347,BNO_ACC,2006,-4600,2,-5.89844,-0.46094,7.93359
17400941,BNO_ACC,2007,-700,2,-6.20703,-0.80469,7.12500
17409755,BNO_ACC,2008,-900,2,-6.43750,-0.53516,7.20703
17418952,BNO_ACC,2009,-2000,2,-6.66406,-0.03906,7.00781
17429464,BNO_ACC,2010,-4600,2,-7.08984,0.19141,6.74219
17441163,BNO_ACC,2011,-500,2,-7.55078,0.61328,6.39844
17450096,BNO_ACC,2012,-1000,2,-7.66016,0.34375,6.01562
17460295,BNO_ACC,2013,-3400,2,-7.39062,0.23047,6.28125
17469029,BNO_ACC,2014,-4100,2,-7.65625,0.11328,6.16797
17479473,BNO_ACC,2015,-6300,2,-7.51172,0.00000,6.12891
17480602,BNO_ACC,2016,-900,2,-7.69531,-0.19141,6.08984
17490303,BNO_ACC,2017,-1000,2,-7.54688,-0.07812,6.43750
17500397,BNO_ACC,2018,-3400,2,-7.62500,0.19141,6.12891
17508832,BNO_ACC,2019,-3500,2,-7.54688,0.49609,6.51172
17519188,BNO_ACC,2020,-5900,2,-7.58984,0.65234,6.43750
17520499,BNO_ACC,2021,-700,2,-7.12891,0.42188,6.55078
17530380,BNO_ACC,2022,-1000,2,-6.82031,0.23047,6.93359
17539595,BNO_ACC,2023,-2300,2,-6.70312,0.03906,6.93359
17549074,BNO_ACC,2024,-3500,2,-6.58984,-0.30469,7.05078
17559449,BNO_ACC,2025,-5900,2,-6.51172,-0.49609,7.23438
17560870,BNO_ACC,2026,-700,2,-6.32031,-0.46094,7.31641
17570333,BNO_ACC,2027,-900,2,-6.51172,-0.49609,7.27344
17580451,BNO_ACC,2028,-3200,2,-6.16797,-0.49609,7.23438
17589021,BNO_ACC,2029,-3300,2,-6.20703,-0.53516,7.47266
17599478,BNO_ACC,2030,-5700,2,-6.24219,-0.46094,7.31250
17600993,BNO_ACC,2031,-700,2,-6.35938,-0.34375,7.27734
17610404,BNO_ACC,2032,-900,2,-6.47266,-0.23047,7.12500
17619726,BNO_ACC,2033,-2000,2,-6.66406,-0.30469,7.12891
17629345,BNO_ACC,2034,-3500,2,-6.66406,-0.23047,6.97266
17639641,BNO_ACC,2035,-5900,2,-6.70312,-0.26953,6.96875
17641057,BNO_ACC,2036,-700,2,-6.85547,-0.38281,6.89062
17650552,BNO_ACC,2037,-700,2,-6.85547,-0.53516,6.89062
17660738,BNO_ACC,2038,-3100,2,-6.85547,-0.49609,6.85547
17670570,BNO_ACC,2039,-4700,2,-6.74219,-0.53516,6.82422
17679331,BNO_ACC,2040,-5100,2,-6.93359,-0.34375,6.89453
17683018,BNO_ACC,2041,-1200,2,-6.85156,-0.19141,6.82031
17690031,BNO_ACC,2042,-500,2,-6.89062,0.00000,6.82031
17701074,BNO_ACC,2043,-3200,2,-6.85547,0.26953,6.89062
17710816,BNO_ACC,2044,-4900,2,-6.66406,0.19141,7.01172
17719371,BNO_ACC,2045,-5100,2,-6.51172,0.19141,7.16406
17723074,BNO_ACC,2046,-1200,2,-6.24219,-0.11328,7.39453
17730333,BNO_ACC,2047,-700,2,-6.16797,-0.11328,7.42969
17741399,BNO_ACC,2048,-3400,2,-6.12891,-0.11328,7.51172
17750880,BNO_ACC,2049,-4700,2,-6.12891,-0.11328,7.58984
17759649,BNO_ACC,2050,-5300,2,-6.12891,-0.11328,7.62891
17764035,BNO_ACC,2051,-2500,2,-6.12891,-0.11328,7.65625
17770898,BNO_ACC,2052,-700,2,-5.47656,0.00000,8.08203
17780983,BNO_ACC,2053,-2700,2,-5.55469,0.15234,7.96875
17790948,BNO_ACC,2054,-4700,2,-5.51562,0.46094,8.07812
17799594,BNO_ACC,2055,-4900,2,-5.21094,0.65234,8.39453
17803267,BNO_ACC,2056,-1200,2,-4.25391,-0.42188,9.04297
17810507,BNO_ACC,2057,-700,2,-4.02344,-0.30469,9.19922
17821543,BNO_ACC,2058,-3100,2,-4.17578,0.49609,9.19531
17830973,BNO_ACC,2059,-4500,2,-3.98438,0.03906,9.08203
17839618,BNO_ACC,2060,-4800,2,-4.09766,0.00000,9.03906
17842574,BNO_ACC,2061,-1000,2,-3.94531,-0.53516,9.38281
17850684,BNO_ACC,2062,-500,2,-3.71484,-0.95703,9.57812
17861701,BNO_ACC,2063,-3100,2,-3.83203,-1.07422,9.60938
17871163,BNO_ACC,2064,-4500,2,-3.98438,-1.41797,9.38672
17879713,BNO_ACC,2065,-4800,2,-3.75391,-1.14844,9.12109
17882661,BNO_ACC,2066,-1000,2,-4.48047,-0.91797,9.11719
17891076,BNO_ACC,2067,-700,2,-4.75000,-0.76562,8.84375
17901366,BNO_ACC,2068,-2700,2,-5.36328,-0.80469,8.69922
17911315,BNO_ACC,2069,-4300,2,-5.36328,-0.42188,8.01172
17919835,BNO_ACC,2070,-4700,2,-5.66797,-0.19141,7.85156
17923544,BNO_ACC,2071,-1200,2,-6.24219,0.42188,7.51172
17930914,BNO_ACC,2072,-700,2,-6.51172,1.30078,7.43359
17941122,BNO_ACC,2073,-2300,2,-6.28125,1.49219,7.20703
17952264,BNO_ACC,2074,-5100,2,-6.47266,0.76562,7.46875
17960068,BNO_ACC,2075,-4800,2,-6.39844,0.34375,7.05078
17964323,BNO_ACC,2076,-2500,2,-6.51172,0.03906,7.20703
17971378,BNO_ACC,2077,-700,2,-6.78125,-0.34375,7.00781
17980579,BNO_ACC,2078,-1600,2,-6.74609,-0.19141,6.70312
17991576,BNO_ACC,2079,-4500,2,-7.00781,-0.07812,6.74219
17999981,BNO_ACC,2080,-4600,2,-7.31250,-0.03906,6.74219
18004880,BNO_ACC,2081,-2300,2,-7.39453,-0.49609,6.55078
18011794,BNO_ACC,2082,-700,2,-6.97266,-0.38281,6.85547
18020954,BNO_ACC,2083,-1800,2,-7.01172,-0.38281,6.85547
18031968,BNO_ACC,2084,-4700,2,-6.78125,-0.07812,6.89453
18040053,BNO_ACC,2085,-4500,2,-6.82031,0.19141,6.85156
18044974,BNO_ACC,2086,-2300,2,-6.93359,0.26953,6.74219
18051861,BNO_ACC,2087,-500,2,-7.04688,0.65234,6.85547
18061202,BNO_ACC,2088,-900,2,-7.12891,1.14844,6.70312
18072210,BNO_ACC,2089,-4700,2,-7.27734,0.88281,6.74219
18080217,BNO_ACC,2090,-4400,2,-7.05078,0.30469,6.43750
18085203,BNO_ACC,2091,-2300,2,-7.20312,-0.42188,6.85547
18092245,BNO_ACC,2092,-700,2,-6.85547,-0.69141,6.85156
18101196,BNO_ACC,2093,-1400,2,-6.96875,-0.88281,6.93359
18112126,BNO_ACC,2094,-4500,2,-6.89453,-0.91797,6.93359
18120442,BNO_ACC,2095,-4600,2,-6.85547,-0.61328,6.92969
18125354,BNO_ACC,2096,-2300,2,-6.89453,-0.57422,6.85547
18132353,BNO_ACC,2097,-500,2,-6.85547,-0.42188,6.89453
18141296,BNO_ACC,2098,-1400,2,-6.89453,-0.26953,6.66406
18152330,BNO_ACC,2099,-4300,2,-6.96875,-0.26953,6.74219
18160518,BNO_ACC,2100,-4400,2,-6.93359,-0.38281,7.05078
18165437,BNO_ACC,2101,-2300,2,-6.74609,-0.42188,6.66406
18172419,BNO_ACC,2102,-700,2,-7.04688,-0.19141,6.89453
18181553,BNO_ACC,2103,-1000,2,-6.82422,0.00000,6.74219
18192414,BNO_ACC,2104,-4500,2,-7.01172,-0.03906,6.82031
18200539,BNO_ACC,2105,-4300,2,-6.85547,-0.19141,6.89453
18205457,BNO_ACC,2106,-2100,2,-6.78125,-0.26953,7.20312
18212398,BNO_ACC,2107,-700,2,-6.66406,-0.26953,6.93359
18221662,BNO_ACC,2108,-1000,2,-6.78125,-0.42188,7.04688
18230984,BNO_ACC,2109,-2600,2,-6.66406,-0.19141,7.01172
18240759,BNO_ACC,2110,-4300,2,-6.66406,-0.30469,7.12891
18245677,BNO_ACC,2111,-2300,2,-6.47266,-0.15234,7.16797
18252460,BNO_ACC,2112,-700,2,-6.51172,-0.19141,7.16406
18261780,BNO_ACC,2113,-1000,2,-6.51172,-0.23047,7.20312
18272778,BNO_ACC,2114,-4300,2,-6.43750,-0.11328,7.23438
18280676,BNO_ACC,2115,-4100,2,-6.43750,-0.15234,7.27344
18285595,BNO_ACC,2116,-2300,2,-6.47266,-0.11328,7.16797
18292590,BNO_ACC,2117,-500,2,-6.35938,0.03906,7.27734
18301781,BNO_ACC,2118,-1000,2,-6.58984,0.03906,7.20703
18311235,BNO_ACC,2119,-2400,2,-6.47266,0.07812,7.20703
18321001,BNO_ACC,2120,-4200,2,-6.35938,0.23047,7.39062
18325958,BNO_ACC,2121,-2300,2,-6.35938,0.00000,7.27734
18333143,BNO_ACC,2122,-700,2,-6.24219,-0.07812,7.39453
18342079,BNO_ACC,2123,-1000,2,-6.08984,-0.03906,7.54688
18350450,BNO_ACC,2124,-1500,2,-6.01562,0.15234,7.58594
18361096,BNO_ACC,2125,-3800,2,-6.16797,0.00000,7.47266
18366027,BNO_ACC,2126,-2300,2,-5.93750,-0.03906,7.65625
18373201,BNO_ACC,2127,-700,2,-6.01562,-0.19141,7.58984
18382273,BNO_ACC,2128,-1000,2,-6.12891,-0.15234,7.58984
18390675,BNO_ACC,2129,-1500,2,-5.93750,0.00000,7.73438
18401332,BNO_ACC,2130,-4000,2,-6.01562,-0.03906,7.62500
18413228,BNO_ACC,2131,-500,2,-5.74609,-0.11328,7.85547
18422227,BNO_ACC,2132,-900,2,-5.63281,-0.11328,7.97266
18432445,BNO_ACC,2133,-3400,2,-5.78516,-0.26953,7.85547
18441281,BNO_ACC,2134,-4100,2,-5.47656,-0.19141,8.01172
18446220,BNO_ACC,2135,-2300,2,-5.66797,-0.46094,7.89062
18453400,BNO_ACC,2136,-700,2,-5.63281,-0.26953,7.89062
18462442,BNO_ACC,2137,-900,2,-5.63281,-0.38281,7.89062
18472546,BNO_ACC,2138,-3200,2,-5.74609,-0.19141,7.96875
18481292,BNO_ACC,2139,-3500,2,-5.59375,-0.11328,7.89062
18491630,BNO_ACC,2140,-6100,2,-5.59375,-0.15234,8.04297
18492954,BNO_ACC,2141,-700,2,-5.44141,-0.07812,8.23438
18502438,BNO_ACC,2142,-900,2,-5.21094,0.00000,8.12109
18512672,BNO_ACC,2143,-3200,2,-5.25000,0.03906,8.27734
18521104,BNO_ACC,2144,-3500,2,-5.17188,0.00000,8.35547
18531720,BNO_ACC,2145,-6100,2,-5.05469,0.03906,8.46094
18533068,BNO_ACC,2146,-700,2,-5.13281,-0.15234,8.31250
18542646,BNO_ACC,2147,-900,2,-5.13281,-0.65234,8.50391
18552720,BNO_ACC,2148,-3100,2,-5.32422,-0.61328,8.27344
18561176,BNO_ACC,2149,-3300,2,-5.51562,-0.61328,7.93359
18571685,BNO_ACC,2150,-5700,2,-5.55469,-0.72656,7.96875
18573160,BNO_ACC,2151,-700,2,-5.78516,-0.53516,7.77344
18582867,BNO_ACC,2152,-900,2,-5.70703,-0.03906,7.85547
18592818,BNO_ACC,2153,-2900,2,-5.89844,-0.30469,7.81641
18601225,BNO_ACC,2154,-3300,2,-5.89844,0.11328,7.69531
18611793,BNO_ACC,2155,-5700,2,-6.16797,0.30469,7.69531
18613290,BNO_ACC,2156,-700,2,-6.05078,0.46094,7.20312
18622653,BNO_ACC,2157,-900,2,-6.20703,0.34375,7.20703
18632749,BNO_ACC,2158,-2900,2,-6.35938,0.07812,7.50781
18642735,BNO_ACC,2159,-4900,2,-6.08984,-0.26953,7.39062
18651329,BNO_ACC,2160,-5100,2,-6.08984,0.07812,7.65625
18653876,BNO_ACC,2161,-700,2,-6.24219,-0.11328,7.23828
18662519,BNO_ACC,2162,-700,2,-6.28125,-0.19141,7.65625
18671817,BNO_ACC,2163,-1500,2,-6.12891,-0.03906,7.39062
18682349,BNO_ACC,2164,-4000,2,-6.32031,0.00000,7.62891
18695280,BNO_ACC,2165,-1200,2,-5.97656,0.23047,7.46875
18702349,BNO_ACC,2166,-500,2,-6.20703,0.26953,7.20703
18713389,BNO_ACC,2167,-3100,2,-6.62891,0.19141,7.27734
18723034,BNO_ACC,2168,-4700,2,-6.35938,-0.30469,7.39062
18731731,BNO_ACC,2169,-5100,2,-6.62891,-1.07422,7.31250
18735368,BNO_ACC,2170,-1200,2,-6.66406,-1.14844,7.12891
18742506,BNO_ACC,2171,-500,2,-7.01172,-0.99609,7.01172
18753620,BNO_ACC,2172,-3100,2,-7.31641,-0.69141,6.66406
18762958,BNO_ACC,2173,-4500,2,-7.54688,-0.49609,6.47266
18772421,BNO_ACC,2174,-5700,2,-7.69922,-0.26953,6.16797
18774104,BNO_ACC,2175,-700,2,-8.01172,0.00000,6.01562
18783086,BNO_ACC,2176,-700,2,-8.07812,0.26953,6.01562
18793093,BNO_ACC,2177,-2500,2,-8.16016,0.11328,5.97656
18803075,BNO_ACC,2178,-4300,2,-8.16016,-0.03906,5.47656
18811730,BNO_ACC,2179,-4800,2,-8.42578,0.11328,4.94141
18814426,BNO_ACC,2180,-900,2,-8.62109,0.65234,5.36328
18823012,BNO_ACC,2181,-500,2,-8.39453,-0.15234,5.01953
18833894,BNO_ACC,2182,-3200,2,-8.42578,-0.53516,4.59766
18843224,BNO_ACC,2183,-4500,2,-8.58203,0.00000,5.25000
18851826,BNO_ACC,2184,-4800,2,-8.58203,-0.07812,4.75000
18854776,BNO_ACC,2185,-1000,2,-8.57812,0.19141,4.90234
18863122,BNO_ACC,2186,-700,2,-8.84766,0.42188,5.44141
18873775,BNO_ACC,2187,-2700,2,-8.92578,0.61328,5.17188
18883325,BNO_ACC,2188,-4300,2,-8.92188,0.76562,4.94141
18891908,BNO_ACC,2189,-4600,2,-9.07812,0.88281,4.94141
18896858,BNO_ACC,2190,-2300,2,-8.84766,0.72656,5.13281
18903725,BNO_ACC,2191,-700,2,-8.96484,0.46094,5.09375
18912819,BNO_ACC,2192,-1800,2,-8.50391,-0.07812,5.21094
18923637,BNO_ACC,2193,-4500,2,-8.77734,-0.38281,5.25000
18932091,BNO_ACC,2194,-4700,2,-8.54297,-0.65234,5.25000
18937047,BNO_ACC,2195,-2300,2,-8.65625,-0.72656,5.55469
18943907,BNO_ACC,2196,-700,2,-8.88672,-1.26562,5.55469
18953011,BNO_ACC,2197,-1600,2,-8.77734,-1.03516,5.66797
18962369,BNO_ACC,2198,-2800,2,-8.88672,-0.30469,4.94141
18972762,BNO_ACC,2199,-5100,2,-8.81641,-0.38281,5.05469
18976837,BNO_ACC,2200,-2300,2,-8.73828,-0.53516,5.28516
18983871,BNO_ACC,2201,-700,2,-8.58203,-0.72656,5.70703
18993122,BNO_ACC,2202,-1600,2,-8.31250,-0.49609,5.25000
19002381,BNO_ACC,2203,-2600,2,-8.58203,-0.49609,5.25000
19012868,BNO_ACC,2204,-5100,2,-8.92188,-0.88281,5.28516
19016941,BNO_ACC,2205,-2300,2,-8.88672,-1.14844,5.17188
19024086,BNO_ACC,2206,-700,2,-8.84766,-1.76172,5.28516
19033162,BNO_ACC,2207,-1600,2,-8.42188,-1.99219,5.85938
19042512,BNO_ACC,2208,-2600,2,-7.73438,-2.07031,5.63281
19052852,BNO_ACC,2209,-5000,2,-7.77734,-2.26172,6.35938
19064039,BNO_ACC,2210,-700,2,-7.65625,-0.61328,5.74609
19073456,BNO_ACC,2211,-1000,2,-8.19922,0.76562,5.78516
19084241,BNO_ACC,2212,-4500,2,-8.00781,1.37891,5.70703
19092538,BNO_ACC,2213,-4400,2,-8.19922,1.37891,5.85938
19097463,BNO_ACC,2214,-2300,2,-7.77344,0.99609,6.12891
19104314,BNO_ACC,2215,-700,2,-7.31641,0.11328,6.32031
19113707,BNO_ACC,2216,-900,2,-6.85547,-0.49609,7.23438
19124756,BNO_ACC,2217,-4900,2,-6.16797,-1.14844,7.43359
19132677,BNO_ACC,2218,-4400,2,-5.51562,-1.53125,8.12109
19137631,BNO_ACC,2219,-2300,2,-5.32422,-1.41797,7.89453
19144537,BNO_ACC,2220,-500,2,-5.01953,-0.95703,8.73828
19153779,BNO_ACC,2221,-1000,2,-5.13281,0.03906,8.62109
19164797,BNO_ACC,2222,-4500,2,-4.90234,1.07422,8.46094
19172904,BNO_ACC,2223,-4400,2,-4.59766,1.14844,8.42188
19177835,BNO_ACC,2224,-2300,2,-4.48047,1.30078,9.12109
19184847,BNO_ACC,2225,-700,2,-4.13672,1.18750,9.42578
19193793,BNO_ACC,2226,-1000,2,-3.67578,0.61328,9.42188
19204732,BNO_ACC,2227,-4300,2,-3.29297,0.23047,9.80469
19212859,BNO_ACC,2228,-4200,2,-3.21875,0.03906,10.07031
19217752,BNO_ACC,2229,-2300,2,-3.33203,-0.23047,9.96484
19224725,BNO_ACC,2230,-500,2,-3.14062,-1.14844,10.26953
19233889,BNO_ACC,2231,-1000,2,-3.06641,-1.41797,10.14844
19244579,BNO_ACC,2232,-4000,2,-3.37109,-1.68359,9.92188
19252883,BNO_ACC,2233,-4100,2,-3.14062,-1.60938,9.92578
19257803,BNO_ACC,2234,-2300,2,-3.33203,-1.22656,9.92578
19264968,BNO_ACC,2235,-700,2,-3.79297,-0.46094,9.57812
19274119,BNO_ACC,2236,-1000,2,-3.79297,-0.26953,9.11719
19285200,BNO_ACC,2237,-4500,2,-4.02344,0.26953,9.19531
19293060,BNO_ACC,2238,-4100,2,-4.44531,0.76562,9.12109
19298017,BNO_ACC,2239,-2300,2,-4.63672,0.84375,8.96094
19305073,BNO_ACC,2240,-500,2,-4.67188,0.88281,8.96094
19314158,BNO_ACC,2241,-900,2,-4.55859,0.65234,8.54297
19323422,BNO_ACC,2242,-2200,2,-4.86328,0.19141,8.92578
19333311,BNO_ACC,2243,-4000,2,-4.59766,0.15234,8.77344
19338210,BNO_ACC,2244,-2300,2,-4.51953,-0.11328,8.81250
19345226,BNO_ACC,2245,-500,2,-4.67188,-0.23047,8.81250
19354078,BNO_ACC,2246,-1000,2,-4.67188,-0.57422,8.73828
19363207,BNO_ACC,2247,-1800,2,-4.67188,-0.99609,8.96094
19373939,BNO_ACC,2248,-4400,2,-4.71094,-0.88281,8.81250
19385700,BNO_ACC,2249,-700,2,-4.98047,-0.30469,8.50391
19394697,BNO_ACC,2250,-1000,2,-5.21094,-0.26953,8.16016
19404618,BNO_ACC,2251,-3400,2,-5.40234,0.11328,7.97266
19413146,BNO_ACC,2252,-3700,2,-5.40234,0.19141,8.11719
19423512,BNO_ACC,2253,-5900,2,-5.55469,0.30469,7.97266
19424838,BNO_ACC,2254,-700,2,-5.55469,0.26953,8.19922
19434374,BNO_ACC,2255,-1000,2,-5.59375,0.00000,7.85547
19443540,BNO_ACC,2256,-1800,2,-5.55469,-0.19141,8.04297
19454334,BNO_ACC,2257,-4600,2,-5.51562,-0.15234,7.93359
19465957,BNO_ACC,2258,-700,2,-5.51562,-0.49609,8.42578
19475017,BNO_ACC,2259,-900,2,-5.51562,-0.53516,7.58594
19484731,BNO_ACC,2260,-3100,2,-5.55469,-0.42188,8.19531
19494977,BNO_ACC,2261,-5300,2,-5.59375,-0.23047,8.03906
19503263,BNO_ACC,2262,-5300,2,-5.63281,-0.30469,7.77734
19505969,BNO_ACC,2263,-900,2,-5.70703,-0.34375,7.73438
19514546,BNO_ACC,2264,-900,2,-5.82422,-0.23047,7.85547
19523691,BNO_ACC,2265,-1700,2,-5.85938,-0.07812,7.73828
19534415,BNO_ACC,2266,-4200,2,-5.97656,-0.07812,7.58984
19546160,BNO_ACC,2267,-700,2,-5.97656,-0.07812,7.65625
19555188,BNO_ACC,2268,-900,2,-5.93750,-0.11328,7.58984
19565051,BNO_ACC,2269,-3100,2,-5.89844,-0.07812,7.58594
19573583,BNO_ACC,2270,-3100,2,-5.82422,0.00000,7.66016
19583763,BNO_ACC,2271,-5500,2,-5.93750,0.03906,7.62891
19587403,BNO_ACC,2272,-1200,2,-5.85938,0.03906,7.77734
19594469,BNO_ACC,2273,-700,2,-5.85938,0.00000,7.73828
19605528,BNO_ACC,2274,-3400,2,-5.93750,-0.19141,7.50781
19615160,BNO_ACC,2275,-4900,2,-5.85938,-0.07812,7.85156
19623679,BNO_ACC,2276,-5100,2,-5.93750,-0.07812,7.54688
19627384,BNO_ACC,2277,-1200,2,-5.93750,-0.11328,7.65625
19634475,BNO_ACC,2278,-500,2,-5.97656,-0.15234,7.47266
19645468,BNO_ACC,2279,-3100,2,-5.97656,-0.07812,7.77344
19655071,BNO_ACC,2280,-4700,2,-5.93750,0.11328,7.73438
19663776,BNO_ACC,2281,-5100,2,-6.08984,0.03906,7.42969
19667407,BNO_ACC,2282,-1200,2,-6.05078,-0.15234,7.39453
19674574,BNO_ACC,2283,-700,2,-5.97656,-0.15234,7.77344
19685614,BNO_ACC,2284,-3100,2,-5.93750,-0.03906,7.73438
19693491,BNO_ACC,2285,-2800,2,-5.97656,0.11328,7.51172
19704103,BNO_ACC,2286,-5300,2,-5.97656,0.00000,7.58984
19715689,BNO_ACC,2287,-1000,2,-5.89844,0.03906,7.62500
19725239,BNO_ACC,2288,-2700,2,-5.85938,0.03906,7.66016
19735215,BNO_ACC,2289,-4500,2,-5.97656,0.00000,7.51172
19743853,BNO_ACC,2290,-4800,2,-5.93750,0.00000,7.65625
19747564,BNO_ACC,2291,-1200,2,-5.93750,0.23047,7.85156
19754740,BNO_ACC,2292,-700,2,-5.89844,0.23047,7.73438
19765649,BNO_ACC,2293,-2900,2,-5.89844,0.11328,7.73828
19775347,BNO_ACC,2294,-4500,2,-5.74609,-0.11328,7.73438
19784074,BNO_ACC,2295,-4800,2,-5.74609,-0.15234,7.73438
19787719,BNO_ACC,2296,-1200,2,-5.74609,-0.03906,7.81641
19795047,BNO_ACC,2297,-700,2,-5.85938,0.07812,7.93359
19806064,BNO_ACC,2298,-3100,2,-5.74609,-0.11328,7.69922
19815543,BNO_ACC,2299,-4300,2,-5.70703,-0.19141,7.77734
19824357,BNO_ACC,2300,-5200,2,-5.74609,-0.07812,7.85547
19835713,BNO_ACC,2301,-900,2,-5.47656,0.00000,8.46484
19844986,BNO_ACC,2302,-1600,2,-5.25000,-0.69141,8.27344
19855916,BNO_ACC,2303,-4700,2,-5.28516,-0.19141,7.69531
19864239,BNO_ACC,2304,-4500,2,-5.51562,0.30469,8.19531
19868498,BNO_ACC,2305,-2300,2,-5.51562,0.23047,8.12109
19875534,BNO_ACC,2306,-500,2,-5.51562,0.11328,7.96875
19884947,BNO_ACC,2307,-1800,2,-5.36328,-0.11328,8.08203
19895865,BNO_ACC,2308,-4500,2,-5.28516,-0.49609,7.54688
19904212,BNO_ACC,2309,-4600,2,-5.32422,-0.34375,8.07812
19909132,BNO_ACC,2310,-2300,2,-5.36328,-0.23047,8.07812
19916242,BNO_ACC,2311,-900,2,-5.55469,-0.34375,8.11719
19925098,BNO_ACC,2312,-1600,2,-5.59375,0.15234,8.23828
19934445,BNO_ACC,2313,-2600,2,-5.55469,-0.19141,7.97266
19945090,BNO_ACC,2314,-5200,2,-5.40234,-0.15234,8.12109
19956398,BNO_ACC,2315,-700,2,-5.25000,0.11328,8.31250
19965177,BNO_ACC,2316,-1600,2,-5.05469,0.03906,8.42578
19976121,BNO_ACC,2317,-4300,2,-4.94141,0.03906,8.27344
19984555,BNO_ACC,2318,-4400,2,-4.90234,0.15234,8.39453
19989459,BNO_ACC,2319,-2300,2,-4.90234,0.34375,8.16016
19996432,BNO_ACC,2320,-700,2,-5.09375,0.69141,8.03906
20005484,BNO_ACC,2321,-1000,2,-5.21094,0.61328,8.54297
20014672,BNO_ACC,2322,-2600,2,-5.05469,0.07812,8.50000
20025021,BNO_ACC,2323,-4800,2,-4.67188,-0.69141,8.81250
20029078,BNO_ACC,2324,-2100,2,-4.55859,-1.07422,8.77344
20036224,BNO_ACC,2325,-700,2,-4.48047,-0.69141,8.42188
20045527,BNO_ACC,2326,-1000,2,-4.59766,-0.61328,8.42578
20054814,BNO_ACC,2327,-2400,2,-4.67188,-0.53516,8.77344
20065156,BNO_ACC,2328,-4800,2,-4.75000,-0.61328,8.62109
20076873,BNO_ACC,2329,-700,2,-4.90234,-0.76562,8.42578
20085835,BNO_ACC,2330,-900,2,-5.05469,-0.57422,8.23828
20096935,BNO_ACC,2331,-4700,2,-5.17188,0.34375,8.31641
20104854,BNO_ACC,2332,-4400,2,-5.25000,1.10938,8.31641
20109784,BNO_ACC,2333,-2300,2,-5.40234,1.80078,8.15625
20116674,BNO_ACC,2334,-700,2,-5.28516,1.33984,8.23828
20125965,BNO_ACC,2335,-1000,2,-5.05469,0.76562,8.54297
20137052,BNO_ACC,2336,-4500,2,-4.71094,-0.30469,8.61719
20144931,BNO_ACC,2337,-4300,2,-4.40625,-0.88281,8.84766
20149844,BNO_ACC,2338,-2300,2,-4.21484,-0.99609,8.53906
20156776,BNO_ACC,2339,-700,2,-4.28906,-0.61328,8.50391
20165977,BNO_ACC,2340,-1000,2,-4.59766,-0.19141,8.23828
20177087,BNO_ACC,2341,-4300,2,-4.86328,0.11328,8.96484
20185065,BNO_ACC,2342,-4400,2,-5.17188,-0.34375,8.50000
20189994,BNO_ACC,2343,-2300,2,-5.25000,-0.76562,9.07812
20196937,BNO_ACC,2344,-500,2,-5.21094,-0.91797,8.39453
20206107,BNO_ACC,2345,-1000,2,-4.75000,-0.57422,8.39062
20217068,BNO_ACC,2346,-4300,2,-5.55469,0.15234,8.01172
20225196,BNO_ACC,2347,-4200,2,-5.47656,0.34375,7.92969
20230126,BNO_ACC,2348,-2300,2,-5.89844,0.38281,7.93359
20237112,BNO_ACC,2349,-500,2,-5.66797,0.00000,8.23828
20246146,BNO_ACC,2350,-900,2,-5.13281,-0.69141,7.77734
20255276,BNO_ACC,2351,-2000,2,-5.47656,-0.80469,7.62500
20265624,BNO_ACC,2352,-4600,2,-6.12891,0.46094,7.58984
20277259,BNO_ACC,2353,-500,2,-6.74609,1.30078,6.39844
20286361,BNO_ACC,2354,-1000,2,-6.66406,0.76562,7.39062
20296498,BNO_ACC,2355,-3400,2,-6.89453,-0.26953,7.43359
20305420,BNO_ACC,2356,-4100,2,-6.97266,-0.38281,7.08984
20310324,BNO_ACC,2357,-2100,2,-6.39844,-0.30469,6.78516
20317388,BNO_ACC,2358,-500,2,-7.73828,0.53516,6.70312
20326623,BNO_ACC,2359,-1000,2,-6.89062,-0.03906,6.62891
20336663,BNO_ACC,2360,-3400,2,-6.96875,-0.99609,6.55078
20345040,BNO_ACC,2361,-3500,2,-6.74219,-1.07422,6.62891
20355396,BNO_ACC,2362,-5700,2,-7.69531,-0.07812,7.27734
20356834,BNO_ACC,2363,-700,2,-7.39453,0.76562,6.16797
20366497,BNO_ACC,2364,-1000,2,-7.12500,0.26953,5.85938
20375759,BNO_ACC,2365,-2000,2,-7.23828,-0.57422,7.77344
20385277,BNO_ACC,2366,-3500,2,-7.01172,-1.18750,7.12891
20395644,BNO_ACC,2367,-5900,2,-7.65625,-1.07422,7.08594
20396961,BNO_ACC,2368,-500,2,-6.74609,0.80469,5.51562
20406641,BNO_ACC,2369,-1000,2,-7.08984,-1.03516,4.90234
20416775,BNO_ACC,2370,-3200,2,-8.88672,-0.69141,8.27344
20426905,BNO_ACC,2371,-5300,2,-8.35547,1.30078,6.58984
20435487,BNO_ACC,2372,-5500,2,-6.08984,-0.88281,5.28516
20439121,BNO_ACC,2373,-1200,2,-7.62891,-0.03906,6.32031
20446156,BNO_ACC,2374,-500,2,-7.23438,0.11328,6.97266
20457203,BNO_ACC,2375,-3400,2,-6.93359,0.00000,7.00781
20465364,BNO_ACC,2376,-3300,2,-6.55078,-1.60938,7.20703
20475692,BNO_ACC,2377,-5500,2,-6.74219,0.07812,7.20312
20479393,BNO_ACC,2378,-1200,2,-6.32031,-0.61328,7.23438
20486432,BNO_ACC,2379,-700,2,-7.04688,0.07812,7.08984
20495562,BNO_ACC,2380,-1300,2,-6.43750,0.34375,6.92969
20506121,BNO_ACC,2381,-3900,2,-7.16406,0.46094,6.74219
20515540,BNO_ACC,2382,-5300,2,-7.31250,0.49609,6.93359
20518341,BNO_ACC,2383,-1200,2,-6.89062,0.00000,6.85547
20526352,BNO_ACC,2384,-700,2,-7.00781,-0.19141,6.97266
20537523,BNO_ACC,2385,-3200,2,-7.12500,0.30469,6.85547
20546927,BNO_ACC,2386,-4700,2,-6.96875,0.57422,6.85547
20555571,BNO_ACC,2387,-5100,2,-6.74219,0.57422,7.20703
20558267,BNO_ACC,2388,-900,2,-6.58984,-0.19141,6.82422
20566672,BNO_ACC,2389,-700,2,-6.58984,0.15234,7.27344
20577688,BNO_ACC,2390,-3400,2,-6.47266,-0.34375,7.27344
20587132,BNO_ACC,2391,-4700,2,-6.47266,-0.95703,7.27344
20595772,BNO_ACC,2392,-5100,2,-6.32031,-0.91797,7.20703
20599477,BNO_ACC,2393,-1000,2,-6.51172,-1.10938,7.08594
20606614,BNO_ACC,2394,-500,2,-6.58984,-0.91797,7.23438
20617484,BNO_ACC,2395,-3100,2,-6.74219,-0.30469,6.78516
20627236,BNO_ACC,2396,-4700,2,-7.08984,0.23047,6.70312
20635785,BNO_ACC,2397,-4900,2,-7.05078,0.23047,6.82031
20638462,BNO_ACC,2398,-900,2,-7.04688,0.34375,6.85547
20646844,BNO_ACC,2399,-700,2,-6.96875,0.38281,6.28125
20658028,BNO_ACC,2400,-3200,2,-6.85156,0.23047,6.82031
20667434,BNO_ACC,2401,-4700,2,-7.00781,-0.34375,6.93359
20675962,BNO_ACC,2402,-5000,2,-6.82031,-0.34375,6.82031
20679643,BNO_ACC,2403,-1200,2,-6.85547,-0.57422,6.93359
20686894,BNO_ACC,2404,-700,2,-7.12891,-0.69141,6.70312
20697866,BNO_ACC,2405,-3100,2,-7.05078,-0.53516,6.70312
20707431,BNO_ACC,2406,-4500,2,-7.35156,-0.15234,6.70312
20716112,BNO_ACC,2407,-4900,2,-7.12891,-0.38281,6.82031
20720392,BNO_ACC,2408,-2500,2,-6.89453,-0.53516,7.00781
20727354,BNO_ACC,2409,-700,2,-6.78125,-0.76562,6.89062
20737644,BNO_ACC,2410,-2700,2,-6.82031,-0.19141,6.96875
20747533,BNO_ACC,2411,-4500,2,-6.74219,0.00000,6.89453
20756032,BNO_ACC,2412,-4600,2,-6.89062,0.11328,6.85547
20759810,BNO_ACC,2413,-1200,2,-7.00781,0.53516,6.74219
20767032,BNO_ACC,2414,-700,2,-6.85547,0.69141,6.85156
20777922,BNO_ACC,2415,-2700,2,-6.82031,0.23047,7.00781
20787664,BNO_ACC,2416,-4300,2,-6.89453,-0.38281,6.89453
20796155,BNO_ACC,2417,-4600,2,-6.58984,-0.38281,7.23438
20801063,BNO_ACC,2418,-2300,2,-6.47266,-0.42188,7.23828
20808006,BNO_ACC,2419,-700,2,-6.70312,-0.26953,7.00781
20817024,BNO_ACC,2420,-1600,2,-6.58984,-0.19141,7.23828
20826429,BNO_ACC,2421,-2800,2,-6.58984,-0.07812,7.23438
20836836,BNO_ACC,2422,-5100,2,-6.62891,0.03906,7.16797
20841061,BNO_ACC,2423,-2500,2,-6.28125,-0.07812,7.46875
20848162,BNO_ACC,2424,-700,2,-6.51172,-0.26953,7.23438
20857151,BNO_ACC,2425,-1600,2,-6.39844,-0.34375,7.31250
20866417,BNO_ACC,2426,-2800,2,-6.39844,-0.19141,7.27344
20876805,BNO_ACC,2427,-4900,2,-6.55078,0.03906,7.20312
20881052,BNO_ACC,2428,-2300,2,-6.43750,-0.03906,7.27344
20887911,BNO_ACC,2429,-500,2,-6.32031,-0.19141,7.43359
20897216,BNO_ACC,2430,-1400,2,-6.43750,-0.30469,7.23828
20908315,BNO_ACC,2431,-4500,2,-6.24219,-0.30469,7.47266
20916364,BNO_ACC,2432,-4400,2,-6.43750,-0.34375,7.27344
20921320,BNO_ACC,2433,-2300,2,-6.28125,-0.34375,7.46875
20928415,BNO_ACC,2434,-700,2,-6.28125,-0.30469,7.39062
20937553,BNO_ACC,2435,-900,2,-6.32031,-0.19141,7.35156
20946931,BNO_ACC,2436,-2800,2,-6.55078,0.19141,7.23438
20956741,BNO_ACC,2437,-4500,2,-6.51172,0.07812,7.23438
20961690,BNO_ACC,2438,-2300,2,-6.47266,0.26953,7.23438
20968720,BNO_ACC,2439,-700,2,-6.43750,-0.23047,7.23828
20977620,BNO_ACC,2440,-1000,2,-6.55078,0.03906,7.27734
20988631,BNO_ACC,2441,-4500,2,-6.55078,0.03906,7.20312
20996810,BNO_ACC,2442,-4400,2,-6.39844,-0.15234,7.35156
21001720,BNO_ACC,2443,-2300,2,-6.35938,-0.11328,7.35156
21008698,BNO_ACC,2444,-700,2,-6.39844,-0.15234,7.31250
21017790,BNO_ACC,2445,-900,2,-6.39844,-0.15234,7.35156
21028874,BNO_ACC,2446,-4500,2,-6.35938,-0.15234,7.35156
21036819,BNO_ACC,2447,-4300,2,-6.35938,-0.11328,7.35156
21041733,BNO_ACC,2448,-2300,2,-6.39844,-0.15234,7.35156
21048818,BNO_ACC,2449,-700,2,-6.35938,-0.11328,7.39453
21057962,BNO_ACC,2450,-1000,2,-6.35938,-0.15234,7.35156
21069026,BNO_ACC,2451,-4500,2,-6.35938,-0.11328,7.31250
21076971,BNO_ACC,2452,-4300,2,-6.32031,-0.15234,7.35547
21081930,BNO_ACC,2453,-2300,2,-6.35938,-0.11328,7.31250
21088866,BNO_ACC,2454,-700,2,-6.35938,-0.07812,7.27734
21098036,BNO_ACC,2455,-1000,2,-6.35938,-0.19141,7.35547
21109181,BNO_ACC,2456,-4500,2,-6.35938,-0.15234,7.43359
21117245,BNO_ACC,2457,-4400,2,-6.35938,-0.15234,7.39453
21122326,BNO_ACC,2458,-2300,2,-6.35938,-0.15234,7.43359
21129299,BNO_ACC,2459,-700,2,-6.35938,-0.15234,7.39453
21138213,BNO_ACC,2460,-1000,2,-6.51172,-0.34375,7.31641
21146428,BNO_ACC,2461,-1300,2,-6.35938,-0.42188,7.35547
21157630,BNO_ACC,2462,-4800,2,-6.47266,-0.38281,7.23438
21169526,BNO_ACC,2463,-700,2,-6.35938,0.00000,7.35156
21178511,BNO_ACC,2464,-900,2,-6.51172,-0.11328,7.23438
21186696,BNO_ACC,2465,-1500,2,-6.35938,0.07812,7.31250
21197231,BNO_ACC,2466,-4000,2,-6.47266,-0.15234,7.31641
21202124,BNO_ACC,2467,-2300,2,-6.35938,-0.15234,7.43359
21209286,BNO_ACC,2468,-500,2,-6.47266,-0.19141,7.35156
21218521,BNO_ACC,2469,-1000,2,-6.58984,-0.07812,7.23438
21226915,BNO_ACC,2470,-1600,2,-6.51172,-0.11328,7.31641
21237415,BNO_ACC,2471,-4000,2,-6.51172,-0.07812,7.23438
21242345,BNO_ACC,2472,-2300,2,-6.51172,-0.15234,7.27344
21249478,BNO_ACC,2473,-500,2,-6.47266,-0.15234,7.27344
21258563,BNO_ACC,2474,-1000,2,-6.58984,-0.11328,7.20703
21267973,BNO_ACC,2475,-2700,2,-6.55078,-0.15234,7.23828
21277544,BNO_ACC,2476,-4000,2,-6.62891,-0.19141,7.16406
21282480,BNO_ACC,2477,-2300,2,-6.70312,-0.23047,7.12891
21289672,BNO_ACC,2478,-500,2,-6.78125,-0.19141,7.08984
21298836,BNO_ACC,2479,-900,2,-6.78125,0.00000,7.05078
21307136,BNO_ACC,2480,-1400,2,-6.96875,-0.07812,6.89453
21318004,BNO_ACC,2481,-4300,2,-7.04688,0.11328,6.85547
21327636,BNO_ACC,2482,-5800,2,-7.12500,0.11328,6.66406
21328946,BNO_ACC,2483,-500,2,-7.20312,0.03906,6.66406
21338724,BNO_ACC,2484,-1000,2,-7.23828,0.07812,6.66406
21348891,BNO_ACC,2485,-3200,2,-7.20312,-0.15234,6.74219
21357327,BNO_ACC,2486,-3500,2,-7.35547,-0.07812,6.43750
21368039,BNO_ACC,2487,-6100,2,-7.50781,0.11328,6.35938
21369226,BNO_ACC,2488,-700,2,-7.81641,-0.03906,6.12891
21378852,BNO_ACC,2489,-1000,2,-7.92969,0.38281,6.08984
21389055,BNO_ACC,2490,-3200,2,-8.00781,0.53516,5.97656
21399027,BNO_ACC,2491,-5300,2,-8.07812,0.15234,5.89844
21407455,BNO_ACC,2492,-5300,2,-8.11719,0.26953,5.85938
21410168,BNO_ACC,2493,-700,2,-8.01172,0.07812,5.82422
21418702,BNO_ACC,2494,-900,2,-8.12109,0.30469,6.01562
21427908,BNO_ACC,2495,-1700,2,-8.23438,-0.26953,6.05078
21438726,BNO_ACC,2496,-4400,2,-8.58203,-0.19141,5.85938
21450516,BNO_ACC,2497,-700,2,-8.31641,-0.84375,6.01562
21459450,BNO_ACC,2498,-1000,2,-8.08203,-0.84375,5.97656
21469160,BNO_ACC,2499,-3100,2,-8.15625,-0.69141,5.93750
21479344,BNO_ACC,2500,-5100,2,-8.62109,1.03516,5.40234
21487683,BNO_ACC,2501,-5100,2,-9.00391,0.61328,5.47656
21490472,BNO_ACC,2502,-1000,2,-8.58203,0.61328,5.09375
21498551,BNO_ACC,2503,-500,2,-8.27344,0.30469,5.28516
21509559,BNO_ACC,2504,-3100,2,-8.57812,-0.57422,5.78516
21519076,BNO_ACC,2505,-4900,2,-8.54297,-0.23047,5.85938
21527832,BNO_ACC,2506,-5300,2,-8.42188,-0.99609,5.93750
21531531,BNO_ACC,2507,-1000,2,-8.31641,-1.37891,6.05078
21538637,BNO_ACC,2508,-700,2,-7.62500,-1.60938,6.16797
21549715,BNO_ACC,2509,-3200,2,-7.58984,-2.07031,6.51172
21559311,BNO_ACC,2510,-4700,2,-7.08594,-2.33594,6.47266
21567950,BNO_ACC,2511,-4900,2,-6.89453,-2.60547,7.00781
21571625,BNO_ACC,2512,-1000,2,-6.66406,-2.56641,6.70312
21578767,BNO_ACC,2513,-500,2,-6.85547,-1.64844,6.85156
21589750,BNO_ACC,2514,-3200,2,-7.05078,-0.53516,6.28125
21599342,BNO_ACC,2515,-4700,2,-7.54688,0.03906,6.58984
21607952,BNO_ACC,2516,-4900,2,-7.27734,0.23047,6.47266
21610817,BNO_ACC,2517,-1000,2,-7.50781,0.95703,7.08594
21618955,BNO_ACC,2518,-500,2,-7.51172,1.37891,5.63281
21629963,BNO_ACC,2519,-3100,2,-6.12891,0.49609,6.36328
21639358,BNO_ACC,2520,-4500,2,-7.08594,0.80469,7.16797
21647984,BNO_ACC,2521,-4700,2,-6.47266,0.07812,7.01172
21650509,BNO_ACC,2522,-700,2,-6.47266,0.42188,7.46875
21659183,BNO_ACC,2523,-700,2,-6.05078,0.38281,7.05078
21670130,BNO_ACC,2524,-3200,2,-6.16797,0.49609,6.89062
21679577,BNO_ACC,2525,-4500,2,-6.28125,0.49609,8.01172
21688156,BNO_ACC,2526,-4900,2,-6.08984,-0.15234,7.54688
21691070,BNO_ACC,2527,-1000,2,-5.74609,0.07812,8.19531
21699345,BNO_ACC,2528,-700,2,-5.78516,0.42188,7.20312
21710263,BNO_ACC,2529,-3200,2,-5.74609,0.19141,8.69922
21719650,BNO_ACC,2530,-4500,2,-5.01953,0.11328,7.92969
21728314,BNO_ACC,2531,-4900,2,-5.40234,0.42188,8.15625
21731991,BNO_ACC,2532,-1000,2,-5.59375,1.26562,8.23438
21739315,BNO_ACC,2533,-700,2,-5.25000,1.03516,7.89062
21750352,BNO_ACC,2534,-3100,2,-5.32422,0.46094,8.61719
21759722,BNO_ACC,2535,-4300,2,-4.82812,0.07812,8.73828
21768332,BNO_ACC,2536,-4600,2,-4.86328,0.42188,8.19922
21772877,BNO_ACC,2537,-2500,2,-4.75000,0.30469,8.84375
21779758,BNO_ACC,2538,-500,2,-4.40625,0.03906,8.73828
21789190,BNO_ACC,2539,-1800,2,-3.98438,-0.34375,8.84766
21800112,BNO_ACC,2540,-4500,2,-4.44531,-0.15234,9.38281
21808445,BNO_ACC,2541,-4500,2,-3.98438,-0.42188,9.22656
21813409,BNO_ACC,2542,-2300,2,-4.06250,-0.72656,9.34375
21820430,BNO_ACC,2543,-900,2,-3.56250,-0.57422,9.04297
21829166,BNO_ACC,2544,-1400,2,-4.13672,-0.57422,9.46484
21840066,BNO_ACC,2545,-4300,2,-4.13672,-0.23047,9.42188
21848487,BNO_ACC,2546,-4400,2,-4.28906,-0.19141,9.00000
21853409,BNO_ACC,2547,-2300,2,-4.36719,-0.07812,9.08203
21860440,BNO_ACC,2548,-500,2,-4.51953,0.19141,9.07812
21869546,BNO_ACC,2549,-1000,2,-4.82812,0.72656,9.00391
21880593,BNO_ACC,2550,-4700,2,-4.78906,1.07422,8.77344
21888487,BNO_ACC,2551,-4400,2,-4.75000,0.76562,8.57812
21893423,BNO_ACC,2552,-2500,2,-4.51953,0.61328,8.84766
21900283,BNO_ACC,2553,-500,2,-4.67188,-0.34375,8.96094
21909743,BNO_ACC,2554,-1000,2,-4.36719,-0.26953,9.00391
21920882,BNO_ACC,2555,-4900,2,-4.25391,-1.10938,9.16016
21928884,BNO_ACC,2556,-4400,2,-4.32812,-1.41797,9.16016
21933852,BNO_ACC,2557,-2300,2,-4.28906,-1.64844,9.19922
21940916,BNO_ACC,2558,-700,2,-4.32812,-1.72266,9.34766
21949780,BNO_ACC,2559,-1600,2,-4.36719,-1.64844,9.19922
21959099,BNO_ACC,2560,-2600,2,-4.51953,-1.64844,8.69922
21969546,BNO_ACC,2561,-5100,2,-4.78906,-1.03516,8.88672
21973626,BNO_ACC,2562,-2300,2,-4.98047,-0.72656,8.50000
21980531,BNO_ACC,2563,-500,2,-5.09375,-0.26953,8.39453
21990183,BNO_ACC,2564,-900,2,-5.25000,-0.19141,8.27344
21998350,BNO_ACC,2565,-1700,2,-5.51562,-0.03906,8.11719
22009211,BNO_ACC,2566,-4400,2,-5.59375,0.07812,7.92969
22014114,BNO_ACC,2567,-2300,2,-5.59375,-0.11328,8.00781
22020967,BNO_ACC,2568,-700,2,-5.74609,-0.19141,7.81250
22030289,BNO_ACC,2569,-1000,2,-5.78516,-0.30469,7.77734
22038445,BNO_ACC,2570,-1600,2,-5.97656,0.00000,7.65625
22049051,BNO_ACC,2571,-4000,2,-6.24219,0.15234,7.43359
22054003,BNO_ACC,2572,-2300,2,-6.16797,-0.11328,7.51172
22060907,BNO_ACC,2573,-700,2,-6.20703,-0.23047,7.39453
22070114,BNO_ACC,2574,-900,2,-6.43750,-0.11328,7.27344
22081182,BNO_ACC,2575,-4500,2,-6.43750,0.03906,7.27344
22089168,BNO_ACC,2576,-4100,2,-6.35938,-0.03906,7.27734
22094075,BNO_ACC,2577,-2300,2,-6.35938,-0.26953,7.27734
22101132,BNO_ACC,2578,-500,2,-6.35938,-0.23047,7.31641
22110364,BNO_ACC,2579,-1000,2,-6.39844,-0.11328,7.27734
22121520,BNO_ACC,2580,-4500,2,-6.35938,0.00000,7.31250
22129818,BNO_ACC,2581,-4600,2,-6.32031,0.00000,7.27344
22141582,BNO_ACC,2582,-900,2,-6.32031,-0.15234,7.35547
22150650,BNO_ACC,2583,-1000,2,-6.35938,-0.11328,7.35156
22158768,BNO_ACC,2584,-1500,2,-6.32031,-0.11328,7.39062
22169412,BNO_ACC,2585,-4000,2,-6.35938,-0.11328,7.35156
22174320,BNO_ACC,2586,-2300,2,-6.32031,-0.11328,7.31641
22181298,BNO_ACC,2587,-500,2,-6.35938,-0.19141,7.31641
22190546,BNO_ACC,2588,-1000,2,-6.32031,-0.15234,7.27344
22200563,BNO_ACC,2589,-3200,2,-6.35938,-0.11328,7.31250
22209518,BNO_ACC,2590,-4000,2,-6.35938,-0.15234,7.31250
22214419,BNO_ACC,2591,-2300,2,-6.32031,-0.15234,7.31641
22221621,BNO_ACC,2592,-700,2,-6.32031,-0.11328,7.35547
22230427,BNO_ACC,2593,-900,2,-6.35938,-0.26953,7.35156
22239711,BNO_ACC,2594,-2000,2,-6.32031,-0.11328,7.35547
22250179,BNO_ACC,2595,-4400,2,-6.32031,-0.03906,7.31641
22261947,BNO_ACC,2596,-700,2,-6.28125,-0.07812,7.35156
22271041,BNO_ACC,2597,-1000,2,-6.32031,-0.11328,7.35547
22281055,BNO_ACC,2598,-3400,2,-6.28125,-0.11328,7.35156
22291088,BNO_ACC,2599,-5600,2,-6.32031,-0.11328,7.35547
22299433,BNO_ACC,2600,-5500,2,-6.32031,-0.11328,7.31641
22302183,BNO_ACC,2601,-900,2,-6.32031,-0.11328,7.35547
22310290,BNO_ACC,2602,-500,2,-6.32031,-0.15234,7.35547
22319447,BNO_ACC,2603,-1300,2,-6.32031,-0.15234,7.31641
22329963,BNO_ACC,2604,-4000,2,-6.35938,-0.11328,7.31250
22339730,BNO_ACC,2605,-5600,2,-6.32031,-0.11328,7.31641
22341395,BNO_ACC,2606,-700,2,-6.32031,-0.07812,7.35547
22350813,BNO_ACC,2607,-900,2,-6.32031,-0.11328,7.39062
22360011,BNO_ACC,2608,-1800,2,-6.32031,-0.11328,7.39062
22370501,BNO_ACC,2609,-4200,2,-6.32031,-0.11328,7.39062
22379312,BNO_ACC,2610,-5600,2,-6.35938,-0.11328,7.35156
22383219,BNO_ACC,2611,-1200,2,-6.32031,-0.11328,7.31641
22390861,BNO_ACC,2612,-700,2,-6.32031,-0.11328,7.31641
22400261,BNO_ACC,2613,-2000,2,-6.32031,-0.11328,7.31641
22411797,BNO_ACC,2614,-5600,2,-6.35938,-0.11328,7.35156
22419892,BNO_ACC,2615,-5500,2,-6.28125,-0.11328,7.35156
22423694,BNO_ACC,2616,-1600,2,-6.32031,-0.11328,7.35547
22430872,BNO_ACC,2617,-700,2,-6.32031,-0.07812,7.35547
22440270,BNO_ACC,2618,-1900,2,-6.32031,-0.11328,7.35547
22451905,BNO_ACC,2619,-5400,2,-6.35938,-0.11328,7.31250
22460131,BNO_ACC,2620,-5700,2,-6.35938,-0.15234,7.31250
22471424,BNO_ACC,2621,-1000,2,-6.35938,-0.11328,7.31250
22481615,BNO_ACC,2622,-3200,2,-6.35938,-0.11328,7.31250
22490043,BNO_ACC,2623,-3500,2,-6.35938,-0.11328,7.31250
22500822,BNO_ACC,2624,-6000,2,-6.28125,-0.11328,7.39453
22502163,BNO_ACC,2625,-900,2,-6.32031,-0.07812,7.31641
22511433,BNO_ACC,2626,-900,2,-6.24219,-0.07812,7.43359
22521718,BNO_ACC,2627,-3100,2,-6.35938,-0.15234,7.31250
22530262,BNO_ACC,2628,-3300,2,-6.35938,-0.15234,7.31250
22541092,BNO_ACC,2629,-6000,2,-6.32031,-0.03906,7.35547
22542262,BNO_ACC,2630,-700,2,-6.39844,-0.11328,7.27734
22551591,BNO_ACC,2631,-900,2,-6.32031,-0.15234,7.35547
22561837,BNO_ACC,2632,-3200,2,-6.32031,-0.19141,7.35156
22571956,BNO_ACC,2633,-5100,2,-6.35938,-0.11328,7.35156
22580447,BNO_ACC,2634,-5300,2,-6.28125,-0.11328,7.35156
22582545,BNO_ACC,2635,-700,2,-6.28125,-0.15234,7.35156
22591504,BNO_ACC,2636,-700,2,-6.32031,-0.07812,7.35547
22601241,BNO_ACC,2637,-2100,2,-6.28125,-0.07812,7.39453
22612722,BNO_ACC,2638,-5600,2,-6.24219,0.00000,7.39453
22620842,BNO_ACC,2639,-5500,2,-6.32031,-0.07812,7.31641
22622393,BNO_ACC,2640,-700,2,-6.24219,0.03906,7.39453
22631802,BNO_ACC,2641,-700,2,-6.32031,-0.07812,7.39062
22641314,BNO_ACC,2642,-2100,2,-6.24219,-0.11328,7.39453
22651096,BNO_ACC,2643,-3600,2,-6.08984,-0.23047,7.43359
22660996,BNO_ACC,2644,-5500,2,-6.28125,-0.23047,7.35547
22662696,BNO_ACC,2645,-700,2,-6.28125,-0.26953,7.39453
22671653,BNO_ACC,2646,-700,2,-6.32031,-0.15234,7.39062
22681295,BNO_ACC,2647,-2000,2,-6.01562,-0.38281,7.69531
22690973,BNO_ACC,2648,-3300,2,-5.97656,-0.65234,7.54688
22700714,BNO_ACC,2649,-5300,2,-5.93750,0.07812,7.51172
22704939,BNO_ACC,2650,-2500,2,-6.12891,-0.11328,7.51172
22711966,BNO_ACC,2651,-700,2,-6.12891,0.00000,7.47266
22722149,BNO_ACC,2652,-2700,2,-6.24219,0.03906,7.46875
22732197,BNO_ACC,2653,-4900,2,-6.24219,0.03906,7.46875
22740644,BNO_ACC,2654,-5000,2,-6.20703,0.00000,7.58984
22744880,BNO_ACC,2655,-2700,2,-6.28125,-0.03906,7.39453
22752015,BNO_ACC,2656,-700,2,-6.24219,-0.15234,7.35156
22762245,BNO_ACC,2657,-2700,2,-6.24219,-0.07812,7.50781
22772116,BNO_ACC,2658,-4500,2,-6.20703,-0.15234,7.54688
22780866,BNO_ACC,2659,-5000,2,-6.05078,-0.23047,7.47266
22792194,BNO_ACC,2660,-700,2,-6.05078,-0.07812,7.66016
22802420,BNO_ACC,2661,-2500,2,-6.05078,-0.26953,7.55078
22812306,BNO_ACC,2662,-4500,2,-5.97656,-0.15234,7.69922
22820665,BNO_ACC,2663,-4600,2,-5.97656,-0.26953,7.39062
22825605,BNO_ACC,2664,-2300,2,-6.01562,-0.30469,7.69922
22832668,BNO_ACC,2665,-900,2,-5.97656,-0.34375,7.54688
22841715,BNO_ACC,2666,-1800,2,-6.05078,-0.26953,7.46875
22853216,BNO_ACC,2667,-5100,2,-6.08984,0.00000,7.51172
22861028,BNO_ACC,2668,-4700,2,-6.12891,0.11328,7.51172
22865231,BNO_ACC,2669,-2500,2,-6.08984,0.03906,7.54688
22872288,BNO_ACC,2670,-500,2,-6.24219,0.11328,7.35156
22882801,BNO_ACC,2671,-2500,2,-6.12891,0.00000,7.77344
22890522,BNO_ACC,2672,-2200,2,-6.24219,-0.03906,7.39453
22901207,BNO_ACC,2673,-4800,2,-6.16797,-0.19141,7.43359
22912811,BNO_ACC,2674,-700,2,-6.20703,-0.38281,7.35547
22922047,BNO_ACC,2675,-1800,2,-6.05078,-0.38281,7.20312
22931826,BNO_ACC,2676,-3300,2,-6.16797,-0.30469,7.39453
22941585,BNO_ACC,2677,-4900,2,-6.28125,0.07812,7.58594
22953243,BNO_ACC,2678,-900,2,-6.20703,0.03906,7.12891
22962108,BNO_ACC,2679,-1800,2,-6.24219,0.15234,7.20312
22971641,BNO_ACC,2680,-3000,2,-6.43750,0.23047,7.43359
22981438,BNO_ACC,2681,-4700,2,-6.39844,0.11328,7.31250
22993461,BNO_ACC,2682,-900,2,-6.32031,-0.19141,7.50781
23002333,BNO_ACC,2683,-1800,2,-6.20703,-0.42188,7.50781
23013497,BNO_ACC,2684,-4700,2,-6.32031,-0.53516,7.42969
23021872,BNO_ACC,2685,-4900,2,-6.16797,-0.38281,7.27344
23025954,BNO_ACC,2686,-2300,2,-6.20703,-0.38281,7.42969
23032922,BNO_ACC,2687,-700,2,-6.24219,-0.26953,7.39453
23042159,BNO_ACC,2688,-1400,2,-6.43750,-0.11328,7.23438
23053319,BNO_ACC,2689,-4500,2,-6.43750,0.19141,7.31250
23061614,BNO_ACC,2690,-4400,2,-6.47266,0.42188,7.16406
23073478,BNO_ACC,2691,-700,2,-6.47266,0.34375,7.16797
23082062,BNO_ACC,2692,-1200,2,-6.24219,0.15234,7.35156
23091037,BNO_ACC,2693,-1800,2,-6.39844,-0.11328,7.39453
23101545,BNO_ACC,2694,-4200,2,-6.12891,-0.23047,7.39453
23106461,BNO_ACC,2695,-2300,2,-6.05078,-0.34375,7.46875
23113505,BNO_ACC,2696,-500,2,-6.16797,-0.42188,7.58594
23122444,BNO_ACC,2697,-1000,2,-6.16797,-0.34375,7.27344
23133565,BNO_ACC,2698,-4300,2,-6.16797,-0.19141,7.55078
23141719,BNO_ACC,2699,-4200,2,-6.20703,-0.07812,7.54688
23146651,BNO_ACC,2700,-2300,2,-6.12891,-0.07812,7.51172
23153676,BNO_ACC,2701,-700,2,-6.16797,-0.11328,7.39062
23162837,BNO_ACC,2702,-900,2,-6.08984,0.07812,7.20703
23171048,BNO_ACC,2703,-1500,2,-6.28125,0.46094,7.16406
23181625,BNO_ACC,2704,-4000,2,-6.47266,0.72656,7.27344
23186543,BNO_ACC,2705,-2300,2,-6.28125,0.61328,7.43359
23193648,BNO_ACC,2706,-500,2,-6.28125,-0.15234,7.35156
23202845,BNO_ACC,2707,-1000,2,-6.08984,-0.30469,7.58594
23211279,BNO_ACC,2708,-1400,2,-6.20703,-0.57422,7.46875
23221743,BNO_ACC,2709,-4000,2,-6.08984,-0.61328,7.51172
23226656,BNO_ACC,2710,-2300,2,-6.20703,-0.53516,7.39062
23233840,BNO_ACC,2711,-500,2,-6.16797,-0.49609,7.62891
23242847,BNO_ACC,2712,-1000,2,-6.24219,-0.34375,7.55078
23252101,BNO_ACC,2713,-2200,2,-6.20703,-0.07812,7.51172
23261947,BNO_ACC,2714,-4100,2,-6.20703,-0.03906,7.42969
23266883,BNO_ACC,2715,-2300,2,-6.16797,0.19141,7.35156
23273950,BNO_ACC,2716,-500,2,-6.20703,0.11328,7.39062
23283108,BNO_ACC,2717,-1000,2,-6.05078,0.00000,7.43359
23293302,BNO_ACC,2718,-3600,2,-6.01562,0.00000,7.39453
23303249,BNO_ACC,2719,-5400,2,-6.12891,0.03906,7.51172
23311779,BNO_ACC,2720,-5700,2,-6.16797,-0.03906,7.92969
23313460,BNO_ACC,2721,-700,2,-6.05078,-0.19141,7.47266
23322846,BNO_ACC,2722,-1000,2,-5.97656,-0.34375,7.65625
23332099,BNO_ACC,2723,-1800,2,-6.05078,-0.34375,7.55078
23342624,BNO_ACC,2724,-4400,2,-6.01562,-0.19141,7.62891
23354454,BNO_ACC,2725,-700,2,-5.93750,0.11328,7.47266
23363552,BNO_ACC,2726,-1000,2,-6.05078,0.19141,7.69922
23373474,BNO_ACC,2727,-3400,2,-6.01562,0.23047,7.65625
23383394,BNO_ACC,2728,-5300,2,-5.97656,0.11328,7.65625
23392064,BNO_ACC,2729,-5700,2,-6.01562,0.07812,7.62500
23393690,BNO_ACC,2730,-500,2,-5.85938,-0.15234,7.43359
23403201,BNO_ACC,2731,-900,2,-5.85938,-0.23047,7.54688
23412196,BNO_ACC,2732,-1600,2,-5.89844,-0.26953,7.77734
23422819,BNO_ACC,2733,-4000,2,-5.89844,-0.26953,7.81250
23434567,BNO_ACC,2734,-500,2,-5.85938,-0.46094,7.43359
23443604,BNO_ACC,2735,-900,2,-6.01562,-0.38281,7.66016
23453370,BNO_ACC,2736,-2900,2,-6.12891,-0.23047,7.58594
23463565,BNO_ACC,2737,-5300,2,-6.24219,0.11328,7.46875
23472066,BNO_ACC,2738,-5100,2,-6.32031,0.19141,7.35156
23474936,BNO_ACC,2739,-1000,2,-6.20703,0.19141,7.39453
23482893,BNO_ACC,2740,-700,2,-6.24219,0.23047,7.20703
23493891,BNO_ACC,2741,-3200,2,-6.24219,0.15234,7.31250
23503444,BNO_ACC,2742,-4900,2,-6.16797,0.23047,7.39453
23512091,BNO_ACC,2743,-5100,2,-6.28125,0.00000,7.27734
23514603,BNO_ACC,2744,-900,2,-6.16797,-0.07812,7.39062
23523370,BNO_ACC,2745,-700,2,-6.16797,-0.11328,7.27344
23532606,BNO_ACC,2746,-1500,2,-6.24219,0.07812,7.35156
23543948,BNO_ACC,2747,-5300,2,-6.35938,0.11328,7.58594
23552368,BNO_ACC,2748,-5300,2,-6.20703,0.23047,7.43359
23556138,BNO_ACC,2749,-1400,2,-6.28125,-0.03906,7.43359
23563195,BNO_ACC,2750,-700,2,-6.24219,-0.03906,7.43359
23574252,BNO_ACC,2751,-3400,2,-6.08984,-0.07812,7.42969
23583650,BNO_ACC,2752,-4700,2,-6.08984,0.00000,7.39062
23592400,BNO_ACC,2753,-5100,2,-6.12891,0.19141,7.35156
23596053,BNO_ACC,2754,-1200,2,-6.08984,0.34375,7.42969
23603195,BNO_ACC,2755,-500,2,-6.16797,0.19141,7.62500
23614043,BNO_ACC,2756,-3100,2,-6.01562,0.15234,7.73828
23623830,BNO_ACC,2757,-4700,2,-5.97656,-0.07812,7.73438
23632588,BNO_ACC,2758,-5100,2,-5.89844,-0.42188,7.62891
23636200,BNO_ACC,2759,-1400,2,-5.70703,-0.57422,7.77734
23643352,BNO_ACC,2760,-700,2,-5.78516,-0.53516,7.58984
23654229,BNO_ACC,2761,-2900,2,-5.89844,-0.42188,7.73438
23663743,BNO_ACC,2762,-4500,2,-5.85938,-0.19141,7.54688
23673290,BNO_ACC,2763,-5700,2,-6.01562,-0.11328,7.55078
23674902,BNO_ACC,2764,-700,2,-6.01562,0.11328,7.55078
23683708,BNO_ACC,2765,-700,2,-6.08984,0.23047,7.58594
23694755,BNO_ACC,2766,-3200,2,-6.20703,0.23047,7.31250
23702367,BNO_ACC,2767,-2600,2,-6.12891,0.30469,7.50781
23712787,BNO_ACC,2768,-5000,2,-6.16797,0.26953,7.51172
23717027,BNO_ACC,2769,-2500,2,-6.28125,0.38281,7.55078
23723840,BNO_ACC,2770,-500,2,-6.20703,0.57422,7.27734
23734706,BNO_ACC,2771,-3100,2,-5.93750,0.00000,7.58984
23744022,BNO_ACC,2772,-4300,2,-6.08984,0.11328,7.73438
23752724,BNO_ACC,2773,-4800,2,-5.93750,-0.03906,8.04297
23756457,BNO_ACC,2774,-1200,2,-5.70703,-0.53516,7.69922
23763755,BNO_ACC,2775,-700,2,-5.66797,-0.46094,7.62891
23774615,BNO_ACC,2776,-2900,2,-5.70703,-0.57422,7.62500
23782667,BNO_ACC,2777,-2600,2,-5.78516,-0.53516,7.73438
23793218,BNO_ACC,2778,-5000,2,-5.89844,-0.07812,7.43359
23797291,BNO_ACC,2779,-2300,2,-6.12891,0.30469,7.58594
23804321,BNO_ACC,2780,-700,2,-6.32031,0.26953,7.58984
23813675,BNO_ACC,2781,-1800,2,-6.24219,0.19141,7.77344
23824443,BNO_ACC,2782,-4500,2,-6.12891,0.15234,7.54688
23832816,BNO_ACC,2783,-4400,2,-6.05078,0.15234,7.46875
23837752,BNO_ACC,2784,-2300,2,-5.93750,0.15234,7.73438
23844721,BNO_ACC,2785,-700,2,-6.01562,0.19141,7.65625
23853845,BNO_ACC,2786,-1600,2,-5.93750,0.07812,7.65625
23864910,BNO_ACC,2787,-4700,2,-5.82422,-0.11328,7.55078
23872913,BNO_ACC,2788,-4400,2,-5.70703,-0.03906,7.73438
23877846,BNO_ACC,2789,-2300,2,-5.78516,-0.26953,7.69922
23884797,BNO_ACC,2790,-700,2,-5.78516,-0.61328,7.97266
23893824,BNO_ACC,2791,-1400,2,-5.78516,-0.65234,7.69922
23903160,BNO_ACC,2792,-2400,2,-5.85938,-0.65234,7.89453
23913674,BNO_ACC,2793,-5000,2,-5.82422,-0.61328,7.77734
23917746,BNO_ACC,2794,-2300,2,-5.89844,-0.65234,7.58594
23924718,BNO_ACC,2795,-500,2,-5.89844,-0.34375,7.73828
23934136,BNO_ACC,2796,-900,2,-5.89844,0.07812,7.50781
23943466,BNO_ACC,2797,-2600,2,-5.97656,0.19141,7.50781
23953785,BNO_ACC,2798,-5100,2,-5.89844,0.26953,7.69531
23958020,BNO_ACC,2799,-2300,2,-5.97656,0.19141,7.69531
23965073,BNO_ACC,2800,-700,2,-5.97656,-0.15234,7.69922
23974300,BNO_ACC,2801,-1000,2,-5.89844,-0.11328,7.62500
23983648,BNO_ACC,2802,-2800,2,-5.93750,-0.19141,7.62500
23993576,BNO_ACC,2803,-4500,2,-5.85938,-0.03906,7.69531
23998543,BNO_ACC,2804,-2300,2,-5.89844,-0.26953,7.55078
24005564,BNO_ACC,2805,-700,2,-5.93750,-0.34375,7.54688
24014433,BNO_ACC,2806,-1000,2,-6.01562,-0.11328,7.73828
24025367,BNO_ACC,2807,-4500,2,-6.08984,-0.11328,7.42969
24033430,BNO_ACC,2808,-4300,2,-5.97656,-0.15234,7.73438
24038347,BNO_ACC,2809,-2300,2,-6.01562,-0.30469,7.81641
24045307,BNO_ACC,2810,-700,2,-5.85938,-0.26953,7.43359
24054658,BNO_ACC,2811,-1000,2,-6.01562,-0.38281,7.77734
24063910,BNO_ACC,2812,-2600,2,-5.89844,-0.23047,7.62891
24073711,BNO_ACC,2813,-4300,2,-6.12891,-0.30469,7.69531
24078614,BNO_ACC,2814,-2300,2,-6.08984,-0.19141,7.35156
24085472,BNO_ACC,2815,-500,2,-5.97656,-0.23047,7.77734
24094665,BNO_ACC,2816,-1000,2,-6.01562,-0.26953,7.23828
24105738,BNO_ACC,2817,-4500,2,-5.74609,-0.07812,7.35547
24113949,BNO_ACC,2818,-4400,2,-6.16797,0.07812,7.58984
24125887,BNO_ACC,2819,-700,2,-6.32031,-0.03906,7.51172
24134940,BNO_ACC,2820,-1000,2,-6.16797,-0.23047,7.62500
24143148,BNO_ACC,2821,-1500,2,-6.05078,-0.38281,7.69531
24153938,BNO_ACC,2822,-4200,2,-5.93750,-0.49609,7.85547
24158881,BNO_ACC,2823,-2300,2,-5.78516,-0.65234,7.65625
24165682,BNO_ACC,2824,-700,2,-5.66797,-0.69141,7.73828
24174929,BNO_ACC,2825,-1000,2,-5.82422,-0.30469,7.54688
24183991,BNO_ACC,2826,-2000,2,-5.85938,0.03906,7.58594
24194519,BNO_ACC,2827,-4600,2,-5.93750,0.00000,7.73438
24206341,BNO_ACC,2828,-900,2,-5.85938,0.11328,7.66016
24215243,BNO_ACC,2829,-1000,2,-5.97656,0.30469,7.73828
24224925,BNO_ACC,2830,-3200,2,-6.08984,0.30469,7.55078
24234759,BNO_ACC,2831,-4700,2,-5.85938,0.19141,7.51172
24246409,BNO_ACC,2832,-900,2,-5.93750,-0.11328,7.77344
24255316,BNO_ACC,2833,-1000,2,-5.89844,-0.19141,7.42969
24264557,BNO_ACC,2834,-2500,2,-6.05078,0.07812,7.66016
24274341,BNO_ACC,2835,-4300,2,-6.16797,0.26953,7.81641
24286197,BNO_ACC,2836,-500,2,-6.01562,-0.15234,7.31250
24295358,BNO_ACC,2837,-900,2,-5.93750,0.00000,7.73438
24305431,BNO_ACC,2838,-3400,2,-6.01562,0.15234,7.77734
24314007,BNO_ACC,2839,-3700,2,-5.93750,0.00000,7.51172
24324489,BNO_ACC,2840,-6100,2,-5.97656,0.00000,7.54688
24325681,BNO_ACC,2841,-700,2,-5.97656,0.23047,8.15625
24335320,BNO_ACC,2842,-900,2,-6.01562,-0.19141,7.20703
24345495,BNO_ACC,2843,-3200,2,-6.20703,-0.23047,7.66016
24353963,BNO_ACC,2844,-3500,2,-6.20703,-0.46094,7.42969
24364510,BNO_ACC,2845,-5900,2,-6.20703,-0.95703,7.35547
24365829,BNO_ACC,2846,-500,2,-6.43750,-0.69141,7.12500
24375395,BNO_ACC,2847,-1000,2,-6.55078,-0.38281,7.27734
24385535,BNO_ACC,2848,-3100,2,-6.55078,-0.53516,7.00781
24394165,BNO_ACC,2849,-3500,2,-6.62891,-0.15234,7.08984
24404496,BNO_ACC,2850,-5900,2,-6.66406,-0.11328,7.20312
24405935,BNO_ACC,2851,-700,2,-6.78516,0.61328,6.62891
24415345,BNO_ACC,2852,-900,2,-6.82422,0.72656,6.55078
24424518,BNO_ACC,2853,-1700,2,-6.78125,0.69141,7.12891
24435070,BNO_ACC,2854,-4200,2,-6.55078,0.42188,7.01172
24446970,BNO_ACC,2855,-700,2,-6.55078,-0.23047,7.20703
24455962,BNO_ACC,2856,-1000,2,-6.62891,-0.30469,7.00781
24465668,BNO_ACC,2857,-3100,2,-6.62891,-0.34375,7.08984
24474316,BNO_ACC,2858,-3100,2,-6.66406,-0.46094,7.05078
24484623,BNO_ACC,2859,-5500,2,-6.62891,-0.61328,7.23438
24488237,BNO_ACC,2860,-1200,2,-6.66406,-0.91797,7.05078
24495179,BNO_ACC,2861,-500,2,-6.58984,-0.30469,7.00781
24506224,BNO_ACC,2862,-3200,2,-6.82422,0.26953,6.55078
24515706,BNO_ACC,2863,-4700,2,-6.70312,0.49609,6.85156
24524464,BNO_ACC,2864,-5100,2,-6.74219,0.91797,7.00781
24528130,BNO_ACC,2865,-1200,2,-6.66406,0.57422,7.16797
24535156,BNO_ACC,2866,-500,2,-6.55078,0.34375,7.05078
24544416,BNO_ACC,2867,-900,2,-6.55078,0.11328,7.23828
24554760,BNO_ACC,2868,-3300,2,-6.39844,-0.07812,6.96875
24565083,BNO_ACC,2869,-5700,2,-6.51172,-0.19141,7.16406
24566668,BNO_ACC,2870,-700,2,-6.47266,-0.30469,7.39453
24576002,BNO_ACC,2871,-700,2,-6.62891,-0.26953,7.31641
24585910,BNO_ACC,2872,-2500,2,-6.55078,-0.53516,7.23828
24596048,BNO_ACC,2873,-4700,2,-6.47266,-0.61328,7.20703
24604589,BNO_ACC,2874,-4900,2,-6.55078,-0.61328,7.12500
24608288,BNO_ACC,2875,-1200,2,-6.39844,-0.26953,7.00781
24615659,BNO_ACC,2876,-700,2,-6.58984,0.00000,7.23438
24626682,BNO_ACC,2877,-3400,2,-6.66406,0.19141,7.16797
24636181,BNO_ACC,2878,-4700,2,-6.55078,0.15234,7.08594
24644522,BNO_ACC,2879,-4700,2,-6.55078,0.11328,7.20312
24647190,BNO_ACC,2880,-900,2,-6.39844,0.23047,7.08984
24655798,BNO_ACC,2881,-500,2,-6.35938,0.11328,7.27734
24666779,BNO_ACC,2882,-3100,2,-6.35938,0.07812,7.27734
24676121,BNO_ACC,2883,-4300,2,-6.35938,-0.15234,7.23828
24684861,BNO_ACC,2884,-4800,2,-6.35938,-0.26953,7.39453
24688536,BNO_ACC,2885,-1200,2,-6.28125,-0.34375,7.35156
24695719,BNO_ACC,2886,-700,2,-6.28125,-0.34375,7.39453
24706707,BNO_ACC,2887,-2900,2,-6.35938,-0.15234,7.23828
24716377,BNO_ACC,2888,-4500,2,-6.43750,-0.19141,7.20312
24724807,BNO_ACC,2889,-4800,2,-6.32031,-0.19141,7.39453
24728592,BNO_ACC,2890,-1200,2,-6.28125,-0.23047,7.27344
24735899,BNO_ACC,2891,-700,2,-6.35938,-0.19141,7.31641
24746958,BNO_ACC,2892,-2900,2,-6.28125,-0.15234,7.35156
24756424,BNO_ACC,2893,-4500,2,-6.32031,0.03906,7.31641
24764948,BNO_ACC,2894,-4600,2,-6.39844,0.15234,7.27734
24777158,BNO_ACC,2895,-900,2,-6.24219,-0.11328,7.39453
24785711,BNO_ACC,2896,-1800,2,-6.28125,-0.07812,7.39453
24796648,BNO_ACC,2897,-4500,2,-6.12891,0.11328,7.47266
24805187,BNO_ACC,2898,-4600,2,-6.16797,0.07812,7.47266
24816692,BNO_ACC,2899,-900,2,-6.24219,-0.23047,7.42969
24825933,BNO_ACC,2900,-1600,2,-6.12891,-0.34375,7.51172
24836802,BNO_ACC,2901,-4500,2,-6.08984,-0.30469,7.50781
24845108,BNO_ACC,2902,-4400,2,-6.28125,-0.23047,7.42969
24857455,BNO_ACC,2903,-900,2,-6.20703,-0.07812,7.51172
24865940,BNO_ACC,2904,-1400,2,-6.20703,0.00000,7.39062
24876973,BNO_ACC,2905,-4500,2,-6.24219,0.07812,7.39453
24885260,BNO_ACC,2906,-4400,2,-6.35938,-0.07812,7.35156
24890195,BNO_ACC,2907,-2300,2,-6.20703,-0.23047,7.50781
24897071,BNO_ACC,2908,-700,2,-6.20703,-0.23047,7.43359
24906139,BNO_ACC,2909,-1600,2,-6.35938,-0.23047,7.31641
24917195,BNO_ACC,2910,-4500,2,-6.24219,-0.19141,7.35547
24925348,BNO_ACC,2911,-4300,2,-6.32031,-0.15234,7.39062
24930249,BNO_ACC,2912,-2300,2,-6.01562,-0.11328,7.46875
24937318,BNO_ACC,2913,-700,2,-6.20703,-0.11328,7.39062
24946386,BNO_ACC,2914,-1000,2,-6.16797,-0.11328,7.39062
24957295,BNO_ACC,2915,-4300,2,-6.05078,-0.07812,7.58594
24965537,BNO_ACC,2916,-4500,2,-6.16797,0.03906,7.47266
24970454,BNO_ACC,2917,-2300,2,-6.20703,0.03906,7.47266
24977286,BNO_ACC,2918,-500,2,-6.20703,0.03906,7.54688
24986613,BNO_ACC,2919,-1000,2,-6.24219,-0.11328,7.46875
24995836,BNO_ACC,2920,-2800,2,-6.20703,-0.19141,7.46875
25006279,BNO_ACC,2921,-4900,2,-6.24219,-0.19141,7.47266
25010321,BNO_ACC,2922,-2500,2,-6.12891,-0.30469,7.46875
25017318,BNO_ACC,2923,-500,2,-6.32031,-0.34375,7.35547
25026710,BNO_ACC,2924,-1000,2,-6.24219,-0.19141,7.39062
25037612,BNO_ACC,2925,-4300,2,-6.35938,-0.07812,7.31250
25045649,BNO_ACC,2926,-4300,2,-6.20703,-0.07812,7.42969
25050587,BNO_ACC,2927,-2300,2,-6.24219,-0.07812,7.35156
25057519,BNO_ACC,2928,-700,2,-6.16797,-0.07812,7.42969
25066713,BNO_ACC,2929,-1000,2,-6.20703,-0.15234,7.39062
25077794,BNO_ACC,2930,-4300,2,-6.08984,0.00000,7.58984
25085842,BNO_ACC,2931,-4200,2,-6.20703,-0.19141,7.35156
25090746,BNO_ACC,2932,-2300,2,-6.28125,-0.07812,7.46875
25097739,BNO_ACC,2933,-700,2,-6.20703,-0.15234,7.47266
25106968,BNO_ACC,2934,-1000,2,-6.28125,-0.15234,7.35156
25117172,BNO_ACC,2935,-3600,2,-6.08984,-0.19141,7.55078
25125849,BNO_ACC,2936,-4300,2,-6.24219,-0.26953,7.39453
25130796,BNO_ACC,2937,-2500,2,-6.24219,-0.30469,7.47266
25137847,BNO_ACC,2938,-700,2,-6.05078,-0.15234,7.50781
25147134,BNO_ACC,2939,-1000,2,-6.28125,-0.11328,7.35156
25155438,BNO_ACC,2940,-1500,2,-6.08984,-0.11328,7.54688
25166062,BNO_ACC,2941,-4000,2,-6.01562,0.00000,7.50781
25170985,BNO_ACC,2942,-2300,2,-6.28125,-0.03906,7.35156
25178028,BNO_ACC,2943,-700,2,-6.16797,-0.15234,7.51172
25187135,BNO_ACC,2944,-1000,2,-6.24219,-0.11328,7.43359
25196497,BNO_ACC,2945,-2400,2,-6.35938,-0.23047,7.39062
25206469,BNO_ACC,2946,-4400,2,-6.05078,-0.19141,7.51172
25218277,BNO_ACC,2947,-500,2,-6.20703,-0.23047,7.43359
25227247,BNO_ACC,2948,-1000,2,-6.08984,-0.19141,7.55078
25236373,BNO_ACC,2949,-2200,2,-6.24219,-0.15234,7.46875
25246878,BNO_ACC,2950,-4600,2,-6.24219,-0.03906,7.43359
25258694,BNO_ACC,2951,-700,2,-6.35938,-0.15234,7.20312
25267574,BNO_ACC,2952,-1000,2,-6.35938,-0.15234,7.27734
25277513,BNO_ACC,2953,-3200,2,-6.20703,-0.07812,7.54688
25286431,BNO_ACC,2954,-3900,2,-6.20703,-0.03906,7.35547
25291350,BNO_ACC,2955,-2300,2,-6.35938,-0.15234,7.27734
25298526,BNO_ACC,2956,-700,2,-6.24219,-0.03906,7.43359
25307786,BNO_ACC,2957,-900,2,-6.20703,-0.07812,7.42969
25317068,BNO_ACC,2958,-2700,2,-6.12891,-0.11328,7.51172
25327012,BNO_ACC,2959,-4400,2,-6.08984,-0.07812,7.54688
25338862,BNO_ACC,2960,-700,2,-6.08984,-0.07812,7.51172
25348030,BNO_ACC,2961,-1000,2,-6.12891,-0.15234,7.51172
25357952,BNO_ACC,2962,-3400,2,-6.05078,-0.11328,7.58594
25366406,BNO_ACC,2963,-3700,2,-6.20703,-0.23047,7.46875
25377110,BNO_ACC,2964,-6200,2,-6.24219,-0.23047,7.47266
25378254,BNO_ACC,2965,-900,2,-6.20703,-0.15234,7.51172
25387675,BNO_ACC,2966,-900,2,-6.12891,-0.19141,7.55078
25398070,BNO_ACC,2967,-3400,2,-6.16797,-0.11328,7.42969
25406484,BNO_ACC,2968,-3500,2,-6.05078,-0.07812,7.55078
25417271,BNO_ACC,2969,-6200,2,-5.97656,-0.07812,7.54688
25419259,BNO_ACC,2970,-700,2,-6.16797,-0.07812,7.51172
25428452,BNO_ACC,2971,-1000,2,-6.01562,-0.03906,7.55078
25438217,BNO_ACC,2972,-3200,2,-6.12891,0.03906,7.47266
25446724,BNO_ACC,2973,-3500,2,-6.12891,-0.11328,7.51172
25457384,BNO_ACC,2974,-6200,2,-6.20703,-0.26953,7.51172
25458517,BNO_ACC,2975,-700,2,-6.12891,-0.26953,7.54688
25468070,BNO_ACC,2976,-900,2,-6.16797,-0.15234,7.51172
25478229,BNO_ACC,2977,-3200,2,-6.20703,-0.07812,7.51172
25486640,BNO_ACC,2978,-3300,2,-6.20703,-0.19141,7.43359
25497336,BNO_ACC,2979,-5800,2,-6.12891,-0.15234,7.51172
25498718,BNO_ACC,2980,-700,2,-6.01562,-0.07812,7.55078
25508138,BNO_ACC,2981,-900,2,-6.16797,-0.07812,7.47266
25518360,BNO_ACC,2982,-3200,2,-6.12891,-0.15234,7.54688
25526901,BNO_ACC,2983,-3500,2,-5.97656,-0.23047,7.50781
25537582,BNO_ACC,2984,-6000,2,-6.12891,-0.07812,7.51172
25538827,BNO_ACC,2985,-700,2,-6.16797,-0.15234,7.47266
25548145,BNO_ACC,2986,-700,2,-6.24219,-0.11328,7.43359
25558423,BNO_ACC,2987,-3100,2,-6.32031,-0.03906,7.42969
25567019,BNO_ACC,2988,-3300,2,-6.32031,-0.23047,7.35156
25577893,BNO_ACC,2989,-6000,2,-6.05078,-0.15234,7.50781
25579064,BNO_ACC,2990,-700,2,-6.20703,-0.11328,7.47266
25588252,BNO_ACC,2991,-700,2,-6.20703,-0.19141,7.39453
25598520,BNO_ACC,2992,-2900,2,-6.08984,-0.15234,7.51172
25608442,BNO_ACC,2993,-4700,2,-6.20703,-0.07812,7.35547
25617251,BNO_ACC,2994,-5300,2,-6.24219,-0.07812,7.39453
25629121,BNO_ACC,2995,-1400,2,-6.01562,-0.15234,7.58594
25638658,BNO_ACC,2996,-2900,2,-6.24219,-0.15234,7.35156
25648515,BNO_ACC,2997,-4900,2,-6.32031,-0.03906,7.39062
25657025,BNO_ACC,2998,-5100,2,-5.97656,-0.07812,7.58984
25660850,BNO_ACC,2999,-1400,2,-6.43750,-0.15234,7.27344
25668034,BNO_ACC,3000,-500,2,-6.24219,-0.11328,7.43359
25679354,BNO_ACC,3001,-3400,2,-6.28125,-0.11328,7.35156
25688817,BNO_ACC,3002,-4700,2,-6.28125,-0.11328,7.39453
25697159,BNO_ACC,3003,-4900,2,-6.28125,-0.11328,7.39453
25701405,BNO_ACC,3004,-2500,2,-6.24219,-0.07812,7.35156
25708486,BNO_ACC,3005,-700,2,-6.24219,-0.07812,7.39453
25718796,BNO_ACC,3006,-2700,2,-6.20703,-0.11328,7.39062
25728687,BNO_ACC,3007,-4500,2,-6.20703,-0.11328,7.42969
25737439,BNO_ACC,3008,-5000,2,-6.16797,-0.11328,7.47266
25749180,BNO_ACC,3009,-1000,2,-6.16797,-0.15234,7.47266
25758867,BNO_ACC,3010,-2500,2,-6.12891,-0.15234,7.54688
25768787,BNO_ACC,3011,-4500,2,-6.16797,-0.11328,7.47266
25777284,BNO_ACC,3012,-4800,2,-6.16797,-0.15234,7.51172
25781652,BNO_ACC,3013,-2500,2,-6.12891,-0.15234,7.47266
25788619,BNO_ACC,3014,-700,2,-6.24219,-0.07812,7.43359
25799047,BNO_ACC,3015,-2500,2,-6.24219,-0.03906,7.43359
25808975,BNO_ACC,3016,-4500,2,-6.24219,-0.07812,7.43359
25817403,BNO_ACC,3017,-4600,2,-6.16797,-0.11328,7.42969
25821786,BNO_ACC,3018,-2500,2,-6.16797,-0.11328,7.47266
25828788,BNO_ACC,3019,-500,2,-6.12891,-0.11328,7.47266
25839166,BNO_ACC,3020,-2500,2,-6.05078,0.00000,7.55078
25849082,BNO_ACC,3021,-4500,2,-6.05078,0.03906,7.55078
25857702,BNO_ACC,3022,-5000,2,-6.08984,-0.07812,7.47266
25869355,BNO_ACC,3023,-900,2,-6.12891,-0.15234,7.51172
25878314,BNO_ACC,3024,-1600,2,-6.08984,-0.23047,7.62500
25889478,BNO_ACC,3025,-4900,2,-6.24219,-0.19141,7.42969
25897775,BNO_ACC,3026,-4800,2,-6.08984,-0.23047,7.50781
25909722,BNO_ACC,3027,-700,2,-6.16797,-0.23047,7.50781
25918666,BNO_ACC,3028,-1800,2,-6.20703,-0.11328,7.42969
25928148,BNO_ACC,3029,-3000,2,-6.16797,-0.15234,7.42969
25937915,BNO_ACC,3030,-4700,2,-6.16797,-0.03906,7.42969
25949608,BNO_ACC,3031,-700,2,-6.20703,-0.07812,7.39062
25958757,BNO_ACC,3032,-1000,2,-6.28125,-0.11328,7.43359
25969927,BNO_ACC,3033,-4900,2,-6.20703,-0.15234,7.47266
25978121,BNO_ACC,3034,-4700,2,-6.20703,-0.11328,7.42969
25990237,BNO_ACC,3035,-900,2,-6.20703,-0.11328,7.47266
25998983,BNO_ACC,3036,-2000,2,-6.20703,-0.11328,7.47266
26007469,BNO_ACC,3037,-1900,2,-6.24219,-0.15234,7.39453
26018228,BNO_ACC,3038,-4600,2,-6.12891,-0.11328,7.47266
26030188,BNO_ACC,3039,-900,2,-6.12891,-0.11328,7.51172
26038926,BNO_ACC,3040,-1400,2,-6.16797,-0.11328,7.42969
26050232,BNO_ACC,3041,-4700,2,-6.16797,-0.11328,7.47266
26058385,BNO_ACC,3042,-4600,2,-6.16797,-0.11328,7.51172
26069681,BNO_ACC,3043,-700,2,-6.16797,-0.11328,7.51172
26079089,BNO_ACC,3044,-900,2,-6.16797,-0.11328,7.47266
26090264,BNO_ACC,3045,-4700,2,-6.20703,-0.11328,7.47266
26098436,BNO_ACC,3046,-4400,2,-6.24219,-0.07812,7.43359
26110328,BNO_ACC,3047,-700,2,-6.24219,-0.07812,7.39453
26119473,BNO_ACC,3048,-1000,2,-6.16797,-0.15234,7.47266
26127920,BNO_ACC,3049,-2000,2,-6.16797,-0.11328,7.42969
26138907,BNO_ACC,3050,-4900,2,-6.12891,-0.11328,7.42969
26150586,BNO_ACC,3051,-900,2,-6.08984,-0.11328,7.51172
26159385,BNO_ACC,3052,-1600,2,-6.16797,-0.15234,7.42969
26169424,BNO_ACC,3053,-3600,2,-6.28125,-0.19141,7.42969
26178410,BNO_ACC,3054,-4200,2,-6.20703,-0.11328,7.51172
26183326,BNO_ACC,3055,-2300,2,-6.28125,-0.23047,7.39062
26190275,BNO_ACC,3056,-500,2,-6.20703,-0.19141,7.46875
26199513,BNO_ACC,3057,-1000,2,-6.32031,-0.11328,7.39062
26207890,BNO_ACC,3058,-1600,2,-6.43750,-0.07812,7.27344
26218728,BNO_ACC,3059,-4400,2,-6.58984,0.03906,7.20703
26227820,BNO_ACC,3060,-5800,2,-6.55078,0.11328,7.20312
26231883,BNO_ACC,3061,-1000,2,-6.58984,0.03906,7.16797
26239431,BNO_ACC,3062,-900,2,-6.51172,0.11328,7.12891
26250791,BNO_ACC,3063,-4500,2,-6.51172,-0.03906,7.12891
26259077,BNO_ACC,3064,-4400,2,-6.47266,0.00000,7.23438
26270924,BNO_ACC,3065,-900,2,-6.39844,0.00000,7.27734
26280018,BNO_ACC,3066,-1000,2,-6.43750,-0.03906,7.20703
26288138,BNO_ACC,3067,-1500,2,-6.32031,-0.23047,7.31250
26298923,BNO_ACC,3068,-4200,2,-6.35938,-0.23047,7.39062
26310955,BNO_ACC,3069,-500,2,-6.35938,0.07812,7.23828
26320065,BNO_ACC,3070,-1000,2,-6.24219,0.03906,7.46875
26329436,BNO_ACC,3071,-2700,2,-6.20703,-0.23047,7.39453
26339610,BNO_ACC,3072,-4600,2,-6.16797,-0.19141,7.58594
26351124,BNO_ACC,3073,-700,2,-5.97656,-0.19141,7.62500
26360254,BNO_ACC,3074,-1400,2,-5.97656,-0.26953,7.62891
26370260,BNO_ACC,3075,-3400,2,-5.89844,-0.42188,7.69922
26378799,BNO_ACC,3076,-3500,2,-5.97656,-0.34375,7.62891
26389562,BNO_ACC,3077,-6400,2,-6.05078,-0.53516,7.62500
26391316,BNO_ACC,3078,-900,2,-6.01562,-0.23047,7.62891
26400354,BNO_ACC,3079,-1000,2,-6.08984,-0.30469,7.58594
26409636,BNO_ACC,3080,-2700,2,-6.08984,-0.30469,7.66016
26419692,BNO_ACC,3081,-4400,2,-6.16797,-0.11328,7.42969
26431450,BNO_ACC,3082,-700,2,-6.24219,-0.03906,7.46875
26440635,BNO_ACC,3083,-900,2,-6.20703,-0.23047,7.39453
26450500,BNO_ACC,3084,-3400,2,-6.20703,-0.03906,7.35547
26460512,BNO_ACC,3085,-5300,2,-6.28125,-0.03906,7.46875
26468839,BNO_ACC,3086,-5300,2,-6.24219,-0.19141,7.27344
26473078,BNO_ACC,3087,-2500,2,-6.32031,-0.15234,7.42969
26480128,BNO_ACC,3088,-1000,2,-6.39844,-0.26953,7.23828
26490566,BNO_ACC,3089,-3400,2,-6.39844,-0.23047,7.23438
26498873,BNO_ACC,3090,-3300,2,-6.47266,-0.23047,7.23828
26509535,BNO_ACC,3091,-6000,2,-6.43750,-0.15234,7.12891
26510868,BNO_ACC,3092,-700,2,-6.47266,-0.15234,7.16797
26520263,BNO_ACC,3093,-900,2,-6.43750,0.03906,7.39062
26530571,BNO_ACC,3094,-3100,2,-6.35938,0.00000,7.20312
26540741,BNO_ACC,3095,-5300,2,-6.47266,0.07812,7.35547
26548925,BNO_ACC,3096,-5100,2,-6.32031,0.07812,7.23438
26552623,BNO_ACC,3097,-1200,2,-6.47266,0.11328,7.23438
26559776,BNO_ACC,3098,-700,2,-6.43750,0.00000,7.31641
26571140,BNO_ACC,3099,-3400,2,-6.47266,-0.11328,7.39062
26580807,BNO_ACC,3100,-5100,2,-6.51172,-0.11328,7.27344
26589312,BNO_ACC,3101,-5300,2,-6.43750,-0.03906,7.23438
26601312,BNO_ACC,3102,-1600,2,-6.43750,-0.11328,7.31641
26610857,BNO_ACC,3103,-3100,2,-6.35938,-0.11328,7.27734
26620774,BNO_ACC,3104,-5100,2,-6.35938,0.00000,7.31250
26629309,BNO_ACC,3105,-5100,2,-6.32031,-0.03906,7.23438
26640825,BNO_ACC,3106,-900,2,-6.24219,0.11328,7.55078
26650050,BNO_ACC,3107,-2100,2,-6.12891,-0.11328,7.51172
26661471,BNO_ACC,3108,-5400,2,-6.12891,0.03906,7.39062
26669435,BNO_ACC,3109,-5100,2,-6.08984,-0.19141,7.58594
26673683,BNO_ACC,3110,-2300,2,-6.24219,-0.15234,7.43359
26680817,BNO_ACC,3111,-700,2,-6.20703,-0.34375,7.47266
26690973,BNO_ACC,3112,-2900,2,-6.32031,-0.34375,7.35547
26700946,BNO_ACC,3113,-4700,2,-6.20703,-0.46094,7.31641
26709555,BNO_ACC,3114,-5200,2,-6.35938,-0.30469,7.39062
26720880,BNO_ACC,3115,-700,2,-6.47266,-0.11328,7.35547
26730988,BNO_ACC,3116,-2700,2,-6.35938,0.03906,7.39453
26741052,BNO_ACC,3117,-4900,2,-6.35938,-0.03906,7.27734
26749620,BNO_ACC,3118,-5000,2,-6.32031,-0.15234,7.23438
26760982,BNO_ACC,3119,-700,2,-6.28125,-0.34375,7.43359
26771060,BNO_ACC,3120,-2500,2,-6.24219,-0.26953,7.43359
26781064,BNO_ACC,3121,-4500,2,-6.20703,-0.30469,7.55078
26789712,BNO_ACC,3122,-5000,2,-6.32031,-0.26953,7.31641
26801086,BNO_ACC,3123,-700,2,-6.43750,-0.19141,7.39453
26811218,BNO_ACC,3124,-2500,2,-6.43750,-0.23047,7.35156
26821218,BNO_ACC,3125,-4700,2,-6.55078,0.07812,7.31250
26829800,BNO_ACC,3126,-5000,2,-6.39844,-0.07812,7.23828
26841409,BNO_ACC,3127,-700,2,-6.32031,-0.15234,7.23438
26851348,BNO_ACC,3128,-2500,2,-6.32031,-0.34375,7.58984
26861291,BNO_ACC,3129,-4500,2,-6.24219,-0.19141,7.47266
26869894,BNO_ACC,3130,-4800,2,-6.24219,-0.26953,7.35156
26881199,BNO_ACC,3131,-500,2,-6.24219,-0.57422,7.65625
26890533,BNO_ACC,3132,-1600,2,-5.97656,-0.49609,7.47266
26901739,BNO_ACC,3133,-4700,2,-6.08984,-0.57422,7.55078
26910044,BNO_ACC,3134,-4700,2,-6.12891,-0.34375,7.35547
26921663,BNO_ACC,3135,-700,2,-6.35938,0.23047,7.42969
26930597,BNO_ACC,3136,-1400,2,-6.35938,0.15234,7.31250
26941813,BNO_ACC,3137,-4700,2,-6.43750,0.15234,7.31641
26950077,BNO_ACC,3138,-4600,2,-6.39844,-0.07812,7.12500
26954985,BNO_ACC,3139,-2300,2,-6.20703,0.15234,7.35547
26961992,BNO_ACC,3140,-700,2,-6.32031,0.03906,7.20703
26971867,BNO_ACC,3141,-2500,2,-6.32031,0.11328,7.47266
26979662,BNO_ACC,3142,-2000,2,-6.12891,0.00000,7.47266
26990307,BNO_ACC,3143,-4800,2,-6.24219,-0.23047,7.65625
27001965,BNO_ACC,3144,-700,2,-6.16797,-0.19141,7.62500
27011127,BNO_ACC,3145,-1600,2,-6.20703,-0.19141,7.46875
27022330,BNO_ACC,3146,-4700,2,-6.12891,0.03906,7.39062
27030572,BNO_ACC,3147,-4700,2,-6.24219,-0.07812,7.55078
27042390,BNO_ACC,3148,-700,2,-6.20703,0.26953,7.39062
27052224,BNO_ACC,3149,-2500,2,-6.47266,-0.07812,7.54688
27059875,BNO_ACC,3150,-1800,2,-6.16797,0.07812,7.27344
27070254,BNO_ACC,3151,-4400,2,-6.28125,0.15234,7.50781
27075228,BNO_ACC,3152,-2300,2,-6.20703,0.00000,7.39062
27082133,BNO_ACC,3153,-500,2,-6.24219,0.11328,7.50781
27091378,BNO_ACC,3154,-1000,2,-6.12891,0.00000,7.31641
27099823,BNO_ACC,3155,-1600,2,-6.20703,-0.03906,7.35547
27110468,BNO_ACC,3156,-4400,2,-6.01562,-0.03906,7.39453
27115418,BNO_ACC,3157,-2300,2,-6.35938,-0.07812,7.55078
27122661,BNO_ACC,3158,-700,2,-6.16797,-0.15234,7.47266
27131627,BNO_ACC,3159,-1000,2,-6.12891,-0.19141,7.62500
27139831,BNO_ACC,3160,-1700,2,-6.20703,-0.30469,7.46875
27150661,BNO_ACC,3161,-4400,2,-6.20703,-0.38281,7.85547
27162489,BNO_ACC,3162,-700,2,-5.93750,-0.76562,7.66016
27171600,BNO_ACC,3163,-1000,2,-5.78516,-0.80469,7.73828
27179834,BNO_ACC,3164,-1400,2,-5.89844,-0.88281,7.85156
27190503,BNO_ACC,3165,-4000,2,-5.70703,-0.72656,7.73438
27195424,BNO_ACC,3166,-2300,2,-5.82422,-0.57422,7.85547
27202410,BNO_ACC,3167,-500,2,-5.89844,-0.11328,7.77734
27211750,BNO_ACC,3168,-900,2,-6.08984,0.61328,7.65625
27220011,BNO_ACC,3169,-1400,2,-6.24219,0.46094,7.23828
27230516,BNO_ACC,3170,-3800,2,-6.05078,0.34375,7.39453
27241059,BNO_ACC,3171,-6300,2,-6.12891,0.15234,7.85547
27242885,BNO_ACC,3172,-900,2,-5.93750,-0.26953,7.69922
27251928,BNO_ACC,3173,-1000,2,-6.01562,-0.07812,7.39453
27261167,BNO_ACC,3174,-2700,2,-6.12891,0.15234,7.42969
27270768,BNO_ACC,3175,-4100,2,-6.08984,0.30469,7.77734
27275661,BNO_ACC,3176,-2300,2,-5.97656,0.15234,7.51172
27282830,BNO_ACC,3177,-700,2,-5.93750,0.00000,7.69922
27291895,BNO_ACC,3178,-1000,2,-5.89844,-0.23047,7.51172
27302097,BNO_ACC,3179,-3400,2,-5.74609,-0.34375,7.77344
27312260,BNO_ACC,3180,-5400,2,-5.85938,-0.26953,7.77734
27320716,BNO_ACC,3181,-5900,2,-5.78516,-0.46094,7.73438
27322264,BNO_ACC,3182,-500,2,-5.82422,-0.42188,7.69922
27331768,BNO_ACC,3183,-1000,2,-5.82422,-0.03906,7.43359
27341029,BNO_ACC,3184,-1800,2,-6.01562,0.11328,7.96875
27352416,BNO_ACC,3185,-5600,2,-6.08984,0.38281,7.62891
27360672,BNO_ACC,3186,-5500,2,-5.97656,0.26953,7.47266
27363475,BNO_ACC,3187,-1000,2,-5.89844,0.15234,7.50781
27371462,BNO_ACC,3188,-500,2,-5.93750,-0.15234,7.65625
27381691,BNO_ACC,3189,-2700,2,-5.93750,-0.26953,7.77344
27391477,BNO_ACC,3190,-4100,2,-5.78516,-0.23047,7.66016
27403403,BNO_ACC,3191,-500,2,-5.89844,-0.53516,7.55078
27412490,BNO_ACC,3192,-1000,2,-5.93750,-0.23047,7.89453
27421477,BNO_ACC,3193,-2300,2,-6.01562,-0.38281,7.58594
27432476,BNO_ACC,3194,-5300,2,-5.93750,-0.19141,7.58594
27440933,BNO_ACC,3195,-5300,2,-5.97656,-0.07812,7.92969
27444580,BNO_ACC,3196,-1200,2,-5.93750,-0.26953,7.39062
27451648,BNO_ACC,3197,-700,2,-5.89844,-0.26953,7.62500
27462704,BNO_ACC,3198,-3200,2,-5.93750,-0.19141,7.77734
27472261,BNO_ACC,3199,-4700,2,-5.89844,-0.30469,7.51172
27481068,BNO_ACC,3200,-5500,2,-5.97656,-0.11328,7.85547
27484736,BNO_ACC,3201,-1400,2,-5.97656,0.07812,7.27344
27491745,BNO_ACC,3202,-700,2,-6.05078,-0.03906,7.39453
27502007,BNO_ACC,3203,-2500,2,-6.16797,0.19141,8.03906
27511645,BNO_ACC,3204,-3900,2,-6.05078,-0.15234,7.12500
27521096,BNO_ACC,3205,-5300,2,-6.05078,-0.15234,7.62500
27524779,BNO_ACC,3206,-1200,2,-6.24219,0.15234,7.46875
27531920,BNO_ACC,3207,-500,2,-6.08984,-0.03906,7.51172
27543070,BNO_ACC,3208,-3200,2,-6.16797,0.11328,7.65625
27552504,BNO_ACC,3209,-4700,2,-6.16797,-0.07812,7.27344
27561084,BNO_ACC,3210,-5100,2,-6.08984,-0.15234,7.39062
27563757,BNO_ACC,3211,-900,2,-6.05078,-0.03906,7.69531
27572071,BNO_ACC,3212,-500,2,-6.05078,-0.23047,7.51172
27582431,BNO_ACC,3213,-2700,2,-6.01562,-0.23047,7.77344
27592261,BNO_ACC,3214,-4100,2,-6.01562,-0.26953,7.50781
27601791,BNO_ACC,3215,-5400,2,-5.97656,-0.15234,7.47266
27603417,BNO_ACC,3216,-500,2,-6.05078,0.00000,7.58594
27612613,BNO_ACC,3217,-700,2,-6.05078,0.00000,7.16406
27622728,BNO_ACC,3218,-2700,2,-6.12891,0.30469,7.93359
27632794,BNO_ACC,3219,-4700,2,-6.12891,0.00000,7.27344
27641272,BNO_ACC,3220,-4900,2,-6.08984,-0.11328,7.62891
27644990,BNO_ACC,3221,-1200,2,-6.08984,-0.03906,7.62891
27652292,BNO_ACC,3222,-700,2,-6.01562,-0.19141,7.51172
27663356,BNO_ACC,3223,-3200,2,-5.93750,-0.11328,7.77344
27672761,BNO_ACC,3224,-4500,2,-5.89844,-0.15234,7.81250
27681567,BNO_ACC,3225,-4900,2,-5.82422,-0.30469,7.58984
27685935,BNO_ACC,3226,-2700,2,-6.20703,-0.07812,7.77344
27692859,BNO_ACC,3227,-700,2,-5.78516,0.11328,7.54688
27702129,BNO_ACC,3228,-1800,2,-6.01562,-0.15234,7.20312
27713178,BNO_ACC,3229,-4900,2,-5.85938,-0.15234,7.93359
27721360,BNO_ACC,3230,-4500,2,-6.05078,-0.46094,7.55078
27726299,BNO_ACC,3231,-2500,2,-5.97656,-0.30469,8.07812
27733175,BNO_ACC,3232,-700,2,-5.82422,-0.57422,7.20703
27742222,BNO_ACC,3233,-1600,2,-6.01562,-0.30469,7.73438
27753089,BNO_ACC,3234,-4500,2,-5.93750,-0.11328,7.89062
27761633,BNO_ACC,3235,-4700,2,-6.01562,-0.30469,7.27344
27765350,BNO_ACC,3236,-1200,2,-5.78516,0.03906,7.54688
27772614,BNO_ACC,3237,-700,2,-6.05078,-0.15234,8.19922
27783563,BNO_ACC,3238,-2900,2,-6.12891,0.07812,7.12891
27791311,BNO_ACC,3239,-2400,2,-5.74609,0.11328,7.42969
27801628,BNO_ACC,3240,-4600,2,-6.20703,0.30469,7.85156
27813650,BNO_ACC,3241,-700,2,-6.12891,0.03906,7.73438
27822486,BNO_ACC,3242,-1600,2,-6.05078,0.03906,8.27344
27833443,BNO_ACC,3243,-4500,2,-6.05078,0.07812,7.31250
27841760,BNO_ACC,3244,-4500,2,-5.89844,0.00000,7.46875
27846671,BNO_ACC,3245,-2300,2,-6.28125,0.19141,7.54688
27853497,BNO_ACC,3246,-700,2,-6.24219,0.49609,7.43359
27862741,BNO_ACC,3247,-1800,2,-6.05078,0.15234,7.27734
27872168,BNO_ACC,3248,-2800,2,-6.05078,0.03906,7.55078
27882667,BNO_ACC,3249,-5200,2,-5.93750,0.00000,7.08984
27886749,BNO_ACC,3250,-2300,2,-6.01562,-0.07812,7.81250
27893647,BNO_ACC,3251,-700,2,-6.08984,-0.07812,7.39062
27902921,BNO_ACC,3252,-1600,2,-5.97656,-0.19141,7.62500
27912190,BNO_ACC,3253,-2600,2,-6.01562,-0.03906,7.62500
27922811,BNO_ACC,3254,-5100,2,-6.05078,-0.07812,7.50781
27934124,BNO_ACC,3255,-700,2,-6.08984,-0.15234,7.47266
27943046,BNO_ACC,3256,-1000,2,-6.08984,-0.15234,7.42969
27952503,BNO_ACC,3257,-2800,2,-6.05078,-0.07812,7.58594
27962342,BNO_ACC,3258,-4600,2,-6.01562,-0.11328,7.58594
27967281,BNO_ACC,3259,-2300,2,-6.08984,-0.07812,7.54688
27974455,BNO_ACC,3260,-900,2,-6.08984,-0.15234,7.54688
27983283,BNO_ACC,3261,-1600,2,-6.12891,-0.23047,7.43359
27994363,BNO_ACC,3262,-4700,2,-6.01562,-0.26953,7.55078
28002457,BNO_ACC,3263,-4400,2,-6.08984,-0.19141,7.85156
28007397,BNO_ACC,3264,-2100,2,-6.05078,-0.15234,7.12500
28014346,BNO_ACC,3265,-700,2,-6.05078,-0.26953,7.58594
28023336,BNO_ACC,3266,-1000,2,-6.12891,-0.11328,7.54688
28034210,BNO_ACC,3267,-4300,2,-6.08984,-0.23047,7.43359
28042232,BNO_ACC,3268,-4100,2,-6.05078,-0.19141,7.69922
28047155,BNO_ACC,3269,-2300,2,-6.08984,-0.15234,7.39062
28054162,BNO_ACC,3270,-700,2,-6.08984,-0.19141,7.69531
28063359,BNO_ACC,3271,-1000,2,-6.01562,-0.23047,7.42969
28074447,BNO_ACC,3272,-4500,2,-6.05078,-0.26953,7.55078
28082450,BNO_ACC,3273,-4200,2,-6.08984,-0.19141,7.62500
28087350,BNO_ACC,3274,-2300,2,-6.12891,-0.15234,7.51172
28094344,BNO_ACC,3275,-700,2,-6.01562,-0.15234,7.50781
28103461,BNO_ACC,3276,-1000,2,-6.05078,-0.03906,7.39453
28114599,BNO_ACC,3277,-4300,2,-6.16797,-0.15234,7.51172
28122686,BNO_ACC,3278,-4200,2,-6.01562,-0.11328,7.31250
28127605,BNO_ACC,3279,-2300,2,-6.08984,-0.23047,7.66016
28134441,BNO_ACC,3280,-500,2,-6.16797,-0.03906,7.47266
28143853,BNO_ACC,3281,-900,2,-6.12891,-0.19141,7.50781
28152244,BNO_ACC,3282,-1600,2,-6.05078,-0.19141,7.58984
28162904,BNO_ACC,3283,-4200,2,-6.05078,-0.26953,7.50781
28174987,BNO_ACC,3284,-700,2,-6.08984,-0.15234,7.54688
28183815,BNO_ACC,3285,-1000,2,-6.12891,-0.23047,7.55078
28192180,BNO_ACC,3286,-1500,2,-6.05078,-0.19141,7.47266
28202839,BNO_ACC,3287,-4000,2,-6.12891,-0.15234,7.62891
28207802,BNO_ACC,3288,-2100,2,-6.12891,-0.23047,7.46875
28214844,BNO_ACC,3289,-500,2,-6.16797,-0.11328,7.47266
28223885,BNO_ACC,3290,-900,2,-6.08984,0.00000,7.54688
28232266,BNO_ACC,3291,-1200,2,-6.20703,-0.11328,7.27344
28242923,BNO_ACC,3292,-3900,2,-6.16797,0.03906,7.42969
28247849,BNO_ACC,3293,-2300,2,-6.16797,-0.07812,7.54688
28255031,BNO_ACC,3294,-500,2,-6.08984,-0.07812,7.47266
28264146,BNO_ACC,3295,-900,2,-6.20703,-0.07812,7.47266
28274222,BNO_ACC,3296,-3400,2,-6.20703,-0.11328,7.58984
28282643,BNO_ACC,3297,-3500,2,-6.16797,0.00000,7.62891
28293341,BNO_ACC,3298,-6100,2,-6.08984,-0.11328,7.39062
28294540,BNO_ACC,3299,-700,2,-5.93750,-0.03906,7.58984
28304068,BNO_ACC,3300,-1000,2,-6.12891,-0.03906,7.47266
28314352,BNO_ACC,3301,-3200,2,-6.08984,-0.19141,7.43359
28322838,BNO_ACC,3302,-3500,2,-6.08984,-0.23047,7.58594
28333305,BNO_ACC,3303,-6100,2,-5.97656,-0.30469,7.58594
28334622,BNO_ACC,3304,-700,2,-6.12891,-0.30469,7.58594
28344128,BNO_ACC,3305,-1000,2,-6.12891,-0.23047,7.43359
28355229,BNO_ACC,3306,-4000,2,-6.12891,-0.11328,7.65625
28363393,BNO_ACC,3307,-4000,2,-6.16797,-0.03906,7.47266
28373160,BNO_ACC,3308,-5700,2,-6.16797,0.03906,7.51172
28374777,BNO_ACC,3309,-700,2,-6.16797,0.11328,7.51172
28384422,BNO_ACC,3310,-900,2,-6.12891,0.07812,7.42969
28394671,BNO_ACC,3311,-3200,2,-6.16797,0.00000,7.51172
28403318,BNO_ACC,3312,-3700,2,-6.12891,0.03906,7.47266
28413946,BNO_ACC,3313,-6400,2,-6.16797,-0.07812,7.42969
28415873,BNO_ACC,3314,-700,2,-6.08984,-0.15234,7.54688
28425062,BNO_ACC,3315,-1000,2,-6.08984,-0.15234,7.47266
28434739,BNO_ACC,3316,-3200,2,-6.16797,-0.19141,7.46875
28443215,BNO_ACC,3317,-3500,2,-6.16797,-0.11328,7.54688
28453908,BNO_ACC,3318,-6000,2,-6.16797,-0.19141,7.46875
28455281,BNO_ACC,3319,-700,2,-6.20703,-0.19141,7.39453
28464587,BNO_ACC,3320,-900,2,-6.16797,-0.11328,7.54688
28474964,BNO_ACC,3321,-3200,2,-6.12891,-0.15234,7.39062
28485067,BNO_ACC,3322,-5300,2,-6.16797,-0.15234,7.51172
28493499,BNO_ACC,3323,-5500,2,-6.16797,-0.11328,7.51172
28504807,BNO_ACC,3324,-1000,2,-6.12891,-0.15234,7.51172
28514962,BNO_ACC,3325,-3100,2,-6.08984,-0.15234,7.51172
28525004,BNO_ACC,3326,-5100,2,-6.20703,-0.11328,7.51172
28533630,BNO_ACC,3327,-5300,2,-6.05078,0.00000,7.55078
28545143,BNO_ACC,3328,-1200,2,-6.16797,-0.03906,7.42969
28555169,BNO_ACC,3329,-3100,2,-6.08984,-0.03906,7.51172
28565031,BNO_ACC,3330,-4900,2,-6.08984,-0.30469,7.55078
28573726,BNO_ACC,3331,-5300,2,-6.01562,-0.26953,7.58594
28585933,BNO_ACC,3332,-1400,2,-6.12891,-0.26953,7.51172
28595460,BNO_ACC,3333,-3200,2,-6.12891,-0.23047,7.55078
28605005,BNO_ACC,3334,-4700,2,-6.16797,-0.23047,7.55078
28613827,BNO_ACC,3335,-5200,2,-6.12891,-0.23047,7.50781
28625554,BNO_ACC,3336,-1000,2,-6.16797,-0.19141,7.55078
28635119,BNO_ACC,3337,-2700,2,-6.12891,0.11328,7.51172
28645314,BNO_ACC,3338,-4900,2,-6.12891,0.03906,7.42969
28653947,BNO_ACC,3339,-5300,2,-6.12891,0.00000,7.54688
28665611,BNO_ACC,3340,-1000,2,-6.05078,-0.15234,7.58594
28675252,BNO_ACC,3341,-2700,2,-6.08984,-0.15234,7.54688
28685226,BNO_ACC,3342,-4700,2,-6.05078,-0.23047,7.54688
28693801,BNO_ACC,3343,-5000,2,-6.08984,-0.15234,7.54688
28698162,BNO_ACC,3344,-2700,2,-6.12891,-0.23047,7.55078
28705169,BNO_ACC,3345,-700,2,-6.12891,-0.07812,7.51172
28714612,BNO_ACC,3346,-1800,2,-6.16797,-0.07812,7.47266
28724420,BNO_ACC,3347,-3400,2,-6.20703,-0.07812,7.47266
28734183,BNO_ACC,3348,-5100,2,-6.12891,-0.15234,7.51172
28745825,BNO_ACC,3349,-1000,2,-6.24219,-0.03906,7.39453
28755506,BNO_ACC,3350,-2500,2,-6.20703,-0.15234,7.51172
28765520,BNO_ACC,3351,-4500,2,-6.12891,-0.19141,7.50781
28773980,BNO_ACC,3352,-4800,2,-6.12891,-0.07812,7.47266
28778355,BNO_ACC,3353,-2500,2,-6.16797,-0.11328,7.39062
28785334,BNO_ACC,3354,-700,2,-6.16797,-0.11328,7.51172
28795673,BNO_ACC,3355,-2700,2,-6.16797,-0.15234,7.42969
28805559,BNO_ACC,3356,-4500,2,-6.20703,-0.11328,7.47266
28814272,BNO_ACC,3357,-4800,2,-6.20703,-0.07812,7.42969
28825916,BNO_ACC,3358,-700,2,-6.12891,-0.11328,7.47266
28834785,BNO_ACC,3359,-1600,2,-6.24219,-0.07812,7.39453
28846146,BNO_ACC,3360,-4900,2,-6.12891,-0.19141,7.46875
28854170,BNO_ACC,3361,-4700,2,-6.16797,-0.19141,7.46875
28859098,BNO_ACC,3362,-2300,2,-6.20703,-0.15234,7.42969
28866076,BNO_ACC,3363,-900,2,-6.16797,-0.19141,7.50781
28875160,BNO_ACC,3364,-1600,2,-6.24219,-0.15234,7.46875
28886362,BNO_ACC,3365,-4900,2,-6.16797,-0.15234,7.47266
28894496,BNO_ACC,3366,-4700,2,-6.20703,-0.19141,7.39453
28906121,BNO_ACC,3367,-700,2,-6.16797,-0.11328,7.42969
28915242,BNO_ACC,3368,-1000,2,-6.20703,-0.11328,7.35547
28926556,BNO_ACC,3369,-4900,2,-6.16797,-0.07812,7.42969
28934621,BNO_ACC,3370,-4900,2,-6.20703,-0.11328,7.42969
28946581,BNO_ACC,3371,-700,2,-6.16797,-0.11328,7.47266
28955407,BNO_ACC,3372,-1600,2,-6.16797,-0.07812,7.47266
28966698,BNO_ACC,3373,-4700,2,-6.20703,-0.11328,7.42969
28974937,BNO_ACC,3374,-4800,2,-6.20703,-0.11328,7.39062
28986723,BNO_ACC,3375,-900,2,-6.20703,-0.15234,7.42969
28995593,BNO_ACC,3376,-1800,2,-6.20703,-0.15234,7.42969
29004162,BNO_ACC,3377,-1800,2,-6.20703,-0.11328,7.47266
29014878,BNO_ACC,3378,-4800,2,-6.16797,-0.11328,7.42969
29026751,BNO_ACC,3379,-700,2,-6.16797,-0.11328,7.42969
29035822,BNO_ACC,3380,-900,2,-6.20703,-0.11328,7.42969
29044210,BNO_ACC,3381,-1800,2,-6.20703,-0.11328,7.39062
29055027,BNO_ACC,3382,-4700,2,-6.20703,-0.11328,7.42969
29064031,BNO_ACC,3383,-6000,2,-6.24219,-0.15234,7.43359
29067193,BNO_ACC,3384,-1200,2,-6.20703,-0.15234,7.42969
29075850,BNO_ACC,3385,-1600,2,-6.24219,-0.11328,7.39453
29084416,BNO_ACC,3386,-1800,2,-6.20703,-0.11328,7.42969
29095433,BNO_ACC,3387,-4700,2,-6.20703,-0.11328,7.42969
29099517,BNO_ACC,3388,-2300,2,-6.20703,-0.15234,7.47266
29106598,BNO_ACC,3389,-700,2,-6.20703,-0.11328,7.47266
29115925,BNO_ACC,3390,-1000,2,-6.20703,-0.15234,7.47266
29124505,BNO_ACC,3391,-1600,2,-6.20703,-0.15234,7.42969
29135299,BNO_ACC,3392,-4500,2,-6.20703,-0.11328,7.42969
29147243,BNO_ACC,3393,-900,2,-6.16797,-0.07812,7.47266
29156247,BNO_ACC,3394,-1000,2,-6.20703,-0.11328,7.47266
29164437,BNO_ACC,3395,-1500,2,-6.20703,-0.15234,7.47266
29175359,BNO_ACC,3396,-4400,2,-6.20703,-0.11328,7.47266
29187337,BNO_ACC,3397,-700,2,-6.08984,0.03906,7.51172
29196553,BNO_ACC,3398,-1000,2,-6.12891,0.00000,7.47266
29206382,BNO_ACC,3399,-3400,2,-6.08984,-0.11328,7.51172
29214942,BNO_ACC,3400,-3900,2,-6.20703,-0.15234,7.51172
29225626,BNO_ACC,3401,-6400,2,-6.20703,-0.19141,7.46875
29227403,BNO_ACC,3402,-900,2,-5.97656,-0.11328,7.62891
29236409,BNO_ACC,3403,-900,2,-6.12891,-0.07812,7.42969
29244701,BNO_ACC,3404,-1300,2,-6.16797,-0.07812,7.51172
29255641,BNO_ACC,3405,-4200,2,-6.05078,0.11328,7.55078
29267487,BNO_ACC,3406,-700,2,-5.85938,0.19141,7.62891
29276645,BNO_ACC,3407,-1000,2,-5.89844,-0.03906,7.69531
29286679,BNO_ACC,3408,-3400,2,-5.82422,0.23047,7.77344
29296742,BNO_ACC,3409,-5400,2,-5.63281,0.07812,7.92969
29305225,BNO_ACC,3410,-5700,2,-5.55469,0.00000,8.03906
29306683,BNO_ACC,3411,-500,2,-5.25000,-0.03906,7.97266
29316616,BNO_ACC,3412,-1000,2,-5.32422,0.03906,8.11719
29326813,BNO_ACC,3413,-3400,2,-5.25000,-0.11328,8.27734
29334913,BNO_ACC,3414,-3300,2,-5.32422,-0.15234,8.15625
29345415,BNO_ACC,3415,-5900,2,-5.09375,-0.38281,8.16016
29346895,BNO_ACC,3416,-700,2,-5.21094,0.07812,8.35156
29356319,BNO_ACC,3417,-700,2,-5.28516,0.11328,8.12109
29365454,BNO_ACC,3418,-1600,2,-5.32422,0.49609,8.39062
29376097,BNO_ACC,3419,-4200,2,-5.13281,0.34375,8.42188
29387874,BNO_ACC,3420,-700,2,-4.59766,-0.26953,8.81641
29396938,BNO_ACC,3421,-1000,2,-4.63672,-0.23047,8.58203
29406702,BNO_ACC,3422,-3100,2,-4.51953,-0.30469,8.84375
29416863,BNO_ACC,3423,-5100,2,-4.51953,0.15234,8.96484
29425192,BNO_ACC,3424,-5100,2,-4.32812,-0.42188,8.61719
29427845,BNO_ACC,3425,-900,2,-4.28906,-0.03906,8.69531
29436434,BNO_ACC,3426,-700,2,-4.44531,-0.23047,8.81250
29445564,BNO_ACC,3427,-1500,2,-4.32812,-0.23047,9.15625
29456258,BNO_ACC,3428,-4200,2,-4.44531,-0.61328,9.07812
29465901,BNO_ACC,3429,-5700,2,-4.36719,-0.72656,8.88672
29467403,BNO_ACC,3430,-700,2,-4.44531,-0.38281,8.77344
29476644,BNO_ACC,3431,-700,2,-4.78906,0.61328,8.77734
29485290,BNO_ACC,3432,-900,2,-5.13281,0.61328,8.23828
29495769,BNO_ACC,3433,-3500,2,-5.17188,1.03516,8.57812
29506123,BNO_ACC,3434,-5700,2,-4.98047,0.91797,8.35547
29507641,BNO_ACC,3435,-700,2,-4.78906,0.15234,8.04297
29516741,BNO_ACC,3436,-500,2,-4.94141,0.03906,8.57812
29527352,BNO_ACC,3437,-3200,2,-4.90234,-0.23047,8.65625
29536916,BNO_ACC,3438,-4700,2,-4.86328,-0.72656,8.96484
29545571,BNO_ACC,3439,-5100,2,-4.78906,-0.72656,8.88672
29549237,BNO_ACC,3440,-1200,2,-4.98047,-1.07422,8.04297
29556461,BNO_ACC,3441,-700,2,-4.67188,-1.03516,8.31641
29567435,BNO_ACC,3442,-3100,2,-4.86328,-1.10938,9.07812
29577087,BNO_ACC,3443,-4500,2,-4.75000,-1.41797,8.19531
29585666,BNO_ACC,3444,-4900,2,-5.09375,-1.30078,8.31641
29589334,BNO_ACC,3445,-1200,2,-5.25000,-0.34375,7.92969
29596526,BNO_ACC,3446,-500,2,-5.44141,0.19141,7.81641
29607266,BNO_ACC,3447,-2700,2,-5.74609,0.61328,7.54688
29616997,BNO_ACC,3448,-4500,2,-6.01562,0.84375,7.31250
29625713,BNO_ACC,3449,-4800,2,-6.12891,0.57422,7.96875
29629378,BNO_ACC,3450,-1200,2,-6.08984,0.07812,8.00781
29636676,BNO_ACC,3451,-500,2,-6.12891,-0.53516,7.39062
29647748,BNO_ACC,3452,-3100,2,-6.20703,-0.30469,7.35156
29657138,BNO_ACC,3453,-4500,2,-6.32031,0.00000,7.16797
29665700,BNO_ACC,3454,-4800,2,-7.01172,0.34375,7.81641
29669534,BNO_ACC,3455,-1200,2,-6.47266,0.07812,6.89062
29676880,BNO_ACC,3456,-700,2,-6.28125,-0.65234,7.43359
29687830,BNO_ACC,3457,-2900,2,-6.39844,-0.76562,6.92969
29695284,BNO_ACC,3458,-2200,2,-6.93359,0.38281,7.55078
29706666,BNO_ACC,3459,-5300,2,-7.05078,0.72656,6.35938
29710745,BNO_ACC,3460,-2300,2,-6.74219,0.34375,7.12500
29717704,BNO_ACC,3461,-700,2,-6.66406,-0.72656,7.05078
29726768,BNO_ACC,3462,-1800,2,-6.82031,-0.91797,7.77344
29737824,BNO_ACC,3463,-4700,2,-6.51172,-1.26562,6.78125
29745935,BNO_ACC,3464,-4500,2,-6.89453,-1.10938,6.97266
29758266,BNO_ACC,3465,-900,2,-7.27734,-0.23047,7.01172
29766818,BNO_ACC,3466,-1600,2,-7.35547,0.53516,6.43750
29777650,BNO_ACC,3467,-4300,2,-7.85156,0.03906,6.35938
29786029,BNO_ACC,3468,-4400,2,-7.31250,0.46094,6.28125
29790969,BNO_ACC,3469,-2300,2,-7.69922,-0.38281,6.85547
29797813,BNO_ACC,3470,-700,2,-7.20312,0.26953,6.05078
29806997,BNO_ACC,3471,-1600,2,-7.66016,0.03906,6.74219
29817847,BNO_ACC,3472,-4500,2,-7.08594,0.34375,5.89844
29826182,BNO_ACC,3473,-4500,2,-7.31250,-0.03906,6.89453
29831112,BNO_ACC,3474,-2300,2,-7.12891,-0.26953,6.47266
29837903,BNO_ACC,3475,-500,2,-7.08594,-0.23047,7.08984
29847256,BNO_ACC,3476,-1800,2,-7.01172,-0.65234,6.62891
29856454,BNO_ACC,3477,-2600,2,-7.12500,-0.46094,6.74219
29866865,BNO_ACC,3478,-5100,2,-7.23438,-0.46094,6.85547
29871105,BNO_ACC,3479,-2300,2,-7.31250,-0.38281,6.70312
29878088,BNO_ACC,3480,-500,2,-7.16797,-0.57422,6.89453
29887279,BNO_ACC,3481,-1000,2,-7.43359,0.46094,6.89453
29898241,BNO_ACC,3482,-4500,2,-7.20703,0.72656,5.93750
29906480,BNO_ACC,3483,-4400,2,-7.42969,0.42188,6.78125
29911413,BNO_ACC,3484,-2300,2,-6.89453,0.00000,6.70312
29918347,BNO_ACC,3485,-700,2,-6.82031,-0.61328,7.23438
29927390,BNO_ACC,3486,-1000,2,-6.70312,-0.34375,7.23828
29938434,BNO_ACC,3487,-4300,2,-6.74219,-0.53516,6.96875
29946523,BNO_ACC,3488,-4400,2,-6.62891,-0.61328,7.16797
29951470,BNO_ACC,3489,-2300,2,-6.74219,-0.46094,7.16406
29958322,BNO_ACC,3490,-500,2,-6.74219,-0.46094,7.00781
29967666,BNO_ACC,3491,-1000,2,-6.78125,-0.11328,6.93359
29978714,BNO_ACC,3492,-4500,2,-6.74219,0.11328,6.93359
29986775,BNO_ACC,3493,-4400,2,-6.82031,-0.15234,6.92969
29991720,BNO_ACC,3494,-2300,2,-6.78125,0.23047,6.78516
29998570,BNO_ACC,3495,-700,2,-6.82031,0.34375,6.97266
30007625,BNO_ACC,3496,-1000,2,-6.85547,0.49609,6.85547
30016614,BNO_ACC,3497,-2000,2,-6.66406,0.38281,7.23828
30027104,BNO_ACC,3498,-4400,2,-6.51172,-0.03906,7.20703
30038626,BNO_ACC,3499,-700,2,-6.32031,-0.46094,7.20703
30047847,BNO_ACC,3500,-1000,2,-6.35938,-0.46094,7.43359
30058861,BNO_ACC,3501,-4300,2,-6.35938,-0.38281,7.39453
30066797,BNO_ACC,3502,-4100,2,-6.39844,-0.61328,7.35156
30071713,BNO_ACC,3503,-2300,2,-6.20703,-0.38281,7.51172
30078735,BNO_ACC,3504,-700,2,-6.32031,-0.34375,7.35547
30087931,BNO_ACC,3505,-1000,2,-6.28125,0.07812,7.43359
30097228,BNO_ACC,3506,-2400,2,-6.28125,0.15234,7.31250
30107184,BNO_ACC,3507,-4200,2,-6.43750,0.19141,7.23828
30118999,BNO_ACC,3508,-500,2,-6.32031,-0.03906,7.42969
30128050,BNO_ACC,3509,-900,2,-6.28125,-0.46094,7.46875
30137398,BNO_ACC,3510,-2200,2,-6.24219,-0.19141,7.35547
30147322,BNO_ACC,3511,-4200,2,-6.32031,-0.15234,7.35547
30159153,BNO_ACC,3512,-500,2,-6.32031,-0.38281,7.39062
30168081,BNO_ACC,3513,-1000,2,-6.20703,-0.30469,7.35156
30177347,BNO_ACC,3514,-2000,2,-6.43750,-0.03906,7.31641
30187278,BNO_ACC,3515,-4000,2,-6.35938,0.07812,7.31250
30192200,BNO_ACC,3516,-2300,2,-6.47266,0.30469,7.23828
30199307,BNO_ACC,3517,-500,2,-6.43750,0.23047,7.31250
