t_us,tag,seq,bno_delay_us,status,gx,gy,gz,gbias_x,gbias_y,gbias_z
207353,BNO_GYRO_UC,0,-3200,0,0.005859,0.025391,-0.013672,0.001953,0.000000,-0.003906
217771,BNO_GYRO_UC,1,-3400,0,0.003906,0.031250,-0.013672,0.001953,0.000000,-0.003906
227162,BNO_GYRO_UC,2,-2900,0,0.007812,0.029297,-0.015625,0.001953,0.000000,-0.003906
236892,BNO_GYRO_UC,3,-3100,0,0.007812,0.031250,-0.015625,0.001953,0.000000,-0.003906
247446,BNO_GYRO_UC,4,-3100,0,0.005859,0.033203,-0.013672,0.001953,0.000000,-0.003906
257875,BNO_GYRO_UC,5,-3200,0,0.005859,0.041016,-0.009766,0.001953,0.000000,-0.003906
267249,BNO_GYRO_UC,6,-2900,0,0.005859,0.052734,-0.005859,0.001953,0.000000,-0.003906
276231,BNO_GYRO_UC,7,-2700,0,-0.001953,0.050781,-0.001953,0.001953,0.000000,-0.003906
286941,BNO_GYRO_UC,8,-3200,0,-0.001953,0.025391,0.003906,0.001953,0.000000,-0.003906
297113,BNO_GYRO_UC,9,-3600,0,-0.005859,-0.017578,0.001953,0.001953,0.000000,-0.003906
307489,BNO_GYRO_UC,10,-3200,0,-0.011719,-0.033203,0.007812,0.001953,0.000000,-0.003906
316753,BNO_GYRO_UC,11,-3100,0,-0.009766,-0.031250,0.013672,0.001953,0.000000,-0.003906
327483,BNO_GYRO_UC,12,-3100,0,-0.015625,-0.015625,0.019531,0.001953,0.000000,-0.003906
337925,BNO_GYRO_UC,13,-3200,0,-0.021484,-0.003906,0.021484,0.001953,0.000000,-0.003906
347302,BNO_GYRO_UC,14,-2700,0,-0.025391,0.007812,0.023438,0.001953,0.000000,-0.003906
356344,BNO_GYRO_UC,15,-2500,0,-0.033203,0.033203,0.029297,0.001953,0.000000,-0.003906
367192,BNO_GYRO_UC,16,-3200,0,-0.031250,0.019531,0.042969,0.001953,0.000000,-0.003906
377318,BNO_GYRO_UC,17,-3400,0,-0.037109,-0.023438,0.062500,0.001953,0.000000,-0.003906
387940,BNO_GYRO_UC,18,-3600,0,-0.052734,-0.042969,0.068359,0.001953,0.000000,-0.003906
397307,BNO_GYRO_UC,19,-3400,0,-0.060547,-0.072266,0.076172,0.001953,0.000000,-0.003906
407326,BNO_GYRO_UC,20,-3400,0,-0.068359,-0.089844,0.080078,0.001953,0.000000,-0.003906
418436,BNO_GYRO_UC,21,-4000,0,-0.072266,-0.078125,0.087891,0.001953,0.000000,-0.003906
428138,BNO_GYRO_UC,22,-3200,0,-0.060547,-0.048828,0.074219,0.001953,0.000000,-0.003906
437244,BNO_GYRO_UC,23,-3400,0,-0.017578,0.005859,0.041016,0.001953,0.000000,-0.003906
448044,BNO_GYRO_UC,24,-3400,0,0.048828,0.046875,-0.054688,0.001953,0.000000,-0.003906
457832,BNO_GYRO_UC,25,-3800,0,0.068359,-0.015625,-0.101562,0.001953,0.000000,-0.003906
468212,BNO_GYRO_UC,26,-3600,0,0.054688,0.037109,-0.078125,0.001953,0.000000,-0.003906
477319,BNO_GYRO_UC,27,-3200,0,0.050781,0.091797,-0.044922,0.001953,0.000000,-0.003906
487819,BNO_GYRO_UC,28,-3100,0,0.041016,0.111328,-0.031250,0.001953,0.000000,-0.003906
498742,BNO_GYRO_UC,29,-3400,0,0.021484,0.076172,-0.025391,0.001953,0.000000,-0.003906
507977,BNO_GYRO_UC,30,-2700,0,0.019531,0.017578,-0.019531,0.001953,0.000000,-0.003906
517025,BNO_GYRO_UC,31,-2900,0,0.021484,-0.021484,-0.021484,0.001953,0.000000,-0.003906
527690,BNO_GYRO_UC,32,-3100,0,0.025391,-0.025391,-0.029297,0.001953,0.000000,-0.003906
538267,BNO_GYRO_UC,33,-3600,0,0.052734,-0.009766,-0.056641,0.001953,0.000000,-0.003906
547710,BNO_GYRO_UC,34,-2500,0,0.062500,0.021484,-0.083984,0.001953,0.000000,-0.003906
557201,BNO_GYRO_UC,35,-2900,0,0.099609,0.074219,-0.115234,0.001953,0.000000,-0.003906
567990,BNO_GYRO_UC,36,-3200,0,0.113281,0.150391,-0.152344,0.001953,0.000000,-0.003906
578770,BNO_GYRO_UC,37,-3600,0,0.140625,0.207031,-0.179688,0.001953,0.000000,-0.003906
588535,BNO_GYRO_UC,38,-3100,0,0.148438,0.220703,-0.175781,0.001953,0.000000,-0.003906
597487,BNO_GYRO_UC,39,-3200,0,0.128906,0.210938,-0.154297,0.001953,0.000000,-0.003906
608073,BNO_GYRO_UC,40,-3100,0,0.099609,0.183594,-0.121094,0.001953,0.000000,-0.003906
618601,BNO_GYRO_UC,41,-3600,0,0.097656,0.160156,-0.095703,0.001953,0.000000,-0.003906
628076,BNO_GYRO_UC,42,-2500,0,0.085938,0.115234,-0.074219,0.001953,0.000000,-0.003906
637658,BNO_GYRO_UC,43,-3200,0,0.074219,0.060547,-0.054688,0.001953,0.000000,-0.003906
648382,BNO_GYRO_UC,44,-3200,0,0.062500,0.029297,-0.054688,0.001953,0.000000,-0.003906
657799,BNO_GYRO_UC,45,-3200,0,0.072266,-0.007812,-0.089844,0.001953,0.000000,-0.003906
668029,BNO_GYRO_UC,46,-2900,0,0.089844,-0.001953,-0.140625,0.001953,0.000000,-0.003906
678012,BNO_GYRO_UC,47,-3400,0,0.156250,0.017578,-0.197266,0.001953,0.000000,-0.003906
687704,BNO_GYRO_UC,48,-3200,0,0.181641,0.052734,-0.250000,0.001953,0.000000,-0.003906
697846,BNO_GYRO_UC,49,-3100,0,0.199219,0.066406,-0.232422,0.001953,0.000000,-0.003906
708484,BNO_GYRO_UC,50,-3200,0,0.144531,0.064453,-0.185547,0.001953,0.000000,-0.003906
717431,BNO_GYRO_UC,51,-2900,0,0.113281,0.029297,-0.123047,0.001953,0.000000,-0.003906
728465,BNO_GYRO_UC,52,-3200,0,0.078125,-0.019531,-0.083984,0.001953,0.000000,-0.003906
737870,BNO_GYRO_UC,53,-3200,0,0.056641,-0.066406,-0.070312,0.001953,0.000000,-0.003906
748266,BNO_GYRO_UC,54,-3200,0,0.072266,-0.103516,-0.082031,0.001953,0.000000,-0.003906
758320,BNO_GYRO_UC,55,-3400,0,0.091797,-0.140625,-0.121094,0.001953,0.000000,-0.003906
767848,BNO_GYRO_UC,56,-3100,0,0.121094,-0.177734,-0.160156,0.001953,0.000000,-0.003906
778358,BNO_GYRO_UC,57,-3200,0,0.140625,-0.187500,-0.189453,0.001953,0.000000,-0.003906
788280,BNO_GYRO_UC,58,-2900,0,0.148438,-0.169922,-0.195312,0.001953,0.000000,-0.003906
798467,BNO_GYRO_UC,59,-3200,0,0.148438,-0.113281,-0.187500,0.001953,0.000000,-0.003906
807954,BNO_GYRO_UC,60,-3100,0,0.144531,-0.025391,-0.181641,0.001953,0.000000,-0.003906
818293,BNO_GYRO_UC,61,-3200,0,0.132812,0.041016,-0.162109,0.001953,0.000000,-0.003906
828393,BNO_GYRO_UC,62,-2900,0,0.101562,0.068359,-0.134766,0.001953,0.000000,-0.003906
838638,BNO_GYRO_UC,63,-3400,0,0.082031,0.068359,-0.103516,0.001953,0.000000,-0.003906
848129,BNO_GYRO_UC,64,-3200,0,0.058594,0.037109,-0.056641,0.001953,0.000000,-0.003906
858350,BNO_GYRO_UC,65,-3200,0,0.044922,-0.011719,-0.033203,0.001953,0.000000,-0.003906
868734,BNO_GYRO_UC,66,-3200,0,0.044922,-0.064453,-0.050781,0.001953,0.000000,-0.003906
878778,BNO_GYRO_UC,67,-3200,0,0.078125,-0.099609,-0.103516,0.001953,0.000000,-0.003906
888134,BNO_GYRO_UC,68,-3100,0,0.140625,-0.109375,-0.162109,0.001953,0.000000,-0.003906
898758,BNO_GYRO_UC,69,-3200,0,0.179688,-0.103516,-0.220703,0.001953,0.000000,-0.003906
908696,BNO_GYRO_UC,70,-2700,0,0.183594,-0.091797,-0.244141,0.001953,0.000000,-0.003906
918636,BNO_GYRO_UC,71,-3200,0,0.175781,-0.080078,-0.208984,0.001953,0.000000,-0.003906
928085,BNO_GYRO_UC,72,-3200,0,0.093750,-0.021484,-0.126953,0.001953,0.000000,-0.003906
938975,BNO_GYRO_UC,73,-3400,0,0.046875,0.041016,-0.060547,0.001953,0.000000,-0.003906
948667,BNO_GYRO_UC,74,-2900,0,0.060547,0.056641,-0.052734,0.001953,0.000000,-0.003906
958707,BNO_GYRO_UC,75,-3200,0,0.056641,0.041016,-0.083984,0.001953,0.000000,-0.003906
968258,BNO_GYRO_UC,76,-3100,0,0.085938,0.005859,-0.109375,0.001953,0.000000,-0.003906
978922,BNO_GYRO_UC,77,-3200,0,0.105469,0.009766,-0.126953,0.001953,0.000000,-0.003906
989291,BNO_GYRO_UC,78,-3200,0,0.111328,0.003906,-0.134766,0.001953,0.000000,-0.003906
998838,BNO_GYRO_UC,79,-3600,0,0.117188,-0.011719,-0.128906,0.001953,0.000000,-0.003906
1008308,BNO_GYRO_UC,80,-3100,0,0.113281,0.017578,-0.109375,0.001953,0.000000,-0.003906
1018866,BNO_GYRO_UC,81,-3200,0,0.082031,0.029297,-0.093750,0.001953,0.000000,-0.003906
1029139,BNO_GYRO_UC,82,-3200,0,0.080078,0.019531,-0.087891,0.001953,0.000000,-0.003906
1039147,BNO_GYRO_UC,83,-3200,0,0.089844,0.076172,-0.097656,0.001953,0.000000,-0.003906
1048722,BNO_GYRO_UC,84,-3200,0,0.068359,0.099609,-0.113281,0.001953,0.000000,-0.003906
1059327,BNO_GYRO_UC,85,-3200,0,0.103516,0.078125,-0.103516,0.001953,0.000000,-0.003906
1069110,BNO_GYRO_UC,86,-2700,0,0.082031,0.054688,-0.115234,0.001953,0.000000,-0.003906
1079305,BNO_GYRO_UC,87,-3400,0,0.103516,0.007812,-0.103516,0.001953,0.000000,-0.003906
1088597,BNO_GYRO_UC,88,-3200,0,0.066406,-0.021484,-0.093750,0.001953,0.000000,-0.003906
1099210,BNO_GYRO_UC,89,-3200,0,0.085938,-0.029297,-0.097656,0.001953,0.000000,-0.003906
1109614,BNO_GYRO_UC,90,-3400,0,0.109375,-0.013672,-0.140625,0.001953,0.000000,-0.003906
1118999,BNO_GYRO_UC,91,-3100,0,0.158203,-0.013672,-0.185547,0.001953,0.000000,-0.003906
1128579,BNO_GYRO_UC,92,-3100,0,0.150391,0.000000,-0.191406,0.001953,0.000000,-0.003906
1139282,BNO_GYRO_UC,93,-3200,0,0.113281,0.027344,-0.156250,0.001953,0.000000,-0.003906
1149687,BNO_GYRO_UC,94,-3200,0,0.082031,0.052734,-0.121094,0.001953,0.000000,-0.003906
1158927,BNO_GYRO_UC,95,-3100,0,0.074219,0.052734,-0.078125,0.001953,0.000000,-0.003906
1168628,BNO_GYRO_UC,96,-3200,0,0.041016,0.060547,-0.050781,0.001953,0.000000,-0.003906
1179296,BNO_GYRO_UC,97,-3200,0,0.041016,0.064453,-0.048828,0.001953,0.000000,-0.003906
1189788,BNO_GYRO_UC,98,-3200,0,0.029297,0.031250,-0.044922,0.001953,0.000000,-0.003906
1199170,BNO_GYRO_UC,99,-3100,0,0.027344,0.000000,-0.037109,0.001953,0.000000,-0.003906
1208795,BNO_GYRO_UC,100,-3200,0,0.019531,-0.019531,-0.042969,0.001953,0.000000,-0.003906
1219434,BNO_GYRO_UC,101,-3200,0,0.044922,-0.025391,-0.048828,0.001953,0.000000,-0.003906
1229939,BNO_GYRO_UC,102,-3200,0,0.068359,-0.029297,-0.078125,0.001953,0.000000,-0.003906
1239371,BNO_GYRO_UC,103,-3200,0,0.099609,-0.031250,-0.111328,0.001953,0.000000,-0.003906
1248904,BNO_GYRO_UC,104,-3100,0,0.087891,-0.060547,-0.115234,0.001953,0.000000,-0.003906
1259619,BNO_GYRO_UC,105,-3200,0,0.074219,-0.066406,-0.078125,0.001953,0.000000,-0.003906
1270131,BNO_GYRO_UC,106,-3200,0,0.015625,-0.033203,-0.025391,0.001953,0.000000,-0.003906
1279373,BNO_GYRO_UC,107,-3100,0,-0.027344,-0.025391,0.029297,0.001953,0.000000,-0.003906
1288959,BNO_GYRO_UC,108,-3100,0,-0.041016,-0.009766,0.050781,0.001953,0.000000,-0.003906
1299633,BNO_GYRO_UC,109,-3200,0,-0.021484,0.005859,0.025391,0.001953,0.000000,-0.003906
1310092,BNO_GYRO_UC,110,-3200,0,0.023438,0.023438,-0.017578,0.001953,0.000000,-0.003906
1319503,BNO_GYRO_UC,111,-3100,0,0.044922,0.048828,-0.068359,0.001953,0.000000,-0.003906
1329270,BNO_GYRO_UC,112,-3200,0,0.093750,0.072266,-0.099609,0.001953,0.000000,-0.003906
1339084,BNO_GYRO_UC,113,-3200,0,0.101562,0.103516,-0.113281,0.001953,0.000000,-0.003906
1349513,BNO_GYRO_UC,114,-3600,0,0.066406,0.103516,-0.085938,0.001953,0.000000,-0.003906
1360065,BNO_GYRO_UC,115,-3600,0,0.064453,0.093750,-0.042969,0.001953,0.000000,-0.003906
1368993,BNO_GYRO_UC,116,-3100,0,0.033203,0.109375,-0.037109,0.001953,0.000000,-0.003906
1379634,BNO_GYRO_UC,117,-3200,0,0.027344,0.068359,-0.031250,0.001953,0.000000,-0.003906
1390066,BNO_GYRO_UC,118,-3200,0,0.052734,0.005859,-0.037109,0.001953,0.000000,-0.003906
1400315,BNO_GYRO_UC,119,-3400,0,0.031250,-0.011719,-0.074219,0.001953,0.000000,-0.003906
1409690,BNO_GYRO_UC,120,-3200,0,0.064453,-0.037109,-0.105469,0.001953,0.000000,-0.003906
1419246,BNO_GYRO_UC,121,-3200,0,0.083984,-0.052734,-0.121094,0.001953,0.000000,-0.003906
1429915,BNO_GYRO_UC,122,-3600,0,0.089844,-0.050781,-0.117188,0.001953,0.000000,-0.003906
1440317,BNO_GYRO_UC,123,-3600,0,0.080078,-0.025391,-0.113281,0.001953,0.000000,-0.003906
1449235,BNO_GYRO_UC,124,-3100,0,0.080078,0.003906,-0.087891,0.001953,0.000000,-0.003906
1459845,BNO_GYRO_UC,125,-3100,0,0.052734,0.023438,-0.078125,0.001953,0.000000,-0.003906
1470600,BNO_GYRO_UC,126,-3200,0,0.060547,0.029297,-0.066406,0.001953,0.000000,-0.003906
1479998,BNO_GYRO_UC,127,-2900,0,0.042969,0.050781,-0.056641,0.001953,0.000000,-0.003906
1488903,BNO_GYRO_UC,128,-2500,0,0.037109,0.039062,-0.037109,0.001953,0.000000,-0.003906
1499739,BNO_GYRO_UC,129,-3200,0,0.025391,0.046875,-0.039062,0.001953,0.000000,-0.003906
1509517,BNO_GYRO_UC,130,-3200,0,0.048828,0.044922,-0.050781,0.001953,0.000000,-0.003906
1519936,BNO_GYRO_UC,131,-3200,0,0.062500,0.044922,-0.064453,0.001953,0.000000,-0.003906
1529017,BNO_GYRO_UC,132,-2700,0,0.085938,0.031250,-0.078125,0.001953,0.000000,-0.003906
1539928,BNO_GYRO_UC,133,-3200,0,0.095703,0.009766,-0.089844,0.001953,0.000000,-0.003906
1550716,BNO_GYRO_UC,134,-3600,0,0.078125,0.007812,-0.103516,0.001953,0.000000,-0.003906
1560271,BNO_GYRO_UC,135,-2700,0,0.056641,-0.033203,-0.099609,0.001953,0.000000,-0.003906
1569057,BNO_GYRO_UC,136,-2700,0,0.031250,-0.042969,-0.064453,0.001953,0.000000,-0.003906
1579783,BNO_GYRO_UC,137,-3100,0,0.015625,-0.031250,-0.021484,0.001953,0.000000,-0.003906
1589813,BNO_GYRO_UC,138,-3200,0,0.013672,-0.025391,0.001953,0.001953,0.000000,-0.003906
1600107,BNO_GYRO_UC,139,-3100,0,-0.005859,-0.003906,0.000000,0.001953,0.000000,-0.003906
1609045,BNO_GYRO_UC,140,-2500,0,-0.003906,0.017578,0.001953,0.001953,0.000000,-0.003906
1620173,BNO_GYRO_UC,141,-3100,0,0.011719,0.005859,-0.009766,0.001953,0.000000,-0.003906
1629637,BNO_GYRO_UC,142,-3100,0,0.015625,0.021484,-0.017578,0.001953,0.000000,-0.003906
1640260,BNO_GYRO_UC,143,-3200,0,0.007812,0.023438,-0.021484,0.001953,0.000000,-0.003906
1649807,BNO_GYRO_UC,144,-3200,0,0.017578,0.009766,-0.023438,0.001953,0.000000,-0.003906
1659713,BNO_GYRO_UC,145,-3100,0,0.021484,-0.037109,-0.025391,0.001953,0.000000,-0.003906
1669859,BNO_GYRO_UC,146,-3200,0,0.019531,-0.111328,-0.031250,0.001953,0.000000,-0.003906
1680327,BNO_GYRO_UC,147,-3200,0,0.017578,-0.144531,-0.035156,0.001953,0.000000,-0.003906
1689314,BNO_GYRO_UC,148,-2700,0,0.017578,-0.138672,-0.037109,0.001953,0.000000,-0.003906
1700482,BNO_GYRO_UC,149,-3200,0,-0.001953,-0.132812,-0.007812,0.001953,0.000000,-0.003906
1709832,BNO_GYRO_UC,150,-3200,0,-0.029297,-0.111328,0.031250,0.001953,0.000000,-0.003906
1720547,BNO_GYRO_UC,151,-3200,0,-0.017578,-0.101562,0.025391,0.001953,0.000000,-0.003906
1730089,BNO_GYRO_UC,152,-3200,0,-0.005859,-0.070312,0.011719,0.001953,0.000000,-0.003906
1739860,BNO_GYRO_UC,153,-3100,0,-0.007812,-0.023438,0.007812,0.001953,0.000000,-0.003906
1750034,BNO_GYRO_UC,154,-3100,0,-0.005859,0.001953,-0.001953,0.001953,0.000000,-0.003906
1760490,BNO_GYRO_UC,155,-3200,0,0.003906,-0.003906,-0.001953,0.001953,0.000000,-0.003906
1769333,BNO_GYRO_UC,156,-2700,0,0.003906,-0.017578,-0.007812,0.001953,0.000000,-0.003906
1780481,BNO_GYRO_UC,157,-3200,0,0.003906,-0.042969,-0.009766,0.001953,0.000000,-0.003906
1790127,BNO_GYRO_UC,158,-3100,0,0.003906,-0.054688,-0.005859,0.001953,0.000000,-0.003906
1800422,BNO_GYRO_UC,159,-3200,0,0.003906,-0.054688,-0.005859,0.001953,0.000000,-0.003906
1809686,BNO_GYRO_UC,160,-2700,0,-0.001953,-0.044922,-0.003906,0.001953,0.000000,-0.003906
1820710,BNO_GYRO_UC,161,-3200,0,0.001953,-0.031250,-0.001953,0.001953,0.000000,-0.003906
1830161,BNO_GYRO_UC,162,-3200,0,-0.005859,-0.021484,0.000000,0.001953,0.000000,-0.003906
1840701,BNO_GYRO_UC,163,-3400,0,0.001953,-0.015625,0.005859,0.001953,0.000000,-0.003906
1849798,BNO_GYRO_UC,164,-2900,0,-0.001953,-0.009766,0.003906,0.001953,0.000000,-0.003906
1860850,BNO_GYRO_UC,165,-3200,0,-0.005859,-0.017578,0.001953,0.001953,0.000000,-0.003906
1870284,BNO_GYRO_UC,166,-3200,0,-0.001953,-0.021484,-0.003906,0.001953,0.000000,-0.003906
1880761,BNO_GYRO_UC,167,-3200,0,0.003906,-0.019531,-0.005859,0.001953,0.000000,-0.003906
1890687,BNO_GYRO_UC,168,-3200,0,0.001953,-0.017578,-0.007812,0.001953,0.000000,-0.003906
1900448,BNO_GYRO_UC,169,-3100,0,0.001953,-0.021484,-0.005859,0.001953,0.000000,-0.003906
1910859,BNO_GYRO_UC,170,-3200,0,0.007812,0.013672,-0.005859,0.001953,0.000000,-0.003906
1920746,BNO_GYRO_UC,171,-2700,0,0.011719,0.042969,-0.009766,0.001953,0.000000,-0.003906
1930945,BNO_GYRO_UC,172,-3200,0,0.003906,0.042969,-0.007812,0.001953,0.000000,-0.003906
1940429,BNO_GYRO_UC,173,-3100,0,0.017578,0.046875,-0.013672,0.001953,0.000000,-0.003906
1950872,BNO_GYRO_UC,174,-3200,0,0.007812,0.033203,-0.005859,0.001953,0.000000,-0.003906
1960921,BNO_GYRO_UC,175,-2900,0,0.001953,0.019531,-0.003906,0.001953,0.000000,-0.003906
1971078,BNO_GYRO_UC,176,-3200,0,-0.005859,0.029297,0.003906,0.001953,0.000000,-0.003906
1980558,BNO_GYRO_UC,177,-3200,0,-0.009766,0.015625,0.009766,0.001953,0.000000,-0.003906
1990887,BNO_GYRO_UC,178,-3200,0,-0.019531,0.021484,0.007812,0.001953,0.000000,-0.003906
2000912,BNO_GYRO_UC,179,-2900,0,-0.025391,0.025391,0.019531,0.001953,0.000000,-0.003906
2010954,BNO_GYRO_UC,180,-3200,0,-0.035156,0.023438,0.035156,0.001953,0.000000,-0.003906
2020272,BNO_GYRO_UC,181,-2900,0,-0.023438,0.033203,0.041016,0.001953,0.000000,-0.003906
2031086,BNO_GYRO_UC,182,-3200,0,-0.033203,0.025391,0.037109,0.001953,0.000000,-0.003906
2041132,BNO_GYRO_UC,183,-2900,0,-0.025391,0.017578,0.041016,0.001953,0.000000,-0.003906
2051300,BNO_GYRO_UC,184,-3400,0,-0.031250,0.003906,0.033203,0.001953,0.000000,-0.003906
2060649,BNO_GYRO_UC,185,-3200,0,-0.027344,-0.005859,0.031250,0.001953,0.000000,-0.003906
2071597,BNO_GYRO_UC,186,-3400,0,-0.039062,0.001953,0.037109,0.001953,0.000000,-0.003906
2081711,BNO_GYRO_UC,187,-3100,0,-0.052734,0.013672,0.054688,0.001953,0.000000,-0.003906
2091331,BNO_GYRO_UC,188,-3600,0,-0.052734,0.017578,0.070312,0.001953,0.000000,-0.003906
2101232,BNO_GYRO_UC,189,-3400,0,-0.060547,0.017578,0.070312,0.001953,0.000000,-0.003906
2111015,BNO_GYRO_UC,190,-3400,0,-0.062500,0.013672,0.054688,0.001953,0.000000,-0.003906
2121786,BNO_GYRO_UC,191,-4000,0,-0.048828,0.007812,0.046875,0.001953,0.000000,-0.003906
2131445,BNO_GYRO_UC,192,-3600,0,-0.037109,-0.001953,0.052734,0.001953,0.000000,-0.003906
2141156,BNO_GYRO_UC,193,-3200,0,-0.046875,0.009766,0.050781,0.001953,0.000000,-0.003906
2151118,BNO_GYRO_UC,194,-3400,0,-0.033203,0.005859,0.054688,0.001953,0.000000,-0.003906
2161842,BNO_GYRO_UC,195,-3800,0,-0.046875,-0.005859,0.039062,0.001953,0.000000,-0.003906
2171509,BNO_GYRO_UC,196,-3600,0,-0.037109,-0.011719,0.033203,0.001953,0.000000,-0.003906
2181240,BNO_GYRO_UC,197,-3200,0,-0.013672,0.013672,0.033203,0.001953,0.000000,-0.003906
2191127,BNO_GYRO_UC,198,-3400,0,-0.027344,0.023438,0.029297,0.001953,0.000000,-0.003906
2202079,BNO_GYRO_UC,199,-3800,0,-0.033203,0.011719,0.041016,0.001953,0.000000,-0.003906
2211651,BNO_GYRO_UC,200,-3600,0,-0.031250,0.052734,0.044922,0.001953,0.000000,-0.003906
2221488,BNO_GYRO_UC,201,-3200,0,-0.037109,0.054688,0.058594,0.001953,0.000000,-0.003906
2231258,BNO_GYRO_UC,202,-3400,0,-0.054688,0.025391,0.060547,0.001953,0.000000,-0.003906
2242225,BNO_GYRO_UC,203,-4000,0,-0.058594,0.001953,0.066406,0.001953,0.000000,-0.003906
2251819,BNO_GYRO_UC,204,-3600,0,-0.066406,-0.007812,0.082031,0.001953,0.000000,-0.003906
2261575,BNO_GYRO_UC,205,-3200,0,-0.074219,-0.023438,0.097656,0.001953,0.000000,-0.003906
2271335,BNO_GYRO_UC,206,-3400,0,-0.085938,-0.035156,0.107422,0.001953,0.000000,-0.003906
2282211,BNO_GYRO_UC,207,-3800,0,-0.089844,-0.048828,0.103516,0.001953,0.000000,-0.003906
2291792,BNO_GYRO_UC,208,-3400,0,-0.083984,-0.052734,0.103516,0.001953,0.000000,-0.003906
2301521,BNO_GYRO_UC,209,-3400,0,-0.083984,-0.056641,0.093750,0.001953,0.000000,-0.003906
2311345,BNO_GYRO_UC,210,-3400,0,-0.062500,-0.050781,0.097656,0.001953,0.000000,-0.003906
2321932,BNO_GYRO_UC,211,-3400,0,-0.097656,-0.029297,0.095703,0.001953,0.000000,-0.003906
2331995,BNO_GYRO_UC,212,-3400,0,-0.093750,-0.017578,0.103516,0.001953,0.000000,-0.003906
2341668,BNO_GYRO_UC,213,-3600,0,-0.083984,-0.023438,0.107422,0.001953,0.000000,-0.003906
2351530,BNO_GYRO_UC,214,-3400,0,-0.091797,-0.039062,0.115234,0.001953,0.000000,-0.003906
2362389,BNO_GYRO_UC,215,-3800,0,-0.107422,-0.048828,0.121094,0.001953,0.000000,-0.003906
2372002,BNO_GYRO_UC,216,-3200,0,-0.099609,-0.064453,0.117188,0.001953,0.000000,-0.003906
2381937,BNO_GYRO_UC,217,-3400,0,-0.101562,-0.089844,0.115234,0.001953,0.000000,-0.003906
2391475,BNO_GYRO_UC,218,-3400,0,-0.109375,-0.064453,0.138672,0.001953,0.000000,-0.003906
2401986,BNO_GYRO_UC,219,-3600,0,-0.126953,-0.029297,0.152344,0.001953,0.000000,-0.003906
2411931,BNO_GYRO_UC,220,-3200,0,-0.107422,0.009766,0.140625,0.001953,0.000000,-0.003906
2421685,BNO_GYRO_UC,221,-3400,0,-0.099609,0.025391,0.115234,0.001953,0.000000,-0.003906
2431707,BNO_GYRO_UC,222,-3200,0,-0.085938,0.035156,0.101562,0.001953,0.000000,-0.003906
2442313,BNO_GYRO_UC,223,-3600,0,-0.066406,0.058594,0.089844,0.001953,0.000000,-0.003906
2452612,BNO_GYRO_UC,224,-3400,0,-0.068359,0.074219,0.093750,0.001953,0.000000,-0.003906
2462091,BNO_GYRO_UC,225,-3200,0,-0.085938,0.070312,0.105469,0.001953,0.000000,-0.003906
2471636,BNO_GYRO_UC,226,-3200,0,-0.105469,0.054688,0.123047,0.001953,0.000000,-0.003906
2481911,BNO_GYRO_UC,227,-3600,0,-0.103516,0.039062,0.154297,0.001953,0.000000,-0.003906
2492305,BNO_GYRO_UC,228,-3600,0,-0.132812,-0.001953,0.167969,0.001953,0.000000,-0.003906
2501683,BNO_GYRO_UC,229,-3200,0,-0.132812,-0.048828,0.173828,0.001953,0.000000,-0.003906
2511574,BNO_GYRO_UC,230,-3200,0,-0.132812,-0.091797,0.160156,0.001953,0.000000,-0.003906
2521837,BNO_GYRO_UC,231,-3400,0,-0.117188,-0.115234,0.134766,0.001953,0.000000,-0.003906
2532213,BNO_GYRO_UC,232,-3400,0,-0.087891,-0.083984,0.103516,0.001953,0.000000,-0.003906
2541188,BNO_GYRO_UC,233,-2500,0,-0.058594,-0.044922,0.048828,0.001953,0.000000,-0.003906
2551778,BNO_GYRO_UC,234,-3200,0,0.003906,-0.021484,-0.001953,0.001953,0.000000,-0.003906
2562349,BNO_GYRO_UC,235,-3400,0,0.048828,0.005859,-0.064453,0.001953,0.000000,-0.003906
2572055,BNO_GYRO_UC,236,-2700,0,0.101562,0.001953,-0.101562,0.001953,0.000000,-0.003906
2581122,BNO_GYRO_UC,237,-2500,0,0.099609,-0.015625,-0.119141,0.001953,0.000000,-0.003906
2592194,BNO_GYRO_UC,238,-3200,0,0.078125,-0.041016,-0.087891,0.001953,0.000000,-0.003906
2601702,BNO_GYRO_UC,239,-3100,0,-0.001953,-0.087891,-0.017578,0.001953,0.000000,-0.003906
2612268,BNO_GYRO_UC,240,-3200,0,-0.060547,-0.140625,0.064453,0.001953,0.000000,-0.003906
2621408,BNO_GYRO_UC,241,-2900,0,-0.117188,-0.152344,0.121094,0.001953,0.000000,-0.003906
2632311,BNO_GYRO_UC,242,-3200,0,-0.136719,-0.173828,0.150391,0.001953,0.000000,-0.003906
2641840,BNO_GYRO_UC,243,-3100,0,-0.132812,-0.218750,0.148438,0.001953,0.000000,-0.003906
2652175,BNO_GYRO_UC,244,-3100,0,-0.113281,-0.234375,0.132812,0.001953,0.000000,-0.003906
2661730,BNO_GYRO_UC,245,-3100,0,-0.099609,-0.216797,0.107422,0.001953,0.000000,-0.003906
2672478,BNO_GYRO_UC,246,-3200,0,-0.015625,-0.199219,0.085938,0.001953,0.000000,-0.003906
2682007,BNO_GYRO_UC,247,-3100,0,-0.025391,-0.138672,0.019531,0.001953,0.000000,-0.003906
2692404,BNO_GYRO_UC,248,-3200,0,0.074219,-0.101562,-0.015625,0.001953,0.000000,-0.003906
2701492,BNO_GYRO_UC,249,-2700,0,0.056641,-0.050781,-0.015625,0.001953,0.000000,-0.003906
2712245,BNO_GYRO_UC,250,-3100,0,-0.048828,-0.013672,0.037109,0.001953,0.000000,-0.003906
2721915,BNO_GYRO_UC,251,-3100,0,-0.136719,0.056641,0.101562,0.001953,0.000000,-0.003906
2733308,BNO_GYRO_UC,252,-3600,0,-0.136719,0.064453,0.183594,0.001953,0.000000,-0.003906
2741968,BNO_GYRO_UC,253,-3100,0,-0.187500,0.035156,0.224609,0.001953,0.000000,-0.003906
2752772,BNO_GYRO_UC,254,-3200,0,-0.195312,0.050781,0.244141,0.001953,0.000000,-0.003906
2762181,BNO_GYRO_UC,255,-3200,0,-0.191406,0.083984,0.222656,0.001953,0.000000,-0.003906
2772654,BNO_GYRO_UC,256,-3100,0,-0.156250,0.076172,0.185547,0.001953,0.000000,-0.003906
2781558,BNO_GYRO_UC,257,-2500,0,-0.123047,0.042969,0.152344,0.001953,0.000000,-0.003906
2792385,BNO_GYRO_UC,258,-3100,0,-0.115234,0.025391,0.121094,0.001953,0.000000,-0.003906
2802303,BNO_GYRO_UC,259,-3100,0,-0.091797,0.021484,0.074219,0.001953,0.000000,-0.003906
2812629,BNO_GYRO_UC,260,-3100,0,-0.074219,0.044922,0.064453,0.001953,0.000000,-0.003906
2821779,BNO_GYRO_UC,261,-2500,0,-0.072266,0.031250,0.085938,0.001953,0.000000,-0.003906
2832894,BNO_GYRO_UC,262,-3200,0,-0.078125,0.027344,0.091797,0.001953,0.000000,-0.003906
2842338,BNO_GYRO_UC,263,-3100,0,-0.082031,0.017578,0.101562,0.001953,0.000000,-0.003906
2852880,BNO_GYRO_UC,264,-3200,0,-0.085938,0.003906,0.072266,0.001953,0.000000,-0.003906
2862449,BNO_GYRO_UC,265,-3200,0,-0.033203,0.009766,0.031250,0.001953,0.000000,-0.003906
2872317,BNO_GYRO_UC,266,-3100,0,0.009766,0.039062,-0.021484,0.001953,0.000000,-0.003906
2882851,BNO_GYRO_UC,267,-3100,0,0.037109,0.019531,-0.068359,0.001953,0.000000,-0.003906
2892860,BNO_GYRO_UC,268,-2900,0,0.044922,0.037109,-0.068359,0.001953,0.000000,-0.003906
2902972,BNO_GYRO_UC,269,-3400,0,0.039062,0.091797,-0.041016,0.001953,0.000000,-0.003906
2912385,BNO_GYRO_UC,270,-3200,0,0.013672,0.113281,-0.013672,0.001953,0.000000,-0.003906
2922667,BNO_GYRO_UC,271,-3200,0,0.021484,0.154297,-0.017578,0.001953,0.000000,-0.003906
2932947,BNO_GYRO_UC,272,-3100,0,0.021484,0.175781,-0.029297,0.001953,0.000000,-0.003906
2942825,BNO_GYRO_UC,273,-3200,0,-0.011719,0.162109,-0.025391,0.001953,0.000000,-0.003906
2952400,BNO_GYRO_UC,274,-3100,0,-0.054688,0.154297,0.025391,0.001953,0.000000,-0.003906
2963173,BNO_GYRO_UC,275,-3200,0,-0.080078,0.158203,0.105469,0.001953,0.000000,-0.003906
2973107,BNO_GYRO_UC,276,-2700,0,-0.126953,0.134766,0.169922,0.001953,0.000000,-0.003906
2983190,BNO_GYRO_UC,277,-3400,0,-0.171875,0.111328,0.212891,0.001953,0.000000,-0.003906
2992692,BNO_GYRO_UC,278,-3200,0,-0.187500,0.109375,0.214844,0.001953,0.000000,-0.003906
3003204,BNO_GYRO_UC,279,-3400,0,-0.175781,0.126953,0.199219,0.001953,0.000000,-0.003906
3013120,BNO_GYRO_UC,280,-2700,0,-0.183594,0.132812,0.185547,0.001953,0.000000,-0.003906
3023415,BNO_GYRO_UC,281,-3200,0,-0.160156,0.152344,0.189453,0.001953,0.000000,-0.003906
3032661,BNO_GYRO_UC,282,-3200,0,-0.164062,0.158203,0.197266,0.001953,0.000000,-0.003906
3043427,BNO_GYRO_UC,283,-3400,0,-0.216797,0.154297,0.205078,0.001953,0.000000,-0.003906
3053434,BNO_GYRO_UC,284,-2900,0,-0.214844,0.158203,0.230469,0.001953,0.000000,-0.003906
3063555,BNO_GYRO_UC,285,-3200,0,-0.234375,0.148438,0.234375,0.001953,0.000000,-0.003906
3072788,BNO_GYRO_UC,286,-3200,0,-0.218750,0.156250,0.216797,0.001953,0.000000,-0.003906
3083517,BNO_GYRO_UC,287,-3100,0,-0.089844,0.154297,0.216797,0.001953,0.000000,-0.003906
3093492,BNO_GYRO_UC,288,-2700,0,-0.212891,0.136719,0.146484,0.001953,0.000000,-0.003906
3103541,BNO_GYRO_UC,289,-3400,0,-0.097656,0.117188,0.109375,0.001953,0.000000,-0.003906
3112976,BNO_GYRO_UC,290,-3200,0,-0.085938,0.101562,0.085938,0.001953,0.000000,-0.003906
3123554,BNO_GYRO_UC,291,-3200,0,-0.085938,0.091797,0.109375,0.001953,0.000000,-0.003906
3133427,BNO_GYRO_UC,292,-2900,0,-0.123047,0.109375,0.150391,0.001953,0.000000,-0.003906
3143628,BNO_GYRO_UC,293,-3200,0,-0.132812,0.119141,0.205078,0.001953,0.000000,-0.003906
3152983,BNO_GYRO_UC,294,-3200,0,-0.138672,0.128906,0.253906,0.001953,0.000000,-0.003906
3163679,BNO_GYRO_UC,295,-3200,0,-0.156250,0.109375,0.263672,0.001953,0.000000,-0.003906
3173562,BNO_GYRO_UC,296,-2900,0,-0.185547,0.109375,0.228516,0.001953,0.000000,-0.003906
3183835,BNO_GYRO_UC,297,-3200,0,-0.158203,0.109375,0.171875,0.001953,0.000000,-0.003906
3193151,BNO_GYRO_UC,298,-3200,0,-0.105469,0.097656,0.123047,0.001953,0.000000,-0.003906
3203818,BNO_GYRO_UC,299,-3200,0,-0.062500,0.085938,0.085938,0.001953,0.000000,-0.003906
3213768,BNO_GYRO_UC,300,-2700,0,-0.044922,0.111328,0.056641,0.001953,0.000000,-0.003906
3223817,BNO_GYRO_UC,301,-3200,0,-0.054688,0.156250,0.044922,0.001953,0.000000,-0.003906
3233095,BNO_GYRO_UC,302,-3100,0,-0.050781,0.156250,0.046875,0.001953,0.000000,-0.003906
3243835,BNO_GYRO_UC,303,-3200,0,-0.027344,0.148438,0.060547,0.001953,0.000000,-0.003906
3254450,BNO_GYRO_UC,304,-3400,0,-0.052734,0.156250,0.062500,0.001953,0.000000,-0.003906
3263872,BNO_GYRO_UC,305,-3400,0,-0.068359,0.134766,0.076172,0.001953,0.000000,-0.003906
3273449,BNO_GYRO_UC,306,-3100,0,-0.064453,0.101562,0.082031,0.001953,0.000000,-0.003906
3283349,BNO_GYRO_UC,307,-3100,0,-0.060547,0.089844,0.080078,0.001953,0.000000,-0.003906
3293904,BNO_GYRO_UC,308,-3200,0,-0.068359,0.097656,0.066406,0.001953,0.000000,-0.003906
3304229,BNO_GYRO_UC,309,-3400,0,-0.042969,0.080078,0.044922,0.001953,0.000000,-0.003906
3313618,BNO_GYRO_UC,310,-3100,0,-0.023438,0.076172,0.027344,0.001953,0.000000,-0.003906
3323442,BNO_GYRO_UC,311,-3100,0,-0.035156,0.101562,0.025391,0.001953,0.000000,-0.003906
3334207,BNO_GYRO_UC,312,-3400,0,-0.031250,0.103516,0.046875,0.001953,0.000000,-0.003906
3344370,BNO_GYRO_UC,313,-3400,0,-0.046875,0.074219,0.056641,0.001953,0.000000,-0.003906
3353697,BNO_GYRO_UC,314,-3200,0,-0.039062,0.033203,0.048828,0.001953,0.000000,-0.003906
3363443,BNO_GYRO_UC,315,-3100,0,-0.039062,0.009766,0.035156,0.001953,0.000000,-0.003906
3373863,BNO_GYRO_UC,316,-3600,0,-0.031250,0.013672,0.027344,0.001953,0.000000,-0.003906
3383848,BNO_GYRO_UC,317,-3200,0,-0.025391,0.001953,0.023438,0.001953,0.000000,-0.003906
3393506,BNO_GYRO_UC,318,-3100,0,-0.021484,0.007812,0.027344,0.001953,0.000000,-0.003906
3403596,BNO_GYRO_UC,319,-3200,0,-0.019531,0.025391,0.025391,0.001953,0.000000,-0.003906
3413942,BNO_GYRO_UC,320,-3400,0,-0.013672,0.048828,0.023438,0.001953,0.000000,-0.003906
3424406,BNO_GYRO_UC,321,-3600,0,-0.017578,0.060547,0.015625,0.001953,0.000000,-0.003906
3433692,BNO_GYRO_UC,322,-3200,0,-0.003906,0.048828,0.001953,0.001953,0.000000,-0.003906
3444466,BNO_GYRO_UC,323,-3100,0,0.013672,0.085938,-0.001953,0.001953,0.000000,-0.003906
3454178,BNO_GYRO_UC,324,-3600,0,0.015625,0.093750,-0.007812,0.001953,0.000000,-0.003906
3464752,BNO_GYRO_UC,325,-3600,0,-0.001953,0.074219,-0.005859,0.001953,0.000000,-0.003906
3473758,BNO_GYRO_UC,326,-3200,0,0.001953,0.041016,-0.007812,0.001953,0.000000,-0.003906
3484361,BNO_GYRO_UC,327,-3100,0,0.005859,0.023438,-0.013672,0.001953,0.000000,-0.003906
3495012,BNO_GYRO_UC,328,-3200,0,0.009766,0.017578,-0.009766,0.001953,0.000000,-0.003906
3504430,BNO_GYRO_UC,329,-2900,0,0.015625,0.013672,-0.009766,0.001953,0.000000,-0.003906
3513294,BNO_GYRO_UC,330,-2700,0,0.007812,0.000000,-0.013672,0.001953,0.000000,-0.003906
3524168,BNO_GYRO_UC,331,-3200,0,0.005859,-0.019531,-0.013672,0.001953,0.000000,-0.003906
3534102,BNO_GYRO_UC,332,-3400,0,0.013672,-0.027344,-0.013672,0.001953,0.000000,-0.003906
3544202,BNO_GYRO_UC,333,-3100,0,0.003906,-0.031250,-0.013672,0.001953,0.000000,-0.003906
3553810,BNO_GYRO_UC,334,-3100,0,0.005859,-0.009766,-0.009766,0.001953,0.000000,-0.003906
3564520,BNO_GYRO_UC,335,-3200,0,0.007812,0.005859,-0.017578,0.001953,0.000000,-0.003906
3575062,BNO_GYRO_UC,336,-3400,0,0.007812,0.005859,-0.015625,0.001953,0.000000,-0.003906
3584569,BNO_GYRO_UC,337,-2900,0,0.007812,0.003906,-0.009766,0.001953,0.000000,-0.003906
3593508,BNO_GYRO_UC,338,-2700,0,0.007812,0.015625,-0.013672,0.001953,0.000000,-0.003906
3604363,BNO_GYRO_UC,339,-3100,0,0.011719,0.019531,-0.007812,0.001953,0.000000,-0.003906
3613960,BNO_GYRO_UC,340,-3100,0,0.005859,0.023438,-0.005859,0.001953,0.000000,-0.003906
3624524,BNO_GYRO_UC,341,-3200,0,0.003906,0.023438,-0.001953,0.001953,0.000000,-0.003906
3634091,BNO_GYRO_UC,342,-3100,0,0.001953,0.025391,-0.005859,0.001953,0.000000,-0.003906
3644763,BNO_GYRO_UC,343,-3200,0,0.005859,0.017578,-0.007812,0.001953,0.000000,-0.003906
3655345,BNO_GYRO_UC,344,-3400,0,0.001953,-0.003906,-0.009766,0.001953,0.000000,-0.003906
3665070,BNO_GYRO_UC,345,-2900,0,0.003906,-0.037109,-0.009766,0.001953,0.000000,-0.003906
3674470,BNO_GYRO_UC,346,-3400,0,0.001953,-0.052734,-0.003906,0.001953,0.000000,-0.003906
3684265,BNO_GYRO_UC,347,-3400,0,0.003906,-0.033203,-0.001953,0.001953,0.000000,-0.003906
3695158,BNO_GYRO_UC,348,-3800,0,0.003906,-0.011719,-0.001953,0.001953,0.000000,-0.003906
3704871,BNO_GYRO_UC,349,-3100,0,0.003906,-0.003906,-0.005859,0.001953,0.000000,-0.003906
3714270,BNO_GYRO_UC,350,-3100,0,0.003906,-0.005859,-0.003906,0.001953,0.000000,-0.003906
3724550,BNO_GYRO_UC,351,-3400,0,0.000000,0.009766,-0.003906,0.001953,0.000000,-0.003906
3735341,BNO_GYRO_UC,352,-3800,0,-0.003906,0.015625,-0.001953,0.001953,0.000000,-0.003906
3745068,BNO_GYRO_UC,353,-2900,0,0.003906,0.015625,-0.003906,0.001953,0.000000,-0.003906
3754146,BNO_GYRO_UC,354,-3100,0,0.003906,0.009766,-0.005859,0.001953,0.000000,-0.003906
3764594,BNO_GYRO_UC,355,-3400,0,0.003906,0.005859,-0.001953,0.001953,0.000000,-0.003906
3774563,BNO_GYRO_UC,356,-3400,0,0.003906,0.009766,-0.005859,0.001953,0.000000,-0.003906
3784930,BNO_GYRO_UC,357,-3400,0,0.007812,0.017578,-0.011719,0.001953,0.000000,-0.003906
3794678,BNO_GYRO_UC,358,-3200,0,0.013672,0.019531,-0.015625,0.001953,0.000000,-0.003906
3804714,BNO_GYRO_UC,359,-3400,0,0.005859,0.005859,-0.009766,0.001953,0.000000,-0.003906
3814560,BNO_GYRO_UC,360,-3200,0,0.000000,-0.013672,0.000000,0.001953,0.000000,-0.003906
3825136,BNO_GYRO_UC,361,-3400,0,0.000000,-0.007812,0.003906,0.001953,0.000000,-0.003906
3834348,BNO_GYRO_UC,362,-3200,0,-0.001953,0.021484,0.005859,0.001953,0.000000,-0.003906
3844798,BNO_GYRO_UC,363,-3400,0,-0.003906,0.029297,0.003906,0.001953,0.000000,-0.003906
3854894,BNO_GYRO_UC,364,-3400,0,-0.005859,0.019531,0.003906,0.001953,0.000000,-0.003906
3865229,BNO_GYRO_UC,365,-3400,0,-0.003906,0.029297,0.003906,0.001953,0.000000,-0.003906
3874803,BNO_GYRO_UC,366,-3200,0,0.001953,0.017578,0.003906,0.001953,0.000000,-0.003906
3884873,BNO_GYRO_UC,367,-3400,0,0.003906,0.009766,-0.003906,0.001953,0.000000,-0.003906
3894896,BNO_GYRO_UC,368,-3200,0,0.009766,0.001953,-0.009766,0.001953,0.000000,-0.003906
3905270,BNO_GYRO_UC,369,-3400,0,0.013672,-0.009766,-0.007812,0.001953,0.000000,-0.003906
3914862,BNO_GYRO_UC,370,-3400,0,0.007812,-0.007812,-0.007812,0.001953,0.000000,-0.003906
3925267,BNO_GYRO_UC,371,-3600,0,0.007812,-0.019531,-0.009766,0.001953,0.000000,-0.003906
3934768,BNO_GYRO_UC,372,-3200,0,0.005859,-0.021484,-0.017578,0.001953,0.000000,-0.003906
3945790,BNO_GYRO_UC,373,-3800,0,0.007812,-0.017578,-0.013672,0.001953,0.000000,-0.003906
3955488,BNO_GYRO_UC,374,-3600,0,0.017578,-0.044922,-0.013672,0.001953,0.000000,-0.003906
3965245,BNO_GYRO_UC,375,-3200,0,0.025391,-0.066406,-0.033203,0.001953,0.000000,-0.003906
3975031,BNO_GYRO_UC,376,-3400,0,0.039062,-0.068359,-0.044922,0.001953,0.000000,-0.003906
3985573,BNO_GYRO_UC,377,-3600,0,0.029297,-0.058594,-0.056641,0.001953,0.000000,-0.003906
3995268,BNO_GYRO_UC,378,-3600,0,0.050781,-0.060547,-0.046875,0.001953,0.000000,-0.003906
4004977,BNO_GYRO_UC,379,-3200,0,0.039062,-0.044922,-0.044922,0.001953,0.000000,-0.003906
4015620,BNO_GYRO_UC,380,-3400,0,0.027344,-0.019531,-0.039062,0.001953,0.000000,-0.003906
4025700,BNO_GYRO_UC,381,-2900,0,0.042969,-0.025391,-0.039062,0.001953,0.000000,-0.003906
4035267,BNO_GYRO_UC,382,-3400,0,0.027344,-0.005859,-0.048828,0.001953,0.000000,-0.003906
4045186,BNO_GYRO_UC,383,-3400,0,0.041016,-0.025391,-0.046875,0.001953,0.000000,-0.003906
4055628,BNO_GYRO_UC,384,-3400,0,0.042969,-0.048828,-0.050781,0.001953,0.000000,-0.003906
4065808,BNO_GYRO_UC,385,-3100,0,0.033203,-0.064453,-0.048828,0.001953,0.000000,-0.003906
4075958,BNO_GYRO_UC,386,-3400,0,0.039062,-0.066406,-0.035156,0.001953,0.000000,-0.003906
4085530,BNO_GYRO_UC,387,-3600,0,0.025391,-0.066406,-0.033203,0.001953,0.000000,-0.003906
4095375,BNO_GYRO_UC,388,-3400,0,0.025391,-0.072266,-0.039062,0.001953,0.000000,-0.003906
4106164,BNO_GYRO_UC,389,-3600,0,0.037109,-0.058594,-0.039062,0.001953,0.000000,-0.003906
4115695,BNO_GYRO_UC,390,-3600,0,0.039062,-0.044922,-0.046875,0.001953,0.000000,-0.003906
4125467,BNO_GYRO_UC,391,-3400,0,0.046875,-0.039062,-0.046875,0.001953,0.000000,-0.003906
4135384,BNO_GYRO_UC,392,-3200,0,0.037109,-0.031250,-0.054688,0.001953,0.000000,-0.003906
4146288,BNO_GYRO_UC,393,-4000,0,0.056641,-0.029297,-0.056641,0.001953,0.000000,-0.003906
4155833,BNO_GYRO_UC,394,-3600,0,0.064453,-0.015625,-0.052734,0.001953,0.000000,-0.003906
4165746,BNO_GYRO_UC,395,-3200,0,0.056641,-0.021484,-0.054688,0.001953,0.000000,-0.003906
4175402,BNO_GYRO_UC,396,-3400,0,0.050781,-0.025391,-0.064453,0.001953,0.000000,-0.003906
4186142,BNO_GYRO_UC,397,-3600,0,0.052734,-0.019531,-0.062500,0.001953,0.000000,-0.003906
4195888,BNO_GYRO_UC,398,-3400,0,0.111328,-0.033203,-0.042969,0.001953,0.000000,-0.003906
4205694,BNO_GYRO_UC,399,-3400,0,0.064453,-0.007812,-0.060547,0.001953,0.000000,-0.003906
4215562,BNO_GYRO_UC,400,-3400,0,0.087891,-0.039062,-0.042969,0.001953,0.000000,-0.003906
4226470,BNO_GYRO_UC,401,-4000,0,0.115234,-0.046875,-0.039062,0.001953,0.000000,-0.003906
4236022,BNO_GYRO_UC,402,-3400,0,0.056641,-0.027344,-0.054688,0.001953,0.000000,-0.003906
4245390,BNO_GYRO_UC,403,-3100,0,0.125000,-0.062500,-0.050781,0.001953,0.000000,-0.003906
4255927,BNO_GYRO_UC,404,-3200,0,0.128906,-0.048828,-0.072266,0.001953,0.000000,-0.003906
4266434,BNO_GYRO_UC,405,-3100,0,0.105469,-0.042969,-0.099609,0.001953,0.000000,-0.003906
4275897,BNO_GYRO_UC,406,-3100,0,0.089844,-0.080078,-0.117188,0.001953,0.000000,-0.003906
4285568,BNO_GYRO_UC,407,-3200,0,0.082031,-0.119141,-0.113281,0.001953,0.000000,-0.003906
4296294,BNO_GYRO_UC,408,-3200,0,0.093750,-0.138672,-0.101562,0.001953,0.000000,-0.003906
4306171,BNO_GYRO_UC,409,-2700,0,0.041016,-0.105469,-0.093750,0.001953,0.000000,-0.003906
4316351,BNO_GYRO_UC,410,-3200,0,0.015625,-0.099609,-0.083984,0.001953,0.000000,-0.003906
4325670,BNO_GYRO_UC,411,-3200,0,0.103516,-0.109375,-0.056641,0.001953,0.000000,-0.003906
4336164,BNO_GYRO_UC,412,-3200,0,0.175781,-0.087891,-0.066406,0.001953,0.000000,-0.003906
4346063,BNO_GYRO_UC,413,-2700,0,0.216797,-0.064453,-0.101562,0.001953,0.000000,-0.003906
4356487,BNO_GYRO_UC,414,-3600,0,0.250000,-0.062500,-0.128906,0.001953,0.000000,-0.003906
4365774,BNO_GYRO_UC,415,-3200,0,0.240234,-0.054688,-0.152344,0.001953,0.000000,-0.003906
4375714,BNO_GYRO_UC,416,-3200,0,0.203125,-0.044922,-0.175781,0.001953,0.000000,-0.003906
4386562,BNO_GYRO_UC,417,-3600,0,0.228516,-0.101562,-0.195312,0.001953,0.000000,-0.003906
4396140,BNO_GYRO_UC,418,-2900,0,0.238281,-0.134766,-0.228516,0.001953,0.000000,-0.003906
4405844,BNO_GYRO_UC,419,-3200,0,0.240234,-0.152344,-0.259766,0.001953,0.000000,-0.003906
4415806,BNO_GYRO_UC,420,-3200,0,0.257812,-0.179688,-0.267578,0.001953,0.000000,-0.003906
4425971,BNO_GYRO_UC,421,-3400,0,0.173828,-0.150391,-0.279297,0.001953,0.000000,-0.003906
4436053,BNO_GYRO_UC,422,-3100,0,0.132812,-0.156250,-0.246094,0.001953,0.000000,-0.003906
4445577,BNO_GYRO_UC,423,-2900,0,0.138672,-0.187500,-0.208984,0.001953,0.000000,-0.003906
4456218,BNO_GYRO_UC,424,-3200,0,0.193359,-0.195312,-0.203125,0.001953,0.000000,-0.003906
4466922,BNO_GYRO_UC,425,-3200,0,0.261719,-0.179688,-0.220703,0.001953,0.000000,-0.003906
4476453,BNO_GYRO_UC,426,-2900,0,0.292969,-0.156250,-0.265625,0.001953,0.000000,-0.003906
4486117,BNO_GYRO_UC,427,-3100,0,0.292969,-0.138672,-0.304688,0.001953,0.000000,-0.003906
4495925,BNO_GYRO_UC,428,-3100,0,0.267578,-0.128906,-0.312500,0.001953,0.000000,-0.003906
4506284,BNO_GYRO_UC,429,-3600,0,0.271484,-0.136719,-0.291016,0.001953,0.000000,-0.003906
4516584,BNO_GYRO_UC,430,-3400,0,0.283203,-0.160156,-0.250000,0.001953,0.000000,-0.003906
4525504,BNO_GYRO_UC,431,-2500,0,0.283203,-0.171875,-0.203125,0.001953,0.000000,-0.003906
4536327,BNO_GYRO_UC,432,-3200,0,0.230469,-0.115234,-0.173828,0.001953,0.000000,-0.003906
4546382,BNO_GYRO_UC,433,-3400,0,0.203125,-0.070312,-0.146484,0.001953,0.000000,-0.003906
4556859,BNO_GYRO_UC,434,-3600,0,0.181641,-0.056641,-0.138672,0.001953,0.000000,-0.003906
4566155,BNO_GYRO_UC,435,-3100,0,0.140625,-0.041016,-0.150391,0.001953,0.000000,-0.003906
4576796,BNO_GYRO_UC,436,-3100,0,0.138672,-0.046875,-0.162109,0.001953,0.000000,-0.003906
4587478,BNO_GYRO_UC,437,-3400,0,0.123047,-0.041016,-0.166016,0.001953,0.000000,-0.003906
4596898,BNO_GYRO_UC,438,-2900,0,0.095703,-0.042969,-0.160156,0.001953,0.000000,-0.003906
4605770,BNO_GYRO_UC,439,-2700,0,0.083984,-0.054688,-0.140625,0.001953,0.000000,-0.003906
4616577,BNO_GYRO_UC,440,-3200,0,0.060547,-0.044922,-0.121094,0.001953,0.000000,-0.003906
4626164,BNO_GYRO_UC,441,-3100,0,0.066406,-0.041016,-0.097656,0.001953,0.000000,-0.003906
4636743,BNO_GYRO_UC,442,-3200,0,0.087891,-0.027344,-0.064453,0.001953,0.000000,-0.003906
4645703,BNO_GYRO_UC,443,-2500,0,0.064453,0.009766,-0.041016,0.001953,0.000000,-0.003906
4656498,BNO_GYRO_UC,444,-3100,0,0.035156,0.017578,-0.007812,0.001953,0.000000,-0.003906
4666285,BNO_GYRO_UC,445,-3200,0,0.029297,0.025391,0.017578,0.001953,0.000000,-0.003906
4676710,BNO_GYRO_UC,446,-3200,0,-0.003906,0.054688,0.023438,0.001953,0.000000,-0.003906
4685768,BNO_GYRO_UC,447,-2500,0,0.019531,0.039062,0.029297,0.001953,0.000000,-0.003906
4696796,BNO_GYRO_UC,448,-3200,0,0.005859,0.021484,0.037109,0.001953,0.000000,-0.003906
4706343,BNO_GYRO_UC,449,-3100,0,-0.042969,0.009766,0.029297,0.001953,0.000000,-0.003906
4716869,BNO_GYRO_UC,450,-3200,0,-0.021484,-0.001953,0.013672,0.001953,0.000000,-0.003906
4725835,BNO_GYRO_UC,451,-2700,0,0.011719,-0.009766,-0.007812,0.001953,0.000000,-0.003906
4736817,BNO_GYRO_UC,452,-3100,0,0.046875,-0.021484,-0.037109,0.001953,0.000000,-0.003906
4746555,BNO_GYRO_UC,453,-3200,0,0.042969,0.001953,-0.066406,0.001953,0.000000,-0.003906
4756853,BNO_GYRO_UC,454,-3100,0,0.031250,0.005859,-0.082031,0.001953,0.000000,-0.003906
4766357,BNO_GYRO_UC,455,-3100,0,0.019531,-0.005859,-0.066406,0.001953,0.000000,-0.003906
4777169,BNO_GYRO_UC,456,-3200,0,0.015625,-0.009766,-0.048828,0.001953,0.000000,-0.003906
4786568,BNO_GYRO_UC,457,-3200,0,0.013672,-0.007812,-0.027344,0.001953,0.000000,-0.003906
4796980,BNO_GYRO_UC,458,-3200,0,-0.001953,-0.003906,-0.013672,0.001953,0.000000,-0.003906
4805937,BNO_GYRO_UC,459,-2500,0,-0.003906,-0.027344,-0.007812,0.001953,0.000000,-0.003906
4817147,BNO_GYRO_UC,460,-3200,0,0.007812,-0.041016,-0.023438,0.001953,0.000000,-0.003906
4826632,BNO_GYRO_UC,461,-3100,0,0.017578,-0.037109,-0.041016,0.001953,0.000000,-0.003906
4837122,BNO_GYRO_UC,462,-3200,0,0.031250,-0.037109,-0.060547,0.001953,0.000000,-0.003906
4846195,BNO_GYRO_UC,463,-2700,0,0.042969,-0.041016,-0.072266,0.001953,0.000000,-0.003906
4857291,BNO_GYRO_UC,464,-3200,0,0.048828,-0.029297,-0.070312,0.001953,0.000000,-0.003906
4866676,BNO_GYRO_UC,465,-3100,0,0.037109,-0.025391,-0.064453,0.001953,0.000000,-0.003906
4877988,BNO_GYRO_UC,466,-3600,0,0.039062,-0.023438,-0.054688,0.001953,0.000000,-0.003906
4886480,BNO_GYRO_UC,467,-2700,0,0.037109,-0.017578,-0.056641,0.001953,0.000000,-0.003906
4897500,BNO_GYRO_UC,468,-3200,0,0.027344,-0.015625,-0.054688,0.001953,0.000000,-0.003906
4906871,BNO_GYRO_UC,469,-3200,0,0.037109,-0.019531,-0.044922,0.001953,0.000000,-0.003906
4917613,BNO_GYRO_UC,470,-3400,0,0.029297,-0.001953,-0.042969,0.001953,0.000000,-0.003906
4927069,BNO_GYRO_UC,471,-3100,0,0.019531,0.025391,-0.037109,0.001953,0.000000,-0.003906
4936796,BNO_GYRO_UC,472,-3100,0,0.048828,-0.001953,-0.019531,0.001953,0.000000,-0.003906
4947530,BNO_GYRO_UC,473,-3200,0,0.054688,-0.005859,-0.025391,0.001953,0.000000,-0.003906
4957482,BNO_GYRO_UC,474,-2700,0,0.052734,-0.003906,-0.033203,0.001953,0.000000,-0.003906
4967602,BNO_GYRO_UC,475,-3400,0,0.056641,-0.007812,-0.039062,0.001953,0.000000,-0.003906
4976972,BNO_GYRO_UC,476,-3200,0,0.037109,-0.009766,-0.041016,0.001953,0.000000,-0.003906
4987373,BNO_GYRO_UC,477,-3200,0,0.025391,-0.021484,-0.044922,0.001953,0.000000,-0.003906
4997460,BNO_GYRO_UC,478,-2900,0,0.013672,-0.025391,-0.052734,0.001953,0.000000,-0.003906
5007647,BNO_GYRO_UC,479,-3400,0,0.009766,-0.037109,-0.048828,0.001953,0.000000,-0.003906
5017161,BNO_GYRO_UC,480,-3200,0,-0.007812,-0.052734,-0.050781,0.001953,0.000000,-0.003906
5027571,BNO_GYRO_UC,481,-3200,0,-0.013672,-0.044922,-0.056641,0.001953,0.000000,-0.003906
5037655,BNO_GYRO_UC,482,-2700,0,-0.001953,-0.039062,-0.060547,0.001953,0.000000,-0.003906
5047858,BNO_GYRO_UC,483,-3400,0,-0.005859,-0.013672,-0.060547,0.001953,0.000000,-0.003906
5057222,BNO_GYRO_UC,484,-3200,0,0.000000,0.001953,-0.052734,0.001953,0.000000,-0.003906
5067866,BNO_GYRO_UC,485,-3200,0,0.025391,0.029297,-0.041016,0.001953,0.000000,-0.003906
5077847,BNO_GYRO_UC,486,-2700,0,0.050781,0.027344,-0.031250,0.001953,0.000000,-0.003906
5087954,BNO_GYRO_UC,487,-3400,0,0.041016,0.037109,-0.025391,0.001953,0.000000,-0.003906
5097301,BNO_GYRO_UC,488,-3200,0,0.037109,0.039062,-0.031250,0.001953,0.000000,-0.003906
5108093,BNO_GYRO_UC,489,-3200,0,0.039062,0.005859,-0.019531,0.001953,0.000000,-0.003906
5118066,BNO_GYRO_UC,490,-2900,0,0.027344,0.003906,-0.023438,0.001953,0.000000,-0.003906
5127964,BNO_GYRO_UC,491,-3600,0,0.009766,-0.007812,-0.029297,0.001953,0.000000,-0.003906
5137788,BNO_GYRO_UC,492,-3400,0,0.001953,-0.015625,-0.035156,0.001953,0.000000,-0.003906
5148237,BNO_GYRO_UC,493,-3400,0,0.003906,-0.048828,-0.031250,0.001953,0.000000,-0.003906
5158134,BNO_GYRO_UC,494,-2900,0,-0.013672,-0.035156,-0.037109,0.001953,0.000000,-0.003906
5168268,BNO_GYRO_UC,495,-3400,0,-0.013672,-0.015625,-0.033203,0.001953,0.000000,-0.003906
5177645,BNO_GYRO_UC,496,-3400,0,-0.009766,-0.013672,-0.021484,0.001953,0.000000,-0.003906
5188433,BNO_GYRO_UC,497,-3400,0,-0.003906,-0.017578,-0.013672,0.001953,0.000000,-0.003906
5198210,BNO_GYRO_UC,498,-2900,0,0.005859,-0.015625,-0.003906,0.001953,0.000000,-0.003906
5208357,BNO_GYRO_UC,499,-3200,0,0.003906,-0.025391,-0.005859,0.001953,0.000000,-0.003906
5217734,BNO_GYRO_UC,500,-3200,0,-0.025391,-0.005859,-0.013672,0.001953,0.000000,-0.003906
5228668,BNO_GYRO_UC,501,-3400,0,-0.003906,-0.001953,-0.017578,0.001953,0.000000,-0.003906
5238514,BNO_GYRO_UC,502,-2900,0,-0.003906,-0.005859,-0.013672,0.001953,0.000000,-0.003906
5248265,BNO_GYRO_UC,503,-3400,0,0.003906,-0.019531,-0.013672,0.001953,0.000000,-0.003906
5257926,BNO_GYRO_UC,504,-3400,0,-0.009766,-0.005859,-0.015625,0.001953,0.000000,-0.003906
5267768,BNO_GYRO_UC,505,-3400,0,-0.019531,0.000000,-0.013672,0.001953,0.000000,-0.003906
5278451,BNO_GYRO_UC,506,-3600,0,-0.011719,-0.019531,-0.007812,0.001953,0.000000,-0.003906
5288292,BNO_GYRO_UC,507,-3200,0,-0.007812,-0.027344,0.000000,0.001953,0.000000,-0.003906
5298034,BNO_GYRO_UC,508,-3200,0,-0.005859,-0.035156,0.001953,0.001953,0.000000,-0.003906
5307859,BNO_GYRO_UC,509,-3400,0,-0.009766,-0.037109,0.003906,0.001953,0.000000,-0.003906
5318563,BNO_GYRO_UC,510,-3400,0,-0.007812,-0.023438,0.001953,0.001953,0.000000,-0.003906
5328489,BNO_GYRO_UC,511,-3400,0,-0.001953,-0.009766,0.003906,0.001953,0.000000,-0.003906
5337999,BNO_GYRO_UC,512,-3400,0,-0.005859,-0.009766,0.009766,0.001953,0.000000,-0.003906
5348066,BNO_GYRO_UC,513,-3400,0,0.000000,-0.007812,0.013672,0.001953,0.000000,-0.003906
5358935,BNO_GYRO_UC,514,-3800,0,0.007812,-0.005859,0.017578,0.001953,0.000000,-0.003906
5368643,BNO_GYRO_UC,515,-3400,0,0.017578,-0.005859,0.017578,0.001953,0.000000,-0.003906
5378412,BNO_GYRO_UC,516,-3400,0,0.009766,0.001953,0.017578,0.001953,0.000000,-0.003906
5388079,BNO_GYRO_UC,517,-3400,0,0.001953,-0.001953,0.003906,0.001953,0.000000,-0.003906
5398530,BNO_GYRO_UC,518,-3600,0,-0.017578,0.009766,-0.019531,0.001953,0.000000,-0.003906
5408488,BNO_GYRO_UC,519,-3200,0,-0.021484,0.003906,-0.029297,0.001953,0.000000,-0.003906
5418177,BNO_GYRO_UC,520,-3200,0,-0.009766,-0.003906,-0.007812,0.001953,0.000000,-0.003906
5428288,BNO_GYRO_UC,521,-3400,0,-0.009766,-0.003906,0.007812,0.001953,0.000000,-0.003906
5439179,BNO_GYRO_UC,522,-3800,0,-0.007812,-0.003906,0.003906,0.001953,0.000000,-0.003906
5449028,BNO_GYRO_UC,523,-3400,0,-0.007812,-0.003906,-0.009766,0.001953,0.000000,-0.003906
5458246,BNO_GYRO_UC,524,-3200,0,-0.011719,-0.003906,-0.023438,0.001953,0.000000,-0.003906
5468263,BNO_GYRO_UC,525,-3400,0,-0.019531,-0.021484,-0.031250,0.001953,0.000000,-0.003906
5479465,BNO_GYRO_UC,526,-4200,0,-0.021484,-0.031250,-0.031250,0.001953,0.000000,-0.003906
5489045,BNO_GYRO_UC,527,-3200,0,-0.017578,-0.021484,-0.019531,0.001953,0.000000,-0.003906
5498706,BNO_GYRO_UC,528,-3200,0,0.019531,-0.029297,-0.003906,0.001953,0.000000,-0.003906
5508307,BNO_GYRO_UC,529,-3200,0,0.044922,-0.029297,0.000000,0.001953,0.000000,-0.003906
5518448,BNO_GYRO_UC,530,-3400,0,0.015625,-0.025391,-0.017578,0.001953,0.000000,-0.003906
5528801,BNO_GYRO_UC,531,-3400,0,0.017578,-0.041016,-0.025391,0.001953,0.000000,-0.003906
5537664,BNO_GYRO_UC,532,-2700,0,0.023438,-0.044922,-0.029297,0.001953,0.000000,-0.003906
5548489,BNO_GYRO_UC,533,-3200,0,0.011719,-0.066406,-0.033203,0.001953,0.000000,-0.003906
5558218,BNO_GYRO_UC,534,-3100,0,0.017578,-0.091797,-0.029297,0.001953,0.000000,-0.003906
5568760,BNO_GYRO_UC,535,-3200,0,-0.007812,-0.082031,-0.033203,0.001953,0.000000,-0.003906
5577687,BNO_GYRO_UC,536,-2700,0,-0.021484,-0.085938,-0.041016,0.001953,0.000000,-0.003906
5588684,BNO_GYRO_UC,537,-3200,0,0.025391,-0.105469,-0.029297,0.001953,0.000000,-0.003906
5599467,BNO_GYRO_UC,538,-3600,0,0.015625,-0.066406,-0.037109,0.001953,0.000000,-0.003906
5608929,BNO_GYRO_UC,539,-2700,0,-0.029297,-0.046875,-0.056641,0.001953,0.000000,-0.003906
5617709,BNO_GYRO_UC,540,-2700,0,-0.054688,-0.054688,-0.035156,0.001953,0.000000,-0.003906
5628764,BNO_GYRO_UC,541,-3200,0,-0.072266,-0.056641,0.021484,0.001953,0.000000,-0.003906
5638228,BNO_GYRO_UC,542,-2900,0,-0.082031,-0.052734,0.115234,0.001953,0.000000,-0.003906
5649658,BNO_GYRO_UC,543,-3600,0,-0.066406,-0.048828,0.199219,0.001953,0.000000,-0.003906
5658437,BNO_GYRO_UC,544,-3100,0,-0.015625,-0.080078,0.238281,0.001953,0.000000,-0.003906
5669076,BNO_GYRO_UC,545,-3100,0,0.033203,-0.105469,0.203125,0.001953,0.000000,-0.003906
5679841,BNO_GYRO_UC,546,-3400,0,0.058594,-0.140625,0.121094,0.001953,0.000000,-0.003906
5689171,BNO_GYRO_UC,547,-2700,0,0.050781,-0.128906,0.015625,0.001953,0.000000,-0.003906
5698115,BNO_GYRO_UC,548,-2700,0,0.027344,-0.087891,-0.115234,0.001953,0.000000,-0.003906
5709030,BNO_GYRO_UC,549,-3200,0,0.011719,-0.117188,-0.205078,0.001953,0.000000,-0.003906
5718483,BNO_GYRO_UC,550,-3100,0,0.039062,-0.222656,-0.208984,0.001953,0.000000,-0.003906
5729934,BNO_GYRO_UC,551,-3600,0,0.007812,-0.250000,-0.173828,0.001953,0.000000,-0.003906
5738470,BNO_GYRO_UC,552,-3100,0,-0.058594,-0.222656,-0.128906,0.001953,0.000000,-0.003906
5749191,BNO_GYRO_UC,553,-3200,0,-0.076172,-0.220703,-0.042969,0.001953,0.000000,-0.003906
5758859,BNO_GYRO_UC,554,-3100,0,-0.046875,-0.218750,0.087891,0.001953,0.000000,-0.003906
5769144,BNO_GYRO_UC,555,-3200,0,-0.128906,-0.144531,0.185547,0.001953,0.000000,-0.003906
5778283,BNO_GYRO_UC,556,-2700,0,-0.175781,-0.058594,0.251953,0.001953,0.000000,-0.003906
5789318,BNO_GYRO_UC,557,-3200,0,-0.144531,0.005859,0.250000,0.001953,0.000000,-0.003906
5798677,BNO_GYRO_UC,558,-3100,0,-0.103516,0.044922,0.175781,0.001953,0.000000,-0.003906
5809115,BNO_GYRO_UC,559,-3100,0,0.017578,0.085938,0.068359,0.001953,0.000000,-0.003906
5818257,BNO_GYRO_UC,560,-2500,0,0.123047,0.128906,-0.058594,0.001953,0.000000,-0.003906
5829263,BNO_GYRO_UC,561,-3100,0,0.169922,0.093750,-0.150391,0.001953,0.000000,-0.003906
5838758,BNO_GYRO_UC,562,-3100,0,0.093750,0.052734,-0.189453,0.001953,0.000000,-0.003906
5849297,BNO_GYRO_UC,563,-3100,0,0.089844,-0.015625,-0.146484,0.001953,0.000000,-0.003906
5859449,BNO_GYRO_UC,564,-3400,0,0.011719,-0.054688,-0.085938,0.001953,0.000000,-0.003906
5868942,BNO_GYRO_UC,565,-3100,0,-0.042969,-0.123047,-0.037109,0.001953,0.000000,-0.003906
5879381,BNO_GYRO_UC,566,-3200,0,-0.054688,-0.158203,0.001953,0.001953,0.000000,-0.003906
5889270,BNO_GYRO_UC,567,-2700,0,-0.003906,-0.169922,0.033203,0.001953,0.000000,-0.003906
5899506,BNO_GYRO_UC,568,-3400,0,0.001953,-0.181641,0.058594,0.001953,0.000000,-0.003906
5909026,BNO_GYRO_UC,569,-3100,0,-0.046875,-0.201172,0.107422,0.001953,0.000000,-0.003906
5919241,BNO_GYRO_UC,570,-3100,0,-0.074219,-0.234375,0.179688,0.001953,0.000000,-0.003906
5929363,BNO_GYRO_UC,571,-2700,0,-0.113281,-0.162109,0.160156,0.001953,0.000000,-0.003906
5939696,BNO_GYRO_UC,572,-3400,0,-0.068359,-0.105469,0.101562,0.001953,0.000000,-0.003906
5949099,BNO_GYRO_UC,573,-3100,0,-0.033203,-0.093750,0.048828,0.001953,0.000000,-0.003906
5959333,BNO_GYRO_UC,574,-3200,0,-0.009766,-0.054688,0.019531,0.001953,0.000000,-0.003906
5969480,BNO_GYRO_UC,575,-2900,0,0.033203,-0.033203,-0.031250,0.001953,0.000000,-0.003906
5979625,BNO_GYRO_UC,576,-3200,0,0.048828,-0.037109,-0.050781,0.001953,0.000000,-0.003906
5989073,BNO_GYRO_UC,577,-3100,0,0.033203,0.005859,-0.056641,0.001953,0.000000,-0.003906
5999550,BNO_GYRO_UC,578,-3200,0,0.025391,0.066406,-0.044922,0.001953,0.000000,-0.003906
6009682,BNO_GYRO_UC,579,-2700,0,0.015625,0.054688,-0.019531,0.001953,0.000000,-0.003906
6020015,BNO_GYRO_UC,580,-3200,0,-0.048828,0.005859,0.033203,0.001953,0.000000,-0.003906
6029341,BNO_GYRO_UC,581,-3200,0,-0.074219,-0.031250,0.123047,0.001953,0.000000,-0.003906
6039619,BNO_GYRO_UC,582,-3100,0,-0.125000,0.031250,0.164062,0.001953,0.000000,-0.003906
6049820,BNO_GYRO_UC,583,-2900,0,-0.082031,0.042969,0.080078,0.001953,0.000000,-0.003906
6060013,BNO_GYRO_UC,584,-3400,0,0.033203,0.031250,-0.068359,0.001953,0.000000,-0.003906
6069464,BNO_GYRO_UC,585,-3200,0,0.132812,0.007812,-0.181641,0.001953,0.000000,-0.003906
6079617,BNO_GYRO_UC,586,-3200,0,0.164062,-0.025391,-0.216797,0.001953,0.000000,-0.003906
6090215,BNO_GYRO_UC,587,-3200,0,0.130859,-0.003906,-0.185547,0.001953,0.000000,-0.003906
6100372,BNO_GYRO_UC,588,-3400,0,0.091797,0.074219,-0.123047,0.001953,0.000000,-0.003906
6109454,BNO_GYRO_UC,589,-3100,0,0.041016,0.162109,-0.070312,0.001953,0.000000,-0.003906
6120309,BNO_GYRO_UC,590,-3200,0,0.009766,0.234375,-0.062500,0.001953,0.000000,-0.003906
6129979,BNO_GYRO_UC,591,-2700,0,0.011719,0.240234,-0.072266,0.001953,0.000000,-0.003906
6140155,BNO_GYRO_UC,592,-3200,0,-0.005859,0.208984,-0.068359,0.001953,0.000000,-0.003906
6149520,BNO_GYRO_UC,593,-3100,0,0.011719,0.152344,-0.056641,0.001953,0.000000,-0.003906
6160185,BNO_GYRO_UC,594,-3200,0,0.007812,0.103516,-0.035156,0.001953,0.000000,-0.003906
6170176,BNO_GYRO_UC,595,-2700,0,0.029297,0.056641,-0.054688,0.001953,0.000000,-0.003906
6180412,BNO_GYRO_UC,596,-3200,0,0.031250,0.078125,-0.083984,0.001953,0.000000,-0.003906
6189665,BNO_GYRO_UC,597,-3100,0,0.062500,0.095703,-0.097656,0.001953,0.000000,-0.003906
6200322,BNO_GYRO_UC,598,-3200,0,0.058594,0.134766,-0.105469,0.001953,0.000000,-0.003906
6210341,BNO_GYRO_UC,599,-2900,0,0.068359,0.173828,-0.109375,0.001953,0.000000,-0.003906
6220437,BNO_GYRO_UC,600,-3200,0,0.062500,0.220703,-0.132812,0.001953,0.000000,-0.003906
6229666,BNO_GYRO_UC,601,-3200,0,0.078125,0.193359,-0.138672,0.001953,0.000000,-0.003906
6240257,BNO_GYRO_UC,602,-3200,0,0.050781,0.142578,-0.148438,0.001953,0.000000,-0.003906
6250870,BNO_GYRO_UC,603,-3200,0,0.072266,0.117188,-0.136719,0.001953,0.000000,-0.003906
6260435,BNO_GYRO_UC,604,-3400,0,0.056641,0.105469,-0.070312,0.001953,0.000000,-0.003906
6269969,BNO_GYRO_UC,605,-3100,0,0.015625,0.109375,-0.015625,0.001953,0.000000,-0.003906
6280561,BNO_GYRO_UC,606,-3200,0,-0.007812,0.117188,-0.013672,0.001953,0.000000,-0.003906
6290587,BNO_GYRO_UC,607,-2700,0,0.013672,0.111328,-0.042969,0.001953,0.000000,-0.003906
6300746,BNO_GYRO_UC,608,-3200,0,0.031250,0.113281,-0.066406,0.001953,0.000000,-0.003906
6309765,BNO_GYRO_UC,609,-3100,0,0.052734,0.121094,-0.093750,0.001953,0.000000,-0.003906
6320523,BNO_GYRO_UC,610,-3200,0,0.070312,0.089844,-0.115234,0.001953,0.000000,-0.003906
6331085,BNO_GYRO_UC,611,-3400,0,0.093750,0.095703,-0.111328,0.001953,0.000000,-0.003906
6340379,BNO_GYRO_UC,612,-3200,0,0.048828,0.105469,-0.072266,0.001953,0.000000,-0.003906
6350008,BNO_GYRO_UC,613,-3100,0,0.023438,0.095703,-0.037109,0.001953,0.000000,-0.003906
6359932,BNO_GYRO_UC,614,-3200,0,0.031250,0.082031,-0.031250,0.001953,0.000000,-0.003906
6370778,BNO_GYRO_UC,615,-3400,0,0.029297,0.087891,-0.023438,0.001953,0.000000,-0.003906
6380502,BNO_GYRO_UC,616,-3100,0,0.015625,0.087891,-0.021484,0.001953,0.000000,-0.003906
6390189,BNO_GYRO_UC,617,-3100,0,-0.001953,0.064453,-0.025391,0.001953,0.000000,-0.003906
6400911,BNO_GYRO_UC,618,-3200,0,0.005859,0.042969,-0.021484,0.001953,0.000000,-0.003906
6411415,BNO_GYRO_UC,619,-3100,0,-0.001953,0.042969,-0.005859,0.001953,0.000000,-0.003906
6420926,BNO_GYRO_UC,620,-3200,0,-0.013672,0.041016,0.001953,0.001953,0.000000,-0.003906
6430506,BNO_GYRO_UC,621,-3100,0,0.003906,0.042969,-0.005859,0.001953,0.000000,-0.003906
6440192,BNO_GYRO_UC,622,-3200,0,0.015625,0.056641,-0.013672,0.001953,0.000000,-0.003906
6451093,BNO_GYRO_UC,623,-3600,0,0.001953,0.082031,-0.003906,0.001953,0.000000,-0.003906
6460676,BNO_GYRO_UC,624,-2900,0,0.001953,0.093750,0.003906,0.001953,0.000000,-0.003906
6470475,BNO_GYRO_UC,625,-3200,0,0.007812,0.083984,0.003906,0.001953,0.000000,-0.003906
6480237,BNO_GYRO_UC,626,-3100,0,0.001953,0.050781,-0.007812,0.001953,0.000000,-0.003906
6490708,BNO_GYRO_UC,627,-3400,0,0.013672,0.050781,-0.015625,0.001953,0.000000,-0.003906
6500655,BNO_GYRO_UC,628,-2900,0,0.009766,0.021484,-0.019531,0.001953,0.000000,-0.003906
6510148,BNO_GYRO_UC,629,-2900,0,0.007812,-0.021484,-0.019531,0.001953,0.000000,-0.003906
6521187,BNO_GYRO_UC,630,-3100,0,0.013672,-0.027344,-0.023438,0.001953,0.000000,-0.003906
6530852,BNO_GYRO_UC,631,-3600,0,0.015625,-0.021484,-0.015625,0.001953,0.000000,-0.003906
6540731,BNO_GYRO_UC,632,-2900,0,0.003906,-0.009766,-0.015625,0.001953,0.000000,-0.003906
6550232,BNO_GYRO_UC,633,-3100,0,0.000000,-0.003906,-0.001953,0.001953,0.000000,-0.003906
6560949,BNO_GYRO_UC,634,-3200,0,-0.003906,0.033203,0.001953,0.001953,0.000000,-0.003906
6570849,BNO_GYRO_UC,635,-3400,0,0.001953,0.080078,-0.001953,0.001953,0.000000,-0.003906
6580919,BNO_GYRO_UC,636,-3100,0,0.001953,0.074219,0.001953,0.001953,0.000000,-0.003906
6590113,BNO_GYRO_UC,637,-2900,0,-0.003906,0.041016,0.009766,0.001953,0.000000,-0.003906
6600739,BNO_GYRO_UC,638,-3200,0,-0.003906,0.013672,0.005859,0.001953,0.000000,-0.003906
6611235,BNO_GYRO_UC,639,-3400,0,0.023438,0.001953,-0.033203,0.001953,0.000000,-0.003906
6621630,BNO_GYRO_UC,640,-3400,0,0.039062,-0.019531,-0.052734,0.001953,0.000000,-0.003906
6630549,BNO_GYRO_UC,641,-3100,0,0.015625,-0.068359,-0.021484,0.001953,0.000000,-0.003906
6641343,BNO_GYRO_UC,642,-3200,0,-0.005859,-0.070312,-0.009766,0.001953,0.000000,-0.003906
6651971,BNO_GYRO_UC,643,-3400,0,-0.005859,-0.025391,-0.003906,0.001953,0.000000,-0.003906
6661296,BNO_GYRO_UC,644,-2700,0,-0.005859,-0.025391,0.001953,0.001953,0.000000,-0.003906
6670193,BNO_GYRO_UC,645,-2700,0,0.001953,0.003906,0.000000,0.001953,0.000000,-0.003906
6681020,BNO_GYRO_UC,646,-3200,0,0.001953,0.027344,0.007812,0.001953,0.000000,-0.003906
6690748,BNO_GYRO_UC,647,-3100,0,-0.005859,0.029297,0.019531,0.001953,0.000000,-0.003906
6701246,BNO_GYRO_UC,648,-3200,0,-0.003906,0.042969,0.013672,0.001953,0.000000,-0.003906
6710123,BNO_GYRO_UC,649,-2500,0,0.009766,0.072266,-0.011719,0.001953,0.000000,-0.003906
6721135,BNO_GYRO_UC,650,-3200,0,0.021484,0.060547,-0.027344,0.001953,0.000000,-0.003906
6730827,BNO_GYRO_UC,651,-3100,0,0.027344,0.019531,-0.031250,0.001953,0.000000,-0.003906
6741296,BNO_GYRO_UC,652,-3200,0,0.005859,-0.001953,-0.013672,0.001953,0.000000,-0.003906
6750264,BNO_GYRO_UC,653,-2500,0,0.000000,-0.007812,-0.001953,0.001953,0.000000,-0.003906
6761327,BNO_GYRO_UC,654,-3100,0,-0.001953,-0.007812,-0.001953,0.001953,0.000000,-0.003906
6770777,BNO_GYRO_UC,655,-3100,0,-0.001953,-0.007812,-0.003906,0.001953,0.000000,-0.003906
6781339,BNO_GYRO_UC,656,-3100,0,0.001953,0.001953,-0.001953,0.001953,0.000000,-0.003906
6790770,BNO_GYRO_UC,657,-3100,0,0.001953,0.005859,-0.001953,0.001953,0.000000,-0.003906
6801539,BNO_GYRO_UC,658,-3200,0,-0.011719,0.019531,0.015625,0.001953,0.000000,-0.003906
6811044,BNO_GYRO_UC,659,-3200,0,-0.019531,0.015625,0.025391,0.001953,0.000000,-0.003906
6821428,BNO_GYRO_UC,660,-3200,0,-0.009766,0.023438,0.017578,0.001953,0.000000,-0.003906
6830471,BNO_GYRO_UC,661,-2700,0,-0.001953,0.046875,0.007812,0.001953,0.000000,-0.003906
6841650,BNO_GYRO_UC,662,-3200,0,0.005859,0.056641,0.000000,0.001953,0.000000,-0.003906
6851243,BNO_GYRO_UC,663,-3200,0,0.005859,0.056641,-0.005859,0.001953,0.000000,-0.003906
6861500,BNO_GYRO_UC,664,-3200,0,0.005859,0.048828,-0.009766,0.001953,0.000000,-0.003906
6870487,BNO_GYRO_UC,665,-2500,0,0.003906,0.048828,-0.015625,0.001953,0.000000,-0.003906
6881605,BNO_GYRO_UC,666,-3200,0,-0.001953,0.066406,-0.001953,0.001953,0.000000,-0.003906
6891232,BNO_GYRO_UC,667,-3200,0,-0.025391,0.072266,0.029297,0.001953,0.000000,-0.003906
6901585,BNO_GYRO_UC,668,-3200,0,-0.025391,0.062500,0.031250,0.001953,0.000000,-0.003906
6911706,BNO_GYRO_UC,669,-3400,0,-0.009766,0.080078,0.017578,0.001953,0.000000,-0.003906
6921197,BNO_GYRO_UC,670,-3100,0,-0.005859,0.060547,0.007812,0.001953,0.000000,-0.003906
6931286,BNO_GYRO_UC,671,-3200,0,0.013672,0.017578,-0.009766,0.001953,0.000000,-0.003906
6941670,BNO_GYRO_UC,672,-3200,0,0.023438,-0.001953,-0.027344,0.001953,0.000000,-0.003906
6950910,BNO_GYRO_UC,673,-2900,0,0.015625,-0.013672,-0.031250,0.001953,0.000000,-0.003906
6961990,BNO_GYRO_UC,674,-3200,0,0.003906,-0.029297,-0.017578,0.001953,0.000000,-0.003906
6971343,BNO_GYRO_UC,675,-3200,0,0.003906,-0.035156,-0.013672,0.001953,0.000000,-0.003906
6982238,BNO_GYRO_UC,676,-3600,0,0.001953,-0.056641,-0.009766,0.001953,0.000000,-0.003906
6991604,BNO_GYRO_UC,677,-3200,0,-0.001953,-0.072266,-0.005859,0.001953,0.000000,-0.003906
7001530,BNO_GYRO_UC,678,-3400,0,-0.001953,-0.095703,-0.005859,0.001953,0.000000,-0.003906
7012087,BNO_GYRO_UC,679,-3400,0,0.009766,-0.119141,-0.021484,0.001953,0.000000,-0.003906
7022077,BNO_GYRO_UC,680,-3100,0,0.019531,-0.105469,-0.025391,0.001953,0.000000,-0.003906
7031402,BNO_GYRO_UC,681,-3100,0,0.019531,-0.083984,-0.025391,0.001953,0.000000,-0.003906
7041706,BNO_GYRO_UC,682,-3400,0,0.005859,-0.085938,-0.019531,0.001953,0.000000,-0.003906
7051769,BNO_GYRO_UC,683,-3400,0,0.005859,-0.093750,-0.013672,0.001953,0.000000,-0.003906
7062261,BNO_GYRO_UC,684,-3400,0,0.001953,-0.097656,-0.005859,0.001953,0.000000,-0.003906
7071962,BNO_GYRO_UC,685,-3600,0,-0.005859,-0.099609,0.003906,0.001953,0.000000,-0.003906
7081754,BNO_GYRO_UC,686,-3400,0,-0.015625,-0.087891,0.013672,0.001953,0.000000,-0.003906
7092437,BNO_GYRO_UC,687,-3600,0,-0.017578,-0.076172,0.013672,0.001953,0.000000,-0.003906
7102509,BNO_GYRO_UC,688,-3100,0,-0.007812,-0.070312,0.015625,0.001953,0.000000,-0.003906
7112172,BNO_GYRO_UC,689,-3600,0,-0.031250,-0.066406,0.015625,0.001953,0.000000,-0.003906
7121790,BNO_GYRO_UC,690,-3200,0,0.005859,-0.042969,0.001953,0.001953,0.000000,-0.003906
7132428,BNO_GYRO_UC,691,-3400,0,-0.003906,-0.009766,0.003906,0.001953,0.000000,-0.003906
7142440,BNO_GYRO_UC,692,-3100,0,-0.003906,-0.003906,0.005859,0.001953,0.000000,-0.003906
7152453,BNO_GYRO_UC,693,-3400,0,0.001953,0.007812,0.001953,0.001953,0.000000,-0.003906
7161885,BNO_GYRO_UC,694,-3200,0,0.003906,-0.005859,-0.003906,0.001953,0.000000,-0.003906
7172353,BNO_GYRO_UC,695,-3400,0,-0.005859,-0.021484,0.003906,0.001953,0.000000,-0.003906
7182675,BNO_GYRO_UC,696,-3200,0,-0.027344,-0.013672,0.029297,0.001953,0.000000,-0.003906
7192675,BNO_GYRO_UC,697,-3200,0,-0.042969,0.015625,0.046875,0.001953,0.000000,-0.003906
7202015,BNO_GYRO_UC,698,-3400,0,-0.056641,0.025391,0.052734,0.001953,0.000000,-0.003906
7212976,BNO_GYRO_UC,699,-3600,0,-0.056641,0.023438,0.074219,0.001953,0.000000,-0.003906
7222843,BNO_GYRO_UC,700,-2900,0,-0.056641,0.023438,0.083984,0.001953,0.000000,-0.003906
7232400,BNO_GYRO_UC,701,-3400,0,-0.064453,0.023438,0.093750,0.001953,0.000000,-0.003906
7242169,BNO_GYRO_UC,702,-3200,0,-0.097656,0.009766,0.105469,0.001953,0.000000,-0.003906
7252888,BNO_GYRO_UC,703,-3200,0,-0.115234,-0.005859,0.136719,0.001953,0.000000,-0.003906
7262465,BNO_GYRO_UC,704,-2500,0,-0.138672,-0.033203,0.173828,0.001953,0.000000,-0.003906
7272694,BNO_GYRO_UC,705,-3200,0,-0.160156,-0.046875,0.208984,0.001953,0.000000,-0.003906
7281952,BNO_GYRO_UC,706,-3100,0,-0.195312,-0.060547,0.234375,0.001953,0.000000,-0.003906
7292771,BNO_GYRO_UC,707,-3200,0,-0.205078,-0.064453,0.240234,0.001953,0.000000,-0.003906
7302759,BNO_GYRO_UC,708,-2900,0,-0.210938,-0.072266,0.238281,0.001953,0.000000,-0.003906
7312933,BNO_GYRO_UC,709,-3200,0,-0.207031,-0.074219,0.240234,0.001953,0.000000,-0.003906
7322144,BNO_GYRO_UC,710,-3200,0,-0.226562,-0.074219,0.251953,0.001953,0.000000,-0.003906
7332190,BNO_GYRO_UC,711,-3200,0,-0.228516,-0.082031,0.269531,0.001953,0.000000,-0.003906
7342832,BNO_GYRO_UC,712,-3200,0,-0.222656,-0.107422,0.285156,0.001953,0.000000,-0.003906
7352935,BNO_GYRO_UC,713,-3200,0,-0.236328,-0.109375,0.298828,0.001953,0.000000,-0.003906
7362184,BNO_GYRO_UC,714,-3200,0,-0.199219,-0.060547,0.298828,0.001953,0.000000,-0.003906
7372893,BNO_GYRO_UC,715,-3200,0,-0.158203,-0.074219,0.181641,0.001953,0.000000,-0.003906
7383201,BNO_GYRO_UC,716,-3100,0,-0.142578,-0.101562,0.146484,0.001953,0.000000,-0.003906
7392739,BNO_GYRO_UC,717,-3200,0,-0.162109,-0.068359,0.185547,0.001953,0.000000,-0.003906
7402243,BNO_GYRO_UC,718,-3100,0,-0.142578,-0.050781,0.242188,0.001953,0.000000,-0.003906
7412339,BNO_GYRO_UC,719,-3200,0,-0.187500,-0.048828,0.257812,0.001953,0.000000,-0.003906
7422919,BNO_GYRO_UC,720,-3400,0,-0.179688,-0.033203,0.255859,0.001953,0.000000,-0.003906
7433136,BNO_GYRO_UC,721,-3200,0,-0.152344,-0.011719,0.242188,0.001953,0.000000,-0.003906
7442388,BNO_GYRO_UC,722,-3100,0,-0.183594,0.000000,0.220703,0.001953,0.000000,-0.003906
7453162,BNO_GYRO_UC,723,-3200,0,-0.150391,0.013672,0.232422,0.001953,0.000000,-0.003906
7463617,BNO_GYRO_UC,724,-3100,0,-0.224609,0.093750,0.222656,0.001953,0.000000,-0.003906
7473067,BNO_GYRO_UC,725,-3200,0,-0.205078,0.087891,0.234375,0.001953,0.000000,-0.003906
7482632,BNO_GYRO_UC,726,-3100,0,-0.228516,0.013672,0.271484,0.001953,0.000000,-0.003906
7492411,BNO_GYRO_UC,727,-3100,0,-0.263672,0.013672,0.343750,0.001953,0.000000,-0.003906
7503192,BNO_GYRO_UC,728,-3200,0,-0.349609,0.021484,0.380859,0.001953,0.000000,-0.003906
7513450,BNO_GYRO_UC,729,-3600,0,-0.328125,-0.005859,0.404297,0.001953,0.000000,-0.003906
7522604,BNO_GYRO_UC,730,-3200,0,-0.312500,-0.060547,0.386719,0.001953,0.000000,-0.003906
7533339,BNO_GYRO_UC,731,-3200,0,-0.244141,-0.097656,0.371094,0.001953,0.000000,-0.003906
7543747,BNO_GYRO_UC,732,-3200,0,-0.222656,-0.113281,0.341797,0.001953,0.000000,-0.003906
7553264,BNO_GYRO_UC,733,-3100,0,-0.177734,-0.066406,0.255859,0.001953,0.000000,-0.003906
7562797,BNO_GYRO_UC,734,-3100,0,-0.126953,0.017578,0.132812,0.001953,0.000000,-0.003906
7572774,BNO_GYRO_UC,735,-3200,0,-0.019531,-0.007812,0.052734,0.001953,0.000000,-0.003906
7582895,BNO_GYRO_UC,736,-3400,0,-0.009766,-0.042969,0.041016,0.001953,0.000000,-0.003906
7593091,BNO_GYRO_UC,737,-3200,0,-0.060547,-0.072266,0.072266,0.001953,0.000000,-0.003906
7602415,BNO_GYRO_UC,738,-2700,0,-0.078125,-0.087891,0.097656,0.001953,0.000000,-0.003906
7612944,BNO_GYRO_UC,739,-3200,0,-0.062500,-0.095703,0.097656,0.001953,0.000000,-0.003906
7623827,BNO_GYRO_UC,740,-3600,0,-0.037109,-0.109375,0.085938,0.001953,0.000000,-0.003906
7633358,BNO_GYRO_UC,741,-2700,0,-0.042969,-0.162109,0.083984,0.001953,0.000000,-0.003906
7642410,BNO_GYRO_UC,742,-2700,0,-0.072266,-0.216797,0.121094,0.001953,0.000000,-0.003906
7653135,BNO_GYRO_UC,743,-3200,0,-0.134766,-0.216797,0.218750,0.001953,0.000000,-0.003906
7662842,BNO_GYRO_UC,744,-3200,0,-0.238281,-0.166016,0.330078,0.001953,0.000000,-0.003906
7673220,BNO_GYRO_UC,745,-3100,0,-0.335938,-0.068359,0.447266,0.001953,0.000000,-0.003906
7682760,BNO_GYRO_UC,746,-3100,0,-0.382812,0.031250,0.517578,0.001953,0.000000,-0.003906
7693675,BNO_GYRO_UC,747,-3200,0,-0.396484,0.080078,0.544922,0.001953,0.000000,-0.003906
7704113,BNO_GYRO_UC,748,-3200,0,-0.414062,0.103516,0.539062,0.001953,0.000000,-0.003906
7713712,BNO_GYRO_UC,749,-2900,0,-0.429688,0.125000,0.482422,0.001953,0.000000,-0.003906
7723363,BNO_GYRO_UC,750,-3100,0,-0.375000,0.144531,0.382812,0.001953,0.000000,-0.003906
7732968,BNO_GYRO_UC,751,-3200,0,-0.232422,0.156250,0.298828,0.001953,0.000000,-0.003906
7743485,BNO_GYRO_UC,752,-3400,0,-0.203125,0.222656,0.242188,0.001953,0.000000,-0.003906
7753900,BNO_GYRO_UC,753,-3200,0,-0.181641,0.261719,0.203125,0.001953,0.000000,-0.003906
7763431,BNO_GYRO_UC,754,-3400,0,-0.179688,0.283203,0.171875,0.001953,0.000000,-0.003906
7773158,BNO_GYRO_UC,755,-3100,0,-0.181641,0.291016,0.132812,0.001953,0.000000,-0.003906
7783120,BNO_GYRO_UC,756,-3100,0,-0.134766,0.240234,0.111328,0.001953,0.000000,-0.003906
7793578,BNO_GYRO_UC,757,-3100,0,-0.109375,0.179688,0.087891,0.001953,0.000000,-0.003906
7802520,BNO_GYRO_UC,758,-2500,0,-0.083984,0.113281,0.074219,0.001953,0.000000,-0.003906
7813449,BNO_GYRO_UC,759,-3100,0,-0.044922,0.080078,0.052734,0.001953,0.000000,-0.003906
7824230,BNO_GYRO_UC,760,-3400,0,-0.019531,0.048828,0.009766,0.001953,0.000000,-0.003906
7833799,BNO_GYRO_UC,761,-2500,0,0.041016,0.029297,-0.037109,0.001953,0.000000,-0.003906
7842799,BNO_GYRO_UC,762,-2900,0,0.050781,0.058594,-0.099609,0.001953,0.000000,-0.003906
7853602,BNO_GYRO_UC,763,-3200,0,0.101562,0.044922,-0.128906,0.001953,0.000000,-0.003906
7863435,BNO_GYRO_UC,764,-3200,0,0.103516,0.042969,-0.126953,0.001953,0.000000,-0.003906
7873623,BNO_GYRO_UC,765,-3100,0,0.062500,0.054688,-0.091797,0.001953,0.000000,-0.003906
7882792,BNO_GYRO_UC,766,-2700,0,0.003906,0.039062,-0.001953,0.001953,0.000000,-0.003906
7893750,BNO_GYRO_UC,767,-3100,0,-0.066406,0.029297,0.089844,0.001953,0.000000,-0.003906
7903497,BNO_GYRO_UC,768,-3200,0,-0.126953,0.060547,0.154297,0.001953,0.000000,-0.003906
7913842,BNO_GYRO_UC,769,-2900,0,-0.162109,0.076172,0.193359,0.001953,0.000000,-0.003906
7922956,BNO_GYRO_UC,770,-2700,0,-0.175781,0.082031,0.203125,0.001953,0.000000,-0.003906
7934052,BNO_GYRO_UC,771,-3200,0,-0.150391,0.093750,0.185547,0.001953,0.000000,-0.003906
7943384,BNO_GYRO_UC,772,-3100,0,-0.111328,0.091797,0.128906,0.001953,0.000000,-0.003906
7954011,BNO_GYRO_UC,773,-3200,0,-0.052734,0.097656,0.052734,0.001953,0.000000,-0.003906
7963007,BNO_GYRO_UC,774,-2500,0,0.001953,0.109375,0.000000,0.001953,0.000000,-0.003906
7974089,BNO_GYRO_UC,775,-3200,0,0.007812,0.121094,-0.025391,0.001953,0.000000,-0.003906
7983656,BNO_GYRO_UC,776,-3200,0,0.023438,0.148438,0.001953,0.001953,0.000000,-0.003906
7994146,BNO_GYRO_UC,777,-3400,0,-0.021484,0.160156,0.033203,0.001953,0.000000,-0.003906
8003081,BNO_GYRO_UC,778,-2700,0,-0.052734,0.158203,0.085938,0.001953,0.000000,-0.003906
8014170,BNO_GYRO_UC,779,-3200,0,-0.091797,0.179688,0.113281,0.001953,0.000000,-0.003906
8023796,BNO_GYRO_UC,780,-3200,0,-0.087891,0.195312,0.111328,0.001953,0.000000,-0.003906
8034135,BNO_GYRO_UC,781,-3100,0,-0.068359,0.162109,0.085938,0.001953,0.000000,-0.003906
8043821,BNO_GYRO_UC,782,-3100,0,-0.056641,0.134766,0.062500,0.001953,0.000000,-0.003906
8053822,BNO_GYRO_UC,783,-3100,0,-0.042969,0.117188,0.054688,0.001953,0.000000,-0.003906
8063791,BNO_GYRO_UC,784,-3200,0,-0.042969,0.085938,0.052734,0.001953,0.000000,-0.003906
8074325,BNO_GYRO_UC,785,-3200,0,-0.046875,0.064453,0.052734,0.001953,0.000000,-0.003906
8084369,BNO_GYRO_UC,786,-3400,0,-0.052734,0.060547,0.054688,0.001953,0.000000,-0.003906
8093806,BNO_GYRO_UC,787,-3200,0,-0.056641,0.050781,0.064453,0.001953,0.000000,-0.003906
8104294,BNO_GYRO_UC,788,-3200,0,-0.076172,0.054688,0.078125,0.001953,0.000000,-0.003906
8114402,BNO_GYRO_UC,789,-2700,0,-0.074219,0.044922,0.085938,0.001953,0.000000,-0.003906
8124548,BNO_GYRO_UC,790,-3400,0,-0.072266,0.041016,0.087891,0.001953,0.000000,-0.003906
8134016,BNO_GYRO_UC,791,-3200,0,-0.060547,0.029297,0.085938,0.001953,0.000000,-0.003906
8144494,BNO_GYRO_UC,792,-3200,0,-0.083984,0.029297,0.076172,0.001953,0.000000,-0.003906
8154351,BNO_GYRO_UC,793,-2700,0,-0.058594,0.015625,0.072266,0.001953,0.000000,-0.003906
8164292,BNO_GYRO_UC,794,-3200,0,-0.037109,0.011719,0.066406,0.001953,0.000000,-0.003906
8173901,BNO_GYRO_UC,795,-3100,0,-0.042969,0.017578,0.041016,0.001953,0.000000,-0.003906
8184389,BNO_GYRO_UC,796,-3100,0,-0.025391,-0.025391,0.021484,0.001953,0.000000,-0.003906
8195201,BNO_GYRO_UC,797,-3400,0,-0.019531,-0.041016,0.017578,0.001953,0.000000,-0.003906
8204462,BNO_GYRO_UC,798,-3200,0,-0.015625,-0.001953,0.021484,0.001953,0.000000,-0.003906
8214122,BNO_GYRO_UC,799,-3200,0,-0.029297,0.017578,0.021484,0.001953,0.000000,-0.003906
8224730,BNO_GYRO_UC,800,-3200,0,-0.033203,0.015625,0.027344,0.001953,0.000000,-0.003906
8234628,BNO_GYRO_UC,801,-2700,0,-0.017578,0.011719,0.031250,0.001953,0.000000,-0.003906
8244746,BNO_GYRO_UC,802,-3200,0,-0.025391,0.037109,0.033203,0.001953,0.000000,-0.003906
8254273,BNO_GYRO_UC,803,-3100,0,-0.027344,0.050781,0.037109,0.001953,0.000000,-0.003906
8265107,BNO_GYRO_UC,804,-3400,0,-0.029297,0.042969,0.039062,0.001953,0.000000,-0.003906
8274939,BNO_GYRO_UC,805,-2700,0,-0.023438,0.027344,0.041016,0.001953,0.000000,-0.003906
8284636,BNO_GYRO_UC,806,-3400,0,-0.027344,0.052734,0.037109,0.001953,0.000000,-0.003906
8293963,BNO_GYRO_UC,807,-2900,0,-0.023438,0.050781,0.027344,0.001953,0.000000,-0.003906
8304911,BNO_GYRO_UC,808,-3200,0,-0.019531,0.029297,0.019531,0.001953,0.000000,-0.003906
8314855,BNO_GYRO_UC,809,-2900,0,-0.017578,0.007812,0.023438,0.001953,0.000000,-0.003906
8325131,BNO_GYRO_UC,810,-3200,0,-0.029297,0.003906,0.027344,0.001953,0.000000,-0.003906
8334273,BNO_GYRO_UC,811,-3100,0,-0.009766,0.000000,0.025391,0.001953,0.000000,-0.003906
8345038,BNO_GYRO_UC,812,-3200,0,-0.019531,-0.001953,0.013672,0.001953,0.000000,-0.003906
8355373,BNO_GYRO_UC,813,-3200,0,-0.009766,-0.011719,0.013672,0.001953,0.000000,-0.003906
8364862,BNO_GYRO_UC,814,-3400,0,-0.009766,-0.015625,0.007812,0.001953,0.000000,-0.003906
8374504,BNO_GYRO_UC,815,-3100,0,-0.003906,-0.003906,0.011719,0.001953,0.000000,-0.003906
8385203,BNO_GYRO_UC,816,-3200,0,-0.005859,0.003906,0.013672,0.001953,0.000000,-0.003906
8395630,BNO_GYRO_UC,817,-3100,0,-0.005859,-0.011719,0.011719,0.001953,0.000000,-0.003906
8405101,BNO_GYRO_UC,818,-3400,0,-0.013672,-0.025391,0.007812,0.001953,0.000000,-0.003906
8414732,BNO_GYRO_UC,819,-3100,0,-0.003906,-0.031250,0.005859,0.001953,0.000000,-0.003906
8425270,BNO_GYRO_UC,820,-3200,0,-0.005859,-0.013672,0.007812,0.001953,0.000000,-0.003906
8435844,BNO_GYRO_UC,821,-3200,0,-0.001953,0.009766,0.005859,0.001953,0.000000,-0.003906
8445228,BNO_GYRO_UC,822,-3200,0,-0.003906,-0.003906,-0.001953,0.001953,0.000000,-0.003906
8454777,BNO_GYRO_UC,823,-3100,0,0.000000,0.009766,-0.007812,0.001953,0.000000,-0.003906
8464654,BNO_GYRO_UC,824,-3100,0,0.007812,0.042969,-0.009766,0.001953,0.000000,-0.003906
8475291,BNO_GYRO_UC,825,-3400,0,0.007812,0.042969,-0.017578,0.001953,0.000000,-0.003906
8485580,BNO_GYRO_UC,826,-3200,0,0.007812,0.033203,-0.013672,0.001953,0.000000,-0.003906
8495100,BNO_GYRO_UC,827,-3600,0,0.005859,0.037109,-0.007812,0.001953,0.000000,-0.003906
8505001,BNO_GYRO_UC,828,-3400,0,0.017578,0.029297,-0.013672,0.001953,0.000000,-0.003906
8515779,BNO_GYRO_UC,829,-3800,0,0.011719,0.007812,-0.013672,0.001953,0.000000,-0.003906
8525477,BNO_GYRO_UC,830,-3200,0,0.017578,0.009766,-0.019531,0.001953,0.000000,-0.003906
8534520,BNO_GYRO_UC,831,-2900,0,0.019531,0.029297,-0.019531,0.001953,0.000000,-0.003906
8545501,BNO_GYRO_UC,832,-3400,0,0.017578,0.041016,-0.023438,0.001953,0.000000,-0.003906
8556231,BNO_GYRO_UC,833,-3800,0,0.017578,0.027344,-0.023438,0.001953,0.000000,-0.003906
8565909,BNO_GYRO_UC,834,-3600,0,0.019531,0.007812,-0.021484,0.001953,0.000000,-0.003906
8575391,BNO_GYRO_UC,835,-3200,0,0.019531,-0.001953,-0.029297,0.001953,0.000000,-0.003906
8585040,BNO_GYRO_UC,836,-3400,0,0.023438,-0.003906,-0.031250,0.001953,0.000000,-0.003906
8595893,BNO_GYRO_UC,837,-3800,0,0.027344,0.005859,-0.031250,0.001953,0.000000,-0.003906
8605470,BNO_GYRO_UC,838,-3100,0,0.027344,0.017578,-0.031250,0.001953,0.000000,-0.003906
8614438,BNO_GYRO_UC,839,-2700,0,0.027344,0.019531,-0.029297,0.001953,0.000000,-0.003906
8625473,BNO_GYRO_UC,840,-3400,0,0.017578,0.023438,-0.025391,0.001953,0.000000,-0.003906
8636404,BNO_GYRO_UC,841,-3800,0,0.023438,0.017578,-0.027344,0.001953,0.000000,-0.003906
8646159,BNO_GYRO_UC,842,-3600,0,0.023438,0.017578,-0.029297,0.001953,0.000000,-0.003906
8655873,BNO_GYRO_UC,843,-3200,0,0.017578,0.019531,-0.027344,0.001953,0.000000,-0.003906
8665213,BNO_GYRO_UC,844,-3400,0,0.013672,0.019531,-0.019531,0.001953,0.000000,-0.003906
8676283,BNO_GYRO_UC,845,-4000,0,0.015625,0.021484,-0.015625,0.001953,0.000000,-0.003906
8685847,BNO_GYRO_UC,846,-3100,0,0.009766,0.025391,-0.015625,0.001953,0.000000,-0.003906
8695330,BNO_GYRO_UC,847,-3400,0,0.001953,0.007812,-0.001953,0.001953,0.000000,-0.003906
8705452,BNO_GYRO_UC,848,-3400,0,0.001953,-0.005859,0.003906,0.001953,0.000000,-0.003906
8716654,BNO_GYRO_UC,849,-4000,0,0.005859,0.000000,-0.003906,0.001953,0.000000,-0.003906
8726249,BNO_GYRO_UC,850,-3200,0,0.003906,0.017578,-0.005859,0.001953,0.000000,-0.003906
8734701,BNO_GYRO_UC,851,-2700,0,0.003906,0.017578,-0.009766,0.001953,0.000000,-0.003906
8745734,BNO_GYRO_UC,852,-3400,0,0.007812,0.019531,-0.009766,0.001953,0.000000,-0.003906
8756666,BNO_GYRO_UC,853,-3800,0,0.005859,0.027344,-0.009766,0.001953,0.000000,-0.003906
8766266,BNO_GYRO_UC,854,-3100,0,0.001953,0.033203,-0.001953,0.001953,0.000000,-0.003906
8775636,BNO_GYRO_UC,855,-3400,0,0.001953,0.056641,-0.001953,0.001953,0.000000,-0.003906
8785504,BNO_GYRO_UC,856,-3400,0,0.001953,0.050781,0.003906,0.001953,0.000000,-0.003906
8796333,BNO_GYRO_UC,857,-3600,0,-0.001953,0.019531,0.005859,0.001953,0.000000,-0.003906
8806066,BNO_GYRO_UC,858,-3100,0,-0.009766,0.009766,0.007812,0.001953,0.000000,-0.003906
8815610,BNO_GYRO_UC,859,-3400,0,-0.001953,0.019531,0.007812,0.001953,0.000000,-0.003906
8825688,BNO_GYRO_UC,860,-3200,0,0.005859,0.019531,-0.003906,0.001953,0.000000,-0.003906
8835663,BNO_GYRO_UC,861,-3400,0,0.005859,0.027344,-0.005859,0.001953,0.000000,-0.003906
8846126,BNO_GYRO_UC,862,-3200,0,0.019531,0.029297,-0.009766,0.001953,0.000000,-0.003906
8855526,BNO_GYRO_UC,863,-3100,0,0.019531,0.033203,-0.015625,0.001953,0.000000,-0.003906
8865671,BNO_GYRO_UC,864,-3400,0,0.013672,0.039062,-0.019531,0.001953,0.000000,-0.003906
8875718,BNO_GYRO_UC,865,-3400,0,0.039062,0.031250,-0.009766,0.001953,0.000000,-0.003906
8886190,BNO_GYRO_UC,866,-3400,0,0.027344,0.029297,-0.015625,0.001953,0.000000,-0.003906
8895733,BNO_GYRO_UC,867,-3100,0,0.003906,0.037109,-0.029297,0.001953,0.000000,-0.003906
8905873,BNO_GYRO_UC,868,-3400,0,0.041016,0.017578,-0.039062,0.001953,0.000000,-0.003906
8915850,BNO_GYRO_UC,869,-3400,0,0.085938,0.003906,-0.058594,0.001953,0.000000,-0.003906
8926331,BNO_GYRO_UC,870,-3400,0,0.056641,0.003906,-0.085938,0.001953,0.000000,-0.003906
8935920,BNO_GYRO_UC,871,-3400,0,0.082031,-0.017578,-0.087891,0.001953,0.000000,-0.003906
8945820,BNO_GYRO_UC,872,-3200,0,0.099609,-0.029297,-0.093750,0.001953,0.000000,-0.003906
8955949,BNO_GYRO_UC,873,-3400,0,0.117188,-0.033203,-0.097656,0.001953,0.000000,-0.003906
8966214,BNO_GYRO_UC,874,-3200,0,0.142578,-0.050781,-0.109375,0.001953,0.000000,-0.003906
8975272,BNO_GYRO_UC,875,-2900,0,0.097656,-0.039062,-0.136719,0.001953,0.000000,-0.003906
8986725,BNO_GYRO_UC,876,-3400,0,0.105469,-0.054688,-0.156250,0.001953,0.000000,-0.003906
8996556,BNO_GYRO_UC,877,-3800,0,0.111328,-0.046875,-0.162109,0.001953,0.000000,-0.003906
9006472,BNO_GYRO_UC,878,-3100,0,0.132812,-0.033203,-0.148438,0.001953,0.000000,-0.003906
9016206,BNO_GYRO_UC,879,-3400,0,0.152344,-0.021484,-0.130859,0.001953,0.000000,-0.003906
9026073,BNO_GYRO_UC,880,-3200,0,0.193359,-0.013672,-0.109375,0.001953,0.000000,-0.003906
9035780,BNO_GYRO_UC,881,-3200,0,0.246094,-0.003906,-0.103516,0.001953,0.000000,-0.003906
9046853,BNO_GYRO_UC,882,-3600,0,0.236328,0.048828,-0.134766,0.001953,0.000000,-0.003906
9056308,BNO_GYRO_UC,883,-3200,0,0.277344,0.029297,-0.130859,0.001953,0.000000,-0.003906
9065971,BNO_GYRO_UC,884,-3200,0,0.238281,0.054688,-0.140625,0.001953,0.000000,-0.003906
9076482,BNO_GYRO_UC,885,-3200,0,0.183594,0.078125,-0.158203,0.001953,0.000000,-0.003906
9086222,BNO_GYRO_UC,886,-2500,0,0.253906,0.011719,-0.154297,0.001953,0.000000,-0.003906
9096145,BNO_GYRO_UC,887,-3200,0,0.275391,0.011719,-0.183594,0.001953,0.000000,-0.003906
9105999,BNO_GYRO_UC,888,-3100,0,0.263672,0.033203,-0.228516,0.001953,0.000000,-0.003906
9116340,BNO_GYRO_UC,889,-3200,0,0.273438,0.001953,-0.271484,0.001953,0.000000,-0.003906
9126457,BNO_GYRO_UC,890,-2900,0,0.300781,-0.060547,-0.310547,0.001953,0.000000,-0.003906
9136549,BNO_GYRO_UC,891,-3400,0,0.318359,-0.101562,-0.357422,0.001953,0.000000,-0.003906
9146036,BNO_GYRO_UC,892,-3100,0,0.345703,-0.115234,-0.412109,0.001953,0.000000,-0.003906
9156711,BNO_GYRO_UC,893,-3200,0,0.398438,-0.162109,-0.431641,0.001953,0.000000,-0.003906
9166677,BNO_GYRO_UC,894,-2700,0,0.423828,-0.164062,-0.439453,0.001953,0.000000,-0.003906
9177000,BNO_GYRO_UC,895,-3200,0,0.347656,-0.128906,-0.425781,0.001953,0.000000,-0.003906
9186104,BNO_GYRO_UC,896,-2900,0,0.261719,-0.126953,-0.376953,0.001953,0.000000,-0.003906
9196799,BNO_GYRO_UC,897,-3200,0,0.240234,-0.150391,-0.302734,0.001953,0.000000,-0.003906
9206836,BNO_GYRO_UC,898,-2900,0,0.205078,-0.117188,-0.230469,0.001953,0.000000,-0.003906
9217090,BNO_GYRO_UC,899,-3200,0,0.240234,-0.117188,-0.191406,0.001953,0.000000,-0.003906
9226287,BNO_GYRO_UC,900,-3200,0,0.320312,-0.115234,-0.179688,0.001953,0.000000,-0.003906
9236865,BNO_GYRO_UC,901,-3200,0,0.367188,-0.068359,-0.207031,0.001953,0.000000,-0.003906
9246895,BNO_GYRO_UC,902,-2900,0,0.421875,-0.041016,-0.242188,0.001953,0.000000,-0.003906
9257088,BNO_GYRO_UC,903,-3200,0,0.468750,-0.050781,-0.279297,0.001953,0.000000,-0.003906
9266440,BNO_GYRO_UC,904,-3200,0,0.478516,-0.041016,-0.318359,0.001953,0.000000,-0.003906
9277138,BNO_GYRO_UC,905,-3200,0,0.433594,-0.039062,-0.361328,0.001953,0.000000,-0.003906
9287086,BNO_GYRO_UC,906,-2700,0,0.382812,-0.048828,-0.392578,0.001953,0.000000,-0.003906
9297347,BNO_GYRO_UC,907,-3200,0,0.380859,-0.033203,-0.402344,0.001953,0.000000,-0.003906
9306588,BNO_GYRO_UC,908,-3200,0,0.404297,-0.027344,-0.386719,0.001953,0.000000,-0.003906
9317322,BNO_GYRO_UC,909,-3200,0,0.384766,-0.037109,-0.359375,0.001953,0.000000,-0.003906
9327018,BNO_GYRO_UC,910,-2500,0,0.380859,-0.083984,-0.320312,0.001953,0.000000,-0.003906
9337333,BNO_GYRO_UC,911,-3400,0,0.359375,-0.095703,-0.300781,0.001953,0.000000,-0.003906
9346618,BNO_GYRO_UC,912,-3100,0,0.361328,-0.121094,-0.308594,0.001953,0.000000,-0.003906
9357146,BNO_GYRO_UC,913,-3200,0,0.375000,-0.142578,-0.347656,0.001953,0.000000,-0.003906
9367058,BNO_GYRO_UC,914,-2500,0,0.333984,-0.166016,-0.416016,0.001953,0.000000,-0.003906
9377266,BNO_GYRO_UC,915,-3200,0,0.265625,-0.169922,-0.498047,0.001953,0.000000,-0.003906
9386687,BNO_GYRO_UC,916,-3100,0,0.257812,-0.173828,-0.583984,0.001953,0.000000,-0.003906
9397468,BNO_GYRO_UC,917,-3200,0,0.279297,-0.173828,-0.623047,0.001953,0.000000,-0.003906
9407264,BNO_GYRO_UC,918,-2500,0,0.234375,-0.185547,-0.611328,0.001953,0.000000,-0.003906
9417389,BNO_GYRO_UC,919,-3200,0,0.093750,-0.158203,-0.531250,0.001953,0.000000,-0.003906
9426581,BNO_GYRO_UC,920,-3100,0,-0.087891,-0.128906,-0.367188,0.001953,0.000000,-0.003906
9437371,BNO_GYRO_UC,921,-3100,0,-0.183594,-0.136719,-0.125000,0.001953,0.000000,-0.003906
9447240,BNO_GYRO_UC,922,-2500,0,-0.197266,-0.097656,0.076172,0.001953,0.000000,-0.003906
9457590,BNO_GYRO_UC,923,-3400,0,-0.080078,-0.062500,0.171875,0.001953,0.000000,-0.003906
9466848,BNO_GYRO_UC,924,-2900,0,0.021484,-0.031250,0.152344,0.001953,0.000000,-0.003906
9477619,BNO_GYRO_UC,925,-3200,0,0.099609,-0.041016,0.033203,0.001953,0.000000,-0.003906
9487945,BNO_GYRO_UC,926,-3100,0,0.140625,-0.037109,-0.111328,0.001953,0.000000,-0.003906
9497413,BNO_GYRO_UC,927,-3200,0,0.109375,0.005859,-0.218750,0.001953,0.000000,-0.003906
9506940,BNO_GYRO_UC,928,-3200,0,0.091797,-0.003906,-0.234375,0.001953,0.000000,-0.003906
9517488,BNO_GYRO_UC,929,-3200,0,0.087891,0.003906,-0.185547,0.001953,0.000000,-0.003906
9527552,BNO_GYRO_UC,930,-2700,0,0.072266,0.044922,-0.101562,0.001953,0.000000,-0.003906
9537777,BNO_GYRO_UC,931,-3400,0,0.068359,0.050781,-0.017578,0.001953,0.000000,-0.003906
9546910,BNO_GYRO_UC,932,-3100,0,-0.005859,0.064453,0.005859,0.001953,0.000000,-0.003906
9557560,BNO_GYRO_UC,933,-3100,0,-0.013672,0.039062,-0.003906,0.001953,0.000000,-0.003906
9568243,BNO_GYRO_UC,934,-3200,0,-0.003906,-0.009766,-0.027344,0.001953,0.000000,-0.003906
9577691,BNO_GYRO_UC,935,-3100,0,-0.017578,-0.042969,-0.070312,0.001953,0.000000,-0.003906
9587459,BNO_GYRO_UC,936,-3200,0,0.009766,-0.080078,-0.107422,0.001953,0.000000,-0.003906
9597147,BNO_GYRO_UC,937,-3200,0,0.046875,-0.089844,-0.132812,0.001953,0.000000,-0.003906
9607537,BNO_GYRO_UC,938,-3400,0,0.041016,-0.085938,-0.136719,0.001953,0.000000,-0.003906
9617971,BNO_GYRO_UC,939,-3400,0,0.066406,-0.099609,-0.101562,0.001953,0.000000,-0.003906
9627252,BNO_GYRO_UC,940,-3100,0,0.066406,-0.058594,-0.080078,0.001953,0.000000,-0.003906
9637973,BNO_GYRO_UC,941,-3200,0,0.027344,-0.003906,-0.085938,0.001953,0.000000,-0.003906
9647626,BNO_GYRO_UC,942,-3600,0,0.068359,0.005859,-0.074219,0.001953,0.000000,-0.003906
9657722,BNO_GYRO_UC,943,-3100,0,0.085938,0.050781,-0.064453,0.001953,0.000000,-0.003906
9667227,BNO_GYRO_UC,944,-3100,0,0.101562,0.085938,-0.052734,0.001953,0.000000,-0.003906
9677284,BNO_GYRO_UC,945,-3100,0,0.083984,0.111328,-0.062500,0.001953,0.000000,-0.003906
9687750,BNO_GYRO_UC,946,-3600,0,0.078125,0.101562,-0.078125,0.001953,0.000000,-0.003906
9698279,BNO_GYRO_UC,947,-3600,0,0.070312,0.062500,-0.080078,0.001953,0.000000,-0.003906
9707332,BNO_GYRO_UC,948,-3200,0,0.062500,0.029297,-0.089844,0.001953,0.000000,-0.003906
9717977,BNO_GYRO_UC,949,-3200,0,0.029297,-0.003906,-0.115234,0.001953,0.000000,-0.003906
9728436,BNO_GYRO_UC,950,-3200,0,0.060547,-0.070312,-0.142578,0.001953,0.000000,-0.003906
9737853,BNO_GYRO_UC,951,-2700,0,0.080078,-0.101562,-0.164062,0.001953,0.000000,-0.003906
9746917,BNO_GYRO_UC,952,-2500,0,0.105469,-0.126953,-0.173828,0.001953,0.000000,-0.003906
9757731,BNO_GYRO_UC,953,-3200,0,0.029297,-0.080078,-0.185547,0.001953,0.000000,-0.003906
9767641,BNO_GYRO_UC,954,-3200,0,0.031250,-0.074219,-0.144531,0.001953,0.000000,-0.003906
9777941,BNO_GYRO_UC,955,-3200,0,0.037109,-0.042969,-0.070312,0.001953,0.000000,-0.003906
9786972,BNO_GYRO_UC,956,-2500,0,-0.003906,0.009766,-0.015625,0.001953,0.000000,-0.003906
9797653,BNO_GYRO_UC,957,-3200,0,-0.027344,0.064453,0.003906,0.001953,0.000000,-0.003906
9808288,BNO_GYRO_UC,958,-3600,0,-0.015625,0.060547,0.027344,0.001953,0.000000,-0.003906
9817996,BNO_GYRO_UC,959,-2700,0,-0.017578,0.068359,0.033203,0.001953,0.000000,-0.003906
9827419,BNO_GYRO_UC,960,-3100,0,-0.023438,0.054688,0.015625,0.001953,0.000000,-0.003906
9838199,BNO_GYRO_UC,961,-3100,0,-0.035156,0.039062,-0.009766,0.001953,0.000000,-0.003906
9847637,BNO_GYRO_UC,962,-3100,0,-0.001953,0.011719,-0.025391,0.001953,0.000000,-0.003906
9858162,BNO_GYRO_UC,963,-3200,0,0.017578,0.013672,-0.054688,0.001953,0.000000,-0.003906
9867777,BNO_GYRO_UC,964,-3200,0,0.021484,0.021484,-0.082031,0.001953,0.000000,-0.003906
9878460,BNO_GYRO_UC,965,-3200,0,0.031250,0.019531,-0.076172,0.001953,0.000000,-0.003906
9888562,BNO_GYRO_UC,966,-3400,0,-0.021484,0.035156,-0.056641,0.001953,0.000000,-0.003906
9898149,BNO_GYRO_UC,967,-2300,0,-0.054688,0.041016,-0.003906,0.001953,0.000000,-0.003906
9907316,BNO_GYRO_UC,968,-2700,0,-0.054688,0.080078,0.042969,0.001953,0.000000,-0.003906
9918345,BNO_GYRO_UC,969,-3200,0,-0.072266,0.093750,0.060547,0.001953,0.000000,-0.003906
9927957,BNO_GYRO_UC,970,-3200,0,-0.035156,0.076172,0.052734,0.001953,0.000000,-0.003906
9938289,BNO_GYRO_UC,971,-3100,0,-0.017578,0.062500,0.039062,0.001953,0.000000,-0.003906
9947344,BNO_GYRO_UC,972,-2700,0,-0.021484,0.060547,0.011719,0.001953,0.000000,-0.003906
9958414,BNO_GYRO_UC,973,-3200,0,-0.009766,0.031250,0.001953,0.001953,0.000000,-0.003906
9968074,BNO_GYRO_UC,974,-3100,0,0.001953,0.019531,-0.001953,0.001953,0.000000,-0.003906
9978348,BNO_GYRO_UC,975,-3200,0,0.017578,0.003906,-0.013672,0.001953,0.000000,-0.003906
9987460,BNO_GYRO_UC,976,-2500,0,0.041016,-0.029297,-0.023438,0.001953,0.000000,-0.003906
9998602,BNO_GYRO_UC,977,-3100,0,0.033203,-0.046875,-0.042969,0.001953,0.000000,-0.003906
10008056,BNO_GYRO_UC,978,-3100,0,0.072266,-0.072266,-0.052734,0.001953,0.000000,-0.003906
10018437,BNO_GYRO_UC,979,-3200,0,0.027344,-0.050781,-0.054688,0.001953,0.000000,-0.003906
10027462,BNO_GYRO_UC,980,-2500,0,-0.019531,-0.050781,-0.037109,0.001953,0.000000,-0.003906
10038501,BNO_GYRO_UC,981,-3100,0,-0.066406,-0.025391,0.001953,0.001953,0.000000,-0.003906
10048057,BNO_GYRO_UC,982,-3100,0,-0.048828,-0.001953,0.054688,0.001953,0.000000,-0.003906
10058654,BNO_GYRO_UC,983,-3200,0,-0.025391,0.021484,0.066406,0.001953,0.000000,-0.003906
10067502,BNO_GYRO_UC,984,-2500,0,0.007812,0.035156,0.041016,0.001953,0.000000,-0.003906
10078497,BNO_GYRO_UC,985,-3200,0,0.076172,0.041016,-0.005859,0.001953,0.000000,-0.003906
10088356,BNO_GYRO_UC,986,-3200,0,0.076172,0.089844,-0.076172,0.001953,0.000000,-0.003906
10099233,BNO_GYRO_UC,987,-3600,0,0.144531,0.087891,-0.125000,0.001953,0.000000,-0.003906
10108545,BNO_GYRO_UC,988,-3200,0,0.121094,0.105469,-0.160156,0.001953,0.000000,-0.003906
10118211,BNO_GYRO_UC,989,-3100,0,0.107422,0.087891,-0.134766,0.001953,0.000000,-0.003906
10128759,BNO_GYRO_UC,990,-3200,0,0.089844,0.056641,-0.083984,0.001953,0.000000,-0.003906
10139262,BNO_GYRO_UC,991,-3400,0,-0.007812,0.064453,-0.039062,0.001953,0.000000,-0.003906
10148719,BNO_GYRO_UC,992,-3200,0,-0.037109,0.031250,-0.005859,0.001953,0.000000,-0.003906
10158347,BNO_GYRO_UC,993,-3100,0,-0.013672,0.007812,-0.005859,0.001953,0.000000,-0.003906
10168619,BNO_GYRO_UC,994,-3200,0,0.023438,-0.009766,-0.025391,0.001953,0.000000,-0.003906
10178712,BNO_GYRO_UC,995,-2900,0,0.052734,-0.031250,-0.060547,0.001953,0.000000,-0.003906
10188905,BNO_GYRO_UC,996,-3200,0,0.083984,-0.037109,-0.103516,0.001953,0.000000,-0.003906
10198488,BNO_GYRO_UC,997,-3200,0,0.111328,-0.021484,-0.150391,0.001953,0.000000,-0.003906
10208841,BNO_GYRO_UC,998,-3200,0,0.109375,-0.050781,-0.160156,0.001953,0.000000,-0.003906
10218966,BNO_GYRO_UC,999,-2900,0,0.064453,-0.027344,-0.138672,0.001953,0.000000,-0.003906
10229050,BNO_GYRO_UC,1000,-3200,0,0.050781,-0.011719,-0.101562,0.001953,0.000000,-0.003906
10238538,BNO_GYRO_UC,1001,-3100,0,0.074219,-0.019531,-0.060547,0.001953,0.000000,-0.003906
10249252,BNO_GYRO_UC,1002,-3200,0,0.039062,-0.029297,-0.056641,0.001953,0.000000,-0.003906
10259089,BNO_GYRO_UC,1003,-2700,0,0.031250,-0.025391,-0.054688,0.001953,0.000000,-0.003906
10269381,BNO_GYRO_UC,1004,-3200,0,0.033203,-0.027344,-0.052734,0.001953,0.000000,-0.003906
10278596,BNO_GYRO_UC,1005,-3200,0,0.039062,-0.011719,-0.052734,0.001953,0.000000,-0.003906
10289232,BNO_GYRO_UC,1006,-3200,0,0.029297,0.007812,-0.044922,0.001953,0.000000,-0.003906
10299632,BNO_GYRO_UC,1007,-3400,0,0.041016,0.025391,-0.042969,0.001953,0.000000,-0.003906
10309096,BNO_GYRO_UC,1008,-3600,0,0.037109,0.017578,-0.031250,0.001953,0.000000,-0.003906
10318548,BNO_GYRO_UC,1009,-3100,0,0.015625,0.023438,-0.017578,0.001953,0.000000,-0.003906
10329374,BNO_GYRO_UC,1010,-3200,0,0.011719,0.037109,-0.013672,0.001953,0.000000,-0.003906
10339402,BNO_GYRO_UC,1011,-2700,0,0.021484,0.041016,-0.027344,0.001953,0.000000,-0.003906
10349498,BNO_GYRO_UC,1012,-3200,0,0.025391,0.037109,-0.041016,0.001953,0.000000,-0.003906
10358760,BNO_GYRO_UC,1013,-3100,0,0.031250,0.017578,-0.048828,0.001953,0.000000,-0.003906
10369444,BNO_GYRO_UC,1014,-3200,0,0.039062,-0.005859,-0.050781,0.001953,0.000000,-0.003906
10379466,BNO_GYRO_UC,1015,-2700,0,0.029297,-0.019531,-0.042969,0.001953,0.000000,-0.003906
10389570,BNO_GYRO_UC,1016,-3400,0,0.021484,-0.031250,-0.027344,0.001953,0.000000,-0.003906
10398859,BNO_GYRO_UC,1017,-3200,0,0.033203,-0.025391,-0.021484,0.001953,0.000000,-0.003906
10409573,BNO_GYRO_UC,1018,-3200,0,0.037109,0.003906,-0.033203,0.001953,0.000000,-0.003906
10419413,BNO_GYRO_UC,1019,-2700,0,0.031250,0.031250,-0.037109,0.001953,0.000000,-0.003906
10429597,BNO_GYRO_UC,1020,-3400,0,0.007812,0.050781,-0.039062,0.001953,0.000000,-0.003906
10438947,BNO_GYRO_UC,1021,-3100,0,0.039062,0.074219,-0.052734,0.001953,0.000000,-0.003906
10449758,BNO_GYRO_UC,1022,-3200,0,0.060547,0.099609,-0.064453,0.001953,0.000000,-0.003906
10459713,BNO_GYRO_UC,1023,-2700,0,0.066406,0.105469,-0.072266,0.001953,0.000000,-0.003906
10469893,BNO_GYRO_UC,1024,-3400,0,0.076172,0.087891,-0.066406,0.001953,0.000000,-0.003906
10478997,BNO_GYRO_UC,1025,-3100,0,0.066406,0.058594,-0.060547,0.001953,0.000000,-0.003906
10489869,BNO_GYRO_UC,1026,-3200,0,0.019531,0.031250,-0.060547,0.001953,0.000000,-0.003906
10500223,BNO_GYRO_UC,1027,-3200,0,0.029297,0.005859,-0.041016,0.001953,0.000000,-0.003906
10509738,BNO_GYRO_UC,1028,-3200,0,0.021484,-0.001953,-0.037109,0.001953,0.000000,-0.003906
10518973,BNO_GYRO_UC,1029,-2900,0,0.015625,-0.017578,-0.027344,0.001953,0.000000,-0.003906
10529559,BNO_GYRO_UC,1030,-3200,0,0.000000,-0.013672,-0.009766,0.001953,0.000000,-0.003906
10539883,BNO_GYRO_UC,1031,-3100,0,-0.001953,0.013672,-0.005859,0.001953,0.000000,-0.003906
10550011,BNO_GYRO_UC,1032,-3200,0,0.003906,0.035156,-0.007812,0.001953,0.000000,-0.003906
10559297,BNO_GYRO_UC,1033,-3200,0,0.011719,0.068359,-0.013672,0.001953,0.000000,-0.003906
10570073,BNO_GYRO_UC,1034,-3200,0,0.029297,0.082031,-0.025391,0.001953,0.000000,-0.003906
10580565,BNO_GYRO_UC,1035,-3200,0,0.048828,0.060547,-0.029297,0.001953,0.000000,-0.003906
10590028,BNO_GYRO_UC,1036,-3400,0,0.052734,0.054688,-0.033203,0.001953,0.000000,-0.003906
10599675,BNO_GYRO_UC,1037,-3200,0,0.021484,0.021484,-0.041016,0.001953,0.000000,-0.003906
10609170,BNO_GYRO_UC,1038,-3100,0,-0.001953,-0.029297,-0.041016,0.001953,0.000000,-0.003906
10619685,BNO_GYRO_UC,1039,-3400,0,0.009766,-0.068359,-0.023438,0.001953,0.000000,-0.003906
10630086,BNO_GYRO_UC,1040,-3600,0,-0.001953,-0.072266,-0.007812,0.001953,0.000000,-0.003906
10639315,BNO_GYRO_UC,1041,-3200,0,-0.021484,-0.072266,0.013672,0.001953,0.000000,-0.003906
10650137,BNO_GYRO_UC,1042,-3200,0,-0.025391,-0.066406,0.025391,0.001953,0.000000,-0.003906
10660823,BNO_GYRO_UC,1043,-3200,0,-0.035156,-0.052734,0.027344,0.001953,0.000000,-0.003906
10670334,BNO_GYRO_UC,1044,-3200,0,-0.029297,-0.042969,0.025391,0.001953,0.000000,-0.003906
10679593,BNO_GYRO_UC,1045,-2900,0,-0.005859,-0.031250,0.015625,0.001953,0.000000,-0.003906
10690172,BNO_GYRO_UC,1046,-3200,0,-0.005859,-0.005859,0.003906,0.001953,0.000000,-0.003906
10699828,BNO_GYRO_UC,1047,-3400,0,0.013672,0.019531,-0.007812,0.001953,0.000000,-0.003906
10710408,BNO_GYRO_UC,1048,-3400,0,0.013672,0.037109,-0.011719,0.001953,0.000000,-0.003906
10719642,BNO_GYRO_UC,1049,-3200,0,0.009766,0.048828,-0.007812,0.001953,0.000000,-0.003906
10729600,BNO_GYRO_UC,1050,-3200,0,0.003906,0.035156,-0.003906,0.001953,0.000000,-0.003906
10739920,BNO_GYRO_UC,1051,-3400,0,0.001953,-0.007812,0.000000,0.001953,0.000000,-0.003906
10750293,BNO_GYRO_UC,1052,-3400,0,-0.009766,-0.037109,0.001953,0.001953,0.000000,-0.003906
10759592,BNO_GYRO_UC,1053,-3100,0,-0.013672,0.003906,0.005859,0.001953,0.000000,-0.003906
10770387,BNO_GYRO_UC,1054,-3200,0,-0.021484,0.017578,0.013672,0.001953,0.000000,-0.003906
10780876,BNO_GYRO_UC,1055,-3200,0,-0.019531,-0.019531,0.025391,0.001953,0.000000,-0.003906
10790351,BNO_GYRO_UC,1056,-2900,0,-0.021484,-0.019531,0.019531,0.001953,0.000000,-0.003906
10799205,BNO_GYRO_UC,1057,-2500,0,0.001953,-0.015625,0.015625,0.001953,0.000000,-0.003906
10810030,BNO_GYRO_UC,1058,-3200,0,0.000000,-0.025391,-0.001953,0.001953,0.000000,-0.003906
10820143,BNO_GYRO_UC,1059,-3400,0,-0.003906,-0.021484,-0.005859,0.001953,0.000000,-0.003906
10830147,BNO_GYRO_UC,1060,-3100,0,-0.001953,-0.007812,-0.003906,0.001953,0.000000,-0.003906
10839434,BNO_GYRO_UC,1061,-2700,0,-0.007812,0.017578,0.015625,0.001953,0.000000,-0.003906
10850323,BNO_GYRO_UC,1062,-3200,0,-0.029297,0.029297,0.029297,0.001953,0.000000,-0.003906
10859887,BNO_GYRO_UC,1063,-3100,0,-0.031250,0.042969,0.037109,0.001953,0.000000,-0.003906
10870277,BNO_GYRO_UC,1064,-3200,0,-0.031250,0.033203,0.033203,0.001953,0.000000,-0.003906
10879586,BNO_GYRO_UC,1065,-2900,0,-0.027344,0.029297,0.031250,0.001953,0.000000,-0.003906
10890387,BNO_GYRO_UC,1066,-3200,0,-0.029297,0.037109,0.033203,0.001953,0.000000,-0.003906
10901375,BNO_GYRO_UC,1067,-3600,0,-0.017578,0.029297,0.027344,0.001953,0.000000,-0.003906
10910901,BNO_GYRO_UC,1068,-2900,0,-0.017578,0.031250,0.021484,0.001953,0.000000,-0.003906
10920017,BNO_GYRO_UC,1069,-3200,0,-0.025391,0.027344,0.027344,0.001953,0.000000,-0.003906
10930101,BNO_GYRO_UC,1070,-3100,0,-0.041016,0.009766,0.048828,0.001953,0.000000,-0.003906
10940119,BNO_GYRO_UC,1071,-3100,0,-0.062500,-0.015625,0.058594,0.001953,0.000000,-0.003906
10950487,BNO_GYRO_UC,1072,-3100,0,-0.048828,-0.029297,0.076172,0.001953,0.000000,-0.003906
10959684,BNO_GYRO_UC,1073,-2700,0,-0.066406,-0.037109,0.080078,0.001953,0.000000,-0.003906
10970666,BNO_GYRO_UC,1074,-3200,0,-0.060547,-0.041016,0.078125,0.001953,0.000000,-0.003906
10980171,BNO_GYRO_UC,1075,-3200,0,-0.068359,-0.035156,0.072266,0.001953,0.000000,-0.003906
10990536,BNO_GYRO_UC,1076,-3100,0,-0.056641,-0.017578,0.062500,0.001953,0.000000,-0.003906
10999612,BNO_GYRO_UC,1077,-2500,0,-0.054688,0.019531,0.050781,0.001953,0.000000,-0.003906
11010798,BNO_GYRO_UC,1078,-3200,0,-0.033203,0.042969,0.054688,0.001953,0.000000,-0.003906
11020232,BNO_GYRO_UC,1079,-3200,0,-0.037109,0.062500,0.054688,0.001953,0.000000,-0.003906
11031026,BNO_GYRO_UC,1080,-3400,0,-0.050781,0.054688,0.052734,0.001953,0.000000,-0.003906
11040748,BNO_GYRO_UC,1081,-3600,0,-0.044922,0.033203,0.054688,0.001953,0.000000,-0.003906
11050780,BNO_GYRO_UC,1082,-3400,0,-0.044922,0.015625,0.044922,0.001953,0.000000,-0.003906
11060635,BNO_GYRO_UC,1083,-3200,0,-0.033203,-0.011719,0.039062,0.001953,0.000000,-0.003906
11071541,BNO_GYRO_UC,1084,-4000,0,-0.033203,-0.037109,0.021484,0.001953,0.000000,-0.003906
11080951,BNO_GYRO_UC,1085,-3600,0,-0.013672,-0.039062,0.015625,0.001953,0.000000,-0.003906
11090828,BNO_GYRO_UC,1086,-3200,0,-0.007812,-0.027344,0.009766,0.001953,0.000000,-0.003906
11101579,BNO_GYRO_UC,1087,-3800,0,-0.001953,-0.007812,0.003906,0.001953,0.000000,-0.003906
11111433,BNO_GYRO_UC,1088,-3100,0,-0.003906,0.009766,-0.003906,0.001953,0.000000,-0.003906
11120415,BNO_GYRO_UC,1089,-3200,0,0.003906,0.015625,0.003906,0.001953,0.000000,-0.003906
11130719,BNO_GYRO_UC,1090,-3200,0,-0.011719,0.019531,0.019531,0.001953,0.000000,-0.003906
11140718,BNO_GYRO_UC,1091,-3400,0,-0.029297,0.027344,0.037109,0.001953,0.000000,-0.003906
11151075,BNO_GYRO_UC,1092,-3400,0,-0.037109,0.042969,0.044922,0.001953,0.000000,-0.003906
11161151,BNO_GYRO_UC,1093,-3200,0,-0.035156,0.042969,0.041016,0.001953,0.000000,-0.003906
11170831,BNO_GYRO_UC,1094,-3400,0,-0.021484,0.029297,0.029297,0.001953,0.000000,-0.003906
11180813,BNO_GYRO_UC,1095,-3200,0,-0.011719,0.009766,0.011719,0.001953,0.000000,-0.003906
11191181,BNO_GYRO_UC,1096,-3400,0,-0.005859,-0.009766,-0.001953,0.001953,0.000000,-0.003906
11201381,BNO_GYRO_UC,1097,-3200,0,-0.011719,-0.013672,-0.007812,0.001953,0.000000,-0.003906
11210953,BNO_GYRO_UC,1098,-3400,0,0.007812,-0.015625,0.001953,0.001953,0.000000,-0.003906
11220779,BNO_GYRO_UC,1099,-3200,0,-0.003906,-0.015625,0.007812,0.001953,0.000000,-0.003906
11231486,BNO_GYRO_UC,1100,-3400,0,-0.015625,-0.017578,0.005859,0.001953,0.000000,-0.003906
11241109,BNO_GYRO_UC,1101,-3600,0,-0.009766,-0.013672,0.005859,0.001953,0.000000,-0.003906
11250990,BNO_GYRO_UC,1102,-3200,0,0.005859,-0.031250,0.001953,0.001953,0.000000,-0.003906
11261586,BNO_GYRO_UC,1103,-3400,0,-0.003906,-0.017578,0.001953,0.001953,0.000000,-0.003906
11271633,BNO_GYRO_UC,1104,-3100,0,-0.011719,-0.005859,0.005859,0.001953,0.000000,-0.003906
11281258,BNO_GYRO_UC,1105,-3600,0,-0.013672,0.017578,0.013672,0.001953,0.000000,-0.003906
11291026,BNO_GYRO_UC,1106,-3200,0,-0.015625,0.039062,0.021484,0.001953,0.000000,-0.003906
11301694,BNO_GYRO_UC,1107,-3400,0,-0.025391,0.048828,0.033203,0.001953,0.000000,-0.003906
11311814,BNO_GYRO_UC,1108,-3100,0,-0.031250,0.044922,0.031250,0.001953,0.000000,-0.003906
11321619,BNO_GYRO_UC,1109,-3800,0,-0.027344,0.050781,0.035156,0.001953,0.000000,-0.003906
11331361,BNO_GYRO_UC,1110,-3400,0,-0.023438,0.039062,0.029297,0.001953,0.000000,-0.003906
11341209,BNO_GYRO_UC,1111,-3200,0,-0.037109,0.021484,0.021484,0.001953,0.000000,-0.003906
11351803,BNO_GYRO_UC,1112,-3800,0,-0.019531,0.001953,0.021484,0.001953,0.000000,-0.003906
11361929,BNO_GYRO_UC,1113,-3200,0,-0.041016,0.007812,0.023438,0.001953,0.000000,-0.003906
11371372,BNO_GYRO_UC,1114,-3400,0,-0.021484,0.015625,0.041016,0.001953,0.000000,-0.003906
11382019,BNO_GYRO_UC,1115,-3400,0,-0.041016,0.025391,0.054688,0.001953,0.000000,-0.003906
11392108,BNO_GYRO_UC,1116,-3200,0,-0.044922,0.029297,0.066406,0.001953,0.000000,-0.003906
11401722,BNO_GYRO_UC,1117,-3600,0,-0.044922,0.033203,0.074219,0.001953,0.000000,-0.003906
11411441,BNO_GYRO_UC,1118,-3200,0,-0.046875,0.039062,0.058594,0.001953,0.000000,-0.003906
11422065,BNO_GYRO_UC,1119,-3400,0,-0.044922,0.033203,0.050781,0.001953,0.000000,-0.003906
11432268,BNO_GYRO_UC,1120,-3100,0,-0.046875,0.005859,0.044922,0.001953,0.000000,-0.003906
11441859,BNO_GYRO_UC,1121,-3600,0,-0.044922,0.009766,0.048828,0.001953,0.000000,-0.003906
11451761,BNO_GYRO_UC,1122,-3400,0,-0.056641,0.031250,0.050781,0.001953,0.000000,-0.003906
11461573,BNO_GYRO_UC,1123,-3600,0,-0.058594,0.039062,0.050781,0.001953,0.000000,-0.003906
11472341,BNO_GYRO_UC,1124,-3800,0,-0.037109,0.031250,0.046875,0.001953,0.000000,-0.003906
11481977,BNO_GYRO_UC,1125,-3600,0,-0.044922,0.048828,0.039062,0.001953,0.000000,-0.003906
11491970,BNO_GYRO_UC,1126,-3400,0,-0.042969,0.039062,0.054688,0.001953,0.000000,-0.003906
11501479,BNO_GYRO_UC,1127,-3400,0,-0.062500,0.033203,0.072266,0.001953,0.000000,-0.003906
11512358,BNO_GYRO_UC,1128,-3800,0,-0.074219,0.031250,0.076172,0.001953,0.000000,-0.003906
11521956,BNO_GYRO_UC,1129,-3400,0,-0.066406,0.033203,0.082031,0.001953,0.000000,-0.003906
11531781,BNO_GYRO_UC,1130,-3400,0,-0.080078,0.007812,0.083984,0.001953,0.000000,-0.003906
11541560,BNO_GYRO_UC,1131,-3400,0,-0.087891,-0.019531,0.085938,0.001953,0.000000,-0.003906
11552447,BNO_GYRO_UC,1132,-3800,0,-0.076172,-0.044922,0.085938,0.001953,0.000000,-0.003906
11562189,BNO_GYRO_UC,1133,-3400,0,-0.052734,-0.048828,0.087891,0.001953,0.000000,-0.003906
11572105,BNO_GYRO_UC,1134,-3400,0,-0.074219,-0.041016,0.080078,0.001953,0.000000,-0.003906
11581724,BNO_GYRO_UC,1135,-3400,0,-0.064453,-0.015625,0.076172,0.001953,0.000000,-0.003906
11592491,BNO_GYRO_UC,1136,-3800,0,-0.078125,0.017578,0.078125,0.001953,0.000000,-0.003906
11602256,BNO_GYRO_UC,1137,-3200,0,-0.093750,0.027344,0.080078,0.001953,0.000000,-0.003906
11611964,BNO_GYRO_UC,1138,-3400,0,-0.052734,0.041016,0.087891,0.001953,0.000000,-0.003906
11621840,BNO_GYRO_UC,1139,-3400,0,-0.080078,0.050781,0.078125,0.001953,0.000000,-0.003906
11632590,BNO_GYRO_UC,1140,-3800,0,-0.070312,0.046875,0.074219,0.001953,0.000000,-0.003906
11642459,BNO_GYRO_UC,1141,-3200,0,-0.062500,0.062500,0.064453,0.001953,0.000000,-0.003906
11651759,BNO_GYRO_UC,1142,-3200,0,-0.050781,0.044922,0.074219,0.001953,0.000000,-0.003906
11661858,BNO_GYRO_UC,1143,-3200,0,-0.072266,0.025391,0.074219,0.001953,0.000000,-0.003906
11672290,BNO_GYRO_UC,1144,-3800,0,-0.068359,0.021484,0.091797,0.001953,0.000000,-0.003906
11682244,BNO_GYRO_UC,1145,-3200,0,-0.085938,0.019531,0.105469,0.001953,0.000000,-0.003906
11691968,BNO_GYRO_UC,1146,-3400,0,-0.099609,0.021484,0.109375,0.001953,0.000000,-0.003906
11701964,BNO_GYRO_UC,1147,-3400,0,-0.105469,0.019531,0.111328,0.001953,0.000000,-0.003906
11713149,BNO_GYRO_UC,1148,-4000,0,-0.105469,0.003906,0.111328,0.001953,0.000000,-0.003906
11722774,BNO_GYRO_UC,1149,-3400,0,-0.093750,0.003906,0.119141,0.001953,0.000000,-0.003906
11732618,BNO_GYRO_UC,1150,-3400,0,-0.080078,-0.013672,0.121094,0.001953,0.000000,-0.003906
11742149,BNO_GYRO_UC,1151,-3400,0,-0.109375,0.001953,0.113281,0.001953,0.000000,-0.003906
11752460,BNO_GYRO_UC,1152,-3800,0,-0.097656,-0.007812,0.111328,0.001953,0.000000,-0.003906
11763287,BNO_GYRO_UC,1153,-4000,0,-0.093750,-0.009766,0.113281,0.001953,0.000000,-0.003906
11772195,BNO_GYRO_UC,1154,-3400,0,-0.083984,-0.031250,0.111328,0.001953,0.000000,-0.003906
11782167,BNO_GYRO_UC,1155,-3400,0,-0.113281,-0.029297,0.101562,0.001953,0.000000,-0.003906
11792488,BNO_GYRO_UC,1156,-3600,0,-0.087891,-0.039062,0.101562,0.001953,0.000000,-0.003906
11803340,BNO_GYRO_UC,1157,-3800,0,-0.074219,-0.044922,0.089844,0.001953,0.000000,-0.003906
11812166,BNO_GYRO_UC,1158,-3400,0,-0.074219,-0.042969,0.076172,0.001953,0.000000,-0.003906
11822351,BNO_GYRO_UC,1159,-3400,0,-0.068359,-0.039062,0.068359,0.001953,0.000000,-0.003906
11832600,BNO_GYRO_UC,1160,-3800,0,-0.068359,-0.033203,0.085938,0.001953,0.000000,-0.003906
11843438,BNO_GYRO_UC,1161,-3800,0,-0.109375,-0.007812,0.111328,0.001953,0.000000,-0.003906
11852270,BNO_GYRO_UC,1162,-3400,0,-0.119141,0.015625,0.152344,0.001953,0.000000,-0.003906
11862306,BNO_GYRO_UC,1163,-3400,0,-0.162109,0.039062,0.185547,0.001953,0.000000,-0.003906
11872092,BNO_GYRO_UC,1164,-3100,0,-0.195312,0.076172,0.208984,0.001953,0.000000,-0.003906
11882620,BNO_GYRO_UC,1165,-3100,0,-0.195312,0.091797,0.230469,0.001953,0.000000,-0.003906
11891564,BNO_GYRO_UC,1166,-2500,0,-0.205078,0.099609,0.238281,0.001953,0.000000,-0.003906
11902555,BNO_GYRO_UC,1167,-3200,0,-0.207031,0.107422,0.238281,0.001953,0.000000,-0.003906
11912143,BNO_GYRO_UC,1168,-3200,0,-0.177734,0.109375,0.232422,0.001953,0.000000,-0.003906
11923002,BNO_GYRO_UC,1169,-3600,0,-0.175781,0.117188,0.218750,0.001953,0.000000,-0.003906
11932219,BNO_GYRO_UC,1170,-3100,0,-0.164062,0.111328,0.201172,0.001953,0.000000,-0.003906
11942304,BNO_GYRO_UC,1171,-3100,0,-0.136719,0.087891,0.191406,0.001953,0.000000,-0.003906
11952411,BNO_GYRO_UC,1172,-3100,0,-0.171875,0.093750,0.164062,0.001953,0.000000,-0.003906
11962990,BNO_GYRO_UC,1173,-3200,0,-0.125000,0.091797,0.158203,0.001953,0.000000,-0.003906
11972536,BNO_GYRO_UC,1174,-3100,0,-0.126953,0.107422,0.154297,0.001953,0.000000,-0.003906
11982441,BNO_GYRO_UC,1175,-3200,0,-0.150391,0.091797,0.158203,0.001953,0.000000,-0.003906
11992505,BNO_GYRO_UC,1176,-3100,0,-0.152344,0.072266,0.171875,0.001953,0.000000,-0.003906
12002917,BNO_GYRO_UC,1177,-3200,0,-0.164062,0.052734,0.171875,0.001953,0.000000,-0.003906
12012589,BNO_GYRO_UC,1178,-3200,0,-0.162109,0.050781,0.171875,0.001953,0.000000,-0.003906
12022352,BNO_GYRO_UC,1179,-3200,0,-0.142578,0.031250,0.162109,0.001953,0.000000,-0.003906
12032685,BNO_GYRO_UC,1180,-3200,0,-0.126953,0.011719,0.144531,0.001953,0.000000,-0.003906
12042897,BNO_GYRO_UC,1181,-3100,0,-0.117188,0.015625,0.134766,0.001953,0.000000,-0.003906
12051864,BNO_GYRO_UC,1182,-2500,0,-0.105469,0.007812,0.123047,0.001953,0.000000,-0.003906
12063057,BNO_GYRO_UC,1183,-3200,0,-0.109375,-0.001953,0.115234,0.001953,0.000000,-0.003906
12072633,BNO_GYRO_UC,1184,-3100,0,-0.091797,-0.003906,0.103516,0.001953,0.000000,-0.003906
12083059,BNO_GYRO_UC,1185,-3200,0,-0.087891,0.005859,0.087891,0.001953,0.000000,-0.003906
12092687,BNO_GYRO_UC,1186,-3200,0,-0.072266,0.031250,0.076172,0.001953,0.000000,-0.003906
12102595,BNO_GYRO_UC,1187,-3200,0,-0.044922,0.042969,0.056641,0.001953,0.000000,-0.003906
12113104,BNO_GYRO_UC,1188,-3200,0,-0.044922,0.072266,0.031250,0.001953,0.000000,-0.003906
12123114,BNO_GYRO_UC,1189,-2900,0,-0.005859,0.062500,0.019531,0.001953,0.000000,-0.003906
12133336,BNO_GYRO_UC,1190,-3200,0,-0.001953,0.064453,0.011719,0.001953,0.000000,-0.003906
12142711,BNO_GYRO_UC,1191,-3200,0,-0.003906,0.052734,0.001953,0.001953,0.000000,-0.003906
12153157,BNO_GYRO_UC,1192,-3200,0,0.001953,0.025391,-0.005859,0.001953,0.000000,-0.003906
12163033,BNO_GYRO_UC,1193,-2700,0,0.048828,-0.005859,-0.005859,0.001953,0.000000,-0.003906
12173219,BNO_GYRO_UC,1194,-3400,0,0.003906,0.019531,-0.029297,0.001953,0.000000,-0.003906
12182781,BNO_GYRO_UC,1195,-3200,0,0.019531,0.015625,-0.035156,0.001953,0.000000,-0.003906
12192974,BNO_GYRO_UC,1196,-3100,0,0.042969,0.003906,-0.035156,0.001953,0.000000,-0.003906
12203805,BNO_GYRO_UC,1197,-3400,0,0.060547,0.005859,-0.039062,0.001953,0.000000,-0.003906
12212904,BNO_GYRO_UC,1198,-3200,0,0.019531,0.039062,-0.037109,0.001953,0.000000,-0.003906
12222890,BNO_GYRO_UC,1199,-3200,0,0.037109,0.042969,-0.019531,0.001953,0.000000,-0.003906
12233629,BNO_GYRO_UC,1200,-3100,0,0.039062,0.052734,0.007812,0.001953,0.000000,-0.003906
12243545,BNO_GYRO_UC,1201,-2700,0,-0.009766,0.078125,0.019531,0.001953,0.000000,-0.003906
12253596,BNO_GYRO_UC,1202,-3200,0,-0.013672,0.076172,0.039062,0.001953,0.000000,-0.003906
12263191,BNO_GYRO_UC,1203,-3100,0,-0.009766,0.070312,0.050781,0.001953,0.000000,-0.003906
12273781,BNO_GYRO_UC,1204,-3100,0,-0.015625,0.074219,0.048828,0.001953,0.000000,-0.003906
12283545,BNO_GYRO_UC,1205,-2700,0,-0.003906,0.052734,0.046875,0.001953,0.000000,-0.003906
12293732,BNO_GYRO_UC,1206,-3200,0,0.003906,0.042969,0.037109,0.001953,0.000000,-0.003906
12303189,BNO_GYRO_UC,1207,-3200,0,-0.003906,0.052734,0.025391,0.001953,0.000000,-0.003906
12313856,BNO_GYRO_UC,1208,-3200,0,-0.019531,0.048828,0.025391,0.001953,0.000000,-0.003906
12323680,BNO_GYRO_UC,1209,-2500,0,0.007812,0.003906,0.033203,0.001953,0.000000,-0.003906
12333915,BNO_GYRO_UC,1210,-3200,0,-0.027344,0.039062,0.031250,0.001953,0.000000,-0.003906
12343070,BNO_GYRO_UC,1211,-3100,0,-0.042969,0.037109,0.025391,0.001953,0.000000,-0.003906
12353743,BNO_GYRO_UC,1212,-3200,0,-0.025391,0.005859,0.041016,0.001953,0.000000,-0.003906
12363811,BNO_GYRO_UC,1213,-2900,0,-0.074219,0.011719,0.023438,0.001953,0.000000,-0.003906
12374157,BNO_GYRO_UC,1214,-3200,0,-0.054688,-0.013672,0.033203,0.001953,0.000000,-0.003906
12383299,BNO_GYRO_UC,1215,-3200,0,-0.041016,-0.019531,0.039062,0.001953,0.000000,-0.003906
12394162,BNO_GYRO_UC,1216,-3200,0,-0.050781,0.001953,0.031250,0.001953,0.000000,-0.003906
12403950,BNO_GYRO_UC,1217,-2700,0,-0.041016,0.029297,0.035156,0.001953,0.000000,-0.003906
12414111,BNO_GYRO_UC,1218,-3400,0,-0.029297,0.037109,0.041016,0.001953,0.000000,-0.003906
12423384,BNO_GYRO_UC,1219,-3200,0,-0.035156,0.056641,0.056641,0.001953,0.000000,-0.003906
12434117,BNO_GYRO_UC,1220,-3200,0,-0.042969,0.060547,0.070312,0.001953,0.000000,-0.003906
12443967,BNO_GYRO_UC,1221,-2700,0,-0.041016,0.052734,0.076172,0.001953,0.000000,-0.003906
12454112,BNO_GYRO_UC,1222,-3400,0,-0.048828,0.044922,0.076172,0.001953,0.000000,-0.003906
12463472,BNO_GYRO_UC,1223,-3100,0,-0.050781,0.015625,0.068359,0.001953,0.000000,-0.003906
12474278,BNO_GYRO_UC,1224,-3200,0,-0.078125,0.013672,0.054688,0.001953,0.000000,-0.003906
12484138,BNO_GYRO_UC,1225,-2700,0,-0.105469,0.029297,0.050781,0.001953,0.000000,-0.003906
12494388,BNO_GYRO_UC,1226,-3400,0,-0.099609,0.001953,0.066406,0.001953,0.000000,-0.003906
12503506,BNO_GYRO_UC,1227,-3100,0,-0.087891,-0.023438,0.074219,0.001953,0.000000,-0.003906
12513623,BNO_GYRO_UC,1228,-3100,0,-0.113281,-0.021484,0.064453,0.001953,0.000000,-0.003906
12524292,BNO_GYRO_UC,1229,-3400,0,-0.085938,-0.029297,0.058594,0.001953,0.000000,-0.003906
12534074,BNO_GYRO_UC,1230,-3200,0,-0.078125,-0.017578,0.041016,0.001953,0.000000,-0.003906
12543714,BNO_GYRO_UC,1231,-3100,0,-0.046875,-0.042969,0.035156,0.001953,0.000000,-0.003906
12553527,BNO_GYRO_UC,1232,-3200,0,-0.042969,-0.015625,0.019531,0.001953,0.000000,-0.003906
12564299,BNO_GYRO_UC,1233,-3400,0,-0.042969,0.005859,0.019531,0.001953,0.000000,-0.003906
12574582,BNO_GYRO_UC,1234,-3400,0,-0.033203,0.019531,0.015625,0.001953,0.000000,-0.003906
12583833,BNO_GYRO_UC,1235,-2900,0,-0.001953,0.013672,0.027344,0.001953,0.000000,-0.003906
12593733,BNO_GYRO_UC,1236,-3200,0,-0.017578,0.048828,0.029297,0.001953,0.000000,-0.003906
12604628,BNO_GYRO_UC,1237,-3600,0,-0.009766,0.021484,0.046875,0.001953,0.000000,-0.003906
12614163,BNO_GYRO_UC,1238,-2900,0,-0.046875,0.041016,0.062500,0.001953,0.000000,-0.003906
12623634,BNO_GYRO_UC,1239,-3100,0,-0.056641,0.041016,0.066406,0.001953,0.000000,-0.003906
12634408,BNO_GYRO_UC,1240,-3200,0,-0.033203,0.015625,0.078125,0.001953,0.000000,-0.003906
12645091,BNO_GYRO_UC,1241,-3600,0,-0.068359,0.005859,0.064453,0.001953,0.000000,-0.003906
12654536,BNO_GYRO_UC,1242,-3100,0,-0.123047,-0.013672,0.035156,0.001953,0.000000,-0.003906
12664077,BNO_GYRO_UC,1243,-3200,0,-0.085938,-0.050781,0.029297,0.001953,0.000000,-0.003906
12673928,BNO_GYRO_UC,1244,-3100,0,-0.039062,-0.060547,0.033203,0.001953,0.000000,-0.003906
12684154,BNO_GYRO_UC,1245,-3400,0,-0.031250,-0.023438,0.041016,0.001953,0.000000,-0.003906
12694722,BNO_GYRO_UC,1246,-3400,0,-0.050781,0.013672,0.044922,0.001953,0.000000,-0.003906
12703941,BNO_GYRO_UC,1247,-3200,0,-0.062500,0.052734,0.068359,0.001953,0.000000,-0.003906
12714674,BNO_GYRO_UC,1248,-3200,0,-0.083984,0.066406,0.085938,0.001953,0.000000,-0.003906
12724438,BNO_GYRO_UC,1249,-3600,0,-0.085938,0.062500,0.093750,0.001953,0.000000,-0.003906
12735062,BNO_GYRO_UC,1250,-3600,0,-0.072266,0.054688,0.097656,0.001953,0.000000,-0.003906
12744187,BNO_GYRO_UC,1251,-3200,0,-0.080078,0.042969,0.085938,0.001953,0.000000,-0.003906
12754137,BNO_GYRO_UC,1252,-3200,0,-0.089844,0.033203,0.080078,0.001953,0.000000,-0.003906
12764454,BNO_GYRO_UC,1253,-3400,0,-0.064453,0.013672,0.078125,0.001953,0.000000,-0.003906
12774854,BNO_GYRO_UC,1254,-3400,0,-0.060547,-0.005859,0.064453,0.001953,0.000000,-0.003906
12783973,BNO_GYRO_UC,1255,-3100,0,-0.037109,-0.005859,0.044922,0.001953,0.000000,-0.003906
12794599,BNO_GYRO_UC,1256,-3100,0,-0.021484,-0.009766,0.021484,0.001953,0.000000,-0.003906
12804124,BNO_GYRO_UC,1257,-3100,0,-0.007812,-0.021484,-0.005859,0.001953,0.000000,-0.003906
12814541,BNO_GYRO_UC,1258,-3200,0,0.025391,-0.033203,-0.025391,0.001953,0.000000,-0.003906
12823710,BNO_GYRO_UC,1259,-2700,0,0.023438,-0.025391,-0.041016,0.001953,0.000000,-0.003906
12834641,BNO_GYRO_UC,1260,-3200,0,0.027344,-0.031250,-0.027344,0.001953,0.000000,-0.003906
12844211,BNO_GYRO_UC,1261,-3100,0,0.017578,-0.037109,-0.019531,0.001953,0.000000,-0.003906
12854752,BNO_GYRO_UC,1262,-3200,0,0.015625,-0.041016,-0.007812,0.001953,0.000000,-0.003906
12864313,BNO_GYRO_UC,1263,-3200,0,0.015625,-0.041016,-0.017578,0.001953,0.000000,-0.003906
12875016,BNO_GYRO_UC,1264,-3200,0,0.025391,-0.050781,-0.033203,0.001953,0.000000,-0.003906
12884481,BNO_GYRO_UC,1265,-3200,0,0.042969,-0.044922,-0.054688,0.001953,0.000000,-0.003906
12894880,BNO_GYRO_UC,1266,-3100,0,0.068359,-0.025391,-0.074219,0.001953,0.000000,-0.003906
12903768,BNO_GYRO_UC,1267,-2700,0,0.076172,-0.019531,-0.076172,0.001953,0.000000,-0.003906
12914778,BNO_GYRO_UC,1268,-3200,0,0.054688,-0.001953,-0.066406,0.001953,0.000000,-0.003906
12924529,BNO_GYRO_UC,1269,-3100,0,0.048828,0.019531,-0.046875,0.001953,0.000000,-0.003906
12935019,BNO_GYRO_UC,1270,-3200,0,0.033203,0.031250,-0.025391,0.001953,0.000000,-0.003906
12943902,BNO_GYRO_UC,1271,-2500,0,0.005859,0.019531,-0.007812,0.001953,0.000000,-0.003906
12955056,BNO_GYRO_UC,1272,-3100,0,-0.009766,-0.001953,-0.005859,0.001953,0.000000,-0.003906
12964673,BNO_GYRO_UC,1273,-3100,0,0.003906,0.015625,-0.017578,0.001953,0.000000,-0.003906
12975165,BNO_GYRO_UC,1274,-3200,0,0.009766,0.037109,-0.009766,0.001953,0.000000,-0.003906
12984617,BNO_GYRO_UC,1275,-3100,0,-0.009766,0.062500,-0.007812,0.001953,0.000000,-0.003906
12994616,BNO_GYRO_UC,1276,-3100,0,0.017578,0.058594,0.007812,0.001953,0.000000,-0.003906
13004719,BNO_GYRO_UC,1277,-3100,0,0.025391,0.062500,0.019531,0.001953,0.000000,-0.003906
13015000,BNO_GYRO_UC,1278,-3200,0,-0.015625,0.068359,0.031250,0.001953,0.000000,-0.003906
13024223,BNO_GYRO_UC,1279,-2900,0,-0.031250,0.060547,0.041016,0.001953,0.000000,-0.003906
13035208,BNO_GYRO_UC,1280,-3200,0,-0.029297,0.054688,0.042969,0.001953,0.000000,-0.003906
13044864,BNO_GYRO_UC,1281,-3200,0,-0.035156,0.054688,0.044922,0.001953,0.000000,-0.003906
13055175,BNO_GYRO_UC,1282,-3200,0,-0.050781,0.027344,0.031250,0.001953,0.000000,-0.003906
13064880,BNO_GYRO_UC,1283,-3100,0,-0.048828,-0.005859,0.027344,0.001953,0.000000,-0.003906
13074737,BNO_GYRO_UC,1284,-3200,0,-0.029297,-0.017578,0.021484,0.001953,0.000000,-0.003906
13085230,BNO_GYRO_UC,1285,-3400,0,-0.054688,0.017578,0.015625,0.001953,0.000000,-0.003906
13095281,BNO_GYRO_UC,1286,-2700,0,-0.025391,0.011719,0.025391,0.001953,0.000000,-0.003906
13105202,BNO_GYRO_UC,1287,-3200,0,-0.007812,0.025391,0.037109,0.001953,0.000000,-0.003906
13114932,BNO_GYRO_UC,1288,-3100,0,-0.019531,0.042969,0.031250,0.001953,0.000000,-0.003906
13125283,BNO_GYRO_UC,1289,-3200,0,-0.019531,0.021484,0.027344,0.001953,0.000000,-0.003906
13135944,BNO_GYRO_UC,1290,-3400,0,0.001953,-0.023438,0.021484,0.001953,0.000000,-0.003906
13145355,BNO_GYRO_UC,1291,-3200,0,-0.037109,-0.037109,0.000000,0.001953,0.000000,-0.003906
13154862,BNO_GYRO_UC,1292,-3100,0,-0.031250,-0.072266,-0.007812,0.001953,0.000000,-0.003906
13165474,BNO_GYRO_UC,1293,-3100,0,-0.021484,-0.097656,-0.005859,0.001953,0.000000,-0.003906
13175420,BNO_GYRO_UC,1294,-2900,0,-0.011719,-0.099609,0.001953,0.001953,0.000000,-0.003906
13185619,BNO_GYRO_UC,1295,-3400,0,-0.005859,-0.070312,0.007812,0.001953,0.000000,-0.003906
13195116,BNO_GYRO_UC,1296,-3200,0,-0.017578,-0.031250,0.005859,0.001953,0.000000,-0.003906
13205748,BNO_GYRO_UC,1297,-3400,0,-0.015625,-0.007812,0.007812,0.001953,0.000000,-0.003906
13215832,BNO_GYRO_UC,1298,-3100,0,-0.003906,0.009766,0.015625,0.001953,0.000000,-0.003906
13225898,BNO_GYRO_UC,1299,-3400,0,-0.019531,0.003906,0.019531,0.001953,0.000000,-0.003906
13235398,BNO_GYRO_UC,1300,-3400,0,-0.044922,-0.035156,0.025391,0.001953,0.000000,-0.003906
13245969,BNO_GYRO_UC,1301,-3400,0,-0.037109,-0.099609,0.021484,0.001953,0.000000,-0.003906
13256002,BNO_GYRO_UC,1302,-2900,0,-0.037109,-0.156250,0.019531,0.001953,0.000000,-0.003906
13265583,BNO_GYRO_UC,1303,-3400,0,-0.015625,-0.162109,0.005859,0.001953,0.000000,-0.003906
13275360,BNO_GYRO_UC,1304,-3200,0,-0.015625,-0.152344,0.003906,0.001953,0.000000,-0.003906
13286159,BNO_GYRO_UC,1305,-3400,0,-0.013672,-0.125000,0.009766,0.001953,0.000000,-0.003906
13296259,BNO_GYRO_UC,1306,-3100,0,-0.015625,-0.099609,0.009766,0.001953,0.000000,-0.003906
13305884,BNO_GYRO_UC,1307,-3800,0,-0.003906,-0.066406,0.005859,0.001953,0.000000,-0.003906
13315534,BNO_GYRO_UC,1308,-3400,0,0.015625,-0.050781,-0.003906,0.001953,0.000000,-0.003906
13326115,BNO_GYRO_UC,1309,-3400,0,0.019531,-0.033203,-0.019531,0.001953,0.000000,-0.003906
13336123,BNO_GYRO_UC,1310,-3100,0,0.021484,-0.019531,-0.021484,0.001953,0.000000,-0.003906
13346019,BNO_GYRO_UC,1311,-3600,0,0.011719,-0.015625,-0.003906,0.001953,0.000000,-0.003906
13355681,BNO_GYRO_UC,1312,-3400,0,-0.007812,-0.015625,0.019531,0.001953,0.000000,-0.003906
13366447,BNO_GYRO_UC,1313,-3400,0,-0.035156,-0.013672,0.031250,0.001953,0.000000,-0.003906
13376545,BNO_GYRO_UC,1314,-3100,0,-0.025391,-0.027344,0.037109,0.001953,0.000000,-0.003906
13386156,BNO_GYRO_UC,1315,-3600,0,-0.033203,-0.037109,0.041016,0.001953,0.000000,-0.003906
13395795,BNO_GYRO_UC,1316,-3200,0,-0.029297,-0.025391,0.039062,0.001953,0.000000,-0.003906
13406556,BNO_GYRO_UC,1317,-3400,0,-0.027344,-0.027344,0.033203,0.001953,0.000000,-0.003906
13416479,BNO_GYRO_UC,1318,-3100,0,-0.027344,-0.027344,0.029297,0.001953,0.000000,-0.003906
13426235,BNO_GYRO_UC,1319,-3600,0,-0.031250,-0.009766,0.029297,0.001953,0.000000,-0.003906
13435941,BNO_GYRO_UC,1320,-3200,0,-0.029297,-0.011719,0.033203,0.001953,0.000000,-0.003906
13445907,BNO_GYRO_UC,1321,-3400,0,-0.039062,0.000000,0.037109,0.001953,0.000000,-0.003906
13456752,BNO_GYRO_UC,1322,-3800,0,-0.042969,0.003906,0.052734,0.001953,0.000000,-0.003906
13466426,BNO_GYRO_UC,1323,-3600,0,-0.068359,0.001953,0.066406,0.001953,0.000000,-0.003906
13476213,BNO_GYRO_UC,1324,-3200,0,-0.068359,0.013672,0.076172,0.001953,0.000000,-0.003906
13485975,BNO_GYRO_UC,1325,-3400,0,-0.076172,0.017578,0.078125,0.001953,0.000000,-0.003906
13496734,BNO_GYRO_UC,1326,-3800,0,-0.066406,0.001953,0.066406,0.001953,0.000000,-0.003906
13506353,BNO_GYRO_UC,1327,-3400,0,-0.050781,0.003906,0.052734,0.001953,0.000000,-0.003906
13516189,BNO_GYRO_UC,1328,-3400,0,-0.048828,0.011719,0.041016,0.001953,0.000000,-0.003906
13525911,BNO_GYRO_UC,1329,-3200,0,-0.037109,0.009766,0.041016,0.001953,0.000000,-0.003906
13536230,BNO_GYRO_UC,1330,-3600,0,-0.037109,0.017578,0.044922,0.001953,0.000000,-0.003906
13546360,BNO_GYRO_UC,1331,-3400,0,-0.033203,0.023438,0.048828,0.001953,0.000000,-0.003906
13556120,BNO_GYRO_UC,1332,-3200,0,-0.046875,0.031250,0.048828,0.001953,0.000000,-0.003906
13566113,BNO_GYRO_UC,1333,-3600,0,-0.042969,0.017578,0.044922,0.001953,0.000000,-0.003906
13576369,BNO_GYRO_UC,1334,-3800,0,-0.041016,-0.003906,0.041016,0.001953,0.000000,-0.003906
13586375,BNO_GYRO_UC,1335,-3200,0,-0.025391,-0.039062,0.039062,0.001953,0.000000,-0.003906
13596047,BNO_GYRO_UC,1336,-3200,0,-0.029297,-0.052734,0.027344,0.001953,0.000000,-0.003906
13606104,BNO_GYRO_UC,1337,-3400,0,-0.025391,-0.046875,0.019531,0.001953,0.000000,-0.003906
13616596,BNO_GYRO_UC,1338,-3800,0,-0.017578,-0.033203,0.017578,0.001953,0.000000,-0.003906
13626512,BNO_GYRO_UC,1339,-3200,0,-0.019531,-0.017578,0.025391,0.001953,0.000000,-0.003906
13636158,BNO_GYRO_UC,1340,-3200,0,-0.027344,-0.009766,0.029297,0.001953,0.000000,-0.003906
13647065,BNO_GYRO_UC,1341,-3400,0,-0.033203,-0.021484,0.023438,0.001953,0.000000,-0.003906
13657077,BNO_GYRO_UC,1342,-3100,0,-0.021484,-0.042969,0.017578,0.001953,0.000000,-0.003906
13666890,BNO_GYRO_UC,1343,-3100,0,-0.017578,-0.054688,0.007812,0.001953,0.000000,-0.003906
13676194,BNO_GYRO_UC,1344,-3200,0,-0.007812,-0.052734,0.001953,0.001953,0.000000,-0.003906
13686325,BNO_GYRO_UC,1345,-3400,0,-0.003906,-0.060547,-0.003906,0.001953,0.000000,-0.003906
13697370,BNO_GYRO_UC,1346,-4000,0,0.007812,-0.068359,-0.015625,0.001953,0.000000,-0.003906
13707109,BNO_GYRO_UC,1347,-3400,0,0.009766,-0.076172,-0.015625,0.001953,0.000000,-0.003906
13716285,BNO_GYRO_UC,1348,-3200,0,0.013672,-0.076172,-0.007812,0.001953,0.000000,-0.003906
13726488,BNO_GYRO_UC,1349,-3400,0,0.000000,-0.062500,-0.005859,0.001953,0.000000,-0.003906
13737512,BNO_GYRO_UC,1350,-4000,0,-0.001953,-0.044922,-0.007812,0.001953,0.000000,-0.003906
13747327,BNO_GYRO_UC,1351,-3200,0,0.001953,-0.042969,-0.003906,0.001953,0.000000,-0.003906
13756425,BNO_GYRO_UC,1352,-3400,0,0.000000,-0.041016,-0.001953,0.001953,0.000000,-0.003906
13766432,BNO_GYRO_UC,1353,-3400,0,-0.009766,-0.009766,0.003906,0.001953,0.000000,-0.003906
13777282,BNO_GYRO_UC,1354,-3800,0,-0.001953,-0.005859,0.003906,0.001953,0.000000,-0.003906
13786926,BNO_GYRO_UC,1355,-3100,0,0.003906,-0.017578,-0.001953,0.001953,0.000000,-0.003906
13795855,BNO_GYRO_UC,1356,-2700,0,0.005859,-0.017578,-0.007812,0.001953,0.000000,-0.003906
13807052,BNO_GYRO_UC,1357,-3400,0,0.011719,-0.011719,-0.013672,0.001953,0.000000,-0.003906
13816792,BNO_GYRO_UC,1358,-3600,0,0.007812,-0.015625,-0.013672,0.001953,0.000000,-0.003906
13827035,BNO_GYRO_UC,1359,-3400,0,0.001953,-0.005859,-0.005859,0.001953,0.000000,-0.003906
13836068,BNO_GYRO_UC,1360,-2900,0,0.005859,0.013672,-0.003906,0.001953,0.000000,-0.003906
13847210,BNO_GYRO_UC,1361,-3400,0,-0.003906,0.039062,-0.003906,0.001953,0.000000,-0.003906
13857161,BNO_GYRO_UC,1362,-3800,0,0.003906,0.052734,-0.001953,0.001953,0.000000,-0.003906
13867207,BNO_GYRO_UC,1363,-3200,0,-0.001953,0.054688,-0.001953,0.001953,0.000000,-0.003906
13876776,BNO_GYRO_UC,1364,-3400,0,-0.001953,0.062500,0.003906,0.001953,0.000000,-0.003906
13886841,BNO_GYRO_UC,1365,-3400,0,-0.001953,0.054688,0.001953,0.001953,0.000000,-0.003906
13896823,BNO_GYRO_UC,1366,-3400,0,-0.005859,0.037109,-0.001953,0.001953,0.000000,-0.003906
13907296,BNO_GYRO_UC,1367,-3400,0,0.005859,0.033203,-0.003906,0.001953,0.000000,-0.003906
13916792,BNO_GYRO_UC,1368,-3200,0,0.009766,0.013672,-0.009766,0.001953,0.000000,-0.003906
13926878,BNO_GYRO_UC,1369,-3200,0,0.003906,0.009766,-0.009766,0.001953,0.000000,-0.003906
13936889,BNO_GYRO_UC,1370,-3400,0,0.005859,0.021484,-0.007812,0.001953,0.000000,-0.003906
13947242,BNO_GYRO_UC,1371,-3400,0,0.007812,-0.023438,-0.009766,0.001953,0.000000,-0.003906
13956595,BNO_GYRO_UC,1372,-3100,0,0.003906,-0.062500,-0.009766,0.001953,0.000000,-0.003906
13967004,BNO_GYRO_UC,1373,-3400,0,0.015625,-0.048828,-0.013672,0.001953,0.000000,-0.003906
13977022,BNO_GYRO_UC,1374,-3200,0,0.009766,-0.054688,-0.019531,0.001953,0.000000,-0.003906
13987336,BNO_GYRO_UC,1375,-3400,0,-0.001953,-0.060547,-0.017578,0.001953,0.000000,-0.003906
13997057,BNO_GYRO_UC,1376,-3200,0,0.017578,-0.048828,-0.015625,0.001953,0.000000,-0.003906
14007085,BNO_GYRO_UC,1377,-3400,0,0.009766,-0.048828,-0.021484,0.001953,0.000000,-0.003906
14017173,BNO_GYRO_UC,1378,-3200,0,0.015625,-0.031250,-0.013672,0.001953,0.000000,-0.003906
14027576,BNO_GYRO_UC,1379,-3400,0,0.013672,-0.013672,-0.019531,0.001953,0.000000,-0.003906
14037028,BNO_GYRO_UC,1380,-3100,0,0.015625,-0.013672,-0.023438,0.001953,0.000000,-0.003906
14047208,BNO_GYRO_UC,1381,-3400,0,0.033203,-0.011719,-0.023438,0.001953,0.000000,-0.003906
14057225,BNO_GYRO_UC,1382,-3200,0,0.029297,-0.013672,-0.037109,0.001953,0.000000,-0.003906
14067654,BNO_GYRO_UC,1383,-3400,0,0.027344,-0.021484,-0.035156,0.001953,0.000000,-0.003906
14077080,BNO_GYRO_UC,1384,-3200,0,0.021484,-0.039062,-0.039062,0.001953,0.000000,-0.003906
14087396,BNO_GYRO_UC,1385,-3400,0,0.025391,-0.042969,-0.029297,0.001953,0.000000,-0.003906
14097195,BNO_GYRO_UC,1386,-3200,0,0.037109,-0.037109,-0.035156,0.001953,0.000000,-0.003906
14107738,BNO_GYRO_UC,1387,-3400,0,0.023438,-0.039062,-0.029297,0.001953,0.000000,-0.003906
14117478,BNO_GYRO_UC,1388,-3600,0,0.017578,-0.037109,-0.023438,0.001953,0.000000,-0.003906
14127213,BNO_GYRO_UC,1389,-3200,0,0.005859,-0.023438,-0.019531,0.001953,0.000000,-0.003906
14138267,BNO_GYRO_UC,1390,-3800,0,0.009766,-0.017578,-0.013672,0.001953,0.000000,-0.003906
14148043,BNO_GYRO_UC,1391,-2900,0,0.011719,-0.015625,-0.013672,0.001953,0.000000,-0.003906
14157474,BNO_GYRO_UC,1392,-3600,0,0.009766,-0.029297,-0.015625,0.001953,0.000000,-0.003906
14167321,BNO_GYRO_UC,1393,-3200,0,0.019531,-0.029297,-0.025391,0.001953,0.000000,-0.003906
14177782,BNO_GYRO_UC,1394,-3400,0,0.029297,-0.021484,-0.031250,0.001953,0.000000,-0.003906
14187848,BNO_GYRO_UC,1395,-3100,0,0.025391,-0.001953,-0.031250,0.001953,0.000000,-0.003906
14198049,BNO_GYRO_UC,1396,-3200,0,0.019531,0.017578,-0.027344,0.001953,0.000000,-0.003906
14207356,BNO_GYRO_UC,1397,-3200,0,0.015625,0.015625,-0.021484,0.001953,0.000000,-0.003906
14217852,BNO_GYRO_UC,1398,-3400,0,0.003906,0.019531,-0.011719,0.001953,0.000000,-0.003906
14228050,BNO_GYRO_UC,1399,-3100,0,0.013672,0.003906,-0.009766,0.001953,0.000000,-0.003906
14238212,BNO_GYRO_UC,1400,-3200,0,0.007812,-0.017578,-0.007812,0.001953,0.000000,-0.003906
14247638,BNO_GYRO_UC,1401,-3400,0,0.009766,-0.033203,-0.007812,0.001953,0.000000,-0.003906
14257498,BNO_GYRO_UC,1402,-3400,0,0.013672,-0.025391,-0.011719,0.001953,0.000000,-0.003906
14268202,BNO_GYRO_UC,1403,-3600,0,0.013672,-0.005859,-0.013672,0.001953,0.000000,-0.003906
14278387,BNO_GYRO_UC,1404,-3400,0,0.007812,0.013672,-0.009766,0.001953,0.000000,-0.003906
14287700,BNO_GYRO_UC,1405,-3400,0,0.003906,0.011719,-0.005859,0.001953,0.000000,-0.003906
14298375,BNO_GYRO_UC,1406,-3400,0,0.003906,0.017578,-0.005859,0.001953,0.000000,-0.003906
14308223,BNO_GYRO_UC,1407,-2900,0,-0.001953,0.029297,-0.003906,0.001953,0.000000,-0.003906
14318436,BNO_GYRO_UC,1408,-3400,0,0.001953,0.007812,0.003906,0.001953,0.000000,-0.003906
14327913,BNO_GYRO_UC,1409,-3400,0,0.001953,-0.027344,0.001953,0.001953,0.000000,-0.003906
14338530,BNO_GYRO_UC,1410,-3400,0,-0.005859,-0.025391,0.001953,0.001953,0.000000,-0.003906
14348668,BNO_GYRO_UC,1411,-3100,0,0.000000,-0.033203,-0.003906,0.001953,0.000000,-0.003906
14358233,BNO_GYRO_UC,1412,-3600,0,0.000000,-0.058594,-0.005859,0.001953,0.000000,-0.003906
14368038,BNO_GYRO_UC,1413,-3200,0,0.000000,-0.066406,-0.005859,0.001953,0.000000,-0.003906
14378279,BNO_GYRO_UC,1414,-3100,0,0.013672,-0.091797,-0.005859,0.001953,0.000000,-0.003906
14388314,BNO_GYRO_UC,1415,-2700,0,0.013672,-0.121094,-0.021484,0.001953,0.000000,-0.003906
14398406,BNO_GYRO_UC,1416,-3200,0,0.037109,-0.121094,-0.044922,0.001953,0.000000,-0.003906
14407729,BNO_GYRO_UC,1417,-3200,0,0.060547,-0.117188,-0.072266,0.001953,0.000000,-0.003906
14417622,BNO_GYRO_UC,1418,-3100,0,0.080078,-0.134766,-0.101562,0.001953,0.000000,-0.003906
14428429,BNO_GYRO_UC,1419,-3400,0,0.076172,-0.169922,-0.091797,0.001953,0.000000,-0.003906
14438631,BNO_GYRO_UC,1420,-3200,0,0.001953,-0.169922,-0.017578,0.001953,0.000000,-0.003906
14447693,BNO_GYRO_UC,1421,-3100,0,-0.117188,-0.103516,0.111328,0.001953,0.000000,-0.003906
14458628,BNO_GYRO_UC,1422,-3200,0,-0.205078,0.041016,0.246094,0.001953,0.000000,-0.003906
14468941,BNO_GYRO_UC,1423,-3200,0,-0.285156,0.183594,0.322266,0.001953,0.000000,-0.003906
14478402,BNO_GYRO_UC,1424,-3200,0,-0.250000,0.271484,0.330078,0.001953,0.000000,-0.003906
14487642,BNO_GYRO_UC,1425,-2900,0,-0.203125,0.335938,0.257812,0.001953,0.000000,-0.003906
14498436,BNO_GYRO_UC,1426,-3100,0,-0.085938,0.330078,0.156250,0.001953,0.000000,-0.003906
14509088,BNO_GYRO_UC,1427,-3100,0,0.091797,0.234375,0.070312,0.001953,0.000000,-0.003906
14518493,BNO_GYRO_UC,1428,-3200,0,0.173828,0.158203,-0.031250,0.001953,0.000000,-0.003906
14528138,BNO_GYRO_UC,1429,-3100,0,0.171875,0.103516,-0.132812,0.001953,0.000000,-0.003906
14537929,BNO_GYRO_UC,1430,-3200,0,0.164062,0.039062,-0.216797,0.001953,0.000000,-0.003906
14548274,BNO_GYRO_UC,1431,-3200,0,0.150391,-0.078125,-0.292969,0.001953,0.000000,-0.003906
14558598,BNO_GYRO_UC,1432,-3200,0,0.179688,-0.259766,-0.363281,0.001953,0.000000,-0.003906
14567884,BNO_GYRO_UC,1433,-2900,0,0.212891,-0.480469,-0.408203,0.001953,0.000000,-0.003906
14578527,BNO_GYRO_UC,1434,-3200,0,0.300781,-0.630859,-0.376953,0.001953,0.000000,-0.003906
14589076,BNO_GYRO_UC,1435,-3100,0,0.218750,-0.644531,-0.281250,0.001953,0.000000,-0.003906
14598529,BNO_GYRO_UC,1436,-2700,0,0.091797,-0.628906,-0.123047,0.001953,0.000000,-0.003906
14608069,BNO_GYRO_UC,1437,-3100,0,-0.013672,-0.507812,0.037109,0.001953,0.000000,-0.003906
14618077,BNO_GYRO_UC,1438,-3100,0,-0.068359,-0.287109,0.095703,0.001953,0.000000,-0.003906
14628978,BNO_GYRO_UC,1439,-3600,0,-0.033203,-0.117188,0.054688,0.001953,0.000000,-0.003906
14638578,BNO_GYRO_UC,1440,-2900,0,0.226562,-0.078125,-0.066406,0.001953,0.000000,-0.003906
14647602,BNO_GYRO_UC,1441,-2500,0,0.404297,-0.015625,-0.294922,0.001953,0.000000,-0.003906
14658324,BNO_GYRO_UC,1442,-3200,0,0.449219,-0.025391,-0.488281,0.001953,0.000000,-0.003906
14668599,BNO_GYRO_UC,1443,-3400,0,0.419922,-0.150391,-0.515625,0.001953,0.000000,-0.003906
14678934,BNO_GYRO_UC,1444,-3400,0,0.298828,-0.224609,-0.423828,0.001953,0.000000,-0.003906
14688319,BNO_GYRO_UC,1445,-3200,0,0.300781,-0.289062,-0.283203,0.001953,0.000000,-0.003906
14698338,BNO_GYRO_UC,1446,-3200,0,0.095703,-0.273438,-0.203125,0.001953,0.000000,-0.003906
14708290,BNO_GYRO_UC,1447,-3100,0,0.078125,-0.298828,-0.123047,0.001953,0.000000,-0.003906
14718718,BNO_GYRO_UC,1448,-3200,0,0.199219,-0.318359,-0.119141,0.001953,0.000000,-0.003906
14728272,BNO_GYRO_UC,1449,-2900,0,0.279297,-0.425781,-0.242188,0.001953,0.000000,-0.003906
14739119,BNO_GYRO_UC,1450,-3200,0,0.398438,-0.496094,-0.341797,0.001953,0.000000,-0.003906
14748941,BNO_GYRO_UC,1451,-3600,0,0.412109,-0.386719,-0.394531,0.001953,0.000000,-0.003906
14759284,BNO_GYRO_UC,1452,-3200,0,0.353516,-0.228516,-0.382812,0.001953,0.000000,-0.003906
14768525,BNO_GYRO_UC,1453,-3100,0,0.337891,-0.152344,-0.328125,0.001953,0.000000,-0.003906
14779176,BNO_GYRO_UC,1454,-3100,0,0.382812,-0.083984,-0.330078,0.001953,0.000000,-0.003906
14789795,BNO_GYRO_UC,1455,-3200,0,0.339844,0.025391,-0.421875,0.001953,0.000000,-0.003906
14799359,BNO_GYRO_UC,1456,-2900,0,0.242188,0.074219,-0.468750,0.001953,0.000000,-0.003906
14808615,BNO_GYRO_UC,1457,-3200,0,0.205078,0.076172,-0.455078,0.001953,0.000000,-0.003906
14819162,BNO_GYRO_UC,1458,-3200,0,0.207031,0.072266,-0.380859,0.001953,0.000000,-0.003906
14828733,BNO_GYRO_UC,1459,-3200,0,0.265625,0.076172,-0.312500,0.001953,0.000000,-0.003906
14839085,BNO_GYRO_UC,1460,-3100,0,0.216797,0.125000,-0.291016,0.001953,0.000000,-0.003906
14848517,BNO_GYRO_UC,1461,-3100,0,0.183594,0.066406,-0.306641,0.001953,0.000000,-0.003906
14859091,BNO_GYRO_UC,1462,-3200,0,0.183594,-0.025391,-0.337891,0.001953,0.000000,-0.003906
14868814,BNO_GYRO_UC,1463,-3200,0,0.138672,-0.039062,-0.345703,0.001953,0.000000,-0.003906
14879140,BNO_GYRO_UC,1464,-3100,0,0.117188,-0.017578,-0.289062,0.001953,0.000000,-0.003906
14888241,BNO_GYRO_UC,1465,-2700,0,0.191406,0.052734,-0.220703,0.001953,0.000000,-0.003906
14899142,BNO_GYRO_UC,1466,-3100,0,0.232422,0.148438,-0.238281,0.001953,0.000000,-0.003906
14908886,BNO_GYRO_UC,1467,-3100,0,0.210938,0.183594,-0.298828,0.001953,0.000000,-0.003906
14919200,BNO_GYRO_UC,1468,-3100,0,0.199219,0.144531,-0.298828,0.001953,0.000000,-0.003906
14928336,BNO_GYRO_UC,1469,-2500,0,0.095703,0.166016,-0.230469,0.001953,0.000000,-0.003906
14939221,BNO_GYRO_UC,1470,-3100,0,0.042969,0.156250,-0.121094,0.001953,0.000000,-0.003906
14949021,BNO_GYRO_UC,1471,-3100,0,0.035156,0.117188,-0.050781,0.001953,0.000000,-0.003906
14959399,BNO_GYRO_UC,1472,-3100,0,-0.003906,0.083984,-0.037109,0.001953,0.000000,-0.003906
14968309,BNO_GYRO_UC,1473,-2500,0,0.027344,0.025391,-0.039062,0.001953,0.000000,-0.003906
14979545,BNO_GYRO_UC,1474,-3200,0,0.021484,0.013672,-0.042969,0.001953,0.000000,-0.003906
14988872,BNO_GYRO_UC,1475,-3100,0,-0.009766,0.060547,-0.003906,0.001953,0.000000,-0.003906
14999491,BNO_GYRO_UC,1476,-3200,0,0.029297,0.011719,-0.058594,0.001953,0.000000,-0.003906
15008524,BNO_GYRO_UC,1477,-2500,0,0.101562,0.009766,-0.136719,0.001953,0.000000,-0.003906
15019634,BNO_GYRO_UC,1478,-3200,0,0.144531,0.037109,-0.183594,0.001953,0.000000,-0.003906
15029038,BNO_GYRO_UC,1479,-3200,0,0.138672,0.042969,-0.185547,0.001953,0.000000,-0.003906
15039555,BNO_GYRO_UC,1480,-3100,0,0.074219,-0.001953,-0.099609,0.001953,0.000000,-0.003906
15049694,BNO_GYRO_UC,1481,-3400,0,0.021484,-0.044922,-0.029297,0.001953,0.000000,-0.003906
15059044,BNO_GYRO_UC,1482,-3100,0,-0.005859,0.019531,-0.003906,0.001953,0.000000,-0.003906
15069422,BNO_GYRO_UC,1483,-3200,0,-0.023438,0.042969,0.009766,0.001953,0.000000,-0.003906
15079594,BNO_GYRO_UC,1484,-2900,0,-0.033203,0.048828,0.037109,0.001953,0.000000,-0.003906
15089940,BNO_GYRO_UC,1485,-3600,0,-0.029297,0.050781,0.029297,0.001953,0.000000,-0.003906
15099240,BNO_GYRO_UC,1486,-3100,0,-0.025391,0.062500,0.007812,0.001953,0.000000,-0.003906
15109724,BNO_GYRO_UC,1487,-3200,0,-0.003906,0.058594,-0.005859,0.001953,0.000000,-0.003906
15119622,BNO_GYRO_UC,1488,-2700,0,0.017578,0.048828,-0.017578,0.001953,0.000000,-0.003906
15129641,BNO_GYRO_UC,1489,-3200,0,0.037109,0.037109,-0.054688,0.001953,0.000000,-0.003906
15139324,BNO_GYRO_UC,1490,-3200,0,0.054688,0.013672,-0.076172,0.001953,0.000000,-0.003906
15150016,BNO_GYRO_UC,1491,-3200,0,0.048828,0.007812,-0.080078,0.001953,0.000000,-0.003906
15159907,BNO_GYRO_UC,1492,-2700,0,0.029297,0.023438,-0.050781,0.001953,0.000000,-0.003906
15170124,BNO_GYRO_UC,1493,-3200,0,0.019531,0.031250,-0.052734,0.001953,0.000000,-0.003906
15179486,BNO_GYRO_UC,1494,-3200,0,0.023438,0.068359,-0.048828,0.001953,0.000000,-0.003906
15190085,BNO_GYRO_UC,1495,-3200,0,0.013672,0.076172,-0.033203,0.001953,0.000000,-0.003906
15200071,BNO_GYRO_UC,1496,-2700,0,0.005859,0.080078,-0.029297,0.001953,0.000000,-0.003906
15210139,BNO_GYRO_UC,1497,-3200,0,-0.001953,0.101562,-0.025391,0.001953,0.000000,-0.003906
15219470,BNO_GYRO_UC,1498,-3200,0,0.013672,0.091797,-0.019531,0.001953,0.000000,-0.003906
15230108,BNO_GYRO_UC,1499,-3200,0,0.013672,0.101562,-0.003906,0.001953,0.000000,-0.003906
15240212,BNO_GYRO_UC,1500,-2700,0,0.007812,0.087891,-0.001953,0.001953,0.000000,-0.003906
15250454,BNO_GYRO_UC,1501,-3400,0,0.005859,0.062500,-0.003906,0.001953,0.000000,-0.003906
15259497,BNO_GYRO_UC,1502,-3100,0,0.017578,0.039062,-0.005859,0.001953,0.000000,-0.003906
15270359,BNO_GYRO_UC,1503,-3200,0,0.001953,0.027344,-0.013672,0.001953,0.000000,-0.003906
15280129,BNO_GYRO_UC,1504,-2700,0,0.007812,0.007812,-0.017578,0.001953,0.000000,-0.003906
15290475,BNO_GYRO_UC,1505,-3200,0,0.009766,-0.015625,-0.023438,0.001953,0.000000,-0.003906
15299763,BNO_GYRO_UC,1506,-3100,0,0.015625,0.013672,-0.017578,0.001953,0.000000,-0.003906
15310535,BNO_GYRO_UC,1507,-3200,0,0.011719,0.042969,-0.011719,0.001953,0.000000,-0.003906
15320410,BNO_GYRO_UC,1508,-2500,0,0.021484,0.041016,-0.009766,0.001953,0.000000,-0.003906
15330474,BNO_GYRO_UC,1509,-3200,0,0.017578,0.046875,-0.005859,0.001953,0.000000,-0.003906
15339669,BNO_GYRO_UC,1510,-3100,0,0.005859,0.074219,-0.005859,0.001953,0.000000,-0.003906
15350580,BNO_GYRO_UC,1511,-3200,0,0.015625,0.076172,-0.011719,0.001953,0.000000,-0.003906
15360497,BNO_GYRO_UC,1512,-2700,0,0.013672,0.031250,-0.033203,0.001953,0.000000,-0.003906
15370636,BNO_GYRO_UC,1513,-3200,0,0.021484,-0.001953,-0.039062,0.001953,0.000000,-0.003906
15379929,BNO_GYRO_UC,1514,-3200,0,0.017578,0.013672,-0.023438,0.001953,0.000000,-0.003906
15390016,BNO_GYRO_UC,1515,-3200,0,0.015625,0.027344,-0.021484,0.001953,0.000000,-0.003906
15400622,BNO_GYRO_UC,1516,-3400,0,0.021484,0.025391,-0.031250,0.001953,0.000000,-0.003906
15410718,BNO_GYRO_UC,1517,-3400,0,0.044922,0.019531,-0.048828,0.001953,0.000000,-0.003906
15419995,BNO_GYRO_UC,1518,-3200,0,0.050781,0.023438,-0.058594,0.001953,0.000000,-0.003906
15430057,BNO_GYRO_UC,1519,-3200,0,0.048828,0.021484,-0.070312,0.001953,0.000000,-0.003906
15441046,BNO_GYRO_UC,1520,-3800,0,0.050781,-0.005859,-0.070312,0.001953,0.000000,-0.003906
15450767,BNO_GYRO_UC,1521,-3400,0,0.044922,-0.035156,-0.062500,0.001953,0.000000,-0.003906
15460424,BNO_GYRO_UC,1522,-3200,0,0.037109,-0.060547,-0.041016,0.001953,0.000000,-0.003906
15470243,BNO_GYRO_UC,1523,-3200,0,0.029297,-0.078125,-0.031250,0.001953,0.000000,-0.003906
15480914,BNO_GYRO_UC,1524,-3400,0,0.003906,-0.097656,-0.019531,0.001953,0.000000,-0.003906
15491063,BNO_GYRO_UC,1525,-3400,0,-0.007812,-0.097656,0.000000,0.001953,0.000000,-0.003906
15500483,BNO_GYRO_UC,1526,-3400,0,-0.007812,-0.080078,0.003906,0.001953,0.000000,-0.003906
15510299,BNO_GYRO_UC,1527,-3200,0,-0.007812,-0.041016,-0.001953,0.001953,0.000000,-0.003906
15521296,BNO_GYRO_UC,1528,-3800,0,-0.001953,0.005859,-0.009766,0.001953,0.000000,-0.003906
15530974,BNO_GYRO_UC,1529,-3200,0,0.011719,0.029297,-0.005859,0.001953,0.000000,-0.003906
15540655,BNO_GYRO_UC,1530,-3400,0,0.013672,0.009766,-0.007812,0.001953,0.000000,-0.003906
15550434,BNO_GYRO_UC,1531,-3200,0,0.027344,-0.017578,-0.033203,0.001953,0.000000,-0.003906
15561262,BNO_GYRO_UC,1532,-3600,0,0.031250,-0.009766,-0.044922,0.001953,0.000000,-0.003906
15570976,BNO_GYRO_UC,1533,-3200,0,0.029297,-0.013672,-0.031250,0.001953,0.000000,-0.003906
15580462,BNO_GYRO_UC,1534,-3400,0,0.013672,-0.025391,-0.015625,0.001953,0.000000,-0.003906
15590509,BNO_GYRO_UC,1535,-3400,0,0.005859,-0.021484,-0.001953,0.001953,0.000000,-0.003906
15601557,BNO_GYRO_UC,1536,-4000,0,-0.013672,-0.037109,0.003906,0.001953,0.000000,-0.003906
15611171,BNO_GYRO_UC,1537,-3200,0,-0.015625,-0.078125,0.009766,0.001953,0.000000,-0.003906
15621011,BNO_GYRO_UC,1538,-3200,0,-0.015625,-0.099609,0.021484,0.001953,0.000000,-0.003906
15630285,BNO_GYRO_UC,1539,-3100,0,-0.023438,-0.048828,0.021484,0.001953,0.000000,-0.003906
15640803,BNO_GYRO_UC,1540,-3400,0,-0.013672,-0.017578,0.021484,0.001953,0.000000,-0.003906
15651156,BNO_GYRO_UC,1541,-3400,0,-0.007812,-0.009766,0.025391,0.001953,0.000000,-0.003906
15660425,BNO_GYRO_UC,1542,-3200,0,-0.015625,0.005859,0.019531,0.001953,0.000000,-0.003906
15671085,BNO_GYRO_UC,1543,-3100,0,-0.029297,0.037109,0.029297,0.001953,0.000000,-0.003906
15681768,BNO_GYRO_UC,1544,-3200,0,-0.031250,0.083984,0.076172,0.001953,0.000000,-0.003906
15691092,BNO_GYRO_UC,1545,-2900,0,-0.097656,0.107422,0.113281,0.001953,0.000000,-0.003906
15700034,BNO_GYRO_UC,1546,-2500,0,-0.138672,0.107422,0.162109,0.001953,0.000000,-0.003906
15710869,BNO_GYRO_UC,1547,-3200,0,-0.203125,0.146484,0.244141,0.001953,0.000000,-0.003906
15720650,BNO_GYRO_UC,1548,-3200,0,-0.277344,0.156250,0.330078,0.001953,0.000000,-0.003906
15730983,BNO_GYRO_UC,1549,-3100,0,-0.351562,0.083984,0.408203,0.001953,0.000000,-0.003906
15740325,BNO_GYRO_UC,1550,-2900,0,-0.376953,0.001953,0.486328,0.001953,0.000000,-0.003906
15750904,BNO_GYRO_UC,1551,-3100,0,-0.417969,-0.050781,0.539062,0.001953,0.000000,-0.003906
15760690,BNO_GYRO_UC,1552,-3100,0,-0.460938,-0.130859,0.585938,0.001953,0.000000,-0.003906
15771186,BNO_GYRO_UC,1553,-3200,0,-0.541016,-0.181641,0.625000,0.001953,0.000000,-0.003906
15780077,BNO_GYRO_UC,1554,-2500,0,-0.568359,-0.142578,0.681641,0.001953,0.000000,-0.003906
15791238,BNO_GYRO_UC,1555,-3200,0,-0.585938,-0.093750,0.736328,0.001953,0.000000,-0.003906
15800707,BNO_GYRO_UC,1556,-3100,0,-0.619141,-0.031250,0.773438,0.001953,0.000000,-0.003906
15812059,BNO_GYRO_UC,1557,-3600,0,-0.628906,0.125000,0.783203,0.001953,0.000000,-0.003906
15820936,BNO_GYRO_UC,1558,-3100,0,-0.482422,0.312500,0.617188,0.001953,0.000000,-0.003906
15830719,BNO_GYRO_UC,1559,-3100,0,-0.472656,0.246094,0.433594,0.001953,0.000000,-0.003906
15840854,BNO_GYRO_UC,1560,-3100,0,-0.353516,0.189453,0.324219,0.001953,0.000000,-0.003906
15851350,BNO_GYRO_UC,1561,-3200,0,-0.205078,0.134766,0.230469,0.001953,0.000000,-0.003906
15860597,BNO_GYRO_UC,1562,-2700,0,-0.146484,0.074219,0.158203,0.001953,0.000000,-0.003906
15871462,BNO_GYRO_UC,1563,-3200,0,-0.066406,0.021484,0.087891,0.001953,0.000000,-0.003906
15880799,BNO_GYRO_UC,1564,-3100,0,0.027344,0.001953,-0.021484,0.001953,0.000000,-0.003906
15891399,BNO_GYRO_UC,1565,-3100,0,0.228516,-0.089844,-0.208984,0.001953,0.000000,-0.003906
15900493,BNO_GYRO_UC,1566,-2700,0,0.339844,-0.218750,-0.414062,0.001953,0.000000,-0.003906
15911492,BNO_GYRO_UC,1567,-3200,0,0.437500,-0.244141,-0.556641,0.001953,0.000000,-0.003906
15921154,BNO_GYRO_UC,1568,-3200,0,0.525391,-0.212891,-0.667969,0.001953,0.000000,-0.003906
15931446,BNO_GYRO_UC,1569,-2900,0,0.539062,-0.109375,-0.716797,0.001953,0.000000,-0.003906
15940632,BNO_GYRO_UC,1570,-2700,0,0.542969,-0.027344,-0.689453,0.001953,0.000000,-0.003906
15951455,BNO_GYRO_UC,1571,-3200,0,0.457031,0.041016,-0.582031,0.001953,0.000000,-0.003906
15962012,BNO_GYRO_UC,1572,-3400,0,0.341797,0.072266,-0.406250,0.001953,0.000000,-0.003906
15971485,BNO_GYRO_UC,1573,-2300,0,0.158203,0.052734,-0.179688,0.001953,0.000000,-0.003906
15980581,BNO_GYRO_UC,1574,-2700,0,-0.031250,0.085938,0.054688,0.001953,0.000000,-0.003906
15991680,BNO_GYRO_UC,1575,-3200,0,-0.152344,0.097656,0.259766,0.001953,0.000000,-0.003906
16001373,BNO_GYRO_UC,1576,-3200,0,-0.310547,0.072266,0.386719,0.001953,0.000000,-0.003906
16011688,BNO_GYRO_UC,1577,-3100,0,-0.380859,0.054688,0.439453,0.001953,0.000000,-0.003906
16020707,BNO_GYRO_UC,1578,-2500,0,-0.359375,0.027344,0.441406,0.001953,0.000000,-0.003906
16031901,BNO_GYRO_UC,1579,-3200,0,-0.324219,0.011719,0.410156,0.001953,0.000000,-0.003906
16041335,BNO_GYRO_UC,1580,-3100,0,-0.298828,0.025391,0.373047,0.001953,0.000000,-0.003906
16051758,BNO_GYRO_UC,1581,-3100,0,-0.269531,0.039062,0.351562,0.001953,0.000000,-0.003906
16061511,BNO_GYRO_UC,1582,-3100,0,-0.240234,0.048828,0.335938,0.001953,0.000000,-0.003906
16071451,BNO_GYRO_UC,1583,-3200,0,-0.222656,0.064453,0.306641,0.001953,0.000000,-0.003906
16081831,BNO_GYRO_UC,1584,-3200,0,-0.195312,0.076172,0.259766,0.001953,0.000000,-0.003906
16091887,BNO_GYRO_UC,1585,-2900,0,-0.171875,0.101562,0.214844,0.001953,0.000000,-0.003906
16102200,BNO_GYRO_UC,1586,-3200,0,-0.150391,0.126953,0.177734,0.001953,0.000000,-0.003906
16111415,BNO_GYRO_UC,1587,-3100,0,-0.126953,0.134766,0.138672,0.001953,0.000000,-0.003906
16121808,BNO_GYRO_UC,1588,-3200,0,-0.078125,0.105469,0.093750,0.001953,0.000000,-0.003906
16131973,BNO_GYRO_UC,1589,-2900,0,-0.058594,0.082031,0.058594,0.001953,0.000000,-0.003906
16142106,BNO_GYRO_UC,1590,-3400,0,-0.056641,0.048828,0.021484,0.001953,0.000000,-0.003906
16151621,BNO_GYRO_UC,1591,-3100,0,-0.023438,0.007812,0.009766,0.001953,0.000000,-0.003906
16162018,BNO_GYRO_UC,1592,-3200,0,0.076172,-0.029297,0.017578,0.001953,0.000000,-0.003906
16171938,BNO_GYRO_UC,1593,-2500,0,0.039062,-0.015625,0.025391,0.001953,0.000000,-0.003906
16182300,BNO_GYRO_UC,1594,-3200,0,-0.007812,-0.005859,-0.007812,0.001953,0.000000,-0.003906
16191503,BNO_GYRO_UC,1595,-3100,0,-0.009766,-0.042969,0.000000,0.001953,0.000000,-0.003906
16201997,BNO_GYRO_UC,1596,-3100,0,-0.017578,-0.072266,0.025391,0.001953,0.000000,-0.003906
16212117,BNO_GYRO_UC,1597,-2700,0,-0.031250,-0.072266,0.041016,0.001953,0.000000,-0.003906
16222274,BNO_GYRO_UC,1598,-3200,0,-0.035156,-0.050781,0.044922,0.001953,0.000000,-0.003906
16231745,BNO_GYRO_UC,1599,-3200,0,-0.046875,-0.029297,0.048828,0.001953,0.000000,-0.003906
16242504,BNO_GYRO_UC,1600,-3200,0,-0.050781,-0.019531,0.048828,0.001953,0.000000,-0.003906
16252415,BNO_GYRO_UC,1601,-2700,0,-0.050781,-0.027344,0.056641,0.001953,0.000000,-0.003906
16262530,BNO_GYRO_UC,1602,-3200,0,-0.046875,-0.015625,0.054688,0.001953,0.000000,-0.003906
16271906,BNO_GYRO_UC,1603,-3200,0,-0.027344,-0.007812,0.041016,0.001953,0.000000,-0.003906
16282642,BNO_GYRO_UC,1604,-3200,0,-0.013672,0.003906,0.027344,0.001953,0.000000,-0.003906
16292409,BNO_GYRO_UC,1605,-2700,0,-0.007812,0.013672,0.011719,0.001953,0.000000,-0.003906
16302722,BNO_GYRO_UC,1606,-3200,0,-0.003906,0.029297,0.000000,0.001953,0.000000,-0.003906
16311832,BNO_GYRO_UC,1607,-3100,0,-0.005859,0.021484,-0.003906,0.001953,0.000000,-0.003906
16322621,BNO_GYRO_UC,1608,-3200,0,0.009766,0.005859,-0.011719,0.001953,0.000000,-0.003906
16332576,BNO_GYRO_UC,1609,-2700,0,0.009766,0.021484,-0.021484,0.001953,0.000000,-0.003906
16342682,BNO_GYRO_UC,1610,-3200,0,0.019531,0.025391,-0.025391,0.001953,0.000000,-0.003906
16351870,BNO_GYRO_UC,1611,-3100,0,0.027344,0.019531,-0.033203,0.001953,0.000000,-0.003906
16362668,BNO_GYRO_UC,1612,-3200,0,0.019531,0.015625,-0.031250,0.001953,0.000000,-0.003906
16373095,BNO_GYRO_UC,1613,-3200,0,0.015625,0.009766,-0.031250,0.001953,0.000000,-0.003906
16382682,BNO_GYRO_UC,1614,-3400,0,0.011719,0.019531,-0.025391,0.001953,0.000000,-0.003906
16392238,BNO_GYRO_UC,1615,-3100,0,0.005859,0.046875,-0.015625,0.001953,0.000000,-0.003906
16402891,BNO_GYRO_UC,1616,-3200,0,-0.001953,0.048828,0.003906,0.001953,0.000000,-0.003906
16413388,BNO_GYRO_UC,1617,-3200,0,-0.005859,0.029297,0.011719,0.001953,0.000000,-0.003906
16422795,BNO_GYRO_UC,1618,-3400,0,-0.003906,0.039062,0.009766,0.001953,0.000000,-0.003906
16432407,BNO_GYRO_UC,1619,-3100,0,0.000000,0.048828,0.005859,0.001953,0.000000,-0.003906
16443053,BNO_GYRO_UC,1620,-3200,0,-0.001953,0.044922,0.007812,0.001953,0.000000,-0.003906
16452947,BNO_GYRO_UC,1621,-2700,0,-0.013672,0.060547,0.025391,0.001953,0.000000,-0.003906
16463083,BNO_GYRO_UC,1622,-3400,0,-0.033203,0.066406,0.044922,0.001953,0.000000,-0.003906
16472430,BNO_GYRO_UC,1623,-3200,0,-0.037109,0.060547,0.050781,0.001953,0.000000,-0.003906
16482271,BNO_GYRO_UC,1624,-3100,0,-0.046875,0.041016,0.052734,0.001953,0.000000,-0.003906
16492992,BNO_GYRO_UC,1625,-3400,0,-0.029297,0.037109,0.048828,0.001953,0.000000,-0.003906
16503435,BNO_GYRO_UC,1626,-3800,0,-0.029297,0.042969,0.042969,0.001953,0.000000,-0.003906
16512692,BNO_GYRO_UC,1627,-3100,0,-0.039062,0.046875,0.039062,0.001953,0.000000,-0.003906
16522320,BNO_GYRO_UC,1628,-3100,0,0.000000,0.085938,0.007812,0.001953,0.000000,-0.003906
16532724,BNO_GYRO_UC,1629,-3400,0,0.023438,0.060547,-0.019531,0.001953,0.000000,-0.003906
16543213,BNO_GYRO_UC,1630,-3400,0,0.044922,-0.033203,-0.035156,0.001953,0.000000,-0.003906
16552440,BNO_GYRO_UC,1631,-3100,0,-0.001953,-0.087891,-0.042969,0.001953,0.000000,-0.003906
16563247,BNO_GYRO_UC,1632,-3200,0,0.021484,-0.091797,-0.029297,0.001953,0.000000,-0.003906
16572979,BNO_GYRO_UC,1633,-3600,0,0.025391,-0.052734,-0.021484,0.001953,0.000000,-0.003906
16583477,BNO_GYRO_UC,1634,-3400,0,0.015625,-0.029297,-0.013672,0.001953,0.000000,-0.003906
16592612,BNO_GYRO_UC,1635,-3200,0,0.005859,-0.044922,0.003906,0.001953,0.000000,-0.003906
16602479,BNO_GYRO_UC,1636,-3200,0,0.025391,-0.048828,-0.003906,0.001953,0.000000,-0.003906
16613376,BNO_GYRO_UC,1637,-3600,0,0.041016,-0.013672,-0.042969,0.001953,0.000000,-0.003906
16623002,BNO_GYRO_UC,1638,-2700,0,0.087891,0.033203,-0.105469,0.001953,0.000000,-0.003906
16632599,BNO_GYRO_UC,1639,-3100,0,0.150391,0.091797,-0.169922,0.001953,0.000000,-0.003906
16643335,BNO_GYRO_UC,1640,-3200,0,0.201172,0.158203,-0.228516,0.001953,0.000000,-0.003906
16653838,BNO_GYRO_UC,1641,-3200,0,0.193359,0.220703,-0.240234,0.001953,0.000000,-0.003906
16663247,BNO_GYRO_UC,1642,-2700,0,0.179688,0.277344,-0.199219,0.001953,0.000000,-0.003906
16673059,BNO_GYRO_UC,1643,-3100,0,0.115234,0.292969,-0.146484,0.001953,0.000000,-0.003906
16682738,BNO_GYRO_UC,1644,-3200,0,0.089844,0.277344,-0.080078,0.001953,0.000000,-0.003906
16693149,BNO_GYRO_UC,1645,-3400,0,0.037109,0.250000,-0.062500,0.001953,0.000000,-0.003906
16703466,BNO_GYRO_UC,1646,-3400,0,0.091797,0.140625,-0.041016,0.001953,0.000000,-0.003906
16712376,BNO_GYRO_UC,1647,-2700,0,0.107422,0.068359,-0.056641,0.001953,0.000000,-0.003906
16723012,BNO_GYRO_UC,1648,-3200,0,0.119141,0.021484,-0.095703,0.001953,0.000000,-0.003906
16732891,BNO_GYRO_UC,1649,-3100,0,0.158203,0.000000,-0.132812,0.001953,0.000000,-0.003906
16743381,BNO_GYRO_UC,1650,-3200,0,0.138672,0.009766,-0.191406,0.001953,0.000000,-0.003906
16752246,BNO_GYRO_UC,1651,-2700,0,0.160156,-0.001953,-0.216797,0.001953,0.000000,-0.003906
16763178,BNO_GYRO_UC,1652,-3200,0,0.144531,0.007812,-0.236328,0.001953,0.000000,-0.003906
16772987,BNO_GYRO_UC,1653,-3200,0,0.150391,-0.017578,-0.218750,0.001953,0.000000,-0.003906
16783416,BNO_GYRO_UC,1654,-3200,0,0.107422,-0.007812,-0.181641,0.001953,0.000000,-0.003906
16792569,BNO_GYRO_UC,1655,-2700,0,0.087891,-0.007812,-0.109375,0.001953,0.000000,-0.003906
16803477,BNO_GYRO_UC,1656,-3200,0,0.039062,0.017578,-0.046875,0.001953,0.000000,-0.003906
16813037,BNO_GYRO_UC,1657,-3100,0,0.003906,0.031250,-0.001953,0.001953,0.000000,-0.003906
16823489,BNO_GYRO_UC,1658,-3200,0,-0.021484,0.029297,0.025391,0.001953,0.000000,-0.003906
16832672,BNO_GYRO_UC,1659,-2700,0,-0.052734,0.001953,0.042969,0.001953,0.000000,-0.003906
16843408,BNO_GYRO_UC,1660,-3200,0,-0.054688,-0.011719,0.054688,0.001953,0.000000,-0.003906
16853240,BNO_GYRO_UC,1661,-3200,0,-0.042969,-0.013672,0.048828,0.001953,0.000000,-0.003906
16863623,BNO_GYRO_UC,1662,-3100,0,-0.027344,-0.013672,0.021484,0.001953,0.000000,-0.003906
16872596,BNO_GYRO_UC,1663,-2700,0,-0.023438,-0.019531,0.021484,0.001953,0.000000,-0.003906
16883693,BNO_GYRO_UC,1664,-3200,0,-0.031250,-0.039062,0.033203,0.001953,0.000000,-0.003906
16893259,BNO_GYRO_UC,1665,-3100,0,-0.033203,-0.048828,0.031250,0.001953,0.000000,-0.003906
16903574,BNO_GYRO_UC,1666,-3200,0,-0.031250,-0.050781,0.025391,0.001953,0.000000,-0.003906
16913104,BNO_GYRO_UC,1667,-3100,0,-0.017578,-0.058594,0.015625,0.001953,0.000000,-0.003906
16923989,BNO_GYRO_UC,1668,-3200,0,-0.007812,-0.066406,0.001953,0.001953,0.000000,-0.003906
16933255,BNO_GYRO_UC,1669,-3100,0,0.003906,-0.054688,-0.007812,0.001953,0.000000,-0.003906
16943709,BNO_GYRO_UC,1670,-3200,0,0.009766,-0.033203,-0.011719,0.001953,0.000000,-0.003906
16952728,BNO_GYRO_UC,1671,-2500,0,0.015625,-0.019531,-0.015625,0.001953,0.000000,-0.003906
16963657,BNO_GYRO_UC,1672,-3100,0,0.017578,-0.003906,-0.023438,0.001953,0.000000,-0.003906
16973279,BNO_GYRO_UC,1673,-3100,0,0.015625,0.003906,-0.017578,0.001953,0.000000,-0.003906
16983841,BNO_GYRO_UC,1674,-3100,0,0.005859,-0.007812,-0.011719,0.001953,0.000000,-0.003906
16993510,BNO_GYRO_UC,1675,-3100,0,0.011719,-0.009766,-0.013672,0.001953,0.000000,-0.003906
17003361,BNO_GYRO_UC,1676,-3200,0,0.025391,0.013672,-0.031250,0.001953,0.000000,-0.003906
17013797,BNO_GYRO_UC,1677,-3200,0,0.027344,0.029297,-0.037109,0.001953,0.000000,-0.003906
17023905,BNO_GYRO_UC,1678,-2900,0,0.029297,0.031250,-0.039062,0.001953,0.000000,-0.003906
17033671,BNO_GYRO_UC,1679,-3100,0,0.037109,0.044922,-0.035156,0.001953,0.000000,-0.003906
17043642,BNO_GYRO_UC,1680,-3200,0,0.044922,0.058594,-0.050781,0.001953,0.000000,-0.003906
17054104,BNO_GYRO_UC,1681,-3200,0,0.048828,0.056641,-0.052734,0.001953,0.000000,-0.003906
17064002,BNO_GYRO_UC,1682,-2700,0,0.041016,0.076172,-0.044922,0.001953,0.000000,-0.003906
17074023,BNO_GYRO_UC,1683,-3200,0,0.033203,0.091797,-0.039062,0.001953,0.000000,-0.003906
17083669,BNO_GYRO_UC,1684,-3200,0,0.011719,0.076172,-0.015625,0.001953,0.000000,-0.003906
17093974,BNO_GYRO_UC,1685,-3200,0,-0.007812,0.031250,0.009766,0.001953,0.000000,-0.003906
17104249,BNO_GYRO_UC,1686,-2900,0,-0.003906,0.015625,0.011719,0.001953,0.000000,-0.003906
17114409,BNO_GYRO_UC,1687,-3400,0,0.003906,0.013672,0.001953,0.001953,0.000000,-0.003906
17123734,BNO_GYRO_UC,1688,-3200,0,0.001953,0.025391,-0.009766,0.001953,0.000000,-0.003906
17134248,BNO_GYRO_UC,1689,-3200,0,0.013672,0.021484,-0.015625,0.001953,0.000000,-0.003906
17144152,BNO_GYRO_UC,1690,-2900,0,0.013672,0.013672,-0.015625,0.001953,0.000000,-0.003906
17154323,BNO_GYRO_UC,1691,-3200,0,0.001953,0.029297,-0.003906,0.001953,0.000000,-0.003906
17163828,BNO_GYRO_UC,1692,-3100,0,-0.005859,0.021484,0.007812,0.001953,0.000000,-0.003906
17174364,BNO_GYRO_UC,1693,-3200,0,-0.025391,-0.009766,0.027344,0.001953,0.000000,-0.003906
17184461,BNO_GYRO_UC,1694,-2700,0,-0.031250,-0.023438,0.033203,0.001953,0.000000,-0.003906
17194705,BNO_GYRO_UC,1695,-3200,0,-0.041016,-0.015625,0.044922,0.001953,0.000000,-0.003906
17203923,BNO_GYRO_UC,1696,-3200,0,-0.039062,-0.019531,0.042969,0.001953,0.000000,-0.003906
17214581,BNO_GYRO_UC,1697,-3100,0,-0.042969,-0.033203,0.039062,0.001953,0.000000,-0.003906
17225179,BNO_GYRO_UC,1698,-3200,0,-0.017578,-0.042969,0.033203,0.001953,0.000000,-0.003906
17234578,BNO_GYRO_UC,1699,-3200,0,-0.017578,-0.035156,0.013672,0.001953,0.000000,-0.003906
17244009,BNO_GYRO_UC,1700,-3100,0,0.009766,-0.013672,-0.001953,0.001953,0.000000,-0.003906
17254542,BNO_GYRO_UC,1701,-3200,0,0.025391,0.003906,-0.033203,0.001953,0.000000,-0.003906
17264516,BNO_GYRO_UC,1702,-2700,0,0.056641,-0.005859,-0.066406,0.001953,0.000000,-0.003906
17274698,BNO_GYRO_UC,1703,-3200,0,0.056641,-0.021484,-0.091797,0.001953,0.000000,-0.003906
17284092,BNO_GYRO_UC,1704,-3200,0,0.076172,-0.074219,-0.103516,0.001953,0.000000,-0.003906
17294622,BNO_GYRO_UC,1705,-3100,0,0.078125,-0.125000,-0.101562,0.001953,0.000000,-0.003906
17305198,BNO_GYRO_UC,1706,-3200,0,0.097656,-0.171875,-0.105469,0.001953,0.000000,-0.003906
17314720,BNO_GYRO_UC,1707,-3400,0,0.101562,-0.203125,-0.115234,0.001953,0.000000,-0.003906
17324528,BNO_GYRO_UC,1708,-3200,0,0.101562,-0.195312,-0.117188,0.001953,0.000000,-0.003906
17334245,BNO_GYRO_UC,1709,-3200,0,0.091797,-0.169922,-0.126953,0.001953,0.000000,-0.003906
17344812,BNO_GYRO_UC,1710,-3400,0,0.119141,-0.144531,-0.134766,0.001953,0.000000,-0.003906
17355101,BNO_GYRO_UC,1711,-3200,0,0.119141,-0.107422,-0.156250,0.001953,0.000000,-0.003906
17364090,BNO_GYRO_UC,1712,-3100,0,0.150391,-0.058594,-0.169922,0.001953,0.000000,-0.003906
17374951,BNO_GYRO_UC,1713,-3200,0,0.169922,-0.001953,-0.191406,0.001953,0.000000,-0.003906
17385391,BNO_GYRO_UC,1714,-3100,0,0.220703,-0.017578,-0.222656,0.001953,0.000000,-0.003906
17394745,BNO_GYRO_UC,1715,-3200,0,0.287109,-0.003906,-0.265625,0.001953,0.000000,-0.003906
17404041,BNO_GYRO_UC,1716,-2900,0,0.279297,0.039062,-0.337891,0.001953,0.000000,-0.003906
17414967,BNO_GYRO_UC,1717,-3200,0,0.285156,0.031250,-0.388672,0.001953,0.000000,-0.003906
17425551,BNO_GYRO_UC,1718,-3400,0,0.294922,-0.003906,-0.384766,0.001953,0.000000,-0.003906
17435014,BNO_GYRO_UC,1719,-3200,0,0.281250,-0.060547,-0.341797,0.001953,0.000000,-0.003906
17444401,BNO_GYRO_UC,1720,-2900,0,0.222656,-0.080078,-0.283203,0.001953,0.000000,-0.003906
17454419,BNO_GYRO_UC,1721,-3100,0,0.193359,-0.085938,-0.234375,0.001953,0.000000,-0.003906
17465107,BNO_GYRO_UC,1722,-3400,0,0.156250,-0.087891,-0.203125,0.001953,0.000000,-0.003906
17475548,BNO_GYRO_UC,1723,-3800,0,0.171875,-0.082031,-0.171875,0.001953,0.000000,-0.003906
17484629,BNO_GYRO_UC,1724,-3200,0,0.140625,-0.076172,-0.173828,0.001953,0.000000,-0.003906
17494522,BNO_GYRO_UC,1725,-3100,0,0.130859,-0.099609,-0.169922,0.001953,0.000000,-0.003906
17504858,BNO_GYRO_UC,1726,-3400,0,0.115234,-0.080078,-0.152344,0.001953,0.000000,-0.003906
17515228,BNO_GYRO_UC,1727,-3400,0,0.091797,-0.048828,-0.105469,0.001953,0.000000,-0.003906
17524612,BNO_GYRO_UC,1728,-3200,0,0.046875,0.005859,-0.062500,0.001953,0.000000,-0.003906
17534479,BNO_GYRO_UC,1729,-3100,0,0.015625,0.015625,-0.019531,0.001953,0.000000,-0.003906
17544972,BNO_GYRO_UC,1730,-3400,0,0.007812,0.017578,-0.011719,0.001953,0.000000,-0.003906
17555491,BNO_GYRO_UC,1731,-3600,0,0.015625,0.048828,-0.015625,0.001953,0.000000,-0.003906
17564737,BNO_GYRO_UC,1732,-3100,0,0.015625,0.078125,-0.031250,0.001953,0.000000,-0.003906
17574551,BNO_GYRO_UC,1733,-3100,0,0.046875,0.066406,-0.042969,0.001953,0.000000,-0.003906
17585087,BNO_GYRO_UC,1734,-3600,0,0.048828,0.058594,-0.050781,0.001953,0.000000,-0.003906
17595569,BNO_GYRO_UC,1735,-3600,0,0.044922,0.042969,-0.056641,0.001953,0.000000,-0.003906
17604792,BNO_GYRO_UC,1736,-3100,0,0.041016,0.027344,-0.052734,0.001953,0.000000,-0.003906
17615626,BNO_GYRO_UC,1737,-3200,0,0.039062,0.001953,-0.037109,0.001953,0.000000,-0.003906
17625279,BNO_GYRO_UC,1738,-3400,0,0.009766,-0.023438,-0.019531,0.001953,0.000000,-0.003906
17635696,BNO_GYRO_UC,1739,-3600,0,-0.013672,-0.044922,-0.005859,0.001953,0.000000,-0.003906
17644869,BNO_GYRO_UC,1740,-3100,0,-0.011719,-0.056641,0.009766,0.001953,0.000000,-0.003906
17654871,BNO_GYRO_UC,1741,-3100,0,-0.009766,-0.056641,0.015625,0.001953,0.000000,-0.003906
17664792,BNO_GYRO_UC,1742,-3200,0,0.003906,-0.070312,0.005859,0.001953,0.000000,-0.003906
17675407,BNO_GYRO_UC,1743,-3200,0,-0.003906,-0.089844,-0.009766,0.001953,0.000000,-0.003906
17684284,BNO_GYRO_UC,1744,-2700,0,0.015625,-0.109375,-0.009766,0.001953,0.000000,-0.003906
17695242,BNO_GYRO_UC,1745,-3200,0,0.001953,-0.132812,-0.003906,0.001953,0.000000,-0.003906
17705003,BNO_GYRO_UC,1746,-3200,0,-0.019531,-0.140625,0.017578,0.001953,0.000000,-0.003906
17715387,BNO_GYRO_UC,1747,-3200,0,-0.027344,-0.146484,0.033203,0.001953,0.000000,-0.003906
17724377,BNO_GYRO_UC,1748,-2500,0,-0.021484,-0.146484,0.029297,0.001953,0.000000,-0.003906
17735539,BNO_GYRO_UC,1749,-3200,0,-0.021484,-0.158203,0.017578,0.001953,0.000000,-0.003906
17745120,BNO_GYRO_UC,1750,-3200,0,-0.009766,-0.126953,0.009766,0.001953,0.000000,-0.003906
17755619,BNO_GYRO_UC,1751,-3200,0,-0.007812,-0.042969,0.001953,0.001953,0.000000,-0.003906
17765300,BNO_GYRO_UC,1752,-3200,0,-0.015625,0.064453,0.005859,0.001953,0.000000,-0.003906
17775154,BNO_GYRO_UC,1753,-3100,0,-0.009766,0.119141,0.001953,0.001953,0.000000,-0.003906
17785220,BNO_GYRO_UC,1754,-3200,0,-0.007812,0.113281,0.005859,0.001953,0.000000,-0.003906
17795649,BNO_GYRO_UC,1755,-3200,0,-0.021484,0.138672,0.021484,0.001953,0.000000,-0.003906
17804637,BNO_GYRO_UC,1756,-2700,0,0.005859,0.232422,-0.001953,0.001953,0.000000,-0.003906
17815678,BNO_GYRO_UC,1757,-3200,0,0.019531,0.167969,-0.037109,0.001953,0.000000,-0.003906
17825141,BNO_GYRO_UC,1758,-3200,0,0.025391,0.029297,-0.027344,0.001953,0.000000,-0.003906
17835639,BNO_GYRO_UC,1759,-3100,0,0.013672,-0.017578,-0.005859,0.001953,0.000000,-0.003906
17844932,BNO_GYRO_UC,1760,-2900,0,0.005859,0.005859,-0.011719,0.001953,0.000000,-0.003906
17855718,BNO_GYRO_UC,1761,-3200,0,0.031250,-0.017578,-0.054688,0.001953,0.000000,-0.003906
17865319,BNO_GYRO_UC,1762,-3100,0,0.111328,-0.066406,-0.117188,0.001953,0.000000,-0.003906
17875770,BNO_GYRO_UC,1763,-3200,0,0.171875,-0.091797,-0.205078,0.001953,0.000000,-0.003906
17885471,BNO_GYRO_UC,1764,-3100,0,0.214844,-0.113281,-0.267578,0.001953,0.000000,-0.003906
17895401,BNO_GYRO_UC,1765,-3100,0,0.255859,-0.097656,-0.304688,0.001953,0.000000,-0.003906
17905477,BNO_GYRO_UC,1766,-3200,0,0.298828,-0.083984,-0.339844,0.001953,0.000000,-0.003906
17915913,BNO_GYRO_UC,1767,-3100,0,0.292969,-0.074219,-0.361328,0.001953,0.000000,-0.003906
17924938,BNO_GYRO_UC,1768,-2700,0,0.289062,-0.062500,-0.339844,0.001953,0.000000,-0.003906
17935947,BNO_GYRO_UC,1769,-3100,0,0.201172,-0.058594,-0.263672,0.001953,0.000000,-0.003906
17946468,BNO_GYRO_UC,1770,-3400,0,0.134766,-0.042969,-0.191406,0.001953,0.000000,-0.003906
17956112,BNO_GYRO_UC,1771,-2500,0,0.119141,-0.031250,-0.144531,0.001953,0.000000,-0.003906
17965620,BNO_GYRO_UC,1772,-3100,0,0.125000,-0.062500,-0.132812,0.001953,0.000000,-0.003906
17975467,BNO_GYRO_UC,1773,-3100,0,0.125000,-0.099609,-0.158203,0.001953,0.000000,-0.003906
17985812,BNO_GYRO_UC,1774,-3200,0,0.142578,-0.136719,-0.175781,0.001953,0.000000,-0.003906
17996058,BNO_GYRO_UC,1775,-2900,0,0.154297,-0.146484,-0.166016,0.001953,0.000000,-0.003906
18006190,BNO_GYRO_UC,1776,-3400,0,0.134766,-0.126953,-0.167969,0.001953,0.000000,-0.003906
18015708,BNO_GYRO_UC,1777,-3100,0,0.140625,-0.089844,-0.173828,0.001953,0.000000,-0.003906
18026141,BNO_GYRO_UC,1778,-3200,0,0.146484,-0.072266,-0.191406,0.001953,0.000000,-0.003906
18036089,BNO_GYRO_UC,1779,-2900,0,0.173828,-0.080078,-0.193359,0.001953,0.000000,-0.003906
18046259,BNO_GYRO_UC,1780,-3200,0,0.146484,-0.058594,-0.175781,0.001953,0.000000,-0.003906
18055627,BNO_GYRO_UC,1781,-3100,0,0.076172,-0.041016,-0.126953,0.001953,0.000000,-0.003906
18066407,BNO_GYRO_UC,1782,-3200,0,0.046875,-0.048828,-0.031250,0.001953,0.000000,-0.003906
18076291,BNO_GYRO_UC,1783,-2700,0,-0.013672,-0.013672,0.044922,0.001953,0.000000,-0.003906
18086588,BNO_GYRO_UC,1784,-3400,0,-0.078125,0.027344,0.068359,0.001953,0.000000,-0.003906
18095806,BNO_GYRO_UC,1785,-3200,0,-0.048828,0.039062,0.054688,0.001953,0.000000,-0.003906
18106222,BNO_GYRO_UC,1786,-3100,0,-0.005859,0.050781,0.007812,0.001953,0.000000,-0.003906
18116358,BNO_GYRO_UC,1787,-2900,0,0.039062,0.064453,-0.037109,0.001953,0.000000,-0.003906
18126627,BNO_GYRO_UC,1788,-3200,0,0.054688,0.068359,-0.064453,0.001953,0.000000,-0.003906
18136032,BNO_GYRO_UC,1789,-3200,0,0.056641,0.037109,-0.078125,0.001953,0.000000,-0.003906
18146524,BNO_GYRO_UC,1790,-3200,0,0.048828,0.005859,-0.072266,0.001953,0.000000,-0.003906
18156519,BNO_GYRO_UC,1791,-2900,0,0.046875,0.001953,-0.062500,0.001953,0.000000,-0.003906
18166794,BNO_GYRO_UC,1792,-3400,0,0.060547,-0.029297,-0.056641,0.001953,0.000000,-0.003906
18176044,BNO_GYRO_UC,1793,-3200,0,0.037109,-0.058594,-0.064453,0.001953,0.000000,-0.003906
18186617,BNO_GYRO_UC,1794,-3200,0,0.033203,-0.052734,-0.050781,0.001953,0.000000,-0.003906
18196624,BNO_GYRO_UC,1795,-2700,0,0.027344,-0.042969,-0.027344,0.001953,0.000000,-0.003906
18206780,BNO_GYRO_UC,1796,-3200,0,0.000000,-0.046875,-0.015625,0.001953,0.000000,-0.003906
18216160,BNO_GYRO_UC,1797,-3100,0,0.009766,-0.072266,-0.009766,0.001953,0.000000,-0.003906
18226929,BNO_GYRO_UC,1798,-3200,0,0.013672,-0.054688,-0.015625,0.001953,0.000000,-0.003906
18236812,BNO_GYRO_UC,1799,-2700,0,0.003906,-0.011719,-0.017578,0.001953,0.000000,-0.003906
18246966,BNO_GYRO_UC,1800,-3200,0,0.021484,-0.009766,-0.019531,0.001953,0.000000,-0.003906
18256304,BNO_GYRO_UC,1801,-3200,0,0.021484,-0.005859,-0.019531,0.001953,0.000000,-0.003906
18266847,BNO_GYRO_UC,1802,-3200,0,0.019531,0.019531,-0.027344,0.001953,0.000000,-0.003906
18276730,BNO_GYRO_UC,1803,-2500,0,0.021484,0.033203,-0.033203,0.001953,0.000000,-0.003906
18286865,BNO_GYRO_UC,1804,-3200,0,0.027344,0.009766,-0.031250,0.001953,0.000000,-0.003906
18296166,BNO_GYRO_UC,1805,-3100,0,0.031250,0.013672,-0.029297,0.001953,0.000000,-0.003906
18307022,BNO_GYRO_UC,1806,-3100,0,0.023438,0.013672,-0.029297,0.001953,0.000000,-0.003906
18317093,BNO_GYRO_UC,1807,-2900,0,0.005859,0.005859,-0.021484,0.001953,0.000000,-0.003906
18327292,BNO_GYRO_UC,1808,-3400,0,0.001953,0.017578,-0.005859,0.001953,0.000000,-0.003906
18336649,BNO_GYRO_UC,1809,-3100,0,0.005859,0.001953,-0.003906,0.001953,0.000000,-0.003906
18346380,BNO_GYRO_UC,1810,-3100,0,0.001953,-0.027344,-0.011719,0.001953,0.000000,-0.003906
18356965,BNO_GYRO_UC,1811,-3200,0,0.003906,-0.029297,-0.005859,0.001953,0.000000,-0.003906
18367309,BNO_GYRO_UC,1812,-3400,0,0.003906,-0.007812,-0.001953,0.001953,0.000000,-0.003906
18376689,BNO_GYRO_UC,1813,-3200,0,0.000000,0.007812,-0.003906,0.001953,0.000000,-0.003906
18386496,BNO_GYRO_UC,1814,-3100,0,0.003906,0.007812,-0.005859,0.001953,0.000000,-0.003906
18397225,BNO_GYRO_UC,1815,-3400,0,-0.003906,0.033203,0.003906,0.001953,0.000000,-0.003906
18407004,BNO_GYRO_UC,1816,-2900,0,-0.013672,0.056641,0.003906,0.001953,0.000000,-0.003906
18416606,BNO_GYRO_UC,1817,-3200,0,-0.005859,0.060547,0.003906,0.001953,0.000000,-0.003906
18426650,BNO_GYRO_UC,1818,-3200,0,-0.003906,0.058594,0.003906,0.001953,0.000000,-0.003906
18437346,BNO_GYRO_UC,1819,-3400,0,0.015625,0.046875,-0.009766,0.001953,0.000000,-0.003906
18447556,BNO_GYRO_UC,1820,-3200,0,0.015625,0.042969,-0.027344,0.001953,0.000000,-0.003906
18456868,BNO_GYRO_UC,1821,-3100,0,0.037109,0.025391,-0.042969,0.001953,0.000000,-0.003906
18466698,BNO_GYRO_UC,1822,-3200,0,0.044922,0.003906,-0.052734,0.001953,0.000000,-0.003906
18477068,BNO_GYRO_UC,1823,-3400,0,0.042969,0.007812,-0.064453,0.001953,0.000000,-0.003906
18487671,BNO_GYRO_UC,1824,-3600,0,0.048828,0.031250,-0.072266,0.001953,0.000000,-0.003906
18496819,BNO_GYRO_UC,1825,-3100,0,0.052734,0.025391,-0.072266,0.001953,0.000000,-0.003906
18506857,BNO_GYRO_UC,1826,-3200,0,0.054688,0.019531,-0.072266,0.001953,0.000000,-0.003906
18517197,BNO_GYRO_UC,1827,-3400,0,0.044922,0.015625,-0.064453,0.001953,0.000000,-0.003906
18527667,BNO_GYRO_UC,1828,-3400,0,0.031250,0.007812,-0.058594,0.001953,0.000000,-0.003906
18536909,BNO_GYRO_UC,1829,-3100,0,0.054688,0.031250,-0.062500,0.001953,0.000000,-0.003906
18546860,BNO_GYRO_UC,1830,-3100,0,0.064453,0.027344,-0.093750,0.001953,0.000000,-0.003906
18557254,BNO_GYRO_UC,1831,-3600,0,0.105469,0.033203,-0.121094,0.001953,0.000000,-0.003906
18567734,BNO_GYRO_UC,1832,-3600,0,0.115234,0.068359,-0.146484,0.001953,0.000000,-0.003906
18576997,BNO_GYRO_UC,1833,-3200,0,0.128906,0.091797,-0.162109,0.001953,0.000000,-0.003906
18586970,BNO_GYRO_UC,1834,-3100,0,0.146484,0.097656,-0.160156,0.001953,0.000000,-0.003906
18597252,BNO_GYRO_UC,1835,-3400,0,0.136719,0.089844,-0.152344,0.001953,0.000000,-0.003906
18607637,BNO_GYRO_UC,1836,-3400,0,0.111328,0.054688,-0.132812,0.001953,0.000000,-0.003906
18617048,BNO_GYRO_UC,1837,-3100,0,0.087891,0.025391,-0.089844,0.001953,0.000000,-0.003906
18626879,BNO_GYRO_UC,1838,-3100,0,0.033203,-0.009766,-0.048828,0.001953,0.000000,-0.003906
18637026,BNO_GYRO_UC,1839,-3100,0,0.021484,-0.025391,-0.027344,0.001953,0.000000,-0.003906
18647376,BNO_GYRO_UC,1840,-3200,0,-0.001953,-0.029297,-0.027344,0.001953,0.000000,-0.003906
18656895,BNO_GYRO_UC,1841,-2900,0,0.031250,-0.062500,-0.027344,0.001953,0.000000,-0.003906
18667743,BNO_GYRO_UC,1842,-3200,0,0.019531,-0.085938,-0.025391,0.001953,0.000000,-0.003906
18678439,BNO_GYRO_UC,1843,-3400,0,0.001953,-0.078125,-0.033203,0.001953,0.000000,-0.003906
18687723,BNO_GYRO_UC,1844,-2700,0,0.029297,-0.068359,-0.037109,0.001953,0.000000,-0.003906
18696607,BNO_GYRO_UC,1845,-2500,0,0.033203,-0.033203,-0.031250,0.001953,0.000000,-0.003906
18707536,BNO_GYRO_UC,1846,-3100,0,0.009766,0.021484,-0.015625,0.001953,0.000000,-0.003906
18717240,BNO_GYRO_UC,1847,-3100,0,-0.005859,0.072266,0.007812,0.001953,0.000000,-0.003906
18727675,BNO_GYRO_UC,1848,-3200,0,0.023438,0.121094,-0.015625,0.001953,0.000000,-0.003906
18736637,BNO_GYRO_UC,1849,-2500,0,0.068359,0.193359,-0.078125,0.001953,0.000000,-0.003906
18747702,BNO_GYRO_UC,1850,-3200,0,0.123047,0.291016,-0.136719,0.001953,0.000000,-0.003906
18757291,BNO_GYRO_UC,1851,-2900,0,0.138672,0.394531,-0.158203,0.001953,0.000000,-0.003906
18768505,BNO_GYRO_UC,1852,-3600,0,0.140625,0.458984,-0.156250,0.001953,0.000000,-0.003906
18777337,BNO_GYRO_UC,1853,-3100,0,0.144531,0.496094,-0.132812,0.001953,0.000000,-0.003906
18787397,BNO_GYRO_UC,1854,-3200,0,0.123047,0.517578,-0.087891,0.001953,0.000000,-0.003906
18797411,BNO_GYRO_UC,1855,-3100,0,0.175781,0.468750,-0.041016,0.001953,0.000000,-0.003906
18807789,BNO_GYRO_UC,1856,-3200,0,0.156250,0.449219,-0.029297,0.001953,0.000000,-0.003906
18817401,BNO_GYRO_UC,1857,-3100,0,0.076172,0.396484,-0.001953,0.001953,0.000000,-0.003906
18828017,BNO_GYRO_UC,1858,-3100,0,0.044922,0.238281,0.025391,0.001953,0.000000,-0.003906
18837569,BNO_GYRO_UC,1859,-3200,0,-0.046875,0.144531,-0.029297,0.001953,0.000000,-0.003906
18847932,BNO_GYRO_UC,1860,-3200,0,-0.062500,0.033203,-0.048828,0.001953,0.000000,-0.003906
18857115,BNO_GYRO_UC,1861,-2700,0,-0.121094,-0.070312,-0.052734,0.001953,0.000000,-0.003906
18868158,BNO_GYRO_UC,1862,-3100,0,-0.121094,-0.199219,-0.027344,0.001953,0.000000,-0.003906
18877575,BNO_GYRO_UC,1863,-3200,0,-0.056641,-0.316406,0.031250,0.001953,0.000000,-0.003906
18887964,BNO_GYRO_UC,1864,-3200,0,-0.097656,-0.339844,0.099609,0.001953,0.000000,-0.003906
18898149,BNO_GYRO_UC,1865,-3200,0,-0.169922,-0.349609,0.193359,0.001953,0.000000,-0.003906
18907614,BNO_GYRO_UC,1866,-3100,0,-0.222656,-0.330078,0.255859,0.001953,0.000000,-0.003906
18917859,BNO_GYRO_UC,1867,-3200,0,-0.236328,-0.314453,0.277344,0.001953,0.000000,-0.003906
18928183,BNO_GYRO_UC,1868,-2900,0,-0.250000,-0.259766,0.281250,0.001953,0.000000,-0.003906
18938339,BNO_GYRO_UC,1869,-3400,0,-0.234375,-0.191406,0.279297,0.001953,0.000000,-0.003906
18947734,BNO_GYRO_UC,1870,-3200,0,-0.236328,-0.107422,0.265625,0.001953,0.000000,-0.003906
18958291,BNO_GYRO_UC,1871,-3200,0,-0.216797,-0.017578,0.273438,0.001953,0.000000,-0.003906
18968806,BNO_GYRO_UC,1872,-3400,0,-0.279297,0.048828,0.324219,0.001953,0.000000,-0.003906
18978104,BNO_GYRO_UC,1873,-3400,0,-0.330078,0.054688,0.376953,0.001953,0.000000,-0.003906
18987753,BNO_GYRO_UC,1874,-3100,0,-0.351562,0.025391,0.404297,0.001953,0.000000,-0.003906
18998413,BNO_GYRO_UC,1875,-3200,0,-0.341797,-0.009766,0.421875,0.001953,0.000000,-0.003906
19008931,BNO_GYRO_UC,1876,-3200,0,-0.347656,-0.025391,0.437500,0.001953,0.000000,-0.003906
19018258,BNO_GYRO_UC,1877,-3200,0,-0.384766,-0.023438,0.451172,0.001953,0.000000,-0.003906
19027861,BNO_GYRO_UC,1878,-3100,0,-0.373047,0.060547,0.437500,0.001953,0.000000,-0.003906
19038397,BNO_GYRO_UC,1879,-3200,0,-0.335938,0.123047,0.382812,0.001953,0.000000,-0.003906
19048845,BNO_GYRO_UC,1880,-3400,0,-0.244141,0.087891,0.294922,0.001953,0.000000,-0.003906
19058012,BNO_GYRO_UC,1881,-3200,0,-0.130859,0.003906,0.175781,0.001953,0.000000,-0.003906
19067933,BNO_GYRO_UC,1882,-3100,0,-0.101562,-0.132812,0.109375,0.001953,0.000000,-0.003906
19078471,BNO_GYRO_UC,1883,-3200,0,-0.171875,-0.220703,0.136719,0.001953,0.000000,-0.003906
19088585,BNO_GYRO_UC,1884,-2700,0,-0.228516,-0.281250,0.244141,0.001953,0.000000,-0.003906
19098760,BNO_GYRO_UC,1885,-3200,0,-0.316406,-0.281250,0.371094,0.001953,0.000000,-0.003906
19108201,BNO_GYRO_UC,1886,-3200,0,-0.406250,-0.240234,0.457031,0.001953,0.000000,-0.003906
19118965,BNO_GYRO_UC,1887,-3200,0,-0.394531,-0.218750,0.466797,0.001953,0.000000,-0.003906
19128648,BNO_GYRO_UC,1888,-2300,0,-0.332031,-0.175781,0.388672,0.001953,0.000000,-0.003906
19138897,BNO_GYRO_UC,1889,-3200,0,-0.222656,-0.185547,0.292969,0.001953,0.000000,-0.003906
19148125,BNO_GYRO_UC,1890,-3100,0,-0.171875,-0.169922,0.195312,0.001953,0.000000,-0.003906
19159043,BNO_GYRO_UC,1891,-3200,0,-0.171875,-0.113281,0.167969,0.001953,0.000000,-0.003906
19168858,BNO_GYRO_UC,1892,-2500,0,-0.154297,-0.083984,0.226562,0.001953,0.000000,-0.003906
19179110,BNO_GYRO_UC,1893,-3400,0,-0.255859,-0.007812,0.314453,0.001953,0.000000,-0.003906
19188293,BNO_GYRO_UC,1894,-3200,0,-0.324219,0.080078,0.400391,0.001953,0.000000,-0.003906
19198985,BNO_GYRO_UC,1895,-3200,0,-0.371094,0.119141,0.468750,0.001953,0.000000,-0.003906
19208961,BNO_GYRO_UC,1896,-2900,0,-0.427734,0.140625,0.472656,0.001953,0.000000,-0.003906
19219026,BNO_GYRO_UC,1897,-3200,0,-0.384766,0.144531,0.476562,0.001953,0.000000,-0.003906
19228321,BNO_GYRO_UC,1898,-3200,0,-0.332031,0.140625,0.433594,0.001953,0.000000,-0.003906
19238922,BNO_GYRO_UC,1899,-3100,0,-0.279297,0.167969,0.357422,0.001953,0.000000,-0.003906
19248876,BNO_GYRO_UC,1900,-2500,0,-0.232422,0.183594,0.251953,0.001953,0.000000,-0.003906
19259097,BNO_GYRO_UC,1901,-3400,0,-0.148438,0.132812,0.166016,0.001953,0.000000,-0.003906
19268397,BNO_GYRO_UC,1902,-3100,0,-0.068359,0.085938,0.126953,0.001953,0.000000,-0.003906
19279291,BNO_GYRO_UC,1903,-3200,0,-0.113281,0.041016,0.105469,0.001953,0.000000,-0.003906
19289112,BNO_GYRO_UC,1904,-2700,0,-0.134766,-0.011719,0.126953,0.001953,0.000000,-0.003906
19299290,BNO_GYRO_UC,1905,-3200,0,-0.158203,-0.046875,0.181641,0.001953,0.000000,-0.003906
19308544,BNO_GYRO_UC,1906,-3200,0,-0.162109,-0.134766,0.232422,0.001953,0.000000,-0.003906
19319360,BNO_GYRO_UC,1907,-3200,0,-0.197266,-0.183594,0.257812,0.001953,0.000000,-0.003906
19329208,BNO_GYRO_UC,1908,-2700,0,-0.207031,-0.193359,0.257812,0.001953,0.000000,-0.003906
19339446,BNO_GYRO_UC,1909,-3200,0,-0.193359,-0.207031,0.246094,0.001953,0.000000,-0.003906
19348549,BNO_GYRO_UC,1910,-3100,0,-0.171875,-0.197266,0.216797,0.001953,0.000000,-0.003906
19359293,BNO_GYRO_UC,1911,-3200,0,-0.140625,-0.169922,0.173828,0.001953,0.000000,-0.003906
19369884,BNO_GYRO_UC,1912,-3200,0,-0.085938,-0.136719,0.109375,0.001953,0.000000,-0.003906
19379483,BNO_GYRO_UC,1913,-3200,0,-0.019531,-0.125000,0.064453,0.001953,0.000000,-0.003906
19389102,BNO_GYRO_UC,1914,-3100,0,0.046875,-0.128906,0.041016,0.001953,0.000000,-0.003906
19398755,BNO_GYRO_UC,1915,-3200,0,-0.013672,-0.085938,0.039062,0.001953,0.000000,-0.003906
19409169,BNO_GYRO_UC,1916,-3400,0,-0.052734,-0.015625,0.060547,0.001953,0.000000,-0.003906
19419529,BNO_GYRO_UC,1917,-3400,0,-0.078125,-0.005859,0.097656,0.001953,0.000000,-0.003906
19428854,BNO_GYRO_UC,1918,-3200,0,-0.082031,-0.025391,0.136719,0.001953,0.000000,-0.003906
19439587,BNO_GYRO_UC,1919,-3200,0,-0.091797,-0.011719,0.150391,0.001953,0.000000,-0.003906
19450209,BNO_GYRO_UC,1920,-3200,0,-0.109375,0.007812,0.148438,0.001953,0.000000,-0.003906
19459863,BNO_GYRO_UC,1921,-3400,0,-0.087891,-0.015625,0.132812,0.001953,0.000000,-0.003906
19469319,BNO_GYRO_UC,1922,-3100,0,-0.039062,-0.074219,0.113281,0.001953,0.000000,-0.003906
19478857,BNO_GYRO_UC,1923,-3100,0,-0.033203,-0.062500,0.083984,0.001953,0.000000,-0.003906
19489185,BNO_GYRO_UC,1924,-3400,0,-0.027344,-0.068359,0.066406,0.001953,0.000000,-0.003906
19499217,BNO_GYRO_UC,1925,-3100,0,0.001953,-0.097656,0.070312,0.001953,0.000000,-0.003906
19508963,BNO_GYRO_UC,1926,-3200,0,-0.025391,-0.087891,0.064453,0.001953,0.000000,-0.003906
19519757,BNO_GYRO_UC,1927,-3200,0,-0.025391,-0.078125,0.052734,0.001953,0.000000,-0.003906
19530423,BNO_GYRO_UC,1928,-3400,0,-0.021484,-0.080078,0.062500,0.001953,0.000000,-0.003906
19539983,BNO_GYRO_UC,1929,-3200,0,-0.035156,-0.072266,0.072266,0.001953,0.000000,-0.003906
19549532,BNO_GYRO_UC,1930,-3100,0,-0.031250,-0.068359,0.083984,0.001953,0.000000,-0.003906
19559129,BNO_GYRO_UC,1931,-3200,0,-0.021484,-0.072266,0.078125,0.001953,0.000000,-0.003906
19569396,BNO_GYRO_UC,1932,-3400,0,-0.023438,-0.062500,0.070312,0.001953,0.000000,-0.003906
19579813,BNO_GYRO_UC,1933,-3600,0,-0.033203,-0.050781,0.060547,0.001953,0.000000,-0.003906
19588799,BNO_GYRO_UC,1934,-2700,0,-0.023438,-0.048828,0.064453,0.001953,0.000000,-0.003906
19599678,BNO_GYRO_UC,1935,-3200,0,-0.017578,-0.054688,0.060547,0.001953,0.000000,-0.003906
19609252,BNO_GYRO_UC,1936,-3200,0,-0.019531,-0.033203,0.039062,0.001953,0.000000,-0.003906
19619637,BNO_GYRO_UC,1937,-3100,0,-0.007812,-0.031250,0.033203,0.001953,0.000000,-0.003906
19628718,BNO_GYRO_UC,1938,-2500,0,-0.019531,-0.025391,0.029297,0.001953,0.000000,-0.003906
19639537,BNO_GYRO_UC,1939,-3200,0,-0.029297,0.001953,0.009766,0.001953,0.000000,-0.003906
19649331,BNO_GYRO_UC,1940,-3100,0,-0.011719,0.013672,0.003906,0.001953,0.000000,-0.003906
19659819,BNO_GYRO_UC,1941,-3200,0,0.005859,-0.005859,0.019531,0.001953,0.000000,-0.003906
19668678,BNO_GYRO_UC,1942,-2500,0,-0.009766,0.019531,-0.001953,0.001953,0.000000,-0.003906
19679772,BNO_GYRO_UC,1943,-3100,0,-0.003906,0.042969,-0.015625,0.001953,0.000000,-0.003906
19689480,BNO_GYRO_UC,1944,-3100,0,0.023438,0.031250,-0.021484,0.001953,0.000000,-0.003906
19700039,BNO_GYRO_UC,1945,-3400,0,0.003906,0.039062,-0.017578,0.001953,0.000000,-0.003906
19709528,BNO_GYRO_UC,1946,-3200,0,-0.007812,0.050781,-0.015625,0.001953,0.000000,-0.003906
19719434,BNO_GYRO_UC,1947,-3100,0,-0.005859,0.033203,-0.015625,0.001953,0.000000,-0.003906
19729641,BNO_GYRO_UC,1948,-3200,0,-0.009766,0.044922,-0.025391,0.001953,0.000000,-0.003906
19739884,BNO_GYRO_UC,1949,-3200,0,-0.025391,0.072266,-0.048828,0.001953,0.000000,-0.003906
19748900,BNO_GYRO_UC,1950,-2500,0,-0.019531,0.046875,-0.019531,0.001953,0.000000,-0.003906
19759935,BNO_GYRO_UC,1951,-3200,0,-0.007812,0.013672,0.015625,0.001953,0.000000,-0.003906
19769566,BNO_GYRO_UC,1952,-3100,0,-0.015625,0.021484,0.031250,0.001953,0.000000,-0.003906
19780099,BNO_GYRO_UC,1953,-3200,0,-0.025391,0.033203,0.027344,0.001953,0.000000,-0.003906
19789165,BNO_GYRO_UC,1954,-2700,0,-0.027344,0.025391,0.011719,0.001953,0.000000,-0.003906
19800265,BNO_GYRO_UC,1955,-3100,0,0.000000,0.013672,0.017578,0.001953,0.000000,-0.003906
19809677,BNO_GYRO_UC,1956,-3200,0,-0.001953,0.021484,0.019531,0.001953,0.000000,-0.003906
19820274,BNO_GYRO_UC,1957,-3200,0,-0.013672,0.031250,0.007812,0.001953,0.000000,-0.003906
19829559,BNO_GYRO_UC,1958,-3100,0,-0.009766,0.031250,0.009766,0.001953,0.000000,-0.003906
19839762,BNO_GYRO_UC,1959,-3200,0,0.037109,0.041016,0.003906,0.001953,0.000000,-0.003906
19850177,BNO_GYRO_UC,1960,-3200,0,0.109375,0.000000,-0.019531,0.001953,0.000000,-0.003906
19860130,BNO_GYRO_UC,1961,-2700,0,0.054688,-0.033203,-0.044922,0.001953,0.000000,-0.003906
19869844,BNO_GYRO_UC,1962,-3200,0,0.089844,-0.099609,-0.017578,0.001953,0.000000,-0.003906
19879816,BNO_GYRO_UC,1963,-3100,0,0.105469,-0.099609,0.003906,0.001953,0.000000,-0.003906
19890217,BNO_GYRO_UC,1964,-3200,0,0.121094,-0.113281,0.003906,0.001953,0.000000,-0.003906
19900179,BNO_GYRO_UC,1965,-2900,0,0.039062,-0.099609,-0.035156,0.001953,0.000000,-0.003906
19910480,BNO_GYRO_UC,1966,-3400,0,0.039062,-0.132812,-0.066406,0.001953,0.000000,-0.003906
19919869,BNO_GYRO_UC,1967,-3100,0,0.060547,-0.115234,-0.083984,0.001953,0.000000,-0.003906
19930357,BNO_GYRO_UC,1968,-3200,0,0.117188,-0.103516,-0.083984,0.001953,0.000000,-0.003906
19940982,BNO_GYRO_UC,1969,-3400,0,0.125000,-0.039062,-0.093750,0.001953,0.000000,-0.003906
19950314,BNO_GYRO_UC,1970,-3200,0,0.111328,0.005859,-0.113281,0.001953,0.000000,-0.003906
19959966,BNO_GYRO_UC,1971,-3100,0,0.134766,-0.005859,-0.113281,0.001953,0.000000,-0.003906
19970358,BNO_GYRO_UC,1972,-3200,0,0.162109,-0.009766,-0.115234,0.001953,0.000000,-0.003906
19980514,BNO_GYRO_UC,1973,-2900,0,0.164062,-0.017578,-0.126953,0.001953,0.000000,-0.003906
19990697,BNO_GYRO_UC,1974,-3200,0,0.138672,-0.052734,-0.132812,0.001953,0.000000,-0.003906
19999854,BNO_GYRO_UC,1975,-3100,0,0.054688,-0.078125,-0.109375,0.001953,0.000000,-0.003906
20010737,BNO_GYRO_UC,1976,-3200,0,0.044922,-0.093750,-0.062500,0.001953,0.000000,-0.003906
20021062,BNO_GYRO_UC,1977,-3200,0,0.093750,-0.064453,-0.042969,0.001953,0.000000,-0.003906
20030309,BNO_GYRO_UC,1978,-3200,0,0.138672,-0.072266,-0.089844,0.001953,0.000000,-0.003906
20040000,BNO_GYRO_UC,1979,-3100,0,0.156250,-0.074219,-0.167969,0.001953,0.000000,-0.003906
20050742,BNO_GYRO_UC,1980,-3200,0,0.142578,-0.039062,-0.218750,0.001953,0.000000,-0.003906
20061194,BNO_GYRO_UC,1981,-3200,0,0.152344,-0.052734,-0.248047,0.001953,0.000000,-0.003906
20070680,BNO_GYRO_UC,1982,-3400,0,0.183594,-0.082031,-0.269531,0.001953,0.000000,-0.003906
20080203,BNO_GYRO_UC,1983,-3100,0,0.195312,-0.054688,-0.310547,0.001953,0.000000,-0.003906
20090878,BNO_GYRO_UC,1984,-3100,0,0.164062,0.052734,-0.355469,0.001953,0.000000,-0.003906
20100913,BNO_GYRO_UC,1985,-2500,0,0.126953,0.167969,-0.333984,0.001953,0.000000,-0.003906
20111045,BNO_GYRO_UC,1986,-3200,0,0.080078,0.187500,-0.234375,0.001953,0.000000,-0.003906
20120338,BNO_GYRO_UC,1987,-3200,0,0.001953,0.195312,-0.109375,0.001953,0.000000,-0.003906
20131214,BNO_GYRO_UC,1988,-3200,0,-0.009766,0.169922,-0.042969,0.001953,0.000000,-0.003906
20140992,BNO_GYRO_UC,1989,-2700,0,0.048828,0.126953,-0.052734,0.001953,0.000000,-0.003906
20151103,BNO_GYRO_UC,1990,-3200,0,0.082031,0.070312,-0.125000,0.001953,0.000000,-0.003906
20160359,BNO_GYRO_UC,1991,-3100,0,0.056641,-0.001953,-0.201172,0.001953,0.000000,-0.003906
20171189,BNO_GYRO_UC,1992,-3200,0,-0.021484,-0.072266,-0.226562,0.001953,0.000000,-0.003906
20181150,BNO_GYRO_UC,1993,-2700,0,-0.003906,-0.128906,-0.187500,0.001953,0.000000,-0.003906
20191361,BNO_GYRO_UC,1994,-3200,0,0.041016,-0.105469,-0.154297,0.001953,0.000000,-0.003906
20200537,BNO_GYRO_UC,1995,-3100,0,0.191406,-0.056641,-0.169922,0.001953,0.000000,-0.003906
20211314,BNO_GYRO_UC,1996,-3200,0,0.140625,0.013672,-0.199219,0.001953,0.000000,-0.003906
20221125,BNO_GYRO_UC,1997,-2500,0,0.117188,-0.044922,-0.218750,0.001953,0.000000,-0.003906
20231385,BNO_GYRO_UC,1998,-3200,0,0.082031,-0.017578,-0.218750,0.001953,0.000000,-0.003906
20240498,BNO_GYRO_UC,1999,-3100,0,0.158203,-0.021484,-0.205078,0.001953,0.000000,-0.003906
20251349,BNO_GYRO_UC,2000,-3200,0,0.244141,-0.062500,-0.250000,0.001953,0.000000,-0.003906
20261668,BNO_GYRO_UC,2001,-3100,0,0.214844,-0.123047,-0.322266,0.001953,0.000000,-0.003906
20271007,BNO_GYRO_UC,2002,-3100,0,0.207031,-0.167969,-0.281250,0.001953,0.000000,-0.003906
20280621,BNO_GYRO_UC,2003,-3100,0,0.134766,-0.078125,-0.169922,0.001953,0.000000,-0.003906
20290541,BNO_GYRO_UC,2004,-3100,0,0.068359,-0.027344,-0.091797,0.001953,0.000000,-0.003906
20301388,BNO_GYRO_UC,2005,-3400,0,0.085938,-0.027344,-0.087891,0.001953,0.000000,-0.003906
20311578,BNO_GYRO_UC,2006,-3200,0,0.109375,-0.021484,-0.111328,0.001953,0.000000,-0.003906
20320885,BNO_GYRO_UC,2007,-3200,0,0.080078,-0.005859,-0.117188,0.001953,0.000000,-0.003906
20330730,BNO_GYRO_UC,2008,-3100,0,0.085938,0.037109,-0.107422,0.001953,0.000000,-0.003906
20341098,BNO_GYRO_UC,2009,-3400,0,0.087891,0.093750,-0.152344,0.001953,0.000000,-0.003906
20351446,BNO_GYRO_UC,2010,-3400,0,0.115234,0.044922,-0.193359,0.001953,0.000000,-0.003906
20360812,BNO_GYRO_UC,2011,-3100,0,0.093750,0.017578,-0.144531,0.001953,0.000000,-0.003906
20371695,BNO_GYRO_UC,2012,-3200,0,-0.009766,0.121094,-0.107422,0.001953,0.000000,-0.003906
20381314,BNO_GYRO_UC,2013,-3400,0,0.113281,0.074219,-0.097656,0.001953,0.000000,-0.003906
20391653,BNO_GYRO_UC,2014,-3200,0,0.052734,0.027344,-0.169922,0.001953,0.000000,-0.003906
20401002,BNO_GYRO_UC,2015,-3200,0,0.113281,-0.058594,-0.140625,0.001953,0.000000,-0.003906
20410864,BNO_GYRO_UC,2016,-3100,0,-0.019531,0.052734,-0.158203,0.001953,0.000000,-0.003906
20421202,BNO_GYRO_UC,2017,-3400,0,-0.011719,0.115234,-0.160156,0.001953,0.000000,-0.003906
20431449,BNO_GYRO_UC,2018,-3200,0,0.171875,0.193359,-0.039062,0.001953,0.000000,-0.003906
20440404,BNO_GYRO_UC,2019,-2700,0,-0.023438,0.164062,-0.048828,0.001953,0.000000,-0.003906
20451202,BNO_GYRO_UC,2020,-3100,0,-0.023438,0.222656,-0.023438,0.001953,0.000000,-0.003906
20461289,BNO_GYRO_UC,2021,-3200,0,0.029297,0.134766,-0.039062,0.001953,0.000000,-0.003906
20471746,BNO_GYRO_UC,2022,-3400,0,-0.033203,0.144531,-0.093750,0.001953,0.000000,-0.003906
20480750,BNO_GYRO_UC,2023,-2900,0,0.107422,0.195312,-0.097656,0.001953,0.000000,-0.003906
20491609,BNO_GYRO_UC,2024,-3200,0,0.056641,0.162109,-0.097656,0.001953,0.000000,-0.003906
20502177,BNO_GYRO_UC,2025,-3400,0,0.058594,0.140625,-0.068359,0.001953,0.000000,-0.003906
20511695,BNO_GYRO_UC,2026,-2700,0,-0.005859,0.080078,-0.009766,0.001953,0.000000,-0.003906
20520715,BNO_GYRO_UC,2027,-2700,0,-0.029297,0.072266,0.033203,0.001953,0.000000,-0.003906
20531579,BNO_GYRO_UC,2028,-3200,0,-0.037109,0.128906,0.033203,0.001953,0.000000,-0.003906
20541146,BNO_GYRO_UC,2029,-3100,0,-0.048828,0.173828,0.060547,0.001953,0.000000,-0.003906
20551679,BNO_GYRO_UC,2030,-3200,0,-0.031250,0.169922,0.134766,0.001953,0.000000,-0.003906
20561110,BNO_GYRO_UC,2031,-3100,0,-0.125000,0.216797,0.144531,0.001953,0.000000,-0.003906
20571828,BNO_GYRO_UC,2032,-3100,0,-0.126953,0.257812,0.167969,0.001953,0.000000,-0.003906
20581301,BNO_GYRO_UC,2033,-3100,0,-0.052734,0.287109,0.162109,0.001953,0.000000,-0.003906
20591716,BNO_GYRO_UC,2034,-3200,0,-0.064453,0.289062,0.103516,0.001953,0.000000,-0.003906
20600823,BNO_GYRO_UC,2035,-2700,0,-0.033203,0.287109,0.037109,0.001953,0.000000,-0.003906
20611642,BNO_GYRO_UC,2036,-3100,0,0.015625,0.230469,-0.017578,0.001953,0.000000,-0.003906
20621521,BNO_GYRO_UC,2037,-3200,0,0.013672,0.148438,-0.025391,0.001953,0.000000,-0.003906
20631801,BNO_GYRO_UC,2038,-3100,0,-0.015625,0.099609,0.009766,0.001953,0.000000,-0.003906
20641007,BNO_GYRO_UC,2039,-2700,0,-0.029297,0.068359,0.054688,0.001953,0.000000,-0.003906
20652044,BNO_GYRO_UC,2040,-3200,0,-0.083984,0.019531,0.089844,0.001953,0.000000,-0.003906
20661545,BNO_GYRO_UC,2041,-3100,0,-0.097656,-0.042969,0.107422,0.001953,0.000000,-0.003906
20672009,BNO_GYRO_UC,2042,-3200,0,-0.080078,-0.080078,0.097656,0.001953,0.000000,-0.003906
20680913,BNO_GYRO_UC,2043,-2500,0,-0.050781,-0.099609,0.070312,0.001953,0.000000,-0.003906
20691903,BNO_GYRO_UC,2044,-3100,0,-0.019531,-0.099609,0.029297,0.001953,0.000000,-0.003906
20701610,BNO_GYRO_UC,2045,-3200,0,-0.025391,-0.072266,-0.007812,0.001953,0.000000,-0.003906
20712059,BNO_GYRO_UC,2046,-3100,0,0.007812,-0.033203,-0.007812,0.001953,0.000000,-0.003906
20721670,BNO_GYRO_UC,2047,-3100,0,0.025391,0.023438,-0.021484,0.001953,0.000000,-0.003906
20731703,BNO_GYRO_UC,2048,-3200,0,0.029297,0.042969,-0.056641,0.001953,0.000000,-0.003906
20741792,BNO_GYRO_UC,2049,-3100,0,0.060547,-0.009766,-0.076172,0.001953,0.000000,-0.003906
20752076,BNO_GYRO_UC,2050,-3100,0,0.044922,-0.072266,-0.066406,0.001953,0.000000,-0.003906
20761078,BNO_GYRO_UC,2051,-2500,0,0.005859,-0.105469,-0.033203,0.001953,0.000000,-0.003906
20772039,BNO_GYRO_UC,2052,-3100,0,-0.042969,-0.134766,0.029297,0.001953,0.000000,-0.003906
20781832,BNO_GYRO_UC,2053,-3200,0,-0.062500,-0.130859,0.074219,0.001953,0.000000,-0.003906
20792256,BNO_GYRO_UC,2054,-3200,0,-0.064453,-0.123047,0.078125,0.001953,0.000000,-0.003906
20802421,BNO_GYRO_UC,2055,-3400,0,-0.029297,-0.074219,0.056641,0.001953,0.000000,-0.003906
20811771,BNO_GYRO_UC,2056,-3100,0,-0.044922,-0.029297,0.027344,0.001953,0.000000,-0.003906
20822344,BNO_GYRO_UC,2057,-3200,0,-0.007812,0.005859,0.011719,0.001953,0.000000,-0.003906
20832843,BNO_GYRO_UC,2058,-3400,0,-0.003906,0.046875,0.005859,0.001953,0.000000,-0.003906
20842401,BNO_GYRO_UC,2059,-3400,0,-0.035156,0.093750,0.007812,0.001953,0.000000,-0.003906
20851905,BNO_GYRO_UC,2060,-3100,0,-0.003906,0.099609,0.009766,0.001953,0.000000,-0.003906
20862482,BNO_GYRO_UC,2061,-3200,0,0.027344,0.072266,0.005859,0.001953,0.000000,-0.003906
20872828,BNO_GYRO_UC,2062,-3200,0,-0.005859,0.050781,-0.003906,0.001953,0.000000,-0.003906
20882342,BNO_GYRO_UC,2063,-3400,0,-0.041016,0.033203,0.003906,0.001953,0.000000,-0.003906
20892025,BNO_GYRO_UC,2064,-3100,0,-0.019531,0.041016,0.021484,0.001953,0.000000,-0.003906
20902523,BNO_GYRO_UC,2065,-3400,0,-0.013672,0.031250,0.019531,0.001953,0.000000,-0.003906
20912507,BNO_GYRO_UC,2066,-2900,0,0.013672,0.000000,0.001953,0.001953,0.000000,-0.003906
20922646,BNO_GYRO_UC,2067,-3400,0,0.005859,0.007812,-0.025391,0.001953,0.000000,-0.003906
20932060,BNO_GYRO_UC,2068,-3100,0,0.029297,0.017578,-0.041016,0.001953,0.000000,-0.003906
20942837,BNO_GYRO_UC,2069,-3200,0,0.023438,0.007812,-0.058594,0.001953,0.000000,-0.003906
20952790,BNO_GYRO_UC,2070,-2900,0,0.027344,0.001953,-0.044922,0.001953,0.000000,-0.003906
20963028,BNO_GYRO_UC,2071,-3400,0,0.013672,0.019531,-0.017578,0.001953,0.000000,-0.003906
20972190,BNO_GYRO_UC,2072,-3100,0,0.009766,0.009766,-0.013672,0.001953,0.000000,-0.003906
20982743,BNO_GYRO_UC,2073,-3100,0,0.003906,0.015625,0.001953,0.001953,0.000000,-0.003906
20992755,BNO_GYRO_UC,2074,-2700,0,-0.013672,0.021484,0.007812,0.001953,0.000000,-0.003906
21003060,BNO_GYRO_UC,2075,-3200,0,-0.013672,0.005859,0.009766,0.001953,0.000000,-0.003906
21012319,BNO_GYRO_UC,2076,-3100,0,-0.013672,-0.009766,0.009766,0.001953,0.000000,-0.003906
21023049,BNO_GYRO_UC,2077,-3200,0,-0.009766,-0.019531,0.009766,0.001953,0.000000,-0.003906
21032855,BNO_GYRO_UC,2078,-2700,0,-0.003906,-0.009766,0.009766,0.001953,0.000000,-0.003906
21043026,BNO_GYRO_UC,2079,-3200,0,0.001953,-0.007812,0.003906,0.001953,0.000000,-0.003906
21052453,BNO_GYRO_UC,2080,-3100,0,0.005859,-0.001953,-0.005859,0.001953,0.000000,-0.003906
21063212,BNO_GYRO_UC,2081,-3200,0,0.009766,-0.003906,-0.009766,0.001953,0.000000,-0.003906
21072964,BNO_GYRO_UC,2082,-2500,0,0.025391,-0.017578,-0.019531,0.001953,0.000000,-0.003906
21083283,BNO_GYRO_UC,2083,-3200,0,0.025391,-0.042969,-0.031250,0.001953,0.000000,-0.003906
21092444,BNO_GYRO_UC,2084,-3100,0,0.017578,-0.078125,-0.039062,0.001953,0.000000,-0.003906
21103271,BNO_GYRO_UC,2085,-3200,0,0.015625,-0.103516,-0.037109,0.001953,0.000000,-0.003906
21113301,BNO_GYRO_UC,2086,-2700,0,0.003906,-0.080078,-0.015625,0.001953,0.000000,-0.003906
21123671,BNO_GYRO_UC,2087,-3400,0,0.001953,-0.052734,0.003906,0.001953,0.000000,-0.003906
21132738,BNO_GYRO_UC,2088,-3100,0,0.000000,-0.029297,0.009766,0.001953,0.000000,-0.003906
21142501,BNO_GYRO_UC,2089,-3100,0,0.009766,-0.005859,0.001953,0.001953,0.000000,-0.003906
21153689,BNO_GYRO_UC,2090,-3600,0,0.019531,0.044922,-0.021484,0.001953,0.000000,-0.003906
21163175,BNO_GYRO_UC,2091,-3200,0,0.015625,0.042969,-0.039062,0.001953,0.000000,-0.003906
21172997,BNO_GYRO_UC,2092,-3200,0,0.019531,0.017578,-0.033203,0.001953,0.000000,-0.003906
21182643,BNO_GYRO_UC,2093,-3100,0,0.021484,-0.007812,-0.025391,0.001953,0.000000,-0.003906
21193200,BNO_GYRO_UC,2094,-3400,0,0.017578,-0.011719,-0.017578,0.001953,0.000000,-0.003906
21203460,BNO_GYRO_UC,2095,-3200,0,0.009766,-0.015625,-0.017578,0.001953,0.000000,-0.003906
21212691,BNO_GYRO_UC,2096,-3200,0,0.007812,-0.007812,-0.017578,0.001953,0.000000,-0.003906
21222841,BNO_GYRO_UC,2097,-3200,0,0.007812,0.001953,-0.007812,0.001953,0.000000,-0.003906
21233438,BNO_GYRO_UC,2098,-3400,0,-0.009766,0.009766,-0.001953,0.001953,0.000000,-0.003906
21243631,BNO_GYRO_UC,2099,-3200,0,-0.017578,0.029297,-0.001953,0.001953,0.000000,-0.003906
21252868,BNO_GYRO_UC,2100,-3200,0,-0.001953,0.021484,0.007812,0.001953,0.000000,-0.003906
21262776,BNO_GYRO_UC,2101,-3100,0,-0.003906,0.000000,0.003906,0.001953,0.000000,-0.003906
21273656,BNO_GYRO_UC,2102,-3400,0,-0.005859,0.000000,-0.001953,0.001953,0.000000,-0.003906
21283823,BNO_GYRO_UC,2103,-3200,0,-0.001953,-0.007812,-0.007812,0.001953,0.000000,-0.003906
21293223,BNO_GYRO_UC,2104,-3200,0,-0.009766,-0.021484,-0.017578,0.001953,0.000000,-0.003906
21303226,BNO_GYRO_UC,2105,-3400,0,0.003906,-0.021484,-0.015625,0.001953,0.000000,-0.003906
21314037,BNO_GYRO_UC,2106,-3800,0,0.001953,-0.017578,-0.003906,0.001953,0.000000,-0.003906
21323696,BNO_GYRO_UC,2107,-3200,0,-0.013672,-0.015625,0.013672,0.001953,0.000000,-0.003906
21333075,BNO_GYRO_UC,2108,-3200,0,-0.046875,-0.025391,0.031250,0.001953,0.000000,-0.003906
21343161,BNO_GYRO_UC,2109,-3400,0,-0.058594,-0.021484,0.062500,0.001953,0.000000,-0.003906
21353377,BNO_GYRO_UC,2110,-3400,0,-0.052734,-0.041016,0.076172,0.001953,0.000000,-0.003906
21363882,BNO_GYRO_UC,2111,-3600,0,-0.078125,-0.072266,0.085938,0.001953,0.000000,-0.003906
21373126,BNO_GYRO_UC,2112,-3100,0,-0.101562,-0.078125,0.101562,0.001953,0.000000,-0.003906
21383093,BNO_GYRO_UC,2113,-3200,0,-0.140625,-0.052734,0.128906,0.001953,0.000000,-0.003906
21393301,BNO_GYRO_UC,2114,-3200,0,-0.111328,-0.015625,0.171875,0.001953,0.000000,-0.003906
21403477,BNO_GYRO_UC,2115,-3100,0,-0.136719,-0.033203,0.187500,0.001953,0.000000,-0.003906
21413144,BNO_GYRO_UC,2116,-3100,0,-0.156250,-0.037109,0.191406,0.001953,0.000000,-0.003906
21423929,BNO_GYRO_UC,2117,-3200,0,-0.136719,-0.042969,0.193359,0.001953,0.000000,-0.003906
21434638,BNO_GYRO_UC,2118,-3400,0,-0.150391,-0.070312,0.199219,0.001953,0.000000,-0.003906
21444269,BNO_GYRO_UC,2119,-3100,0,-0.195312,-0.070312,0.195312,0.001953,0.000000,-0.003906
21453802,BNO_GYRO_UC,2120,-3100,0,-0.156250,-0.050781,0.173828,0.001953,0.000000,-0.003906
21463386,BNO_GYRO_UC,2121,-3100,0,-0.148438,-0.074219,0.146484,0.001953,0.000000,-0.003906
21473728,BNO_GYRO_UC,2122,-3600,0,-0.173828,-0.121094,0.144531,0.001953,0.000000,-0.003906
21483691,BNO_GYRO_UC,2123,-3200,0,-0.169922,-0.113281,0.244141,0.001953,0.000000,-0.003906
21492852,BNO_GYRO_UC,2124,-2700,0,-0.275391,-0.113281,0.345703,0.001953,0.000000,-0.003906
21503569,BNO_GYRO_UC,2125,-3200,0,-0.306641,-0.080078,0.439453,0.001953,0.000000,-0.003906
21513349,BNO_GYRO_UC,2126,-3200,0,-0.373047,-0.101562,0.478516,0.001953,0.000000,-0.003906
21523882,BNO_GYRO_UC,2127,-3200,0,-0.394531,-0.037109,0.494141,0.001953,0.000000,-0.003906
21532871,BNO_GYRO_UC,2128,-2700,0,-0.404297,-0.001953,0.490234,0.001953,0.000000,-0.003906
21543860,BNO_GYRO_UC,2129,-3200,0,-0.371094,0.007812,0.453125,0.001953,0.000000,-0.003906
21553453,BNO_GYRO_UC,2130,-3100,0,-0.242188,0.015625,0.402344,0.001953,0.000000,-0.003906
21563913,BNO_GYRO_UC,2131,-3100,0,-0.154297,0.015625,0.298828,0.001953,0.000000,-0.003906
21572990,BNO_GYRO_UC,2132,-2700,0,-0.066406,-0.052734,0.167969,0.001953,0.000000,-0.003906
21583967,BNO_GYRO_UC,2133,-3200,0,-0.033203,-0.144531,0.041016,0.001953,0.000000,-0.003906
21593480,BNO_GYRO_UC,2134,-3200,0,-0.021484,-0.228516,0.011719,0.001953,0.000000,-0.003906
21603927,BNO_GYRO_UC,2135,-3200,0,-0.042969,-0.232422,0.042969,0.001953,0.000000,-0.003906
21613107,BNO_GYRO_UC,2136,-2700,0,-0.076172,-0.201172,0.119141,0.001953,0.000000,-0.003906
21624174,BNO_GYRO_UC,2137,-3200,0,-0.107422,-0.208984,0.216797,0.001953,0.000000,-0.003906
21633814,BNO_GYRO_UC,2138,-3200,0,-0.199219,-0.183594,0.263672,0.001953,0.000000,-0.003906
21644063,BNO_GYRO_UC,2139,-3100,0,-0.146484,-0.140625,0.275391,0.001953,0.000000,-0.003906
21653558,BNO_GYRO_UC,2140,-2900,0,-0.169922,-0.099609,0.230469,0.001953,0.000000,-0.003906
21664185,BNO_GYRO_UC,2141,-3200,0,-0.125000,-0.085938,0.195312,0.001953,0.000000,-0.003906
21673853,BNO_GYRO_UC,2142,-3100,0,-0.150391,-0.027344,0.171875,0.001953,0.000000,-0.003906
21684133,BNO_GYRO_UC,2143,-3100,0,-0.136719,0.082031,0.144531,0.001953,0.000000,-0.003906
21693444,BNO_GYRO_UC,2144,-2700,0,-0.138672,0.158203,0.091797,0.001953,0.000000,-0.003906
21704388,BNO_GYRO_UC,2145,-3100,0,-0.060547,0.181641,0.039062,0.001953,0.000000,-0.003906
21713945,BNO_GYRO_UC,2146,-3100,0,0.003906,0.253906,-0.021484,0.001953,0.000000,-0.003906
21724258,BNO_GYRO_UC,2147,-3100,0,0.007812,0.345703,-0.080078,0.001953,0.000000,-0.003906
21733363,BNO_GYRO_UC,2148,-2700,0,0.019531,0.361328,-0.095703,0.001953,0.000000,-0.003906
21744498,BNO_GYRO_UC,2149,-3100,0,0.044922,0.371094,-0.044922,0.001953,0.000000,-0.003906
21753950,BNO_GYRO_UC,2150,-3200,0,0.027344,0.328125,-0.011719,0.001953,0.000000,-0.003906
21764387,BNO_GYRO_UC,2151,-3100,0,-0.013672,0.277344,-0.005859,0.001953,0.000000,-0.003906
21774158,BNO_GYRO_UC,2152,-3200,0,-0.033203,0.253906,0.015625,0.001953,0.000000,-0.003906
21783971,BNO_GYRO_UC,2153,-3100,0,-0.064453,0.275391,0.035156,0.001953,0.000000,-0.003906
21794238,BNO_GYRO_UC,2154,-3200,0,-0.128906,0.236328,0.027344,0.001953,0.000000,-0.003906
21804506,BNO_GYRO_UC,2155,-2900,0,-0.089844,0.162109,0.041016,0.001953,0.000000,-0.003906
21814710,BNO_GYRO_UC,2156,-3200,0,-0.046875,0.132812,0.050781,0.001953,0.000000,-0.003906
21824047,BNO_GYRO_UC,2157,-3100,0,-0.042969,0.083984,0.033203,0.001953,0.000000,-0.003906
21834241,BNO_GYRO_UC,2158,-3200,0,0.021484,0.042969,0.042969,0.001953,0.000000,-0.003906
21844482,BNO_GYRO_UC,2159,-2900,0,0.052734,0.013672,0.064453,0.001953,0.000000,-0.003906
21854757,BNO_GYRO_UC,2160,-3400,0,-0.015625,0.017578,0.087891,0.001953,0.000000,-0.003906
21864042,BNO_GYRO_UC,2161,-3100,0,-0.123047,0.027344,0.115234,0.001953,0.000000,-0.003906
21874739,BNO_GYRO_UC,2162,-3200,0,-0.160156,0.054688,0.193359,0.001953,0.000000,-0.003906
21884487,BNO_GYRO_UC,2163,-2500,0,-0.244141,0.037109,0.287109,0.001953,0.000000,-0.003906
21894706,BNO_GYRO_UC,2164,-3400,0,-0.298828,0.013672,0.359375,0.001953,0.000000,-0.003906
21904227,BNO_GYRO_UC,2165,-3200,0,-0.302734,-0.005859,0.388672,0.001953,0.000000,-0.003906
21914931,BNO_GYRO_UC,2166,-3200,0,-0.318359,0.015625,0.369141,0.001953,0.000000,-0.003906
21924822,BNO_GYRO_UC,2167,-2500,0,-0.271484,0.007812,0.326172,0.001953,0.000000,-0.003906
21935115,BNO_GYRO_UC,2168,-3400,0,-0.218750,-0.025391,0.257812,0.001953,0.000000,-0.003906
21944370,BNO_GYRO_UC,2169,-3100,0,-0.160156,-0.023438,0.171875,0.001953,0.000000,-0.003906
21955035,BNO_GYRO_UC,2170,-3200,0,-0.052734,-0.013672,0.085938,0.001953,0.000000,-0.003906
21965521,BNO_GYRO_UC,2171,-3200,0,-0.007812,-0.019531,0.000000,0.001953,0.000000,-0.003906
21974898,BNO_GYRO_UC,2172,-3200,0,0.027344,0.021484,-0.048828,0.001953,0.000000,-0.003906
21984459,BNO_GYRO_UC,2173,-3100,0,0.046875,0.007812,-0.062500,0.001953,0.000000,-0.003906
21994454,BNO_GYRO_UC,2174,-3200,0,0.041016,-0.029297,-0.052734,0.001953,0.000000,-0.003906
22005107,BNO_GYRO_UC,2175,-3400,0,0.035156,-0.023438,-0.039062,0.001953,0.000000,-0.003906
22015400,BNO_GYRO_UC,2176,-3200,0,0.015625,-0.021484,-0.017578,0.001953,0.000000,-0.003906
22024557,BNO_GYRO_UC,2177,-3100,0,0.025391,-0.023438,-0.021484,0.001953,0.000000,-0.003906
22034523,BNO_GYRO_UC,2178,-3200,0,0.031250,-0.019531,-0.031250,0.001953,0.000000,-0.003906
22045137,BNO_GYRO_UC,2179,-3400,0,0.019531,-0.009766,-0.033203,0.001953,0.000000,-0.003906
22055265,BNO_GYRO_UC,2180,-3200,0,0.015625,-0.003906,-0.019531,0.001953,0.000000,-0.003906
22064473,BNO_GYRO_UC,2181,-3100,0,0.017578,-0.019531,-0.021484,0.001953,0.000000,-0.003906
22075307,BNO_GYRO_UC,2182,-3200,0,0.031250,-0.029297,-0.037109,0.001953,0.000000,-0.003906
22085249,BNO_GYRO_UC,2183,-2700,0,0.033203,0.009766,-0.042969,0.001953,0.000000,-0.003906
22095400,BNO_GYRO_UC,2184,-3200,0,0.046875,0.007812,-0.054688,0.001953,0.000000,-0.003906
22104751,BNO_GYRO_UC,2185,-3100,0,0.060547,0.011719,-0.072266,0.001953,0.000000,-0.003906
22115595,BNO_GYRO_UC,2186,-3200,0,0.064453,0.027344,-0.076172,0.001953,0.000000,-0.003906
22125675,BNO_GYRO_UC,2187,-2900,0,0.054688,0.023438,-0.064453,0.001953,0.000000,-0.003906
22135316,BNO_GYRO_UC,2188,-3400,0,0.044922,0.005859,-0.054688,0.001953,0.000000,-0.003906
22145004,BNO_GYRO_UC,2189,-3100,0,0.029297,-0.001953,-0.041016,0.001953,0.000000,-0.003906
22154806,BNO_GYRO_UC,2190,-3100,0,0.015625,0.005859,-0.021484,0.001953,0.000000,-0.003906
22165421,BNO_GYRO_UC,2191,-3400,0,0.009766,0.011719,-0.013672,0.001953,0.000000,-0.003906
22175605,BNO_GYRO_UC,2192,-3200,0,0.001953,0.005859,-0.003906,0.001953,0.000000,-0.003906
22184919,BNO_GYRO_UC,2193,-3100,0,-0.005859,0.003906,0.003906,0.001953,0.000000,-0.003906
22194931,BNO_GYRO_UC,2194,-3200,0,0.001953,0.000000,0.003906,0.001953,0.000000,-0.003906
22205501,BNO_GYRO_UC,2195,-3200,0,-0.005859,-0.007812,0.005859,0.001953,0.000000,-0.003906
22215699,BNO_GYRO_UC,2196,-3200,0,-0.003906,-0.019531,0.009766,0.001953,0.000000,-0.003906
22224896,BNO_GYRO_UC,2197,-2900,0,-0.001953,-0.015625,0.005859,0.001953,0.000000,-0.003906
22235632,BNO_GYRO_UC,2198,-3200,0,0.009766,-0.007812,-0.007812,0.001953,0.000000,-0.003906
22246289,BNO_GYRO_UC,2199,-3400,0,0.009766,-0.001953,-0.017578,0.001953,0.000000,-0.003906
22255736,BNO_GYRO_UC,2200,-3200,0,0.011719,-0.005859,-0.011719,0.001953,0.000000,-0.003906
22265341,BNO_GYRO_UC,2201,-3100,0,0.005859,-0.007812,-0.005859,0.001953,0.000000,-0.003906
22275134,BNO_GYRO_UC,2202,-3200,0,0.000000,-0.007812,-0.001953,0.001953,0.000000,-0.003906
22285461,BNO_GYRO_UC,2203,-3400,0,-0.001953,0.003906,-0.003906,0.001953,0.000000,-0.003906
22295481,BNO_GYRO_UC,2204,-3200,0,0.001953,0.015625,-0.005859,0.001953,0.000000,-0.003906
22304674,BNO_GYRO_UC,2205,-2700,0,-0.001953,0.013672,-0.003906,0.001953,0.000000,-0.003906
22315486,BNO_GYRO_UC,2206,-3200,0,-0.001953,0.005859,-0.003906,0.001953,0.000000,-0.003906
22325989,BNO_GYRO_UC,2207,-3400,0,0.001953,-0.003906,-0.005859,0.001953,0.000000,-0.003906
22335655,BNO_GYRO_UC,2208,-2900,0,0.001953,-0.007812,-0.003906,0.001953,0.000000,-0.003906
22345166,BNO_GYRO_UC,2209,-3200,0,-0.001953,-0.009766,-0.003906,0.001953,0.000000,-0.003906
22356032,BNO_GYRO_UC,2210,-3200,0,0.000000,-0.007812,-0.003906,0.001953,0.000000,-0.003906
22366565,BNO_GYRO_UC,2211,-3400,0,0.000000,0.009766,-0.003906,0.001953,0.000000,-0.003906
22375999,BNO_GYRO_UC,2212,-3100,0,-0.003906,0.017578,-0.003906,0.001953,0.000000,-0.003906
22385204,BNO_GYRO_UC,2213,-3100,0,0.000000,0.017578,-0.001953,0.001953,0.000000,-0.003906
22396308,BNO_GYRO_UC,2214,-3400,0,0.003906,0.013672,-0.003906,0.001953,0.000000,-0.003906
22406062,BNO_GYRO_UC,2215,-3800,0,0.003906,0.015625,-0.003906,0.001953,0.000000,-0.003906
22415958,BNO_GYRO_UC,2216,-3200,0,-0.005859,0.011719,0.001953,0.001953,0.000000,-0.003906
22425139,BNO_GYRO_UC,2217,-2900,0,-0.007812,0.005859,0.001953,0.001953,0.000000,-0.003906
22436177,BNO_GYRO_UC,2218,-3400,0,-0.007812,0.009766,0.001953,0.001953,0.000000,-0.003906
22446171,BNO_GYRO_UC,2219,-3800,0,-0.003906,0.003906,0.001953,0.001953,0.000000,-0.003906
22456219,BNO_GYRO_UC,2220,-3200,0,-0.001953,0.005859,0.003906,0.001953,0.000000,-0.003906
22465324,BNO_GYRO_UC,2221,-3100,0,-0.005859,0.015625,0.003906,0.001953,0.000000,-0.003906
22475762,BNO_GYRO_UC,2222,-3400,0,-0.003906,0.015625,0.001953,0.001953,0.000000,-0.003906
22486081,BNO_GYRO_UC,2223,-3600,0,-0.003906,0.009766,0.001953,0.001953,0.000000,-0.003906
22496762,BNO_GYRO_UC,2224,-3800,0,-0.003906,0.007812,0.001953,0.001953,0.000000,-0.003906
22505797,BNO_GYRO_UC,2225,-3400,0,-0.001953,0.001953,0.001953,0.001953,0.000000,-0.003906
22515869,BNO_GYRO_UC,2226,-3400,0,-0.005859,-0.003906,0.009766,0.001953,0.000000,-0.003906
22526198,BNO_GYRO_UC,2227,-3600,0,-0.007812,-0.009766,0.005859,0.001953,0.000000,-0.003906
22536947,BNO_GYRO_UC,2228,-3800,0,-0.007812,0.005859,0.005859,0.001953,0.000000,-0.003906
22545921,BNO_GYRO_UC,2229,-3400,0,-0.005859,0.019531,0.011719,0.001953,0.000000,-0.003906
22555989,BNO_GYRO_UC,2230,-3400,0,-0.005859,0.019531,0.011719,0.001953,0.000000,-0.003906
22566254,BNO_GYRO_UC,2231,-3600,0,-0.009766,0.009766,0.009766,0.001953,0.000000,-0.003906
22576394,BNO_GYRO_UC,2232,-3400,0,-0.003906,0.025391,0.007812,0.001953,0.000000,-0.003906
22585705,BNO_GYRO_UC,2233,-3200,0,-0.005859,0.025391,0.007812,0.001953,0.000000,-0.003906
22595947,BNO_GYRO_UC,2234,-3400,0,-0.015625,0.019531,0.003906,0.001953,0.000000,-0.003906
22606920,BNO_GYRO_UC,2235,-3600,0,-0.009766,0.021484,0.003906,0.001953,0.000000,-0.003906
22616791,BNO_GYRO_UC,2236,-3200,0,-0.015625,0.025391,0.007812,0.001953,0.000000,-0.003906
22626112,BNO_GYRO_UC,2237,-3400,0,-0.013672,0.017578,0.017578,0.001953,0.000000,-0.003906
22636068,BNO_GYRO_UC,2238,-3400,0,-0.019531,0.027344,0.021484,0.001953,0.000000,-0.003906
22647007,BNO_GYRO_UC,2239,-3800,0,-0.023438,0.015625,0.029297,0.001953,0.000000,-0.003906
22656946,BNO_GYRO_UC,2240,-3100,0,-0.021484,-0.001953,0.023438,0.001953,0.000000,-0.003906
22666069,BNO_GYRO_UC,2241,-3200,0,-0.009766,0.009766,0.009766,0.001953,0.000000,-0.003906
22676103,BNO_GYRO_UC,2242,-3400,0,0.000000,0.019531,-0.001953,0.001953,0.000000,-0.003906
22687016,BNO_GYRO_UC,2243,-3800,0,0.025391,0.056641,-0.031250,0.001953,0.000000,-0.003906
22696787,BNO_GYRO_UC,2244,-3100,0,0.027344,-0.001953,-0.037109,0.001953,0.000000,-0.003906
22706227,BNO_GYRO_UC,2245,-3200,0,0.019531,-0.074219,-0.029297,0.001953,0.000000,-0.003906
22716319,BNO_GYRO_UC,2246,-3400,0,0.015625,-0.089844,-0.021484,0.001953,0.000000,-0.003906
22726393,BNO_GYRO_UC,2247,-3400,0,0.015625,-0.066406,-0.017578,0.001953,0.000000,-0.003906
22736721,BNO_GYRO_UC,2248,-3400,0,0.005859,-0.046875,-0.011719,0.001953,0.000000,-0.003906
22746173,BNO_GYRO_UC,2249,-3100,0,0.009766,-0.042969,-0.001953,0.001953,0.000000,-0.003906
22756367,BNO_GYRO_UC,2250,-3200,0,0.001953,-0.019531,0.007812,0.001953,0.000000,-0.003906
22766418,BNO_GYRO_UC,2251,-3200,0,-0.007812,0.021484,0.005859,0.001953,0.000000,-0.003906
22776838,BNO_GYRO_UC,2252,-3400,0,-0.007812,0.027344,0.003906,0.001953,0.000000,-0.003906
22786071,BNO_GYRO_UC,2253,-3100,0,-0.009766,0.027344,-0.009766,0.001953,0.000000,-0.003906
22796495,BNO_GYRO_UC,2254,-3200,0,0.019531,0.031250,-0.015625,0.001953,0.000000,-0.003906
22806549,BNO_GYRO_UC,2255,-3400,0,0.033203,0.039062,-0.027344,0.001953,0.000000,-0.003906
22816818,BNO_GYRO_UC,2256,-3200,0,0.050781,0.037109,-0.041016,0.001953,0.000000,-0.003906
22826947,BNO_GYRO_UC,2257,-3200,0,0.046875,0.027344,-0.062500,0.001953,0.000000,-0.003906
22836413,BNO_GYRO_UC,2258,-3200,0,0.074219,0.009766,-0.076172,0.001953,0.000000,-0.003906
22847437,BNO_GYRO_UC,2259,-3600,0,0.078125,0.005859,-0.093750,0.001953,0.000000,-0.003906
22857029,BNO_GYRO_UC,2260,-2900,0,0.066406,0.000000,-0.085938,0.001953,0.000000,-0.003906
22866568,BNO_GYRO_UC,2261,-3200,0,0.062500,0.000000,-0.070312,0.001953,0.000000,-0.003906
22876697,BNO_GYRO_UC,2262,-3400,0,0.054688,-0.009766,-0.052734,0.001953,0.000000,-0.003906
22886541,BNO_GYRO_UC,2263,-3200,0,0.097656,-0.072266,-0.027344,0.001953,0.000000,-0.003906
22897240,BNO_GYRO_UC,2264,-3400,0,0.099609,-0.056641,-0.025391,0.001953,0.000000,-0.003906
22906699,BNO_GYRO_UC,2265,-3400,0,0.125000,-0.031250,-0.048828,0.001953,0.000000,-0.003906
22916701,BNO_GYRO_UC,2266,-3200,0,0.123047,-0.023438,-0.076172,0.001953,0.000000,-0.003906
22927759,BNO_GYRO_UC,2267,-3800,0,0.085938,-0.021484,-0.107422,0.001953,0.000000,-0.003906
22937624,BNO_GYRO_UC,2268,-3200,0,0.082031,-0.029297,-0.136719,0.001953,0.000000,-0.003906
22947089,BNO_GYRO_UC,2269,-3800,0,0.128906,-0.072266,-0.125000,0.001953,0.000000,-0.003906
22956868,BNO_GYRO_UC,2270,-3400,0,0.111328,-0.083984,-0.115234,0.001953,0.000000,-0.003906
22967487,BNO_GYRO_UC,2271,-3400,0,0.062500,-0.085938,-0.101562,0.001953,0.000000,-0.003906
22977444,BNO_GYRO_UC,2272,-2900,0,0.062500,-0.103516,-0.074219,0.001953,0.000000,-0.003906
22987325,BNO_GYRO_UC,2273,-3800,0,0.044922,-0.072266,-0.060547,0.001953,0.000000,-0.003906
22997148,BNO_GYRO_UC,2274,-3400,0,0.074219,-0.074219,-0.064453,0.001953,0.000000,-0.003906
23007663,BNO_GYRO_UC,2275,-3600,0,0.113281,-0.068359,-0.072266,0.001953,0.000000,-0.003906
23017719,BNO_GYRO_UC,2276,-3100,0,0.117188,-0.039062,-0.099609,0.001953,0.000000,-0.003906
23027215,BNO_GYRO_UC,2277,-3200,0,0.107422,-0.033203,-0.126953,0.001953,0.000000,-0.003906
23037015,BNO_GYRO_UC,2278,-3200,0,0.134766,-0.046875,-0.140625,0.001953,0.000000,-0.003906
23047494,BNO_GYRO_UC,2279,-3400,0,0.123047,-0.025391,-0.144531,0.001953,0.000000,-0.003906
23057557,BNO_GYRO_UC,2280,-3100,0,0.107422,-0.009766,-0.115234,0.001953,0.000000,-0.003906
23067336,BNO_GYRO_UC,2281,-3600,0,0.066406,-0.009766,-0.072266,0.001953,0.000000,-0.003906
23076868,BNO_GYRO_UC,2282,-3100,0,0.035156,-0.019531,-0.037109,0.001953,0.000000,-0.003906
23087115,BNO_GYRO_UC,2283,-3200,0,0.044922,-0.015625,-0.009766,0.001953,0.000000,-0.003906
23097576,BNO_GYRO_UC,2284,-3100,0,0.037109,-0.005859,-0.015625,0.001953,0.000000,-0.003906
23107744,BNO_GYRO_UC,2285,-3200,0,0.031250,-0.007812,-0.033203,0.001953,0.000000,-0.003906
23116898,BNO_GYRO_UC,2286,-3100,0,0.046875,-0.019531,-0.060547,0.001953,0.000000,-0.003906
23127705,BNO_GYRO_UC,2287,-3200,0,0.048828,-0.009766,-0.082031,0.001953,0.000000,-0.003906
23137627,BNO_GYRO_UC,2288,-2700,0,0.056641,-0.021484,-0.085938,0.001953,0.000000,-0.003906
23148015,BNO_GYRO_UC,2289,-3200,0,0.078125,-0.019531,-0.080078,0.001953,0.000000,-0.003906
23157189,BNO_GYRO_UC,2290,-3200,0,0.080078,-0.021484,-0.070312,0.001953,0.000000,-0.003906
23167135,BNO_GYRO_UC,2291,-3200,0,0.037109,-0.027344,-0.060547,0.001953,0.000000,-0.003906
23177722,BNO_GYRO_UC,2292,-3400,0,-0.050781,-0.044922,-0.029297,0.001953,0.000000,-0.003906
23187829,BNO_GYRO_UC,2293,-3200,0,-0.070312,-0.066406,0.039062,0.001953,0.000000,-0.003906
23197103,BNO_GYRO_UC,2294,-3100,0,-0.072266,-0.039062,0.070312,0.001953,0.000000,-0.003906
23207181,BNO_GYRO_UC,2295,-3100,0,-0.039062,-0.056641,0.062500,0.001953,0.000000,-0.003906
23217870,BNO_GYRO_UC,2296,-3400,0,-0.001953,-0.060547,0.027344,0.001953,0.000000,-0.003906
23228010,BNO_GYRO_UC,2297,-3200,0,0.021484,-0.050781,-0.023438,0.001953,0.000000,-0.003906
23237252,BNO_GYRO_UC,2298,-3200,0,0.058594,-0.050781,-0.066406,0.001953,0.000000,-0.003906
23248081,BNO_GYRO_UC,2299,-3200,0,0.115234,-0.044922,-0.091797,0.001953,0.000000,-0.003906
23257990,BNO_GYRO_UC,2300,-2700,0,0.144531,-0.050781,-0.097656,0.001953,0.000000,-0.003906
23268156,BNO_GYRO_UC,2301,-3200,0,0.152344,-0.076172,-0.093750,0.001953,0.000000,-0.003906
23277441,BNO_GYRO_UC,2302,-3200,0,0.126953,-0.101562,-0.085938,0.001953,0.000000,-0.003906
23287319,BNO_GYRO_UC,2303,-3100,0,0.095703,-0.111328,-0.083984,0.001953,0.000000,-0.003906
23297585,BNO_GYRO_UC,2304,-3400,0,0.066406,-0.103516,-0.095703,0.001953,0.000000,-0.003906
23307809,BNO_GYRO_UC,2305,-3200,0,0.083984,-0.115234,-0.091797,0.001953,0.000000,-0.003906
23317310,BNO_GYRO_UC,2306,-3200,0,0.125000,-0.113281,-0.091797,0.001953,0.000000,-0.003906
23328057,BNO_GYRO_UC,2307,-3200,0,0.125000,-0.103516,-0.109375,0.001953,0.000000,-0.003906
23338688,BNO_GYRO_UC,2308,-3400,0,0.126953,-0.072266,-0.126953,0.001953,0.000000,-0.003906
23348189,BNO_GYRO_UC,2309,-3100,0,0.148438,-0.035156,-0.132812,0.001953,0.000000,-0.003906
23357899,BNO_GYRO_UC,2310,-3100,0,0.126953,-0.013672,-0.125000,0.001953,0.000000,-0.003906
23367491,BNO_GYRO_UC,2311,-3200,0,0.123047,-0.003906,-0.097656,0.001953,0.000000,-0.003906
23377753,BNO_GYRO_UC,2312,-3400,0,0.123047,-0.017578,-0.064453,0.001953,0.000000,-0.003906
23387983,BNO_GYRO_UC,2313,-3200,0,0.115234,-0.027344,-0.039062,0.001953,0.000000,-0.003906
23397593,BNO_GYRO_UC,2314,-3200,0,0.093750,-0.027344,-0.031250,0.001953,0.000000,-0.003906
23408260,BNO_GYRO_UC,2315,-3200,0,0.050781,-0.029297,-0.042969,0.001953,0.000000,-0.003906
23418747,BNO_GYRO_UC,2316,-3200,0,0.052734,-0.042969,-0.058594,0.001953,0.000000,-0.003906
23428214,BNO_GYRO_UC,2317,-3100,0,0.099609,-0.080078,-0.066406,0.001953,0.000000,-0.003906
23437994,BNO_GYRO_UC,2318,-3100,0,0.113281,-0.076172,-0.091797,0.001953,0.000000,-0.003906
23447579,BNO_GYRO_UC,2319,-2900,0,0.130859,-0.078125,-0.125000,0.001953,0.000000,-0.003906
23457929,BNO_GYRO_UC,2320,-3400,0,0.152344,-0.066406,-0.134766,0.001953,0.000000,-0.003906
23468109,BNO_GYRO_UC,2321,-3200,0,0.152344,-0.041016,-0.125000,0.001953,0.000000,-0.003906
23477257,BNO_GYRO_UC,2322,-2700,0,0.136719,-0.050781,-0.109375,0.001953,0.000000,-0.003906
23487932,BNO_GYRO_UC,2323,-3100,0,0.099609,-0.052734,-0.097656,0.001953,0.000000,-0.003906
23497781,BNO_GYRO_UC,2324,-3100,0,0.066406,-0.060547,-0.078125,0.001953,0.000000,-0.003906
23508157,BNO_GYRO_UC,2325,-3200,0,0.062500,-0.068359,-0.064453,0.001953,0.000000,-0.003906
23517811,BNO_GYRO_UC,2326,-3100,0,0.056641,-0.087891,-0.068359,0.001953,0.000000,-0.003906
23528569,BNO_GYRO_UC,2327,-3200,0,0.033203,-0.078125,-0.085938,0.001953,0.000000,-0.003906
23538282,BNO_GYRO_UC,2328,-3600,0,0.037109,-0.066406,-0.089844,0.001953,0.000000,-0.003906
23548413,BNO_GYRO_UC,2329,-3100,0,0.060547,-0.064453,-0.078125,0.001953,0.000000,-0.003906
23557564,BNO_GYRO_UC,2330,-2900,0,0.070312,-0.066406,-0.078125,0.001953,0.000000,-0.003906
23568393,BNO_GYRO_UC,2331,-3200,0,0.089844,-0.076172,-0.076172,0.001953,0.000000,-0.003906
23577946,BNO_GYRO_UC,2332,-3200,0,0.087891,-0.070312,-0.082031,0.001953,0.000000,-0.003906
23588414,BNO_GYRO_UC,2333,-3200,0,0.062500,-0.042969,-0.080078,0.001953,0.000000,-0.003906
23597333,BNO_GYRO_UC,2334,-2500,0,0.023438,-0.025391,-0.066406,0.001953,0.000000,-0.003906
23608244,BNO_GYRO_UC,2335,-3100,0,0.009766,-0.021484,-0.037109,0.001953,0.000000,-0.003906
23618001,BNO_GYRO_UC,2336,-3100,0,0.011719,-0.025391,-0.007812,0.001953,0.000000,-0.003906
23628608,BNO_GYRO_UC,2337,-3200,0,0.031250,-0.031250,-0.003906,0.001953,0.000000,-0.003906
23637477,BNO_GYRO_UC,2338,-2500,0,0.035156,-0.029297,-0.029297,0.001953,0.000000,-0.003906
23648370,BNO_GYRO_UC,2339,-3200,0,0.054688,-0.037109,-0.072266,0.001953,0.000000,-0.003906
23658065,BNO_GYRO_UC,2340,-3100,0,0.074219,-0.041016,-0.101562,0.001953,0.000000,-0.003906
23669239,BNO_GYRO_UC,2341,-3600,0,0.054688,-0.021484,-0.121094,0.001953,0.000000,-0.003906
23678162,BNO_GYRO_UC,2342,-3200,0,0.041016,-0.009766,-0.121094,0.001953,0.000000,-0.003906
23688902,BNO_GYRO_UC,2343,-3200,0,0.048828,-0.015625,-0.107422,0.001953,0.000000,-0.003906
23698272,BNO_GYRO_UC,2344,-3200,0,0.021484,0.019531,-0.085938,0.001953,0.000000,-0.003906
23708881,BNO_GYRO_UC,2345,-3200,0,0.001953,0.027344,-0.066406,0.001953,0.000000,-0.003906
23718293,BNO_GYRO_UC,2346,-3100,0,0.005859,0.027344,-0.042969,0.001953,0.000000,-0.003906
23729007,BNO_GYRO_UC,2347,-3200,0,0.003906,0.021484,-0.021484,0.001953,0.000000,-0.003906
23738281,BNO_GYRO_UC,2348,-3100,0,-0.009766,0.011719,-0.015625,0.001953,0.000000,-0.003906
23748639,BNO_GYRO_UC,2349,-3100,0,0.007812,0.023438,-0.003906,0.001953,0.000000,-0.003906
23757706,BNO_GYRO_UC,2350,-2500,0,0.068359,-0.015625,-0.013672,0.001953,0.000000,-0.003906
23768783,BNO_GYRO_UC,2351,-3200,0,0.060547,-0.021484,-0.056641,0.001953,0.000000,-0.003906
23778533,BNO_GYRO_UC,2352,-3100,0,0.027344,-0.039062,-0.101562,0.001953,0.000000,-0.003906
23789101,BNO_GYRO_UC,2353,-3400,0,0.013672,-0.048828,-0.136719,0.001953,0.000000,-0.003906
23798572,BNO_GYRO_UC,2354,-3200,0,-0.007812,-0.033203,-0.128906,0.001953,0.000000,-0.003906
23808521,BNO_GYRO_UC,2355,-3200,0,-0.005859,-0.025391,-0.087891,0.001953,0.000000,-0.003906
23818804,BNO_GYRO_UC,2356,-3100,0,0.025391,-0.015625,-0.048828,0.001953,0.000000,-0.003906
23828871,BNO_GYRO_UC,2357,-2700,0,0.031250,0.005859,-0.027344,0.001953,0.000000,-0.003906
23839098,BNO_GYRO_UC,2358,-3400,0,0.015625,0.019531,-0.019531,0.001953,0.000000,-0.003906
23848554,BNO_GYRO_UC,2359,-3100,0,0.019531,0.017578,-0.007812,0.001953,0.000000,-0.003906
23859046,BNO_GYRO_UC,2360,-3200,0,0.025391,0.013672,-0.007812,0.001953,0.000000,-0.003906
23868950,BNO_GYRO_UC,2361,-2700,0,0.001953,0.033203,-0.017578,0.001953,0.000000,-0.003906
23879123,BNO_GYRO_UC,2362,-3400,0,0.001953,0.003906,-0.033203,0.001953,0.000000,-0.003906
23888545,BNO_GYRO_UC,2363,-3100,0,0.023438,-0.005859,-0.060547,0.001953,0.000000,-0.003906
23899046,BNO_GYRO_UC,2364,-3200,0,0.062500,0.007812,-0.101562,0.001953,0.000000,-0.003906
23909709,BNO_GYRO_UC,2365,-3400,0,0.111328,0.013672,-0.134766,0.001953,0.000000,-0.003906
23919007,BNO_GYRO_UC,2366,-3200,0,0.121094,0.042969,-0.167969,0.001953,0.000000,-0.003906
23928607,BNO_GYRO_UC,2367,-3200,0,0.132812,0.062500,-0.193359,0.001953,0.000000,-0.003906
23939382,BNO_GYRO_UC,2368,-3200,0,0.105469,0.080078,-0.179688,0.001953,0.000000,-0.003906
23949846,BNO_GYRO_UC,2369,-3200,0,0.080078,0.087891,-0.154297,0.001953,0.000000,-0.003906
23959312,BNO_GYRO_UC,2370,-3400,0,0.058594,0.054688,-0.126953,0.001953,0.000000,-0.003906
23968832,BNO_GYRO_UC,2371,-3100,0,0.060547,0.019531,-0.107422,0.001953,0.000000,-0.003906
23979563,BNO_GYRO_UC,2372,-3200,0,0.078125,0.015625,-0.101562,0.001953,0.000000,-0.003906
23989603,BNO_GYRO_UC,2373,-2700,0,0.076172,0.011719,-0.097656,0.001953,0.000000,-0.003906
23999825,BNO_GYRO_UC,2374,-3200,0,0.064453,0.007812,-0.097656,0.001953,0.000000,-0.003906
24009004,BNO_GYRO_UC,2375,-3200,0,0.058594,0.003906,-0.109375,0.001953,0.000000,-0.003906
24019706,BNO_GYRO_UC,2376,-3200,0,0.050781,0.005859,-0.113281,0.001953,0.000000,-0.003906
24029408,BNO_GYRO_UC,2377,-2700,0,0.060547,0.025391,-0.109375,0.001953,0.000000,-0.003906
24039672,BNO_GYRO_UC,2378,-3200,0,0.056641,0.015625,-0.109375,0.001953,0.000000,-0.003906
24049087,BNO_GYRO_UC,2379,-3200,0,0.054688,0.003906,-0.117188,0.001953,0.000000,-0.003906
24059979,BNO_GYRO_UC,2380,-3200,0,0.076172,-0.011719,-0.125000,0.001953,0.000000,-0.003906
24069746,BNO_GYRO_UC,2381,-2700,0,0.083984,-0.019531,-0.128906,0.001953,0.000000,-0.003906
24079908,BNO_GYRO_UC,2382,-3200,0,0.113281,-0.019531,-0.125000,0.001953,0.000000,-0.003906
24089109,BNO_GYRO_UC,2383,-3200,0,0.125000,-0.041016,-0.126953,0.001953,0.000000,-0.003906
24099918,BNO_GYRO_UC,2384,-3200,0,0.099609,-0.039062,-0.136719,0.001953,0.000000,-0.003906
24109840,BNO_GYRO_UC,2385,-2700,0,0.054688,-0.039062,-0.156250,0.001953,0.000000,-0.003906
24119624,BNO_GYRO_UC,2386,-3400,0,0.037109,-0.042969,-0.144531,0.001953,0.000000,-0.003906
24129275,BNO_GYRO_UC,2387,-3200,0,0.050781,-0.033203,-0.117188,0.001953,0.000000,-0.003906
24139191,BNO_GYRO_UC,2388,-3100,0,0.089844,0.011719,-0.113281,0.001953,0.000000,-0.003906
24149876,BNO_GYRO_UC,2389,-3200,0,0.125000,0.039062,-0.130859,0.001953,0.000000,-0.003906
24160161,BNO_GYRO_UC,2390,-3200,0,0.185547,0.068359,-0.167969,0.001953,0.000000,-0.003906
24169204,BNO_GYRO_UC,2391,-3100,0,0.210938,0.083984,-0.222656,0.001953,0.000000,-0.003906
24180039,BNO_GYRO_UC,2392,-3200,0,0.205078,0.074219,-0.255859,0.001953,0.000000,-0.003906
24190525,BNO_GYRO_UC,2393,-3200,0,0.156250,0.048828,-0.259766,0.001953,0.000000,-0.003906
24200065,BNO_GYRO_UC,2394,-3200,0,0.156250,0.007812,-0.248047,0.001953,0.000000,-0.003906
24209675,BNO_GYRO_UC,2395,-3100,0,0.158203,-0.003906,-0.238281,0.001953,0.000000,-0.003906
24219297,BNO_GYRO_UC,2396,-3200,0,0.173828,-0.025391,-0.214844,0.001953,0.000000,-0.003906
24230639,BNO_GYRO_UC,2397,-3800,0,0.164062,-0.005859,-0.197266,0.001953,0.000000,-0.003906
24240282,BNO_GYRO_UC,2398,-3400,0,0.138672,0.013672,-0.205078,0.001953,0.000000,-0.003906
24249861,BNO_GYRO_UC,2399,-3200,0,0.156250,0.013672,-0.208984,0.001953,0.000000,-0.003906
24259355,BNO_GYRO_UC,2400,-3100,0,0.138672,0.037109,-0.232422,0.001953,0.000000,-0.003906
24270267,BNO_GYRO_UC,2401,-3600,0,0.138672,0.033203,-0.242188,0.001953,0.000000,-0.003906
24279834,BNO_GYRO_UC,2402,-2900,0,0.183594,0.037109,-0.212891,0.001953,0.000000,-0.003906
24289512,BNO_GYRO_UC,2403,-3100,0,0.171875,0.089844,-0.210938,0.001953,0.000000,-0.003906
24299632,BNO_GYRO_UC,2404,-3200,0,0.158203,0.091797,-0.222656,0.001953,0.000000,-0.003906
24309892,BNO_GYRO_UC,2405,-3400,0,0.175781,0.048828,-0.210938,0.001953,0.000000,-0.003906
24320541,BNO_GYRO_UC,2406,-3600,0,0.160156,0.056641,-0.199219,0.001953,0.000000,-0.003906
24329728,BNO_GYRO_UC,2407,-3200,0,0.183594,0.037109,-0.175781,0.001953,0.000000,-0.003906
24339598,BNO_GYRO_UC,2408,-3100,0,0.150391,0.060547,-0.175781,0.001953,0.000000,-0.003906
24349876,BNO_GYRO_UC,2409,-3400,0,0.144531,0.027344,-0.179688,0.001953,0.000000,-0.003906
24360483,BNO_GYRO_UC,2410,-3400,0,0.171875,0.021484,-0.203125,0.001953,0.000000,-0.003906
24369732,BNO_GYRO_UC,2411,-3200,0,0.173828,0.056641,-0.244141,0.001953,0.000000,-0.003906
24379593,BNO_GYRO_UC,2412,-3100,0,0.222656,0.056641,-0.251953,0.001953,0.000000,-0.003906
24390113,BNO_GYRO_UC,2413,-3400,0,0.214844,0.085938,-0.261719,0.001953,0.000000,-0.003906
24400567,BNO_GYRO_UC,2414,-3600,0,0.208984,0.091797,-0.251953,0.001953,0.000000,-0.003906
24409821,BNO_GYRO_UC,2415,-3200,0,0.181641,0.037109,-0.218750,0.001953,0.000000,-0.003906
24420535,BNO_GYRO_UC,2416,-3200,0,0.068359,0.017578,-0.160156,0.001953,0.000000,-0.003906
24431115,BNO_GYRO_UC,2417,-3400,0,0.033203,-0.003906,-0.103516,0.001953,0.000000,-0.003906
24440609,BNO_GYRO_UC,2418,-2900,0,0.041016,-0.009766,-0.085938,0.001953,0.000000,-0.003906
24450390,BNO_GYRO_UC,2419,-3100,0,0.080078,-0.019531,-0.087891,0.001953,0.000000,-0.003906
24459869,BNO_GYRO_UC,2420,-3100,0,0.103516,-0.011719,-0.109375,0.001953,0.000000,-0.003906
24470213,BNO_GYRO_UC,2421,-3600,0,0.117188,0.017578,-0.126953,0.001953,0.000000,-0.003906
24480699,BNO_GYRO_UC,2422,-3400,0,0.158203,0.005859,-0.150391,0.001953,0.000000,-0.003906
24489512,BNO_GYRO_UC,2423,-2900,0,0.162109,0.007812,-0.193359,0.001953,0.000000,-0.003906
24500357,BNO_GYRO_UC,2424,-3200,0,0.169922,-0.001953,-0.212891,0.001953,0.000000,-0.003906
24509934,BNO_GYRO_UC,2425,-3100,0,0.105469,0.013672,-0.185547,0.001953,0.000000,-0.003906
24520519,BNO_GYRO_UC,2426,-3200,0,0.017578,0.001953,-0.126953,0.001953,0.000000,-0.003906
24529414,BNO_GYRO_UC,2427,-2500,0,0.001953,-0.017578,-0.052734,0.001953,0.000000,-0.003906
24540250,BNO_GYRO_UC,2428,-3200,0,-0.007812,-0.039062,-0.011719,0.001953,0.000000,-0.003906
24550818,BNO_GYRO_UC,2429,-3400,0,-0.001953,-0.044922,-0.005859,0.001953,0.000000,-0.003906
24561163,BNO_GYRO_UC,2430,-3400,0,-0.017578,-0.027344,-0.019531,0.001953,0.000000,-0.003906
24570192,BNO_GYRO_UC,2431,-3200,0,0.007812,-0.029297,-0.035156,0.001953,0.000000,-0.003906
24580078,BNO_GYRO_UC,2432,-3100,0,0.048828,-0.025391,-0.050781,0.001953,0.000000,-0.003906
24590129,BNO_GYRO_UC,2433,-3100,0,0.064453,-0.007812,-0.064453,0.001953,0.000000,-0.003906
24600602,BNO_GYRO_UC,2434,-3200,0,0.087891,0.021484,-0.091797,0.001953,0.000000,-0.003906
24609571,BNO_GYRO_UC,2435,-2500,0,0.089844,0.031250,-0.117188,0.001953,0.000000,-0.003906
24620886,BNO_GYRO_UC,2436,-3200,0,0.080078,0.013672,-0.111328,0.001953,0.000000,-0.003906
24630406,BNO_GYRO_UC,2437,-3200,0,0.080078,-0.001953,-0.085938,0.001953,0.000000,-0.003906
24640585,BNO_GYRO_UC,2438,-2900,0,0.041016,-0.001953,-0.062500,0.001953,0.000000,-0.003906
24650219,BNO_GYRO_UC,2439,-3100,0,0.027344,-0.011719,-0.041016,0.001953,0.000000,-0.003906
24660859,BNO_GYRO_UC,2440,-3200,0,0.021484,-0.017578,-0.021484,0.001953,0.000000,-0.003906
24670405,BNO_GYRO_UC,2441,-3100,0,0.005859,-0.019531,-0.011719,0.001953,0.000000,-0.003906
24680873,BNO_GYRO_UC,2442,-3200,0,0.005859,-0.021484,-0.015625,0.001953,0.000000,-0.003906
24689788,BNO_GYRO_UC,2443,-2700,0,0.013672,-0.019531,-0.033203,0.001953,0.000000,-0.003906
24700903,BNO_GYRO_UC,2444,-3200,0,0.031250,-0.013672,-0.048828,0.001953,0.000000,-0.003906
24710505,BNO_GYRO_UC,2445,-3100,0,0.041016,-0.013672,-0.048828,0.001953,0.000000,-0.003906
24720842,BNO_GYRO_UC,2446,-3200,0,0.037109,-0.015625,-0.046875,0.001953,0.000000,-0.003906
24729879,BNO_GYRO_UC,2447,-2700,0,0.044922,-0.009766,-0.044922,0.001953,0.000000,-0.003906
24741080,BNO_GYRO_UC,2448,-3100,0,0.042969,0.003906,-0.050781,0.001953,0.000000,-0.003906
24750530,BNO_GYRO_UC,2449,-3200,0,0.044922,0.013672,-0.056641,0.001953,0.000000,-0.003906
24761012,BNO_GYRO_UC,2450,-3100,0,0.021484,0.009766,-0.044922,0.001953,0.000000,-0.003906
24770991,BNO_GYRO_UC,2451,-3100,0,0.009766,0.021484,-0.027344,0.001953,0.000000,-0.003906
24780603,BNO_GYRO_UC,2452,-3200,0,0.015625,0.017578,-0.025391,0.001953,0.000000,-0.003906
24790971,BNO_GYRO_UC,2453,-3200,0,0.013672,0.003906,-0.021484,0.001953,0.000000,-0.003906
24801085,BNO_GYRO_UC,2454,-2900,0,-0.003906,0.007812,-0.003906,0.001953,0.000000,-0.003906
24810505,BNO_GYRO_UC,2455,-3100,0,-0.009766,-0.001953,0.007812,0.001953,0.000000,-0.003906
24820765,BNO_GYRO_UC,2456,-3100,0,-0.011719,0.000000,0.005859,0.001953,0.000000,-0.003906
24831262,BNO_GYRO_UC,2457,-3200,0,0.003906,0.013672,0.000000,0.001953,0.000000,-0.003906
24841206,BNO_GYRO_UC,2458,-2700,0,0.013672,0.013672,-0.009766,0.001953,0.000000,-0.003906
24851174,BNO_GYRO_UC,2459,-3200,0,0.023438,-0.003906,-0.017578,0.001953,0.000000,-0.003906
24860768,BNO_GYRO_UC,2460,-3100,0,0.011719,0.005859,-0.025391,0.001953,0.000000,-0.003906
24871181,BNO_GYRO_UC,2461,-3200,0,0.005859,0.001953,-0.013672,0.001953,0.000000,-0.003906
24881269,BNO_GYRO_UC,2462,-2700,0,0.003906,0.009766,0.003906,0.001953,0.000000,-0.003906
24891469,BNO_GYRO_UC,2463,-3200,0,-0.017578,0.042969,0.017578,0.001953,0.000000,-0.003906
24900993,BNO_GYRO_UC,2464,-3200,0,-0.005859,0.033203,0.011719,0.001953,0.000000,-0.003906
24911367,BNO_GYRO_UC,2465,-3200,0,-0.005859,0.029297,0.001953,0.001953,0.000000,-0.003906
24921395,BNO_GYRO_UC,2466,-2700,0,-0.009766,0.042969,-0.003906,0.001953,0.000000,-0.003906
24931586,BNO_GYRO_UC,2467,-3200,0,0.003906,0.029297,-0.007812,0.001953,0.000000,-0.003906
24940918,BNO_GYRO_UC,2468,-3100,0,0.013672,-0.015625,-0.009766,0.001953,0.000000,-0.003906
24951401,BNO_GYRO_UC,2469,-3200,0,0.021484,-0.042969,-0.017578,0.001953,0.000000,-0.003906
24961618,BNO_GYRO_UC,2470,-2700,0,0.015625,-0.048828,-0.017578,0.001953,0.000000,-0.003906
24971728,BNO_GYRO_UC,2471,-3200,0,0.005859,-0.052734,-0.013672,0.001953,0.000000,-0.003906
24981099,BNO_GYRO_UC,2472,-3200,0,-0.003906,-0.046875,0.000000,0.001953,0.000000,-0.003906
24991918,BNO_GYRO_UC,2473,-3200,0,-0.009766,-0.019531,0.009766,0.001953,0.000000,-0.003906
25002361,BNO_GYRO_UC,2474,-3200,0,-0.003906,0.001953,0.009766,0.001953,0.000000,-0.003906
25011588,BNO_GYRO_UC,2475,-3400,0,0.000000,0.017578,0.005859,0.001953,0.000000,-0.003906
25021047,BNO_GYRO_UC,2476,-3100,0,0.001953,0.031250,-0.007812,0.001953,0.000000,-0.003906
25031746,BNO_GYRO_UC,2477,-3200,0,0.015625,0.044922,-0.021484,0.001953,0.000000,-0.003906
25041722,BNO_GYRO_UC,2478,-2700,0,0.015625,0.041016,-0.019531,0.001953,0.000000,-0.003906
25051926,BNO_GYRO_UC,2479,-3200,0,0.021484,0.013672,-0.015625,0.001953,0.000000,-0.003906
25061158,BNO_GYRO_UC,2480,-3200,0,0.015625,-0.001953,-0.015625,0.001953,0.000000,-0.003906
25071910,BNO_GYRO_UC,2481,-3200,0,0.015625,-0.027344,-0.011719,0.001953,0.000000,-0.003906
25081805,BNO_GYRO_UC,2482,-2700,0,0.007812,-0.041016,-0.013672,0.001953,0.000000,-0.003906
25092104,BNO_GYRO_UC,2483,-3200,0,0.003906,-0.027344,-0.013672,0.001953,0.000000,-0.003906
25101322,BNO_GYRO_UC,2484,-3100,0,0.007812,0.000000,-0.007812,0.001953,0.000000,-0.003906
25112004,BNO_GYRO_UC,2485,-3100,0,-0.001953,0.021484,0.001953,0.001953,0.000000,-0.003906
25121920,BNO_GYRO_UC,2486,-2500,0,0.003906,0.019531,0.003906,0.001953,0.000000,-0.003906
25132073,BNO_GYRO_UC,2487,-3400,0,0.007812,0.019531,-0.005859,0.001953,0.000000,-0.003906
25141398,BNO_GYRO_UC,2488,-3100,0,0.011719,0.025391,-0.009766,0.001953,0.000000,-0.003906
25151445,BNO_GYRO_UC,2489,-3100,0,0.011719,0.001953,-0.013672,0.001953,0.000000,-0.003906
25162159,BNO_GYRO_UC,2490,-3400,0,0.013672,-0.013672,-0.015625,0.001953,0.000000,-0.003906
25172261,BNO_GYRO_UC,2491,-3200,0,0.003906,-0.017578,-0.009766,0.001953,0.000000,-0.003906
25181444,BNO_GYRO_UC,2492,-3100,0,-0.003906,-0.025391,0.001953,0.001953,0.000000,-0.003906
25192373,BNO_GYRO_UC,2493,-3100,0,-0.009766,-0.013672,0.007812,0.001953,0.000000,-0.003906
25202329,BNO_GYRO_UC,2494,-2900,0,-0.007812,-0.003906,0.009766,0.001953,0.000000,-0.003906
25212054,BNO_GYRO_UC,2495,-3100,0,-0.005859,0.011719,0.005859,0.001953,0.000000,-0.003906
25221567,BNO_GYRO_UC,2496,-3200,0,0.000000,0.009766,0.001953,0.001953,0.000000,-0.003906
25232325,BNO_GYRO_UC,2497,-3100,0,0.007812,-0.011719,-0.005859,0.001953,0.000000,-0.003906
25242896,BNO_GYRO_UC,2498,-3200,0,0.003906,-0.027344,-0.009766,0.001953,0.000000,-0.003906
25252439,BNO_GYRO_UC,2499,-3200,0,0.003906,-0.017578,0.007812,0.001953,0.000000,-0.003906
25261998,BNO_GYRO_UC,2500,-3100,0,-0.001953,-0.025391,0.005859,0.001953,0.000000,-0.003906
25271802,BNO_GYRO_UC,2501,-3400,0,-0.027344,-0.052734,-0.001953,0.001953,0.000000,-0.003906
25282327,BNO_GYRO_UC,2502,-3600,0,-0.003906,-0.054688,0.009766,0.001953,0.000000,-0.003906
25292713,BNO_GYRO_UC,2503,-3400,0,-0.001953,-0.044922,-0.001953,0.001953,0.000000,-0.003906
25302286,BNO_GYRO_UC,2504,-3400,0,-0.005859,-0.031250,-0.001953,0.001953,0.000000,-0.003906
25311878,BNO_GYRO_UC,2505,-3200,0,-0.005859,-0.013672,0.000000,0.001953,0.000000,-0.003906
25323064,BNO_GYRO_UC,2506,-4000,0,-0.005859,-0.017578,0.000000,0.001953,0.000000,-0.003906
25332723,BNO_GYRO_UC,2507,-3200,0,-0.011719,-0.025391,0.011719,0.001953,0.000000,-0.003906
25342501,BNO_GYRO_UC,2508,-3200,0,-0.019531,-0.035156,0.017578,0.001953,0.000000,-0.003906
25352099,BNO_GYRO_UC,2509,-3200,0,-0.015625,-0.025391,0.017578,0.001953,0.000000,-0.003906
25362492,BNO_GYRO_UC,2510,-3600,0,-0.015625,-0.013672,0.019531,0.001953,0.000000,-0.003906
25373134,BNO_GYRO_UC,2511,-3800,0,-0.005859,-0.009766,0.011719,0.001953,0.000000,-0.003906
25382060,BNO_GYRO_UC,2512,-3200,0,0.005859,0.025391,0.001953,0.001953,0.000000,-0.003906
25392203,BNO_GYRO_UC,2513,-3200,0,0.011719,0.052734,-0.007812,0.001953,0.000000,-0.003906
25402428,BNO_GYRO_UC,2514,-3600,0,0.011719,0.054688,-0.015625,0.001953,0.000000,-0.003906
25413190,BNO_GYRO_UC,2515,-4000,0,0.007812,0.031250,-0.021484,0.001953,0.000000,-0.003906
25422904,BNO_GYRO_UC,2516,-3400,0,0.009766,-0.005859,-0.019531,0.001953,0.000000,-0.003906
25432253,BNO_GYRO_UC,2517,-3200,0,0.017578,-0.031250,-0.017578,0.001953,0.000000,-0.003906
25442604,BNO_GYRO_UC,2518,-3600,0,0.001953,-0.039062,-0.003906,0.001953,0.000000,-0.003906
25453453,BNO_GYRO_UC,2519,-4000,0,-0.001953,-0.031250,0.001953,0.001953,0.000000,-0.003906
25462434,BNO_GYRO_UC,2520,-3400,0,0.001953,-0.009766,-0.005859,0.001953,0.000000,-0.003906
25472287,BNO_GYRO_UC,2521,-3200,0,0.003906,-0.005859,-0.011719,0.001953,0.000000,-0.003906
25482691,BNO_GYRO_UC,2522,-3600,0,0.009766,0.017578,-0.009766,0.001953,0.000000,-0.003906
25493336,BNO_GYRO_UC,2523,-3800,0,0.001953,0.021484,-0.005859,0.001953,0.000000,-0.003906
25502373,BNO_GYRO_UC,2524,-3400,0,0.003906,0.019531,-0.007812,0.001953,0.000000,-0.003906
25512469,BNO_GYRO_UC,2525,-3200,0,-0.005859,0.017578,-0.013672,0.001953,0.000000,-0.003906
25522797,BNO_GYRO_UC,2526,-3600,0,0.013672,0.007812,-0.009766,0.001953,0.000000,-0.003906
25533615,BNO_GYRO_UC,2527,-4000,0,0.003906,-0.001953,-0.015625,0.001953,0.000000,-0.003906
25542565,BNO_GYRO_UC,2528,-3200,0,0.011719,-0.005859,-0.013672,0.001953,0.000000,-0.003906
25552555,BNO_GYRO_UC,2529,-3400,0,0.005859,0.015625,-0.017578,0.001953,0.000000,-0.003906
25562934,BNO_GYRO_UC,2530,-3600,0,0.007812,0.041016,-0.007812,0.001953,0.000000,-0.003906
25573730,BNO_GYRO_UC,2531,-4000,0,0.007812,0.050781,-0.007812,0.001953,0.000000,-0.003906
25582544,BNO_GYRO_UC,2532,-3200,0,0.007812,0.044922,-0.003906,0.001953,0.000000,-0.003906
25592660,BNO_GYRO_UC,2533,-3400,0,0.005859,0.029297,-0.009766,0.001953,0.000000,-0.003906
25602612,BNO_GYRO_UC,2534,-3200,0,0.015625,0.013672,-0.009766,0.001953,0.000000,-0.003906
25613162,BNO_GYRO_UC,2535,-3400,0,0.003906,-0.007812,-0.009766,0.001953,0.000000,-0.003906
25622821,BNO_GYRO_UC,2536,-3600,0,0.007812,-0.021484,-0.011719,0.001953,0.000000,-0.003906
25632761,BNO_GYRO_UC,2537,-3200,0,0.011719,-0.021484,-0.009766,0.001953,0.000000,-0.003906
25642712,BNO_GYRO_UC,2538,-3200,0,0.009766,-0.031250,-0.013672,0.001953,0.000000,-0.003906
25653097,BNO_GYRO_UC,2539,-3200,0,0.001953,-0.013672,-0.003906,0.001953,0.000000,-0.003906
25662186,BNO_GYRO_UC,2540,-2900,0,0.001953,-0.003906,0.000000,0.001953,0.000000,-0.003906
25673431,BNO_GYRO_UC,2541,-3400,0,0.001953,0.025391,0.000000,0.001953,0.000000,-0.003906
25682972,BNO_GYRO_UC,2542,-3200,0,0.000000,0.044922,0.000000,0.001953,0.000000,-0.003906
25693182,BNO_GYRO_UC,2543,-3200,0,0.000000,0.046875,0.005859,0.001953,0.000000,-0.003906
25702768,BNO_GYRO_UC,2544,-3100,0,-0.005859,0.031250,0.007812,0.001953,0.000000,-0.003906
25712974,BNO_GYRO_UC,2545,-3400,0,-0.001953,-0.001953,0.003906,0.001953,0.000000,-0.003906
25723010,BNO_GYRO_UC,2546,-3200,0,0.000000,-0.033203,0.000000,0.001953,0.000000,-0.003906
25733362,BNO_GYRO_UC,2547,-3400,0,-0.007812,-0.042969,-0.001953,0.001953,0.000000,-0.003906
25742954,BNO_GYRO_UC,2548,-3400,0,-0.007812,-0.050781,-0.001953,0.001953,0.000000,-0.003906
25752946,BNO_GYRO_UC,2549,-3200,0,-0.003906,-0.080078,0.001953,0.001953,0.000000,-0.003906
25762959,BNO_GYRO_UC,2550,-3200,0,-0.001953,-0.078125,0.003906,0.001953,0.000000,-0.003906
25773353,BNO_GYRO_UC,2551,-3400,0,-0.005859,-0.048828,0.003906,0.001953,0.000000,-0.003906
25782931,BNO_GYRO_UC,2552,-3200,0,-0.003906,-0.037109,0.003906,0.001953,0.000000,-0.003906
25793110,BNO_GYRO_UC,2553,-3200,0,-0.007812,-0.015625,0.005859,0.001953,0.000000,-0.003906
25803124,BNO_GYRO_UC,2554,-3400,0,-0.007812,0.017578,0.001953,0.001953,0.000000,-0.003906
25813413,BNO_GYRO_UC,2555,-3400,0,-0.005859,0.029297,0.000000,0.001953,0.000000,-0.003906
25823053,BNO_GYRO_UC,2556,-3200,0,-0.003906,0.023438,-0.003906,0.001953,0.000000,-0.003906
25833191,BNO_GYRO_UC,2557,-3400,0,0.005859,0.021484,-0.005859,0.001953,0.000000,-0.003906
25843233,BNO_GYRO_UC,2558,-3400,0,-0.001953,0.003906,-0.001953,0.001953,0.000000,-0.003906
25853659,BNO_GYRO_UC,2559,-3400,0,-0.007812,-0.021484,0.011719,0.001953,0.000000,-0.003906
25863233,BNO_GYRO_UC,2560,-3400,0,-0.013672,-0.031250,0.019531,0.001953,0.000000,-0.003906
25873072,BNO_GYRO_UC,2561,-3200,0,-0.019531,-0.017578,0.015625,0.001953,0.000000,-0.003906
25883664,BNO_GYRO_UC,2562,-3400,0,-0.009766,-0.019531,0.015625,0.001953,0.000000,-0.003906
25893731,BNO_GYRO_UC,2563,-3100,0,-0.001953,-0.001953,0.007812,0.001953,0.000000,-0.003906
25903464,BNO_GYRO_UC,2564,-3600,0,-0.003906,0.017578,0.007812,0.001953,0.000000,-0.003906
25913268,BNO_GYRO_UC,2565,-3200,0,0.005859,0.054688,-0.001953,0.001953,0.000000,-0.003906
25924035,BNO_GYRO_UC,2566,-3600,0,0.007812,0.054688,-0.009766,0.001953,0.000000,-0.003906
25933997,BNO_GYRO_UC,2567,-2900,0,0.013672,0.029297,-0.009766,0.001953,0.000000,-0.003906
25943582,BNO_GYRO_UC,2568,-3400,0,0.011719,0.017578,-0.009766,0.001953,0.000000,-0.003906
25953225,BNO_GYRO_UC,2569,-3200,0,0.000000,-0.005859,-0.007812,0.001953,0.000000,-0.003906
25964118,BNO_GYRO_UC,2570,-3400,0,-0.001953,-0.013672,-0.003906,0.001953,0.000000,-0.003906
25974137,BNO_GYRO_UC,2571,-3100,0,0.001953,-0.005859,-0.003906,0.001953,0.000000,-0.003906
25983889,BNO_GYRO_UC,2572,-3600,0,-0.001953,-0.007812,-0.005859,0.001953,0.000000,-0.003906
25993781,BNO_GYRO_UC,2573,-3400,0,0.003906,-0.003906,-0.003906,0.001953,0.000000,-0.003906
26003547,BNO_GYRO_UC,2574,-3200,0,0.005859,-0.003906,0.000000,0.001953,0.000000,-0.003906
26014163,BNO_GYRO_UC,2575,-3800,0,-0.007812,-0.009766,0.009766,0.001953,0.000000,-0.003906
26024023,BNO_GYRO_UC,2576,-3800,0,-0.015625,-0.027344,0.013672,0.001953,0.000000,-0.003906
26033723,BNO_GYRO_UC,2577,-3400,0,-0.005859,-0.037109,0.005859,0.001953,0.000000,-0.003906
26044340,BNO_GYRO_UC,2578,-3400,0,-0.001953,-0.044922,0.001953,0.001953,0.000000,-0.003906
26054448,BNO_GYRO_UC,2579,-3100,0,0.001953,-0.041016,-0.001953,0.001953,0.000000,-0.003906
26063776,BNO_GYRO_UC,2580,-3400,0,0.001953,-0.033203,0.000000,0.001953,0.000000,-0.003906
26073565,BNO_GYRO_UC,2581,-3200,0,-0.003906,-0.031250,0.003906,0.001953,0.000000,-0.003906
26084508,BNO_GYRO_UC,2582,-3400,0,-0.001953,-0.017578,0.001953,0.001953,0.000000,-0.003906
26094455,BNO_GYRO_UC,2583,-2900,0,0.001953,0.001953,-0.003906,0.001953,0.000000,-0.003906
26104188,BNO_GYRO_UC,2584,-3600,0,-0.001953,0.017578,0.001953,0.001953,0.000000,-0.003906
26113951,BNO_GYRO_UC,2585,-3400,0,-0.001953,0.037109,0.005859,0.001953,0.000000,-0.003906
26123862,BNO_GYRO_UC,2586,-3400,0,-0.007812,0.019531,0.005859,0.001953,0.000000,-0.003906
26134796,BNO_GYRO_UC,2587,-3800,0,-0.005859,-0.013672,0.007812,0.001953,0.000000,-0.003906
26144442,BNO_GYRO_UC,2588,-3600,0,-0.017578,-0.015625,0.009766,0.001953,0.000000,-0.003906
26154198,BNO_GYRO_UC,2589,-3400,0,-0.013672,-0.015625,0.009766,0.001953,0.000000,-0.003906
26163759,BNO_GYRO_UC,2590,-3200,0,-0.009766,-0.042969,0.005859,0.001953,0.000000,-0.003906
26174471,BNO_GYRO_UC,2591,-3400,0,0.001953,-0.017578,0.001953,0.001953,0.000000,-0.003906
26184650,BNO_GYRO_UC,2592,-3200,0,0.003906,0.009766,0.001953,0.001953,0.000000,-0.003906
26194027,BNO_GYRO_UC,2593,-3400,0,-0.001953,0.015625,-0.001953,0.001953,0.000000,-0.003906
26203927,BNO_GYRO_UC,2594,-3200,0,0.001953,0.027344,-0.001953,0.001953,0.000000,-0.003906
26214758,BNO_GYRO_UC,2595,-3600,0,-0.001953,0.042969,0.001953,0.001953,0.000000,-0.003906
26224420,BNO_GYRO_UC,2596,-3200,0,-0.009766,0.068359,0.015625,0.001953,0.000000,-0.003906
26233733,BNO_GYRO_UC,2597,-2900,0,-0.031250,0.076172,0.031250,0.001953,0.000000,-0.003906
26244781,BNO_GYRO_UC,2598,-3400,0,-0.033203,0.066406,0.050781,0.001953,0.000000,-0.003906
26255032,BNO_GYRO_UC,2599,-3100,0,-0.046875,0.041016,0.054688,0.001953,0.000000,-0.003906
26264774,BNO_GYRO_UC,2600,-3600,0,-0.033203,0.009766,0.052734,0.001953,0.000000,-0.003906
26274456,BNO_GYRO_UC,2601,-3200,0,-0.042969,-0.011719,0.056641,0.001953,0.000000,-0.003906
26284069,BNO_GYRO_UC,2602,-3200,0,-0.050781,-0.029297,0.054688,0.001953,0.000000,-0.003906
26294963,BNO_GYRO_UC,2603,-3800,0,-0.048828,-0.050781,0.048828,0.001953,0.000000,-0.003906
26304601,BNO_GYRO_UC,2604,-3100,0,-0.042969,-0.054688,0.060547,0.001953,0.000000,-0.003906
26314460,BNO_GYRO_UC,2605,-3200,0,-0.062500,-0.050781,0.083984,0.001953,0.000000,-0.003906
26324118,BNO_GYRO_UC,2606,-3200,0,-0.085938,-0.066406,0.103516,0.001953,0.000000,-0.003906
26335446,BNO_GYRO_UC,2607,-4200,0,-0.101562,-0.064453,0.103516,0.001953,0.000000,-0.003906
26345290,BNO_GYRO_UC,2608,-3600,0,-0.082031,-0.050781,0.095703,0.001953,0.000000,-0.003906
26354852,BNO_GYRO_UC,2609,-3400,0,-0.064453,-0.039062,0.085938,0.001953,0.000000,-0.003906
26364346,BNO_GYRO_UC,2610,-3200,0,-0.066406,-0.013672,0.078125,0.001953,0.000000,-0.003906
26374575,BNO_GYRO_UC,2611,-3800,0,-0.054688,0.007812,0.060547,0.001953,0.000000,-0.003906
26385479,BNO_GYRO_UC,2612,-3800,0,-0.033203,0.041016,0.039062,0.001953,0.000000,-0.003906
26394960,BNO_GYRO_UC,2613,-3200,0,-0.013672,0.074219,0.017578,0.001953,0.000000,-0.003906
26404428,BNO_GYRO_UC,2614,-3400,0,0.000000,0.105469,0.005859,0.001953,0.000000,-0.003906
26415628,BNO_GYRO_UC,2615,-4000,0,0.007812,0.113281,0.000000,0.001953,0.000000,-0.003906
26425353,BNO_GYRO_UC,2616,-3400,0,0.007812,0.121094,-0.001953,0.001953,0.000000,-0.003906
26435047,BNO_GYRO_UC,2617,-3400,0,0.015625,0.105469,0.007812,0.001953,0.000000,-0.003906
26444548,BNO_GYRO_UC,2618,-3400,0,-0.003906,0.093750,0.007812,0.001953,0.000000,-0.003906
26454744,BNO_GYRO_UC,2619,-3800,0,-0.011719,0.066406,0.013672,0.001953,0.000000,-0.003906
26464875,BNO_GYRO_UC,2620,-3200,0,-0.003906,0.021484,0.025391,0.001953,0.000000,-0.003906
26474327,BNO_GYRO_UC,2621,-3100,0,-0.017578,0.013672,0.027344,0.001953,0.000000,-0.003906
26484701,BNO_GYRO_UC,2622,-3400,0,-0.015625,-0.007812,0.025391,0.001953,0.000000,-0.003906
26494854,BNO_GYRO_UC,2623,-3600,0,-0.019531,-0.007812,0.017578,0.001953,0.000000,-0.003906
26505599,BNO_GYRO_UC,2624,-3800,0,-0.025391,-0.013672,0.015625,0.001953,0.000000,-0.003906
26514722,BNO_GYRO_UC,2625,-3400,0,-0.027344,-0.027344,0.015625,0.001953,0.000000,-0.003906
26524756,BNO_GYRO_UC,2626,-3200,0,-0.027344,-0.037109,0.025391,0.001953,0.000000,-0.003906
26535034,BNO_GYRO_UC,2627,-3600,0,-0.031250,-0.041016,0.031250,0.001953,0.000000,-0.003906
26545033,BNO_GYRO_UC,2628,-3200,0,-0.031250,-0.046875,0.042969,0.001953,0.000000,-0.003906
26553958,BNO_GYRO_UC,2629,-2500,0,-0.044922,-0.054688,0.050781,0.001953,0.000000,-0.003906
26565101,BNO_GYRO_UC,2630,-3400,0,-0.054688,-0.025391,0.058594,0.001953,0.000000,-0.003906
26575097,BNO_GYRO_UC,2631,-3600,0,-0.048828,-0.013672,0.062500,0.001953,0.000000,-0.003906
26585237,BNO_GYRO_UC,2632,-3400,0,-0.052734,0.007812,0.066406,0.001953,0.000000,-0.003906
26594988,BNO_GYRO_UC,2633,-3400,0,-0.058594,0.041016,0.070312,0.001953,0.000000,-0.003906
26605016,BNO_GYRO_UC,2634,-3400,0,-0.050781,0.044922,0.074219,0.001953,0.000000,-0.003906
26614971,BNO_GYRO_UC,2635,-3400,0,-0.072266,0.042969,0.076172,0.001953,0.000000,-0.003906
26625225,BNO_GYRO_UC,2636,-3400,0,-0.070312,0.013672,0.083984,0.001953,0.000000,-0.003906
26634665,BNO_GYRO_UC,2637,-3200,0,-0.083984,-0.001953,0.089844,0.001953,0.000000,-0.003906
26644890,BNO_GYRO_UC,2638,-3400,0,-0.078125,-0.019531,0.093750,0.001953,0.000000,-0.003906
26655711,BNO_GYRO_UC,2639,-3800,0,-0.078125,-0.025391,0.095703,0.001953,0.000000,-0.003906
26665429,BNO_GYRO_UC,2640,-3100,0,-0.080078,-0.033203,0.093750,0.001953,0.000000,-0.003906
26674957,BNO_GYRO_UC,2641,-3200,0,-0.070312,-0.021484,0.087891,0.001953,0.000000,-0.003906
26685022,BNO_GYRO_UC,2642,-3400,0,-0.066406,0.003906,0.080078,0.001953,0.000000,-0.003906
26695073,BNO_GYRO_UC,2643,-3400,0,-0.060547,0.031250,0.074219,0.001953,0.000000,-0.003906
26705525,BNO_GYRO_UC,2644,-3400,0,-0.044922,0.060547,0.054688,0.001953,0.000000,-0.003906
26714776,BNO_GYRO_UC,2645,-3100,0,-0.033203,0.068359,0.042969,0.001953,0.000000,-0.003906
26725099,BNO_GYRO_UC,2646,-3400,0,-0.041016,0.054688,0.048828,0.001953,0.000000,-0.003906
26735110,BNO_GYRO_UC,2647,-3400,0,-0.054688,0.054688,0.064453,0.001953,0.000000,-0.003906
26745637,BNO_GYRO_UC,2648,-3400,0,-0.058594,0.029297,0.082031,0.001953,0.000000,-0.003906
26754843,BNO_GYRO_UC,2649,-3100,0,-0.064453,-0.005859,0.089844,0.001953,0.000000,-0.003906
26765247,BNO_GYRO_UC,2650,-3400,0,-0.070312,-0.033203,0.083984,0.001953,0.000000,-0.003906
26775162,BNO_GYRO_UC,2651,-3200,0,-0.074219,-0.048828,0.072266,0.001953,0.000000,-0.003906
26785766,BNO_GYRO_UC,2652,-3400,0,-0.050781,-0.064453,0.068359,0.001953,0.000000,-0.003906
26794906,BNO_GYRO_UC,2653,-3100,0,-0.066406,-0.062500,0.054688,0.001953,0.000000,-0.003906
26805312,BNO_GYRO_UC,2654,-3400,0,-0.044922,-0.052734,0.056641,0.001953,0.000000,-0.003906
26815321,BNO_GYRO_UC,2655,-3400,0,-0.060547,-0.052734,0.062500,0.001953,0.000000,-0.003906
26825832,BNO_GYRO_UC,2656,-3400,0,-0.060547,-0.035156,0.074219,0.001953,0.000000,-0.003906
26835160,BNO_GYRO_UC,2657,-3100,0,-0.068359,-0.025391,0.074219,0.001953,0.000000,-0.003906
26845391,BNO_GYRO_UC,2658,-3200,0,-0.066406,-0.015625,0.074219,0.001953,0.000000,-0.003906
26855472,BNO_GYRO_UC,2659,-3200,0,-0.048828,-0.003906,0.068359,0.001953,0.000000,-0.003906
26865832,BNO_GYRO_UC,2660,-3400,0,-0.050781,0.007812,0.064453,0.001953,0.000000,-0.003906
26875094,BNO_GYRO_UC,2661,-3100,0,-0.041016,0.005859,0.050781,0.001953,0.000000,-0.003906
26885397,BNO_GYRO_UC,2662,-3200,0,-0.033203,-0.009766,0.033203,0.001953,0.000000,-0.003906
26895907,BNO_GYRO_UC,2663,-3400,0,0.003906,-0.015625,0.009766,0.001953,0.000000,-0.003906
26905949,BNO_GYRO_UC,2664,-2900,0,0.025391,-0.039062,-0.015625,0.001953,0.000000,-0.003906
26915553,BNO_GYRO_UC,2665,-3400,0,0.013672,-0.074219,-0.019531,0.001953,0.000000,-0.003906
26925408,BNO_GYRO_UC,2666,-3200,0,-0.017578,-0.091797,0.003906,0.001953,0.000000,-0.003906
26935978,BNO_GYRO_UC,2667,-3400,0,-0.042969,-0.097656,0.035156,0.001953,0.000000,-0.003906
26946032,BNO_GYRO_UC,2668,-3100,0,-0.048828,-0.101562,0.066406,0.001953,0.000000,-0.003906
26956277,BNO_GYRO_UC,2669,-3200,0,-0.082031,-0.097656,0.087891,0.001953,0.000000,-0.003906
26965742,BNO_GYRO_UC,2670,-3400,0,-0.101562,-0.099609,0.107422,0.001953,0.000000,-0.003906
26975661,BNO_GYRO_UC,2671,-3400,0,-0.113281,-0.089844,0.128906,0.001953,0.000000,-0.003906
26986387,BNO_GYRO_UC,2672,-3600,0,-0.109375,-0.062500,0.136719,0.001953,0.000000,-0.003906
26995655,BNO_GYRO_UC,2673,-3200,0,-0.101562,-0.041016,0.136719,0.001953,0.000000,-0.003906
27005670,BNO_GYRO_UC,2674,-3400,0,-0.109375,0.007812,0.130859,0.001953,0.000000,-0.003906
27016480,BNO_GYRO_UC,2675,-3400,0,-0.125000,0.001953,0.126953,0.001953,0.000000,-0.003906
27026507,BNO_GYRO_UC,2676,-2900,0,-0.097656,0.015625,0.132812,0.001953,0.000000,-0.003906
27036132,BNO_GYRO_UC,2677,-3600,0,-0.119141,0.033203,0.132812,0.001953,0.000000,-0.003906
27046047,BNO_GYRO_UC,2678,-3400,0,-0.115234,0.007812,0.144531,0.001953,0.000000,-0.003906
27055728,BNO_GYRO_UC,2679,-3400,0,-0.132812,0.015625,0.158203,0.001953,0.000000,-0.003906
27066271,BNO_GYRO_UC,2680,-3600,0,-0.142578,0.037109,0.169922,0.001953,0.000000,-0.003906
27076528,BNO_GYRO_UC,2681,-3400,0,-0.146484,0.021484,0.181641,0.001953,0.000000,-0.003906
27085764,BNO_GYRO_UC,2682,-3200,0,-0.144531,-0.003906,0.179688,0.001953,0.000000,-0.003906
27095711,BNO_GYRO_UC,2683,-3200,0,-0.132812,-0.011719,0.175781,0.001953,0.000000,-0.003906
27106539,BNO_GYRO_UC,2684,-3600,0,-0.136719,-0.009766,0.167969,0.001953,0.000000,-0.003906
27116804,BNO_GYRO_UC,2685,-3400,0,-0.117188,-0.027344,0.160156,0.001953,0.000000,-0.003906
27126104,BNO_GYRO_UC,2686,-3200,0,-0.136719,-0.017578,0.150391,0.001953,0.000000,-0.003906
27135927,BNO_GYRO_UC,2687,-3100,0,-0.113281,0.000000,0.150391,0.001953,0.000000,-0.003906
27146538,BNO_GYRO_UC,2688,-3200,0,-0.121094,0.013672,0.132812,0.001953,0.000000,-0.003906
27156344,BNO_GYRO_UC,2689,-3200,0,-0.083984,0.031250,0.111328,0.001953,0.000000,-0.003906
27165787,BNO_GYRO_UC,2690,-3100,0,-0.048828,0.031250,0.070312,0.001953,0.000000,-0.003906
27175865,BNO_GYRO_UC,2691,-3100,0,-0.017578,0.025391,0.015625,0.001953,0.000000,-0.003906
27186601,BNO_GYRO_UC,2692,-3400,0,0.031250,0.000000,-0.050781,0.001953,0.000000,-0.003906
27196696,BNO_GYRO_UC,2693,-3200,0,0.076172,-0.042969,-0.099609,0.001953,0.000000,-0.003906
27206027,BNO_GYRO_UC,2694,-3200,0,0.101562,-0.074219,-0.125000,0.001953,0.000000,-0.003906
27216041,BNO_GYRO_UC,2695,-3200,0,0.111328,-0.099609,-0.087891,0.001953,0.000000,-0.003906
27226589,BNO_GYRO_UC,2696,-3200,0,0.029297,-0.074219,-0.037109,0.001953,0.000000,-0.003906
27236950,BNO_GYRO_UC,2697,-3600,0,0.027344,-0.070312,0.015625,0.001953,0.000000,-0.003906
27246292,BNO_GYRO_UC,2698,-3100,0,0.033203,-0.078125,0.041016,0.001953,0.000000,-0.003906
27255955,BNO_GYRO_UC,2699,-3100,0,0.015625,-0.072266,0.042969,0.001953,0.000000,-0.003906
27266852,BNO_GYRO_UC,2700,-3600,0,-0.019531,-0.044922,0.062500,0.001953,0.000000,-0.003906
27276899,BNO_GYRO_UC,2701,-3200,0,-0.013672,-0.037109,0.107422,0.001953,0.000000,-0.003906
27286110,BNO_GYRO_UC,2702,-3100,0,-0.056641,-0.029297,0.132812,0.001953,0.000000,-0.003906
27296143,BNO_GYRO_UC,2703,-3200,0,-0.076172,-0.017578,0.132812,0.001953,0.000000,-0.003906
27306507,BNO_GYRO_UC,2704,-3400,0,-0.076172,-0.019531,0.121094,0.001953,0.000000,-0.003906
27316683,BNO_GYRO_UC,2705,-3100,0,-0.062500,-0.031250,0.101562,0.001953,0.000000,-0.003906
27326206,BNO_GYRO_UC,2706,-3100,0,-0.072266,-0.027344,0.074219,0.001953,0.000000,-0.003906
27336977,BNO_GYRO_UC,2707,-3200,0,-0.070312,-0.015625,0.060547,0.001953,0.000000,-0.003906
27346721,BNO_GYRO_UC,2708,-3800,0,-0.056641,-0.021484,0.080078,0.001953,0.000000,-0.003906
27356641,BNO_GYRO_UC,2709,-3100,0,-0.062500,-0.005859,0.126953,0.001953,0.000000,-0.003906
27365836,BNO_GYRO_UC,2710,-2700,0,-0.107422,0.007812,0.146484,0.001953,0.000000,-0.003906
27376493,BNO_GYRO_UC,2711,-3100,0,-0.125000,0.003906,0.146484,0.001953,0.000000,-0.003906
27387513,BNO_GYRO_UC,2712,-3600,0,-0.095703,-0.001953,0.134766,0.001953,0.000000,-0.003906
27397035,BNO_GYRO_UC,2713,-2900,0,-0.085938,-0.001953,0.117188,0.001953,0.000000,-0.003906
27406776,BNO_GYRO_UC,2714,-3200,0,-0.103516,0.023438,0.083984,0.001953,0.000000,-0.003906
27416376,BNO_GYRO_UC,2715,-3200,0,-0.052734,0.011719,0.074219,0.001953,0.000000,-0.003906
27426806,BNO_GYRO_UC,2716,-3400,0,-0.031250,0.031250,0.062500,0.001953,0.000000,-0.003906
27437014,BNO_GYRO_UC,2717,-3100,0,-0.037109,0.019531,0.056641,0.001953,0.000000,-0.003906
27445911,BNO_GYRO_UC,2718,-2500,0,-0.021484,0.007812,0.052734,0.001953,0.000000,-0.003906
27456849,BNO_GYRO_UC,2719,-3200,0,-0.039062,0.019531,0.023438,0.001953,0.000000,-0.003906
27466462,BNO_GYRO_UC,2720,-3100,0,-0.031250,-0.003906,0.005859,0.001953,0.000000,-0.003906
27477015,BNO_GYRO_UC,2721,-3100,0,-0.011719,-0.015625,-0.007812,0.001953,0.000000,-0.003906
27486071,BNO_GYRO_UC,2722,-2500,0,0.013672,-0.023438,-0.003906,0.001953,0.000000,-0.003906
27496772,BNO_GYRO_UC,2723,-3200,0,-0.037109,0.003906,-0.009766,0.001953,0.000000,-0.003906
27507719,BNO_GYRO_UC,2724,-3600,0,0.005859,-0.027344,0.019531,0.001953,0.000000,-0.003906
27517158,BNO_GYRO_UC,2725,-2900,0,-0.044922,0.013672,0.009766,0.001953,0.000000,-0.003906
27526043,BNO_GYRO_UC,2726,-2500,0,-0.052734,0.003906,0.015625,0.001953,0.000000,-0.003906
27537144,BNO_GYRO_UC,2727,-3200,0,-0.042969,0.003906,0.029297,0.001953,0.000000,-0.003906
27546677,BNO_GYRO_UC,2728,-3100,0,-0.017578,0.003906,0.044922,0.001953,0.000000,-0.003906
27557141,BNO_GYRO_UC,2729,-3200,0,-0.068359,0.044922,0.035156,0.001953,0.000000,-0.003906
27566434,BNO_GYRO_UC,2730,-2900,0,-0.066406,0.031250,0.037109,0.001953,0.000000,-0.003906
27577283,BNO_GYRO_UC,2731,-3200,0,-0.048828,0.027344,0.037109,0.001953,0.000000,-0.003906
27588188,BNO_GYRO_UC,2732,-3600,0,-0.023438,0.015625,0.027344,0.001953,0.000000,-0.003906
27597808,BNO_GYRO_UC,2733,-2900,0,-0.021484,0.003906,0.011719,0.001953,0.000000,-0.003906
27606968,BNO_GYRO_UC,2734,-3100,0,-0.025391,-0.001953,0.005859,0.001953,0.000000,-0.003906
27616985,BNO_GYRO_UC,2735,-3200,0,-0.066406,0.017578,0.001953,0.001953,0.000000,-0.003906
27626962,BNO_GYRO_UC,2736,-3200,0,-0.037109,-0.009766,0.025391,0.001953,0.000000,-0.003906
27637292,BNO_GYRO_UC,2737,-3200,0,-0.041016,0.001953,0.037109,0.001953,0.000000,-0.003906
27646263,BNO_GYRO_UC,2738,-2500,0,-0.033203,0.013672,0.039062,0.001953,0.000000,-0.003906
27657516,BNO_GYRO_UC,2739,-3200,0,-0.039062,0.025391,0.035156,0.001953,0.000000,-0.003906
27666928,BNO_GYRO_UC,2740,-3100,0,-0.031250,0.025391,0.035156,0.001953,0.000000,-0.003906
27677514,BNO_GYRO_UC,2741,-3100,0,-0.025391,-0.013672,0.039062,0.001953,0.000000,-0.003906
27687295,BNO_GYRO_UC,2742,-3100,0,-0.029297,-0.005859,0.015625,0.001953,0.000000,-0.003906
27696949,BNO_GYRO_UC,2743,-3100,0,-0.025391,0.033203,0.025391,0.001953,0.000000,-0.003906
27707390,BNO_GYRO_UC,2744,-3200,0,-0.029297,0.025391,0.015625,0.001953,0.000000,-0.003906
27717434,BNO_GYRO_UC,2745,-2900,0,-0.027344,-0.009766,0.021484,0.001953,0.000000,-0.003906
27727625,BNO_GYRO_UC,2746,-3400,0,0.013672,-0.025391,0.001953,0.001953,0.000000,-0.003906
27737041,BNO_GYRO_UC,2747,-3200,0,0.011719,0.005859,-0.017578,0.001953,0.000000,-0.003906
27747389,BNO_GYRO_UC,2748,-3100,0,0.027344,0.009766,-0.052734,0.001953,0.000000,-0.003906
27757693,BNO_GYRO_UC,2749,-3100,0,0.052734,0.009766,-0.064453,0.001953,0.000000,-0.003906
27766722,BNO_GYRO_UC,2750,-2700,0,0.072266,-0.015625,-0.074219,0.001953,0.000000,-0.003906
27777639,BNO_GYRO_UC,2751,-3200,0,0.082031,-0.013672,-0.068359,0.001953,0.000000,-0.003906
27787252,BNO_GYRO_UC,2752,-3200,0,0.039062,0.031250,-0.076172,0.001953,0.000000,-0.003906
27797688,BNO_GYRO_UC,2753,-3200,0,0.025391,0.033203,-0.062500,0.001953,0.000000,-0.003906
27807526,BNO_GYRO_UC,2754,-3100,0,0.015625,0.031250,-0.037109,0.001953,0.000000,-0.003906
27817268,BNO_GYRO_UC,2755,-3100,0,-0.005859,0.037109,-0.019531,0.001953,0.000000,-0.003906
27827752,BNO_GYRO_UC,2756,-3200,0,-0.003906,0.033203,-0.009766,0.001953,0.000000,-0.003906
27837716,BNO_GYRO_UC,2757,-2700,0,0.005859,0.033203,0.007812,0.001953,0.000000,-0.003906
27847995,BNO_GYRO_UC,2758,-3200,0,-0.033203,0.048828,0.017578,0.001953,0.000000,-0.003906
27857552,BNO_GYRO_UC,2759,-3200,0,-0.052734,0.052734,0.052734,0.001953,0.000000,-0.003906
27868060,BNO_GYRO_UC,2760,-3200,0,-0.074219,0.054688,0.076172,0.001953,0.000000,-0.003906
27878677,BNO_GYRO_UC,2761,-3600,0,-0.076172,0.072266,0.083984,0.001953,0.000000,-0.003906
27888119,BNO_GYRO_UC,2762,-3200,0,-0.093750,0.064453,0.080078,0.001953,0.000000,-0.003906
27897608,BNO_GYRO_UC,2763,-3200,0,-0.062500,0.042969,0.080078,0.001953,0.000000,-0.003906
27908230,BNO_GYRO_UC,2764,-3200,0,-0.066406,0.044922,0.080078,0.001953,0.000000,-0.003906
27918756,BNO_GYRO_UC,2765,-3200,0,-0.072266,0.039062,0.076172,0.001953,0.000000,-0.003906
27928034,BNO_GYRO_UC,2766,-3200,0,-0.066406,0.048828,0.078125,0.001953,0.000000,-0.003906
27937574,BNO_GYRO_UC,2767,-3100,0,-0.062500,0.050781,0.072266,0.001953,0.000000,-0.003906
27948379,BNO_GYRO_UC,2768,-3400,0,-0.054688,0.050781,0.070312,0.001953,0.000000,-0.003906
27958331,BNO_GYRO_UC,2769,-2900,0,-0.050781,0.046875,0.072266,0.001953,0.000000,-0.003906
27968664,BNO_GYRO_UC,2770,-3200,0,-0.054688,0.029297,0.074219,0.001953,0.000000,-0.003906
27978046,BNO_GYRO_UC,2771,-3200,0,-0.062500,0.041016,0.076172,0.001953,0.000000,-0.003906
27988512,BNO_GYRO_UC,2772,-3200,0,-0.058594,0.044922,0.076172,0.001953,0.000000,-0.003906
27998473,BNO_GYRO_UC,2773,-2700,0,-0.062500,0.042969,0.078125,0.001953,0.000000,-0.003906
28008640,BNO_GYRO_UC,2774,-3200,0,-0.052734,0.025391,0.074219,0.001953,0.000000,-0.003906
28017917,BNO_GYRO_UC,2775,-3200,0,-0.072266,0.021484,0.064453,0.001953,0.000000,-0.003906
28028361,BNO_GYRO_UC,2776,-3200,0,-0.048828,0.003906,0.066406,0.001953,0.000000,-0.003906
28038280,BNO_GYRO_UC,2777,-2500,0,-0.048828,0.005859,0.066406,0.001953,0.000000,-0.003906
28048517,BNO_GYRO_UC,2778,-3400,0,-0.041016,-0.003906,0.066406,0.001953,0.000000,-0.003906
28057867,BNO_GYRO_UC,2779,-3200,0,-0.060547,0.005859,0.068359,0.001953,0.000000,-0.003906
28068579,BNO_GYRO_UC,2780,-3200,0,-0.048828,0.001953,0.060547,0.001953,0.000000,-0.003906
28078558,BNO_GYRO_UC,2781,-2900,0,-0.048828,0.013672,0.050781,0.001953,0.000000,-0.003906
28088647,BNO_GYRO_UC,2782,-3200,0,-0.039062,0.025391,0.052734,0.001953,0.000000,-0.003906
28097980,BNO_GYRO_UC,2783,-3200,0,-0.044922,0.013672,0.062500,0.001953,0.000000,-0.003906
28108725,BNO_GYRO_UC,2784,-3400,0,-0.054688,0.017578,0.062500,0.001953,0.000000,-0.003906
28118656,BNO_GYRO_UC,2785,-2900,0,-0.044922,0.029297,0.062500,0.001953,0.000000,-0.003906
28128865,BNO_GYRO_UC,2786,-3200,0,-0.056641,0.019531,0.060547,0.001953,0.000000,-0.003906
28138175,BNO_GYRO_UC,2787,-3200,0,-0.052734,-0.007812,0.066406,0.001953,0.000000,-0.003906
28148214,BNO_GYRO_UC,2788,-3200,0,-0.068359,0.003906,0.064453,0.001953,0.000000,-0.003906
28158959,BNO_GYRO_UC,2789,-3600,0,-0.041016,-0.001953,0.060547,0.001953,0.000000,-0.003906
28168588,BNO_GYRO_UC,2790,-3200,0,-0.054688,0.007812,0.046875,0.001953,0.000000,-0.003906
28178459,BNO_GYRO_UC,2791,-3100,0,-0.044922,0.001953,0.041016,0.001953,0.000000,-0.003906
28188061,BNO_GYRO_UC,2792,-3200,0,-0.037109,0.005859,0.039062,0.001953,0.000000,-0.003906
28198861,BNO_GYRO_UC,2793,-3400,0,-0.029297,0.019531,0.031250,0.001953,0.000000,-0.003906
28209058,BNO_GYRO_UC,2794,-3200,0,-0.031250,0.025391,0.025391,0.001953,0.000000,-0.003906
28218312,BNO_GYRO_UC,2795,-3200,0,-0.011719,0.027344,0.027344,0.001953,0.000000,-0.003906
28228314,BNO_GYRO_UC,2796,-3200,0,-0.011719,0.025391,0.031250,0.001953,0.000000,-0.003906
28238953,BNO_GYRO_UC,2797,-3400,0,-0.027344,0.027344,0.025391,0.001953,0.000000,-0.003906
28249247,BNO_GYRO_UC,2798,-3200,0,-0.027344,0.033203,0.029297,0.001953,0.000000,-0.003906
28258529,BNO_GYRO_UC,2799,-3200,0,-0.031250,0.031250,0.025391,0.001953,0.000000,-0.003906
28268283,BNO_GYRO_UC,2800,-3100,0,-0.039062,0.013672,0.031250,0.001953,0.000000,-0.003906
28278589,BNO_GYRO_UC,2801,-3400,0,-0.025391,0.015625,0.039062,0.001953,0.000000,-0.003906
28289228,BNO_GYRO_UC,2802,-3600,0,-0.033203,0.029297,0.039062,0.001953,0.000000,-0.003906
28298409,BNO_GYRO_UC,2803,-3200,0,-0.039062,0.009766,0.041016,0.001953,0.000000,-0.003906
28308441,BNO_GYRO_UC,2804,-3100,0,-0.033203,-0.007812,0.048828,0.001953,0.000000,-0.003906
28318790,BNO_GYRO_UC,2805,-3400,0,-0.039062,-0.011719,0.044922,0.001953,0.000000,-0.003906
28329389,BNO_GYRO_UC,2806,-3600,0,-0.027344,-0.021484,0.035156,0.001953,0.000000,-0.003906
28338537,BNO_GYRO_UC,2807,-3200,0,-0.013672,-0.017578,0.021484,0.001953,0.000000,-0.003906
28349460,BNO_GYRO_UC,2808,-3400,0,-0.009766,0.003906,0.013672,0.001953,0.000000,-0.003906
28359298,BNO_GYRO_UC,2809,-3600,0,-0.007812,0.017578,0.009766,0.001953,0.000000,-0.003906
28369168,BNO_GYRO_UC,2810,-3400,0,-0.009766,0.019531,0.011719,0.001953,0.000000,-0.003906
28378808,BNO_GYRO_UC,2811,-3200,0,-0.025391,0.027344,0.025391,0.001953,0.000000,-0.003906
28388852,BNO_GYRO_UC,2812,-3400,0,-0.041016,0.037109,0.041016,0.001953,0.000000,-0.003906
28399226,BNO_GYRO_UC,2813,-3600,0,-0.042969,0.025391,0.054688,0.001953,0.000000,-0.003906
28409976,BNO_GYRO_UC,2814,-3800,0,-0.046875,0.015625,0.056641,0.001953,0.000000,-0.003906
28419453,BNO_GYRO_UC,2815,-3400,0,-0.044922,0.023438,0.056641,0.001953,0.000000,-0.003906
28428801,BNO_GYRO_UC,2816,-3200,0,-0.042969,0.017578,0.050781,0.001953,0.000000,-0.003906
28439260,BNO_GYRO_UC,2817,-3600,0,-0.044922,0.011719,0.044922,0.001953,0.000000,-0.003906
28449884,BNO_GYRO_UC,2818,-4000,0,-0.042969,0.027344,0.044922,0.001953,0.000000,-0.003906
28458965,BNO_GYRO_UC,2819,-3400,0,-0.041016,0.041016,0.042969,0.001953,0.000000,-0.003906
28469042,BNO_GYRO_UC,2820,-3400,0,-0.031250,0.039062,0.044922,0.001953,0.000000,-0.003906
28479271,BNO_GYRO_UC,2821,-3800,0,-0.041016,0.037109,0.041016,0.001953,0.000000,-0.003906
28489442,BNO_GYRO_UC,2822,-3400,0,-0.039062,0.021484,0.027344,0.001953,0.000000,-0.003906
28498700,BNO_GYRO_UC,2823,-3100,0,-0.019531,0.013672,0.029297,0.001953,0.000000,-0.003906
28509028,BNO_GYRO_UC,2824,-3200,0,-0.021484,-0.005859,0.027344,0.001953,0.000000,-0.003906
28519388,BNO_GYRO_UC,2825,-3600,0,-0.031250,-0.003906,0.027344,0.001953,0.000000,-0.003906
28529575,BNO_GYRO_UC,2826,-3400,0,-0.023438,0.001953,0.027344,0.001953,0.000000,-0.003906
28539147,BNO_GYRO_UC,2827,-3400,0,-0.027344,-0.003906,0.037109,0.001953,0.000000,-0.003906
28549187,BNO_GYRO_UC,2828,-3400,0,-0.039062,-0.005859,0.039062,0.001953,0.000000,-0.003906
28559258,BNO_GYRO_UC,2829,-3400,0,-0.031250,0.001953,0.044922,0.001953,0.000000,-0.003906
28569582,BNO_GYRO_UC,2830,-3400,0,-0.027344,-0.007812,0.039062,0.001953,0.000000,-0.003906
28579716,BNO_GYRO_UC,2831,-3800,0,-0.027344,-0.001953,0.027344,0.001953,0.000000,-0.003906
28589516,BNO_GYRO_UC,2832,-3200,0,-0.025391,0.005859,0.019531,0.001953,0.000000,-0.003906
28599204,BNO_GYRO_UC,2833,-3200,0,-0.015625,-0.001953,0.019531,0.001953,0.000000,-0.003906
28609737,BNO_GYRO_UC,2834,-3400,0,-0.011719,0.007812,0.015625,0.001953,0.000000,-0.003906
28619476,BNO_GYRO_UC,2835,-3600,0,-0.005859,0.005859,0.009766,0.001953,0.000000,-0.003906
28629302,BNO_GYRO_UC,2836,-3200,0,-0.003906,0.001953,0.005859,0.001953,0.000000,-0.003906
28639450,BNO_GYRO_UC,2837,-3400,0,-0.013672,0.001953,0.017578,0.001953,0.000000,-0.003906
28649847,BNO_GYRO_UC,2838,-3400,0,-0.031250,0.001953,0.023438,0.001953,0.000000,-0.003906
28659501,BNO_GYRO_UC,2839,-3400,0,-0.033203,-0.003906,0.029297,0.001953,0.000000,-0.003906
28669377,BNO_GYRO_UC,2840,-3200,0,-0.031250,-0.013672,0.029297,0.001953,0.000000,-0.003906
28679402,BNO_GYRO_UC,2841,-3400,0,-0.021484,-0.025391,0.031250,0.001953,0.000000,-0.003906
28689819,BNO_GYRO_UC,2842,-3400,0,-0.025391,-0.037109,0.017578,0.001953,0.000000,-0.003906
28699455,BNO_GYRO_UC,2843,-3200,0,-0.013672,-0.033203,0.005859,0.001953,0.000000,-0.003906
28709448,BNO_GYRO_UC,2844,-3400,0,-0.005859,-0.017578,0.003906,0.001953,0.000000,-0.003906
28720361,BNO_GYRO_UC,2845,-3800,0,-0.009766,0.001953,0.007812,0.001953,0.000000,-0.003906
28730223,BNO_GYRO_UC,2846,-3100,0,-0.003906,0.017578,0.005859,0.001953,0.000000,-0.003906
28739671,BNO_GYRO_UC,2847,-3400,0,-0.005859,0.031250,0.001953,0.001953,0.000000,-0.003906
28749593,BNO_GYRO_UC,2848,-3200,0,-0.005859,0.044922,0.001953,0.001953,0.000000,-0.003906
28759695,BNO_GYRO_UC,2849,-3400,0,0.000000,0.037109,0.003906,0.001953,0.000000,-0.003906
28770064,BNO_GYRO_UC,2850,-3200,0,0.011719,0.029297,-0.003906,0.001953,0.000000,-0.003906
28779674,BNO_GYRO_UC,2851,-3200,0,0.005859,0.021484,-0.005859,0.001953,0.000000,-0.003906
28789734,BNO_GYRO_UC,2852,-3400,0,0.011719,0.007812,-0.011719,0.001953,0.000000,-0.003906
28799608,BNO_GYRO_UC,2853,-3200,0,0.009766,-0.005859,-0.017578,0.001953,0.000000,-0.003906
28810306,BNO_GYRO_UC,2854,-3400,0,0.015625,-0.009766,-0.021484,0.001953,0.000000,-0.003906
28819778,BNO_GYRO_UC,2855,-3400,0,0.019531,-0.005859,-0.021484,0.001953,0.000000,-0.003906
28829613,BNO_GYRO_UC,2856,-3200,0,0.015625,-0.015625,-0.019531,0.001953,0.000000,-0.003906
28840220,BNO_GYRO_UC,2857,-3400,0,0.017578,-0.021484,-0.017578,0.001953,0.000000,-0.003906
28850197,BNO_GYRO_UC,2858,-2900,0,0.009766,-0.017578,-0.015625,0.001953,0.000000,-0.003906
28860376,BNO_GYRO_UC,2859,-3200,0,0.005859,-0.001953,-0.007812,0.001953,0.000000,-0.003906
28869956,BNO_GYRO_UC,2860,-3400,0,0.000000,0.003906,-0.005859,0.001953,0.000000,-0.003906
28880535,BNO_GYRO_UC,2861,-3400,0,0.013672,0.017578,-0.005859,0.001953,0.000000,-0.003906
28890379,BNO_GYRO_UC,2862,-2900,0,0.007812,0.039062,-0.003906,0.001953,0.000000,-0.003906
28899974,BNO_GYRO_UC,2863,-3400,0,0.013672,0.033203,-0.009766,0.001953,0.000000,-0.003906
28909824,BNO_GYRO_UC,2864,-3200,0,0.009766,0.021484,-0.009766,0.001953,0.000000,-0.003906
28920625,BNO_GYRO_UC,2865,-3400,0,0.007812,0.005859,-0.013672,0.001953,0.000000,-0.003906
28930704,BNO_GYRO_UC,2866,-3100,0,0.009766,0.001953,-0.017578,0.001953,0.000000,-0.003906
28940434,BNO_GYRO_UC,2867,-3800,0,0.013672,-0.013672,-0.015625,0.001953,0.000000,-0.003906
28950172,BNO_GYRO_UC,2868,-3200,0,0.009766,-0.033203,-0.021484,0.001953,0.000000,-0.003906
28960768,BNO_GYRO_UC,2869,-3400,0,0.015625,-0.044922,-0.019531,0.001953,0.000000,-0.003906
28970898,BNO_GYRO_UC,2870,-3100,0,0.011719,-0.039062,-0.019531,0.001953,0.000000,-0.003906
28980529,BNO_GYRO_UC,2871,-3600,0,0.011719,-0.029297,-0.017578,0.001953,0.000000,-0.003906
28990278,BNO_GYRO_UC,2872,-3400,0,0.009766,-0.019531,-0.011719,0.001953,0.000000,-0.003906
29000197,BNO_GYRO_UC,2873,-3200,0,0.001953,-0.005859,-0.005859,0.001953,0.000000,-0.003906
29010843,BNO_GYRO_UC,2874,-3600,0,-0.001953,0.007812,-0.001953,0.001953,0.000000,-0.003906
29020549,BNO_GYRO_UC,2875,-3600,0,0.001953,0.009766,0.001953,0.001953,0.000000,-0.003906
29030292,BNO_GYRO_UC,2876,-3200,0,-0.005859,0.009766,0.005859,0.001953,0.000000,-0.003906
29040241,BNO_GYRO_UC,2877,-3400,0,-0.003906,0.019531,0.005859,0.001953,0.000000,-0.003906
29051084,BNO_GYRO_UC,2878,-3800,0,-0.005859,0.021484,0.005859,0.001953,0.000000,-0.003906
29060685,BNO_GYRO_UC,2879,-3400,0,-0.005859,0.009766,0.005859,0.001953,0.000000,-0.003906
29070601,BNO_GYRO_UC,2880,-3200,0,-0.003906,0.001953,0.003906,0.001953,0.000000,-0.003906
29080434,BNO_GYRO_UC,2881,-3400,0,-0.003906,-0.011719,0.005859,0.001953,0.000000,-0.003906
29091290,BNO_GYRO_UC,2882,-3800,0,-0.007812,-0.025391,0.001953,0.001953,0.000000,-0.003906
29100803,BNO_GYRO_UC,2883,-3200,0,0.003906,-0.031250,0.000000,0.001953,0.000000,-0.003906
29110329,BNO_GYRO_UC,2884,-3400,0,0.000000,-0.029297,-0.003906,0.001953,0.000000,-0.003906
29120503,BNO_GYRO_UC,2885,-3200,0,0.001953,-0.013672,-0.001953,0.001953,0.000000,-0.003906
29131406,BNO_GYRO_UC,2886,-4000,0,0.001953,0.001953,-0.003906,0.001953,0.000000,-0.003906
29141150,BNO_GYRO_UC,2887,-3600,0,0.001953,0.001953,-0.003906,0.001953,0.000000,-0.003906
29150756,BNO_GYRO_UC,2888,-3200,0,-0.003906,-0.005859,-0.005859,0.001953,0.000000,-0.003906
29160496,BNO_GYRO_UC,2889,-3400,0,0.001953,-0.003906,-0.005859,0.001953,0.000000,-0.003906
29171306,BNO_GYRO_UC,2890,-3800,0,0.000000,0.009766,-0.007812,0.001953,0.000000,-0.003906
29181089,BNO_GYRO_UC,2891,-3400,0,0.001953,0.017578,-0.007812,0.001953,0.000000,-0.003906
29190893,BNO_GYRO_UC,2892,-3400,0,-0.005859,0.007812,0.003906,0.001953,0.000000,-0.003906
29200594,BNO_GYRO_UC,2893,-3200,0,-0.021484,-0.017578,0.021484,0.001953,0.000000,-0.003906
29210974,BNO_GYRO_UC,2894,-3600,0,-0.019531,-0.019531,0.021484,0.001953,0.000000,-0.003906
29221625,BNO_GYRO_UC,2895,-3800,0,-0.019531,-0.013672,0.017578,0.001953,0.000000,-0.003906
29230951,BNO_GYRO_UC,2896,-3200,0,-0.013672,-0.011719,0.011719,0.001953,0.000000,-0.003906
29240710,BNO_GYRO_UC,2897,-3400,0,-0.009766,-0.009766,0.009766,0.001953,0.000000,-0.003906
29251590,BNO_GYRO_UC,2898,-3800,0,-0.007812,-0.009766,0.003906,0.001953,0.000000,-0.003906
29261350,BNO_GYRO_UC,2899,-3200,0,-0.015625,-0.013672,0.013672,0.001953,0.000000,-0.003906
29271106,BNO_GYRO_UC,2900,-3200,0,-0.033203,-0.025391,0.033203,0.001953,0.000000,-0.003906
29280773,BNO_GYRO_UC,2901,-3400,0,-0.039062,-0.037109,0.039062,0.001953,0.000000,-0.003906
29291055,BNO_GYRO_UC,2902,-3800,0,-0.046875,-0.052734,0.048828,0.001953,0.000000,-0.003906
29301147,BNO_GYRO_UC,2903,-3200,0,-0.029297,-0.039062,0.037109,0.001953,0.000000,-0.003906
29310909,BNO_GYRO_UC,2904,-3400,0,-0.033203,-0.056641,0.037109,0.001953,0.000000,-0.003906
29320888,BNO_GYRO_UC,2905,-3200,0,-0.037109,-0.105469,0.033203,0.001953,0.000000,-0.003906
29330929,BNO_GYRO_UC,2906,-3200,0,-0.011719,-0.113281,0.029297,0.001953,0.000000,-0.003906
29341329,BNO_GYRO_UC,2907,-3400,0,-0.007812,-0.080078,0.009766,0.001953,0.000000,-0.003906
29350667,BNO_GYRO_UC,2908,-3200,0,0.017578,-0.078125,0.001953,0.001953,0.000000,-0.003906
29361505,BNO_GYRO_UC,2909,-3200,0,-0.013672,-0.046875,0.003906,0.001953,0.000000,-0.003906
29372136,BNO_GYRO_UC,2910,-3200,0,-0.013672,-0.046875,0.042969,0.001953,0.000000,-0.003906
29381622,BNO_GYRO_UC,2911,-3100,0,0.021484,-0.050781,0.066406,0.001953,0.000000,-0.003906
29391269,BNO_GYRO_UC,2912,-3100,0,0.048828,-0.041016,0.042969,0.001953,0.000000,-0.003906
29400849,BNO_GYRO_UC,2913,-3100,0,0.048828,-0.037109,-0.005859,0.001953,0.000000,-0.003906
29411245,BNO_GYRO_UC,2914,-3600,0,0.056641,-0.066406,-0.033203,0.001953,0.000000,-0.003906
29421239,BNO_GYRO_UC,2915,-3200,0,0.076172,-0.076172,-0.050781,0.001953,0.000000,-0.003906
29430842,BNO_GYRO_UC,2916,-3100,0,0.044922,-0.134766,-0.066406,0.001953,0.000000,-0.003906
29441625,BNO_GYRO_UC,2917,-3200,0,0.019531,-0.173828,-0.091797,0.001953,0.000000,-0.003906
29452137,BNO_GYRO_UC,2918,-3200,0,0.085938,-0.226562,-0.121094,0.001953,0.000000,-0.003906
29461810,BNO_GYRO_UC,2919,-2900,0,0.175781,-0.242188,-0.162109,0.001953,0.000000,-0.003906
29471065,BNO_GYRO_UC,2920,-3100,0,0.199219,-0.228516,-0.232422,0.001953,0.000000,-0.003906
29481051,BNO_GYRO_UC,2921,-3200,0,0.210938,-0.226562,-0.234375,0.001953,0.000000,-0.003906
29491667,BNO_GYRO_UC,2922,-3400,0,0.179688,-0.187500,-0.193359,0.001953,0.000000,-0.003906
29502114,BNO_GYRO_UC,2923,-3600,0,0.175781,-0.162109,-0.123047,0.001953,0.000000,-0.003906
29511197,BNO_GYRO_UC,2924,-3200,0,0.138672,-0.082031,-0.099609,0.001953,0.000000,-0.003906
29521766,BNO_GYRO_UC,2925,-3200,0,0.103516,-0.060547,-0.109375,0.001953,0.000000,-0.003906
29531135,BNO_GYRO_UC,2926,-3200,0,0.146484,-0.054688,-0.134766,0.001953,0.000000,-0.003906
29541657,BNO_GYRO_UC,2927,-3100,0,0.250000,-0.041016,-0.181641,0.001953,0.000000,-0.003906
29550499,BNO_GYRO_UC,2928,-2500,0,0.310547,-0.042969,-0.242188,0.001953,0.000000,-0.003906
29561480,BNO_GYRO_UC,2929,-3200,0,0.277344,0.037109,-0.320312,0.001953,0.000000,-0.003906
29571212,BNO_GYRO_UC,2930,-3200,0,0.361328,-0.056641,-0.335938,0.001953,0.000000,-0.003906
29581637,BNO_GYRO_UC,2931,-3100,0,0.378906,-0.070312,-0.404297,0.001953,0.000000,-0.003906
29590580,BNO_GYRO_UC,2932,-2500,0,0.330078,-0.041016,-0.447266,0.001953,0.000000,-0.003906
29601555,BNO_GYRO_UC,2933,-3100,0,0.279297,-0.058594,-0.423828,0.001953,0.000000,-0.003906
29611312,BNO_GYRO_UC,2934,-3100,0,0.156250,-0.050781,-0.357422,0.001953,0.000000,-0.003906
29621623,BNO_GYRO_UC,2935,-3200,0,0.066406,-0.054688,-0.267578,0.001953,0.000000,-0.003906
29630760,BNO_GYRO_UC,2936,-2700,0,0.121094,-0.076172,-0.207031,0.001953,0.000000,-0.003906
29641883,BNO_GYRO_UC,2937,-3200,0,0.144531,-0.050781,-0.193359,0.001953,0.000000,-0.003906
29651323,BNO_GYRO_UC,2938,-3100,0,0.078125,0.007812,-0.222656,0.001953,0.000000,-0.003906
29661714,BNO_GYRO_UC,2939,-3100,0,0.060547,0.062500,-0.207031,0.001953,0.000000,-0.003906
29670897,BNO_GYRO_UC,2940,-2700,0,0.117188,0.087891,-0.156250,0.001953,0.000000,-0.003906
29681899,BNO_GYRO_UC,2941,-3100,0,0.123047,0.121094,-0.142578,0.001953,0.000000,-0.003906
29691335,BNO_GYRO_UC,2942,-3100,0,0.087891,0.091797,-0.158203,0.001953,0.000000,-0.003906
29702567,BNO_GYRO_UC,2943,-3600,0,0.056641,0.083984,-0.123047,0.001953,0.000000,-0.003906
29712046,BNO_GYRO_UC,2944,-3200,0,0.019531,0.115234,-0.052734,0.001953,0.000000,-0.003906
29721487,BNO_GYRO_UC,2945,-3100,0,0.003906,0.099609,-0.048828,0.001953,0.000000,-0.003906
29731942,BNO_GYRO_UC,2946,-3200,0,0.087891,0.001953,-0.083984,0.001953,0.000000,-0.003906
29741926,BNO_GYRO_UC,2947,-2700,0,0.125000,-0.027344,-0.156250,0.001953,0.000000,-0.003906
29752002,BNO_GYRO_UC,2948,-3200,0,0.154297,-0.025391,-0.210938,0.001953,0.000000,-0.003906
29761579,BNO_GYRO_UC,2949,-3100,0,0.167969,-0.027344,-0.240234,0.001953,0.000000,-0.003906
29771920,BNO_GYRO_UC,2950,-3100,0,0.177734,-0.007812,-0.203125,0.001953,0.000000,-0.003906
29782052,BNO_GYRO_UC,2951,-2900,0,0.097656,0.027344,-0.156250,0.001953,0.000000,-0.003906
29792248,BNO_GYRO_UC,2952,-3400,0,0.066406,0.066406,-0.128906,0.001953,0.000000,-0.003906
29801781,BNO_GYRO_UC,2953,-3100,0,0.074219,0.099609,-0.111328,0.001953,0.000000,-0.003906
29812048,BNO_GYRO_UC,2954,-3200,0,0.054688,0.123047,-0.091797,0.001953,0.000000,-0.003906
29822237,BNO_GYRO_UC,2955,-2700,0,0.046875,0.121094,-0.068359,0.001953,0.000000,-0.003906
29832379,BNO_GYRO_UC,2956,-3200,0,0.029297,0.134766,-0.066406,0.001953,0.000000,-0.003906
29841968,BNO_GYRO_UC,2957,-3200,0,0.037109,0.087891,-0.082031,0.001953,0.000000,-0.003906
29852550,BNO_GYRO_UC,2958,-3200,0,0.068359,0.066406,-0.097656,0.001953,0.000000,-0.003906
29862913,BNO_GYRO_UC,2959,-3200,0,0.068359,0.064453,-0.115234,0.001953,0.000000,-0.003906
29872435,BNO_GYRO_UC,2960,-3400,0,0.076172,0.066406,-0.121094,0.001953,0.000000,-0.003906
29881805,BNO_GYRO_UC,2961,-3200,0,0.089844,0.062500,-0.142578,0.001953,0.000000,-0.003906
29892542,BNO_GYRO_UC,2962,-3200,0,0.078125,0.062500,-0.109375,0.001953,0.000000,-0.003906
29902530,BNO_GYRO_UC,2963,-2900,0,-0.015625,0.093750,-0.048828,0.001953,0.000000,-0.003906
29912728,BNO_GYRO_UC,2964,-3400,0,-0.005859,0.076172,0.005859,0.001953,0.000000,-0.003906
29921973,BNO_GYRO_UC,2965,-3100,0,-0.009766,0.103516,-0.009766,0.001953,0.000000,-0.003906
29932618,BNO_GYRO_UC,2966,-3200,0,0.029297,0.072266,-0.044922,0.001953,0.000000,-0.003906
29942632,BNO_GYRO_UC,2967,-2700,0,0.042969,0.062500,-0.082031,0.001953,0.000000,-0.003906
29952744,BNO_GYRO_UC,2968,-3200,0,0.087891,0.074219,-0.109375,0.001953,0.000000,-0.003906
29962058,BNO_GYRO_UC,2969,-3200,0,0.089844,0.101562,-0.128906,0.001953,0.000000,-0.003906
29972931,BNO_GYRO_UC,2970,-3200,0,0.089844,0.093750,-0.121094,0.001953,0.000000,-0.003906
29982832,BNO_GYRO_UC,2971,-2700,0,0.076172,0.091797,-0.089844,0.001953,0.000000,-0.003906
29992997,BNO_GYRO_UC,2972,-3400,0,0.058594,0.097656,-0.064453,0.001953,0.000000,-0.003906
30002091,BNO_GYRO_UC,2973,-3100,0,0.009766,0.089844,-0.017578,0.001953,0.000000,-0.003906
30012681,BNO_GYRO_UC,2974,-3200,0,-0.044922,0.078125,0.037109,0.001953,0.000000,-0.003906
30023180,BNO_GYRO_UC,2975,-3100,0,-0.076172,0.060547,0.083984,0.001953,0.000000,-0.003906
30032581,BNO_GYRO_UC,2976,-3400,0,-0.080078,0.044922,0.097656,0.001953,0.000000,-0.003906
30042170,BNO_GYRO_UC,2977,-3100,0,-0.076172,0.033203,0.080078,0.001953,0.000000,-0.003906
30052924,BNO_GYRO_UC,2978,-3100,0,-0.064453,0.007812,0.048828,0.001953,0.000000,-0.003906
30062722,BNO_GYRO_UC,2979,-2300,0,-0.015625,0.007812,0.021484,0.001953,0.000000,-0.003906
30072985,BNO_GYRO_UC,2980,-3200,0,0.019531,0.013672,-0.005859,0.001953,0.000000,-0.003906
30082354,BNO_GYRO_UC,2981,-3200,0,0.041016,0.011719,-0.031250,0.001953,0.000000,-0.003906
30093151,BNO_GYRO_UC,2982,-3100,0,0.007812,0.005859,-0.033203,0.001953,0.000000,-0.003906
30103068,BNO_GYRO_UC,2983,-2700,0,-0.007812,-0.011719,-0.005859,0.001953,0.000000,-0.003906
30112742,BNO_GYRO_UC,2984,-3100,0,-0.048828,-0.021484,0.019531,0.001953,0.000000,-0.003906
30122281,BNO_GYRO_UC,2985,-3100,0,-0.015625,-0.011719,0.039062,0.001953,0.000000,-0.003906
30133284,BNO_GYRO_UC,2986,-3200,0,-0.007812,-0.007812,0.029297,0.001953,0.000000,-0.003906
30143254,BNO_GYRO_UC,2987,-2700,0,-0.001953,-0.007812,0.017578,0.001953,0.000000,-0.003906
30152860,BNO_GYRO_UC,2988,-3100,0,-0.013672,0.007812,0.011719,0.001953,0.000000,-0.003906
30162464,BNO_GYRO_UC,2989,-3100,0,-0.027344,-0.005859,-0.005859,0.001953,0.000000,-0.003906
30173297,BNO_GYRO_UC,2990,-3200,0,-0.027344,-0.033203,-0.017578,0.001953,0.000000,-0.003906
30183307,BNO_GYRO_UC,2991,-2900,0,-0.015625,-0.052734,-0.009766,0.001953,0.000000,-0.003906
30193490,BNO_GYRO_UC,2992,-3200,0,-0.015625,-0.054688,0.019531,0.001953,0.000000,-0.003906
