t_us,tag,seq,bno_delay_us,status,mx,my,mz,mbias_x,mbias_y,mbias_z
231069,BNO_MAG_UC,0,-5300,0,43.750,-3.750,-66.938,6.188,-5.812,-34.688
240311,BNO_MAG_UC,1,-5300,0,44.125,-4.125,-66.500,6.188,-5.812,-34.688
271053,BNO_MAG_UC,2,-5100,0,43.375,-4.125,-66.938,6.188,-5.812,-34.688
279609,BNO_MAG_UC,3,-4500,0,43.000,-4.500,-65.625,6.188,-5.812,-34.688
289683,BNO_MAG_UC,4,-5600,0,43.375,-3.750,-66.938,6.188,-5.812,-34.688
299843,BNO_MAG_UC,5,-5400,0,43.438,-3.438,-67.375,6.188,-5.812,-34.688
320118,BNO_MAG_UC,6,-4900,0,43.812,-2.688,-66.938,6.188,-5.812,-34.688
351314,BNO_MAG_UC,7,-5300,0,43.750,-4.500,-66.062,6.188,-5.812,-34.688
359716,BNO_MAG_UC,8,-4300,0,43.000,-4.500,-66.500,6.188,-5.812,-34.688
370897,BNO_MAG_UC,9,-5800,0,44.125,-4.812,-67.875,6.188,-5.812,-34.688
400681,BNO_MAG_UC,10,-5300,0,43.062,-4.438,-68.250,6.188,-5.812,-34.688
410317,BNO_MAG_UC,11,-5600,0,43.812,-2.688,-67.375,6.188,-5.812,-34.688
440635,BNO_MAG_UC,12,-5100,0,43.750,-4.438,-67.000,6.188,-5.812,-34.688
480750,BNO_MAG_UC,13,-4700,0,43.750,-5.875,-66.562,6.188,-5.812,-34.688
490788,BNO_MAG_UC,14,-5600,0,43.062,-4.438,-68.812,6.188,-5.812,-34.688
513111,BNO_MAG_UC,15,-7100,0,43.375,-4.812,-67.000,6.188,-5.812,-34.688
520424,BNO_MAG_UC,16,-4300,0,44.125,-6.250,-67.000,6.188,-5.812,-34.688
530688,BNO_MAG_UC,17,-5600,0,43.375,-5.500,-67.000,6.188,-5.812,-34.688
541743,BNO_MAG_UC,18,-5800,0,44.875,-5.875,-67.000,6.188,-5.812,-34.688
560583,BNO_MAG_UC,19,-5100,0,43.750,-4.438,-67.438,6.188,-5.812,-34.688
570981,BNO_MAG_UC,20,-5800,0,43.750,-5.875,-67.438,6.188,-5.812,-34.688
601032,BNO_MAG_UC,21,-4700,0,43.750,-5.500,-67.000,6.188,-5.812,-34.688
610999,BNO_MAG_UC,22,-5600,0,44.125,-4.812,-67.000,6.188,-5.812,-34.688
622077,BNO_MAG_UC,23,-5600,0,45.625,-4.062,-67.938,6.188,-5.812,-34.688
641098,BNO_MAG_UC,24,-5400,0,45.562,-5.875,-67.062,6.188,-5.812,-34.688
652128,BNO_MAG_UC,25,-5800,0,44.875,-5.500,-65.312,6.188,-5.812,-34.688
661377,BNO_MAG_UC,26,-4900,0,44.500,-6.250,-67.062,6.188,-5.812,-34.688
681479,BNO_MAG_UC,27,-5800,0,45.188,-6.938,-67.062,6.188,-5.812,-34.688
690708,BNO_MAG_UC,28,-4900,0,45.938,-6.562,-68.375,6.188,-5.812,-34.688
700810,BNO_MAG_UC,29,-5400,0,45.250,-5.875,-67.062,6.188,-5.812,-34.688
720769,BNO_MAG_UC,30,-4500,0,45.562,-6.938,-65.312,6.188,-5.812,-34.688
732151,BNO_MAG_UC,31,-6000,0,46.312,-5.875,-66.188,6.188,-5.812,-34.688
741555,BNO_MAG_UC,32,-4900,0,45.938,-6.938,-66.562,6.188,-5.812,-34.688
761695,BNO_MAG_UC,33,-5600,0,45.938,-6.938,-66.562,6.188,-5.812,-34.688
770875,BNO_MAG_UC,34,-4900,0,45.562,-6.188,-67.062,6.188,-5.812,-34.688
781827,BNO_MAG_UC,35,-5800,0,46.688,-5.125,-67.062,6.188,-5.812,-34.688
802020,BNO_MAG_UC,36,-5800,0,47.062,-5.812,-67.938,6.188,-5.812,-34.688
810936,BNO_MAG_UC,37,-4900,0,47.438,-6.188,-67.938,6.188,-5.812,-34.688
821926,BNO_MAG_UC,38,-5600,0,48.188,-4.438,-68.438,6.188,-5.812,-34.688
842059,BNO_MAG_UC,39,-5800,0,48.562,-5.125,-67.562,6.188,-5.812,-34.688
851049,BNO_MAG_UC,40,-4900,0,46.688,-5.500,-68.875,6.188,-5.812,-34.688
861102,BNO_MAG_UC,41,-5600,0,49.312,-5.438,-68.000,6.188,-5.812,-34.688
882176,BNO_MAG_UC,42,-5600,0,47.438,-6.562,-68.000,6.188,-5.812,-34.688
891411,BNO_MAG_UC,43,-4700,0,47.812,-4.750,-69.750,6.188,-5.812,-34.688
902309,BNO_MAG_UC,44,-6000,0,49.312,-5.438,-69.750,6.188,-5.812,-34.688
922008,BNO_MAG_UC,45,-5800,0,47.500,-5.438,-71.500,6.188,-5.812,-34.688
931374,BNO_MAG_UC,46,-4700,0,48.188,-4.438,-69.750,6.188,-5.812,-34.688
942444,BNO_MAG_UC,47,-6200,0,48.562,-4.750,-71.125,6.188,-5.812,-34.688
962057,BNO_MAG_UC,48,-5800,0,48.938,-3.000,-71.562,6.188,-5.812,-34.688
971642,BNO_MAG_UC,49,-4900,0,50.062,-4.375,-72.000,6.188,-5.812,-34.688
981664,BNO_MAG_UC,50,-5800,0,48.250,-3.688,-72.938,6.188,-5.812,-34.688
1002857,BNO_MAG_UC,51,-5400,0,48.625,-4.750,-73.375,6.188,-5.812,-34.688
1011623,BNO_MAG_UC,52,-5100,0,48.250,-4.375,-73.375,6.188,-5.812,-34.688
1043025,BNO_MAG_UC,53,-5700,0,48.625,-4.750,-74.688,6.188,-5.812,-34.688
1052026,BNO_MAG_UC,54,-4900,0,48.625,-4.750,-75.125,6.188,-5.812,-34.688
1062942,BNO_MAG_UC,55,-6000,0,48.250,-4.750,-74.688,6.188,-5.812,-34.688
1082843,BNO_MAG_UC,56,-6000,0,48.625,-3.688,-75.562,6.188,-5.812,-34.688
1091953,BNO_MAG_UC,57,-4700,0,48.250,-4.750,-75.562,6.188,-5.812,-34.688
1122858,BNO_MAG_UC,58,-5100,0,46.750,-4.750,-77.312,6.188,-5.812,-34.688
1131995,BNO_MAG_UC,59,-5100,0,48.250,-4.750,-76.438,6.188,-5.812,-34.688
1162822,BNO_MAG_UC,60,-5100,0,47.875,-5.438,-77.750,6.188,-5.812,-34.688
1172044,BNO_MAG_UC,61,-5100,0,46.750,-7.562,-76.875,6.188,-5.812,-34.688
1203008,BNO_MAG_UC,62,-5100,0,47.875,-7.562,-77.312,6.188,-5.812,-34.688
1212215,BNO_MAG_UC,63,-5100,0,47.125,-7.188,-78.250,6.188,-5.812,-34.688
1243301,BNO_MAG_UC,64,-5300,0,46.750,-8.625,-79.125,6.188,-5.812,-34.688
1252324,BNO_MAG_UC,65,-5100,0,47.125,-9.312,-78.688,6.188,-5.812,-34.688
1283296,BNO_MAG_UC,66,-5100,0,46.750,-8.625,-79.125,6.188,-5.812,-34.688
1292364,BNO_MAG_UC,67,-5100,0,47.125,-9.312,-78.688,6.188,-5.812,-34.688
1323419,BNO_MAG_UC,68,-5300,0,46.000,-9.688,-80.000,6.188,-5.812,-34.688
1332744,BNO_MAG_UC,69,-5100,0,47.812,-10.750,-78.688,6.188,-5.812,-34.688
1342837,BNO_MAG_UC,70,-5400,0,48.562,-10.688,-80.938,6.188,-5.812,-34.688
1372406,BNO_MAG_UC,71,-4500,0,46.750,-10.750,-80.000,6.188,-5.812,-34.688
1404210,BNO_MAG_UC,72,-6000,0,47.438,-12.812,-80.438,6.188,-5.812,-34.688
1413084,BNO_MAG_UC,73,-4700,0,47.812,-12.500,-80.000,6.188,-5.812,-34.688
1422262,BNO_MAG_UC,74,-4900,0,46.688,-14.250,-79.500,6.188,-5.812,-34.688
1452649,BNO_MAG_UC,75,-4500,0,47.062,-13.562,-79.562,6.188,-5.812,-34.688
1483869,BNO_MAG_UC,76,-5400,0,47.812,-13.875,-79.125,6.188,-5.812,-34.688
1492431,BNO_MAG_UC,77,-4500,0,47.438,-16.000,-79.500,6.188,-5.812,-34.688
1503484,BNO_MAG_UC,78,-5800,0,47.812,-14.625,-77.812,6.188,-5.812,-34.688
1513063,BNO_MAG_UC,79,-5100,0,48.875,-14.938,-77.375,6.188,-5.812,-34.688
1532585,BNO_MAG_UC,80,-4900,0,47.438,-14.250,-77.812,6.188,-5.812,-34.688
1542891,BNO_MAG_UC,81,-5800,0,47.062,-14.250,-76.438,6.188,-5.812,-34.688
1564186,BNO_MAG_UC,82,-5400,0,47.438,-15.312,-78.250,6.188,-5.812,-34.688
1572527,BNO_MAG_UC,83,-4300,0,48.125,-15.688,-76.938,6.188,-5.812,-34.688
1582816,BNO_MAG_UC,84,-5600,0,45.938,-15.688,-77.812,6.188,-5.812,-34.688
1593358,BNO_MAG_UC,85,-5300,0,47.375,-16.375,-76.500,6.188,-5.812,-34.688
1612452,BNO_MAG_UC,86,-4700,0,48.500,-16.375,-77.875,6.188,-5.812,-34.688
1623179,BNO_MAG_UC,87,-5800,0,47.812,-15.688,-79.188,6.188,-5.812,-34.688
1632646,BNO_MAG_UC,88,-4700,0,47.750,-16.000,-76.875,6.188,-5.812,-34.688
1653301,BNO_MAG_UC,89,-5300,0,48.125,-15.312,-77.875,6.188,-5.812,-34.688
1663396,BNO_MAG_UC,90,-5300,0,47.375,-16.375,-76.875,6.188,-5.812,-34.688
1673531,BNO_MAG_UC,91,-5400,0,47.438,-16.000,-77.875,6.188,-5.812,-34.688
1692761,BNO_MAG_UC,92,-4700,0,47.375,-16.000,-77.375,6.188,-5.812,-34.688
1704205,BNO_MAG_UC,93,-6000,0,47.438,-15.688,-78.312,6.188,-5.812,-34.688
1712831,BNO_MAG_UC,94,-4700,0,48.500,-16.375,-77.375,6.188,-5.812,-34.688
1733667,BNO_MAG_UC,95,-5300,0,47.062,-15.312,-77.875,6.188,-5.812,-34.688
1743674,BNO_MAG_UC,96,-5400,0,47.812,-15.688,-79.188,6.188,-5.812,-34.688
1753637,BNO_MAG_UC,97,-5300,0,47.812,-15.312,-77.875,6.188,-5.812,-34.688
1772867,BNO_MAG_UC,98,-4700,0,48.125,-15.688,-77.375,6.188,-5.812,-34.688
1784191,BNO_MAG_UC,99,-5800,0,47.062,-15.688,-76.938,6.188,-5.812,-34.688
1793833,BNO_MAG_UC,100,-5100,0,47.062,-16.000,-78.688,6.188,-5.812,-34.688
1813077,BNO_MAG_UC,101,-4700,0,47.750,-16.375,-78.312,6.188,-5.812,-34.688
1824405,BNO_MAG_UC,102,-6000,0,46.688,-15.688,-78.312,6.188,-5.812,-34.688
1833103,BNO_MAG_UC,103,-4900,0,47.812,-14.625,-77.875,6.188,-5.812,-34.688
1853189,BNO_MAG_UC,104,-4700,0,47.062,-14.250,-78.750,6.188,-5.812,-34.688
1864554,BNO_MAG_UC,105,-5800,0,47.000,-16.750,-76.938,6.188,-5.812,-34.688
1894846,BNO_MAG_UC,106,-5700,0,48.188,-14.938,-78.750,6.188,-5.812,-34.688
1903505,BNO_MAG_UC,107,-5100,0,47.062,-16.000,-76.938,6.188,-5.812,-34.688
1914494,BNO_MAG_UC,108,-5800,0,47.062,-14.625,-78.750,6.188,-5.812,-34.688
1934408,BNO_MAG_UC,109,-5800,0,46.688,-15.312,-77.812,6.188,-5.812,-34.688
1943423,BNO_MAG_UC,110,-4900,0,47.438,-15.312,-78.812,6.188,-5.812,-34.688
1954432,BNO_MAG_UC,111,-6000,0,46.000,-15.312,-78.375,6.188,-5.812,-34.688
1974456,BNO_MAG_UC,112,-6000,0,47.750,-16.375,-77.938,6.188,-5.812,-34.688
1983546,BNO_MAG_UC,113,-4900,0,47.812,-14.250,-78.312,6.188,-5.812,-34.688
1994580,BNO_MAG_UC,114,-5800,0,47.062,-15.688,-80.062,6.188,-5.812,-34.688
2014970,BNO_MAG_UC,115,-5900,0,47.812,-15.688,-78.812,6.188,-5.812,-34.688
2023727,BNO_MAG_UC,116,-4900,0,47.812,-14.938,-79.688,6.188,-5.812,-34.688
2034770,BNO_MAG_UC,117,-6000,0,46.688,-16.750,-78.312,6.188,-5.812,-34.688
2054696,BNO_MAG_UC,118,-6200,0,47.062,-14.625,-78.312,6.188,-5.812,-34.688
2063984,BNO_MAG_UC,119,-4900,0,47.438,-15.312,-77.938,6.188,-5.812,-34.688
2075298,BNO_MAG_UC,120,-6000,0,47.438,-16.000,-79.250,6.188,-5.812,-34.688
2095320,BNO_MAG_UC,121,-5900,0,47.062,-15.312,-78.375,6.188,-5.812,-34.688
2105111,BNO_MAG_UC,122,-5600,0,46.375,-14.625,-79.250,6.188,-5.812,-34.688
2135361,BNO_MAG_UC,123,-5700,0,47.812,-13.875,-79.688,6.188,-5.812,-34.688
2144452,BNO_MAG_UC,124,-5400,0,47.812,-13.562,-79.688,6.188,-5.812,-34.688
2175435,BNO_MAG_UC,125,-5700,0,46.375,-14.250,-79.250,6.188,-5.812,-34.688
2184530,BNO_MAG_UC,126,-5400,0,48.188,-13.562,-79.250,6.188,-5.812,-34.688
2215576,BNO_MAG_UC,127,-5900,0,46.438,-13.188,-80.125,6.188,-5.812,-34.688
2224617,BNO_MAG_UC,128,-5600,0,47.500,-14.250,-80.125,6.188,-5.812,-34.688
2255821,BNO_MAG_UC,129,-6100,0,47.812,-12.500,-79.688,6.188,-5.812,-34.688
2264696,BNO_MAG_UC,130,-5600,0,48.250,-11.750,-80.625,6.188,-5.812,-34.688
2295754,BNO_MAG_UC,131,-5900,0,46.062,-12.125,-81.500,6.188,-5.812,-34.688
2304848,BNO_MAG_UC,132,-5400,0,46.812,-13.188,-81.062,6.188,-5.812,-34.688
2314830,BNO_MAG_UC,133,-5400,0,46.812,-13.188,-81.062,6.188,-5.812,-34.688
2335540,BNO_MAG_UC,134,-6200,0,47.562,-9.312,-81.500,6.188,-5.812,-34.688
2345160,BNO_MAG_UC,135,-5300,0,47.188,-11.750,-82.438,6.188,-5.812,-34.688
2376022,BNO_MAG_UC,136,-5700,0,47.562,-7.500,-82.000,6.188,-5.812,-34.688
2385449,BNO_MAG_UC,137,-5800,0,46.438,-7.562,-80.625,6.188,-5.812,-34.688
2394974,BNO_MAG_UC,138,-5300,0,46.438,-7.562,-80.625,6.188,-5.812,-34.688
2405463,BNO_MAG_UC,139,-6000,0,47.562,-7.188,-82.000,6.188,-5.812,-34.688
2425146,BNO_MAG_UC,140,-5800,0,46.125,-7.188,-82.000,6.188,-5.812,-34.688
2456553,BNO_MAG_UC,141,-6000,0,48.312,-5.438,-80.750,6.188,-5.812,-34.688
2465609,BNO_MAG_UC,142,-5100,0,47.938,-6.438,-82.000,6.188,-5.812,-34.688
2475391,BNO_MAG_UC,143,-5100,0,49.062,-5.438,-79.375,6.188,-5.812,-34.688
2505226,BNO_MAG_UC,144,-5100,0,49.062,-3.312,-78.500,6.188,-5.812,-34.688
2515408,BNO_MAG_UC,145,-5400,0,48.312,-4.375,-80.750,6.188,-5.812,-34.688
2544607,BNO_MAG_UC,146,-4500,0,48.688,-2.250,-77.625,6.188,-5.812,-34.688
2554828,BNO_MAG_UC,147,-5600,0,49.438,-2.625,-75.875,6.188,-5.812,-34.688
2565808,BNO_MAG_UC,148,-5600,0,48.312,-3.688,-75.812,6.188,-5.812,-34.688
2584578,BNO_MAG_UC,149,-4700,0,49.062,-3.688,-75.875,6.188,-5.812,-34.688
2595942,BNO_MAG_UC,150,-5800,0,48.312,-2.250,-75.375,6.188,-5.812,-34.688
2605369,BNO_MAG_UC,151,-4700,0,49.438,-2.938,-75.000,6.188,-5.812,-34.688
2624951,BNO_MAG_UC,152,-4900,0,48.312,-2.250,-73.125,6.188,-5.812,-34.688
2636030,BNO_MAG_UC,153,-5800,0,48.688,-4.062,-72.750,6.188,-5.812,-34.688
2645520,BNO_MAG_UC,154,-5100,0,49.000,-4.062,-73.125,6.188,-5.812,-34.688
2665154,BNO_MAG_UC,155,-5100,0,47.938,-3.000,-72.250,6.188,-5.812,-34.688
2676238,BNO_MAG_UC,156,-6000,0,48.250,-4.750,-71.812,6.188,-5.812,-34.688
2685687,BNO_MAG_UC,157,-4900,0,47.188,-4.750,-71.812,6.188,-5.812,-34.688
2704808,BNO_MAG_UC,158,-4700,0,47.500,-5.500,-70.938,6.188,-5.812,-34.688
2716030,BNO_MAG_UC,159,-5600,0,47.125,-5.125,-69.625,6.188,-5.812,-34.688
2725660,BNO_MAG_UC,160,-4900,0,47.875,-5.125,-69.188,6.188,-5.812,-34.688
2745396,BNO_MAG_UC,161,-4300,0,46.750,-6.188,-67.812,6.188,-5.812,-34.688
2756533,BNO_MAG_UC,162,-6000,0,46.812,-3.375,-67.812,6.188,-5.812,-34.688
2765863,BNO_MAG_UC,163,-4700,0,46.000,-6.188,-67.812,6.188,-5.812,-34.688
2784974,BNO_MAG_UC,164,-4500,0,46.000,-6.938,-68.750,6.188,-5.812,-34.688
2796170,BNO_MAG_UC,165,-5600,0,45.625,-5.875,-66.500,6.188,-5.812,-34.688
2805982,BNO_MAG_UC,166,-5100,0,45.688,-5.500,-66.938,6.188,-5.812,-34.688
2825286,BNO_MAG_UC,167,-4700,0,44.875,-7.625,-66.062,6.188,-5.812,-34.688
2836599,BNO_MAG_UC,168,-5800,0,43.812,-6.562,-66.500,6.188,-5.812,-34.688
2846003,BNO_MAG_UC,169,-4900,0,43.812,-6.938,-67.375,6.188,-5.812,-34.688
2865851,BNO_MAG_UC,170,-5300,0,44.562,-6.250,-66.938,6.188,-5.812,-34.688
2875449,BNO_MAG_UC,171,-5400,0,42.750,-4.500,-67.375,6.188,-5.812,-34.688
2886320,BNO_MAG_UC,172,-5600,0,42.375,-4.812,-67.750,6.188,-5.812,-34.688
2906501,BNO_MAG_UC,173,-6000,0,42.750,-4.812,-67.875,6.188,-5.812,-34.688
2915372,BNO_MAG_UC,174,-4700,0,42.750,-2.688,-66.500,6.188,-5.812,-34.688
2926347,BNO_MAG_UC,175,-5400,0,43.125,-3.750,-66.938,6.188,-5.812,-34.688
2946722,BNO_MAG_UC,176,-5700,0,44.188,-2.000,-66.062,6.188,-5.812,-34.688
2955814,BNO_MAG_UC,177,-4900,0,43.438,-4.125,-64.312,6.188,-5.812,-34.688
2966845,BNO_MAG_UC,178,-5800,0,43.812,-2.000,-65.625,6.188,-5.812,-34.688
2986641,BNO_MAG_UC,179,-6000,0,43.875,-1.312,-65.188,6.188,-5.812,-34.688
2995742,BNO_MAG_UC,180,-4900,0,43.812,-1.625,-65.188,6.188,-5.812,-34.688
3006791,BNO_MAG_UC,181,-5800,0,44.188,-1.312,-64.812,6.188,-5.812,-34.688
3026882,BNO_MAG_UC,182,-6000,0,44.562,-0.625,-63.438,6.188,-5.812,-34.688
3036060,BNO_MAG_UC,183,-4900,0,45.312,-2.000,-64.812,6.188,-5.812,-34.688
3047152,BNO_MAG_UC,184,-6000,0,46.062,-2.000,-63.938,6.188,-5.812,-34.688
3067066,BNO_MAG_UC,185,-6000,0,46.438,-1.625,-65.188,6.188,-5.812,-34.688
3076094,BNO_MAG_UC,186,-4700,0,45.312,-1.625,-63.000,6.188,-5.812,-34.688
3087129,BNO_MAG_UC,187,-5800,0,46.812,-0.938,-64.312,6.188,-5.812,-34.688
3107101,BNO_MAG_UC,188,-6200,0,47.875,-2.688,-63.438,6.188,-5.812,-34.688
3116167,BNO_MAG_UC,189,-4900,0,46.812,-0.562,-63.000,6.188,-5.812,-34.688
3127218,BNO_MAG_UC,190,-6000,0,47.125,-3.062,-62.562,6.188,-5.812,-34.688
3147173,BNO_MAG_UC,191,-6200,0,49.000,-2.312,-63.500,6.188,-5.812,-34.688
3156319,BNO_MAG_UC,192,-4700,0,47.875,-2.312,-62.562,6.188,-5.812,-34.688
3167356,BNO_MAG_UC,193,-5800,0,49.000,-3.000,-63.875,6.188,-5.812,-34.688
3187232,BNO_MAG_UC,194,-6000,0,49.375,-2.312,-63.000,6.188,-5.812,-34.688
3196485,BNO_MAG_UC,195,-4700,0,48.625,-3.062,-62.125,6.188,-5.812,-34.688
3207541,BNO_MAG_UC,196,-6000,0,49.750,-1.250,-63.938,6.188,-5.812,-34.688
3227366,BNO_MAG_UC,197,-6000,0,48.625,-1.625,-63.000,6.188,-5.812,-34.688
3236542,BNO_MAG_UC,198,-4700,0,50.438,-1.625,-62.625,6.188,-5.812,-34.688
3267840,BNO_MAG_UC,199,-5100,0,50.438,-1.938,-63.000,6.188,-5.812,-34.688
3276903,BNO_MAG_UC,200,-5100,0,50.062,-1.250,-61.750,6.188,-5.812,-34.688
3308143,BNO_MAG_UC,201,-6200,0,50.062,-0.875,-62.188,6.188,-5.812,-34.688
3317032,BNO_MAG_UC,202,-5100,0,50.812,-2.312,-62.125,6.188,-5.812,-34.688
3347848,BNO_MAG_UC,203,-6200,0,50.062,-2.312,-62.625,6.188,-5.812,-34.688
3357154,BNO_MAG_UC,204,-4900,0,51.188,-0.875,-61.750,6.188,-5.812,-34.688
3367240,BNO_MAG_UC,205,-5300,0,51.188,-1.625,-61.750,6.188,-5.812,-34.688
3377376,BNO_MAG_UC,206,-5600,0,51.938,-1.938,-61.250,6.188,-5.812,-34.688
3397061,BNO_MAG_UC,207,-5400,0,51.188,-2.688,-62.125,6.188,-5.812,-34.688
3407342,BNO_MAG_UC,208,-5300,0,50.812,-2.312,-63.062,6.188,-5.812,-34.688
3437093,BNO_MAG_UC,209,-4900,0,50.438,-2.312,-60.812,6.188,-5.812,-34.688
3477285,BNO_MAG_UC,210,-4900,0,51.562,-1.625,-60.875,6.188,-5.812,-34.688
3508300,BNO_MAG_UC,211,-5300,0,50.438,-1.625,-61.750,6.188,-5.812,-34.688
3516800,BNO_MAG_UC,212,-4300,0,50.438,-1.938,-61.750,6.188,-5.812,-34.688
3527922,BNO_MAG_UC,213,-5800,0,51.562,-0.875,-63.562,6.188,-5.812,-34.688
3537587,BNO_MAG_UC,214,-5300,0,51.188,-1.938,-61.750,6.188,-5.812,-34.688
3557243,BNO_MAG_UC,215,-5300,0,50.812,-3.000,-60.000,6.188,-5.812,-34.688
3588612,BNO_MAG_UC,216,-5400,0,52.312,-2.625,-62.625,6.188,-5.812,-34.688
3597033,BNO_MAG_UC,217,-4500,0,51.188,-2.688,-60.375,6.188,-5.812,-34.688
3608115,BNO_MAG_UC,218,-5800,0,50.438,-3.750,-60.875,6.188,-5.812,-34.688
3617581,BNO_MAG_UC,219,-5100,0,51.562,-3.375,-62.688,6.188,-5.812,-34.688
3637488,BNO_MAG_UC,220,-5300,0,51.562,-3.375,-61.312,6.188,-5.812,-34.688
3678396,BNO_MAG_UC,221,-5300,0,50.812,-2.312,-61.312,6.188,-5.812,-34.688
3687304,BNO_MAG_UC,222,-5400,0,50.812,-1.938,-62.188,6.188,-5.812,-34.688
3698659,BNO_MAG_UC,223,-6400,0,50.812,-1.938,-61.750,6.188,-5.812,-34.688
3717880,BNO_MAG_UC,224,-5600,0,51.938,-1.938,-60.875,6.188,-5.812,-34.688
3727544,BNO_MAG_UC,225,-5600,0,50.812,-1.625,-61.750,6.188,-5.812,-34.688
3738824,BNO_MAG_UC,226,-6500,0,50.438,-2.688,-60.875,6.188,-5.812,-34.688
3758065,BNO_MAG_UC,227,-5100,0,50.812,-3.375,-60.375,6.188,-5.812,-34.688
3768353,BNO_MAG_UC,228,-5600,0,51.562,-3.000,-62.688,6.188,-5.812,-34.688
3778268,BNO_MAG_UC,229,-5400,0,51.562,-2.625,-63.062,6.188,-5.812,-34.688
3798068,BNO_MAG_UC,230,-5400,0,52.312,-1.938,-61.375,6.188,-5.812,-34.688
3808448,BNO_MAG_UC,231,-5600,0,51.562,-2.312,-61.312,6.188,-5.812,-34.688
3818268,BNO_MAG_UC,232,-5300,0,51.562,-1.938,-61.312,6.188,-5.812,-34.688
3838318,BNO_MAG_UC,233,-5100,0,51.188,-3.000,-60.875,6.188,-5.812,-34.688
3848476,BNO_MAG_UC,234,-5600,0,50.812,-1.250,-61.750,6.188,-5.812,-34.688
3858428,BNO_MAG_UC,235,-5600,0,51.562,-1.250,-61.375,6.188,-5.812,-34.688
3878315,BNO_MAG_UC,236,-5600,0,51.562,-2.688,-60.875,6.188,-5.812,-34.688
3888642,BNO_MAG_UC,237,-5600,0,52.625,-2.312,-60.000,6.188,-5.812,-34.688
3898552,BNO_MAG_UC,238,-5600,0,51.562,-3.000,-61.312,6.188,-5.812,-34.688
3918980,BNO_MAG_UC,239,-5700,0,51.188,-3.375,-61.750,6.188,-5.812,-34.688
3928893,BNO_MAG_UC,240,-6000,0,51.188,-3.000,-61.750,6.188,-5.812,-34.688
3937799,BNO_MAG_UC,241,-5400,0,51.188,-1.938,-62.188,6.188,-5.812,-34.688
3959481,BNO_MAG_UC,242,-5700,0,51.188,-1.938,-62.188,6.188,-5.812,-34.688
3968960,BNO_MAG_UC,243,-5300,0,51.188,-1.625,-61.312,6.188,-5.812,-34.688
3978729,BNO_MAG_UC,244,-5400,0,51.562,-2.312,-61.750,6.188,-5.812,-34.688
3999155,BNO_MAG_UC,245,-5900,0,50.812,-1.938,-63.062,6.188,-5.812,-34.688
4008066,BNO_MAG_UC,246,-5400,0,51.188,-2.312,-62.188,6.188,-5.812,-34.688
4019319,BNO_MAG_UC,247,-6000,0,51.188,-1.938,-61.750,6.188,-5.812,-34.688
4039210,BNO_MAG_UC,248,-5900,0,50.812,-1.938,-61.750,6.188,-5.812,-34.688
4048151,BNO_MAG_UC,249,-5400,0,50.812,-1.625,-61.812,6.188,-5.812,-34.688
4058649,BNO_MAG_UC,250,-6000,0,49.688,-2.000,-60.875,6.188,-5.812,-34.688
4079481,BNO_MAG_UC,251,-6200,0,49.688,-0.938,-61.812,6.188,-5.812,-34.688
4088579,BNO_MAG_UC,252,-5100,0,50.062,-1.250,-62.688,6.188,-5.812,-34.688
4119727,BNO_MAG_UC,253,-5500,0,50.062,-1.625,-60.875,6.188,-5.812,-34.688
4128620,BNO_MAG_UC,254,-5400,0,50.438,-1.938,-60.938,6.188,-5.812,-34.688
4159851,BNO_MAG_UC,255,-5700,0,50.062,-2.312,-63.562,6.188,-5.812,-34.688
4168927,BNO_MAG_UC,256,-5600,0,49.688,-3.000,-61.812,6.188,-5.812,-34.688
4178902,BNO_MAG_UC,257,-5300,0,49.688,-3.000,-61.812,6.188,-5.812,-34.688
4199819,BNO_MAG_UC,258,-5900,0,49.375,-1.250,-61.812,6.188,-5.812,-34.688
4208817,BNO_MAG_UC,259,-5600,0,48.250,-2.312,-61.812,6.188,-5.812,-34.688
4239524,BNO_MAG_UC,260,-5800,0,49.688,-1.625,-61.812,6.188,-5.812,-34.688
4248811,BNO_MAG_UC,261,-4700,0,49.000,-1.625,-63.125,6.188,-5.812,-34.688
4279935,BNO_MAG_UC,262,-5500,0,48.625,-2.312,-62.188,6.188,-5.812,-34.688
4288972,BNO_MAG_UC,263,-5300,0,47.875,-1.625,-61.812,6.188,-5.812,-34.688
4319746,BNO_MAG_UC,264,-6000,0,48.250,-1.250,-63.625,6.188,-5.812,-34.688
4329068,BNO_MAG_UC,265,-4700,0,47.875,-1.250,-63.625,6.188,-5.812,-34.688
4339660,BNO_MAG_UC,266,-5600,0,47.875,-1.250,-63.625,6.188,-5.812,-34.688
4369322,BNO_MAG_UC,267,-4900,0,48.250,-0.562,-63.625,6.188,-5.812,-34.688
4378712,BNO_MAG_UC,268,-5300,0,47.875,-0.188,-64.000,6.188,-5.812,-34.688
4400033,BNO_MAG_UC,269,-5400,0,46.438,-0.938,-63.125,6.188,-5.812,-34.688
4409269,BNO_MAG_UC,270,-5300,0,45.688,-1.625,-64.438,6.188,-5.812,-34.688
4419577,BNO_MAG_UC,271,-5400,0,46.438,-1.250,-64.438,6.188,-5.812,-34.688
4429539,BNO_MAG_UC,272,-5600,0,46.438,-1.250,-64.438,6.188,-5.812,-34.688
4449021,BNO_MAG_UC,273,-5100,0,44.938,-0.562,-63.562,6.188,-5.812,-34.688
4480362,BNO_MAG_UC,274,-5300,0,44.562,0.125,-64.875,6.188,-5.812,-34.688
4489663,BNO_MAG_UC,275,-5300,0,44.188,-0.938,-64.875,6.188,-5.812,-34.688
4499644,BNO_MAG_UC,276,-5100,0,44.562,-0.938,-64.938,6.188,-5.812,-34.688
4528980,BNO_MAG_UC,277,-4300,0,44.188,-3.062,-64.938,6.188,-5.812,-34.688
4539943,BNO_MAG_UC,278,-5800,0,44.188,-2.688,-64.938,6.188,-5.812,-34.688
4569555,BNO_MAG_UC,279,-4900,0,43.812,-2.375,-64.438,6.188,-5.812,-34.688
4600830,BNO_MAG_UC,280,-5400,0,43.500,-2.375,-66.188,6.188,-5.812,-34.688
4609269,BNO_MAG_UC,281,-4500,0,43.875,-1.625,-65.812,6.188,-5.812,-34.688
4620359,BNO_MAG_UC,282,-5800,0,42.688,-3.750,-65.375,6.188,-5.812,-34.688
4629829,BNO_MAG_UC,283,-4900,0,43.812,-1.625,-65.312,6.188,-5.812,-34.688
4649101,BNO_MAG_UC,284,-4500,0,44.562,-3.375,-66.188,6.188,-5.812,-34.688
4660221,BNO_MAG_UC,285,-5800,0,43.812,-2.375,-66.188,6.188,-5.812,-34.688
4669992,BNO_MAG_UC,286,-5100,0,44.250,-1.312,-66.688,6.188,-5.812,-34.688
4689274,BNO_MAG_UC,287,-4700,0,43.812,-2.688,-66.250,6.188,-5.812,-34.688
4700538,BNO_MAG_UC,288,-6000,0,43.500,-2.000,-66.688,6.188,-5.812,-34.688
4710078,BNO_MAG_UC,289,-4900,0,43.500,-2.375,-65.812,6.188,-5.812,-34.688
4729387,BNO_MAG_UC,290,-4700,0,42.375,-3.062,-65.750,6.188,-5.812,-34.688
4740565,BNO_MAG_UC,291,-5600,0,43.125,-2.688,-67.500,6.188,-5.812,-34.688
4750295,BNO_MAG_UC,292,-4900,0,45.312,-2.688,-65.312,6.188,-5.812,-34.688
4769767,BNO_MAG_UC,293,-5100,0,42.750,-3.062,-64.875,6.188,-5.812,-34.688
4780891,BNO_MAG_UC,294,-5800,0,43.438,-2.375,-65.312,6.188,-5.812,-34.688
4790248,BNO_MAG_UC,295,-4900,0,43.125,-3.750,-67.500,6.188,-5.812,-34.688
4809497,BNO_MAG_UC,296,-4700,0,44.188,-2.000,-66.688,6.188,-5.812,-34.688
4820829,BNO_MAG_UC,297,-6000,0,44.562,-3.062,-65.312,6.188,-5.812,-34.688
4830310,BNO_MAG_UC,298,-4900,0,43.125,-2.375,-66.250,6.188,-5.812,-34.688
4849674,BNO_MAG_UC,299,-4700,0,43.812,-2.688,-64.938,6.188,-5.812,-34.688
4860975,BNO_MAG_UC,300,-6200,0,43.875,-1.312,-66.688,6.188,-5.812,-34.688
4870198,BNO_MAG_UC,301,-4700,0,43.875,-1.312,-66.688,6.188,-5.812,-34.688
4889869,BNO_MAG_UC,302,-4200,0,42.750,-2.375,-64.438,6.188,-5.812,-34.688
4901227,BNO_MAG_UC,303,-6000,0,43.812,-2.688,-65.312,6.188,-5.812,-34.688
4909886,BNO_MAG_UC,304,-4700,0,43.500,-2.375,-66.250,6.188,-5.812,-34.688
4930532,BNO_MAG_UC,305,-5100,0,42.375,-2.750,-65.312,6.188,-5.812,-34.688
4940146,BNO_MAG_UC,306,-5300,0,42.750,-3.438,-65.750,6.188,-5.812,-34.688
4951111,BNO_MAG_UC,307,-6000,0,43.438,-4.500,-66.250,6.188,-5.812,-34.688
4971172,BNO_MAG_UC,308,-6200,0,43.438,-3.438,-66.250,6.188,-5.812,-34.688
4980044,BNO_MAG_UC,309,-4700,0,43.500,-2.688,-66.250,6.188,-5.812,-34.688
4991080,BNO_MAG_UC,310,-5800,0,43.812,-3.438,-66.250,6.188,-5.812,-34.688
5011083,BNO_MAG_UC,311,-6000,0,43.438,-3.062,-65.750,6.188,-5.812,-34.688
5020267,BNO_MAG_UC,312,-5100,0,42.750,-2.688,-66.625,6.188,-5.812,-34.688
5031220,BNO_MAG_UC,313,-5800,0,42.375,-3.062,-65.750,6.188,-5.812,-34.688
5051258,BNO_MAG_UC,314,-6000,0,42.750,-3.062,-66.250,6.188,-5.812,-34.688
5060493,BNO_MAG_UC,315,-4700,0,43.438,-4.500,-66.625,6.188,-5.812,-34.688
5091366,BNO_MAG_UC,316,-6000,0,43.812,-3.438,-66.750,6.188,-5.812,-34.688
5100813,BNO_MAG_UC,317,-4900,0,42.375,-4.125,-65.750,6.188,-5.812,-34.688
5111679,BNO_MAG_UC,318,-6000,0,43.438,-3.750,-65.750,6.188,-5.812,-34.688
5131976,BNO_MAG_UC,319,-6300,0,43.812,-3.750,-65.750,6.188,-5.812,-34.688
5140760,BNO_MAG_UC,320,-5400,0,44.188,-4.812,-65.375,6.188,-5.812,-34.688
5151252,BNO_MAG_UC,321,-6000,0,43.062,-4.500,-65.750,6.188,-5.812,-34.688
5171839,BNO_MAG_UC,322,-6000,0,42.750,-2.000,-66.625,6.188,-5.812,-34.688
5180955,BNO_MAG_UC,323,-4700,0,43.438,-4.812,-66.625,6.188,-5.812,-34.688
5191436,BNO_MAG_UC,324,-6000,0,42.750,-3.438,-66.250,6.188,-5.812,-34.688
5211823,BNO_MAG_UC,325,-6000,0,42.000,-3.438,-66.688,6.188,-5.812,-34.688
5221041,BNO_MAG_UC,326,-4900,0,44.188,-3.750,-66.750,6.188,-5.812,-34.688
5232120,BNO_MAG_UC,327,-6200,0,44.188,-3.438,-66.750,6.188,-5.812,-34.688
5252161,BNO_MAG_UC,328,-5900,0,43.438,-3.062,-65.875,6.188,-5.812,-34.688
5261284,BNO_MAG_UC,329,-5400,0,44.188,-4.812,-66.250,6.188,-5.812,-34.688
5271307,BNO_MAG_UC,330,-5300,0,44.188,-4.812,-66.250,6.188,-5.812,-34.688
5292339,BNO_MAG_UC,331,-6000,0,43.438,-3.750,-66.250,6.188,-5.812,-34.688
5301362,BNO_MAG_UC,332,-5400,0,42.750,-3.438,-65.375,6.188,-5.812,-34.688
5311401,BNO_MAG_UC,333,-5300,0,42.750,-3.438,-65.375,6.188,-5.812,-34.688
5341435,BNO_MAG_UC,334,-5300,0,42.000,-2.750,-66.688,6.188,-5.812,-34.688
5372565,BNO_MAG_UC,335,-5900,0,42.750,-3.062,-65.375,6.188,-5.812,-34.688
5381760,BNO_MAG_UC,336,-5400,0,42.750,-3.438,-65.812,6.188,-5.812,-34.688
5391534,BNO_MAG_UC,337,-5300,0,42.750,-3.438,-65.812,6.188,-5.812,-34.688
5402000,BNO_MAG_UC,338,-6000,0,43.062,-5.562,-66.688,6.188,-5.812,-34.688
5421728,BNO_MAG_UC,339,-5600,0,42.375,-4.125,-66.250,6.188,-5.812,-34.688
5461775,BNO_MAG_UC,340,-5100,0,42.688,-4.500,-65.812,6.188,-5.812,-34.688
5471249,BNO_MAG_UC,341,-5600,0,43.062,-3.438,-65.812,6.188,-5.812,-34.688
5492958,BNO_MAG_UC,342,-5800,0,43.125,-2.000,-65.375,6.188,-5.812,-34.688
5502111,BNO_MAG_UC,343,-5300,0,43.812,-4.125,-65.812,6.188,-5.812,-34.688
5512034,BNO_MAG_UC,344,-5100,0,43.125,-3.438,-67.125,6.188,-5.812,-34.688
5541159,BNO_MAG_UC,345,-4500,0,43.125,-3.062,-65.875,6.188,-5.812,-34.688
5552185,BNO_MAG_UC,346,-5600,0,42.750,-3.438,-66.312,6.188,-5.812,-34.688
5561838,BNO_MAG_UC,347,-5100,0,43.500,-3.062,-67.188,6.188,-5.812,-34.688
5581204,BNO_MAG_UC,348,-4700,0,43.125,-2.688,-67.625,6.188,-5.812,-34.688
5591674,BNO_MAG_UC,349,-5800,0,43.812,-3.438,-65.875,6.188,-5.812,-34.688
5621307,BNO_MAG_UC,350,-4500,0,42.688,-4.125,-65.375,6.188,-5.812,-34.688
5632458,BNO_MAG_UC,351,-6000,0,42.688,-4.500,-65.812,6.188,-5.812,-34.688
5641987,BNO_MAG_UC,352,-4900,0,43.812,-3.438,-66.250,6.188,-5.812,-34.688
5661893,BNO_MAG_UC,353,-4300,0,42.375,-3.750,-66.250,6.188,-5.812,-34.688
5672039,BNO_MAG_UC,354,-5800,0,43.062,-4.500,-66.250,6.188,-5.812,-34.688
5701493,BNO_MAG_UC,355,-4500,0,43.812,-4.500,-66.688,6.188,-5.812,-34.688
5712758,BNO_MAG_UC,356,-5800,0,43.812,-4.812,-67.188,6.188,-5.812,-34.688
5722122,BNO_MAG_UC,357,-4900,0,43.062,-5.875,-65.812,6.188,-5.812,-34.688
5741880,BNO_MAG_UC,358,-4300,0,42.688,-4.500,-66.688,6.188,-5.812,-34.688
5752913,BNO_MAG_UC,359,-5800,0,43.438,-5.500,-68.062,6.188,-5.812,-34.688
5781665,BNO_MAG_UC,360,-4700,0,44.562,-5.500,-68.562,6.188,-5.812,-34.688
5793018,BNO_MAG_UC,361,-5800,0,44.562,-4.812,-67.688,6.188,-5.812,-34.688
5802384,BNO_MAG_UC,362,-4700,0,44.938,-4.812,-68.062,6.188,-5.812,-34.688
5821638,BNO_MAG_UC,363,-4700,0,44.188,-5.500,-68.938,6.188,-5.812,-34.688
5832886,BNO_MAG_UC,364,-5800,0,44.562,-5.500,-68.062,6.188,-5.812,-34.688
5842480,BNO_MAG_UC,365,-4900,0,44.562,-5.875,-68.062,6.188,-5.812,-34.688
5863075,BNO_MAG_UC,366,-5800,0,46.062,-5.812,-69.875,6.188,-5.812,-34.688
5871992,BNO_MAG_UC,367,-4900,0,45.688,-4.438,-70.750,6.188,-5.812,-34.688
5883046,BNO_MAG_UC,368,-5800,0,46.062,-4.062,-69.438,6.188,-5.812,-34.688
5902853,BNO_MAG_UC,369,-5800,0,47.188,-4.438,-70.312,6.188,-5.812,-34.688
5912076,BNO_MAG_UC,370,-5100,0,47.188,-4.750,-72.500,6.188,-5.812,-34.688
5922963,BNO_MAG_UC,371,-5600,0,47.188,-4.750,-73.000,6.188,-5.812,-34.688
5943223,BNO_MAG_UC,372,-6000,0,48.312,-2.625,-73.438,6.188,-5.812,-34.688
5952138,BNO_MAG_UC,373,-4900,0,45.750,-2.312,-75.688,6.188,-5.812,-34.688
5963060,BNO_MAG_UC,374,-5600,0,47.562,-3.688,-73.500,6.188,-5.812,-34.688
5983062,BNO_MAG_UC,375,-5800,0,46.125,-3.688,-76.562,6.188,-5.812,-34.688
5992385,BNO_MAG_UC,376,-4900,0,47.625,-3.312,-77.938,6.188,-5.812,-34.688
6003254,BNO_MAG_UC,377,-5600,0,47.250,-2.938,-78.375,6.188,-5.812,-34.688
6023458,BNO_MAG_UC,378,-6000,0,46.875,-4.375,-81.000,6.188,-5.812,-34.688
6032372,BNO_MAG_UC,379,-4700,0,45.750,-5.438,-81.438,6.188,-5.812,-34.688
6043383,BNO_MAG_UC,380,-5800,0,46.125,-5.750,-82.312,6.188,-5.812,-34.688
6063452,BNO_MAG_UC,381,-6000,0,45.375,-6.125,-83.688,6.188,-5.812,-34.688
6072716,BNO_MAG_UC,382,-5100,0,45.375,-6.812,-84.562,6.188,-5.812,-34.688
6103836,BNO_MAG_UC,383,-5600,0,46.125,-8.562,-86.375,6.188,-5.812,-34.688
6112910,BNO_MAG_UC,384,-4500,0,46.500,-10.312,-86.375,6.188,-5.812,-34.688
6123798,BNO_MAG_UC,385,-6000,0,45.375,-10.688,-84.125,6.188,-5.812,-34.688
6143602,BNO_MAG_UC,386,-5800,0,45.312,-13.875,-85.875,6.188,-5.812,-34.688
6152862,BNO_MAG_UC,387,-4700,0,45.688,-13.500,-85.000,6.188,-5.812,-34.688
6163902,BNO_MAG_UC,388,-6000,0,45.312,-14.250,-85.938,6.188,-5.812,-34.688
6183842,BNO_MAG_UC,389,-6000,0,45.688,-16.000,-84.562,6.188,-5.812,-34.688
6193019,BNO_MAG_UC,390,-4700,0,47.125,-16.688,-84.500,6.188,-5.812,-34.688
6204019,BNO_MAG_UC,391,-5800,0,45.688,-16.000,-83.625,6.188,-5.812,-34.688
6224010,BNO_MAG_UC,392,-6000,0,46.000,-16.688,-83.625,6.188,-5.812,-34.688
6233109,BNO_MAG_UC,393,-4700,0,46.750,-17.438,-81.875,6.188,-5.812,-34.688
6264469,BNO_MAG_UC,394,-5300,0,47.500,-18.125,-82.750,6.188,-5.812,-34.688
6273310,BNO_MAG_UC,395,-5100,0,46.750,-17.750,-82.250,6.188,-5.812,-34.688
6304175,BNO_MAG_UC,396,-6200,0,46.750,-18.125,-81.375,6.188,-5.812,-34.688
6313192,BNO_MAG_UC,397,-4300,0,47.812,-18.438,-81.375,6.188,-5.812,-34.688
6344271,BNO_MAG_UC,398,-5100,0,48.188,-18.500,-80.062,6.188,-5.812,-34.688
6353603,BNO_MAG_UC,399,-5100,0,47.438,-18.500,-80.125,6.188,-5.812,-34.688
6362940,BNO_MAG_UC,400,-5300,0,48.938,-20.250,-80.062,6.188,-5.812,-34.688
6384466,BNO_MAG_UC,401,-5600,0,47.438,-18.500,-79.625,6.188,-5.812,-34.688
6393600,BNO_MAG_UC,402,-5300,0,47.812,-18.500,-79.625,6.188,-5.812,-34.688
6424836,BNO_MAG_UC,403,-5500,0,48.562,-19.188,-78.312,6.188,-5.812,-34.688
6433936,BNO_MAG_UC,404,-5100,0,47.812,-18.812,-78.312,6.188,-5.812,-34.688
6443220,BNO_MAG_UC,405,-5100,0,48.188,-19.188,-79.188,6.188,-5.812,-34.688
6464585,BNO_MAG_UC,406,-5500,0,47.812,-18.125,-78.312,6.188,-5.812,-34.688
6474102,BNO_MAG_UC,407,-5400,0,48.875,-20.250,-77.812,6.188,-5.812,-34.688
6484091,BNO_MAG_UC,408,-5300,0,48.500,-22.000,-78.750,6.188,-5.812,-34.688
6494188,BNO_MAG_UC,409,-5800,0,49.312,-19.188,-80.062,6.188,-5.812,-34.688
6513792,BNO_MAG_UC,410,-5300,0,49.688,-18.438,-78.312,6.188,-5.812,-34.688
6534354,BNO_MAG_UC,411,-4900,0,48.188,-19.875,-77.812,6.188,-5.812,-34.688
6553667,BNO_MAG_UC,412,-5100,0,48.188,-19.875,-79.188,6.188,-5.812,-34.688
6564397,BNO_MAG_UC,413,-5800,0,48.188,-19.875,-79.188,6.188,-5.812,-34.688
6574365,BNO_MAG_UC,414,-5300,0,48.938,-19.188,-78.312,6.188,-5.812,-34.688
6593515,BNO_MAG_UC,415,-4900,0,48.188,-18.812,-78.688,6.188,-5.812,-34.688
6603805,BNO_MAG_UC,416,-5600,0,48.875,-20.250,-77.812,6.188,-5.812,-34.688
6634002,BNO_MAG_UC,417,-4500,0,48.562,-19.875,-77.438,6.188,-5.812,-34.688
6665225,BNO_MAG_UC,418,-5300,0,49.250,-19.875,-78.312,6.188,-5.812,-34.688
6673633,BNO_MAG_UC,419,-4300,0,48.875,-20.562,-78.312,6.188,-5.812,-34.688
6684774,BNO_MAG_UC,420,-6000,0,49.625,-20.250,-77.438,6.188,-5.812,-34.688
6694393,BNO_MAG_UC,421,-4900,0,50.000,-19.875,-77.438,6.188,-5.812,-34.688
6713605,BNO_MAG_UC,422,-4500,0,48.562,-18.812,-78.312,6.188,-5.812,-34.688
6724847,BNO_MAG_UC,423,-5800,0,47.812,-18.812,-78.312,6.188,-5.812,-34.688
6734525,BNO_MAG_UC,424,-5100,0,47.812,-20.625,-78.312,6.188,-5.812,-34.688
6753715,BNO_MAG_UC,425,-4700,0,49.250,-20.938,-77.875,6.188,-5.812,-34.688
6765081,BNO_MAG_UC,426,-5800,0,48.188,-19.875,-77.438,6.188,-5.812,-34.688
6774469,BNO_MAG_UC,427,-4900,0,47.812,-19.875,-77.438,6.188,-5.812,-34.688
6794165,BNO_MAG_UC,428,-5100,0,48.500,-20.625,-77.438,6.188,-5.812,-34.688
6805292,BNO_MAG_UC,429,-6000,0,49.250,-20.938,-77.438,6.188,-5.812,-34.688
6814743,BNO_MAG_UC,430,-4900,0,48.938,-19.875,-79.188,6.188,-5.812,-34.688
6833989,BNO_MAG_UC,431,-4700,0,48.562,-19.562,-78.312,6.188,-5.812,-34.688
6844630,BNO_MAG_UC,432,-5800,0,49.250,-19.188,-77.938,6.188,-5.812,-34.688
6854967,BNO_MAG_UC,433,-5100,0,49.250,-19.875,-77.812,6.188,-5.812,-34.688
6873942,BNO_MAG_UC,434,-4500,0,48.938,-19.188,-78.750,6.188,-5.812,-34.688
6885316,BNO_MAG_UC,435,-5800,0,48.562,-18.500,-78.375,6.188,-5.812,-34.688
6894920,BNO_MAG_UC,436,-4900,0,47.812,-19.875,-78.312,6.188,-5.812,-34.688
6915143,BNO_MAG_UC,437,-5800,0,48.875,-19.562,-77.438,6.188,-5.812,-34.688
6925075,BNO_MAG_UC,438,-5100,0,49.625,-19.875,-76.938,6.188,-5.812,-34.688
6934990,BNO_MAG_UC,439,-5300,0,49.312,-18.125,-77.938,6.188,-5.812,-34.688
6954341,BNO_MAG_UC,440,-4900,0,48.188,-20.250,-77.438,6.188,-5.812,-34.688
6965705,BNO_MAG_UC,441,-5800,0,49.250,-19.875,-76.938,6.188,-5.812,-34.688
6974319,BNO_MAG_UC,442,-4700,0,49.625,-20.250,-78.312,6.188,-5.812,-34.688
6995540,BNO_MAG_UC,443,-5300,0,48.875,-20.250,-77.438,6.188,-5.812,-34.688
7004563,BNO_MAG_UC,444,-5400,0,48.938,-18.812,-78.750,6.188,-5.812,-34.688
7015776,BNO_MAG_UC,445,-6000,0,48.562,-19.562,-77.875,6.188,-5.812,-34.688
7035303,BNO_MAG_UC,446,-5300,0,49.312,-18.812,-77.938,6.188,-5.812,-34.688
7045555,BNO_MAG_UC,447,-5600,0,49.625,-19.500,-77.438,6.188,-5.812,-34.688
7055447,BNO_MAG_UC,448,-5400,0,49.250,-19.875,-76.938,6.188,-5.812,-34.688
7075450,BNO_MAG_UC,449,-5900,0,48.500,-20.938,-77.438,6.188,-5.812,-34.688
7084808,BNO_MAG_UC,450,-5400,0,48.938,-18.812,-78.750,6.188,-5.812,-34.688
7096094,BNO_MAG_UC,451,-6200,0,49.312,-18.812,-78.812,6.188,-5.812,-34.688
7116064,BNO_MAG_UC,452,-5900,0,48.188,-20.562,-79.250,6.188,-5.812,-34.688
7124779,BNO_MAG_UC,453,-5100,0,47.812,-19.562,-77.438,6.188,-5.812,-34.688
7135895,BNO_MAG_UC,454,-6200,0,47.438,-19.188,-78.375,6.188,-5.812,-34.688
7156047,BNO_MAG_UC,455,-6200,0,49.312,-19.500,-79.250,6.188,-5.812,-34.688
7164893,BNO_MAG_UC,456,-4700,0,47.812,-20.250,-80.562,6.188,-5.812,-34.688
7175386,BNO_MAG_UC,457,-5800,0,47.812,-19.562,-78.750,6.188,-5.812,-34.688
7196230,BNO_MAG_UC,458,-6200,0,48.938,-20.250,-78.750,6.188,-5.812,-34.688
7205331,BNO_MAG_UC,459,-4500,0,48.188,-18.500,-79.250,6.188,-5.812,-34.688
7236492,BNO_MAG_UC,460,-5700,0,48.562,-18.812,-79.625,6.188,-5.812,-34.688
7245449,BNO_MAG_UC,461,-5300,0,47.812,-19.875,-81.000,6.188,-5.812,-34.688
7256377,BNO_MAG_UC,462,-6000,0,46.375,-18.500,-81.438,6.188,-5.812,-34.688
7276111,BNO_MAG_UC,463,-6200,0,47.438,-18.812,-81.000,6.188,-5.812,-34.688
7285406,BNO_MAG_UC,464,-4900,0,47.125,-17.750,-82.812,6.188,-5.812,-34.688
7296493,BNO_MAG_UC,465,-6000,0,48.625,-16.688,-81.938,6.188,-5.812,-34.688
7316338,BNO_MAG_UC,466,-5800,0,46.812,-15.625,-85.062,6.188,-5.812,-34.688
7325593,BNO_MAG_UC,467,-4700,0,45.688,-15.312,-83.688,6.188,-5.812,-34.688
7356321,BNO_MAG_UC,468,-5800,0,47.188,-12.125,-86.875,6.188,-5.812,-34.688
7365619,BNO_MAG_UC,469,-4500,0,46.500,-11.375,-86.875,6.188,-5.812,-34.688
7396683,BNO_MAG_UC,470,-5100,0,46.875,-8.188,-88.250,6.188,-5.812,-34.688
7405817,BNO_MAG_UC,471,-5300,0,47.250,-5.750,-85.562,6.188,-5.812,-34.688
7436749,BNO_MAG_UC,472,-6200,0,48.375,-3.625,-82.438,6.188,-5.812,-34.688
7445822,BNO_MAG_UC,473,-4500,0,49.062,-4.000,-81.188,6.188,-5.812,-34.688
7476937,BNO_MAG_UC,474,-5500,0,49.062,-2.625,-77.625,6.188,-5.812,-34.688
7486067,BNO_MAG_UC,475,-4900,0,49.438,-2.625,-74.938,6.188,-5.812,-34.688
7495367,BNO_MAG_UC,476,-5100,0,49.438,-3.312,-74.438,6.188,-5.812,-34.688
7526047,BNO_MAG_UC,477,-4700,0,48.625,-3.688,-70.375,6.188,-5.812,-34.688
7557172,BNO_MAG_UC,478,-5500,0,47.125,-5.812,-69.500,6.188,-5.812,-34.688
7566350,BNO_MAG_UC,479,-5100,0,46.375,-5.812,-69.000,6.188,-5.812,-34.688
7576511,BNO_MAG_UC,480,-5300,0,46.750,-6.875,-69.500,6.188,-5.812,-34.688
7586432,BNO_MAG_UC,481,-5400,0,46.000,-7.625,-67.750,6.188,-5.812,-34.688
7605812,BNO_MAG_UC,482,-4900,0,45.250,-6.562,-67.250,6.188,-5.812,-34.688
7615986,BNO_MAG_UC,483,-5800,0,44.188,-5.188,-68.625,6.188,-5.812,-34.688
7637212,BNO_MAG_UC,484,-5400,0,43.812,-6.938,-67.625,6.188,-5.812,-34.688
7645837,BNO_MAG_UC,485,-4500,0,42.312,-5.875,-67.250,6.188,-5.812,-34.688
7656861,BNO_MAG_UC,486,-5600,0,41.938,-6.625,-66.750,6.188,-5.812,-34.688
7666434,BNO_MAG_UC,487,-5100,0,42.688,-5.562,-67.250,6.188,-5.812,-34.688
7686350,BNO_MAG_UC,488,-5300,0,43.062,-4.500,-67.625,6.188,-5.812,-34.688
7717736,BNO_MAG_UC,489,-5500,0,43.125,-2.375,-66.375,6.188,-5.812,-34.688
7726958,BNO_MAG_UC,490,-5400,0,43.125,-1.312,-66.812,6.188,-5.812,-34.688
7736027,BNO_MAG_UC,491,-4900,0,42.750,-1.312,-68.625,6.188,-5.812,-34.688
7766924,BNO_MAG_UC,492,-5100,0,43.500,-1.312,-65.938,6.188,-5.812,-34.688
7776796,BNO_MAG_UC,493,-5300,0,44.625,-0.250,-66.438,6.188,-5.812,-34.688
7786743,BNO_MAG_UC,494,-5300,0,46.062,1.062,-66.438,6.188,-5.812,-34.688
7805981,BNO_MAG_UC,495,-4500,0,46.438,-0.188,-66.438,6.188,-5.812,-34.688
7816502,BNO_MAG_UC,496,-5600,0,46.438,0.500,-65.938,6.188,-5.812,-34.688
7827726,BNO_MAG_UC,497,-6000,0,46.438,0.812,-66.812,6.188,-5.812,-34.688
7846274,BNO_MAG_UC,498,-4900,0,46.812,0.500,-65.062,6.188,-5.812,-34.688
7857375,BNO_MAG_UC,499,-6000,0,47.562,0.500,-65.062,6.188,-5.812,-34.688
7866889,BNO_MAG_UC,500,-5100,0,46.812,2.125,-66.875,6.188,-5.812,-34.688
7886330,BNO_MAG_UC,501,-4900,0,49.375,0.812,-65.500,6.188,-5.812,-34.688
7897525,BNO_MAG_UC,502,-5600,0,49.375,1.125,-66.000,6.188,-5.812,-34.688
7907194,BNO_MAG_UC,503,-4900,0,50.125,1.812,-65.125,6.188,-5.812,-34.688
7926364,BNO_MAG_UC,504,-4900,0,50.500,0.812,-65.500,6.188,-5.812,-34.688
7937751,BNO_MAG_UC,505,-5800,0,50.125,1.812,-65.125,6.188,-5.812,-34.688
7946430,BNO_MAG_UC,506,-4700,0,51.250,2.500,-64.688,6.188,-5.812,-34.688
7966421,BNO_MAG_UC,507,-4300,0,52.312,0.812,-63.312,6.188,-5.812,-34.688
7977798,BNO_MAG_UC,508,-6000,0,52.688,1.125,-65.125,6.188,-5.812,-34.688
8006597,BNO_MAG_UC,509,-4500,0,53.438,0.875,-65.125,6.188,-5.812,-34.688
8017740,BNO_MAG_UC,510,-5800,0,53.438,0.188,-65.125,6.188,-5.812,-34.688
8027478,BNO_MAG_UC,511,-5100,0,53.812,0.875,-64.688,6.188,-5.812,-34.688
8047255,BNO_MAG_UC,512,-5300,0,53.812,0.875,-64.188,6.188,-5.812,-34.688
8057721,BNO_MAG_UC,513,-5600,0,54.938,1.500,-64.688,6.188,-5.812,-34.688
8087913,BNO_MAG_UC,514,-5800,0,55.688,0.562,-66.000,6.188,-5.812,-34.688
8096841,BNO_MAG_UC,515,-4900,0,55.312,1.875,-65.562,6.188,-5.812,-34.688
8107889,BNO_MAG_UC,516,-5800,0,56.000,0.250,-65.562,6.188,-5.812,-34.688
8127974,BNO_MAG_UC,517,-6000,0,56.750,-0.125,-64.188,6.188,-5.812,-34.688
8137157,BNO_MAG_UC,518,-4900,0,56.750,0.250,-65.188,6.188,-5.812,-34.688
8148203,BNO_MAG_UC,519,-5800,0,56.750,0.250,-65.188,6.188,-5.812,-34.688
8168185,BNO_MAG_UC,520,-5700,0,57.125,0.250,-62.938,6.188,-5.812,-34.688
8177235,BNO_MAG_UC,521,-4900,0,56.750,0.250,-64.688,6.188,-5.812,-34.688
8187408,BNO_MAG_UC,522,-5600,0,57.500,-0.812,-64.188,6.188,-5.812,-34.688
8207875,BNO_MAG_UC,523,-4900,0,57.875,-0.125,-64.250,6.188,-5.812,-34.688
8217402,BNO_MAG_UC,524,-4900,0,57.812,-0.812,-63.375,6.188,-5.812,-34.688
8228397,BNO_MAG_UC,525,-5800,0,58.188,-0.812,-64.250,6.188,-5.812,-34.688
8248132,BNO_MAG_UC,526,-6000,0,57.500,-0.438,-65.188,6.188,-5.812,-34.688
8257602,BNO_MAG_UC,527,-4900,0,59.312,-0.125,-64.688,6.188,-5.812,-34.688
8288551,BNO_MAG_UC,528,-5700,0,58.188,-0.438,-63.812,6.188,-5.812,-34.688
8297532,BNO_MAG_UC,529,-4900,0,59.312,-1.875,-64.250,6.188,-5.812,-34.688
8308621,BNO_MAG_UC,530,-5800,0,58.562,-1.188,-65.188,6.188,-5.812,-34.688
8328513,BNO_MAG_UC,531,-6000,0,58.938,-1.188,-63.812,6.188,-5.812,-34.688
8337658,BNO_MAG_UC,532,-4500,0,58.188,-1.188,-64.688,6.188,-5.812,-34.688
8368907,BNO_MAG_UC,533,-5300,0,58.938,-1.875,-64.688,6.188,-5.812,-34.688
8377905,BNO_MAG_UC,534,-4900,0,57.438,-1.875,-65.125,6.188,-5.812,-34.688
8409182,BNO_MAG_UC,535,-5300,0,58.938,-1.188,-63.375,6.188,-5.812,-34.688
8418038,BNO_MAG_UC,536,-5300,0,60.375,-1.875,-63.375,6.188,-5.812,-34.688
8449150,BNO_MAG_UC,537,-5100,0,59.688,-1.188,-63.812,6.188,-5.812,-34.688
8458221,BNO_MAG_UC,538,-5100,0,59.312,-1.875,-63.375,6.188,-5.812,-34.688
8489136,BNO_MAG_UC,539,-6200,0,59.688,-3.250,-64.250,6.188,-5.812,-34.688
8498581,BNO_MAG_UC,540,-5300,0,59.688,-1.875,-65.562,6.188,-5.812,-34.688
8530640,BNO_MAG_UC,541,-7600,0,59.688,-2.188,-64.250,6.188,-5.812,-34.688
8537976,BNO_MAG_UC,542,-4700,0,59.312,-1.875,-64.250,6.188,-5.812,-34.688
8569939,BNO_MAG_UC,543,-5700,0,59.312,-2.188,-64.250,6.188,-5.812,-34.688
8578752,BNO_MAG_UC,544,-5300,0,59.688,-2.188,-64.250,6.188,-5.812,-34.688
8618029,BNO_MAG_UC,545,-4900,0,61.125,-2.562,-65.625,6.188,-5.812,-34.688
8650209,BNO_MAG_UC,546,-6100,0,60.375,-2.188,-63.375,6.188,-5.812,-34.688
8659226,BNO_MAG_UC,547,-5400,0,60.062,-1.125,-63.375,6.188,-5.812,-34.688
8668205,BNO_MAG_UC,548,-5100,0,60.062,-0.812,-65.188,6.188,-5.812,-34.688
8698886,BNO_MAG_UC,549,-5400,0,60.375,-2.938,-63.375,6.188,-5.812,-34.688
8708479,BNO_MAG_UC,550,-5600,0,59.312,-0.812,-65.188,6.188,-5.812,-34.688
8731508,BNO_MAG_UC,551,-7600,0,59.688,-1.188,-63.812,6.188,-5.812,-34.688
8738311,BNO_MAG_UC,552,-4300,0,60.750,-1.875,-64.250,6.188,-5.812,-34.688
8779026,BNO_MAG_UC,553,-5100,0,58.938,-0.438,-62.000,6.188,-5.812,-34.688
8788512,BNO_MAG_UC,554,-5400,0,58.938,-2.250,-63.812,6.188,-5.812,-34.688
8799848,BNO_MAG_UC,555,-6400,0,60.062,-1.500,-63.375,6.188,-5.812,-34.688
8819657,BNO_MAG_UC,556,-5700,0,59.312,-0.125,-64.688,6.188,-5.812,-34.688
8829418,BNO_MAG_UC,557,-5600,0,59.688,-1.188,-63.812,6.188,-5.812,-34.688
8839325,BNO_MAG_UC,558,-5600,0,59.312,-0.812,-63.375,6.188,-5.812,-34.688
8859124,BNO_MAG_UC,559,-5400,0,59.312,-1.188,-62.938,6.188,-5.812,-34.688
8869497,BNO_MAG_UC,560,-5600,0,59.312,-0.812,-63.375,6.188,-5.812,-34.688
8879413,BNO_MAG_UC,561,-5600,0,60.062,-0.812,-65.188,6.188,-5.812,-34.688
8899283,BNO_MAG_UC,562,-5400,0,59.688,-1.188,-63.375,6.188,-5.812,-34.688
8909613,BNO_MAG_UC,563,-5800,0,58.938,-2.250,-63.812,6.188,-5.812,-34.688
8919510,BNO_MAG_UC,564,-5600,0,58.938,-1.875,-62.500,6.188,-5.812,-34.688
8939838,BNO_MAG_UC,565,-5700,0,58.188,-1.500,-64.688,6.188,-5.812,-34.688
8949477,BNO_MAG_UC,566,-5400,0,57.812,-1.188,-62.938,6.188,-5.812,-34.688
8959688,BNO_MAG_UC,567,-5800,0,58.188,-1.500,-63.812,6.188,-5.812,-34.688
8979018,BNO_MAG_UC,568,-5100,0,57.125,-0.812,-62.938,6.188,-5.812,-34.688
8990457,BNO_MAG_UC,569,-6200,0,58.188,-1.188,-63.812,6.188,-5.812,-34.688
9000141,BNO_MAG_UC,570,-5400,0,56.750,-1.188,-64.250,6.188,-5.812,-34.688
9020131,BNO_MAG_UC,571,-5900,0,57.438,-1.188,-63.812,6.188,-5.812,-34.688
9029829,BNO_MAG_UC,572,-5600,0,57.125,-0.125,-62.938,6.188,-5.812,-34.688
9039266,BNO_MAG_UC,573,-5300,0,57.125,-0.125,-62.938,6.188,-5.812,-34.688
9059715,BNO_MAG_UC,574,-4900,0,55.250,0.188,-64.688,6.188,-5.812,-34.688
9069139,BNO_MAG_UC,575,-5300,0,55.625,0.188,-63.812,6.188,-5.812,-34.688
9080135,BNO_MAG_UC,576,-5800,0,55.250,-0.875,-64.250,6.188,-5.812,-34.688
9100068,BNO_MAG_UC,577,-5500,0,54.875,0.188,-63.812,6.188,-5.812,-34.688
9109001,BNO_MAG_UC,578,-5100,0,54.188,1.125,-63.375,6.188,-5.812,-34.688
9120030,BNO_MAG_UC,579,-5800,0,54.188,0.188,-63.812,6.188,-5.812,-34.688
9140082,BNO_MAG_UC,580,-6000,0,53.062,0.562,-64.688,6.188,-5.812,-34.688
9149393,BNO_MAG_UC,581,-4900,0,51.562,0.562,-64.250,6.188,-5.812,-34.688
9160421,BNO_MAG_UC,582,-6000,0,51.938,0.812,-64.250,6.188,-5.812,-34.688
9180471,BNO_MAG_UC,583,-6200,0,50.125,0.500,-63.750,6.188,-5.812,-34.688
9189410,BNO_MAG_UC,584,-4700,0,50.125,0.812,-64.625,6.188,-5.812,-34.688
9200400,BNO_MAG_UC,585,-6000,0,49.000,2.125,-63.750,6.188,-5.812,-34.688
9220618,BNO_MAG_UC,586,-6200,0,49.375,0.812,-64.250,6.188,-5.812,-34.688
9229511,BNO_MAG_UC,587,-4900,0,47.938,0.500,-64.625,6.188,-5.812,-34.688
9240555,BNO_MAG_UC,588,-6000,0,47.938,0.812,-65.125,6.188,-5.812,-34.688
9260491,BNO_MAG_UC,589,-5800,0,46.812,0.750,-63.750,6.188,-5.812,-34.688
9269775,BNO_MAG_UC,590,-4700,0,46.062,1.062,-65.562,6.188,-5.812,-34.688
9280725,BNO_MAG_UC,591,-6000,0,46.062,0.500,-65.562,6.188,-5.812,-34.688
9300734,BNO_MAG_UC,592,-6000,0,45.688,-0.250,-63.312,6.188,-5.812,-34.688
9309899,BNO_MAG_UC,593,-4500,0,44.562,-0.938,-65.938,6.188,-5.812,-34.688
9320881,BNO_MAG_UC,594,-6000,0,45.688,-0.250,-65.938,6.188,-5.812,-34.688
9340756,BNO_MAG_UC,595,-6000,0,44.938,-1.625,-65.938,6.188,-5.812,-34.688
9349958,BNO_MAG_UC,596,-4700,0,43.812,-1.688,-64.562,6.188,-5.812,-34.688
9360881,BNO_MAG_UC,597,-5800,0,44.250,-0.938,-66.375,6.188,-5.812,-34.688
9380665,BNO_MAG_UC,598,-6000,0,43.812,-2.688,-66.875,6.188,-5.812,-34.688
9390183,BNO_MAG_UC,599,-5100,0,42.375,-3.438,-65.500,6.188,-5.812,-34.688
9401147,BNO_MAG_UC,600,-6000,0,43.812,-3.062,-65.938,6.188,-5.812,-34.688
9420846,BNO_MAG_UC,601,-5800,0,44.562,-2.375,-66.375,6.188,-5.812,-34.688
9430237,BNO_MAG_UC,602,-4700,0,43.438,-4.812,-66.875,6.188,-5.812,-34.688
9440845,BNO_MAG_UC,603,-5600,0,43.438,-4.812,-66.875,6.188,-5.812,-34.688
9461516,BNO_MAG_UC,604,-6000,0,42.688,-3.750,-65.500,6.188,-5.812,-34.688
9470290,BNO_MAG_UC,605,-4900,0,43.438,-3.750,-65.500,6.188,-5.812,-34.688
9501320,BNO_MAG_UC,606,-5100,0,44.562,-5.875,-67.750,6.188,-5.812,-34.688
9510369,BNO_MAG_UC,607,-5100,0,44.188,-4.438,-66.875,6.188,-5.812,-34.688
9520959,BNO_MAG_UC,608,-5800,0,44.188,-4.438,-66.875,6.188,-5.812,-34.688
9541155,BNO_MAG_UC,609,-6000,0,44.562,-5.875,-67.250,6.188,-5.812,-34.688
9550341,BNO_MAG_UC,610,-4500,0,43.812,-5.875,-66.812,6.188,-5.812,-34.688
9581752,BNO_MAG_UC,611,-5500,0,45.625,-7.250,-65.875,6.188,-5.812,-34.688
9590920,BNO_MAG_UC,612,-5300,0,44.562,-6.250,-66.375,6.188,-5.812,-34.688
9600895,BNO_MAG_UC,613,-5300,0,46.375,-5.875,-67.750,6.188,-5.812,-34.688
9630670,BNO_MAG_UC,614,-4900,0,44.562,-5.500,-66.875,6.188,-5.812,-34.688
9651174,BNO_MAG_UC,615,-4900,0,45.312,-5.875,-67.250,6.188,-5.812,-34.688
9670870,BNO_MAG_UC,616,-5400,0,46.000,-5.500,-65.500,6.188,-5.812,-34.688
9680997,BNO_MAG_UC,617,-5400,0,46.000,-5.875,-67.750,6.188,-5.812,-34.688
9710747,BNO_MAG_UC,618,-4900,0,46.000,-5.125,-66.875,6.188,-5.812,-34.688
9741952,BNO_MAG_UC,619,-5400,0,46.000,-6.562,-68.188,6.188,-5.812,-34.688
9750311,BNO_MAG_UC,620,-4300,0,46.062,-4.438,-69.500,6.188,-5.812,-34.688
9761480,BNO_MAG_UC,621,-5800,0,47.125,-5.875,-67.250,6.188,-5.812,-34.688
9790381,BNO_MAG_UC,622,-4500,0,46.812,-4.750,-69.562,6.188,-5.812,-34.688
9800644,BNO_MAG_UC,623,-5600,0,46.375,-4.812,-67.750,6.188,-5.812,-34.688
9811795,BNO_MAG_UC,624,-6000,0,46.812,-4.062,-69.125,6.188,-5.812,-34.688
9831004,BNO_MAG_UC,625,-5300,0,46.812,-4.062,-69.500,6.188,-5.812,-34.688
9842039,BNO_MAG_UC,626,-5600,0,46.750,-4.812,-68.188,6.188,-5.812,-34.688
9851318,BNO_MAG_UC,627,-4500,0,47.875,-5.125,-68.250,6.188,-5.812,-34.688
9871161,BNO_MAG_UC,628,-5300,0,46.750,-5.812,-69.500,6.188,-5.812,-34.688
9892120,BNO_MAG_UC,629,-5400,0,47.500,-4.062,-68.625,6.188,-5.812,-34.688
9910864,BNO_MAG_UC,630,-4900,0,47.125,-5.125,-69.062,6.188,-5.812,-34.688
9922053,BNO_MAG_UC,631,-5800,0,47.875,-4.750,-69.125,6.188,-5.812,-34.688
9931647,BNO_MAG_UC,632,-4900,0,46.812,-4.750,-70.938,6.188,-5.812,-34.688
9950819,BNO_MAG_UC,633,-4700,0,47.875,-4.438,-69.125,6.188,-5.812,-34.688
9962157,BNO_MAG_UC,634,-6000,0,46.062,-4.438,-69.938,6.188,-5.812,-34.688
9971571,BNO_MAG_UC,635,-5100,0,47.125,-5.812,-68.625,6.188,-5.812,-34.688
9990989,BNO_MAG_UC,636,-4900,0,46.812,-4.438,-70.000,6.188,-5.812,-34.688
10002318,BNO_MAG_UC,637,-5800,0,46.062,-4.125,-66.875,6.188,-5.812,-34.688
10011729,BNO_MAG_UC,638,-4700,0,47.500,-5.812,-69.562,6.188,-5.812,-34.688
10030878,BNO_MAG_UC,639,-4500,0,46.812,-4.062,-70.000,6.188,-5.812,-34.688
10042205,BNO_MAG_UC,640,-5800,0,46.812,-4.750,-69.562,6.188,-5.812,-34.688
10071058,BNO_MAG_UC,641,-4500,0,47.875,-4.438,-70.000,6.188,-5.812,-34.688
10082188,BNO_MAG_UC,642,-5800,0,48.250,-4.062,-69.562,6.188,-5.812,-34.688
10091409,BNO_MAG_UC,643,-5100,0,46.812,-5.125,-70.438,6.188,-5.812,-34.688
10111980,BNO_MAG_UC,644,-4900,0,47.938,-4.375,-71.812,6.188,-5.812,-34.688
10121273,BNO_MAG_UC,645,-5100,0,47.562,-4.062,-70.938,6.188,-5.812,-34.688
10152647,BNO_MAG_UC,646,-5300,0,47.188,-4.062,-70.875,6.188,-5.812,-34.688
10161458,BNO_MAG_UC,647,-5100,0,47.188,-3.000,-70.938,6.188,-5.812,-34.688
10172329,BNO_MAG_UC,648,-5600,0,46.812,-4.750,-70.938,6.188,-5.812,-34.688
10192333,BNO_MAG_UC,649,-5800,0,47.188,-4.438,-71.812,6.188,-5.812,-34.688
10201467,BNO_MAG_UC,650,-4900,0,47.188,-4.438,-71.812,6.188,-5.812,-34.688
10212500,BNO_MAG_UC,651,-5600,0,47.188,-4.750,-72.250,6.188,-5.812,-34.688
10232618,BNO_MAG_UC,652,-6000,0,47.188,-4.438,-72.250,6.188,-5.812,-34.688
10241860,BNO_MAG_UC,653,-4900,0,47.188,-5.438,-72.188,6.188,-5.812,-34.688
10252895,BNO_MAG_UC,654,-6000,0,47.562,-4.375,-72.250,6.188,-5.812,-34.688
10272808,BNO_MAG_UC,655,-6000,0,47.562,-4.062,-72.250,6.188,-5.812,-34.688
10281814,BNO_MAG_UC,656,-4900,0,46.438,-5.500,-72.250,6.188,-5.812,-34.688
10313017,BNO_MAG_UC,657,-5200,0,47.188,-4.438,-71.312,6.188,-5.812,-34.688
10322032,BNO_MAG_UC,658,-5300,0,47.562,-5.125,-72.688,6.188,-5.812,-34.688
10333041,BNO_MAG_UC,659,-6000,0,47.500,-5.812,-71.312,6.188,-5.812,-34.688
10352918,BNO_MAG_UC,660,-6000,0,46.812,-5.438,-73.125,6.188,-5.812,-34.688
10362115,BNO_MAG_UC,661,-4700,0,46.812,-4.750,-72.250,6.188,-5.812,-34.688
10373105,BNO_MAG_UC,662,-6000,0,46.812,-3.688,-72.250,6.188,-5.812,-34.688
10392988,BNO_MAG_UC,663,-6000,0,46.812,-4.750,-73.125,6.188,-5.812,-34.688
10402254,BNO_MAG_UC,664,-4700,0,46.062,-5.125,-71.750,6.188,-5.812,-34.688
10413252,BNO_MAG_UC,665,-5800,0,46.062,-4.438,-72.250,6.188,-5.812,-34.688
10433223,BNO_MAG_UC,666,-6400,0,46.062,-5.125,-72.625,6.188,-5.812,-34.688
10442417,BNO_MAG_UC,667,-4900,0,48.250,-5.438,-72.250,6.188,-5.812,-34.688
10453428,BNO_MAG_UC,668,-6000,0,47.188,-4.062,-72.250,6.188,-5.812,-34.688
10473342,BNO_MAG_UC,669,-6200,0,47.938,-4.375,-71.375,6.188,-5.812,-34.688
10482456,BNO_MAG_UC,670,-4500,0,46.812,-6.500,-73.125,6.188,-5.812,-34.688
10513646,BNO_MAG_UC,671,-5100,0,46.812,-5.125,-72.750,6.188,-5.812,-34.688
10522406,BNO_MAG_UC,672,-4700,0,46.438,-5.125,-72.625,6.188,-5.812,-34.688
10533091,BNO_MAG_UC,673,-5800,0,46.438,-5.125,-72.625,6.188,-5.812,-34.688
10553599,BNO_MAG_UC,674,-6200,0,46.062,-5.125,-72.625,6.188,-5.812,-34.688
10562749,BNO_MAG_UC,675,-4500,0,46.812,-5.125,-72.625,6.188,-5.812,-34.688
10594063,BNO_MAG_UC,676,-5300,0,47.188,-5.125,-72.250,6.188,-5.812,-34.688
10603050,BNO_MAG_UC,677,-5100,0,47.938,-4.750,-72.250,6.188,-5.812,-34.688
10612950,BNO_MAG_UC,678,-4900,0,47.188,-6.500,-74.000,6.188,-5.812,-34.688
10642795,BNO_MAG_UC,679,-4900,0,46.438,-5.500,-72.688,6.188,-5.812,-34.688
10674271,BNO_MAG_UC,680,-5500,0,47.188,-5.438,-73.125,6.188,-5.812,-34.688
10683071,BNO_MAG_UC,681,-4700,0,47.562,-5.125,-73.125,6.188,-5.812,-34.688
10693670,BNO_MAG_UC,682,-5800,0,47.562,-5.125,-73.125,6.188,-5.812,-34.688
10723311,BNO_MAG_UC,683,-5100,0,46.438,-5.500,-72.250,6.188,-5.812,-34.688
10733374,BNO_MAG_UC,684,-5300,0,47.938,-5.812,-74.500,6.188,-5.812,-34.688
10763078,BNO_MAG_UC,685,-4700,0,47.562,-5.438,-73.125,6.188,-5.812,-34.688
10794250,BNO_MAG_UC,686,-5300,0,47.562,-5.438,-73.625,6.188,-5.812,-34.688
10802660,BNO_MAG_UC,687,-4500,0,47.938,-5.438,-74.062,6.188,-5.812,-34.688
10813761,BNO_MAG_UC,688,-5600,0,46.812,-5.125,-72.250,6.188,-5.812,-34.688
10823698,BNO_MAG_UC,689,-5400,0,46.812,-4.062,-72.688,6.188,-5.812,-34.688
10843016,BNO_MAG_UC,690,-4900,0,46.812,-5.125,-72.750,6.188,-5.812,-34.688
10854064,BNO_MAG_UC,691,-6000,0,46.438,-5.500,-73.125,6.188,-5.812,-34.688
10863567,BNO_MAG_UC,692,-4900,0,47.188,-5.812,-73.625,6.188,-5.812,-34.688
10883015,BNO_MAG_UC,693,-4900,0,47.188,-5.125,-72.750,6.188,-5.812,-34.688
10893407,BNO_MAG_UC,694,-5800,0,47.188,-5.125,-73.125,6.188,-5.812,-34.688
10923966,BNO_MAG_UC,695,-4800,0,46.438,-6.500,-74.062,6.188,-5.812,-34.688
10933719,BNO_MAG_UC,696,-5300,0,47.938,-5.125,-72.750,6.188,-5.812,-34.688
10943789,BNO_MAG_UC,697,-5400,0,46.062,-5.125,-73.562,6.188,-5.812,-34.688
10963117,BNO_MAG_UC,698,-4700,0,48.250,-5.438,-72.250,6.188,-5.812,-34.688
10974403,BNO_MAG_UC,699,-5800,0,47.562,-4.375,-72.250,6.188,-5.812,-34.688
10983892,BNO_MAG_UC,700,-4900,0,46.438,-4.750,-73.125,6.188,-5.812,-34.688
11003150,BNO_MAG_UC,701,-4700,0,46.062,-4.062,-71.812,6.188,-5.812,-34.688
11014584,BNO_MAG_UC,702,-6000,0,46.438,-4.438,-73.125,6.188,-5.812,-34.688
11024026,BNO_MAG_UC,703,-4900,0,46.812,-2.625,-71.375,6.188,-5.812,-34.688
11044863,BNO_MAG_UC,704,-5900,0,47.188,-3.688,-72.750,6.188,-5.812,-34.688
11054479,BNO_MAG_UC,705,-5600,0,47.938,-4.062,-72.250,6.188,-5.812,-34.688
11085023,BNO_MAG_UC,706,-5700,0,47.188,-4.438,-72.250,6.188,-5.812,-34.688
11124380,BNO_MAG_UC,707,-4700,0,47.188,-3.688,-71.812,6.188,-5.812,-34.688
11134440,BNO_MAG_UC,708,-5400,0,46.812,-4.750,-71.875,6.188,-5.812,-34.688
11144384,BNO_MAG_UC,709,-5400,0,47.188,-3.375,-71.375,6.188,-5.812,-34.688
11164723,BNO_MAG_UC,710,-6000,0,47.188,-4.438,-71.875,6.188,-5.812,-34.688
11174608,BNO_MAG_UC,711,-5100,0,47.562,-4.750,-72.250,6.188,-5.812,-34.688
11184514,BNO_MAG_UC,712,-5600,0,49.000,-4.062,-70.062,6.188,-5.812,-34.688
11205002,BNO_MAG_UC,713,-6000,0,46.812,-4.750,-71.812,6.188,-5.812,-34.688
11214791,BNO_MAG_UC,714,-5300,0,47.562,-4.750,-73.125,6.188,-5.812,-34.688
11245056,BNO_MAG_UC,715,-5500,0,46.438,-4.438,-71.375,6.188,-5.812,-34.688
11254076,BNO_MAG_UC,716,-5600,0,46.812,-2.688,-70.500,6.188,-5.812,-34.688
11265240,BNO_MAG_UC,717,-6200,0,46.812,-5.125,-70.062,6.188,-5.812,-34.688
11285181,BNO_MAG_UC,718,-5900,0,47.562,-4.438,-70.438,6.188,-5.812,-34.688
11294239,BNO_MAG_UC,719,-5600,0,47.500,-4.750,-70.438,6.188,-5.812,-34.688
11305371,BNO_MAG_UC,720,-6000,0,47.188,-4.438,-70.062,6.188,-5.812,-34.688
11325577,BNO_MAG_UC,721,-5900,0,47.875,-4.750,-70.500,6.188,-5.812,-34.688
11335303,BNO_MAG_UC,722,-5600,0,47.188,-4.750,-70.938,6.188,-5.812,-34.688
11365512,BNO_MAG_UC,723,-6200,0,47.500,-5.500,-70.500,6.188,-5.812,-34.688
11374412,BNO_MAG_UC,724,-4900,0,47.125,-4.750,-69.562,6.188,-5.812,-34.688
11405635,BNO_MAG_UC,725,-5900,0,47.562,-3.688,-70.500,6.188,-5.812,-34.688
11414598,BNO_MAG_UC,726,-5400,0,47.875,-3.000,-67.812,6.188,-5.812,-34.688
11425820,BNO_MAG_UC,727,-6000,0,47.188,-4.438,-70.500,6.188,-5.812,-34.688
11445830,BNO_MAG_UC,728,-5900,0,47.562,-3.000,-70.062,6.188,-5.812,-34.688
11454836,BNO_MAG_UC,729,-5600,0,47.875,-3.688,-69.562,6.188,-5.812,-34.688
11486084,BNO_MAG_UC,730,-5900,0,47.125,-4.750,-69.562,6.188,-5.812,-34.688
11495214,BNO_MAG_UC,731,-6000,0,46.812,-4.062,-68.688,6.188,-5.812,-34.688
11525881,BNO_MAG_UC,732,-5900,0,46.438,-3.375,-69.188,6.188,-5.812,-34.688
11535268,BNO_MAG_UC,733,-5600,0,47.500,-3.375,-66.938,6.188,-5.812,-34.688
11566170,BNO_MAG_UC,734,-6000,0,46.812,-4.062,-68.688,6.188,-5.812,-34.688
11575441,BNO_MAG_UC,735,-5400,0,48.250,-4.750,-67.375,6.188,-5.812,-34.688
11606183,BNO_MAG_UC,736,-5800,0,47.125,-4.438,-67.375,6.188,-5.812,-34.688
11615315,BNO_MAG_UC,737,-5400,0,48.250,-4.750,-67.375,6.188,-5.812,-34.688
11655193,BNO_MAG_UC,738,-5100,0,47.125,-4.812,-66.938,6.188,-5.812,-34.688
11665387,BNO_MAG_UC,739,-5600,0,47.125,-4.812,-66.938,6.188,-5.812,-34.688
11675795,BNO_MAG_UC,740,-6000,0,47.875,-5.812,-66.500,6.188,-5.812,-34.688
11695388,BNO_MAG_UC,741,-5600,0,47.125,-5.500,-66.438,6.188,-5.812,-34.688
11705036,BNO_MAG_UC,742,-5600,0,47.125,-5.500,-65.125,6.188,-5.812,-34.688
11726723,BNO_MAG_UC,743,-6000,0,48.250,-5.125,-67.812,6.188,-5.812,-34.688
11735939,BNO_MAG_UC,744,-5400,0,45.688,-4.812,-67.312,6.188,-5.812,-34.688
11745572,BNO_MAG_UC,745,-5300,0,46.438,-3.750,-66.500,6.188,-5.812,-34.688
11775683,BNO_MAG_UC,746,-4900,0,46.375,-4.438,-65.562,6.188,-5.812,-34.688
11785911,BNO_MAG_UC,747,-5600,0,47.125,-5.500,-66.438,6.188,-5.812,-34.688
11815629,BNO_MAG_UC,748,-4700,0,44.938,-5.188,-66.438,6.188,-5.812,-34.688
11826094,BNO_MAG_UC,749,-5600,0,44.938,-4.812,-66.000,6.188,-5.812,-34.688
11855740,BNO_MAG_UC,750,-4900,0,45.625,-6.188,-66.438,6.188,-5.812,-34.688
11866134,BNO_MAG_UC,751,-5800,0,46.000,-6.188,-66.000,6.188,-5.812,-34.688
11875771,BNO_MAG_UC,752,-5300,0,45.688,-4.812,-66.000,6.188,-5.812,-34.688
11895011,BNO_MAG_UC,753,-4500,0,44.938,-4.812,-65.562,6.188,-5.812,-34.688
11906264,BNO_MAG_UC,754,-6000,0,45.625,-6.250,-65.562,6.188,-5.812,-34.688
11915175,BNO_MAG_UC,755,-5100,0,46.000,-6.188,-66.938,6.188,-5.812,-34.688
11936266,BNO_MAG_UC,756,-5100,0,45.312,-5.188,-66.000,6.188,-5.812,-34.688
11945964,BNO_MAG_UC,757,-5300,0,45.250,-6.250,-64.625,6.188,-5.812,-34.688
11976002,BNO_MAG_UC,758,-5300,0,45.312,-3.750,-65.562,6.188,-5.812,-34.688
11986131,BNO_MAG_UC,759,-5300,0,45.312,-4.812,-65.125,6.188,-5.812,-34.688
11996059,BNO_MAG_UC,760,-5400,0,43.812,-5.562,-65.125,6.188,-5.812,-34.688
12016041,BNO_MAG_UC,761,-5400,0,44.875,-5.875,-64.250,6.188,-5.812,-34.688
12025379,BNO_MAG_UC,762,-5100,0,46.000,-5.188,-65.125,6.188,-5.812,-34.688
12036406,BNO_MAG_UC,763,-5600,0,43.812,-5.562,-65.562,6.188,-5.812,-34.688
12055409,BNO_MAG_UC,764,-4700,0,44.562,-4.125,-64.625,6.188,-5.812,-34.688
12066767,BNO_MAG_UC,765,-6000,0,44.188,-5.875,-65.562,6.188,-5.812,-34.688
12076340,BNO_MAG_UC,766,-5100,0,43.812,-4.812,-65.562,6.188,-5.812,-34.688
12096095,BNO_MAG_UC,767,-5300,0,44.562,-5.875,-65.125,6.188,-5.812,-34.688
12105694,BNO_MAG_UC,768,-5300,0,43.812,-4.125,-64.625,6.188,-5.812,-34.688
12116593,BNO_MAG_UC,769,-5800,0,44.562,-4.125,-64.625,6.188,-5.812,-34.688
12136799,BNO_MAG_UC,770,-6000,0,44.188,-4.812,-65.562,6.188,-5.812,-34.688
12145742,BNO_MAG_UC,771,-4900,0,44.938,-3.750,-64.625,6.188,-5.812,-34.688
12156768,BNO_MAG_UC,772,-5800,0,43.438,-2.688,-65.562,6.188,-5.812,-34.688
12176671,BNO_MAG_UC,773,-5800,0,43.812,-2.688,-64.625,6.188,-5.812,-34.688
12185810,BNO_MAG_UC,774,-4900,0,44.562,-3.062,-64.250,6.188,-5.812,-34.688
12196021,BNO_MAG_UC,775,-5400,0,44.562,-3.438,-64.625,6.188,-5.812,-34.688
12216932,BNO_MAG_UC,776,-4900,0,44.188,-4.125,-65.125,6.188,-5.812,-34.688
12226205,BNO_MAG_UC,777,-5100,0,44.188,-3.062,-63.750,6.188,-5.812,-34.688
12257679,BNO_MAG_UC,778,-6100,0,43.812,-3.750,-64.250,6.188,-5.812,-34.688
12266348,BNO_MAG_UC,779,-4900,0,44.188,-4.125,-64.250,6.188,-5.812,-34.688
12277265,BNO_MAG_UC,780,-5800,0,44.562,-3.750,-65.562,6.188,-5.812,-34.688
12297184,BNO_MAG_UC,781,-6200,0,44.188,-4.125,-65.125,6.188,-5.812,-34.688
12306561,BNO_MAG_UC,782,-4900,0,44.562,-2.375,-64.250,6.188,-5.812,-34.688
12317435,BNO_MAG_UC,783,-5800,0,43.812,-3.438,-64.625,6.188,-5.812,-34.688
12337499,BNO_MAG_UC,784,-6200,0,44.188,-2.375,-64.250,6.188,-5.812,-34.688
12346395,BNO_MAG_UC,785,-4500,0,43.812,-2.000,-64.625,6.188,-5.812,-34.688
12357408,BNO_MAG_UC,786,-5800,0,44.938,-2.688,-63.375,6.188,-5.812,-34.688
12377736,BNO_MAG_UC,787,-6200,0,43.500,-1.688,-65.125,6.188,-5.812,-34.688
12386741,BNO_MAG_UC,788,-4700,0,44.938,-3.062,-64.250,6.188,-5.812,-34.688
12417585,BNO_MAG_UC,789,-6000,0,43.812,-0.938,-62.875,6.188,-5.812,-34.688
12426790,BNO_MAG_UC,790,-4700,0,44.188,-2.375,-64.250,6.188,-5.812,-34.688
12437791,BNO_MAG_UC,791,-6000,0,43.812,-2.375,-63.750,6.188,-5.812,-34.688
12457534,BNO_MAG_UC,792,-6200,0,44.562,-2.688,-63.375,6.188,-5.812,-34.688
12466898,BNO_MAG_UC,793,-4900,0,44.188,-1.312,-63.875,6.188,-5.812,-34.688
12477992,BNO_MAG_UC,794,-6000,0,44.188,-2.375,-64.250,6.188,-5.812,-34.688
12497805,BNO_MAG_UC,795,-6200,0,45.312,-2.000,-64.750,6.188,-5.812,-34.688
12507082,BNO_MAG_UC,796,-4700,0,45.312,-0.938,-63.375,6.188,-5.812,-34.688
12538035,BNO_MAG_UC,797,-5700,0,45.688,-2.000,-63.375,6.188,-5.812,-34.688
12547191,BNO_MAG_UC,798,-5300,0,45.312,-2.000,-65.625,6.188,-5.812,-34.688
12556537,BNO_MAG_UC,799,-5100,0,45.312,-2.000,-65.625,6.188,-5.812,-34.688
12578521,BNO_MAG_UC,800,-6000,0,45.312,-2.000,-62.938,6.188,-5.812,-34.688
12587317,BNO_MAG_UC,801,-4900,0,44.562,-0.938,-62.438,6.188,-5.812,-34.688
12596789,BNO_MAG_UC,802,-5300,0,44.938,-2.688,-63.750,6.188,-5.812,-34.688
12618085,BNO_MAG_UC,803,-5300,0,44.562,-3.062,-62.875,6.188,-5.812,-34.688
12627068,BNO_MAG_UC,804,-4900,0,45.312,-1.625,-63.375,6.188,-5.812,-34.688
12658455,BNO_MAG_UC,805,-5500,0,45.688,-1.312,-63.375,6.188,-5.812,-34.688
12667657,BNO_MAG_UC,806,-5100,0,46.062,-1.312,-62.062,6.188,-5.812,-34.688
12677635,BNO_MAG_UC,807,-5300,0,44.938,-1.312,-64.250,6.188,-5.812,-34.688
12707459,BNO_MAG_UC,808,-4900,0,45.312,-1.625,-62.438,6.188,-5.812,-34.688
12747827,BNO_MAG_UC,809,-4900,0,44.938,-2.688,-62.000,6.188,-5.812,-34.688
12757835,BNO_MAG_UC,810,-5300,0,46.062,-0.562,-63.812,6.188,-5.812,-34.688
12787387,BNO_MAG_UC,811,-4700,0,46.062,0.500,-62.938,6.188,-5.812,-34.688
12798392,BNO_MAG_UC,812,-5600,0,46.438,-1.312,-64.250,6.188,-5.812,-34.688
12807778,BNO_MAG_UC,813,-4700,0,46.812,-0.938,-63.875,6.188,-5.812,-34.688
12827291,BNO_MAG_UC,814,-4700,0,46.812,-0.562,-62.938,6.188,-5.812,-34.688
12838345,BNO_MAG_UC,815,-5800,0,46.812,0.750,-62.938,6.188,-5.812,-34.688
12847866,BNO_MAG_UC,816,-4900,0,47.562,0.500,-63.438,6.188,-5.812,-34.688
12867700,BNO_MAG_UC,817,-5300,0,46.062,-1.625,-63.875,6.188,-5.812,-34.688
12878759,BNO_MAG_UC,818,-6000,0,45.688,-0.562,-62.938,6.188,-5.812,-34.688
12888144,BNO_MAG_UC,819,-5100,0,46.812,0.125,-63.312,6.188,-5.812,-34.688
12907223,BNO_MAG_UC,820,-4700,0,45.688,-0.562,-62.938,6.188,-5.812,-34.688
12918449,BNO_MAG_UC,821,-6000,0,47.875,-0.562,-63.312,6.188,-5.812,-34.688
12947447,BNO_MAG_UC,822,-4700,0,46.750,-2.312,-63.812,6.188,-5.812,-34.688
12958799,BNO_MAG_UC,823,-5800,0,46.438,0.125,-63.375,6.188,-5.812,-34.688
12988136,BNO_MAG_UC,824,-5300,0,46.812,0.500,-61.562,6.188,-5.812,-34.688
12998347,BNO_MAG_UC,825,-5400,0,46.812,-0.562,-63.812,6.188,-5.812,-34.688
13008313,BNO_MAG_UC,826,-5400,0,46.438,-0.562,-62.938,6.188,-5.812,-34.688
13027682,BNO_MAG_UC,827,-4900,0,47.188,0.125,-62.938,6.188,-5.812,-34.688
13038903,BNO_MAG_UC,828,-6000,0,46.812,0.125,-62.938,6.188,-5.812,-34.688
13048444,BNO_MAG_UC,829,-5100,0,46.750,-0.562,-61.562,6.188,-5.812,-34.688
13068381,BNO_MAG_UC,830,-5400,0,45.688,-0.250,-62.438,6.188,-5.812,-34.688
13077791,BNO_MAG_UC,831,-5300,0,46.812,0.750,-62.438,6.188,-5.812,-34.688
13088861,BNO_MAG_UC,832,-6000,0,46.750,-0.938,-62.938,6.188,-5.812,-34.688
13109268,BNO_MAG_UC,833,-5900,0,46.812,0.750,-62.938,6.188,-5.812,-34.688
13117981,BNO_MAG_UC,834,-4900,0,47.125,0.125,-62.062,6.188,-5.812,-34.688
13128320,BNO_MAG_UC,835,-5600,0,47.500,0.500,-61.562,6.188,-5.812,-34.688
13148725,BNO_MAG_UC,836,-5100,0,46.438,-0.562,-62.438,6.188,-5.812,-34.688
13158054,BNO_MAG_UC,837,-5100,0,46.438,-0.938,-62.438,6.188,-5.812,-34.688
13169181,BNO_MAG_UC,838,-5800,0,46.812,-0.562,-62.938,6.188,-5.812,-34.688
13189246,BNO_MAG_UC,839,-6000,0,48.250,0.125,-62.938,6.188,-5.812,-34.688
13198210,BNO_MAG_UC,840,-5100,0,47.125,-0.562,-62.938,6.188,-5.812,-34.688
13209508,BNO_MAG_UC,841,-6200,0,47.125,-0.938,-62.438,6.188,-5.812,-34.688
13229424,BNO_MAG_UC,842,-6200,0,47.125,0.125,-60.688,6.188,-5.812,-34.688
13238430,BNO_MAG_UC,843,-4900,0,47.125,-0.938,-63.375,6.188,-5.812,-34.688
13249633,BNO_MAG_UC,844,-6000,0,47.875,-0.938,-61.562,6.188,-5.812,-34.688
13269524,BNO_MAG_UC,845,-5700,0,47.125,-0.562,-63.375,6.188,-5.812,-34.688
13278684,BNO_MAG_UC,846,-5300,0,47.875,-0.250,-61.125,6.188,-5.812,-34.688
13289857,BNO_MAG_UC,847,-6000,0,48.625,-0.188,-62.062,6.188,-5.812,-34.688
13309818,BNO_MAG_UC,848,-5900,0,47.875,0.125,-64.312,6.188,-5.812,-34.688
13318560,BNO_MAG_UC,849,-5400,0,48.250,0.125,-62.938,6.188,-5.812,-34.688
13329824,BNO_MAG_UC,850,-6000,0,47.500,0.125,-63.438,6.188,-5.812,-34.688
13349924,BNO_MAG_UC,851,-6100,0,47.500,0.750,-62.500,6.188,-5.812,-34.688
13358901,BNO_MAG_UC,852,-5600,0,47.875,-0.938,-62.938,6.188,-5.812,-34.688
13370149,BNO_MAG_UC,853,-6000,0,47.125,-0.250,-62.062,6.188,-5.812,-34.688
13390052,BNO_MAG_UC,854,-5900,0,48.625,-0.938,-61.125,6.188,-5.812,-34.688
13398969,BNO_MAG_UC,855,-5400,0,47.188,-0.250,-63.375,6.188,-5.812,-34.688
13410043,BNO_MAG_UC,856,-6200,0,49.000,0.188,-64.750,6.188,-5.812,-34.688
13430195,BNO_MAG_UC,857,-5900,0,48.625,-0.188,-62.938,6.188,-5.812,-34.688
13439302,BNO_MAG_UC,858,-5400,0,48.250,0.125,-62.562,6.188,-5.812,-34.688
13470345,BNO_MAG_UC,859,-5900,0,47.875,-0.938,-64.250,6.188,-5.812,-34.688
13479258,BNO_MAG_UC,860,-5600,0,49.750,-0.188,-62.500,6.188,-5.812,-34.688
13510283,BNO_MAG_UC,861,-5900,0,48.250,-0.188,-63.812,6.188,-5.812,-34.688
13519535,BNO_MAG_UC,862,-5400,0,48.625,0.125,-62.062,6.188,-5.812,-34.688
13529416,BNO_MAG_UC,863,-5400,0,48.625,0.125,-62.062,6.188,-5.812,-34.688
13539766,BNO_MAG_UC,864,-5600,0,48.250,-0.562,-63.812,6.188,-5.812,-34.688
13559534,BNO_MAG_UC,865,-5600,0,48.625,0.500,-64.312,6.188,-5.812,-34.688
13569654,BNO_MAG_UC,866,-5600,0,48.625,0.500,-64.312,6.188,-5.812,-34.688
13579976,BNO_MAG_UC,867,-5600,0,49.375,-1.250,-62.938,6.188,-5.812,-34.688
13599511,BNO_MAG_UC,868,-5400,0,49.000,0.500,-62.938,6.188,-5.812,-34.688
13609615,BNO_MAG_UC,869,-5600,0,49.000,0.500,-62.938,6.188,-5.812,-34.688
13620086,BNO_MAG_UC,870,-6000,0,49.000,-0.188,-62.500,6.188,-5.812,-34.688
13639585,BNO_MAG_UC,871,-5400,0,50.125,2.125,-62.562,6.188,-5.812,-34.688
13679807,BNO_MAG_UC,872,-5400,0,49.375,-0.188,-62.062,6.188,-5.812,-34.688
13689367,BNO_MAG_UC,873,-5600,0,49.375,-0.938,-62.562,6.188,-5.812,-34.688
13712332,BNO_MAG_UC,874,-7600,0,49.000,-0.562,-62.938,6.188,-5.812,-34.688
13719945,BNO_MAG_UC,875,-5100,0,48.625,0.500,-62.500,6.188,-5.812,-34.688
13729547,BNO_MAG_UC,876,-6000,0,47.875,0.500,-63.875,6.188,-5.812,-34.688
13759860,BNO_MAG_UC,877,-4900,0,48.625,-0.188,-62.062,6.188,-5.812,-34.688
13769454,BNO_MAG_UC,878,-5400,0,48.625,0.125,-62.938,6.188,-5.812,-34.688
13780760,BNO_MAG_UC,879,-6200,0,49.375,-0.188,-63.438,6.188,-5.812,-34.688
13799526,BNO_MAG_UC,880,-5100,0,49.000,-0.188,-61.625,6.188,-5.812,-34.688
13810594,BNO_MAG_UC,881,-6200,0,49.000,-0.188,-61.625,6.188,-5.812,-34.688
13820439,BNO_MAG_UC,882,-5400,0,49.375,-0.562,-62.938,6.188,-5.812,-34.688
13839678,BNO_MAG_UC,883,-5100,0,49.375,-0.188,-64.312,6.188,-5.812,-34.688
13860624,BNO_MAG_UC,884,-5400,0,49.750,-0.875,-62.938,6.188,-5.812,-34.688
13880704,BNO_MAG_UC,885,-5500,0,49.375,1.812,-63.438,6.188,-5.812,-34.688
13890574,BNO_MAG_UC,886,-5600,0,50.125,-0.875,-64.312,6.188,-5.812,-34.688
13900486,BNO_MAG_UC,887,-5600,0,49.375,-0.562,-62.938,6.188,-5.812,-34.688
13920261,BNO_MAG_UC,888,-5400,0,49.000,-1.625,-62.938,6.188,-5.812,-34.688
13930621,BNO_MAG_UC,889,-5600,0,48.250,-0.938,-63.438,6.188,-5.812,-34.688
13940605,BNO_MAG_UC,890,-5600,0,49.375,-0.562,-63.875,6.188,-5.812,-34.688
13960514,BNO_MAG_UC,891,-5100,0,49.375,-0.188,-62.938,6.188,-5.812,-34.688
13970656,BNO_MAG_UC,892,-5600,0,48.625,0.812,-63.875,6.188,-5.812,-34.688
13980743,BNO_MAG_UC,893,-5600,0,49.000,-0.188,-62.062,6.188,-5.812,-34.688
14000510,BNO_MAG_UC,894,-5600,0,50.125,0.500,-63.438,6.188,-5.812,-34.688
14010789,BNO_MAG_UC,895,-5600,0,48.250,0.500,-63.875,6.188,-5.812,-34.688
14020696,BNO_MAG_UC,896,-5600,0,48.625,-0.188,-63.438,6.188,-5.812,-34.688
14040612,BNO_MAG_UC,897,-5600,0,49.375,-0.875,-63.875,6.188,-5.812,-34.688
14050926,BNO_MAG_UC,898,-5600,0,49.000,1.062,-62.562,6.188,-5.812,-34.688
14060827,BNO_MAG_UC,899,-5400,0,48.625,-0.562,-64.750,6.188,-5.812,-34.688
14080684,BNO_MAG_UC,900,-5400,0,47.500,-0.938,-63.875,6.188,-5.812,-34.688
14091061,BNO_MAG_UC,901,-5600,0,49.000,0.125,-62.938,6.188,-5.812,-34.688
14100901,BNO_MAG_UC,902,-5400,0,48.250,0.125,-63.875,6.188,-5.812,-34.688
14121628,BNO_MAG_UC,903,-5900,0,49.375,-1.250,-61.625,6.188,-5.812,-34.688
14130401,BNO_MAG_UC,904,-5400,0,48.625,-0.562,-62.062,6.188,-5.812,-34.688
14161390,BNO_MAG_UC,905,-5500,0,49.375,0.500,-63.875,6.188,-5.812,-34.688
14170352,BNO_MAG_UC,906,-5400,0,49.000,-1.250,-65.250,6.188,-5.812,-34.688
14181522,BNO_MAG_UC,907,-6000,0,49.000,-0.938,-62.938,6.188,-5.812,-34.688
14201522,BNO_MAG_UC,908,-6000,0,48.625,-0.938,-63.875,6.188,-5.812,-34.688
14210384,BNO_MAG_UC,909,-4700,0,48.250,0.125,-63.438,6.188,-5.812,-34.688
14221524,BNO_MAG_UC,910,-6000,0,48.625,0.125,-63.438,6.188,-5.812,-34.688
14241773,BNO_MAG_UC,911,-6200,0,47.875,-0.188,-63.438,6.188,-5.812,-34.688
14250876,BNO_MAG_UC,912,-5100,0,48.625,-0.562,-62.938,6.188,-5.812,-34.688
14281912,BNO_MAG_UC,913,-6200,0,46.812,-0.250,-64.250,6.188,-5.812,-34.688
14290778,BNO_MAG_UC,914,-4700,0,49.000,0.500,-62.562,6.188,-5.812,-34.688
14301871,BNO_MAG_UC,915,-6200,0,48.625,-1.625,-63.875,6.188,-5.812,-34.688
14321984,BNO_MAG_UC,916,-6200,0,47.188,-0.188,-63.875,6.188,-5.812,-34.688
14330964,BNO_MAG_UC,917,-4900,0,49.000,-0.188,-62.938,6.188,-5.812,-34.688
14342202,BNO_MAG_UC,918,-6200,0,48.625,-0.188,-62.938,6.188,-5.812,-34.688
14362161,BNO_MAG_UC,919,-5900,0,50.062,-0.875,-62.562,6.188,-5.812,-34.688
14371061,BNO_MAG_UC,920,-5400,0,47.938,0.500,-64.312,6.188,-5.812,-34.688
14382026,BNO_MAG_UC,921,-5600,0,48.250,-0.562,-64.312,6.188,-5.812,-34.688
14401903,BNO_MAG_UC,922,-6000,0,46.438,-0.938,-62.938,6.188,-5.812,-34.688
14411214,BNO_MAG_UC,923,-4900,0,47.938,0.812,-64.312,6.188,-5.812,-34.688
14442076,BNO_MAG_UC,924,-6000,0,46.812,0.750,-63.875,6.188,-5.812,-34.688
14451310,BNO_MAG_UC,925,-4700,0,46.062,0.500,-63.375,6.188,-5.812,-34.688
14482362,BNO_MAG_UC,926,-5100,0,46.438,-0.250,-63.875,6.188,-5.812,-34.688
14491243,BNO_MAG_UC,927,-4700,0,46.438,-0.250,-62.938,6.188,-5.812,-34.688
14522452,BNO_MAG_UC,928,-5300,0,46.062,0.125,-63.375,6.188,-5.812,-34.688
14531739,BNO_MAG_UC,929,-5100,0,45.688,-1.312,-63.875,6.188,-5.812,-34.688
14541746,BNO_MAG_UC,930,-5300,0,45.688,0.500,-64.750,6.188,-5.812,-34.688
14571352,BNO_MAG_UC,931,-4900,0,45.312,-0.250,-63.375,6.188,-5.812,-34.688
14602450,BNO_MAG_UC,932,-5300,0,44.938,-2.000,-64.750,6.188,-5.812,-34.688
14611711,BNO_MAG_UC,933,-5300,0,43.812,-2.000,-65.188,6.188,-5.812,-34.688
14621111,BNO_MAG_UC,934,-5300,0,42.750,-0.938,-66.500,6.188,-5.812,-34.688
14651024,BNO_MAG_UC,935,-4500,0,43.125,-3.438,-67.375,6.188,-5.812,-34.688
14662023,BNO_MAG_UC,936,-5600,0,42.750,-4.125,-66.938,6.188,-5.812,-34.688
14691953,BNO_MAG_UC,937,-5100,0,44.562,-5.500,-66.062,6.188,-5.812,-34.688
14702130,BNO_MAG_UC,938,-5400,0,43.062,-6.562,-67.375,6.188,-5.812,-34.688
14711956,BNO_MAG_UC,939,-5300,0,44.188,-5.188,-66.938,6.188,-5.812,-34.688
14731900,BNO_MAG_UC,940,-5400,0,45.688,-6.188,-69.188,6.188,-5.812,-34.688
14771952,BNO_MAG_UC,941,-4900,0,47.875,-5.125,-70.125,6.188,-5.812,-34.688
14812054,BNO_MAG_UC,942,-5100,0,47.625,-1.938,-76.875,6.188,-5.812,-34.688
14822212,BNO_MAG_UC,943,-5800,0,47.938,-2.625,-77.250,6.188,-5.812,-34.688
14832391,BNO_MAG_UC,944,-4700,0,47.250,-1.562,-78.625,6.188,-5.812,-34.688
14851990,BNO_MAG_UC,945,-5100,0,46.500,-4.375,-81.250,6.188,-5.812,-34.688
14862873,BNO_MAG_UC,946,-5800,0,46.875,-4.688,-83.562,6.188,-5.812,-34.688
14872492,BNO_MAG_UC,947,-4900,0,47.625,-5.375,-83.500,6.188,-5.812,-34.688
14891716,BNO_MAG_UC,948,-4700,0,47.625,-6.812,-83.062,6.188,-5.812,-34.688
14902907,BNO_MAG_UC,949,-5800,0,46.125,-7.500,-85.312,6.188,-5.812,-34.688
14912625,BNO_MAG_UC,950,-4900,0,47.625,-8.938,-85.750,6.188,-5.812,-34.688
14931776,BNO_MAG_UC,951,-4500,0,46.062,-11.750,-84.375,6.188,-5.812,-34.688
14943016,BNO_MAG_UC,952,-5600,0,46.438,-10.688,-84.812,6.188,-5.812,-34.688
14952613,BNO_MAG_UC,953,-5100,0,46.812,-11.062,-86.125,6.188,-5.812,-34.688
14971907,BNO_MAG_UC,954,-4700,0,45.000,-11.438,-84.812,6.188,-5.812,-34.688
14983262,BNO_MAG_UC,955,-6000,0,44.250,-12.125,-83.438,6.188,-5.812,-34.688
14992631,BNO_MAG_UC,956,-4700,0,46.812,-11.750,-84.312,6.188,-5.812,-34.688
15012077,BNO_MAG_UC,957,-4700,0,46.438,-13.188,-84.812,6.188,-5.812,-34.688
15023329,BNO_MAG_UC,958,-6000,0,45.688,-12.125,-84.812,6.188,-5.812,-34.688
15032798,BNO_MAG_UC,959,-4700,0,46.438,-12.812,-83.438,6.188,-5.812,-34.688
15053132,BNO_MAG_UC,960,-5600,0,46.812,-12.125,-83.938,6.188,-5.812,-34.688
15062074,BNO_MAG_UC,961,-4700,0,46.812,-12.125,-84.375,6.188,-5.812,-34.688
15073137,BNO_MAG_UC,962,-5600,0,47.188,-10.688,-83.938,6.188,-5.812,-34.688
15093456,BNO_MAG_UC,963,-6000,0,46.812,-12.125,-83.438,6.188,-5.812,-34.688
15102395,BNO_MAG_UC,964,-4700,0,46.438,-12.812,-84.375,6.188,-5.812,-34.688
15113429,BNO_MAG_UC,965,-5800,0,47.188,-12.812,-83.938,6.188,-5.812,-34.688
15133686,BNO_MAG_UC,966,-5700,0,45.688,-12.500,-84.375,6.188,-5.812,-34.688
15142554,BNO_MAG_UC,967,-5100,0,46.812,-12.812,-83.938,6.188,-5.812,-34.688
15153642,BNO_MAG_UC,968,-6000,0,45.688,-12.125,-84.375,6.188,-5.812,-34.688
15173557,BNO_MAG_UC,969,-6000,0,46.438,-12.500,-83.938,6.188,-5.812,-34.688
15182740,BNO_MAG_UC,970,-4900,0,47.188,-11.375,-83.438,6.188,-5.812,-34.688
15193808,BNO_MAG_UC,971,-5800,0,46.062,-11.750,-83.938,6.188,-5.812,-34.688
15213744,BNO_MAG_UC,972,-6200,0,47.562,-11.750,-83.938,6.188,-5.812,-34.688
15222808,BNO_MAG_UC,973,-4700,0,47.188,-12.812,-83.438,6.188,-5.812,-34.688
15233785,BNO_MAG_UC,974,-6000,0,47.938,-12.812,-83.938,6.188,-5.812,-34.688
15253877,BNO_MAG_UC,975,-6000,0,46.062,-12.125,-83.938,6.188,-5.812,-34.688
15262946,BNO_MAG_UC,976,-4500,0,46.812,-12.125,-82.562,6.188,-5.812,-34.688
15273940,BNO_MAG_UC,977,-6000,0,46.438,-11.438,-83.938,6.188,-5.812,-34.688
15294035,BNO_MAG_UC,978,-6200,0,46.812,-11.750,-82.562,6.188,-5.812,-34.688
15303098,BNO_MAG_UC,979,-4700,0,46.062,-12.812,-82.938,6.188,-5.812,-34.688
15314148,BNO_MAG_UC,980,-6000,0,47.188,-12.438,-84.375,6.188,-5.812,-34.688
15333856,BNO_MAG_UC,981,-5800,0,46.812,-12.812,-83.438,6.188,-5.812,-34.688
15343149,BNO_MAG_UC,982,-4500,0,46.812,-11.438,-83.062,6.188,-5.812,-34.688
15354239,BNO_MAG_UC,983,-6000,0,46.812,-13.875,-83.938,6.188,-5.812,-34.688
15374246,BNO_MAG_UC,984,-6200,0,47.188,-10.688,-83.062,6.188,-5.812,-34.688
15383441,BNO_MAG_UC,985,-4900,0,46.438,-12.812,-83.938,6.188,-5.812,-34.688
15414124,BNO_MAG_UC,986,-6200,0,47.188,-12.812,-83.938,6.188,-5.812,-34.688
15423480,BNO_MAG_UC,987,-4900,0,46.438,-14.250,-82.562,6.188,-5.812,-34.688
15454696,BNO_MAG_UC,988,-5900,0,45.688,-12.125,-82.562,6.188,-5.812,-34.688
15463724,BNO_MAG_UC,989,-5300,0,47.562,-12.438,-82.125,6.188,-5.812,-34.688
15473716,BNO_MAG_UC,990,-5300,0,47.562,-12.438,-82.125,6.188,-5.812,-34.688
15494645,BNO_MAG_UC,991,-6200,0,47.188,-13.188,-82.125,6.188,-5.812,-34.688
15503990,BNO_MAG_UC,992,-5100,0,47.188,-12.500,-81.688,6.188,-5.812,-34.688
15534913,BNO_MAG_UC,993,-5900,0,47.125,-13.500,-82.125,6.188,-5.812,-34.688
15544091,BNO_MAG_UC,994,-5400,0,46.062,-12.500,-82.062,6.188,-5.812,-34.688
15583907,BNO_MAG_UC,995,-5400,0,47.875,-13.500,-82.125,6.188,-5.812,-34.688
15593597,BNO_MAG_UC,996,-5600,0,48.250,-11.750,-81.688,6.188,-5.812,-34.688
15615142,BNO_MAG_UC,997,-5700,0,46.438,-12.125,-82.562,6.188,-5.812,-34.688
15624384,BNO_MAG_UC,998,-5600,0,46.438,-12.125,-83.438,6.188,-5.812,-34.688
15634108,BNO_MAG_UC,999,-4900,0,46.062,-12.125,-83.062,6.188,-5.812,-34.688
15663897,BNO_MAG_UC,1000,-4900,0,47.188,-11.750,-82.562,6.188,-5.812,-34.688
15695009,BNO_MAG_UC,1001,-5300,0,46.438,-10.375,-83.062,6.188,-5.812,-34.688
15703458,BNO_MAG_UC,1002,-4500,0,45.375,-9.312,-82.125,6.188,-5.812,-34.688
15714653,BNO_MAG_UC,1003,-5800,0,46.812,-8.250,-82.125,6.188,-5.812,-34.688
15724284,BNO_MAG_UC,1004,-5100,0,46.875,-6.812,-81.750,6.188,-5.812,-34.688
15743744,BNO_MAG_UC,1005,-4900,0,47.625,-3.625,-82.188,6.188,-5.812,-34.688
15754690,BNO_MAG_UC,1006,-5800,0,48.000,-4.000,-81.312,6.188,-5.812,-34.688
15783557,BNO_MAG_UC,1007,-4300,0,49.812,-1.188,-77.250,6.188,-5.812,-34.688
15794947,BNO_MAG_UC,1008,-6000,0,49.812,-0.812,-75.500,6.188,-5.812,-34.688
15804397,BNO_MAG_UC,1009,-4900,0,49.750,-2.625,-73.250,6.188,-5.812,-34.688
15824570,BNO_MAG_UC,1010,-4700,0,50.875,-1.188,-71.000,6.188,-5.812,-34.688
15834456,BNO_MAG_UC,1011,-5300,0,49.000,-4.062,-70.500,6.188,-5.812,-34.688
15844589,BNO_MAG_UC,1012,-5300,0,47.500,-5.125,-68.312,6.188,-5.812,-34.688
15864017,BNO_MAG_UC,1013,-4900,0,45.688,-4.812,-67.875,6.188,-5.812,-34.688
15875170,BNO_MAG_UC,1014,-5800,0,45.688,-5.500,-67.375,6.188,-5.812,-34.688
15884535,BNO_MAG_UC,1015,-4700,0,46.062,-4.812,-67.375,6.188,-5.812,-34.688
15904101,BNO_MAG_UC,1016,-4900,0,44.188,-4.812,-67.875,6.188,-5.812,-34.688
15915285,BNO_MAG_UC,1017,-5800,0,44.188,-4.125,-67.875,6.188,-5.812,-34.688
15924718,BNO_MAG_UC,1018,-5100,0,43.500,-3.438,-67.375,6.188,-5.812,-34.688
15944053,BNO_MAG_UC,1019,-4900,0,42.750,-2.000,-66.500,6.188,-5.812,-34.688
15954512,BNO_MAG_UC,1020,-5800,0,42.375,-2.000,-66.938,6.188,-5.812,-34.688
15965567,BNO_MAG_UC,1021,-5800,0,42.375,-1.688,-65.562,6.188,-5.812,-34.688
15984185,BNO_MAG_UC,1022,-4900,0,42.750,-0.625,-66.938,6.188,-5.812,-34.688
15995445,BNO_MAG_UC,1023,-5800,0,43.875,-0.250,-65.625,6.188,-5.812,-34.688
16005041,BNO_MAG_UC,1024,-4900,0,43.125,0.125,-67.438,6.188,-5.812,-34.688
16024130,BNO_MAG_UC,1025,-4500,0,43.125,0.750,-64.750,6.188,-5.812,-34.688
16035614,BNO_MAG_UC,1026,-6000,0,43.125,0.750,-67.438,6.188,-5.812,-34.688
16045071,BNO_MAG_UC,1027,-4700,0,44.250,0.125,-67.438,6.188,-5.812,-34.688
16065107,BNO_MAG_UC,1028,-5400,0,44.625,0.500,-65.188,6.188,-5.812,-34.688
16074552,BNO_MAG_UC,1029,-5400,0,43.875,1.062,-64.250,6.188,-5.812,-34.688
16085597,BNO_MAG_UC,1030,-5800,0,44.625,1.062,-64.750,6.188,-5.812,-34.688
16105693,BNO_MAG_UC,1031,-6000,0,46.812,1.812,-64.750,6.188,-5.812,-34.688
16114464,BNO_MAG_UC,1032,-4500,0,46.062,2.125,-64.312,6.188,-5.812,-34.688
16125484,BNO_MAG_UC,1033,-5600,0,46.062,2.125,-64.750,6.188,-5.812,-34.688
16145516,BNO_MAG_UC,1034,-5800,0,47.188,1.438,-64.312,6.188,-5.812,-34.688
16154805,BNO_MAG_UC,1035,-5100,0,46.062,1.438,-64.750,6.188,-5.812,-34.688
16165740,BNO_MAG_UC,1036,-5800,0,46.438,0.500,-65.688,6.188,-5.812,-34.688
16185917,BNO_MAG_UC,1037,-6200,0,46.812,1.062,-64.750,6.188,-5.812,-34.688
16194807,BNO_MAG_UC,1038,-4700,0,46.062,1.438,-65.625,6.188,-5.812,-34.688
16205743,BNO_MAG_UC,1039,-5800,0,46.438,1.812,-67.000,6.188,-5.812,-34.688
16225696,BNO_MAG_UC,1040,-6000,0,45.750,2.500,-65.625,6.188,-5.812,-34.688
16235083,BNO_MAG_UC,1041,-4700,0,46.062,1.438,-64.750,6.188,-5.812,-34.688
16246108,BNO_MAG_UC,1042,-6000,0,46.438,1.750,-64.312,6.188,-5.812,-34.688
16266124,BNO_MAG_UC,1043,-6000,0,46.812,0.750,-64.250,6.188,-5.812,-34.688
16275318,BNO_MAG_UC,1044,-4900,0,46.062,1.750,-63.875,6.188,-5.812,-34.688
16286225,BNO_MAG_UC,1045,-6000,0,47.562,0.812,-64.750,6.188,-5.812,-34.688
16306113,BNO_MAG_UC,1046,-5800,0,47.188,1.438,-65.625,6.188,-5.812,-34.688
16315277,BNO_MAG_UC,1047,-4500,0,46.438,1.062,-64.750,6.188,-5.812,-34.688
16326295,BNO_MAG_UC,1048,-6000,0,46.438,1.438,-66.562,6.188,-5.812,-34.688
16346113,BNO_MAG_UC,1049,-6000,0,47.562,2.875,-66.125,6.188,-5.812,-34.688
16355308,BNO_MAG_UC,1050,-4700,0,47.188,1.438,-65.625,6.188,-5.812,-34.688
16386699,BNO_MAG_UC,1051,-5300,0,49.000,1.125,-64.750,6.188,-5.812,-34.688
16395547,BNO_MAG_UC,1052,-5100,0,46.812,2.125,-64.312,6.188,-5.812,-34.688
16426890,BNO_MAG_UC,1053,-5300,0,46.438,1.438,-65.625,6.188,-5.812,-34.688
16435729,BNO_MAG_UC,1054,-5100,0,47.562,0.500,-65.250,6.188,-5.812,-34.688
16466488,BNO_MAG_UC,1055,-6000,0,47.188,1.062,-65.250,6.188,-5.812,-34.688
16475892,BNO_MAG_UC,1056,-4700,0,47.562,1.438,-64.312,6.188,-5.812,-34.688
16485800,BNO_MAG_UC,1057,-5400,0,47.562,1.438,-64.312,6.188,-5.812,-34.688
16516184,BNO_MAG_UC,1058,-5100,0,47.188,1.062,-64.750,6.188,-5.812,-34.688
16526030,BNO_MAG_UC,1059,-5100,0,47.188,1.062,-65.250,6.188,-5.812,-34.688
16555915,BNO_MAG_UC,1060,-4700,0,47.562,1.438,-63.438,6.188,-5.812,-34.688
16596073,BNO_MAG_UC,1061,-4700,0,46.062,1.062,-63.875,6.188,-5.812,-34.688
16605546,BNO_MAG_UC,1062,-5300,0,46.062,1.062,-63.875,6.188,-5.812,-34.688
16636080,BNO_MAG_UC,1063,-5300,0,45.000,1.062,-65.625,6.188,-5.812,-34.688
16667305,BNO_MAG_UC,1064,-5300,0,45.000,1.062,-64.750,6.188,-5.812,-34.688
16676486,BNO_MAG_UC,1065,-5400,0,44.938,0.500,-65.188,6.188,-5.812,-34.688
16686391,BNO_MAG_UC,1066,-5100,0,44.562,0.125,-64.750,6.188,-5.812,-34.688
16715842,BNO_MAG_UC,1067,-4500,0,44.938,-0.938,-63.375,6.188,-5.812,-34.688
16726775,BNO_MAG_UC,1068,-5600,0,43.875,-0.625,-64.250,6.188,-5.812,-34.688
16736496,BNO_MAG_UC,1069,-5100,0,44.938,-0.250,-66.062,6.188,-5.812,-34.688
16755673,BNO_MAG_UC,1070,-4700,0,45.312,-0.250,-63.375,6.188,-5.812,-34.688
16766906,BNO_MAG_UC,1071,-6000,0,44.188,-1.312,-64.750,6.188,-5.812,-34.688
16776617,BNO_MAG_UC,1072,-5100,0,44.250,-0.938,-66.938,6.188,-5.812,-34.688
16796130,BNO_MAG_UC,1073,-4900,0,44.188,-0.250,-64.250,6.188,-5.812,-34.688
16807200,BNO_MAG_UC,1074,-6000,0,43.500,-0.625,-65.562,6.188,-5.812,-34.688
16816685,BNO_MAG_UC,1075,-5100,0,44.250,-0.562,-65.188,6.188,-5.812,-34.688
16836052,BNO_MAG_UC,1076,-4900,0,44.188,-0.938,-63.875,6.188,-5.812,-34.688
16847183,BNO_MAG_UC,1077,-6000,0,44.250,-0.250,-64.750,6.188,-5.812,-34.688
16856938,BNO_MAG_UC,1078,-4900,0,43.500,-0.938,-64.688,6.188,-5.812,-34.688
16876141,BNO_MAG_UC,1079,-4900,0,44.562,-0.938,-65.625,6.188,-5.812,-34.688
16887414,BNO_MAG_UC,1080,-6000,0,42.375,0.062,-64.250,6.188,-5.812,-34.688
16896852,BNO_MAG_UC,1081,-4900,0,44.562,-0.250,-65.125,6.188,-5.812,-34.688
16916530,BNO_MAG_UC,1082,-5100,0,44.562,-0.562,-64.750,6.188,-5.812,-34.688
16927710,BNO_MAG_UC,1083,-6000,0,44.250,-0.250,-66.062,6.188,-5.812,-34.688
16936994,BNO_MAG_UC,1084,-4700,0,45.000,0.750,-66.062,6.188,-5.812,-34.688
16956162,BNO_MAG_UC,1085,-4500,0,44.625,-0.250,-65.625,6.188,-5.812,-34.688
16967377,BNO_MAG_UC,1086,-5800,0,44.250,-0.250,-66.062,6.188,-5.812,-34.688
16977030,BNO_MAG_UC,1087,-4900,0,43.812,-2.000,-65.125,6.188,-5.812,-34.688
16996935,BNO_MAG_UC,1088,-5300,0,44.188,-0.625,-64.750,6.188,-5.812,-34.688
17006391,BNO_MAG_UC,1089,-5300,0,44.250,-0.250,-64.750,6.188,-5.812,-34.688
17017381,BNO_MAG_UC,1090,-5600,0,43.875,-0.562,-65.625,6.188,-5.812,-34.688
17037138,BNO_MAG_UC,1091,-5400,0,45.312,-0.250,-65.688,6.188,-5.812,-34.688
17046753,BNO_MAG_UC,1092,-5300,0,43.500,-0.938,-63.812,6.188,-5.812,-34.688
17057784,BNO_MAG_UC,1093,-5800,0,44.188,-0.250,-64.250,6.188,-5.812,-34.688
17078066,BNO_MAG_UC,1094,-6100,0,43.875,-1.625,-66.062,6.188,-5.812,-34.688
17086732,BNO_MAG_UC,1095,-4900,0,43.875,-0.562,-66.062,6.188,-5.812,-34.688
17097665,BNO_MAG_UC,1096,-5800,0,44.625,0.125,-65.188,6.188,-5.812,-34.688
17117842,BNO_MAG_UC,1097,-6000,0,43.875,0.438,-64.250,6.188,-5.812,-34.688
17126773,BNO_MAG_UC,1098,-4700,0,44.562,-0.938,-64.250,6.188,-5.812,-34.688
17137818,BNO_MAG_UC,1099,-6000,0,43.125,-0.625,-64.250,6.188,-5.812,-34.688
17157738,BNO_MAG_UC,1100,-6000,0,44.938,0.125,-63.875,6.188,-5.812,-34.688
17167025,BNO_MAG_UC,1101,-5100,0,43.125,-0.250,-65.562,6.188,-5.812,-34.688
17178012,BNO_MAG_UC,1102,-6000,0,43.500,-0.250,-64.250,6.188,-5.812,-34.688
17198206,BNO_MAG_UC,1103,-6000,0,43.875,-0.250,-64.750,6.188,-5.812,-34.688
17207135,BNO_MAG_UC,1104,-4700,0,43.875,0.438,-64.250,6.188,-5.812,-34.688
17238062,BNO_MAG_UC,1105,-5100,0,44.562,-0.938,-66.062,6.188,-5.812,-34.688
17247352,BNO_MAG_UC,1106,-4900,0,43.875,-0.250,-65.188,6.188,-5.812,-34.688
17258291,BNO_MAG_UC,1107,-5800,0,44.562,-1.312,-66.062,6.188,-5.812,-34.688
17278171,BNO_MAG_UC,1108,-6000,0,44.625,0.125,-65.188,6.188,-5.812,-34.688
17287493,BNO_MAG_UC,1109,-4900,0,43.875,-0.625,-64.750,6.188,-5.812,-34.688
17318811,BNO_MAG_UC,1110,-5500,0,44.188,-0.938,-64.750,6.188,-5.812,-34.688
17327812,BNO_MAG_UC,1111,-5400,0,44.188,-0.250,-63.875,6.188,-5.812,-34.688
17358581,BNO_MAG_UC,1112,-6000,0,43.875,-2.000,-66.500,6.188,-5.812,-34.688
17367558,BNO_MAG_UC,1113,-4300,0,44.188,-2.688,-65.562,6.188,-5.812,-34.688
17398743,BNO_MAG_UC,1114,-4900,0,43.500,-2.375,-66.938,6.188,-5.812,-34.688
17407671,BNO_MAG_UC,1115,-4900,0,42.375,-2.750,-65.562,6.188,-5.812,-34.688
17438943,BNO_MAG_UC,1116,-5300,0,42.750,-3.062,-65.188,6.188,-5.812,-34.688
17447905,BNO_MAG_UC,1117,-5100,0,44.188,-4.500,-64.688,6.188,-5.812,-34.688
17458149,BNO_MAG_UC,1118,-5300,0,44.562,-3.750,-67.375,6.188,-5.812,-34.688
17488114,BNO_MAG_UC,1119,-4700,0,43.062,-4.812,-65.562,6.188,-5.812,-34.688
17498246,BNO_MAG_UC,1120,-5300,0,44.938,-4.125,-66.938,6.188,-5.812,-34.688
17528169,BNO_MAG_UC,1121,-4900,0,44.562,-5.188,-65.562,6.188,-5.812,-34.688
17537483,BNO_MAG_UC,1122,-5300,0,45.312,-3.750,-65.562,6.188,-5.812,-34.688
17568172,BNO_MAG_UC,1123,-4900,0,45.312,-4.438,-66.500,6.188,-5.812,-34.688
17578329,BNO_MAG_UC,1124,-5100,0,43.438,-4.812,-66.438,6.188,-5.812,-34.688
17608286,BNO_MAG_UC,1125,-5100,0,43.812,-4.500,-66.500,6.188,-5.812,-34.688
17648378,BNO_MAG_UC,1126,-4900,0,44.188,-4.125,-66.062,6.188,-5.812,-34.688
17658564,BNO_MAG_UC,1127,-5400,0,44.188,-4.500,-65.562,6.188,-5.812,-34.688
17668444,BNO_MAG_UC,1128,-5400,0,43.438,-4.125,-67.875,6.188,-5.812,-34.688
17687729,BNO_MAG_UC,1129,-4500,0,44.188,-5.562,-65.188,6.188,-5.812,-34.688
17698957,BNO_MAG_UC,1130,-6000,0,44.188,-3.750,-66.938,6.188,-5.812,-34.688
17708664,BNO_MAG_UC,1131,-5100,0,44.562,-4.812,-66.500,6.188,-5.812,-34.688
17727823,BNO_MAG_UC,1132,-4500,0,44.938,-4.812,-66.062,6.188,-5.812,-34.688
17739268,BNO_MAG_UC,1133,-5800,0,43.812,-4.500,-66.500,6.188,-5.812,-34.688
17748733,BNO_MAG_UC,1134,-4900,0,44.562,-3.750,-66.938,6.188,-5.812,-34.688
17768750,BNO_MAG_UC,1135,-5400,0,44.938,-5.188,-66.500,6.188,-5.812,-34.688
17778786,BNO_MAG_UC,1136,-5400,0,44.938,-5.188,-66.938,6.188,-5.812,-34.688
17788859,BNO_MAG_UC,1137,-5400,0,44.188,-5.500,-67.375,6.188,-5.812,-34.688
17808094,BNO_MAG_UC,1138,-4700,0,43.438,-3.750,-66.938,6.188,-5.812,-34.688
17819375,BNO_MAG_UC,1139,-5800,0,44.938,-4.438,-66.062,6.188,-5.812,-34.688
17828841,BNO_MAG_UC,1140,-4900,0,44.188,-4.125,-66.500,6.188,-5.812,-34.688
17848334,BNO_MAG_UC,1141,-4900,0,44.562,-4.812,-66.938,6.188,-5.812,-34.688
17859501,BNO_MAG_UC,1142,-5800,0,44.562,-4.812,-66.062,6.188,-5.812,-34.688
17868974,BNO_MAG_UC,1143,-5100,0,44.562,-4.812,-66.938,6.188,-5.812,-34.688
17888918,BNO_MAG_UC,1144,-5300,0,44.938,-4.125,-68.250,6.188,-5.812,-34.688
17899210,BNO_MAG_UC,1145,-5600,0,45.688,-4.438,-66.062,6.188,-5.812,-34.688
17909141,BNO_MAG_UC,1146,-5400,0,46.062,-4.812,-66.938,6.188,-5.812,-34.688
17928475,BNO_MAG_UC,1147,-4900,0,45.688,-4.812,-68.250,6.188,-5.812,-34.688
17938983,BNO_MAG_UC,1148,-5600,0,47.125,-4.438,-67.438,6.188,-5.812,-34.688
17950036,BNO_MAG_UC,1149,-5800,0,45.688,-3.375,-67.438,6.188,-5.812,-34.688
17969221,BNO_MAG_UC,1150,-5400,0,47.500,-2.688,-67.438,6.188,-5.812,-34.688
17978548,BNO_MAG_UC,1151,-5300,0,47.875,-3.375,-67.875,6.188,-5.812,-34.688
17989457,BNO_MAG_UC,1152,-5600,0,47.188,-3.000,-68.312,6.188,-5.812,-34.688
18009613,BNO_MAG_UC,1153,-5800,0,46.062,-4.062,-69.688,6.188,-5.812,-34.688
18018792,BNO_MAG_UC,1154,-4900,0,47.562,-4.062,-70.500,6.188,-5.812,-34.688
18029856,BNO_MAG_UC,1155,-5600,0,47.562,-2.625,-71.000,6.188,-5.812,-34.688
18049716,BNO_MAG_UC,1156,-6000,0,46.812,-3.000,-72.812,6.188,-5.812,-34.688
18059025,BNO_MAG_UC,1157,-4700,0,47.938,-2.625,-71.438,6.188,-5.812,-34.688
18070052,BNO_MAG_UC,1158,-5800,0,47.188,-2.312,-71.000,6.188,-5.812,-34.688
18090042,BNO_MAG_UC,1159,-6000,0,46.062,-3.688,-72.312,6.188,-5.812,-34.688
18099004,BNO_MAG_UC,1160,-4900,0,47.562,-3.000,-73.188,6.188,-5.812,-34.688
18109974,BNO_MAG_UC,1161,-5800,0,47.188,-4.062,-73.688,6.188,-5.812,-34.688
18130282,BNO_MAG_UC,1162,-6200,0,46.500,-2.625,-74.125,6.188,-5.812,-34.688
18139133,BNO_MAG_UC,1163,-4900,0,47.188,-3.688,-75.000,6.188,-5.812,-34.688
18150194,BNO_MAG_UC,1164,-5800,0,46.812,-3.312,-75.500,6.188,-5.812,-34.688
18170248,BNO_MAG_UC,1165,-6200,0,47.188,-4.375,-75.000,6.188,-5.812,-34.688
18179408,BNO_MAG_UC,1166,-4700,0,47.562,-3.688,-77.250,6.188,-5.812,-34.688
18190298,BNO_MAG_UC,1167,-5800,0,47.562,-4.000,-76.375,6.188,-5.812,-34.688
18210242,BNO_MAG_UC,1168,-6000,0,46.812,-4.375,-76.812,6.188,-5.812,-34.688
18219511,BNO_MAG_UC,1169,-4900,0,47.188,-3.688,-75.500,6.188,-5.812,-34.688
18250364,BNO_MAG_UC,1170,-6000,0,47.562,-4.375,-76.375,6.188,-5.812,-34.688
18259678,BNO_MAG_UC,1171,-4700,0,46.875,-3.688,-76.375,6.188,-5.812,-34.688
18270591,BNO_MAG_UC,1172,-5800,0,47.188,-3.312,-75.875,6.188,-5.812,-34.688
18290272,BNO_MAG_UC,1173,-6000,0,46.125,-4.375,-76.375,6.188,-5.812,-34.688
18299645,BNO_MAG_UC,1174,-4500,0,46.812,-4.750,-75.500,6.188,-5.812,-34.688
18330971,BNO_MAG_UC,1175,-6200,0,47.188,-4.062,-76.375,6.188,-5.812,-34.688
18339989,BNO_MAG_UC,1176,-4900,0,46.438,-4.750,-75.875,6.188,-5.812,-34.688
18371048,BNO_MAG_UC,1177,-6200,0,46.438,-4.750,-75.875,6.188,-5.812,-34.688
18380173,BNO_MAG_UC,1178,-4900,0,47.188,-5.438,-76.375,6.188,-5.812,-34.688
18410950,BNO_MAG_UC,1179,-5600,0,46.125,-4.750,-78.188,6.188,-5.812,-34.688
18420085,BNO_MAG_UC,1180,-5100,0,47.188,-3.688,-76.375,6.188,-5.812,-34.688
18430377,BNO_MAG_UC,1181,-5400,0,46.500,-4.375,-76.375,6.188,-5.812,-34.688
18451146,BNO_MAG_UC,1182,-6000,0,46.500,-4.062,-77.688,6.188,-5.812,-34.688
18460340,BNO_MAG_UC,1183,-4900,0,45.000,-4.375,-78.562,6.188,-5.812,-34.688
18470419,BNO_MAG_UC,1184,-5300,0,46.125,-5.125,-76.812,6.188,-5.812,-34.688
18500323,BNO_MAG_UC,1185,-4700,0,46.438,-6.125,-76.812,6.188,-5.812,-34.688
18510582,BNO_MAG_UC,1186,-5600,0,46.500,-5.125,-77.250,6.188,-5.812,-34.688
18540511,BNO_MAG_UC,1187,-5100,0,46.062,-6.500,-77.188,6.188,-5.812,-34.688
18550557,BNO_MAG_UC,1188,-5300,0,46.438,-5.812,-77.688,6.188,-5.812,-34.688
18580417,BNO_MAG_UC,1189,-5100,0,45.688,-6.875,-77.188,6.188,-5.812,-34.688
18590623,BNO_MAG_UC,1190,-5300,0,45.312,-7.250,-76.812,6.188,-5.812,-34.688
18620537,BNO_MAG_UC,1191,-5100,0,45.688,-8.625,-78.062,6.188,-5.812,-34.688
18630637,BNO_MAG_UC,1192,-5300,0,45.312,-9.000,-77.688,6.188,-5.812,-34.688
18640652,BNO_MAG_UC,1193,-5300,0,46.438,-10.000,-78.125,6.188,-5.812,-34.688
18660314,BNO_MAG_UC,1194,-5100,0,46.062,-10.062,-76.812,6.188,-5.812,-34.688
18691619,BNO_MAG_UC,1195,-5300,0,46.062,-11.125,-76.312,6.188,-5.812,-34.688
18700005,BNO_MAG_UC,1196,-4200,0,46.375,-11.438,-76.312,6.188,-5.812,-34.688
18711234,BNO_MAG_UC,1197,-5800,0,45.312,-12.188,-77.188,6.188,-5.812,-34.688
18720884,BNO_MAG_UC,1198,-5100,0,46.375,-12.188,-76.312,6.188,-5.812,-34.688
18740045,BNO_MAG_UC,1199,-4700,0,46.750,-13.562,-76.312,6.188,-5.812,-34.688
18751399,BNO_MAG_UC,1200,-6000,0,46.000,-13.938,-75.438,6.188,-5.812,-34.688
18760866,BNO_MAG_UC,1201,-4900,0,47.125,-13.562,-75.875,6.188,-5.812,-34.688
18780915,BNO_MAG_UC,1202,-4500,0,47.812,-13.938,-72.750,6.188,-5.812,-34.688
18791069,BNO_MAG_UC,1203,-5400,0,47.125,-12.875,-73.625,6.188,-5.812,-34.688
18800982,BNO_MAG_UC,1204,-5400,0,47.812,-14.625,-72.750,6.188,-5.812,-34.688
18820901,BNO_MAG_UC,1205,-5100,0,48.188,-14.625,-72.250,6.188,-5.812,-34.688
18831751,BNO_MAG_UC,1206,-5600,0,48.562,-15.000,-71.375,6.188,-5.812,-34.688
18841128,BNO_MAG_UC,1207,-4900,0,48.938,-14.250,-71.875,6.188,-5.812,-34.688
18860649,BNO_MAG_UC,1208,-4900,0,47.438,-13.250,-70.500,6.188,-5.812,-34.688
18871586,BNO_MAG_UC,1209,-5800,0,47.438,-13.938,-73.625,6.188,-5.812,-34.688
18881221,BNO_MAG_UC,1210,-4500,0,47.438,-14.250,-73.625,6.188,-5.812,-34.688
18901548,BNO_MAG_UC,1211,-5800,0,46.750,-13.938,-74.062,6.188,-5.812,-34.688
18910709,BNO_MAG_UC,1212,-4900,0,47.875,-12.875,-75.438,6.188,-5.812,-34.688
18921500,BNO_MAG_UC,1213,-5400,0,46.375,-13.250,-74.938,6.188,-5.812,-34.688
18941785,BNO_MAG_UC,1214,-6000,0,46.750,-11.125,-74.562,6.188,-5.812,-34.688
18950830,BNO_MAG_UC,1215,-4900,0,47.562,-9.688,-78.062,6.188,-5.812,-34.688
18981680,BNO_MAG_UC,1216,-5100,0,46.812,-7.562,-75.000,6.188,-5.812,-34.688
18990954,BNO_MAG_UC,1217,-5100,0,46.438,-7.562,-75.000,6.188,-5.812,-34.688
19021895,BNO_MAG_UC,1218,-5100,0,46.438,-4.062,-73.688,6.188,-5.812,-34.688
19030970,BNO_MAG_UC,1219,-5100,0,47.562,-4.062,-73.688,6.188,-5.812,-34.688
19061949,BNO_MAG_UC,1220,-4600,0,47.875,-3.688,-69.250,6.188,-5.812,-34.688
19071399,BNO_MAG_UC,1221,-5300,0,48.625,-5.125,-68.312,6.188,-5.812,-34.688
19082174,BNO_MAG_UC,1222,-5800,0,48.250,-3.375,-68.375,6.188,-5.812,-34.688
19102216,BNO_MAG_UC,1223,-6000,0,46.000,-4.812,-66.500,6.188,-5.812,-34.688
19111558,BNO_MAG_UC,1224,-4900,0,44.938,-5.875,-65.562,6.188,-5.812,-34.688
19122613,BNO_MAG_UC,1225,-6000,0,45.312,-5.188,-67.000,6.188,-5.812,-34.688
19142353,BNO_MAG_UC,1226,-6000,0,44.188,-6.250,-65.562,6.188,-5.812,-34.688
19151647,BNO_MAG_UC,1227,-4700,0,44.188,-5.500,-66.062,6.188,-5.812,-34.688
19162590,BNO_MAG_UC,1228,-6000,0,43.438,-5.188,-66.062,6.188,-5.812,-34.688
19182677,BNO_MAG_UC,1229,-6200,0,43.812,-5.188,-65.625,6.188,-5.812,-34.688
19191685,BNO_MAG_UC,1230,-4500,0,43.062,-4.125,-66.062,6.188,-5.812,-34.688
19202657,BNO_MAG_UC,1231,-5800,0,42.375,-3.438,-65.625,6.188,-5.812,-34.688
19222632,BNO_MAG_UC,1232,-6200,0,43.812,-3.062,-65.625,6.188,-5.812,-34.688
19231780,BNO_MAG_UC,1233,-4700,0,43.812,-1.688,-63.812,6.188,-5.812,-34.688
19242397,BNO_MAG_UC,1234,-5600,0,43.812,-1.688,-63.812,6.188,-5.812,-34.688
19262810,BNO_MAG_UC,1235,-6200,0,44.562,-2.000,-65.188,6.188,-5.812,-34.688
19271961,BNO_MAG_UC,1236,-4900,0,44.938,-0.938,-63.875,6.188,-5.812,-34.688
19282960,BNO_MAG_UC,1237,-5800,0,44.938,-0.562,-65.188,6.188,-5.812,-34.688
19302731,BNO_MAG_UC,1238,-6000,0,46.438,-0.562,-64.750,6.188,-5.812,-34.688
19312013,BNO_MAG_UC,1239,-4700,0,45.688,-0.250,-64.250,6.188,-5.812,-34.688
19342891,BNO_MAG_UC,1240,-6000,0,46.812,0.125,-64.750,6.188,-5.812,-34.688
19351992,BNO_MAG_UC,1241,-4300,0,46.812,0.500,-64.750,6.188,-5.812,-34.688
19383469,BNO_MAG_UC,1242,-5700,0,46.438,-1.625,-65.188,6.188,-5.812,-34.688
19392518,BNO_MAG_UC,1243,-5100,0,47.562,0.125,-63.875,6.188,-5.812,-34.688
19402501,BNO_MAG_UC,1244,-5300,0,46.812,0.125,-65.250,6.188,-5.812,-34.688
19432300,BNO_MAG_UC,1245,-4900,0,48.250,0.125,-63.875,6.188,-5.812,-34.688
19463950,BNO_MAG_UC,1246,-5900,0,48.250,-0.562,-64.750,6.188,-5.812,-34.688
19472813,BNO_MAG_UC,1247,-5100,0,47.875,-0.562,-65.250,6.188,-5.812,-34.688
19482570,BNO_MAG_UC,1248,-4900,0,48.250,0.812,-64.375,6.188,-5.812,-34.688
19492745,BNO_MAG_UC,1249,-5600,0,48.312,0.188,-66.562,6.188,-5.812,-34.688
19512485,BNO_MAG_UC,1250,-5300,0,48.250,-1.250,-65.250,6.188,-5.812,-34.688
19543892,BNO_MAG_UC,1251,-5500,0,48.250,0.125,-64.750,6.188,-5.812,-34.688
19553005,BNO_MAG_UC,1252,-5100,0,47.938,-0.188,-65.250,6.188,-5.812,-34.688
19562843,BNO_MAG_UC,1253,-5100,0,49.375,-0.188,-64.750,6.188,-5.812,-34.688
19592373,BNO_MAG_UC,1254,-4700,0,48.625,0.812,-64.750,6.188,-5.812,-34.688
19603399,BNO_MAG_UC,1255,-6000,0,49.000,-0.188,-63.875,6.188,-5.812,-34.688
19612968,BNO_MAG_UC,1256,-5100,0,48.250,-0.562,-65.250,6.188,-5.812,-34.688
19632142,BNO_MAG_UC,1257,-4500,0,47.875,-0.188,-64.375,6.188,-5.812,-34.688
19643318,BNO_MAG_UC,1258,-5800,0,48.625,0.188,-65.250,6.188,-5.812,-34.688
19652954,BNO_MAG_UC,1259,-5100,0,47.875,-0.938,-64.750,6.188,-5.812,-34.688
19672131,BNO_MAG_UC,1260,-4500,0,49.000,-0.188,-64.750,6.188,-5.812,-34.688
19683472,BNO_MAG_UC,1261,-5800,0,47.875,-0.938,-65.250,6.188,-5.812,-34.688
19713626,BNO_MAG_UC,1262,-5300,0,48.625,-0.875,-65.250,6.188,-5.812,-34.688
19723145,BNO_MAG_UC,1263,-5300,0,49.000,-1.625,-65.688,6.188,-5.812,-34.688
19733133,BNO_MAG_UC,1264,-5600,0,49.375,-1.625,-65.250,6.188,-5.812,-34.688
19752289,BNO_MAG_UC,1265,-4500,0,49.000,-1.938,-64.750,6.188,-5.812,-34.688
19763610,BNO_MAG_UC,1266,-6200,0,48.250,-1.250,-64.375,6.188,-5.812,-34.688
19773256,BNO_MAG_UC,1267,-5100,0,48.625,-1.250,-64.312,6.188,-5.812,-34.688
19792602,BNO_MAG_UC,1268,-4700,0,48.250,-0.188,-64.375,6.188,-5.812,-34.688
19803966,BNO_MAG_UC,1269,-5800,0,49.000,-0.875,-64.750,6.188,-5.812,-34.688
19813359,BNO_MAG_UC,1270,-4700,0,48.625,-0.562,-64.750,6.188,-5.812,-34.688
19833547,BNO_MAG_UC,1271,-5100,0,49.000,-0.188,-64.375,6.188,-5.812,-34.688
19842825,BNO_MAG_UC,1272,-5400,0,48.250,-0.562,-64.312,6.188,-5.812,-34.688
19853834,BNO_MAG_UC,1273,-5800,0,48.250,-1.250,-65.688,6.188,-5.812,-34.688
19873275,BNO_MAG_UC,1274,-5400,0,49.000,-1.625,-65.250,6.188,-5.812,-34.688
19882891,BNO_MAG_UC,1275,-5400,0,48.625,-0.875,-64.750,6.188,-5.812,-34.688
19893791,BNO_MAG_UC,1276,-5600,0,48.625,-0.875,-64.750,6.188,-5.812,-34.688
19914139,BNO_MAG_UC,1277,-6400,0,48.250,0.125,-65.250,6.188,-5.812,-34.688
19922905,BNO_MAG_UC,1278,-4900,0,47.188,0.500,-65.688,6.188,-5.812,-34.688
19954240,BNO_MAG_UC,1279,-5100,0,46.438,0.125,-63.375,6.188,-5.812,-34.688
19963035,BNO_MAG_UC,1280,-4900,0,46.812,-1.250,-65.688,6.188,-5.812,-34.688
19974042,BNO_MAG_UC,1281,-5800,0,47.562,0.125,-65.250,6.188,-5.812,-34.688
19994301,BNO_MAG_UC,1282,-6200,0,46.812,1.750,-64.375,6.188,-5.812,-34.688
20003297,BNO_MAG_UC,1283,-4500,0,45.688,-0.562,-65.688,6.188,-5.812,-34.688
20033763,BNO_MAG_UC,1284,-4700,0,44.938,0.125,-64.750,6.188,-5.812,-34.688
20043371,BNO_MAG_UC,1285,-5100,0,45.688,0.750,-64.750,6.188,-5.812,-34.688
20074619,BNO_MAG_UC,1286,-5200,0,45.000,-0.562,-67.438,6.188,-5.812,-34.688
20083690,BNO_MAG_UC,1287,-5300,0,45.000,-0.250,-66.562,6.188,-5.812,-34.688
20094760,BNO_MAG_UC,1288,-5800,0,44.250,-0.250,-68.312,6.188,-5.812,-34.688
20114493,BNO_MAG_UC,1289,-6000,0,43.500,-0.625,-66.062,6.188,-5.812,-34.688
20123828,BNO_MAG_UC,1290,-4900,0,43.500,-1.312,-65.188,6.188,-5.812,-34.688
20134822,BNO_MAG_UC,1291,-6000,0,43.875,-1.312,-66.562,6.188,-5.812,-34.688
20154686,BNO_MAG_UC,1292,-6200,0,43.125,-1.625,-66.500,6.188,-5.812,-34.688
20163841,BNO_MAG_UC,1293,-4500,0,42.750,-3.062,-66.062,6.188,-5.812,-34.688
20174856,BNO_MAG_UC,1294,-6000,0,43.062,-3.062,-65.625,6.188,-5.812,-34.688
20194808,BNO_MAG_UC,1295,-6200,0,42.000,-3.812,-65.188,6.188,-5.812,-34.688
20203998,BNO_MAG_UC,1296,-4700,0,43.062,-4.500,-66.500,6.188,-5.812,-34.688
20214973,BNO_MAG_UC,1297,-6000,0,42.750,-3.750,-67.875,6.188,-5.812,-34.688
20234824,BNO_MAG_UC,1298,-6200,0,42.750,-4.500,-67.000,6.188,-5.812,-34.688
20243961,BNO_MAG_UC,1299,-4500,0,43.812,-4.812,-65.188,6.188,-5.812,-34.688
20274982,BNO_MAG_UC,1300,-4900,0,42.688,-5.562,-67.375,6.188,-5.812,-34.688
20284147,BNO_MAG_UC,1301,-4900,0,44.562,-5.188,-68.312,6.188,-5.812,-34.688
20294346,BNO_MAG_UC,1302,-5100,0,44.188,-5.500,-69.188,6.188,-5.812,-34.688
20315018,BNO_MAG_UC,1303,-6000,0,44.188,-4.812,-68.750,6.188,-5.812,-34.688
20324504,BNO_MAG_UC,1304,-4900,0,44.562,-6.562,-67.375,6.188,-5.812,-34.688
20334558,BNO_MAG_UC,1305,-5400,0,45.312,-5.875,-68.750,6.188,-5.812,-34.688
20364330,BNO_MAG_UC,1306,-4900,0,46.062,-4.438,-70.125,6.188,-5.812,-34.688
20404479,BNO_MAG_UC,1307,-5100,0,47.938,-4.375,-71.438,6.188,-5.812,-34.688
20414619,BNO_MAG_UC,1308,-5100,0,47.188,-3.375,-71.438,6.188,-5.812,-34.688
20424759,BNO_MAG_UC,1309,-5400,0,47.188,-2.312,-73.312,6.188,-5.812,-34.688
20443995,BNO_MAG_UC,1310,-4900,0,48.312,-3.000,-74.188,6.188,-5.812,-34.688
20455022,BNO_MAG_UC,1311,-5800,0,47.938,-3.000,-73.688,6.188,-5.812,-34.688
20484308,BNO_MAG_UC,1312,-4700,0,48.000,-1.938,-76.875,6.188,-5.812,-34.688
20524129,BNO_MAG_UC,1313,-4700,0,47.562,-3.688,-77.688,6.188,-5.812,-34.688
20535319,BNO_MAG_UC,1314,-5800,0,48.312,-2.938,-77.312,6.188,-5.812,-34.688
20544805,BNO_MAG_UC,1315,-4900,0,47.625,-3.312,-77.750,6.188,-5.812,-34.688
20564542,BNO_MAG_UC,1316,-5100,0,48.000,-4.000,-79.938,6.188,-5.812,-34.688
20575582,BNO_MAG_UC,1317,-6000,0,47.625,-4.000,-79.938,6.188,-5.812,-34.688
20584971,BNO_MAG_UC,1318,-4900,0,49.062,-5.062,-79.938,6.188,-5.812,-34.688
20604265,BNO_MAG_UC,1319,-4700,0,47.938,-5.438,-80.875,6.188,-5.812,-34.688
20615411,BNO_MAG_UC,1320,-5600,0,47.625,-6.438,-82.625,6.188,-5.812,-34.688
20625203,BNO_MAG_UC,1321,-5300,0,46.875,-5.750,-82.625,6.188,-5.812,-34.688
20644548,BNO_MAG_UC,1322,-4900,0,48.312,-7.188,-82.188,6.188,-5.812,-34.688
20655805,BNO_MAG_UC,1323,-6000,0,47.938,-7.500,-81.312,6.188,-5.812,-34.688
20665275,BNO_MAG_UC,1324,-4900,0,48.688,-7.875,-83.062,6.188,-5.812,-34.688
20684459,BNO_MAG_UC,1325,-4700,0,47.938,-7.875,-82.188,6.188,-5.812,-34.688
20695718,BNO_MAG_UC,1326,-5600,0,47.938,-9.312,-81.750,6.188,-5.812,-34.688
20705274,BNO_MAG_UC,1327,-4900,0,49.438,-8.938,-83.938,6.188,-5.812,-34.688
20725239,BNO_MAG_UC,1328,-5400,0,47.188,-10.312,-84.375,6.188,-5.812,-34.688
20735459,BNO_MAG_UC,1329,-5400,0,47.562,-11.062,-83.062,6.188,-5.812,-34.688
20745383,BNO_MAG_UC,1330,-5400,0,46.438,-10.688,-83.500,6.188,-5.812,-34.688
20764538,BNO_MAG_UC,1331,-4500,0,48.250,-12.438,-82.188,6.188,-5.812,-34.688
20775739,BNO_MAG_UC,1332,-5600,0,47.562,-11.438,-82.625,6.188,-5.812,-34.688
20785516,BNO_MAG_UC,1333,-4900,0,47.938,-11.750,-83.938,6.188,-5.812,-34.688
20805855,BNO_MAG_UC,1334,-6000,0,47.562,-11.062,-83.938,6.188,-5.812,-34.688
20814831,BNO_MAG_UC,1335,-4700,0,47.562,-13.188,-83.938,6.188,-5.812,-34.688
20845974,BNO_MAG_UC,1336,-5100,0,47.938,-12.438,-83.500,6.188,-5.812,-34.688
20854985,BNO_MAG_UC,1337,-5100,0,47.562,-11.750,-83.938,6.188,-5.812,-34.688
20885772,BNO_MAG_UC,1338,-5100,0,47.562,-12.812,-83.500,6.188,-5.812,-34.688
20895053,BNO_MAG_UC,1339,-5300,0,47.938,-12.125,-83.062,6.188,-5.812,-34.688
20906117,BNO_MAG_UC,1340,-5800,0,47.562,-11.062,-83.938,6.188,-5.812,-34.688
20926270,BNO_MAG_UC,1341,-6200,0,47.562,-11.375,-83.500,6.188,-5.812,-34.688
20935393,BNO_MAG_UC,1342,-4900,0,47.938,-12.125,-83.062,6.188,-5.812,-34.688
20966448,BNO_MAG_UC,1343,-6200,0,47.938,-10.312,-83.062,6.188,-5.812,-34.688
20975498,BNO_MAG_UC,1344,-4700,0,47.938,-11.375,-83.500,6.188,-5.812,-34.688
20986403,BNO_MAG_UC,1345,-5800,0,47.938,-12.812,-83.938,6.188,-5.812,-34.688
21006527,BNO_MAG_UC,1346,-6000,0,47.188,-12.812,-83.062,6.188,-5.812,-34.688
21015632,BNO_MAG_UC,1347,-4700,0,46.812,-12.812,-83.500,6.188,-5.812,-34.688
21026658,BNO_MAG_UC,1348,-5800,0,47.938,-12.812,-83.500,6.188,-5.812,-34.688
21046629,BNO_MAG_UC,1349,-6200,0,47.188,-12.438,-83.062,6.188,-5.812,-34.688
21055792,BNO_MAG_UC,1350,-4900,0,47.938,-11.375,-82.562,6.188,-5.812,-34.688
21066814,BNO_MAG_UC,1351,-6000,0,47.188,-12.125,-83.062,6.188,-5.812,-34.688
21086736,BNO_MAG_UC,1352,-6000,0,47.188,-11.375,-83.938,6.188,-5.812,-34.688
21095862,BNO_MAG_UC,1353,-4900,0,47.188,-13.500,-82.562,6.188,-5.812,-34.688
21106969,BNO_MAG_UC,1354,-6000,0,47.938,-11.750,-83.938,6.188,-5.812,-34.688
21127139,BNO_MAG_UC,1355,-6200,0,47.188,-12.125,-82.562,6.188,-5.812,-34.688
21136045,BNO_MAG_UC,1356,-4500,0,47.938,-11.750,-82.188,6.188,-5.812,-34.688
21167292,BNO_MAG_UC,1357,-5100,0,47.188,-12.438,-83.938,6.188,-5.812,-34.688
21176349,BNO_MAG_UC,1358,-5300,0,47.562,-10.688,-83.062,6.188,-5.812,-34.688
21206906,BNO_MAG_UC,1359,-6000,0,47.188,-12.125,-83.062,6.188,-5.812,-34.688
21216321,BNO_MAG_UC,1360,-4900,0,47.562,-12.438,-82.562,6.188,-5.812,-34.688
21247089,BNO_MAG_UC,1361,-6000,0,47.938,-11.375,-82.562,6.188,-5.812,-34.688
21256444,BNO_MAG_UC,1362,-4900,0,47.938,-13.188,-84.375,6.188,-5.812,-34.688
21265796,BNO_MAG_UC,1363,-5100,0,48.312,-11.750,-82.562,6.188,-5.812,-34.688
21287460,BNO_MAG_UC,1364,-6200,0,47.562,-11.062,-81.688,6.188,-5.812,-34.688
21296667,BNO_MAG_UC,1365,-4900,0,47.188,-11.062,-83.500,6.188,-5.812,-34.688
21336571,BNO_MAG_UC,1366,-5300,0,48.312,-10.688,-82.562,6.188,-5.812,-34.688
21346695,BNO_MAG_UC,1367,-5600,0,48.312,-10.688,-82.562,6.188,-5.812,-34.688
21376719,BNO_MAG_UC,1368,-5100,0,47.188,-10.375,-82.562,6.188,-5.812,-34.688
21386887,BNO_MAG_UC,1369,-5400,0,46.812,-9.625,-82.562,6.188,-5.812,-34.688
21396867,BNO_MAG_UC,1370,-5400,0,47.188,-8.562,-82.625,6.188,-5.812,-34.688
21416648,BNO_MAG_UC,1371,-5300,0,46.875,-6.125,-83.062,6.188,-5.812,-34.688
21448421,BNO_MAG_UC,1372,-5900,0,47.938,-6.125,-82.188,6.188,-5.812,-34.688
21457296,BNO_MAG_UC,1373,-5100,0,48.312,-4.688,-80.000,6.188,-5.812,-34.688
21467088,BNO_MAG_UC,1374,-5100,0,48.375,-3.625,-79.938,6.188,-5.812,-34.688
21477212,BNO_MAG_UC,1375,-5600,0,48.000,-4.000,-80.000,6.188,-5.812,-34.688
21496350,BNO_MAG_UC,1376,-4700,0,49.062,-3.312,-77.312,6.188,-5.812,-34.688
21507348,BNO_MAG_UC,1377,-5800,0,48.688,-4.000,-77.312,6.188,-5.812,-34.688
21517020,BNO_MAG_UC,1378,-5300,0,49.438,-2.625,-76.875,6.188,-5.812,-34.688
21536340,BNO_MAG_UC,1379,-4700,0,50.188,-2.625,-74.188,6.188,-5.812,-34.688
21547595,BNO_MAG_UC,1380,-6000,0,49.375,-3.000,-71.938,6.188,-5.812,-34.688
21557135,BNO_MAG_UC,1381,-5100,0,48.688,-2.625,-71.938,6.188,-5.812,-34.688
21576471,BNO_MAG_UC,1382,-4700,0,48.625,-4.375,-70.125,6.188,-5.812,-34.688
21587667,BNO_MAG_UC,1383,-6000,0,47.125,-4.438,-68.375,6.188,-5.812,-34.688
21597255,BNO_MAG_UC,1384,-4900,0,47.500,-6.188,-68.750,6.188,-5.812,-34.688
21616544,BNO_MAG_UC,1385,-4700,0,46.000,-7.625,-67.375,6.188,-5.812,-34.688
21627863,BNO_MAG_UC,1386,-5800,0,45.625,-6.938,-67.375,6.188,-5.812,-34.688
21637284,BNO_MAG_UC,1387,-4900,0,44.562,-7.625,-67.375,6.188,-5.812,-34.688
21657054,BNO_MAG_UC,1388,-5300,0,44.188,-5.875,-67.000,6.188,-5.812,-34.688
21667983,BNO_MAG_UC,1389,-6000,0,44.562,-5.500,-68.250,6.188,-5.812,-34.688
21677424,BNO_MAG_UC,1390,-4900,0,43.812,-7.312,-66.938,6.188,-5.812,-34.688
21696893,BNO_MAG_UC,1391,-4700,0,43.438,-4.812,-66.500,6.188,-5.812,-34.688
21708159,BNO_MAG_UC,1392,-5800,0,43.438,-4.125,-66.500,6.188,-5.812,-34.688
21717534,BNO_MAG_UC,1393,-4700,0,42.375,-3.438,-66.062,6.188,-5.812,-34.688
21736821,BNO_MAG_UC,1394,-4700,0,43.812,-3.750,-66.062,6.188,-5.812,-34.688
21748213,BNO_MAG_UC,1395,-5800,0,44.188,-3.438,-63.812,6.188,-5.812,-34.688
21757618,BNO_MAG_UC,1396,-4700,0,43.875,-1.625,-65.688,6.188,-5.812,-34.688
21777612,BNO_MAG_UC,1397,-5400,0,44.188,-1.625,-64.312,6.188,-5.812,-34.688
21787024,BNO_MAG_UC,1398,-5300,0,45.688,0.125,-64.312,6.188,-5.812,-34.688
21797949,BNO_MAG_UC,1399,-5600,0,44.938,-0.562,-63.875,6.188,-5.812,-34.688
21818335,BNO_MAG_UC,1400,-6000,0,46.812,0.500,-63.875,6.188,-5.812,-34.688
21827091,BNO_MAG_UC,1401,-4900,0,47.125,-1.625,-64.250,6.188,-5.812,-34.688
21838012,BNO_MAG_UC,1402,-5600,0,47.875,-1.625,-63.875,6.188,-5.812,-34.688
21858255,BNO_MAG_UC,1403,-6000,0,49.375,-0.188,-63.438,6.188,-5.812,-34.688
21867448,BNO_MAG_UC,1404,-4900,0,49.000,-0.562,-63.875,6.188,-5.812,-34.688
21878445,BNO_MAG_UC,1405,-6000,0,49.000,-0.188,-64.750,6.188,-5.812,-34.688
21898143,BNO_MAG_UC,1406,-5800,0,50.812,-0.875,-63.875,6.188,-5.812,-34.688
21907589,BNO_MAG_UC,1407,-4900,0,51.938,-0.500,-63.938,6.188,-5.812,-34.688
21918666,BNO_MAG_UC,1408,-5800,0,51.562,-0.500,-63.438,6.188,-5.812,-34.688
21938682,BNO_MAG_UC,1409,-6200,0,52.312,-0.188,-63.938,6.188,-5.812,-34.688
21947627,BNO_MAG_UC,1410,-4900,0,54.188,0.875,-63.438,6.188,-5.812,-34.688
21978306,BNO_MAG_UC,1411,-4900,0,55.250,-0.500,-63.062,6.188,-5.812,-34.688
21987935,BNO_MAG_UC,1412,-5100,0,54.188,0.562,-63.062,6.188,-5.812,-34.688
22018860,BNO_MAG_UC,1413,-6000,0,54.875,0.188,-63.438,6.188,-5.812,-34.688
22028078,BNO_MAG_UC,1414,-4700,0,52.312,-0.500,-63.438,6.188,-5.812,-34.688
22058695,BNO_MAG_UC,1415,-6000,0,53.812,-0.875,-64.812,6.188,-5.812,-34.688
22067916,BNO_MAG_UC,1416,-4500,0,53.438,-0.188,-63.438,6.188,-5.812,-34.688
22079012,BNO_MAG_UC,1417,-5800,0,53.812,0.875,-65.750,6.188,-5.812,-34.688
22099031,BNO_MAG_UC,1418,-6400,0,54.875,-1.188,-64.375,6.188,-5.812,-34.688
22108152,BNO_MAG_UC,1419,-4700,0,53.438,0.188,-64.375,6.188,-5.812,-34.688
22119283,BNO_MAG_UC,1420,-6000,0,53.062,-0.500,-63.438,6.188,-5.812,-34.688
22139424,BNO_MAG_UC,1421,-5700,0,52.688,1.125,-64.375,6.188,-5.812,-34.688
22148374,BNO_MAG_UC,1422,-5300,0,54.562,0.188,-63.938,6.188,-5.812,-34.688
22179009,BNO_MAG_UC,1423,-6000,0,52.688,-0.875,-63.438,6.188,-5.812,-34.688
22188388,BNO_MAG_UC,1424,-4700,0,53.750,-0.875,-62.562,6.188,-5.812,-34.688
22198389,BNO_MAG_UC,1425,-5300,0,53.750,-0.875,-62.562,6.188,-5.812,-34.688
22219107,BNO_MAG_UC,1426,-6000,0,53.438,0.188,-61.688,6.188,-5.812,-34.688
22228351,BNO_MAG_UC,1427,-4500,0,54.125,-0.875,-63.500,6.188,-5.812,-34.688
22259685,BNO_MAG_UC,1428,-5300,0,54.188,-0.500,-63.938,6.188,-5.812,-34.688
22268877,BNO_MAG_UC,1429,-5300,0,53.812,-1.562,-64.812,6.188,-5.812,-34.688
22278895,BNO_MAG_UC,1430,-5300,0,54.188,-0.125,-64.375,6.188,-5.812,-34.688
22288935,BNO_MAG_UC,1431,-5800,0,54.188,0.188,-64.375,6.188,-5.812,-34.688
22308129,BNO_MAG_UC,1432,-4700,0,54.500,-0.500,-63.062,6.188,-5.812,-34.688
22348618,BNO_MAG_UC,1433,-5300,0,54.500,0.188,-63.438,6.188,-5.812,-34.688
22381181,BNO_MAG_UC,1434,-7100,0,54.188,0.875,-63.062,6.188,-5.812,-34.688
22388636,BNO_MAG_UC,1435,-4500,0,53.812,-0.188,-63.062,6.188,-5.812,-34.688
22409541,BNO_MAG_UC,1436,-5400,0,53.438,0.812,-63.438,6.188,-5.812,-34.688
22428689,BNO_MAG_UC,1437,-5300,0,53.812,-0.500,-63.438,6.188,-5.812,-34.688
22449693,BNO_MAG_UC,1438,-5400,0,53.812,-0.500,-63.438,6.188,-5.812,-34.688
22469220,BNO_MAG_UC,1439,-5300,0,53.438,-0.500,-63.062,6.188,-5.812,-34.688
22479498,BNO_MAG_UC,1440,-5600,0,53.750,-1.938,-63.438,6.188,-5.812,-34.688
22509241,BNO_MAG_UC,1441,-4900,0,53.438,-1.188,-63.938,6.188,-5.812,-34.688
22519587,BNO_MAG_UC,1442,-5600,0,54.562,-0.500,-65.250,6.188,-5.812,-34.688
22549380,BNO_MAG_UC,1443,-4900,0,53.812,-0.125,-63.938,6.188,-5.812,-34.688
22559726,BNO_MAG_UC,1444,-5400,0,54.188,-0.125,-64.375,6.188,-5.812,-34.688
22569741,BNO_MAG_UC,1445,-6000,0,54.562,0.188,-63.938,6.188,-5.812,-34.688
22589292,BNO_MAG_UC,1446,-5300,0,52.688,-0.188,-63.438,6.188,-5.812,-34.688
22599014,BNO_MAG_UC,1447,-5800,0,53.438,-0.500,-64.812,6.188,-5.812,-34.688
22610422,BNO_MAG_UC,1448,-6400,0,54.562,0.188,-63.938,6.188,-5.812,-34.688
22629572,BNO_MAG_UC,1449,-5300,0,54.188,0.875,-63.938,6.188,-5.812,-34.688
22639125,BNO_MAG_UC,1450,-5600,0,53.438,-0.500,-63.438,6.188,-5.812,-34.688
22669474,BNO_MAG_UC,1451,-5100,0,53.438,0.188,-64.375,6.188,-5.812,-34.688
22679135,BNO_MAG_UC,1452,-5600,0,53.438,-0.875,-65.250,6.188,-5.812,-34.688
22709855,BNO_MAG_UC,1453,-5400,0,54.500,-0.500,-63.062,6.188,-5.812,-34.688
22719952,BNO_MAG_UC,1454,-5600,0,54.938,0.188,-64.812,6.188,-5.812,-34.688
22730087,BNO_MAG_UC,1455,-5600,0,54.125,-1.188,-63.938,6.188,-5.812,-34.688
22749775,BNO_MAG_UC,1456,-5400,0,53.438,0.562,-63.438,6.188,-5.812,-34.688
22760071,BNO_MAG_UC,1457,-5600,0,53.438,-0.500,-63.438,6.188,-5.812,-34.688
22769989,BNO_MAG_UC,1458,-5800,0,53.438,-0.125,-64.375,6.188,-5.812,-34.688
22790000,BNO_MAG_UC,1459,-5100,0,53.438,0.188,-62.562,6.188,-5.812,-34.688
22800236,BNO_MAG_UC,1460,-5600,0,52.688,-0.188,-63.062,6.188,-5.812,-34.688
22810142,BNO_MAG_UC,1461,-5800,0,52.688,-0.875,-64.812,6.188,-5.812,-34.688
22830469,BNO_MAG_UC,1462,-6000,0,52.688,1.500,-63.438,6.188,-5.812,-34.688
22839529,BNO_MAG_UC,1463,-4900,0,54.500,0.188,-63.438,6.188,-5.812,-34.688
22850942,BNO_MAG_UC,1464,-6400,0,52.312,0.812,-63.062,6.188,-5.812,-34.688
22870130,BNO_MAG_UC,1465,-5600,0,53.062,0.562,-63.438,6.188,-5.812,-34.688
22880561,BNO_MAG_UC,1466,-5800,0,52.312,0.562,-63.062,6.188,-5.812,-34.688
22910640,BNO_MAG_UC,1467,-5300,0,52.312,1.125,-63.938,6.188,-5.812,-34.688
22919884,BNO_MAG_UC,1468,-5600,0,51.188,-0.562,-63.875,6.188,-5.812,-34.688
22951030,BNO_MAG_UC,1469,-5300,0,51.625,0.562,-64.875,6.188,-5.812,-34.688
22959927,BNO_MAG_UC,1470,-5300,0,50.500,0.812,-63.875,6.188,-5.812,-34.688
22991238,BNO_MAG_UC,1471,-5800,0,51.188,0.500,-63.438,6.188,-5.812,-34.688
23000222,BNO_MAG_UC,1472,-5800,0,49.375,1.438,-65.688,6.188,-5.812,-34.688
23011337,BNO_MAG_UC,1473,-6000,0,50.500,1.812,-64.812,6.188,-5.812,-34.688
23030713,BNO_MAG_UC,1474,-5600,0,50.125,1.125,-63.438,6.188,-5.812,-34.688
23040082,BNO_MAG_UC,1475,-5300,0,49.750,1.125,-63.875,6.188,-5.812,-34.688
23051166,BNO_MAG_UC,1476,-6000,0,50.500,2.500,-65.750,6.188,-5.812,-34.688
23071290,BNO_MAG_UC,1477,-6100,0,49.375,1.438,-65.688,6.188,-5.812,-34.688
23079931,BNO_MAG_UC,1478,-5100,0,49.375,0.812,-64.375,6.188,-5.812,-34.688
23111312,BNO_MAG_UC,1479,-6200,0,49.375,0.812,-64.375,6.188,-5.812,-34.688
23120328,BNO_MAG_UC,1480,-4500,0,49.375,1.812,-65.750,6.188,-5.812,-34.688
23131384,BNO_MAG_UC,1481,-5800,0,48.625,0.500,-63.438,6.188,-5.812,-34.688
23151516,BNO_MAG_UC,1482,-6200,0,48.688,1.125,-65.250,6.188,-5.812,-34.688
23160684,BNO_MAG_UC,1483,-4700,0,47.938,-0.188,-66.125,6.188,-5.812,-34.688
23191467,BNO_MAG_UC,1484,-6200,0,48.312,2.500,-64.750,6.188,-5.812,-34.688
23200694,BNO_MAG_UC,1485,-4900,0,48.688,2.500,-65.688,6.188,-5.812,-34.688
23231580,BNO_MAG_UC,1486,-6000,0,47.938,1.812,-63.875,6.188,-5.812,-34.688
23240699,BNO_MAG_UC,1487,-4700,0,47.562,1.062,-64.750,6.188,-5.812,-34.688
23271585,BNO_MAG_UC,1488,-6200,0,47.938,0.812,-64.750,6.188,-5.812,-34.688
23281004,BNO_MAG_UC,1489,-4900,0,46.438,1.062,-64.750,6.188,-5.812,-34.688
23291141,BNO_MAG_UC,1490,-5300,0,47.188,1.812,-65.250,6.188,-5.812,-34.688
23301122,BNO_MAG_UC,1491,-5600,0,46.438,1.812,-65.250,6.188,-5.812,-34.688
23320771,BNO_MAG_UC,1492,-5300,0,45.375,2.125,-64.750,6.188,-5.812,-34.688
23352369,BNO_MAG_UC,1493,-5700,0,45.688,0.500,-64.750,6.188,-5.812,-34.688
23361357,BNO_MAG_UC,1494,-5400,0,45.312,0.750,-65.688,6.188,-5.812,-34.688
23371299,BNO_MAG_UC,1495,-5100,0,44.938,-0.250,-66.062,6.188,-5.812,-34.688
23381287,BNO_MAG_UC,1496,-5600,0,45.375,0.750,-66.062,6.188,-5.812,-34.688
23401121,BNO_MAG_UC,1497,-5300,0,44.625,2.125,-66.562,6.188,-5.812,-34.688
23432179,BNO_MAG_UC,1498,-5500,0,45.000,1.062,-66.562,6.188,-5.812,-34.688
23441469,BNO_MAG_UC,1499,-5300,0,45.750,1.750,-65.688,6.188,-5.812,-34.688
23451281,BNO_MAG_UC,1500,-5100,0,44.625,1.062,-66.062,6.188,-5.812,-34.688
23461478,BNO_MAG_UC,1501,-5600,0,43.875,0.750,-67.000,6.188,-5.812,-34.688
23480737,BNO_MAG_UC,1502,-4700,0,43.875,0.125,-65.688,6.188,-5.812,-34.688
23491706,BNO_MAG_UC,1503,-5800,0,45.375,0.812,-67.438,6.188,-5.812,-34.688
23501372,BNO_MAG_UC,1504,-5100,0,43.875,1.062,-67.000,6.188,-5.812,-34.688
23521314,BNO_MAG_UC,1505,-5300,0,42.750,-0.250,-67.500,6.188,-5.812,-34.688
23541814,BNO_MAG_UC,1506,-5300,0,43.875,-0.250,-66.562,6.188,-5.812,-34.688
23561114,BNO_MAG_UC,1507,-5100,0,43.500,0.125,-67.875,6.188,-5.812,-34.688
23572130,BNO_MAG_UC,1508,-5800,0,42.750,-0.250,-67.000,6.188,-5.812,-34.688
23581585,BNO_MAG_UC,1509,-5100,0,43.875,-0.250,-67.000,6.188,-5.812,-34.688
23600924,BNO_MAG_UC,1510,-4900,0,43.125,-0.938,-67.000,6.188,-5.812,-34.688
23611970,BNO_MAG_UC,1511,-5800,0,42.375,-0.625,-67.000,6.188,-5.812,-34.688
23621689,BNO_MAG_UC,1512,-5100,0,42.062,0.438,-69.250,6.188,-5.812,-34.688
23640918,BNO_MAG_UC,1513,-4500,0,42.750,-0.938,-67.375,6.188,-5.812,-34.688
23652133,BNO_MAG_UC,1514,-6000,0,43.125,-0.250,-68.375,6.188,-5.812,-34.688
23661727,BNO_MAG_UC,1515,-5100,0,43.125,-2.375,-67.875,6.188,-5.812,-34.688
23681602,BNO_MAG_UC,1516,-4500,0,42.750,-2.000,-68.312,6.188,-5.812,-34.688
23692598,BNO_MAG_UC,1517,-5800,0,42.750,-0.250,-67.875,6.188,-5.812,-34.688
23721717,BNO_MAG_UC,1518,-5100,0,43.125,-0.938,-68.375,6.188,-5.812,-34.688
23732687,BNO_MAG_UC,1519,-5800,0,43.125,-2.000,-67.375,6.188,-5.812,-34.688
23741986,BNO_MAG_UC,1520,-4500,0,43.125,0.125,-67.875,6.188,-5.812,-34.688
23761131,BNO_MAG_UC,1521,-4500,0,42.375,-0.938,-67.375,6.188,-5.812,-34.688
23772565,BNO_MAG_UC,1522,-5800,0,43.125,-1.625,-67.375,6.188,-5.812,-34.688
23802181,BNO_MAG_UC,1523,-5300,0,41.625,-3.062,-69.188,6.188,-5.812,-34.688
23811608,BNO_MAG_UC,1524,-5400,0,42.750,-3.750,-67.875,6.188,-5.812,-34.688
23822364,BNO_MAG_UC,1525,-5600,0,41.625,-2.750,-67.000,6.188,-5.812,-34.688
23842581,BNO_MAG_UC,1526,-5800,0,43.500,-2.688,-68.750,6.188,-5.812,-34.688
23851746,BNO_MAG_UC,1527,-5100,0,43.125,-3.438,-66.500,6.188,-5.812,-34.688
23862776,BNO_MAG_UC,1528,-6000,0,42.000,-1.688,-67.875,6.188,-5.812,-34.688
23882600,BNO_MAG_UC,1529,-5800,0,41.625,-3.062,-68.312,6.188,-5.812,-34.688
23891745,BNO_MAG_UC,1530,-4900,0,42.375,-2.375,-68.312,6.188,-5.812,-34.688
23922376,BNO_MAG_UC,1531,-5100,0,41.625,-3.438,-68.750,6.188,-5.812,-34.688
23932072,BNO_MAG_UC,1532,-5100,0,42.000,-4.812,-67.375,6.188,-5.812,-34.688
23962944,BNO_MAG_UC,1533,-5100,0,42.750,-3.062,-67.000,6.188,-5.812,-34.688
23972192,BNO_MAG_UC,1534,-5100,0,43.500,-2.688,-69.188,6.188,-5.812,-34.688
24003375,BNO_MAG_UC,1535,-6200,0,44.188,-4.438,-67.375,6.188,-5.812,-34.688
24012346,BNO_MAG_UC,1536,-4500,0,43.812,-4.438,-67.875,6.188,-5.812,-34.688
24023272,BNO_MAG_UC,1537,-6000,0,43.438,-4.125,-67.375,6.188,-5.812,-34.688
24043157,BNO_MAG_UC,1538,-6000,0,44.562,-4.812,-67.875,6.188,-5.812,-34.688
24052566,BNO_MAG_UC,1539,-5100,0,43.812,-5.875,-67.000,6.188,-5.812,-34.688
24083370,BNO_MAG_UC,1540,-6000,0,45.312,-5.500,-67.375,6.188,-5.812,-34.688
24092472,BNO_MAG_UC,1541,-4700,0,44.188,-4.812,-68.312,6.188,-5.812,-34.688
24103535,BNO_MAG_UC,1542,-6000,0,45.312,-5.500,-68.312,6.188,-5.812,-34.688
24123610,BNO_MAG_UC,1543,-5900,0,43.062,-4.812,-66.062,6.188,-5.812,-34.688
24132786,BNO_MAG_UC,1544,-5400,0,45.312,-5.500,-67.875,6.188,-5.812,-34.688
24163596,BNO_MAG_UC,1545,-6200,0,45.688,-5.125,-68.750,6.188,-5.812,-34.688
24172817,BNO_MAG_UC,1546,-4500,0,45.688,-5.500,-67.375,6.188,-5.812,-34.688
24204120,BNO_MAG_UC,1547,-5500,0,44.938,-4.125,-67.438,6.188,-5.812,-34.688
24213077,BNO_MAG_UC,1548,-5100,0,45.688,-5.875,-68.312,6.188,-5.812,-34.688
24222794,BNO_MAG_UC,1549,-4900,0,45.688,-5.875,-68.312,6.188,-5.812,-34.688
24244260,BNO_MAG_UC,1550,-5700,0,47.125,-6.188,-68.750,6.188,-5.812,-34.688
24253201,BNO_MAG_UC,1551,-5100,0,47.500,-4.750,-68.375,6.188,-5.812,-34.688
24262388,BNO_MAG_UC,1552,-4900,0,46.062,-5.875,-68.312,6.188,-5.812,-34.688
24283796,BNO_MAG_UC,1553,-5400,0,47.188,-3.750,-68.750,6.188,-5.812,-34.688
24293178,BNO_MAG_UC,1554,-5300,0,46.438,-4.062,-69.250,6.188,-5.812,-34.688
24303362,BNO_MAG_UC,1555,-5600,0,46.750,-5.125,-68.750,6.188,-5.812,-34.688
24333197,BNO_MAG_UC,1556,-5100,0,47.188,-3.000,-67.875,6.188,-5.812,-34.688
24343368,BNO_MAG_UC,1557,-5300,0,46.812,-3.375,-69.250,6.188,-5.812,-34.688
24373198,BNO_MAG_UC,1558,-4900,0,46.812,-4.438,-71.062,6.188,-5.812,-34.688
24383354,BNO_MAG_UC,1559,-5300,0,46.812,-4.062,-71.062,6.188,-5.812,-34.688
24413270,BNO_MAG_UC,1560,-4900,0,45.688,-3.375,-70.125,6.188,-5.812,-34.688
24444620,BNO_MAG_UC,1561,-5500,0,46.812,-5.500,-72.375,6.188,-5.812,-34.688
24453823,BNO_MAG_UC,1562,-5300,0,46.062,-5.125,-72.312,6.188,-5.812,-34.688
24463520,BNO_MAG_UC,1563,-4900,0,47.188,-4.062,-74.125,6.188,-5.812,-34.688
24493077,BNO_MAG_UC,1564,-4500,0,45.688,-5.125,-71.938,6.188,-5.812,-34.688
24504075,BNO_MAG_UC,1565,-5600,0,46.812,-4.750,-73.688,6.188,-5.812,-34.688
24513573,BNO_MAG_UC,1566,-5100,0,46.812,-5.812,-72.375,6.188,-5.812,-34.688
24532842,BNO_MAG_UC,1567,-4500,0,46.062,-6.188,-72.750,6.188,-5.812,-34.688
24573842,BNO_MAG_UC,1568,-4700,0,46.438,-5.438,-73.250,6.188,-5.812,-34.688
24583788,BNO_MAG_UC,1569,-5300,0,46.812,-4.750,-74.125,6.188,-5.812,-34.688
24593873,BNO_MAG_UC,1570,-5400,0,46.438,-6.188,-74.125,6.188,-5.812,-34.688
24613172,BNO_MAG_UC,1571,-4700,0,48.688,-5.438,-74.625,6.188,-5.812,-34.688
24624594,BNO_MAG_UC,1572,-5800,0,45.688,-5.125,-74.625,6.188,-5.812,-34.688
24634038,BNO_MAG_UC,1573,-5100,0,45.312,-6.188,-73.250,6.188,-5.812,-34.688
24653630,BNO_MAG_UC,1574,-5100,0,45.688,-5.500,-73.250,6.188,-5.812,-34.688
24664617,BNO_MAG_UC,1575,-5800,0,45.688,-6.562,-72.750,6.188,-5.812,-34.688
24673941,BNO_MAG_UC,1576,-4900,0,46.062,-7.250,-75.438,6.188,-5.812,-34.688
24693242,BNO_MAG_UC,1577,-4700,0,46.062,-6.500,-74.125,6.188,-5.812,-34.688
24704610,BNO_MAG_UC,1578,-5800,0,45.688,-5.500,-73.250,6.188,-5.812,-34.688
24714205,BNO_MAG_UC,1579,-5100,0,45.688,-7.250,-75.438,6.188,-5.812,-34.688
24733325,BNO_MAG_UC,1580,-4700,0,46.062,-6.875,-73.625,6.188,-5.812,-34.688
24744776,BNO_MAG_UC,1581,-5800,0,45.688,-7.250,-75.438,6.188,-5.812,-34.688
24754284,BNO_MAG_UC,1582,-4900,0,45.312,-7.938,-74.125,6.188,-5.812,-34.688
24774942,BNO_MAG_UC,1583,-5700,0,45.312,-7.938,-75.000,6.188,-5.812,-34.688
24783617,BNO_MAG_UC,1584,-4900,0,45.688,-7.250,-75.000,6.188,-5.812,-34.688
24794544,BNO_MAG_UC,1585,-5800,0,46.438,-6.875,-75.000,6.188,-5.812,-34.688
24814567,BNO_MAG_UC,1586,-5100,0,45.312,-7.250,-75.438,6.188,-5.812,-34.688
24823785,BNO_MAG_UC,1587,-5400,0,44.938,-6.188,-74.562,6.188,-5.812,-34.688
24834703,BNO_MAG_UC,1588,-5800,0,46.062,-7.562,-74.125,6.188,-5.812,-34.688
24855278,BNO_MAG_UC,1589,-5900,0,46.062,-7.250,-75.000,6.188,-5.812,-34.688
24863846,BNO_MAG_UC,1590,-4900,0,46.062,-6.875,-73.250,6.188,-5.812,-34.688
24874812,BNO_MAG_UC,1591,-5800,0,46.812,-6.875,-75.938,6.188,-5.812,-34.688
24894909,BNO_MAG_UC,1592,-6000,0,44.562,-6.562,-73.688,6.188,-5.812,-34.688
24904041,BNO_MAG_UC,1593,-5100,0,46.062,-6.500,-73.625,6.188,-5.812,-34.688
24915030,BNO_MAG_UC,1594,-5800,0,45.312,-7.250,-74.562,6.188,-5.812,-34.688
24935148,BNO_MAG_UC,1595,-6200,0,46.438,-7.938,-75.438,6.188,-5.812,-34.688
24944263,BNO_MAG_UC,1596,-4900,0,45.312,-7.250,-75.000,6.188,-5.812,-34.688
24955159,BNO_MAG_UC,1597,-5800,0,46.812,-7.188,-75.500,6.188,-5.812,-34.688
24975129,BNO_MAG_UC,1598,-6000,0,44.938,-7.938,-75.438,6.188,-5.812,-34.688
24984478,BNO_MAG_UC,1599,-4700,0,46.062,-8.625,-75.438,6.188,-5.812,-34.688
25014989,BNO_MAG_UC,1600,-4900,0,45.688,-7.250,-74.562,6.188,-5.812,-34.688
25024518,BNO_MAG_UC,1601,-4900,0,45.688,-7.562,-74.562,6.188,-5.812,-34.688
25035456,BNO_MAG_UC,1602,-5800,0,47.188,-6.875,-75.938,6.188,-5.812,-34.688
25055333,BNO_MAG_UC,1603,-6000,0,46.438,-7.562,-75.062,6.188,-5.812,-34.688
25064582,BNO_MAG_UC,1604,-4700,0,46.062,-8.625,-75.062,6.188,-5.812,-34.688
25075586,BNO_MAG_UC,1605,-5800,0,46.062,-6.500,-75.938,6.188,-5.812,-34.688
25095554,BNO_MAG_UC,1606,-6000,0,45.312,-7.562,-75.938,6.188,-5.812,-34.688
25104831,BNO_MAG_UC,1607,-4700,0,45.312,-6.875,-75.438,6.188,-5.812,-34.688
25115028,BNO_MAG_UC,1608,-5600,0,46.438,-6.875,-76.438,6.188,-5.812,-34.688
25135671,BNO_MAG_UC,1609,-6000,0,45.312,-8.625,-74.188,6.188,-5.812,-34.688
25144934,BNO_MAG_UC,1610,-4700,0,46.438,-7.562,-75.438,6.188,-5.812,-34.688
25175693,BNO_MAG_UC,1611,-6000,0,45.312,-7.562,-75.938,6.188,-5.812,-34.688
25184951,BNO_MAG_UC,1612,-4500,0,45.312,-6.875,-75.438,6.188,-5.812,-34.688
25215994,BNO_MAG_UC,1613,-5700,0,45.688,-7.562,-75.938,6.188,-5.812,-34.688
25225026,BNO_MAG_UC,1614,-5300,0,46.812,-7.938,-74.562,6.188,-5.812,-34.688
25256543,BNO_MAG_UC,1615,-5300,0,46.062,-9.000,-74.562,6.188,-5.812,-34.688
25265411,BNO_MAG_UC,1616,-5300,0,45.688,-8.312,-75.938,6.188,-5.812,-34.688
25275357,BNO_MAG_UC,1617,-5100,0,45.688,-8.312,-75.938,6.188,-5.812,-34.688
25296193,BNO_MAG_UC,1618,-6200,0,46.438,-7.938,-75.938,6.188,-5.812,-34.688
25305629,BNO_MAG_UC,1619,-5100,0,44.938,-7.562,-76.312,6.188,-5.812,-34.688
25314913,BNO_MAG_UC,1620,-5300,0,45.688,-8.625,-74.188,6.188,-5.812,-34.688
25336682,BNO_MAG_UC,1621,-5800,0,46.062,-7.562,-76.812,6.188,-5.812,-34.688
25345877,BNO_MAG_UC,1622,-5400,0,46.750,-9.312,-75.062,6.188,-5.812,-34.688
25355865,BNO_MAG_UC,1623,-5300,0,45.312,-8.625,-76.375,6.188,-5.812,-34.688
25385515,BNO_MAG_UC,1624,-4900,0,45.312,-9.000,-75.938,6.188,-5.812,-34.688
25395937,BNO_MAG_UC,1625,-5600,0,45.000,-6.875,-75.938,6.188,-5.812,-34.688
25426295,BNO_MAG_UC,1626,-5600,0,45.312,-7.250,-75.438,6.188,-5.812,-34.688
25436004,BNO_MAG_UC,1627,-5100,0,45.312,-7.562,-76.812,6.188,-5.812,-34.688
25465931,BNO_MAG_UC,1628,-4900,0,46.062,-9.000,-75.438,6.188,-5.812,-34.688
25476074,BNO_MAG_UC,1629,-5400,0,46.062,-8.312,-75.438,6.188,-5.812,-34.688
25505979,BNO_MAG_UC,1630,-5100,0,44.562,-9.000,-75.062,6.188,-5.812,-34.688
25516200,BNO_MAG_UC,1631,-5800,0,46.062,-8.250,-76.812,6.188,-5.812,-34.688
25546030,BNO_MAG_UC,1632,-4900,0,45.688,-8.625,-75.438,6.188,-5.812,-34.688
25556273,BNO_MAG_UC,1633,-5600,0,45.312,-6.875,-75.938,6.188,-5.812,-34.688
25586118,BNO_MAG_UC,1634,-4700,0,46.812,-9.000,-75.938,6.188,-5.812,-34.688
25596367,BNO_MAG_UC,1635,-5800,0,46.062,-6.875,-74.188,6.188,-5.812,-34.688
25606271,BNO_MAG_UC,1636,-5400,0,45.688,-7.938,-75.438,6.188,-5.812,-34.688
25626889,BNO_MAG_UC,1637,-5900,0,45.312,-9.375,-75.438,6.188,-5.812,-34.688
25636473,BNO_MAG_UC,1638,-5600,0,44.938,-8.312,-74.562,6.188,-5.812,-34.688
25646394,BNO_MAG_UC,1639,-5600,0,45.688,-9.000,-75.062,6.188,-5.812,-34.688
25665761,BNO_MAG_UC,1640,-5100,0,45.688,-9.375,-75.438,6.188,-5.812,-34.688
25677175,BNO_MAG_UC,1641,-6000,0,45.688,-7.250,-75.438,6.188,-5.812,-34.688
25686641,BNO_MAG_UC,1642,-5100,0,46.438,-8.250,-75.938,6.188,-5.812,-34.688
25706342,BNO_MAG_UC,1643,-5400,0,45.312,-9.375,-74.562,6.188,-5.812,-34.688
25716587,BNO_MAG_UC,1644,-5600,0,46.438,-7.938,-75.062,6.188,-5.812,-34.688
25726530,BNO_MAG_UC,1645,-5600,0,46.812,-9.312,-75.438,6.188,-5.812,-34.688
25746989,BNO_MAG_UC,1646,-5700,0,45.688,-7.938,-75.938,6.188,-5.812,-34.688
25756710,BNO_MAG_UC,1647,-5400,0,45.688,-8.625,-75.438,6.188,-5.812,-34.688
25766604,BNO_MAG_UC,1648,-5600,0,44.938,-8.312,-75.938,6.188,-5.812,-34.688
25786491,BNO_MAG_UC,1649,-5400,0,46.062,-8.312,-75.438,6.188,-5.812,-34.688
25796872,BNO_MAG_UC,1650,-5800,0,45.688,-8.312,-73.688,6.188,-5.812,-34.688
25806790,BNO_MAG_UC,1651,-5800,0,44.938,-9.000,-75.438,6.188,-5.812,-34.688
25826641,BNO_MAG_UC,1652,-5400,0,44.938,-8.625,-75.062,6.188,-5.812,-34.688
25837005,BNO_MAG_UC,1653,-5800,0,45.312,-9.000,-74.562,6.188,-5.812,-34.688
25846891,BNO_MAG_UC,1654,-5600,0,46.438,-9.312,-75.938,6.188,-5.812,-34.688
25867169,BNO_MAG_UC,1655,-5700,0,46.062,-9.375,-74.188,6.188,-5.812,-34.688
25876106,BNO_MAG_UC,1656,-5300,0,45.688,-9.312,-75.938,6.188,-5.812,-34.688
25887335,BNO_MAG_UC,1657,-6200,0,45.312,-9.000,-75.000,6.188,-5.812,-34.688
25907499,BNO_MAG_UC,1658,-6100,0,46.062,-8.625,-74.562,6.188,-5.812,-34.688
25916508,BNO_MAG_UC,1659,-5600,0,44.938,-9.688,-75.062,6.188,-5.812,-34.688
25947464,BNO_MAG_UC,1660,-5500,0,45.312,-8.312,-73.688,6.188,-5.812,-34.688
25956635,BNO_MAG_UC,1661,-5300,0,45.688,-8.625,-74.188,6.188,-5.812,-34.688
25967773,BNO_MAG_UC,1662,-6000,0,44.938,-8.625,-75.938,6.188,-5.812,-34.688
25988001,BNO_MAG_UC,1663,-6100,0,46.438,-8.625,-74.562,6.188,-5.812,-34.688
25996883,BNO_MAG_UC,1664,-5600,0,46.062,-8.250,-76.375,6.188,-5.812,-34.688
26027932,BNO_MAG_UC,1665,-5900,0,44.562,-8.312,-73.688,6.188,-5.812,-34.688
26036777,BNO_MAG_UC,1666,-5400,0,46.062,-9.000,-74.562,6.188,-5.812,-34.688
26048011,BNO_MAG_UC,1667,-6000,0,44.938,-8.312,-75.500,6.188,-5.812,-34.688
26067200,BNO_MAG_UC,1668,-5600,0,45.688,-9.688,-76.375,6.188,-5.812,-34.688
26076927,BNO_MAG_UC,1669,-5300,0,44.938,-8.625,-75.938,6.188,-5.812,-34.688
26088166,BNO_MAG_UC,1670,-6000,0,45.000,-6.875,-76.375,6.188,-5.812,-34.688
26108123,BNO_MAG_UC,1671,-5900,0,46.438,-8.625,-75.938,6.188,-5.812,-34.688
26117276,BNO_MAG_UC,1672,-5400,0,45.312,-8.312,-75.062,6.188,-5.812,-34.688
26148368,BNO_MAG_UC,1673,-5900,0,45.688,-9.375,-75.062,6.188,-5.812,-34.688
26157248,BNO_MAG_UC,1674,-5300,0,45.312,-8.312,-75.062,6.188,-5.812,-34.688
26167283,BNO_MAG_UC,1675,-5100,0,45.312,-8.312,-75.062,6.188,-5.812,-34.688
26188099,BNO_MAG_UC,1676,-6200,0,45.688,-9.000,-76.375,6.188,-5.812,-34.688
26197356,BNO_MAG_UC,1677,-4900,0,45.688,-9.000,-75.062,6.188,-5.812,-34.688
26229678,BNO_MAG_UC,1678,-7700,0,44.938,-8.312,-74.562,6.188,-5.812,-34.688
26237281,BNO_MAG_UC,1679,-5100,0,45.312,-7.562,-75.062,6.188,-5.812,-34.688
26248542,BNO_MAG_UC,1680,-6000,0,44.938,-9.375,-75.062,6.188,-5.812,-34.688
26268710,BNO_MAG_UC,1681,-5900,0,46.062,-8.312,-73.688,6.188,-5.812,-34.688
26277830,BNO_MAG_UC,1682,-5300,0,46.812,-7.938,-74.188,6.188,-5.812,-34.688
26308710,BNO_MAG_UC,1683,-5800,0,46.812,-7.938,-75.938,6.188,-5.812,-34.688
26317861,BNO_MAG_UC,1684,-5600,0,45.688,-8.312,-75.438,6.188,-5.812,-34.688
26327276,BNO_MAG_UC,1685,-5400,0,45.688,-8.312,-74.562,6.188,-5.812,-34.688
26349198,BNO_MAG_UC,1686,-6100,0,46.438,-7.938,-75.062,6.188,-5.812,-34.688
26358077,BNO_MAG_UC,1687,-5400,0,45.688,-7.188,-77.250,6.188,-5.812,-34.688
26368109,BNO_MAG_UC,1688,-5300,0,45.312,-7.562,-76.375,6.188,-5.812,-34.688
26398303,BNO_MAG_UC,1689,-5400,0,44.625,-7.250,-76.375,6.188,-5.812,-34.688
26407473,BNO_MAG_UC,1690,-5100,0,46.062,-6.500,-75.938,6.188,-5.812,-34.688
26429438,BNO_MAG_UC,1691,-6100,0,46.062,-6.188,-75.938,6.188,-5.812,-34.688
26438447,BNO_MAG_UC,1692,-5400,0,45.688,-5.125,-75.062,6.188,-5.812,-34.688
26448326,BNO_MAG_UC,1693,-5300,0,46.812,-6.875,-75.062,6.188,-5.812,-34.688
26458323,BNO_MAG_UC,1694,-5800,0,45.688,-8.312,-75.938,6.188,-5.812,-34.688
26477951,BNO_MAG_UC,1695,-5400,0,45.688,-6.188,-75.062,6.188,-5.812,-34.688
26488433,BNO_MAG_UC,1696,-5800,0,45.688,-6.875,-74.562,6.188,-5.812,-34.688
26518130,BNO_MAG_UC,1697,-4900,0,46.812,-7.250,-74.125,6.188,-5.812,-34.688
26528429,BNO_MAG_UC,1698,-5600,0,46.812,-6.500,-75.500,6.188,-5.812,-34.688
26538542,BNO_MAG_UC,1699,-6000,0,45.688,-6.875,-75.438,6.188,-5.812,-34.688
26557553,BNO_MAG_UC,1700,-4700,0,46.438,-6.875,-75.438,6.188,-5.812,-34.688
26568922,BNO_MAG_UC,1701,-6000,0,44.938,-5.812,-74.188,6.188,-5.812,-34.688
26578624,BNO_MAG_UC,1702,-5600,0,45.688,-5.438,-75.062,6.188,-5.812,-34.688
26599066,BNO_MAG_UC,1703,-5900,0,45.750,-5.438,-76.438,6.188,-5.812,-34.688
26608711,BNO_MAG_UC,1704,-5800,0,46.062,-4.375,-75.062,6.188,-5.812,-34.688
26618604,BNO_MAG_UC,1705,-5600,0,46.438,-4.375,-75.062,6.188,-5.812,-34.688
26638677,BNO_MAG_UC,1706,-5300,0,45.688,-6.562,-73.250,6.188,-5.812,-34.688
26647938,BNO_MAG_UC,1707,-5300,0,46.062,-4.750,-73.250,6.188,-5.812,-34.688
26659240,BNO_MAG_UC,1708,-6200,0,46.438,-4.750,-74.188,6.188,-5.812,-34.688
26678586,BNO_MAG_UC,1709,-5600,0,46.062,-5.438,-74.188,6.188,-5.812,-34.688
26688802,BNO_MAG_UC,1710,-5600,0,46.438,-4.750,-73.250,6.188,-5.812,-34.688
26698761,BNO_MAG_UC,1711,-5600,0,46.062,-5.500,-73.750,6.188,-5.812,-34.688
26718748,BNO_MAG_UC,1712,-5300,0,47.562,-4.375,-72.875,6.188,-5.812,-34.688
26728834,BNO_MAG_UC,1713,-5600,0,48.688,-4.062,-73.750,6.188,-5.812,-34.688
26738895,BNO_MAG_UC,1714,-5800,0,46.438,-4.375,-74.625,6.188,-5.812,-34.688
26758827,BNO_MAG_UC,1715,-5300,0,46.812,-4.062,-73.250,6.188,-5.812,-34.688
26768911,BNO_MAG_UC,1716,-5800,0,48.312,-4.750,-72.875,6.188,-5.812,-34.688
26778866,BNO_MAG_UC,1717,-5400,0,46.438,-4.438,-72.875,6.188,-5.812,-34.688
26798983,BNO_MAG_UC,1718,-5300,0,46.438,-2.625,-72.375,6.188,-5.812,-34.688
26809059,BNO_MAG_UC,1719,-5600,0,47.188,-4.062,-72.375,6.188,-5.812,-34.688
26819061,BNO_MAG_UC,1720,-5400,0,46.812,-5.125,-71.938,6.188,-5.812,-34.688
26839229,BNO_MAG_UC,1721,-5500,0,46.812,-4.062,-69.688,6.188,-5.812,-34.688
26849164,BNO_MAG_UC,1722,-5600,0,46.812,-3.688,-71.062,6.188,-5.812,-34.688
26859143,BNO_MAG_UC,1723,-5600,0,46.812,-4.750,-71.938,6.188,-5.812,-34.688
26879024,BNO_MAG_UC,1724,-5100,0,46.812,-4.438,-71.062,6.188,-5.812,-34.688
26888392,BNO_MAG_UC,1725,-5400,0,47.938,-4.062,-71.500,6.188,-5.812,-34.688
26899575,BNO_MAG_UC,1726,-6000,0,47.562,-4.750,-71.938,6.188,-5.812,-34.688
26919502,BNO_MAG_UC,1727,-5700,0,46.438,-4.062,-70.625,6.188,-5.812,-34.688
26928429,BNO_MAG_UC,1728,-5300,0,46.812,-3.688,-70.188,6.188,-5.812,-34.688
26939723,BNO_MAG_UC,1729,-6000,0,46.438,-2.625,-71.938,6.188,-5.812,-34.688
26959787,BNO_MAG_UC,1730,-6000,0,46.438,-4.438,-69.688,6.188,-5.812,-34.688
26969683,BNO_MAG_UC,1731,-5100,0,46.062,-5.500,-70.188,6.188,-5.812,-34.688
26999733,BNO_MAG_UC,1732,-5300,0,44.938,-4.438,-68.312,6.188,-5.812,-34.688
27008907,BNO_MAG_UC,1733,-5400,0,46.438,-4.062,-68.812,6.188,-5.812,-34.688
27020122,BNO_MAG_UC,1734,-6000,0,46.438,-5.125,-69.312,6.188,-5.812,-34.688
27040183,BNO_MAG_UC,1735,-5900,0,46.062,-4.812,-68.375,6.188,-5.812,-34.688
27049969,BNO_MAG_UC,1736,-5600,0,46.062,-4.062,-68.812,6.188,-5.812,-34.688
27079985,BNO_MAG_UC,1737,-5800,0,46.438,-4.812,-67.938,6.188,-5.812,-34.688
27089272,BNO_MAG_UC,1738,-4900,0,47.125,-4.750,-68.812,6.188,-5.812,-34.688
27120412,BNO_MAG_UC,1739,-6400,0,45.688,-6.188,-68.312,6.188,-5.812,-34.688
27129442,BNO_MAG_UC,1740,-4900,0,45.688,-4.812,-67.938,6.188,-5.812,-34.688
27160295,BNO_MAG_UC,1741,-5700,0,45.688,-5.125,-67.000,6.188,-5.812,-34.688
27169405,BNO_MAG_UC,1742,-5300,0,44.188,-4.438,-67.438,6.188,-5.812,-34.688
27200130,BNO_MAG_UC,1743,-6000,0,45.312,-4.812,-67.438,6.188,-5.812,-34.688
27209583,BNO_MAG_UC,1744,-4900,0,44.562,-4.438,-67.000,6.188,-5.812,-34.688
27249746,BNO_MAG_UC,1745,-4900,0,44.188,-5.188,-66.562,6.188,-5.812,-34.688
27259021,BNO_MAG_UC,1746,-5100,0,44.938,-5.875,-67.438,6.188,-5.812,-34.688
27280323,BNO_MAG_UC,1747,-5800,0,44.938,-5.500,-66.500,6.188,-5.812,-34.688
27289755,BNO_MAG_UC,1748,-4500,0,44.562,-5.875,-66.500,6.188,-5.812,-34.688
27299945,BNO_MAG_UC,1749,-5600,0,44.562,-6.562,-67.438,6.188,-5.812,-34.688
27310067,BNO_MAG_UC,1750,-5800,0,44.188,-5.500,-67.438,6.188,-5.812,-34.688
27329671,BNO_MAG_UC,1751,-5300,0,43.062,-5.875,-66.125,6.188,-5.812,-34.688
27350255,BNO_MAG_UC,1752,-5300,0,43.062,-4.812,-67.438,6.188,-5.812,-34.688
27369407,BNO_MAG_UC,1753,-4900,0,44.188,-5.500,-66.125,6.188,-5.812,-34.688
27379518,BNO_MAG_UC,1754,-5600,0,44.188,-5.188,-67.000,6.188,-5.812,-34.688
27401210,BNO_MAG_UC,1755,-5700,0,44.188,-5.500,-65.625,6.188,-5.812,-34.688
27410386,BNO_MAG_UC,1756,-5400,0,43.812,-4.500,-66.125,6.188,-5.812,-34.688
27419385,BNO_MAG_UC,1757,-4700,0,43.438,-4.500,-67.000,6.188,-5.812,-34.688
27430379,BNO_MAG_UC,1758,-5800,0,42.688,-5.188,-66.125,6.188,-5.812,-34.688
27449475,BNO_MAG_UC,1759,-4700,0,43.062,-6.562,-67.438,6.188,-5.812,-34.688
27460561,BNO_MAG_UC,1760,-6000,0,43.438,-5.188,-67.000,6.188,-5.812,-34.688
27470113,BNO_MAG_UC,1761,-4900,0,43.062,-5.188,-67.000,6.188,-5.812,-34.688
27489626,BNO_MAG_UC,1762,-4700,0,44.188,-4.438,-66.125,6.188,-5.812,-34.688
27499816,BNO_MAG_UC,1763,-5600,0,43.062,-5.500,-67.938,6.188,-5.812,-34.688
27529441,BNO_MAG_UC,1764,-4300,0,42.688,-5.188,-67.438,6.188,-5.812,-34.688
27540880,BNO_MAG_UC,1765,-6000,0,42.688,-4.500,-66.562,6.188,-5.812,-34.688
27550337,BNO_MAG_UC,1766,-4900,0,43.812,-4.500,-66.562,6.188,-5.812,-34.688
27569889,BNO_MAG_UC,1767,-4900,0,41.625,-3.812,-66.125,6.188,-5.812,-34.688
27580308,BNO_MAG_UC,1768,-5800,0,42.375,-4.500,-66.562,6.188,-5.812,-34.688
27610446,BNO_MAG_UC,1769,-4900,0,42.688,-3.812,-65.250,6.188,-5.812,-34.688
27620647,BNO_MAG_UC,1770,-5400,0,42.000,-4.500,-65.250,6.188,-5.812,-34.688
27630671,BNO_MAG_UC,1771,-5300,0,43.062,-3.750,-66.125,6.188,-5.812,-34.688
27649833,BNO_MAG_UC,1772,-4700,0,42.312,-5.562,-66.062,6.188,-5.812,-34.688
27661243,BNO_MAG_UC,1773,-6000,0,43.062,-4.125,-66.125,6.188,-5.812,-34.688
27670624,BNO_MAG_UC,1774,-4900,0,43.438,-4.500,-64.750,6.188,-5.812,-34.688
27690761,BNO_MAG_UC,1775,-5600,0,43.438,-4.500,-66.125,6.188,-5.812,-34.688
27700021,BNO_MAG_UC,1776,-5300,0,43.438,-4.125,-67.438,6.188,-5.812,-34.688
27711042,BNO_MAG_UC,1777,-5600,0,42.688,-3.812,-65.250,6.188,-5.812,-34.688
27731041,BNO_MAG_UC,1778,-5800,0,42.750,-2.688,-66.562,6.188,-5.812,-34.688
27740116,BNO_MAG_UC,1779,-4700,0,43.812,-4.125,-66.125,6.188,-5.812,-34.688
27750978,BNO_MAG_UC,1780,-5600,0,43.438,-3.062,-66.125,6.188,-5.812,-34.688
27770187,BNO_MAG_UC,1781,-4900,0,42.750,-3.438,-66.125,6.188,-5.812,-34.688
27781422,BNO_MAG_UC,1782,-5800,0,42.688,-3.750,-65.625,6.188,-5.812,-34.688
27811494,BNO_MAG_UC,1783,-5500,0,43.438,-4.500,-64.750,6.188,-5.812,-34.688
27820331,BNO_MAG_UC,1784,-4900,0,43.500,-3.438,-67.438,6.188,-5.812,-34.688
27831319,BNO_MAG_UC,1785,-5800,0,42.750,-3.438,-67.000,6.188,-5.812,-34.688
27851404,BNO_MAG_UC,1786,-6000,0,42.688,-4.125,-65.625,6.188,-5.812,-34.688
27860633,BNO_MAG_UC,1787,-5100,0,42.750,-2.375,-66.125,6.188,-5.812,-34.688
27891609,BNO_MAG_UC,1788,-5100,0,43.125,-2.375,-66.125,6.188,-5.812,-34.688
27900729,BNO_MAG_UC,1789,-5100,0,42.688,-4.125,-65.188,6.188,-5.812,-34.688
27931972,BNO_MAG_UC,1790,-5100,0,43.812,-2.000,-65.250,6.188,-5.812,-34.688
27940929,BNO_MAG_UC,1791,-4700,0,43.125,-3.062,-66.500,6.188,-5.812,-34.688
27972273,BNO_MAG_UC,1792,-6200,0,43.812,-2.375,-64.312,6.188,-5.812,-34.688
27981168,BNO_MAG_UC,1793,-4900,0,43.062,-2.750,-64.750,6.188,-5.812,-34.688
27992220,BNO_MAG_UC,1794,-5800,0,42.375,-2.000,-65.250,6.188,-5.812,-34.688
28012117,BNO_MAG_UC,1795,-5800,0,43.812,-3.438,-64.312,6.188,-5.812,-34.688
28021265,BNO_MAG_UC,1796,-4700,0,43.125,-1.688,-65.250,6.188,-5.812,-34.688
28032104,BNO_MAG_UC,1797,-5800,0,42.750,-2.375,-65.250,6.188,-5.812,-34.688
28051942,BNO_MAG_UC,1798,-6200,0,43.500,-1.312,-64.750,6.188,-5.812,-34.688
28061219,BNO_MAG_UC,1799,-4900,0,43.438,-2.375,-65.250,6.188,-5.812,-34.688
28072292,BNO_MAG_UC,1800,-6000,0,43.125,-1.312,-65.625,6.188,-5.812,-34.688
28092239,BNO_MAG_UC,1801,-6000,0,43.500,-1.312,-64.750,6.188,-5.812,-34.688
28101394,BNO_MAG_UC,1802,-4700,0,43.500,-2.000,-65.625,6.188,-5.812,-34.688
28112393,BNO_MAG_UC,1803,-6200,0,44.188,-2.688,-64.750,6.188,-5.812,-34.688
28132305,BNO_MAG_UC,1804,-5800,0,43.875,-0.625,-65.250,6.188,-5.812,-34.688
28141680,BNO_MAG_UC,1805,-4700,0,44.188,-3.438,-64.312,6.188,-5.812,-34.688
28172754,BNO_MAG_UC,1806,-5900,0,44.562,-2.000,-64.312,6.188,-5.812,-34.688
28181779,BNO_MAG_UC,1807,-5400,0,43.500,-2.375,-65.625,6.188,-5.812,-34.688
28212459,BNO_MAG_UC,1808,-5800,0,43.438,-2.375,-64.375,6.188,-5.812,-34.688
28221764,BNO_MAG_UC,1809,-4700,0,43.812,-1.625,-64.812,6.188,-5.812,-34.688
28252727,BNO_MAG_UC,1810,-6200,0,43.812,-1.688,-64.312,6.188,-5.812,-34.688
28262016,BNO_MAG_UC,1811,-4700,0,43.062,-3.062,-63.812,6.188,-5.812,-34.688
28272089,BNO_MAG_UC,1812,-5300,0,43.875,-0.938,-65.250,6.188,-5.812,-34.688
28301970,BNO_MAG_UC,1813,-5100,0,44.188,-2.375,-63.875,6.188,-5.812,-34.688
28312187,BNO_MAG_UC,1814,-5400,0,44.938,-2.375,-66.125,6.188,-5.812,-34.688
28342004,BNO_MAG_UC,1815,-4900,0,44.938,-2.375,-63.438,6.188,-5.812,-34.688
28353054,BNO_MAG_UC,1816,-6000,0,44.938,-2.375,-63.438,6.188,-5.812,-34.688
28382231,BNO_MAG_UC,1817,-5400,0,44.188,-1.312,-63.438,6.188,-5.812,-34.688
28392564,BNO_MAG_UC,1818,-5600,0,44.562,-2.000,-66.125,6.188,-5.812,-34.688
28422853,BNO_MAG_UC,1819,-5400,0,43.812,-2.688,-64.312,6.188,-5.812,-34.688
28432595,BNO_MAG_UC,1820,-4900,0,44.562,-1.625,-65.250,6.188,-5.812,-34.688
28462415,BNO_MAG_UC,1821,-4900,0,45.688,-2.375,-64.312,6.188,-5.812,-34.688
28472797,BNO_MAG_UC,1822,-5800,0,43.812,-2.000,-64.750,6.188,-5.812,-34.688
28482854,BNO_MAG_UC,1823,-6000,0,46.062,-0.250,-63.438,6.188,-5.812,-34.688
28502663,BNO_MAG_UC,1824,-5100,0,44.562,-2.688,-65.250,6.188,-5.812,-34.688
28512811,BNO_MAG_UC,1825,-5600,0,44.938,-1.625,-64.812,6.188,-5.812,-34.688
28522856,BNO_MAG_UC,1826,-5800,0,44.938,-2.000,-64.312,6.188,-5.812,-34.688
28543021,BNO_MAG_UC,1827,-5700,0,43.125,0.125,-64.312,6.188,-5.812,-34.688
28552890,BNO_MAG_UC,1828,-5800,0,45.312,-1.312,-64.312,6.188,-5.812,-34.688
28562837,BNO_MAG_UC,1829,-5800,0,46.438,0.125,-63.938,6.188,-5.812,-34.688
28583663,BNO_MAG_UC,1830,-6000,0,44.938,-1.625,-64.812,6.188,-5.812,-34.688
28593234,BNO_MAG_UC,1831,-6000,0,44.562,-0.938,-65.250,6.188,-5.812,-34.688
28602884,BNO_MAG_UC,1832,-5300,0,43.875,-0.250,-64.812,6.188,-5.812,-34.688
28623375,BNO_MAG_UC,1833,-5700,0,45.312,-1.312,-63.438,6.188,-5.812,-34.688
28632933,BNO_MAG_UC,1834,-5400,0,45.688,-0.938,-64.812,6.188,-5.812,-34.688
28643096,BNO_MAG_UC,1835,-5600,0,44.562,-1.312,-64.312,6.188,-5.812,-34.688
28663464,BNO_MAG_UC,1836,-5500,0,46.438,-1.250,-64.812,6.188,-5.812,-34.688
28673096,BNO_MAG_UC,1837,-5400,0,44.562,-1.312,-64.312,6.188,-5.812,-34.688
28683133,BNO_MAG_UC,1838,-5600,0,46.375,-2.000,-63.438,6.188,-5.812,-34.688
28702962,BNO_MAG_UC,1839,-5400,0,45.312,-0.562,-63.438,6.188,-5.812,-34.688
28712494,BNO_MAG_UC,1840,-5400,0,44.938,-1.625,-63.938,6.188,-5.812,-34.688
28743680,BNO_MAG_UC,1841,-5300,0,45.688,-2.000,-63.938,6.188,-5.812,-34.688
28753340,BNO_MAG_UC,1842,-5400,0,44.938,-0.250,-65.250,6.188,-5.812,-34.688
28763276,BNO_MAG_UC,1843,-5800,0,45.312,-0.562,-64.312,6.188,-5.812,-34.688
28783126,BNO_MAG_UC,1844,-5400,0,45.688,-2.000,-64.312,6.188,-5.812,-34.688
28793523,BNO_MAG_UC,1845,-5800,0,46.438,-1.625,-64.312,6.188,-5.812,-34.688
28803373,BNO_MAG_UC,1846,-5400,0,44.938,-2.000,-64.312,6.188,-5.812,-34.688
28823711,BNO_MAG_UC,1847,-5500,0,45.688,0.750,-65.312,6.188,-5.812,-34.688
28832677,BNO_MAG_UC,1848,-5400,0,46.812,-1.625,-65.250,6.188,-5.812,-34.688
28843907,BNO_MAG_UC,1849,-6000,0,44.938,-1.312,-63.938,6.188,-5.812,-34.688
28863987,BNO_MAG_UC,1850,-6200,0,46.062,-2.000,-65.250,6.188,-5.812,-34.688
28872969,BNO_MAG_UC,1851,-4900,0,45.688,-1.312,-63.938,6.188,-5.812,-34.688
28884185,BNO_MAG_UC,1852,-6000,0,44.938,-2.000,-65.688,6.188,-5.812,-34.688
28903924,BNO_MAG_UC,1853,-5700,0,45.312,-2.000,-63.438,6.188,-5.812,-34.688
28913154,BNO_MAG_UC,1854,-5400,0,45.312,-1.625,-64.375,6.188,-5.812,-34.688
28924316,BNO_MAG_UC,1855,-6000,0,44.938,-0.938,-64.312,6.188,-5.812,-34.688
28944361,BNO_MAG_UC,1856,-5900,0,45.312,-2.375,-64.312,6.188,-5.812,-34.688
28953272,BNO_MAG_UC,1857,-5400,0,46.812,-1.250,-64.312,6.188,-5.812,-34.688
28964429,BNO_MAG_UC,1858,-6000,0,45.312,-0.562,-64.312,6.188,-5.812,-34.688
28984490,BNO_MAG_UC,1859,-5900,0,44.562,0.125,-64.312,6.188,-5.812,-34.688
28993370,BNO_MAG_UC,1860,-5400,0,45.312,-0.938,-64.312,6.188,-5.812,-34.688
29024531,BNO_MAG_UC,1861,-5700,0,45.312,-1.625,-65.688,6.188,-5.812,-34.688
29033638,BNO_MAG_UC,1862,-5400,0,44.188,-1.312,-64.812,6.188,-5.812,-34.688
29065354,BNO_MAG_UC,1863,-7600,0,45.688,-0.938,-63.938,6.188,-5.812,-34.688
29073657,BNO_MAG_UC,1864,-5600,0,46.062,-1.312,-64.312,6.188,-5.812,-34.688
29104351,BNO_MAG_UC,1865,-5800,0,45.688,-0.562,-64.312,6.188,-5.812,-34.688
29113733,BNO_MAG_UC,1866,-4900,0,46.062,-1.312,-63.438,6.188,-5.812,-34.688
29145037,BNO_MAG_UC,1867,-6100,0,46.375,-2.000,-63.438,6.188,-5.812,-34.688
29154111,BNO_MAG_UC,1868,-5400,0,46.062,-1.625,-65.250,6.188,-5.812,-34.688
29185148,BNO_MAG_UC,1869,-6100,0,45.312,-2.688,-64.312,6.188,-5.812,-34.688
29194379,BNO_MAG_UC,1870,-5800,0,47.500,-0.938,-63.438,6.188,-5.812,-34.688
29204172,BNO_MAG_UC,1871,-5100,0,47.500,-0.938,-63.438,6.188,-5.812,-34.688
29234262,BNO_MAG_UC,1872,-5100,0,45.688,-2.688,-63.000,6.188,-5.812,-34.688
29265274,BNO_MAG_UC,1873,-6000,0,45.688,-2.000,-64.812,6.188,-5.812,-34.688
29274447,BNO_MAG_UC,1874,-5400,0,45.312,-1.312,-63.938,6.188,-5.812,-34.688
29284491,BNO_MAG_UC,1875,-5400,0,44.938,0.125,-64.312,6.188,-5.812,-34.688
29294618,BNO_MAG_UC,1876,-5800,0,45.312,-2.000,-63.000,6.188,-5.812,-34.688
29314384,BNO_MAG_UC,1877,-5600,0,46.062,-0.938,-65.688,6.188,-5.812,-34.688
29324612,BNO_MAG_UC,1878,-5600,0,45.688,-0.938,-64.812,6.188,-5.812,-34.688
29354138,BNO_MAG_UC,1879,-4900,0,44.938,-0.250,-63.438,6.188,-5.812,-34.688
29385612,BNO_MAG_UC,1880,-5500,0,44.562,-0.250,-65.250,6.188,-5.812,-34.688
29394786,BNO_MAG_UC,1881,-5100,0,44.938,-1.625,-63.938,6.188,-5.812,-34.688
29404543,BNO_MAG_UC,1882,-5100,0,44.250,-0.250,-65.688,6.188,-5.812,-34.688
29414762,BNO_MAG_UC,1883,-5600,0,43.438,-2.375,-64.750,6.188,-5.812,-34.688
29434337,BNO_MAG_UC,1884,-5300,0,43.875,-0.625,-65.250,6.188,-5.812,-34.688
29474513,BNO_MAG_UC,1885,-4900,0,43.812,-2.000,-64.750,6.188,-5.812,-34.688
29514638,BNO_MAG_UC,1886,-4700,0,43.125,-2.000,-66.125,6.188,-5.812,-34.688
29525273,BNO_MAG_UC,1887,-5800,0,43.125,-2.000,-66.125,6.188,-5.812,-34.688
29534812,BNO_MAG_UC,1888,-4700,0,42.000,-2.375,-67.438,6.188,-5.812,-34.688
29554047,BNO_MAG_UC,1889,-4500,0,42.375,-3.750,-67.438,6.188,-5.812,-34.688
29565357,BNO_MAG_UC,1890,-5800,0,43.125,-3.750,-67.000,6.188,-5.812,-34.688
29574935,BNO_MAG_UC,1891,-5100,0,42.375,-5.188,-67.938,6.188,-5.812,-34.688
29594056,BNO_MAG_UC,1892,-4500,0,43.438,-4.125,-67.000,6.188,-5.812,-34.688
29605145,BNO_MAG_UC,1893,-5600,0,42.375,-4.500,-67.875,6.188,-5.812,-34.688
29614864,BNO_MAG_UC,1894,-5100,0,42.375,-4.812,-66.562,6.188,-5.812,-34.688
29634221,BNO_MAG_UC,1895,-4700,0,43.812,-5.188,-68.312,6.188,-5.812,-34.688
29645576,BNO_MAG_UC,1896,-6000,0,43.062,-5.188,-67.000,6.188,-5.812,-34.688
29655010,BNO_MAG_UC,1897,-4900,0,44.562,-5.500,-69.250,6.188,-5.812,-34.688
29674482,BNO_MAG_UC,1898,-4900,0,44.562,-5.875,-68.375,6.188,-5.812,-34.688
29685678,BNO_MAG_UC,1899,-5600,0,46.062,-5.125,-69.312,6.188,-5.812,-34.688
29715502,BNO_MAG_UC,1900,-5100,0,46.438,-4.812,-69.312,6.188,-5.812,-34.688
29724583,BNO_MAG_UC,1901,-4900,0,47.188,-4.062,-70.188,6.188,-5.812,-34.688
29735671,BNO_MAG_UC,1902,-5800,0,46.812,-3.750,-69.312,6.188,-5.812,-34.688
29756055,BNO_MAG_UC,1903,-5900,0,47.938,-2.625,-71.562,6.188,-5.812,-34.688
29764663,BNO_MAG_UC,1904,-4900,0,47.562,-3.000,-71.938,6.188,-5.812,-34.688
29775614,BNO_MAG_UC,1905,-5800,0,46.500,-1.250,-72.875,6.188,-5.812,-34.688
29795673,BNO_MAG_UC,1906,-5800,0,47.938,-3.000,-74.250,6.188,-5.812,-34.688
29804834,BNO_MAG_UC,1907,-5100,0,46.812,-3.688,-74.625,6.188,-5.812,-34.688
29815787,BNO_MAG_UC,1908,-5600,0,47.250,-2.250,-76.000,6.188,-5.812,-34.688
29835805,BNO_MAG_UC,1909,-6000,0,46.875,-2.625,-75.562,6.188,-5.812,-34.688
29845080,BNO_MAG_UC,1910,-5100,0,48.688,-2.938,-76.000,6.188,-5.812,-34.688
29875918,BNO_MAG_UC,1911,-5100,0,49.062,-3.312,-77.812,6.188,-5.812,-34.688
29885127,BNO_MAG_UC,1912,-4900,0,47.625,-2.250,-78.188,6.188,-5.812,-34.688
29896125,BNO_MAG_UC,1913,-6000,0,47.625,-3.625,-80.938,6.188,-5.812,-34.688
29916189,BNO_MAG_UC,1914,-6200,0,48.000,-2.250,-78.188,6.188,-5.812,-34.688
29925321,BNO_MAG_UC,1915,-4500,0,47.250,-2.250,-80.500,6.188,-5.812,-34.688
29936283,BNO_MAG_UC,1916,-5800,0,48.000,-2.938,-80.938,6.188,-5.812,-34.688
29956180,BNO_MAG_UC,1917,-6000,0,48.000,-3.625,-81.375,6.188,-5.812,-34.688
29965535,BNO_MAG_UC,1918,-4900,0,46.125,-3.688,-80.938,6.188,-5.812,-34.688
29976556,BNO_MAG_UC,1919,-6000,0,47.625,-4.000,-81.812,6.188,-5.812,-34.688
29996481,BNO_MAG_UC,1920,-6200,0,46.500,-4.688,-82.250,6.188,-5.812,-34.688
30005523,BNO_MAG_UC,1921,-4500,0,46.875,-5.438,-82.250,6.188,-5.812,-34.688
30036511,BNO_MAG_UC,1922,-5300,0,47.625,-5.750,-82.250,6.188,-5.812,-34.688
30045681,BNO_MAG_UC,1923,-5100,0,46.875,-5.438,-82.688,6.188,-5.812,-34.688
30056694,BNO_MAG_UC,1924,-5800,0,48.000,-5.375,-84.500,6.188,-5.812,-34.688
30076397,BNO_MAG_UC,1925,-6000,0,48.000,-6.438,-83.125,6.188,-5.812,-34.688
30085837,BNO_MAG_UC,1926,-4700,0,47.250,-5.750,-83.625,6.188,-5.812,-34.688
30116693,BNO_MAG_UC,1927,-5500,0,47.250,-6.500,-82.688,6.188,-5.812,-34.688
30125880,BNO_MAG_UC,1928,-5100,0,47.562,-6.812,-82.250,6.188,-5.812,-34.688
30156911,BNO_MAG_UC,1929,-5700,0,46.875,-6.438,-84.500,6.188,-5.812,-34.688
30165978,BNO_MAG_UC,1930,-5100,0,48.000,-6.812,-83.625,6.188,-5.812,-34.688
30197111,BNO_MAG_UC,1931,-6200,0,47.625,-6.438,-84.500,6.188,-5.812,-34.688
