t_us,tag,seq,bno_delay_us,status,qw,qx,qy,qz
208904,BNO_GRV,0,-4300,3,0.938782,-0.009094,0.344421,-0.004578
219276,BNO_GRV,1,-4300,3,0.938721,-0.009094,0.344543,-0.004639
228755,BNO_GRV,2,-4200,3,0.938660,-0.009094,0.344666,-0.004700
238465,BNO_GRV,3,-4300,3,0.938599,-0.009094,0.344788,-0.004761
248891,BNO_GRV,4,-4300,3,0.938599,-0.009033,0.344910,-0.004761
259312,BNO_GRV,5,-4300,3,0.938538,-0.009033,0.345093,-0.004822
268681,BNO_GRV,6,-4000,3,0.938416,-0.008972,0.345276,-0.004822
277642,BNO_GRV,7,-3800,3,0.938354,-0.008972,0.345520,-0.004822
288356,BNO_GRV,8,-4500,3,0.938293,-0.008972,0.345642,-0.004822
298545,BNO_GRV,9,-4700,3,0.938293,-0.008972,0.345642,-0.004761
309014,BNO_GRV,10,-4300,3,0.938354,-0.008972,0.345520,-0.004700
318190,BNO_GRV,11,-4200,3,0.938416,-0.008972,0.345337,-0.004578
328957,BNO_GRV,12,-4300,3,0.938477,-0.009033,0.345215,-0.004456
339349,BNO_GRV,13,-4300,3,0.938477,-0.009033,0.345154,-0.004272
348903,BNO_GRV,14,-3800,3,0.938477,-0.009094,0.345154,-0.004150
357774,BNO_GRV,15,-3600,3,0.938477,-0.009155,0.345215,-0.003906
368666,BNO_GRV,16,-4500,3,0.938416,-0.009216,0.345337,-0.003662
378963,BNO_GRV,17,-4500,3,0.938477,-0.009277,0.345276,-0.003357
389365,BNO_GRV,18,-4700,3,0.938538,-0.009399,0.345093,-0.002930
398779,BNO_GRV,19,-4500,3,0.938599,-0.009460,0.344788,-0.002441
408798,BNO_GRV,20,-4500,3,0.938782,-0.009644,0.344421,-0.001953
419903,BNO_GRV,21,-5300,3,0.938965,-0.009827,0.343933,-0.001404
429579,BNO_GRV,22,-4300,3,0.939087,-0.009949,0.343628,-0.000854
438679,BNO_GRV,23,-4500,3,0.939087,-0.010010,0.343445,-0.000488
449613,BNO_GRV,24,-4700,3,0.939087,-0.009949,0.343506,-0.000549
459416,BNO_GRV,25,-4900,3,0.939087,-0.009827,0.343506,-0.000977
469751,BNO_GRV,26,-4700,3,0.939087,-0.009644,0.343506,-0.001465
478769,BNO_GRV,27,-4300,3,0.939026,-0.009521,0.343689,-0.001831
489291,BNO_GRV,28,-4200,3,0.938904,-0.009338,0.344116,-0.002075
500192,BNO_GRV,29,-4700,3,0.938782,-0.009216,0.344482,-0.002258
509413,BNO_GRV,30,-3800,3,0.938721,-0.009155,0.344604,-0.002380
518472,BNO_GRV,31,-4000,3,0.938721,-0.009094,0.344482,-0.002502
529170,BNO_GRV,32,-4200,3,0.938843,-0.009033,0.344299,-0.002625
539704,BNO_GRV,33,-4700,3,0.938904,-0.008911,0.344116,-0.002869
549159,BNO_GRV,34,-3800,3,0.938904,-0.008789,0.344055,-0.003235
558647,BNO_GRV,35,-4000,3,0.938843,-0.008545,0.344177,-0.003845
569452,BNO_GRV,36,-4300,3,0.938721,-0.008301,0.344604,-0.004700
580350,BNO_GRV,37,-4700,3,0.938416,-0.007935,0.345398,-0.005676
590138,BNO_GRV,38,-4000,3,0.938110,-0.007568,0.346252,-0.006775
599095,BNO_GRV,39,-4300,3,0.937744,-0.007202,0.347107,-0.007690
609513,BNO_GRV,40,-4200,3,0.937439,-0.006897,0.348022,-0.008606
620082,BNO_GRV,41,-4700,3,0.937134,-0.006653,0.348694,-0.009277
629660,BNO_GRV,42,-3600,3,0.936951,-0.006348,0.349243,-0.009766
639189,BNO_GRV,43,-4300,3,0.936829,-0.006104,0.349548,-0.010193
649926,BNO_GRV,44,-4300,3,0.936829,-0.005859,0.349670,-0.010559
659366,BNO_GRV,45,-4500,3,0.936829,-0.005676,0.349609,-0.010986
669477,BNO_GRV,46,-4200,3,0.936829,-0.005493,0.349487,-0.011658
679419,BNO_GRV,47,-4300,3,0.936890,-0.005249,0.349426,-0.012634
689190,BNO_GRV,48,-4300,3,0.936829,-0.004822,0.349487,-0.013916
699288,BNO_GRV,49,-4200,3,0.936768,-0.004333,0.349609,-0.015442
709920,BNO_GRV,50,-4300,3,0.936646,-0.003906,0.349854,-0.016663
718847,BNO_GRV,51,-4000,3,0.936584,-0.003601,0.349915,-0.017578
729961,BNO_GRV,52,-4300,3,0.936646,-0.003296,0.349854,-0.018250
739430,BNO_GRV,53,-4500,3,0.936707,-0.003113,0.349548,-0.018677
749703,BNO_GRV,54,-4300,3,0.936890,-0.002991,0.349060,-0.019165
759745,BNO_GRV,55,-4500,3,0.937134,-0.002808,0.348389,-0.019775
769355,BNO_GRV,56,-4300,3,0.937439,-0.002563,0.347534,-0.020569
779820,BNO_GRV,57,-4500,3,0.937805,-0.002258,0.346558,-0.021606
789882,BNO_GRV,58,-4000,3,0.938110,-0.001953,0.345581,-0.022705
800025,BNO_GRV,59,-4500,3,0.938354,-0.001587,0.344788,-0.023926
809425,BNO_GRV,60,-4300,3,0.938477,-0.001282,0.344360,-0.024963
819859,BNO_GRV,61,-4500,3,0.938477,-0.000916,0.344299,-0.026001
829963,BNO_GRV,62,-4000,3,0.938416,-0.000610,0.344482,-0.026855
840087,BNO_GRV,63,-4700,3,0.938293,-0.000366,0.344666,-0.027588
849555,BNO_GRV,64,-4300,3,0.938232,-0.000183,0.344849,-0.028076
859793,BNO_GRV,65,-4500,3,0.938232,0.000000,0.344788,-0.028320
870176,BNO_GRV,66,-4300,3,0.938354,0.000122,0.344482,-0.028625
880222,BNO_GRV,67,-4300,3,0.938538,0.000244,0.343994,-0.029053
889592,BNO_GRV,68,-4300,3,0.938721,0.000488,0.343445,-0.029846
900307,BNO_GRV,69,-4500,3,0.938904,0.000916,0.342834,-0.031006
910148,BNO_GRV,70,-4000,3,0.939026,0.001343,0.342285,-0.032349
920068,BNO_GRV,71,-4500,3,0.939209,0.001770,0.341736,-0.033752
929522,BNO_GRV,72,-4300,3,0.939270,0.002075,0.341370,-0.034729
940410,BNO_GRV,73,-4700,3,0.939270,0.002258,0.341370,-0.035278
950096,BNO_GRV,74,-4000,3,0.939209,0.002441,0.341492,-0.035583
960145,BNO_GRV,75,-4500,3,0.939148,0.002563,0.341614,-0.036011
969815,BNO_GRV,76,-4300,3,0.939148,0.002747,0.341614,-0.036560
980376,BNO_GRV,77,-4300,3,0.939087,0.002991,0.341553,-0.037292
990820,BNO_GRV,78,-4300,3,0.939087,0.003296,0.341492,-0.038086
1000410,BNO_GRV,79,-4700,3,0.939087,0.003540,0.341370,-0.038818
1009752,BNO_GRV,80,-4200,3,0.939087,0.003906,0.341309,-0.039551
1020349,BNO_GRV,81,-4300,3,0.939087,0.004211,0.341309,-0.040222
1030663,BNO_GRV,82,-4200,3,0.939026,0.004395,0.341370,-0.040771
1040600,BNO_GRV,83,-4300,3,0.938965,0.004639,0.341492,-0.041321
1050188,BNO_GRV,84,-4300,3,0.938843,0.004883,0.341797,-0.041931
1060777,BNO_GRV,85,-4500,3,0.938660,0.005127,0.342163,-0.042542
1070672,BNO_GRV,86,-3800,3,0.938538,0.005371,0.342346,-0.043213
1080846,BNO_GRV,87,-4500,3,0.938538,0.005615,0.342407,-0.043884
1090075,BNO_GRV,88,-4300,3,0.938538,0.005798,0.342285,-0.044434
1100768,BNO_GRV,89,-4500,3,0.938599,0.005981,0.342102,-0.045044
1111073,BNO_GRV,90,-4300,3,0.938599,0.006226,0.341858,-0.045715
1120438,BNO_GRV,91,-4300,3,0.938599,0.006531,0.341736,-0.046692
1130015,BNO_GRV,92,-4200,3,0.938599,0.006958,0.341614,-0.047791
1140704,BNO_GRV,93,-4300,3,0.938538,0.007263,0.341553,-0.048889
1151165,BNO_GRV,94,-4300,3,0.938477,0.007507,0.341675,-0.049683
1160398,BNO_GRV,95,-4200,3,0.938416,0.007690,0.341797,-0.050232
1170091,BNO_GRV,96,-4300,3,0.938293,0.007874,0.341980,-0.050598
1180751,BNO_GRV,97,-4500,3,0.938232,0.007996,0.342224,-0.050903
1191257,BNO_GRV,98,-4300,3,0.938110,0.008118,0.342407,-0.051147
1200607,BNO_GRV,99,-4200,3,0.938110,0.008179,0.342407,-0.051392
1210271,BNO_GRV,100,-4300,3,0.938171,0.008179,0.342285,-0.051575
1220906,BNO_GRV,101,-4300,3,0.938232,0.008240,0.342102,-0.051880
1231440,BNO_GRV,102,-4500,3,0.938232,0.008423,0.341858,-0.052246
1240830,BNO_GRV,103,-4300,3,0.938293,0.008606,0.341675,-0.052795
1250378,BNO_GRV,104,-4200,3,0.938354,0.008850,0.341370,-0.053467
1261107,BNO_GRV,105,-4500,3,0.938477,0.009033,0.341003,-0.054077
1271588,BNO_GRV,106,-4300,3,0.938538,0.009155,0.340698,-0.054382
1280817,BNO_GRV,107,-4200,3,0.938660,0.009094,0.340515,-0.054321
1290440,BNO_GRV,108,-4200,3,0.938721,0.009033,0.340332,-0.054077
1301085,BNO_GRV,109,-4300,3,0.938721,0.008911,0.340271,-0.053772
1311721,BNO_GRV,110,-4300,3,0.938721,0.008911,0.340332,-0.053772
1320950,BNO_GRV,111,-4200,3,0.938660,0.009033,0.340393,-0.054016
1330771,BNO_GRV,112,-4300,3,0.938599,0.009216,0.340637,-0.054504
1340679,BNO_GRV,113,-4300,3,0.938416,0.009521,0.340942,-0.055115
1351076,BNO_GRV,114,-4700,3,0.938232,0.009766,0.341370,-0.055725
1361535,BNO_GRV,115,-4900,3,0.938049,0.010010,0.341797,-0.056091
1370466,BNO_GRV,116,-4200,3,0.937866,0.010193,0.342163,-0.056335
1381102,BNO_GRV,117,-4300,3,0.937744,0.010315,0.342529,-0.056519
1391519,BNO_GRV,118,-4300,3,0.937683,0.010437,0.342651,-0.056763
1401773,BNO_GRV,119,-4500,3,0.937683,0.010559,0.342590,-0.057068
1411123,BNO_GRV,120,-4200,3,0.937744,0.010620,0.342407,-0.057556
1420730,BNO_GRV,121,-4200,3,0.937805,0.010742,0.342163,-0.058167
1431462,BNO_GRV,122,-4900,3,0.937866,0.010925,0.341858,-0.058838
1441861,BNO_GRV,123,-4500,3,0.937866,0.011169,0.341614,-0.059570
1450703,BNO_GRV,124,-4200,3,0.937866,0.011353,0.341492,-0.060120
1461400,BNO_GRV,125,-4200,3,0.937866,0.011536,0.341492,-0.060608
1472060,BNO_GRV,126,-4500,3,0.937805,0.011658,0.341553,-0.061035
1481409,BNO_GRV,127,-4000,3,0.937744,0.011841,0.341675,-0.061401
1490442,BNO_GRV,128,-3800,3,0.937683,0.011963,0.341858,-0.061646
1501272,BNO_GRV,129,-4500,3,0.937561,0.012024,0.341980,-0.061829
1510963,BNO_GRV,130,-4300,3,0.937500,0.012146,0.342163,-0.062073
1521430,BNO_GRV,131,-4300,3,0.937439,0.012329,0.342346,-0.062439
1530588,BNO_GRV,132,-3800,3,0.937317,0.012573,0.342468,-0.062866
1541364,BNO_GRV,133,-4300,3,0.937256,0.012878,0.342529,-0.063416
1552281,BNO_GRV,134,-4700,3,0.937256,0.013123,0.342468,-0.064026
1561752,BNO_GRV,135,-4000,3,0.937256,0.013245,0.342407,-0.064575
1570497,BNO_GRV,136,-3800,3,0.937317,0.013306,0.342163,-0.065002
1581291,BNO_GRV,137,-4200,3,0.937378,0.013306,0.341980,-0.065247
1591249,BNO_GRV,138,-4300,3,0.937439,0.013367,0.341797,-0.065308
1601572,BNO_GRV,139,-4200,3,0.937439,0.013367,0.341675,-0.065247
1610485,BNO_GRV,140,-3600,3,0.937439,0.013367,0.341675,-0.065247
1621621,BNO_GRV,141,-4300,3,0.937439,0.013367,0.341736,-0.065247
1631114,BNO_GRV,142,-4200,3,0.937439,0.013428,0.341797,-0.065308
1641873,BNO_GRV,143,-4500,3,0.937378,0.013428,0.341858,-0.065369
1651387,BNO_GRV,144,-4300,3,0.937378,0.013489,0.341919,-0.065491
1661181,BNO_GRV,145,-4200,3,0.937378,0.013489,0.341797,-0.065613
1671338,BNO_GRV,146,-4300,3,0.937500,0.013550,0.341431,-0.065796
1681752,BNO_GRV,147,-4300,3,0.937683,0.013550,0.340820,-0.065918
1690757,BNO_GRV,148,-3800,3,0.937927,0.013489,0.340149,-0.066101
1702117,BNO_GRV,149,-4300,3,0.938171,0.013428,0.339478,-0.066223
1711310,BNO_GRV,150,-4300,3,0.938416,0.013367,0.338928,-0.066162
1722144,BNO_GRV,151,-4500,3,0.938599,0.013245,0.338379,-0.065979
1731674,BNO_GRV,152,-4500,3,0.938782,0.013245,0.337952,-0.065857
1741533,BNO_GRV,153,-4200,3,0.938843,0.013184,0.337769,-0.065796
1751469,BNO_GRV,154,-4300,3,0.938843,0.013184,0.337708,-0.065735
1761936,BNO_GRV,155,-4500,3,0.938904,0.013184,0.337646,-0.065674
1770876,BNO_GRV,156,-3600,3,0.938904,0.013184,0.337585,-0.065735
1781983,BNO_GRV,157,-4300,3,0.938965,0.013184,0.337463,-0.065735
1791688,BNO_GRV,158,-4300,3,0.939026,0.013123,0.337219,-0.065796
1801993,BNO_GRV,159,-4200,3,0.939148,0.013123,0.336975,-0.065796
1811120,BNO_GRV,160,-3800,3,0.939209,0.013123,0.336731,-0.065796
1822160,BNO_GRV,161,-4500,3,0.939270,0.013123,0.336548,-0.065796
1831588,BNO_GRV,162,-4300,3,0.939331,0.013123,0.336426,-0.065735
1842208,BNO_GRV,163,-4300,3,0.939392,0.013062,0.336304,-0.065735
1851223,BNO_GRV,164,-4000,3,0.939392,0.013123,0.336243,-0.065674
1862324,BNO_GRV,165,-4300,3,0.939392,0.013062,0.336182,-0.065613
1871755,BNO_GRV,166,-4300,3,0.939453,0.013062,0.336121,-0.065613
1882186,BNO_GRV,167,-4300,3,0.939453,0.013062,0.335999,-0.065613
1892261,BNO_GRV,168,-4500,3,0.939514,0.013062,0.335938,-0.065613
1901940,BNO_GRV,169,-4200,3,0.939514,0.013062,0.335815,-0.065613
1912450,BNO_GRV,170,-4300,3,0.939575,0.013062,0.335815,-0.065674
1922171,BNO_GRV,171,-3800,3,0.939514,0.013123,0.335938,-0.065674
1932508,BNO_GRV,172,-4500,3,0.939453,0.013184,0.336121,-0.065735
1941908,BNO_GRV,173,-4300,3,0.939331,0.013184,0.336365,-0.065735
1952449,BNO_GRV,174,-4500,3,0.939270,0.013245,0.336548,-0.065796
1962354,BNO_GRV,175,-4000,3,0.939209,0.013306,0.336670,-0.065796
1972534,BNO_GRV,176,-4500,3,0.939148,0.013306,0.336792,-0.065796
1982025,BNO_GRV,177,-4300,3,0.939148,0.013245,0.336914,-0.065735
1992435,BNO_GRV,178,-4300,3,0.939087,0.013245,0.337036,-0.065613
2002343,BNO_GRV,179,-4000,3,0.939087,0.013184,0.337158,-0.065491
2012559,BNO_GRV,180,-4300,3,0.939026,0.013062,0.337280,-0.065308
2021870,BNO_GRV,181,-4000,3,0.939026,0.013000,0.337463,-0.065063
2032523,BNO_GRV,182,-4500,3,0.938965,0.012939,0.337585,-0.064819
2042563,BNO_GRV,183,-4000,3,0.938965,0.012878,0.337708,-0.064514
2052771,BNO_GRV,184,-4700,3,0.938904,0.012817,0.337830,-0.064270
2062113,BNO_GRV,185,-4300,3,0.938965,0.012756,0.337830,-0.064087
2073156,BNO_GRV,186,-4500,3,0.938965,0.012695,0.337830,-0.063843
2083316,BNO_GRV,187,-4200,3,0.938782,0.012756,0.338440,-0.063416
2092912,BNO_GRV,188,-4700,3,0.938599,0.012817,0.338989,-0.062927
2102843,BNO_GRV,189,-4500,3,0.938416,0.012878,0.339539,-0.062439
2112597,BNO_GRV,190,-4700,3,0.938293,0.012817,0.340027,-0.061951
2123331,BNO_GRV,191,-5100,3,0.938171,0.012817,0.340454,-0.061523
2132905,BNO_GRV,192,-4700,3,0.938049,0.012817,0.340820,-0.061157
2142601,BNO_GRV,193,-4300,3,0.937927,0.012817,0.341187,-0.060791
2152678,BNO_GRV,194,-4500,3,0.937866,0.012817,0.341553,-0.060425
2163406,BNO_GRV,195,-4700,3,0.937744,0.012817,0.341797,-0.060059
2172980,BNO_GRV,196,-4700,3,0.937683,0.012756,0.342102,-0.059753
2182668,BNO_GRV,197,-4500,3,0.937622,0.012756,0.342346,-0.059509
2192741,BNO_GRV,198,-4500,3,0.937500,0.012817,0.342712,-0.059265
2203541,BNO_GRV,199,-4900,3,0.937439,0.012756,0.342896,-0.059021
2213100,BNO_GRV,200,-4700,3,0.937378,0.012695,0.343140,-0.058716
2223074,BNO_GRV,201,-4500,3,0.937195,0.012695,0.343689,-0.058350
2232809,BNO_GRV,202,-4500,3,0.937073,0.012695,0.344116,-0.057983
2243689,BNO_GRV,203,-5300,3,0.936951,0.012573,0.344421,-0.057495
2253391,BNO_GRV,204,-4700,3,0.936890,0.012451,0.344666,-0.057007
2263176,BNO_GRV,205,-4300,3,0.936951,0.012268,0.344727,-0.056396
2272904,BNO_GRV,206,-4500,3,0.936890,0.012146,0.344849,-0.055786
2283670,BNO_GRV,207,-4900,3,0.936951,0.011963,0.344971,-0.055054
2293263,BNO_GRV,208,-4500,3,0.936951,0.011780,0.344971,-0.054382
2302997,BNO_GRV,209,-4500,3,0.937012,0.011597,0.344971,-0.053772
2312818,BNO_GRV,210,-4500,3,0.937012,0.011475,0.345032,-0.053162
2323394,BNO_GRV,211,-4500,3,0.937012,0.011353,0.345093,-0.052490
2333479,BNO_GRV,212,-4500,3,0.937012,0.011108,0.345276,-0.051819
2343343,BNO_GRV,213,-4700,3,0.936951,0.010925,0.345459,-0.051147
2353108,BNO_GRV,214,-4700,3,0.936951,0.010742,0.345581,-0.050415
2363861,BNO_GRV,215,-4900,3,0.937012,0.010498,0.345642,-0.049622
2373587,BNO_GRV,216,-4300,3,0.937012,0.010315,0.345703,-0.048889
2383585,BNO_GRV,217,-4700,3,0.937073,0.010071,0.345581,-0.048096
2392948,BNO_GRV,218,-4500,3,0.937195,0.009827,0.345520,-0.047302
2403462,BNO_GRV,219,-4900,3,0.937195,0.009521,0.345581,-0.046387
2413386,BNO_GRV,220,-4300,3,0.937134,0.009277,0.345825,-0.045471
2423176,BNO_GRV,221,-4500,3,0.937073,0.009094,0.346191,-0.044617
2433341,BNO_GRV,222,-4500,3,0.936951,0.008911,0.346619,-0.043884
2443775,BNO_GRV,223,-4700,3,0.936768,0.008728,0.347107,-0.043274
2454060,BNO_GRV,224,-4500,3,0.936707,0.008606,0.347412,-0.042664
2463766,BNO_GRV,225,-4300,3,0.936584,0.008423,0.347778,-0.042053
2473175,BNO_GRV,226,-4300,3,0.936523,0.008179,0.348145,-0.041321
2483482,BNO_GRV,227,-4700,3,0.936462,0.007935,0.348389,-0.040466
2493912,BNO_GRV,228,-4700,3,0.936462,0.007690,0.348511,-0.039490
2503257,BNO_GRV,229,-4300,3,0.936523,0.007385,0.348450,-0.038452
2513215,BNO_GRV,230,-4300,3,0.936646,0.007019,0.348145,-0.037415
2523443,BNO_GRV,231,-4500,3,0.936890,0.006653,0.347717,-0.036499
2533733,BNO_GRV,232,-4500,3,0.937073,0.006348,0.347290,-0.035706
2542629,BNO_GRV,233,-3800,3,0.937195,0.006165,0.347046,-0.035217
2553264,BNO_GRV,234,-4300,3,0.937256,0.006042,0.346924,-0.035034
2563822,BNO_GRV,235,-4500,3,0.937195,0.006104,0.346863,-0.035217
2573699,BNO_GRV,236,-3800,3,0.937195,0.006348,0.346924,-0.035706
2582582,BNO_GRV,237,-3600,3,0.937195,0.006592,0.346924,-0.036377
2593666,BNO_GRV,238,-4300,3,0.937195,0.006836,0.346802,-0.036987
2603181,BNO_GRV,239,-4200,3,0.937256,0.006897,0.346497,-0.037292
2613744,BNO_GRV,240,-4300,3,0.937439,0.006775,0.346008,-0.037109
2623003,BNO_GRV,241,-3800,3,0.937744,0.006531,0.345398,-0.036499
2633787,BNO_GRV,242,-4300,3,0.938049,0.006104,0.344604,-0.035583
2643459,BNO_GRV,243,-4200,3,0.938416,0.005737,0.343811,-0.034668
2653768,BNO_GRV,244,-4200,3,0.938782,0.005371,0.342773,-0.033813
2663227,BNO_GRV,245,-4000,3,0.939209,0.005005,0.341797,-0.033020
2674062,BNO_GRV,246,-4300,3,0.939575,0.004883,0.340820,-0.032410
2683469,BNO_GRV,247,-4200,3,0.939819,0.004822,0.340088,-0.032166
2693973,BNO_GRV,248,-4300,3,0.940002,0.004944,0.339600,-0.032166
2702929,BNO_GRV,249,-3800,3,0.940125,0.005249,0.339294,-0.032288
2713767,BNO_GRV,250,-4200,3,0.940125,0.005249,0.339172,-0.032227
2723463,BNO_GRV,251,-4200,3,0.940125,0.004944,0.339355,-0.031738
2734809,BNO_GRV,252,-4700,3,0.940002,0.004517,0.339722,-0.030762
2743446,BNO_GRV,253,-4200,3,0.939941,0.004150,0.340027,-0.029602
2754364,BNO_GRV,254,-4500,3,0.939880,0.003662,0.340332,-0.028076
2763680,BNO_GRV,255,-4300,3,0.939819,0.003174,0.340698,-0.026672
2774155,BNO_GRV,256,-4200,3,0.939697,0.002747,0.341125,-0.025391
2783014,BNO_GRV,257,-3600,3,0.939575,0.002380,0.341492,-0.024353
2793841,BNO_GRV,258,-4200,3,0.939514,0.002014,0.341736,-0.023438
2803758,BNO_GRV,259,-4300,3,0.939453,0.001709,0.341919,-0.022827
2814179,BNO_GRV,260,-4200,3,0.939392,0.001465,0.342102,-0.022339
2823374,BNO_GRV,261,-3800,3,0.939331,0.001221,0.342346,-0.021790
2834360,BNO_GRV,262,-4300,3,0.939270,0.001038,0.342590,-0.021240
2843901,BNO_GRV,263,-4300,3,0.939209,0.000854,0.342712,-0.020630
2854474,BNO_GRV,264,-4300,3,0.939209,0.000610,0.342834,-0.020081
2863893,BNO_GRV,265,-4300,3,0.939148,0.000427,0.342957,-0.019714
2873878,BNO_GRV,266,-4200,3,0.939087,0.000366,0.343140,-0.019653
2884318,BNO_GRV,267,-4300,3,0.939026,0.000427,0.343323,-0.019897
2894355,BNO_GRV,268,-4000,3,0.938965,0.000488,0.343506,-0.020203
2904550,BNO_GRV,269,-4500,3,0.938782,0.000610,0.343872,-0.020569
2913838,BNO_GRV,270,-4200,3,0.938599,0.000671,0.344360,-0.020691
2924117,BNO_GRV,271,-4500,3,0.938354,0.000732,0.345093,-0.020752
2934414,BNO_GRV,272,-4200,3,0.938049,0.000854,0.345886,-0.020874
2944284,BNO_GRV,273,-4300,3,0.937683,0.000854,0.346802,-0.020996
2953952,BNO_GRV,274,-4200,3,0.937439,0.000671,0.347534,-0.020935
2964662,BNO_GRV,275,-4300,3,0.937134,0.000488,0.348389,-0.020447
2974555,BNO_GRV,276,-4000,3,0.936890,0.000305,0.349121,-0.019653
2984682,BNO_GRV,277,-4500,3,0.936646,-0.000061,0.349792,-0.018433
2994182,BNO_GRV,278,-4300,3,0.936462,-0.000549,0.350342,-0.017151
3004672,BNO_GRV,279,-4500,3,0.936218,-0.001038,0.351013,-0.015808
3014733,BNO_GRV,280,-3800,3,0.936035,-0.001526,0.351685,-0.014587
3024898,BNO_GRV,281,-4500,3,0.935730,-0.002014,0.352417,-0.013306
3034201,BNO_GRV,282,-4200,3,0.935486,-0.002380,0.353210,-0.012146
3044875,BNO_GRV,283,-4500,3,0.935181,-0.002930,0.354065,-0.010803
3054896,BNO_GRV,284,-4000,3,0.934875,-0.003540,0.354797,-0.009460
3065110,BNO_GRV,285,-4500,3,0.934570,-0.004150,0.355652,-0.007874
3074253,BNO_GRV,286,-4300,3,0.934326,-0.004761,0.356384,-0.006470
3084971,BNO_GRV,287,-4300,3,0.934021,-0.005127,0.357239,-0.005066
3094932,BNO_GRV,288,-3800,3,0.933716,-0.005493,0.357910,-0.004028
3105127,BNO_GRV,289,-4500,3,0.933472,-0.005981,0.358582,-0.003052
3114656,BNO_GRV,290,-4300,3,0.933228,-0.006226,0.359131,-0.002441
3125108,BNO_GRV,291,-4500,3,0.933044,-0.006470,0.359680,-0.001831
3134947,BNO_GRV,292,-4000,3,0.932861,-0.006714,0.360229,-0.001038
3145213,BNO_GRV,293,-4500,3,0.932617,-0.007019,0.360840,0.000122
3154437,BNO_GRV,294,-4300,3,0.932373,-0.007202,0.361450,0.001404
3165162,BNO_GRV,295,-4300,3,0.932129,-0.007446,0.362061,0.002991
3175127,BNO_GRV,296,-3800,3,0.931885,-0.007751,0.362610,0.004395
3185293,BNO_GRV,297,-4500,3,0.931641,-0.008240,0.363220,0.005676
3194621,BNO_GRV,298,-4300,3,0.931458,-0.008545,0.363708,0.006592
3205443,BNO_GRV,299,-4300,3,0.931274,-0.008789,0.364197,0.007263
3215213,BNO_GRV,300,-3800,3,0.931030,-0.008911,0.364685,0.007690
3225399,BNO_GRV,301,-4500,3,0.930786,-0.009033,0.365356,0.008057
3234574,BNO_GRV,302,-4200,3,0.930481,-0.009216,0.366150,0.008362
3245419,BNO_GRV,303,-4300,3,0.930176,-0.009277,0.366882,0.008728
3255947,BNO_GRV,304,-4500,3,0.929871,-0.009338,0.367676,0.009094
3265375,BNO_GRV,305,-4500,3,0.929565,-0.009521,0.368347,0.009521
3275042,BNO_GRV,306,-4200,3,0.929321,-0.009705,0.368958,0.010071
3284797,BNO_GRV,307,-4300,3,0.929138,-0.009827,0.369446,0.010559
3295418,BNO_GRV,308,-4300,3,0.928955,-0.010010,0.369934,0.011047
3305701,BNO_GRV,309,-4500,3,0.928772,-0.010132,0.370422,0.011414
3315193,BNO_GRV,310,-4200,3,0.928589,-0.010254,0.370850,0.011658
3325066,BNO_GRV,311,-4300,3,0.928406,-0.010315,0.371277,0.011841
3335662,BNO_GRV,312,-4700,3,0.928162,-0.010437,0.371826,0.012085
3345826,BNO_GRV,313,-4700,3,0.927979,-0.010498,0.372314,0.012451
3355289,BNO_GRV,314,-4300,3,0.927856,-0.010620,0.372620,0.012817
3365028,BNO_GRV,315,-4200,3,0.927795,-0.010681,0.372742,0.013062
3375326,BNO_GRV,316,-4700,3,0.927734,-0.010803,0.372864,0.013306
3385438,BNO_GRV,317,-4300,3,0.927673,-0.010864,0.372925,0.013489
3395099,BNO_GRV,318,-4200,3,0.927673,-0.010925,0.372986,0.013672
3405082,BNO_GRV,319,-4300,3,0.927612,-0.010986,0.373108,0.013855
3415581,BNO_GRV,320,-4500,3,0.927551,-0.010986,0.373291,0.014038
3425824,BNO_GRV,321,-4700,3,0.927429,-0.011047,0.373596,0.014160
3435162,BNO_GRV,322,-4500,3,0.927307,-0.011108,0.373901,0.014221
3446014,BNO_GRV,323,-4300,3,0.927185,-0.011047,0.374268,0.014282
3455736,BNO_GRV,324,-4700,3,0.927002,-0.010986,0.374634,0.014221
3466214,BNO_GRV,325,-4700,3,0.926819,-0.010986,0.375061,0.014221
3475324,BNO_GRV,326,-4300,3,0.926697,-0.011047,0.375366,0.014160
3485991,BNO_GRV,327,-4200,3,0.926636,-0.011047,0.375549,0.014160
3496453,BNO_GRV,328,-4300,3,0.926575,-0.011047,0.375671,0.014099
3505867,BNO_GRV,329,-4200,3,0.926575,-0.010986,0.375732,0.014038
3514808,BNO_GRV,330,-3800,3,0.926514,-0.010986,0.375793,0.013977
3525651,BNO_GRV,331,-4300,3,0.926575,-0.010986,0.375732,0.013916
3535575,BNO_GRV,332,-4500,3,0.926575,-0.010925,0.375671,0.013855
3545744,BNO_GRV,333,-4200,3,0.926636,-0.010925,0.375549,0.013794
3555255,BNO_GRV,334,-4300,3,0.926697,-0.010925,0.375427,0.013794
3566112,BNO_GRV,335,-4500,3,0.926697,-0.010925,0.375427,0.013733
3576641,BNO_GRV,336,-4500,3,0.926697,-0.010925,0.375488,0.013611
3586139,BNO_GRV,337,-3800,3,0.926636,-0.010925,0.375488,0.013611
3595055,BNO_GRV,338,-3800,3,0.926636,-0.010864,0.375549,0.013550
3605949,BNO_GRV,339,-4300,3,0.926636,-0.010864,0.375610,0.013489
3615560,BNO_GRV,340,-4200,3,0.926575,-0.010803,0.375732,0.013428
3626099,BNO_GRV,341,-4500,3,0.926514,-0.010803,0.375854,0.013428
3635563,BNO_GRV,342,-4300,3,0.926453,-0.010803,0.375916,0.013428
3646339,BNO_GRV,343,-4300,3,0.926453,-0.010803,0.376038,0.013428
3656793,BNO_GRV,344,-4500,3,0.926453,-0.010803,0.376038,0.013367
3666560,BNO_GRV,345,-4000,3,0.926453,-0.010803,0.375977,0.013367
3675937,BNO_GRV,346,-4500,3,0.927002,-0.010864,0.374634,0.013306
3685755,BNO_GRV,347,-4500,3,0.927490,-0.010925,0.373474,0.013306
3696619,BNO_GRV,348,-4900,3,0.927856,-0.010986,0.372559,0.013306
3706322,BNO_GRV,349,-4200,3,0.928162,-0.010986,0.371765,0.013245
3715708,BNO_GRV,350,-4300,3,0.928406,-0.011047,0.371155,0.013245
3725994,BNO_GRV,351,-4700,3,0.928650,-0.011047,0.370544,0.013184
3736808,BNO_GRV,352,-4900,3,0.928833,-0.011108,0.370117,0.013184
3746518,BNO_GRV,353,-4000,3,0.928955,-0.011108,0.369751,0.013184
3755587,BNO_GRV,354,-4200,3,0.929138,-0.011108,0.369385,0.013184
3766094,BNO_GRV,355,-4700,3,0.929260,-0.011169,0.369019,0.013184
3776020,BNO_GRV,356,-4500,3,0.929382,-0.011169,0.368713,0.013184
3786479,BNO_GRV,357,-4300,3,0.929504,-0.011169,0.368469,0.013123
3796158,BNO_GRV,358,-4500,3,0.929565,-0.011169,0.368286,0.013062
3806195,BNO_GRV,359,-4700,3,0.929626,-0.011169,0.368042,0.013000
3815954,BNO_GRV,360,-4300,3,0.929688,-0.011169,0.367981,0.012939
3826658,BNO_GRV,361,-4700,3,0.929749,-0.011230,0.367798,0.013000
3835848,BNO_GRV,362,-4200,3,0.929749,-0.011169,0.367737,0.013000
3846281,BNO_GRV,363,-4700,3,0.929749,-0.011230,0.367798,0.013062
3856351,BNO_GRV,364,-4700,3,0.929749,-0.011230,0.367798,0.013123
3866681,BNO_GRV,365,-4500,3,0.929749,-0.011230,0.367859,0.013184
3876260,BNO_GRV,366,-4300,3,0.929688,-0.011292,0.367920,0.013184
3886355,BNO_GRV,367,-4500,3,0.929688,-0.011230,0.367859,0.013245
3896343,BNO_GRV,368,-4500,3,0.929749,-0.011230,0.367859,0.013184
3906854,BNO_GRV,369,-4500,3,0.929749,-0.011230,0.367737,0.013123
3916553,BNO_GRV,370,-4500,3,0.929810,-0.011169,0.367615,0.013123
3926845,BNO_GRV,371,-4900,3,0.929871,-0.011169,0.367493,0.013062
3936269,BNO_GRV,372,-4300,3,0.929932,-0.011169,0.367310,0.013000
3947383,BNO_GRV,373,-4900,3,0.929993,-0.011169,0.367188,0.012939
3956930,BNO_GRV,374,-4700,3,0.930115,-0.011169,0.366943,0.012878
3966677,BNO_GRV,375,-4300,3,0.930237,-0.011108,0.366577,0.012756
3976612,BNO_GRV,376,-4500,3,0.930359,-0.011047,0.366211,0.012573
3987029,BNO_GRV,377,-4700,3,0.930542,-0.010986,0.365845,0.012268
3996726,BNO_GRV,378,-4700,3,0.930664,-0.010864,0.365479,0.011963
4006520,BNO_GRV,379,-4300,3,0.930786,-0.010803,0.365173,0.011719
4017206,BNO_GRV,380,-4500,3,0.930908,-0.010742,0.364990,0.011414
4027291,BNO_GRV,381,-4200,3,0.930969,-0.010620,0.364807,0.011230
4036750,BNO_GRV,382,-4700,3,0.931030,-0.010559,0.364624,0.010986
4046646,BNO_GRV,383,-4500,3,0.931091,-0.010498,0.364502,0.010742
4057058,BNO_GRV,384,-4500,3,0.931152,-0.010437,0.364258,0.010437
4067284,BNO_GRV,385,-4200,3,0.931335,-0.010376,0.363953,0.010132
4077520,BNO_GRV,386,-4500,3,0.931458,-0.010254,0.363525,0.009888
4087020,BNO_GRV,387,-4700,3,0.931580,-0.010193,0.363220,0.009705
4096957,BNO_GRV,388,-4500,3,0.931763,-0.010132,0.362793,0.009521
4107738,BNO_GRV,389,-4900,3,0.931885,-0.010071,0.362427,0.009277
4117268,BNO_GRV,390,-4700,3,0.932007,-0.010010,0.362122,0.009033
4127069,BNO_GRV,391,-4300,3,0.932129,-0.009888,0.361877,0.008728
4136954,BNO_GRV,392,-4500,3,0.932190,-0.009827,0.361633,0.008484
4147743,BNO_GRV,393,-5100,3,0.932312,-0.009705,0.361450,0.008118
4157270,BNO_GRV,394,-4700,3,0.932373,-0.009521,0.361267,0.007812
4167320,BNO_GRV,395,-4500,3,0.932434,-0.009338,0.361145,0.007446
4176894,BNO_GRV,396,-4500,3,0.932495,-0.009216,0.360962,0.007080
4187621,BNO_GRV,397,-4900,3,0.932556,-0.009094,0.360779,0.006714
4197347,BNO_GRV,398,-4500,3,0.932678,-0.008789,0.360596,0.006348
4207269,BNO_GRV,399,-4500,3,0.932739,-0.008484,0.360413,0.005920
4217144,BNO_GRV,400,-4500,3,0.932800,-0.008240,0.360229,0.005615
4228075,BNO_GRV,401,-5100,3,0.932922,-0.007812,0.359924,0.005249
4237579,BNO_GRV,402,-4500,3,0.933044,-0.007507,0.359680,0.004883
4246857,BNO_GRV,403,-4200,3,0.933105,-0.007141,0.359436,0.004517
4257432,BNO_GRV,404,-4300,3,0.933228,-0.006653,0.359192,0.003967
4267912,BNO_GRV,405,-4200,3,0.933350,-0.006287,0.358948,0.003418
4277487,BNO_GRV,406,-4300,3,0.933472,-0.005981,0.358643,0.002747
4287033,BNO_GRV,407,-4300,3,0.933655,-0.005798,0.358154,0.002075
4297905,BNO_GRV,408,-4500,3,0.933899,-0.005615,0.357483,0.001404
4307714,BNO_GRV,409,-3800,3,0.934143,-0.005432,0.356873,0.000916
4317822,BNO_GRV,410,-4500,3,0.934326,-0.005493,0.356384,0.000427
4327137,BNO_GRV,411,-4300,3,0.934509,-0.005310,0.355896,0.000061
4337627,BNO_GRV,412,-4200,3,0.934692,-0.004761,0.355347,-0.000488
4347656,BNO_GRV,413,-3800,3,0.934875,-0.004028,0.354980,-0.001160
4358041,BNO_GRV,414,-4700,3,0.934998,-0.003113,0.354675,-0.002136
4367355,BNO_GRV,415,-4300,3,0.935120,-0.002258,0.354370,-0.003174
4377182,BNO_GRV,416,-4300,3,0.935181,-0.001526,0.354065,-0.004333
4388184,BNO_GRV,417,-4700,3,0.935364,-0.000793,0.353699,-0.005615
4397600,BNO_GRV,418,-4000,3,0.935547,-0.000122,0.353088,-0.006958
4407322,BNO_GRV,419,-4300,3,0.935791,0.000549,0.352417,-0.008484
4417399,BNO_GRV,420,-4300,3,0.936096,0.001221,0.351562,-0.010132
4427457,BNO_GRV,421,-4500,3,0.936401,0.001770,0.350769,-0.011780
4437626,BNO_GRV,422,-4200,3,0.936646,0.002014,0.349976,-0.013306
4447083,BNO_GRV,423,-4000,3,0.936951,0.002258,0.349121,-0.014587
4457801,BNO_GRV,424,-4200,3,0.937317,0.002686,0.348145,-0.015869
4468511,BNO_GRV,425,-4500,3,0.937622,0.003357,0.347229,-0.017212
4477902,BNO_GRV,426,-4000,3,0.937866,0.004211,0.346436,-0.018799
4487676,BNO_GRV,427,-4200,3,0.938110,0.005066,0.345642,-0.020691
4497415,BNO_GRV,428,-4200,3,0.938293,0.005859,0.344971,-0.022522
4507763,BNO_GRV,429,-4700,3,0.938538,0.006531,0.344299,-0.024353
4518130,BNO_GRV,430,-4500,3,0.938721,0.007385,0.343506,-0.026123
4526969,BNO_GRV,431,-3800,3,0.939026,0.008301,0.342712,-0.027649
4537808,BNO_GRV,432,-4300,3,0.939209,0.009216,0.341919,-0.028992
4548000,BNO_GRV,433,-4700,3,0.939392,0.009888,0.341431,-0.030090
4558396,BNO_GRV,434,-4700,3,0.939453,0.010620,0.341064,-0.031128
4567610,BNO_GRV,435,-4300,3,0.939514,0.011108,0.340820,-0.031982
4578288,BNO_GRV,436,-4300,3,0.939819,0.011597,0.339966,-0.033020
4588958,BNO_GRV,437,-4500,3,0.939880,0.011902,0.339661,-0.033936
4598407,BNO_GRV,438,-4000,3,0.939941,0.012146,0.339355,-0.034851
4607335,BNO_GRV,439,-3800,3,0.940002,0.012329,0.338989,-0.035645
4618058,BNO_GRV,440,-4300,3,0.940125,0.012451,0.338684,-0.036377
4627636,BNO_GRV,441,-4200,3,0.940186,0.012573,0.338379,-0.036987
4638259,BNO_GRV,442,-4500,3,0.940247,0.012756,0.338135,-0.037476
4647166,BNO_GRV,443,-3600,3,0.940308,0.013062,0.338013,-0.037842
4658078,BNO_GRV,444,-4200,3,0.940308,0.013245,0.337952,-0.038025
4667740,BNO_GRV,445,-4300,3,0.940308,0.013428,0.337952,-0.038025
4678342,BNO_GRV,446,-4300,3,0.940247,0.013550,0.338074,-0.037903
4687357,BNO_GRV,447,-3600,3,0.940186,0.013672,0.338196,-0.037781
4698361,BNO_GRV,448,-4300,3,0.940186,0.013794,0.338257,-0.037598
4707804,BNO_GRV,449,-4300,3,0.940186,0.013794,0.338257,-0.037415
4718402,BNO_GRV,450,-4300,3,0.940247,0.013672,0.338196,-0.037231
4727454,BNO_GRV,451,-3800,3,0.940247,0.013672,0.338135,-0.037170
4738298,BNO_GRV,452,-4200,3,0.940308,0.013794,0.337952,-0.037292
4748024,BNO_GRV,453,-4300,3,0.940369,0.013916,0.337830,-0.037598
4758373,BNO_GRV,454,-4200,3,0.940369,0.013977,0.337769,-0.037964
4767834,BNO_GRV,455,-4200,3,0.940369,0.013977,0.337708,-0.038330
4778672,BNO_GRV,456,-4300,3,0.940369,0.013977,0.337585,-0.038635
4788143,BNO_GRV,457,-4300,3,0.940430,0.013977,0.337524,-0.038818
4798422,BNO_GRV,458,-4300,3,0.940430,0.013977,0.337402,-0.038879
4807515,BNO_GRV,459,-3600,3,0.940491,0.013916,0.337280,-0.038940
4818780,BNO_GRV,460,-4300,3,0.940552,0.013916,0.337036,-0.039001
4828090,BNO_GRV,461,-4300,3,0.940674,0.013916,0.336792,-0.039124
4838562,BNO_GRV,462,-4300,3,0.940735,0.013977,0.336548,-0.039368
4847646,BNO_GRV,463,-3800,3,0.940796,0.014038,0.336304,-0.039734
4858910,BNO_GRV,464,-4500,3,0.940857,0.014099,0.336121,-0.040161
4868126,BNO_GRV,465,-4200,3,0.940918,0.014221,0.335938,-0.040527
4879632,BNO_GRV,466,-4900,3,0.940979,0.014282,0.335754,-0.040833
4887931,BNO_GRV,467,-4000,3,0.940979,0.014404,0.335571,-0.041138
4899090,BNO_GRV,468,-4300,3,0.941040,0.014465,0.335449,-0.041443
4908328,BNO_GRV,469,-4300,3,0.941040,0.014526,0.335327,-0.041687
4919054,BNO_GRV,470,-4700,3,0.941101,0.014587,0.335205,-0.041931
4928534,BNO_GRV,471,-4300,3,0.941101,0.014648,0.335205,-0.042114
4938275,BNO_GRV,472,-4200,3,0.941040,0.014771,0.335205,-0.042297
4949120,BNO_GRV,473,-4500,3,0.941101,0.015015,0.335144,-0.042480
4958982,BNO_GRV,474,-3800,3,0.941101,0.015198,0.335083,-0.042664
4969250,BNO_GRV,475,-4500,3,0.941101,0.015381,0.335022,-0.042908
4978462,BNO_GRV,476,-4300,3,0.941101,0.015564,0.334900,-0.043152
4988808,BNO_GRV,477,-4500,3,0.941162,0.015625,0.334778,-0.043396
4998931,BNO_GRV,478,-4200,3,0.941223,0.015625,0.334656,-0.043640
5009132,BNO_GRV,479,-4700,3,0.941284,0.015625,0.334473,-0.043884
5018699,BNO_GRV,480,-4300,3,0.941345,0.015503,0.334229,-0.044067
5029044,BNO_GRV,481,-4300,3,0.941406,0.015381,0.333984,-0.044312
5039251,BNO_GRV,482,-4000,3,0.941467,0.015259,0.333740,-0.044556
5049342,BNO_GRV,483,-4500,3,0.941528,0.015137,0.333557,-0.044861
5058632,BNO_GRV,484,-4300,3,0.941528,0.015015,0.333557,-0.045044
5069343,BNO_GRV,485,-4500,3,0.941528,0.015015,0.333557,-0.045288
5079331,BNO_GRV,486,-3800,3,0.941467,0.015137,0.333679,-0.045471
5089432,BNO_GRV,487,-4500,3,0.941406,0.015320,0.333801,-0.045654
5098939,BNO_GRV,488,-4300,3,0.941345,0.015503,0.333923,-0.045837
5109662,BNO_GRV,489,-4300,3,0.941345,0.015625,0.333984,-0.046021
5119693,BNO_GRV,490,-4000,3,0.941345,0.015747,0.333984,-0.046143
5129558,BNO_GRV,491,-4700,3,0.941101,0.015869,0.334595,-0.046265
5139263,BNO_GRV,492,-4500,3,0.940918,0.015869,0.335083,-0.046387
5149698,BNO_GRV,493,-4500,3,0.940796,0.015930,0.335449,-0.046509
5159637,BNO_GRV,494,-4000,3,0.940674,0.015869,0.335693,-0.046570
5169695,BNO_GRV,495,-4500,3,0.940613,0.015808,0.335938,-0.046692
5179107,BNO_GRV,496,-4500,3,0.940491,0.015747,0.336243,-0.046753
5189863,BNO_GRV,497,-4500,3,0.940369,0.015686,0.336487,-0.046814
5199669,BNO_GRV,498,-3800,3,0.940308,0.015747,0.336731,-0.046814
5209829,BNO_GRV,499,-4500,3,0.940308,0.015747,0.336731,-0.046814
5219194,BNO_GRV,500,-4500,3,0.940247,0.015686,0.336975,-0.046814
5230116,BNO_GRV,501,-4700,3,0.940186,0.015625,0.337036,-0.046875
5239948,BNO_GRV,502,-4000,3,0.940186,0.015564,0.337158,-0.046875
5249711,BNO_GRV,503,-4500,3,0.940125,0.015564,0.337158,-0.046936
5259418,BNO_GRV,504,-4500,3,0.940125,0.015503,0.337219,-0.046997
5269183,BNO_GRV,505,-4500,3,0.940125,0.015442,0.337280,-0.046997
5280020,BNO_GRV,506,-4700,3,0.940063,0.015320,0.337341,-0.046997
5289872,BNO_GRV,507,-4300,3,0.940125,0.015259,0.337280,-0.046997
5299528,BNO_GRV,508,-4300,3,0.940125,0.015259,0.337219,-0.046936
5309320,BNO_GRV,509,-4500,3,0.940125,0.015198,0.337158,-0.046936
5320151,BNO_GRV,510,-4700,3,0.940186,0.015137,0.337097,-0.046875
5329932,BNO_GRV,511,-4700,3,0.940186,0.015137,0.337097,-0.046814
5339464,BNO_GRV,512,-4500,3,0.940186,0.015137,0.337158,-0.046753
5349642,BNO_GRV,513,-4500,3,0.940186,0.015137,0.337158,-0.046692
5360548,BNO_GRV,514,-4900,3,0.940125,0.015198,0.337219,-0.046570
5370112,BNO_GRV,515,-4500,3,0.940125,0.015259,0.337280,-0.046509
5379892,BNO_GRV,516,-4500,3,0.940125,0.015320,0.337341,-0.046448
5389528,BNO_GRV,517,-4500,3,0.940125,0.015381,0.337402,-0.046387
5399988,BNO_GRV,518,-4900,3,0.940063,0.015320,0.337463,-0.046387
5409953,BNO_GRV,519,-4300,3,0.940002,0.015198,0.337585,-0.046448
5419762,BNO_GRV,520,-4500,3,0.940002,0.015076,0.337646,-0.046509
5429878,BNO_GRV,521,-4500,3,0.940002,0.015015,0.337708,-0.046448
5440798,BNO_GRV,522,-5100,3,0.940002,0.014954,0.337769,-0.046387
5450599,BNO_GRV,523,-4500,3,0.939941,0.014893,0.337769,-0.046387
5459806,BNO_GRV,524,-4500,3,0.939941,0.014771,0.337830,-0.046448
5469730,BNO_GRV,525,-4500,3,0.939941,0.014648,0.337830,-0.046509
5480961,BNO_GRV,526,-5300,3,0.940002,0.014465,0.337708,-0.046631
5490485,BNO_GRV,527,-4300,3,0.940002,0.014282,0.337646,-0.046692
5500165,BNO_GRV,528,-4300,3,0.940002,0.014282,0.337585,-0.046753
5509746,BNO_GRV,529,-4300,3,0.940063,0.014404,0.337463,-0.046753
5519923,BNO_GRV,530,-4700,3,0.940125,0.014526,0.337341,-0.046875
5530308,BNO_GRV,531,-4500,3,0.940125,0.014526,0.337219,-0.046997
5539230,BNO_GRV,532,-3600,3,0.940186,0.014587,0.337036,-0.047119
5549953,BNO_GRV,533,-4300,3,0.940308,0.014587,0.336792,-0.047302
5559679,BNO_GRV,534,-4200,3,0.940430,0.014526,0.336426,-0.047424
5570324,BNO_GRV,535,-4500,3,0.940552,0.014465,0.336060,-0.047607
5579279,BNO_GRV,536,-3600,3,0.940674,0.014282,0.335632,-0.047729
5590142,BNO_GRV,537,-4300,3,0.940796,0.014221,0.335205,-0.047913
5601009,BNO_GRV,538,-4700,3,0.940979,0.014221,0.334778,-0.048096
5610373,BNO_GRV,539,-3800,3,0.941040,0.014099,0.334534,-0.048279
5619353,BNO_GRV,540,-3600,3,0.941101,0.013794,0.334351,-0.048401
5630277,BNO_GRV,541,-4300,3,0.941223,0.013428,0.334106,-0.048340
5639712,BNO_GRV,542,-4000,3,0.941284,0.013184,0.333862,-0.047852
5651113,BNO_GRV,543,-4900,3,0.941467,0.013062,0.333618,-0.046936
5659908,BNO_GRV,544,-4200,3,0.941589,0.013184,0.333374,-0.045898
5670524,BNO_GRV,545,-4300,3,0.941833,0.013611,0.332886,-0.044800
5681275,BNO_GRV,546,-4500,3,0.942017,0.014038,0.332275,-0.044067
5690708,BNO_GRV,547,-3600,3,0.942261,0.014343,0.331665,-0.043884
5699556,BNO_GRV,548,-3800,3,0.942444,0.014404,0.331177,-0.044189
5710614,BNO_GRV,549,-4500,3,0.942566,0.014221,0.330688,-0.044983
5720060,BNO_GRV,550,-4200,3,0.942810,0.013916,0.329895,-0.045959
5731537,BNO_GRV,551,-4700,3,0.943176,0.013672,0.328674,-0.046997
5739939,BNO_GRV,552,-4200,3,0.943481,0.013245,0.327698,-0.047607
5750654,BNO_GRV,553,-4300,3,0.943848,0.012695,0.326599,-0.047913
5760362,BNO_GRV,554,-4300,3,0.944214,0.012390,0.325623,-0.047668
5770664,BNO_GRV,555,-4300,3,0.944580,0.012146,0.324768,-0.046875
5779745,BNO_GRV,556,-3800,3,0.944763,0.011719,0.324280,-0.045593
5790787,BNO_GRV,557,-4300,3,0.944885,0.011353,0.324158,-0.044067
5800131,BNO_GRV,558,-4200,3,0.944885,0.011108,0.324280,-0.042908
5810725,BNO_GRV,559,-4200,3,0.944824,0.011108,0.324585,-0.042236
5819714,BNO_GRV,560,-3800,3,0.944641,0.011475,0.325073,-0.042297
5830799,BNO_GRV,561,-4300,3,0.944458,0.012024,0.325623,-0.043030
5840223,BNO_GRV,562,-4200,3,0.944275,0.012329,0.325867,-0.044006
5850793,BNO_GRV,563,-4200,3,0.944214,0.012512,0.325928,-0.044922
5861054,BNO_GRV,564,-4500,3,0.944275,0.012573,0.325745,-0.045532
5870449,BNO_GRV,565,-4300,3,0.944397,0.012329,0.325317,-0.045776
5880938,BNO_GRV,566,-4300,3,0.944641,0.012024,0.324646,-0.045776
5890825,BNO_GRV,567,-3800,3,0.944946,0.011902,0.323853,-0.045654
5900940,BNO_GRV,568,-4700,3,0.945251,0.011902,0.322998,-0.045410
5910535,BNO_GRV,569,-4300,3,0.945557,0.011841,0.322083,-0.044983
5920825,BNO_GRV,570,-4200,3,0.945984,0.011780,0.320984,-0.044189
5930906,BNO_GRV,571,-3800,3,0.946350,0.011536,0.320007,-0.043274
5941251,BNO_GRV,572,-4700,3,0.946594,0.011292,0.319336,-0.042480
5950571,BNO_GRV,573,-4300,3,0.946777,0.011108,0.318848,-0.042053
5960902,BNO_GRV,574,-4200,3,0.946960,0.011047,0.318481,-0.041809
5971007,BNO_GRV,575,-4000,3,0.947021,0.011047,0.318237,-0.041870
5981118,BNO_GRV,576,-4500,3,0.947083,0.011169,0.317993,-0.042114
5990525,BNO_GRV,577,-4200,3,0.947144,0.011292,0.317871,-0.042419
6001035,BNO_GRV,578,-4300,3,0.947083,0.011353,0.317993,-0.042664
6011284,BNO_GRV,579,-3800,3,0.946960,0.011414,0.318237,-0.042847
6021479,BNO_GRV,580,-4500,3,0.946960,0.011292,0.318359,-0.042786
6030847,BNO_GRV,581,-4300,3,0.947021,0.011169,0.318237,-0.042297
6041190,BNO_GRV,582,-4200,3,0.947083,0.010864,0.318176,-0.041382
6051309,BNO_GRV,583,-4000,3,0.947021,0.010620,0.318359,-0.040649
6061483,BNO_GRV,584,-4700,3,0.947021,0.010498,0.318481,-0.040588
6071146,BNO_GRV,585,-4300,3,0.946960,0.010681,0.318542,-0.041260
6081212,BNO_GRV,586,-4500,3,0.946960,0.011047,0.318420,-0.042419
6091671,BNO_GRV,587,-4300,3,0.946899,0.011414,0.318237,-0.043640
6101822,BNO_GRV,588,-4700,3,0.946838,0.011719,0.318359,-0.044556
6111040,BNO_GRV,589,-4300,3,0.946655,0.011841,0.318848,-0.045044
6121748,BNO_GRV,590,-4500,3,0.946350,0.011902,0.319763,-0.045410
6131438,BNO_GRV,591,-3800,3,0.945984,0.011902,0.320801,-0.045715
6141625,BNO_GRV,592,-4500,3,0.945618,0.011841,0.321838,-0.046021
6151013,BNO_GRV,593,-4200,3,0.945312,0.011780,0.322632,-0.046265
6161767,BNO_GRV,594,-4300,3,0.945129,0.011780,0.323242,-0.046509
6171754,BNO_GRV,595,-3800,3,0.945007,0.011780,0.323547,-0.046692
6181840,BNO_GRV,596,-4500,3,0.944885,0.011841,0.323853,-0.047119
6191160,BNO_GRV,597,-4300,3,0.944702,0.011902,0.324158,-0.047546
6201764,BNO_GRV,598,-4300,3,0.944519,0.012085,0.324707,-0.048157
6211798,BNO_GRV,599,-4000,3,0.944275,0.012207,0.325317,-0.048706
6222012,BNO_GRV,600,-4500,3,0.943909,0.012390,0.326294,-0.049377
6231155,BNO_GRV,601,-4300,3,0.943542,0.012512,0.327148,-0.050049
6241889,BNO_GRV,602,-4300,3,0.943237,0.012634,0.327942,-0.050842
6252474,BNO_GRV,603,-4300,3,0.942993,0.012695,0.328552,-0.051575
6262002,BNO_GRV,604,-4500,3,0.942810,0.012817,0.328979,-0.052124
6271443,BNO_GRV,605,-4200,3,0.942627,0.012939,0.329468,-0.052368
6282159,BNO_GRV,606,-4300,3,0.942444,0.013000,0.330017,-0.052429
6292027,BNO_GRV,607,-4000,3,0.942261,0.012939,0.330444,-0.052551
6302207,BNO_GRV,608,-4700,3,0.942078,0.013000,0.330994,-0.052856
6311232,BNO_GRV,609,-4200,3,0.941895,0.013062,0.331482,-0.053223
6322125,BNO_GRV,610,-4500,3,0.941650,0.013245,0.331970,-0.053833
6332579,BNO_GRV,611,-4500,3,0.941467,0.013428,0.332397,-0.054504
6341838,BNO_GRV,612,-4300,3,0.941284,0.013611,0.332825,-0.054993
6351666,BNO_GRV,613,-4200,3,0.941101,0.013733,0.333252,-0.055298
6361416,BNO_GRV,614,-4200,3,0.940979,0.013794,0.333618,-0.055481
6372396,BNO_GRV,615,-4500,3,0.940796,0.013916,0.333984,-0.055664
6381975,BNO_GRV,616,-4200,3,0.940674,0.014038,0.334412,-0.055725
6391675,BNO_GRV,617,-4300,3,0.940552,0.014038,0.334717,-0.055847
6402370,BNO_GRV,618,-4300,3,0.940430,0.013977,0.334961,-0.055969
6412907,BNO_GRV,619,-4300,3,0.940369,0.013977,0.335144,-0.055969
6422382,BNO_GRV,620,-4300,3,0.940308,0.013977,0.335327,-0.055969
6431979,BNO_GRV,621,-4200,3,0.940247,0.013916,0.335510,-0.055969
6441662,BNO_GRV,622,-4300,3,0.940186,0.013977,0.335754,-0.055969
6452635,BNO_GRV,623,-4700,3,0.940063,0.013977,0.336060,-0.056030
6462141,BNO_GRV,624,-4200,3,0.939941,0.014038,0.336487,-0.055969
6472117,BNO_GRV,625,-4300,3,0.939758,0.014038,0.336853,-0.055969
6481838,BNO_GRV,626,-4200,3,0.939697,0.014099,0.337158,-0.055969
6492178,BNO_GRV,627,-4700,3,0.939575,0.014099,0.337402,-0.055969
6502098,BNO_GRV,628,-4200,3,0.939514,0.014160,0.337585,-0.056091
6511807,BNO_GRV,629,-4000,3,0.939514,0.014160,0.337585,-0.056152
6522762,BNO_GRV,630,-4300,3,0.939575,0.014160,0.337463,-0.056274
6532296,BNO_GRV,631,-4700,3,0.939575,0.014160,0.337341,-0.056335
6542188,BNO_GRV,632,-4000,3,0.939636,0.014160,0.337219,-0.056458
6551706,BNO_GRV,633,-4200,3,0.939636,0.014160,0.337219,-0.056458
6562387,BNO_GRV,634,-4300,3,0.939575,0.014160,0.337280,-0.056458
6572314,BNO_GRV,635,-4700,3,0.939514,0.014160,0.337524,-0.056396
6582366,BNO_GRV,636,-4200,3,0.939392,0.014160,0.337891,-0.056396
6591556,BNO_GRV,637,-4000,3,0.939270,0.014160,0.338196,-0.056335
6602228,BNO_GRV,638,-4300,3,0.939270,0.014160,0.338318,-0.056274
6612835,BNO_GRV,639,-4500,3,0.939209,0.014160,0.338318,-0.056335
6623245,BNO_GRV,640,-4500,3,0.939209,0.014282,0.338318,-0.056580
6632037,BNO_GRV,641,-4200,3,0.939270,0.014282,0.338074,-0.056763
6642926,BNO_GRV,642,-4300,3,0.939392,0.014282,0.337769,-0.056824
6653430,BNO_GRV,643,-4500,3,0.939514,0.014221,0.337524,-0.056885
6662761,BNO_GRV,644,-4000,3,0.939514,0.014160,0.337463,-0.056824
6671595,BNO_GRV,645,-3800,3,0.939514,0.014160,0.337402,-0.056824
6682595,BNO_GRV,646,-4300,3,0.939514,0.014160,0.337463,-0.056763
6692224,BNO_GRV,647,-4200,3,0.939453,0.014160,0.337646,-0.056702
6702685,BNO_GRV,648,-4500,3,0.939392,0.014160,0.337830,-0.056580
6711565,BNO_GRV,649,-3600,3,0.939331,0.014221,0.338074,-0.056580
6722608,BNO_GRV,650,-4300,3,0.939209,0.014282,0.338440,-0.056641
6732302,BNO_GRV,651,-4200,3,0.939087,0.014343,0.338623,-0.056824
6742777,BNO_GRV,652,-4500,3,0.939087,0.014343,0.338684,-0.056946
6751782,BNO_GRV,653,-3600,3,0.939087,0.014343,0.338623,-0.056946
6762896,BNO_GRV,654,-4300,3,0.939087,0.014343,0.338623,-0.056946
6772394,BNO_GRV,655,-4200,3,0.939087,0.014343,0.338623,-0.056946
6782776,BNO_GRV,656,-4300,3,0.939087,0.014343,0.338623,-0.056946
6792240,BNO_GRV,657,-4200,3,0.939087,0.014343,0.338623,-0.056946
6803024,BNO_GRV,658,-4500,3,0.939087,0.014343,0.338684,-0.056824
6812509,BNO_GRV,659,-4300,3,0.939026,0.014282,0.338806,-0.056702
6823018,BNO_GRV,660,-4300,3,0.939026,0.014221,0.338928,-0.056580
6832039,BNO_GRV,661,-3800,3,0.938965,0.014221,0.339111,-0.056458
6843075,BNO_GRV,662,-4500,3,0.938843,0.014282,0.339355,-0.056458
6852735,BNO_GRV,663,-4500,3,0.938721,0.014282,0.339661,-0.056458
6863023,BNO_GRV,664,-4200,3,0.938660,0.014343,0.339905,-0.056458
6871911,BNO_GRV,665,-3600,3,0.938538,0.014343,0.340149,-0.056519
6883081,BNO_GRV,666,-4300,3,0.938477,0.014343,0.340454,-0.056519
6892721,BNO_GRV,667,-4300,3,0.938354,0.014343,0.340759,-0.056396
6903028,BNO_GRV,668,-4300,3,0.938232,0.014282,0.341125,-0.056213
6913161,BNO_GRV,669,-4500,3,0.938110,0.014221,0.341492,-0.056030
6922814,BNO_GRV,670,-4200,3,0.937988,0.014221,0.341858,-0.055969
6932742,BNO_GRV,671,-4300,3,0.937927,0.014282,0.342041,-0.055908
6943258,BNO_GRV,672,-4300,3,0.937866,0.014343,0.342102,-0.056030
6952355,BNO_GRV,673,-4000,3,0.937866,0.014343,0.342041,-0.056213
6963482,BNO_GRV,674,-4300,3,0.937927,0.014343,0.341980,-0.056274
6972800,BNO_GRV,675,-4300,3,0.937927,0.014343,0.341858,-0.056335
6983695,BNO_GRV,676,-4700,3,0.937988,0.014282,0.341675,-0.056396
6993082,BNO_GRV,677,-4300,3,0.938110,0.014282,0.341370,-0.056458
7003001,BNO_GRV,678,-4500,3,0.938232,0.014221,0.341003,-0.056458
7013565,BNO_GRV,679,-4500,3,0.938416,0.014160,0.340515,-0.056519
7023624,BNO_GRV,680,-4200,3,0.938599,0.014160,0.340027,-0.056641
7032869,BNO_GRV,681,-4200,3,0.938782,0.014160,0.339600,-0.056763
7043298,BNO_GRV,682,-4300,3,0.938904,0.014160,0.339172,-0.056885
7053225,BNO_GRV,683,-4500,3,0.939026,0.014099,0.338806,-0.056946
7063731,BNO_GRV,684,-4700,3,0.939209,0.014038,0.338379,-0.057007
7073398,BNO_GRV,685,-4700,3,0.939331,0.013977,0.337952,-0.057007
7083233,BNO_GRV,686,-4500,3,0.939514,0.013916,0.337524,-0.056946
7093927,BNO_GRV,687,-4700,3,0.939636,0.013855,0.337158,-0.056824
7104155,BNO_GRV,688,-4200,3,0.939758,0.013794,0.336853,-0.056702
7113621,BNO_GRV,689,-4900,3,0.939880,0.013672,0.336609,-0.056641
7123249,BNO_GRV,690,-4300,3,0.939941,0.013611,0.336365,-0.056519
7133905,BNO_GRV,691,-4700,3,0.939941,0.013611,0.336304,-0.056519
7143902,BNO_GRV,692,-4200,3,0.939941,0.013550,0.336304,-0.056458
7154011,BNO_GRV,693,-4500,3,0.939941,0.013550,0.336365,-0.056396
7163355,BNO_GRV,694,-4300,3,0.939941,0.013550,0.336426,-0.056396
7173818,BNO_GRV,695,-4500,3,0.939941,0.013550,0.336365,-0.056396
7184142,BNO_GRV,696,-4300,3,0.939941,0.013489,0.336365,-0.056274
7194127,BNO_GRV,697,-4500,3,0.939941,0.013367,0.336487,-0.056030
7203477,BNO_GRV,698,-4300,3,0.939880,0.013245,0.336609,-0.055664
7214575,BNO_GRV,699,-4700,3,0.939819,0.013062,0.336853,-0.055237
7224428,BNO_GRV,700,-4000,3,0.939819,0.012939,0.337097,-0.054810
7234030,BNO_GRV,701,-4700,3,0.939758,0.012817,0.337341,-0.054260
7243603,BNO_GRV,702,-4300,3,0.939697,0.012573,0.337585,-0.053589
7254362,BNO_GRV,703,-4500,3,0.939697,0.012268,0.337708,-0.052795
7263900,BNO_GRV,704,-3600,3,0.939697,0.011963,0.337769,-0.051880
7274183,BNO_GRV,705,-4500,3,0.939819,0.011536,0.337769,-0.050659
7283526,BNO_GRV,706,-4300,3,0.939880,0.011108,0.337646,-0.049377
7294256,BNO_GRV,707,-4300,3,0.940063,0.010498,0.337524,-0.047791
7304366,BNO_GRV,708,-4000,3,0.940186,0.009949,0.337341,-0.046387
7314404,BNO_GRV,709,-4500,3,0.940369,0.009338,0.337158,-0.044800
7323726,BNO_GRV,710,-4300,3,0.940491,0.008728,0.336975,-0.043335
7333676,BNO_GRV,711,-4300,3,0.940613,0.008118,0.336731,-0.041748
7344347,BNO_GRV,712,-4300,3,0.940796,0.007507,0.336426,-0.039978
7354396,BNO_GRV,713,-4500,3,0.941040,0.006836,0.336060,-0.038086
7363656,BNO_GRV,714,-4300,3,0.941223,0.006348,0.335815,-0.036438
7374379,BNO_GRV,715,-4300,3,0.941345,0.005859,0.335632,-0.034912
7384748,BNO_GRV,716,-4200,3,0.941467,0.005432,0.335327,-0.033875
7394202,BNO_GRV,717,-4300,3,0.941589,0.005005,0.335083,-0.032837
7403821,BNO_GRV,718,-4200,3,0.941711,0.004639,0.334900,-0.031555
7413928,BNO_GRV,719,-4300,3,0.941772,0.004272,0.334778,-0.030090
7424535,BNO_GRV,720,-4500,3,0.941895,0.003845,0.334717,-0.028503
7434759,BNO_GRV,721,-4500,3,0.941895,0.003479,0.334717,-0.026978
7443855,BNO_GRV,722,-4200,3,0.941956,0.003113,0.334839,-0.025635
7454666,BNO_GRV,723,-4500,3,0.941895,0.002686,0.334961,-0.024170
7465076,BNO_GRV,724,-4300,3,0.941833,0.002197,0.335327,-0.022766
7474543,BNO_GRV,725,-4300,3,0.941650,0.001587,0.335876,-0.021362
7484085,BNO_GRV,726,-4200,3,0.941589,0.001038,0.336243,-0.019775
7493845,BNO_GRV,727,-4200,3,0.941528,0.000427,0.336365,-0.017944
7504690,BNO_GRV,728,-4500,3,0.941528,-0.000427,0.336609,-0.015686
7515004,BNO_GRV,729,-4700,3,0.941528,-0.001404,0.336731,-0.013123
7524082,BNO_GRV,730,-4300,3,0.941528,-0.002197,0.336731,-0.010803
7534830,BNO_GRV,731,-4500,3,0.941650,-0.002930,0.336426,-0.008423
7545274,BNO_GRV,732,-4300,3,0.941833,-0.003418,0.336060,-0.006287
7554751,BNO_GRV,733,-4200,3,0.941956,-0.003845,0.335754,-0.004578
7564379,BNO_GRV,734,-4200,3,0.941956,-0.004211,0.335693,-0.003418
7574360,BNO_GRV,735,-4500,3,0.941895,-0.004395,0.335815,-0.002808
7584336,BNO_GRV,736,-4500,3,0.941895,-0.004395,0.335815,-0.002563
7594640,BNO_GRV,737,-4300,3,0.942017,-0.004456,0.335632,-0.002197
7603895,BNO_GRV,738,-4000,3,0.942078,-0.004639,0.335327,-0.001648
7614414,BNO_GRV,739,-4200,3,0.942200,-0.004761,0.334961,-0.001038
7625412,BNO_GRV,740,-4700,3,0.942383,-0.004883,0.334595,-0.000488
7634831,BNO_GRV,741,-3800,3,0.942566,-0.004883,0.334045,0.000000
7643882,BNO_GRV,742,-3800,3,0.942810,-0.005005,0.333252,0.000610
7654591,BNO_GRV,743,-4300,3,0.943176,-0.005188,0.332275,0.001587
7664321,BNO_GRV,744,-4300,3,0.943420,-0.005615,0.331482,0.003174
7674819,BNO_GRV,745,-4200,3,0.943604,-0.006287,0.330994,0.005554
7684400,BNO_GRV,746,-4200,3,0.943542,-0.007202,0.330994,0.008423
7695174,BNO_GRV,747,-4300,3,0.943359,-0.008179,0.331360,0.011841
7705766,BNO_GRV,748,-4300,3,0.943115,-0.009216,0.331909,0.015137
7715293,BNO_GRV,749,-4000,3,0.942871,-0.010315,0.332520,0.018127
7724995,BNO_GRV,750,-4200,3,0.942566,-0.011536,0.333191,0.020935
7734443,BNO_GRV,751,-4300,3,0.942200,-0.012329,0.333984,0.022949
7745122,BNO_GRV,752,-4500,3,0.941833,-0.012939,0.334961,0.024597
7755429,BNO_GRV,753,-4300,3,0.941345,-0.013489,0.336182,0.026062
7765002,BNO_GRV,754,-4700,3,0.940857,-0.014038,0.337524,0.027161
7774725,BNO_GRV,755,-4300,3,0.940247,-0.014648,0.338928,0.028198
7784595,BNO_GRV,756,-4200,3,0.939758,-0.015198,0.340271,0.029053
7795179,BNO_GRV,757,-4200,3,0.939331,-0.015625,0.341370,0.029724
7803948,BNO_GRV,758,-3600,3,0.939026,-0.015930,0.342224,0.030334
7814903,BNO_GRV,759,-4200,3,0.938782,-0.016113,0.342834,0.030762
7825682,BNO_GRV,760,-4700,3,0.938599,-0.016235,0.343262,0.031006
7835250,BNO_GRV,761,-3600,3,0.938477,-0.016174,0.343628,0.030945
7844260,BNO_GRV,762,-3800,3,0.938354,-0.016052,0.343933,0.030579
7855290,BNO_GRV,763,-4200,3,0.938232,-0.015869,0.344360,0.029907
7864899,BNO_GRV,764,-4500,3,0.938110,-0.015625,0.344666,0.029175
7875303,BNO_GRV,765,-4200,3,0.938049,-0.015442,0.345032,0.028564
7884382,BNO_GRV,766,-3800,3,0.937927,-0.015320,0.345398,0.028320
7895254,BNO_GRV,767,-4200,3,0.937805,-0.015381,0.345703,0.028625
7904948,BNO_GRV,768,-4300,3,0.937622,-0.015625,0.346008,0.029297
7915341,BNO_GRV,769,-4200,3,0.937439,-0.015991,0.346436,0.030396
7924419,BNO_GRV,770,-3800,3,0.937195,-0.016418,0.346924,0.031677
7935533,BNO_GRV,771,-4300,3,0.936951,-0.016846,0.347473,0.032959
7944834,BNO_GRV,772,-4200,3,0.936707,-0.017151,0.347961,0.033875
7955452,BNO_GRV,773,-4300,3,0.936523,-0.017395,0.348511,0.034485
7964433,BNO_GRV,774,-3600,3,0.936279,-0.017456,0.349121,0.034668
7975675,BNO_GRV,775,-4300,3,0.936035,-0.017456,0.349792,0.034607
7985287,BNO_GRV,776,-4500,3,0.935730,-0.017395,0.350525,0.034546
7995685,BNO_GRV,777,-4500,3,0.935425,-0.017395,0.351379,0.034668
8004666,BNO_GRV,778,-3800,3,0.935120,-0.017456,0.352173,0.034973
8015754,BNO_GRV,779,-4300,3,0.934753,-0.017639,0.353088,0.035645
8025395,BNO_GRV,780,-4300,3,0.934387,-0.017883,0.354004,0.036316
8035753,BNO_GRV,781,-4300,3,0.933960,-0.018127,0.354919,0.036926
8045253,BNO_GRV,782,-4300,3,0.933655,-0.018250,0.355713,0.037354
8055496,BNO_GRV,783,-4300,3,0.933411,-0.018433,0.356384,0.037781
8065348,BNO_GRV,784,-4300,3,0.933167,-0.018555,0.356934,0.038086
8075812,BNO_GRV,785,-4500,3,0.932983,-0.018616,0.357361,0.038452
8085946,BNO_GRV,786,-4500,3,0.932800,-0.018799,0.357727,0.038818
8095265,BNO_GRV,787,-4300,3,0.932678,-0.018921,0.358093,0.039185
8105873,BNO_GRV,788,-4500,3,0.932556,-0.019104,0.358398,0.039673
8115954,BNO_GRV,789,-4000,3,0.932373,-0.019287,0.358704,0.040222
8126042,BNO_GRV,790,-4500,3,0.932251,-0.019470,0.358948,0.040771
8135615,BNO_GRV,791,-4300,3,0.932129,-0.019653,0.359192,0.041321
8145982,BNO_GRV,792,-4300,3,0.932068,-0.019836,0.359375,0.041870
8155813,BNO_GRV,793,-3800,3,0.931946,-0.020020,0.359497,0.042358
8165742,BNO_GRV,794,-4300,3,0.931885,-0.020142,0.359680,0.042786
8175370,BNO_GRV,795,-4200,3,0.931824,-0.020203,0.359802,0.043091
8185860,BNO_GRV,796,-4200,3,0.931824,-0.020325,0.359802,0.043335
8196655,BNO_GRV,797,-4500,3,0.931824,-0.020325,0.359680,0.043518
8205916,BNO_GRV,798,-4500,3,0.931824,-0.020386,0.359680,0.043701
8215566,BNO_GRV,799,-4300,3,0.931824,-0.020447,0.359741,0.043823
8226199,BNO_GRV,800,-4300,3,0.931763,-0.020508,0.359863,0.044067
8236108,BNO_GRV,801,-3600,3,0.931702,-0.020569,0.359985,0.044250
8246211,BNO_GRV,802,-4500,3,0.931641,-0.020630,0.360107,0.044434
8255743,BNO_GRV,803,-4300,3,0.931519,-0.020691,0.360352,0.044678
8266700,BNO_GRV,804,-4500,3,0.931396,-0.020752,0.360657,0.044922
8276511,BNO_GRV,805,-3800,3,0.931335,-0.020813,0.360840,0.045166
8286093,BNO_GRV,806,-4500,3,0.931213,-0.020874,0.361023,0.045410
8295538,BNO_GRV,807,-4000,3,0.931091,-0.020935,0.361328,0.045654
8306378,BNO_GRV,808,-4300,3,0.930969,-0.020996,0.361511,0.045776
8316483,BNO_GRV,809,-3800,3,0.930969,-0.021057,0.361633,0.045959
8326567,BNO_GRV,810,-4500,3,0.930908,-0.021118,0.361694,0.046143
8335676,BNO_GRV,811,-4200,3,0.930908,-0.021118,0.361755,0.046326
8346528,BNO_GRV,812,-4300,3,0.930908,-0.021179,0.361755,0.046448
8356890,BNO_GRV,813,-4300,3,0.930847,-0.021179,0.361755,0.046570
8366448,BNO_GRV,814,-4500,3,0.930908,-0.021240,0.361694,0.046631
8375949,BNO_GRV,815,-4300,3,0.930908,-0.021240,0.361694,0.046753
8386659,BNO_GRV,816,-4500,3,0.930908,-0.021240,0.361694,0.046814
8397141,BNO_GRV,817,-4300,3,0.930847,-0.021240,0.361694,0.046936
8406683,BNO_GRV,818,-4500,3,0.930908,-0.021240,0.361633,0.046997
8416193,BNO_GRV,819,-4300,3,0.930908,-0.021301,0.361511,0.047058
8426815,BNO_GRV,820,-4500,3,0.930969,-0.021301,0.361389,0.047180
8437345,BNO_GRV,821,-4300,3,0.930969,-0.021301,0.361450,0.047241
8446666,BNO_GRV,822,-4300,3,0.930969,-0.021301,0.361450,0.047241
8456380,BNO_GRV,823,-4200,3,0.930969,-0.021301,0.361450,0.047241
8466248,BNO_GRV,824,-4300,3,0.930908,-0.021301,0.361633,0.047241
8476847,BNO_GRV,825,-4500,3,0.930786,-0.021301,0.361816,0.047180
8487137,BNO_GRV,826,-4500,3,0.930725,-0.021301,0.362000,0.047058
8496710,BNO_GRV,827,-4700,3,0.930664,-0.021301,0.362183,0.047058
8506487,BNO_GRV,828,-4700,3,0.931091,-0.021484,0.361206,0.046936
8517373,BNO_GRV,829,-4900,3,0.931396,-0.021606,0.360291,0.046753
8526905,BNO_GRV,830,-4300,3,0.931702,-0.021667,0.359497,0.046631
8535971,BNO_GRV,831,-4000,3,0.932007,-0.021790,0.358826,0.046509
8547058,BNO_GRV,832,-4500,3,0.932190,-0.021851,0.358337,0.046326
8557801,BNO_GRV,833,-4900,3,0.932373,-0.021912,0.357910,0.046143
8567494,BNO_GRV,834,-4700,3,0.932556,-0.021973,0.357422,0.045959
8576837,BNO_GRV,835,-4300,3,0.932739,-0.022034,0.356934,0.045837
8586654,BNO_GRV,836,-4500,3,0.932922,-0.022034,0.356445,0.045654
8597358,BNO_GRV,837,-4900,3,0.933105,-0.022034,0.356018,0.045410
8606912,BNO_GRV,838,-4200,3,0.933228,-0.022034,0.355713,0.045227
8615872,BNO_GRV,839,-3800,3,0.933350,-0.022034,0.355408,0.045044
8627050,BNO_GRV,840,-4500,3,0.933472,-0.022034,0.355225,0.044861
8638020,BNO_GRV,841,-5100,3,0.933533,-0.022034,0.354980,0.044678
8647736,BNO_GRV,842,-4500,3,0.933655,-0.022034,0.354797,0.044495
8657369,BNO_GRV,843,-4500,3,0.933716,-0.022034,0.354614,0.044373
8666685,BNO_GRV,844,-4500,3,0.933777,-0.022095,0.354431,0.044189
8677759,BNO_GRV,845,-5100,3,0.933777,-0.022095,0.354431,0.044128
8687289,BNO_GRV,846,-4200,3,0.933777,-0.022034,0.354431,0.044006
8696927,BNO_GRV,847,-4500,3,0.933777,-0.022095,0.354431,0.044006
8706946,BNO_GRV,848,-4500,3,0.933838,-0.022095,0.354370,0.044006
8718140,BNO_GRV,849,-5300,3,0.933838,-0.022095,0.354248,0.044006
8727718,BNO_GRV,850,-4300,3,0.933838,-0.022095,0.354248,0.044006
8736157,BNO_GRV,851,-3800,3,0.933838,-0.022095,0.354248,0.043945
8747307,BNO_GRV,852,-4500,3,0.933838,-0.022095,0.354248,0.043945
8758149,BNO_GRV,853,-4900,3,0.933838,-0.022156,0.354309,0.043884
8767752,BNO_GRV,854,-4200,3,0.933838,-0.022156,0.354370,0.043823
8777081,BNO_GRV,855,-4500,3,0.933777,-0.022156,0.354553,0.043823
8786964,BNO_GRV,856,-4500,3,0.933655,-0.022217,0.354736,0.043884
8797826,BNO_GRV,857,-4900,3,0.933655,-0.022217,0.354858,0.043884
8807646,BNO_GRV,858,-4200,3,0.933655,-0.022217,0.354858,0.043945
8817198,BNO_GRV,859,-4500,3,0.933594,-0.022278,0.354858,0.044006
8827215,BNO_GRV,860,-4500,3,0.933594,-0.022278,0.354919,0.044006
8837146,BNO_GRV,861,-4500,3,0.933594,-0.022278,0.354980,0.044006
8847592,BNO_GRV,862,-4500,3,0.933533,-0.022278,0.355042,0.043945
8856959,BNO_GRV,863,-4300,3,0.933533,-0.022217,0.355103,0.043884
8867292,BNO_GRV,864,-4500,3,0.933472,-0.022217,0.355225,0.043762
8877310,BNO_GRV,865,-4500,3,0.933472,-0.022156,0.355347,0.043640
8887655,BNO_GRV,866,-4500,3,0.933411,-0.022034,0.355469,0.043518
8897186,BNO_GRV,867,-4300,3,0.933411,-0.022034,0.355530,0.043396
8907448,BNO_GRV,868,-4500,3,0.933350,-0.022034,0.355591,0.043213
8917409,BNO_GRV,869,-4500,3,0.933411,-0.021851,0.355591,0.042908
8927894,BNO_GRV,870,-4700,3,0.933411,-0.021667,0.355530,0.042419
8937417,BNO_GRV,871,-4500,3,0.933533,-0.021545,0.355469,0.041931
8947298,BNO_GRV,872,-4300,3,0.933594,-0.021301,0.355286,0.041321
8957553,BNO_GRV,873,-4500,3,0.933716,-0.020996,0.355042,0.040710
8967700,BNO_GRV,874,-4300,3,0.933960,-0.020630,0.354553,0.039978
8976837,BNO_GRV,875,-3800,3,0.934204,-0.020447,0.354004,0.039185
8988326,BNO_GRV,876,-4500,3,0.934448,-0.020264,0.353455,0.038208
8998041,BNO_GRV,877,-4700,3,0.934692,-0.020142,0.352905,0.037354
9008098,BNO_GRV,878,-4200,3,0.934937,-0.019958,0.352417,0.036377
9017709,BNO_GRV,879,-4500,3,0.935181,-0.019592,0.351929,0.035461
9027576,BNO_GRV,880,-4300,3,0.935364,-0.019043,0.351501,0.034607
9037268,BNO_GRV,881,-4200,3,0.935547,-0.018311,0.351135,0.033752
9048339,BNO_GRV,882,-4700,3,0.935547,-0.017334,0.351257,0.032715
9057774,BNO_GRV,883,-4500,3,0.935547,-0.016418,0.351440,0.031677
9067577,BNO_GRV,884,-4300,3,0.935486,-0.015503,0.351685,0.030640
9077947,BNO_GRV,885,-4300,3,0.935425,-0.014709,0.351990,0.029541
9087673,BNO_GRV,886,-3600,3,0.935364,-0.014038,0.352173,0.028442
9097641,BNO_GRV,887,-4300,3,0.935425,-0.013062,0.352234,0.027222
9107480,BNO_GRV,888,-4200,3,0.935425,-0.012207,0.352356,0.025757
9117947,BNO_GRV,889,-4300,3,0.935425,-0.011414,0.352417,0.024170
9127911,BNO_GRV,890,-4000,3,0.935547,-0.010559,0.352295,0.022339
9138103,BNO_GRV,891,-4500,3,0.935791,-0.009705,0.351929,0.020203
9147526,BNO_GRV,892,-4200,3,0.936035,-0.008789,0.351379,0.017822
9158291,BNO_GRV,893,-4500,3,0.936340,-0.007751,0.350708,0.015137
9168241,BNO_GRV,894,-4000,3,0.936646,-0.006653,0.349976,0.012512
9178472,BNO_GRV,895,-4700,3,0.936951,-0.005554,0.349243,0.009705
9187573,BNO_GRV,896,-4200,3,0.937195,-0.004822,0.348633,0.007446
9198253,BNO_GRV,897,-4500,3,0.937500,-0.004211,0.347900,0.005371
9208416,BNO_GRV,898,-4000,3,0.937744,-0.003662,0.347290,0.003784
9218679,BNO_GRV,899,-4500,3,0.937988,-0.002991,0.346680,0.002380
9227950,BNO_GRV,900,-4300,3,0.938171,-0.002014,0.346130,0.001099
9238451,BNO_GRV,901,-4300,3,0.938354,-0.000671,0.345642,-0.000427
9248481,BNO_GRV,902,-4000,3,0.938477,0.000732,0.345337,-0.002136
9258537,BNO_GRV,903,-4300,3,0.938538,0.002441,0.345093,-0.004211
9267915,BNO_GRV,904,-4300,3,0.938660,0.004028,0.344849,-0.006287
9278752,BNO_GRV,905,-4300,3,0.938721,0.005676,0.344604,-0.008789
9288674,BNO_GRV,906,-3800,3,0.938782,0.006836,0.344360,-0.011108
9298779,BNO_GRV,907,-4500,3,0.938782,0.008057,0.344116,-0.013794
9308057,BNO_GRV,908,-4300,3,0.938843,0.009094,0.343933,-0.016113
9318809,BNO_GRV,909,-4500,3,0.938843,0.010376,0.343689,-0.018677
9328685,BNO_GRV,910,-3600,3,0.938904,0.011536,0.343384,-0.020813
9338772,BNO_GRV,911,-4500,3,0.939026,0.012756,0.342896,-0.022949
9348122,BNO_GRV,912,-4300,3,0.939148,0.013855,0.342346,-0.024902
9358608,BNO_GRV,913,-4300,3,0.939331,0.015076,0.341614,-0.027161
9368582,BNO_GRV,914,-3600,3,0.939514,0.015991,0.340881,-0.029480
9378711,BNO_GRV,915,-4500,3,0.939697,0.016663,0.340027,-0.032166
9388337,BNO_GRV,916,-4300,3,0.939941,0.016907,0.339172,-0.035095
9398959,BNO_GRV,917,-4500,3,0.940125,0.017151,0.338257,-0.038574
9408789,BNO_GRV,918,-3600,3,0.940247,0.017273,0.337402,-0.041748
9418834,BNO_GRV,919,-4500,3,0.940430,0.017029,0.336548,-0.044800
9428201,BNO_GRV,920,-4200,3,0.940613,0.016296,0.335938,-0.046814
9438832,BNO_GRV,921,-4200,3,0.940796,0.015076,0.335266,-0.047791
9448750,BNO_GRV,922,-3600,3,0.940979,0.014160,0.334717,-0.047607
9459073,BNO_GRV,923,-4500,3,0.941223,0.013672,0.334351,-0.046753
9468345,BNO_GRV,924,-4200,3,0.941345,0.013794,0.334045,-0.045959
9479103,BNO_GRV,925,-4300,3,0.941406,0.014282,0.333801,-0.045593
9489439,BNO_GRV,926,-4300,3,0.941467,0.014771,0.333557,-0.045959
9498857,BNO_GRV,927,-4300,3,0.941467,0.015015,0.333435,-0.046814
9508405,BNO_GRV,928,-4300,3,0.941467,0.015137,0.333374,-0.048035
9518958,BNO_GRV,929,-4300,3,0.941406,0.015198,0.333313,-0.049255
9529126,BNO_GRV,930,-3800,3,0.941345,0.015320,0.333374,-0.049988
9539246,BNO_GRV,931,-4500,3,0.941223,0.015564,0.333557,-0.050354
9548410,BNO_GRV,932,-4200,3,0.941162,0.015747,0.333740,-0.050415
9559123,BNO_GRV,933,-4300,3,0.941101,0.015686,0.333984,-0.050415
9569694,BNO_GRV,934,-4300,3,0.941101,0.015625,0.333984,-0.050415
9579303,BNO_GRV,935,-4300,3,0.941162,0.015503,0.333862,-0.050598
9588932,BNO_GRV,936,-4500,3,0.941223,0.015320,0.333496,-0.051025
9598733,BNO_GRV,937,-4300,3,0.941345,0.015198,0.333069,-0.051575
9609169,BNO_GRV,938,-4500,3,0.941467,0.015198,0.332581,-0.052307
9619668,BNO_GRV,939,-4500,3,0.941650,0.015198,0.332092,-0.052979
9628731,BNO_GRV,940,-4300,3,0.941772,0.015320,0.331665,-0.053467
9639552,BNO_GRV,941,-4500,3,0.941772,0.015442,0.331482,-0.053955
9649082,BNO_GRV,942,-4700,3,0.941772,0.015503,0.331421,-0.054382
9659299,BNO_GRV,943,-4200,3,0.941711,0.015747,0.331482,-0.054810
9668890,BNO_GRV,944,-4300,3,0.941589,0.016113,0.331726,-0.055176
9678830,BNO_GRV,945,-4200,3,0.941467,0.016479,0.332153,-0.055603
9689310,BNO_GRV,946,-4700,3,0.941284,0.016785,0.332581,-0.056030
9699843,BNO_GRV,947,-4700,3,0.941101,0.017029,0.332886,-0.056519
9708791,BNO_GRV,948,-4300,3,0.941467,0.017212,0.331787,-0.057007
9719452,BNO_GRV,949,-4500,3,0.941772,0.017273,0.330872,-0.057556
9730046,BNO_GRV,950,-4300,3,0.942017,0.017334,0.329956,-0.058228
9739485,BNO_GRV,951,-3800,3,0.942383,0.017395,0.328918,-0.059021
9748386,BNO_GRV,952,-3800,3,0.942688,0.017517,0.327820,-0.059937
9759207,BNO_GRV,953,-4500,3,0.942932,0.017578,0.326843,-0.060852
9769148,BNO_GRV,954,-4500,3,0.943176,0.017456,0.326111,-0.061646
9779533,BNO_GRV,955,-4300,3,0.943237,0.017395,0.325745,-0.062195
9788400,BNO_GRV,956,-3600,3,0.943298,0.017395,0.325562,-0.062439
9799129,BNO_GRV,957,-4200,3,0.943298,0.017334,0.325623,-0.062378
9809768,BNO_GRV,958,-4900,3,0.943176,0.017273,0.325867,-0.062256
9819470,BNO_GRV,959,-4000,3,0.943115,0.017273,0.326111,-0.062073
9829070,BNO_GRV,960,-4200,3,0.943054,0.017212,0.326294,-0.061890
9839770,BNO_GRV,961,-4200,3,0.943054,0.017090,0.326477,-0.061829
9849112,BNO_GRV,962,-4200,3,0.942993,0.017029,0.326477,-0.061829
9859756,BNO_GRV,963,-4300,3,0.942993,0.016968,0.326477,-0.062012
9869255,BNO_GRV,964,-4300,3,0.942993,0.016968,0.326477,-0.062378
9879951,BNO_GRV,965,-4300,3,0.942932,0.016968,0.326538,-0.062805
9890052,BNO_GRV,966,-4500,3,0.942932,0.016907,0.326599,-0.063049
9899695,BNO_GRV,967,-3600,3,0.942871,0.016724,0.326721,-0.063110
9908919,BNO_GRV,968,-3800,3,0.942810,0.016479,0.326965,-0.062927
9919816,BNO_GRV,969,-4300,3,0.942688,0.016296,0.327332,-0.062500
9929424,BNO_GRV,970,-4300,3,0.942627,0.016174,0.327698,-0.062134
9939882,BNO_GRV,971,-4200,3,0.942505,0.016174,0.327942,-0.061890
9948795,BNO_GRV,972,-3800,3,0.942444,0.016113,0.328186,-0.061707
9959855,BNO_GRV,973,-4300,3,0.942383,0.016052,0.328369,-0.061584
9969516,BNO_GRV,974,-4300,3,0.942383,0.016052,0.328430,-0.061584
9979785,BNO_GRV,975,-4300,3,0.942383,0.016113,0.328430,-0.061584
9989045,BNO_GRV,976,-3600,3,0.942383,0.016174,0.328308,-0.061707
10000138,BNO_GRV,977,-4300,3,0.942444,0.016296,0.328125,-0.061951
10009543,BNO_GRV,978,-4200,3,0.942566,0.016479,0.327759,-0.062195
10020043,BNO_GRV,979,-4300,3,0.942627,0.016602,0.327454,-0.062500
10028890,BNO_GRV,980,-3600,3,0.942749,0.016541,0.327148,-0.062744
10039976,BNO_GRV,981,-4300,3,0.942810,0.016296,0.326965,-0.062744
10049676,BNO_GRV,982,-4300,3,0.942871,0.016052,0.326904,-0.062500
10060160,BNO_GRV,983,-4300,3,0.942871,0.015991,0.326904,-0.062134
10069056,BNO_GRV,984,-3600,3,0.942871,0.016052,0.327026,-0.061829
10079987,BNO_GRV,985,-4200,3,0.942810,0.016296,0.327148,-0.061768
10089816,BNO_GRV,986,-4300,3,0.942688,0.016602,0.327393,-0.062073
10100735,BNO_GRV,987,-4700,3,0.942505,0.016968,0.327820,-0.062744
10110015,BNO_GRV,988,-4500,3,0.942322,0.017395,0.328186,-0.063538
10119708,BNO_GRV,989,-4300,3,0.942139,0.017700,0.328613,-0.064392
10130240,BNO_GRV,990,-4500,3,0.941956,0.018066,0.328918,-0.065063
10140907,BNO_GRV,991,-4500,3,0.941833,0.018188,0.329163,-0.065369
10150188,BNO_GRV,992,-4500,3,0.941772,0.018066,0.329407,-0.065430
10159889,BNO_GRV,993,-4300,3,0.941711,0.017944,0.329468,-0.065369
10170192,BNO_GRV,994,-4300,3,0.941711,0.017944,0.329468,-0.065430
10180217,BNO_GRV,995,-3800,3,0.941772,0.018005,0.329346,-0.065674
10190411,BNO_GRV,996,-4500,3,0.941772,0.018188,0.329163,-0.066162
10199955,BNO_GRV,997,-4300,3,0.941772,0.018433,0.328979,-0.066895
10210325,BNO_GRV,998,-4300,3,0.941772,0.018738,0.328796,-0.067810
10220468,BNO_GRV,999,-4200,3,0.941772,0.018860,0.328552,-0.068604
10230676,BNO_GRV,1000,-4500,3,0.941772,0.018921,0.328491,-0.069275
10240013,BNO_GRV,1001,-4300,3,0.941772,0.019104,0.328369,-0.069763
10250829,BNO_GRV,1002,-4500,3,0.941772,0.019287,0.328247,-0.070129
10260670,BNO_GRV,1003,-3800,3,0.941833,0.019348,0.328125,-0.070374
10270864,BNO_GRV,1004,-4500,3,0.941833,0.019409,0.328003,-0.070679
10280221,BNO_GRV,1005,-4300,3,0.941833,0.019470,0.327881,-0.070984
10290835,BNO_GRV,1006,-4500,3,0.941833,0.019531,0.327881,-0.071228
10301143,BNO_GRV,1007,-4500,3,0.941772,0.019653,0.327942,-0.071472
10310558,BNO_GRV,1008,-4700,3,0.941711,0.019775,0.328064,-0.071716
10320181,BNO_GRV,1009,-4200,3,0.941711,0.019897,0.328125,-0.071838
10330866,BNO_GRV,1010,-4500,3,0.941650,0.019897,0.328308,-0.071899
10340886,BNO_GRV,1011,-3800,3,0.941528,0.019958,0.328491,-0.072021
10350961,BNO_GRV,1012,-4500,3,0.941467,0.020081,0.328674,-0.072205
10360256,BNO_GRV,1013,-4300,3,0.941406,0.020142,0.328796,-0.072388
10371039,BNO_GRV,1014,-4500,3,0.941345,0.020203,0.328857,-0.072693
10380901,BNO_GRV,1015,-3800,3,0.941345,0.020264,0.328796,-0.072937
10391031,BNO_GRV,1016,-4500,3,0.941406,0.020325,0.328674,-0.073120
10400320,BNO_GRV,1017,-4300,3,0.941406,0.020447,0.328552,-0.073242
10411044,BNO_GRV,1018,-4300,3,0.941406,0.020569,0.328491,-0.073425
10420919,BNO_GRV,1019,-3800,3,0.941345,0.020691,0.328613,-0.073608
10431237,BNO_GRV,1020,-4500,3,0.941284,0.020691,0.328796,-0.073792
10440564,BNO_GRV,1021,-4200,3,0.941162,0.020752,0.329102,-0.074036
10451274,BNO_GRV,1022,-4300,3,0.940979,0.020935,0.329529,-0.074402
10461186,BNO_GRV,1023,-3800,3,0.940796,0.021179,0.330017,-0.074768
10471390,BNO_GRV,1024,-4700,3,0.940552,0.021423,0.330505,-0.075195
10480459,BNO_GRV,1025,-4200,3,0.940430,0.021667,0.330811,-0.075562
10491392,BNO_GRV,1026,-4300,3,0.940308,0.021790,0.331055,-0.075867
10501746,BNO_GRV,1027,-4300,3,0.940247,0.021851,0.331177,-0.076111
10511220,BNO_GRV,1028,-4500,3,0.940186,0.021912,0.331177,-0.076355
10520446,BNO_GRV,1029,-4000,3,0.940186,0.021973,0.331177,-0.076477
10531023,BNO_GRV,1030,-4200,3,0.940186,0.021973,0.331116,-0.076538
10541383,BNO_GRV,1031,-4200,3,0.940186,0.021973,0.331177,-0.076599
10551601,BNO_GRV,1032,-4500,3,0.940125,0.021973,0.331299,-0.076599
10560743,BNO_GRV,1033,-4300,3,0.940063,0.021973,0.331604,-0.076599
10571532,BNO_GRV,1034,-4500,3,0.939880,0.022095,0.331970,-0.076721
10582034,BNO_GRV,1035,-4300,3,0.939758,0.022278,0.332336,-0.076904
10591636,BNO_GRV,1036,-4500,3,0.939636,0.022461,0.332642,-0.077087
10601141,BNO_GRV,1037,-4300,3,0.939514,0.022583,0.332825,-0.077271
10610669,BNO_GRV,1038,-4200,3,0.939514,0.022583,0.332886,-0.077454
10621302,BNO_GRV,1039,-4500,3,0.939575,0.022522,0.332642,-0.077637
10631711,BNO_GRV,1040,-4700,3,0.939697,0.022522,0.332336,-0.077698
10640803,BNO_GRV,1041,-4200,3,0.939758,0.022400,0.332092,-0.077637
10651695,BNO_GRV,1042,-4300,3,0.939880,0.022339,0.331787,-0.077515
10662337,BNO_GRV,1043,-4500,3,0.940002,0.022217,0.331543,-0.077332
10671795,BNO_GRV,1044,-4500,3,0.940063,0.022034,0.331360,-0.077148
10681066,BNO_GRV,1045,-4000,3,0.940125,0.021973,0.331238,-0.076965
10691663,BNO_GRV,1046,-4300,3,0.940186,0.021973,0.331177,-0.076904
10701451,BNO_GRV,1047,-4500,3,0.940125,0.021973,0.331238,-0.076904
10711922,BNO_GRV,1048,-4700,3,0.940063,0.022034,0.331421,-0.076965
10721267,BNO_GRV,1049,-4300,3,0.940002,0.022095,0.331665,-0.077026
10731065,BNO_GRV,1050,-4300,3,0.939880,0.022156,0.331909,-0.077026
10741510,BNO_GRV,1051,-4500,3,0.939880,0.022156,0.332031,-0.077026
10751808,BNO_GRV,1052,-4500,3,0.939880,0.022156,0.331970,-0.076965
10761059,BNO_GRV,1053,-4200,3,0.939880,0.022095,0.331970,-0.076904
10771858,BNO_GRV,1054,-4300,3,0.939880,0.022034,0.332031,-0.076782
10782324,BNO_GRV,1055,-4300,3,0.939880,0.021973,0.332092,-0.076660
10791825,BNO_GRV,1056,-4000,3,0.939880,0.021912,0.332092,-0.076477
10800702,BNO_GRV,1057,-3600,3,0.939941,0.021851,0.332031,-0.076416
10811508,BNO_GRV,1058,-4300,3,0.939941,0.021851,0.331970,-0.076355
10821618,BNO_GRV,1059,-4700,3,0.939941,0.021851,0.331909,-0.076355
10831738,BNO_GRV,1060,-4200,3,0.939941,0.021790,0.331909,-0.076355
10841040,BNO_GRV,1061,-4000,3,0.939941,0.021790,0.331970,-0.076294
10851793,BNO_GRV,1062,-4500,3,0.939880,0.021790,0.332153,-0.076111
10861346,BNO_GRV,1063,-4300,3,0.939819,0.021667,0.332397,-0.075867
10871821,BNO_GRV,1064,-4200,3,0.939758,0.021606,0.332642,-0.075623
10881079,BNO_GRV,1065,-4000,3,0.939697,0.021545,0.332825,-0.075378
10891869,BNO_GRV,1066,-4300,3,0.939636,0.021484,0.333069,-0.075195
10902893,BNO_GRV,1067,-4900,3,0.939575,0.021423,0.333313,-0.074951
10912348,BNO_GRV,1068,-4000,3,0.939514,0.021423,0.333496,-0.074768
10921475,BNO_GRV,1069,-4300,3,0.939514,0.021362,0.333679,-0.074646
10931597,BNO_GRV,1070,-4300,3,0.939453,0.021240,0.333801,-0.074341
10941605,BNO_GRV,1071,-4200,3,0.939453,0.021118,0.333862,-0.073975
10952022,BNO_GRV,1072,-4200,3,0.939514,0.020935,0.333862,-0.073547
10961181,BNO_GRV,1073,-3800,3,0.939575,0.020813,0.333740,-0.073059
10972177,BNO_GRV,1074,-4300,3,0.939697,0.020630,0.333679,-0.072571
10981657,BNO_GRV,1075,-4300,3,0.939758,0.020447,0.333557,-0.072083
10992078,BNO_GRV,1076,-4200,3,0.939819,0.020264,0.333496,-0.071655
11001213,BNO_GRV,1077,-3800,3,0.939819,0.020081,0.333557,-0.071289
11012397,BNO_GRV,1078,-4300,3,0.939758,0.019958,0.333801,-0.070923
11021818,BNO_GRV,1079,-4200,3,0.939697,0.019897,0.334106,-0.070618
11032633,BNO_GRV,1080,-4700,3,0.939575,0.019836,0.334473,-0.070251
11042352,BNO_GRV,1081,-4700,3,0.939148,0.019775,0.335815,-0.069824
11052266,BNO_GRV,1082,-4500,3,0.938782,0.019714,0.336914,-0.069458
11062283,BNO_GRV,1083,-4500,3,0.938477,0.019653,0.337830,-0.069153
11073001,BNO_GRV,1084,-5100,3,0.938232,0.019592,0.338501,-0.068909
11082551,BNO_GRV,1085,-4700,3,0.938049,0.019531,0.339050,-0.068787
11092557,BNO_GRV,1086,-4300,3,0.937866,0.019531,0.339539,-0.068665
11103181,BNO_GRV,1087,-4900,3,0.937744,0.019531,0.339966,-0.068604
11112889,BNO_GRV,1088,-4200,3,0.937561,0.019531,0.340515,-0.068542
11121879,BNO_GRV,1089,-4200,3,0.937378,0.019531,0.341003,-0.068542
11132228,BNO_GRV,1090,-4500,3,0.937195,0.019531,0.341553,-0.068420
11142190,BNO_GRV,1091,-4500,3,0.937012,0.019470,0.342041,-0.068237
11152524,BNO_GRV,1092,-4300,3,0.936829,0.019409,0.342529,-0.067993
11162594,BNO_GRV,1093,-4300,3,0.936646,0.019287,0.343079,-0.067688
11172346,BNO_GRV,1094,-4500,3,0.936523,0.019226,0.343506,-0.067444
11182330,BNO_GRV,1095,-4500,3,0.936401,0.019165,0.343872,-0.067322
11192643,BNO_GRV,1096,-4500,3,0.936340,0.019104,0.343994,-0.067261
11202941,BNO_GRV,1097,-4700,3,0.936340,0.019043,0.344055,-0.067261
11212617,BNO_GRV,1098,-4500,3,0.936340,0.019043,0.344055,-0.067261
11222345,BNO_GRV,1099,-4300,3,0.936340,0.019043,0.344055,-0.067200
11232962,BNO_GRV,1100,-4700,3,0.936340,0.018982,0.344055,-0.067139
11242606,BNO_GRV,1101,-4700,3,0.936340,0.018921,0.344055,-0.067078
11252531,BNO_GRV,1102,-4500,3,0.936340,0.018860,0.344055,-0.067017
11263068,BNO_GRV,1103,-4700,3,0.936401,0.018860,0.343994,-0.067017
11273123,BNO_GRV,1104,-4200,3,0.936401,0.018799,0.343994,-0.066956
11282730,BNO_GRV,1105,-4900,3,0.936340,0.018738,0.344116,-0.066895
11292673,BNO_GRV,1106,-4500,3,0.936279,0.018677,0.344299,-0.066772
11303170,BNO_GRV,1107,-4500,3,0.936218,0.018677,0.344604,-0.066589
11313302,BNO_GRV,1108,-4200,3,0.936096,0.018555,0.344849,-0.066345
11323096,BNO_GRV,1109,-4900,3,0.936035,0.018494,0.345154,-0.066162
11333029,BNO_GRV,1110,-4500,3,0.935913,0.018433,0.345459,-0.065918
11342704,BNO_GRV,1111,-4500,3,0.935852,0.018311,0.345703,-0.065735
11353290,BNO_GRV,1112,-4900,3,0.935852,0.018250,0.345825,-0.065552
11363552,BNO_GRV,1113,-4500,3,0.935791,0.018127,0.345886,-0.065369
11372880,BNO_GRV,1114,-4700,3,0.935791,0.018005,0.346069,-0.065186
11383616,BNO_GRV,1115,-4700,3,0.935730,0.017944,0.346252,-0.064880
11393627,BNO_GRV,1116,-4300,3,0.935669,0.017883,0.346436,-0.064514
11403165,BNO_GRV,1117,-4700,3,0.935608,0.017761,0.346680,-0.064087
11413046,BNO_GRV,1118,-4300,3,0.935547,0.017700,0.346924,-0.063660
11423527,BNO_GRV,1119,-4500,3,0.935486,0.017578,0.347168,-0.063293
11433737,BNO_GRV,1120,-4200,3,0.935425,0.017456,0.347351,-0.062927
11443357,BNO_GRV,1121,-4500,3,0.935425,0.017334,0.347534,-0.062622
11453263,BNO_GRV,1122,-4500,3,0.935364,0.017212,0.347717,-0.062256
11463168,BNO_GRV,1123,-4700,3,0.935303,0.017029,0.347961,-0.061890
11473883,BNO_GRV,1124,-4900,3,0.935242,0.016907,0.348206,-0.061584
11483571,BNO_GRV,1125,-4500,3,0.935181,0.016846,0.348511,-0.061279
11493623,BNO_GRV,1126,-4500,3,0.935059,0.016724,0.348816,-0.060913
11502980,BNO_GRV,1127,-4500,3,0.934998,0.016602,0.349060,-0.060547
11513818,BNO_GRV,1128,-4900,3,0.934937,0.016479,0.349304,-0.060059
11523407,BNO_GRV,1129,-4500,3,0.934875,0.016296,0.349548,-0.059509
11533416,BNO_GRV,1130,-4500,3,0.934875,0.016113,0.349731,-0.058960
11543148,BNO_GRV,1131,-4500,3,0.934875,0.015869,0.349792,-0.058411
11554037,BNO_GRV,1132,-4900,3,0.934937,0.015625,0.349731,-0.057861
11563663,BNO_GRV,1133,-4500,3,0.934998,0.015442,0.349609,-0.057312
11573573,BNO_GRV,1134,-4500,3,0.935059,0.015320,0.349548,-0.056763
11583237,BNO_GRV,1135,-4500,3,0.935120,0.015137,0.349487,-0.056274
11594012,BNO_GRV,1136,-4900,3,0.935120,0.014893,0.349609,-0.055786
11603711,BNO_GRV,1137,-4300,3,0.935059,0.014648,0.349792,-0.055237
11613460,BNO_GRV,1138,-4500,3,0.934998,0.014465,0.350037,-0.054688
11623358,BNO_GRV,1139,-4500,3,0.934937,0.014343,0.350342,-0.054138
11634186,BNO_GRV,1140,-4900,3,0.934875,0.014099,0.350708,-0.053650
11643917,BNO_GRV,1141,-4300,3,0.934753,0.013977,0.351013,-0.053162
11653231,BNO_GRV,1142,-4300,3,0.934631,0.013794,0.351379,-0.052734
11663350,BNO_GRV,1143,-4300,3,0.934570,0.013672,0.351624,-0.052246
11673778,BNO_GRV,1144,-4900,3,0.934509,0.013489,0.351868,-0.051697
11683849,BNO_GRV,1145,-4300,3,0.934509,0.013306,0.352051,-0.051086
11693458,BNO_GRV,1146,-4500,3,0.934448,0.013062,0.352234,-0.050415
11703486,BNO_GRV,1147,-4500,3,0.934448,0.012756,0.352417,-0.049683
11714647,BNO_GRV,1148,-5100,3,0.934387,0.012451,0.352600,-0.048950
11724279,BNO_GRV,1149,-4300,3,0.934387,0.012146,0.352722,-0.048218
11734096,BNO_GRV,1150,-4500,3,0.934387,0.011963,0.352844,-0.047424
11743633,BNO_GRV,1151,-4500,3,0.934387,0.011719,0.352905,-0.046753
11754094,BNO_GRV,1152,-4900,3,0.934326,0.011414,0.353271,-0.046021
11764727,BNO_GRV,1153,-5100,3,0.934204,0.011169,0.353638,-0.045288
11773689,BNO_GRV,1154,-4500,3,0.934265,0.010986,0.353638,-0.044617
11783771,BNO_GRV,1155,-4500,3,0.934204,0.010681,0.353882,-0.043884
11794122,BNO_GRV,1156,-4700,3,0.934143,0.010437,0.354065,-0.043213
11804806,BNO_GRV,1157,-5100,3,0.934143,0.010193,0.354187,-0.042542
11813648,BNO_GRV,1158,-4500,3,0.934143,0.010071,0.354309,-0.042053
11823936,BNO_GRV,1159,-4700,3,0.934082,0.009888,0.354431,-0.041565
11834234,BNO_GRV,1160,-4900,3,0.934082,0.009705,0.354553,-0.041016
11845028,BNO_GRV,1161,-5100,3,0.934021,0.009460,0.354736,-0.040344
11853774,BNO_GRV,1162,-4300,3,0.933960,0.009277,0.355042,-0.039490
11863979,BNO_GRV,1163,-4500,3,0.933838,0.008972,0.355469,-0.038452
11873693,BNO_GRV,1164,-4200,3,0.933716,0.008545,0.356018,-0.037109
11884193,BNO_GRV,1165,-4300,3,0.933594,0.008057,0.356445,-0.035767
11893045,BNO_GRV,1166,-3600,3,0.933472,0.007568,0.356995,-0.034241
11904114,BNO_GRV,1167,-4300,3,0.933289,0.007019,0.357544,-0.032715
11913628,BNO_GRV,1168,-4200,3,0.933167,0.006592,0.358093,-0.031250
11924617,BNO_GRV,1169,-4700,3,0.932983,0.006165,0.358643,-0.029846
11933844,BNO_GRV,1170,-4200,3,0.932800,0.005798,0.359253,-0.028564
11943799,BNO_GRV,1171,-4200,3,0.932617,0.005493,0.359741,-0.027344
11953998,BNO_GRV,1172,-4300,3,0.932495,0.005066,0.360229,-0.026184
11964484,BNO_GRV,1173,-4500,3,0.932312,0.004700,0.360718,-0.025146
11974060,BNO_GRV,1174,-4300,3,0.932129,0.004456,0.361206,-0.024170
11983966,BNO_GRV,1175,-4300,3,0.932007,0.004089,0.361755,-0.023193
11994042,BNO_GRV,1176,-4300,3,0.931824,0.003723,0.362183,-0.022095
12004524,BNO_GRV,1177,-4300,3,0.931763,0.003296,0.362488,-0.020996
12014077,BNO_GRV,1178,-4500,3,0.931641,0.002869,0.362793,-0.019897
12023839,BNO_GRV,1179,-4200,3,0.931580,0.002441,0.363037,-0.018799
12034173,BNO_GRV,1180,-4500,3,0.931519,0.002136,0.363159,-0.017822
12044510,BNO_GRV,1181,-4200,3,0.931519,0.001831,0.363281,-0.016907
12053442,BNO_GRV,1182,-3600,3,0.931519,0.001526,0.363403,-0.016052
12064575,BNO_GRV,1183,-4300,3,0.931458,0.001282,0.363464,-0.015259
12074132,BNO_GRV,1184,-4300,3,0.931458,0.001038,0.363464,-0.014587
12084542,BNO_GRV,1185,-4300,3,0.931458,0.000793,0.363525,-0.013916
12094162,BNO_GRV,1186,-4300,3,0.931458,0.000549,0.363647,-0.013367
12104101,BNO_GRV,1187,-4300,3,0.931335,0.000427,0.363892,-0.012939
12114596,BNO_GRV,1188,-4500,3,0.931213,0.000305,0.364197,-0.012634
12124600,BNO_GRV,1189,-4000,3,0.931091,0.000305,0.364563,-0.012390
12134811,BNO_GRV,1190,-4500,3,0.930969,0.000305,0.364929,-0.012329
12144210,BNO_GRV,1191,-4300,3,0.930847,0.000305,0.365173,-0.012268
12154645,BNO_GRV,1192,-4500,3,0.930786,0.000305,0.365417,-0.012207
12164553,BNO_GRV,1193,-3800,3,0.930725,0.000427,0.365540,-0.012268
12174672,BNO_GRV,1194,-4500,3,0.930725,0.000549,0.365601,-0.012390
12184275,BNO_GRV,1195,-4300,3,0.930664,0.000549,0.365723,-0.012512
12194446,BNO_GRV,1196,-4200,3,0.930603,0.000671,0.365784,-0.012756
12205407,BNO_GRV,1197,-4500,3,0.930603,0.000854,0.365845,-0.012939
12214478,BNO_GRV,1198,-4200,3,0.930542,0.000977,0.365967,-0.013184
12224366,BNO_GRV,1199,-4300,3,0.930420,0.001099,0.366211,-0.013367
12235280,BNO_GRV,1200,-4300,3,0.930298,0.001282,0.366516,-0.013428
12245059,BNO_GRV,1201,-3800,3,0.930176,0.001404,0.366821,-0.013367
12255253,BNO_GRV,1202,-4500,3,0.930054,0.001404,0.367249,-0.013184
12264778,BNO_GRV,1203,-4200,3,0.929871,0.001465,0.367615,-0.012878
12275257,BNO_GRV,1204,-4300,3,0.929749,0.001526,0.368042,-0.012573
12285020,BNO_GRV,1205,-3600,3,0.929565,0.001587,0.368347,-0.012329
12295224,BNO_GRV,1206,-4700,3,0.929504,0.001709,0.368652,-0.012085
12304718,BNO_GRV,1207,-4300,3,0.929382,0.001831,0.368958,-0.011902
12315323,BNO_GRV,1208,-4300,3,0.929260,0.001831,0.369263,-0.011719
12325284,BNO_GRV,1209,-3800,3,0.929199,0.001892,0.369446,-0.011597
12335544,BNO_GRV,1210,-4500,3,0.929138,0.001953,0.369629,-0.011353
12344546,BNO_GRV,1211,-4200,3,0.929016,0.001892,0.369873,-0.011169
12355236,BNO_GRV,1212,-4300,3,0.928955,0.001831,0.369995,-0.010864
12365441,BNO_GRV,1213,-4000,3,0.928894,0.001709,0.370117,-0.010620
12375760,BNO_GRV,1214,-4500,3,0.928894,0.001465,0.370178,-0.010315
12384900,BNO_GRV,1215,-4300,3,0.928894,0.001343,0.370178,-0.010071
12395675,BNO_GRV,1216,-4500,3,0.928894,0.001221,0.370178,-0.009766
12405431,BNO_GRV,1217,-3800,3,0.928833,0.001099,0.370300,-0.009460
12415627,BNO_GRV,1218,-4500,3,0.928772,0.001038,0.370544,-0.009216
12424912,BNO_GRV,1219,-4300,3,0.928711,0.000977,0.370789,-0.008911
12435725,BNO_GRV,1220,-4300,3,0.928528,0.000916,0.371094,-0.008484
12445434,BNO_GRV,1221,-3800,3,0.928406,0.000916,0.371399,-0.008057
12455611,BNO_GRV,1222,-4500,3,0.928345,0.000854,0.371704,-0.007568
12464952,BNO_GRV,1223,-4300,3,0.928284,0.000793,0.371887,-0.007141
12475887,BNO_GRV,1224,-4300,3,0.928223,0.000671,0.372009,-0.006653
12485680,BNO_GRV,1225,-3800,3,0.928162,0.000366,0.372131,-0.006226
12495868,BNO_GRV,1226,-4700,3,0.928101,0.000000,0.372253,-0.005737
12505087,BNO_GRV,1227,-4200,3,0.928101,-0.000244,0.372253,-0.005188
12515115,BNO_GRV,1228,-4300,3,0.928162,-0.000549,0.372192,-0.004700
12525919,BNO_GRV,1229,-4500,3,0.928162,-0.000916,0.372070,-0.004150
12535580,BNO_GRV,1230,-4300,3,0.928223,-0.001160,0.372009,-0.003784
12545191,BNO_GRV,1231,-4200,3,0.928284,-0.001343,0.371948,-0.003418
12554998,BNO_GRV,1232,-4200,3,0.928284,-0.001526,0.371826,-0.003174
12565773,BNO_GRV,1233,-4500,3,0.928284,-0.001648,0.371826,-0.002991
12576048,BNO_GRV,1234,-4500,3,0.928284,-0.001770,0.371948,-0.002808
12585310,BNO_GRV,1235,-4200,3,0.928223,-0.001831,0.372009,-0.002625
12595197,BNO_GRV,1236,-4300,3,0.928162,-0.001770,0.372192,-0.002502
12606138,BNO_GRV,1237,-4700,3,0.928040,-0.001770,0.372375,-0.002258
12615622,BNO_GRV,1238,-4000,3,0.927979,-0.001770,0.372559,-0.001892
12625108,BNO_GRV,1239,-4200,3,0.927917,-0.001892,0.372803,-0.001465
12635960,BNO_GRV,1240,-4500,3,0.927856,-0.001953,0.372925,-0.001038
12646578,BNO_GRV,1241,-4700,3,0.927795,-0.002014,0.373047,-0.000549
12656036,BNO_GRV,1242,-4200,3,0.927795,-0.002319,0.373047,-0.000122
12665650,BNO_GRV,1243,-4300,3,0.927856,-0.002747,0.372925,0.000244
12675494,BNO_GRV,1244,-4300,3,0.927979,-0.002991,0.372681,0.000488
12685770,BNO_GRV,1245,-4500,3,0.928040,-0.003052,0.372498,0.000793
12696232,BNO_GRV,1246,-4700,3,0.928040,-0.003174,0.372498,0.001099
12705470,BNO_GRV,1247,-4300,3,0.927979,-0.003296,0.372681,0.001465
12716300,BNO_GRV,1248,-4300,3,0.927795,-0.003479,0.372986,0.002014
12726074,BNO_GRV,1249,-4700,3,0.927673,-0.003662,0.373291,0.002625
12736635,BNO_GRV,1250,-4700,3,0.927551,-0.003845,0.373596,0.003235
12745812,BNO_GRV,1251,-4300,3,0.927490,-0.004028,0.373840,0.003845
12755609,BNO_GRV,1252,-4300,3,0.927429,-0.004211,0.374023,0.004395
12765996,BNO_GRV,1253,-4500,3,0.927368,-0.004456,0.374146,0.004944
12776356,BNO_GRV,1254,-4500,3,0.927307,-0.004578,0.374207,0.005432
12785458,BNO_GRV,1255,-4200,3,0.927307,-0.004700,0.374146,0.005798
12796096,BNO_GRV,1256,-4200,3,0.927368,-0.004761,0.374146,0.006042
12805711,BNO_GRV,1257,-4200,3,0.927368,-0.004761,0.374084,0.006104
12816067,BNO_GRV,1258,-4300,3,0.927429,-0.004761,0.373962,0.006042
12825308,BNO_GRV,1259,-3800,3,0.927490,-0.004700,0.373840,0.005859
12836126,BNO_GRV,1260,-4300,3,0.927551,-0.004639,0.373657,0.005676
12845711,BNO_GRV,1261,-4200,3,0.927612,-0.004578,0.373535,0.005554
12856376,BNO_GRV,1262,-4300,3,0.927673,-0.004517,0.373352,0.005493
12865753,BNO_GRV,1263,-4300,3,0.927734,-0.004456,0.373169,0.005432
12876498,BNO_GRV,1264,-4500,3,0.927795,-0.004333,0.372986,0.005310
12886061,BNO_GRV,1265,-4300,3,0.927917,-0.004272,0.372742,0.005066
12896391,BNO_GRV,1266,-4200,3,0.927979,-0.004150,0.372559,0.004700
12905242,BNO_GRV,1267,-3600,3,0.928040,-0.003906,0.372498,0.004211
12916399,BNO_GRV,1268,-4300,3,0.928040,-0.003723,0.372437,0.003784
12926008,BNO_GRV,1269,-4300,3,0.928040,-0.003601,0.372498,0.003479
12936513,BNO_GRV,1270,-4300,3,0.927979,-0.003479,0.372620,0.003235
12945509,BNO_GRV,1271,-3600,3,0.927917,-0.003418,0.372742,0.003174
12956558,BNO_GRV,1272,-4300,3,0.927917,-0.003418,0.372742,0.003174
12966136,BNO_GRV,1273,-4300,3,0.927917,-0.003418,0.372803,0.003113
12976674,BNO_GRV,1274,-4500,3,0.927856,-0.003418,0.372925,0.003052
12986177,BNO_GRV,1275,-4300,3,0.927795,-0.003418,0.373108,0.003052
12996246,BNO_GRV,1276,-4200,3,0.927673,-0.003418,0.373413,0.003052
13006212,BNO_GRV,1277,-4300,3,0.927551,-0.003296,0.373657,0.003113
13016516,BNO_GRV,1278,-4300,3,0.927429,-0.003174,0.373962,0.003235
13025725,BNO_GRV,1279,-4000,3,0.927307,-0.003235,0.374268,0.003479
13036816,BNO_GRV,1280,-4300,3,0.927185,-0.003296,0.374512,0.003784
13046444,BNO_GRV,1281,-4500,3,0.927124,-0.003357,0.374756,0.004028
13056684,BNO_GRV,1282,-4300,3,0.927002,-0.003479,0.374939,0.004333
13066370,BNO_GRV,1283,-4300,3,0.927002,-0.003662,0.375000,0.004578
13076188,BNO_GRV,1284,-4200,3,0.927002,-0.003784,0.374939,0.004761
13086845,BNO_GRV,1285,-4500,3,0.927063,-0.003967,0.374939,0.005005
13096748,BNO_GRV,1286,-4000,3,0.927002,-0.004089,0.375000,0.005188
13106808,BNO_GRV,1287,-4300,3,0.927002,-0.004089,0.375061,0.005371
13116417,BNO_GRV,1288,-4200,3,0.926941,-0.004089,0.375183,0.005554
13126770,BNO_GRV,1289,-4300,3,0.926880,-0.004150,0.375366,0.005798
13137523,BNO_GRV,1290,-4500,3,0.926880,-0.004150,0.375305,0.005920
13146799,BNO_GRV,1291,-4500,3,0.926941,-0.004211,0.375183,0.006042
13156479,BNO_GRV,1292,-4200,3,0.927063,-0.004333,0.374878,0.006104
13166954,BNO_GRV,1293,-4300,3,0.927185,-0.004456,0.374451,0.006165
13176976,BNO_GRV,1294,-3800,3,0.927368,-0.004578,0.374023,0.006165
13187267,BNO_GRV,1295,-4500,3,0.927551,-0.004578,0.373596,0.006226
13196594,BNO_GRV,1296,-4300,3,0.927856,-0.004822,0.372864,0.006226
13207392,BNO_GRV,1297,-4500,3,0.928040,-0.005066,0.372375,0.006287
13217274,BNO_GRV,1298,-4200,3,0.928223,-0.005188,0.372009,0.006287
13227380,BNO_GRV,1299,-4500,3,0.928345,-0.005371,0.371704,0.006348
13236884,BNO_GRV,1300,-4500,3,0.928467,-0.005554,0.371338,0.006531
13247471,BNO_GRV,1301,-4500,3,0.928650,-0.005737,0.370911,0.006714
13257488,BNO_GRV,1302,-4000,3,0.928894,-0.005920,0.370239,0.006897
13267087,BNO_GRV,1303,-4500,3,0.929199,-0.006042,0.369446,0.007019
13276841,BNO_GRV,1304,-4300,3,0.929565,-0.006104,0.368591,0.007080
13287664,BNO_GRV,1305,-4500,3,0.929871,-0.006165,0.367859,0.007141
13297748,BNO_GRV,1306,-4200,3,0.930054,-0.006226,0.367249,0.007202
13307391,BNO_GRV,1307,-4900,3,0.930237,-0.006287,0.366821,0.007263
13317030,BNO_GRV,1308,-4300,3,0.930359,-0.006287,0.366455,0.007324
13327579,BNO_GRV,1309,-4500,3,0.930481,-0.006287,0.366150,0.007202
13337657,BNO_GRV,1310,-4200,3,0.930603,-0.006226,0.365967,0.007080
13347500,BNO_GRV,1311,-4700,3,0.930603,-0.006226,0.365845,0.007019
13357341,BNO_GRV,1312,-4500,3,0.930664,-0.006226,0.365723,0.007080
13367926,BNO_GRV,1313,-4500,3,0.930725,-0.006287,0.365540,0.007263
13378032,BNO_GRV,1314,-4200,3,0.930786,-0.006409,0.365417,0.007446
13387617,BNO_GRV,1315,-4700,3,0.930847,-0.006470,0.365234,0.007690
13397410,BNO_GRV,1316,-4300,3,0.930969,-0.006592,0.365051,0.007935
13408030,BNO_GRV,1317,-4700,3,0.931030,-0.006653,0.364868,0.008179
13417938,BNO_GRV,1318,-4200,3,0.931091,-0.006775,0.364685,0.008423
13427719,BNO_GRV,1319,-4700,3,0.931091,-0.006836,0.364563,0.008606
13437446,BNO_GRV,1320,-4300,3,0.931152,-0.006958,0.364441,0.008850
13447496,BNO_GRV,1321,-4700,3,0.931152,-0.007080,0.364380,0.009033
13458270,BNO_GRV,1322,-4900,3,0.931152,-0.007202,0.364380,0.009338
13467887,BNO_GRV,1323,-4700,3,0.931213,-0.007385,0.364319,0.009766
13477719,BNO_GRV,1324,-4500,3,0.931152,-0.007568,0.364380,0.010254
13487503,BNO_GRV,1325,-4500,3,0.931152,-0.007751,0.364380,0.010742
13498219,BNO_GRV,1326,-4900,3,0.931152,-0.007996,0.364380,0.011230
13507816,BNO_GRV,1327,-4500,3,0.931152,-0.008179,0.364380,0.011597
13517674,BNO_GRV,1328,-4500,3,0.931152,-0.008301,0.364380,0.011902
13527397,BNO_GRV,1329,-4300,3,0.931091,-0.008484,0.364441,0.012207
13537728,BNO_GRV,1330,-4700,3,0.931091,-0.008606,0.364441,0.012451
13547980,BNO_GRV,1331,-4500,3,0.931091,-0.008667,0.364502,0.012756
13557628,BNO_GRV,1332,-4500,3,0.931030,-0.008789,0.364624,0.013062
13567580,BNO_GRV,1333,-4500,3,0.930969,-0.008972,0.364685,0.013367
13577837,BNO_GRV,1334,-4700,3,0.930969,-0.009094,0.364685,0.013672
13588096,BNO_GRV,1335,-4300,3,0.931030,-0.009216,0.364563,0.013916
13597548,BNO_GRV,1336,-4300,3,0.931152,-0.009277,0.364258,0.014160
13607632,BNO_GRV,1337,-4500,3,0.931213,-0.009399,0.364014,0.014343
13618088,BNO_GRV,1338,-4900,3,0.931335,-0.009460,0.363770,0.014465
13627968,BNO_GRV,1339,-4300,3,0.931396,-0.009583,0.363586,0.014587
13637639,BNO_GRV,1340,-4300,3,0.931458,-0.009644,0.363464,0.014771
13648699,BNO_GRV,1341,-4700,3,0.931519,-0.009766,0.363281,0.015015
13658618,BNO_GRV,1342,-4000,3,0.931580,-0.009888,0.363098,0.015137
13668502,BNO_GRV,1343,-4300,3,0.931702,-0.010010,0.362793,0.015259
13677825,BNO_GRV,1344,-4300,3,0.931824,-0.010071,0.362427,0.015320
13687819,BNO_GRV,1345,-4500,3,0.931946,-0.010132,0.362122,0.015320
13698986,BNO_GRV,1346,-5100,3,0.932129,-0.010132,0.361694,0.015259
13708587,BNO_GRV,1347,-4300,3,0.932251,-0.010193,0.361267,0.015198
13717961,BNO_GRV,1348,-4500,3,0.932434,-0.010193,0.360840,0.015137
13727984,BNO_GRV,1349,-4500,3,0.932617,-0.010193,0.360413,0.015137
13739071,BNO_GRV,1350,-5100,3,0.932861,-0.010315,0.359802,0.015076
13748780,BNO_GRV,1351,-4500,3,0.932983,-0.010376,0.359497,0.015015
13757887,BNO_GRV,1352,-4300,3,0.933044,-0.010376,0.359253,0.015015
13767907,BNO_GRV,1353,-4300,3,0.933167,-0.010437,0.359009,0.015076
13778768,BNO_GRV,1354,-4900,3,0.933228,-0.010498,0.358887,0.015076
13788380,BNO_GRV,1355,-4200,3,0.933228,-0.010498,0.358765,0.015137
13797421,BNO_GRV,1356,-3600,3,0.933350,-0.010498,0.358582,0.015076
13808556,BNO_GRV,1357,-4700,3,0.933411,-0.010559,0.358398,0.015015
13818355,BNO_GRV,1358,-4500,3,0.933411,-0.010559,0.358276,0.014954
13828522,BNO_GRV,1359,-4500,3,0.933472,-0.010559,0.358093,0.014893
13837532,BNO_GRV,1360,-4000,3,0.933533,-0.010559,0.358032,0.014893
13848807,BNO_GRV,1361,-4700,3,0.933533,-0.010620,0.358093,0.014893
13858639,BNO_GRV,1362,-4900,3,0.933472,-0.010620,0.358215,0.014893
13868779,BNO_GRV,1363,-4300,3,0.933411,-0.010681,0.358398,0.014893
13878262,BNO_GRV,1364,-4500,3,0.933289,-0.010742,0.358582,0.014893
13888454,BNO_GRV,1365,-4500,3,0.933228,-0.010742,0.358826,0.014954
13898345,BNO_GRV,1366,-4500,3,0.933167,-0.010803,0.358948,0.014954
13908755,BNO_GRV,1367,-4700,3,0.933167,-0.010803,0.359070,0.014954
13918282,BNO_GRV,1368,-4500,3,0.933105,-0.010803,0.359070,0.014893
13928360,BNO_GRV,1369,-4500,3,0.933105,-0.010864,0.359070,0.014832
13938477,BNO_GRV,1370,-4500,3,0.933105,-0.010864,0.359070,0.014832
13948882,BNO_GRV,1371,-4500,3,0.933167,-0.010864,0.359009,0.014771
13958048,BNO_GRV,1372,-4200,3,0.933228,-0.010864,0.358765,0.014709
13968498,BNO_GRV,1373,-4500,3,0.933350,-0.010864,0.358459,0.014648
13978604,BNO_GRV,1374,-4500,3,0.933472,-0.010864,0.358154,0.014587
13988867,BNO_GRV,1375,-4500,3,0.933594,-0.010925,0.357788,0.014465
13998555,BNO_GRV,1376,-4500,3,0.933716,-0.010925,0.357483,0.014404
14008571,BNO_GRV,1377,-4500,3,0.933838,-0.010925,0.357239,0.014343
14018681,BNO_GRV,1378,-4500,3,0.933960,-0.010925,0.356995,0.014221
14029078,BNO_GRV,1379,-4700,3,0.934021,-0.010864,0.356812,0.014160
14038647,BNO_GRV,1380,-4300,3,0.934082,-0.010864,0.356689,0.014038
14048790,BNO_GRV,1381,-4500,3,0.934082,-0.010803,0.356567,0.013855
14058692,BNO_GRV,1382,-4500,3,0.934143,-0.010742,0.356445,0.013672
14069100,BNO_GRV,1383,-4500,3,0.934204,-0.010681,0.356323,0.013489
14078738,BNO_GRV,1384,-4300,3,0.934265,-0.010681,0.356140,0.013306
14088875,BNO_GRV,1385,-4500,3,0.934387,-0.010620,0.355896,0.013123
14098706,BNO_GRV,1386,-4500,3,0.934448,-0.010559,0.355652,0.012939
14109391,BNO_GRV,1387,-4500,3,0.934570,-0.010498,0.355408,0.012756
14119094,BNO_GRV,1388,-4700,3,0.934631,-0.010498,0.355164,0.012573
14128818,BNO_GRV,1389,-4300,3,0.934692,-0.010498,0.354980,0.012451
14139773,BNO_GRV,1390,-4900,3,0.934753,-0.010498,0.354858,0.012390
14149549,BNO_GRV,1391,-4200,3,0.934814,-0.010498,0.354736,0.012329
14158944,BNO_GRV,1392,-4700,3,0.934875,-0.010498,0.354614,0.012268
14168819,BNO_GRV,1393,-4300,3,0.934937,-0.010498,0.354431,0.012146
14179238,BNO_GRV,1394,-4500,3,0.934998,-0.010437,0.354309,0.011963
14189383,BNO_GRV,1395,-4200,3,0.935059,-0.010376,0.354187,0.011841
14199503,BNO_GRV,1396,-4500,3,0.935059,-0.010315,0.354187,0.011658
14208856,BNO_GRV,1397,-4300,3,0.934998,-0.010315,0.354248,0.011536
14219323,BNO_GRV,1398,-4500,3,0.934998,-0.010315,0.354309,0.011414
14229500,BNO_GRV,1399,-4200,3,0.934998,-0.010315,0.354370,0.011353
14239832,BNO_GRV,1400,-4500,3,0.934998,-0.010315,0.354309,0.011292
14249299,BNO_GRV,1401,-4500,3,0.935059,-0.010315,0.354187,0.011292
14259017,BNO_GRV,1402,-4500,3,0.935120,-0.010315,0.354004,0.011230
14269702,BNO_GRV,1403,-4700,3,0.935120,-0.010254,0.353943,0.011169
14279949,BNO_GRV,1404,-4500,3,0.935120,-0.010254,0.353943,0.011108
14289195,BNO_GRV,1405,-4500,3,0.935120,-0.010254,0.354004,0.011047
14299860,BNO_GRV,1406,-4700,3,0.935120,-0.010254,0.354065,0.011047
14309737,BNO_GRV,1407,-4000,3,0.935059,-0.010254,0.354187,0.011047
14320030,BNO_GRV,1408,-4500,3,0.934998,-0.010315,0.354309,0.011047
14329383,BNO_GRV,1409,-4500,3,0.934998,-0.010254,0.354248,0.011047
14340015,BNO_GRV,1410,-4700,3,0.935059,-0.010315,0.354126,0.011108
14350120,BNO_GRV,1411,-4300,3,0.935120,-0.010315,0.354004,0.011108
14359702,BNO_GRV,1412,-4700,3,0.935181,-0.010376,0.353821,0.011108
14369509,BNO_GRV,1413,-4500,3,0.935303,-0.010376,0.353516,0.011108
14379759,BNO_GRV,1414,-4200,3,0.935425,-0.010376,0.353149,0.011108
14389797,BNO_GRV,1415,-3800,3,0.935608,-0.010315,0.352661,0.011047
14399869,BNO_GRV,1416,-4500,3,0.935852,-0.010254,0.352051,0.010864
14409365,BNO_GRV,1417,-4300,3,0.936035,-0.010132,0.351562,0.010498
14419293,BNO_GRV,1418,-4200,3,0.936279,-0.009949,0.350952,0.010010
14429908,BNO_GRV,1419,-4500,3,0.936584,-0.009766,0.350220,0.009460
14440123,BNO_GRV,1420,-4300,3,0.936890,-0.009705,0.349365,0.009155
14449332,BNO_GRV,1421,-4200,3,0.937134,-0.009888,0.348755,0.009460
14460132,BNO_GRV,1422,-4300,3,0.937134,-0.010376,0.348572,0.010681
14470449,BNO_GRV,1423,-4300,3,0.936951,-0.011047,0.349121,0.012451
14479876,BNO_GRV,1424,-4300,3,0.936523,-0.011658,0.350098,0.014343
14489288,BNO_GRV,1425,-3800,3,0.935974,-0.012268,0.351501,0.016113
14500063,BNO_GRV,1426,-4200,3,0.935303,-0.012634,0.353149,0.017395
14510701,BNO_GRV,1427,-4300,3,0.934814,-0.012451,0.354431,0.017944
14519981,BNO_GRV,1428,-4300,3,0.934509,-0.011841,0.355347,0.017761
14529788,BNO_GRV,1429,-4200,3,0.934265,-0.011169,0.355957,0.017090
14539578,BNO_GRV,1430,-4200,3,0.934204,-0.010742,0.356262,0.016052
14549765,BNO_GRV,1431,-4500,3,0.934265,-0.010437,0.356140,0.014526
14560190,BNO_GRV,1432,-4300,3,0.934570,-0.010254,0.355347,0.012756
14569388,BNO_GRV,1433,-4000,3,0.935303,-0.010010,0.353577,0.010620
14580007,BNO_GRV,1434,-4300,3,0.936340,-0.009460,0.350830,0.008301
14590543,BNO_GRV,1435,-4200,3,0.937500,-0.008850,0.347839,0.006409
14600010,BNO_GRV,1436,-4000,3,0.938599,-0.008484,0.344910,0.005249
14609721,BNO_GRV,1437,-4200,3,0.939575,-0.008362,0.342163,0.005005
14619563,BNO_GRV,1438,-4200,3,0.940247,-0.008423,0.340271,0.005432
14630641,BNO_GRV,1439,-4700,3,0.940613,-0.008545,0.339294,0.005920
14640201,BNO_GRV,1440,-4000,3,0.940796,-0.008118,0.338806,0.005737
14649057,BNO_GRV,1441,-3600,3,0.940918,-0.006897,0.338501,0.004333
14659834,BNO_GRV,1442,-4300,3,0.940979,-0.005615,0.338379,0.001831
14670085,BNO_GRV,1443,-4700,3,0.941162,-0.004395,0.337891,-0.001282
14680482,BNO_GRV,1444,-4500,3,0.941528,-0.003479,0.336914,-0.004150
14689978,BNO_GRV,1445,-4300,3,0.941956,-0.002686,0.335693,-0.006226
14699944,BNO_GRV,1446,-4300,3,0.942444,-0.002197,0.334290,-0.007690
14709778,BNO_GRV,1447,-4200,3,0.942932,-0.002075,0.332825,-0.008606
14720247,BNO_GRV,1448,-4200,3,0.943481,-0.001648,0.331360,-0.009399
14729943,BNO_GRV,1449,-4000,3,0.944092,-0.000854,0.329468,-0.010620
14740788,BNO_GRV,1450,-4300,3,0.944885,0.000305,0.327087,-0.012634
14750414,BNO_GRV,1451,-4700,3,0.945618,0.001526,0.325012,-0.014893
14760906,BNO_GRV,1452,-4500,3,0.946106,0.002686,0.323425,-0.017456
14769997,BNO_GRV,1453,-4300,3,0.946350,0.003723,0.322449,-0.019592
14780754,BNO_GRV,1454,-4300,3,0.946594,0.004944,0.321716,-0.021851
14791267,BNO_GRV,1455,-4300,3,0.946594,0.006042,0.321472,-0.024170
14800985,BNO_GRV,1456,-4000,3,0.946472,0.006714,0.321594,-0.026672
14810111,BNO_GRV,1457,-4300,3,0.946289,0.007019,0.321899,-0.029114
14820636,BNO_GRV,1458,-4300,3,0.946167,0.007324,0.322144,-0.031555
14830222,BNO_GRV,1459,-4300,3,0.945984,0.007874,0.322388,-0.033447
14840572,BNO_GRV,1460,-4200,3,0.945801,0.008484,0.322754,-0.035217
14850025,BNO_GRV,1461,-4000,3,0.945618,0.008972,0.323120,-0.036926
14860586,BNO_GRV,1462,-4300,3,0.945496,0.009338,0.323120,-0.038818
14870414,BNO_GRV,1463,-4300,3,0.945557,0.009521,0.322876,-0.040588
14880768,BNO_GRV,1464,-4200,3,0.945557,0.009644,0.322632,-0.042297
14889731,BNO_GRV,1465,-3800,3,0.945496,0.009949,0.322632,-0.043701
14900749,BNO_GRV,1466,-4200,3,0.945251,0.010620,0.322998,-0.045227
14910491,BNO_GRV,1467,-4300,3,0.944946,0.011230,0.323669,-0.046753
14920723,BNO_GRV,1468,-4200,3,0.944641,0.011780,0.324341,-0.048462
14929793,BNO_GRV,1469,-3800,3,0.944336,0.012085,0.324951,-0.049927
14940703,BNO_GRV,1470,-4200,3,0.944031,0.012146,0.325684,-0.050903
14950604,BNO_GRV,1471,-4300,3,0.943848,0.012207,0.326233,-0.051331
14960900,BNO_GRV,1472,-4200,3,0.943665,0.012207,0.326660,-0.051514
14969886,BNO_GRV,1473,-3600,3,0.943604,0.012207,0.326843,-0.051697
14981058,BNO_GRV,1474,-4300,3,0.943542,0.012268,0.326843,-0.051941
14990361,BNO_GRV,1475,-4000,3,0.943542,0.012268,0.326965,-0.052002
15000951,BNO_GRV,1476,-4300,3,0.943481,0.012268,0.327087,-0.052124
15010105,BNO_GRV,1477,-3800,3,0.943420,0.012390,0.327087,-0.052734
15021145,BNO_GRV,1478,-4300,3,0.943359,0.012756,0.327087,-0.053711
15030523,BNO_GRV,1479,-4300,3,0.943298,0.013062,0.327209,-0.054688
15041019,BNO_GRV,1480,-4300,3,0.943237,0.013367,0.327209,-0.055542
15051173,BNO_GRV,1481,-4500,3,0.943237,0.013489,0.327087,-0.055908
15060537,BNO_GRV,1482,-4200,3,0.943298,0.013489,0.326965,-0.056030
15071010,BNO_GRV,1483,-4500,3,0.943237,0.013428,0.327087,-0.055969
15081100,BNO_GRV,1484,-4000,3,0.943176,0.013306,0.327271,-0.055786
15091404,BNO_GRV,1485,-4700,3,0.943115,0.013245,0.327454,-0.055542
15100811,BNO_GRV,1486,-4300,3,0.943054,0.013123,0.327698,-0.055359
15111217,BNO_GRV,1487,-4500,3,0.942993,0.013062,0.327942,-0.055359
15121141,BNO_GRV,1488,-3600,3,0.942871,0.013123,0.328186,-0.055359
15131205,BNO_GRV,1489,-4300,3,0.942810,0.013184,0.328369,-0.055603
15140959,BNO_GRV,1490,-4300,3,0.942749,0.013306,0.328430,-0.055908
15151645,BNO_GRV,1491,-4300,3,0.942749,0.013428,0.328430,-0.056396
15161538,BNO_GRV,1492,-3800,3,0.942688,0.013489,0.328491,-0.056702
15171615,BNO_GRV,1493,-4500,3,0.942627,0.013489,0.328613,-0.057007
15181124,BNO_GRV,1494,-4300,3,0.942566,0.013550,0.328796,-0.057251
15191583,BNO_GRV,1495,-4300,3,0.942444,0.013550,0.329102,-0.057434
15201562,BNO_GRV,1496,-3800,3,0.942322,0.013611,0.329468,-0.057617
15211773,BNO_GRV,1497,-4500,3,0.942139,0.013550,0.329895,-0.057739
15220961,BNO_GRV,1498,-4300,3,0.942017,0.013550,0.330322,-0.057800
15231712,BNO_GRV,1499,-4300,3,0.941833,0.013672,0.330811,-0.057861
15241823,BNO_GRV,1500,-3800,3,0.941711,0.013733,0.331177,-0.057861
15251921,BNO_GRV,1501,-4500,3,0.941589,0.013733,0.331543,-0.057861
15261089,BNO_GRV,1502,-4200,3,0.941467,0.013794,0.331787,-0.057861
15271844,BNO_GRV,1503,-4500,3,0.941406,0.013855,0.331909,-0.057922
15281779,BNO_GRV,1504,-3800,3,0.941406,0.013855,0.331970,-0.057983
15292086,BNO_GRV,1505,-4500,3,0.941406,0.013855,0.331970,-0.058105
15301227,BNO_GRV,1506,-4300,3,0.941406,0.013855,0.331970,-0.058167
15312041,BNO_GRV,1507,-4500,3,0.941345,0.013916,0.332092,-0.058228
15321889,BNO_GRV,1508,-3800,3,0.941284,0.013977,0.332275,-0.058289
15331929,BNO_GRV,1509,-4500,3,0.941223,0.014038,0.332458,-0.058350
15341149,BNO_GRV,1510,-4200,3,0.941101,0.014099,0.332764,-0.058350
15352077,BNO_GRV,1511,-4500,3,0.940979,0.014160,0.333130,-0.058411
15361961,BNO_GRV,1512,-3800,3,0.940857,0.014221,0.333374,-0.058533
15372246,BNO_GRV,1513,-4500,3,0.940857,0.014221,0.333435,-0.058716
15381567,BNO_GRV,1514,-4300,3,0.940796,0.014282,0.333496,-0.058838
15391461,BNO_GRV,1515,-4300,3,0.940796,0.014343,0.333557,-0.058960
15402095,BNO_GRV,1516,-4500,3,0.940735,0.014343,0.333679,-0.059082
15412198,BNO_GRV,1517,-4500,3,0.940674,0.014465,0.333801,-0.059326
15421633,BNO_GRV,1518,-4300,3,0.940613,0.014587,0.333923,-0.059631
15431660,BNO_GRV,1519,-4300,3,0.940552,0.014709,0.333984,-0.059998
15442660,BNO_GRV,1520,-5100,3,0.940491,0.014832,0.334045,-0.060364
15452233,BNO_GRV,1521,-4500,3,0.940491,0.014893,0.333923,-0.060791
15461917,BNO_GRV,1522,-4300,3,0.940613,0.014954,0.333679,-0.061096
15471721,BNO_GRV,1523,-4300,3,0.940674,0.015015,0.333313,-0.061279
15482371,BNO_GRV,1524,-4500,3,0.940857,0.015015,0.332947,-0.061462
15492633,BNO_GRV,1525,-4500,3,0.940979,0.014893,0.332458,-0.061462
15502132,BNO_GRV,1526,-4500,3,0.941162,0.014832,0.332031,-0.061462
15511908,BNO_GRV,1527,-4300,3,0.941223,0.014771,0.331787,-0.061401
15522827,BNO_GRV,1528,-4900,3,0.941284,0.014709,0.331665,-0.061401
15532437,BNO_GRV,1529,-4500,3,0.941223,0.014709,0.331787,-0.061462
15542264,BNO_GRV,1530,-4300,3,0.941223,0.014771,0.331909,-0.061462
15551934,BNO_GRV,1531,-4500,3,0.941162,0.014832,0.331909,-0.061584
15562717,BNO_GRV,1532,-4900,3,0.941162,0.014893,0.331848,-0.061829
15572434,BNO_GRV,1533,-4500,3,0.941162,0.014954,0.331787,-0.062012
15581926,BNO_GRV,1534,-4500,3,0.941223,0.015015,0.331726,-0.062134
15591990,BNO_GRV,1535,-4500,3,0.941223,0.015015,0.331665,-0.062195
15603028,BNO_GRV,1536,-5100,3,0.941284,0.015015,0.331604,-0.062134
15612659,BNO_GRV,1537,-4300,3,0.941345,0.014954,0.331360,-0.062073
15622509,BNO_GRV,1538,-4500,3,0.941467,0.014893,0.330994,-0.061951
15631860,BNO_GRV,1539,-4200,3,0.941589,0.014832,0.330750,-0.061829
15642316,BNO_GRV,1540,-4500,3,0.941589,0.014771,0.330688,-0.061646
15652776,BNO_GRV,1541,-4500,3,0.941650,0.014771,0.330688,-0.061523
15661889,BNO_GRV,1542,-4300,3,0.941589,0.014771,0.330750,-0.061340
15672589,BNO_GRV,1543,-4200,3,0.941528,0.014709,0.330933,-0.061157
15683302,BNO_GRV,1544,-4300,3,0.941467,0.014709,0.331299,-0.060852
15692584,BNO_GRV,1545,-4000,3,0.941284,0.014587,0.331848,-0.060242
15701533,BNO_GRV,1546,-3600,3,0.941162,0.014343,0.332397,-0.059448
15712376,BNO_GRV,1547,-4500,3,0.940979,0.013916,0.333130,-0.058105
15722131,BNO_GRV,1548,-4300,3,0.940796,0.013306,0.333984,-0.056335
15732625,BNO_GRV,1549,-4300,3,0.940674,0.012512,0.334656,-0.054077
15741809,BNO_GRV,1550,-4000,3,0.940735,0.011597,0.335022,-0.051331
15752517,BNO_GRV,1551,-4200,3,0.940918,0.010498,0.335083,-0.048096
15762324,BNO_GRV,1552,-4300,3,0.941162,0.009399,0.334839,-0.044800
15772729,BNO_GRV,1553,-4300,3,0.941528,0.008057,0.334229,-0.041077
15781555,BNO_GRV,1554,-3600,3,0.941956,0.006531,0.333679,-0.037048
15792861,BNO_GRV,1555,-4300,3,0.942261,0.004944,0.333252,-0.032532
15802321,BNO_GRV,1556,-4200,3,0.942444,0.003418,0.333191,-0.028137
15813558,BNO_GRV,1557,-4900,3,0.942444,0.001648,0.333557,-0.023071
15822582,BNO_GRV,1558,-4300,3,0.942139,0.000366,0.334717,-0.019043
15832224,BNO_GRV,1559,-4200,3,0.941650,-0.000977,0.336121,-0.015747
15842352,BNO_GRV,1560,-4200,3,0.941284,-0.002258,0.337341,-0.013245
15852860,BNO_GRV,1561,-4300,3,0.940979,-0.003052,0.338196,-0.011414
15862072,BNO_GRV,1562,-4000,3,0.940796,-0.003540,0.338806,-0.010193
15872968,BNO_GRV,1563,-4300,3,0.940674,-0.003845,0.339111,-0.009399
15882270,BNO_GRV,1564,-4200,3,0.940613,-0.003845,0.339294,-0.009155
15892918,BNO_GRV,1565,-4300,3,0.940674,-0.003418,0.339111,-0.009888
15902115,BNO_GRV,1566,-3800,3,0.940918,-0.002625,0.338501,-0.011841
15913049,BNO_GRV,1567,-4300,3,0.941223,-0.001526,0.337402,-0.014893
15922635,BNO_GRV,1568,-4300,3,0.941528,-0.000366,0.336426,-0.018372
15933048,BNO_GRV,1569,-4200,3,0.941711,0.000977,0.335693,-0.022522
15942126,BNO_GRV,1570,-3800,3,0.941711,0.002319,0.335388,-0.026672
15952958,BNO_GRV,1571,-4300,3,0.941528,0.003662,0.335449,-0.030640
15963497,BNO_GRV,1572,-4500,3,0.941345,0.004822,0.335754,-0.033691
15973090,BNO_GRV,1573,-3400,3,0.941162,0.005432,0.336060,-0.035400
15982241,BNO_GRV,1574,-3600,3,0.940979,0.005676,0.336487,-0.035767
15993219,BNO_GRV,1575,-4300,3,0.940857,0.005554,0.337036,-0.034790
16002888,BNO_GRV,1576,-4500,3,0.940735,0.005066,0.337524,-0.032959
16013286,BNO_GRV,1577,-4200,3,0.940674,0.004150,0.337952,-0.030396
16022201,BNO_GRV,1578,-3600,3,0.940613,0.003113,0.338257,-0.027649
16033425,BNO_GRV,1579,-4300,3,0.940613,0.002197,0.338501,-0.024902
16042781,BNO_GRV,1580,-4200,3,0.940613,0.001465,0.338684,-0.022583
16053403,BNO_GRV,1581,-4200,3,0.940552,0.000732,0.338989,-0.020386
16063129,BNO_GRV,1582,-4300,3,0.940491,0.000183,0.339294,-0.018311
16072945,BNO_GRV,1583,-4300,3,0.940430,-0.000366,0.339661,-0.016418
16083446,BNO_GRV,1584,-4500,3,0.940247,-0.000854,0.340088,-0.014648
16093506,BNO_GRV,1585,-4000,3,0.940125,-0.001282,0.340637,-0.013184
16103707,BNO_GRV,1586,-4500,3,0.939880,-0.001709,0.341248,-0.011963
16112889,BNO_GRV,1587,-4200,3,0.939636,-0.002075,0.341980,-0.010986
16123286,BNO_GRV,1588,-4500,3,0.939392,-0.002319,0.342651,-0.010193
16133459,BNO_GRV,1589,-4000,3,0.939209,-0.002502,0.343201,-0.009705
16143593,BNO_GRV,1590,-4500,3,0.939026,-0.002686,0.343628,-0.009399
16153258,BNO_GRV,1591,-4300,3,0.938965,-0.002808,0.343872,-0.009216
16163524,BNO_GRV,1592,-4300,3,0.938904,-0.002686,0.343994,-0.009155
16173533,BNO_GRV,1593,-3600,3,0.938904,-0.002380,0.343994,-0.009155
16183908,BNO_GRV,1594,-4500,3,0.938904,-0.002258,0.344055,-0.009094
16192949,BNO_GRV,1595,-4200,3,0.938904,-0.002258,0.344055,-0.009094
16203510,BNO_GRV,1596,-4200,3,0.938965,-0.002319,0.343872,-0.008972
16213679,BNO_GRV,1597,-3800,3,0.939087,-0.002380,0.343628,-0.008789
16223735,BNO_GRV,1598,-4500,3,0.939148,-0.002441,0.343445,-0.008484
16233219,BNO_GRV,1599,-4200,3,0.939148,-0.002502,0.343323,-0.008179
16243995,BNO_GRV,1600,-4500,3,0.939209,-0.002686,0.343323,-0.007812
16253924,BNO_GRV,1601,-4000,3,0.939209,-0.002808,0.343323,-0.007446
16264105,BNO_GRV,1602,-4500,3,0.939209,-0.002930,0.343323,-0.007080
16273465,BNO_GRV,1603,-4300,3,0.939209,-0.002991,0.343323,-0.006775
16284111,BNO_GRV,1604,-4500,3,0.939148,-0.002991,0.343445,-0.006531
16294020,BNO_GRV,1605,-3800,3,0.939087,-0.002991,0.343567,-0.006409
16304142,BNO_GRV,1606,-4300,3,0.939026,-0.002991,0.343750,-0.006348
16313298,BNO_GRV,1607,-4200,3,0.938965,-0.003052,0.343933,-0.006287
16324109,BNO_GRV,1608,-4500,3,0.938904,-0.003052,0.344055,-0.006348
16334025,BNO_GRV,1609,-4000,3,0.938904,-0.002991,0.344177,-0.006409
16344134,BNO_GRV,1610,-4500,3,0.938782,-0.002930,0.344360,-0.006531
16353343,BNO_GRV,1611,-4200,3,0.938721,-0.002869,0.344543,-0.006653
16364132,BNO_GRV,1612,-4300,3,0.938660,-0.002808,0.344727,-0.006836
16374620,BNO_GRV,1613,-4300,3,0.938660,-0.002747,0.344849,-0.006958
16384181,BNO_GRV,1614,-4500,3,0.938599,-0.002747,0.344971,-0.007080
16393729,BNO_GRV,1615,-4300,3,0.938477,-0.002747,0.345154,-0.007202
16404379,BNO_GRV,1616,-4500,3,0.938416,-0.002686,0.345459,-0.007202
16414904,BNO_GRV,1617,-4300,3,0.938293,-0.002686,0.345703,-0.007141
16424370,BNO_GRV,1618,-4500,3,0.938232,-0.002686,0.345947,-0.007080
16433875,BNO_GRV,1619,-4200,3,0.938110,-0.002686,0.346191,-0.006958
16444598,BNO_GRV,1620,-4500,3,0.938049,-0.002625,0.346497,-0.006897
16454419,BNO_GRV,1621,-3800,3,0.937927,-0.002625,0.346741,-0.006836
16464542,BNO_GRV,1622,-4500,3,0.937805,-0.002686,0.347107,-0.006592
16473922,BNO_GRV,1623,-4300,3,0.937683,-0.002747,0.347473,-0.006287
16483787,BNO_GRV,1624,-4200,3,0.937561,-0.002869,0.347717,-0.005920
16494434,BNO_GRV,1625,-4500,3,0.937500,-0.002930,0.347961,-0.005615
16504943,BNO_GRV,1626,-4900,3,0.937378,-0.002991,0.348206,-0.005310
16514342,BNO_GRV,1627,-4200,3,0.937317,-0.003052,0.348450,-0.005066
16523952,BNO_GRV,1628,-4200,3,0.937195,-0.003052,0.348816,-0.004883
16534359,BNO_GRV,1629,-4500,3,0.937012,-0.002991,0.349182,-0.004883
16544703,BNO_GRV,1630,-4500,3,0.937012,-0.002869,0.349304,-0.005066
16553936,BNO_GRV,1631,-4200,3,0.937073,-0.002869,0.349060,-0.005249
16564798,BNO_GRV,1632,-4500,3,0.937256,-0.002869,0.348633,-0.005432
16574476,BNO_GRV,1633,-4900,3,0.937317,-0.002808,0.348389,-0.005554
16584979,BNO_GRV,1634,-4700,3,0.937378,-0.002686,0.348206,-0.005676
16594097,BNO_GRV,1635,-4300,3,0.937439,-0.002686,0.348083,-0.005676
16603949,BNO_GRV,1636,-4300,3,0.937500,-0.002563,0.347900,-0.005676
16614899,BNO_GRV,1637,-4700,3,0.937561,-0.002441,0.347717,-0.005798
16624484,BNO_GRV,1638,-4000,3,0.937561,-0.002258,0.347839,-0.006226
16634096,BNO_GRV,1639,-4300,3,0.937439,-0.001953,0.348145,-0.007080
16644791,BNO_GRV,1640,-4300,3,0.937195,-0.001404,0.348755,-0.008362
16655336,BNO_GRV,1641,-4300,3,0.936829,-0.000916,0.349670,-0.009766
16664855,BNO_GRV,1642,-3800,3,0.936401,-0.000427,0.350769,-0.011047
16674548,BNO_GRV,1643,-4300,3,0.935852,0.000000,0.352173,-0.012146
16684262,BNO_GRV,1644,-4300,3,0.935364,0.000305,0.353455,-0.012817
16694637,BNO_GRV,1645,-4500,3,0.934875,0.000488,0.354736,-0.013245
16704974,BNO_GRV,1646,-4500,3,0.934509,0.000732,0.355652,-0.013550
16713837,BNO_GRV,1647,-3800,3,0.934326,0.001099,0.356140,-0.013977
16724547,BNO_GRV,1648,-4300,3,0.934265,0.001465,0.356323,-0.014465
16734478,BNO_GRV,1649,-4300,3,0.934204,0.001953,0.356384,-0.015259
16744846,BNO_GRV,1650,-4500,3,0.934204,0.002319,0.356445,-0.016235
16753700,BNO_GRV,1651,-3600,3,0.934143,0.002686,0.356445,-0.017456
16764774,BNO_GRV,1652,-4300,3,0.934143,0.002991,0.356445,-0.018738
16774484,BNO_GRV,1653,-4300,3,0.934082,0.003296,0.356445,-0.020020
16785009,BNO_GRV,1654,-4300,3,0.934082,0.003540,0.356384,-0.021179
16794152,BNO_GRV,1655,-3800,3,0.934082,0.003723,0.356323,-0.022034
16805074,BNO_GRV,1656,-4300,3,0.934082,0.003906,0.356323,-0.022522
16814528,BNO_GRV,1657,-4300,3,0.934021,0.003967,0.356445,-0.022644
16824971,BNO_GRV,1658,-4300,3,0.933960,0.003967,0.356567,-0.022522
16834114,BNO_GRV,1659,-3800,3,0.933960,0.003845,0.356689,-0.022278
16845085,BNO_GRV,1660,-4300,3,0.933960,0.003723,0.356628,-0.021912
16854723,BNO_GRV,1661,-4300,3,0.934021,0.003601,0.356628,-0.021606
16865090,BNO_GRV,1662,-4300,3,0.934021,0.003479,0.356506,-0.021362
16874172,BNO_GRV,1663,-3800,3,0.934082,0.003418,0.356445,-0.021179
16885297,BNO_GRV,1664,-4300,3,0.934143,0.003296,0.356323,-0.020935
16894766,BNO_GRV,1665,-4300,3,0.934204,0.003235,0.356140,-0.020752
16905083,BNO_GRV,1666,-4200,3,0.934326,0.003113,0.355896,-0.020508
16914599,BNO_GRV,1667,-4200,3,0.934387,0.003052,0.355652,-0.020386
16925587,BNO_GRV,1668,-4500,3,0.934509,0.002991,0.355347,-0.020264
16934902,BNO_GRV,1669,-4200,3,0.934631,0.002991,0.355042,-0.020264
16945206,BNO_GRV,1670,-4200,3,0.934692,0.002991,0.354858,-0.020325
16954185,BNO_GRV,1671,-3600,3,0.934753,0.002991,0.354736,-0.020386
16965271,BNO_GRV,1672,-4200,3,0.934753,0.003052,0.354675,-0.020508
16974788,BNO_GRV,1673,-4200,3,0.934753,0.003113,0.354675,-0.020569
16985444,BNO_GRV,1674,-4300,3,0.934753,0.003113,0.354675,-0.020630
16994977,BNO_GRV,1675,-4300,3,0.934753,0.003174,0.354614,-0.020691
17004836,BNO_GRV,1676,-4200,3,0.934753,0.003235,0.354614,-0.020813
17015267,BNO_GRV,1677,-4500,3,0.934753,0.003296,0.354736,-0.020996
17025474,BNO_GRV,1678,-4000,3,0.934692,0.003357,0.354858,-0.021179
17035168,BNO_GRV,1679,-4300,3,0.934631,0.003418,0.355042,-0.021423
17045173,BNO_GRV,1680,-4300,3,0.934509,0.003540,0.355286,-0.021667
17055577,BNO_GRV,1681,-4300,3,0.934387,0.003723,0.355530,-0.021973
17065472,BNO_GRV,1682,-3800,3,0.934265,0.003845,0.355835,-0.022278
17075637,BNO_GRV,1683,-4500,3,0.934143,0.003906,0.356201,-0.022522
17085172,BNO_GRV,1684,-4300,3,0.933960,0.004028,0.356567,-0.022644
17095584,BNO_GRV,1685,-4300,3,0.933899,0.004028,0.356812,-0.022644
17105742,BNO_GRV,1686,-4000,3,0.933838,0.004028,0.356934,-0.022583
17115891,BNO_GRV,1687,-4500,3,0.933838,0.004028,0.356995,-0.022522
17125220,BNO_GRV,1688,-4300,3,0.933777,0.004028,0.357056,-0.022522
17135722,BNO_GRV,1689,-4500,3,0.933777,0.004028,0.357178,-0.022583
17145654,BNO_GRV,1690,-4000,3,0.933716,0.004089,0.357239,-0.022644
17155759,BNO_GRV,1691,-4500,3,0.933716,0.004089,0.357361,-0.022705
17165469,BNO_GRV,1692,-4200,3,0.933655,0.004089,0.357483,-0.022644
17175846,BNO_GRV,1693,-4500,3,0.933655,0.004089,0.357483,-0.022522
17186099,BNO_GRV,1694,-4000,3,0.933655,0.003967,0.357422,-0.022339
17196207,BNO_GRV,1695,-4500,3,0.933716,0.003845,0.357300,-0.022034
17205558,BNO_GRV,1696,-4300,3,0.933777,0.003784,0.357239,-0.021729
17216222,BNO_GRV,1697,-4300,3,0.933838,0.003662,0.357117,-0.021423
17226680,BNO_GRV,1698,-4500,3,0.933899,0.003540,0.356934,-0.021179
17236056,BNO_GRV,1699,-4500,3,0.933960,0.003540,0.356750,-0.021057
17245501,BNO_GRV,1700,-4300,3,0.934021,0.003540,0.356628,-0.020996
17256013,BNO_GRV,1701,-4300,3,0.934021,0.003540,0.356567,-0.021118
17266024,BNO_GRV,1702,-3800,3,0.934021,0.003662,0.356567,-0.021362
17276188,BNO_GRV,1703,-4500,3,0.934021,0.003784,0.356445,-0.021851
17285608,BNO_GRV,1704,-4300,3,0.934143,0.003906,0.356262,-0.022400
17296266,BNO_GRV,1705,-4300,3,0.934326,0.004089,0.355713,-0.023010
17306691,BNO_GRV,1706,-4300,3,0.934570,0.004333,0.354980,-0.023621
17316360,BNO_GRV,1707,-4500,3,0.934875,0.004517,0.354126,-0.024292
17326194,BNO_GRV,1708,-4300,3,0.935181,0.004761,0.353149,-0.025024
17335720,BNO_GRV,1709,-4300,3,0.935486,0.005005,0.352295,-0.025696
17346321,BNO_GRV,1710,-4500,3,0.935791,0.005249,0.351562,-0.026489
17356606,BNO_GRV,1711,-4500,3,0.935974,0.005554,0.350891,-0.027466
17365594,BNO_GRV,1712,-4200,3,0.936096,0.005859,0.350525,-0.028381
17376465,BNO_GRV,1713,-4500,3,0.936157,0.006287,0.350342,-0.029541
17386893,BNO_GRV,1714,-4300,3,0.936157,0.006836,0.350220,-0.030823
17396232,BNO_GRV,1715,-4200,3,0.936096,0.007568,0.350159,-0.032349
17405689,BNO_GRV,1716,-4000,3,0.936035,0.008362,0.350159,-0.034241
17416527,BNO_GRV,1717,-4300,3,0.935913,0.009033,0.350281,-0.036499
17427030,BNO_GRV,1718,-4500,3,0.935791,0.009766,0.350281,-0.038818
17436497,BNO_GRV,1719,-4300,3,0.935791,0.010437,0.350098,-0.040955
17445904,BNO_GRV,1720,-4000,3,0.935852,0.011047,0.349670,-0.042847
17456009,BNO_GRV,1721,-4300,3,0.935913,0.011536,0.349243,-0.044373
17466622,BNO_GRV,1722,-4500,3,0.936035,0.011902,0.348755,-0.045715
17477034,BNO_GRV,1723,-4900,3,0.936096,0.012390,0.348328,-0.046875
17486119,BNO_GRV,1724,-4300,3,0.936218,0.012756,0.347900,-0.047913
17496024,BNO_GRV,1725,-4200,3,0.936340,0.013062,0.347412,-0.048950
17506378,BNO_GRV,1726,-4700,3,0.936462,0.013306,0.346985,-0.049927
17516738,BNO_GRV,1727,-4500,3,0.936523,0.013611,0.346619,-0.050720
17526140,BNO_GRV,1728,-4300,3,0.936584,0.013733,0.346497,-0.051147
17535946,BNO_GRV,1729,-4200,3,0.936523,0.013855,0.346497,-0.051392
17546589,BNO_GRV,1730,-4500,3,0.936523,0.013855,0.346558,-0.051453
17557014,BNO_GRV,1731,-4700,3,0.936462,0.013916,0.346680,-0.051514
17566215,BNO_GRV,1732,-4300,3,0.936401,0.013916,0.346924,-0.051636
17576081,BNO_GRV,1733,-4200,3,0.936279,0.014038,0.347229,-0.051880
17586567,BNO_GRV,1734,-4700,3,0.936157,0.014160,0.347473,-0.052124
17597053,BNO_GRV,1735,-4700,3,0.936035,0.014343,0.347656,-0.052429
17606281,BNO_GRV,1736,-4200,3,0.935974,0.014404,0.347778,-0.052734
17617241,BNO_GRV,1737,-4500,3,0.935974,0.014526,0.347839,-0.053040
17626913,BNO_GRV,1738,-4700,3,0.935974,0.014587,0.347717,-0.053162
17637207,BNO_GRV,1739,-4700,3,0.936035,0.014526,0.347534,-0.053223
17646376,BNO_GRV,1740,-4200,3,0.936157,0.014465,0.347290,-0.053162
17656376,BNO_GRV,1741,-4200,3,0.936279,0.014465,0.346985,-0.053101
17666390,BNO_GRV,1742,-4200,3,0.936401,0.014404,0.346680,-0.052979
17676900,BNO_GRV,1743,-4300,3,0.936523,0.014404,0.346252,-0.052979
17685712,BNO_GRV,1744,-3600,3,0.936707,0.014343,0.345764,-0.053040
17696828,BNO_GRV,1745,-4300,3,0.936951,0.014343,0.345154,-0.053101
17706486,BNO_GRV,1746,-4300,3,0.937195,0.014282,0.344482,-0.053040
17716896,BNO_GRV,1747,-4300,3,0.937439,0.014221,0.343811,-0.052856
17725841,BNO_GRV,1748,-3600,3,0.937683,0.014099,0.343079,-0.052673
17737040,BNO_GRV,1749,-4300,3,0.937988,0.013977,0.342346,-0.052490
17746614,BNO_GRV,1750,-4300,3,0.938232,0.013916,0.341675,-0.052429
17757225,BNO_GRV,1751,-4300,3,0.938416,0.013855,0.341248,-0.052368
17766770,BNO_GRV,1752,-4500,3,0.938416,0.013794,0.341309,-0.052307
17776645,BNO_GRV,1753,-4200,3,0.938232,0.013733,0.341736,-0.052246
17786816,BNO_GRV,1754,-4300,3,0.938049,0.013733,0.342224,-0.052185
17797148,BNO_GRV,1755,-4300,3,0.937866,0.013733,0.342834,-0.052063
17806127,BNO_GRV,1756,-3800,3,0.937561,0.013733,0.343689,-0.051941
17817171,BNO_GRV,1757,-4300,3,0.937195,0.013855,0.344604,-0.052063
17826629,BNO_GRV,1758,-4200,3,0.937012,0.013916,0.345032,-0.052185
17837167,BNO_GRV,1759,-4300,3,0.937012,0.013977,0.345032,-0.052307
17846433,BNO_GRV,1760,-4000,3,0.937012,0.013977,0.345032,-0.052307
17857314,BNO_GRV,1761,-4300,3,0.937073,0.014038,0.344971,-0.052490
17866909,BNO_GRV,1762,-4300,3,0.937073,0.014160,0.344727,-0.052979
17877297,BNO_GRV,1763,-4300,3,0.937195,0.014526,0.344299,-0.053955
17886928,BNO_GRV,1764,-4300,3,0.937317,0.015015,0.343750,-0.055420
17897038,BNO_GRV,1765,-4300,3,0.937378,0.015564,0.343201,-0.057129
17906951,BNO_GRV,1766,-4300,3,0.937439,0.016296,0.342712,-0.059143
17917421,BNO_GRV,1767,-4200,3,0.937439,0.017029,0.342224,-0.061279
17926560,BNO_GRV,1768,-3800,3,0.937439,0.017761,0.341858,-0.063416
17937432,BNO_GRV,1769,-4200,3,0.937439,0.018433,0.341492,-0.065369
17947955,BNO_GRV,1770,-4500,3,0.937439,0.018799,0.341187,-0.066711
17957624,BNO_GRV,1771,-3600,3,0.937439,0.019104,0.340942,-0.067627
17967227,BNO_GRV,1772,-4300,3,0.937500,0.019409,0.340637,-0.068481
17976960,BNO_GRV,1773,-4200,3,0.937561,0.019714,0.340210,-0.069397
17987306,BNO_GRV,1774,-4500,3,0.937744,0.020020,0.339600,-0.070374
17997564,BNO_GRV,1775,-4200,3,0.937927,0.020325,0.338867,-0.071472
18007666,BNO_GRV,1776,-4500,3,0.938049,0.020691,0.338135,-0.072510
18017184,BNO_GRV,1777,-4300,3,0.938171,0.020996,0.337585,-0.073486
18027649,BNO_GRV,1778,-4300,3,0.938232,0.021301,0.337097,-0.074646
18037626,BNO_GRV,1779,-3800,3,0.938293,0.021729,0.336670,-0.075745
18047762,BNO_GRV,1780,-4500,3,0.938354,0.022095,0.336304,-0.076904
18057133,BNO_GRV,1781,-4200,3,0.938354,0.022339,0.335999,-0.077820
18067923,BNO_GRV,1782,-4300,3,0.938416,0.022461,0.335693,-0.078308
18077793,BNO_GRV,1783,-3800,3,0.938477,0.022583,0.335510,-0.078247
18088100,BNO_GRV,1784,-4700,3,0.938538,0.022400,0.335510,-0.077881
18097439,BNO_GRV,1785,-4300,3,0.938538,0.022217,0.335693,-0.077515
18107830,BNO_GRV,1786,-4200,3,0.938477,0.022156,0.335876,-0.077271
18117995,BNO_GRV,1787,-4000,3,0.938416,0.022217,0.336060,-0.077332
18128245,BNO_GRV,1788,-4500,3,0.938232,0.022400,0.336365,-0.077637
18137556,BNO_GRV,1789,-4300,3,0.938171,0.022522,0.336548,-0.078003
18148012,BNO_GRV,1790,-4300,3,0.938110,0.022705,0.336609,-0.078430
18158061,BNO_GRV,1791,-4000,3,0.938049,0.022766,0.336609,-0.078796
18168285,BNO_GRV,1792,-4700,3,0.938110,0.022949,0.336487,-0.079163
18177556,BNO_GRV,1793,-4300,3,0.938110,0.023010,0.336243,-0.079529
18188114,BNO_GRV,1794,-4200,3,0.938232,0.023071,0.335876,-0.079834
18198119,BNO_GRV,1795,-3800,3,0.938293,0.023071,0.335632,-0.080078
18208260,BNO_GRV,1796,-4500,3,0.938354,0.023071,0.335388,-0.080200
18217633,BNO_GRV,1797,-4200,3,0.938477,0.023071,0.335083,-0.080261
18228503,BNO_GRV,1798,-4500,3,0.938599,0.023071,0.334778,-0.080322
18238349,BNO_GRV,1799,-3800,3,0.938660,0.023071,0.334595,-0.080383
18248422,BNO_GRV,1800,-4500,3,0.938660,0.023071,0.334534,-0.080505
18257794,BNO_GRV,1801,-4300,3,0.938660,0.023132,0.334412,-0.080627
18268355,BNO_GRV,1802,-4300,3,0.938660,0.023193,0.334473,-0.080750
18278258,BNO_GRV,1803,-3600,3,0.938599,0.023254,0.334534,-0.080872
18288364,BNO_GRV,1804,-4500,3,0.938599,0.023315,0.334595,-0.081055
18297645,BNO_GRV,1805,-4200,3,0.938538,0.023376,0.334656,-0.081238
18308629,BNO_GRV,1806,-4300,3,0.938538,0.023438,0.334656,-0.081421
18318579,BNO_GRV,1807,-4000,3,0.938477,0.023499,0.334717,-0.081543
18328820,BNO_GRV,1808,-4700,3,0.938477,0.023438,0.334717,-0.081604
18338146,BNO_GRV,1809,-4300,3,0.938477,0.023438,0.334778,-0.081604
18347858,BNO_GRV,1810,-4300,3,0.938477,0.023438,0.334717,-0.081604
18358498,BNO_GRV,1811,-4300,3,0.938538,0.023438,0.334534,-0.081665
18368889,BNO_GRV,1812,-4500,3,0.938599,0.023438,0.334473,-0.081665
18378315,BNO_GRV,1813,-4300,3,0.938599,0.023438,0.334412,-0.081665
18388077,BNO_GRV,1814,-4200,3,0.938599,0.023438,0.334473,-0.081665
18398756,BNO_GRV,1815,-4500,3,0.938538,0.023438,0.334534,-0.081665
18408510,BNO_GRV,1816,-4200,3,0.938477,0.023376,0.334717,-0.081604
18418076,BNO_GRV,1817,-4300,3,0.938416,0.023376,0.335022,-0.081543
18428137,BNO_GRV,1818,-4300,3,0.938293,0.023376,0.335266,-0.081482
18438844,BNO_GRV,1819,-4700,3,0.938232,0.023376,0.335510,-0.081482
18449005,BNO_GRV,1820,-4500,3,0.938110,0.023438,0.335754,-0.081604
18458377,BNO_GRV,1821,-4200,3,0.938049,0.023499,0.335876,-0.081787
18468180,BNO_GRV,1822,-4300,3,0.937988,0.023621,0.335938,-0.082031
18478707,BNO_GRV,1823,-4500,3,0.937988,0.023743,0.335938,-0.082336
18489177,BNO_GRV,1824,-4700,3,0.937927,0.023804,0.335999,-0.082764
18498313,BNO_GRV,1825,-4300,3,0.937866,0.023926,0.336121,-0.083130
18508456,BNO_GRV,1826,-4300,3,0.937744,0.024109,0.336182,-0.083557
18518681,BNO_GRV,1827,-4700,3,0.937683,0.024231,0.336243,-0.083923
18529262,BNO_GRV,1828,-4700,3,0.937683,0.024292,0.336304,-0.084290
18538554,BNO_GRV,1829,-4300,3,0.937622,0.024353,0.336365,-0.084595
18548378,BNO_GRV,1830,-4300,3,0.937500,0.024536,0.336487,-0.085022
18558728,BNO_GRV,1831,-4700,3,0.937439,0.024719,0.336609,-0.085693
18569222,BNO_GRV,1832,-4700,3,0.937256,0.025085,0.336792,-0.086487
18578486,BNO_GRV,1833,-4300,3,0.937073,0.025391,0.337097,-0.087341
18588449,BNO_GRV,1834,-4200,3,0.936829,0.025818,0.337524,-0.088318
18598784,BNO_GRV,1835,-4500,3,0.936584,0.026245,0.337891,-0.089233
18609297,BNO_GRV,1836,-4500,3,0.936340,0.026611,0.338196,-0.090149
18618521,BNO_GRV,1837,-4300,3,0.936218,0.026855,0.338379,-0.090759
18628351,BNO_GRV,1838,-4200,3,0.936218,0.027039,0.338379,-0.091187
18638509,BNO_GRV,1839,-4200,3,0.936218,0.027100,0.338318,-0.091431
18648882,BNO_GRV,1840,-4300,3,0.936218,0.027100,0.338135,-0.091553
18658357,BNO_GRV,1841,-4000,3,0.936279,0.027100,0.337952,-0.091675
18669341,BNO_GRV,1842,-4300,3,0.936401,0.027100,0.337524,-0.091858
18679931,BNO_GRV,1843,-4500,3,0.936584,0.027100,0.337158,-0.091980
18689201,BNO_GRV,1844,-3800,3,0.936646,0.027039,0.336792,-0.092163
18698073,BNO_GRV,1845,-3600,3,0.936707,0.027100,0.336548,-0.092346
18709015,BNO_GRV,1846,-4300,3,0.936707,0.027161,0.336548,-0.092529
18718855,BNO_GRV,1847,-4200,3,0.936646,0.027161,0.336731,-0.092529
18729285,BNO_GRV,1848,-4300,3,0.936523,0.027222,0.337158,-0.092529
18738124,BNO_GRV,1849,-3600,3,0.936218,0.027466,0.337891,-0.092773
18749263,BNO_GRV,1850,-4300,3,0.935730,0.027832,0.338989,-0.093384
18758769,BNO_GRV,1851,-4200,3,0.935059,0.028320,0.340515,-0.094238
18770011,BNO_GRV,1852,-4700,3,0.934204,0.028931,0.342590,-0.095154
18778974,BNO_GRV,1853,-4200,3,0.933350,0.029541,0.344604,-0.095947
18788961,BNO_GRV,1854,-4300,3,0.932434,0.030212,0.346924,-0.096619
18798888,BNO_GRV,1855,-4300,3,0.931519,0.031006,0.349121,-0.097046
18809296,BNO_GRV,1856,-4200,3,0.930664,0.031982,0.351196,-0.097412
18818863,BNO_GRV,1857,-4200,3,0.929871,0.032654,0.353149,-0.097595
18829482,BNO_GRV,1858,-4200,3,0.929321,0.033142,0.354675,-0.097595
18839059,BNO_GRV,1859,-4300,3,0.928955,0.033203,0.355469,-0.097595
18849410,BNO_GRV,1860,-4300,3,0.928833,0.032959,0.355896,-0.097595
18858694,BNO_GRV,1861,-3800,3,0.928833,0.032410,0.355896,-0.097656
18869673,BNO_GRV,1862,-4200,3,0.929077,0.031616,0.355286,-0.097656
18879067,BNO_GRV,1863,-4300,3,0.929565,0.031128,0.354187,-0.097534
18889493,BNO_GRV,1864,-4300,3,0.930176,0.030701,0.352722,-0.097107
18899615,BNO_GRV,1865,-4500,3,0.930908,0.030151,0.351074,-0.096191
18909111,BNO_GRV,1866,-4200,3,0.931641,0.029480,0.349609,-0.094849
18919336,BNO_GRV,1867,-4300,3,0.932373,0.028748,0.348145,-0.093201
18929676,BNO_GRV,1868,-4000,3,0.932983,0.027954,0.346924,-0.091553
18939825,BNO_GRV,1869,-4500,3,0.933533,0.027161,0.345947,-0.089783
18949267,BNO_GRV,1870,-4300,3,0.933960,0.026489,0.345337,-0.088135
18959894,BNO_GRV,1871,-4500,3,0.934204,0.025879,0.345093,-0.086426
18970335,BNO_GRV,1872,-4500,3,0.934326,0.025208,0.345276,-0.084534
18979709,BNO_GRV,1873,-4500,3,0.934448,0.024414,0.345581,-0.082458
18989402,BNO_GRV,1874,-4200,3,0.934570,0.023560,0.345886,-0.080017
18999897,BNO_GRV,1875,-4500,3,0.934753,0.022583,0.346069,-0.077393
19010453,BNO_GRV,1876,-4500,3,0.934998,0.021729,0.346069,-0.074707
19019872,BNO_GRV,1877,-4500,3,0.935181,0.020813,0.346069,-0.072083
19029412,BNO_GRV,1878,-4300,3,0.935364,0.019775,0.346313,-0.069336
19040044,BNO_GRV,1879,-4300,3,0.935364,0.018860,0.346863,-0.066711
19050372,BNO_GRV,1880,-4300,3,0.935303,0.018127,0.347473,-0.064514
19059529,BNO_GRV,1881,-4300,3,0.935303,0.017639,0.347778,-0.063171
19069575,BNO_GRV,1882,-4200,3,0.935425,0.017334,0.347534,-0.062256
19079980,BNO_GRV,1883,-4300,3,0.935791,0.016846,0.346741,-0.061401
19090065,BNO_GRV,1884,-3800,3,0.936279,0.016174,0.345764,-0.060242
19100226,BNO_GRV,1885,-4500,3,0.936890,0.015320,0.344482,-0.058228
19109721,BNO_GRV,1886,-4300,3,0.937439,0.014282,0.343445,-0.055786
19120448,BNO_GRV,1887,-4500,3,0.937988,0.013062,0.342407,-0.052734
19130195,BNO_GRV,1888,-3400,3,0.938354,0.012085,0.341675,-0.050293
19140380,BNO_GRV,1889,-4500,3,0.938782,0.011292,0.340942,-0.048096
19149791,BNO_GRV,1890,-4200,3,0.939087,0.010803,0.340271,-0.046631
19160529,BNO_GRV,1891,-4500,3,0.939392,0.010193,0.339661,-0.045410
19170447,BNO_GRV,1892,-3800,3,0.939575,0.009766,0.339294,-0.044250
19180728,BNO_GRV,1893,-4500,3,0.939697,0.009216,0.339233,-0.042542
19189797,BNO_GRV,1894,-4300,3,0.939697,0.008545,0.339478,-0.040466
19200498,BNO_GRV,1895,-4300,3,0.939575,0.007568,0.340149,-0.037659
19210398,BNO_GRV,1896,-4000,3,0.939453,0.006592,0.340881,-0.034912
19220640,BNO_GRV,1897,-4500,3,0.939270,0.005493,0.341736,-0.031799
19229836,BNO_GRV,1898,-4300,3,0.939087,0.004639,0.342468,-0.029175
19240403,BNO_GRV,1899,-4200,3,0.938843,0.003845,0.343384,-0.026611
19250400,BNO_GRV,1900,-3600,3,0.938538,0.003235,0.344238,-0.024841
19260710,BNO_GRV,1901,-4500,3,0.938232,0.002686,0.345154,-0.023438
19270022,BNO_GRV,1902,-4200,3,0.938049,0.002441,0.345764,-0.022583
19280758,BNO_GRV,1903,-4300,3,0.937927,0.002197,0.346130,-0.021790
19290632,BNO_GRV,1904,-3600,3,0.937866,0.001892,0.346313,-0.021057
19300758,BNO_GRV,1905,-4500,3,0.937927,0.001404,0.346252,-0.020020
19310036,BNO_GRV,1906,-4300,3,0.938049,0.001038,0.346008,-0.018799
19321001,BNO_GRV,1907,-4300,3,0.938354,0.000610,0.345276,-0.017212
19330811,BNO_GRV,1908,-3800,3,0.938660,0.000122,0.344543,-0.015747
19340941,BNO_GRV,1909,-4500,3,0.938965,-0.000427,0.343628,-0.014099
19350046,BNO_GRV,1910,-4200,3,0.939331,-0.000916,0.342834,-0.012756
19360773,BNO_GRV,1911,-4500,3,0.939636,-0.001343,0.342041,-0.011475
19371496,BNO_GRV,1912,-4500,3,0.939880,-0.001648,0.341431,-0.010620
19380964,BNO_GRV,1913,-4500,3,0.940063,-0.001709,0.340881,-0.010071
19390607,BNO_GRV,1914,-4300,3,0.940247,-0.001587,0.340332,-0.009827
19400403,BNO_GRV,1915,-4300,3,0.940369,-0.001465,0.339966,-0.009644
19410654,BNO_GRV,1916,-4700,3,0.940430,-0.001526,0.339783,-0.009338
19420995,BNO_GRV,1917,-4500,3,0.940430,-0.001709,0.339783,-0.008850
19430355,BNO_GRV,1918,-4300,3,0.940430,-0.001892,0.339844,-0.008179
19441062,BNO_GRV,1919,-4500,3,0.940491,-0.002014,0.339783,-0.007263
19451879,BNO_GRV,1920,-4500,3,0.940430,-0.002258,0.339844,-0.006348
19461473,BNO_GRV,1921,-4500,3,0.940430,-0.002502,0.339905,-0.005493
19470952,BNO_GRV,1922,-4200,3,0.940491,-0.002563,0.339783,-0.004822
19480388,BNO_GRV,1923,-4200,3,0.940613,-0.002563,0.339539,-0.004272
19490674,BNO_GRV,1924,-4500,3,0.940674,-0.002625,0.339294,-0.003845
19500810,BNO_GRV,1925,-4200,3,0.940796,-0.002563,0.338928,-0.003479
19510505,BNO_GRV,1926,-4300,3,0.940918,-0.002502,0.338562,-0.003113
19521252,BNO_GRV,1927,-4500,3,0.941101,-0.002502,0.338196,-0.002747
19531936,BNO_GRV,1928,-4500,3,0.941162,-0.002502,0.337891,-0.002441
19541467,BNO_GRV,1929,-4300,3,0.941284,-0.002563,0.337585,-0.002075
19551021,BNO_GRV,1930,-4200,3,0.941406,-0.002563,0.337280,-0.001587
19560685,BNO_GRV,1931,-4300,3,0.941467,-0.002563,0.337036,-0.001221
19571078,BNO_GRV,1932,-4500,3,0.941589,-0.002563,0.336731,-0.000793
19581323,BNO_GRV,1933,-4700,3,0.941650,-0.002563,0.336487,-0.000427
19590411,BNO_GRV,1934,-3800,3,0.941772,-0.002563,0.336304,-0.000061
19601241,BNO_GRV,1935,-4300,3,0.941833,-0.002563,0.336121,0.000305
19610857,BNO_GRV,1936,-4300,3,0.941895,-0.002625,0.335938,0.000610
19621253,BNO_GRV,1937,-4200,3,0.941895,-0.002625,0.335815,0.000793
19630182,BNO_GRV,1938,-3600,3,0.941956,-0.002625,0.335693,0.000977
19641062,BNO_GRV,1939,-4200,3,0.941956,-0.002686,0.335693,0.001160
19650839,BNO_GRV,1940,-4300,3,0.941956,-0.002808,0.335754,0.001221
19661310,BNO_GRV,1941,-4300,3,0.941956,-0.002808,0.335815,0.001343
19670123,BNO_GRV,1942,-3600,3,0.941895,-0.002808,0.335876,0.001404
19681233,BNO_GRV,1943,-4300,3,0.941833,-0.002869,0.335999,0.001404
19691052,BNO_GRV,1944,-4300,3,0.941772,-0.002869,0.336243,0.001282
19701662,BNO_GRV,1945,-4500,3,0.941711,-0.002808,0.336426,0.001221
19711152,BNO_GRV,1946,-4300,3,0.941650,-0.002869,0.336609,0.001160
19720921,BNO_GRV,1947,-4200,3,0.941528,-0.002930,0.336853,0.001099
19731113,BNO_GRV,1948,-4500,3,0.941467,-0.002991,0.337036,0.001038
19741404,BNO_GRV,1949,-4300,3,0.941406,-0.003174,0.337341,0.000916
19750348,BNO_GRV,1950,-3600,3,0.941284,-0.003296,0.337646,0.000793
19761554,BNO_GRV,1951,-4500,3,0.941223,-0.003418,0.337769,0.000854
19771072,BNO_GRV,1952,-4300,3,0.941162,-0.003418,0.337891,0.000977
19781589,BNO_GRV,1953,-4300,3,0.941162,-0.003479,0.338013,0.001160
19790627,BNO_GRV,1954,-3800,3,0.941101,-0.003540,0.338135,0.001343
19801757,BNO_GRV,1955,-4300,3,0.941040,-0.003601,0.338257,0.001465
19811154,BNO_GRV,1956,-4300,3,0.941040,-0.003601,0.338318,0.001526
19821894,BNO_GRV,1957,-4500,3,0.940979,-0.003601,0.338440,0.001648
19831082,BNO_GRV,1958,-4200,3,0.940918,-0.003662,0.338623,0.001709
19841266,BNO_GRV,1959,-4300,3,0.940857,-0.003540,0.338806,0.001770
19851633,BNO_GRV,1960,-4300,3,0.940796,-0.003235,0.338867,0.001587
19861728,BNO_GRV,1961,-3800,3,0.940857,-0.002930,0.338806,0.001343
19871338,BNO_GRV,1962,-4300,3,0.940979,-0.002625,0.338501,0.001099
19881341,BNO_GRV,1963,-4300,3,0.941162,-0.002197,0.338013,0.000916
19891668,BNO_GRV,1964,-4500,3,0.941345,-0.001648,0.337524,0.000732
19901760,BNO_GRV,1965,-4000,3,0.941528,-0.001282,0.337036,0.000549
19912127,BNO_GRV,1966,-4700,3,0.941711,-0.001160,0.336426,0.000244
19921368,BNO_GRV,1967,-4200,3,0.941895,-0.001099,0.335815,-0.000122
19931984,BNO_GRV,1968,-4500,3,0.942139,-0.000793,0.335327,-0.000671
19942628,BNO_GRV,1969,-4500,3,0.942261,-0.000366,0.334961,-0.001282
19951814,BNO_GRV,1970,-4500,3,0.942261,0.000000,0.334839,-0.001953
19961467,BNO_GRV,1971,-4300,3,0.942261,0.000366,0.334839,-0.002686
19971833,BNO_GRV,1972,-4300,3,0.942322,0.000916,0.334778,-0.003479
19982093,BNO_GRV,1973,-4200,3,0.942322,0.001465,0.334717,-0.004272
19992308,BNO_GRV,1974,-4500,3,0.942383,0.001953,0.334473,-0.005127
20001449,BNO_GRV,1975,-4200,3,0.942505,0.002197,0.334167,-0.005798
20012238,BNO_GRV,1976,-4300,3,0.942627,0.002258,0.333740,-0.006287
20022581,BNO_GRV,1977,-4300,3,0.942810,0.002502,0.333313,-0.006653
20031765,BNO_GRV,1978,-4300,3,0.942871,0.002930,0.333008,-0.007141
20041518,BNO_GRV,1979,-4200,3,0.943054,0.003418,0.332581,-0.007935
20052397,BNO_GRV,1980,-4300,3,0.943115,0.003784,0.332275,-0.009155
20062696,BNO_GRV,1981,-4300,3,0.943176,0.004089,0.332031,-0.010498
20072147,BNO_GRV,1982,-4700,3,0.943298,0.004456,0.331726,-0.011902
20081838,BNO_GRV,1983,-4200,3,0.943420,0.004822,0.331360,-0.013550
20092497,BNO_GRV,1984,-4200,3,0.943420,0.005127,0.331299,-0.015564
20102424,BNO_GRV,1985,-3800,3,0.943176,0.005249,0.331726,-0.017273
20112552,BNO_GRV,1986,-4500,3,0.942871,0.005249,0.332581,-0.018860
20121976,BNO_GRV,1987,-4300,3,0.942566,0.005188,0.333374,-0.019653
20132701,BNO_GRV,1988,-4500,3,0.942261,0.005066,0.334229,-0.020020
20142512,BNO_GRV,1989,-3800,3,0.942017,0.005066,0.334900,-0.020203
20152709,BNO_GRV,1990,-4500,3,0.941833,0.005249,0.335327,-0.020752
20161846,BNO_GRV,1991,-4200,3,0.941833,0.005310,0.335388,-0.021606
20172802,BNO_GRV,1992,-4300,3,0.941895,0.005005,0.335205,-0.022644
20182672,BNO_GRV,1993,-3800,3,0.942017,0.004578,0.334717,-0.023560
20192859,BNO_GRV,1994,-4700,3,0.942200,0.004333,0.334045,-0.024414
20202027,BNO_GRV,1995,-4200,3,0.942383,0.004639,0.333618,-0.025330
20212813,BNO_GRV,1996,-4500,3,0.942383,0.005127,0.333435,-0.026489
20222757,BNO_GRV,1997,-3800,3,0.942383,0.005310,0.333313,-0.027649
20232862,BNO_GRV,1998,-4500,3,0.942444,0.005432,0.333069,-0.028870
20241997,BNO_GRV,1999,-4200,3,0.942444,0.005615,0.332886,-0.029968
20252842,BNO_GRV,2000,-4300,3,0.942505,0.006226,0.332581,-0.031494
20263190,BNO_GRV,2001,-4200,3,0.942627,0.006836,0.332092,-0.033142
20272472,BNO_GRV,2002,-4200,3,0.942871,0.007263,0.331299,-0.034851
20282130,BNO_GRV,2003,-4200,3,0.943054,0.007690,0.330688,-0.036194
20292051,BNO_GRV,2004,-4200,3,0.943115,0.007935,0.330322,-0.036926
20302998,BNO_GRV,2005,-4500,3,0.943176,0.008118,0.330139,-0.037476
20313060,BNO_GRV,2006,-4300,3,0.943237,0.008423,0.329895,-0.038147
20322519,BNO_GRV,2007,-4300,3,0.943237,0.008667,0.329773,-0.038757
20332315,BNO_GRV,2008,-4200,3,0.943237,0.008850,0.329712,-0.039429
20342600,BNO_GRV,2009,-4500,3,0.943115,0.009094,0.329956,-0.040161
20352978,BNO_GRV,2010,-4500,3,0.942993,0.009277,0.330200,-0.041138
20362338,BNO_GRV,2011,-4200,3,0.942932,0.009521,0.330261,-0.042053
20373273,BNO_GRV,2012,-4500,3,0.942810,0.009521,0.330505,-0.042786
20382797,BNO_GRV,2013,-4700,3,0.942627,0.009583,0.330872,-0.043274
20393200,BNO_GRV,2014,-4300,3,0.942566,0.009766,0.331055,-0.044067
20402492,BNO_GRV,2015,-4300,3,0.942566,0.009888,0.330872,-0.044861
20412352,BNO_GRV,2016,-4200,3,0.942566,0.009827,0.330811,-0.045654
20422673,BNO_GRV,2017,-4300,3,0.942383,0.009521,0.331116,-0.046326
20433067,BNO_GRV,2018,-4300,3,0.942139,0.009766,0.331787,-0.046936
20442033,BNO_GRV,2019,-3800,3,0.941833,0.010071,0.332520,-0.047241
20452894,BNO_GRV,2020,-4200,3,0.941528,0.009949,0.333374,-0.047302
20462948,BNO_GRV,2021,-4500,3,0.941284,0.009949,0.334167,-0.047424
20473277,BNO_GRV,2022,-4500,3,0.941040,0.009827,0.334778,-0.047729
20482342,BNO_GRV,2023,-4000,3,0.940735,0.009888,0.335449,-0.048218
20493120,BNO_GRV,2024,-4300,3,0.940430,0.010193,0.336243,-0.048828
20503663,BNO_GRV,2025,-4500,3,0.940186,0.010315,0.336914,-0.049255
20513142,BNO_GRV,2026,-3800,3,0.940002,0.010437,0.337341,-0.049500
20522200,BNO_GRV,2027,-3800,3,0.939941,0.010376,0.337646,-0.049377
20533101,BNO_GRV,2028,-4300,3,0.939758,0.010315,0.338074,-0.049133
20542654,BNO_GRV,2029,-4200,3,0.939575,0.010193,0.338684,-0.048828
20553139,BNO_GRV,2030,-4300,3,0.939331,0.010193,0.339417,-0.048279
20562599,BNO_GRV,2031,-4200,3,0.939087,0.010132,0.340332,-0.047424
20573452,BNO_GRV,2032,-4300,3,0.938721,0.009827,0.341431,-0.046387
20582765,BNO_GRV,2033,-4300,3,0.938293,0.009766,0.342590,-0.045471
20593335,BNO_GRV,2034,-4200,3,0.937866,0.009766,0.343933,-0.044739
20602313,BNO_GRV,2035,-3800,3,0.937439,0.009766,0.345215,-0.044312
20613130,BNO_GRV,2036,-4200,3,0.937012,0.009766,0.346436,-0.044189
20623122,BNO_GRV,2037,-4300,3,0.936707,0.009827,0.347229,-0.044312
20633341,BNO_GRV,2038,-4200,3,0.936523,0.009827,0.347717,-0.044312
20642623,BNO_GRV,2039,-4000,3,0.936401,0.009827,0.348083,-0.044067
20653520,BNO_GRV,2040,-4500,3,0.936340,0.009644,0.348206,-0.043579
20663050,BNO_GRV,2041,-4200,3,0.936401,0.009399,0.348145,-0.042969
20673540,BNO_GRV,2042,-4300,3,0.936584,0.009155,0.347778,-0.042358
20682534,BNO_GRV,2043,-3600,3,0.936768,0.008972,0.347351,-0.041809
20693461,BNO_GRV,2044,-4200,3,0.937012,0.008850,0.346802,-0.041504
20703167,BNO_GRV,2045,-4300,3,0.937134,0.008789,0.346375,-0.041382
20713683,BNO_GRV,2046,-4300,3,0.937256,0.008728,0.346069,-0.041382
20723273,BNO_GRV,2047,-4300,3,0.937256,0.008728,0.346008,-0.041504
20733215,BNO_GRV,2048,-4300,3,0.937256,0.008789,0.346069,-0.041687
20743294,BNO_GRV,2049,-4300,3,0.937195,0.008911,0.346130,-0.042053
20753609,BNO_GRV,2050,-4200,3,0.937256,0.009033,0.345886,-0.042480
20762558,BNO_GRV,2051,-3600,3,0.937439,0.009033,0.345398,-0.042725
20773522,BNO_GRV,2052,-4200,3,0.937683,0.008911,0.344788,-0.042725
20783319,BNO_GRV,2053,-4300,3,0.937927,0.008728,0.344177,-0.042358
20793717,BNO_GRV,2054,-4300,3,0.938171,0.008545,0.343506,-0.041870
20803911,BNO_GRV,2055,-4700,3,0.938354,0.008423,0.343018,-0.041443
20813251,BNO_GRV,2056,-4200,3,0.938477,0.008301,0.342773,-0.041199
20823978,BNO_GRV,2057,-4500,3,0.938538,0.008179,0.342651,-0.041016
20834378,BNO_GRV,2058,-4500,3,0.938477,0.008179,0.342773,-0.040955
20844009,BNO_GRV,2059,-4900,3,0.938416,0.008118,0.343018,-0.040894
20853410,BNO_GRV,2060,-4200,3,0.938232,0.008057,0.343506,-0.040771
20863981,BNO_GRV,2061,-4500,3,0.938110,0.008179,0.343872,-0.040710
20874352,BNO_GRV,2062,-4300,3,0.937988,0.008240,0.344116,-0.040710
20883807,BNO_GRV,2063,-4700,3,0.937927,0.008118,0.344299,-0.040649
20893481,BNO_GRV,2064,-4200,3,0.937866,0.007996,0.344482,-0.040527
20904015,BNO_GRV,2065,-4500,3,0.937866,0.007996,0.344604,-0.040344
20913948,BNO_GRV,2066,-4000,3,0.937805,0.007996,0.344666,-0.040283
20924275,BNO_GRV,2067,-4700,3,0.937805,0.007996,0.344666,-0.040344
20933553,BNO_GRV,2068,-4200,3,0.937805,0.008057,0.344727,-0.040527
20944463,BNO_GRV,2069,-4500,3,0.937744,0.008057,0.344727,-0.040771
20954298,BNO_GRV,2070,-4000,3,0.937744,0.008118,0.344727,-0.041016
20964488,BNO_GRV,2071,-4700,3,0.937744,0.008179,0.344788,-0.041199
20973653,BNO_GRV,2072,-4300,3,0.937744,0.008179,0.344849,-0.041260
20984241,BNO_GRV,2073,-4300,3,0.937683,0.008240,0.344910,-0.041321
20994343,BNO_GRV,2074,-3800,3,0.937683,0.008179,0.344971,-0.041260
21004536,BNO_GRV,2075,-4500,3,0.937622,0.008179,0.345032,-0.041138
21013790,BNO_GRV,2076,-4200,3,0.937683,0.008118,0.345032,-0.041077
21024516,BNO_GRV,2077,-4300,3,0.937683,0.008057,0.344971,-0.040955
21034382,BNO_GRV,2078,-3800,3,0.937744,0.008057,0.344910,-0.040894
21044621,BNO_GRV,2079,-4500,3,0.937744,0.008057,0.344849,-0.040833
21053931,BNO_GRV,2080,-4300,3,0.937744,0.008057,0.344788,-0.040833
21064672,BNO_GRV,2081,-4500,3,0.937744,0.008057,0.344788,-0.040894
21074513,BNO_GRV,2082,-3600,3,0.937744,0.008118,0.344727,-0.040955
21084741,BNO_GRV,2083,-4500,3,0.937805,0.008179,0.344604,-0.041138
21094017,BNO_GRV,2084,-4200,3,0.937927,0.008240,0.344299,-0.041260
21104762,BNO_GRV,2085,-4500,3,0.938049,0.008179,0.343872,-0.041504
21114797,BNO_GRV,2086,-4000,3,0.938232,0.008179,0.343445,-0.041626
21125157,BNO_GRV,2087,-4700,3,0.938354,0.008179,0.343140,-0.041626
21134181,BNO_GRV,2088,-4200,3,0.938416,0.008179,0.342957,-0.041565
21144005,BNO_GRV,2089,-4200,3,0.938416,0.008179,0.342834,-0.041504
21155211,BNO_GRV,2090,-4700,3,0.938416,0.008240,0.342957,-0.041565
21164762,BNO_GRV,2091,-4500,3,0.938293,0.008301,0.343140,-0.041748
21174477,BNO_GRV,2092,-4300,3,0.938232,0.008301,0.343323,-0.041931
21184248,BNO_GRV,2093,-4200,3,0.938232,0.008362,0.343323,-0.042053
21194750,BNO_GRV,2094,-4500,3,0.938232,0.008362,0.343323,-0.042175
21204925,BNO_GRV,2095,-4500,3,0.938232,0.008423,0.343262,-0.042297
21214373,BNO_GRV,2096,-4200,3,0.938293,0.008423,0.343201,-0.042358
21224487,BNO_GRV,2097,-4300,3,0.938293,0.008423,0.343201,-0.042419
21234955,BNO_GRV,2098,-4300,3,0.938232,0.008423,0.343201,-0.042419
21245092,BNO_GRV,2099,-4500,3,0.938232,0.008362,0.343323,-0.042358
21254468,BNO_GRV,2100,-4300,3,0.938171,0.008301,0.343445,-0.042297
21264215,BNO_GRV,2101,-4200,3,0.938171,0.008301,0.343567,-0.042297
21275098,BNO_GRV,2102,-4500,3,0.938171,0.008301,0.343567,-0.042236
21285492,BNO_GRV,2103,-4700,3,0.938171,0.008240,0.343567,-0.042236
21294738,BNO_GRV,2104,-4500,3,0.938171,0.008179,0.343506,-0.042236
21304724,BNO_GRV,2105,-4500,3,0.938171,0.008179,0.343384,-0.042297
21315567,BNO_GRV,2106,-4900,3,0.938049,0.008118,0.343811,-0.042358
21325154,BNO_GRV,2107,-4300,3,0.937927,0.008057,0.344238,-0.042297
21334596,BNO_GRV,2108,-4300,3,0.937805,0.007935,0.344543,-0.042114
21344671,BNO_GRV,2109,-4500,3,0.937683,0.007751,0.344910,-0.041809
21354899,BNO_GRV,2110,-4700,3,0.937622,0.007629,0.345154,-0.041382
21365537,BNO_GRV,2111,-4700,3,0.937683,0.007446,0.344971,-0.040833
21374761,BNO_GRV,2112,-4200,3,0.937866,0.007141,0.344666,-0.040222
21384629,BNO_GRV,2113,-4200,3,0.937988,0.006775,0.344421,-0.039490
21394787,BNO_GRV,2114,-4300,3,0.938049,0.006470,0.344360,-0.038513
21405017,BNO_GRV,2115,-4200,3,0.938110,0.006165,0.344299,-0.037415
21414683,BNO_GRV,2116,-4200,3,0.938171,0.005798,0.344177,-0.036255
21425482,BNO_GRV,2117,-4300,3,0.938293,0.005432,0.344055,-0.035034
21436244,BNO_GRV,2118,-4700,3,0.938416,0.005066,0.343872,-0.033813
21445964,BNO_GRV,2119,-4300,3,0.938538,0.004578,0.343628,-0.032593
21455301,BNO_GRV,2120,-4200,3,0.938660,0.004028,0.343445,-0.031433
21464997,BNO_GRV,2121,-4300,3,0.938721,0.003601,0.343262,-0.030457
21475220,BNO_GRV,2122,-4700,3,0.938904,0.003113,0.342834,-0.029480
21485234,BNO_GRV,2123,-4300,3,0.939148,0.002625,0.342407,-0.028198
21494315,BNO_GRV,2124,-3800,3,0.939331,0.002075,0.341919,-0.026428
21505139,BNO_GRV,2125,-4300,3,0.939575,0.001343,0.341553,-0.024048
21514954,BNO_GRV,2126,-4300,3,0.939758,0.000549,0.341248,-0.021362
21525374,BNO_GRV,2127,-4300,3,0.939880,-0.000427,0.341003,-0.018372
21534379,BNO_GRV,2128,-3800,3,0.939941,-0.001465,0.341003,-0.015320
21545448,BNO_GRV,2129,-4500,3,0.939941,-0.002502,0.341125,-0.012390
21555057,BNO_GRV,2130,-4300,3,0.939880,-0.003235,0.341248,-0.009888
21565360,BNO_GRV,2131,-4200,3,0.939880,-0.003540,0.341431,-0.007812
21574499,BNO_GRV,2132,-3800,3,0.939880,-0.003662,0.341431,-0.006531
21585489,BNO_GRV,2133,-4500,3,0.940063,-0.003723,0.341003,-0.005920
21594983,BNO_GRV,2134,-4300,3,0.940308,-0.003784,0.340210,-0.005737
21605478,BNO_GRV,2135,-4300,3,0.940674,-0.003906,0.339172,-0.005493
21614608,BNO_GRV,2136,-3800,3,0.941040,-0.004089,0.338257,-0.005005
21625663,BNO_GRV,2137,-4300,3,0.941406,-0.004211,0.337280,-0.003967
21635294,BNO_GRV,2138,-4500,3,0.941650,-0.004517,0.336487,-0.002625
21645541,BNO_GRV,2139,-4200,3,0.941895,-0.004883,0.335815,-0.001038
21655082,BNO_GRV,2140,-4000,3,0.942078,-0.005188,0.335266,0.000427
21665840,BNO_GRV,2141,-4300,3,0.942261,-0.005554,0.334900,0.001770
21675329,BNO_GRV,2142,-4300,3,0.942261,-0.005859,0.334717,0.002869
21685673,BNO_GRV,2143,-4200,3,0.942200,-0.006287,0.334961,0.003845
21694929,BNO_GRV,2144,-3800,3,0.941956,-0.006775,0.335571,0.004639
21705987,BNO_GRV,2145,-4200,3,0.941650,-0.007141,0.336487,0.005188
21715433,BNO_GRV,2146,-4300,3,0.941284,-0.007263,0.337524,0.005249
21725832,BNO_GRV,2147,-4200,3,0.940735,-0.007324,0.338989,0.005005
21734845,BNO_GRV,2148,-3800,3,0.940125,-0.007385,0.340698,0.004578
21746031,BNO_GRV,2149,-4300,3,0.939453,-0.007385,0.342590,0.004211
21755449,BNO_GRV,2150,-4300,3,0.938843,-0.007263,0.344238,0.004028
21765897,BNO_GRV,2151,-4300,3,0.938293,-0.007263,0.345764,0.003967
21775662,BNO_GRV,2152,-4500,3,0.937805,-0.007324,0.347046,0.004028
21785471,BNO_GRV,2153,-4200,3,0.937317,-0.007568,0.348389,0.004272
21795733,BNO_GRV,2154,-4300,3,0.936829,-0.007935,0.349670,0.004578
21805955,BNO_GRV,2155,-4000,3,0.936462,-0.008362,0.350647,0.004944
21816297,BNO_GRV,2156,-4500,3,0.936157,-0.008667,0.351440,0.005310
21825539,BNO_GRV,2157,-4300,3,0.935974,-0.008789,0.351990,0.005615
21835734,BNO_GRV,2158,-4200,3,0.935791,-0.008728,0.352356,0.005798
21846033,BNO_GRV,2159,-4000,3,0.935730,-0.008484,0.352539,0.006042
21856242,BNO_GRV,2160,-4700,3,0.935669,-0.008240,0.352722,0.006409
21865587,BNO_GRV,2161,-4200,3,0.935608,-0.008423,0.352905,0.007019
21876337,BNO_GRV,2162,-4300,3,0.935486,-0.008789,0.353149,0.007996
21886019,BNO_GRV,2163,-3600,3,0.935364,-0.009277,0.353455,0.009460
21896162,BNO_GRV,2164,-4500,3,0.935242,-0.010010,0.353638,0.011536
21905735,BNO_GRV,2165,-4300,3,0.935181,-0.010742,0.353760,0.013733
21916420,BNO_GRV,2166,-4300,3,0.935059,-0.011536,0.353882,0.016235
21926417,BNO_GRV,2167,-3800,3,0.934998,-0.012268,0.354004,0.018311
21936736,BNO_GRV,2168,-4500,3,0.934937,-0.012939,0.354065,0.020203
21946016,BNO_GRV,2169,-4300,3,0.934875,-0.013367,0.354065,0.021545
21956661,BNO_GRV,2170,-4500,3,0.934875,-0.013672,0.354065,0.022400
21967089,BNO_GRV,2171,-4300,3,0.934814,-0.013672,0.354065,0.022644
21976351,BNO_GRV,2172,-4500,3,0.934814,-0.013672,0.354187,0.022583
21986117,BNO_GRV,2173,-4200,3,0.934753,-0.013611,0.354370,0.022278
21995929,BNO_GRV,2174,-4300,3,0.934753,-0.013489,0.354431,0.021973
22006749,BNO_GRV,2175,-4500,3,0.934753,-0.013367,0.354370,0.021729
22016900,BNO_GRV,2176,-4500,3,0.934753,-0.013306,0.354370,0.021545
22026220,BNO_GRV,2177,-4300,3,0.934753,-0.013245,0.354370,0.021484
22036023,BNO_GRV,2178,-4200,3,0.934753,-0.013123,0.354309,0.021301
22046590,BNO_GRV,2179,-4300,3,0.934753,-0.013062,0.354370,0.021118
22056709,BNO_GRV,2180,-4500,3,0.934753,-0.013000,0.354431,0.020996
22065956,BNO_GRV,2181,-4200,3,0.934753,-0.012939,0.354431,0.020874
22076804,BNO_GRV,2182,-4300,3,0.934753,-0.012878,0.354370,0.020752
22086699,BNO_GRV,2183,-3800,3,0.934753,-0.012756,0.354431,0.020508
22097064,BNO_GRV,2184,-4500,3,0.934753,-0.012634,0.354553,0.020264
22106291,BNO_GRV,2185,-4300,3,0.934692,-0.012512,0.354675,0.019897
22117105,BNO_GRV,2186,-4500,3,0.934631,-0.012329,0.354858,0.019409
22127315,BNO_GRV,2187,-4000,3,0.934570,-0.012207,0.355042,0.019043
22136919,BNO_GRV,2188,-4500,3,0.934509,-0.012024,0.355164,0.018677
22146507,BNO_GRV,2189,-4300,3,0.934509,-0.011963,0.355225,0.018433
22156340,BNO_GRV,2190,-4300,3,0.934509,-0.011902,0.355347,0.018250
22166977,BNO_GRV,2191,-4500,3,0.934448,-0.011841,0.355408,0.018188
22177074,BNO_GRV,2192,-4500,3,0.934387,-0.011841,0.355530,0.018127
22186408,BNO_GRV,2193,-4200,3,0.934387,-0.011841,0.355591,0.018188
22196367,BNO_GRV,2194,-4300,3,0.934387,-0.011841,0.355652,0.018250
22207104,BNO_GRV,2195,-4300,3,0.934326,-0.011841,0.355713,0.018250
22217199,BNO_GRV,2196,-4500,3,0.934326,-0.011841,0.355713,0.018372
22226392,BNO_GRV,2197,-4200,3,0.934326,-0.011841,0.355652,0.018433
22237295,BNO_GRV,2198,-4300,3,0.934326,-0.011780,0.355652,0.018433
22247739,BNO_GRV,2199,-4500,3,0.934326,-0.011780,0.355713,0.018372
22257228,BNO_GRV,2200,-4500,3,0.934326,-0.011719,0.355713,0.018311
22266987,BNO_GRV,2201,-4200,3,0.934326,-0.011719,0.355774,0.018250
22276694,BNO_GRV,2202,-4300,3,0.934326,-0.011719,0.355774,0.018250
22286957,BNO_GRV,2203,-4700,3,0.934326,-0.011719,0.355835,0.018311
22297010,BNO_GRV,2204,-4300,3,0.934265,-0.011719,0.355896,0.018311
22306135,BNO_GRV,2205,-3800,3,0.934204,-0.011719,0.356018,0.018311
22316992,BNO_GRV,2206,-4300,3,0.934204,-0.011719,0.356079,0.018311
22327527,BNO_GRV,2207,-4500,3,0.934204,-0.011719,0.356140,0.018311
22337285,BNO_GRV,2208,-4000,3,0.934143,-0.011719,0.356140,0.018311
22346658,BNO_GRV,2209,-4300,3,0.934143,-0.011719,0.356140,0.018311
22357571,BNO_GRV,2210,-4300,3,0.934204,-0.011719,0.356140,0.018311
22368017,BNO_GRV,2211,-4500,3,0.934143,-0.011719,0.356201,0.018311
22377474,BNO_GRV,2212,-4200,3,0.934143,-0.011719,0.356262,0.018311
22386672,BNO_GRV,2213,-4200,3,0.934082,-0.011719,0.356384,0.018311
22397807,BNO_GRV,2214,-4700,3,0.934326,-0.011902,0.355835,0.018250
22407528,BNO_GRV,2215,-5100,3,0.934326,-0.011902,0.355774,0.018250
22417469,BNO_GRV,2216,-4300,3,0.934326,-0.011902,0.355774,0.018250
22426744,BNO_GRV,2217,-4000,3,0.934326,-0.011963,0.355713,0.018311
22437835,BNO_GRV,2218,-4500,3,0.934326,-0.012024,0.355652,0.018311
22447645,BNO_GRV,2219,-4900,3,0.934387,-0.012085,0.355591,0.018372
22457682,BNO_GRV,2220,-4500,3,0.934387,-0.012085,0.355530,0.018372
22466816,BNO_GRV,2221,-4200,3,0.934387,-0.012146,0.355530,0.018433
22477247,BNO_GRV,2222,-4500,3,0.934387,-0.012146,0.355530,0.018494
22487585,BNO_GRV,2223,-4700,3,0.934387,-0.012207,0.355530,0.018494
22498355,BNO_GRV,2224,-4900,3,0.934448,-0.012268,0.355469,0.018494
22507260,BNO_GRV,2225,-4500,3,0.934448,-0.012268,0.355408,0.018555
22517415,BNO_GRV,2226,-4500,3,0.934509,-0.012268,0.355347,0.018555
22527835,BNO_GRV,2227,-4700,3,0.934509,-0.012329,0.355225,0.018616
22538540,BNO_GRV,2228,-5100,3,0.934570,-0.012390,0.355103,0.018677
22547402,BNO_GRV,2229,-4500,3,0.934570,-0.012390,0.355103,0.018738
22557472,BNO_GRV,2230,-4500,3,0.934570,-0.012390,0.355103,0.018860
22567731,BNO_GRV,2231,-4900,3,0.934570,-0.012451,0.355103,0.018921
22577994,BNO_GRV,2232,-4500,3,0.934570,-0.012451,0.355103,0.018982
22587309,BNO_GRV,2233,-4300,3,0.934509,-0.012512,0.355164,0.019043
22597440,BNO_GRV,2234,-4300,3,0.934509,-0.012573,0.355225,0.019104
22608402,BNO_GRV,2235,-4900,3,0.934509,-0.012634,0.355225,0.019165
22618360,BNO_GRV,2236,-4300,3,0.934509,-0.012695,0.355286,0.019226
22627584,BNO_GRV,2237,-4500,3,0.934448,-0.012756,0.355286,0.019287
22637539,BNO_GRV,2238,-4500,3,0.934448,-0.012817,0.355286,0.019470
22648645,BNO_GRV,2239,-4900,3,0.934448,-0.012878,0.355347,0.019653
22658525,BNO_GRV,2240,-4200,3,0.934448,-0.012939,0.355286,0.019775
22667517,BNO_GRV,2241,-4500,3,0.934448,-0.013000,0.355286,0.019897
22677562,BNO_GRV,2242,-4500,3,0.934448,-0.013062,0.355225,0.019958
22688527,BNO_GRV,2243,-4900,3,0.934448,-0.013062,0.355347,0.019897
22698293,BNO_GRV,2244,-4200,3,0.934387,-0.013000,0.355408,0.019714
22707710,BNO_GRV,2245,-4500,3,0.934509,-0.012939,0.355164,0.019531
22717806,BNO_GRV,2246,-4500,3,0.934692,-0.012939,0.354675,0.019348
22727869,BNO_GRV,2247,-4700,3,0.934875,-0.012878,0.354248,0.019287
22738233,BNO_GRV,2248,-4500,3,0.934998,-0.012878,0.353882,0.019226
22747614,BNO_GRV,2249,-4200,3,0.935120,-0.012878,0.353577,0.019165
22757947,BNO_GRV,2250,-4500,3,0.935242,-0.012817,0.353333,0.019226
22767994,BNO_GRV,2251,-4500,3,0.935425,-0.012878,0.352844,0.019226
22778430,BNO_GRV,2252,-4500,3,0.935486,-0.013000,0.352539,0.019287
22787535,BNO_GRV,2253,-4200,3,0.935486,-0.013062,0.352539,0.019287
22797999,BNO_GRV,2254,-4500,3,0.935486,-0.013062,0.352600,0.019226
22808162,BNO_GRV,2255,-4500,3,0.935547,-0.013062,0.352356,0.019043
22818265,BNO_GRV,2256,-4300,3,0.935669,-0.012939,0.352173,0.018860
22828426,BNO_GRV,2257,-4500,3,0.935730,-0.012878,0.351990,0.018494
22837941,BNO_GRV,2258,-4300,3,0.935852,-0.012756,0.351746,0.018066
22848908,BNO_GRV,2259,-4900,3,0.935974,-0.012573,0.351440,0.017517
22858587,BNO_GRV,2260,-4000,3,0.936096,-0.012451,0.351135,0.016968
22868143,BNO_GRV,2261,-4500,3,0.936218,-0.012329,0.350830,0.016541
22878322,BNO_GRV,2262,-4500,3,0.936340,-0.012207,0.350464,0.016113
22888048,BNO_GRV,2263,-4300,3,0.936523,-0.011963,0.350037,0.015808
22898752,BNO_GRV,2264,-4700,3,0.936768,-0.011536,0.349426,0.015503
22908151,BNO_GRV,2265,-4500,3,0.936951,-0.011108,0.348938,0.015198
22918316,BNO_GRV,2266,-4500,3,0.937134,-0.010681,0.348511,0.014648
22929413,BNO_GRV,2267,-4900,3,0.937256,-0.010315,0.348145,0.014038
22939137,BNO_GRV,2268,-4300,3,0.937439,-0.010193,0.347778,0.013367
22948610,BNO_GRV,2269,-4700,3,0.937622,-0.009949,0.347229,0.012573
22958389,BNO_GRV,2270,-4500,3,0.937866,-0.009644,0.346619,0.011841
22969164,BNO_GRV,2271,-4500,3,0.938110,-0.009399,0.345947,0.011108
22978979,BNO_GRV,2272,-4000,3,0.938354,-0.009277,0.345459,0.010620
22988790,BNO_GRV,2273,-5100,3,0.938538,-0.009155,0.344971,0.010254
22998681,BNO_GRV,2274,-4500,3,0.938660,-0.008972,0.344482,0.009888
23009153,BNO_GRV,2275,-4500,3,0.938843,-0.008667,0.344055,0.009399
23019366,BNO_GRV,2276,-4200,3,0.938965,-0.008240,0.343750,0.008850
23028678,BNO_GRV,2277,-4500,3,0.939087,-0.007935,0.343506,0.008118
23038553,BNO_GRV,2278,-4500,3,0.939209,-0.007629,0.343201,0.007324
23049022,BNO_GRV,2279,-4500,3,0.939270,-0.007263,0.342957,0.006409
23059121,BNO_GRV,2280,-4200,3,0.939392,-0.006958,0.342834,0.005676
23068824,BNO_GRV,2281,-4700,3,0.939392,-0.006714,0.342712,0.005066
23078350,BNO_GRV,2282,-4200,3,0.939453,-0.006592,0.342529,0.004761
23088581,BNO_GRV,2283,-4300,3,0.939514,-0.006470,0.342468,0.004578
23099105,BNO_GRV,2284,-4200,3,0.939514,-0.006287,0.342407,0.004456
23109324,BNO_GRV,2285,-4500,3,0.939514,-0.006165,0.342346,0.004333
23118385,BNO_GRV,2286,-4200,3,0.939575,-0.006104,0.342285,0.004089
23129180,BNO_GRV,2287,-4300,3,0.939575,-0.005981,0.342224,0.003662
23139223,BNO_GRV,2288,-3800,3,0.939636,-0.005859,0.342163,0.003235
23149513,BNO_GRV,2289,-4500,3,0.939636,-0.005676,0.342041,0.002686
23158825,BNO_GRV,2290,-4300,3,0.939697,-0.005493,0.341919,0.002258
23168603,BNO_GRV,2291,-4300,3,0.939758,-0.005310,0.341797,0.001892
23179204,BNO_GRV,2292,-4500,3,0.939819,-0.005432,0.341675,0.001709
23189460,BNO_GRV,2293,-4500,3,0.939941,-0.005737,0.341309,0.001831
23198760,BNO_GRV,2294,-4200,3,0.940002,-0.005981,0.341003,0.002197
23208791,BNO_GRV,2295,-4200,3,0.940125,-0.006104,0.340759,0.002625
23219334,BNO_GRV,2296,-4500,3,0.940247,-0.006165,0.340393,0.002930
23229618,BNO_GRV,2297,-4700,3,0.940369,-0.006104,0.340088,0.002930
23238727,BNO_GRV,2298,-4300,3,0.940491,-0.006042,0.339844,0.002686
23249634,BNO_GRV,2299,-4300,3,0.940552,-0.005737,0.339539,0.002136
23259488,BNO_GRV,2300,-3800,3,0.940674,-0.005310,0.339294,0.001526
23269650,BNO_GRV,2301,-4500,3,0.940796,-0.004761,0.338928,0.000793
23279117,BNO_GRV,2302,-4300,3,0.940979,-0.004272,0.338440,0.000183
23288809,BNO_GRV,2303,-4300,3,0.941162,-0.003906,0.337952,-0.000366
23299086,BNO_GRV,2304,-4300,3,0.941345,-0.003723,0.337341,-0.000916
23309346,BNO_GRV,2305,-4300,3,0.941589,-0.003540,0.336792,-0.001465
23318769,BNO_GRV,2306,-4300,3,0.941772,-0.003174,0.336243,-0.002075
23329629,BNO_GRV,2307,-4500,3,0.941956,-0.002747,0.335632,-0.002747
23340182,BNO_GRV,2308,-4500,3,0.942139,-0.002380,0.335205,-0.003540
23349825,BNO_GRV,2309,-4300,3,0.942261,-0.001953,0.334900,-0.004333
23359400,BNO_GRV,2310,-4200,3,0.942322,-0.001526,0.334717,-0.005188
23368972,BNO_GRV,2311,-4300,3,0.942322,-0.001160,0.334656,-0.005859
23379258,BNO_GRV,2312,-4500,3,0.942322,-0.000732,0.334595,-0.006409
23389627,BNO_GRV,2313,-4300,3,0.942383,-0.000244,0.334412,-0.006836
23399075,BNO_GRV,2314,-4300,3,0.942444,0.000183,0.334290,-0.007202
23409733,BNO_GRV,2315,-4300,3,0.942505,0.000488,0.334106,-0.007507
23420275,BNO_GRV,2316,-4300,3,0.942566,0.000610,0.333862,-0.007812
23429727,BNO_GRV,2317,-4000,3,0.942688,0.000854,0.333557,-0.008179
23439512,BNO_GRV,2318,-4300,3,0.942810,0.001221,0.333191,-0.008728
23449075,BNO_GRV,2319,-4200,3,0.942932,0.001587,0.332764,-0.009399
23459403,BNO_GRV,2320,-4500,3,0.943054,0.002014,0.332397,-0.010193
23469647,BNO_GRV,2321,-4300,3,0.943176,0.002502,0.332153,-0.011047
23478766,BNO_GRV,2322,-3800,3,0.943237,0.002991,0.331848,-0.011841
23489498,BNO_GRV,2323,-4200,3,0.943359,0.003418,0.331604,-0.012512
23499260,BNO_GRV,2324,-4200,3,0.943420,0.003601,0.331299,-0.013062
23509684,BNO_GRV,2325,-4300,3,0.943542,0.003784,0.330994,-0.013489
23519303,BNO_GRV,2326,-4300,3,0.943665,0.003967,0.330566,-0.013855
23530146,BNO_GRV,2327,-4500,3,0.943787,0.004028,0.330139,-0.014343
23539786,BNO_GRV,2328,-4700,3,0.943909,0.004028,0.329773,-0.014771
23549939,BNO_GRV,2329,-4300,3,0.944031,0.004089,0.329468,-0.015198
23559125,BNO_GRV,2330,-4000,3,0.944153,0.004272,0.329102,-0.015686
23569915,BNO_GRV,2331,-4300,3,0.944275,0.004517,0.328735,-0.016174
23579539,BNO_GRV,2332,-4300,3,0.944397,0.004822,0.328369,-0.016663
23589953,BNO_GRV,2333,-4300,3,0.944458,0.005005,0.328125,-0.017151
23598945,BNO_GRV,2334,-3600,3,0.944519,0.005066,0.327942,-0.017578
23609776,BNO_GRV,2335,-4200,3,0.944580,0.005066,0.327759,-0.017822
23619586,BNO_GRV,2336,-4200,3,0.944641,0.005066,0.327637,-0.017944
23630109,BNO_GRV,2337,-4300,3,0.944641,0.005188,0.327515,-0.018005
23638958,BNO_GRV,2338,-3600,3,0.944702,0.005310,0.327332,-0.018127
23650016,BNO_GRV,2339,-4300,3,0.944763,0.005432,0.327148,-0.018372
23659684,BNO_GRV,2340,-4200,3,0.944824,0.005554,0.326965,-0.018860
23670856,BNO_GRV,2341,-4700,3,0.944885,0.005676,0.326782,-0.019531
23679637,BNO_GRV,2342,-4300,3,0.944885,0.005737,0.326721,-0.020142
23690372,BNO_GRV,2343,-4300,3,0.944885,0.005737,0.326660,-0.020752
23699909,BNO_GRV,2344,-4300,3,0.944885,0.005737,0.326660,-0.021240
23710321,BNO_GRV,2345,-4500,3,0.944824,0.005676,0.326721,-0.021606
23719778,BNO_GRV,2346,-4300,3,0.944824,0.005615,0.326843,-0.021851
23730480,BNO_GRV,2347,-4300,3,0.944763,0.005554,0.326965,-0.021973
23739744,BNO_GRV,2348,-4200,3,0.944763,0.005554,0.327026,-0.022034
23750276,BNO_GRV,2349,-4200,3,0.944702,0.005493,0.327087,-0.022034
23759191,BNO_GRV,2350,-3600,3,0.944702,0.005676,0.327087,-0.022156
23770292,BNO_GRV,2351,-4300,3,0.944763,0.005920,0.327026,-0.022400
23780209,BNO_GRV,2352,-4300,3,0.944763,0.005981,0.326843,-0.022827
23790599,BNO_GRV,2353,-4500,3,0.944824,0.005920,0.326660,-0.023438
23800196,BNO_GRV,2354,-4300,3,0.944885,0.005676,0.326416,-0.023987
23810058,BNO_GRV,2355,-4300,3,0.944946,0.005493,0.326294,-0.024475
23820283,BNO_GRV,2356,-4300,3,0.944946,0.005371,0.326172,-0.024841
23830384,BNO_GRV,2357,-3800,3,0.944946,0.005493,0.326172,-0.025024
23840586,BNO_GRV,2358,-4700,3,0.944946,0.005554,0.326233,-0.025146
23850202,BNO_GRV,2359,-4300,3,0.944885,0.005615,0.326294,-0.025208
23860630,BNO_GRV,2360,-4300,3,0.944885,0.005676,0.326355,-0.025269
23870460,BNO_GRV,2361,-3800,3,0.944824,0.005737,0.326477,-0.025330
23880609,BNO_GRV,2362,-4500,3,0.944824,0.005676,0.326599,-0.025452
23890194,BNO_GRV,2363,-4200,3,0.944824,0.005676,0.326538,-0.025635
23900679,BNO_GRV,2364,-4300,3,0.944824,0.005737,0.326538,-0.026123
23911228,BNO_GRV,2365,-4500,3,0.944763,0.005981,0.326599,-0.026794
23920466,BNO_GRV,2366,-4500,3,0.944702,0.006287,0.326721,-0.027649
23930232,BNO_GRV,2367,-4200,3,0.944580,0.006592,0.326965,-0.028687
23940979,BNO_GRV,2368,-4300,3,0.944397,0.006836,0.327332,-0.029785
23951372,BNO_GRV,2369,-4300,3,0.944275,0.007019,0.327698,-0.030701
23960931,BNO_GRV,2370,-4700,3,0.944153,0.007141,0.328003,-0.031433
23970324,BNO_GRV,2371,-4200,3,0.944031,0.007202,0.328186,-0.032043
23981180,BNO_GRV,2372,-4500,3,0.943970,0.007385,0.328247,-0.032654
23991098,BNO_GRV,2373,-4000,3,0.943970,0.007568,0.328308,-0.033203
24001410,BNO_GRV,2374,-4500,3,0.943909,0.007751,0.328369,-0.033813
24010489,BNO_GRV,2375,-4300,3,0.943909,0.007874,0.328369,-0.034363
24021181,BNO_GRV,2376,-4500,3,0.943848,0.007935,0.328369,-0.034973
24030940,BNO_GRV,2377,-3600,3,0.943848,0.008057,0.328430,-0.035583
24041125,BNO_GRV,2378,-4500,3,0.943787,0.008118,0.328552,-0.036194
24050713,BNO_GRV,2379,-4300,3,0.943726,0.008179,0.328552,-0.036743
24061493,BNO_GRV,2380,-4500,3,0.943726,0.008301,0.328552,-0.037476
24071266,BNO_GRV,2381,-3800,3,0.943726,0.008484,0.328491,-0.038147
24081404,BNO_GRV,2382,-4500,3,0.943726,0.008728,0.328369,-0.038940
24090607,BNO_GRV,2383,-4300,3,0.943726,0.009033,0.328186,-0.039612
24101534,BNO_GRV,2384,-4300,3,0.943787,0.009399,0.328003,-0.040466
24111491,BNO_GRV,2385,-3800,3,0.943787,0.009460,0.327820,-0.041260
24121108,BNO_GRV,2386,-4500,3,0.943848,0.009460,0.327637,-0.041992
24130906,BNO_GRV,2387,-4300,3,0.943848,0.009399,0.327454,-0.042664
24140741,BNO_GRV,2388,-4300,3,0.943848,0.009521,0.327393,-0.043335
24151482,BNO_GRV,2389,-4500,3,0.943787,0.009827,0.327454,-0.044067
24161666,BNO_GRV,2390,-4500,3,0.943665,0.010376,0.327698,-0.045044
24170834,BNO_GRV,2391,-4200,3,0.943481,0.010986,0.328003,-0.046204
24181513,BNO_GRV,2392,-4300,3,0.943237,0.011597,0.328369,-0.047729
24192051,BNO_GRV,2393,-4300,3,0.943115,0.012024,0.328674,-0.049255
24201675,BNO_GRV,2394,-4500,3,0.942993,0.012329,0.328796,-0.050659
24211203,BNO_GRV,2395,-4200,3,0.942871,0.012695,0.328796,-0.052063
24220800,BNO_GRV,2396,-4200,3,0.942871,0.013062,0.328674,-0.053284
24232240,BNO_GRV,2397,-4900,3,0.942810,0.013550,0.328552,-0.054626
24241797,BNO_GRV,2398,-4500,3,0.942749,0.013916,0.328552,-0.055786
24251340,BNO_GRV,2399,-4300,3,0.942627,0.014282,0.328613,-0.056946
24260838,BNO_GRV,2400,-4200,3,0.942505,0.014587,0.328674,-0.058167
24271894,BNO_GRV,2401,-4700,3,0.942383,0.014832,0.328857,-0.059509
24281322,BNO_GRV,2402,-4000,3,0.942261,0.015259,0.328979,-0.060852
24291154,BNO_GRV,2403,-4200,3,0.942078,0.015747,0.329224,-0.062134
24301174,BNO_GRV,2404,-4300,3,0.941833,0.016174,0.329651,-0.063354
24311514,BNO_GRV,2405,-4500,3,0.941650,0.016602,0.329956,-0.064636
24322065,BNO_GRV,2406,-4900,3,0.941467,0.017090,0.330139,-0.065918
24331233,BNO_GRV,2407,-4500,3,0.941345,0.017578,0.330322,-0.067017
24341100,BNO_GRV,2408,-4200,3,0.941162,0.018127,0.330505,-0.068115
24351501,BNO_GRV,2409,-4500,3,0.941040,0.018494,0.330688,-0.069153
24361980,BNO_GRV,2410,-4500,3,0.940918,0.018921,0.330811,-0.070312
24371209,BNO_GRV,2411,-4300,3,0.940735,0.019409,0.330933,-0.071655
24381109,BNO_GRV,2412,-4200,3,0.940552,0.019958,0.331177,-0.073120
24391729,BNO_GRV,2413,-4700,3,0.940308,0.020569,0.331421,-0.074646
24402081,BNO_GRV,2414,-4700,3,0.940002,0.021179,0.331848,-0.076233
24411336,BNO_GRV,2415,-4300,3,0.939819,0.021729,0.332092,-0.077576
24422090,BNO_GRV,2416,-4300,3,0.939636,0.021973,0.332214,-0.078735
24432600,BNO_GRV,2417,-4500,3,0.939575,0.022034,0.332214,-0.079407
24442206,BNO_GRV,2418,-4000,3,0.939575,0.022034,0.332153,-0.079895
24451855,BNO_GRV,2419,-4200,3,0.939575,0.022156,0.332092,-0.080383
24461373,BNO_GRV,2420,-4300,3,0.939514,0.022400,0.332031,-0.080994
24471828,BNO_GRV,2421,-4700,3,0.939453,0.022705,0.331970,-0.081665
24482214,BNO_GRV,2422,-4500,3,0.939392,0.023132,0.332031,-0.082581
24491070,BNO_GRV,2423,-3800,3,0.939270,0.023621,0.332031,-0.083618
24501816,BNO_GRV,2424,-4300,3,0.939148,0.024048,0.331970,-0.084839
24511419,BNO_GRV,2425,-4200,3,0.939026,0.024353,0.331970,-0.085938
24521992,BNO_GRV,2426,-4300,3,0.938965,0.024414,0.332031,-0.086792
24530858,BNO_GRV,2427,-3600,3,0.938904,0.024292,0.331970,-0.087219
24541941,BNO_GRV,2428,-4300,3,0.938965,0.024170,0.331848,-0.087341
24552353,BNO_GRV,2429,-4700,3,0.939026,0.024109,0.331665,-0.087341
24562668,BNO_GRV,2430,-4500,3,0.939087,0.024048,0.331543,-0.087402
24571837,BNO_GRV,2431,-4300,3,0.939087,0.023926,0.331421,-0.087463
24581626,BNO_GRV,2432,-4200,3,0.939148,0.023987,0.331299,-0.087708
24591746,BNO_GRV,2433,-4200,3,0.939148,0.024170,0.331238,-0.088074
24602111,BNO_GRV,2434,-4300,3,0.939087,0.024353,0.331238,-0.088501
24611178,BNO_GRV,2435,-3600,3,0.938965,0.024597,0.331360,-0.089172
24622416,BNO_GRV,2436,-4300,3,0.938843,0.024841,0.331421,-0.089844
24632022,BNO_GRV,2437,-4300,3,0.938782,0.025024,0.331482,-0.090393
24642089,BNO_GRV,2438,-4000,3,0.938782,0.025208,0.331421,-0.090820
24651700,BNO_GRV,2439,-4200,3,0.938721,0.025269,0.331421,-0.091125
24662334,BNO_GRV,2440,-4300,3,0.938721,0.025330,0.331360,-0.091309
24671943,BNO_GRV,2441,-4300,3,0.938782,0.025330,0.331299,-0.091370
24682365,BNO_GRV,2442,-4300,3,0.938782,0.025330,0.331238,-0.091431
24691247,BNO_GRV,2443,-3600,3,0.938782,0.025330,0.331116,-0.091553
24702409,BNO_GRV,2444,-4300,3,0.938782,0.025391,0.331055,-0.091736
24712002,BNO_GRV,2445,-4200,3,0.938782,0.025452,0.330994,-0.092041
24722347,BNO_GRV,2446,-4300,3,0.938782,0.025513,0.330933,-0.092285
24731324,BNO_GRV,2447,-3800,3,0.938782,0.025635,0.330933,-0.092529
24742611,BNO_GRV,2448,-4300,3,0.938721,0.025757,0.330933,-0.092834
24752036,BNO_GRV,2449,-4300,3,0.938660,0.025879,0.330933,-0.093140
24762496,BNO_GRV,2450,-4300,3,0.938599,0.025940,0.331055,-0.093384
24772447,BNO_GRV,2451,-4300,3,0.938599,0.026001,0.331116,-0.093567
24782082,BNO_GRV,2452,-4300,3,0.938538,0.026001,0.331238,-0.093689
24792458,BNO_GRV,2453,-4300,3,0.938477,0.026001,0.331299,-0.093811
24802682,BNO_GRV,2454,-4200,3,0.938477,0.026001,0.331360,-0.093872
24812100,BNO_GRV,2455,-4000,3,0.938477,0.026001,0.331421,-0.093811
24822226,BNO_GRV,2456,-4300,3,0.938477,0.025940,0.331421,-0.093750
24832695,BNO_GRV,2457,-4500,3,0.938416,0.025940,0.331482,-0.093689
24842643,BNO_GRV,2458,-3800,3,0.938416,0.026001,0.331543,-0.093750
24852836,BNO_GRV,2459,-4300,3,0.938354,0.026062,0.331604,-0.093811
24862281,BNO_GRV,2460,-4200,3,0.938354,0.026062,0.331665,-0.093933
24872665,BNO_GRV,2461,-4500,3,0.938354,0.026123,0.331665,-0.093994
24882777,BNO_GRV,2462,-4000,3,0.938293,0.026123,0.331726,-0.093994
24892942,BNO_GRV,2463,-4500,3,0.938232,0.026123,0.331909,-0.093933
24902486,BNO_GRV,2464,-4300,3,0.938171,0.026123,0.332092,-0.093811
24912861,BNO_GRV,2465,-4500,3,0.938110,0.026123,0.332275,-0.093750
24922868,BNO_GRV,2466,-3800,3,0.938049,0.026062,0.332520,-0.093689
24933192,BNO_GRV,2467,-4500,3,0.937988,0.026062,0.332703,-0.093689
24942411,BNO_GRV,2468,-4300,3,0.937988,0.026062,0.332764,-0.093750
24952890,BNO_GRV,2469,-4300,3,0.937988,0.026123,0.332642,-0.093811
24963125,BNO_GRV,2470,-3800,3,0.938049,0.026184,0.332458,-0.093933
24973198,BNO_GRV,2471,-4500,3,0.938110,0.026184,0.332275,-0.093994
24982596,BNO_GRV,2472,-4300,3,0.938171,0.026123,0.332092,-0.094055
24993410,BNO_GRV,2473,-4500,3,0.938232,0.026123,0.331970,-0.093994
25003850,BNO_GRV,2474,-4300,3,0.938232,0.026062,0.331909,-0.093872
25013014,BNO_GRV,2475,-4500,3,0.938232,0.026123,0.332031,-0.093811
25022638,BNO_GRV,2476,-4200,3,0.938171,0.026123,0.332153,-0.093811
25033240,BNO_GRV,2477,-4300,3,0.938110,0.026123,0.332397,-0.093872
25043229,BNO_GRV,2478,-3800,3,0.937988,0.026184,0.332642,-0.093994
25053400,BNO_GRV,2479,-4500,3,0.937927,0.026245,0.332764,-0.094055
25062650,BNO_GRV,2480,-4200,3,0.937927,0.026306,0.332825,-0.094177
25073439,BNO_GRV,2481,-4300,3,0.937927,0.026367,0.332764,-0.094238
25083395,BNO_GRV,2482,-3800,3,0.937927,0.026367,0.332642,-0.094299
25093582,BNO_GRV,2483,-4500,3,0.937988,0.026367,0.332520,-0.094360
25102952,BNO_GRV,2484,-4200,3,0.937988,0.026367,0.332520,-0.094360
25113486,BNO_GRV,2485,-4200,3,0.937988,0.026367,0.332581,-0.094360
25123432,BNO_GRV,2486,-3600,3,0.937927,0.026428,0.332764,-0.094360
25133707,BNO_GRV,2487,-4500,3,0.937866,0.026428,0.332886,-0.094360
25142907,BNO_GRV,2488,-4200,3,0.937805,0.026489,0.333008,-0.094360
25152958,BNO_GRV,2489,-4300,3,0.937744,0.026550,0.333130,-0.094421
25163649,BNO_GRV,2490,-4500,3,0.937744,0.026550,0.333130,-0.094482
25173758,BNO_GRV,2491,-4500,3,0.937744,0.026550,0.333069,-0.094543
25182925,BNO_GRV,2492,-4200,3,0.937805,0.026550,0.333008,-0.094543
25193995,BNO_GRV,2493,-4300,3,0.937805,0.026489,0.332947,-0.094482
25203996,BNO_GRV,2494,-4000,3,0.937805,0.026489,0.332947,-0.094421
25213529,BNO_GRV,2495,-4200,3,0.937805,0.026489,0.333008,-0.094360
25223035,BNO_GRV,2496,-4200,3,0.937805,0.026489,0.333130,-0.094299
25233960,BNO_GRV,2497,-4200,3,0.937744,0.026489,0.333191,-0.094299
25244388,BNO_GRV,2498,-4300,3,0.937805,0.026489,0.333130,-0.094299
25254045,BNO_GRV,2499,-4300,3,0.937805,0.026489,0.333069,-0.094299
25263478,BNO_GRV,2500,-4200,3,0.937805,0.026550,0.333008,-0.094238
25273262,BNO_GRV,2501,-4300,3,0.937866,0.026428,0.332886,-0.094238
25283955,BNO_GRV,2502,-4900,3,0.937927,0.026367,0.332703,-0.094177
25294203,BNO_GRV,2503,-4700,3,0.937988,0.026306,0.332520,-0.094116
25303773,BNO_GRV,2504,-4500,3,0.938049,0.026306,0.332458,-0.094116
25313324,BNO_GRV,2505,-4300,3,0.938049,0.026245,0.332458,-0.094055
25324507,BNO_GRV,2506,-5100,3,0.938049,0.026245,0.332458,-0.094055
25334235,BNO_GRV,2507,-4300,3,0.938049,0.026184,0.332458,-0.093994
25344015,BNO_GRV,2508,-4300,3,0.938110,0.026123,0.332397,-0.093872
25353552,BNO_GRV,2509,-4500,3,0.938110,0.026062,0.332336,-0.093750
25363990,BNO_GRV,2510,-4900,3,0.938110,0.026001,0.332336,-0.093628
25374637,BNO_GRV,2511,-5100,3,0.938110,0.026001,0.332397,-0.093506
25383514,BNO_GRV,2512,-4300,3,0.938110,0.026062,0.332520,-0.093445
25393803,BNO_GRV,2513,-4300,3,0.937988,0.026123,0.332764,-0.093445
25404067,BNO_GRV,2514,-4700,3,0.937866,0.026184,0.333069,-0.093445
25414821,BNO_GRV,2515,-5100,3,0.937805,0.026184,0.333374,-0.093567
25424408,BNO_GRV,2516,-4500,3,0.937744,0.026245,0.333496,-0.093628
25433736,BNO_GRV,2517,-4500,3,0.937744,0.026245,0.333496,-0.093750
25444258,BNO_GRV,2518,-4700,3,0.937744,0.026245,0.333374,-0.093750
25454899,BNO_GRV,2519,-5100,3,0.937805,0.026245,0.333252,-0.093750
25463954,BNO_GRV,2520,-4700,3,0.937805,0.026245,0.333252,-0.093750
25473766,BNO_GRV,2521,-4300,3,0.937805,0.026245,0.333252,-0.093750
25484208,BNO_GRV,2522,-4900,3,0.937744,0.026245,0.333313,-0.093811
25494836,BNO_GRV,2523,-5100,3,0.937683,0.026306,0.333435,-0.093811
25503984,BNO_GRV,2524,-4300,3,0.937683,0.026306,0.333618,-0.093872
25514048,BNO_GRV,2525,-4300,3,0.937622,0.026306,0.333740,-0.093872
25524451,BNO_GRV,2526,-4900,3,0.937561,0.026306,0.333862,-0.093933
25535109,BNO_GRV,2527,-5100,3,0.937561,0.026367,0.333923,-0.093933
25544059,BNO_GRV,2528,-4500,3,0.937500,0.026367,0.333923,-0.093994
25554090,BNO_GRV,2529,-4500,3,0.937500,0.026367,0.333984,-0.094055
25564557,BNO_GRV,2530,-4900,3,0.937439,0.026428,0.334167,-0.094116
25575370,BNO_GRV,2531,-5100,3,0.937317,0.026489,0.334412,-0.094177
25584142,BNO_GRV,2532,-4500,3,0.937256,0.026489,0.334717,-0.094177
25594146,BNO_GRV,2533,-4500,3,0.937134,0.026550,0.334900,-0.094177
25604097,BNO_GRV,2534,-4300,3,0.937073,0.026611,0.335022,-0.094238
25614725,BNO_GRV,2535,-4700,3,0.937073,0.026611,0.335083,-0.094238
25624445,BNO_GRV,2536,-4700,3,0.937073,0.026611,0.335083,-0.094299
25634282,BNO_GRV,2537,-4500,3,0.937073,0.026672,0.335022,-0.094360
25644208,BNO_GRV,2538,-4500,3,0.937134,0.026672,0.334900,-0.094421
25654610,BNO_GRV,2539,-4300,3,0.937134,0.026672,0.334839,-0.094421
25663616,BNO_GRV,2540,-4000,3,0.937134,0.026672,0.334839,-0.094421
25674885,BNO_GRV,2541,-4500,3,0.937134,0.026672,0.334900,-0.094421
25684401,BNO_GRV,2542,-4300,3,0.937073,0.026733,0.335144,-0.094421
25694705,BNO_GRV,2543,-4300,3,0.936951,0.026733,0.335388,-0.094360
25704385,BNO_GRV,2544,-4500,3,0.936890,0.026733,0.335632,-0.094299
25714468,BNO_GRV,2545,-4500,3,0.936829,0.026733,0.335754,-0.094238
25724461,BNO_GRV,2546,-4500,3,0.936890,0.026733,0.335693,-0.094238
25734951,BNO_GRV,2547,-4500,3,0.936890,0.026733,0.335571,-0.094177
25744563,BNO_GRV,2548,-4500,3,0.936951,0.026672,0.335388,-0.094177
25754490,BNO_GRV,2549,-4500,3,0.937073,0.026611,0.335144,-0.094177
25764480,BNO_GRV,2550,-4300,3,0.937195,0.026550,0.334839,-0.094116
25774874,BNO_GRV,2551,-4500,3,0.937317,0.026550,0.334534,-0.094116
25784397,BNO_GRV,2552,-4300,3,0.937378,0.026489,0.334412,-0.094055
25794793,BNO_GRV,2553,-4500,3,0.937378,0.026489,0.334351,-0.093994
25804726,BNO_GRV,2554,-4500,3,0.937378,0.026428,0.334351,-0.093933
25814952,BNO_GRV,2555,-4500,3,0.937317,0.026428,0.334534,-0.093872
25824644,BNO_GRV,2556,-4500,3,0.937256,0.026428,0.334717,-0.093872
25834763,BNO_GRV,2557,-4500,3,0.937195,0.026428,0.334839,-0.093872
25844728,BNO_GRV,2558,-4500,3,0.937195,0.026428,0.334961,-0.093872
25855242,BNO_GRV,2559,-4500,3,0.937195,0.026428,0.334961,-0.093811
25864735,BNO_GRV,2560,-4500,3,0.937195,0.026428,0.334900,-0.093689
25874545,BNO_GRV,2561,-4300,3,0.937256,0.026367,0.334839,-0.093567
25885154,BNO_GRV,2562,-4500,3,0.937256,0.026306,0.334778,-0.093445
25895302,BNO_GRV,2563,-4200,3,0.937317,0.026306,0.334778,-0.093384
25905051,BNO_GRV,2564,-4700,3,0.937256,0.026306,0.334839,-0.093323
25914918,BNO_GRV,2565,-4300,3,0.937195,0.026367,0.335022,-0.093262
25925695,BNO_GRV,2566,-4700,3,0.937073,0.026428,0.335388,-0.093262
25935486,BNO_GRV,2567,-4000,3,0.937012,0.026428,0.335571,-0.093323
25945045,BNO_GRV,2568,-4500,3,0.936951,0.026489,0.335693,-0.093323
25954807,BNO_GRV,2569,-4300,3,0.936951,0.026550,0.335754,-0.093384
25965581,BNO_GRV,2570,-4500,3,0.936951,0.026489,0.335754,-0.093384
25975661,BNO_GRV,2571,-4200,3,0.936951,0.026489,0.335754,-0.093384
25985481,BNO_GRV,2572,-4700,3,0.936951,0.026489,0.335754,-0.093384
25995294,BNO_GRV,2573,-4300,3,0.936951,0.026489,0.335754,-0.093384
26005005,BNO_GRV,2574,-4500,3,0.936890,0.026489,0.335815,-0.093384
26015762,BNO_GRV,2575,-4900,3,0.936951,0.026489,0.335815,-0.093323
26025474,BNO_GRV,2576,-4900,3,0.936951,0.026489,0.335754,-0.093262
26035225,BNO_GRV,2577,-4300,3,0.937012,0.026428,0.335632,-0.093140
26045826,BNO_GRV,2578,-4500,3,0.937073,0.026367,0.335510,-0.093140
26055954,BNO_GRV,2579,-4200,3,0.937134,0.026367,0.335327,-0.093140
26065250,BNO_GRV,2580,-4700,3,0.937195,0.026367,0.335205,-0.093140
26075066,BNO_GRV,2581,-4300,3,0.937195,0.026367,0.335083,-0.093079
26086011,BNO_GRV,2582,-4500,3,0.937256,0.026306,0.335022,-0.093079
26095972,BNO_GRV,2583,-4000,3,0.937256,0.026306,0.335022,-0.093018
26105663,BNO_GRV,2584,-4700,3,0.937195,0.026367,0.335083,-0.093018
26115437,BNO_GRV,2585,-4500,3,0.937195,0.026367,0.335205,-0.092957
26125471,BNO_GRV,2586,-4500,3,0.937134,0.026367,0.335388,-0.092896
26136436,BNO_GRV,2587,-5100,3,0.937073,0.026367,0.335449,-0.092834
26145903,BNO_GRV,2588,-4700,3,0.937134,0.026306,0.335449,-0.092773
26155665,BNO_GRV,2589,-4500,3,0.937134,0.026245,0.335388,-0.092651
26165272,BNO_GRV,2590,-4300,3,0.937195,0.026184,0.335266,-0.092590
26175972,BNO_GRV,2591,-4500,3,0.937256,0.026184,0.335205,-0.092529
26186108,BNO_GRV,2592,-4500,3,0.937256,0.026184,0.335205,-0.092529
26195505,BNO_GRV,2593,-4700,3,0.937195,0.026184,0.335266,-0.092468
26205435,BNO_GRV,2594,-4300,3,0.937134,0.026184,0.335388,-0.092468
26216268,BNO_GRV,2595,-4700,3,0.937073,0.026245,0.335632,-0.092468
26225882,BNO_GRV,2596,-4300,3,0.937012,0.026245,0.335938,-0.092346
26235285,BNO_GRV,2597,-4200,3,0.936890,0.026245,0.336304,-0.092224
26246237,BNO_GRV,2598,-4500,3,0.936768,0.026184,0.336731,-0.091919
26256653,BNO_GRV,2599,-4200,3,0.936646,0.026123,0.337036,-0.091553
26266230,BNO_GRV,2600,-4500,3,0.936646,0.026001,0.337219,-0.091187
26275949,BNO_GRV,2601,-4300,3,0.936646,0.025940,0.337280,-0.090881
26285675,BNO_GRV,2602,-4300,3,0.936707,0.025818,0.337280,-0.090515
26296506,BNO_GRV,2603,-4900,3,0.936768,0.025696,0.337158,-0.090149
26306216,BNO_GRV,2604,-4200,3,0.936890,0.025574,0.336975,-0.089844
26315957,BNO_GRV,2605,-4300,3,0.936951,0.025391,0.336792,-0.089355
26325716,BNO_GRV,2606,-4300,3,0.937073,0.025208,0.336670,-0.088806
26337081,BNO_GRV,2607,-5300,3,0.937256,0.024902,0.336426,-0.088135
26346765,BNO_GRV,2608,-4700,3,0.937378,0.024658,0.336304,-0.087463
26356512,BNO_GRV,2609,-4500,3,0.937439,0.024475,0.336182,-0.086914
26365839,BNO_GRV,2610,-4500,3,0.937500,0.024353,0.336182,-0.086365
26376200,BNO_GRV,2611,-4700,3,0.937500,0.024170,0.336243,-0.085938
26387085,BNO_GRV,2612,-4900,3,0.937500,0.024048,0.336487,-0.085571
26396426,BNO_GRV,2613,-4300,3,0.937378,0.024048,0.336853,-0.085388
26405913,BNO_GRV,2614,-4300,3,0.937195,0.024109,0.337341,-0.085266
26417196,BNO_GRV,2615,-5100,3,0.937012,0.024170,0.337952,-0.085205
26426950,BNO_GRV,2616,-4500,3,0.936768,0.024231,0.338501,-0.085205
26436647,BNO_GRV,2617,-4500,3,0.936584,0.024353,0.339111,-0.085205
26446165,BNO_GRV,2618,-4500,3,0.936401,0.024414,0.339600,-0.085144
26456241,BNO_GRV,2619,-4700,3,0.936218,0.024475,0.340027,-0.085022
26466379,BNO_GRV,2620,-4300,3,0.936157,0.024475,0.340271,-0.084900
26475789,BNO_GRV,2621,-4200,3,0.936096,0.024475,0.340454,-0.084717
26486289,BNO_GRV,2622,-4500,3,0.936096,0.024414,0.340515,-0.084595
26496427,BNO_GRV,2623,-4700,3,0.936157,0.024353,0.340515,-0.084412
26507106,BNO_GRV,2624,-4900,3,0.936157,0.024292,0.340515,-0.084290
26516204,BNO_GRV,2625,-4500,3,0.936157,0.024170,0.340454,-0.084167
26526266,BNO_GRV,2626,-4500,3,0.936218,0.024048,0.340332,-0.083984
26536507,BNO_GRV,2627,-4900,3,0.936279,0.023926,0.340210,-0.083801
26546516,BNO_GRV,2628,-4300,3,0.936401,0.023865,0.340088,-0.083557
26555543,BNO_GRV,2629,-3800,3,0.936462,0.023682,0.339905,-0.083252
26566694,BNO_GRV,2630,-4300,3,0.936584,0.023499,0.339783,-0.082886
26576578,BNO_GRV,2631,-4900,3,0.936584,0.023376,0.339722,-0.082520
26586819,BNO_GRV,2632,-4500,3,0.936646,0.023254,0.339783,-0.082153
26596575,BNO_GRV,2633,-4700,3,0.936584,0.023132,0.339966,-0.081726
26606515,BNO_GRV,2634,-4500,3,0.936523,0.023010,0.340271,-0.081238
26616469,BNO_GRV,2635,-4500,3,0.936462,0.022827,0.340515,-0.080750
26626828,BNO_GRV,2636,-4300,3,0.936462,0.022644,0.340759,-0.080261
26636183,BNO_GRV,2637,-4300,3,0.936462,0.022461,0.340881,-0.079712
26646378,BNO_GRV,2638,-4300,3,0.936523,0.022217,0.340942,-0.079102
26657246,BNO_GRV,2639,-4900,3,0.936584,0.022034,0.340881,-0.078491
26666954,BNO_GRV,2640,-4200,3,0.936646,0.021790,0.340881,-0.077881
26676596,BNO_GRV,2641,-4500,3,0.936707,0.021606,0.340820,-0.077332
26686526,BNO_GRV,2642,-4300,3,0.936707,0.021423,0.340881,-0.076782
26696567,BNO_GRV,2643,-4500,3,0.936707,0.021301,0.341064,-0.076294
26707096,BNO_GRV,2644,-4500,3,0.936646,0.021179,0.341370,-0.075867
26716276,BNO_GRV,2645,-4200,3,0.936523,0.021118,0.341736,-0.075562
26726676,BNO_GRV,2646,-4300,3,0.936401,0.021057,0.342102,-0.075195
26736719,BNO_GRV,2647,-4500,3,0.936340,0.020935,0.342407,-0.074829
26747143,BNO_GRV,2648,-4500,3,0.936279,0.020813,0.342712,-0.074402
26756368,BNO_GRV,2649,-4000,3,0.936279,0.020691,0.342834,-0.073853
26766890,BNO_GRV,2650,-4500,3,0.936279,0.020508,0.342834,-0.073303
26776659,BNO_GRV,2651,-4300,3,0.936401,0.020325,0.342712,-0.072815
26787280,BNO_GRV,2652,-4700,3,0.936523,0.020142,0.342529,-0.072327
26796536,BNO_GRV,2653,-4200,3,0.936646,0.019958,0.342285,-0.071960
26806787,BNO_GRV,2654,-4500,3,0.936707,0.019714,0.342102,-0.071594
26816808,BNO_GRV,2655,-4500,3,0.936829,0.019592,0.341919,-0.071228
26827365,BNO_GRV,2656,-4500,3,0.936890,0.019409,0.341797,-0.070740
26836684,BNO_GRV,2657,-4200,3,0.936951,0.019165,0.341736,-0.070312
26846901,BNO_GRV,2658,-4500,3,0.937012,0.018982,0.341736,-0.069824
26856949,BNO_GRV,2659,-4500,3,0.937073,0.018799,0.341736,-0.069336
26867451,BNO_GRV,2660,-4500,3,0.937073,0.018677,0.341797,-0.068970
26876576,BNO_GRV,2661,-4200,3,0.937073,0.018555,0.341919,-0.068604
26886869,BNO_GRV,2662,-4300,3,0.937073,0.018433,0.341980,-0.068298
26897370,BNO_GRV,2663,-4500,3,0.937073,0.018372,0.341919,-0.068176
26907578,BNO_GRV,2664,-4000,3,0.937073,0.018433,0.341858,-0.068176
26917014,BNO_GRV,2665,-4500,3,0.937134,0.018433,0.341675,-0.068298
26926898,BNO_GRV,2666,-4300,3,0.937256,0.018372,0.341309,-0.068298
26937465,BNO_GRV,2667,-4500,3,0.937439,0.018188,0.340881,-0.068176
26947658,BNO_GRV,2668,-4200,3,0.937622,0.018005,0.340515,-0.067871
26957746,BNO_GRV,2669,-4500,3,0.937805,0.017700,0.340027,-0.067383
26967404,BNO_GRV,2670,-4700,3,0.937988,0.017395,0.339661,-0.066772
26977153,BNO_GRV,2671,-4500,3,0.938171,0.017090,0.339294,-0.066040
26987879,BNO_GRV,2672,-4900,3,0.938354,0.016724,0.338989,-0.065186
26997253,BNO_GRV,2673,-4300,3,0.938477,0.016418,0.338806,-0.064392
27007275,BNO_GRV,2674,-4500,3,0.938538,0.016113,0.338806,-0.063599
27017964,BNO_GRV,2675,-4500,3,0.938599,0.015747,0.338928,-0.062683
27028108,BNO_GRV,2676,-4000,3,0.938599,0.015442,0.338989,-0.061890
27037745,BNO_GRV,2677,-4700,3,0.938599,0.015137,0.339172,-0.061096
27047728,BNO_GRV,2678,-4500,3,0.938599,0.014832,0.339355,-0.060242
27057363,BNO_GRV,2679,-4500,3,0.938660,0.014526,0.339478,-0.059326
27067791,BNO_GRV,2680,-4500,3,0.938660,0.014160,0.339661,-0.058228
27078018,BNO_GRV,2681,-4500,3,0.938660,0.013733,0.339844,-0.057129
27087380,BNO_GRV,2682,-4300,3,0.938660,0.013367,0.339966,-0.056091
27097354,BNO_GRV,2683,-4300,3,0.938721,0.013062,0.339966,-0.054993
27108033,BNO_GRV,2684,-4700,3,0.938782,0.012695,0.339966,-0.053894
27118403,BNO_GRV,2685,-4700,3,0.938904,0.012329,0.339905,-0.052856
27127571,BNO_GRV,2686,-4300,3,0.938965,0.012024,0.339905,-0.051941
27137382,BNO_GRV,2687,-4300,3,0.939026,0.011719,0.339905,-0.051025
27148196,BNO_GRV,2688,-4500,3,0.939026,0.011414,0.339966,-0.050110
27157802,BNO_GRV,2689,-4300,3,0.939026,0.011108,0.340088,-0.049377
27167409,BNO_GRV,2690,-4200,3,0.938965,0.010986,0.340332,-0.048767
27177374,BNO_GRV,2691,-4300,3,0.938965,0.010925,0.340454,-0.048523
27188083,BNO_GRV,2692,-4500,3,0.938904,0.010925,0.340576,-0.048584
27198191,BNO_GRV,2693,-4500,3,0.938904,0.011047,0.340454,-0.049011
27207649,BNO_GRV,2694,-4300,3,0.938965,0.011230,0.340210,-0.049683
27217545,BNO_GRV,2695,-4300,3,0.939087,0.011536,0.339783,-0.050293
27228089,BNO_GRV,2696,-4300,3,0.939209,0.011780,0.339417,-0.050720
27238554,BNO_GRV,2697,-4700,3,0.939331,0.011841,0.339111,-0.050781
27247734,BNO_GRV,2698,-4200,3,0.939453,0.012024,0.338745,-0.050720
27257448,BNO_GRV,2699,-4200,3,0.939575,0.012207,0.338440,-0.050537
27268361,BNO_GRV,2700,-4700,3,0.939636,0.012268,0.338196,-0.050293
27278372,BNO_GRV,2701,-4300,3,0.939758,0.012329,0.338013,-0.049805
27287734,BNO_GRV,2702,-4300,3,0.939819,0.012329,0.337891,-0.049194
27297745,BNO_GRV,2703,-4200,3,0.939880,0.012268,0.337769,-0.048462
27307984,BNO_GRV,2704,-4500,3,0.939941,0.012085,0.337708,-0.047668
27318275,BNO_GRV,2705,-4300,3,0.940002,0.011963,0.337646,-0.046997
27327706,BNO_GRV,2706,-4200,3,0.940125,0.011780,0.337524,-0.046509
27338580,BNO_GRV,2707,-4500,3,0.940125,0.011536,0.337463,-0.046021
27348245,BNO_GRV,2708,-4700,3,0.940186,0.011353,0.337402,-0.045593
27358159,BNO_GRV,2709,-4000,3,0.940247,0.011292,0.337341,-0.044983
27367455,BNO_GRV,2710,-3800,3,0.940247,0.011108,0.337402,-0.044128
27377955,BNO_GRV,2711,-4200,3,0.940308,0.010803,0.337463,-0.043213
27389005,BNO_GRV,2712,-4700,3,0.940308,0.010498,0.337463,-0.042358
27398719,BNO_GRV,2713,-4200,3,0.940369,0.010315,0.337524,-0.041565
27408402,BNO_GRV,2714,-4200,3,0.940369,0.010071,0.337585,-0.040894
27417826,BNO_GRV,2715,-4300,3,0.940308,0.009827,0.337708,-0.040405
27428301,BNO_GRV,2716,-4500,3,0.940308,0.009766,0.337830,-0.039978
27438506,BNO_GRV,2717,-4200,3,0.940247,0.009705,0.337952,-0.039612
27447497,BNO_GRV,2718,-3600,3,0.940247,0.009644,0.338074,-0.039307
27458520,BNO_GRV,2719,-4300,3,0.940247,0.009583,0.338135,-0.039062
27467943,BNO_GRV,2720,-4200,3,0.940247,0.009460,0.338196,-0.038879
27478622,BNO_GRV,2721,-4300,3,0.940247,0.009338,0.338135,-0.038818
27487662,BNO_GRV,2722,-3800,3,0.940247,0.009338,0.338074,-0.038818
27498257,BNO_GRV,2723,-4300,3,0.940308,0.009277,0.338074,-0.038818
27509201,BNO_GRV,2724,-4700,3,0.940308,0.009216,0.338013,-0.038757
27518670,BNO_GRV,2725,-3800,3,0.940308,0.009155,0.338013,-0.038635
27527478,BNO_GRV,2726,-3600,3,0.940308,0.008972,0.338074,-0.038513
27538654,BNO_GRV,2727,-4500,3,0.940308,0.008789,0.338074,-0.038269
27548142,BNO_GRV,2728,-4200,3,0.940308,0.008728,0.338135,-0.038025
27558660,BNO_GRV,2729,-4300,3,0.940247,0.008606,0.338257,-0.037720
27567920,BNO_GRV,2730,-4000,3,0.940186,0.008362,0.338440,-0.037415
27578757,BNO_GRV,2731,-4300,3,0.940186,0.008118,0.338623,-0.037109
27589812,BNO_GRV,2732,-4700,3,0.940125,0.007996,0.338745,-0.036926
27599300,BNO_GRV,2733,-4000,3,0.940125,0.007935,0.338806,-0.036743
27608466,BNO_GRV,2734,-4300,3,0.940125,0.007874,0.338806,-0.036682
27618456,BNO_GRV,2735,-4500,3,0.940125,0.007690,0.338867,-0.036560
27628422,BNO_GRV,2736,-4300,3,0.940125,0.007446,0.338867,-0.036377
27638816,BNO_GRV,2737,-4200,3,0.940125,0.007324,0.338867,-0.036133
27647892,BNO_GRV,2738,-3600,3,0.940125,0.007202,0.338928,-0.035889
27659146,BNO_GRV,2739,-4300,3,0.940063,0.007141,0.338989,-0.035583
27668429,BNO_GRV,2740,-4200,3,0.940063,0.007019,0.339111,-0.035339
27679122,BNO_GRV,2741,-4300,3,0.940063,0.006958,0.339172,-0.035095
27688763,BNO_GRV,2742,-4500,3,0.940063,0.006897,0.339111,-0.034912
27698431,BNO_GRV,2743,-4200,3,0.940063,0.006775,0.339172,-0.034729
27708901,BNO_GRV,2744,-4300,3,0.940002,0.006714,0.339355,-0.034607
27718947,BNO_GRV,2745,-4000,3,0.940002,0.006592,0.339355,-0.034424
27729107,BNO_GRV,2746,-4700,3,0.940002,0.006592,0.339294,-0.034363
27738537,BNO_GRV,2747,-4200,3,0.940063,0.006653,0.339233,-0.034363
27748862,BNO_GRV,2748,-4300,3,0.940002,0.006714,0.339294,-0.034546
27759193,BNO_GRV,2749,-4200,3,0.940002,0.006775,0.339355,-0.034851
27768242,BNO_GRV,2750,-3800,3,0.940002,0.006958,0.339294,-0.035278
27779144,BNO_GRV,2751,-4300,3,0.940002,0.007202,0.339233,-0.035767
27788851,BNO_GRV,2752,-4300,3,0.939941,0.007385,0.339233,-0.036133
27799204,BNO_GRV,2753,-4300,3,0.939880,0.007385,0.339417,-0.036499
27808990,BNO_GRV,2754,-4200,3,0.939819,0.007446,0.339539,-0.036743
27818754,BNO_GRV,2755,-4200,3,0.939758,0.007446,0.339722,-0.036865
27829237,BNO_GRV,2756,-4500,3,0.939697,0.007385,0.339844,-0.036926
27839324,BNO_GRV,2757,-3800,3,0.939636,0.007385,0.340027,-0.036926
27849480,BNO_GRV,2758,-4500,3,0.939575,0.007324,0.340210,-0.036804
27859021,BNO_GRV,2759,-4300,3,0.939514,0.007202,0.340454,-0.036560
27869709,BNO_GRV,2760,-4500,3,0.939453,0.007019,0.340698,-0.036072
27880194,BNO_GRV,2761,-4700,3,0.939392,0.006836,0.341003,-0.035522
27889637,BNO_GRV,2762,-4500,3,0.939270,0.006592,0.341309,-0.035034
27899105,BNO_GRV,2763,-4300,3,0.939209,0.006409,0.341553,-0.034485
27909742,BNO_GRV,2764,-4500,3,0.939148,0.006226,0.341797,-0.033936
27920378,BNO_GRV,2765,-4300,3,0.939087,0.006042,0.341980,-0.033447
27929525,BNO_GRV,2766,-4500,3,0.939026,0.005859,0.342224,-0.032959
27939047,BNO_GRV,2767,-4200,3,0.938965,0.005676,0.342407,-0.032471
27950030,BNO_GRV,2768,-4500,3,0.938904,0.005554,0.342651,-0.031982
27959870,BNO_GRV,2769,-4000,3,0.938843,0.005432,0.342896,-0.031555
27970252,BNO_GRV,2770,-4700,3,0.938782,0.005310,0.343079,-0.031067
27979566,BNO_GRV,2771,-4300,3,0.938721,0.005188,0.343262,-0.030640
27989983,BNO_GRV,2772,-4300,3,0.938660,0.005005,0.343445,-0.030151
27999986,BNO_GRV,2773,-3800,3,0.938599,0.004883,0.343628,-0.029663
28010067,BNO_GRV,2774,-4300,3,0.938599,0.004761,0.343811,-0.029175
28019447,BNO_GRV,2775,-4500,3,0.938538,0.004578,0.343933,-0.028748
28029857,BNO_GRV,2776,-4300,3,0.938538,0.004395,0.343933,-0.028259
28039809,BNO_GRV,2777,-3600,3,0.938538,0.004333,0.343994,-0.027893
28049988,BNO_GRV,2778,-4700,3,0.938599,0.004211,0.343994,-0.027466
28059346,BNO_GRV,2779,-4300,3,0.938599,0.004089,0.343994,-0.027039
28070074,BNO_GRV,2780,-4500,3,0.938599,0.003967,0.343994,-0.026611
28080009,BNO_GRV,2781,-4000,3,0.938599,0.003845,0.343994,-0.026245
28090246,BNO_GRV,2782,-4500,3,0.938599,0.003723,0.344055,-0.025940
28099463,BNO_GRV,2783,-4300,3,0.938538,0.003601,0.344177,-0.025574
28110298,BNO_GRV,2784,-4500,3,0.938538,0.003479,0.344238,-0.025146
28120198,BNO_GRV,2785,-4000,3,0.938538,0.003357,0.344299,-0.024780
28130325,BNO_GRV,2786,-4500,3,0.938477,0.003235,0.344421,-0.024353
28139821,BNO_GRV,2787,-4300,3,0.938477,0.003113,0.344421,-0.023926
28149779,BNO_GRV,2788,-4500,3,0.938538,0.002930,0.344421,-0.023499
28160437,BNO_GRV,2789,-4700,3,0.938538,0.002808,0.344421,-0.023132
28170250,BNO_GRV,2790,-4300,3,0.938538,0.002625,0.344421,-0.022766
28179938,BNO_GRV,2791,-4300,3,0.938538,0.002502,0.344421,-0.022461
28189751,BNO_GRV,2792,-4200,3,0.938538,0.002380,0.344421,-0.022156
28200357,BNO_GRV,2793,-4500,3,0.938538,0.002258,0.344482,-0.021912
28210512,BNO_GRV,2794,-4300,3,0.938477,0.002197,0.344604,-0.021729
28219801,BNO_GRV,2795,-4300,3,0.938477,0.002136,0.344666,-0.021545
28229824,BNO_GRV,2796,-4300,3,0.938416,0.002136,0.344788,-0.021362
28240440,BNO_GRV,2797,-4500,3,0.938416,0.002075,0.344910,-0.021179
28250742,BNO_GRV,2798,-4700,3,0.938354,0.002014,0.345032,-0.020935
28260028,BNO_GRV,2799,-4300,3,0.938293,0.001953,0.345154,-0.020752
28269901,BNO_GRV,2800,-4200,3,0.938293,0.001831,0.345215,-0.020569
28280209,BNO_GRV,2801,-4500,3,0.938293,0.001770,0.345276,-0.020325
28290809,BNO_GRV,2802,-4700,3,0.938232,0.001648,0.345398,-0.020081
28300007,BNO_GRV,2803,-4300,3,0.938232,0.001587,0.345459,-0.019775
28310024,BNO_GRV,2804,-4200,3,0.938232,0.001465,0.345459,-0.019531
28320414,BNO_GRV,2805,-4700,3,0.938293,0.001404,0.345398,-0.019226
28330857,BNO_GRV,2806,-4900,3,0.938293,0.001282,0.345276,-0.018921
28340042,BNO_GRV,2807,-4300,3,0.938354,0.001282,0.345154,-0.018738
28350930,BNO_GRV,2808,-4700,3,0.938354,0.001221,0.345093,-0.018616
28360928,BNO_GRV,2809,-4900,3,0.938538,0.001099,0.344604,-0.018555
28370687,BNO_GRV,2810,-4300,3,0.938721,0.000977,0.344177,-0.018494
28380281,BNO_GRV,2811,-4500,3,0.938843,0.000854,0.343872,-0.018433
28390339,BNO_GRV,2812,-4500,3,0.938965,0.000671,0.343567,-0.018188
28400852,BNO_GRV,2813,-4900,3,0.939026,0.000488,0.343384,-0.017944
28411510,BNO_GRV,2814,-4900,3,0.939148,0.000305,0.343140,-0.017578
28421020,BNO_GRV,2815,-4300,3,0.939209,0.000122,0.342896,-0.017212
28430377,BNO_GRV,2816,-4300,3,0.939270,0.000000,0.342712,-0.016907
28440754,BNO_GRV,2817,-4900,3,0.939270,-0.000122,0.342712,-0.016602
28451419,BNO_GRV,2818,-5100,3,0.939270,-0.000244,0.342712,-0.016235
28460457,BNO_GRV,2819,-4500,3,0.939270,-0.000366,0.342773,-0.015991
28470672,BNO_GRV,2820,-4500,3,0.939270,-0.000488,0.342896,-0.015686
28480766,BNO_GRV,2821,-4700,3,0.939209,-0.000610,0.342957,-0.015381
28491025,BNO_GRV,2822,-4500,3,0.939209,-0.000732,0.343018,-0.015137
28500148,BNO_GRV,2823,-4200,3,0.939209,-0.000854,0.343018,-0.014954
28510592,BNO_GRV,2824,-4300,3,0.939209,-0.000916,0.342957,-0.014771
28520862,BNO_GRV,2825,-4700,3,0.939270,-0.000977,0.342896,-0.014587
28531160,BNO_GRV,2826,-4700,3,0.939331,-0.001099,0.342773,-0.014404
28540628,BNO_GRV,2827,-4300,3,0.939331,-0.001160,0.342712,-0.014160
28550898,BNO_GRV,2828,-4500,3,0.939392,-0.001282,0.342651,-0.013916
28560736,BNO_GRV,2829,-4500,3,0.939392,-0.001343,0.342529,-0.013672
28571199,BNO_GRV,2830,-4500,3,0.939453,-0.001404,0.342468,-0.013428
28581212,BNO_GRV,2831,-5100,3,0.939453,-0.001526,0.342346,-0.013184
28591057,BNO_GRV,2832,-4300,3,0.939514,-0.001587,0.342285,-0.013000
28600690,BNO_GRV,2833,-4300,3,0.939514,-0.001648,0.342224,-0.012878
28611352,BNO_GRV,2834,-4700,3,0.939514,-0.001709,0.342163,-0.012756
28620958,BNO_GRV,2835,-4700,3,0.939575,-0.001709,0.342163,-0.012634
28630819,BNO_GRV,2836,-4300,3,0.939575,-0.001770,0.342102,-0.012573
28640932,BNO_GRV,2837,-4500,3,0.939575,-0.001770,0.342041,-0.012512
28651438,BNO_GRV,2838,-4500,3,0.939636,-0.001831,0.341980,-0.012329
28660994,BNO_GRV,2839,-4500,3,0.939636,-0.001953,0.341919,-0.012146
28670876,BNO_GRV,2840,-4500,3,0.939697,-0.002075,0.341797,-0.011963
28680892,BNO_GRV,2841,-4500,3,0.939758,-0.002136,0.341675,-0.011719
28691346,BNO_GRV,2842,-4500,3,0.939819,-0.002258,0.341431,-0.011536
28700943,BNO_GRV,2843,-4500,3,0.939880,-0.002319,0.341248,-0.011475
28710942,BNO_GRV,2844,-4500,3,0.940002,-0.002380,0.341064,-0.011414
28721990,BNO_GRV,2845,-4900,3,0.940002,-0.002441,0.340942,-0.011353
28731734,BNO_GRV,2846,-4200,3,0.940002,-0.002441,0.340881,-0.011292
28741151,BNO_GRV,2847,-4500,3,0.940002,-0.002502,0.340942,-0.011230
28751116,BNO_GRV,2848,-4500,3,0.939941,-0.002502,0.341064,-0.011169
28761168,BNO_GRV,2849,-4700,3,0.939941,-0.002502,0.341187,-0.011169
28771522,BNO_GRV,2850,-4500,3,0.939880,-0.002502,0.341309,-0.011169
28781168,BNO_GRV,2851,-4500,3,0.939880,-0.002441,0.341370,-0.011169
28791409,BNO_GRV,2852,-4500,3,0.939880,-0.002441,0.341370,-0.011230
28801094,BNO_GRV,2853,-4300,3,0.939880,-0.002441,0.341309,-0.011292
28811819,BNO_GRV,2854,-4500,3,0.939880,-0.002441,0.341248,-0.011414
28821270,BNO_GRV,2855,-4300,3,0.939941,-0.002380,0.341125,-0.011475
28831123,BNO_GRV,2856,-4300,3,0.940002,-0.002319,0.341064,-0.011597
28841683,BNO_GRV,2857,-4500,3,0.940002,-0.002319,0.340881,-0.011719
28851717,BNO_GRV,2858,-4000,3,0.940063,-0.002258,0.340759,-0.011780
28862001,BNO_GRV,2859,-4500,3,0.940125,-0.002258,0.340637,-0.011841
28871415,BNO_GRV,2860,-4500,3,0.940125,-0.002258,0.340637,-0.011841
28882027,BNO_GRV,2861,-4500,3,0.940125,-0.002258,0.340637,-0.011902
28892032,BNO_GRV,2862,-4000,3,0.940063,-0.002258,0.340698,-0.011902
28901450,BNO_GRV,2863,-4500,3,0.940063,-0.002197,0.340820,-0.011963
28911311,BNO_GRV,2864,-4300,3,0.940002,-0.002197,0.340942,-0.011963
28922195,BNO_GRV,2865,-4500,3,0.940002,-0.002136,0.340942,-0.012024
28932218,BNO_GRV,2866,-4200,3,0.940002,-0.002136,0.340942,-0.012146
28941916,BNO_GRV,2867,-4900,3,0.940002,-0.002136,0.340881,-0.012207
28951659,BNO_GRV,2868,-4300,3,0.940063,-0.002136,0.340759,-0.012268
28962297,BNO_GRV,2869,-4500,3,0.940125,-0.002136,0.340515,-0.012390
28972495,BNO_GRV,2870,-4300,3,0.940247,-0.002075,0.340271,-0.012512
28982000,BNO_GRV,2871,-4700,3,0.940308,-0.002075,0.340088,-0.012573
28991777,BNO_GRV,2872,-4500,3,0.940369,-0.002075,0.339966,-0.012634
29001683,BNO_GRV,2873,-4500,3,0.940369,-0.002075,0.339905,-0.012695
29012472,BNO_GRV,2874,-4700,3,0.940369,-0.002075,0.339844,-0.012695
29022004,BNO_GRV,2875,-4700,3,0.940369,-0.002075,0.339905,-0.012634
29031765,BNO_GRV,2876,-4300,3,0.940369,-0.002136,0.339905,-0.012634
29041731,BNO_GRV,2877,-4500,3,0.940369,-0.002136,0.339966,-0.012573
29052614,BNO_GRV,2878,-4900,3,0.940308,-0.002136,0.340027,-0.012512
29062164,BNO_GRV,2879,-4500,3,0.940308,-0.002197,0.340088,-0.012451
29072089,BNO_GRV,2880,-4300,3,0.940308,-0.002197,0.340088,-0.012390
29081944,BNO_GRV,2881,-4500,3,0.940308,-0.002197,0.340088,-0.012329
29092919,BNO_GRV,2882,-5100,3,0.940369,-0.002258,0.339966,-0.012329
29102234,BNO_GRV,2883,-4500,3,0.940430,-0.002258,0.339844,-0.012268
29111794,BNO_GRV,2884,-4500,3,0.940430,-0.002258,0.339661,-0.012268
29122025,BNO_GRV,2885,-4500,3,0.940491,-0.002258,0.339600,-0.012268
29132876,BNO_GRV,2886,-5100,3,0.940491,-0.002258,0.339539,-0.012268
29142627,BNO_GRV,2887,-4900,3,0.940491,-0.002258,0.339539,-0.012268
29152252,BNO_GRV,2888,-4300,3,0.940491,-0.002258,0.339539,-0.012268
29161961,BNO_GRV,2889,-4500,3,0.940552,-0.002319,0.339478,-0.012268
29172905,BNO_GRV,2890,-4900,3,0.940491,-0.002319,0.339478,-0.012268
29182704,BNO_GRV,2891,-4500,3,0.940491,-0.002319,0.339539,-0.012329
29192521,BNO_GRV,2892,-4500,3,0.940491,-0.002319,0.339600,-0.012268
29202085,BNO_GRV,2893,-4300,3,0.940491,-0.002380,0.339600,-0.012207
29212453,BNO_GRV,2894,-4700,3,0.940552,-0.002441,0.339539,-0.012024
29223120,BNO_GRV,2895,-5100,3,0.940552,-0.002502,0.339417,-0.011902
29232416,BNO_GRV,2896,-4300,3,0.940552,-0.002563,0.339355,-0.011780
29242206,BNO_GRV,2897,-4500,3,0.940613,-0.002625,0.339294,-0.011658
29253174,BNO_GRV,2898,-5100,3,0.940613,-0.002625,0.339294,-0.011597
29262836,BNO_GRV,2899,-4300,3,0.940613,-0.002686,0.339233,-0.011536
29272595,BNO_GRV,2900,-4500,3,0.940674,-0.002747,0.339111,-0.011353
29282399,BNO_GRV,2901,-4500,3,0.940735,-0.002869,0.338989,-0.011108
29292530,BNO_GRV,2902,-4900,3,0.940796,-0.002991,0.338745,-0.010803
29302761,BNO_GRV,2903,-4300,3,0.940918,-0.003113,0.338501,-0.010498
29312371,BNO_GRV,2904,-4500,3,0.940979,-0.003174,0.338257,-0.010254
29322349,BNO_GRV,2905,-4500,3,0.941162,-0.003296,0.337830,-0.010010
29332409,BNO_GRV,2906,-4500,3,0.941345,-0.003357,0.337280,-0.009827
29342980,BNO_GRV,2907,-4500,3,0.941528,-0.003357,0.336792,-0.009644
29352159,BNO_GRV,2908,-4300,3,0.941650,-0.003296,0.336365,-0.009644
29363002,BNO_GRV,2909,-4300,3,0.941772,-0.003235,0.336060,-0.009583
29373630,BNO_GRV,2910,-4500,3,0.941895,-0.003235,0.335754,-0.009399
29383142,BNO_GRV,2911,-4200,3,0.942017,-0.003113,0.335510,-0.009155
29392748,BNO_GRV,2912,-4200,3,0.942078,-0.002869,0.335266,-0.008911
29402317,BNO_GRV,2913,-4300,3,0.942139,-0.002625,0.335022,-0.008911
29412700,BNO_GRV,2914,-4700,3,0.942261,-0.002380,0.334717,-0.009033
29422771,BNO_GRV,2915,-4300,3,0.942383,-0.002075,0.334351,-0.009338
29432342,BNO_GRV,2916,-4300,3,0.942566,-0.001892,0.333801,-0.009644
29443125,BNO_GRV,2917,-4300,3,0.942871,-0.001892,0.332947,-0.010071
29453794,BNO_GRV,2918,-4500,3,0.943237,-0.001831,0.331970,-0.010681
29463423,BNO_GRV,2919,-4200,3,0.943604,-0.001404,0.330811,-0.011475
29472548,BNO_GRV,2920,-4300,3,0.944031,-0.000854,0.329651,-0.012695
29482816,BNO_GRV,2921,-4300,3,0.944397,-0.000305,0.328552,-0.014038
29493337,BNO_GRV,2922,-4700,3,0.944763,0.000305,0.327454,-0.015442
29503670,BNO_GRV,2923,-4500,3,0.945068,0.000916,0.326538,-0.016479
29512674,BNO_GRV,2924,-4500,3,0.945251,0.001465,0.325928,-0.017151
29523278,BNO_GRV,2925,-4300,3,0.945374,0.001892,0.325500,-0.017883
29532721,BNO_GRV,2926,-4300,3,0.945496,0.002258,0.325134,-0.018616
29543167,BNO_GRV,2927,-4300,3,0.945557,0.002991,0.324829,-0.019653
29552116,BNO_GRV,2928,-3600,3,0.945618,0.003967,0.324585,-0.021118
29563079,BNO_GRV,2929,-4300,3,0.945618,0.004944,0.324463,-0.022949
29572810,BNO_GRV,2930,-4300,3,0.945618,0.005920,0.324341,-0.024902
29583236,BNO_GRV,2931,-4300,3,0.945679,0.007080,0.323914,-0.027283
29592032,BNO_GRV,2932,-3600,3,0.945740,0.008057,0.323547,-0.029785
29603046,BNO_GRV,2933,-4200,3,0.945740,0.008850,0.323181,-0.032410
29612814,BNO_GRV,2934,-4300,3,0.945801,0.009216,0.322876,-0.034546
29623260,BNO_GRV,2935,-4200,3,0.945801,0.009277,0.322510,-0.036194
29632277,BNO_GRV,2936,-3800,3,0.945923,0.009338,0.322144,-0.037415
29643452,BNO_GRV,2937,-4300,3,0.945984,0.009644,0.321716,-0.038635
29652916,BNO_GRV,2938,-4300,3,0.946045,0.009827,0.321533,-0.039734
29663231,BNO_GRV,2939,-4200,3,0.945923,0.009888,0.321594,-0.040833
29672509,BNO_GRV,2940,-3800,3,0.945801,0.010010,0.321838,-0.041809
29683412,BNO_GRV,2941,-4200,3,0.945618,0.010437,0.322266,-0.042725
29692835,BNO_GRV,2942,-4200,3,0.945435,0.010681,0.322632,-0.043518
29704062,BNO_GRV,2943,-4700,3,0.945312,0.010864,0.322998,-0.044312
29713549,BNO_GRV,2944,-4500,3,0.945129,0.010925,0.323364,-0.044739
29722987,BNO_GRV,2945,-4300,3,0.945007,0.010925,0.323792,-0.044983
29733462,BNO_GRV,2946,-4300,3,0.944946,0.011108,0.323914,-0.045349
29743458,BNO_GRV,2947,-3800,3,0.944946,0.011414,0.323730,-0.046021
29753623,BNO_GRV,2948,-4500,3,0.944946,0.011780,0.323486,-0.047119
29763083,BNO_GRV,2949,-4200,3,0.945007,0.012207,0.323303,-0.048401
29773550,BNO_GRV,2950,-4200,3,0.945007,0.012695,0.323059,-0.049744
29783584,BNO_GRV,2951,-4000,3,0.944946,0.013062,0.322998,-0.050720
29793720,BNO_GRV,2952,-4500,3,0.944824,0.013245,0.323120,-0.051514
29803254,BNO_GRV,2953,-4300,3,0.944702,0.013428,0.323425,-0.052185
29813666,BNO_GRV,2954,-4200,3,0.944519,0.013611,0.323853,-0.052734
29823763,BNO_GRV,2955,-3800,3,0.944336,0.013733,0.324341,-0.053162
29833863,BNO_GRV,2956,-4500,3,0.944153,0.013855,0.324890,-0.053528
29843459,BNO_GRV,2957,-4500,3,0.943970,0.013977,0.325256,-0.053894
29854046,BNO_GRV,2958,-4500,3,0.943848,0.014099,0.325562,-0.054382
29864425,BNO_GRV,2959,-4300,3,0.943726,0.014282,0.325806,-0.054993
29873961,BNO_GRV,2960,-4700,3,0.943604,0.014465,0.325989,-0.055603
29883281,BNO_GRV,2961,-4300,3,0.943542,0.014648,0.326172,-0.056335
29894021,BNO_GRV,2962,-4500,3,0.943420,0.014893,0.326416,-0.057068
29904039,BNO_GRV,2963,-4000,3,0.943298,0.014954,0.326660,-0.057434
29914245,BNO_GRV,2964,-4500,3,0.943176,0.014893,0.327026,-0.057495
29923444,BNO_GRV,2965,-4200,3,0.943054,0.014893,0.327393,-0.057434
29934129,BNO_GRV,2966,-4300,3,0.942871,0.014954,0.327759,-0.057556
29944100,BNO_GRV,2967,-4000,3,0.942810,0.015076,0.327942,-0.057861
29954230,BNO_GRV,2968,-4500,3,0.942688,0.015259,0.328247,-0.058411
29963675,BNO_GRV,2969,-4300,3,0.942505,0.015503,0.328552,-0.059082
29974410,BNO_GRV,2970,-4500,3,0.942322,0.015747,0.328918,-0.059814
29984348,BNO_GRV,2971,-3800,3,0.942139,0.015991,0.329285,-0.060364
29994484,BNO_GRV,2972,-4500,3,0.942017,0.016235,0.329651,-0.060852
30003560,BNO_GRV,2973,-4200,3,0.941833,0.016418,0.330017,-0.061035
30014184,BNO_GRV,2974,-4300,3,0.941711,0.016357,0.330383,-0.060974
30024642,BNO_GRV,2975,-4200,3,0.941650,0.016235,0.330627,-0.060547
30034064,BNO_GRV,2976,-4300,3,0.941650,0.016052,0.330872,-0.059937
30043658,BNO_GRV,2977,-4200,3,0.941650,0.015808,0.330994,-0.059387
30054521,BNO_GRV,2978,-4200,3,0.941650,0.015625,0.331055,-0.058899
30064342,BNO_GRV,2979,-3600,3,0.941650,0.015503,0.331055,-0.058655
30074459,BNO_GRV,2980,-4500,3,0.941650,0.015503,0.331055,-0.058594
30083858,BNO_GRV,2981,-4300,3,0.941650,0.015625,0.331055,-0.058716
30094750,BNO_GRV,2982,-4300,3,0.941650,0.015747,0.331055,-0.058899
30104703,BNO_GRV,2983,-3800,3,0.941650,0.015686,0.330994,-0.058960
30114233,BNO_GRV,2984,-4200,3,0.941711,0.015564,0.330872,-0.058838
30123864,BNO_GRV,2985,-4000,3,0.941772,0.015503,0.330811,-0.058655
30134906,BNO_GRV,2986,-4300,3,0.941772,0.015503,0.330688,-0.058411
30144842,BNO_GRV,2987,-3800,3,0.941833,0.015503,0.330627,-0.058289
30154475,BNO_GRV,2988,-4200,3,0.941833,0.015503,0.330627,-0.058167
30163957,BNO_GRV,2989,-4200,3,0.941833,0.015442,0.330566,-0.058105
30174860,BNO_GRV,2990,-4500,3,0.941895,0.015259,0.330444,-0.058105
30184782,BNO_GRV,2991,-4000,3,0.941956,0.015137,0.330261,-0.058105
30195082,BNO_GRV,2992,-4500,3,0.942078,0.015076,0.329956,-0.058044
