t_us,tag,seq,bno_delay_us,status,ax,ay,az
200758,BNO_ACC,0,-700,2,-2.91016,-0.80469,12.98828
212082,BNO_ACC,1,-2800,2,-2.60547,-1.03516,12.44531
221627,BNO_ACC,2,-4200,2,-1.30078,-0.84375,11.37891
226549,BNO_ACC,3,-2300,2,-0.69141,-0.88281,9.61328
233571,BNO_ACC,4,-500,2,-0.46094,-0.61328,8.66016
242517,BNO_ACC,5,-1000,2,0.11328,-0.19141,8.50000
251473,BNO_ACC,6,-1800,2,0.91797,-0.15234,8.66016
261885,BNO_ACC,7,-4200,2,0.91797,0.07812,7.81641
266828,BNO_ACC,8,-2300,2,1.14844,-0.26953,7.20312
273729,BNO_ACC,9,-700,2,1.53125,-0.23047,6.40234
282713,BNO_ACC,10,-900,2,1.64844,-0.19141,5.82031
291679,BNO_ACC,11,-1600,2,1.41797,0.00000,5.82031
302115,BNO_ACC,12,-4200,2,1.33984,-0.11328,6.36328
307014,BNO_ACC,13,-2300,2,1.10938,-0.38281,6.82422
313998,BNO_ACC,14,-700,2,0.34375,-0.42188,7.35156
322842,BNO_ACC,15,-1000,2,-0.69141,-0.46094,8.69922
331742,BNO_ACC,16,-1800,2,-1.80078,-0.57422,10.45312
342241,BNO_ACC,17,-4200,2,-2.56641,-0.57422,11.64062
347167,BNO_ACC,18,-2100,2,-3.56250,-0.46094,12.14062
354177,BNO_ACC,19,-500,2,-3.90625,-0.49609,13.06250
363136,BNO_ACC,20,-1000,2,-4.28906,-0.49609,15.20312
372060,BNO_ACC,21,-1800,2,-4.13672,-0.11328,16.20703
382607,BNO_ACC,22,-4400,2,-3.75391,0.03906,15.66797
394237,BNO_ACC,23,-500,2,-3.41016,0.15234,13.90625
402872,BNO_ACC,24,-900,2,-2.94922,0.42188,12.98438
411595,BNO_ACC,25,-1500,2,-2.03125,1.10938,11.21875
421859,BNO_ACC,26,-3500,2,-1.10938,1.14844,9.26562
432165,BNO_ACC,27,-5700,2,-0.19141,1.10938,8.16016
433661,BNO_ACC,28,-700,2,0.57422,2.29688,6.62500
443015,BNO_ACC,29,-900,2,0.19141,3.21875,4.13281
453625,BNO_ACC,30,-3400,2,2.71875,3.06641,3.48828
463555,BNO_ACC,31,-5300,2,2.14453,2.26172,4.33203
471914,BNO_ACC,32,-5300,2,1.80078,2.91016,5.51953
474462,BNO_ACC,33,-700,2,2.71875,2.45312,5.59375
483242,BNO_ACC,34,-700,2,1.95312,1.80078,5.51953
492281,BNO_ACC,35,-1600,2,0.76562,0.11328,6.05078
502731,BNO_ACC,36,-4000,2,1.22656,-0.69141,7.23828
514682,BNO_ACC,37,-700,2,2.22266,0.23047,8.81641
523143,BNO_ACC,38,-500,2,2.33594,-0.38281,10.87891
533236,BNO_ACC,39,-2700,2,1.83984,-0.42188,12.40625
542798,BNO_ACC,40,-3800,2,1.14844,-0.30469,13.21484
552158,BNO_ACC,41,-5100,2,0.34375,0.03906,13.21484
554699,BNO_ACC,42,-700,2,-1.83984,-0.57422,12.33984
563200,BNO_ACC,43,-500,2,-2.03125,-1.80078,11.98828
574162,BNO_ACC,44,-3400,2,-1.33984,-0.80469,12.44922
582066,BNO_ACC,45,-3000,2,-0.42188,-0.61328,11.87891
592463,BNO_ACC,46,-5300,2,0.26953,-0.26953,11.45312
596146,BNO_ACC,47,-1200,2,1.14844,0.34375,10.99609
603092,BNO_ACC,48,-500,2,1.14844,0.61328,10.07031
613937,BNO_ACC,49,-3100,2,0.84375,0.26953,8.81250
623880,BNO_ACC,50,-4900,2,0.61328,0.34375,7.85547
632375,BNO_ACC,51,-5100,2,0.38281,0.57422,7.20312
634898,BNO_ACC,52,-700,2,0.53516,1.18750,6.47266
643459,BNO_ACC,53,-700,2,0.19141,1.41797,5.51562
654329,BNO_ACC,54,-3200,2,-0.57422,1.41797,4.63672
663079,BNO_ACC,55,-4000,2,-1.10938,1.30078,4.36719
672526,BNO_ACC,56,-4900,2,-1.45703,0.57422,4.79297
675035,BNO_ACC,57,-700,2,-1.72266,0.61328,5.70703
683534,BNO_ACC,58,-500,2,-2.18359,0.69141,6.62891
694374,BNO_ACC,59,-3100,2,-2.94922,0.49609,9.34766
703912,BNO_ACC,60,-4500,2,-3.25781,0.42188,12.68359
713258,BNO_ACC,61,-5500,2,-3.48438,0.57422,14.51953
717324,BNO_ACC,62,-2500,2,-3.75391,0.88281,14.78516
724116,BNO_ACC,63,-700,2,-4.13672,0.76562,14.51562
733240,BNO_ACC,64,-1800,2,-4.32812,0.23047,14.90234
744070,BNO_ACC,65,-4500,2,-4.09766,-0.03906,15.09375
752668,BNO_ACC,66,-4700,2,-3.64062,-0.11328,14.71484
755177,BNO_ACC,67,-700,2,-2.98828,-0.49609,13.94922
763852,BNO_ACC,68,-700,2,-2.29688,-0.49609,12.48828
774695,BNO_ACC,69,-3100,2,-1.76172,-0.11328,10.41406
784248,BNO_ACC,70,-4500,2,-1.22656,0.34375,8.08203
792932,BNO_ACC,71,-4800,2,-0.88281,1.22656,6.36328
796583,BNO_ACC,72,-1200,2,-0.57422,1.72266,4.71484
803852,BNO_ACC,73,-700,2,-0.42188,1.95312,4.93750
814680,BNO_ACC,74,-2900,2,-0.07812,1.60938,5.85938
824187,BNO_ACC,75,-4300,2,0.26953,1.14844,6.35938
833775,BNO_ACC,76,-5500,2,0.61328,1.10938,6.44141
837842,BNO_ACC,77,-2300,2,0.42188,0.99609,6.39844
844614,BNO_ACC,78,-700,2,0.00000,0.61328,6.20703
854484,BNO_ACC,79,-2500,2,-0.19141,0.07812,6.82422
862456,BNO_ACC,80,-2200,2,-0.26953,-0.99609,9.76562
873543,BNO_ACC,81,-5200,2,0.00000,-1.60938,11.60547
877630,BNO_ACC,82,-2500,2,0.19141,-1.87891,12.82812
884444,BNO_ACC,83,-500,2,0.38281,-1.91406,13.14062
893764,BNO_ACC,84,-1600,2,0.72656,-2.10547,13.25391
904650,BNO_ACC,85,-4300,2,1.14844,-2.14453,12.94531
913070,BNO_ACC,86,-4400,2,1.91406,-1.76172,12.06641
917979,BNO_ACC,87,-2300,2,2.37500,-0.76562,11.64453
924901,BNO_ACC,88,-700,2,2.79688,0.34375,10.91406
933836,BNO_ACC,89,-1400,2,3.90625,0.03906,11.10938
942932,BNO_ACC,90,-2200,2,4.28906,-0.26953,10.87500
953230,BNO_ACC,91,-4600,2,4.44531,-0.49609,10.30859
958158,BNO_ACC,92,-2300,2,4.36719,0.26953,10.07422
964885,BNO_ACC,93,-500,2,4.44531,0.65234,9.38281
973987,BNO_ACC,94,-1200,2,4.17578,0.61328,8.23828
984568,BNO_ACC,95,-4000,2,3.52344,0.38281,7.27344
993891,BNO_ACC,96,-5000,2,2.75781,0.07812,6.62500
997953,BNO_ACC,97,-2300,2,1.99219,0.07812,5.21484
1004932,BNO_ACC,98,-500,2,0.91797,0.30469,4.63672
1014354,BNO_ACC,99,-1000,2,-0.19141,0.11328,4.41016
1025226,BNO_ACC,100,-4500,2,-0.91797,-0.03906,5.28516
1033539,BNO_ACC,101,-4400,2,-1.45703,-0.61328,6.20703
1038457,BNO_ACC,102,-2300,2,-2.22266,-0.99609,7.08984
1045205,BNO_ACC,103,-500,2,-3.17969,-1.33984,9.69141
1054412,BNO_ACC,104,-1000,2,-3.86719,-0.57422,11.76172
1064988,BNO_ACC,105,-4200,2,-4.02344,0.11328,12.83203
1073576,BNO_ACC,106,-4200,2,-4.32812,0.91797,13.59766
1078513,BNO_ACC,107,-2300,2,-4.90234,0.99609,14.48047
1085373,BNO_ACC,108,-700,2,-4.90234,0.72656,15.20312
1094729,BNO_ACC,109,-1000,2,-4.67188,0.57422,16.50781
1105602,BNO_ACC,110,-4500,2,-4.17578,0.80469,16.85547
1113539,BNO_ACC,111,-4300,2,-3.56250,0.69141,15.85938
1118466,BNO_ACC,112,-2300,2,-2.91016,0.00000,14.17578
1125464,BNO_ACC,113,-700,2,-2.33594,-0.23047,12.21875
1134691,BNO_ACC,114,-1000,2,-1.72266,0.11328,10.26562
1145250,BNO_ACC,115,-4000,2,-0.80469,0.65234,7.93359
1153681,BNO_ACC,116,-4300,2,0.76562,1.87891,3.48828
1158630,BNO_ACC,117,-2300,2,2.33594,2.64453,3.36719
1165647,BNO_ACC,118,-700,2,2.56641,3.71484,3.91016
1174927,BNO_ACC,119,-1000,2,2.91016,3.21875,4.32812
1183872,BNO_ACC,120,-2200,2,3.67578,2.18359,4.21484
1194231,BNO_ACC,121,-4400,2,2.87109,1.68359,4.40625
1205877,BNO_ACC,122,-500,2,2.71875,1.18750,4.48047
1215106,BNO_ACC,123,-1000,2,1.80078,0.65234,5.98047
1223292,BNO_ACC,124,-1300,2,0.88281,-0.03906,7.35547
1234499,BNO_ACC,125,-4400,2,-0.03906,-0.42188,7.69531
1246043,BNO_ACC,126,-500,2,-2.45312,-0.11328,8.11719
1255127,BNO_ACC,127,-1000,2,-3.48438,0.11328,10.64844
1264086,BNO_ACC,128,-2000,2,-4.32812,0.57422,12.72266
1274411,BNO_ACC,129,-4200,2,-4.25391,0.46094,15.32031
1286303,BNO_ACC,130,-500,2,-2.29688,0.11328,15.28125
1295102,BNO_ACC,131,-900,2,-2.60547,0.34375,14.75391
1304000,BNO_ACC,132,-1600,2,-2.67969,-0.11328,13.56250
1314428,BNO_ACC,133,-4000,2,-2.48828,0.03906,12.26172
1326373,BNO_ACC,134,-700,2,-2.18359,0.61328,8.53906
1335351,BNO_ACC,135,-1000,2,-2.37500,0.84375,7.08594
1344245,BNO_ACC,136,-1800,2,-2.45312,1.49219,5.74609
1354677,BNO_ACC,137,-4200,2,-2.67969,1.53125,5.17188
1366631,BNO_ACC,138,-700,2,-3.17969,1.60938,5.78125
1374947,BNO_ACC,139,-500,2,-3.41016,1.57031,7.43359
1385625,BNO_ACC,140,-3200,2,-3.25781,1.37891,9.03906
1393911,BNO_ACC,141,-3200,2,-2.83594,1.22656,9.53906
1404038,BNO_ACC,142,-5300,2,-2.56641,1.53125,9.61328
1406572,BNO_ACC,143,-700,2,-2.26172,2.29688,10.30469
1415081,BNO_ACC,144,-500,2,-2.10547,2.29688,11.25781
1425661,BNO_ACC,145,-3100,2,-2.33594,1.99219,10.64844
1433975,BNO_ACC,146,-3000,2,-2.60547,1.30078,9.46094
1444263,BNO_ACC,147,-5300,2,-3.14062,1.14844,8.46094
1446931,BNO_ACC,148,-900,2,-4.09766,1.76172,8.15625
1455002,BNO_ACC,149,-700,2,-4.51953,1.45703,8.12109
1463974,BNO_ACC,150,-900,2,-4.78906,0.76562,8.07812
1474323,BNO_ACC,151,-3100,2,-5.05469,0.42188,7.54688
1484599,BNO_ACC,152,-5700,2,-5.36328,0.03906,7.20703
1488228,BNO_ACC,153,-1200,2,-5.40234,0.26953,7.23438
1495130,BNO_ACC,154,-500,2,-5.36328,0.26953,6.58984
1504109,BNO_ACC,155,-700,2,-5.25000,0.07812,5.82031
1514074,BNO_ACC,156,-2800,2,-5.51562,0.42188,6.32031
1524468,BNO_ACC,157,-5300,2,-6.08984,1.18750,6.78516
1527150,BNO_ACC,158,-900,2,-6.47266,1.03516,6.47266
1535671,BNO_ACC,159,-700,2,-6.89453,0.72656,6.89453
1546382,BNO_ACC,160,-3200,2,-7.27734,0.72656,7.85156
1554009,BNO_ACC,161,-2500,2,-7.69922,0.80469,8.96094
1564950,BNO_ACC,162,-5500,2,-8.27344,1.41797,10.26953
1569089,BNO_ACC,163,-2500,2,-9.03906,1.83984,11.79688
1575933,BNO_ACC,164,-700,2,-9.57812,1.60938,12.98828
1585854,BNO_ACC,165,-2700,2,-9.96094,0.72656,13.82812
1595096,BNO_ACC,166,-3500,2,-10.03516,0.30469,14.59766
1604569,BNO_ACC,167,-5100,2,-9.26953,-0.03906,14.55859
1607103,BNO_ACC,168,-900,2,-7.81641,-0.61328,13.21484
1615708,BNO_ACC,169,-500,2,-6.24219,-2.45312,12.87109
1624583,BNO_ACC,170,-700,2,-6.39844,-2.18359,12.37500
1634589,BNO_ACC,171,-3000,2,-4.67188,-0.53516,7.16406
1644907,BNO_ACC,172,-5100,2,-3.44922,-0.19141,4.37109
1648503,BNO_ACC,173,-1200,2,-1.07422,1.29688,-0.76562
1655743,BNO_ACC,174,-500,2,-0.99609,2.80078,2.71875
1664728,BNO_ACC,175,-700,2,-1.49219,1.68359,5.43750
1674595,BNO_ACC,176,-2600,2,-0.61328,1.14844,4.83203
1684850,BNO_ACC,177,-4700,2,0.46094,1.03516,4.44922
1688570,BNO_ACC,178,-1000,2,1.76172,1.68359,4.98047
1695770,BNO_ACC,179,-700,2,2.60547,1.37891,5.63281
1704895,BNO_ACC,180,-700,2,3.14062,1.49219,6.20312
1714911,BNO_ACC,181,-2700,2,3.75391,1.33984,6.12500
1725147,BNO_ACC,182,-5100,2,4.06250,0.76562,7.08984
1728769,BNO_ACC,183,-1200,2,4.02344,0.00000,8.66016
1735976,BNO_ACC,184,-700,2,4.28906,-1.03516,9.92188
1745044,BNO_ACC,185,-700,2,3.90625,-2.14453,11.18750
1754897,BNO_ACC,186,-2600,2,2.64453,-2.52734,12.64453
1765157,BNO_ACC,187,-4700,2,2.33594,-3.06641,12.78906
1768783,BNO_ACC,188,-1000,2,1.07422,-2.83594,12.87109
1776105,BNO_ACC,189,-700,2,-1.03516,-1.37891,12.41016
1785108,BNO_ACC,190,-700,2,-1.10938,-1.60938,9.58203
1796627,BNO_ACC,191,-4500,2,-2.67969,-1.64844,10.49609
1804915,BNO_ACC,192,-4400,2,-2.67969,-1.83984,10.49219
1809836,BNO_ACC,193,-2300,2,-2.48828,-0.88281,11.11328
1816577,BNO_ACC,194,-700,2,-2.07031,-0.03906,10.53125
1825958,BNO_ACC,195,-1600,2,-2.29688,0.03906,10.38672
1836557,BNO_ACC,196,-4200,2,-2.41406,-0.03906,10.18750
1844986,BNO_ACC,197,-4300,2,-2.29688,0.30469,9.72656
1849914,BNO_ACC,198,-2300,2,-2.22266,0.88281,10.91406
1856717,BNO_ACC,199,-500,2,-2.26172,0.72656,11.75781
1866164,BNO_ACC,200,-1000,2,-1.45703,2.07031,11.33594
1875333,BNO_ACC,201,-2600,2,-1.41797,2.64453,9.19922
1885248,BNO_ACC,202,-4700,2,-0.61328,2.41406,11.49609
1897496,BNO_ACC,203,-900,2,1.26562,1.07422,13.67188
1906231,BNO_ACC,204,-900,2,-1.95312,-1.33984,14.55859
1915327,BNO_ACC,205,-2200,2,1.41797,0.46094,6.20703
1925567,BNO_ACC,206,-4600,2,-0.15234,0.42188,4.37109
1930478,BNO_ACC,207,-2300,2,1.72266,2.60547,3.28906
1937428,BNO_ACC,208,-500,2,2.64453,2.79688,3.06250
1946264,BNO_ACC,209,-900,2,3.14062,-2.14453,8.53906
1955341,BNO_ACC,210,-2200,2,4.86328,-2.79688,8.81250
1965817,BNO_ACC,211,-4600,2,5.93750,-1.37891,8.77734
1970753,BNO_ACC,212,-2300,2,5.93750,-1.91406,9.30859
1977673,BNO_ACC,213,-700,2,5.66797,-1.30078,8.11719
1986429,BNO_ACC,214,-1000,2,4.40625,-0.42188,6.93359
1995387,BNO_ACC,215,-2000,2,3.25781,0.46094,5.89844
2005584,BNO_ACC,216,-4200,2,2.64453,0.49609,6.32422
2010528,BNO_ACC,217,-2300,2,0.84375,0.42188,6.50781
2017473,BNO_ACC,218,-700,2,-0.11328,-0.03906,6.78516
2026649,BNO_ACC,219,-1000,2,-2.71875,-0.61328,6.01562
2035749,BNO_ACC,220,-2200,2,-3.64062,-0.88281,7.97266
2046020,BNO_ACC,221,-4600,2,-4.63672,-0.30469,9.84766
2050924,BNO_ACC,222,-2300,2,-3.60156,-1.80078,14.55469
2057894,BNO_ACC,223,-700,2,-3.14062,-1.10938,13.25000
2066835,BNO_ACC,224,-1000,2,-3.41016,0.65234,11.26172
2075873,BNO_ACC,225,-2000,2,-3.94531,1.49219,11.71875
2086139,BNO_ACC,226,-4400,2,-5.01953,1.10938,13.21094
2091095,BNO_ACC,227,-2300,2,-5.59375,0.65234,13.37109
2097840,BNO_ACC,228,-500,2,-5.32422,0.99609,13.67578
2106748,BNO_ACC,229,-1000,2,-4.94141,1.37891,13.48438
2115668,BNO_ACC,230,-1800,2,-4.09766,1.45703,13.59375
2126084,BNO_ACC,231,-4200,2,-3.44922,1.49219,12.78906
2130975,BNO_ACC,232,-2300,2,-3.14062,0.88281,11.83594
2138049,BNO_ACC,233,-500,2,-2.64453,0.53516,10.07031
2147122,BNO_ACC,234,-900,2,-2.03125,0.49609,8.42578
2156091,BNO_ACC,235,-1800,2,-1.30078,0.84375,6.74219
2166559,BNO_ACC,236,-4200,2,-1.53125,1.68359,6.01953
2178133,BNO_ACC,237,-500,2,0.72656,0.46094,4.02344
2186964,BNO_ACC,238,-1000,2,0.95703,0.61328,4.44922
2195967,BNO_ACC,239,-1600,2,1.33984,0.49609,4.13281
2206557,BNO_ACC,240,-4200,2,1.41797,1.22656,3.86719
2218449,BNO_ACC,241,-700,2,1.99219,0.65234,4.59766
2227092,BNO_ACC,242,-900,2,2.14453,-0.11328,6.70312
2236153,BNO_ACC,243,-1600,2,2.10547,-0.61328,8.73828
2246617,BNO_ACC,244,-4200,2,1.99219,-0.69141,10.23047
2258456,BNO_ACC,245,-700,2,0.65234,-0.34375,11.53125
2266984,BNO_ACC,246,-700,2,-0.42188,0.34375,11.49609
2277511,BNO_ACC,247,-3100,2,-0.88281,0.80469,11.64062
2285907,BNO_ACC,248,-3100,2,-1.53125,0.84375,12.48438
2296301,BNO_ACC,249,-5500,2,-2.33594,0.49609,13.71094
2297976,BNO_ACC,250,-500,2,-2.94922,0.65234,15.16406
2307332,BNO_ACC,251,-700,2,-2.91016,0.80469,14.63672
2316260,BNO_ACC,252,-1400,2,-2.60547,1.26562,13.63281
2326619,BNO_ACC,253,-3800,2,-2.52734,1.72266,13.25000
2336894,BNO_ACC,254,-6000,2,-2.26172,1.57031,12.60156
2338205,BNO_ACC,255,-700,2,-1.95312,1.26562,11.57422
2347305,BNO_ACC,256,-700,2,-2.18359,1.14844,10.91406
2356341,BNO_ACC,257,-1300,2,-2.07031,1.03516,9.42188
2366472,BNO_ACC,258,-3400,2,-1.72266,0.84375,8.00781
2376854,BNO_ACC,259,-5700,2,-1.83984,1.03516,7.65625
2378273,BNO_ACC,260,-700,2,-1.64844,1.22656,7.93359
2387465,BNO_ACC,261,-500,2,-1.49219,0.88281,7.66016
2398487,BNO_ACC,262,-3400,2,-1.33984,0.76562,7.50781
2407647,BNO_ACC,263,-4900,2,-1.41797,0.91797,7.42969
2416952,BNO_ACC,264,-5700,2,-1.41797,0.99609,7.42969
2418472,BNO_ACC,265,-700,2,-1.45703,0.88281,7.51172
2427566,BNO_ACC,266,-700,2,-1.72266,0.91797,7.81641
2437701,BNO_ACC,267,-2700,2,-1.80078,0.95703,8.27344
2447249,BNO_ACC,268,-3900,2,-2.14453,0.88281,8.50000
2460246,BNO_ACC,269,-1000,2,-2.41406,1.26562,8.84766
2467430,BNO_ACC,270,-500,2,-2.45312,0.99609,9.38281
2477553,BNO_ACC,271,-2300,2,-2.45312,0.84375,10.15234
2488516,BNO_ACC,272,-5300,2,-2.60547,0.80469,10.68750
2496617,BNO_ACC,273,-5100,2,-2.98828,0.42188,10.91406
2499150,BNO_ACC,274,-700,2,-3.21875,-0.03906,11.26172
2507706,BNO_ACC,275,-500,2,-3.56250,-0.49609,11.98438
2518579,BNO_ACC,276,-3100,2,-3.90625,-0.38281,12.41016
2527916,BNO_ACC,277,-4500,2,-4.21484,-0.34375,12.44922
2537171,BNO_ACC,278,-5300,2,-4.44531,-0.03906,12.10547
2541264,BNO_ACC,279,-2300,2,-4.28906,0.30469,12.10547
2548041,BNO_ACC,280,-700,2,-3.94531,0.91797,11.67969
2558872,BNO_ACC,281,-3200,2,-3.29297,1.03516,10.38281
2566500,BNO_ACC,282,-2600,2,-2.45312,0.88281,9.96094
2576711,BNO_ACC,283,-4700,2,-1.64844,0.69141,10.03125
2579260,BNO_ACC,284,-500,2,-0.91797,0.19141,9.76953
2588026,BNO_ACC,285,-700,2,-0.49609,0.00000,7.77344
2598724,BNO_ACC,286,-3100,2,0.03906,0.34375,6.58984
2608232,BNO_ACC,287,-4500,2,0.26953,0.84375,5.78516
2616684,BNO_ACC,288,-4500,2,0.99609,1.14844,2.68359
2628575,BNO_ACC,289,-700,2,2.18359,0.80469,3.94922
2637626,BNO_ACC,290,-1800,2,2.87109,0.49609,5.51562
2648373,BNO_ACC,291,-4300,2,3.10156,0.46094,7.12500
2656758,BNO_ACC,292,-4400,2,3.14062,0.49609,8.66016
2668821,BNO_ACC,293,-700,2,3.75391,-0.19141,9.73047
2677812,BNO_ACC,294,-1600,2,4.13672,-0.72656,10.45703
2686951,BNO_ACC,295,-2400,2,3.90625,-0.80469,9.84375
2697220,BNO_ACC,296,-4600,2,3.48438,-1.18750,9.04297
2700971,BNO_ACC,297,-1400,2,3.06641,-1.14844,8.84375
2708289,BNO_ACC,298,-700,2,2.56641,-1.49219,9.92578
2719044,BNO_ACC,299,-2500,2,1.68359,-1.45703,10.38281
2726765,BNO_ACC,300,-2200,2,0.19141,-1.45703,10.61328
2737073,BNO_ACC,301,-4400,2,-1.41797,-1.18750,12.10156
2749306,BNO_ACC,302,-900,2,-1.72266,-1.07422,14.93750
2757984,BNO_ACC,303,-1400,2,-1.41797,-0.84375,12.06250
2767021,BNO_ACC,304,-2200,2,-1.22656,-0.95703,10.57422
2777282,BNO_ACC,305,-4400,2,-1.45703,-0.72656,10.95312
2782208,BNO_ACC,306,-2300,2,-1.87891,-0.34375,10.57422
2789208,BNO_ACC,307,-700,2,-2.45312,0.61328,10.57031
2798185,BNO_ACC,308,-900,2,-2.67969,1.37891,10.83594
2807090,BNO_ACC,309,-2000,2,-2.48828,1.53125,10.49219
2817375,BNO_ACC,310,-4200,2,-1.76172,1.83984,10.00391
2822269,BNO_ACC,311,-2300,2,-1.14844,1.95312,10.26562
2829158,BNO_ACC,312,-500,2,-0.76562,2.10547,9.34375
2838465,BNO_ACC,313,-1000,2,0.00000,1.76172,8.12109
2849269,BNO_ACC,314,-4300,2,0.91797,1.22656,6.82031
2857404,BNO_ACC,315,-4300,2,1.33984,1.03516,5.82031
2862317,BNO_ACC,316,-2300,2,1.68359,1.10938,5.78516
2869348,BNO_ACC,317,-700,2,1.76172,1.45703,6.20703
2878498,BNO_ACC,318,-1000,2,1.80078,1.22656,6.93359
2887563,BNO_ACC,319,-2200,2,1.91406,0.53516,7.39453
2897945,BNO_ACC,320,-4600,2,2.22266,-0.19141,7.96875
2902863,BNO_ACC,321,-2300,2,2.60547,-0.38281,9.04297
2909824,BNO_ACC,322,-700,2,2.91016,-1.14844,10.38672
2918603,BNO_ACC,323,-1000,2,2.94922,-1.72266,11.37500
2927546,BNO_ACC,324,-2000,2,3.10156,-1.99219,12.02734
2937817,BNO_ACC,325,-4200,2,3.21875,-2.07031,12.44922
2942721,BNO_ACC,326,-2300,2,3.21875,-1.91406,12.68359
2949643,BNO_ACC,327,-700,2,3.25781,-1.53125,13.02734
2958649,BNO_ACC,328,-1000,2,3.14062,-1.30078,13.21094
2967671,BNO_ACC,329,-1800,2,3.06641,-1.22656,13.21484
2978016,BNO_ACC,330,-4200,2,2.79688,-1.10938,13.17578
2982968,BNO_ACC,331,-2300,2,2.60547,-0.88281,12.87109
2989808,BNO_ACC,332,-700,2,2.26172,-0.76562,12.78906
2998771,BNO_ACC,333,-1000,2,1.83984,-0.80469,12.78906
3007769,BNO_ACC,334,-1800,2,1.57031,-0.49609,12.06250
3018259,BNO_ACC,335,-4200,2,1.45703,0.11328,10.73047
3029918,BNO_ACC,336,-500,2,1.22656,1.37891,7.89062
3038954,BNO_ACC,337,-900,2,1.22656,1.60938,7.00781
3047917,BNO_ACC,338,-1800,2,1.07422,1.60938,6.32031
3058369,BNO_ACC,339,-4400,2,0.76562,1.60938,5.82031
3070141,BNO_ACC,340,-500,2,0.00000,2.10547,5.25000
3078973,BNO_ACC,341,-900,2,-0.42188,2.22266,4.79297
3087939,BNO_ACC,342,-1600,2,-0.99609,1.87891,4.78906
3098311,BNO_ACC,343,-4000,2,-1.30078,2.18359,5.40234
3103227,BNO_ACC,344,-2100,2,-1.18750,2.03125,5.98047
3110321,BNO_ACC,345,-500,2,-1.03516,1.10938,6.35938
3119276,BNO_ACC,346,-900,2,-1.41797,0.72656,7.39062
3128295,BNO_ACC,347,-1800,2,-1.49219,0.19141,9.04297
3138778,BNO_ACC,348,-4400,2,-2.03125,0.07812,10.11328
3150472,BNO_ACC,349,-500,2,-2.48828,0.07812,10.34375
3159002,BNO_ACC,350,-700,2,-2.67969,0.49609,10.10938
3169749,BNO_ACC,351,-3400,2,-3.14062,0.91797,9.60938
3179519,BNO_ACC,352,-5100,2,-3.33203,1.30078,9.30469
3183468,BNO_ACC,353,-2100,2,-3.79297,1.87891,9.46094
3190579,BNO_ACC,354,-700,2,-4.17578,2.14453,9.57812
3199322,BNO_ACC,355,-900,2,-4.44531,1.80078,10.26562
3208382,BNO_ACC,356,-1600,2,-4.25391,1.14844,11.75781
3218720,BNO_ACC,357,-3800,2,-4.75000,0.91797,13.17188
3230627,BNO_ACC,358,-500,2,-5.47656,1.26562,16.77344
3239189,BNO_ACC,359,-700,2,-5.82422,1.41797,17.73438
3249985,BNO_ACC,360,-3200,2,-5.59375,1.22656,17.66016
3259609,BNO_ACC,361,-4900,2,-5.01953,0.76562,16.32031
3268996,BNO_ACC,362,-5900,2,-4.32812,0.26953,14.67188
3270241,BNO_ACC,363,-700,2,-3.75391,0.23047,14.44141
3279505,BNO_ACC,364,-700,2,-3.25781,0.19141,11.25781
3290283,BNO_ACC,365,-3400,2,-2.26172,0.23047,5.39844
3298034,BNO_ACC,366,-2700,2,-0.65234,0.65234,3.26172
3308226,BNO_ACC,367,-5100,2,-0.80469,1.76172,0.76562
3310787,BNO_ACC,368,-700,2,0.34375,2.98828,-3.14453
3319484,BNO_ACC,369,-500,2,0.95703,3.18359,-0.76562
3330316,BNO_ACC,370,-3200,2,0.95703,4.09375,0.53516
3339761,BNO_ACC,371,-4700,2,1.14844,5.32031,-0.42188
3349058,BNO_ACC,372,-5700,2,1.14844,5.43750,0.30469
3350549,BNO_ACC,373,-500,2,2.48828,4.13672,0.88281
3359740,BNO_ACC,374,-500,2,3.44531,2.45312,2.26172
3370506,BNO_ACC,375,-3400,2,3.98828,0.03906,3.79297
3379945,BNO_ACC,376,-4700,2,4.36719,-1.64844,6.55078
3388359,BNO_ACC,377,-4700,2,4.40625,-2.87109,9.11719
3390873,BNO_ACC,378,-500,2,3.79297,-3.21875,10.49219
3399723,BNO_ACC,379,-700,2,2.26172,-3.60156,10.79688
3410533,BNO_ACC,380,-3100,2,-0.03906,-3.60156,12.10547
3420131,BNO_ACC,381,-4700,2,-3.06641,-3.29297,20.65234
3428594,BNO_ACC,382,-4900,2,-4.36719,-1.91406,20.18750
3431140,BNO_ACC,383,-700,2,-2.98828,-0.76562,13.06250
3439759,BNO_ACC,384,-700,2,-4.59766,0.26953,14.82031
3450634,BNO_ACC,385,-3100,2,-4.98047,-0.34375,15.24609
3460142,BNO_ACC,386,-4300,2,-5.66797,1.22656,14.33203
3468546,BNO_ACC,387,-4500,2,-4.86328,0.76562,12.67969
3480611,BNO_ACC,388,-900,2,-6.66406,3.67578,13.94922
3489470,BNO_ACC,389,-1600,2,-6.74219,4.02344,14.75000
3500213,BNO_ACC,390,-4300,2,-5.78516,2.91016,14.51953
3508731,BNO_ACC,391,-4500,2,-5.40234,2.03125,12.94922
3521054,BNO_ACC,392,-1200,2,-5.93750,0.91797,14.44141
3529481,BNO_ACC,393,-1400,2,-2.45312,-0.84375,4.63672
3540286,BNO_ACC,394,-4300,2,-2.07422,0.26953,-0.42188
3549765,BNO_ACC,395,-5300,2,-0.23047,0.53516,1.26562
3553829,BNO_ACC,396,-2300,2,1.68359,1.53125,1.99609
3560689,BNO_ACC,397,-700,2,3.21875,1.30078,3.44922
3569824,BNO_ACC,398,-1600,2,3.64062,1.10938,4.48047
3580615,BNO_ACC,399,-4300,2,3.64062,1.30078,4.44531
3588992,BNO_ACC,400,-4400,2,3.94531,1.87891,4.55469
3593879,BNO_ACC,401,-2300,2,4.40625,2.07031,5.05859
3600604,BNO_ACC,402,-700,2,4.36719,1.83984,5.13281
3609798,BNO_ACC,403,-1600,2,3.56250,1.26562,4.17578
3618679,BNO_ACC,404,-2100,2,2.29688,0.57422,4.21484
3629800,BNO_ACC,405,-5200,2,0.23047,-0.80469,4.55859
3633889,BNO_ACC,406,-2300,2,-0.19141,-0.69141,5.86328
3640796,BNO_ACC,407,-500,2,-2.37500,-1.30078,9.08203
3650060,BNO_ACC,408,-1000,2,-6.43750,-1.18750,14.71484
3660957,BNO_ACC,409,-4300,2,-7.04688,0.07812,17.12500
3669204,BNO_ACC,410,-4400,2,-4.63672,0.11328,15.13281
3674114,BNO_ACC,411,-2300,2,-4.94141,-0.38281,15.36328
3680990,BNO_ACC,412,-700,2,-5.78516,0.91797,15.28125
3690125,BNO_ACC,413,-1000,2,-6.01562,2.22266,16.77344
3699127,BNO_ACC,414,-2000,2,-5.13281,2.03125,17.65625
3709201,BNO_ACC,415,-4300,2,-4.06250,1.30078,17.43359
3721215,BNO_ACC,416,-700,2,-4.06250,-1.83984,15.09375
3730366,BNO_ACC,417,-1000,2,-1.30078,-2.03125,5.59375
3739372,BNO_ACC,418,-2200,2,-0.07812,0.19141,3.75391
3749659,BNO_ACC,419,-4400,2,0.11328,1.87891,2.64062
3754569,BNO_ACC,420,-2100,2,1.64844,3.29297,1.45703
3761332,BNO_ACC,421,-700,2,3.21875,2.07031,1.91406
3770515,BNO_ACC,422,-900,2,3.41016,1.99219,3.52344
3779582,BNO_ACC,423,-2200,2,4.06250,2.07031,5.13672
3789990,BNO_ACC,424,-4600,2,3.79297,2.22266,5.44141
3801483,BNO_ACC,425,-500,2,3.10156,0.42188,4.78906
3810496,BNO_ACC,426,-900,2,2.03125,-0.19141,5.17578
3819500,BNO_ACC,427,-2000,2,-0.46094,-1.53125,5.70312
3829980,BNO_ACC,428,-4400,2,-1.22656,-3.48438,7.42969
3834925,BNO_ACC,429,-2300,2,-3.44922,-3.02734,11.64062
3841989,BNO_ACC,430,-700,2,-6.58984,-2.48828,18.03906
3850898,BNO_ACC,431,-1000,2,-5.09375,-1.37891,17.77734
3859856,BNO_ACC,432,-2200,2,-3.71484,0.11328,16.77344
3870280,BNO_ACC,433,-4600,2,-4.13672,0.38281,16.92969
3881854,BNO_ACC,434,-500,2,-2.41406,0.91797,17.31641
3890851,BNO_ACC,435,-900,2,-2.18359,0.53516,15.62891
3901326,BNO_ACC,436,-3600,2,-3.75391,0.30469,12.71875
3909949,BNO_ACC,437,-4000,2,-0.69141,0.34375,6.20312
3922363,BNO_ACC,438,-700,2,1.22656,2.56250,1.80078
3931276,BNO_ACC,439,-1000,2,1.60938,3.40625,0.76562
3941232,BNO_ACC,440,-3200,2,2.14453,3.94922,1.80078
3949977,BNO_ACC,441,-3700,2,2.37500,3.60156,3.48438
3960008,BNO_ACC,442,-5800,2,1.99219,3.48438,4.37109
3961374,BNO_ACC,443,-700,2,1.45703,2.45312,4.51562
3971024,BNO_ACC,444,-900,2,0.84375,1.33984,4.78906
3979931,BNO_ACC,445,-1600,2,0.19141,-1.07422,6.97266
3990243,BNO_ACC,446,-4000,2,-0.84375,-3.14062,10.30469
4002581,BNO_ACC,447,-500,2,-4.82812,-3.52344,20.19141
4011597,BNO_ACC,448,-1000,2,-5.25000,-2.83594,21.79688
4021392,BNO_ACC,449,-3100,2,-4.21484,-2.03125,18.34766
4031523,BNO_ACC,450,-5300,2,-3.56250,-0.80469,19.26562
4039896,BNO_ACC,451,-5300,2,-2.56641,0.42188,17.73438
4042457,BNO_ACC,452,-700,2,-2.07031,1.33984,15.39844
4050945,BNO_ACC,453,-500,2,-1.76172,2.03125,13.36719
4060960,BNO_ACC,454,-2500,2,-2.03125,1.80078,10.38672
4070391,BNO_ACC,455,-3700,2,-1.22656,1.87891,5.13281
4080612,BNO_ACC,456,-5900,2,-0.26953,2.37500,1.07422
4081943,BNO_ACC,457,-500,2,-0.03906,2.48828,-0.69141
4091449,BNO_ACC,458,-900,2,0.38281,3.67578,-0.26953
4100365,BNO_ACC,459,-1400,2,0.42188,4.13281,1.10938
4110652,BNO_ACC,460,-3600,2,1.10938,3.78906,2.87109
4122988,BNO_ACC,461,-500,2,1.64844,-0.30469,6.16797
4131835,BNO_ACC,462,-900,2,1.95312,-2.41406,8.88672
4140897,BNO_ACC,463,-2100,2,1.72266,-3.86719,11.49219
4150060,BNO_ACC,464,-2900,2,1.49219,-5.44141,13.56250
4160271,BNO_ACC,465,-5100,2,0.88281,-6.08984,16.32422
4162780,BNO_ACC,466,-900,2,-0.46094,-4.48047,18.69922
4171465,BNO_ACC,467,-700,2,-2.14453,-2.71875,18.58203
4182186,BNO_ACC,468,-3400,2,-3.10156,-1.07422,16.74219
4191738,BNO_ACC,469,-4700,2,-3.06641,0.03906,14.82422
4201039,BNO_ACC,470,-5700,2,-2.87109,0.57422,12.37500
4202539,BNO_ACC,471,-500,2,-1.68359,2.10547,10.15234
4211693,BNO_ACC,472,-700,2,-1.22656,3.17969,7.77344
4222505,BNO_ACC,473,-3200,2,-0.61328,3.48438,7.39062
4231082,BNO_ACC,474,-4000,2,-1.45703,3.25781,7.00781
4240581,BNO_ACC,475,-5100,2,-0.99609,3.79297,6.35938
4243209,BNO_ACC,476,-900,2,-0.72656,3.48438,5.66797
4251525,BNO_ACC,477,-500,2,-0.69141,3.52344,4.33203
4262285,BNO_ACC,478,-2900,2,-0.46094,3.10156,3.64453
4271894,BNO_ACC,479,-4500,2,-0.07812,1.87891,4.47656
4281306,BNO_ACC,480,-5700,2,0.34375,-1.18750,6.51172
4282992,BNO_ACC,481,-500,2,1.03516,-1.26562,9.61328
4291692,BNO_ACC,482,-500,2,1.57031,-2.26172,13.52734
4302510,BNO_ACC,483,-2900,2,1.53125,-4.13672,15.74219
4312048,BNO_ACC,484,-4700,2,1.83984,-5.59375,15.94141
4321343,BNO_ACC,485,-5500,2,0.91797,-5.55469,15.05859
4325463,BNO_ACC,486,-2300,2,0.26953,-3.71484,14.32812
4332392,BNO_ACC,487,-700,2,-0.11328,-1.83984,13.06250
4341375,BNO_ACC,488,-1600,2,-0.49609,-0.07812,10.69141
4352118,BNO_ACC,489,-4500,2,-0.69141,2.03125,8.39453
4361518,BNO_ACC,490,-5500,2,-0.76562,3.56250,6.89062
4365556,BNO_ACC,491,-2500,2,-0.88281,4.51953,6.78516
4372230,BNO_ACC,492,-500,2,-0.76562,4.28906,6.70312
4381382,BNO_ACC,493,-1600,2,-0.84375,4.36719,5.43750
4392281,BNO_ACC,494,-4500,2,-1.95312,2.67969,5.66406
4400646,BNO_ACC,495,-4400,2,-2.26172,2.56641,5.93750
4412801,BNO_ACC,496,-700,2,-3.33203,2.07031,7.46875
4421774,BNO_ACC,497,-1800,2,-3.48438,1.26562,6.62500
4432493,BNO_ACC,498,-4500,2,-3.02734,-0.34375,9.96094
4440688,BNO_ACC,499,-4400,2,-2.56641,0.15234,9.88672
4452805,BNO_ACC,500,-700,2,-4.25391,-1.22656,15.47656
4461696,BNO_ACC,501,-1600,2,-2.64453,-4.02344,17.12891
4470628,BNO_ACC,502,-2200,2,-2.52734,-2.10547,16.47266
4481603,BNO_ACC,503,-5100,2,-2.94922,-1.91406,14.28906
4485730,BNO_ACC,504,-2500,2,-4.09766,-2.56641,11.29688
4492659,BNO_ACC,505,-700,2,-1.37891,-0.15234,5.90234
4501944,BNO_ACC,506,-1600,2,-1.33984,1.49219,2.10156
4512785,BNO_ACC,507,-4300,2,-1.22656,2.79688,2.07031
4521087,BNO_ACC,508,-4400,2,-0.30469,3.06250,2.07031
4526013,BNO_ACC,509,-2300,2,1.26562,3.25781,4.93750
4532868,BNO_ACC,510,-700,2,2.03125,2.83594,9.69141
4542169,BNO_ACC,511,-1000,2,2.64453,0.80469,11.07422
4552979,BNO_ACC,512,-4300,2,2.10547,0.49609,10.00391
4561079,BNO_ACC,513,-4300,2,1.80078,1.10938,8.12109
4566002,BNO_ACC,514,-2300,2,1.57031,1.87891,7.31641
4572939,BNO_ACC,515,-700,2,0.11328,0.30469,8.23438
4582187,BNO_ACC,516,-1000,2,0.53516,-0.88281,11.49219
4591141,BNO_ACC,517,-2200,2,-0.65234,-2.94922,15.78125
4601414,BNO_ACC,518,-4400,2,-0.91797,-4.25391,18.03906
4606325,BNO_ACC,519,-2300,2,-1.91406,-4.06250,19.46484
4613131,BNO_ACC,520,-500,2,-2.56641,-4.13672,18.88281
4622591,BNO_ACC,521,-1000,2,-2.07031,-4.17578,17.12500
4633346,BNO_ACC,522,-4300,2,-2.03125,-3.37109,15.39844
4641463,BNO_ACC,523,-4300,2,-1.45703,-2.03125,11.91797
4646398,BNO_ACC,524,-2300,2,-0.76562,-0.34375,8.88281
4653369,BNO_ACC,525,-500,2,-0.26953,1.37891,7.54688
4662565,BNO_ACC,526,-1000,2,-0.11328,2.71875,6.39844
4671563,BNO_ACC,527,-2000,2,0.11328,3.67578,5.17578
4681621,BNO_ACC,528,-4300,2,0.26953,5.25391,3.37109
4693768,BNO_ACC,529,-700,2,0.88281,7.35156,2.03125
4702768,BNO_ACC,530,-900,2,1.22656,8.11719,2.03125
4711650,BNO_ACC,531,-2000,2,1.57031,8.61719,1.99219
4722028,BNO_ACC,532,-4200,2,2.07031,7.23828,3.25781
4726942,BNO_ACC,533,-2300,2,2.07031,4.51953,5.93750
4733893,BNO_ACC,534,-700,2,1.68359,0.99609,9.42578
4742812,BNO_ACC,535,-1000,2,0.65234,-2.41406,12.98438
4751621,BNO_ACC,536,-1800,2,-0.42188,-5.89844,16.16406
4761899,BNO_ACC,537,-4000,2,-1.18750,-8.58203,17.81250
4766807,BNO_ACC,538,-2300,2,-1.30078,-10.07422,18.50000
4773823,BNO_ACC,539,-500,2,-0.88281,-10.07422,18.76562
4782897,BNO_ACC,540,-900,2,-0.42188,-8.42578,17.81250
4791814,BNO_ACC,541,-1800,2,-0.38281,-6.39844,15.74609
4802290,BNO_ACC,542,-4200,2,-0.23047,-4.55859,13.86719
4813936,BNO_ACC,543,-500,2,0.30469,0.99609,7.35156
4822903,BNO_ACC,544,-900,2,0.38281,3.37109,5.09766
4831832,BNO_ACC,545,-1600,2,0.42188,4.90234,3.71484
4842128,BNO_ACC,546,-3800,2,0.34375,6.05078,2.91016
4854384,BNO_ACC,547,-700,2,0.61328,7.39453,2.33594
4863332,BNO_ACC,548,-1000,2,0.80469,7.92969,2.14453
4873279,BNO_ACC,549,-3200,2,0.88281,7.39453,3.25781
4882716,BNO_ACC,550,-4400,2,1.10938,5.13281,5.25391
4894494,BNO_ACC,551,-700,2,0.34375,-3.14062,12.83203
4902911,BNO_ACC,552,-700,2,-0.26953,-6.93359,16.85547
4911825,BNO_ACC,553,-1500,2,-0.53516,-8.77344,19.88281
4923619,BNO_ACC,554,-5400,2,-0.26953,-8.92578,20.68750
4931825,BNO_ACC,555,-5300,2,-0.03906,-7.92969,19.00391
4934383,BNO_ACC,556,-700,2,-0.49609,-6.08984,16.55078
4943281,BNO_ACC,557,-900,2,-0.88281,-3.37109,12.86719
4952112,BNO_ACC,558,-1400,2,-0.88281,-0.34375,9.58203
4962347,BNO_ACC,559,-3700,2,-0.88281,1.87891,6.78516
4972409,BNO_ACC,560,-5600,2,-0.72656,3.71094,3.17969
4974021,BNO_ACC,561,-700,2,-0.53516,5.59766,-1.10938
4983291,BNO_ACC,562,-700,2,-0.34375,6.46875,-2.87109
4993312,BNO_ACC,563,-2700,2,-0.15234,5.97656,-1.72266
5002881,BNO_ACC,564,-4000,2,-0.15234,5.40234,-0.49609
5014795,BNO_ACC,565,-700,2,-0.15234,3.14062,4.36719
5023190,BNO_ACC,566,-700,2,-0.46094,3.06641,7.92969
5033315,BNO_ACC,567,-2700,2,-1.91406,0.76562,13.41016
5042769,BNO_ACC,568,-3700,2,-4.59766,-2.94922,17.57812
5052970,BNO_ACC,569,-5800,2,-6.62891,-4.21484,21.33984
5054275,BNO_ACC,570,-700,2,-7.81641,-5.47656,23.59766
5063461,BNO_ACC,571,-500,2,-8.27344,-5.89844,24.59375
5074386,BNO_ACC,572,-3400,2,-7.35547,-6.43750,22.94531
5083699,BNO_ACC,573,-4700,2,-5.85938,-5.44141,20.23047
5093305,BNO_ACC,574,-6100,2,-4.48047,-3.71484,16.89453
5094601,BNO_ACC,575,-700,2,-3.25781,-1.57031,12.60547
5103595,BNO_ACC,576,-700,2,-2.29688,1.22656,7.85547
5113595,BNO_ACC,577,-2500,2,-1.83984,4.06641,3.44922
5123028,BNO_ACC,578,-3500,2,-0.99609,6.12891,0.99609
5132371,BNO_ACC,579,-5000,2,-0.72656,7.27344,0.00000
5134879,BNO_ACC,580,-700,2,-0.19141,7.50781,-1.76172
5143819,BNO_ACC,581,-500,2,-0.19141,7.20703,-2.91016
5154555,BNO_ACC,582,-3400,2,0.23047,7.23438,-3.79297
5163965,BNO_ACC,583,-4700,2,0.91797,7.20312,-3.71484
5173304,BNO_ACC,584,-5500,2,1.18750,6.04688,-3.14062
5174850,BNO_ACC,585,-700,2,1.14844,3.41016,-0.91797
5183794,BNO_ACC,586,-500,2,0.65234,-0.15234,3.78906
5194627,BNO_ACC,587,-3100,2,-0.34375,-3.94531,10.68750
5203961,BNO_ACC,588,-4500,2,-1.68359,-6.62891,17.69922
5213269,BNO_ACC,589,-5500,2,-3.29297,-7.42969,23.09375
5217364,BNO_ACC,590,-2300,2,-4.86328,-7.16406,25.58594
5224183,BNO_ACC,591,-700,2,-6.35938,-6.55078,25.47266
5234168,BNO_ACC,592,-2500,2,-6.62891,-5.09375,23.51562
5243977,BNO_ACC,593,-4300,2,-6.08984,-2.83594,20.03516
5253217,BNO_ACC,594,-5100,2,-5.63281,-1.03516,16.58594
5257469,BNO_ACC,595,-2300,2,-4.67188,0.38281,14.09375
5264561,BNO_ACC,596,-700,2,-3.44922,1.80078,11.22266
5273632,BNO_ACC,597,-1800,2,-2.29688,3.02734,7.66016
5282778,BNO_ACC,598,-2700,2,-1.30078,3.94531,4.55859
5292933,BNO_ACC,599,-4700,2,-0.91797,4.25000,2.10547
5296679,BNO_ACC,600,-1200,2,-0.91797,4.25000,0.91797
5303906,BNO_ACC,601,-700,2,-0.91797,4.21484,0.30469
5314616,BNO_ACC,602,-2700,2,-0.84375,4.21094,-0.53516
5322421,BNO_ACC,603,-2000,2,-0.91797,3.98438,-1.22656
5333607,BNO_ACC,604,-5200,2,-1.14844,3.98828,-2.10547
5337682,BNO_ACC,605,-2300,2,-1.10938,4.32812,-2.45312
5344646,BNO_ACC,606,-700,2,-1.53125,5.09375,-1.10938
5353868,BNO_ACC,607,-1000,2,-1.41797,4.17578,0.53516
5364688,BNO_ACC,608,-4300,2,-1.76172,2.60547,4.21094
5373058,BNO_ACC,609,-4500,2,-1.80078,0.57422,9.46484
5377937,BNO_ACC,610,-2300,2,-2.14453,-0.72656,13.78906
5384740,BNO_ACC,611,-500,2,-2.07031,-1.41797,17.43359
5394061,BNO_ACC,612,-1000,2,-2.64453,-2.14453,22.41016
5404922,BNO_ACC,613,-4500,2,-3.29297,-3.90625,26.35156
5413080,BNO_ACC,614,-4400,2,-3.90625,-4.86328,28.19922
5418010,BNO_ACC,615,-2300,2,-3.90625,-5.28516,26.92969
5424990,BNO_ACC,616,-700,2,-3.14062,-5.25000,23.06250
5434163,BNO_ACC,617,-1000,2,-2.94922,-4.94141,17.77344
5444983,BNO_ACC,618,-4300,2,-1.64844,-3.79297,12.71875
5453043,BNO_ACC,619,-4300,2,-1.18750,-1.87891,10.23047
5457946,BNO_ACC,620,-2300,2,-0.72656,0.00000,7.51172
5464917,BNO_ACC,621,-500,2,0.80469,0.84375,6.05078
5474417,BNO_ACC,622,-1000,2,1.83984,1.41797,5.43750
5485276,BNO_ACC,623,-4500,2,3.06641,1.76172,4.97656
5493307,BNO_ACC,624,-4300,2,3.79297,2.26172,4.02734
5498244,BNO_ACC,625,-2300,2,4.32812,3.48438,5.09375
5505260,BNO_ACC,626,-700,2,4.94141,3.67578,5.70312
5514407,BNO_ACC,627,-1000,2,4.75000,3.14062,5.66797
5523411,BNO_ACC,628,-2200,2,4.40625,3.83203,4.06250
5533638,BNO_ACC,629,-4400,2,3.37109,4.02344,3.29297
5538583,BNO_ACC,630,-2300,2,3.14062,4.21484,2.64453
5545441,BNO_ACC,631,-700,2,2.03125,4.17578,2.03125
5554434,BNO_ACC,632,-1000,2,0.65234,3.52734,1.80078
5563397,BNO_ACC,633,-1800,2,-0.46094,1.53125,3.75391
5573679,BNO_ACC,634,-4200,2,-1.41797,-1.26562,8.61719
5578624,BNO_ACC,635,-2300,2,-1.99219,-2.67969,13.02344
5585675,BNO_ACC,636,-700,2,-1.33984,-2.75781,17.04688
5594657,BNO_ACC,637,-1000,2,-1.60938,-1.49219,20.95312
5603639,BNO_ACC,638,-2000,2,-2.10547,-0.19141,23.09375
5613924,BNO_ACC,639,-4400,2,-1.53125,0.03906,20.15234
5618842,BNO_ACC,640,-2300,2,-2.33594,-0.53516,18.31641
5625755,BNO_ACC,641,-700,2,-2.56641,-0.61328,18.38672
5634748,BNO_ACC,642,-1000,2,-1.72266,0.07812,14.48047
5643647,BNO_ACC,643,-2000,2,-1.18750,1.18750,9.08203
5654015,BNO_ACC,644,-4200,2,0.07812,3.29297,2.83594
5658920,BNO_ACC,645,-2300,2,0.15234,5.59375,-0.88281
5665872,BNO_ACC,646,-700,2,0.23047,7.69922,-2.18359
5674825,BNO_ACC,647,-1000,2,0.57422,8.81250,-1.95312
5683924,BNO_ACC,648,-2000,2,0.88281,9.03906,-2.03125
5694197,BNO_ACC,649,-4200,2,0.91797,8.96484,-3.06641
5699103,BNO_ACC,650,-2300,2,0.84375,7.93359,-2.91016
5706097,BNO_ACC,651,-700,2,1.22656,5.90234,-1.57031
5714965,BNO_ACC,652,-900,2,0.69141,2.52734,2.29688
5723890,BNO_ACC,653,-1600,2,1.30078,-2.33594,9.16016
5734206,BNO_ACC,654,-4000,2,1.72266,-6.89453,18.72656
5739113,BNO_ACC,655,-2300,2,1.68359,-9.73047,26.73828
5746212,BNO_ACC,656,-700,2,2.07031,-10.45703,30.25781
5755086,BNO_ACC,657,-1000,2,2.22266,-9.80469,29.22656
5763978,BNO_ACC,658,-1600,2,2.14453,-7.73828,25.74609
5774342,BNO_ACC,659,-4000,2,2.29688,-4.86328,20.49219
5779251,BNO_ACC,660,-2300,2,2.07031,-1.99219,15.51953
5786398,BNO_ACC,661,-500,2,1.95312,0.46094,11.33984
5795299,BNO_ACC,662,-900,2,1.83984,2.75781,8.11719
5804357,BNO_ACC,663,-1800,2,1.37891,5.25391,3.94531
5814687,BNO_ACC,664,-4200,2,0.72656,7.73438,-0.91797
5826633,BNO_ACC,665,-700,2,0.11328,8.53906,-2.03125
5834986,BNO_ACC,666,-500,2,0.03906,7.77344,-0.84375
5845809,BNO_ACC,667,-3400,2,0.23047,7.27344,-0.57422
5853917,BNO_ACC,668,-3100,2,0.65234,6.89453,-1.26562
5864070,BNO_ACC,669,-5300,2,0.19141,4.51562,-0.61328
5866611,BNO_ACC,670,-700,2,0.11328,2.25781,1.80078
5874933,BNO_ACC,671,-700,2,-0.69141,-0.07812,7.50781
5885878,BNO_ACC,672,-3200,2,-1.83984,-1.72266,12.75781
5894031,BNO_ACC,673,-3100,2,-2.56641,-2.29688,15.55078
5904351,BNO_ACC,674,-5500,2,-3.64062,-2.37500,17.73438
5907200,BNO_ACC,675,-1000,2,-3.75391,-1.30078,18.96484
5915152,BNO_ACC,676,-700,2,-4.02344,-0.42188,18.42578
5926006,BNO_ACC,677,-3200,2,-4.09766,-0.07812,17.39062
5935564,BNO_ACC,678,-4700,2,-3.67578,1.30078,17.01172
5945056,BNO_ACC,679,-5900,2,-3.41016,2.45312,16.46875
5946251,BNO_ACC,680,-700,2,-3.02734,2.87109,14.29297
5955316,BNO_ACC,681,-700,2,-2.29688,3.10156,11.29688
5966204,BNO_ACC,682,-3200,2,-1.68359,3.79297,8.88672
5975742,BNO_ACC,683,-4700,2,-0.88281,4.51953,6.36328
5984981,BNO_ACC,684,-5900,2,-0.03906,5.25391,3.33203
5986567,BNO_ACC,685,-500,2,0.72656,6.43750,0.15234
5995786,BNO_ACC,686,-900,2,1.14844,7.39062,-2.03125
6004758,BNO_ACC,687,-1500,2,1.72266,7.62891,-2.07031
6015152,BNO_ACC,688,-3600,2,1.53125,6.97266,-1.68359
6024549,BNO_ACC,689,-5000,2,1.07422,5.94141,-1.57031
6027042,BNO_ACC,690,-900,2,-0.23047,3.52734,0.03906
6035489,BNO_ACC,691,-500,2,-1.91406,0.46094,3.60156
6046365,BNO_ACC,692,-2900,2,-3.52344,-2.56641,8.92188
6054227,BNO_ACC,693,-2600,2,-5.01953,-4.32812,14.17188
6064553,BNO_ACC,694,-4900,2,-6.51172,-5.82422,16.85547
6067067,BNO_ACC,695,-700,2,-7.42969,-6.51172,18.04297
6075659,BNO_ACC,696,-500,2,-7.62500,-6.51172,18.72656
6086409,BNO_ACC,697,-2900,2,-7.20312,-5.70703,19.15234
6094532,BNO_ACC,698,-2800,2,-6.39844,-3.83203,18.84766
6104726,BNO_ACC,699,-4700,2,-5.63281,-1.72266,17.39453
6107214,BNO_ACC,700,-700,2,-4.51953,-0.91797,15.55078
6115940,BNO_ACC,701,-500,2,-3.60156,-0.11328,13.59375
6126627,BNO_ACC,702,-2900,2,-2.79688,1.76172,11.49219
6136167,BNO_ACC,703,-4300,2,-1.99219,3.52344,8.57812
6144664,BNO_ACC,704,-4700,2,-1.37891,4.55859,5.47656
6149598,BNO_ACC,705,-2300,2,-1.07422,5.05859,3.71484
6156563,BNO_ACC,706,-700,2,-0.80469,5.59375,3.79297
6165493,BNO_ACC,707,-1600,2,-0.95703,5.36328,3.52344
6176291,BNO_ACC,708,-4500,2,-0.76562,4.21094,2.45312
6184699,BNO_ACC,709,-4400,2,-1.07422,2.94922,2.37500
6189636,BNO_ACC,710,-2300,2,-1.37891,1.07422,4.06250
6196312,BNO_ACC,711,-700,2,-1.95312,-1.87891,6.62500
6205678,BNO_ACC,712,-1600,2,-2.22266,-4.82812,8.69531
6216459,BNO_ACC,713,-4500,2,-2.56641,-7.81641,9.54297
6224884,BNO_ACC,714,-4500,2,-2.37500,-9.76953,13.06250
6236856,BNO_ACC,715,-900,2,-1.41797,-13.21484,17.31250
6245665,BNO_ACC,716,-1400,2,-0.95703,-13.56250,16.32422
6254788,BNO_ACC,717,-2400,2,-0.61328,-13.25391,15.58594
6265018,BNO_ACC,718,-4400,2,-0.42188,-11.72266,14.44141
6269959,BNO_ACC,719,-2300,2,-0.19141,-9.50000,13.41016
6276784,BNO_ACC,720,-500,2,0.15234,-6.89453,12.22266
6285979,BNO_ACC,721,-900,2,-0.42188,-3.98438,10.65234
6296810,BNO_ACC,722,-4300,2,0.26953,-2.29688,10.23047
6304906,BNO_ACC,723,-4300,2,-0.61328,0.15234,7.04688
6309797,BNO_ACC,724,-2300,2,-0.69141,2.33594,4.21094
6316731,BNO_ACC,725,-500,2,-0.61328,4.13281,2.67969
6326260,BNO_ACC,726,-1000,2,-0.53516,4.75391,2.71875
6337013,BNO_ACC,727,-4500,2,-0.30469,3.75000,3.56250
6345273,BNO_ACC,728,-4400,2,-0.46094,2.56641,4.97656
6350160,BNO_ACC,729,-2300,2,0.15234,1.60938,5.21484
6356988,BNO_ACC,730,-700,2,0.26953,0.34375,5.97656
6366352,BNO_ACC,731,-1000,2,0.57422,-1.33984,8.23438
6376957,BNO_ACC,732,-4200,2,1.87891,-1.49219,7.43359
6385445,BNO_ACC,733,-4300,2,1.53125,-5.66797,19.38281
6390349,BNO_ACC,734,-2100,2,3.41016,-3.98438,16.16797
6397353,BNO_ACC,735,-500,2,3.52344,-1.87891,14.59766
6406225,BNO_ACC,736,-1000,2,4.13672,-1.95312,15.01562
6415327,BNO_ACC,737,-2000,2,4.59766,-1.18750,14.55859
6425476,BNO_ACC,738,-4200,2,4.71094,0.38281,12.30078
6430373,BNO_ACC,739,-2300,2,4.71094,1.80078,9.88281
6437300,BNO_ACC,740,-700,2,3.94531,2.91016,8.12109
6446622,BNO_ACC,741,-1000,2,2.94922,4.40625,5.78516
6455720,BNO_ACC,742,-2400,2,1.95312,5.78516,4.13672
6465877,BNO_ACC,743,-4400,2,1.14844,6.20703,2.64453
6478002,BNO_ACC,744,-700,2,0.61328,8.11719,-2.48828
6486793,BNO_ACC,745,-1000,2,-0.07812,7.97266,-2.94922
6495860,BNO_ACC,746,-2400,2,0.00000,5.89844,-0.69141
6506074,BNO_ACC,747,-4400,2,0.84375,3.52734,2.98828
6511047,BNO_ACC,748,-2300,2,1.45703,0.61328,8.39453
6518067,BNO_ACC,749,-700,2,2.37500,-1.91406,14.01562
6526889,BNO_ACC,750,-1000,2,3.25781,-3.33203,18.84766
6535869,BNO_ACC,751,-2200,2,3.67578,-3.98438,21.07422
6546172,BNO_ACC,752,-4400,2,3.25781,-3.02734,20.80078
6551107,BNO_ACC,753,-2300,2,3.17969,-2.03125,19.15234
6557879,BNO_ACC,754,-500,2,3.33203,-0.61328,16.51172
6566960,BNO_ACC,755,-900,2,3.33203,0.80469,14.29297
6576036,BNO_ACC,756,-2000,2,2.98828,1.95312,12.37500
6586288,BNO_ACC,757,-4200,2,2.60547,2.87109,10.07031
6597983,BNO_ACC,758,-500,2,1.30078,5.55859,4.06250
6606963,BNO_ACC,759,-900,2,0.72656,6.85156,1.64844
6615945,BNO_ACC,760,-1800,2,0.42188,7.73828,0.53516
6626249,BNO_ACC,761,-4000,2,0.38281,8.16016,-0.07812
6631194,BNO_ACC,762,-2300,2,0.38281,8.31641,-1.10938
6638234,BNO_ACC,763,-500,2,0.72656,8.00781,-2.10547
6647233,BNO_ACC,764,-900,2,0.53516,7.08984,-1.72266
6656193,BNO_ACC,765,-2000,2,0.72656,5.28516,0.38281
6666579,BNO_ACC,766,-4200,2,-0.26953,2.71875,3.41016
6678153,BNO_ACC,767,-700,2,-0.38281,-3.10156,12.78906
6687110,BNO_ACC,768,-900,2,-0.23047,-4.25391,18.73047
6696002,BNO_ACC,769,-1400,2,-0.15234,-4.21484,21.64062
6706425,BNO_ACC,770,-3800,2,-0.26953,-3.86719,22.18359
6718690,BNO_ACC,771,-700,2,-0.46094,-2.33594,18.92578
6727573,BNO_ACC,772,-900,2,-0.69141,-1.14844,17.50781
6737461,BNO_ACC,773,-3100,2,-0.91797,0.38281,14.75391
6747060,BNO_ACC,774,-4400,2,-0.88281,2.45312,10.79688
6758784,BNO_ACC,775,-500,2,-0.57422,5.17578,4.59766
6767733,BNO_ACC,776,-900,2,-0.23047,6.62891,1.99219
6777596,BNO_ACC,777,-3100,2,-0.11328,6.92969,0.95703
6787137,BNO_ACC,778,-4300,2,-0.46094,6.89453,0.69141
6799246,BNO_ACC,779,-1000,2,-1.14844,5.74219,-0.84375
6807572,BNO_ACC,780,-900,2,-2.07031,5.44141,1.30078
6816451,BNO_ACC,781,-1400,2,-1.37891,2.56641,2.22266
6828078,BNO_ACC,782,-5300,2,-2.26172,0.53516,5.47656
6836222,BNO_ACC,783,-5200,2,-2.79688,-2.33594,9.65234
6838678,BNO_ACC,784,-700,2,-4.13672,-4.78906,14.25000
6847558,BNO_ACC,785,-700,2,-5.01953,-6.85547,17.62109
6858374,BNO_ACC,786,-3400,2,-5.63281,-7.54688,17.39453
6867741,BNO_ACC,787,-4900,2,-6.16797,-8.00781,16.32422
6877036,BNO_ACC,788,-5700,2,-6.39844,-8.23438,15.51562
6878457,BNO_ACC,789,-700,2,-5.97656,-7.92969,14.94141
6887501,BNO_ACC,790,-700,2,-5.40234,-6.93359,13.21094
6898305,BNO_ACC,791,-3200,2,-4.86328,-5.17188,10.41797
6907864,BNO_ACC,792,-4700,2,-4.48047,-2.48828,9.12109
6917199,BNO_ACC,793,-5900,2,-3.71484,-0.42188,9.08203
6918706,BNO_ACC,794,-500,2,-3.10156,0.46094,8.39062
6927770,BNO_ACC,795,-700,2,-2.60547,0.84375,7.23438
6938603,BNO_ACC,796,-3200,2,-2.29688,1.33984,6.85547
6947943,BNO_ACC,797,-4500,2,-1.87891,1.91406,7.43359
6957269,BNO_ACC,798,-5500,2,-1.91406,1.95312,7.58984
6958792,BNO_ACC,799,-700,2,-1.99219,1.57031,7.89453
6967711,BNO_ACC,800,-500,2,-1.91406,0.26953,8.11719
6978508,BNO_ACC,801,-2900,2,-1.76172,-1.95312,10.03516
6987982,BNO_ACC,802,-4300,2,-1.68359,-3.94531,11.14844
6997338,BNO_ACC,803,-5300,2,-1.68359,-5.82422,12.21875
7001394,BNO_ACC,804,-2300,2,-1.30078,-7.58594,12.68359
7008206,BNO_ACC,805,-500,2,-1.10938,-8.00781,12.02344
7018176,BNO_ACC,806,-2700,2,-0.84375,-7.69922,11.49219
7027991,BNO_ACC,807,-4300,2,-0.30469,-7.04688,10.30859
7037312,BNO_ACC,808,-5100,2,0.30469,-5.82422,10.26562
7041399,BNO_ACC,809,-2300,2,0.72656,-5.36328,10.03125
7048190,BNO_ACC,810,-700,2,0.91797,-4.71094,9.76562
7059010,BNO_ACC,811,-3100,2,1.26562,-4.75000,12.52344
7067970,BNO_ACC,812,-4000,2,1.95312,-4.13672,10.41406
7077259,BNO_ACC,813,-5200,2,1.41797,-2.60547,7.65625
7080748,BNO_ACC,814,-1200,2,1.26562,-2.07031,7.50781
7088150,BNO_ACC,815,-500,2,2.45312,-1.30078,8.04297
7098945,BNO_ACC,816,-2900,2,2.98828,-1.03516,7.81250
7106437,BNO_ACC,817,-2000,2,3.67578,-0.38281,7.35547
7117447,BNO_ACC,818,-5200,2,3.94531,-0.61328,6.74219
7121559,BNO_ACC,819,-2300,2,3.86719,-0.72656,6.32031
7128423,BNO_ACC,820,-700,2,3.41016,-0.57422,6.43750
7137951,BNO_ACC,821,-1600,2,3.02734,-1.33984,7.62500
7148565,BNO_ACC,822,-4300,2,3.14062,-1.76172,8.39453
7156912,BNO_ACC,823,-4200,2,2.79688,-1.60938,9.34375
7168968,BNO_ACC,824,-900,2,1.99219,-2.26172,11.76172
7177989,BNO_ACC,825,-1000,2,2.45312,-3.06641,13.02344
7188750,BNO_ACC,826,-4300,2,2.98828,-2.45312,13.71484
7196980,BNO_ACC,827,-4300,2,3.10156,-1.53125,13.37109
7201923,BNO_ACC,828,-2300,2,2.71875,-0.99609,11.72266
7208863,BNO_ACC,829,-500,2,2.45312,-0.76562,13.41016
7218207,BNO_ACC,830,-1000,2,2.10547,1.99219,8.46094
7228881,BNO_ACC,831,-4300,2,1.83984,3.17969,6.20703
7237103,BNO_ACC,832,-4300,2,1.53125,4.37109,4.28906
7242011,BNO_ACC,833,-2300,2,2.41406,4.09375,2.71875
7248901,BNO_ACC,834,-500,2,2.79688,4.75391,2.14453
7258254,BNO_ACC,835,-1000,2,3.29297,4.75391,1.72266
7267308,BNO_ACC,836,-2200,2,2.91016,4.67188,2.29688
7277407,BNO_ACC,837,-4400,2,2.37500,3.56250,4.51953
7289741,BNO_ACC,838,-700,2,1.72266,0.34375,10.87500
7298593,BNO_ACC,839,-900,2,1.10938,-1.57031,14.63281
7307500,BNO_ACC,840,-2200,2,1.14844,-2.79688,16.70703
7317906,BNO_ACC,841,-4600,2,0.11328,-1.30078,17.39062
7322842,BNO_ACC,842,-2300,2,0.88281,-1.95312,16.85547
7329884,BNO_ACC,843,-700,2,-0.53516,-0.42188,15.70703
7338679,BNO_ACC,844,-1000,2,0.38281,-0.57422,13.48438
7349562,BNO_ACC,845,-4300,2,-1.49219,4.17578,10.53516
7357627,BNO_ACC,846,-4300,2,-0.03906,4.48047,5.94141
7362545,BNO_ACC,847,-2300,2,-0.42188,6.47266,4.59766
7369461,BNO_ACC,848,-500,2,-0.15234,7.97266,0.49609
7378645,BNO_ACC,849,-900,2,0.19141,8.69531,-1.91406
7387756,BNO_ACC,850,-2000,2,0.11328,8.58203,-1.76172
7397964,BNO_ACC,851,-4400,2,0.38281,8.11719,-2.52734
7409794,BNO_ACC,852,-700,2,-0.03906,5.55469,0.23047
7418832,BNO_ACC,853,-900,2,-0.72656,2.64453,4.48047
7428036,BNO_ACC,854,-2000,2,-1.83984,-0.61328,10.00391
7438197,BNO_ACC,855,-4400,2,-2.48828,-4.02344,16.47266
7450393,BNO_ACC,856,-900,2,-4.06250,-8.27344,20.30469
7459301,BNO_ACC,857,-1000,2,-4.17578,-9.07812,20.61328
7468853,BNO_ACC,858,-3200,2,-3.79297,-9.07812,20.33594
7478264,BNO_ACC,859,-4200,2,-3.44922,-7.73828,19.46094
7483200,BNO_ACC,860,-2300,2,-3.17969,-5.63281,17.62109
7490156,BNO_ACC,861,-700,2,-2.79688,-3.17969,15.28125
7498882,BNO_ACC,862,-900,2,-2.03125,-1.10938,13.14453
7507962,BNO_ACC,863,-1800,2,-1.10938,1.18750,10.72656
7518307,BNO_ACC,864,-4000,2,-0.38281,3.67578,7.31641
7523223,BNO_ACC,865,-2300,2,0.42188,5.48047,3.90625
7530293,BNO_ACC,866,-700,2,0.84375,6.54688,1.76172
7539259,BNO_ACC,867,-1000,2,0.99609,7.23438,1.18750
7548163,BNO_ACC,868,-1800,2,1.07422,7.51172,0.80469
7558572,BNO_ACC,869,-4000,2,0.84375,7.58984,-0.46094
7570506,BNO_ACC,870,-700,2,-0.84375,5.17188,0.76562
7578952,BNO_ACC,871,-700,2,-2.10547,1.22656,3.75000
7587965,BNO_ACC,872,-1500,2,-3.75391,-3.52344,8.19922
7598425,BNO_ACC,873,-3800,2,-5.47656,-7.31641,12.64453
7610763,BNO_ACC,874,-700,2,-6.82031,-10.03516,18.88281
7619799,BNO_ACC,875,-1000,2,-7.12500,-8.77344,18.84766
7629384,BNO_ACC,876,-2900,2,-7.23828,-7.27734,17.69531
7639004,BNO_ACC,877,-4300,2,-6.97266,-5.70703,16.28125
7650797,BNO_ACC,878,-500,2,-6.47266,-0.69141,12.37891
7659565,BNO_ACC,879,-1000,2,-5.47656,0.23047,10.61328
7668610,BNO_ACC,880,-1600,2,-4.86328,2.14453,9.46094
7678917,BNO_ACC,881,-4000,2,-4.55859,2.79688,9.34766
7690812,BNO_ACC,882,-700,2,-4.02344,2.71875,9.50000
7699186,BNO_ACC,883,-500,2,-4.02344,2.45312,9.80859
7710053,BNO_ACC,884,-3200,2,-3.79297,1.41797,9.30859
7717950,BNO_ACC,885,-2800,2,-3.52344,0.57422,9.19922
7728969,BNO_ACC,886,-5700,2,-2.98828,0.34375,9.22656
7730280,BNO_ACC,887,-700,2,-2.79688,0.11328,9.23047
7739612,BNO_ACC,888,-500,2,-2.22266,-0.07812,7.47266
7750358,BNO_ACC,889,-3400,2,-1.64844,-0.95703,9.34375
7759846,BNO_ACC,890,-4700,2,-0.19141,0.65234,5.13672
7768336,BNO_ACC,891,-4900,2,-0.99609,1.53125,2.71875
7770880,BNO_ACC,892,-700,2,0.19141,0.49609,3.37109
7779676,BNO_ACC,893,-500,2,0.95703,0.49609,4.21094
7790457,BNO_ACC,894,-3400,2,2.03125,-0.19141,5.21094
7799808,BNO_ACC,895,-4700,2,4.55859,1.07422,6.58594
7809078,BNO_ACC,896,-5700,2,5.55469,1.07422,8.23828
7813161,BNO_ACC,897,-2500,2,6.62891,0.49609,9.26562
7819941,BNO_ACC,898,-700,2,5.59375,-0.23047,10.03516
7830739,BNO_ACC,899,-3400,2,4.98047,-0.65234,9.72656
7839860,BNO_ACC,900,-4500,2,3.44922,-0.57422,9.03906
7849276,BNO_ACC,901,-5500,2,0.72656,-1.26562,8.27344
7853371,BNO_ACC,902,-2300,2,-0.72656,-1.57031,7.89062
7860238,BNO_ACC,903,-700,2,-2.67969,-1.83984,6.36328
7869987,BNO_ACC,904,-2500,2,-4.32812,-2.18359,5.25391
7879443,BNO_ACC,905,-3500,2,-5.01953,-2.22266,5.66797
7888758,BNO_ACC,906,-5000,2,-4.71094,-1.33984,8.81250
7891313,BNO_ACC,907,-700,2,-2.79688,0.69141,12.33984
7899921,BNO_ACC,908,-500,2,-3.67578,2.60547,11.25781
7910670,BNO_ACC,909,-3100,2,-2.71875,2.56641,12.94922
7920143,BNO_ACC,910,-4500,2,-2.91016,2.26172,13.90625
7929333,BNO_ACC,911,-5300,2,-4.21484,1.37891,14.75000
7933551,BNO_ACC,912,-2300,2,-5.28516,-0.11328,16.55078
7940639,BNO_ACC,913,-700,2,-4.09766,-1.57031,16.62891
7949695,BNO_ACC,914,-1800,2,-6.05078,1.76172,17.92969
7958825,BNO_ACC,915,-2500,2,-4.06250,0.49609,17.08984
7969000,BNO_ACC,916,-4700,2,-1.80078,-1.33984,13.78906
7972733,BNO_ACC,917,-1000,2,-2.56641,-2.33594,9.07812
7980160,BNO_ACC,918,-700,2,-4.09766,-1.26562,1.83984
7990927,BNO_ACC,919,-2900,2,2.07031,3.25781,3.37109
7998542,BNO_ACC,920,-2200,2,2.48828,3.52344,2.71875
8009569,BNO_ACC,921,-5100,2,3.52344,3.67578,5.21094
8013637,BNO_ACC,922,-2300,2,5.93750,0.15234,9.42188
8020481,BNO_ACC,923,-500,2,5.25000,-1.18750,11.37500
8029964,BNO_ACC,924,-1000,2,4.75000,-1.87891,9.84766
8040748,BNO_ACC,925,-4500,2,3.83203,-1.45703,7.62500
8048873,BNO_ACC,926,-4400,2,2.67969,0.80469,5.82422
8060967,BNO_ACC,927,-900,2,-0.15234,1.30078,4.83203
8070158,BNO_ACC,928,-1000,2,-1.49219,0.80469,3.26172
8080996,BNO_ACC,929,-4300,2,-2.26172,0.15234,0.84375
8089321,BNO_ACC,930,-4400,2,-2.91016,-0.11328,2.03125
8094200,BNO_ACC,931,-2300,2,-3.29297,-0.30469,5.05859
8100989,BNO_ACC,932,-700,2,-4.06250,0.57422,9.60938
8110341,BNO_ACC,933,-900,2,-2.79688,1.26562,13.06641
8121091,BNO_ACC,934,-4300,2,-2.79688,2.03125,13.78906
8129358,BNO_ACC,935,-4400,2,-3.64062,1.76172,13.37109
8134255,BNO_ACC,936,-2300,2,-4.71094,1.41797,14.63672
8141087,BNO_ACC,937,-500,2,-5.32422,1.80078,14.98047
8150196,BNO_ACC,938,-1000,2,-4.78906,1.41797,15.16406
8159368,BNO_ACC,939,-2200,2,-4.51953,1.22656,15.78125
8169654,BNO_ACC,940,-4400,2,-4.21484,1.37891,16.12891
8174570,BNO_ACC,941,-2300,2,-3.29297,1.37891,15.32031
8181372,BNO_ACC,942,-700,2,-2.29688,1.26562,13.14062
8190330,BNO_ACC,943,-900,2,-1.14844,1.26562,10.80078
8199376,BNO_ACC,944,-2000,2,-0.38281,1.26562,9.30859
8209715,BNO_ACC,945,-4400,2,0.15234,1.37891,7.81641
8214625,BNO_ACC,946,-2300,2,0.95703,2.52734,6.74219
8221441,BNO_ACC,947,-700,2,1.33984,3.29297,5.17188
8230693,BNO_ACC,948,-1000,2,1.45703,3.56250,5.48047
8239602,BNO_ACC,949,-2000,2,0.99609,3.37109,6.55078
8249953,BNO_ACC,950,-4400,2,0.49609,1.80078,6.58594
8254874,BNO_ACC,951,-2300,2,-0.34375,0.91797,5.13281
8261742,BNO_ACC,952,-700,2,-1.37891,0.84375,3.94922
8270794,BNO_ACC,953,-1000,2,-2.48828,0.61328,3.29297
8279797,BNO_ACC,954,-2000,2,-3.67188,0.00000,2.98828
8290248,BNO_ACC,955,-4600,2,-4.36719,-0.57422,3.21875
8301797,BNO_ACC,956,-500,2,-5.93750,-0.88281,11.49219
8310984,BNO_ACC,957,-900,2,-3.06641,1.03516,11.53125
8319981,BNO_ACC,958,-2200,2,-3.06641,2.29688,11.95312
8330261,BNO_ACC,959,-4400,2,-3.83203,2.87109,12.94531
8341927,BNO_ACC,960,-500,2,-4.94141,2.10547,15.24609
8350922,BNO_ACC,961,-1000,2,-4.98047,2.18359,15.20312
8359848,BNO_ACC,962,-1800,2,-3.98438,2.03125,16.54688
8370193,BNO_ACC,963,-4000,2,-4.67188,1.22656,16.92969
8375106,BNO_ACC,964,-2300,2,-3.37109,1.49219,15.09766
8382164,BNO_ACC,965,-500,2,-2.18359,1.10938,12.41016
8390959,BNO_ACC,966,-1000,2,-1.91406,0.26953,9.92578
8399877,BNO_ACC,967,-1400,2,-0.99609,-0.38281,7.73438
8410195,BNO_ACC,968,-3800,2,0.80469,0.61328,6.20312
8422621,BNO_ACC,969,-700,2,2.26172,2.79688,6.85547
8431451,BNO_ACC,970,-900,2,1.57031,3.02734,7.58594
8441259,BNO_ACC,971,-3200,2,0.38281,1.95312,6.93359
8450546,BNO_ACC,972,-4200,2,-0.88281,1.53125,5.09766
8462432,BNO_ACC,973,-700,2,-2.86719,1.76172,1.18750
8470724,BNO_ACC,974,-500,2,-3.67578,1.87891,0.84375
8481706,BNO_ACC,975,-3200,2,-4.32812,1.37891,0.91797
8489963,BNO_ACC,976,-3300,2,-5.09375,-0.23047,4.09766
8500249,BNO_ACC,977,-5700,2,-5.55469,-1.03516,10.11328
8503917,BNO_ACC,978,-1000,2,-5.21094,-0.03906,9.50391
8510802,BNO_ACC,979,-700,2,-4.25391,2.60547,10.65234
8521657,BNO_ACC,980,-3200,2,-5.47656,2.22266,12.18359
8531648,BNO_ACC,981,-5100,2,-6.47266,1.72266,12.83203
8540123,BNO_ACC,982,-5300,2,-6.97266,1.95312,13.71094
8542644,BNO_ACC,983,-700,2,-7.27734,2.48828,14.17188
8550990,BNO_ACC,984,-700,2,-7.50781,2.29688,14.01953
8561791,BNO_ACC,985,-3200,2,-7.23828,2.10547,13.94922
8570171,BNO_ACC,986,-3100,2,-6.93359,1.07422,13.94531
8580248,BNO_ACC,987,-5100,2,-6.01562,0.65234,14.01953
8582777,BNO_ACC,988,-700,2,-6.78125,-0.07812,15.16797
8591271,BNO_ACC,989,-700,2,-5.63281,-1.18750,11.57422
8602156,BNO_ACC,990,-3200,2,-3.83203,-1.07422,7.65625
8610169,BNO_ACC,991,-3000,2,-2.60547,-0.80469,7.05078
8620515,BNO_ACC,992,-5100,2,-1.72266,-0.19141,5.51562
8624192,BNO_ACC,993,-1200,2,-0.57422,0.19141,5.05859
8631130,BNO_ACC,994,-500,2,0.46094,1.14844,3.29297
8642016,BNO_ACC,995,-2900,2,1.37891,3.02734,3.14453
8651690,BNO_ACC,996,-4500,2,1.80078,4.02344,4.06250
8660954,BNO_ACC,997,-5500,2,2.03125,3.64062,4.44531
8662647,BNO_ACC,998,-700,2,1.60938,3.02734,4.28906
8671677,BNO_ACC,999,-500,2,1.33984,2.71875,4.67188
8682449,BNO_ACC,1000,-3200,2,1.45703,2.22266,5.78516
8691928,BNO_ACC,1001,-4700,2,0.95703,2.14453,6.12500
8701304,BNO_ACC,1002,-5700,2,0.15234,1.95312,5.89844
8702731,BNO_ACC,1003,-700,2,-0.46094,1.14844,6.85156
8711760,BNO_ACC,1004,-700,2,-1.80078,-0.30469,9.08203
8722504,BNO_ACC,1005,-3100,2,-2.71875,-1.76172,11.53516
8731992,BNO_ACC,1006,-4500,2,-3.67578,-2.29688,14.09766
8741304,BNO_ACC,1007,-5500,2,-4.13672,-2.10547,16.54688
8742942,BNO_ACC,1008,-700,2,-4.09766,-1.26562,18.27734
8751774,BNO_ACC,1009,-700,2,-3.94531,-0.07812,18.34375
8762431,BNO_ACC,1010,-2900,2,-3.56250,0.38281,18.27344
8771988,BNO_ACC,1011,-4500,2,-3.41016,0.57422,17.19531
8781284,BNO_ACC,1012,-5500,2,-3.14062,0.42188,15.70703
8785367,BNO_ACC,1013,-2300,2,-2.41406,0.34375,13.28906
8792239,BNO_ACC,1014,-700,2,-1.83984,0.80469,10.38281
8801481,BNO_ACC,1015,-1800,2,-1.10938,1.26562,7.69922
8812161,BNO_ACC,1016,-4300,2,-0.69141,1.87891,5.51562
8821386,BNO_ACC,1017,-5300,2,-0.38281,2.45312,3.83203
8823669,BNO_ACC,1018,-1000,2,-0.19141,3.21875,3.28906
8832120,BNO_ACC,1019,-500,2,0.11328,3.48438,2.10547
8842861,BNO_ACC,1020,-3100,2,0.30469,3.40625,1.91406
8852295,BNO_ACC,1021,-4300,2,0.72656,3.21875,2.91016
8860875,BNO_ACC,1022,-4600,2,0.69141,2.98828,3.86719
8865830,BNO_ACC,1023,-2300,2,0.61328,2.29688,3.90625
8872789,BNO_ACC,1024,-900,2,0.61328,1.26562,4.71484
8881679,BNO_ACC,1025,-1800,2,0.80469,-0.26953,7.16406
8892451,BNO_ACC,1026,-4300,2,0.72656,-1.37891,10.14844
8901035,BNO_ACC,1027,-4600,2,0.49609,-2.56641,13.75391
8905931,BNO_ACC,1028,-2300,2,-0.03906,-3.33203,17.19922
8912886,BNO_ACC,1029,-500,2,-0.42188,-3.48438,19.22656
8921971,BNO_ACC,1030,-1800,2,-0.69141,-3.10156,20.23047
8932613,BNO_ACC,1031,-4500,2,-0.88281,-2.64453,20.26953
8940953,BNO_ACC,1032,-4200,2,-1.37891,-1.87891,19.08203
8953074,BNO_ACC,1033,-700,2,-1.95312,0.00000,13.40625
8962067,BNO_ACC,1034,-1000,2,-2.10547,0.49609,11.37500
8972932,BNO_ACC,1035,-4500,2,-2.14453,1.18750,9.00000
8981148,BNO_ACC,1036,-4400,2,-2.18359,2.10547,5.51562
8986068,BNO_ACC,1037,-2300,2,-1.99219,2.98828,1.76172
8992924,BNO_ACC,1038,-500,2,-2.22266,3.36719,-0.34375
9001961,BNO_ACC,1039,-1400,2,-2.41406,2.98828,-0.03906
9010988,BNO_ACC,1040,-1900,2,-2.83594,2.41406,1.45703
9021268,BNO_ACC,1041,-4200,2,-2.56250,1.57031,1.99219
9026192,BNO_ACC,1042,-2300,2,-3.56250,0.61328,2.41406
9033017,BNO_ACC,1043,-500,2,-3.06641,0.91797,3.78906
9042496,BNO_ACC,1044,-1000,2,-3.25781,2.14453,8.46484
9053178,BNO_ACC,1045,-4500,2,-3.37109,2.45312,10.14844
9061430,BNO_ACC,1046,-4300,2,-4.06250,3.33203,12.48828
9066363,BNO_ACC,1047,-2300,2,-5.55469,4.17578,14.97656
9073289,BNO_ACC,1048,-500,2,-6.62891,3.48438,17.12500
9082647,BNO_ACC,1049,-1000,2,-7.46875,3.60156,18.31250
9093461,BNO_ACC,1050,-4500,2,-7.23828,2.56641,19.15234
9101535,BNO_ACC,1051,-4200,2,-7.35547,1.37891,18.73047
9106408,BNO_ACC,1052,-2300,2,-8.31250,-0.69141,19.76953
9113351,BNO_ACC,1053,-500,2,-6.12891,-2.71875,15.70703
9122545,BNO_ACC,1054,-1000,2,-5.21094,-2.98828,8.81641
9131598,BNO_ACC,1055,-2200,2,-3.33203,-1.14844,4.93750
9141856,BNO_ACC,1056,-4400,2,-3.18359,0.30469,1.83984
9146771,BNO_ACC,1057,-2300,2,1.14844,3.10156,0.53516
9153564,BNO_ACC,1058,-500,2,5.39844,0.34375,1.60938
9162760,BNO_ACC,1059,-1000,2,3.83203,2.75781,6.97266
9171827,BNO_ACC,1060,-2200,2,7.39062,3.48438,6.32031
9182054,BNO_ACC,1061,-4600,2,4.13672,2.98828,5.28516
9186992,BNO_ACC,1062,-2300,2,2.48828,2.22266,3.91016
9193699,BNO_ACC,1063,-500,2,2.07031,1.33984,3.60547
9202866,BNO_ACC,1064,-1000,2,0.69141,1.68359,3.64062
9211847,BNO_ACC,1065,-2000,2,-0.88281,0.53516,3.86719
9222173,BNO_ACC,1066,-4400,2,-2.41797,-0.65234,1.72266
9227100,BNO_ACC,1067,-2300,2,-4.25391,-2.64453,5.93750
9234223,BNO_ACC,1068,-500,2,-5.78516,-3.10156,8.35547
9243130,BNO_ACC,1069,-1000,2,-4.75000,-2.33594,12.44922
9252287,BNO_ACC,1070,-2400,2,-3.37109,-0.88281,15.78516
9262555,BNO_ACC,1071,-4600,2,-3.48438,0.30469,14.67578
9274163,BNO_ACC,1072,-700,2,-4.51953,1.33984,15.32422
9282908,BNO_ACC,1073,-1000,2,-5.36328,1.37891,15.32422
9291904,BNO_ACC,1074,-1600,2,-5.97656,0.65234,14.39844
9302237,BNO_ACC,1075,-4000,2,-6.08984,0.69141,13.67578
9307176,BNO_ACC,1076,-2300,2,-5.51562,1.18750,12.86719
9314234,BNO_ACC,1077,-500,2,-4.86328,1.45703,11.19141
9323164,BNO_ACC,1078,-1000,2,-4.17578,1.41797,9.16016
9332116,BNO_ACC,1079,-1800,2,-3.64062,1.49219,7.93359
9342653,BNO_ACC,1080,-4200,2,-2.83594,1.68359,6.58984
9354396,BNO_ACC,1081,-500,2,-1.53125,2.33594,5.21094
9363289,BNO_ACC,1082,-900,2,-0.99609,2.41406,4.59766
9372283,BNO_ACC,1083,-1800,2,-0.80469,1.91406,5.05859
9382710,BNO_ACC,1084,-4000,2,-0.69141,1.37891,5.66406
9394433,BNO_ACC,1085,-700,2,0.34375,0.11328,5.59375
9403276,BNO_ACC,1086,-700,2,0.72656,-0.15234,7.23438
9413699,BNO_ACC,1087,-3200,2,1.41797,-0.69141,9.34375
9422018,BNO_ACC,1088,-3300,2,1.76172,-1.10938,10.57031
9432251,BNO_ACC,1089,-5300,2,2.18359,-1.64844,11.33594
9434744,BNO_ACC,1090,-900,2,2.60547,-1.87891,12.64453
9443097,BNO_ACC,1091,-500,2,2.52734,-2.52734,14.01562
9453880,BNO_ACC,1092,-3200,2,2.67969,-2.64453,14.59375
9463659,BNO_ACC,1093,-4900,2,2.64453,-2.10547,14.40234
9472942,BNO_ACC,1094,-6000,2,2.33594,-1.53125,14.05469
9474243,BNO_ACC,1095,-700,2,1.83984,-1.14844,13.67578
9483556,BNO_ACC,1096,-900,2,1.30078,-0.46094,13.02344
9492523,BNO_ACC,1097,-1500,2,0.80469,0.46094,12.37891
9502809,BNO_ACC,1098,-3600,2,0.49609,0.95703,11.53125
9512967,BNO_ACC,1099,-5800,2,0.11328,1.37891,10.34766
9514293,BNO_ACC,1100,-500,2,-0.26953,1.57031,9.08203
9523728,BNO_ACC,1101,-700,2,-0.38281,2.33594,7.55078
9534243,BNO_ACC,1102,-3200,2,-0.46094,3.21875,6.05078
9543767,BNO_ACC,1103,-4900,2,-0.46094,3.25781,4.83203
9553034,BNO_ACC,1104,-5700,2,-0.61328,2.52734,4.33203
9554511,BNO_ACC,1105,-500,2,-0.84375,1.87891,4.17578
9563944,BNO_ACC,1106,-900,2,-0.95703,1.60938,4.51562
9573827,BNO_ACC,1107,-2700,2,-1.14844,1.30078,5.51953
9583355,BNO_ACC,1108,-3900,2,-1.57031,0.38281,7.54688
9592613,BNO_ACC,1109,-5200,2,-2.18359,0.07812,9.53906
9595318,BNO_ACC,1110,-900,2,-2.29688,-0.49609,11.14844
9603463,BNO_ACC,1111,-500,2,-2.52734,-0.72656,12.67969
9614223,BNO_ACC,1112,-2900,2,-3.02734,-0.57422,13.94531
9623790,BNO_ACC,1113,-4500,2,-3.29297,-0.46094,14.43750
9633026,BNO_ACC,1114,-5300,2,-3.44922,-0.57422,14.09375
9636657,BNO_ACC,1115,-1200,2,-3.29297,-0.26953,13.90625
9643621,BNO_ACC,1116,-500,2,-3.02734,0.57422,13.44531
9652782,BNO_ACC,1117,-1100,2,-2.64453,0.80469,12.48828
9662934,BNO_ACC,1118,-3100,2,-2.45312,1.07422,11.83594
9673115,BNO_ACC,1119,-5300,2,-2.18359,1.68359,10.95312
9676612,BNO_ACC,1120,-1200,2,-1.80078,1.87891,10.41797
9683842,BNO_ACC,1121,-500,2,-1.30078,1.95312,9.16016
9694629,BNO_ACC,1122,-2900,2,-0.91797,1.91406,7.93359
9704170,BNO_ACC,1123,-4500,2,-0.49609,1.95312,6.44141
9713592,BNO_ACC,1124,-5500,2,-0.07812,2.10547,5.17578
9715148,BNO_ACC,1125,-700,2,-0.03906,2.48828,4.75391
9724099,BNO_ACC,1126,-500,2,0.42188,2.83594,4.75000
9734974,BNO_ACC,1127,-3100,2,0.38281,3.33203,4.98047
9744313,BNO_ACC,1128,-4500,2,0.26953,3.21875,5.01562
9752911,BNO_ACC,1129,-4600,2,0.03906,2.67969,4.82812
9755701,BNO_ACC,1130,-900,2,-0.49609,2.22266,4.44922
9764135,BNO_ACC,1131,-500,2,-1.26562,1.64844,4.51953
9774152,BNO_ACC,1132,-2000,2,-2.22266,0.61328,5.66797
9784868,BNO_ACC,1133,-4900,2,-3.14062,-0.53516,7.62891
9792913,BNO_ACC,1134,-4600,2,-4.32812,-1.91406,10.91797
9797848,BNO_ACC,1135,-2300,2,-5.13281,-2.75781,13.52344
9804656,BNO_ACC,1136,-700,2,-6.28125,-2.07031,16.01172
9813668,BNO_ACC,1137,-1400,2,-6.43750,-0.95703,16.81250
9824346,BNO_ACC,1138,-4000,2,-6.55078,0.46094,17.53906
9833591,BNO_ACC,1139,-5000,2,-6.24219,1.30078,18.00391
9837843,BNO_ACC,1140,-2500,2,-5.78516,1.49219,16.74609
9844635,BNO_ACC,1141,-700,2,-5.44141,1.57031,15.24609
9853893,BNO_ACC,1142,-1600,2,-5.01953,2.10547,13.91016
9862879,BNO_ACC,1143,-2200,2,-3.98438,2.29688,11.14844
9873237,BNO_ACC,1144,-4400,2,-3.06641,2.22266,8.54297
9878132,BNO_ACC,1145,-2300,2,-2.45312,1.57031,6.66406
9884959,BNO_ACC,1146,-700,2,-1.95312,0.91797,3.87109
9894267,BNO_ACC,1147,-1600,2,-1.57031,1.10938,1.53125
9904969,BNO_ACC,1148,-4300,2,-0.91797,1.87500,1.30078
9913240,BNO_ACC,1149,-4300,2,0.49609,1.87500,1.07422
9918167,BNO_ACC,1150,-2300,2,1.64844,3.25781,3.32812
9925190,BNO_ACC,1151,-700,2,2.26172,2.56641,5.82031
9934401,BNO_ACC,1152,-1000,2,2.45312,0.95703,7.08594
9945250,BNO_ACC,1153,-4300,2,2.29688,0.65234,6.82031
9953557,BNO_ACC,1154,-4400,2,1.80078,0.95703,5.94141
9958460,BNO_ACC,1155,-2100,2,1.18750,1.22656,5.51953
9965266,BNO_ACC,1156,-500,2,0.49609,1.03516,6.16797
9974569,BNO_ACC,1157,-900,2,-0.72656,0.49609,7.31641
9985375,BNO_ACC,1158,-4300,2,-2.03125,-0.53516,9.61328
9993466,BNO_ACC,1159,-4300,2,-2.60547,-1.10938,11.76172
9998397,BNO_ACC,1160,-2300,2,-3.29297,-0.65234,13.06641
10005358,BNO_ACC,1161,-700,2,-3.90625,-0.57422,15.16797
10014538,BNO_ACC,1162,-1000,2,-4.51953,0.19141,16.54688
10023521,BNO_ACC,1163,-2200,2,-5.01953,1.49219,15.66797
10033722,BNO_ACC,1164,-4400,2,-5.17188,1.64844,15.89844
10046078,BNO_ACC,1165,-700,2,-5.21094,1.83984,13.52734
10054639,BNO_ACC,1166,-1000,2,-4.94141,1.76172,12.37891
10063581,BNO_ACC,1167,-2000,2,-5.13281,2.18359,11.67969
10073783,BNO_ACC,1168,-4000,2,-4.86328,2.37500,10.38281
10078711,BNO_ACC,1169,-2300,2,-4.82812,2.45312,9.53906
10085808,BNO_ACC,1170,-500,2,-4.51953,2.64453,9.65234
10094840,BNO_ACC,1171,-900,2,-3.86719,2.41406,9.11719
10103848,BNO_ACC,1172,-2200,2,-2.94922,1.53125,8.01172
10114186,BNO_ACC,1173,-4400,2,-2.37500,0.95703,7.89453
10119108,BNO_ACC,1174,-2300,2,-1.64844,0.57422,6.97266
10125937,BNO_ACC,1175,-500,2,-0.69141,0.30469,5.59375
10134962,BNO_ACC,1176,-1000,2,-0.07812,0.15234,4.28906
10143920,BNO_ACC,1177,-2000,2,0.49609,0.84375,3.52344
10154167,BNO_ACC,1178,-4000,2,1.18750,0.84375,2.86719
10159050,BNO_ACC,1179,-2300,2,1.49219,1.14844,3.32812
10166046,BNO_ACC,1180,-500,2,2.07031,1.14844,3.83203
10175121,BNO_ACC,1181,-900,2,2.52734,1.33984,5.28125
10184071,BNO_ACC,1182,-1800,2,2.83594,0.99609,6.70312
10194465,BNO_ACC,1183,-4200,2,2.94922,0.76562,7.58594
10206150,BNO_ACC,1184,-500,2,2.37500,1.45703,8.73438
10215040,BNO_ACC,1185,-1000,2,1.37891,1.33984,8.84766
10224042,BNO_ACC,1186,-1600,2,0.11328,0.65234,9.80469
10234416,BNO_ACC,1187,-4000,2,-1.18750,-0.19141,10.83984
10239323,BNO_ACC,1188,-2300,2,-3.10156,-0.49609,12.48438
10246450,BNO_ACC,1189,-500,2,-4.28906,-0.57422,13.78906
10255323,BNO_ACC,1190,-900,2,-6.20703,-0.65234,14.25391
10264401,BNO_ACC,1191,-1800,2,-4.90234,0.69141,14.97656
10274782,BNO_ACC,1192,-4200,2,-5.97656,1.80078,15.86328
10286614,BNO_ACC,1193,-700,2,-5.47656,3.25781,13.75000
10295033,BNO_ACC,1194,-700,2,-5.21094,3.48438,13.91016
10305884,BNO_ACC,1195,-3400,2,-6.08984,2.60547,12.75781
10315540,BNO_ACC,1196,-5100,2,-5.74609,2.37500,12.22266
10324844,BNO_ACC,1197,-6000,2,-5.21094,2.37500,10.99609
10326185,BNO_ACC,1198,-700,2,-4.02344,1.64844,10.26953
10335466,BNO_ACC,1199,-1000,2,-4.21484,1.83984,10.83984
10344508,BNO_ACC,1200,-1600,2,-3.17969,0.84375,8.96484
10354903,BNO_ACC,1201,-3800,2,-2.10547,0.26953,6.70703
10366865,BNO_ACC,1202,-700,2,-0.46094,0.26953,3.52344
10375380,BNO_ACC,1203,-700,2,0.61328,0.26953,2.60547
10384365,BNO_ACC,1204,-1300,2,1.68359,0.88281,2.60156
10394543,BNO_ACC,1205,-3300,2,2.37500,1.57031,3.14453
10404873,BNO_ACC,1206,-5700,2,2.98828,2.14453,2.98438
10406426,BNO_ACC,1207,-700,2,3.17969,3.10156,4.09766
10415541,BNO_ACC,1208,-500,2,3.17969,2.79688,5.82031
10426326,BNO_ACC,1209,-3400,2,2.83594,1.57031,6.35938
10435806,BNO_ACC,1210,-4700,2,1.72266,1.10938,6.12500
10445125,BNO_ACC,1211,-5700,2,-0.15234,1.41797,6.74609
10446578,BNO_ACC,1212,-700,2,-1.72266,0.34375,8.27734
10455717,BNO_ACC,1213,-500,2,-3.64062,-0.53516,10.83594
10466512,BNO_ACC,1214,-3400,2,-5.21094,-0.49609,10.99219
10475976,BNO_ACC,1215,-4900,2,-3.37109,-0.57422,14.33203
10485287,BNO_ACC,1216,-5900,2,-5.44141,-0.23047,18.54297
10486747,BNO_ACC,1217,-700,2,-3.25781,0.53516,14.97656
10495715,BNO_ACC,1218,-500,2,-3.33203,1.64844,15.24219
10506586,BNO_ACC,1219,-3200,2,-2.98828,2.18359,15.70312
10516029,BNO_ACC,1220,-4500,2,-3.25781,2.03125,14.09766
10525312,BNO_ACC,1221,-5700,2,-3.25781,1.91406,12.98828
10526976,BNO_ACC,1222,-700,2,-2.33594,2.26172,10.18750
10535885,BNO_ACC,1223,-700,2,-2.29688,2.26172,8.16016
10546719,BNO_ACC,1224,-3200,2,-1.99219,2.18359,6.36328
10556140,BNO_ACC,1225,-4500,2,-1.68359,2.75781,3.94922
10565453,BNO_ACC,1226,-5500,2,-0.65234,2.83594,1.80078
10567125,BNO_ACC,1227,-700,2,-0.03906,3.40625,0.65234
10576116,BNO_ACC,1228,-700,2,0.34375,2.72266,1.37891
10587020,BNO_ACC,1229,-3200,2,0.69141,2.98828,3.90625
10596159,BNO_ACC,1230,-4500,2,0.99609,1.68359,7.58594
10605426,BNO_ACC,1231,-5300,2,0.99609,-0.65234,10.83594
10609491,BNO_ACC,1232,-2300,2,0.76562,-2.10547,13.82812
10616669,BNO_ACC,1233,-900,2,0.38281,-2.37500,16.16797
10626444,BNO_ACC,1234,-2500,2,-0.53516,-2.37500,17.89062
10636249,BNO_ACC,1235,-4300,2,-1.68359,-2.29688,18.92578
10645571,BNO_ACC,1236,-5300,2,-1.68359,-1.41797,18.23438
10656859,BNO_ACC,1237,-900,2,-2.07031,0.46094,14.78125
10666526,BNO_ACC,1238,-2500,2,-1.80078,1.37891,12.10547
10676335,BNO_ACC,1239,-4200,2,-1.53125,2.26172,9.34375
10685641,BNO_ACC,1240,-5300,2,-1.14844,3.06641,7.27734
10689731,BNO_ACC,1241,-2300,2,-1.03516,3.44922,5.63281
10696554,BNO_ACC,1242,-700,2,-0.95703,3.71484,4.06250
10705882,BNO_ACC,1243,-1600,2,-1.22656,3.56641,3.17969
10716713,BNO_ACC,1244,-4500,2,-1.26562,3.60547,2.83594
10725114,BNO_ACC,1245,-4500,2,-1.37891,3.37109,3.10156
10730009,BNO_ACC,1246,-2300,2,-1.53125,2.67969,3.98828
10737034,BNO_ACC,1247,-500,2,-1.53125,1.91406,6.04688
10746051,BNO_ACC,1248,-1600,2,-1.83984,0.99609,9.12109
10756786,BNO_ACC,1249,-4500,2,-2.18359,0.23047,12.44531
10765207,BNO_ACC,1250,-4500,2,-2.56641,-0.03906,14.94141
10770135,BNO_ACC,1251,-2300,2,-2.75781,-0.46094,16.28516
10777074,BNO_ACC,1252,-700,2,-2.75781,-0.49609,16.28516
10786214,BNO_ACC,1253,-1000,2,-2.67969,-0.80469,15.47656
10797005,BNO_ACC,1254,-4300,2,-2.37500,-0.84375,13.48438
10805471,BNO_ACC,1255,-4500,2,-1.30078,-0.03906,11.03516
10810394,BNO_ACC,1256,-2100,2,-0.76562,1.18750,8.53906
10817372,BNO_ACC,1257,-700,2,-0.23047,2.26172,6.93359
10826420,BNO_ACC,1258,-1000,2,0.46094,2.67969,6.20703
10837223,BNO_ACC,1259,-4500,2,0.84375,3.10156,5.59766
10845385,BNO_ACC,1260,-4200,2,0.99609,3.21875,4.75391
10850300,BNO_ACC,1261,-2300,2,1.07422,2.94922,4.85938
10857393,BNO_ACC,1262,-700,2,1.18750,3.02734,5.09766
10866575,BNO_ACC,1263,-1000,2,1.14844,2.52734,5.17578
10877352,BNO_ACC,1264,-4300,2,1.07422,1.68359,5.40234
10885566,BNO_ACC,1265,-4400,2,0.88281,0.57422,6.62500
10890493,BNO_ACC,1266,-2300,2,0.57422,-0.53516,8.42578
10897345,BNO_ACC,1267,-500,2,-0.11328,-1.30078,10.49609
10906514,BNO_ACC,1268,-1000,2,-0.80469,-1.91406,12.44531
10915507,BNO_ACC,1269,-2200,2,-1.72266,-1.91406,13.14062
10925875,BNO_ACC,1270,-4400,2,-2.45312,-1.53125,13.41016
10930803,BNO_ACC,1271,-2300,2,-2.83594,-0.49609,13.21094
10937744,BNO_ACC,1272,-700,2,-2.87109,0.57422,12.83203
10946616,BNO_ACC,1273,-900,2,-3.21875,1.64844,12.75781
10955703,BNO_ACC,1274,-2000,2,-3.17969,2.60547,12.64453
10965863,BNO_ACC,1275,-4200,2,-3.17969,3.10156,12.82812
10978027,BNO_ACC,1276,-700,2,-2.71875,3.10156,11.41406
10987051,BNO_ACC,1277,-1000,2,-2.71875,2.94922,10.38281
10995871,BNO_ACC,1278,-2000,2,-2.45312,3.06641,9.68750
11006369,BNO_ACC,1279,-4400,2,-2.10547,2.67969,9.12109
11017990,BNO_ACC,1280,-700,2,-1.49219,1.41797,7.50781
11026969,BNO_ACC,1281,-1000,2,-1.22656,1.22656,6.62891
11036054,BNO_ACC,1282,-2000,2,-0.76562,0.95703,6.01562
11046385,BNO_ACC,1283,-4400,2,-0.30469,1.22656,5.28125
11058003,BNO_ACC,1284,-500,2,0.84375,1.41797,5.70703
11066991,BNO_ACC,1285,-900,2,1.22656,1.53125,6.78125
11075986,BNO_ACC,1286,-1600,2,1.22656,1.49219,7.62500
11086596,BNO_ACC,1287,-4400,2,0.88281,1.18750,7.47266
11098188,BNO_ACC,1288,-500,2,-0.46094,0.80469,8.53906
11107211,BNO_ACC,1289,-900,2,-1.41797,0.38281,10.49219
11116088,BNO_ACC,1290,-1800,2,-2.37500,-0.34375,12.29688
11126482,BNO_ACC,1291,-4200,2,-3.41016,-0.84375,13.86719
11131392,BNO_ACC,1292,-2100,2,-3.44922,-0.34375,15.24219
11138388,BNO_ACC,1293,-500,2,-3.60156,0.00000,15.54688
11147284,BNO_ACC,1294,-1000,2,-3.56250,0.61328,15.47656
11156112,BNO_ACC,1295,-1600,2,-2.67969,1.87891,15.05469
11166472,BNO_ACC,1296,-3800,2,-2.52734,1.80078,13.33203
11178737,BNO_ACC,1297,-700,2,-2.22266,1.68359,9.61328
11187593,BNO_ACC,1298,-1000,2,-1.76172,2.29688,7.65625
11196563,BNO_ACC,1299,-1800,2,-1.41797,2.64453,5.51562
11207009,BNO_ACC,1300,-4400,2,-1.10938,2.71875,3.67578
11218762,BNO_ACC,1301,-500,2,-0.49609,2.87109,2.71875
11227725,BNO_ACC,1302,-1000,2,-0.23047,3.02734,3.10547
11237520,BNO_ACC,1303,-3100,2,-0.03906,2.75781,4.06250
11246987,BNO_ACC,1304,-4100,2,0.00000,1.99219,6.89453
11258671,BNO_ACC,1305,-700,2,-0.26953,-1.07422,13.59375
11267653,BNO_ACC,1306,-900,2,-0.46094,-1.95312,16.20703
11276664,BNO_ACC,1307,-1600,2,-0.76562,-2.60547,17.89062
11286984,BNO_ACC,1308,-4000,2,-1.10938,-2.67969,18.38281
11298756,BNO_ACC,1309,-700,2,-1.57031,-1.18750,16.12500
11307490,BNO_ACC,1310,-700,2,-1.49219,-0.07812,13.59375
11318245,BNO_ACC,1311,-3400,2,-1.41797,1.14844,10.57031
11326382,BNO_ACC,1312,-3100,2,-1.41797,2.14453,7.85156
11336663,BNO_ACC,1313,-5500,2,-1.37891,2.98828,5.44141
11340343,BNO_ACC,1314,-1000,2,-1.26562,3.56250,3.71094
11347417,BNO_ACC,1315,-500,2,-1.22656,4.09375,2.10547
11358260,BNO_ACC,1316,-3200,2,-1.30078,4.25391,1.37891
11367818,BNO_ACC,1317,-4700,2,-1.18750,3.91016,1.49219
11377103,BNO_ACC,1318,-5700,2,-1.18750,3.40625,2.22266
11378768,BNO_ACC,1319,-700,2,-1.10938,3.02734,4.06641
11387977,BNO_ACC,1320,-900,2,-1.10938,2.60547,7.31250
11396922,BNO_ACC,1321,-1500,2,-1.30078,1.76172,10.53516
11407273,BNO_ACC,1322,-3600,2,-1.87891,0.80469,12.86719
11416666,BNO_ACC,1323,-5100,2,-2.26172,0.03906,14.51562
11419188,BNO_ACC,1324,-700,2,-2.29688,-0.42188,15.74609
11427810,BNO_ACC,1325,-700,2,-1.99219,-1.07422,16.20312
11438612,BNO_ACC,1326,-3100,2,-1.60938,-1.26562,15.66406
11448117,BNO_ACC,1327,-4700,2,-0.76562,-1.37891,14.01953
11457430,BNO_ACC,1328,-5700,2,0.07812,-0.80469,11.79688
11458942,BNO_ACC,1329,-500,2,1.18750,-0.11328,11.07422
11467986,BNO_ACC,1330,-700,2,2.33594,0.72656,11.11328
11478733,BNO_ACC,1331,-3100,2,2.94922,0.95703,10.34766
11488281,BNO_ACC,1332,-4700,2,3.33203,1.57031,8.84375
11497638,BNO_ACC,1333,-5700,2,3.14062,2.41406,7.62500
11499174,BNO_ACC,1334,-700,2,3.10156,2.79688,7.00781
11508050,BNO_ACC,1335,-500,2,2.79688,2.64453,6.82422
11518802,BNO_ACC,1336,-3100,2,2.07031,2.45312,5.59766
11528324,BNO_ACC,1337,-4500,2,0.95703,1.91406,4.51562
11537679,BNO_ACC,1338,-5500,2,0.00000,1.37891,4.17578
11541785,BNO_ACC,1339,-2300,2,-0.69141,0.57422,4.36719
11548664,BNO_ACC,1340,-700,2,-1.91406,0.15234,5.51562
11558449,BNO_ACC,1341,-2500,2,-2.79688,-1.49219,8.35547
11568435,BNO_ACC,1342,-4500,2,-3.60156,-1.95312,10.49219
11577976,BNO_ACC,1343,-5700,2,-3.64062,-0.91797,12.06250
11579582,BNO_ACC,1344,-500,2,-3.29297,0.26953,12.76172
11588342,BNO_ACC,1345,-500,2,-3.67578,0.99609,13.10156
11599179,BNO_ACC,1346,-2900,2,-4.17578,2.37500,14.05859
11608640,BNO_ACC,1347,-4500,2,-3.67578,3.86719,14.85938
11617049,BNO_ACC,1348,-4400,2,-4.25391,3.33203,13.79297
11621968,BNO_ACC,1349,-2300,2,-3.79297,2.48828,12.41016
11628864,BNO_ACC,1350,-500,2,-3.52344,2.41406,12.02344
11637848,BNO_ACC,1351,-1600,2,-2.98828,1.95312,11.33594
11646965,BNO_ACC,1352,-2200,2,-2.26172,1.30078,9.53906
11657229,BNO_ACC,1353,-4600,2,-1.53125,0.65234,7.35156
11662137,BNO_ACC,1354,-2300,2,-0.72656,0.42188,5.51562
11669033,BNO_ACC,1355,-500,2,0.38281,0.30469,3.87109
11678080,BNO_ACC,1356,-1800,2,1.33984,1.14844,3.52734
11688926,BNO_ACC,1357,-4300,2,2.14453,1.99219,5.01953
11697482,BNO_ACC,1358,-4600,2,2.45312,1.95312,6.12891
11702384,BNO_ACC,1359,-2300,2,2.33594,1.87891,6.58594
11709204,BNO_ACC,1360,-500,2,1.87891,1.30078,6.82422
11718464,BNO_ACC,1361,-1800,2,1.18750,0.38281,7.27344
11729179,BNO_ACC,1362,-4300,2,-0.38281,-0.03906,7.16797
11737363,BNO_ACC,1363,-4200,2,-1.87891,-0.57422,7.96875
11749407,BNO_ACC,1364,-700,2,-4.06250,-0.99609,12.82812
11758451,BNO_ACC,1365,-900,2,-4.40625,-0.07812,13.98047
11767629,BNO_ACC,1366,-2600,2,-3.94531,0.61328,14.32812
11778043,BNO_ACC,1367,-5000,2,-3.75391,1.45703,14.25000
11782086,BNO_ACC,1368,-2300,2,-3.56250,2.75781,14.35938
11789177,BNO_ACC,1369,-500,2,-2.60547,3.60156,14.63281
11798651,BNO_ACC,1370,-900,2,-3.10156,2.56641,13.40625
11809227,BNO_ACC,1371,-4200,2,-2.67969,1.91406,12.33984
11817713,BNO_ACC,1372,-4300,2,-2.29688,1.80078,11.07031
11822654,BNO_ACC,1373,-2300,2,-1.91406,1.30078,9.64844
11829522,BNO_ACC,1374,-500,2,-1.07422,0.76562,7.81641
11838749,BNO_ACC,1375,-1000,2,-0.61328,0.61328,5.90234
11847843,BNO_ACC,1376,-2200,2,0.38281,0.42188,4.55469
11858328,BNO_ACC,1377,-4800,2,1.07422,1.14844,4.09375
11869773,BNO_ACC,1378,-700,2,1.91406,1.91406,7.27344
11878819,BNO_ACC,1379,-1000,2,1.76172,1.64844,7.77734
11887919,BNO_ACC,1380,-2200,2,1.49219,1.64844,7.65625
11898065,BNO_ACC,1381,-4400,2,0.76562,1.45703,7.50781
11910280,BNO_ACC,1382,-700,2,-1.30078,0.42188,8.23828
11919314,BNO_ACC,1383,-1000,2,-2.26172,-0.72656,10.14844
11927437,BNO_ACC,1384,-1700,2,-2.94922,-0.95703,11.91406
11938561,BNO_ACC,1385,-4600,2,-3.10156,-0.30469,13.79297
11950012,BNO_ACC,1386,-500,2,-2.67969,0.61328,14.05469
11958992,BNO_ACC,1387,-900,2,-2.07031,2.03125,14.25000
11968112,BNO_ACC,1388,-2000,2,-1.83984,2.48828,14.43750
11978402,BNO_ACC,1389,-4200,2,-2.45312,1.41797,13.02344
11983325,BNO_ACC,1390,-2300,2,-1.95312,1.18750,11.72266
11990401,BNO_ACC,1391,-700,2,-1.87891,0.99609,10.38672
11999212,BNO_ACC,1392,-900,2,-1.10938,0.76562,8.00781
12008188,BNO_ACC,1393,-2000,2,-0.84375,0.88281,6.24609
12018558,BNO_ACC,1394,-4400,2,-0.11328,0.84375,4.40625
12023480,BNO_ACC,1395,-2300,2,0.72656,1.41797,3.48438
12030468,BNO_ACC,1396,-500,2,1.37891,2.26172,5.17578
12039318,BNO_ACC,1397,-1000,2,1.87891,2.18359,6.66406
12048132,BNO_ACC,1398,-1600,2,1.99219,2.03125,7.69922
12058422,BNO_ACC,1399,-3900,2,1.91406,1.53125,7.85547
12070947,BNO_ACC,1400,-700,2,0.46094,0.84375,8.00781
12079568,BNO_ACC,1401,-1000,2,-0.26953,0.38281,8.96484
12088595,BNO_ACC,1402,-1800,2,-0.91797,-0.15234,10.45312
12099033,BNO_ACC,1403,-4400,2,-2.18359,-0.80469,12.52734
12110689,BNO_ACC,1404,-500,2,-2.29688,0.19141,14.71094
12119413,BNO_ACC,1405,-900,2,-2.18359,0.61328,14.51953
12128427,BNO_ACC,1406,-1600,2,-1.95312,1.26562,13.91016
12138701,BNO_ACC,1407,-3800,2,-1.14844,2.03125,13.37109
12151124,BNO_ACC,1408,-700,2,-1.49219,0.91797,10.87891
12159807,BNO_ACC,1409,-900,2,-0.80469,1.18750,9.65234
12168882,BNO_ACC,1410,-1800,2,-0.69141,1.14844,8.35156
12179409,BNO_ACC,1411,-4400,2,-0.19141,0.84375,6.46875
12190979,BNO_ACC,1412,-500,2,0.69141,1.33984,5.55469
12199773,BNO_ACC,1413,-900,2,0.91797,1.68359,5.74219
12208718,BNO_ACC,1414,-1400,2,1.07422,1.60938,6.36328
12219109,BNO_ACC,1415,-3800,2,1.03516,1.57031,7.16797
12230989,BNO_ACC,1416,-700,2,0.34375,0.80469,7.16406
12239460,BNO_ACC,1417,-500,2,-0.23047,0.65234,8.39062
12250303,BNO_ACC,1418,-3200,2,-0.91797,0.19141,9.96094
12259925,BNO_ACC,1419,-4700,2,-1.99219,-0.61328,11.79688
12269283,BNO_ACC,1420,-5900,2,-2.45312,-0.61328,13.44922
12270668,BNO_ACC,1421,-700,2,-2.45312,0.15234,14.90234
12279905,BNO_ACC,1422,-700,2,-2.41406,0.53516,14.86328
12288954,BNO_ACC,1423,-1500,2,-2.60547,1.07422,13.94922
12299431,BNO_ACC,1424,-3800,2,-2.37500,1.72266,13.75000
12311713,BNO_ACC,1425,-1000,2,-2.07031,1.57031,11.75781
12319617,BNO_ACC,1426,-700,2,-2.10547,1.14844,10.22656
12330414,BNO_ACC,1427,-3100,2,-1.53125,1.30078,9.16016
12340125,BNO_ACC,1428,-4700,2,-1.22656,1.22656,8.66016
12349467,BNO_ACC,1429,-5700,2,-0.91797,0.95703,7.16797
12351171,BNO_ACC,1430,-700,2,-0.57422,0.91797,6.16406
12360299,BNO_ACC,1431,-700,2,-0.11328,0.99609,5.09375
12370248,BNO_ACC,1432,-2500,2,0.46094,1.07422,5.51562
12379734,BNO_ACC,1433,-3900,2,1.03516,1.49219,5.51562
12389289,BNO_ACC,1434,-5300,2,1.45703,1.64844,6.24219
12392918,BNO_ACC,1435,-1400,2,1.49219,1.60938,6.66797
12399960,BNO_ACC,1436,-700,2,1.64844,1.49219,7.12891
12410738,BNO_ACC,1437,-2900,2,1.53125,1.18750,7.73828
12420327,BNO_ACC,1438,-4300,2,1.14844,1.03516,8.19922
12429899,BNO_ACC,1439,-5700,2,0.84375,1.10938,8.57812
12431316,BNO_ACC,1440,-700,2,0.30469,1.03516,9.19922
12440132,BNO_ACC,1441,-700,2,-0.46094,0.61328,10.53125
12450950,BNO_ACC,1442,-3100,2,-1.22656,0.19141,12.02344
12460395,BNO_ACC,1443,-4300,2,-1.87891,-0.23047,13.36719
12469775,BNO_ACC,1444,-5500,2,-2.10547,0.15234,14.55469
12473848,BNO_ACC,1445,-2300,2,-2.33594,0.53516,14.78516
12480801,BNO_ACC,1446,-700,2,-2.64453,0.57422,14.13672
12490639,BNO_ACC,1447,-2500,2,-2.67969,0.84375,14.09766
12500605,BNO_ACC,1448,-4300,2,-2.48828,1.18750,13.78906
12509230,BNO_ACC,1449,-4700,2,-2.22266,1.03516,12.75781
12512176,BNO_ACC,1450,-1000,2,-2.41406,0.65234,11.41797
12520374,BNO_ACC,1451,-700,2,-2.26172,0.65234,10.83594
12529597,BNO_ACC,1452,-900,2,-1.72266,0.84375,9.88672
12541228,BNO_ACC,1453,-4900,2,-1.26562,0.84375,9.03906
12549115,BNO_ACC,1454,-4600,2,-0.76562,0.69141,7.89062
12561322,BNO_ACC,1455,-700,2,0.00000,0.91797,5.66797
12570036,BNO_ACC,1456,-1600,2,0.38281,1.30078,5.48047
12579104,BNO_ACC,1457,-2200,2,0.91797,1.72266,5.43750
12589353,BNO_ACC,1458,-4600,2,1.26562,1.83984,5.78125
12594293,BNO_ACC,1459,-2300,2,1.53125,1.87891,6.32422
12601132,BNO_ACC,1460,-500,2,1.83984,1.68359,6.74219
12610392,BNO_ACC,1461,-1600,2,1.91406,1.72266,7.31250
12621184,BNO_ACC,1462,-4500,2,1.72266,1.60938,7.46875
12629344,BNO_ACC,1463,-4400,2,1.33984,1.41797,7.54688
12634263,BNO_ACC,1464,-2300,2,0.76562,1.26562,7.85547
12641238,BNO_ACC,1465,-700,2,0.26953,0.95703,8.42188
12650466,BNO_ACC,1466,-1000,2,-0.30469,0.49609,9.22656
12659641,BNO_ACC,1467,-2400,2,-1.53125,-0.30469,11.03125
12669867,BNO_ACC,1468,-4700,2,-1.91406,-0.84375,12.17969
12674787,BNO_ACC,1469,-2300,2,-2.33594,-0.49609,13.28906
12681760,BNO_ACC,1470,-700,2,-2.52734,-0.15234,13.82812
12690685,BNO_ACC,1471,-1000,2,-2.75781,0.34375,13.75000
12701446,BNO_ACC,1472,-4300,2,-3.10156,0.72656,13.40625
12709669,BNO_ACC,1473,-4400,2,-3.06641,1.30078,13.44922
12714573,BNO_ACC,1474,-2300,2,-3.10156,1.49219,13.33203
12721407,BNO_ACC,1475,-500,2,-2.87109,1.49219,12.75781
12730790,BNO_ACC,1476,-1000,2,-3.25781,1.22656,11.76172
12741632,BNO_ACC,1477,-4300,2,-2.83594,1.33984,10.91797
12749907,BNO_ACC,1478,-4400,2,-2.56641,1.37891,10.60938
12754826,BNO_ACC,1479,-2100,2,-2.22266,1.37891,9.69141
12761711,BNO_ACC,1480,-700,2,-2.10547,1.22656,9.23047
12770950,BNO_ACC,1481,-1000,2,-1.76172,1.33984,9.00391
12779895,BNO_ACC,1482,-2200,2,-1.18750,1.14844,8.81641
12790427,BNO_ACC,1483,-4800,2,-0.88281,1.10938,8.27344
12801895,BNO_ACC,1484,-500,2,-0.07812,0.95703,6.32031
12810988,BNO_ACC,1485,-1000,2,0.49609,1.03516,5.55859
12819978,BNO_ACC,1486,-2200,2,0.88281,1.57031,5.82031
12830291,BNO_ACC,1487,-4400,2,1.30078,1.57031,6.39844
12835228,BNO_ACC,1488,-2300,2,1.68359,1.45703,6.70312
12842093,BNO_ACC,1489,-700,2,1.80078,1.30078,7.16797
12851087,BNO_ACC,1490,-900,2,1.72266,1.18750,7.54688
12860112,BNO_ACC,1491,-2200,2,1.72266,1.07422,7.73828
12870412,BNO_ACC,1492,-4400,2,1.45703,1.10938,7.96875
12875298,BNO_ACC,1493,-2300,2,0.99609,0.91797,8.46484
12882146,BNO_ACC,1494,-700,2,0.53516,0.65234,8.54297
12891039,BNO_ACC,1495,-900,2,-0.19141,0.34375,9.61328
12900134,BNO_ACC,1496,-1800,2,-0.88281,-0.19141,10.76953
12910626,BNO_ACC,1497,-4400,2,-2.03125,-0.30469,11.80078
12922184,BNO_ACC,1498,-500,2,-2.33594,0.46094,13.21094
12931243,BNO_ACC,1499,-900,2,-2.33594,0.42188,13.33203
12940327,BNO_ACC,1500,-1800,2,-2.33594,1.26562,13.10156
12950684,BNO_ACC,1501,-4200,2,-2.29688,1.91406,12.37891
12955607,BNO_ACC,1502,-2100,2,-1.41797,1.10938,12.29688
12962683,BNO_ACC,1503,-500,2,-1.87891,-0.07812,10.76562
12971439,BNO_ACC,1504,-1000,2,-1.95312,0.00000,9.76953
12980567,BNO_ACC,1505,-2000,2,-2.14453,0.30469,9.26562
12990869,BNO_ACC,1506,-4200,2,-2.33594,1.30078,8.66016
13002603,BNO_ACC,1507,-500,2,-2.71875,1.53125,7.73438
13011550,BNO_ACC,1508,-900,2,-2.98828,1.99219,7.81641
13020507,BNO_ACC,1509,-1600,2,-2.79688,2.03125,8.31641
13030826,BNO_ACC,1510,-4000,2,-2.67969,2.26172,8.23828
13042573,BNO_ACC,1511,-700,2,-1.60938,1.45703,8.35547
13051773,BNO_ACC,1512,-1000,2,-1.57031,1.33984,8.84766
13060928,BNO_ACC,1513,-1800,2,-1.53125,1.68359,10.26562
13071337,BNO_ACC,1514,-4400,2,-1.03516,1.83984,11.45312
13082954,BNO_ACC,1515,-500,2,-1.10938,0.00000,12.60547
13091499,BNO_ACC,1516,-700,2,-1.14844,0.03906,13.44922
13100445,BNO_ACC,1517,-1300,2,-0.61328,0.15234,12.60156
13111069,BNO_ACC,1518,-3800,2,-0.23047,0.11328,11.83984
13121368,BNO_ACC,1519,-6200,2,0.19141,-0.03906,11.45703
13122520,BNO_ACC,1520,-700,2,0.91797,0.00000,11.14844
13131833,BNO_ACC,1521,-900,2,0.72656,-0.03906,10.45312
13140850,BNO_ACC,1522,-1500,2,1.68359,0.42188,9.30469
13151271,BNO_ACC,1523,-3800,2,1.91406,0.80469,8.84766
13163004,BNO_ACC,1524,-700,2,2.14453,0.76562,7.77344
13171709,BNO_ACC,1525,-700,2,2.03125,1.10938,7.85547
13182637,BNO_ACC,1526,-3400,2,1.83984,1.10938,8.11719
13192072,BNO_ACC,1527,-4700,2,1.68359,1.07422,8.46484
13201375,BNO_ACC,1528,-5900,2,1.83984,0.61328,8.62109
13202685,BNO_ACC,1529,-700,2,1.83984,0.69141,7.39453
13212060,BNO_ACC,1530,-700,2,1.53125,0.38281,6.89453
13221232,BNO_ACC,1531,-1500,2,1.37891,0.38281,7.01172
13231611,BNO_ACC,1532,-4000,2,0.91797,0.57422,6.66406
13244642,BNO_ACC,1533,-1000,2,0.00000,0.07812,7.58984
13251732,BNO_ACC,1534,-700,2,-0.30469,0.26953,7.77734
13262584,BNO_ACC,1535,-3100,2,-0.99609,0.88281,7.92969
13272236,BNO_ACC,1536,-4700,2,-1.22656,1.14844,8.46094
13281565,BNO_ACC,1537,-5700,2,-1.68359,0.95703,9.65234
13283042,BNO_ACC,1538,-500,2,-1.87891,0.53516,10.60938
13292101,BNO_ACC,1539,-700,2,-2.03125,0.76562,11.25781
13302941,BNO_ACC,1540,-3200,2,-2.22266,1.37891,11.91406
13312441,BNO_ACC,1541,-4700,2,-2.29688,1.68359,12.29688
13320870,BNO_ACC,1542,-4700,2,-2.41406,1.76172,12.64062
13323368,BNO_ACC,1543,-700,2,-2.48828,1.68359,12.71875
13332170,BNO_ACC,1544,-500,2,-2.64453,1.87891,12.86719
13343015,BNO_ACC,1545,-3100,2,-2.52734,1.87891,13.32812
13352385,BNO_ACC,1546,-4300,2,-2.56641,1.37891,13.91016
13361751,BNO_ACC,1547,-5500,2,-2.14453,1.07422,13.17188
13365849,BNO_ACC,1548,-2300,2,-1.87891,0.46094,12.44531
13372649,BNO_ACC,1549,-700,2,-1.37891,0.42188,10.61328
13381871,BNO_ACC,1550,-1800,2,-0.88281,0.57422,8.88281
13392595,BNO_ACC,1551,-4500,2,-0.11328,1.10938,8.11719
13401927,BNO_ACC,1552,-5500,2,0.38281,1.37891,7.65625
13405990,BNO_ACC,1553,-2300,2,1.18750,1.57031,5.93750
13412721,BNO_ACC,1554,-500,2,1.87891,1.99219,5.59766
13422834,BNO_ACC,1555,-2500,2,2.94922,1.83984,5.36328
13432548,BNO_ACC,1556,-4300,2,3.21875,1.99219,6.04688
13441996,BNO_ACC,1557,-5300,2,3.52344,1.68359,6.44141
13446066,BNO_ACC,1558,-2300,2,3.71484,1.26562,6.51172
13453105,BNO_ACC,1559,-700,2,3.71484,0.69141,6.89062
13462230,BNO_ACC,1560,-1800,2,3.75391,0.19141,7.35547
13471353,BNO_ACC,1561,-2500,2,3.64062,0.00000,7.51172
13481552,BNO_ACC,1562,-4700,2,3.25781,-0.07812,7.46875
13485210,BNO_ACC,1563,-1000,2,2.67969,-0.11328,7.27344
13492584,BNO_ACC,1564,-700,2,1.80078,-1.10938,8.04297
13503328,BNO_ACC,1565,-2700,2,1.33984,-0.72656,8.27734
13511104,BNO_ACC,1566,-2000,2,0.49609,-0.46094,9.54297
13521478,BNO_ACC,1567,-4600,2,-0.38281,-0.57422,10.61328
13526368,BNO_ACC,1568,-2300,2,-1.18750,-0.38281,11.30078
13533269,BNO_ACC,1569,-700,2,-1.87891,0.11328,12.21875
13542361,BNO_ACC,1570,-1600,2,-1.91406,0.11328,12.40625
13553063,BNO_ACC,1571,-4300,2,-2.33594,0.53516,13.75000
13561408,BNO_ACC,1572,-4400,2,-2.22266,1.18750,13.83203
13573659,BNO_ACC,1573,-900,2,-2.29688,1.95312,12.98438
13582573,BNO_ACC,1574,-1000,2,-2.29688,1.99219,12.26172
13593334,BNO_ACC,1575,-4200,2,-2.37500,1.91406,11.80078
13601676,BNO_ACC,1576,-4400,2,-2.37500,1.95312,11.68359
13606628,BNO_ACC,1577,-2300,2,-2.22266,2.37500,11.22266
13613534,BNO_ACC,1578,-700,2,-2.10547,2.37500,10.87891
13622822,BNO_ACC,1579,-1000,2,-1.80078,2.14453,10.38672
13633672,BNO_ACC,1580,-4300,2,-1.53125,2.18359,10.07422
13641787,BNO_ACC,1581,-4400,2,-1.37891,1.91406,9.80859
13646678,BNO_ACC,1582,-2300,2,-1.10938,1.76172,10.07031
13653629,BNO_ACC,1583,-700,2,-1.03516,1.57031,10.26562
13662876,BNO_ACC,1584,-900,2,-0.57422,1.45703,9.76953
13671925,BNO_ACC,1585,-2400,2,-0.26953,1.30078,9.26953
13682082,BNO_ACC,1586,-4200,2,-0.03906,1.10938,8.46094
13694294,BNO_ACC,1587,-900,2,0.49609,2.10547,6.85547
13702968,BNO_ACC,1588,-1000,2,0.72656,1.64844,6.58594
13712072,BNO_ACC,1589,-2200,2,1.03516,0.95703,6.47266
13722194,BNO_ACC,1590,-4400,2,1.10938,0.99609,7.05078
13734446,BNO_ACC,1591,-700,2,1.53125,0.19141,7.58984
13743316,BNO_ACC,1592,-1000,2,1.76172,0.11328,7.62891
13752339,BNO_ACC,1593,-2200,2,1.99219,0.46094,7.55078
13762650,BNO_ACC,1594,-4600,2,2.26172,0.61328,7.62891
13774249,BNO_ACC,1595,-700,2,2.71875,0.76562,8.00781
13783293,BNO_ACC,1596,-1000,2,2.79688,0.61328,8.62109
13792313,BNO_ACC,1597,-2000,2,2.87109,0.57422,9.08203
13802581,BNO_ACC,1598,-4400,2,2.79688,0.72656,9.38672
13807538,BNO_ACC,1599,-2300,2,2.48828,0.80469,9.60938
13814523,BNO_ACC,1600,-700,2,1.83984,0.84375,9.42188
13823238,BNO_ACC,1601,-1000,2,1.07422,0.84375,9.34375
13832163,BNO_ACC,1602,-1800,2,0.23047,0.69141,9.54297
13842623,BNO_ACC,1603,-4200,2,-0.53516,1.26562,9.50000
13847566,BNO_ACC,1604,-2300,2,-1.37891,1.41797,9.88672
13854661,BNO_ACC,1605,-700,2,-2.10547,1.22656,10.45312
13863554,BNO_ACC,1606,-900,2,-2.48828,1.26562,10.49219
13872482,BNO_ACC,1607,-1800,2,-2.83594,1.72266,11.29688
13882867,BNO_ACC,1608,-4200,2,-3.44922,2.56641,12.37500
13894637,BNO_ACC,1609,-500,2,-4.13672,2.41406,11.71875
13903375,BNO_ACC,1610,-1000,2,-4.71094,2.29688,12.21875
13912231,BNO_ACC,1611,-1200,2,-4.67188,2.41406,11.68359
13922592,BNO_ACC,1612,-3800,2,-4.75000,2.18359,10.99609
13932764,BNO_ACC,1613,-5900,2,-4.71094,1.83984,10.87500
13934124,BNO_ACC,1614,-700,2,-4.44531,2.33594,10.76562
13943711,BNO_ACC,1615,-1000,2,-4.17578,2.26172,11.07422
13952738,BNO_ACC,1616,-1800,2,-3.48438,1.60938,10.79688
13963115,BNO_ACC,1617,-4000,2,-3.10156,1.45703,10.91797
13974976,BNO_ACC,1618,-500,2,-1.99219,0.26953,8.84375
13983889,BNO_ACC,1619,-900,2,-1.37891,-0.07812,7.04688
13992977,BNO_ACC,1620,-1600,2,-0.69141,-0.19141,4.82812
14003518,BNO_ACC,1621,-4200,2,0.07812,0.99609,3.48438
14015194,BNO_ACC,1622,-500,2,2.07031,2.03125,4.09766
14023993,BNO_ACC,1623,-900,2,3.41016,1.49219,5.63281
14032959,BNO_ACC,1624,-1600,2,4.21484,1.41797,6.66406
14043302,BNO_ACC,1625,-4000,2,4.86328,1.49219,7.35156
14055244,BNO_ACC,1626,-700,2,4.55859,1.99219,7.62500
14063790,BNO_ACC,1627,-500,2,4.32812,1.87891,7.62891
14074606,BNO_ACC,1628,-3400,2,3.17969,1.45703,7.54688
14084096,BNO_ACC,1629,-4700,2,2.10547,1.18750,7.23438
14093430,BNO_ACC,1630,-6100,2,0.53516,0.72656,7.73438
14094817,BNO_ACC,1631,-500,2,-0.76562,-0.30469,7.12891
14103990,BNO_ACC,1632,-700,2,-1.99219,-0.26953,8.27344
14113114,BNO_ACC,1633,-1500,2,-3.52344,-1.26562,9.68750
14123645,BNO_ACC,1634,-3800,2,-5.25000,-1.03516,11.60156
14132961,BNO_ACC,1635,-5300,2,-4.48047,-0.34375,14.13281
14135622,BNO_ACC,1636,-900,2,-4.55859,1.18750,14.78125
14143780,BNO_ACC,1637,-700,2,-4.59766,2.07031,15.43750
14154592,BNO_ACC,1638,-3100,2,-4.86328,3.41016,15.78516
14164243,BNO_ACC,1639,-4700,2,-4.90234,3.60156,15.36328
14173624,BNO_ACC,1640,-5700,2,-5.13281,2.52734,14.32812
14175239,BNO_ACC,1641,-700,2,-4.09766,2.18359,13.10156
14184051,BNO_ACC,1642,-700,2,-3.25781,2.56641,11.67969
14194776,BNO_ACC,1643,-3100,2,-2.26172,2.29688,10.57422
14204205,BNO_ACC,1644,-4500,2,-1.83984,1.99219,9.53906
14213503,BNO_ACC,1645,-5300,2,-0.95703,1.76172,7.77344
14216921,BNO_ACC,1646,-1200,2,-0.53516,1.26562,6.08594
14224066,BNO_ACC,1647,-500,2,0.46094,1.76172,3.86719
14234896,BNO_ACC,1648,-2900,2,0.00000,2.76172,2.67969
14242885,BNO_ACC,1649,-2600,2,0.80469,3.41016,2.10547
14253335,BNO_ACC,1650,-4900,2,0.65234,3.21875,3.37109
14256999,BNO_ACC,1651,-1200,2,0.65234,2.26172,5.47656
14264192,BNO_ACC,1652,-500,2,0.84375,0.84375,6.70703
14274967,BNO_ACC,1653,-2900,2,0.80469,-0.07812,7.77734
14284575,BNO_ACC,1654,-4300,2,0.49609,-0.80469,9.11719
14294028,BNO_ACC,1655,-5500,2,-0.07812,-1.68359,10.72656
14295672,BNO_ACC,1656,-500,2,-1.30078,-2.56641,12.76172
14304511,BNO_ACC,1657,-500,2,-1.72266,-2.71875,14.25000
14315304,BNO_ACC,1658,-2900,2,-2.48828,-1.99219,15.24219
14324767,BNO_ACC,1659,-4500,2,-2.75781,-0.88281,15.82031
14333295,BNO_ACC,1660,-4600,2,-2.56641,0.42188,15.47656
14338240,BNO_ACC,1661,-2300,2,-2.26172,1.30078,14.43750
14345121,BNO_ACC,1662,-900,2,-2.14453,2.14453,14.01562
14354033,BNO_ACC,1663,-1600,2,-2.33594,2.37500,13.10156
14364928,BNO_ACC,1664,-4300,2,-2.33594,2.29688,10.95703
14373392,BNO_ACC,1665,-4500,2,-2.10547,2.52734,9.30859
14378310,BNO_ACC,1666,-2300,2,-1.60938,3.14062,7.89453
14385216,BNO_ACC,1667,-700,2,-1.26562,3.60156,6.78516
14394106,BNO_ACC,1668,-1600,2,-1.14844,3.64062,6.01562
14403165,BNO_ACC,1669,-2200,2,-0.95703,3.94531,4.98047
14413487,BNO_ACC,1670,-4600,2,-0.84375,4.25391,4.75391
14425654,BNO_ACC,1671,-900,2,-0.65234,3.44922,6.12891
14434276,BNO_ACC,1672,-1400,2,-0.91797,2.48828,7.23828
14443366,BNO_ACC,1673,-2200,2,-0.80469,1.49219,8.04297
14453647,BNO_ACC,1674,-4600,2,-0.88281,0.69141,8.61719
14458566,BNO_ACC,1675,-2300,2,-0.65234,0.30469,9.34375
14465474,BNO_ACC,1676,-500,2,-0.26953,-0.03906,10.19141
14474664,BNO_ACC,1677,-1000,2,0.11328,-0.30469,10.68750
14485465,BNO_ACC,1678,-4300,2,0.61328,-0.15234,11.45312
14493861,BNO_ACC,1679,-4500,2,1.41797,-0.15234,10.91406
14498783,BNO_ACC,1680,-2300,2,1.64844,0.80469,10.69141
14505865,BNO_ACC,1681,-700,2,2.07031,0.91797,10.10938
14514852,BNO_ACC,1682,-1000,2,2.33594,0.57422,10.41406
14525592,BNO_ACC,1683,-4300,2,2.29688,0.84375,10.38672
14533915,BNO_ACC,1684,-4400,2,2.07031,1.22656,9.69141
14538849,BNO_ACC,1685,-2300,2,1.83984,1.53125,9.00000
14545744,BNO_ACC,1686,-700,2,1.41797,1.30078,8.92578
14554970,BNO_ACC,1687,-1000,2,0.99609,1.45703,8.23828
14565784,BNO_ACC,1688,-4300,2,0.53516,1.87891,7.65625
14573956,BNO_ACC,1689,-4300,2,-0.07812,1.95312,7.31250
14578903,BNO_ACC,1690,-2300,2,-1.03516,1.30078,7.23828
14585714,BNO_ACC,1691,-500,2,-1.57031,1.10938,7.66016
14595125,BNO_ACC,1692,-1000,2,-2.14453,0.91797,8.53906
14604053,BNO_ACC,1693,-2200,2,-2.71875,0.49609,9.96094
14614329,BNO_ACC,1694,-4600,2,-2.91016,0.76562,10.73047
14619288,BNO_ACC,1695,-2300,2,-3.02734,1.22656,11.53516
14626130,BNO_ACC,1696,-500,2,-3.14062,1.72266,11.91406
14635120,BNO_ACC,1697,-1000,2,-3.60156,1.95312,12.56250
14644218,BNO_ACC,1698,-2000,2,-3.37109,2.52734,12.91016
14654379,BNO_ACC,1699,-4400,2,-3.41016,2.29688,12.56641
14666681,BNO_ACC,1700,-900,2,-2.71875,2.26172,12.14062
14675280,BNO_ACC,1701,-1000,2,-2.48828,1.95312,12.02734
14684250,BNO_ACC,1702,-2000,2,-2.26172,1.68359,11.67969
14694437,BNO_ACC,1703,-4200,2,-1.37891,1.41797,10.30469
14699356,BNO_ACC,1704,-2300,2,-0.76562,1.03516,8.77344
14706278,BNO_ACC,1705,-500,2,-0.34375,0.57422,6.89453
14715506,BNO_ACC,1706,-1000,2,0.38281,0.95703,6.36328
14724555,BNO_ACC,1707,-2200,2,1.18750,1.72266,6.85547
14734695,BNO_ACC,1708,-4200,2,1.57031,1.68359,7.27734
14746810,BNO_ACC,1709,-700,2,2.33594,1.57031,8.01172
14755683,BNO_ACC,1710,-900,2,2.29688,1.83984,7.65625
14764037,BNO_ACC,1711,-1500,2,2.18359,2.14453,7.27344
14774480,BNO_ACC,1712,-3800,2,1.80078,1.91406,7.42969
14786745,BNO_ACC,1713,-700,2,0.69141,1.41797,7.23828
14795528,BNO_ACC,1714,-1000,2,0.00000,1.33984,7.47266
14804357,BNO_ACC,1715,-1600,2,-0.80469,1.18750,7.93359
14814857,BNO_ACC,1716,-4000,2,-1.83984,0.99609,8.92188
14819776,BNO_ACC,1717,-2300,2,-1.80078,0.99609,10.57031
14826915,BNO_ACC,1718,-500,2,-2.37500,1.14844,12.41016
14835855,BNO_ACC,1719,-1000,2,-2.29688,1.22656,13.21484
14844602,BNO_ACC,1720,-1800,2,-2.41406,1.64844,14.25391
14854998,BNO_ACC,1721,-4200,2,-1.91406,2.03125,14.25391
14859935,BNO_ACC,1722,-2300,2,-2.14453,1.53125,14.09766
14866969,BNO_ACC,1723,-500,2,-2.10547,1.07422,13.36719
14876017,BNO_ACC,1724,-1000,2,-1.49219,1.30078,12.68359
14885902,BNO_ACC,1725,-3100,2,-1.03516,1.10938,11.45703
14895489,BNO_ACC,1726,-4400,2,-0.57422,0.61328,9.46094
14907133,BNO_ACC,1727,-500,2,0.49609,0.91797,5.90234
14915708,BNO_ACC,1728,-700,2,1.07422,1.76172,6.08594
14924701,BNO_ACC,1729,-1500,2,1.60938,2.37500,6.20703
14935046,BNO_ACC,1730,-3600,2,1.99219,2.33594,6.47266
14945254,BNO_ACC,1731,-5800,2,2.48828,2.07031,6.82422
14946546,BNO_ACC,1732,-700,2,2.45312,2.07031,6.78125
14955999,BNO_ACC,1733,-900,2,2.52734,2.18359,7.16797
14965004,BNO_ACC,1734,-1400,2,2.48828,1.91406,7.65625
14975432,BNO_ACC,1735,-4000,2,1.80078,1.45703,7.62500
14987277,BNO_ACC,1736,-500,2,0.72656,0.99609,8.31250
14995912,BNO_ACC,1737,-700,2,0.11328,0.38281,9.00391
15006732,BNO_ACC,1738,-3400,2,-0.61328,0.11328,9.92188
15016275,BNO_ACC,1739,-4900,2,-1.14844,-0.38281,11.91797
15025646,BNO_ACC,1740,-5900,2,-1.68359,-0.49609,13.75000
15026994,BNO_ACC,1741,-700,2,-2.14453,-0.30469,14.71484
15036091,BNO_ACC,1742,-500,2,-2.29688,0.03906,15.48047
15046868,BNO_ACC,1743,-3200,2,-2.18359,0.65234,15.51953
15056314,BNO_ACC,1744,-4700,2,-1.68359,0.88281,14.67578
15065695,BNO_ACC,1745,-5700,2,-1.87891,0.61328,13.56250
15067266,BNO_ACC,1746,-700,2,-1.72266,0.49609,12.41016
15076064,BNO_ACC,1747,-700,2,-1.18750,0.69141,11.18750
15086833,BNO_ACC,1748,-3200,2,-0.57422,1.10938,9.58203
15095808,BNO_ACC,1749,-4000,2,-0.19141,1.07422,7.81641
15105184,BNO_ACC,1750,-5100,2,0.00000,1.37891,6.01953
15108048,BNO_ACC,1751,-1000,2,0.65234,1.87891,4.67578
15116089,BNO_ACC,1752,-500,2,0.57422,2.56641,4.67188
15126798,BNO_ACC,1753,-2900,2,1.03516,2.48828,4.29297
15136374,BNO_ACC,1754,-4300,2,1.22656,2.94922,4.25000
15145585,BNO_ACC,1755,-5300,2,1.45703,3.06641,4.47656
15149038,BNO_ACC,1756,-1000,2,1.57031,2.87109,4.67188
15156231,BNO_ACC,1757,-500,2,1.76172,2.56641,5.32031
15166986,BNO_ACC,1758,-2700,2,1.87891,2.03125,6.12500
15176688,BNO_ACC,1759,-4500,2,1.83984,1.64844,6.82422
15185371,BNO_ACC,1760,-4900,2,1.53125,0.80469,8.31250
15188216,BNO_ACC,1761,-1000,2,1.14844,-0.11328,9.72656
15196332,BNO_ACC,1762,-700,2,0.11328,-0.91797,11.30078
15207150,BNO_ACC,1763,-2900,2,-0.46094,-1.37891,13.02734
15216696,BNO_ACC,1764,-4300,2,-1.60938,-1.53125,14.51562
15225890,BNO_ACC,1765,-5300,2,-2.56641,-1.14844,15.47656
15230003,BNO_ACC,1766,-2500,2,-3.17969,-0.65234,15.89844
15236829,BNO_ACC,1767,-500,2,-3.83203,0.00000,15.54688
15246157,BNO_ACC,1768,-1800,2,-3.86719,0.61328,14.94141
15255370,BNO_ACC,1769,-2500,2,-4.32812,0.99609,14.94141
15265512,BNO_ACC,1770,-4700,2,-4.40625,1.60938,15.01953
15269256,BNO_ACC,1771,-1000,2,-4.51953,1.72266,14.25391
15276481,BNO_ACC,1772,-700,2,-4.40625,1.49219,12.98438
15287234,BNO_ACC,1773,-2700,2,-4.13672,1.33984,12.44922
15295175,BNO_ACC,1774,-2200,2,-3.98438,1.33984,11.64453
15305591,BNO_ACC,1775,-4600,2,-3.83203,1.49219,10.23047
15310506,BNO_ACC,1776,-2300,2,-3.21875,1.68359,8.54297
15317377,BNO_ACC,1777,-700,2,-2.75781,1.60938,7.97266
15326386,BNO_ACC,1778,-1600,2,-2.33594,1.26562,7.54688
15337118,BNO_ACC,1779,-4300,2,-1.95312,1.10938,7.08984
15345659,BNO_ACC,1780,-4500,2,-1.33984,0.84375,5.97656
15350583,BNO_ACC,1781,-2300,2,-0.99609,1.10938,4.13672
15357473,BNO_ACC,1782,-500,2,-0.69141,1.41797,1.57422
15366551,BNO_ACC,1783,-1000,2,-0.80469,2.48828,-0.03906
15377354,BNO_ACC,1784,-4300,2,-0.11328,3.14062,-0.11328
15385717,BNO_ACC,1785,-4400,2,0.38281,3.86719,0.07812
15390621,BNO_ACC,1786,-2300,2,1.10938,4.17188,0.49609
15397525,BNO_ACC,1787,-500,2,1.53125,4.36719,1.91406
15406751,BNO_ACC,1788,-1000,2,1.87891,4.28906,3.48438
15417624,BNO_ACC,1789,-4300,2,1.91406,3.17969,4.59766
15425733,BNO_ACC,1790,-4200,2,1.68359,2.07031,6.08594
15430665,BNO_ACC,1791,-2300,2,1.57031,1.03516,8.84766
15437595,BNO_ACC,1792,-500,2,0.69141,-0.49609,12.17969
15446800,BNO_ACC,1793,-1000,2,0.34375,-2.29688,15.96875
15455787,BNO_ACC,1794,-2200,2,-0.88281,-2.94922,19.88672
15466073,BNO_ACC,1795,-4400,2,-1.80078,-3.60156,22.18359
15471012,BNO_ACC,1796,-2300,2,-2.64453,-2.91016,23.67188
15478074,BNO_ACC,1797,-500,2,-3.14062,-2.22266,23.41016
15486967,BNO_ACC,1798,-900,2,-3.48438,-0.84375,21.87500
15495947,BNO_ACC,1799,-2200,2,-3.37109,-0.11328,19.88281
15506300,BNO_ACC,1800,-4400,2,-2.91016,-0.23047,17.12500
15511222,BNO_ACC,1801,-2300,2,-2.91016,0.03906,14.28906
15518055,BNO_ACC,1802,-700,2,-2.52734,0.57422,11.41406
15527238,BNO_ACC,1803,-900,2,-2.22266,1.22656,9.16016
15537993,BNO_ACC,1804,-4300,2,-1.53125,1.99219,6.78516
15546350,BNO_ACC,1805,-4300,2,-1.26562,2.29688,4.59766
15551278,BNO_ACC,1806,-2300,2,-0.99609,2.56641,2.76172
15558278,BNO_ACC,1807,-500,2,-0.76562,3.22266,1.99219
15567215,BNO_ACC,1808,-1000,2,-0.57422,3.64062,1.64844
15576226,BNO_ACC,1809,-2000,2,-0.34375,4.17578,0.65234
15586521,BNO_ACC,1810,-4400,2,-0.23047,4.67188,0.15234
15591433,BNO_ACC,1811,-2300,2,0.07812,5.09766,0.42188
15598504,BNO_ACC,1812,-700,2,0.38281,5.25000,0.88281
15607363,BNO_ACC,1813,-900,2,0.49609,5.01953,1.72266
15616436,BNO_ACC,1814,-2200,2,0.69141,4.47656,2.98828
15626688,BNO_ACC,1815,-4200,2,0.91797,3.56250,4.98047
15631653,BNO_ACC,1816,-2300,2,1.10938,1.83984,8.27344
15638601,BNO_ACC,1817,-700,2,1.10938,-0.19141,12.48828
15647499,BNO_ACC,1818,-900,2,1.10938,-2.14453,17.19531
15656604,BNO_ACC,1819,-2000,2,0.88281,-3.48438,21.21875
15666936,BNO_ACC,1820,-4400,2,0.61328,-4.25391,23.55859
15678513,BNO_ACC,1821,-500,2,-0.07812,-4.21484,23.55859
15687454,BNO_ACC,1822,-900,2,-0.34375,-3.21875,21.29688
15696467,BNO_ACC,1823,-1800,2,-0.53516,-2.26172,18.46484
15706819,BNO_ACC,1824,-4200,2,-0.61328,-0.84375,14.75391
15711757,BNO_ACC,1825,-2300,2,-0.61328,0.72656,10.64844
15718625,BNO_ACC,1826,-500,2,-0.65234,1.99219,7.08594
15727649,BNO_ACC,1827,-1000,2,-0.49609,2.79688,4.02344
15736470,BNO_ACC,1828,-1600,2,-0.57422,3.56250,1.57031
15747010,BNO_ACC,1829,-4200,2,-0.61328,4.09375,0.03906
15758936,BNO_ACC,1830,-500,2,-0.46094,4.21094,-0.88281
15767870,BNO_ACC,1831,-1000,2,-0.65234,3.78906,-1.18750
15776843,BNO_ACC,1832,-1600,2,-1.03516,2.83984,-0.95703
15787262,BNO_ACC,1833,-4200,2,-1.37891,1.95703,0.99609
15799029,BNO_ACC,1834,-700,2,-2.10547,0.80469,5.32422
15807890,BNO_ACC,1835,-900,2,-2.26172,-0.03906,9.46484
15816677,BNO_ACC,1836,-1600,2,-3.17969,-0.34375,12.68359
15827008,BNO_ACC,1837,-3800,2,-3.60156,-0.07812,15.54688
15839239,BNO_ACC,1838,-500,2,-5.36328,0.03906,18.73047
15848109,BNO_ACC,1839,-900,2,-5.36328,0.34375,18.58203
15856931,BNO_ACC,1840,-1600,2,-4.71094,0.69141,18.07812
15867402,BNO_ACC,1841,-4000,2,-4.17578,1.07422,17.01172
15879252,BNO_ACC,1842,-700,2,-2.37500,0.88281,12.10547
15887958,BNO_ACC,1843,-900,2,-1.60938,0.42188,7.42969
15896800,BNO_ACC,1844,-1300,2,-1.22656,0.84375,4.28906
15906939,BNO_ACC,1845,-3500,2,0.34375,1.87891,4.51953
15917123,BNO_ACC,1846,-5700,2,1.68359,2.75781,4.63281
15920777,BNO_ACC,1847,-1200,2,2.60547,2.60547,5.55859
15927751,BNO_ACC,1848,-500,2,2.94922,2.48828,6.89453
15938482,BNO_ACC,1849,-3100,2,2.75781,2.60547,6.08594
15946991,BNO_ACC,1850,-3300,2,2.03125,2.03125,5.17578
15957236,BNO_ACC,1851,-5500,2,0.84375,1.72266,4.44922
15960869,BNO_ACC,1852,-1200,2,-0.30469,1.60938,3.71094
15967768,BNO_ACC,1853,-700,2,-2.07031,0.03906,3.82812
15978580,BNO_ACC,1854,-3100,2,-2.79688,-1.22656,4.97656
15986802,BNO_ACC,1855,-2800,2,-4.21484,-1.76172,9.22656
15997156,BNO_ACC,1856,-5300,2,-4.86328,-1.45703,11.95312
15999664,BNO_ACC,1857,-700,2,-3.33203,0.19141,13.79297
16008321,BNO_ACC,1858,-500,2,-3.75391,1.22656,15.09375
16019098,BNO_ACC,1859,-3400,2,-4.55859,2.87109,15.78516
16028487,BNO_ACC,1860,-4700,2,-4.86328,2.91016,16.92969
16037941,BNO_ACC,1861,-5900,2,-5.47656,2.29688,15.32422
16039348,BNO_ACC,1862,-700,2,-5.55469,1.80078,14.85938
16048336,BNO_ACC,1863,-500,2,-4.63672,2.75781,15.66406
16059058,BNO_ACC,1864,-3100,2,-4.25391,1.72266,14.63281
16068662,BNO_ACC,1865,-4700,2,-3.60156,1.03516,12.64062
16077321,BNO_ACC,1866,-4900,2,-3.06641,0.53516,10.57422
16079850,BNO_ACC,1867,-700,2,-2.26172,0.03906,7.39062
16088410,BNO_ACC,1868,-700,2,-1.83984,-0.15234,4.63281
16099159,BNO_ACC,1869,-3100,2,-0.99609,0.34375,2.64062
16108818,BNO_ACC,1870,-4500,2,0.26953,1.10938,2.52734
16117389,BNO_ACC,1871,-4900,2,0.69141,2.60547,2.83594
16119917,BNO_ACC,1872,-700,2,1.22656,2.64453,3.60156
16128452,BNO_ACC,1873,-500,2,1.33984,2.33594,4.63672
16139253,BNO_ACC,1874,-2900,2,1.26562,1.99219,5.05859
16147135,BNO_ACC,1875,-2600,2,1.03516,1.72266,4.86328
16157477,BNO_ACC,1876,-4700,2,0.61328,1.57031,4.93750
16159970,BNO_ACC,1877,-700,2,0.34375,1.30078,5.82422
16168632,BNO_ACC,1878,-500,2,-0.23047,0.53516,7.85156
16177572,BNO_ACC,1879,-700,2,-0.65234,-0.65234,9.58203
16187580,BNO_ACC,1880,-2800,2,-1.10938,-1.33984,13.02344
16197700,BNO_ACC,1881,-4700,2,-2.14453,-1.45703,16.42969
16201403,BNO_ACC,1882,-1200,2,-2.60547,-1.30078,18.03906
16208570,BNO_ACC,1883,-700,2,-3.06641,-0.53516,19.04297
16219349,BNO_ACC,1884,-2700,2,-3.37109,0.11328,19.30859
16227054,BNO_ACC,1885,-2200,2,-3.17969,0.57422,18.46094
16238066,BNO_ACC,1886,-5100,2,-2.87109,0.69141,16.93359
16241522,BNO_ACC,1887,-1200,2,-3.06641,0.38281,14.85938
16248966,BNO_ACC,1888,-700,2,-2.26172,0.76562,12.37891
16259710,BNO_ACC,1889,-2900,2,-1.60938,1.07422,10.34766
16267346,BNO_ACC,1890,-2200,2,-1.18750,1.18750,8.00781
16278463,BNO_ACC,1891,-5300,2,-0.65234,1.45703,5.55859
16282550,BNO_ACC,1892,-2300,2,-0.38281,1.87891,3.44922
16289412,BNO_ACC,1893,-700,2,-0.07812,2.56641,2.10547
16298700,BNO_ACC,1894,-1000,2,0.26953,3.10156,1.95312
16309403,BNO_ACC,1895,-4300,2,0.65234,3.48828,2.03125
16317682,BNO_ACC,1896,-4400,2,0.69141,3.75391,2.07031
16329777,BNO_ACC,1897,-700,2,1.10938,3.14062,3.83203
16338683,BNO_ACC,1898,-1400,2,1.33984,2.22266,5.63281
16347536,BNO_ACC,1899,-2200,2,1.22656,1.30078,8.01172
16357995,BNO_ACC,1900,-4400,2,0.91797,0.53516,10.26562
16362899,BNO_ACC,1901,-2300,2,0.42188,0.07812,12.60547
16370070,BNO_ACC,1902,-900,2,-0.46094,-0.61328,15.35938
16378783,BNO_ACC,1903,-900,2,-1.68359,-1.45703,18.07812
16387736,BNO_ACC,1904,-2000,2,-2.29688,-1.76172,19.19141
16397966,BNO_ACC,1905,-4300,2,-2.64453,-1.33984,19.50000
16410175,BNO_ACC,1906,-700,2,-2.60547,-0.15234,17.08594
16418994,BNO_ACC,1907,-1000,2,-2.45312,0.34375,15.40234
16427937,BNO_ACC,1908,-2200,2,-2.18359,0.69141,12.98828
16438123,BNO_ACC,1909,-4200,2,-2.29688,0.61328,10.03125
16443035,BNO_ACC,1910,-2300,2,-2.33594,0.91797,7.43359
16450059,BNO_ACC,1911,-700,2,-2.18359,1.18750,5.28125
16459287,BNO_ACC,1912,-1000,2,-1.95312,1.76172,3.25781
16468157,BNO_ACC,1913,-2000,2,-1.76172,2.26172,1.72266
16478492,BNO_ACC,1914,-4400,2,-1.45703,2.75781,0.30469
16483408,BNO_ACC,1915,-2300,2,-1.18750,3.10547,-0.53516
16490411,BNO_ACC,1916,-700,2,-0.95703,3.26172,0.07812
16499172,BNO_ACC,1917,-900,2,-0.65234,3.10547,1.76172
16508082,BNO_ACC,1918,-1800,2,-0.49609,2.45312,3.33203
16518394,BNO_ACC,1919,-4200,2,-0.46094,1.26562,6.44141
16523318,BNO_ACC,1920,-2300,2,-0.42188,0.34375,10.26953
16530372,BNO_ACC,1921,-700,2,-0.46094,-0.19141,13.44922
16539441,BNO_ACC,1922,-1000,2,-0.72656,-0.88281,15.89844
16548311,BNO_ACC,1923,-1800,2,-0.95703,-1.45703,17.50781
16558650,BNO_ACC,1924,-4200,2,-1.07422,-1.83984,18.84375
16563556,BNO_ACC,1925,-2300,2,-1.03516,-1.68359,19.65234
16570413,BNO_ACC,1926,-500,2,-0.99609,-1.22656,19.04297
16579633,BNO_ACC,1927,-1000,2,-1.03516,-0.61328,17.73828
16590257,BNO_ACC,1928,-3800,2,-1.03516,0.11328,15.94141
16598596,BNO_ACC,1929,-4100,2,-0.91797,0.69141,13.10547
16603499,BNO_ACC,1930,-2100,2,-0.99609,1.30078,10.41797
16610478,BNO_ACC,1931,-300,2,-0.99609,1.80078,8.15625
16619822,BNO_ACC,1932,-1000,2,-0.91797,2.07031,6.16797
16628681,BNO_ACC,1933,-1800,2,-0.99609,2.33594,4.02734
16638999,BNO_ACC,1934,-4400,2,-1.03516,2.64453,2.45312
16643902,BNO_ACC,1935,-2300,2,-1.18750,2.76172,1.87891
16650787,BNO_ACC,1936,-700,2,-1.37891,3.14062,1.22656
16659808,BNO_ACC,1937,-1000,2,-1.95312,2.64062,1.10938
16668594,BNO_ACC,1938,-1600,2,-2.33984,2.26172,1.41797
16679047,BNO_ACC,1939,-4000,2,-2.41406,1.99219,2.83984
16683971,BNO_ACC,1940,-2300,2,-2.67969,1.87891,4.82812
16690988,BNO_ACC,1941,-700,2,-2.91016,1.57031,7.08594
16700060,BNO_ACC,1942,-1000,2,-3.02734,1.68359,10.10938
16708917,BNO_ACC,1943,-1800,2,-3.29297,1.91406,13.02734
16719146,BNO_ACC,1944,-4200,2,-3.64062,1.80078,15.20703
16724087,BNO_ACC,1945,-2300,2,-4.28906,1.22656,16.89453
16731153,BNO_ACC,1946,-500,2,-4.36719,1.10938,17.96094
16740313,BNO_ACC,1947,-1000,2,-4.09766,0.65234,17.96094
16750309,BNO_ACC,1948,-3200,2,-3.41016,-0.26953,17.47266
16758742,BNO_ACC,1949,-3500,2,-2.91016,-0.95703,14.36328
16769082,BNO_ACC,1950,-5700,2,-1.41797,-1.91406,9.88281
16770547,BNO_ACC,1951,-500,2,0.15234,-1.10938,8.42578
16779950,BNO_ACC,1952,-1000,2,0.23047,1.41797,8.42578
16788956,BNO_ACC,1953,-1500,2,2.37500,1.80078,7.27344
16799426,BNO_ACC,1954,-4000,2,3.37109,1.87891,6.35938
16804377,BNO_ACC,1955,-2100,2,4.13672,1.87891,5.59766
16811471,BNO_ACC,1956,-500,2,3.75391,2.67969,5.74219
16820322,BNO_ACC,1957,-900,2,3.64062,2.83594,5.44141
16829390,BNO_ACC,1958,-1800,2,3.21875,2.67969,5.21484
16839735,BNO_ACC,1959,-4000,2,2.87109,2.37500,5.32031
16851436,BNO_ACC,1960,-700,2,0.84375,1.33984,5.66797
16860247,BNO_ACC,1961,-900,2,-1.18750,0.03906,6.43750
16870703,BNO_ACC,1962,-3200,2,-0.84375,-0.76562,7.31250
16878977,BNO_ACC,1963,-3100,2,-2.03125,-1.60938,9.58203
16889105,BNO_ACC,1964,-5100,2,-2.75781,-2.45312,10.57422
16891661,BNO_ACC,1965,-900,2,-2.94922,-1.68359,12.56641
16900238,BNO_ACC,1966,-700,2,-3.33203,-0.23047,14.85938
16911079,BNO_ACC,1967,-3400,2,-2.67969,0.88281,14.17188
16919180,BNO_ACC,1968,-3100,2,-3.17969,1.87891,15.05469
16929369,BNO_ACC,1969,-5500,2,-2.67969,2.60547,15.16406
16933078,BNO_ACC,1970,-1200,2,-3.17969,2.18359,14.86328
16939977,BNO_ACC,1971,-700,2,-3.25781,1.87891,14.55859
16950795,BNO_ACC,1972,-2900,2,-2.37500,2.10547,13.32812
16959036,BNO_ACC,1973,-2800,2,-1.95312,2.03125,12.33594
16969364,BNO_ACC,1974,-5100,2,-0.95703,1.26562,10.26953
16972067,BNO_ACC,1975,-900,2,-0.53516,0.69141,6.96875
16980682,BNO_ACC,1976,-700,2,0.03906,0.80469,4.75391
16989623,BNO_ACC,1977,-1500,2,1.80078,1.53125,4.97656
16999958,BNO_ACC,1978,-3600,2,0.26953,2.98828,5.32422
17009505,BNO_ACC,1979,-5100,2,2.79688,2.03125,4.67188
17012366,BNO_ACC,1980,-1000,2,2.91016,1.68359,5.63281
17020334,BNO_ACC,1981,-700,2,3.02734,1.99219,6.51172
17031163,BNO_ACC,1982,-3100,2,3.10156,2.10547,6.39844
17040944,BNO_ACC,1983,-4500,2,2.14453,1.03516,6.78125
17049457,BNO_ACC,1984,-4900,2,1.64844,0.95703,7.16406
17051960,BNO_ACC,1985,-900,2,0.95703,0.99609,7.31641
17060662,BNO_ACC,1986,-700,2,-0.84375,-0.07812,7.92969
17071373,BNO_ACC,1987,-3100,2,-2.18359,-1.33984,8.61719
17081118,BNO_ACC,1988,-4700,2,-2.26172,-2.87109,10.41797
17089664,BNO_ACC,1989,-4900,2,-3.64062,-1.37891,12.41016
17092343,BNO_ACC,1990,-700,2,-3.48438,-0.34375,14.48047
17100858,BNO_ACC,1991,-700,2,-2.60547,0.00000,14.29297
17111763,BNO_ACC,1992,-3100,2,-2.91016,0.91797,14.59375
17120900,BNO_ACC,1993,-4500,2,-2.29688,2.10547,14.25391
17130245,BNO_ACC,1994,-5300,2,-2.64453,1.87891,13.59375
17134344,BNO_ACC,1995,-2300,2,-2.52734,1.26562,12.75781
17141480,BNO_ACC,1996,-700,2,-1.91406,1.37891,11.79688
17151247,BNO_ACC,1997,-2500,2,-1.41797,1.80078,10.83984
17159604,BNO_ACC,1998,-2500,2,-0.57422,1.91406,8.73828
17170012,BNO_ACC,1999,-4900,2,-0.11328,1.80078,6.58594
17173613,BNO_ACC,2000,-1200,2,0.84375,1.76172,5.13281
17180845,BNO_ACC,2001,-700,2,1.18750,2.48828,5.25391
17191491,BNO_ACC,2002,-2700,2,1.99219,2.98828,5.74609
17201173,BNO_ACC,2003,-4200,2,2.10547,2.98828,6.44141
17210586,BNO_ACC,2004,-5300,2,1.99219,2.75781,7.62891
17214660,BNO_ACC,2005,-2300,2,1.64844,1.95312,7.85547
17221609,BNO_ACC,2006,-700,2,1.41797,1.33984,8.00781
17230754,BNO_ACC,2007,-1600,2,-0.19141,0.99609,8.31641
17240053,BNO_ACC,2008,-2500,2,-0.69141,1.07422,8.27734
17250412,BNO_ACC,2009,-4900,2,-1.60938,0.72656,8.73438
17254542,BNO_ACC,2010,-2300,2,-2.33594,0.61328,9.68750
17261424,BNO_ACC,2011,-700,2,-2.87109,0.11328,11.07031
17270635,BNO_ACC,2012,-1400,2,-3.21875,0.15234,11.91797
17279692,BNO_ACC,2013,-2200,2,-2.10547,-0.99609,12.41016
17289994,BNO_ACC,2014,-4400,2,-2.64453,-1.22656,12.44922
17302346,BNO_ACC,2015,-900,2,-3.21875,-0.15234,12.14062
17311024,BNO_ACC,2016,-1000,2,-3.21875,-0.42188,10.99219
17320121,BNO_ACC,2017,-2200,2,-2.98828,-0.26953,10.22656
17330423,BNO_ACC,2018,-4800,2,-2.79688,0.61328,9.08203
17334139,BNO_ACC,2019,-1200,2,-2.37500,1.37891,7.23828
17341386,BNO_ACC,2020,-700,2,-2.22266,1.99219,5.59766
17352216,BNO_ACC,2021,-2700,2,-1.68359,3.17969,4.13672
17359733,BNO_ACC,2022,-1800,2,-1.26562,3.86719,4.02734
17370808,BNO_ACC,2023,-4800,2,-1.03516,4.06250,5.13672
17374874,BNO_ACC,2024,-2500,2,-1.10938,3.94531,6.82031
17381893,BNO_ACC,2025,-500,2,-1.33984,3.33203,9.00000
17391285,BNO_ACC,2026,-900,2,-1.83984,2.18359,11.64062
17400394,BNO_ACC,2027,-2400,2,-2.91016,1.64844,13.91016
17410566,BNO_ACC,2028,-4400,2,-3.17969,0.80469,15.40234
17422826,BNO_ACC,2029,-900,2,-4.28906,-1.87891,14.48047
17431644,BNO_ACC,2030,-1000,2,-3.86719,-3.75391,13.67578
17442270,BNO_ACC,2031,-4300,2,-3.21875,-3.44922,12.78906
17450420,BNO_ACC,2032,-4200,2,-2.14453,-2.03125,11.75781
17455343,BNO_ACC,2033,-2300,2,-1.60938,-0.91797,10.91797
17462278,BNO_ACC,2034,-500,2,-1.18750,0.72656,9.42188
17471602,BNO_ACC,2035,-900,2,-1.22656,0.80469,8.03906
17480718,BNO_ACC,2036,-2200,2,-0.69141,2.75781,6.24609
17490959,BNO_ACC,2037,-4600,2,-0.42188,3.21875,5.59375
17495929,BNO_ACC,2038,-2300,2,-0.34375,3.60156,4.41016
17502944,BNO_ACC,2039,-700,2,-0.42188,3.56250,3.56641
17511825,BNO_ACC,2040,-1000,2,-0.76562,2.75781,3.56641
17520812,BNO_ACC,2041,-2200,2,-0.99609,2.07031,4.59375
17531016,BNO_ACC,2042,-4400,2,-1.41797,0.84375,7.31641
17543354,BNO_ACC,2043,-900,2,-2.41406,-0.84375,12.86719
17552040,BNO_ACC,2044,-900,2,-3.21875,-1.33984,15.51953
17560958,BNO_ACC,2045,-2200,2,-3.67578,-1.57031,16.58594
17571256,BNO_ACC,2046,-4400,2,-3.90625,-1.57031,16.62500
17582890,BNO_ACC,2047,-700,2,-3.29297,0.07812,14.55859
17591896,BNO_ACC,2048,-1000,2,-2.60547,1.41797,12.25781
17600894,BNO_ACC,2049,-2000,2,-2.22266,2.48828,9.72656
17611095,BNO_ACC,2050,-4000,2,-1.57031,3.25781,8.01172
17616194,BNO_ACC,2051,-2500,2,-0.99609,3.90625,6.66797
17623096,BNO_ACC,2052,-500,2,-0.53516,4.25391,5.17188
17632152,BNO_ACC,2053,-1000,2,-0.46094,4.41016,3.56250
17641163,BNO_ACC,2054,-2000,2,-0.53516,4.21484,2.37500
17651565,BNO_ACC,2055,-4400,2,-0.57422,3.60156,2.56641
17663177,BNO_ACC,2056,-500,2,-0.61328,0.69141,8.42578
17672112,BNO_ACC,2057,-900,2,-0.38281,-1.68359,12.98438
17681270,BNO_ACC,2058,-2000,2,-0.19141,-3.90625,16.81641
17691592,BNO_ACC,2059,-4200,2,-0.07812,-4.90234,18.73047
17703373,BNO_ACC,2060,-700,2,0.26953,-3.79297,16.70703
17712193,BNO_ACC,2061,-1000,2,0.26953,-2.10547,14.01562
17721173,BNO_ACC,2062,-1600,2,0.11328,0.76562,10.41797
17731636,BNO_ACC,2063,-4000,2,0.34375,2.79688,7.81641
17743557,BNO_ACC,2064,-500,2,0.57422,4.44922,4.06250
17752362,BNO_ACC,2065,-900,2,0.76562,4.67578,2.91016
17761337,BNO_ACC,2066,-1600,2,0.80469,4.59375,2.48828
17771773,BNO_ACC,2067,-4000,2,0.69141,4.48047,2.29688
17783638,BNO_ACC,2068,-700,2,0.76562,2.60547,5.05469
17792402,BNO_ACC,2069,-900,2,1.45703,-0.26953,8.50391
17801457,BNO_ACC,2070,-1600,2,1.83984,-2.45312,12.60547
17812017,BNO_ACC,2071,-4200,2,1.95312,-3.33203,16.43359
17823729,BNO_ACC,2072,-700,2,1.76172,-4.67188,18.61719
17832245,BNO_ACC,2073,-700,2,1.60938,-3.48438,18.65625
17843074,BNO_ACC,2074,-3400,2,1.68359,-1.60938,16.55078
17850912,BNO_ACC,2075,-2900,2,1.41797,0.03906,14.35938
17862134,BNO_ACC,2076,-6100,2,1.18750,1.72266,11.30078
17863469,BNO_ACC,2077,-700,2,0.80469,3.79297,7.04688
17872508,BNO_ACC,2078,-700,2,0.72656,5.47656,3.90625
17883350,BNO_ACC,2079,-3400,2,0.61328,6.28125,2.64453
17891234,BNO_ACC,2080,-2900,2,0.72656,6.28125,1.91406
17901555,BNO_ACC,2081,-5300,2,0.53516,5.63281,1.87891
17904401,BNO_ACC,2082,-1000,2,0.34375,5.13672,1.53125
17912468,BNO_ACC,2083,-500,2,0.46094,4.02344,2.60547
17923329,BNO_ACC,2084,-3200,2,0.99609,2.22266,5.28516
17932726,BNO_ACC,2085,-4500,2,1.80078,-0.53516,9.76953
17942073,BNO_ACC,2086,-5500,2,2.83594,-3.41016,14.05469
17943700,BNO_ACC,2087,-500,2,3.48438,-5.25000,17.12500
17952824,BNO_ACC,2088,-700,2,3.94531,-5.59375,18.42578
17963632,BNO_ACC,2089,-3200,2,3.98438,-4.78906,17.69531
17971231,BNO_ACC,2090,-2700,2,3.94531,-3.06641,15.51953
17981566,BNO_ACC,2091,-4900,2,3.79297,-1.33984,13.32812
17984087,BNO_ACC,2092,-900,2,3.60156,0.53516,10.99609
17992606,BNO_ACC,2093,-500,2,2.91016,2.41406,8.54297
18003393,BNO_ACC,2094,-3100,2,2.41406,3.67578,6.12500
18012923,BNO_ACC,2095,-4500,2,2.26172,4.93750,4.17578
18022338,BNO_ACC,2096,-5500,2,2.03125,5.21484,3.64062
18026395,BNO_ACC,2097,-2300,2,2.10547,5.51953,3.48438
18033449,BNO_ACC,2098,-900,2,1.99219,4.85938,3.67578
18043114,BNO_ACC,2099,-2500,2,1.99219,4.21094,3.56250
18053906,BNO_ACC,2100,-5300,2,1.99219,2.79688,4.48047
18061609,BNO_ACC,2101,-4800,2,2.52734,1.14844,6.82031
18066530,BNO_ACC,2102,-2300,2,2.37500,-1.22656,10.18750
18073517,BNO_ACC,2103,-900,2,1.91406,-2.67969,12.52344
18083340,BNO_ACC,2104,-2700,2,1.49219,-2.98828,13.41016
18093156,BNO_ACC,2105,-4300,2,1.26562,-2.79688,13.59375
18102471,BNO_ACC,2106,-5300,2,0.49609,-1.76172,14.35938
18106526,BNO_ACC,2107,-2300,2,0.07812,-0.95703,13.48828
18113619,BNO_ACC,2108,-700,2,-0.49609,0.72656,11.57422
18122664,BNO_ACC,2109,-1800,2,-0.38281,1.41797,9.60938
18133377,BNO_ACC,2110,-4300,2,-0.84375,1.57031,8.12109
18141987,BNO_ACC,2111,-4500,2,-1.03516,1.68359,6.08594
18144808,BNO_ACC,2112,-900,2,-1.18750,2.14453,5.51562
18153223,BNO_ACC,2113,-700,2,-0.91797,2.83594,3.87109
18162412,BNO_ACC,2114,-1100,2,-1.30078,3.14062,4.13672
18172599,BNO_ACC,2115,-3100,2,-1.57031,4.06250,5.17188
18182097,BNO_ACC,2116,-4600,2,-1.99219,4.48047,4.78906
18187037,BNO_ACC,2117,-2300,2,-2.83594,3.44922,5.94141
18193830,BNO_ACC,2118,-500,2,-3.67578,2.33594,9.84375
18203777,BNO_ACC,2119,-2500,2,-4.21484,1.26562,12.21875
18211849,BNO_ACC,2120,-2200,2,-5.01953,1.07422,15.05859
18222220,BNO_ACC,2121,-4600,2,-5.63281,0.00000,16.77734
18227160,BNO_ACC,2122,-2300,2,-5.74609,-0.49609,17.05078
18234037,BNO_ACC,2123,-500,2,-5.74609,0.11328,16.20312
18243060,BNO_ACC,2124,-1600,2,-5.21094,-0.07812,15.16406
18253795,BNO_ACC,2125,-4300,2,-4.51953,0.76562,12.94922
18262199,BNO_ACC,2126,-4400,2,-3.64062,2.03125,9.57812
18267118,BNO_ACC,2127,-2300,2,-2.67969,3.06641,6.54688
18274163,BNO_ACC,2128,-700,2,-2.07031,3.67578,4.36719
18283371,BNO_ACC,2129,-1000,2,-1.72266,3.71094,3.17969
18294153,BNO_ACC,2130,-4500,2,-1.49219,4.06641,2.64453
18302415,BNO_ACC,2131,-4500,2,-1.37891,4.21094,2.29688
18307350,BNO_ACC,2132,-2300,2,-1.53125,3.67578,2.83594
18314183,BNO_ACC,2133,-700,2,-2.03125,2.07031,4.09766
18323566,BNO_ACC,2134,-900,2,-2.64453,0.91797,6.50781
18334375,BNO_ACC,2135,-4500,2,-3.48438,-0.26953,10.26562
18342625,BNO_ACC,2136,-4400,2,-4.48047,-1.41797,13.48438
18347568,BNO_ACC,2137,-2300,2,-5.32422,-1.53125,15.44141
18354507,BNO_ACC,2138,-700,2,-5.63281,-1.22656,15.62500
18363572,BNO_ACC,2139,-1000,2,-5.51562,-0.76562,14.89844
18372693,BNO_ACC,2140,-2400,2,-5.13281,0.15234,14.09766
18383014,BNO_ACC,2141,-4800,2,-4.48047,1.53125,12.52734
18387219,BNO_ACC,2142,-2300,2,-3.44922,3.06641,10.07422
18394385,BNO_ACC,2143,-700,2,-2.56641,4.21484,7.81250
18403683,BNO_ACC,2144,-900,2,-1.95312,4.94141,5.97656
18412592,BNO_ACC,2145,-2000,2,-1.49219,5.13281,4.67188
18422944,BNO_ACC,2146,-4400,2,-1.60938,5.74219,4.28906
18427860,BNO_ACC,2147,-2300,2,-1.72266,5.13281,4.82812
18434810,BNO_ACC,2148,-700,2,-2.26172,3.90625,5.70703
18443756,BNO_ACC,2149,-1000,2,-2.91016,2.45312,7.58984
18452727,BNO_ACC,2150,-2200,2,-3.86719,0.76562,11.11328
18463052,BNO_ACC,2151,-4200,2,-4.40625,-1.14844,14.67578
18467992,BNO_ACC,2152,-2300,2,-4.48047,-2.18359,16.58594
18474936,BNO_ACC,2153,-700,2,-4.21484,-2.56641,17.51172
18483952,BNO_ACC,2154,-900,2,-3.52344,-1.91406,16.89062
18493071,BNO_ACC,2155,-2200,2,-2.48828,-1.37891,14.59375
18503505,BNO_ACC,2156,-4800,2,-1.91406,-0.26953,11.98438
18515239,BNO_ACC,2157,-700,2,-0.42188,1.60938,7.81641
18524081,BNO_ACC,2158,-1000,2,-0.11328,2.56641,5.43750
18533145,BNO_ACC,2159,-2000,2,0.30469,3.56250,3.71094
18543534,BNO_ACC,2160,-4600,2,0.57422,3.94922,2.64453
18555078,BNO_ACC,2161,-500,2,0.80469,4.21094,1.64844
18564072,BNO_ACC,2162,-1000,2,0.76562,4.17578,2.18359
18572884,BNO_ACC,2163,-1600,2,0.88281,2.83594,4.51562
18583182,BNO_ACC,2164,-3800,2,0.99609,0.61328,8.77734
18588076,BNO_ACC,2165,-2300,2,1.22656,-1.57031,12.75781
18595192,BNO_ACC,2166,-700,2,1.07422,-2.75781,15.48047
18604236,BNO_ACC,2167,-1000,2,1.18750,-2.75781,16.62891
18613348,BNO_ACC,2168,-1800,2,0.99609,-2.60547,17.43359
18623693,BNO_ACC,2169,-4200,2,0.95703,-2.07031,16.85156
18635494,BNO_ACC,2170,-700,2,0.99609,0.61328,11.91406
18644128,BNO_ACC,2171,-1000,2,0.88281,2.60547,8.62109
18652984,BNO_ACC,2172,-1200,2,0.88281,3.52344,6.82031
18663355,BNO_ACC,2173,-3800,2,0.76562,4.21484,5.51953
18673596,BNO_ACC,2174,-5900,2,0.69141,4.59375,4.21484
18674925,BNO_ACC,2175,-700,2,0.69141,4.78906,3.21875
18684399,BNO_ACC,2176,-1000,2,0.49609,4.67578,2.29688
18693199,BNO_ACC,2177,-1400,2,0.65234,3.64062,3.64062
18703486,BNO_ACC,2178,-3800,2,0.88281,2.22266,6.47266
18713697,BNO_ACC,2179,-5800,2,1.26562,-0.46094,10.03516
18715088,BNO_ACC,2180,-500,2,1.91406,-1.68359,13.56250
18724568,BNO_ACC,2181,-1000,2,2.26172,-2.83594,15.82031
18733610,BNO_ACC,2182,-1600,2,2.48828,-2.87109,16.62500
18743911,BNO_ACC,2183,-4000,2,2.48828,-2.52734,16.81250
18756097,BNO_ACC,2184,-700,2,2.48828,-0.91797,14.32812
18764490,BNO_ACC,2185,-900,2,2.67969,0.95703,10.95312
18775296,BNO_ACC,2186,-3400,2,2.52734,2.33594,8.31250
18784947,BNO_ACC,2187,-5100,2,2.18359,3.52344,6.24219
18793415,BNO_ACC,2188,-5300,2,2.14453,4.17578,4.37109
18795959,BNO_ACC,2189,-700,2,2.07031,4.21484,3.83203
18804642,BNO_ACC,2190,-700,2,2.22266,4.86328,3.44922
18815457,BNO_ACC,2191,-3400,2,2.26172,4.25391,3.33203
18823472,BNO_ACC,2192,-3100,2,2.64453,3.02734,4.59375
18833748,BNO_ACC,2193,-5300,2,3.17969,1.60938,7.89453
18837417,BNO_ACC,2194,-1200,2,3.79297,-1.10938,10.41406
18844377,BNO_ACC,2195,-500,2,5.13281,-2.33594,13.06641
18855209,BNO_ACC,2196,-2900,2,5.93750,-2.79688,14.67188
18864986,BNO_ACC,2197,-4700,2,5.93750,-3.14062,14.89844
18874310,BNO_ACC,2198,-5900,2,5.93750,-2.60547,14.35938
18875748,BNO_ACC,2199,-700,2,5.74609,-1.99219,14.01953
18884762,BNO_ACC,2200,-700,2,5.40234,-1.22656,12.30078
18895430,BNO_ACC,2201,-3100,2,4.90234,0.49609,9.73047
18905094,BNO_ACC,2202,-4700,2,4.06250,2.29688,7.16406
18914466,BNO_ACC,2203,-5900,2,3.52344,3.37109,5.70312
18915894,BNO_ACC,2204,-500,2,3.48438,4.06250,4.89844
18924921,BNO_ACC,2205,-700,2,3.17969,4.21484,4.33203
18935812,BNO_ACC,2206,-3100,2,2.71875,4.90234,3.60156
18945256,BNO_ACC,2207,-4500,2,2.37500,5.05859,3.10156
18953916,BNO_ACC,2208,-4900,2,2.18359,3.67578,3.29297
18956547,BNO_ACC,2209,-900,2,2.45312,1.83984,5.09766
18964992,BNO_ACC,2210,-700,2,2.75781,1.22656,6.74219
18975827,BNO_ACC,2211,-3200,2,3.56250,-0.15234,8.31641
18983637,BNO_ACC,2212,-2600,2,3.29297,-1.07422,10.26562
18993823,BNO_ACC,2213,-4700,2,3.37109,-2.03125,11.30078
18996343,BNO_ACC,2214,-700,2,3.29297,-2.94922,13.02344
19005122,BNO_ACC,2215,-700,2,2.33594,-2.79688,13.75000
19015899,BNO_ACC,2216,-3100,2,1.87891,-2.29688,12.52734
19025375,BNO_ACC,2217,-4300,2,1.53125,-0.99609,12.64062
19034746,BNO_ACC,2218,-5500,2,1.49219,-0.11328,11.91797
19038809,BNO_ACC,2219,-2500,2,1.26562,0.65234,10.45703
19045877,BNO_ACC,2220,-900,2,0.80469,1.60938,9.00391
19054774,BNO_ACC,2221,-1600,2,0.49609,2.71875,6.50781
19065664,BNO_ACC,2222,-4500,2,0.07812,3.94531,3.71484
19074069,BNO_ACC,2223,-4600,2,-0.46094,5.66406,2.03125
19078976,BNO_ACC,2224,-2300,2,-0.72656,5.40234,1.76172
19085778,BNO_ACC,2225,-700,2,-0.65234,4.29297,2.91016
19095021,BNO_ACC,2226,-1800,2,-0.84375,3.37109,6.66406
19105855,BNO_ACC,2227,-4500,2,-0.69141,2.03125,10.76562
19113972,BNO_ACC,2228,-4400,2,-1.45703,1.49219,13.59375
19119089,BNO_ACC,2229,-2300,2,-1.60938,-0.11328,16.42969
19126248,BNO_ACC,2230,-900,2,-2.94922,-1.33984,18.84766
19135014,BNO_ACC,2231,-1400,2,-3.02734,-2.48828,17.96484
19145948,BNO_ACC,2232,-4300,2,-3.10156,-2.67969,16.51172
19154188,BNO_ACC,2233,-4400,2,-2.67969,-1.80078,14.90234
19159127,BNO_ACC,2234,-2300,2,-1.99219,0.03906,13.14062
19166106,BNO_ACC,2235,-500,2,-1.33984,1.87891,10.60938
19175109,BNO_ACC,2236,-1400,2,-0.88281,3.17969,7.65625
19184221,BNO_ACC,2237,-2400,2,-0.69141,4.32812,5.21484
19194419,BNO_ACC,2238,-4400,2,-0.26953,4.82812,3.90625
19199354,BNO_ACC,2239,-2300,2,0.23047,4.67578,2.87109
19206280,BNO_ACC,2240,-500,2,0.23047,4.47656,1.99219
19215422,BNO_ACC,2241,-1000,2,0.03906,4.13281,2.26172
19226163,BNO_ACC,2242,-4500,2,-0.42188,3.52344,3.87109
19234432,BNO_ACC,2243,-4400,2,-1.14844,2.45312,6.24609
19239367,BNO_ACC,2244,-2100,2,-2.33594,1.07422,9.88672
19246341,BNO_ACC,2245,-500,2,-3.33203,0.03906,12.60547
19255546,BNO_ACC,2246,-1000,2,-4.55859,-1.22656,14.29297
19264560,BNO_ACC,2247,-2200,2,-4.86328,-1.49219,14.82031
19274870,BNO_ACC,2248,-4600,2,-4.82812,-1.03516,14.71484
19279804,BNO_ACC,2249,-2300,2,-4.44531,-0.46094,13.63281
19286897,BNO_ACC,2250,-700,2,-3.83203,0.65234,11.98438
19295862,BNO_ACC,2251,-1000,2,-3.25781,1.83984,10.65234
19305029,BNO_ACC,2252,-2600,2,-2.79688,3.21875,9.15625
19315199,BNO_ACC,2253,-4700,2,-2.56641,4.63672,8.23438
19326868,BNO_ACC,2254,-700,2,-2.79688,5.28516,6.04688
19335628,BNO_ACC,2255,-1000,2,-1.87891,3.86719,5.40234
19344664,BNO_ACC,2256,-2000,2,-2.03125,4.32812,4.98047
19355014,BNO_ACC,2257,-4400,2,-2.10547,3.37109,4.55469
19359932,BNO_ACC,2258,-2300,2,-2.45312,2.29688,4.83203
19366820,BNO_ACC,2259,-700,2,-3.44922,1.41797,5.66797
19375860,BNO_ACC,2260,-1000,2,-4.40625,0.38281,6.74609
19385008,BNO_ACC,2261,-2000,2,-5.59375,-0.72656,8.69531
19395394,BNO_ACC,2262,-4600,2,-6.55078,-0.84375,10.72656
19407040,BNO_ACC,2263,-700,2,-6.85547,-0.57422,12.56641
19416048,BNO_ACC,2264,-1000,2,-6.62891,-0.26953,12.02734
19425089,BNO_ACC,2265,-2200,2,-5.85938,0.61328,11.11328
19435383,BNO_ACC,2266,-4200,2,-5.28516,1.41797,9.34766
19440295,BNO_ACC,2267,-2300,2,-4.98047,2.56641,9.22656
19447089,BNO_ACC,2268,-500,2,-4.28906,3.33203,8.07812
19456081,BNO_ACC,2269,-900,2,-3.90625,3.94531,7.23828
19465104,BNO_ACC,2270,-2000,2,-3.29297,3.98438,6.24219
19475455,BNO_ACC,2271,-4400,2,-3.14062,4.02344,5.32031
19480407,BNO_ACC,2272,-2300,2,-3.60156,3.67578,5.25391
19487332,BNO_ACC,2273,-500,2,-3.56250,3.25781,5.90234
19496265,BNO_ACC,2274,-900,2,-4.21484,2.98828,6.70703
19505360,BNO_ACC,2275,-2000,2,-5.70703,1.57031,8.81250
19515888,BNO_ACC,2276,-4400,2,-7.73828,0.07812,10.72656
19527517,BNO_ACC,2277,-500,2,-10.60938,-2.91016,13.52344
19536108,BNO_ACC,2278,-900,2,-10.72656,-3.48438,14.86328
19545175,BNO_ACC,2279,-1600,2,-10.80078,-2.87109,15.32031
19555592,BNO_ACC,2280,-4000,2,-9.53906,-2.03125,14.09766
19560518,BNO_ACC,2281,-2300,2,-7.96875,-0.80469,12.14453
19567530,BNO_ACC,2282,-500,2,-6.20703,0.76562,9.53906
19576466,BNO_ACC,2283,-1000,2,-4.51953,2.41406,6.85156
19585427,BNO_ACC,2284,-1800,2,-3.02734,3.44922,5.25391
19595802,BNO_ACC,2285,-4000,2,-1.99219,4.32812,3.83203
19607827,BNO_ACC,2286,-500,2,-0.76562,4.55469,2.22266
19616710,BNO_ACC,2287,-1000,2,-0.84375,4.71484,2.14453
19625619,BNO_ACC,2288,-1800,2,-0.72656,4.17188,2.18359
19636117,BNO_ACC,2289,-4200,2,-1.30078,3.10547,2.33594
19647756,BNO_ACC,2290,-700,2,-2.52734,0.53516,6.24219
19656577,BNO_ACC,2291,-900,2,-3.10156,-0.57422,9.64844
19665609,BNO_ACC,2292,-1600,2,-3.25781,-1.53125,12.60156
19676149,BNO_ACC,2293,-4200,2,-3.25781,-2.45312,14.39844
19687957,BNO_ACC,2294,-700,2,-2.67969,-2.64453,15.20703
19696457,BNO_ACC,2295,-500,2,-2.45312,-1.76172,15.16797
19707232,BNO_ACC,2296,-3200,2,-2.37500,-0.65234,14.47656
19716780,BNO_ACC,2297,-4900,2,-1.83984,0.38281,12.83203
19726122,BNO_ACC,2298,-5700,2,-1.10938,1.30078,10.57422
19727518,BNO_ACC,2299,-700,2,-0.61328,2.26172,8.66016
19737085,BNO_ACC,2300,-900,2,-0.42188,2.41406,6.89062
19747059,BNO_ACC,2301,-2900,2,-0.38281,2.10547,5.51953
19755247,BNO_ACC,2302,-3000,2,-0.57422,1.87891,5.35938
19766313,BNO_ACC,2303,-5900,2,-0.49609,1.72266,5.47656
19767796,BNO_ACC,2304,-500,2,-0.53516,1.45703,5.70703
19776880,BNO_ACC,2305,-700,2,-0.57422,1.03516,6.01562
19787781,BNO_ACC,2306,-3400,2,-0.72656,0.42188,6.50781
19797004,BNO_ACC,2307,-4700,2,-0.69141,-0.65234,8.15625
19806339,BNO_ACC,2308,-5700,2,-0.80469,-2.64453,10.99219
19807886,BNO_ACC,2309,-700,2,-0.42188,-4.51953,14.17578
19816961,BNO_ACC,2310,-500,2,0.00000,-5.74609,16.77734
19827842,BNO_ACC,2311,-3400,2,0.38281,-6.01562,17.53906
19837216,BNO_ACC,2312,-4500,2,0.69141,-6.16797,16.70703
19846565,BNO_ACC,2313,-5700,2,0.95703,-5.59375,15.24219
19848107,BNO_ACC,2314,-700,2,1.53125,-3.52344,13.82812
19856987,BNO_ACC,2315,-700,2,1.83984,-2.22266,10.95312
19867697,BNO_ACC,2316,-3100,2,1.57031,-0.95703,8.96484
19877316,BNO_ACC,2317,-4500,2,1.49219,0.88281,7.46875
19886587,BNO_ACC,2318,-5500,2,1.37891,2.07031,6.08984
19890700,BNO_ACC,2319,-2300,2,1.14844,3.06641,4.48047
19897497,BNO_ACC,2320,-500,2,1.14844,3.44922,4.13672
19907429,BNO_ACC,2321,-2500,2,0.91797,3.17969,3.36719
19917311,BNO_ACC,2322,-4500,2,1.26562,2.22266,3.52734
19926651,BNO_ACC,2323,-5300,2,1.57031,0.38281,5.78516
19930707,BNO_ACC,2324,-2300,2,1.95312,-2.03125,8.31250
19937737,BNO_ACC,2325,-700,2,2.41406,-4.02344,10.45703
19946815,BNO_ACC,2326,-1800,2,2.98828,-5.55469,12.21875
19957591,BNO_ACC,2327,-4300,2,3.48438,-6.51172,13.67188
19966171,BNO_ACC,2328,-4700,2,3.83203,-6.51172,14.55859
19969135,BNO_ACC,2329,-1200,2,4.51953,-5.01953,14.67188
19977176,BNO_ACC,2330,-500,2,4.55859,-4.51953,14.33203
19987880,BNO_ACC,2331,-2700,2,4.82812,-4.17578,13.37109
19995623,BNO_ACC,2332,-2000,2,4.48047,-1.30078,10.23047
20006633,BNO_ACC,2333,-5200,2,4.75000,-0.76562,9.15625
20010085,BNO_ACC,2334,-1200,2,3.64062,0.72656,8.00781
20017523,BNO_ACC,2335,-300,2,4.25391,1.41797,6.85156
20028271,BNO_ACC,2336,-2700,2,4.02344,1.83984,6.92969
20035837,BNO_ACC,2337,-2200,2,3.67578,2.14453,6.93359
20047046,BNO_ACC,2338,-5100,2,3.64062,1.95312,5.59766
20051118,BNO_ACC,2339,-2100,2,2.98828,3.10156,4.97656
20058020,BNO_ACC,2340,-700,2,3.10156,1.76172,5.63672
20067035,BNO_ACC,2341,-1400,2,3.29297,0.95703,6.44141
20076106,BNO_ACC,2342,-2200,2,3.52344,-0.80469,8.46094
20086258,BNO_ACC,2343,-4400,2,3.94531,-2.33594,10.49219
20098593,BNO_ACC,2344,-900,2,3.90625,-2.71875,12.26172
20107537,BNO_ACC,2345,-1000,2,4.09766,-2.18359,11.33594
20116732,BNO_ACC,2346,-2600,2,3.83203,-1.30078,10.53125
20127022,BNO_ACC,2347,-4700,2,3.83203,-0.23047,9.84766
20131228,BNO_ACC,2348,-2300,2,3.75391,1.45703,8.57812
20138184,BNO_ACC,2349,-700,2,2.83594,2.91016,6.16797
20147555,BNO_ACC,2350,-1000,2,2.26172,4.06250,4.89844
20158394,BNO_ACC,2351,-4300,2,2.03125,4.25391,4.97656
20166543,BNO_ACC,2352,-4200,2,1.72266,5.01953,4.51953
20171472,BNO_ACC,2353,-2300,2,1.37891,5.78516,2.79688
20178370,BNO_ACC,2354,-700,2,1.03516,6.32031,0.72656
20187742,BNO_ACC,2355,-1000,2,1.03516,5.25391,1.10938
20196983,BNO_ACC,2356,-2400,2,0.88281,2.98828,6.12500
20207302,BNO_ACC,2357,-4800,2,1.10938,0.95703,10.22656
20211418,BNO_ACC,2358,-2300,2,1.53125,-0.76562,13.25391
20218382,BNO_ACC,2359,-700,2,1.76172,-1.68359,17.61719
20227675,BNO_ACC,2360,-900,2,1.72266,-2.29688,19.80469
20236770,BNO_ACC,2361,-2200,2,1.30078,-2.14453,19.42188
20247075,BNO_ACC,2362,-4400,2,1.18750,-1.60938,17.42969
20251982,BNO_ACC,2363,-2300,2,1.64844,-0.95703,14.86328
20258948,BNO_ACC,2364,-700,2,2.18359,0.26953,12.10547
20267930,BNO_ACC,2365,-1000,2,1.76172,1.64844,10.45703
20277087,BNO_ACC,2366,-2200,2,1.45703,2.67969,8.50391
20287398,BNO_ACC,2367,-4600,2,1.64844,3.67578,6.28125
20298864,BNO_ACC,2368,-700,2,1.49219,5.36328,2.64453
20308129,BNO_ACC,2369,-900,2,1.33984,5.28125,1.68359
20317314,BNO_ACC,2370,-2400,2,0.95703,5.28125,1.60938
20327543,BNO_ACC,2371,-4400,2,0.69141,4.36719,2.14453
20339120,BNO_ACC,2372,-700,2,0.46094,1.18750,6.66797
20348216,BNO_ACC,2373,-1000,2,0.19141,-0.80469,11.33594
20357420,BNO_ACC,2374,-2200,2,-0.11328,-2.48828,16.12891
20367601,BNO_ACC,2375,-4400,2,-0.34375,-2.83594,19.11719
20379218,BNO_ACC,2376,-500,2,-0.46094,-2.18359,18.69922
20388339,BNO_ACC,2377,-900,2,-0.23047,-1.30078,16.12500
20397354,BNO_ACC,2378,-2000,2,-0.19141,0.07812,13.75000
20407765,BNO_ACC,2379,-4400,2,-0.07812,1.45703,10.95312
20419327,BNO_ACC,2380,-700,2,0.34375,4.32812,5.47656
20428430,BNO_ACC,2381,-1000,2,0.72656,5.51562,3.37109
20437498,BNO_ACC,2382,-1800,2,0.84375,5.82031,2.26172
20447718,BNO_ACC,2383,-4200,2,0.80469,5.59375,2.37500
20452630,BNO_ACC,2384,-2300,2,0.72656,5.13672,2.87109
20459609,BNO_ACC,2385,-500,2,0.46094,3.98438,4.13281
20468501,BNO_ACC,2386,-1000,2,0.00000,2.48828,5.44141
20477464,BNO_ACC,2387,-1800,2,-0.46094,0.23047,8.15625
20487981,BNO_ACC,2388,-4200,2,-0.95703,-2.41406,12.26172
20499665,BNO_ACC,2389,-700,2,-1.57031,-6.58984,17.08594
20508588,BNO_ACC,2390,-1000,2,-1.41797,-6.74219,17.39062
20517703,BNO_ACC,2391,-1800,2,-1.14844,-6.28125,16.62500
20528131,BNO_ACC,2392,-4200,2,-0.76562,-4.71094,14.93750
20539912,BNO_ACC,2393,-700,2,-0.15234,-0.72656,10.69141
20548545,BNO_ACC,2394,-900,2,0.23047,1.10938,9.42188
20557583,BNO_ACC,2395,-1600,2,0.65234,2.45312,8.03906
20567957,BNO_ACC,2396,-3800,2,0.72656,3.64062,6.58984
20580365,BNO_ACC,2397,-700,2,0.53516,3.10156,5.85938
20589147,BNO_ACC,2398,-1000,2,0.42188,2.41406,6.08984
20598892,BNO_ACC,2399,-2900,2,0.26953,1.64844,7.00781
20608541,BNO_ACC,2400,-4400,2,0.23047,0.38281,7.20312
20621510,BNO_ACC,2401,-1000,2,0.72656,-3.52344,10.14844
20628391,BNO_ACC,2402,-500,2,0.91797,-5.01953,12.30078
20639203,BNO_ACC,2403,-3100,2,1.45703,-6.39844,13.56641
20648909,BNO_ACC,2404,-4700,2,1.60938,-6.66406,13.33203
20658256,BNO_ACC,2405,-5900,2,1.91406,-5.55469,13.59766
20659744,BNO_ACC,2406,-700,2,2.18359,-4.55859,13.59375
20668895,BNO_ACC,2407,-700,2,2.33594,-3.79297,12.98828
20679685,BNO_ACC,2408,-3400,2,2.18359,-2.91016,12.06250
20689069,BNO_ACC,2409,-4900,2,1.80078,-1.53125,11.57422
20698450,BNO_ACC,2410,-5700,2,1.49219,0.11328,9.96094
20699939,BNO_ACC,2411,-700,2,1.33984,1.30078,8.39062
20709093,BNO_ACC,2412,-700,2,0.84375,2.29688,6.89062
20719983,BNO_ACC,2413,-3400,2,0.34375,2.98828,5.21484
20729201,BNO_ACC,2414,-4500,2,0.07812,3.21875,3.91016
20738485,BNO_ACC,2415,-5700,2,-0.30469,3.44922,3.48828
20740164,BNO_ACC,2416,-700,2,-0.80469,2.87109,3.78906
20749167,BNO_ACC,2417,-700,2,-1.49219,2.37500,3.60547
20759961,BNO_ACC,2418,-3200,2,-1.99219,1.53125,4.09375
20769304,BNO_ACC,2419,-4500,2,-2.41406,0.57422,4.21094
20778774,BNO_ACC,2420,-5700,2,-2.87109,-2.29688,7.96875
20780334,BNO_ACC,2421,-700,2,-2.71875,-5.05469,12.25781
20789293,BNO_ACC,2422,-700,2,-3.41016,-4.75000,15.82031
20800313,BNO_ACC,2423,-3200,2,-6.35938,-1.91406,15.85938
20809343,BNO_ACC,2424,-4300,2,-6.55078,-1.76172,15.36328
20818829,BNO_ACC,2425,-5700,2,-6.28125,-1.37891,17.19922
20820350,BNO_ACC,2426,-500,2,-6.05078,0.34375,17.65625
20829224,BNO_ACC,2427,-500,2,-5.40234,1.49219,14.32812
20840083,BNO_ACC,2428,-3100,2,-4.90234,1.45703,11.53125
20849515,BNO_ACC,2429,-4500,2,-3.98438,2.18359,9.11719
20858844,BNO_ACC,2430,-5300,2,-2.79688,3.71484,7.69531
20862891,BNO_ACC,2431,-2300,2,-1.72266,4.78906,6.32031
20869785,BNO_ACC,2432,-700,2,-0.49609,5.63281,4.55859
20878863,BNO_ACC,2433,-1800,2,0.11328,5.94141,2.52734
20889639,BNO_ACC,2434,-4300,2,0.23047,5.13672,1.37891
20898093,BNO_ACC,2435,-4500,2,-0.46094,3.86719,1.41797
20910407,BNO_ACC,2436,-1000,2,-2.71875,0.07812,4.33203
20918961,BNO_ACC,2437,-1600,2,-3.79297,-2.67969,8.50000
20929790,BNO_ACC,2438,-4300,2,-4.02344,-4.40625,13.52734
20938247,BNO_ACC,2439,-4400,2,-4.25391,-5.47656,18.03906
20943176,BNO_ACC,2440,-2300,2,-4.63672,-5.44141,20.41406
20950135,BNO_ACC,2441,-700,2,-4.55859,-5.13281,20.49219
20959282,BNO_ACC,2442,-1800,2,-4.36719,-3.21875,19.22656
20970012,BNO_ACC,2443,-4300,2,-3.83203,-1.30078,17.08594
20978333,BNO_ACC,2444,-4400,2,-3.14062,1.22656,14.82422
20983255,BNO_ACC,2445,-2300,2,-1.72266,3.83203,10.34375
20990092,BNO_ACC,2446,-500,2,-0.76562,5.47656,6.39844
20999427,BNO_ACC,2447,-1600,2,-0.42188,5.59375,4.94141
21010206,BNO_ACC,2448,-4300,2,-0.69141,5.51953,3.60156
21018484,BNO_ACC,2449,-4400,2,-0.84375,4.89844,2.71875
21023376,BNO_ACC,2450,-2300,2,-0.99609,3.79297,2.45312
21030455,BNO_ACC,2451,-700,2,-0.49609,2.98828,1.95312
21039391,BNO_ACC,2452,-1400,2,-1.45703,2.07031,2.48438
21048426,BNO_ACC,2453,-2200,2,-0.57422,1.30078,2.76172
21058525,BNO_ACC,2454,-4400,2,0.38281,0.72656,4.47656
21070677,BNO_ACC,2455,-900,2,1.95312,-1.64844,12.68359
21079578,BNO_ACC,2456,-1000,2,2.10547,-2.98828,15.58984
21088709,BNO_ACC,2457,-2400,2,1.57031,-3.64062,16.93359
21098961,BNO_ACC,2458,-4400,2,0.61328,-2.94922,16.96875
21103916,BNO_ACC,2459,-2300,2,-0.42188,-1.45703,16.12891
21110908,BNO_ACC,2460,-700,2,-1.64844,0.00000,14.51953
21119799,BNO_ACC,2461,-1000,2,-2.56641,1.30078,12.37891
21130714,BNO_ACC,2462,-4300,2,-1.53125,2.41406,10.30469
21138713,BNO_ACC,2463,-4100,2,-1.57031,3.37109,8.77344
21143637,BNO_ACC,2464,-2300,2,-1.22656,3.83203,8.23438
21150608,BNO_ACC,2465,-500,2,-1.41797,3.71484,8.57812
21159971,BNO_ACC,2466,-1000,2,-1.07422,3.25781,9.46484
21169118,BNO_ACC,2467,-2400,2,-1.30078,2.64453,10.87500
21179402,BNO_ACC,2468,-4600,2,-1.57031,2.41406,11.87891
21184302,BNO_ACC,2469,-2300,2,-1.95312,1.41797,11.98438
21191373,BNO_ACC,2470,-700,2,-2.64453,-0.57422,11.07422
21200047,BNO_ACC,2471,-1000,2,-2.26172,-1.22656,10.03125
21209139,BNO_ACC,2472,-2200,2,-1.64844,-1.72266,7.46875
21219460,BNO_ACC,2473,-4400,2,-1.64844,-1.07422,6.74609
21224358,BNO_ACC,2474,-2300,2,-0.15234,0.30469,6.58594
21231168,BNO_ACC,2475,-700,2,0.91797,2.29688,5.82031
21240188,BNO_ACC,2476,-1000,2,2.33594,2.98828,5.05859
21249387,BNO_ACC,2477,-2400,2,4.82812,2.75781,4.98047
21259595,BNO_ACC,2478,-4600,2,4.40625,2.33594,5.51562
21271440,BNO_ACC,2479,-700,2,5.32422,2.33594,6.78516
21280407,BNO_ACC,2480,-1000,2,4.59766,2.87109,6.74609
21289559,BNO_ACC,2481,-2200,2,3.98438,1.57031,6.51172
21299821,BNO_ACC,2482,-4600,2,3.48438,0.84375,5.59375
21311304,BNO_ACC,2483,-700,2,1.80078,0.15234,8.11719
21320428,BNO_ACC,2484,-1000,2,0.53516,-0.72656,9.88672
21329490,BNO_ACC,2485,-2000,2,0.23047,-1.57031,10.87891
21339893,BNO_ACC,2486,-4400,2,-0.46094,-1.99219,11.91797
21351576,BNO_ACC,2487,-500,2,-2.45312,-0.95703,15.86328
21360476,BNO_ACC,2488,-1000,2,-2.45312,-0.46094,15.43750
21369531,BNO_ACC,2489,-1800,2,-2.29688,0.46094,14.05469
21379930,BNO_ACC,2490,-4200,2,-1.14844,2.41406,14.67188
21391706,BNO_ACC,2491,-500,2,-1.37891,1.45703,13.37109
21400597,BNO_ACC,2492,-1000,2,-0.95703,1.18750,11.64453
21409645,BNO_ACC,2493,-1800,2,-0.76562,1.18750,11.07031
21420121,BNO_ACC,2494,-4200,2,-0.15234,1.76172,9.73047
21431774,BNO_ACC,2495,-700,2,1.22656,1.03516,6.28516
21440615,BNO_ACC,2496,-900,2,0.69141,2.03125,4.97656
21449673,BNO_ACC,2497,-1600,2,1.80078,2.22266,5.28125
21460172,BNO_ACC,2498,-4000,2,2.48828,1.95312,5.78516
21472025,BNO_ACC,2499,-700,2,3.98438,1.49219,7.46875
21480436,BNO_ACC,2500,-500,2,4.13672,2.03125,8.35156
21491288,BNO_ACC,2501,-3400,2,4.28906,1.53125,8.19922
21500915,BNO_ACC,2502,-5100,2,3.48438,1.22656,7.92969
21510304,BNO_ACC,2503,-6100,2,1.60938,0.42188,7.20703
21511511,BNO_ACC,2504,-700,2,-0.95703,-0.38281,7.12891
21520778,BNO_ACC,2505,-900,2,-1.64844,-0.80469,8.08203
21530003,BNO_ACC,2506,-1500,2,-0.84375,-0.69141,10.41797
21540325,BNO_ACC,2507,-4000,2,-2.79688,-0.46094,13.37109
21552232,BNO_ACC,2508,-700,2,-1.76172,1.33984,14.01562
21560662,BNO_ACC,2509,-500,2,-0.69141,2.79688,15.05859
21571577,BNO_ACC,2510,-3200,2,-0.84375,2.22266,15.44141
21581020,BNO_ACC,2511,-4900,2,-1.30078,0.99609,14.67578
21590341,BNO_ACC,2512,-5700,2,-1.57031,0.19141,13.56641
21591818,BNO_ACC,2513,-500,2,-1.60938,-0.38281,11.98438
21600987,BNO_ACC,2514,-500,2,0.00000,0.19141,8.73438
21611819,BNO_ACC,2515,-3400,2,0.11328,-0.26953,5.66797
21621214,BNO_ACC,2516,-4900,2,1.10938,1.14844,5.13281
21630698,BNO_ACC,2517,-5900,2,1.76172,2.22266,4.86328
21632013,BNO_ACC,2518,-500,2,3.52344,2.29688,5.66797
21641051,BNO_ACC,2519,-700,2,4.98047,2.22266,7.08594
21651919,BNO_ACC,2520,-3400,2,4.82812,2.14453,8.42578
21661323,BNO_ACC,2521,-4700,2,4.67188,1.53125,7.51172
21670696,BNO_ACC,2522,-5900,2,4.02344,1.37891,6.74609
21672149,BNO_ACC,2523,-500,2,2.91016,1.80078,5.86328
21681249,BNO_ACC,2524,-700,2,0.65234,1.22656,5.01953
21691991,BNO_ACC,2525,-3100,2,-0.76562,0.11328,4.83203
21701469,BNO_ACC,2526,-4700,2,-1.72266,-1.07422,5.66406
21710769,BNO_ACC,2527,-5700,2,-2.10547,-0.42188,8.65625
21712386,BNO_ACC,2528,-500,2,-2.60547,-0.23047,11.67969
21721161,BNO_ACC,2529,-500,2,-1.95312,0.84375,11.18750
21731970,BNO_ACC,2530,-2900,2,-1.95312,1.49219,12.25781
21741413,BNO_ACC,2531,-4500,2,-2.45312,1.57031,13.52344
21750694,BNO_ACC,2532,-5500,2,-2.03125,2.52734,14.67188
21754804,BNO_ACC,2533,-2500,2,-2.64453,1.72266,14.86328
21761654,BNO_ACC,2534,-700,2,-2.33594,0.80469,14.09766
21771698,BNO_ACC,2535,-2500,2,-2.22266,0.80469,14.13281
21781545,BNO_ACC,2536,-4300,2,-2.29688,0.26953,13.56250
21790890,BNO_ACC,2537,-5300,2,-1.33984,0.15234,12.18359
21794986,BNO_ACC,2538,-2300,2,-0.61328,0.19141,10.83984
21801869,BNO_ACC,2539,-500,2,-0.11328,-0.23047,8.73438
21811939,BNO_ACC,2540,-2500,2,0.80469,-0.03906,6.58594
21820048,BNO_ACC,2541,-2300,2,1.30078,1.14844,6.32031
21830408,BNO_ACC,2542,-4600,2,2.83594,1.37891,6.58594
21833330,BNO_ACC,2543,-1000,2,3.25781,2.07031,7.27734
21841385,BNO_ACC,2544,-500,2,3.48438,2.37500,7.23828
21852132,BNO_ACC,2545,-2500,2,3.06641,2.18359,7.00781
21860037,BNO_ACC,2546,-2200,2,2.71875,1.41797,6.78125
21870554,BNO_ACC,2547,-4600,2,1.68359,1.37891,5.98047
21875466,BNO_ACC,2548,-2300,2,0.26953,1.37891,4.97656
21882509,BNO_ACC,2549,-900,2,-0.72656,0.65234,4.71094
21892263,BNO_ACC,2550,-2500,2,-1.91406,-0.46094,7.55078
21900010,BNO_ACC,2551,-2100,2,-2.10547,-0.19141,10.07031
21911206,BNO_ACC,2552,-5300,2,-1.68359,0.00000,11.26172
21915280,BNO_ACC,2553,-2300,2,-1.95312,0.30469,12.44531
21922228,BNO_ACC,2554,-700,2,-1.60938,0.57422,13.10156
21931489,BNO_ACC,2555,-1000,2,-1.76172,0.76562,14.13281
21942341,BNO_ACC,2556,-4300,2,-1.03516,1.60938,15.66797
21950663,BNO_ACC,2557,-4400,2,-1.83984,0.95703,15.85938
21955588,BNO_ACC,2558,-2300,2,-1.60938,0.80469,14.35938
21962657,BNO_ACC,2559,-500,2,-1.37891,0.38281,13.59766
21971558,BNO_ACC,2560,-1400,2,-0.76562,0.80469,12.56250
21980614,BNO_ACC,2561,-2200,2,-0.03906,0.69141,10.83984
21990833,BNO_ACC,2562,-4400,2,0.26953,0.19141,8.57812
21995756,BNO_ACC,2563,-2300,2,0.65234,0.72656,6.54688
22002724,BNO_ACC,2564,-500,2,1.64844,1.83984,6.46875
22011842,BNO_ACC,2565,-1000,2,2.41406,1.91406,7.08984
22020660,BNO_ACC,2566,-2000,2,2.67969,2.03125,7.69531
22031001,BNO_ACC,2567,-4400,2,2.52734,1.95312,7.51172
22035911,BNO_ACC,2568,-2300,2,2.26172,1.76172,6.70703
22042846,BNO_ACC,2569,-700,2,1.87891,1.53125,6.24219
22052043,BNO_ACC,2570,-900,2,1.10938,1.45703,5.82422
22060924,BNO_ACC,2571,-2200,2,0.00000,1.18750,4.63281
22071085,BNO_ACC,2572,-4400,2,-1.53125,0.42188,4.75000
22083488,BNO_ACC,2573,-900,2,-2.07031,-0.19141,8.73438
22091983,BNO_ACC,2574,-900,2,-2.37500,-0.15234,10.61328
22101010,BNO_ACC,2575,-2200,2,-1.99219,0.07812,11.91797
22111358,BNO_ACC,2576,-4400,2,-2.26172,0.88281,12.75781
22116278,BNO_ACC,2577,-2300,2,-2.60547,1.57031,13.59766
22123138,BNO_ACC,2578,-500,2,-2.45312,2.14453,14.44141
22132152,BNO_ACC,2579,-900,2,-2.10547,1.76172,15.13672
22141192,BNO_ACC,2580,-2200,2,-2.41406,1.53125,14.59766
22151406,BNO_ACC,2581,-4200,2,-2.26172,1.30078,13.75000
22156333,BNO_ACC,2582,-2300,2,-2.18359,0.72656,12.86719
22163413,BNO_ACC,2583,-500,2,-1.57031,0.65234,11.95312
22172405,BNO_ACC,2584,-1000,2,-0.84375,0.57422,10.26953
22181560,BNO_ACC,2585,-2200,2,-0.34375,0.42188,8.31641
22191933,BNO_ACC,2586,-4600,2,0.53516,0.30469,6.01562
22203360,BNO_ACC,2587,-500,2,2.26172,1.83984,7.62891
22212357,BNO_ACC,2588,-1000,2,2.67969,1.30078,7.77734
22221361,BNO_ACC,2589,-1800,2,2.60547,1.57031,7.89062
22231696,BNO_ACC,2590,-4200,2,2.91016,1.99219,7.42969
22236562,BNO_ACC,2591,-2300,2,2.75781,1.60938,7.51172
22243750,BNO_ACC,2592,-500,2,0.88281,1.10938,7.23828
22252714,BNO_ACC,2593,-900,2,-0.34375,0.11328,6.54688
22261752,BNO_ACC,2594,-2000,2,-1.18750,-1.07422,7.46875
22272015,BNO_ACC,2595,-4400,2,-0.57422,0.53516,7.31250
22283697,BNO_ACC,2596,-500,2,-0.57422,0.46094,9.15625
22292690,BNO_ACC,2597,-900,2,-0.61328,0.49609,9.76562
22301811,BNO_ACC,2598,-1800,2,-0.69141,0.46094,10.49609
22312288,BNO_ACC,2599,-4400,2,-1.26562,0.42188,10.76562
22323970,BNO_ACC,2600,-700,2,-1.53125,0.61328,12.14062
22332431,BNO_ACC,2601,-700,2,-0.53516,0.99609,12.48828
22341497,BNO_ACC,2602,-1500,2,-0.57422,1.14844,13.33203
22351916,BNO_ACC,2603,-3800,2,-1.07422,0.03906,13.52344
22364315,BNO_ACC,2604,-700,2,0.11328,0.72656,12.14453
22373224,BNO_ACC,2605,-900,2,0.23047,1.14844,10.64844
22383035,BNO_ACC,2606,-3100,2,0.23047,1.07422,9.30469
22391505,BNO_ACC,2607,-3300,2,0.26953,1.57031,8.92188
22401880,BNO_ACC,2608,-5500,2,-0.03906,1.80078,8.81641
22403540,BNO_ACC,2609,-700,2,-0.38281,1.57031,8.54297
22412808,BNO_ACC,2610,-700,2,-1.10938,1.41797,7.73828
22421779,BNO_ACC,2611,-1300,2,-1.33984,1.18750,7.23438
22432106,BNO_ACC,2612,-3600,2,-1.76172,1.30078,6.85156
22442548,BNO_ACC,2613,-6000,2,-1.95312,0.80469,6.54688
22443743,BNO_ACC,2614,-700,2,-2.22266,0.76562,7.08594
22452973,BNO_ACC,2615,-700,2,-2.37500,0.49609,8.01172
22461969,BNO_ACC,2616,-1500,2,-2.29688,0.69141,8.73438
22472366,BNO_ACC,2617,-3600,2,-2.48828,0.91797,9.68750
22481769,BNO_ACC,2618,-5100,2,-2.94922,1.64844,10.15234
22484280,BNO_ACC,2619,-700,2,-3.33203,1.87891,11.11328
22492651,BNO_ACC,2620,-500,2,-3.67578,1.64844,11.98438
22503395,BNO_ACC,2621,-2900,2,-3.90625,1.14844,12.14062
22513221,BNO_ACC,2622,-4700,2,-3.75391,1.07422,12.18359
22522441,BNO_ACC,2623,-5700,2,-3.64062,1.22656,12.21875
22523990,BNO_ACC,2624,-500,2,-3.37109,0.76562,12.48828
22533169,BNO_ACC,2625,-500,2,-3.52344,0.34375,12.71875
22543925,BNO_ACC,2626,-3400,2,-3.14062,-0.15234,11.98828
22553372,BNO_ACC,2627,-4700,2,-2.14453,-0.07812,11.03516
22562702,BNO_ACC,2628,-5700,2,-0.19141,-0.91797,10.15234
22564193,BNO_ACC,2629,-700,2,0.19141,-0.23047,8.31250
22573505,BNO_ACC,2630,-700,2,0.00000,1.03516,6.85547
22583570,BNO_ACC,2631,-2700,2,1.64844,1.30078,6.43750
22593539,BNO_ACC,2632,-4700,2,2.10547,1.07422,5.85938
22602116,BNO_ACC,2633,-4900,2,3.10156,1.53125,6.43750
22604637,BNO_ACC,2634,-900,2,2.87109,2.87109,7.51172
22613184,BNO_ACC,2635,-700,2,2.75781,2.41406,7.42969
22624006,BNO_ACC,2636,-3100,2,1.87891,1.95312,6.35938
22633522,BNO_ACC,2637,-4500,2,1.14844,2.07031,5.63672
22642934,BNO_ACC,2638,-5500,2,0.46094,2.18359,5.63672
22644605,BNO_ACC,2639,-500,2,-0.38281,1.76172,5.70703
22653352,BNO_ACC,2640,-500,2,-1.33984,1.14844,6.20312
22664173,BNO_ACC,2641,-2900,2,-0.99609,0.38281,7.65625
22673707,BNO_ACC,2642,-4500,2,-1.72266,-0.76562,10.45703
22683060,BNO_ACC,2643,-5500,2,-1.72266,-1.60938,12.67969
22687165,BNO_ACC,2644,-2300,2,-1.80078,-1.68359,14.21484
22694229,BNO_ACC,2645,-900,2,-1.80078,-1.45703,15.62891
22703979,BNO_ACC,2646,-2500,2,-1.72266,-0.69141,16.16797
22713769,BNO_ACC,2647,-4300,2,-1.18750,0.07812,16.24219
22722278,BNO_ACC,2648,-4500,2,-0.99609,0.15234,15.44141
22727219,BNO_ACC,2649,-2300,2,-1.22656,0.11328,14.67188
22734141,BNO_ACC,2650,-700,2,-1.07422,0.38281,13.63281
22743274,BNO_ACC,2651,-1800,2,-0.76562,0.80469,12.25781
22754068,BNO_ACC,2652,-4500,2,-0.38281,1.10938,10.79688
22762377,BNO_ACC,2653,-4500,2,-0.03906,1.37891,8.58203
22767265,BNO_ACC,2654,-2300,2,0.15234,1.76172,6.74609
22774177,BNO_ACC,2655,-700,2,0.46094,1.95312,5.74219
22783371,BNO_ACC,2656,-1800,2,0.69141,2.22266,5.28125
22794160,BNO_ACC,2657,-4300,2,1.07422,2.41406,5.09375
22802329,BNO_ACC,2658,-4400,2,1.14844,2.45312,5.28516
22814444,BNO_ACC,2659,-900,2,1.07422,2.26172,5.25391
22823546,BNO_ACC,2660,-1600,2,0.99609,1.83984,5.51953
22834355,BNO_ACC,2661,-4500,2,0.91797,1.18750,5.97656
22842567,BNO_ACC,2662,-4400,2,0.65234,0.34375,6.78516
22847464,BNO_ACC,2663,-2300,2,0.42188,-0.53516,7.93359
22854517,BNO_ACC,2664,-700,2,-0.38281,-1.18750,9.08203
22863742,BNO_ACC,2665,-1000,2,-1.10938,-2.37500,11.33594
22874453,BNO_ACC,2666,-4300,2,-1.33984,-1.80078,12.90625
22882619,BNO_ACC,2667,-4300,2,-2.18359,-1.72266,14.51953
22887503,BNO_ACC,2668,-2300,2,-1.91406,-1.22656,15.05859
22894442,BNO_ACC,2669,-500,2,-1.87891,-0.49609,14.98047
22903819,BNO_ACC,2670,-1000,2,-2.26172,0.11328,14.35938
22912859,BNO_ACC,2671,-2200,2,-2.14453,2.07031,14.28906
22923019,BNO_ACC,2672,-4400,2,-1.14844,2.29688,13.82812
22935521,BNO_ACC,2673,-900,2,-1.60938,1.60938,12.44531
22944077,BNO_ACC,2674,-1000,2,-1.33984,1.53125,11.26172
22953200,BNO_ACC,2675,-2600,2,-1.03516,1.41797,10.26562
22963298,BNO_ACC,2676,-4500,2,-0.99609,1.49219,9.07812
22975560,BNO_ACC,2677,-1000,2,-0.26953,1.49219,6.85156
22984363,BNO_ACC,2678,-1000,2,0.00000,1.57031,5.78516
22995178,BNO_ACC,2679,-4500,2,0.30469,1.76172,5.01562
23003130,BNO_ACC,2680,-4200,2,0.76562,2.14453,4.78906
23008083,BNO_ACC,2681,-2300,2,0.91797,2.37500,5.59766
23015010,BNO_ACC,2682,-500,2,1.45703,2.14453,5.74219
23024371,BNO_ACC,2683,-1000,2,1.87891,2.22266,6.28516
23035163,BNO_ACC,2684,-4300,2,1.57031,1.60938,7.16406
23043252,BNO_ACC,2685,-4100,2,1.76172,0.99609,7.89062
23048150,BNO_ACC,2686,-2100,2,1.68359,0.57422,8.42188
23055164,BNO_ACC,2687,-700,2,1.26562,-0.15234,9.15625
23064503,BNO_ACC,2688,-900,2,0.76562,-0.57422,9.54297
23073510,BNO_ACC,2689,-2200,2,-0.19141,-0.84375,10.18750
23083679,BNO_ACC,2690,-4400,2,-0.95703,-1.10938,11.22266
23095975,BNO_ACC,2691,-900,2,-2.14453,-0.76562,12.33594
23104687,BNO_ACC,2692,-1000,2,-2.79688,-0.53516,13.52734
23114612,BNO_ACC,2693,-3600,2,-2.98828,-0.57422,14.17188
23124075,BNO_ACC,2694,-4600,2,-3.60156,0.23047,14.33203
23135746,BNO_ACC,2695,-700,2,-2.75781,1.80078,14.55469
23144191,BNO_ACC,2696,-900,2,-2.56641,1.60938,13.82812
23153210,BNO_ACC,2697,-1400,2,-2.87109,1.57031,13.10547
23163568,BNO_ACC,2698,-4000,2,-2.33594,1.53125,11.68359
23176163,BNO_ACC,2699,-900,2,-1.53125,1.83984,9.07812
23184962,BNO_ACC,2700,-1000,2,-1.37891,1.80078,7.73828
23194840,BNO_ACC,2701,-3400,2,-0.95703,2.22266,6.43750
23204310,BNO_ACC,2702,-4400,2,-0.69141,2.41406,5.05859
23216021,BNO_ACC,2703,-500,2,-0.26953,2.33594,3.83203
23224920,BNO_ACC,2704,-900,2,0.30469,2.64453,3.78906
23233940,BNO_ACC,2705,-2000,2,0.34375,3.25781,4.37109
23244268,BNO_ACC,2706,-4200,2,0.72656,2.67969,4.25000
23256196,BNO_ACC,2707,-700,2,1.64844,1.91406,6.85547
23264541,BNO_ACC,2708,-700,2,2.03125,1.10938,8.27734
23275394,BNO_ACC,2709,-3400,2,1.91406,0.15234,9.22656
23283441,BNO_ACC,2710,-3100,2,1.60938,-0.65234,10.18750
23293754,BNO_ACC,2711,-5500,2,1.18750,-1.37891,11.03125
23296406,BNO_ACC,2712,-900,2,-0.23047,-1.83984,12.52344
23304396,BNO_ACC,2713,-500,2,-0.99609,-2.33594,13.78906
23315139,BNO_ACC,2714,-3100,2,-1.64844,-1.53125,14.59766
23324646,BNO_ACC,2715,-4300,2,-2.29688,-1.26562,14.90234
23336537,BNO_ACC,2716,-700,2,-2.48828,0.46094,14.82031
23344927,BNO_ACC,2717,-900,2,-2.67969,1.37891,13.75391
23353898,BNO_ACC,2718,-1500,2,-1.87891,2.41406,13.25000
23364185,BNO_ACC,2719,-3600,2,-1.76172,2.22266,12.37500
23374417,BNO_ACC,2720,-5900,2,-1.99219,1.68359,11.25781
23375932,BNO_ACC,2721,-700,2,-1.57031,1.68359,10.18750
23385084,BNO_ACC,2722,-500,2,-0.99609,1.95312,9.22656
23394176,BNO_ACC,2723,-1500,2,-0.80469,1.80078,8.69531
23404643,BNO_ACC,2724,-3800,2,-0.57422,1.99219,7.85547
23413960,BNO_ACC,2725,-5100,2,-0.19141,1.95312,6.66797
23416479,BNO_ACC,2726,-900,2,-0.03906,1.83984,6.04688
23424981,BNO_ACC,2727,-700,2,0.26953,1.76172,5.32031
23435763,BNO_ACC,2728,-3100,2,0.03906,2.14453,5.13672
23445390,BNO_ACC,2729,-4500,2,0.57422,2.26172,4.75391
23454669,BNO_ACC,2730,-5700,2,0.38281,2.03125,5.21484
23456323,BNO_ACC,2731,-700,2,0.76562,2.37500,4.82812
23465376,BNO_ACC,2732,-700,2,1.14844,1.99219,5.78516
23476267,BNO_ACC,2733,-3400,2,1.76172,1.33984,7.04688
23483905,BNO_ACC,2734,-2600,2,2.14453,1.10938,8.04297
23494253,BNO_ACC,2735,-5100,2,2.45312,0.57422,9.19531
23497124,BNO_ACC,2736,-1200,2,2.64453,0.07812,9.88281
23505202,BNO_ACC,2737,-700,2,2.60547,-0.19141,10.22656
23515968,BNO_ACC,2738,-3100,2,2.48828,-0.42188,10.76562
23525469,BNO_ACC,2739,-4300,2,2.26172,-0.57422,11.37891
23535014,BNO_ACC,2740,-5500,2,1.83984,-0.72656,11.87500
23536533,BNO_ACC,2741,-700,2,0.99609,-0.53516,11.68359
23545580,BNO_ACC,2742,-700,2,0.03906,-0.72656,11.87500
23556439,BNO_ACC,2743,-3200,2,-0.46094,-0.46094,11.68359
23565682,BNO_ACC,2744,-4300,2,-1.18750,-0.19141,11.60547
23575158,BNO_ACC,2745,-5700,2,-1.83984,-0.11328,11.41406
23576653,BNO_ACC,2746,-500,2,-2.18359,0.23047,11.60156
23585531,BNO_ACC,2747,-500,2,-2.48828,0.57422,11.07422
23596258,BNO_ACC,2748,-2900,2,-2.52734,0.76562,10.83594
23604152,BNO_ACC,2749,-2400,2,-2.56641,1.03516,11.10938
23614461,BNO_ACC,2750,-4900,2,-2.48828,1.53125,10.91406
23617413,BNO_ACC,2751,-1000,2,-2.03125,1.83984,10.83984
23625777,BNO_ACC,2752,-700,2,-1.68359,1.64844,11.19141
23636745,BNO_ACC,2753,-3100,2,-2.33594,1.33984,11.18750
23644118,BNO_ACC,2754,-2200,2,-2.26172,0.88281,11.14844
23654388,BNO_ACC,2755,-4600,2,-1.91406,0.99609,10.99609
23658333,BNO_ACC,2756,-1200,2,-1.57031,1.22656,10.69141
23665594,BNO_ACC,2757,-700,2,-1.22656,1.41797,10.41406
23676425,BNO_ACC,2758,-2700,2,-1.10938,1.53125,9.76562
23684002,BNO_ACC,2759,-2000,2,-0.84375,1.60938,8.88281
23695058,BNO_ACC,2760,-5000,2,-0.38281,1.72266,8.16016
23699185,BNO_ACC,2761,-2300,2,-0.11328,1.30078,7.23828
23706076,BNO_ACC,2762,-700,2,0.07812,1.14844,6.01562
23715633,BNO_ACC,2763,-900,2,0.15234,1.72266,5.36328
23724801,BNO_ACC,2764,-2600,2,0.65234,1.57031,4.59375
23735215,BNO_ACC,2765,-4900,2,1.26562,1.99219,4.82812
23739291,BNO_ACC,2766,-2500,2,1.41797,1.95312,6.39844
23746294,BNO_ACC,2767,-500,2,1.10938,1.26562,7.69922
23755698,BNO_ACC,2768,-1800,2,1.18750,0.84375,7.47266
23764810,BNO_ACC,2769,-2400,2,0.72656,0.42188,7.77734
23775103,BNO_ACC,2770,-4600,2,0.34375,-0.23047,8.35547
23787178,BNO_ACC,2771,-900,2,-1.45703,-0.95703,11.07422
23796047,BNO_ACC,2772,-1000,2,-2.22266,-1.41797,11.75781
23806785,BNO_ACC,2773,-4300,2,-2.67969,-0.84375,12.79297
23814916,BNO_ACC,2774,-4400,2,-2.75781,-0.57422,13.48828
23819838,BNO_ACC,2775,-2300,2,-2.98828,0.00000,13.67578
23826731,BNO_ACC,2776,-500,2,-3.06641,0.65234,13.67188
23836102,BNO_ACC,2777,-1000,2,-3.90625,1.41797,13.48828
23846800,BNO_ACC,2778,-4300,2,-3.56250,1.57031,13.44922
23855075,BNO_ACC,2779,-4300,2,-3.44922,1.72266,13.48828
23860025,BNO_ACC,2780,-2300,2,-3.37109,1.53125,12.41016
23866918,BNO_ACC,2781,-700,2,-2.98828,1.53125,11.41406
23876090,BNO_ACC,2782,-1000,2,-2.87109,1.53125,10.91406
23885089,BNO_ACC,2783,-2000,2,-2.94922,1.41797,10.30469
23895261,BNO_ACC,2784,-4200,2,-2.37500,1.30078,9.46484
23907415,BNO_ACC,2785,-700,2,-1.99219,1.14844,8.73828
23916283,BNO_ACC,2786,-1000,2,-1.57031,1.37891,8.31250
23925301,BNO_ACC,2787,-2000,2,-1.53125,1.45703,7.66016
23935478,BNO_ACC,2788,-4400,2,-1.45703,1.33984,7.23438
23947728,BNO_ACC,2789,-700,2,-0.91797,1.41797,6.82031
23956468,BNO_ACC,2790,-1000,2,-0.76562,1.57031,6.39844
23965615,BNO_ACC,2791,-2200,2,-0.53516,1.41797,6.74609
23976013,BNO_ACC,2792,-4600,2,-0.53516,1.14844,7.31250
23987442,BNO_ACC,2793,-500,2,-0.38281,1.30078,7.46875
23996549,BNO_ACC,2794,-900,2,-0.19141,1.72266,7.69531
24005581,BNO_ACC,2795,-2000,2,-0.30469,0.99609,7.66016
24015848,BNO_ACC,2796,-4200,2,-0.11328,0.53516,8.42188
24027694,BNO_ACC,2797,-700,2,0.69141,-0.72656,10.00000
24036524,BNO_ACC,2798,-1000,2,-1.53125,0.91797,10.03516
24045576,BNO_ACC,2799,-1800,2,0.11328,0.57422,11.15234
24056002,BNO_ACC,2800,-4200,2,-1.14844,0.34375,10.99609
24067797,BNO_ACC,2801,-700,2,-0.91797,0.57422,11.15234
24076654,BNO_ACC,2802,-1000,2,-1.14844,0.03906,11.49609
24085697,BNO_ACC,2803,-1800,2,-1.53125,-0.49609,10.79688
24096164,BNO_ACC,2804,-4200,2,-1.37891,0.11328,10.53125
24107986,BNO_ACC,2805,-500,2,-1.72266,0.65234,10.83594
24116947,BNO_ACC,2806,-900,2,-1.91406,0.91797,10.15234
24125923,BNO_ACC,2807,-1800,2,-2.79688,1.95312,9.15625
24136404,BNO_ACC,2808,-4200,2,-2.10547,1.57031,11.10938
24148203,BNO_ACC,2809,-500,2,-2.64453,1.41797,10.95703
24157164,BNO_ACC,2810,-1000,2,-2.60547,0.95703,10.45312
24167037,BNO_ACC,2811,-2900,2,-2.45312,0.69141,10.60938
24176540,BNO_ACC,2812,-4200,2,-2.37500,1.10938,10.57422
24189578,BNO_ACC,2813,-1200,2,-1.83984,0.72656,11.19141
24196650,BNO_ACC,2814,-700,2,-1.53125,0.72656,11.22266
24207385,BNO_ACC,2815,-3200,2,-1.33984,0.57422,10.91797
24217006,BNO_ACC,2816,-4700,2,-1.03516,0.23047,10.18750
24226388,BNO_ACC,2817,-5900,2,-0.65234,-0.03906,9.23047
24227717,BNO_ACC,2818,-500,2,-0.49609,0.15234,7.77344
24237142,BNO_ACC,2819,-700,2,0.03906,-0.03906,7.23438
24246177,BNO_ACC,2820,-1500,2,0.34375,0.53516,7.65625
24256553,BNO_ACC,2821,-3800,2,1.03516,0.34375,7.16797
24268715,BNO_ACC,2822,-700,2,2.33594,0.42188,6.85547
24277066,BNO_ACC,2823,-700,2,2.94922,1.03516,6.82031
24287877,BNO_ACC,2824,-3200,2,2.98828,0.95703,7.58594
24297315,BNO_ACC,2825,-4700,2,3.21875,1.07422,7.81641
24306568,BNO_ACC,2826,-5700,2,2.79688,0.95703,8.00781
24308121,BNO_ACC,2827,-700,2,2.64453,0.69141,7.65625
24317200,BNO_ACC,2828,-500,2,2.22266,0.95703,7.47266
24328006,BNO_ACC,2829,-3100,2,1.72266,1.26562,7.27734
24337506,BNO_ACC,2830,-4700,2,0.38281,0.19141,7.50781
24346210,BNO_ACC,2831,-5100,2,0.00000,-0.53516,8.04297
24349864,BNO_ACC,2832,-1000,2,-0.84375,-0.19141,9.50000
24357057,BNO_ACC,2833,-500,2,-1.83984,-0.72656,10.87500
24367905,BNO_ACC,2834,-3100,2,-2.41406,-1.26562,12.83203
24377471,BNO_ACC,2835,-4300,2,-2.67969,-1.60938,14.55859
24386836,BNO_ACC,2836,-5500,2,-3.06641,-0.76562,14.51953
24390911,BNO_ACC,2837,-2500,2,-2.56641,0.23047,14.55859
24397848,BNO_ACC,2838,-700,2,-3.21875,0.53516,14.55859
24407753,BNO_ACC,2839,-2500,2,-2.52734,1.72266,14.47656
24417692,BNO_ACC,2840,-4500,2,-2.52734,1.83984,14.28906
24426047,BNO_ACC,2841,-4500,2,-2.56641,1.10938,12.86719
24438178,BNO_ACC,2842,-1000,2,-1.72266,1.53125,10.76953
24447061,BNO_ACC,2843,-1800,2,-1.60938,1.37891,9.65234
24456315,BNO_ACC,2844,-2500,2,-0.88281,1.37891,8.35156
24466516,BNO_ACC,2845,-4700,2,-0.46094,1.22656,6.82031
24470196,BNO_ACC,2846,-1000,2,0.03906,0.99609,5.93750
24477532,BNO_ACC,2847,-700,2,0.72656,0.95703,4.86328
24488322,BNO_ACC,2848,-2900,2,0.42188,1.45703,5.35938
24495946,BNO_ACC,2849,-2200,2,1.14844,1.41797,5.70312
24507053,BNO_ACC,2850,-5100,2,1.18750,1.33984,6.01953
24511111,BNO_ACC,2851,-2500,2,1.91406,0.95703,6.74219
24517898,BNO_ACC,2852,-500,2,2.03125,1.33984,7.46875
24527461,BNO_ACC,2853,-1800,2,2.37500,1.33984,8.01172
24538225,BNO_ACC,2854,-4500,2,2.18359,0.15234,8.57812
24546532,BNO_ACC,2855,-4400,2,1.45703,-0.38281,9.58203
24551430,BNO_ACC,2856,-2300,2,0.53516,-0.53516,10.03125
24558337,BNO_ACC,2857,-700,2,-0.30469,-1.26562,11.19141
24567382,BNO_ACC,2858,-1400,2,-0.42188,-0.91797,11.37891
24576291,BNO_ACC,2859,-2200,2,-0.72656,-0.34375,12.83203
24586642,BNO_ACC,2860,-4600,2,-1.22656,-0.72656,13.87109
24591562,BNO_ACC,2861,-2300,2,-1.57031,-0.88281,14.59766
24598458,BNO_ACC,2862,-700,2,-1.72266,-0.19141,14.78516
24607669,BNO_ACC,2863,-1000,2,-1.37891,0.42188,14.21094
24618540,BNO_ACC,2864,-4500,2,-1.30078,0.69141,13.44531
24626729,BNO_ACC,2865,-4300,2,-1.22656,0.80469,12.60547
24631701,BNO_ACC,2866,-2500,2,-0.80469,0.95703,11.41797
24638648,BNO_ACC,2867,-700,2,-0.49609,0.95703,9.92188
24647859,BNO_ACC,2868,-900,2,-0.19141,1.14844,8.54297
24658710,BNO_ACC,2869,-4300,2,0.19141,1.64844,6.58984
24666949,BNO_ACC,2870,-4400,2,0.46094,1.76172,5.63281
24671851,BNO_ACC,2871,-2100,2,0.57422,1.64844,5.21094
24678664,BNO_ACC,2872,-500,2,0.76562,1.72266,6.16406
24687985,BNO_ACC,2873,-900,2,0.72656,1.68359,6.82422
24696827,BNO_ACC,2874,-2200,2,0.57422,1.83984,6.50781
24707120,BNO_ACC,2875,-4400,2,0.23047,1.83984,5.85938
24712035,BNO_ACC,2876,-2300,2,-0.30469,1.49219,5.66797
24719061,BNO_ACC,2877,-700,2,-1.07422,0.95703,5.78125
24728128,BNO_ACC,2878,-1000,2,-2.22266,0.65234,6.92969
24737053,BNO_ACC,2879,-2200,2,-2.83594,-0.15234,8.19922
24747381,BNO_ACC,2880,-4400,2,-3.48438,-0.15234,9.58203
24752326,BNO_ACC,2881,-2300,2,-4.36719,0.72656,10.41406
24759423,BNO_ACC,2882,-500,2,-2.75781,-0.07812,11.67969
24768202,BNO_ACC,2883,-1000,2,-4.17578,1.18750,13.10156
24777071,BNO_ACC,2884,-1800,2,-4.44531,1.99219,13.52734
24787402,BNO_ACC,2885,-4400,2,-5.40234,2.41406,12.90625
24792325,BNO_ACC,2886,-2300,2,-5.25000,2.29688,13.94531
24799174,BNO_ACC,2887,-500,2,-5.21094,2.18359,13.97656
24808280,BNO_ACC,2888,-1000,2,-5.05469,2.10547,12.72266
24817278,BNO_ACC,2889,-2000,2,-4.36719,2.26172,11.49219
24827580,BNO_ACC,2890,-4200,2,-3.52344,1.91406,10.99609
24832512,BNO_ACC,2891,-2300,2,-2.75781,1.91406,10.30469
24839619,BNO_ACC,2892,-700,2,-2.75781,0.84375,10.30859
24848503,BNO_ACC,2893,-900,2,-2.91016,-0.19141,9.88672
24857563,BNO_ACC,2894,-2000,2,-2.10547,-0.49609,8.19531
24867912,BNO_ACC,2895,-4400,2,-2.07031,-0.76562,6.20312
24879603,BNO_ACC,2896,-500,2,0.69141,0.65234,4.98047
24888246,BNO_ACC,2897,-900,2,0.91797,0.95703,5.05859
24897256,BNO_ACC,2898,-1400,2,2.67969,0.91797,5.74609
24907605,BNO_ACC,2899,-3800,2,3.60156,1.30078,8.00781
24920011,BNO_ACC,2900,-700,2,3.33203,1.68359,7.31641
24928896,BNO_ACC,2901,-900,2,2.71875,1.68359,6.51172
24938745,BNO_ACC,2902,-3200,2,1.72266,1.49219,6.46875
24948169,BNO_ACC,2903,-4400,2,1.37891,1.22656,6.40234
24959923,BNO_ACC,2904,-500,2,-0.84375,0.91797,7.62891
24968941,BNO_ACC,2905,-1000,2,-1.72266,0.11328,7.77344
24978829,BNO_ACC,2906,-3100,2,-2.29688,-0.11328,9.76562
24988284,BNO_ACC,2907,-4200,2,-3.10156,-0.49609,12.60547
25000221,BNO_ACC,2908,-900,2,-3.41016,0.15234,14.28906
25008490,BNO_ACC,2909,-700,2,-3.67578,0.65234,15.09766
25019371,BNO_ACC,2910,-3400,2,-3.67578,1.57031,15.44141
25027421,BNO_ACC,2911,-3100,2,-3.41016,1.87891,15.51953
25037807,BNO_ACC,2912,-5500,2,-3.14062,1.57031,14.09766
25041469,BNO_ACC,2913,-1000,2,-3.17969,1.07422,13.48438
25048498,BNO_ACC,2914,-700,2,-2.83594,1.03516,12.78906
25059350,BNO_ACC,2915,-3200,2,-2.60547,0.72656,12.06250
25069135,BNO_ACC,2916,-4900,2,-1.95312,0.61328,10.68750
25077599,BNO_ACC,2917,-5100,2,-1.14844,0.34375,8.81641
25080064,BNO_ACC,2918,-700,2,-0.26953,-0.23047,6.62500
25089029,BNO_ACC,2919,-900,2,-0.65234,0.46094,4.71094
25098126,BNO_ACC,2920,-1700,2,0.49609,1.72266,4.97656
25108598,BNO_ACC,2921,-3800,2,0.95703,2.10547,4.63281
25120443,BNO_ACC,2922,-900,2,2.94922,2.10547,6.58984
25128737,BNO_ACC,2923,-500,2,3.14062,1.95312,7.73828
25139590,BNO_ACC,2924,-3100,2,2.79688,1.53125,7.46875
25147543,BNO_ACC,2925,-2800,2,2.52734,1.30078,7.12891
25157941,BNO_ACC,2926,-5100,2,1.72266,1.10938,7.20312
25160452,BNO_ACC,2927,-700,2,0.80469,0.76562,7.27344
25169432,BNO_ACC,2928,-700,2,-0.53516,0.30469,7.16406
25179388,BNO_ACC,2929,-2700,2,-1.87891,-0.38281,7.35547
25189316,BNO_ACC,2930,-4700,2,-1.83984,-0.42188,7.62500
25198566,BNO_ACC,2931,-5700,2,-2.64453,-0.61328,10.26953
25202667,BNO_ACC,2932,-2500,2,-3.25781,-0.76562,12.30078
25209649,BNO_ACC,2933,-900,2,-2.79688,-0.42188,12.37891
25219429,BNO_ACC,2934,-2500,2,-2.83594,0.95703,13.67578
25228845,BNO_ACC,2935,-3700,2,-3.60156,1.68359,14.01562
25238263,BNO_ACC,2936,-5100,2,-2.60547,2.60547,14.71484
25241909,BNO_ACC,2937,-1200,2,-2.98828,1.76172,14.43750
25249159,BNO_ACC,2938,-500,2,-2.75781,1.68359,13.37109
25259966,BNO_ACC,2939,-2900,2,-2.60547,1.68359,12.78906
25269511,BNO_ACC,2940,-4300,2,-2.33594,1.14844,12.25781
25278859,BNO_ACC,2941,-5500,2,-1.80078,1.07422,11.41406
25282937,BNO_ACC,2942,-2300,2,-0.99609,0.91797,9.46484
25289802,BNO_ACC,2943,-700,2,0.11328,0.26953,7.51172
25298897,BNO_ACC,2944,-1600,2,-0.23047,0.84375,6.01562
25309731,BNO_ACC,2945,-4500,2,0.72656,1.45703,5.63281
25318261,BNO_ACC,2946,-4700,2,1.07422,2.22266,5.98047
25321056,BNO_ACC,2947,-700,2,2.03125,1.87891,6.32422
25329547,BNO_ACC,2948,-500,2,2.87109,1.80078,7.47266
25340373,BNO_ACC,2949,-2900,2,2.94922,1.53125,8.61719
25349775,BNO_ACC,2950,-4300,2,2.87109,0.88281,8.35547
25358440,BNO_ACC,2951,-4700,2,2.33594,0.49609,8.15625
25361409,BNO_ACC,2952,-1000,2,1.80078,0.34375,8.31641
25369726,BNO_ACC,2953,-500,2,0.99609,0.30469,7.89453
25380506,BNO_ACC,2954,-2900,2,-0.15234,-0.07812,7.81641
25387903,BNO_ACC,2955,-2000,2,-1.07422,-0.38281,8.73438
25399104,BNO_ACC,2956,-5200,2,-1.26562,-0.84375,10.26953
25403167,BNO_ACC,2957,-2300,2,-1.41797,-0.23047,12.10547
25410083,BNO_ACC,2958,-700,2,-1.60938,-0.38281,13.59375
25419296,BNO_ACC,2959,-1600,2,-1.64844,0.07812,13.82812
25430032,BNO_ACC,2960,-4300,2,-1.57031,0.42188,13.86719
25438514,BNO_ACC,2961,-4400,2,-1.22656,0.76562,13.48438
25443466,BNO_ACC,2962,-2300,2,-1.10938,0.95703,12.48438
25450641,BNO_ACC,2963,-700,2,-0.95703,0.80469,11.18750
25459420,BNO_ACC,2964,-1400,2,-0.61328,1.14844,9.96094
25468487,BNO_ACC,2965,-2200,2,-0.19141,1.14844,9.19531
25478775,BNO_ACC,2966,-4600,2,0.34375,0.88281,7.73438
25483702,BNO_ACC,2967,-2300,2,0.57422,1.26562,6.58984
25490724,BNO_ACC,2968,-700,2,0.99609,1.95312,5.85938
25499898,BNO_ACC,2969,-1000,2,1.33984,2.52734,5.55469
25510632,BNO_ACC,2970,-4500,2,1.41797,2.71875,5.59766
25518847,BNO_ACC,2971,-4400,2,1.57031,2.48828,6.05078
25523768,BNO_ACC,2972,-2100,2,1.45703,2.33594,6.46875
25530513,BNO_ACC,2973,-500,2,1.22656,1.72266,6.82031
25540009,BNO_ACC,2974,-1000,2,0.95703,0.95703,7.42969
25549172,BNO_ACC,2975,-2600,2,0.91797,0.30469,8.65625
25559475,BNO_ACC,2976,-4900,2,0.72656,-0.42188,10.18750
25563547,BNO_ACC,2977,-2300,2,0.53516,-1.33984,11.80078
25570589,BNO_ACC,2978,-500,2,0.11328,-2.03125,13.67578
25579928,BNO_ACC,2979,-1000,2,-0.69141,-2.26172,15.58984
25588979,BNO_ACC,2980,-2200,2,-0.53516,-1.57031,16.85156
25599134,BNO_ACC,2981,-4400,2,-0.95703,-1.07422,17.51172
25611352,BNO_ACC,2982,-700,2,-1.33984,0.07812,14.94141
25620150,BNO_ACC,2983,-1000,2,-1.03516,0.76562,12.94922
25629005,BNO_ACC,2984,-2000,2,-1.03516,1.37891,11.41406
25639398,BNO_ACC,2985,-4600,2,-0.88281,1.76172,9.08203
25644339,BNO_ACC,2986,-2300,2,-0.65234,2.22266,6.92969
25651203,BNO_ACC,2987,-700,2,-0.46094,2.29688,5.66797
25660257,BNO_ACC,2988,-900,2,-0.19141,2.45312,4.55859
25669411,BNO_ACC,2989,-2200,2,0.03906,2.75781,3.44531
25679619,BNO_ACC,2990,-4600,2,0.11328,3.14453,2.87109
25691180,BNO_ACC,2991,-500,2,0.53516,3.22266,3.17969
25700434,BNO_ACC,2992,-900,2,0.57422,2.87109,3.26172
25709451,BNO_ACC,2993,-2200,2,0.57422,2.14453,4.21094
25719680,BNO_ACC,2994,-4200,2,0.65234,1.03516,6.04688
25731951,BNO_ACC,2995,-700,2,0.61328,-1.22656,10.95312
25740580,BNO_ACC,2996,-1000,2,0.30469,-2.33594,13.79297
25749659,BNO_ACC,2997,-2200,2,-0.07812,-2.56641,16.24219
25759934,BNO_ACC,2998,-4200,2,-0.57422,-2.45312,17.69531
25771477,BNO_ACC,2999,-700,2,-1.49219,-0.91797,17.15625
25780634,BNO_ACC,3000,-900,2,-1.91406,-0.26953,16.32031
25789652,BNO_ACC,3001,-2000,2,-2.22266,0.57422,15.20703
25800041,BNO_ACC,3002,-4200,2,-2.07031,1.41797,14.13672
25811714,BNO_ACC,3003,-500,2,-1.22656,1.99219,11.22266
25820714,BNO_ACC,3004,-1000,2,-1.49219,2.07031,9.68750
25829700,BNO_ACC,3005,-1800,2,-1.49219,1.60938,8.73828
25840211,BNO_ACC,3006,-4400,2,-1.22656,1.68359,7.73828
25851844,BNO_ACC,3007,-500,2,-0.91797,1.57031,6.40234
25860727,BNO_ACC,3008,-1000,2,-0.84375,1.57031,5.28516
25869756,BNO_ACC,3009,-1600,2,-0.61328,1.76172,4.09375
25880263,BNO_ACC,3010,-4000,2,-0.42188,2.29688,2.56250
25891997,BNO_ACC,3011,-700,2,-0.57422,3.37109,1.22656
25900352,BNO_ACC,3012,-500,2,-0.30469,3.44531,1.72266
25911202,BNO_ACC,3013,-3200,2,-0.19141,3.36719,2.03125
25919596,BNO_ACC,3014,-3300,2,-0.15234,2.41406,3.67188
25929872,BNO_ACC,3015,-5500,2,0.19141,0.80469,7.16797
25931558,BNO_ACC,3016,-700,2,0.61328,-0.80469,11.15234
25941025,BNO_ACC,3017,-900,2,0.95703,-2.03125,14.59375
25950152,BNO_ACC,3018,-1600,2,1.03516,-2.83594,17.42969
25960662,BNO_ACC,3019,-4200,2,1.14844,-3.56250,19.73047
25972732,BNO_ACC,3020,-1000,2,1.10938,-3.25781,20.33594
25980858,BNO_ACC,3021,-700,2,0.91797,-2.56641,19.08203
25991749,BNO_ACC,3022,-3400,2,0.57422,-1.68359,17.27734
26001203,BNO_ACC,3023,-4900,2,0.34375,-0.80469,15.54688
26010529,BNO_ACC,3024,-5900,2,0.07812,0.26953,12.71875
26011925,BNO_ACC,3025,-700,2,-0.11328,1.22656,9.84766
26021029,BNO_ACC,3026,-500,2,-0.26953,2.18359,7.27734
26031880,BNO_ACC,3027,-3200,2,-0.49609,3.02734,4.85938
26041310,BNO_ACC,3028,-4700,2,-0.61328,3.60547,2.79688
26050743,BNO_ACC,3029,-5900,2,-0.88281,3.48828,2.33594
26052067,BNO_ACC,3030,-700,2,-1.03516,3.33203,2.33594
26060960,BNO_ACC,3031,-500,2,-1.14844,3.17969,2.03125
26081500,BNO_ACC,3032,-4900,2,-1.26562,2.60156,2.07031
26089977,BNO_ACC,3033,-4900,2,-1.22656,2.22266,3.40625
26092537,BNO_ACC,3034,-700,2,-1.18750,1.30078,5.94141
26101208,BNO_ACC,3035,-700,2,-1.33984,0.84375,8.88672
26112026,BNO_ACC,3036,-3100,2,-1.49219,0.19141,11.60156
26119783,BNO_ACC,3037,-2800,2,-1.95312,-0.57422,14.01562
26130125,BNO_ACC,3038,-4900,2,-2.48828,-1.26562,17.05078
26132656,BNO_ACC,3039,-700,2,-2.56641,-1.57031,18.08203
26141224,BNO_ACC,3040,-500,2,-2.56641,-2.22266,18.38672
26151982,BNO_ACC,3041,-2900,2,-2.26172,-2.29688,18.19531
26161604,BNO_ACC,3042,-4500,2,-1.18750,-1.49219,16.47266
26170117,BNO_ACC,3043,-4700,2,-0.19141,-1.18750,13.59375
26172791,BNO_ACC,3044,-700,2,0.26953,-0.42188,11.64062
26181384,BNO_ACC,3045,-500,2,1.03516,0.69141,9.30859
26190441,BNO_ACC,3046,-900,2,1.76172,1.60938,8.31641
26200426,BNO_ACC,3047,-3000,2,1.60938,2.14453,8.04297
26210758,BNO_ACC,3048,-5300,2,1.53125,2.10547,7.23828
26214879,BNO_ACC,3049,-2500,2,1.07422,2.33594,5.90234
26221875,BNO_ACC,3050,-700,2,0.65234,2.41406,5.28125
26231152,BNO_ACC,3051,-1800,2,0.34375,2.29688,5.13281
26240341,BNO_ACC,3052,-2500,2,0.00000,1.99219,4.85938
26250657,BNO_ACC,3053,-4700,2,-0.42188,1.53125,4.71094
26254267,BNO_ACC,3054,-1200,2,-0.69141,1.18750,4.09766
26261494,BNO_ACC,3055,-700,2,-1.33984,-0.11328,5.40234
26272190,BNO_ACC,3056,-2500,2,-1.07422,-1.14844,7.39062
26280034,BNO_ACC,3057,-2000,2,-1.68359,-1.64844,10.07422
26291318,BNO_ACC,3058,-5400,2,-2.29688,-2.10547,13.02734
26295397,BNO_ACC,3059,-2500,2,-2.03125,-1.80078,14.78125
26302220,BNO_ACC,3060,-700,2,-2.03125,-1.26562,16.43359
26311587,BNO_ACC,3061,-1600,2,-2.18359,-0.07812,16.89062
26320661,BNO_ACC,3062,-2600,2,-2.52734,0.46094,16.12891
26330979,BNO_ACC,3063,-4700,2,-2.03125,1.18750,15.09375
26334436,BNO_ACC,3064,-1000,2,-2.56641,1.14844,14.32812
26341910,BNO_ACC,3065,-700,2,-2.33594,1.41797,12.14062
26352742,BNO_ACC,3066,-2700,2,-1.87891,1.87891,10.87500
26360185,BNO_ACC,3067,-1800,2,-1.49219,2.10547,9.92578
26371377,BNO_ACC,3068,-5000,2,-1.03516,2.18359,8.53906
26375447,BNO_ACC,3069,-2300,2,-0.61328,2.14453,7.39453
26382366,BNO_ACC,3070,-500,2,-0.30469,2.18359,6.28516
26391584,BNO_ACC,3071,-1000,2,-0.23047,2.22266,4.71484
26400602,BNO_ACC,3072,-2200,2,-0.23047,2.56641,3.18359
26410731,BNO_ACC,3073,-4200,2,-0.38281,3.14062,2.22266
26422955,BNO_ACC,3074,-700,2,-0.88281,2.64453,3.25781
26431851,BNO_ACC,3075,-1000,2,-0.61328,2.64453,3.37109
26440912,BNO_ACC,3076,-2200,2,-0.69141,1.80078,4.55859
26451231,BNO_ACC,3077,-4600,2,-0.76562,0.38281,7.39453
26456158,BNO_ACC,3078,-2300,2,-0.61328,-0.76562,11.11328
26463247,BNO_ACC,3079,-700,2,-0.80469,-1.60938,14.21484
26472131,BNO_ACC,3080,-1000,2,-0.80469,-1.99219,15.82422
26481191,BNO_ACC,3081,-2400,2,-0.99609,-2.22266,16.77734
26491597,BNO_ACC,3082,-4600,2,-0.80469,-2.07031,17.51172
26503138,BNO_ACC,3083,-700,2,-0.11328,-1.60938,16.62891
26512201,BNO_ACC,3084,-1000,2,0.19141,-0.95703,14.71094
26521313,BNO_ACC,3085,-2200,2,0.61328,-0.46094,12.64453
26531496,BNO_ACC,3086,-4400,2,0.84375,0.42188,11.03516
26543732,BNO_ACC,3087,-900,2,1.22656,1.91406,8.27344
26552548,BNO_ACC,3088,-1000,2,1.18750,2.14453,7.16406
26562343,BNO_ACC,3089,-3400,2,1.10938,2.41406,6.16797
26571730,BNO_ACC,3090,-4200,2,0.91797,2.45312,5.78125
26583271,BNO_ACC,3091,-300,2,0.53516,2.10547,5.40234
26592339,BNO_ACC,3092,-1000,2,0.23047,1.99219,5.21094
26601144,BNO_ACC,3093,-1600,2,-0.23047,1.83984,5.09766
26611479,BNO_ACC,3094,-3800,2,-0.46094,1.07422,5.13672
26616425,BNO_ACC,3095,-2300,2,-1.64844,0.00000,6.66406
26623596,BNO_ACC,3096,-700,2,-1.30078,-0.69141,8.62109
26632473,BNO_ACC,3097,-900,2,-2.33594,-1.14844,10.95312
26641578,BNO_ACC,3098,-1800,2,-2.75781,-1.07422,12.75781
26652052,BNO_ACC,3099,-4400,2,-2.64453,-0.65234,14.05859
26663714,BNO_ACC,3100,-500,2,-3.29297,0.46094,15.93750
26672610,BNO_ACC,3101,-900,2,-3.67578,1.53125,16.12891
26681602,BNO_ACC,3102,-1800,2,-2.87109,2.48828,15.48047
26691995,BNO_ACC,3103,-4200,2,-3.64062,1.76172,14.44141
26703657,BNO_ACC,3104,-700,2,-2.33594,1.95312,12.37500
26712544,BNO_ACC,3105,-700,2,-1.87891,1.83984,11.64453
26721641,BNO_ACC,3106,-1600,2,-1.45703,1.83984,9.96484
26732125,BNO_ACC,3107,-4000,2,-0.65234,1.72266,8.42188
26744022,BNO_ACC,3108,-700,2,-0.19141,0.80469,6.47266
26752528,BNO_ACC,3109,-500,2,-0.91797,0.88281,5.86328
26763259,BNO_ACC,3110,-3400,2,0.53516,0.65234,5.47656
26771421,BNO_ACC,3111,-3300,2,0.84375,0.99609,5.17578
26781626,BNO_ACC,3112,-5300,2,1.60938,1.14844,4.82812
26784161,BNO_ACC,3113,-700,2,1.30078,1.72266,4.59766
26792689,BNO_ACC,3114,-500,2,2.52734,2.52734,4.90234
26803503,BNO_ACC,3115,-3400,2,2.14453,2.07031,5.89844
26812923,BNO_ACC,3116,-4900,2,2.71875,2.45312,6.04688
26822214,BNO_ACC,3117,-5700,2,2.26172,2.60547,6.04688
26823763,BNO_ACC,3118,-500,2,2.37500,2.41406,5.93750
26832975,BNO_ACC,3119,-900,2,1.80078,2.22266,6.12500
26843818,BNO_ACC,3120,-3400,2,1.26562,1.37891,7.05078
26851508,BNO_ACC,3121,-2700,2,0.80469,0.49609,8.65625
26861774,BNO_ACC,3122,-5100,2,0.15234,-0.88281,11.07422
26864292,BNO_ACC,3123,-700,2,0.34375,-1.95312,13.40625
26872830,BNO_ACC,3124,-500,2,-0.03906,-1.64844,15.28516
26883615,BNO_ACC,3125,-3200,2,-0.49609,-2.14453,16.51172
26891610,BNO_ACC,3126,-2800,2,-0.49609,-1.72266,17.00781
26901956,BNO_ACC,3127,-4900,2,-0.69141,-1.22656,17.15625
26904628,BNO_ACC,3128,-700,2,-0.91797,-0.84375,16.35156
26913027,BNO_ACC,3129,-500,2,-0.38281,0.30469,15.43750
26923808,BNO_ACC,3130,-3100,2,-0.26953,0.84375,14.35938
26931592,BNO_ACC,3131,-2600,2,-0.61328,0.49609,12.02734
26941907,BNO_ACC,3132,-4700,2,-0.30469,1.22656,9.57812
26944439,BNO_ACC,3133,-700,2,-0.15234,1.91406,8.19922
26953130,BNO_ACC,3134,-700,2,0.15234,2.71875,6.44141
26963841,BNO_ACC,3135,-2900,2,0.34375,3.02734,4.98047
26973426,BNO_ACC,3136,-4500,2,0.49609,3.41016,3.83203
26982802,BNO_ACC,3137,-5700,2,0.61328,3.64453,3.37109
26986874,BNO_ACC,3138,-2300,2,0.69141,3.98438,3.10156
26993881,BNO_ACC,3139,-900,2,0.76562,3.94922,3.41016
27002842,BNO_ACC,3140,-1600,2,0.80469,3.86719,3.71484
27013691,BNO_ACC,3141,-4500,2,0.69141,3.52344,3.94531
27022020,BNO_ACC,3142,-4400,2,0.69141,2.67969,5.09766
27034002,BNO_ACC,3143,-900,2,1.14844,0.03906,9.84375
27043060,BNO_ACC,3144,-1600,2,1.37891,-1.33984,12.75781
27053757,BNO_ACC,3145,-4300,2,1.72266,-2.18359,15.16797
27062410,BNO_ACC,3146,-4700,2,1.95312,-2.67969,16.62891
27066092,BNO_ACC,3147,-1200,2,1.95312,-2.71875,17.31250
27073349,BNO_ACC,3148,-700,2,2.03125,-2.56641,17.23438
27084121,BNO_ACC,3149,-2500,2,2.10547,-1.95312,16.42969
27091865,BNO_ACC,3150,-2200,2,2.29688,-1.14844,15.09375
27103183,BNO_ACC,3151,-5300,2,2.07031,-0.49609,13.83203
27107286,BNO_ACC,3152,-2300,2,1.87891,0.00000,12.60156
27114203,BNO_ACC,3153,-700,2,1.91406,0.95703,10.79688
27123289,BNO_ACC,3154,-1000,2,1.53125,1.37891,9.34375
27134114,BNO_ACC,3155,-4300,2,1.18750,1.76172,8.08203
27142443,BNO_ACC,3156,-4400,2,1.03516,2.14453,6.93359
27147382,BNO_ACC,3157,-2300,2,0.91797,2.29688,6.36328
27154368,BNO_ACC,3158,-700,2,0.72656,2.22266,6.24609
27163390,BNO_ACC,3159,-1600,2,0.49609,2.22266,6.01953
27172450,BNO_ACC,3160,-2200,2,0.30469,2.41406,5.28516
27182798,BNO_ACC,3161,-4600,2,0.15234,2.48828,5.05469
27187690,BNO_ACC,3162,-2300,2,-0.11328,2.37500,4.83203
27194564,BNO_ACC,3163,-700,2,-0.46094,2.37500,4.67188
27203830,BNO_ACC,3164,-1000,2,-1.10938,1.72266,5.51562
27214528,BNO_ACC,3165,-4500,2,-1.60938,1.14844,6.12891
27222624,BNO_ACC,3166,-4000,2,-0.91797,0.53516,7.47266
27227545,BNO_ACC,3167,-2300,2,-1.80078,1.10938,8.88672
27234621,BNO_ACC,3168,-700,2,-1.99219,1.22656,10.03516
27243812,BNO_ACC,3169,-900,2,-2.37500,1.18750,11.18750
27254613,BNO_ACC,3170,-4300,2,-2.64453,1.99219,12.18359
27262907,BNO_ACC,3171,-4300,2,-3.02734,2.60547,13.44922
27267818,BNO_ACC,3172,-2100,2,-3.48438,2.37500,13.75000
27275048,BNO_ACC,3173,-500,2,-3.44922,2.18359,13.78906
27283785,BNO_ACC,3174,-1000,2,-3.56250,1.64844,14.25391
27292791,BNO_ACC,3175,-2000,2,-3.25781,1.37891,14.25000
27303126,BNO_ACC,3176,-4400,2,-3.02734,1.03516,13.82812
27308040,BNO_ACC,3177,-2300,2,-2.45312,0.88281,12.82812
27314997,BNO_ACC,3178,-700,2,-2.18359,0.84375,12.02344
27323980,BNO_ACC,3179,-1000,2,-1.49219,0.72656,10.87891
27332999,BNO_ACC,3180,-2000,2,-0.65234,0.76562,8.96094
27343473,BNO_ACC,3181,-4600,2,-0.53516,0.65234,6.43750
27355003,BNO_ACC,3182,-700,2,0.80469,1.57031,3.91016
27364008,BNO_ACC,3183,-1000,2,1.10938,2.45312,4.44922
27373036,BNO_ACC,3184,-1800,2,2.33594,2.33594,4.82812
27383389,BNO_ACC,3185,-4000,2,2.98828,2.37500,5.55859
27388289,BNO_ACC,3186,-2300,2,3.21875,2.56641,6.12500
27395175,BNO_ACC,3187,-700,2,3.29297,2.18359,7.04688
27404346,BNO_ACC,3188,-900,2,2.87109,1.41797,6.89453
27413346,BNO_ACC,3189,-2000,2,2.41406,1.18750,7.35156
27423643,BNO_ACC,3190,-4200,2,1.57031,0.99609,7.65625
27435424,BNO_ACC,3191,-500,2,-0.91797,-1.03516,9.80469
27444519,BNO_ACC,3192,-900,2,-1.45703,-0.84375,11.80078
27454536,BNO_ACC,3193,-3200,2,-1.83984,-0.42188,13.78906
27464020,BNO_ACC,3194,-4600,2,-2.98828,-0.46094,14.75000
27475646,BNO_ACC,3195,-500,2,-2.87109,1.03516,15.54688
27484241,BNO_ACC,3196,-900,2,-3.44922,1.87891,14.82422
27493103,BNO_ACC,3197,-1400,2,-2.22266,2.83594,14.55859
27503237,BNO_ACC,3198,-3500,2,-2.52734,2.18359,13.63672
27513533,BNO_ACC,3199,-5700,2,-2.71875,1.95312,12.21875
27515096,BNO_ACC,3200,-500,2,-2.03125,2.10547,11.60547
27524576,BNO_ACC,3201,-1000,2,-1.95312,2.07031,11.26172
27533608,BNO_ACC,3202,-1800,2,-1.33984,1.80078,9.96094
27543983,BNO_ACC,3203,-4000,2,-0.72656,2.14453,8.11719
27555767,BNO_ACC,3204,-700,2,-0.15234,1.45703,5.74609
27564233,BNO_ACC,3205,-500,2,0.42188,1.57031,4.94141
27574953,BNO_ACC,3206,-3200,2,0.19141,1.99219,4.25000
27583329,BNO_ACC,3207,-3100,2,1.07422,2.07031,4.09766
27593630,BNO_ACC,3208,-5500,2,1.03516,2.22266,4.28906
27597273,BNO_ACC,3209,-1200,2,1.83984,2.22266,5.25000
27604072,BNO_ACC,3210,-500,2,1.99219,2.29688,6.44141
27613370,BNO_ACC,3211,-900,2,2.18359,1.57031,7.16406
27623612,BNO_ACC,3212,-3300,2,1.76172,0.91797,7.04688
27633748,BNO_ACC,3213,-5500,2,1.30078,0.72656,7.23828
27637302,BNO_ACC,3214,-1200,2,0.88281,0.49609,8.23828
27644482,BNO_ACC,3215,-700,2,0.26953,0.07812,9.30469
27655238,BNO_ACC,3216,-3100,2,-1.14844,-0.76562,10.60938
27664897,BNO_ACC,3217,-4700,2,-1.33984,-0.38281,11.80078
27674184,BNO_ACC,3218,-5700,2,-2.14453,0.11328,12.52344
27675697,BNO_ACC,3219,-500,2,-2.10547,-0.11328,13.29297
27684824,BNO_ACC,3220,-700,2,-2.52734,0.72656,13.63281
27695640,BNO_ACC,3221,-3200,2,-2.67969,1.41797,13.71484
27705108,BNO_ACC,3222,-4500,2,-3.52344,1.60938,13.21094
27713793,BNO_ACC,3223,-5100,2,-3.02734,1.68359,12.30078
27716293,BNO_ACC,3224,-700,2,-2.91016,1.76172,12.48438
27724921,BNO_ACC,3225,-700,2,-2.37500,1.80078,12.44531
27735649,BNO_ACC,3226,-3100,2,-1.76172,1.72266,11.45312
27745159,BNO_ACC,3227,-4700,2,-1.33984,1.76172,10.80078
27754690,BNO_ACC,3228,-5900,2,-1.91406,1.57031,10.38281
27756232,BNO_ACC,3229,-500,2,-1.64844,1.49219,9.42188
27764940,BNO_ACC,3230,-500,2,-1.22656,1.64844,8.03906
27775717,BNO_ACC,3231,-2900,2,-0.99609,1.49219,7.43359
27785224,BNO_ACC,3232,-4300,2,-0.84375,1.80078,6.74219
27794709,BNO_ACC,3233,-5500,2,-0.76562,1.72266,6.44141
27796325,BNO_ACC,3234,-500,2,-0.65234,1.95312,5.85938
27805214,BNO_ACC,3235,-700,2,-0.69141,1.91406,5.43750
27815887,BNO_ACC,3236,-3100,2,-0.46094,2.37500,5.44141
27825434,BNO_ACC,3237,-4300,2,-0.03906,3.33203,5.70312
27833838,BNO_ACC,3238,-4500,2,0.61328,3.67578,6.28516
27838788,BNO_ACC,3239,-2300,2,-0.15234,2.56641,6.82031
27845813,BNO_ACC,3240,-700,2,-0.72656,1.53125,6.96875
27854744,BNO_ACC,3241,-1800,2,-1.10938,0.61328,8.35547
27865574,BNO_ACC,3242,-4500,2,-1.91406,-0.76562,10.45312
27874033,BNO_ACC,3243,-4400,2,-2.79688,-1.80078,12.48438
27878983,BNO_ACC,3244,-2500,2,-2.83594,-2.03125,13.83203
27885914,BNO_ACC,3245,-700,2,-3.56250,-1.72266,14.78516
27894867,BNO_ACC,3246,-1600,2,-3.79297,-1.57031,15.62891
27905680,BNO_ACC,3247,-4300,2,-4.09766,-1.03516,16.08984
27914202,BNO_ACC,3248,-4400,2,-4.36719,-0.46094,15.96875
27919121,BNO_ACC,3249,-2300,2,-4.40625,0.03906,15.85938
27926198,BNO_ACC,3250,-900,2,-4.21484,0.46094,14.90234
27935273,BNO_ACC,3251,-1000,2,-3.98438,0.57422,13.52344
27945949,BNO_ACC,3252,-4300,2,-3.44922,1.03516,11.83594
27954113,BNO_ACC,3253,-4200,2,-2.75781,1.33984,9.88281
27966259,BNO_ACC,3254,-900,2,-1.87891,1.95312,8.50000
27975466,BNO_ACC,3255,-1000,2,-1.41797,2.18359,7.89453
27984567,BNO_ACC,3256,-2600,2,-0.95703,2.29688,7.04688
27994744,BNO_ACC,3257,-4700,2,-0.34375,1.99219,6.28125
27998973,BNO_ACC,3258,-2300,2,-0.11328,1.91406,5.78125
28006070,BNO_ACC,3259,-500,2,0.53516,1.53125,5.25391
28015532,BNO_ACC,3260,-1000,2,0.42188,1.64844,4.40625
28026205,BNO_ACC,3261,-4300,2,0.57422,2.41406,4.09375
28034500,BNO_ACC,3262,-4400,2,0.57422,3.06641,3.94531
28039425,BNO_ACC,3263,-2300,2,1.14844,2.71875,4.06641
28046266,BNO_ACC,3264,-500,2,1.41797,2.94922,5.55859
28055640,BNO_ACC,3265,-1000,2,1.64844,3.06641,5.66406
28064529,BNO_ACC,3266,-2000,2,1.49219,2.91016,6.66797
28074812,BNO_ACC,3267,-4400,2,1.80078,2.29688,7.50781
28079707,BNO_ACC,3268,-2300,2,1.60938,1.57031,8.46094
28086722,BNO_ACC,3269,-500,2,1.60938,0.57422,9.42188
28095646,BNO_ACC,3270,-900,2,1.45703,-0.15234,10.64844
28106678,BNO_ACC,3271,-4300,2,1.03516,-1.41797,12.60156
28114785,BNO_ACC,3272,-4300,2,0.61328,-1.87891,13.44531
28119698,BNO_ACC,3273,-2300,2,-0.19141,-1.91406,13.71484
28126810,BNO_ACC,3274,-700,2,-1.18750,-1.91406,14.32812
28135935,BNO_ACC,3275,-1000,2,-1.80078,-1.99219,15.05469
28144960,BNO_ACC,3276,-2200,2,-2.37500,-1.49219,16.58594
28155126,BNO_ACC,3277,-4400,2,-2.45312,-0.72656,14.40234
28167466,BNO_ACC,3278,-700,2,-2.64453,0.53516,12.14062
28176100,BNO_ACC,3279,-1000,2,-2.60547,1.99219,10.87891
28185275,BNO_ACC,3280,-2400,2,-1.68359,1.80078,10.00391
28195075,BNO_ACC,3281,-4100,2,-1.49219,2.37500,8.54297
28199978,BNO_ACC,3282,-2100,2,-1.60938,2.48828,7.85547
28206981,BNO_ACC,3283,-500,2,-1.80078,2.48828,6.92969
28215942,BNO_ACC,3284,-1000,2,-1.26562,2.37500,6.51172
28225015,BNO_ACC,3285,-2000,2,-1.03516,3.06641,6.58984
28235353,BNO_ACC,3286,-4000,2,-0.91797,3.29297,7.08594
28240264,BNO_ACC,3287,-2300,2,-0.53516,3.06641,7.42969
28247217,BNO_ACC,3288,-500,2,-0.38281,2.91016,7.27734
28256238,BNO_ACC,3289,-900,2,-0.11328,2.91016,6.32422
28265228,BNO_ACC,3290,-1800,2,-0.07812,2.03125,6.39844
28275523,BNO_ACC,3291,-4200,2,0.11328,0.95703,7.58984
28287414,BNO_ACC,3292,-700,2,0.72656,0.88281,9.38672
28296362,BNO_ACC,3293,-1000,2,1.57031,0.26953,10.07422
28305318,BNO_ACC,3294,-1800,2,1.99219,-0.26953,10.91797
28315707,BNO_ACC,3295,-4000,2,2.79688,-0.57422,11.64062
28327425,BNO_ACC,3296,-500,2,3.02734,-0.72656,12.78906
28336284,BNO_ACC,3297,-900,2,3.25781,-0.69141,12.06250
28345315,BNO_ACC,3298,-1600,2,2.60547,-0.61328,10.95312
28355889,BNO_ACC,3299,-4000,2,2.18359,-0.46094,10.61328
28367713,BNO_ACC,3300,-500,2,0.95703,0.61328,8.77734
28376187,BNO_ACC,3301,-500,2,0.42188,0.53516,8.11719
28387027,BNO_ACC,3302,-3400,2,-0.15234,0.61328,7.65625
28395096,BNO_ACC,3303,-3100,2,-0.65234,0.72656,6.92969
28405250,BNO_ACC,3304,-5300,2,-1.03516,0.65234,6.24609
28407734,BNO_ACC,3305,-900,2,-1.53125,1.07422,6.01953
28416143,BNO_ACC,3306,-500,2,-1.49219,0.84375,6.55078
28426977,BNO_ACC,3307,-3200,2,-1.60938,0.61328,7.31250
28435026,BNO_ACC,3308,-3000,2,-2.07031,0.49609,9.38672
28445400,BNO_ACC,3309,-5300,2,-2.10547,0.42188,11.37891
28447968,BNO_ACC,3310,-700,2,-2.10547,0.95703,11.87500
28456429,BNO_ACC,3311,-700,2,-2.37500,1.26562,13.33203
28467273,BNO_ACC,3312,-3200,2,-2.56641,0.99609,14.09766
28476820,BNO_ACC,3313,-4700,2,-2.94922,0.69141,15.01953
28486365,BNO_ACC,3314,-6100,2,-2.41406,0.95703,15.05859
28487575,BNO_ACC,3315,-700,2,-2.22266,1.03516,15.55078
28496627,BNO_ACC,3316,-700,2,-1.91406,0.65234,15.05859
28507469,BNO_ACC,3317,-3200,2,-1.10938,1.22656,13.10547
28515380,BNO_ACC,3318,-3000,2,-0.42188,0.99609,10.76953
28525569,BNO_ACC,3319,-5100,2,0.42188,0.34375,7.77734
28528110,BNO_ACC,3320,-900,2,0.76562,1.72266,6.35938
28536819,BNO_ACC,3321,-500,2,1.30078,1.83984,5.78125
28547653,BNO_ACC,3322,-3400,2,2.56641,2.18359,4.75391
28556991,BNO_ACC,3323,-4500,2,3.02734,2.56641,5.01562
28566434,BNO_ACC,3324,-5700,2,3.90625,2.67969,6.36328
28567933,BNO_ACC,3325,-500,2,3.98438,2.37500,7.43359
28576855,BNO_ACC,3326,-700,2,3.71484,1.30078,7.85547
28587728,BNO_ACC,3327,-3100,2,3.48438,0.72656,7.54688
28597097,BNO_ACC,3328,-4500,2,2.83594,0.69141,7.47266
28606438,BNO_ACC,3329,-5700,2,1.83984,0.38281,7.20703
28610498,BNO_ACC,3330,-2500,2,0.46094,-0.23047,6.82422
28617409,BNO_ACC,3331,-700,2,0.15234,-0.07812,4.97656
28627214,BNO_ACC,3332,-2500,2,-0.80469,0.26953,6.74219
28637262,BNO_ACC,3333,-4300,2,-1.26562,-1.03516,7.58594
28645803,BNO_ACC,3334,-4700,2,-1.95312,-1.49219,8.04297
28648268,BNO_ACC,3335,-700,2,-2.03125,-1.49219,9.58203
28657238,BNO_ACC,3336,-500,2,-2.18359,-0.69141,11.68359
28668175,BNO_ACC,3337,-3200,2,-2.14453,0.03906,13.25000
28677302,BNO_ACC,3338,-4300,2,-2.14453,0.57422,14.17188
28686469,BNO_ACC,3339,-5300,2,-2.33594,1.87891,13.86719
28690574,BNO_ACC,3340,-2300,2,-2.45312,2.18359,12.94531
28697405,BNO_ACC,3341,-700,2,-2.33594,1.57031,13.59375
28706878,BNO_ACC,3342,-1600,2,-2.45312,1.72266,13.78906
28717614,BNO_ACC,3343,-4500,2,-1.91406,1.60938,13.17188
28725884,BNO_ACC,3344,-4500,2,-1.37891,1.45703,12.94531
28730809,BNO_ACC,3345,-2300,2,-0.69141,1.37891,12.48438
28737832,BNO_ACC,3346,-700,2,0.23047,1.37891,10.72656
28746839,BNO_ACC,3347,-1400,2,0.61328,0.95703,9.04297
28757666,BNO_ACC,3348,-4300,2,0.69141,0.57422,7.12891
28766111,BNO_ACC,3349,-4400,2,0.69141,1.45703,5.74219
28771025,BNO_ACC,3350,-2300,2,1.30078,1.99219,5.93750
28778184,BNO_ACC,3351,-900,2,2.52734,1.37891,5.59766
28787105,BNO_ACC,3352,-1600,2,3.14062,1.49219,6.39844
28797860,BNO_ACC,3353,-4300,2,3.37109,1.18750,8.31641
28806185,BNO_ACC,3354,-4400,2,3.02734,0.53516,9.00000
28811102,BNO_ACC,3355,-2300,2,2.87109,-0.07812,8.27344
28818114,BNO_ACC,3356,-500,2,2.18359,-0.19141,7.73438
28827228,BNO_ACC,3357,-1000,2,1.37891,0.03906,7.47266
28836113,BNO_ACC,3358,-2200,2,0.23047,-0.53516,7.43359
28846432,BNO_ACC,3359,-4400,2,-0.38281,-0.19141,6.20312
28851359,BNO_ACC,3360,-2300,2,-1.03516,0.34375,6.58984
28858325,BNO_ACC,3361,-500,2,-1.64844,-0.19141,8.31250
28867297,BNO_ACC,3362,-1000,2,-2.22266,-0.65234,9.54297
28876235,BNO_ACC,3363,-2000,2,-1.68359,-0.91797,10.26953
28886401,BNO_ACC,3364,-4400,2,-1.95312,-0.07812,12.94922
28891349,BNO_ACC,3365,-2300,2,-1.83984,0.65234,14.63672
28898313,BNO_ACC,3366,-500,2,-1.45703,1.64844,13.78906
28907582,BNO_ACC,3367,-1000,2,-1.53125,1.87891,14.28906
28918391,BNO_ACC,3368,-4300,2,-1.95312,1.30078,13.98047
28926673,BNO_ACC,3369,-4300,2,-1.64844,1.03516,13.10547
28931595,BNO_ACC,3370,-2300,2,-1.26562,1.49219,12.44531
28938664,BNO_ACC,3371,-500,2,-0.91797,1.49219,11.95703
28947742,BNO_ACC,3372,-1000,2,-0.30469,1.37891,11.07031
28956594,BNO_ACC,3373,-2000,2,0.15234,1.18750,9.73047
28966701,BNO_ACC,3374,-4100,2,0.42188,1.07422,8.00781
28971631,BNO_ACC,3375,-2300,2,0.53516,1.10938,6.70312
28978600,BNO_ACC,3376,-700,2,0.99609,1.80078,6.32422
28987783,BNO_ACC,3377,-1000,2,1.45703,2.10547,6.40234
28996728,BNO_ACC,3378,-2000,2,1.72266,1.83984,6.43750
29006942,BNO_ACC,3379,-4200,2,1.95312,1.72266,6.89453
29011844,BNO_ACC,3380,-2300,2,2.03125,1.41797,7.69531
29018971,BNO_ACC,3381,-700,2,1.87891,0.65234,8.19531
29027986,BNO_ACC,3382,-1000,2,1.53125,-0.07812,8.31641
29037141,BNO_ACC,3383,-2200,2,1.22656,-0.53516,8.54297
29047417,BNO_ACC,3384,-4200,2,0.95703,-0.84375,9.12109
29059074,BNO_ACC,3385,-700,2,0.30469,-1.91406,11.19141
29067855,BNO_ACC,3386,-900,2,0.07812,-1.91406,12.37891
29076899,BNO_ACC,3387,-1800,2,-0.42188,-1.95312,13.79297
29087492,BNO_ACC,3388,-4400,2,-0.57422,-1.60938,14.59766
29099161,BNO_ACC,3389,-500,2,-0.57422,-0.26953,14.40234
29107994,BNO_ACC,3390,-1000,2,-0.46094,0.53516,13.33203
29117060,BNO_ACC,3391,-1600,2,-0.26953,1.07422,11.98438
29127393,BNO_ACC,3392,-4000,2,-0.11328,1.80078,10.57031
29132358,BNO_ACC,3393,-2300,2,-0.11328,2.14453,9.26953
29139354,BNO_ACC,3394,-700,2,0.19141,2.56641,7.62500
29148370,BNO_ACC,3395,-900,2,0.34375,3.10156,6.08594
29157503,BNO_ACC,3396,-2000,2,0.23047,3.64062,4.67188
29167301,BNO_ACC,3397,-3700,2,0.11328,3.87109,3.83203
29177596,BNO_ACC,3398,-6000,2,-0.07812,3.52344,3.86719
29178812,BNO_ACC,3399,-700,2,-0.61328,2.75781,3.98828
29188378,BNO_ACC,3400,-1000,2,-0.95703,2.75781,4.06250
29197414,BNO_ACC,3401,-1600,2,-1.22656,2.18359,4.75391
29207791,BNO_ACC,3402,-4000,2,-1.68359,1.26562,5.70703
29219330,BNO_ACC,3403,-500,2,-2.48828,-1.14844,10.10938
29228324,BNO_ACC,3404,-700,2,-2.91016,-0.69141,11.33594
29237394,BNO_ACC,3405,-1600,2,-2.94922,-1.10938,13.28906
29247813,BNO_ACC,3406,-4000,2,-3.14062,-0.61328,13.63672
29259654,BNO_ACC,3407,-700,2,-4.28906,0.88281,14.01562
29268518,BNO_ACC,3408,-900,2,-4.25391,1.64844,13.98047
29277569,BNO_ACC,3409,-1500,2,-4.32812,1.91406,13.25000
29287911,BNO_ACC,3410,-3800,2,-3.98438,2.03125,11.95703
29299882,BNO_ACC,3411,-700,2,-3.52344,2.48828,10.45703
29308282,BNO_ACC,3412,-500,2,-3.02734,2.64453,9.88672
29319112,BNO_ACC,3413,-3200,2,-2.41406,2.60547,9.50000
29328637,BNO_ACC,3414,-4700,2,-2.22266,2.60547,9.42188
29338110,BNO_ACC,3415,-5900,2,-2.07031,2.29688,9.64844
29339472,BNO_ACC,3416,-700,2,-1.72266,1.68359,9.42578
29348667,BNO_ACC,3417,-700,2,-1.49219,0.57422,9.23047
29359477,BNO_ACC,3418,-3400,2,-1.14844,-0.11328,8.39062
29368805,BNO_ACC,3419,-4700,2,-0.46094,-0.53516,7.20703
29378241,BNO_ACC,3420,-5900,2,-0.72656,-0.42188,6.50781
29379657,BNO_ACC,3421,-700,2,-0.07812,0.11328,6.66797
29388736,BNO_ACC,3422,-500,2,0.76562,0.53516,6.70312
29399571,BNO_ACC,3423,-3200,2,1.07422,0.84375,7.27734
29408949,BNO_ACC,3424,-4700,2,1.53125,1.26562,7.51172
29418315,BNO_ACC,3425,-5700,2,1.53125,1.53125,8.12109
29420000,BNO_ACC,3426,-700,2,1.33984,1.10938,8.11719
29428751,BNO_ACC,3427,-700,2,0.95703,1.07422,7.69531
29439609,BNO_ACC,3428,-3100,2,0.57422,1.10938,7.54688
29449055,BNO_ACC,3429,-4300,2,-0.15234,0.91797,7.54688
29458630,BNO_ACC,3430,-5700,2,-0.65234,0.65234,7.97266
29460180,BNO_ACC,3431,-700,2,-1.45703,-0.11328,9.12109
29468841,BNO_ACC,3432,-700,2,-1.87891,-0.57422,10.49609
29479620,BNO_ACC,3433,-3100,2,-2.22266,-0.84375,12.33594
29489078,BNO_ACC,3434,-4500,2,-2.37500,-0.88281,13.25000
29498561,BNO_ACC,3435,-5500,2,-2.33594,-0.19141,13.83203
29502650,BNO_ACC,3436,-2300,2,-2.75781,0.11328,14.17578
29509507,BNO_ACC,3437,-700,2,-2.91016,1.07422,14.55469
29519255,BNO_ACC,3438,-2500,2,-2.71875,1.37891,14.36328
29527427,BNO_ACC,3439,-2200,2,-3.06641,0.84375,13.06250
29538600,BNO_ACC,3440,-5300,2,-2.67969,0.53516,12.25781
29542662,BNO_ACC,3441,-2300,2,-2.60547,1.30078,11.67969
29549581,BNO_ACC,3442,-700,2,-2.26172,1.95312,10.87891
29558774,BNO_ACC,3443,-1600,2,-1.95312,1.41797,10.11328
29569571,BNO_ACC,3444,-4500,2,-1.53125,1.41797,9.38281
29577905,BNO_ACC,3445,-4500,2,-1.18750,1.60938,8.77344
29582801,BNO_ACC,3446,-2300,2,-0.84375,1.68359,8.19922
29589650,BNO_ACC,3447,-700,2,-0.49609,1.60938,7.77734
29598792,BNO_ACC,3448,-1600,2,-0.26953,1.53125,7.23828
29607728,BNO_ACC,3449,-2200,2,0.03906,1.41797,6.66797
29617987,BNO_ACC,3450,-4600,2,0.11328,1.49219,6.44141
29622903,BNO_ACC,3451,-2300,2,0.49609,1.80078,6.24219
29629847,BNO_ACC,3452,-500,2,0.69141,1.87891,6.24219
29639134,BNO_ACC,3453,-1000,2,1.07422,1.76172,6.24219
29648339,BNO_ACC,3454,-2600,2,1.07422,1.57031,6.55078
29658718,BNO_ACC,3455,-4900,2,1.33984,1.57031,6.66797
29662785,BNO_ACC,3456,-2300,2,1.41797,1.60938,6.89453
29669791,BNO_ACC,3457,-700,2,1.57031,1.10938,7.31250
29679167,BNO_ACC,3458,-1000,2,1.68359,0.84375,8.01172
29688174,BNO_ACC,3459,-2200,2,1.80078,0.42188,8.69531
29698487,BNO_ACC,3460,-4600,2,1.95312,-0.11328,9.11719
29703380,BNO_ACC,3461,-2300,2,1.99219,-0.65234,9.92578
29710284,BNO_ACC,3462,-500,2,1.99219,-1.37891,11.33984
29719299,BNO_ACC,3463,-1000,2,1.95312,-1.80078,12.56250
29728441,BNO_ACC,3464,-2400,2,1.72266,-1.91406,13.40625
29738902,BNO_ACC,3465,-4800,2,1.33984,-1.76172,13.52734
29750250,BNO_ACC,3466,-700,2,0.46094,-0.72656,12.98828
29759499,BNO_ACC,3467,-1000,2,0.19141,-0.42188,12.33594
29768535,BNO_ACC,3468,-2200,2,-0.19141,-0.26953,11.83984
29778905,BNO_ACC,3469,-4600,2,-0.30469,0.07812,10.91797
29790777,BNO_ACC,3470,-700,2,-0.46094,0.99609,9.96484
29799635,BNO_ACC,3471,-1000,2,-0.42188,0.99609,9.84375
29808691,BNO_ACC,3472,-2200,2,-0.34375,1.10938,9.84375
29818863,BNO_ACC,3473,-4200,2,-0.19141,1.14844,10.34766
29831210,BNO_ACC,3474,-900,2,0.07812,1.26562,11.22266
29840035,BNO_ACC,3475,-1000,2,0.11328,1.03516,11.10938
29848010,BNO_ACC,3476,-1300,2,-0.11328,0.99609,11.19141
29859216,BNO_ACC,3477,-4600,2,0.03906,1.22656,10.95312
29871028,BNO_ACC,3478,-700,2,0.30469,1.76172,9.07812
29879650,BNO_ACC,3479,-1000,2,0.34375,1.57031,7.42969
29888686,BNO_ACC,3480,-1800,2,0.49609,1.45703,6.12891
29899033,BNO_ACC,3481,-4200,2,0.03906,2.45312,6.50781
29903966,BNO_ACC,3482,-2300,2,0.80469,1.83984,6.39844
29910880,BNO_ACC,3483,-700,2,1.72266,0.53516,6.04688
29920147,BNO_ACC,3484,-1000,2,1.99219,0.99609,6.58594
29930023,BNO_ACC,3485,-3200,2,3.29297,0.65234,7.81250
29939520,BNO_ACC,3486,-4400,2,3.71484,0.34375,9.15625
29951193,BNO_ACC,3487,-500,2,3.86719,-1.53125,10.53516
29959843,BNO_ACC,3488,-1000,2,3.98438,-2.37500,11.37891
29968842,BNO_ACC,3489,-1600,2,3.94531,-2.41406,11.64453
29979317,BNO_ACC,3490,-4000,2,3.64062,-1.91406,11.49609
29984218,BNO_ACC,3491,-2100,2,3.14062,-1.37891,10.57422
29991314,BNO_ACC,3492,-500,2,2.67969,-1.14844,10.11328
30000397,BNO_ACC,3493,-1000,2,2.07031,-0.72656,9.84766
30010273,BNO_ACC,3494,-3200,2,1.87891,-0.19141,8.77344
30019885,BNO_ACC,3495,-4400,2,1.57031,1.03516,7.62891
30031491,BNO_ACC,3496,-500,2,0.42188,1.83984,6.46875
30040040,BNO_ACC,3497,-900,2,0.23047,2.33594,6.01953
30048963,BNO_ACC,3498,-1500,2,-0.23047,2.10547,5.63672
30059313,BNO_ACC,3499,-3600,2,-0.57422,1.41797,6.35938
30069516,BNO_ACC,3500,-5800,2,-0.84375,0.23047,8.19922
30070877,BNO_ACC,3501,-500,2,-0.61328,-0.30469,9.92578
30080350,BNO_ACC,3502,-900,2,-1.14844,0.03906,11.83984
30089369,BNO_ACC,3503,-1600,2,-1.30078,0.15234,13.59375
30100037,BNO_ACC,3504,-4200,2,-1.22656,-0.19141,13.06641
30111688,BNO_ACC,3505,-700,2,-2.03125,0.30469,15.44141
30120127,BNO_ACC,3506,-500,2,-1.99219,0.19141,15.28125
30130967,BNO_ACC,3507,-3200,2,-2.07031,-0.34375,14.82422
30138872,BNO_ACC,3508,-3000,2,-1.76172,-0.30469,14.05859
30149237,BNO_ACC,3509,-5100,2,-1.49219,0.42188,13.17188
30151738,BNO_ACC,3510,-700,2,-1.03516,0.91797,11.75781
30160140,BNO_ACC,3511,-700,2,-0.69141,1.26562,10.69141
30170865,BNO_ACC,3512,-3100,2,-0.30469,1.64844,9.58203
30180736,BNO_ACC,3513,-4900,2,0.19141,1.33984,8.07812
30189280,BNO_ACC,3514,-5100,2,0.11328,0.99609,6.16797
30191817,BNO_ACC,3515,-700,2,0.03906,1.26562,5.01562
30200261,BNO_ACC,3516,-500,2,0.30469,1.60938,4.97656
