t_us,tag,seq,bno_delay_us,status,gx,gy,gz,gbias_x,gbias_y,gbias_z
208078,BNO_GYRO_UC,0,-3200,0,0.748047,-4.164062,0.162109,0.001953,0.000000,-0.003906
217877,BNO_GYRO_UC,1,-2500,0,0.683594,-4.091797,-0.250000,0.001953,0.000000,-0.003906
227813,BNO_GYRO_UC,2,-3200,0,0.306641,-3.888672,-0.332031,0.001953,0.000000,-0.003906
237233,BNO_GYRO_UC,3,-3100,0,-0.136719,-3.673828,-0.314453,0.001953,0.000000,-0.003906
247559,BNO_GYRO_UC,4,-3200,0,-0.367188,-3.435547,-0.287109,0.001953,0.000000,-0.003906
258026,BNO_GYRO_UC,5,-3100,0,-0.121094,-3.066406,-0.341797,0.001953,0.000000,-0.003906
268146,BNO_GYRO_UC,6,-3200,0,0.091797,-2.591797,-0.343750,0.001953,0.000000,-0.003906
277273,BNO_GYRO_UC,7,-2900,0,0.199219,-1.824219,-0.330078,0.001953,0.000000,-0.003906
287722,BNO_GYRO_UC,8,-3100,0,0.398438,-0.500000,-0.310547,0.001953,0.000000,-0.003906
298215,BNO_GYRO_UC,9,-3100,0,0.666016,1.078125,-0.281250,0.001953,0.000000,-0.003906
308343,BNO_GYRO_UC,10,-3200,0,0.953125,2.632812,-0.294922,0.001953,0.000000,-0.003906
317412,BNO_GYRO_UC,11,-3100,0,1.154297,4.003906,-0.328125,0.001953,0.000000,-0.003906
327853,BNO_GYRO_UC,12,-3200,0,1.330078,4.925781,-0.365234,0.001953,0.000000,-0.003906
338296,BNO_GYRO_UC,13,-3100,0,1.570312,5.134766,-0.406250,0.001953,0.000000,-0.003906
348515,BNO_GYRO_UC,14,-3200,0,1.572266,4.601562,-0.423828,0.001953,0.000000,-0.003906
357591,BNO_GYRO_UC,15,-3200,0,1.175781,3.507812,-0.361328,0.001953,0.000000,-0.003906
368169,BNO_GYRO_UC,16,-3100,0,0.791016,1.886719,-0.277344,0.001953,0.000000,-0.003906
378575,BNO_GYRO_UC,17,-3100,0,0.664062,-0.005859,-0.195312,0.001953,0.000000,-0.003906
387967,BNO_GYRO_UC,18,-2900,0,0.541016,-1.792969,-0.166016,0.001953,0.000000,-0.003906
397332,BNO_GYRO_UC,19,-2900,0,0.205078,-3.523438,-0.126953,0.001953,0.000000,-0.003906
407891,BNO_GYRO_UC,20,-3200,0,-0.068359,-5.238281,-0.117188,0.001953,0.000000,-0.003906
417973,BNO_GYRO_UC,21,-3200,0,-0.218750,-6.535156,-0.134766,0.001953,0.000000,-0.003906
428290,BNO_GYRO_UC,22,-3200,0,-0.357422,-7.095703,-0.269531,0.001953,0.000000,-0.003906
437538,BNO_GYRO_UC,23,-2900,0,-0.437500,-7.019531,-0.455078,0.001953,0.000000,-0.003906
448029,BNO_GYRO_UC,24,-3200,0,-0.396484,-5.240234,-0.371094,0.001953,0.000000,-0.003906
457988,BNO_GYRO_UC,25,-3200,0,-0.214844,-2.609375,-0.220703,0.001953,0.000000,-0.003906
468058,BNO_GYRO_UC,26,-3100,0,0.152344,-0.537109,-0.255859,0.001953,0.000000,-0.003906
477735,BNO_GYRO_UC,27,-3100,0,0.333984,0.666016,-0.318359,0.001953,0.000000,-0.003906
488306,BNO_GYRO_UC,28,-3100,0,0.292969,1.492188,-0.361328,0.001953,0.000000,-0.003906
498854,BNO_GYRO_UC,29,-3100,0,0.298828,2.232422,-0.175781,0.001953,0.000000,-0.003906
508212,BNO_GYRO_UC,30,-2500,0,0.279297,2.546875,-0.064453,0.001953,0.000000,-0.003906
517685,BNO_GYRO_UC,31,-2900,0,-0.087891,2.052734,-0.150391,0.001953,0.000000,-0.003906
528170,BNO_GYRO_UC,32,-3200,0,-0.318359,1.486328,-0.408203,0.001953,0.000000,-0.003906
538947,BNO_GYRO_UC,33,-3200,0,-0.277344,1.136719,-0.662109,0.001953,0.000000,-0.003906
548295,BNO_GYRO_UC,34,-2500,0,0.001953,0.919922,-0.806641,0.001953,0.000000,-0.003906
557750,BNO_GYRO_UC,35,-2900,0,0.056641,0.453125,-0.671875,0.001953,0.000000,-0.003906
568233,BNO_GYRO_UC,36,-3100,0,-0.367188,-0.408203,-0.191406,0.001953,0.000000,-0.003906
578047,BNO_GYRO_UC,37,-3100,0,-0.648438,-1.085938,0.099609,0.001953,0.000000,-0.003906
588430,BNO_GYRO_UC,38,-3100,0,-0.671875,-1.011719,0.210938,0.001953,0.000000,-0.003906
597443,BNO_GYRO_UC,39,-2500,0,-0.482422,-0.177734,0.246094,0.001953,0.000000,-0.003906
608092,BNO_GYRO_UC,40,-3100,0,-0.146484,0.855469,0.242188,0.001953,0.000000,-0.003906
618105,BNO_GYRO_UC,41,-3100,0,0.093750,1.634766,0.322266,0.001953,0.000000,-0.003906
628546,BNO_GYRO_UC,42,-3100,0,0.160156,2.248047,0.464844,0.001953,0.000000,-0.003906
637930,BNO_GYRO_UC,43,-2900,0,0.214844,2.910156,0.601562,0.001953,0.000000,-0.003906
648463,BNO_GYRO_UC,44,-3200,0,0.273438,3.689453,0.644531,0.001953,0.000000,-0.003906
658041,BNO_GYRO_UC,45,-3100,0,0.277344,4.449219,0.687500,0.001953,0.000000,-0.003906
668632,BNO_GYRO_UC,46,-3100,0,0.193359,4.984375,0.703125,0.001953,0.000000,-0.003906
678080,BNO_GYRO_UC,47,-3100,0,0.064453,5.142578,0.662109,0.001953,0.000000,-0.003906
688514,BNO_GYRO_UC,48,-3100,0,-0.121094,5.068359,0.589844,0.001953,0.000000,-0.003906
698346,BNO_GYRO_UC,49,-3100,0,-0.216797,4.558594,0.519531,0.001953,0.000000,-0.003906
709374,BNO_GYRO_UC,50,-3600,0,-0.140625,3.113281,0.345703,0.001953,0.000000,-0.003906
718597,BNO_GYRO_UC,51,-3400,0,-0.068359,1.013672,0.152344,0.001953,0.000000,-0.003906
728140,BNO_GYRO_UC,52,-3100,0,-0.126953,-0.949219,-0.027344,0.001953,0.000000,-0.003906
738307,BNO_GYRO_UC,53,-3100,0,-0.230469,-2.597656,-0.164062,0.001953,0.000000,-0.003906
748794,BNO_GYRO_UC,54,-3100,0,-0.337891,-4.027344,-0.275391,0.001953,0.000000,-0.003906
758236,BNO_GYRO_UC,55,-2900,0,-0.287109,-5.111328,-0.345703,0.001953,0.000000,-0.003906
768866,BNO_GYRO_UC,56,-3200,0,-0.242188,-5.722656,-0.392578,0.001953,0.000000,-0.003906
778478,BNO_GYRO_UC,57,-3100,0,-0.361328,-5.757812,-0.404297,0.001953,0.000000,-0.003906
788918,BNO_GYRO_UC,58,-3100,0,-0.601562,-5.214844,-0.363281,0.001953,0.000000,-0.003906
797851,BNO_GYRO_UC,59,-2500,0,-0.767578,-4.099609,-0.246094,0.001953,0.000000,-0.003906
808862,BNO_GYRO_UC,60,-3100,0,-0.851562,-2.611328,-0.091797,0.001953,0.000000,-0.003906
818502,BNO_GYRO_UC,61,-3100,0,-0.777344,-1.263672,0.033203,0.001953,0.000000,-0.003906
829707,BNO_GYRO_UC,62,-3600,0,-0.585938,-0.287109,0.101562,0.001953,0.000000,-0.003906
839160,BNO_GYRO_UC,63,-3200,0,-0.431641,0.408203,0.109375,0.001953,0.000000,-0.003906
848626,BNO_GYRO_UC,64,-3100,0,-0.351562,0.796875,0.091797,0.001953,0.000000,-0.003906
858488,BNO_GYRO_UC,65,-3100,0,-0.421875,0.730469,0.054688,0.001953,0.000000,-0.003906
869749,BNO_GYRO_UC,66,-3600,0,-0.552734,-0.281250,-0.048828,0.001953,0.000000,-0.003906
878970,BNO_GYRO_UC,67,-3200,0,-0.591797,-1.714844,-0.208984,0.001953,0.000000,-0.003906
888560,BNO_GYRO_UC,68,-3100,0,-0.613281,-2.992188,-0.398438,0.001953,0.000000,-0.003906
898855,BNO_GYRO_UC,69,-3100,0,-0.582031,-4.009766,-0.583984,0.001953,0.000000,-0.003906
909076,BNO_GYRO_UC,70,-2900,0,-0.591797,-4.509766,-0.695312,0.001953,0.000000,-0.003906
919330,BNO_GYRO_UC,71,-3200,0,-0.597656,-4.320312,-0.710938,0.001953,0.000000,-0.003906
928822,BNO_GYRO_UC,72,-3100,0,-0.615234,-3.736328,-0.548828,0.001953,0.000000,-0.003906
938880,BNO_GYRO_UC,73,-3100,0,-0.441406,-2.841797,-0.445312,0.001953,0.000000,-0.003906
949359,BNO_GYRO_UC,74,-3100,0,-0.074219,-1.730469,-0.421875,0.001953,0.000000,-0.003906
959388,BNO_GYRO_UC,75,-3200,0,0.396484,-0.423828,-0.376953,0.001953,0.000000,-0.003906
968925,BNO_GYRO_UC,76,-3100,0,0.857422,0.986328,-0.271484,0.001953,0.000000,-0.003906
979030,BNO_GYRO_UC,77,-3100,0,1.193359,2.509766,-0.166016,0.001953,0.000000,-0.003906
990062,BNO_GYRO_UC,78,-3600,0,1.462891,3.951172,-0.074219,0.001953,0.000000,-0.003906
999300,BNO_GYRO_UC,79,-3200,0,1.701172,5.234375,-0.021484,0.001953,0.000000,-0.003906
1008882,BNO_GYRO_UC,80,-2900,0,1.763672,6.429688,0.035156,0.001953,0.000000,-0.003906
1019430,BNO_GYRO_UC,81,-3100,0,1.660156,7.228516,0.080078,0.001953,0.000000,-0.003906
1029529,BNO_GYRO_UC,82,-2900,0,1.554688,7.531250,0.076172,0.001953,0.000000,-0.003906
1039700,BNO_GYRO_UC,83,-3400,0,1.355469,7.376953,0.060547,0.001953,0.000000,-0.003906
1049017,BNO_GYRO_UC,84,-3100,0,0.855469,6.525391,0.025391,0.001953,0.000000,-0.003906
1059414,BNO_GYRO_UC,85,-3200,0,0.347656,4.771484,-0.046875,0.001953,0.000000,-0.003906
1069712,BNO_GYRO_UC,86,-2900,0,-0.005859,2.669922,-0.134766,0.001953,0.000000,-0.003906
1079773,BNO_GYRO_UC,87,-3400,0,-0.251953,0.695312,-0.187500,0.001953,0.000000,-0.003906
1089172,BNO_GYRO_UC,88,-3100,0,-0.423828,-1.054688,-0.197266,0.001953,0.000000,-0.003906
1099733,BNO_GYRO_UC,89,-3200,0,-0.421875,-2.650391,-0.136719,0.001953,0.000000,-0.003906
1109693,BNO_GYRO_UC,90,-2500,0,-0.240234,-4.097656,-0.064453,0.001953,0.000000,-0.003906
1119739,BNO_GYRO_UC,91,-3200,0,-0.128906,-5.492188,-0.044922,0.001953,0.000000,-0.003906
1129182,BNO_GYRO_UC,92,-3100,0,-0.240234,-6.699219,-0.009766,0.001953,0.000000,-0.003906
1139712,BNO_GYRO_UC,93,-3100,0,-0.525391,-7.593750,0.035156,0.001953,0.000000,-0.003906
1149789,BNO_GYRO_UC,94,-2700,0,-0.794922,-7.562500,0.111328,0.001953,0.000000,-0.003906
1159880,BNO_GYRO_UC,95,-3200,0,-0.878906,-5.644531,0.136719,0.001953,0.000000,-0.003906
1169362,BNO_GYRO_UC,96,-3100,0,-0.570312,-3.425781,0.021484,0.001953,0.000000,-0.003906
1180022,BNO_GYRO_UC,97,-3200,0,-0.232422,-1.630859,0.021484,0.001953,0.000000,-0.003906
1190375,BNO_GYRO_UC,98,-2900,0,-0.060547,-0.097656,0.103516,0.001953,0.000000,-0.003906
1199742,BNO_GYRO_UC,99,-3100,0,0.091797,1.140625,0.158203,0.001953,0.000000,-0.003906
1209405,BNO_GYRO_UC,100,-3100,0,0.345703,2.492188,0.128906,0.001953,0.000000,-0.003906
1219286,BNO_GYRO_UC,101,-3100,0,0.777344,4.001953,0.054688,0.001953,0.000000,-0.003906
1230582,BNO_GYRO_UC,102,-3600,0,1.318359,5.218750,-0.050781,0.001953,0.000000,-0.003906
1239859,BNO_GYRO_UC,103,-3100,0,1.505859,6.400391,-0.093750,0.001953,0.000000,-0.003906
1249433,BNO_GYRO_UC,104,-3100,0,1.335938,7.523438,-0.095703,0.001953,0.000000,-0.003906
1260143,BNO_GYRO_UC,105,-3200,0,1.080078,7.630859,-0.050781,0.001953,0.000000,-0.003906
1270457,BNO_GYRO_UC,106,-2900,0,0.431641,6.138672,-0.015625,0.001953,0.000000,-0.003906
1279947,BNO_GYRO_UC,107,-2900,0,-0.380859,3.501953,-0.039062,0.001953,0.000000,-0.003906
1289634,BNO_GYRO_UC,108,-3100,0,-0.468750,1.253906,0.000000,0.001953,0.000000,-0.003906
1300103,BNO_GYRO_UC,109,-3100,0,-0.250000,-0.083984,0.050781,0.001953,0.000000,-0.003906
1310575,BNO_GYRO_UC,110,-3100,0,-0.128906,-0.800781,0.144531,0.001953,0.000000,-0.003906
1319980,BNO_GYRO_UC,111,-2700,0,0.160156,-0.775391,0.222656,0.001953,0.000000,-0.003906
1329721,BNO_GYRO_UC,112,-3100,0,0.429688,-0.025391,0.275391,0.001953,0.000000,-0.003906
1340378,BNO_GYRO_UC,113,-3200,0,0.490234,0.878906,0.330078,0.001953,0.000000,-0.003906
1350817,BNO_GYRO_UC,114,-2900,0,0.478516,1.761719,0.361328,0.001953,0.000000,-0.003906
1360073,BNO_GYRO_UC,115,-2900,0,0.558594,2.593750,0.363281,0.001953,0.000000,-0.003906
1369478,BNO_GYRO_UC,116,-2900,0,0.677734,3.197266,0.339844,0.001953,0.000000,-0.003906
1380014,BNO_GYRO_UC,117,-3200,0,0.482422,3.292969,0.216797,0.001953,0.000000,-0.003906
1389973,BNO_GYRO_UC,118,-3200,0,0.042969,2.890625,0.029297,0.001953,0.000000,-0.003906
1400139,BNO_GYRO_UC,119,-3100,0,-0.560547,2.470703,-0.146484,0.001953,0.000000,-0.003906
1409640,BNO_GYRO_UC,120,-2900,0,-1.087891,1.994141,-0.214844,0.001953,0.000000,-0.003906
1420143,BNO_GYRO_UC,121,-3200,0,-0.966797,1.568359,-0.191406,0.001953,0.000000,-0.003906
1430059,BNO_GYRO_UC,122,-3200,0,-0.433594,1.400391,-0.087891,0.001953,0.000000,-0.003906
1440370,BNO_GYRO_UC,123,-3200,0,-0.099609,1.384766,0.005859,0.001953,0.000000,-0.003906
1449443,BNO_GYRO_UC,124,-2700,0,0.078125,1.445312,0.066406,0.001953,0.000000,-0.003906
1459986,BNO_GYRO_UC,125,-3200,0,0.197266,1.527344,0.111328,0.001953,0.000000,-0.003906
1470374,BNO_GYRO_UC,126,-3400,0,0.322266,1.580078,0.083984,0.001953,0.000000,-0.003906
1480748,BNO_GYRO_UC,127,-3200,0,0.357422,1.669922,0.025391,0.001953,0.000000,-0.003906
1489561,BNO_GYRO_UC,128,-2500,0,0.269531,1.865234,0.005859,0.001953,0.000000,-0.003906
1500145,BNO_GYRO_UC,129,-3100,0,-0.021484,2.093750,-0.066406,0.001953,0.000000,-0.003906
1510139,BNO_GYRO_UC,130,-3100,0,-0.535156,2.269531,-0.216797,0.001953,0.000000,-0.003906
1520561,BNO_GYRO_UC,131,-3100,0,-0.828125,2.496094,-0.312500,0.001953,0.000000,-0.003906
1529992,BNO_GYRO_UC,132,-2900,0,-0.910156,2.773438,-0.304688,0.001953,0.000000,-0.003906
1540683,BNO_GYRO_UC,133,-3200,0,-1.025391,2.875000,-0.265625,0.001953,0.000000,-0.003906
1550145,BNO_GYRO_UC,134,-3100,0,-0.982422,2.615234,-0.220703,0.001953,0.000000,-0.003906
1561107,BNO_GYRO_UC,135,-3400,0,-0.828125,1.859375,-0.171875,0.001953,0.000000,-0.003906
1570425,BNO_GYRO_UC,136,-3400,0,-0.634766,0.500000,-0.099609,0.001953,0.000000,-0.003906
1580248,BNO_GYRO_UC,137,-3100,0,-0.433594,-1.472656,0.029297,0.001953,0.000000,-0.003906
1591220,BNO_GYRO_UC,138,-3400,0,-0.416016,-3.826172,0.078125,0.001953,0.000000,-0.003906
1600733,BNO_GYRO_UC,139,-2300,0,-0.496094,-6.611328,0.128906,0.001953,0.000000,-0.003906
1610150,BNO_GYRO_UC,140,-2900,0,-0.630859,-9.550781,0.203125,0.001953,0.000000,-0.003906
1620687,BNO_GYRO_UC,141,-3100,0,-0.828125,-11.724609,0.097656,0.001953,0.000000,-0.003906
1630679,BNO_GYRO_UC,142,-3200,0,-0.974609,-13.013672,-0.218750,0.001953,0.000000,-0.003906
1640975,BNO_GYRO_UC,143,-2900,0,-1.029297,-12.658203,-0.255859,0.001953,0.000000,-0.003906
1649891,BNO_GYRO_UC,144,-2700,0,-0.998047,-9.955078,-0.273438,0.001953,0.000000,-0.003906
1660758,BNO_GYRO_UC,145,-3100,0,-0.898438,-6.718750,-0.423828,0.001953,0.000000,-0.003906
1670676,BNO_GYRO_UC,146,-3100,0,-0.634766,-4.886719,-0.244141,0.001953,0.000000,-0.003906
1680981,BNO_GYRO_UC,147,-2900,0,-0.597656,-3.753906,0.171875,0.001953,0.000000,-0.003906
1689872,BNO_GYRO_UC,148,-2500,0,-0.812500,-2.785156,0.500000,0.001953,0.000000,-0.003906
1700850,BNO_GYRO_UC,149,-3100,0,-0.726562,-1.947266,0.599609,0.001953,0.000000,-0.003906
1710966,BNO_GYRO_UC,150,-3100,0,-0.437500,-1.115234,0.511719,0.001953,0.000000,-0.003906
1721295,BNO_GYRO_UC,151,-2900,0,-0.292969,-0.281250,0.369141,0.001953,0.000000,-0.003906
1730037,BNO_GYRO_UC,152,-2700,0,-0.089844,0.404297,0.150391,0.001953,0.000000,-0.003906
1741041,BNO_GYRO_UC,153,-3100,0,0.214844,0.925781,-0.091797,0.001953,0.000000,-0.003906
1751000,BNO_GYRO_UC,154,-3200,0,0.509766,1.457031,-0.324219,0.001953,0.000000,-0.003906
1761296,BNO_GYRO_UC,155,-2900,0,0.738281,2.019531,-0.408203,0.001953,0.000000,-0.003906
1770043,BNO_GYRO_UC,156,-2500,0,0.957031,2.830078,-0.482422,0.001953,0.000000,-0.003906
1781169,BNO_GYRO_UC,157,-3100,0,1.138672,3.871094,-0.472656,0.001953,0.000000,-0.003906
1790979,BNO_GYRO_UC,158,-3100,0,1.097656,4.865234,-0.328125,0.001953,0.000000,-0.003906
1800973,BNO_GYRO_UC,159,-2500,0,0.962891,5.126953,-0.152344,0.001953,0.000000,-0.003906
1811107,BNO_GYRO_UC,160,-3200,0,0.970703,4.771484,-0.015625,0.001953,0.000000,-0.003906
1820795,BNO_GYRO_UC,161,-3100,0,0.906250,4.142578,0.097656,0.001953,0.000000,-0.003906
1830999,BNO_GYRO_UC,162,-3200,0,0.671875,3.314453,0.173828,0.001953,0.000000,-0.003906
1841094,BNO_GYRO_UC,163,-2700,0,0.515625,2.349609,0.203125,0.001953,0.000000,-0.003906
1851180,BNO_GYRO_UC,164,-3200,0,0.316406,1.330078,0.144531,0.001953,0.000000,-0.003906
1860790,BNO_GYRO_UC,165,-3100,0,0.103516,-0.113281,0.003906,0.001953,0.000000,-0.003906
1871181,BNO_GYRO_UC,166,-3200,0,-0.179688,-1.730469,-0.056641,0.001953,0.000000,-0.003906
1881711,BNO_GYRO_UC,167,-3100,0,-0.693359,-3.253906,-0.095703,0.001953,0.000000,-0.003906
1891294,BNO_GYRO_UC,168,-3400,0,-1.214844,-5.289062,-0.152344,0.001953,0.000000,-0.003906
1900839,BNO_GYRO_UC,169,-3100,0,-1.480469,-7.746094,-0.214844,0.001953,0.000000,-0.003906
1911400,BNO_GYRO_UC,170,-3100,0,-1.324219,-10.041016,-0.197266,0.001953,0.000000,-0.003906
1921706,BNO_GYRO_UC,171,-3100,0,-1.566406,-9.843750,-0.109375,0.001953,0.000000,-0.003906
1931746,BNO_GYRO_UC,172,-3200,0,-1.658203,-7.904297,-0.095703,0.001953,0.000000,-0.003906
1940874,BNO_GYRO_UC,173,-2900,0,-1.347656,-5.324219,0.044922,0.001953,0.000000,-0.003906
1951303,BNO_GYRO_UC,174,-3100,0,-0.695312,-3.095703,0.019531,0.001953,0.000000,-0.003906
1961735,BNO_GYRO_UC,175,-3100,0,-0.148438,-1.222656,-0.087891,0.001953,0.000000,-0.003906
1971989,BNO_GYRO_UC,176,-3200,0,0.066406,0.691406,-0.039062,0.001953,0.000000,-0.003906
1981073,BNO_GYRO_UC,177,-3100,0,0.478516,2.496094,-0.060547,0.001953,0.000000,-0.003906
1991444,BNO_GYRO_UC,178,-3100,0,0.994141,4.400391,-0.080078,0.001953,0.000000,-0.003906
2001719,BNO_GYRO_UC,179,-2900,0,1.626953,6.339844,-0.076172,0.001953,0.000000,-0.003906
2011873,BNO_GYRO_UC,180,-3200,0,2.093750,7.935547,-0.093750,0.001953,0.000000,-0.003906
2021150,BNO_GYRO_UC,181,-3100,0,1.988281,8.855469,-0.060547,0.001953,0.000000,-0.003906
2031718,BNO_GYRO_UC,182,-3100,0,1.599609,9.320312,-0.001953,0.001953,0.000000,-0.003906
2042141,BNO_GYRO_UC,183,-2900,0,1.343750,9.025391,-0.103516,0.001953,0.000000,-0.003906
2052208,BNO_GYRO_UC,184,-3400,0,0.931641,7.675781,-0.132812,0.001953,0.000000,-0.003906
2061217,BNO_GYRO_UC,185,-3100,0,0.343750,5.140625,-0.232422,0.001953,0.000000,-0.003906
2071851,BNO_GYRO_UC,186,-3200,0,0.177734,3.328125,-0.210938,0.001953,0.000000,-0.003906
2082298,BNO_GYRO_UC,187,-3100,0,0.341797,2.125000,-0.080078,0.001953,0.000000,-0.003906
2092367,BNO_GYRO_UC,188,-3200,0,0.248047,0.902344,-0.033203,0.001953,0.000000,-0.003906
2101253,BNO_GYRO_UC,189,-3100,0,0.128906,-0.265625,0.062500,0.001953,0.000000,-0.003906
2111759,BNO_GYRO_UC,190,-3100,0,0.123047,-1.341797,0.185547,0.001953,0.000000,-0.003906
2122217,BNO_GYRO_UC,191,-3100,0,0.187500,-2.503906,0.294922,0.001953,0.000000,-0.003906
2132320,BNO_GYRO_UC,192,-3200,0,0.218750,-3.656250,0.343750,0.001953,0.000000,-0.003906
2141460,BNO_GYRO_UC,193,-3100,0,0.136719,-4.664062,0.271484,0.001953,0.000000,-0.003906
2152202,BNO_GYRO_UC,194,-3100,0,-0.162109,-5.330078,0.185547,0.001953,0.000000,-0.003906
2162516,BNO_GYRO_UC,195,-3100,0,-0.492188,-5.527344,0.162109,0.001953,0.000000,-0.003906
2171907,BNO_GYRO_UC,196,-3100,0,-0.652344,-5.417969,0.232422,0.001953,0.000000,-0.003906
2181410,BNO_GYRO_UC,197,-2900,0,-0.845703,-4.830078,0.162109,0.001953,0.000000,-0.003906
2191936,BNO_GYRO_UC,198,-3100,0,-0.980469,-4.025391,0.085938,0.001953,0.000000,-0.003906
2202517,BNO_GYRO_UC,199,-3100,0,-0.867188,-3.101562,0.017578,0.001953,0.000000,-0.003906
2211895,BNO_GYRO_UC,200,-2900,0,-0.765625,-2.070312,0.044922,0.001953,0.000000,-0.003906
2221403,BNO_GYRO_UC,201,-2700,0,-0.646484,-1.021484,0.091797,0.001953,0.000000,-0.003906
2232086,BNO_GYRO_UC,202,-3100,0,-0.435547,-0.039062,0.113281,0.001953,0.000000,-0.003906
2242739,BNO_GYRO_UC,203,-3100,0,-0.033203,0.828125,0.089844,0.001953,0.000000,-0.003906
2251961,BNO_GYRO_UC,204,-2900,0,0.541016,1.820312,0.041016,0.001953,0.000000,-0.003906
2261377,BNO_GYRO_UC,205,-2700,0,1.060547,2.929688,0.060547,0.001953,0.000000,-0.003906
2271970,BNO_GYRO_UC,206,-3200,0,1.214844,3.974609,0.087891,0.001953,0.000000,-0.003906
2281998,BNO_GYRO_UC,207,-3200,0,1.152344,4.876953,0.128906,0.001953,0.000000,-0.003906
2292312,BNO_GYRO_UC,208,-3200,0,1.226562,5.417969,0.136719,0.001953,0.000000,-0.003906
2301667,BNO_GYRO_UC,209,-2900,0,1.242188,5.156250,0.130859,0.001953,0.000000,-0.003906
2312340,BNO_GYRO_UC,210,-3100,0,0.917969,4.103516,0.160156,0.001953,0.000000,-0.003906
2322660,BNO_GYRO_UC,211,-3100,0,0.417969,2.876953,0.160156,0.001953,0.000000,-0.003906
2332994,BNO_GYRO_UC,212,-3200,0,0.080078,1.607422,0.158203,0.001953,0.000000,-0.003906
2341824,BNO_GYRO_UC,213,-3100,0,-0.062500,0.501953,0.183594,0.001953,0.000000,-0.003906
2352344,BNO_GYRO_UC,214,-3200,0,-0.007812,-0.066406,0.203125,0.001953,0.000000,-0.003906
2362591,BNO_GYRO_UC,215,-3400,0,0.150391,-0.093750,0.259766,0.001953,0.000000,-0.003906
2372860,BNO_GYRO_UC,216,-3100,0,0.203125,0.181641,0.289062,0.001953,0.000000,-0.003906
2381942,BNO_GYRO_UC,217,-3100,0,0.214844,0.343750,0.277344,0.001953,0.000000,-0.003906
2392464,BNO_GYRO_UC,218,-3200,0,0.166016,0.351562,0.222656,0.001953,0.000000,-0.003906
2402001,BNO_GYRO_UC,219,-3100,0,0.029297,0.341797,0.162109,0.001953,0.000000,-0.003906
2412993,BNO_GYRO_UC,220,-3600,0,-0.074219,0.322266,0.099609,0.001953,0.000000,-0.003906
2421986,BNO_GYRO_UC,221,-3100,0,-0.189453,0.302734,0.039062,0.001953,0.000000,-0.003906
2432558,BNO_GYRO_UC,222,-3200,0,-0.318359,0.294922,-0.017578,0.001953,0.000000,-0.003906
2443248,BNO_GYRO_UC,223,-3400,0,-0.351562,0.255859,-0.052734,0.001953,0.000000,-0.003906
2452618,BNO_GYRO_UC,224,-2500,0,-0.400391,0.257812,-0.076172,0.001953,0.000000,-0.003906
2461589,BNO_GYRO_UC,225,-2500,0,-0.449219,0.347656,-0.082031,0.001953,0.000000,-0.003906
2472416,BNO_GYRO_UC,226,-3100,0,-0.441406,0.386719,-0.062500,0.001953,0.000000,-0.003906
2482893,BNO_GYRO_UC,227,-3400,0,-0.333984,0.375000,-0.037109,0.001953,0.000000,-0.003906
2492592,BNO_GYRO_UC,228,-2700,0,-0.191406,0.367188,0.003906,0.001953,0.000000,-0.003906
2502191,BNO_GYRO_UC,229,-3100,0,-0.150391,0.326172,0.048828,0.001953,0.000000,-0.003906
2512721,BNO_GYRO_UC,230,-3200,0,-0.171875,0.089844,0.052734,0.001953,0.000000,-0.003906
2522213,BNO_GYRO_UC,231,-3100,0,-0.123047,-0.332031,0.041016,0.001953,0.000000,-0.003906
2533234,BNO_GYRO_UC,232,-3400,0,-0.089844,-0.921875,0.005859,0.001953,0.000000,-0.003906
2542519,BNO_GYRO_UC,233,-3200,0,-0.214844,-1.689453,-0.041016,0.001953,0.000000,-0.003906
2553089,BNO_GYRO_UC,234,-3100,0,-0.375000,-2.595703,-0.115234,0.001953,0.000000,-0.003906
2562504,BNO_GYRO_UC,235,-3100,0,-0.613281,-3.585938,-0.199219,0.001953,0.000000,-0.003906
2572784,BNO_GYRO_UC,236,-3100,0,-0.980469,-4.685547,-0.328125,0.001953,0.000000,-0.003906
2582353,BNO_GYRO_UC,237,-2900,0,-1.357422,-5.896484,-0.478516,0.001953,0.000000,-0.003906
2593059,BNO_GYRO_UC,238,-3200,0,-1.701172,-6.812500,-0.650391,0.001953,0.000000,-0.003906
2602452,BNO_GYRO_UC,239,-3100,0,-1.931641,-7.115234,-0.767578,0.001953,0.000000,-0.003906
2612768,BNO_GYRO_UC,240,-2900,0,-1.986328,-6.802734,-0.824219,0.001953,0.000000,-0.003906
2622637,BNO_GYRO_UC,241,-3200,0,-2.177734,-5.681641,-0.787109,0.001953,0.000000,-0.003906
2632483,BNO_GYRO_UC,242,-3100,0,-2.162109,-4.298828,-0.714844,0.001953,0.000000,-0.003906
2642675,BNO_GYRO_UC,243,-3100,0,-1.705078,-2.902344,-0.613281,0.001953,0.000000,-0.003906
2652934,BNO_GYRO_UC,244,-2900,0,-1.103516,-1.623047,-0.433594,0.001953,0.000000,-0.003906
2662833,BNO_GYRO_UC,245,-3200,0,-0.494141,-0.541016,-0.121094,0.001953,0.000000,-0.003906
2672586,BNO_GYRO_UC,246,-3100,0,0.041016,0.511719,0.179688,0.001953,0.000000,-0.003906
2682953,BNO_GYRO_UC,247,-3100,0,0.617188,1.517578,0.302734,0.001953,0.000000,-0.003906
2693214,BNO_GYRO_UC,248,-3100,0,1.164062,2.615234,0.373047,0.001953,0.000000,-0.003906
2702221,BNO_GYRO_UC,249,-2700,0,1.478516,3.859375,0.416016,0.001953,0.000000,-0.003906
2713325,BNO_GYRO_UC,250,-3100,0,1.806641,5.041016,0.421875,0.001953,0.000000,-0.003906
2722828,BNO_GYRO_UC,251,-3100,0,2.150391,6.037109,0.392578,0.001953,0.000000,-0.003906
2733127,BNO_GYRO_UC,252,-3100,0,2.294922,6.634766,0.435547,0.001953,0.000000,-0.003906
2743128,BNO_GYRO_UC,253,-3200,0,2.404297,6.091797,0.523438,0.001953,0.000000,-0.003906
2752839,BNO_GYRO_UC,254,-3100,0,2.507812,4.285156,0.550781,0.001953,0.000000,-0.003906
2763074,BNO_GYRO_UC,255,-3100,0,2.089844,2.845703,0.472656,0.001953,0.000000,-0.003906
2773408,BNO_GYRO_UC,256,-2900,0,1.330078,1.802734,0.345703,0.001953,0.000000,-0.003906
2783528,BNO_GYRO_UC,257,-3200,0,0.617188,0.787109,0.218750,0.001953,0.000000,-0.003906
2792820,BNO_GYRO_UC,258,-3100,0,0.066406,-0.134766,0.105469,0.001953,0.000000,-0.003906
2803242,BNO_GYRO_UC,259,-3100,0,-0.345703,-1.074219,0.060547,0.001953,0.000000,-0.003906
2813450,BNO_GYRO_UC,260,-2900,0,-0.703125,-1.978516,0.021484,0.001953,0.000000,-0.003906
2823635,BNO_GYRO_UC,261,-3200,0,-0.986328,-2.849609,-0.033203,0.001953,0.000000,-0.003906
2833012,BNO_GYRO_UC,262,-3100,0,-1.160156,-3.748047,-0.091797,0.001953,0.000000,-0.003906
2843540,BNO_GYRO_UC,263,-3100,0,-1.369141,-4.404297,-0.111328,0.001953,0.000000,-0.003906
2853516,BNO_GYRO_UC,264,-2700,0,-1.595703,-4.595703,-0.199219,0.001953,0.000000,-0.003906
2863638,BNO_GYRO_UC,265,-3200,0,-1.746094,-4.390625,-0.320312,0.001953,0.000000,-0.003906
2873071,BNO_GYRO_UC,266,-3100,0,-1.699219,-3.937500,-0.386719,0.001953,0.000000,-0.003906
2883560,BNO_GYRO_UC,267,-3100,0,-1.460938,-3.343750,-0.390625,0.001953,0.000000,-0.003906
2893938,BNO_GYRO_UC,268,-2900,0,-1.148438,-2.644531,-0.337891,0.001953,0.000000,-0.003906
2904138,BNO_GYRO_UC,269,-3200,0,-0.865234,-1.851562,-0.269531,0.001953,0.000000,-0.003906
2913236,BNO_GYRO_UC,270,-3100,0,-0.505859,-1.134766,-0.230469,0.001953,0.000000,-0.003906
2923671,BNO_GYRO_UC,271,-3100,0,-0.076172,-0.623047,-0.236328,0.001953,0.000000,-0.003906
2933889,BNO_GYRO_UC,272,-2900,0,0.244141,-0.246094,-0.240234,0.001953,0.000000,-0.003906
2943954,BNO_GYRO_UC,273,-3200,0,0.367188,0.083984,-0.214844,0.001953,0.000000,-0.003906
2953189,BNO_GYRO_UC,274,-3100,0,0.425781,0.431641,-0.191406,0.001953,0.000000,-0.003906
2963714,BNO_GYRO_UC,275,-3100,0,0.548828,0.791016,-0.199219,0.001953,0.000000,-0.003906
2974092,BNO_GYRO_UC,276,-3100,0,0.685547,1.134766,-0.220703,0.001953,0.000000,-0.003906
2984251,BNO_GYRO_UC,277,-3200,0,0.833984,1.484375,-0.230469,0.001953,0.000000,-0.003906
2993311,BNO_GYRO_UC,278,-2900,0,1.052734,1.904297,-0.259766,0.001953,0.000000,-0.003906
3003846,BNO_GYRO_UC,279,-3200,0,1.357422,2.199219,-0.296875,0.001953,0.000000,-0.003906
3014310,BNO_GYRO_UC,280,-3100,0,1.630859,2.287109,-0.314453,0.001953,0.000000,-0.003906
3023740,BNO_GYRO_UC,281,-3100,0,1.736328,2.306641,-0.289062,0.001953,0.000000,-0.003906
3033310,BNO_GYRO_UC,282,-2900,0,1.628906,2.333984,-0.226562,0.001953,0.000000,-0.003906
3044013,BNO_GYRO_UC,283,-3100,0,1.482422,2.519531,-0.150391,0.001953,0.000000,-0.003906
3054480,BNO_GYRO_UC,284,-3100,0,1.343750,2.806641,-0.062500,0.001953,0.000000,-0.003906
3063765,BNO_GYRO_UC,285,-2900,0,1.263672,3.132812,0.046875,0.001953,0.000000,-0.003906
3073369,BNO_GYRO_UC,286,-2900,0,1.304688,3.576172,0.160156,0.001953,0.000000,-0.003906
3084025,BNO_GYRO_UC,287,-3100,0,1.359375,4.035156,0.263672,0.001953,0.000000,-0.003906
3094255,BNO_GYRO_UC,288,-2700,0,1.144531,4.273438,0.306641,0.001953,0.000000,-0.003906
3104483,BNO_GYRO_UC,289,-3200,0,0.664062,4.130859,0.332031,0.001953,0.000000,-0.003906
3113566,BNO_GYRO_UC,290,-3100,0,0.210938,3.738281,0.277344,0.001953,0.000000,-0.003906
3124305,BNO_GYRO_UC,291,-3100,0,-0.136719,3.117188,0.140625,0.001953,0.000000,-0.003906
3134706,BNO_GYRO_UC,292,-3100,0,-0.382812,2.242188,-0.041016,0.001953,0.000000,-0.003906
3144183,BNO_GYRO_UC,293,-2900,0,-0.552734,1.423828,-0.173828,0.001953,0.000000,-0.003906
3153401,BNO_GYRO_UC,294,-2700,0,-0.628906,0.855469,-0.253906,0.001953,0.000000,-0.003906
3163860,BNO_GYRO_UC,295,-2900,0,-0.570312,0.541016,-0.314453,0.001953,0.000000,-0.003906
3173893,BNO_GYRO_UC,296,-3200,0,-0.578125,0.625000,-0.365234,0.001953,0.000000,-0.003906
3184729,BNO_GYRO_UC,297,-3200,0,-0.636719,1.060547,-0.359375,0.001953,0.000000,-0.003906
3193658,BNO_GYRO_UC,298,-2900,0,-0.697266,1.492188,-0.304688,0.001953,0.000000,-0.003906
3204395,BNO_GYRO_UC,299,-3100,0,-0.720703,1.611328,-0.171875,0.001953,0.000000,-0.003906
3214783,BNO_GYRO_UC,300,-3100,0,-0.546875,1.283203,0.005859,0.001953,0.000000,-0.003906
3224072,BNO_GYRO_UC,301,-2500,0,-0.238281,0.507812,0.138672,0.001953,0.000000,-0.003906
3233734,BNO_GYRO_UC,302,-2900,0,0.042969,-0.683594,0.228516,0.001953,0.000000,-0.003906
3244187,BNO_GYRO_UC,303,-3100,0,0.292969,-2.294922,0.283203,0.001953,0.000000,-0.003906
3253906,BNO_GYRO_UC,304,-3100,0,0.392578,-4.068359,0.306641,0.001953,0.000000,-0.003906
3265017,BNO_GYRO_UC,305,-3400,0,0.167969,-5.750000,0.328125,0.001953,0.000000,-0.003906
3273975,BNO_GYRO_UC,306,-3100,0,-0.718750,-6.953125,0.218750,0.001953,0.000000,-0.003906
3284503,BNO_GYRO_UC,307,-3100,0,-1.373047,-7.828125,0.132812,0.001953,0.000000,-0.003906
3293998,BNO_GYRO_UC,308,-3200,0,-1.878906,-7.710938,0.117188,0.001953,0.000000,-0.003906
3304376,BNO_GYRO_UC,309,-3100,0,-2.359375,-6.980469,-0.068359,0.001953,0.000000,-0.003906
3313815,BNO_GYRO_UC,310,-2700,0,-2.669922,-5.849609,-0.273438,0.001953,0.000000,-0.003906
3324480,BNO_GYRO_UC,311,-3100,0,-2.722656,-4.685547,-0.537109,0.001953,0.000000,-0.003906
3334071,BNO_GYRO_UC,312,-3100,0,-2.107422,-3.830078,-0.599609,0.001953,0.000000,-0.003906
3345147,BNO_GYRO_UC,313,-3400,0,-1.255859,-2.556641,-0.410156,0.001953,0.000000,-0.003906
3354035,BNO_GYRO_UC,314,-3100,0,-0.414062,-1.068359,-0.072266,0.001953,0.000000,-0.003906
3364736,BNO_GYRO_UC,315,-3100,0,0.126953,0.625000,0.255859,0.001953,0.000000,-0.003906
3374186,BNO_GYRO_UC,316,-3100,0,0.564453,2.513672,0.582031,0.001953,0.000000,-0.003906
3384489,BNO_GYRO_UC,317,-2900,0,1.083984,4.451172,0.779297,0.001953,0.000000,-0.003906
3394066,BNO_GYRO_UC,318,-3100,0,1.595703,6.302734,0.851562,0.001953,0.000000,-0.003906
3404735,BNO_GYRO_UC,319,-3100,0,2.021484,8.111328,0.916016,0.001953,0.000000,-0.003906
3414247,BNO_GYRO_UC,320,-3100,0,2.390625,9.451172,0.935547,0.001953,0.000000,-0.003906
3424715,BNO_GYRO_UC,321,-3100,0,2.597656,8.193359,0.902344,0.001953,0.000000,-0.003906
3434168,BNO_GYRO_UC,322,-2900,0,2.281250,6.925781,0.779297,0.001953,0.000000,-0.003906
3444802,BNO_GYRO_UC,323,-3100,0,1.980469,6.806641,0.632812,0.001953,0.000000,-0.003906
3454450,BNO_GYRO_UC,324,-2900,0,1.707031,6.031250,0.630859,0.001953,0.000000,-0.003906
3464654,BNO_GYRO_UC,325,-2900,0,1.324219,4.160156,0.574219,0.001953,0.000000,-0.003906
3474643,BNO_GYRO_UC,326,-3200,0,0.761719,2.160156,0.279297,0.001953,0.000000,-0.003906
3484364,BNO_GYRO_UC,327,-3100,0,0.017578,0.064453,0.060547,0.001953,0.000000,-0.003906
3494536,BNO_GYRO_UC,328,-3100,0,-0.371094,-2.511719,-0.039062,0.001953,0.000000,-0.003906
3504769,BNO_GYRO_UC,329,-2900,0,-0.552734,-5.431641,-0.111328,0.001953,0.000000,-0.003906
3514800,BNO_GYRO_UC,330,-3200,0,-0.914062,-8.468750,-0.062500,0.001953,0.000000,-0.003906
3524320,BNO_GYRO_UC,331,-2900,0,-1.666016,-11.380859,-0.187500,0.001953,0.000000,-0.003906
3534507,BNO_GYRO_UC,332,-3100,0,-2.376953,-11.947266,-0.255859,0.001953,0.000000,-0.003906
3545640,BNO_GYRO_UC,333,-3400,0,-2.949219,-10.298828,-0.169922,0.001953,0.000000,-0.003906
3555106,BNO_GYRO_UC,334,-3200,0,-2.593750,-8.107422,-0.162109,0.001953,0.000000,-0.003906
3564603,BNO_GYRO_UC,335,-3100,0,-1.927734,-5.623047,-0.302734,0.001953,0.000000,-0.003906
3574940,BNO_GYRO_UC,336,-3100,0,-1.289062,-3.330078,-0.345703,0.001953,0.000000,-0.003906
3585038,BNO_GYRO_UC,337,-2700,0,-0.832031,-1.312500,-0.042969,0.001953,0.000000,-0.003906
3595116,BNO_GYRO_UC,338,-3200,0,-0.328125,0.701172,0.275391,0.001953,0.000000,-0.003906
3604680,BNO_GYRO_UC,339,-3100,0,0.513672,2.984375,0.457031,0.001953,0.000000,-0.003906
3614815,BNO_GYRO_UC,340,-3100,0,1.417969,5.531250,0.562500,0.001953,0.000000,-0.003906
3625899,BNO_GYRO_UC,341,-3400,0,2.435547,8.046875,0.558594,0.001953,0.000000,-0.003906
3635162,BNO_GYRO_UC,342,-3200,0,3.154297,10.207031,0.324219,0.001953,0.000000,-0.003906
3644671,BNO_GYRO_UC,343,-2900,0,2.705078,10.953125,0.199219,0.001953,0.000000,-0.003906
3655149,BNO_GYRO_UC,344,-3100,0,1.435547,9.441406,-0.042969,0.001953,0.000000,-0.003906
3665287,BNO_GYRO_UC,345,-2700,0,0.681641,6.847656,-0.437500,0.001953,0.000000,-0.003906
3675382,BNO_GYRO_UC,346,-3200,0,0.365234,4.382812,-0.371094,0.001953,0.000000,-0.003906
3684723,BNO_GYRO_UC,347,-3100,0,-0.529297,1.277344,-0.287109,0.001953,0.000000,-0.003906
3695162,BNO_GYRO_UC,348,-3100,0,-1.435547,-1.730469,-0.408203,0.001953,0.000000,-0.003906
3705368,BNO_GYRO_UC,349,-2900,0,-1.955078,-4.830078,-0.402344,0.001953,0.000000,-0.003906
3715280,BNO_GYRO_UC,350,-3200,0,-2.263672,-8.111328,-0.300781,0.001953,0.000000,-0.003906
3724948,BNO_GYRO_UC,351,-3100,0,-2.302734,-11.041016,-0.353516,0.001953,0.000000,-0.003906
3735409,BNO_GYRO_UC,352,-3100,0,-2.458984,-11.482422,-0.427734,0.001953,0.000000,-0.003906
3745622,BNO_GYRO_UC,353,-2900,0,-2.523438,-9.955078,-0.404297,0.001953,0.000000,-0.003906
3755829,BNO_GYRO_UC,354,-3200,0,-1.955078,-7.531250,-0.248047,0.001953,0.000000,-0.003906
3765025,BNO_GYRO_UC,355,-3100,0,-1.419922,-4.757812,-0.027344,0.001953,0.000000,-0.003906
3775570,BNO_GYRO_UC,356,-3100,0,-0.816406,-2.023438,0.224609,0.001953,0.000000,-0.003906
3785959,BNO_GYRO_UC,357,-2900,0,-0.044922,0.453125,0.429688,0.001953,0.000000,-0.003906
3795479,BNO_GYRO_UC,358,-3200,0,0.712891,2.708984,0.550781,0.001953,0.000000,-0.003906
3805079,BNO_GYRO_UC,359,-2900,0,1.548828,5.201172,0.527344,0.001953,0.000000,-0.003906
3815530,BNO_GYRO_UC,360,-3100,0,2.632812,7.816406,0.349609,0.001953,0.000000,-0.003906
3826030,BNO_GYRO_UC,361,-3100,0,3.490234,10.044922,0.080078,0.001953,0.000000,-0.003906
3836269,BNO_GYRO_UC,362,-3200,0,3.431641,11.152344,-0.160156,0.001953,0.000000,-0.003906
3845413,BNO_GYRO_UC,363,-3100,0,2.363281,9.656250,-0.306641,0.001953,0.000000,-0.003906
3855956,BNO_GYRO_UC,364,-3100,0,1.228516,6.074219,-0.410156,0.001953,0.000000,-0.003906
3866185,BNO_GYRO_UC,365,-3100,0,0.363281,2.546875,-0.414062,0.001953,0.000000,-0.003906
3875666,BNO_GYRO_UC,366,-3100,0,-0.482422,-0.929688,-0.345703,0.001953,0.000000,-0.003906
3885293,BNO_GYRO_UC,367,-3100,0,-0.847656,-4.279297,-0.306641,0.001953,0.000000,-0.003906
3895741,BNO_GYRO_UC,368,-3100,0,-1.089844,-7.542969,-0.234375,0.001953,0.000000,-0.003906
3905898,BNO_GYRO_UC,369,-2700,0,-1.349609,-9.837891,-0.273438,0.001953,0.000000,-0.003906
3916172,BNO_GYRO_UC,370,-3400,0,-1.939453,-9.617188,-0.197266,0.001953,0.000000,-0.003906
3925579,BNO_GYRO_UC,371,-3100,0,-2.023438,-7.691406,-0.021484,0.001953,0.000000,-0.003906
3935412,BNO_GYRO_UC,372,-3100,0,-1.427734,-5.083984,0.148438,0.001953,0.000000,-0.003906
3945914,BNO_GYRO_UC,373,-3200,0,-0.978516,-2.234375,0.367188,0.001953,0.000000,-0.003906
3956159,BNO_GYRO_UC,374,-3200,0,-0.449219,0.433594,0.558594,0.001953,0.000000,-0.003906
3965443,BNO_GYRO_UC,375,-3100,0,0.287109,2.871094,0.646484,0.001953,0.000000,-0.003906
3976007,BNO_GYRO_UC,376,-3100,0,1.189453,5.244141,0.591797,0.001953,0.000000,-0.003906
3986304,BNO_GYRO_UC,377,-2900,0,2.253906,7.605469,0.417969,0.001953,0.000000,-0.003906
3996436,BNO_GYRO_UC,378,-3200,0,2.996094,9.318359,0.240234,0.001953,0.000000,-0.003906
4005843,BNO_GYRO_UC,379,-3100,0,2.585938,9.099609,0.070312,0.001953,0.000000,-0.003906
4015562,BNO_GYRO_UC,380,-3100,0,1.289062,6.466797,-0.089844,0.001953,0.000000,-0.003906
4025988,BNO_GYRO_UC,381,-3400,0,0.316406,3.578125,-0.162109,0.001953,0.000000,-0.003906
4035978,BNO_GYRO_UC,382,-3100,0,-0.076172,0.386719,-0.123047,0.001953,0.000000,-0.003906
4045349,BNO_GYRO_UC,383,-2900,0,-0.373047,-2.492188,-0.121094,0.001953,0.000000,-0.003906
4055818,BNO_GYRO_UC,384,-3100,0,-0.630859,-5.087891,-0.013672,0.001953,0.000000,-0.003906
4066471,BNO_GYRO_UC,385,-3200,0,-0.927734,-7.222656,0.066406,0.001953,0.000000,-0.003906
4076624,BNO_GYRO_UC,386,-3400,0,-1.322266,-8.007812,0.181641,0.001953,0.000000,-0.003906
4085932,BNO_GYRO_UC,387,-3200,0,-1.796875,-7.011719,0.341797,0.001953,0.000000,-0.003906
4096477,BNO_GYRO_UC,388,-3100,0,-1.750000,-4.792969,0.496094,0.001953,0.000000,-0.003906
4106716,BNO_GYRO_UC,389,-2900,0,-1.207031,-2.296875,0.591797,0.001953,0.000000,-0.003906
4116890,BNO_GYRO_UC,390,-3200,0,-0.603516,0.064453,0.656250,0.001953,0.000000,-0.003906
4126204,BNO_GYRO_UC,391,-3100,0,-0.041016,2.025391,0.609375,0.001953,0.000000,-0.003906
4135749,BNO_GYRO_UC,392,-2900,0,0.621094,3.484375,0.312500,0.001953,0.000000,-0.003906
4146025,BNO_GYRO_UC,393,-3200,0,1.337891,4.429688,-0.097656,0.001953,0.000000,-0.003906
4156380,BNO_GYRO_UC,394,-2900,0,1.568359,4.845703,-0.558594,0.001953,0.000000,-0.003906
4165683,BNO_GYRO_UC,395,-2900,0,1.289062,4.271484,-0.992188,0.001953,0.000000,-0.003906
4176451,BNO_GYRO_UC,396,-3100,0,0.839844,2.955078,-1.322266,0.001953,0.000000,-0.003906
4186080,BNO_GYRO_UC,397,-3100,0,0.312500,1.806641,-1.599609,0.001953,0.000000,-0.003906
4197143,BNO_GYRO_UC,398,-3400,0,0.029297,0.919922,-1.732422,0.001953,0.000000,-0.003906
4206051,BNO_GYRO_UC,399,-2900,0,0.050781,0.115234,-1.488281,0.001953,0.000000,-0.003906
4216700,BNO_GYRO_UC,400,-3100,0,0.044922,-0.595703,-1.007812,0.001953,0.000000,-0.003906
4225994,BNO_GYRO_UC,401,-3100,0,0.091797,-1.306641,-0.435547,0.001953,0.000000,-0.003906
4236537,BNO_GYRO_UC,402,-3100,0,0.023438,-2.107422,0.023438,0.001953,0.000000,-0.003906
4245907,BNO_GYRO_UC,403,-2900,0,-0.283203,-2.697266,0.429688,0.001953,0.000000,-0.003906
4256516,BNO_GYRO_UC,404,-3100,0,-0.570312,-2.835938,0.781250,0.001953,0.000000,-0.003906
4266287,BNO_GYRO_UC,405,-3100,0,-0.833984,-2.322266,1.095703,0.001953,0.000000,-0.003906
4277293,BNO_GYRO_UC,406,-3400,0,-0.902344,-1.164062,1.291016,0.001953,0.000000,-0.003906
4286102,BNO_GYRO_UC,407,-2900,0,-0.896484,-0.009766,1.246094,0.001953,0.000000,-0.003906
4296688,BNO_GYRO_UC,408,-3100,0,-0.689453,0.423828,1.083984,0.001953,0.000000,-0.003906
4306249,BNO_GYRO_UC,409,-3100,0,-0.169922,0.197266,0.705078,0.001953,0.000000,-0.003906
4317371,BNO_GYRO_UC,410,-3400,0,0.208984,-0.115234,0.175781,0.001953,0.000000,-0.003906
4326827,BNO_GYRO_UC,411,-3200,0,0.326172,-0.162109,-0.251953,0.001953,0.000000,-0.003906
4336269,BNO_GYRO_UC,412,-3100,0,0.443359,0.091797,-0.482422,0.001953,0.000000,-0.003906
4346489,BNO_GYRO_UC,413,-3100,0,0.603516,0.689453,-0.597656,0.001953,0.000000,-0.003906
4357504,BNO_GYRO_UC,414,-3400,0,0.707031,1.462891,-0.601562,0.001953,0.000000,-0.003906
4366813,BNO_GYRO_UC,415,-3400,0,0.718750,2.287109,-0.484375,0.001953,0.000000,-0.003906
4376377,BNO_GYRO_UC,416,-2900,0,0.843750,3.046875,-0.333984,0.001953,0.000000,-0.003906
4386408,BNO_GYRO_UC,417,-3100,0,0.982422,3.835938,0.013672,0.001953,0.000000,-0.003906
4396714,BNO_GYRO_UC,418,-2900,0,1.121094,4.699219,0.390625,0.001953,0.000000,-0.003906
4406735,BNO_GYRO_UC,419,-3200,0,1.242188,5.556641,0.816406,0.001953,0.000000,-0.003906
4416493,BNO_GYRO_UC,420,-3100,0,1.455078,5.882812,1.169922,0.001953,0.000000,-0.003906
4426866,BNO_GYRO_UC,421,-3100,0,1.058594,5.580078,1.267578,0.001953,0.000000,-0.003906
4436842,BNO_GYRO_UC,422,-2700,0,0.603516,4.044922,1.074219,0.001953,0.000000,-0.003906
4446776,BNO_GYRO_UC,423,-3200,0,-0.208984,1.335938,0.441406,0.001953,0.000000,-0.003906
4456568,BNO_GYRO_UC,424,-3100,0,-1.019531,-1.562500,-0.113281,0.001953,0.000000,-0.003906
4466737,BNO_GYRO_UC,425,-2900,0,-1.455078,-4.238281,-0.572266,0.001953,0.000000,-0.003906
4477708,BNO_GYRO_UC,426,-3400,0,-1.681641,-6.937500,-0.880859,0.001953,0.000000,-0.003906
4487069,BNO_GYRO_UC,427,-3200,0,-1.929688,-9.521484,-1.085938,0.001953,0.000000,-0.003906
4496718,BNO_GYRO_UC,428,-2900,0,-2.412109,-10.431641,-1.236328,0.001953,0.000000,-0.003906
4507022,BNO_GYRO_UC,429,-3100,0,-2.505859,-9.037109,-1.142578,0.001953,0.000000,-0.003906
4517187,BNO_GYRO_UC,430,-2700,0,-1.683594,-6.857422,-0.785156,0.001953,0.000000,-0.003906
4527302,BNO_GYRO_UC,431,-3200,0,-0.667969,-4.013672,-0.326172,0.001953,0.000000,-0.003906
4536778,BNO_GYRO_UC,432,-3100,0,0.074219,-1.236328,0.097656,0.001953,0.000000,-0.003906
4547207,BNO_GYRO_UC,433,-3100,0,0.732422,0.802734,0.302734,0.001953,0.000000,-0.003906
4557175,BNO_GYRO_UC,434,-2700,0,1.107422,2.339844,0.375000,0.001953,0.000000,-0.003906
4567224,BNO_GYRO_UC,435,-3200,0,1.275391,3.757812,0.361328,0.001953,0.000000,-0.003906
4576695,BNO_GYRO_UC,436,-2900,0,1.345703,5.080078,0.242188,0.001953,0.000000,-0.003906
4587256,BNO_GYRO_UC,437,-3100,0,1.238281,5.656250,0.064453,0.001953,0.000000,-0.003906
4597560,BNO_GYRO_UC,438,-2700,0,1.003906,4.812500,-0.173828,0.001953,0.000000,-0.003906
4607583,BNO_GYRO_UC,439,-3200,0,0.490234,2.832031,-0.339844,0.001953,0.000000,-0.003906
4617029,BNO_GYRO_UC,440,-3100,0,-0.103516,0.564453,-0.289062,0.001953,0.000000,-0.003906
4627475,BNO_GYRO_UC,441,-3100,0,-0.546875,-0.978516,-0.125000,0.001953,0.000000,-0.003906
4637580,BNO_GYRO_UC,442,-2500,0,-0.589844,-1.787109,0.087891,0.001953,0.000000,-0.003906
4647744,BNO_GYRO_UC,443,-3200,0,-0.382812,-1.955078,0.310547,0.001953,0.000000,-0.003906
4657134,BNO_GYRO_UC,444,-3100,0,-0.078125,-1.699219,0.466797,0.001953,0.000000,-0.003906
4667611,BNO_GYRO_UC,445,-3100,0,0.240234,-1.330078,0.568359,0.001953,0.000000,-0.003906
4677786,BNO_GYRO_UC,446,-2900,0,0.451172,-0.904297,0.615234,0.001953,0.000000,-0.003906
4687720,BNO_GYRO_UC,447,-3200,0,0.468750,-0.291016,0.566406,0.001953,0.000000,-0.003906
4697160,BNO_GYRO_UC,448,-3100,0,0.318359,0.357422,0.431641,0.001953,0.000000,-0.003906
4707778,BNO_GYRO_UC,449,-3100,0,0.083984,0.810547,0.234375,0.001953,0.000000,-0.003906
4717993,BNO_GYRO_UC,450,-2900,0,-0.283203,1.015625,-0.054688,0.001953,0.000000,-0.003906
4728172,BNO_GYRO_UC,451,-3200,0,-0.742188,0.755859,-0.494141,0.001953,0.000000,-0.003906
4737285,BNO_GYRO_UC,452,-3100,0,-1.267578,-0.132812,-0.962891,0.001953,0.000000,-0.003906
4747680,BNO_GYRO_UC,453,-3100,0,-1.535156,-1.238281,-1.283203,0.001953,0.000000,-0.003906
4757962,BNO_GYRO_UC,454,-2900,0,-1.410156,-2.093750,-1.333984,0.001953,0.000000,-0.003906
4768100,BNO_GYRO_UC,455,-3200,0,-1.064453,-2.316406,-1.060547,0.001953,0.000000,-0.003906
4777160,BNO_GYRO_UC,456,-2900,0,-0.539062,-1.724609,-0.591797,0.001953,0.000000,-0.003906
4787928,BNO_GYRO_UC,457,-3100,0,0.097656,-0.634766,-0.175781,0.001953,0.000000,-0.003906
4798170,BNO_GYRO_UC,458,-2900,0,0.492188,0.382812,0.140625,0.001953,0.000000,-0.003906
4807601,BNO_GYRO_UC,459,-2700,0,0.699219,0.769531,0.310547,0.001953,0.000000,-0.003906
4817290,BNO_GYRO_UC,460,-2900,0,0.701172,0.748047,0.332031,0.001953,0.000000,-0.003906
4827941,BNO_GYRO_UC,461,-3100,0,0.562500,0.562500,0.300781,0.001953,0.000000,-0.003906
4838199,BNO_GYRO_UC,462,-2900,0,0.425781,0.291016,0.275391,0.001953,0.000000,-0.003906
4848353,BNO_GYRO_UC,463,-3400,0,0.308594,0.058594,0.244141,0.001953,0.000000,-0.003906
4857750,BNO_GYRO_UC,464,-3100,0,0.173828,-0.082031,0.199219,0.001953,0.000000,-0.003906
4867364,BNO_GYRO_UC,465,-2900,0,-0.042969,-0.039062,0.134766,0.001953,0.000000,-0.003906
4878798,BNO_GYRO_UC,466,-3800,0,-0.220703,-0.025391,0.044922,0.001953,0.000000,-0.003906
4888092,BNO_GYRO_UC,467,-2900,0,-0.314453,-0.175781,-0.128906,0.001953,0.000000,-0.003906
4897304,BNO_GYRO_UC,468,-2700,0,-0.312500,-0.478516,-0.287109,0.001953,0.000000,-0.003906
4907900,BNO_GYRO_UC,469,-3100,0,-0.125000,-0.640625,-0.302734,0.001953,0.000000,-0.003906
4918068,BNO_GYRO_UC,470,-3400,0,0.400391,-0.169922,-0.140625,0.001953,0.000000,-0.003906
4927853,BNO_GYRO_UC,471,-2700,0,1.023438,0.931641,0.089844,0.001953,0.000000,-0.003906
4937646,BNO_GYRO_UC,472,-3100,0,1.371094,2.242188,0.330078,0.001953,0.000000,-0.003906
4948278,BNO_GYRO_UC,473,-3100,0,1.623047,3.449219,0.566406,0.001953,0.000000,-0.003906
4958471,BNO_GYRO_UC,474,-2700,0,1.738281,4.439453,0.707031,0.001953,0.000000,-0.003906
4968538,BNO_GYRO_UC,475,-3100,0,1.626953,5.021484,0.751953,0.001953,0.000000,-0.003906
4977798,BNO_GYRO_UC,476,-2900,0,1.310547,5.437500,0.738281,0.001953,0.000000,-0.003906
4988154,BNO_GYRO_UC,477,-2900,0,0.783203,5.697266,0.712891,0.001953,0.000000,-0.003906
4998863,BNO_GYRO_UC,478,-3200,0,0.310547,5.593750,0.632812,0.001953,0.000000,-0.003906
5008250,BNO_GYRO_UC,479,-2500,0,-0.017578,5.197266,0.400391,0.001953,0.000000,-0.003906
5017624,BNO_GYRO_UC,480,-2700,0,-0.464844,4.285156,0.005859,0.001953,0.000000,-0.003906
5028209,BNO_GYRO_UC,481,-3100,0,-0.962891,2.339844,-0.435547,0.001953,0.000000,-0.003906
5038833,BNO_GYRO_UC,482,-3200,0,-1.166016,-0.033203,-0.875000,0.001953,0.000000,-0.003906
5049061,BNO_GYRO_UC,483,-3200,0,-0.923828,-2.267578,-1.035156,0.001953,0.000000,-0.003906
5057978,BNO_GYRO_UC,484,-2900,0,-0.408203,-4.291016,-0.759766,0.001953,0.000000,-0.003906
5068489,BNO_GYRO_UC,485,-3100,0,0.054688,-5.500000,-0.337891,0.001953,0.000000,-0.003906
5077954,BNO_GYRO_UC,486,-2900,0,0.410156,-5.636719,0.001953,0.001953,0.000000,-0.003906
5089413,BNO_GYRO_UC,487,-3800,0,0.693359,-5.185547,0.308594,0.001953,0.000000,-0.003906
5098103,BNO_GYRO_UC,488,-3100,0,0.699219,-4.591797,0.490234,0.001953,0.000000,-0.003906
5108448,BNO_GYRO_UC,489,-2900,0,0.494141,-3.619141,0.521484,0.001953,0.000000,-0.003906
5118943,BNO_GYRO_UC,490,-3400,0,0.275391,-2.402344,0.429688,0.001953,0.000000,-0.003906
5128538,BNO_GYRO_UC,491,-2500,0,0.177734,-1.449219,0.283203,0.001953,0.000000,-0.003906
5138109,BNO_GYRO_UC,492,-3100,0,0.095703,-0.804688,0.173828,0.001953,0.000000,-0.003906
5148816,BNO_GYRO_UC,493,-3100,0,-0.105469,-0.083984,0.107422,0.001953,0.000000,-0.003906
5158195,BNO_GYRO_UC,494,-2900,0,-0.380859,0.603516,0.072266,0.001953,0.000000,-0.003906
5169352,BNO_GYRO_UC,495,-3400,0,-0.636719,1.302734,0.048828,0.001953,0.000000,-0.003906
5178250,BNO_GYRO_UC,496,-3100,0,-0.896484,1.964844,0.062500,0.001953,0.000000,-0.003906
5188789,BNO_GYRO_UC,497,-3100,0,-1.009766,2.613281,0.093750,0.001953,0.000000,-0.003906
5198345,BNO_GYRO_UC,498,-3100,0,-0.605469,3.384766,0.121094,0.001953,0.000000,-0.003906
5209376,BNO_GYRO_UC,499,-3400,0,0.181641,4.158203,0.140625,0.001953,0.000000,-0.003906
5218613,BNO_GYRO_UC,500,-3200,0,1.009766,4.494141,0.208984,0.001953,0.000000,-0.003906
5228305,BNO_GYRO_UC,501,-2900,0,1.279297,4.251953,0.304688,0.001953,0.000000,-0.003906
5238314,BNO_GYRO_UC,502,-2900,0,1.035156,3.554688,0.351562,0.001953,0.000000,-0.003906
5249331,BNO_GYRO_UC,503,-3400,0,0.826172,2.802734,0.349609,0.001953,0.000000,-0.003906
5258801,BNO_GYRO_UC,504,-3200,0,0.820312,2.070312,0.316406,0.001953,0.000000,-0.003906
5268418,BNO_GYRO_UC,505,-2900,0,0.949219,1.041016,0.251953,0.001953,0.000000,-0.003906
5278748,BNO_GYRO_UC,506,-3100,0,0.882812,-0.281250,0.085938,0.001953,0.000000,-0.003906
5288992,BNO_GYRO_UC,507,-3100,0,0.560547,-1.574219,-0.128906,0.001953,0.000000,-0.003906
5297924,BNO_GYRO_UC,508,-2500,0,0.054688,-2.603516,-0.316406,0.001953,0.000000,-0.003906
5308907,BNO_GYRO_UC,509,-3100,0,-0.419922,-3.531250,-0.425781,0.001953,0.000000,-0.003906
5318529,BNO_GYRO_UC,510,-3100,0,-0.845703,-4.158203,-0.474609,0.001953,0.000000,-0.003906
5329572,BNO_GYRO_UC,511,-3400,0,-1.248047,-4.132812,-0.464844,0.001953,0.000000,-0.003906
5339040,BNO_GYRO_UC,512,-3200,0,-1.451172,-3.244141,-0.375000,0.001953,0.000000,-0.003906
5348399,BNO_GYRO_UC,513,-2900,0,-1.408203,-1.845703,-0.203125,0.001953,0.000000,-0.003906
5358923,BNO_GYRO_UC,514,-3100,0,-1.316406,-0.287109,-0.078125,0.001953,0.000000,-0.003906
5369017,BNO_GYRO_UC,515,-2700,0,-1.244141,0.992188,-0.064453,0.001953,0.000000,-0.003906
5379214,BNO_GYRO_UC,516,-3200,0,-1.037109,1.531250,-0.203125,0.001953,0.000000,-0.003906
5388658,BNO_GYRO_UC,517,-2900,0,-0.638672,1.349609,-0.417969,0.001953,0.000000,-0.003906
5399168,BNO_GYRO_UC,518,-3200,0,0.074219,0.062500,-0.599609,0.001953,0.000000,-0.003906
5409162,BNO_GYRO_UC,519,-2500,0,0.597656,-2.322266,-0.828125,0.001953,0.000000,-0.003906
5419278,BNO_GYRO_UC,520,-3200,0,0.738281,-5.101562,-0.980469,0.001953,0.000000,-0.003906
5428627,BNO_GYRO_UC,521,-2900,0,0.417969,-7.535156,-1.039062,0.001953,0.000000,-0.003906
5439258,BNO_GYRO_UC,522,-3100,0,-0.089844,-8.939453,-1.070312,0.001953,0.000000,-0.003906
5449182,BNO_GYRO_UC,523,-2700,0,-0.371094,-8.955078,-1.156250,0.001953,0.000000,-0.003906
5459212,BNO_GYRO_UC,524,-3200,0,-0.271484,-8.517578,-1.216797,0.001953,0.000000,-0.003906
5468819,BNO_GYRO_UC,525,-2900,0,-0.195312,-7.720703,-1.140625,0.001953,0.000000,-0.003906
5479509,BNO_GYRO_UC,526,-3100,0,-0.121094,-6.593750,-1.003906,0.001953,0.000000,-0.003906
5489313,BNO_GYRO_UC,527,-2700,0,0.078125,-5.082031,-0.822266,0.001953,0.000000,-0.003906
5499584,BNO_GYRO_UC,528,-3200,0,0.316406,-3.117188,-0.548828,0.001953,0.000000,-0.003906
5508825,BNO_GYRO_UC,529,-2900,0,0.582031,-1.171875,-0.285156,0.001953,0.000000,-0.003906
5519460,BNO_GYRO_UC,530,-3100,0,0.927734,0.712891,-0.076172,0.001953,0.000000,-0.003906
5529706,BNO_GYRO_UC,531,-2900,0,1.238281,2.660156,0.140625,0.001953,0.000000,-0.003906
5539900,BNO_GYRO_UC,532,-3200,0,1.527344,4.644531,0.318359,0.001953,0.000000,-0.003906
5548971,BNO_GYRO_UC,533,-2900,0,1.845703,6.816406,0.486328,0.001953,0.000000,-0.003906
5559481,BNO_GYRO_UC,534,-3100,0,2.019531,9.027344,0.556641,0.001953,0.000000,-0.003906
5569792,BNO_GYRO_UC,535,-2900,0,1.703125,10.470703,0.541016,0.001953,0.000000,-0.003906
5579915,BNO_GYRO_UC,536,-3400,0,1.207031,10.146484,0.335938,0.001953,0.000000,-0.003906
5589124,BNO_GYRO_UC,537,-3100,0,0.906250,7.951172,0.101562,0.001953,0.000000,-0.003906
5599734,BNO_GYRO_UC,538,-3100,0,0.613281,4.378906,0.009766,0.001953,0.000000,-0.003906
5610062,BNO_GYRO_UC,539,-2900,0,0.371094,0.541016,-0.050781,0.001953,0.000000,-0.003906
5620114,BNO_GYRO_UC,540,-3200,0,0.523438,-1.687500,-0.089844,0.001953,0.000000,-0.003906
5629216,BNO_GYRO_UC,541,-2900,0,0.443359,-3.626953,-0.136719,0.001953,0.000000,-0.003906
5639773,BNO_GYRO_UC,542,-3100,0,0.130859,-5.478516,-0.265625,0.001953,0.000000,-0.003906
5650112,BNO_GYRO_UC,543,-3100,0,0.011719,-5.970703,-0.375000,0.001953,0.000000,-0.003906
5660186,BNO_GYRO_UC,544,-3200,0,-0.210938,-4.980469,-0.365234,0.001953,0.000000,-0.003906
5669306,BNO_GYRO_UC,545,-3100,0,-0.437500,-3.343750,-0.292969,0.001953,0.000000,-0.003906
5679848,BNO_GYRO_UC,546,-3100,0,-0.591797,-1.914062,-0.179688,0.001953,0.000000,-0.003906
5690144,BNO_GYRO_UC,547,-3100,0,-0.720703,-0.835938,-0.101562,0.001953,0.000000,-0.003906
5700373,BNO_GYRO_UC,548,-3200,0,-1.035156,-0.144531,-0.007812,0.001953,0.000000,-0.003906
5709323,BNO_GYRO_UC,549,-2900,0,-1.376953,0.318359,0.148438,0.001953,0.000000,-0.003906
5719978,BNO_GYRO_UC,550,-3100,0,-1.400391,0.878906,0.250000,0.001953,0.000000,-0.003906
5730271,BNO_GYRO_UC,551,-2900,0,-0.933594,1.271484,0.228516,0.001953,0.000000,-0.003906
5740338,BNO_GYRO_UC,552,-3200,0,-0.144531,1.076172,0.089844,0.001953,0.000000,-0.003906
5749582,BNO_GYRO_UC,553,-3100,0,0.505859,0.308594,-0.078125,0.001953,0.000000,-0.003906
5760111,BNO_GYRO_UC,554,-3100,0,0.894531,-0.472656,-0.189453,0.001953,0.000000,-0.003906
5770415,BNO_GYRO_UC,555,-3100,0,1.019531,-0.849609,-0.222656,0.001953,0.000000,-0.003906
5780510,BNO_GYRO_UC,556,-3200,0,0.861328,-0.789062,-0.199219,0.001953,0.000000,-0.003906
5789701,BNO_GYRO_UC,557,-3100,0,0.613281,-0.472656,-0.140625,0.001953,0.000000,-0.003906
5800327,BNO_GYRO_UC,558,-3100,0,0.695312,-0.001953,-0.105469,0.001953,0.000000,-0.003906
5810738,BNO_GYRO_UC,559,-3100,0,1.105469,0.714844,-0.064453,0.001953,0.000000,-0.003906
5820058,BNO_GYRO_UC,560,-2700,0,1.240234,1.849609,0.039062,0.001953,0.000000,-0.003906
5829449,BNO_GYRO_UC,561,-2900,0,1.183594,2.859375,0.136719,0.001953,0.000000,-0.003906
5839999,BNO_GYRO_UC,562,-3100,0,1.283203,3.470703,0.156250,0.001953,0.000000,-0.003906
5849870,BNO_GYRO_UC,563,-3200,0,1.482422,3.960938,0.085938,0.001953,0.000000,-0.003906
5860181,BNO_GYRO_UC,564,-2900,0,1.667969,4.464844,0.017578,0.001953,0.000000,-0.003906
5869448,BNO_GYRO_UC,565,-2700,0,1.652344,4.708984,-0.162109,0.001953,0.000000,-0.003906
5879991,BNO_GYRO_UC,566,-3100,0,1.314453,4.261719,-0.416016,0.001953,0.000000,-0.003906
5890115,BNO_GYRO_UC,567,-3200,0,0.640625,2.912109,-0.630859,0.001953,0.000000,-0.003906
5900236,BNO_GYRO_UC,568,-3100,0,-0.193359,1.382812,-0.726562,0.001953,0.000000,-0.003906
5909540,BNO_GYRO_UC,569,-2700,0,-0.429688,0.371094,-0.650391,0.001953,0.000000,-0.003906
5920185,BNO_GYRO_UC,570,-3100,0,-0.314453,0.164062,-0.501953,0.001953,0.000000,-0.003906
5929837,BNO_GYRO_UC,571,-2900,0,-0.292969,0.216797,-0.271484,0.001953,0.000000,-0.003906
5940974,BNO_GYRO_UC,572,-3400,0,-0.113281,0.261719,-0.023438,0.001953,0.000000,-0.003906
5949901,BNO_GYRO_UC,573,-3100,0,0.214844,0.214844,0.205078,0.001953,0.000000,-0.003906
5960366,BNO_GYRO_UC,574,-3100,0,0.175781,0.101562,0.363281,0.001953,0.000000,-0.003906
5969938,BNO_GYRO_UC,575,-2900,0,-0.083984,0.029297,0.429688,0.001953,0.000000,-0.003906
5981062,BNO_GYRO_UC,576,-3400,0,-0.292969,0.093750,0.390625,0.001953,0.000000,-0.003906
5990099,BNO_GYRO_UC,577,-3100,0,-0.585938,0.382812,0.250000,0.001953,0.000000,-0.003906
6000842,BNO_GYRO_UC,578,-3100,0,-1.162109,0.812500,0.078125,0.001953,0.000000,-0.003906
6011131,BNO_GYRO_UC,579,-3100,0,-1.820312,1.167969,-0.111328,0.001953,0.000000,-0.003906
6020520,BNO_GYRO_UC,580,-2500,0,-2.228516,1.478516,-0.351562,0.001953,0.000000,-0.003906
6029914,BNO_GYRO_UC,581,-2900,0,-2.458984,1.832031,-0.580078,0.001953,0.000000,-0.003906
6040533,BNO_GYRO_UC,582,-3100,0,-2.558594,2.169922,-0.695312,0.001953,0.000000,-0.003906
6050269,BNO_GYRO_UC,583,-2900,0,-2.279297,2.330078,-0.662109,0.001953,0.000000,-0.003906
6060577,BNO_GYRO_UC,584,-3100,0,-1.703125,2.251953,-0.464844,0.001953,0.000000,-0.003906
6069944,BNO_GYRO_UC,585,-2700,0,-1.429688,2.189453,-0.246094,0.001953,0.000000,-0.003906
6080652,BNO_GYRO_UC,586,-3100,0,-1.634766,1.927734,-0.105469,0.001953,0.000000,-0.003906
6090450,BNO_GYRO_UC,587,-3100,0,-1.990234,1.343750,-0.085938,0.001953,0.000000,-0.003906
6100793,BNO_GYRO_UC,588,-3100,0,-2.285156,0.689453,-0.128906,0.001953,0.000000,-0.003906
6110178,BNO_GYRO_UC,589,-2900,0,-2.476562,0.044922,-0.205078,0.001953,0.000000,-0.003906
6120836,BNO_GYRO_UC,590,-3100,0,-2.390625,-0.587891,-0.349609,0.001953,0.000000,-0.003906
6130438,BNO_GYRO_UC,591,-3100,0,-2.091797,-1.255859,-0.417969,0.001953,0.000000,-0.003906
6140771,BNO_GYRO_UC,592,-2900,0,-1.966797,-1.777344,-0.472656,0.001953,0.000000,-0.003906
6150837,BNO_GYRO_UC,593,-3200,0,-2.320312,-1.960938,-0.636719,0.001953,0.000000,-0.003906
6160405,BNO_GYRO_UC,594,-2900,0,-2.806641,-2.119141,-0.736328,0.001953,0.000000,-0.003906
6170513,BNO_GYRO_UC,595,-3100,0,-3.468750,-2.517578,-0.777344,0.001953,0.000000,-0.003906
6180744,BNO_GYRO_UC,596,-2900,0,-4.486328,-2.917969,-0.849609,0.001953,0.000000,-0.003906
6190885,BNO_GYRO_UC,597,-3400,0,-5.171875,-3.033203,-0.810547,0.001953,0.000000,-0.003906
6200532,BNO_GYRO_UC,598,-3100,0,-5.261719,-2.894531,-0.677734,0.001953,0.000000,-0.003906
6210723,BNO_GYRO_UC,599,-3100,0,-5.072266,-2.613281,-0.541016,0.001953,0.000000,-0.003906
6221033,BNO_GYRO_UC,600,-2900,0,-4.228516,-1.994141,-0.519531,0.001953,0.000000,-0.003906
6230929,BNO_GYRO_UC,601,-3100,0,-2.814453,-1.509766,-0.572266,0.001953,0.000000,-0.003906
6240574,BNO_GYRO_UC,602,-2900,0,-1.154297,-1.324219,-0.675781,0.001953,0.000000,-0.003906
6250757,BNO_GYRO_UC,603,-3200,0,0.324219,-1.164062,-0.878906,0.001953,0.000000,-0.003906
6261027,BNO_GYRO_UC,604,-3100,0,1.462891,-1.335938,-1.068359,0.001953,0.000000,-0.003906
6271241,BNO_GYRO_UC,605,-3200,0,2.416016,-1.744141,-1.166016,0.001953,0.000000,-0.003906
6280530,BNO_GYRO_UC,606,-2900,0,3.314453,-2.037109,-1.226562,0.001953,0.000000,-0.003906
6291035,BNO_GYRO_UC,607,-3100,0,4.158203,-1.998047,-1.224609,0.001953,0.000000,-0.003906
6300931,BNO_GYRO_UC,608,-2700,0,4.755859,-1.734375,-1.160156,0.001953,0.000000,-0.003906
6311059,BNO_GYRO_UC,609,-3100,0,4.919922,-1.162109,-0.964844,0.001953,0.000000,-0.003906
6320794,BNO_GYRO_UC,610,-2900,0,4.656250,-0.755859,-0.673828,0.001953,0.000000,-0.003906
6331321,BNO_GYRO_UC,611,-3100,0,4.355469,-0.833984,-0.396484,0.001953,0.000000,-0.003906
6341187,BNO_GYRO_UC,612,-2500,0,4.199219,-1.300781,-0.242188,0.001953,0.000000,-0.003906
6351487,BNO_GYRO_UC,613,-3200,0,4.099609,-2.011719,-0.216797,0.001953,0.000000,-0.003906
6360866,BNO_GYRO_UC,614,-2900,0,3.609375,-2.589844,-0.357422,0.001953,0.000000,-0.003906
6371386,BNO_GYRO_UC,615,-3100,0,3.052734,-2.988281,-0.519531,0.001953,0.000000,-0.003906
6381331,BNO_GYRO_UC,616,-2500,0,2.589844,-3.039062,-0.708984,0.001953,0.000000,-0.003906
6391675,BNO_GYRO_UC,617,-3200,0,2.607422,-3.525391,-0.808594,0.001953,0.000000,-0.003906
6400890,BNO_GYRO_UC,618,-3100,0,2.824219,-3.208984,-0.925781,0.001953,0.000000,-0.003906
6411267,BNO_GYRO_UC,619,-3100,0,2.902344,-2.679688,-0.833984,0.001953,0.000000,-0.003906
6421555,BNO_GYRO_UC,620,-3100,0,2.939453,-2.201172,-0.732422,0.001953,0.000000,-0.003906
6431591,BNO_GYRO_UC,621,-3200,0,2.636719,-1.369141,-0.548828,0.001953,0.000000,-0.003906
6441020,BNO_GYRO_UC,622,-2900,0,2.277344,-0.302734,-0.367188,0.001953,0.000000,-0.003906
6451658,BNO_GYRO_UC,623,-3100,0,1.976562,0.703125,-0.179688,0.001953,0.000000,-0.003906
6461934,BNO_GYRO_UC,624,-2900,0,1.712891,1.402344,0.044922,0.001953,0.000000,-0.003906
6471961,BNO_GYRO_UC,625,-3200,0,1.457031,1.738281,0.193359,0.001953,0.000000,-0.003906
6481239,BNO_GYRO_UC,626,-2900,0,0.960938,2.056641,0.351562,0.001953,0.000000,-0.003906
6491823,BNO_GYRO_UC,627,-3100,0,0.298828,2.328125,0.460938,0.001953,0.000000,-0.003906
6502064,BNO_GYRO_UC,628,-2900,0,-0.148438,2.160156,0.380859,0.001953,0.000000,-0.003906
6512313,BNO_GYRO_UC,629,-3200,0,-0.130859,1.632812,0.132812,0.001953,0.000000,-0.003906
6521396,BNO_GYRO_UC,630,-2900,0,0.056641,0.810547,-0.140625,0.001953,0.000000,-0.003906
6531922,BNO_GYRO_UC,631,-3100,0,0.064453,-0.156250,-0.332031,0.001953,0.000000,-0.003906
6542258,BNO_GYRO_UC,632,-3100,0,0.031250,-0.908203,-0.425781,0.001953,0.000000,-0.003906
6552365,BNO_GYRO_UC,633,-3200,0,-0.056641,-1.160156,-0.339844,0.001953,0.000000,-0.003906
6561341,BNO_GYRO_UC,634,-3100,0,-0.107422,-0.800781,-0.181641,0.001953,0.000000,-0.003906
6572032,BNO_GYRO_UC,635,-3100,0,-0.103516,-0.064453,-0.054688,0.001953,0.000000,-0.003906
6582422,BNO_GYRO_UC,636,-3100,0,0.083984,0.587891,0.048828,0.001953,0.000000,-0.003906
6591865,BNO_GYRO_UC,637,-3100,0,0.408203,1.087891,0.105469,0.001953,0.000000,-0.003906
6601376,BNO_GYRO_UC,638,-3100,0,0.550781,1.464844,0.138672,0.001953,0.000000,-0.003906
6612013,BNO_GYRO_UC,639,-3100,0,0.453125,1.775391,0.181641,0.001953,0.000000,-0.003906
6622325,BNO_GYRO_UC,640,-3100,0,0.474609,2.048828,0.134766,0.001953,0.000000,-0.003906
6632529,BNO_GYRO_UC,641,-3200,0,0.669922,2.189453,0.029297,0.001953,0.000000,-0.003906
6641546,BNO_GYRO_UC,642,-3100,0,0.414062,2.271484,-0.027344,0.001953,0.000000,-0.003906
6652261,BNO_GYRO_UC,643,-3100,0,-0.269531,2.439453,-0.074219,0.001953,0.000000,-0.003906
6662665,BNO_GYRO_UC,644,-2900,0,-0.982422,2.384766,-0.175781,0.001953,0.000000,-0.003906
6671906,BNO_GYRO_UC,645,-2900,0,-1.748047,2.031250,-0.107422,0.001953,0.000000,-0.003906
6681506,BNO_GYRO_UC,646,-3100,0,-2.560547,1.531250,-0.005859,0.001953,0.000000,-0.003906
6692118,BNO_GYRO_UC,647,-3100,0,-2.857422,0.958984,0.021484,0.001953,0.000000,-0.003906
6702422,BNO_GYRO_UC,648,-3100,0,-2.439453,0.582031,0.039062,0.001953,0.000000,-0.003906
6712647,BNO_GYRO_UC,649,-3200,0,-1.806641,0.660156,0.109375,0.001953,0.000000,-0.003906
6721972,BNO_GYRO_UC,650,-3100,0,-1.337891,1.031250,0.208984,0.001953,0.000000,-0.003906
6731669,BNO_GYRO_UC,651,-3100,0,-0.679688,1.419922,0.281250,0.001953,0.000000,-0.003906
6743018,BNO_GYRO_UC,652,-3600,0,0.060547,1.746094,0.351562,0.001953,0.000000,-0.003906
6752443,BNO_GYRO_UC,653,-2900,0,0.181641,1.882812,0.494141,0.001953,0.000000,-0.003906
6762029,BNO_GYRO_UC,654,-3100,0,-0.146484,2.060547,0.632812,0.001953,0.000000,-0.003906
6771772,BNO_GYRO_UC,655,-3100,0,-0.646484,2.494141,0.691406,0.001953,0.000000,-0.003906
6783130,BNO_GYRO_UC,656,-3600,0,-1.273438,2.974609,0.660156,0.001953,0.000000,-0.003906
6792524,BNO_GYRO_UC,657,-2900,0,-1.970703,3.394531,0.621094,0.001953,0.000000,-0.003906
6801894,BNO_GYRO_UC,658,-3100,0,-2.814453,4.013672,0.492188,0.001953,0.000000,-0.003906
6812614,BNO_GYRO_UC,659,-3100,0,-3.525391,4.650391,0.269531,0.001953,0.000000,-0.003906
6822497,BNO_GYRO_UC,660,-3200,0,-3.849609,5.087891,-0.187500,0.001953,0.000000,-0.003906
6832260,BNO_GYRO_UC,661,-2700,0,-4.011719,4.902344,-0.714844,0.001953,0.000000,-0.003906
6841938,BNO_GYRO_UC,662,-3100,0,-3.910156,3.750000,-1.017578,0.001953,0.000000,-0.003906
6852601,BNO_GYRO_UC,663,-3100,0,-3.644531,2.060547,-1.083984,0.001953,0.000000,-0.003906
6862018,BNO_GYRO_UC,664,-3100,0,-3.074219,0.718750,-0.998047,0.001953,0.000000,-0.003906
6873080,BNO_GYRO_UC,665,-3400,0,-2.433594,0.019531,-0.839844,0.001953,0.000000,-0.003906
6881981,BNO_GYRO_UC,666,-3100,0,-1.908203,-0.365234,-0.687500,0.001953,0.000000,-0.003906
6892542,BNO_GYRO_UC,667,-3100,0,-1.679688,-0.736328,-0.599609,0.001953,0.000000,-0.003906
6902133,BNO_GYRO_UC,668,-2900,0,-1.810547,-0.970703,-0.566406,0.001953,0.000000,-0.003906
6913265,BNO_GYRO_UC,669,-3400,0,-1.902344,-1.083984,-0.441406,0.001953,0.000000,-0.003906
6922131,BNO_GYRO_UC,670,-3100,0,-1.816406,-1.226562,-0.326172,0.001953,0.000000,-0.003906
6932781,BNO_GYRO_UC,671,-3100,0,-1.800781,-1.376953,-0.330078,0.001953,0.000000,-0.003906
6942209,BNO_GYRO_UC,672,-3100,0,-1.775391,-1.521484,-0.392578,0.001953,0.000000,-0.003906
6953358,BNO_GYRO_UC,673,-3400,0,-1.595703,-1.693359,-0.494141,0.001953,0.000000,-0.003906
6962139,BNO_GYRO_UC,674,-2900,0,-1.369141,-1.939453,-0.623047,0.001953,0.000000,-0.003906
6972728,BNO_GYRO_UC,675,-3100,0,-1.177734,-2.259766,-0.849609,0.001953,0.000000,-0.003906
6982374,BNO_GYRO_UC,676,-2900,0,-0.906250,-2.800781,-1.166016,0.001953,0.000000,-0.003906
6993297,BNO_GYRO_UC,677,-3400,0,-0.613281,-3.597656,-1.476562,0.001953,0.000000,-0.003906
7002656,BNO_GYRO_UC,678,-3200,0,-0.263672,-4.591797,-1.759766,0.001953,0.000000,-0.003906
7012313,BNO_GYRO_UC,679,-2900,0,-0.064453,-5.453125,-2.060547,0.001953,0.000000,-0.003906
7022249,BNO_GYRO_UC,680,-2900,0,-0.021484,-5.992188,-2.332031,0.001953,0.000000,-0.003906
7033416,BNO_GYRO_UC,681,-3400,0,0.091797,-6.087891,-2.533203,0.001953,0.000000,-0.003906
7042700,BNO_GYRO_UC,682,-3100,0,0.187500,-5.978516,-2.640625,0.001953,0.000000,-0.003906
7053249,BNO_GYRO_UC,683,-3100,0,0.419922,-5.787109,-2.669922,0.001953,0.000000,-0.003906
7062331,BNO_GYRO_UC,684,-2900,0,1.021484,-5.798828,-2.625000,0.001953,0.000000,-0.003906
7073355,BNO_GYRO_UC,685,-3400,0,1.550781,-5.511719,-2.529297,0.001953,0.000000,-0.003906
7082286,BNO_GYRO_UC,686,-2700,0,1.673828,-4.689453,-2.230469,0.001953,0.000000,-0.003906
7093213,BNO_GYRO_UC,687,-3100,0,1.855469,-3.763672,-1.792969,0.001953,0.000000,-0.003906
7102517,BNO_GYRO_UC,688,-2900,0,2.158203,-2.574219,-1.500000,0.001953,0.000000,-0.003906
7113518,BNO_GYRO_UC,689,-3600,0,2.419922,-1.152344,-1.271484,0.001953,0.000000,-0.003906
7122831,BNO_GYRO_UC,690,-3100,0,2.414062,0.287109,-0.980469,0.001953,0.000000,-0.003906
7132642,BNO_GYRO_UC,691,-3100,0,2.248047,1.664062,-0.654297,0.001953,0.000000,-0.003906
7142829,BNO_GYRO_UC,692,-3100,0,2.234375,2.763672,-0.363281,0.001953,0.000000,-0.003906
7152961,BNO_GYRO_UC,693,-2500,0,2.220703,3.546875,-0.119141,0.001953,0.000000,-0.003906
7162983,BNO_GYRO_UC,694,-3200,0,2.246094,4.013672,0.058594,0.001953,0.000000,-0.003906
7172536,BNO_GYRO_UC,695,-2900,0,2.556641,3.800781,0.144531,0.001953,0.000000,-0.003906
7183050,BNO_GYRO_UC,696,-3100,0,3.210938,2.724609,0.091797,0.001953,0.000000,-0.003906
7193054,BNO_GYRO_UC,697,-2700,0,4.005859,1.248047,-0.062500,0.001953,0.000000,-0.003906
7203188,BNO_GYRO_UC,698,-3200,0,4.513672,-0.255859,-0.226562,0.001953,0.000000,-0.003906
7212737,BNO_GYRO_UC,699,-2900,0,4.734375,-1.630859,-0.400391,0.001953,0.000000,-0.003906
7223227,BNO_GYRO_UC,700,-3100,0,4.582031,-2.222656,-0.574219,0.001953,0.000000,-0.003906
7233216,BNO_GYRO_UC,701,-2700,0,4.212891,-2.193359,-0.562500,0.001953,0.000000,-0.003906
7243252,BNO_GYRO_UC,702,-3200,0,3.636719,-1.751953,-0.464844,0.001953,0.000000,-0.003906
7252796,BNO_GYRO_UC,703,-3100,0,2.849609,-0.744141,-0.341797,0.001953,0.000000,-0.003906
7263277,BNO_GYRO_UC,704,-3100,0,1.781250,0.785156,-0.101562,0.001953,0.000000,-0.003906
7273512,BNO_GYRO_UC,705,-2900,0,0.673828,2.482422,0.267578,0.001953,0.000000,-0.003906
7283479,BNO_GYRO_UC,706,-3200,0,0.097656,3.957031,0.460938,0.001953,0.000000,-0.003906
7293030,BNO_GYRO_UC,707,-2900,0,-0.041016,5.164062,0.558594,0.001953,0.000000,-0.003906
7303476,BNO_GYRO_UC,708,-2900,0,0.222656,5.912109,0.570312,0.001953,0.000000,-0.003906
7313771,BNO_GYRO_UC,709,-2900,0,0.914062,6.218750,0.398438,0.001953,0.000000,-0.003906
7324172,BNO_GYRO_UC,710,-3200,0,1.552734,6.164062,0.365234,0.001953,0.000000,-0.003906
7333223,BNO_GYRO_UC,711,-2900,0,1.488281,5.537109,0.267578,0.001953,0.000000,-0.003906
7343725,BNO_GYRO_UC,712,-3100,0,0.896484,4.167969,0.076172,0.001953,0.000000,-0.003906
7353587,BNO_GYRO_UC,713,-2500,0,0.304688,2.769531,0.208984,0.001953,0.000000,-0.003906
7363910,BNO_GYRO_UC,714,-3200,0,-0.376953,1.816406,0.265625,0.001953,0.000000,-0.003906
7373147,BNO_GYRO_UC,715,-3100,0,-1.357422,0.972656,0.238281,0.001953,0.000000,-0.003906
7383711,BNO_GYRO_UC,716,-3100,0,-2.400391,0.742188,0.169922,0.001953,0.000000,-0.003906
7393982,BNO_GYRO_UC,717,-3100,0,-3.201172,0.783203,0.062500,0.001953,0.000000,-0.003906
7403884,BNO_GYRO_UC,718,-3200,0,-3.982422,0.890625,-0.162109,0.001953,0.000000,-0.003906
7413244,BNO_GYRO_UC,719,-3100,0,-4.769531,0.949219,-0.494141,0.001953,0.000000,-0.003906
7423870,BNO_GYRO_UC,720,-3100,0,-5.000000,0.867188,-0.804688,0.001953,0.000000,-0.003906
7434233,BNO_GYRO_UC,721,-2900,0,-4.193359,0.777344,-0.947266,0.001953,0.000000,-0.003906
7444276,BNO_GYRO_UC,722,-3200,0,-2.833984,0.525391,-0.908203,0.001953,0.000000,-0.003906
7453770,BNO_GYRO_UC,723,-3100,0,-1.806641,0.210938,-0.695312,0.001953,0.000000,-0.003906
7463250,BNO_GYRO_UC,724,-2900,0,-1.164062,0.015625,-0.416016,0.001953,0.000000,-0.003906
7474379,BNO_GYRO_UC,725,-3600,0,-0.777344,-0.089844,-0.154297,0.001953,0.000000,-0.003906
7484417,BNO_GYRO_UC,726,-3200,0,-0.398438,-0.125000,0.060547,0.001953,0.000000,-0.003906
7493426,BNO_GYRO_UC,727,-3100,0,-0.031250,-0.105469,0.238281,0.001953,0.000000,-0.003906
7503910,BNO_GYRO_UC,728,-3100,0,0.445312,0.091797,0.322266,0.001953,0.000000,-0.003906
7514349,BNO_GYRO_UC,729,-3100,0,0.859375,0.187500,0.324219,0.001953,0.000000,-0.003906
7524557,BNO_GYRO_UC,730,-3200,0,0.726562,0.001953,0.261719,0.001953,0.000000,-0.003906
7533544,BNO_GYRO_UC,731,-3100,0,0.179688,-0.230469,0.087891,0.001953,0.000000,-0.003906
7544134,BNO_GYRO_UC,732,-2900,0,-0.210938,-0.306641,-0.080078,0.001953,0.000000,-0.003906
7554677,BNO_GYRO_UC,733,-3100,0,-0.566406,-0.083984,-0.175781,0.001953,0.000000,-0.003906
7563971,BNO_GYRO_UC,734,-2900,0,-0.927734,0.605469,-0.242188,0.001953,0.000000,-0.003906
7573325,BNO_GYRO_UC,735,-2900,0,-1.183594,1.509766,-0.332031,0.001953,0.000000,-0.003906
7583948,BNO_GYRO_UC,736,-3100,0,-1.382812,2.388672,-0.349609,0.001953,0.000000,-0.003906
7594528,BNO_GYRO_UC,737,-3100,0,-1.291016,3.125000,-0.218750,0.001953,0.000000,-0.003906
7604621,BNO_GYRO_UC,738,-3200,0,-0.941406,3.683594,0.052734,0.001953,0.000000,-0.003906
7614047,BNO_GYRO_UC,739,-3100,0,-0.591797,3.898438,0.371094,0.001953,0.000000,-0.003906
7623682,BNO_GYRO_UC,740,-2900,0,-0.240234,3.773438,0.595703,0.001953,0.000000,-0.003906
7634962,BNO_GYRO_UC,741,-3600,0,-0.123047,3.431641,0.695312,0.001953,0.000000,-0.003906
7644365,BNO_GYRO_UC,742,-2900,0,0.041016,3.015625,0.726562,0.001953,0.000000,-0.003906
7654054,BNO_GYRO_UC,743,-3100,0,0.187500,2.400391,0.736328,0.001953,0.000000,-0.003906
7664553,BNO_GYRO_UC,744,-3100,0,0.117188,1.552734,0.718750,0.001953,0.000000,-0.003906
7675026,BNO_GYRO_UC,745,-3200,0,0.003906,0.421875,0.564453,0.001953,0.000000,-0.003906
7684290,BNO_GYRO_UC,746,-2500,0,0.009766,-1.039062,0.341797,0.001953,0.000000,-0.003906
7693641,BNO_GYRO_UC,747,-2900,0,0.046875,-2.390625,-0.027344,0.001953,0.000000,-0.003906
7704203,BNO_GYRO_UC,748,-2900,0,0.121094,-3.669922,-0.330078,0.001953,0.000000,-0.003906
7713884,BNO_GYRO_UC,749,-2900,0,0.238281,-4.976562,-0.601562,0.001953,0.000000,-0.003906
7725042,BNO_GYRO_UC,750,-3400,0,0.328125,-6.468750,-0.833984,0.001953,0.000000,-0.003906
7734040,BNO_GYRO_UC,751,-3100,0,0.488281,-7.863281,-1.041016,0.001953,0.000000,-0.003906
7744637,BNO_GYRO_UC,752,-3100,0,0.609375,-8.798828,-1.242188,0.001953,0.000000,-0.003906
7754080,BNO_GYRO_UC,753,-3100,0,0.597656,-9.361328,-1.460938,0.001953,0.000000,-0.003906
7764357,BNO_GYRO_UC,754,-3100,0,0.681641,-9.162109,-1.568359,0.001953,0.000000,-0.003906
7773938,BNO_GYRO_UC,755,-2900,0,0.378906,-8.382812,-1.308594,0.001953,0.000000,-0.003906
7784674,BNO_GYRO_UC,756,-3100,0,0.078125,-7.193359,-0.738281,0.001953,0.000000,-0.003906
7794062,BNO_GYRO_UC,757,-3100,0,-0.046875,-5.349609,-0.091797,0.001953,0.000000,-0.003906
7805137,BNO_GYRO_UC,758,-3600,0,-0.183594,-3.158203,0.416016,0.001953,0.000000,-0.003906
7814480,BNO_GYRO_UC,759,-3200,0,-0.123047,-0.662109,0.751953,0.001953,0.000000,-0.003906
7824943,BNO_GYRO_UC,760,-3100,0,0.160156,1.855469,0.910156,0.001953,0.000000,-0.003906
7834138,BNO_GYRO_UC,761,-3100,0,0.599609,4.347656,1.021484,0.001953,0.000000,-0.003906
7845257,BNO_GYRO_UC,762,-3400,0,1.082031,6.808594,1.039062,0.001953,0.000000,-0.003906
7854698,BNO_GYRO_UC,763,-3200,0,1.705078,9.125000,0.994141,0.001953,0.000000,-0.003906
7864258,BNO_GYRO_UC,764,-2900,0,2.179688,11.013672,0.892578,0.001953,0.000000,-0.003906
7875372,BNO_GYRO_UC,765,-3400,0,1.998047,12.107422,0.820312,0.001953,0.000000,-0.003906
7884804,BNO_GYRO_UC,766,-2500,0,1.152344,11.591797,0.562500,0.001953,0.000000,-0.003906
7894329,BNO_GYRO_UC,767,-2900,0,0.263672,8.886719,0.181641,0.001953,0.000000,-0.003906
7904938,BNO_GYRO_UC,768,-3100,0,-0.218750,5.089844,0.062500,0.001953,0.000000,-0.003906
7914400,BNO_GYRO_UC,769,-3100,0,-0.509766,2.066406,0.066406,0.001953,0.000000,-0.003906
7925506,BNO_GYRO_UC,770,-3400,0,-0.373047,-0.437500,0.105469,0.001953,0.000000,-0.003906
7934817,BNO_GYRO_UC,771,-3200,0,-0.335938,-3.085938,0.099609,0.001953,0.000000,-0.003906
7944356,BNO_GYRO_UC,772,-2900,0,-0.554688,-6.136719,-0.472656,0.001953,0.000000,-0.003906
7954869,BNO_GYRO_UC,773,-3100,0,-0.845703,-9.208984,-0.703125,0.001953,0.000000,-0.003906
7965067,BNO_GYRO_UC,774,-3100,0,-0.787109,-12.130859,-0.708984,0.001953,0.000000,-0.003906
7974101,BNO_GYRO_UC,775,-2500,0,-0.597656,-14.210938,-1.138672,0.001953,0.000000,-0.003906
7985168,BNO_GYRO_UC,776,-3100,0,-0.599609,-13.199219,-1.199219,0.001953,0.000000,-0.003906
7994672,BNO_GYRO_UC,777,-3100,0,-0.193359,-9.091797,-0.611328,0.001953,0.000000,-0.003906
8005653,BNO_GYRO_UC,778,-3400,0,0.248047,-5.142578,-0.291016,0.001953,0.000000,-0.003906
8014960,BNO_GYRO_UC,779,-3200,0,0.263672,-1.892578,-0.076172,0.001953,0.000000,-0.003906
8024543,BNO_GYRO_UC,780,-2900,0,0.500000,0.609375,0.062500,0.001953,0.000000,-0.003906
8035013,BNO_GYRO_UC,781,-3100,0,0.736328,2.652344,0.312500,0.001953,0.000000,-0.003906
8044955,BNO_GYRO_UC,782,-2700,0,1.025391,4.537109,0.341797,0.001953,0.000000,-0.003906
8054974,BNO_GYRO_UC,783,-3200,0,1.500000,6.503906,0.269531,0.001953,0.000000,-0.003906
8064713,BNO_GYRO_UC,784,-3100,0,2.136719,8.361328,0.160156,0.001953,0.000000,-0.003906
8075134,BNO_GYRO_UC,785,-3100,0,2.580078,9.751953,0.164062,0.001953,0.000000,-0.003906
8085257,BNO_GYRO_UC,786,-2700,0,2.320312,10.794922,0.183594,0.001953,0.000000,-0.003906
8095481,BNO_GYRO_UC,787,-3200,0,1.683594,10.558594,0.156250,0.001953,0.000000,-0.003906
8104773,BNO_GYRO_UC,788,-3100,0,1.044922,8.650391,0.132812,0.001953,0.000000,-0.003906
8115409,BNO_GYRO_UC,789,-3100,0,0.519531,5.251953,0.121094,0.001953,0.000000,-0.003906
8125375,BNO_GYRO_UC,790,-2500,0,0.326172,2.476562,0.095703,0.001953,0.000000,-0.003906
8135507,BNO_GYRO_UC,791,-3200,0,0.306641,0.654297,0.044922,0.001953,0.000000,-0.003906
8144826,BNO_GYRO_UC,792,-3100,0,0.146484,-1.093750,-0.041016,0.001953,0.000000,-0.003906
8155305,BNO_GYRO_UC,793,-3200,0,-0.103516,-2.884766,-0.101562,0.001953,0.000000,-0.003906
8165717,BNO_GYRO_UC,794,-2900,0,-0.214844,-4.583984,-0.152344,0.001953,0.000000,-0.003906
8175828,BNO_GYRO_UC,795,-3200,0,-0.369141,-6.082031,-0.201172,0.001953,0.000000,-0.003906
8184867,BNO_GYRO_UC,796,-2900,0,-0.546875,-7.251953,-0.250000,0.001953,0.000000,-0.003906
8195405,BNO_GYRO_UC,797,-3100,0,-0.798828,-7.714844,-0.355469,0.001953,0.000000,-0.003906
8205768,BNO_GYRO_UC,798,-2900,0,-0.900391,-7.333984,-0.437500,0.001953,0.000000,-0.003906
8215904,BNO_GYRO_UC,799,-3200,0,-0.800781,-6.103516,-0.453125,0.001953,0.000000,-0.003906
8225030,BNO_GYRO_UC,800,-3100,0,-0.591797,-3.826172,-0.390625,0.001953,0.000000,-0.003906
8235705,BNO_GYRO_UC,801,-3100,0,-0.171875,-0.941406,-0.300781,0.001953,0.000000,-0.003906
8245829,BNO_GYRO_UC,802,-2900,0,0.304688,1.623047,-0.189453,0.001953,0.000000,-0.003906
8256143,BNO_GYRO_UC,803,-3200,0,0.644531,3.738281,-0.042969,0.001953,0.000000,-0.003906
8265170,BNO_GYRO_UC,804,-2900,0,0.933594,5.896484,0.117188,0.001953,0.000000,-0.003906
8275837,BNO_GYRO_UC,805,-3100,0,1.205078,7.937500,0.232422,0.001953,0.000000,-0.003906
8286213,BNO_GYRO_UC,806,-2900,0,1.382812,9.476562,0.318359,0.001953,0.000000,-0.003906
8295701,BNO_GYRO_UC,807,-3200,0,1.222656,9.912109,0.316406,0.001953,0.000000,-0.003906
8305248,BNO_GYRO_UC,808,-3100,0,0.773438,8.578125,0.203125,0.001953,0.000000,-0.003906
8315971,BNO_GYRO_UC,809,-3100,0,0.208984,5.769531,0.039062,0.001953,0.000000,-0.003906
8326227,BNO_GYRO_UC,810,-2900,0,-0.179688,2.955078,-0.142578,0.001953,0.000000,-0.003906
8335729,BNO_GYRO_UC,811,-3100,0,-0.638672,0.398438,-0.345703,0.001953,0.000000,-0.003906
8345351,BNO_GYRO_UC,812,-2900,0,-1.027344,-1.916016,-0.535156,0.001953,0.000000,-0.003906
8355928,BNO_GYRO_UC,813,-3100,0,-1.250000,-4.275391,-0.642578,0.001953,0.000000,-0.003906
8366283,BNO_GYRO_UC,814,-3100,0,-1.144531,-6.623047,-0.628906,0.001953,0.000000,-0.003906
8376369,BNO_GYRO_UC,815,-3200,0,-0.859375,-8.421875,-0.632812,0.001953,0.000000,-0.003906
8385436,BNO_GYRO_UC,816,-3100,0,-0.691406,-9.310547,-0.732422,0.001953,0.000000,-0.003906
8395945,BNO_GYRO_UC,817,-3200,0,-0.658203,-9.169922,-0.732422,0.001953,0.000000,-0.003906
8406249,BNO_GYRO_UC,818,-2900,0,-0.591797,-7.720703,-0.546875,0.001953,0.000000,-0.003906
8416470,BNO_GYRO_UC,819,-3400,0,-0.500000,-5.250000,-0.208984,0.001953,0.000000,-0.003906
8425730,BNO_GYRO_UC,820,-2900,0,-0.179688,-2.304688,0.033203,0.001953,0.000000,-0.003906
8435445,BNO_GYRO_UC,821,-3100,0,0.251953,0.716797,0.208984,0.001953,0.000000,-0.003906
8446625,BNO_GYRO_UC,822,-3600,0,0.501953,3.261719,0.380859,0.001953,0.000000,-0.003906
8456043,BNO_GYRO_UC,823,-2700,0,0.603516,5.529297,0.558594,0.001953,0.000000,-0.003906
8465302,BNO_GYRO_UC,824,-2700,0,0.761719,7.880859,0.681641,0.001953,0.000000,-0.003906
8475710,BNO_GYRO_UC,825,-3200,0,1.169922,10.023438,0.720703,0.001953,0.000000,-0.003906
8486005,BNO_GYRO_UC,826,-3200,0,1.396484,11.349609,0.712891,0.001953,0.000000,-0.003906
8496342,BNO_GYRO_UC,827,-3200,0,1.296875,11.000000,0.634766,0.001953,0.000000,-0.003906
8505214,BNO_GYRO_UC,828,-2500,0,0.556641,9.068359,0.375000,0.001953,0.000000,-0.003906
8515806,BNO_GYRO_UC,829,-3100,0,-0.048828,6.572266,0.066406,0.001953,0.000000,-0.003906
8526016,BNO_GYRO_UC,830,-3200,0,-0.451172,4.041016,-0.109375,0.001953,0.000000,-0.003906
8536217,BNO_GYRO_UC,831,-3100,0,-0.822266,1.708984,-0.316406,0.001953,0.000000,-0.003906
8545470,BNO_GYRO_UC,832,-2700,0,-0.943359,-0.480469,-0.490234,0.001953,0.000000,-0.003906
8556017,BNO_GYRO_UC,833,-3100,0,-0.910156,-2.640625,-0.625000,0.001953,0.000000,-0.003906
8566193,BNO_GYRO_UC,834,-3400,0,-0.750000,-5.031250,-0.623047,0.001953,0.000000,-0.003906
8576350,BNO_GYRO_UC,835,-3200,0,-0.556641,-7.501953,-0.552734,0.001953,0.000000,-0.003906
8585658,BNO_GYRO_UC,836,-2700,0,-0.537109,-9.619141,-0.546875,0.001953,0.000000,-0.003906
8596290,BNO_GYRO_UC,837,-3200,0,-0.617188,-11.154297,-0.654297,0.001953,0.000000,-0.003906
8605991,BNO_GYRO_UC,838,-3100,0,-0.701172,-11.398438,-0.710938,0.001953,0.000000,-0.003906
8616511,BNO_GYRO_UC,839,-3100,0,-0.703125,-10.722656,-0.777344,0.001953,0.000000,-0.003906
8625466,BNO_GYRO_UC,840,-2700,0,-0.558594,-9.056641,-0.708984,0.001953,0.000000,-0.003906
8636179,BNO_GYRO_UC,841,-3100,0,-0.531250,-6.740234,-0.482422,0.001953,0.000000,-0.003906
8645971,BNO_GYRO_UC,842,-3100,0,-0.431641,-4.041016,-0.197266,0.001953,0.000000,-0.003906
8657084,BNO_GYRO_UC,843,-3400,0,-0.298828,-1.826172,0.019531,0.001953,0.000000,-0.003906
8666111,BNO_GYRO_UC,844,-3100,0,-0.365234,-0.167969,0.224609,0.001953,0.000000,-0.003906
8676697,BNO_GYRO_UC,845,-3100,0,-0.330078,1.468750,0.375000,0.001953,0.000000,-0.003906
8686226,BNO_GYRO_UC,846,-3100,0,-0.035156,3.039062,0.376953,0.001953,0.000000,-0.003906
8697234,BNO_GYRO_UC,847,-3400,0,0.382812,4.662109,0.296875,0.001953,0.000000,-0.003906
8706084,BNO_GYRO_UC,848,-2900,0,0.830078,6.445312,0.152344,0.001953,0.000000,-0.003906
8716764,BNO_GYRO_UC,849,-3100,0,1.181641,7.707031,-0.017578,0.001953,0.000000,-0.003906
8726254,BNO_GYRO_UC,850,-3100,0,1.285156,7.886719,-0.125000,0.001953,0.000000,-0.003906
8737408,BNO_GYRO_UC,851,-3400,0,0.947266,6.582031,-0.193359,0.001953,0.000000,-0.003906
8746217,BNO_GYRO_UC,852,-3100,0,0.394531,4.146484,-0.232422,0.001953,0.000000,-0.003906
8756763,BNO_GYRO_UC,853,-3100,0,-0.095703,1.566406,-0.228516,0.001953,0.000000,-0.003906
8766220,BNO_GYRO_UC,854,-3100,0,-0.341797,-0.796875,-0.216797,0.001953,0.000000,-0.003906
8777392,BNO_GYRO_UC,855,-3400,0,-0.402344,-2.824219,-0.187500,0.001953,0.000000,-0.003906
8786676,BNO_GYRO_UC,856,-3100,0,-0.369141,-4.583984,-0.158203,0.001953,0.000000,-0.003906
8796309,BNO_GYRO_UC,857,-3100,0,-0.314453,-5.761719,-0.150391,0.001953,0.000000,-0.003906
8806380,BNO_GYRO_UC,858,-3100,0,-0.251953,-6.205078,-0.150391,0.001953,0.000000,-0.003906
8817514,BNO_GYRO_UC,859,-3400,0,-0.294922,-5.947266,-0.150391,0.001953,0.000000,-0.003906
8826516,BNO_GYRO_UC,860,-2900,0,-0.375000,-5.017578,-0.113281,0.001953,0.000000,-0.003906
8837163,BNO_GYRO_UC,861,-3100,0,-0.490234,-3.582031,-0.011719,0.001953,0.000000,-0.003906
8846567,BNO_GYRO_UC,862,-3100,0,-0.666016,-1.798828,0.138672,0.001953,0.000000,-0.003906
8857001,BNO_GYRO_UC,863,-3100,0,-0.669922,-0.064453,0.216797,0.001953,0.000000,-0.003906
8867158,BNO_GYRO_UC,864,-3200,0,-0.570312,1.347656,0.226562,0.001953,0.000000,-0.003906
8876575,BNO_GYRO_UC,865,-3100,0,-0.482422,2.623047,0.199219,0.001953,0.000000,-0.003906
8886709,BNO_GYRO_UC,866,-3100,0,-0.328125,3.642578,0.107422,0.001953,0.000000,-0.003906
8897028,BNO_GYRO_UC,867,-2900,0,-0.134766,4.148438,-0.048828,0.001953,0.000000,-0.003906
8907206,BNO_GYRO_UC,868,-3200,0,0.144531,3.960938,-0.185547,0.001953,0.000000,-0.003906
8916671,BNO_GYRO_UC,869,-3100,0,0.367188,3.181641,-0.220703,0.001953,0.000000,-0.003906
8927017,BNO_GYRO_UC,870,-3100,0,0.490234,2.363281,-0.164062,0.001953,0.000000,-0.003906
8936997,BNO_GYRO_UC,871,-2500,0,0.722656,1.826172,-0.068359,0.001953,0.000000,-0.003906
8946996,BNO_GYRO_UC,872,-3200,0,0.892578,1.619141,0.068359,0.001953,0.000000,-0.003906
8956665,BNO_GYRO_UC,873,-3100,0,0.857422,1.740234,0.218750,0.001953,0.000000,-0.003906
8967114,BNO_GYRO_UC,874,-3100,0,0.878906,1.970703,0.337891,0.001953,0.000000,-0.003906
8977117,BNO_GYRO_UC,875,-2500,0,0.964844,2.214844,0.429688,0.001953,0.000000,-0.003906
8987332,BNO_GYRO_UC,876,-3200,0,0.902344,2.759766,0.511719,0.001953,0.000000,-0.003906
8996768,BNO_GYRO_UC,877,-3100,0,0.779297,3.851562,0.566406,0.001953,0.000000,-0.003906
9006875,BNO_GYRO_UC,878,-3100,0,0.726562,5.013672,0.595703,0.001953,0.000000,-0.003906
9017402,BNO_GYRO_UC,879,-2900,0,0.740234,5.722656,0.562500,0.001953,0.000000,-0.003906
9027432,BNO_GYRO_UC,880,-3200,0,0.541016,6.162109,0.494141,0.001953,0.000000,-0.003906
9036862,BNO_GYRO_UC,881,-3100,0,0.164062,6.068359,0.255859,0.001953,0.000000,-0.003906
9047544,BNO_GYRO_UC,882,-2900,0,-0.171875,4.636719,0.021484,0.001953,0.000000,-0.003906
9057480,BNO_GYRO_UC,883,-2500,0,-0.531250,2.277344,-0.197266,0.001953,0.000000,-0.003906
9067634,BNO_GYRO_UC,884,-3200,0,-0.708984,-0.070312,-0.357422,0.001953,0.000000,-0.003906
9077079,BNO_GYRO_UC,885,-3100,0,-0.664062,-2.408203,-0.431641,0.001953,0.000000,-0.003906
9087703,BNO_GYRO_UC,886,-3100,0,-0.505859,-5.226562,-0.412109,0.001953,0.000000,-0.003906
9097656,BNO_GYRO_UC,887,-2500,0,-0.263672,-8.714844,-0.251953,0.001953,0.000000,-0.003906
9107702,BNO_GYRO_UC,888,-3400,0,-0.398438,-12.144531,-0.261719,0.001953,0.000000,-0.003906
9117074,BNO_GYRO_UC,889,-3100,0,-0.408203,-14.939453,-0.464844,0.001953,0.000000,-0.003906
9127595,BNO_GYRO_UC,890,-3100,0,-0.720703,-15.568359,-0.666016,0.001953,0.000000,-0.003906
9137948,BNO_GYRO_UC,891,-2900,0,-1.076172,-14.162109,-0.621094,0.001953,0.000000,-0.003906
9148006,BNO_GYRO_UC,892,-3200,0,-1.017578,-10.416016,-0.150391,0.001953,0.000000,-0.003906
9157321,BNO_GYRO_UC,893,-3200,0,-0.644531,-5.515625,0.037109,0.001953,0.000000,-0.003906
9167777,BNO_GYRO_UC,894,-3100,0,-0.371094,-2.060547,0.289062,0.001953,0.000000,-0.003906
9178184,BNO_GYRO_UC,895,-3100,0,-0.253906,0.650391,0.636719,0.001953,0.000000,-0.003906
9188207,BNO_GYRO_UC,896,-3200,0,-0.156250,3.406250,0.845703,0.001953,0.000000,-0.003906
9197251,BNO_GYRO_UC,897,-3100,0,0.066406,5.908203,0.902344,0.001953,0.000000,-0.003906
9207894,BNO_GYRO_UC,898,-3100,0,0.373047,8.287109,0.781250,0.001953,0.000000,-0.003906
9218253,BNO_GYRO_UC,899,-2900,0,0.927734,10.644531,0.544922,0.001953,0.000000,-0.003906
9228372,BNO_GYRO_UC,900,-3400,0,1.480469,12.570312,0.355469,0.001953,0.000000,-0.003906
9237635,BNO_GYRO_UC,901,-3100,0,1.509766,12.478516,0.255859,0.001953,0.000000,-0.003906
9248166,BNO_GYRO_UC,902,-3100,0,0.648438,10.332031,-0.007812,0.001953,0.000000,-0.003906
9258511,BNO_GYRO_UC,903,-3100,0,-0.337891,7.007812,-0.181641,0.001953,0.000000,-0.003906
9267878,BNO_GYRO_UC,904,-3100,0,-0.695312,4.183594,-0.117188,0.001953,0.000000,-0.003906
9277358,BNO_GYRO_UC,905,-2900,0,-0.513672,2.263672,0.076172,0.001953,0.000000,-0.003906
9287920,BNO_GYRO_UC,906,-3100,0,-0.177734,0.730469,0.177734,0.001953,0.000000,-0.003906
9298323,BNO_GYRO_UC,907,-3100,0,-0.171875,-0.583984,0.158203,0.001953,0.000000,-0.003906
9308518,BNO_GYRO_UC,908,-3200,0,-0.091797,-1.824219,0.150391,0.001953,0.000000,-0.003906
9317617,BNO_GYRO_UC,909,-3100,0,0.103516,-2.906250,0.136719,0.001953,0.000000,-0.003906
9328207,BNO_GYRO_UC,910,-3100,0,0.128906,-3.744141,0.033203,0.001953,0.000000,-0.003906
9338611,BNO_GYRO_UC,911,-3100,0,-0.085938,-4.474609,-0.126953,0.001953,0.000000,-0.003906
9348015,BNO_GYRO_UC,912,-2900,0,-0.453125,-5.070312,-0.318359,0.001953,0.000000,-0.003906
9357584,BNO_GYRO_UC,913,-2900,0,-0.835938,-5.505859,-0.541016,0.001953,0.000000,-0.003906
9368278,BNO_GYRO_UC,914,-3100,0,-1.304688,-5.859375,-0.738281,0.001953,0.000000,-0.003906
9378661,BNO_GYRO_UC,915,-3100,0,-1.570312,-6.154297,-0.816406,0.001953,0.000000,-0.003906
9388076,BNO_GYRO_UC,916,-2700,0,-1.513672,-6.181641,-0.775391,0.001953,0.000000,-0.003906
9397693,BNO_GYRO_UC,917,-3100,0,-1.224609,-5.392578,-0.630859,0.001953,0.000000,-0.003906
9408114,BNO_GYRO_UC,918,-3100,0,-0.755859,-4.044922,-0.457031,0.001953,0.000000,-0.003906
9418117,BNO_GYRO_UC,919,-3200,0,-0.281250,-2.691406,-0.339844,0.001953,0.000000,-0.003906
9428247,BNO_GYRO_UC,920,-3100,0,-0.019531,-1.533203,-0.228516,0.001953,0.000000,-0.003906
9437645,BNO_GYRO_UC,921,-2900,0,0.105469,-0.546875,-0.167969,0.001953,0.000000,-0.003906
9448111,BNO_GYRO_UC,922,-3100,0,0.212891,0.101562,-0.148438,0.001953,0.000000,-0.003906
9458131,BNO_GYRO_UC,923,-3200,0,0.361328,0.503906,-0.146484,0.001953,0.000000,-0.003906
9469022,BNO_GYRO_UC,924,-3400,0,0.480469,0.863281,-0.150391,0.001953,0.000000,-0.003906
9477984,BNO_GYRO_UC,925,-3100,0,0.603516,1.224609,-0.158203,0.001953,0.000000,-0.003906
9488574,BNO_GYRO_UC,926,-3100,0,0.798828,1.587891,-0.156250,0.001953,0.000000,-0.003906
9498893,BNO_GYRO_UC,927,-2900,0,1.048828,1.937500,-0.136719,0.001953,0.000000,-0.003906
9509018,BNO_GYRO_UC,928,-3200,0,1.228516,2.271484,-0.093750,0.001953,0.000000,-0.003906
9518099,BNO_GYRO_UC,929,-3100,0,1.341797,2.542969,-0.015625,0.001953,0.000000,-0.003906
9528610,BNO_GYRO_UC,930,-3100,0,1.363281,2.732422,0.083984,0.001953,0.000000,-0.003906
9538072,BNO_GYRO_UC,931,-3100,0,1.158203,2.914062,0.222656,0.001953,0.000000,-0.003906
9549142,BNO_GYRO_UC,932,-3400,0,0.808594,3.060547,0.384766,0.001953,0.000000,-0.003906
9558169,BNO_GYRO_UC,933,-3100,0,0.441406,3.085938,0.507812,0.001953,0.000000,-0.003906
9568108,BNO_GYRO_UC,934,-3100,0,0.177734,3.183594,0.587891,0.001953,0.000000,-0.003906
9579299,BNO_GYRO_UC,935,-3600,0,0.054688,3.324219,0.613281,0.001953,0.000000,-0.003906
9588692,BNO_GYRO_UC,936,-2700,0,-0.072266,3.173828,0.548828,0.001953,0.000000,-0.003906
9597762,BNO_GYRO_UC,937,-2700,0,-0.115234,2.650391,0.496094,0.001953,0.000000,-0.003906
9608497,BNO_GYRO_UC,938,-3100,0,-0.113281,1.902344,0.435547,0.001953,0.000000,-0.003906
9618100,BNO_GYRO_UC,939,-2900,0,-0.078125,1.220703,0.386719,0.001953,0.000000,-0.003906
9629111,BNO_GYRO_UC,940,-3400,0,0.027344,0.732422,0.312500,0.001953,0.000000,-0.003906
9637924,BNO_GYRO_UC,941,-2700,0,0.076172,0.248047,0.220703,0.001953,0.000000,-0.003906
9648633,BNO_GYRO_UC,942,-3100,0,0.111328,-0.437500,0.117188,0.001953,0.000000,-0.003906
9659009,BNO_GYRO_UC,943,-3400,0,0.125000,-1.189453,0.017578,0.001953,0.000000,-0.003906
9669163,BNO_GYRO_UC,944,-3100,0,0.017578,-2.009766,-0.064453,0.001953,0.000000,-0.003906
9678137,BNO_GYRO_UC,945,-2900,0,-0.064453,-2.949219,-0.126953,0.001953,0.000000,-0.003906
9688848,BNO_GYRO_UC,946,-2900,0,-0.097656,-3.812500,-0.160156,0.001953,0.000000,-0.003906
9698425,BNO_GYRO_UC,947,-2900,0,-0.208984,-4.177734,-0.183594,0.001953,0.000000,-0.003906
9709532,BNO_GYRO_UC,948,-3400,0,-0.333984,-3.847656,-0.195312,0.001953,0.000000,-0.003906
9718520,BNO_GYRO_UC,949,-3100,0,-0.427734,-2.822266,-0.164062,0.001953,0.000000,-0.003906
9729152,BNO_GYRO_UC,950,-3100,0,-0.439453,-1.335938,-0.103516,0.001953,0.000000,-0.003906
9738588,BNO_GYRO_UC,951,-2900,0,-0.292969,0.341797,-0.025391,0.001953,0.000000,-0.003906
9748951,BNO_GYRO_UC,952,-3100,0,-0.103516,1.919922,0.066406,0.001953,0.000000,-0.003906
9758357,BNO_GYRO_UC,953,-2900,0,0.072266,3.355469,0.152344,0.001953,0.000000,-0.003906
9769015,BNO_GYRO_UC,954,-3100,0,0.259766,4.748047,0.224609,0.001953,0.000000,-0.003906
9779227,BNO_GYRO_UC,955,-3100,0,0.542969,5.890625,0.261719,0.001953,0.000000,-0.003906
9788951,BNO_GYRO_UC,956,-2300,0,0.783203,6.619141,0.236328,0.001953,0.000000,-0.003906
9799120,BNO_GYRO_UC,957,-3200,0,0.916016,6.513672,0.158203,0.001953,0.000000,-0.003906
9808544,BNO_GYRO_UC,958,-3100,0,0.718750,5.363281,0.068359,0.001953,0.000000,-0.003906
9818675,BNO_GYRO_UC,959,-3100,0,0.246094,3.443359,-0.113281,0.001953,0.000000,-0.003906
9829677,BNO_GYRO_UC,960,-3400,0,-0.019531,1.152344,-0.251953,0.001953,0.000000,-0.003906
9839107,BNO_GYRO_UC,961,-3200,0,-0.146484,-1.222656,-0.371094,0.001953,0.000000,-0.003906
9848688,BNO_GYRO_UC,962,-3100,0,-0.218750,-3.457031,-0.470703,0.001953,0.000000,-0.003906
9858923,BNO_GYRO_UC,963,-3100,0,-0.228516,-5.810547,-0.501953,0.001953,0.000000,-0.003906
9869284,BNO_GYRO_UC,964,-3100,0,-0.277344,-7.972656,-0.517578,0.001953,0.000000,-0.003906
9879426,BNO_GYRO_UC,965,-3400,0,-0.353516,-9.597656,-0.519531,0.001953,0.000000,-0.003906
9888904,BNO_GYRO_UC,966,-3100,0,-0.507812,-10.132812,-0.554688,0.001953,0.000000,-0.003906
9899334,BNO_GYRO_UC,967,-3100,0,-0.740234,-9.169922,-0.490234,0.001953,0.000000,-0.003906
9909283,BNO_GYRO_UC,968,-2700,0,-0.980469,-7.044922,-0.191406,0.001953,0.000000,-0.003906
9919472,BNO_GYRO_UC,969,-3200,0,-0.882812,-4.304688,0.037109,0.001953,0.000000,-0.003906
9928938,BNO_GYRO_UC,970,-2900,0,-0.541016,-1.798828,0.152344,0.001953,0.000000,-0.003906
9939431,BNO_GYRO_UC,971,-3100,0,-0.117188,0.330078,0.259766,0.001953,0.000000,-0.003906
9949491,BNO_GYRO_UC,972,-2700,0,0.117188,2.308594,0.386719,0.001953,0.000000,-0.003906
9959693,BNO_GYRO_UC,973,-3200,0,0.279297,4.369141,0.464844,0.001953,0.000000,-0.003906
9969122,BNO_GYRO_UC,974,-3100,0,0.583984,6.443359,0.423828,0.001953,0.000000,-0.003906
9979470,BNO_GYRO_UC,975,-3100,0,1.111328,8.085938,0.312500,0.001953,0.000000,-0.003906
9989615,BNO_GYRO_UC,976,-2700,0,1.605469,8.751953,0.214844,0.001953,0.000000,-0.003906
9999670,BNO_GYRO_UC,977,-3200,0,1.572266,8.398438,0.107422,0.001953,0.000000,-0.003906
10009151,BNO_GYRO_UC,978,-3100,0,1.095703,7.048828,0.003906,0.001953,0.000000,-0.003906
10019574,BNO_GYRO_UC,979,-3100,0,0.535156,5.107422,-0.019531,0.001953,0.000000,-0.003906
10029870,BNO_GYRO_UC,980,-2900,0,0.250000,3.435547,0.001953,0.001953,0.000000,-0.003906
10039825,BNO_GYRO_UC,981,-3200,0,0.195312,2.027344,0.025391,0.001953,0.000000,-0.003906
10049281,BNO_GYRO_UC,982,-3100,0,0.158203,0.685547,0.050781,0.001953,0.000000,-0.003906
10059678,BNO_GYRO_UC,983,-3100,0,0.066406,-0.564453,0.033203,0.001953,0.000000,-0.003906
10069846,BNO_GYRO_UC,984,-2900,0,0.033203,-1.755859,0.046875,0.001953,0.000000,-0.003906
10080071,BNO_GYRO_UC,985,-3200,0,-0.042969,-2.851562,0.054688,0.001953,0.000000,-0.003906
10089234,BNO_GYRO_UC,986,-2900,0,-0.205078,-3.847656,0.031250,0.001953,0.000000,-0.003906
10099893,BNO_GYRO_UC,987,-3100,0,-0.343750,-4.917969,0.015625,0.001953,0.000000,-0.003906
10110106,BNO_GYRO_UC,988,-2900,0,-0.494141,-5.914062,-0.011719,0.001953,0.000000,-0.003906
10120380,BNO_GYRO_UC,989,-3200,0,-0.644531,-6.798828,-0.017578,0.001953,0.000000,-0.003906
10129413,BNO_GYRO_UC,990,-3100,0,-0.779297,-7.302734,-0.031250,0.001953,0.000000,-0.003906
10140033,BNO_GYRO_UC,991,-3100,0,-0.802734,-7.068359,-0.041016,0.001953,0.000000,-0.003906
10150169,BNO_GYRO_UC,992,-2900,0,-0.839844,-6.119141,-0.021484,0.001953,0.000000,-0.003906
10160366,BNO_GYRO_UC,993,-3200,0,-0.796875,-4.605469,0.019531,0.001953,0.000000,-0.003906
10169491,BNO_GYRO_UC,994,-2900,0,-0.619141,-2.744141,0.060547,0.001953,0.000000,-0.003906
10180139,BNO_GYRO_UC,995,-3100,0,-0.365234,-0.839844,0.068359,0.001953,0.000000,-0.003906
10190521,BNO_GYRO_UC,996,-2900,0,-0.093750,0.871094,0.037109,0.001953,0.000000,-0.003906
10199969,BNO_GYRO_UC,997,-3100,0,0.205078,2.611328,-0.005859,0.001953,0.000000,-0.003906
10209434,BNO_GYRO_UC,998,-2900,0,0.556641,4.392578,-0.074219,0.001953,0.000000,-0.003906
10220089,BNO_GYRO_UC,999,-3100,0,0.828125,6.078125,-0.115234,0.001953,0.000000,-0.003906
10230462,BNO_GYRO_UC,1000,-3100,0,1.087891,7.533203,-0.167969,0.001953,0.000000,-0.003906
10240699,BNO_GYRO_UC,1001,-3200,0,1.199219,8.445312,-0.203125,0.001953,0.000000,-0.003906
10249701,BNO_GYRO_UC,1002,-3100,0,1.048828,8.451172,-0.240234,0.001953,0.000000,-0.003906
10260405,BNO_GYRO_UC,1003,-3100,0,0.904297,7.691406,-0.292969,0.001953,0.000000,-0.003906
10270797,BNO_GYRO_UC,1004,-3100,0,0.656250,6.433594,-0.267578,0.001953,0.000000,-0.003906
10280112,BNO_GYRO_UC,1005,-2900,0,0.435547,4.414062,-0.080078,0.001953,0.000000,-0.003906
10289487,BNO_GYRO_UC,1006,-2700,0,0.087891,1.982422,0.066406,0.001953,0.000000,-0.003906
10300071,BNO_GYRO_UC,1007,-3100,0,0.072266,-0.093750,0.085938,0.001953,0.000000,-0.003906
10309942,BNO_GYRO_UC,1008,-3200,0,0.078125,-1.792969,0.044922,0.001953,0.000000,-0.003906
10320885,BNO_GYRO_UC,1009,-3400,0,-0.052734,-3.673828,0.033203,0.001953,0.000000,-0.003906
10329913,BNO_GYRO_UC,1010,-3100,0,-0.152344,-5.636719,0.011719,0.001953,0.000000,-0.003906
10340494,BNO_GYRO_UC,1011,-3100,0,-0.314453,-7.431641,0.011719,0.001953,0.000000,-0.003906
10350891,BNO_GYRO_UC,1012,-3100,0,-0.458984,-8.802734,-0.050781,0.001953,0.000000,-0.003906
10360237,BNO_GYRO_UC,1013,-2500,0,-0.583984,-9.205078,-0.101562,0.001953,0.000000,-0.003906
10369821,BNO_GYRO_UC,1014,-2900,0,-0.683594,-8.716797,-0.072266,0.001953,0.000000,-0.003906
10380460,BNO_GYRO_UC,1015,-3200,0,-0.906250,-7.505859,0.017578,0.001953,0.000000,-0.003906
10390611,BNO_GYRO_UC,1016,-3400,0,-1.037109,-5.828125,0.144531,0.001953,0.000000,-0.003906
10400900,BNO_GYRO_UC,1017,-3100,0,-0.921875,-3.761719,0.271484,0.001953,0.000000,-0.003906
10409958,BNO_GYRO_UC,1018,-3100,0,-0.681641,-1.183594,0.373047,0.001953,0.000000,-0.003906
10420570,BNO_GYRO_UC,1019,-3100,0,-0.271484,1.449219,0.382812,0.001953,0.000000,-0.003906
10430077,BNO_GYRO_UC,1020,-3100,0,0.279297,4.046875,0.281250,0.001953,0.000000,-0.003906
10441134,BNO_GYRO_UC,1021,-3400,0,0.884766,6.560547,0.136719,0.001953,0.000000,-0.003906
10450102,BNO_GYRO_UC,1022,-3100,0,1.435547,8.517578,0.044922,0.001953,0.000000,-0.003906
10460803,BNO_GYRO_UC,1023,-3100,0,1.662109,9.406250,-0.027344,0.001953,0.000000,-0.003906
10470267,BNO_GYRO_UC,1024,-3100,0,1.234375,9.037109,-0.109375,0.001953,0.000000,-0.003906
10481304,BNO_GYRO_UC,1025,-3600,0,0.525391,7.091797,-0.291016,0.001953,0.000000,-0.003906
10490140,BNO_GYRO_UC,1026,-3100,0,0.099609,4.376953,-0.248047,0.001953,0.000000,-0.003906
10500746,BNO_GYRO_UC,1027,-3100,0,-0.125000,1.972656,-0.142578,0.001953,0.000000,-0.003906
10510231,BNO_GYRO_UC,1028,-3100,0,-0.222656,-0.468750,-0.085938,0.001953,0.000000,-0.003906
10521352,BNO_GYRO_UC,1029,-3600,0,-0.218750,-2.628906,-0.050781,0.001953,0.000000,-0.003906
10530338,BNO_GYRO_UC,1030,-2900,0,-0.234375,-4.642578,-0.093750,0.001953,0.000000,-0.003906
10540894,BNO_GYRO_UC,1031,-3100,0,-0.384766,-6.210938,-0.193359,0.001953,0.000000,-0.003906
10550288,BNO_GYRO_UC,1032,-3100,0,-0.580078,-7.035156,-0.255859,0.001953,0.000000,-0.003906
10561528,BNO_GYRO_UC,1033,-3400,0,-0.753906,-6.798828,-0.253906,0.001953,0.000000,-0.003906
10570335,BNO_GYRO_UC,1034,-3100,0,-0.894531,-5.414062,-0.117188,0.001953,0.000000,-0.003906
10581135,BNO_GYRO_UC,1035,-3100,0,-0.908203,-3.289062,0.113281,0.001953,0.000000,-0.003906
10590511,BNO_GYRO_UC,1036,-3100,0,-0.738281,-1.048828,0.281250,0.001953,0.000000,-0.003906
10601495,BNO_GYRO_UC,1037,-3400,0,-0.439453,0.792969,0.396484,0.001953,0.000000,-0.003906
10610880,BNO_GYRO_UC,1038,-3200,0,-0.046875,2.322266,0.382812,0.001953,0.000000,-0.003906
10620567,BNO_GYRO_UC,1039,-3100,0,0.521484,3.648438,0.246094,0.001953,0.000000,-0.003906
10630451,BNO_GYRO_UC,1040,-2900,0,1.062500,4.482422,0.119141,0.001953,0.000000,-0.003906
10641623,BNO_GYRO_UC,1041,-3400,0,1.265625,4.544922,0.029297,0.001953,0.000000,-0.003906
10650779,BNO_GYRO_UC,1042,-3200,0,1.220703,4.080078,-0.031250,0.001953,0.000000,-0.003906
10660601,BNO_GYRO_UC,1043,-2900,0,1.074219,3.341797,-0.037109,0.001953,0.000000,-0.003906
10670591,BNO_GYRO_UC,1044,-2900,0,0.865234,2.464844,0.001953,0.001953,0.000000,-0.003906
10681639,BNO_GYRO_UC,1045,-3400,0,0.562500,1.570312,0.066406,0.001953,0.000000,-0.003906
10691004,BNO_GYRO_UC,1046,-3200,0,0.277344,0.814453,0.095703,0.001953,0.000000,-0.003906
10700641,BNO_GYRO_UC,1047,-3100,0,0.144531,0.339844,0.095703,0.001953,0.000000,-0.003906
10710891,BNO_GYRO_UC,1048,-3200,0,0.007812,0.220703,0.042969,0.001953,0.000000,-0.003906
10721153,BNO_GYRO_UC,1049,-2700,0,-0.150391,0.345703,-0.019531,0.001953,0.000000,-0.003906
10731254,BNO_GYRO_UC,1050,-3200,0,-0.226562,0.447266,-0.087891,0.001953,0.000000,-0.003906
10740819,BNO_GYRO_UC,1051,-3100,0,-0.339844,0.339844,-0.169922,0.001953,0.000000,-0.003906
10751109,BNO_GYRO_UC,1052,-3100,0,-0.496094,-0.162109,-0.300781,0.001953,0.000000,-0.003906
10761178,BNO_GYRO_UC,1053,-2700,0,-0.634766,-1.210938,-0.443359,0.001953,0.000000,-0.003906
10771436,BNO_GYRO_UC,1054,-3200,0,-0.626953,-2.705078,-0.501953,0.001953,0.000000,-0.003906
10780797,BNO_GYRO_UC,1055,-2900,0,-0.537109,-4.267578,-0.453125,0.001953,0.000000,-0.003906
10791237,BNO_GYRO_UC,1056,-3100,0,-0.386719,-5.527344,-0.361328,0.001953,0.000000,-0.003906
10801374,BNO_GYRO_UC,1057,-2700,0,-0.277344,-6.154297,-0.289062,0.001953,0.000000,-0.003906
10811750,BNO_GYRO_UC,1058,-3200,0,-0.294922,-5.908203,-0.181641,0.001953,0.000000,-0.003906
10820968,BNO_GYRO_UC,1059,-2900,0,-0.375000,-5.025391,-0.062500,0.001953,0.000000,-0.003906
10831482,BNO_GYRO_UC,1060,-3100,0,-0.421875,-3.917969,0.039062,0.001953,0.000000,-0.003906
10841471,BNO_GYRO_UC,1061,-2500,0,-0.376953,-2.669922,0.115234,0.001953,0.000000,-0.003906
10851608,BNO_GYRO_UC,1062,-3200,0,-0.304688,-1.257812,0.173828,0.001953,0.000000,-0.003906
10861095,BNO_GYRO_UC,1063,-3100,0,-0.105469,0.251953,0.197266,0.001953,0.000000,-0.003906
10871487,BNO_GYRO_UC,1064,-3100,0,0.166016,1.798828,0.187500,0.001953,0.000000,-0.003906
10881602,BNO_GYRO_UC,1065,-2500,0,0.441406,3.343750,0.152344,0.001953,0.000000,-0.003906
10891765,BNO_GYRO_UC,1066,-3200,0,0.699219,4.792969,0.093750,0.001953,0.000000,-0.003906
10901104,BNO_GYRO_UC,1067,-3100,0,0.908203,5.900391,0.017578,0.001953,0.000000,-0.003906
10911533,BNO_GYRO_UC,1068,-3100,0,0.908203,6.388672,-0.056641,0.001953,0.000000,-0.003906
10921896,BNO_GYRO_UC,1069,-2900,0,0.812500,6.343750,-0.080078,0.001953,0.000000,-0.003906
10932097,BNO_GYRO_UC,1070,-3200,0,0.619141,5.765625,-0.052734,0.001953,0.000000,-0.003906
10941187,BNO_GYRO_UC,1071,-2900,0,0.228516,4.658203,-0.021484,0.001953,0.000000,-0.003906
10951627,BNO_GYRO_UC,1072,-3100,0,-0.054688,3.263672,0.019531,0.001953,0.000000,-0.003906
10961932,BNO_GYRO_UC,1073,-2900,0,-0.158203,1.744141,0.052734,0.001953,0.000000,-0.003906
10971954,BNO_GYRO_UC,1074,-3200,0,-0.138672,0.126953,0.062500,0.001953,0.000000,-0.003906
10981419,BNO_GYRO_UC,1075,-3100,0,-0.148438,-1.359375,0.019531,0.001953,0.000000,-0.003906
10991902,BNO_GYRO_UC,1076,-2900,0,-0.279297,-2.746094,-0.035156,0.001953,0.000000,-0.003906
11002249,BNO_GYRO_UC,1077,-2700,0,-0.357422,-4.109375,-0.085938,0.001953,0.000000,-0.003906
11011741,BNO_GYRO_UC,1078,-3100,0,-0.335938,-5.125000,-0.156250,0.001953,0.000000,-0.003906
11021394,BNO_GYRO_UC,1079,-2900,0,-0.322266,-5.658203,-0.242188,0.001953,0.000000,-0.003906
11031983,BNO_GYRO_UC,1080,-3100,0,-0.417969,-5.632812,-0.306641,0.001953,0.000000,-0.003906
11042285,BNO_GYRO_UC,1081,-2900,0,-0.523438,-5.044922,-0.289062,0.001953,0.000000,-0.003906
11051890,BNO_GYRO_UC,1082,-3100,0,-0.630859,-3.884766,-0.183594,0.001953,0.000000,-0.003906
11061411,BNO_GYRO_UC,1083,-2900,0,-0.552734,-2.287109,-0.029297,0.001953,0.000000,-0.003906
11071890,BNO_GYRO_UC,1084,-3100,0,-0.210938,-0.339844,0.111328,0.001953,0.000000,-0.003906
11082503,BNO_GYRO_UC,1085,-3100,0,0.175781,1.619141,0.226562,0.001953,0.000000,-0.003906
11091941,BNO_GYRO_UC,1086,-3100,0,0.375000,3.476562,0.324219,0.001953,0.000000,-0.003906
11101619,BNO_GYRO_UC,1087,-2900,0,0.546875,5.105469,0.339844,0.001953,0.000000,-0.003906
11112102,BNO_GYRO_UC,1088,-3100,0,0.843750,6.113281,0.253906,0.001953,0.000000,-0.003906
11122439,BNO_GYRO_UC,1089,-2900,0,0.873047,6.210938,0.121094,0.001953,0.000000,-0.003906
11132669,BNO_GYRO_UC,1090,-3200,0,0.542969,5.388672,-0.001953,0.001953,0.000000,-0.003906
11141722,BNO_GYRO_UC,1091,-3100,0,0.162109,3.832031,-0.105469,0.001953,0.000000,-0.003906
11152158,BNO_GYRO_UC,1092,-3100,0,-0.185547,1.949219,-0.187500,0.001953,0.000000,-0.003906
11162491,BNO_GYRO_UC,1093,-2900,0,-0.244141,0.076172,-0.189453,0.001953,0.000000,-0.003906
11172647,BNO_GYRO_UC,1094,-3200,0,-0.138672,-1.517578,-0.187500,0.001953,0.000000,-0.003906
11181953,BNO_GYRO_UC,1095,-3100,0,-0.115234,-2.851562,-0.162109,0.001953,0.000000,-0.003906
11192603,BNO_GYRO_UC,1096,-3100,0,-0.037109,-3.937500,-0.130859,0.001953,0.000000,-0.003906
11203075,BNO_GYRO_UC,1097,-3100,0,-0.078125,-4.458984,-0.138672,0.001953,0.000000,-0.003906
11212389,BNO_GYRO_UC,1098,-2900,0,-0.263672,-4.351562,-0.113281,0.001953,0.000000,-0.003906
11222022,BNO_GYRO_UC,1099,-2900,0,-0.433594,-3.632812,-0.068359,0.001953,0.000000,-0.003906
11231775,BNO_GYRO_UC,1100,-3100,0,-0.544922,-2.507812,-0.013672,0.001953,0.000000,-0.003906
11243053,BNO_GYRO_UC,1101,-3600,0,-0.541016,-1.146484,0.041016,0.001953,0.000000,-0.003906
11252188,BNO_GYRO_UC,1102,-2700,0,-0.419922,-0.003906,0.085938,0.001953,0.000000,-0.003906
11261946,BNO_GYRO_UC,1103,-2900,0,-0.164062,0.779297,0.132812,0.001953,0.000000,-0.003906
11272663,BNO_GYRO_UC,1104,-3100,0,0.142578,1.300781,0.121094,0.001953,0.000000,-0.003906
11283093,BNO_GYRO_UC,1105,-3100,0,0.421875,1.619141,0.083984,0.001953,0.000000,-0.003906
11292384,BNO_GYRO_UC,1106,-2500,0,0.609375,1.755859,0.060547,0.001953,0.000000,-0.003906
11302026,BNO_GYRO_UC,1107,-3100,0,0.669922,1.646484,0.082031,0.001953,0.000000,-0.003906
11312505,BNO_GYRO_UC,1108,-3100,0,0.669922,1.402344,0.146484,0.001953,0.000000,-0.003906
11322467,BNO_GYRO_UC,1109,-3400,0,0.667969,1.333984,0.205078,0.001953,0.000000,-0.003906
11332562,BNO_GYRO_UC,1110,-3100,0,0.632812,1.464844,0.251953,0.001953,0.000000,-0.003906
11341689,BNO_GYRO_UC,1111,-2700,0,0.539062,1.669922,0.259766,0.001953,0.000000,-0.003906
11352415,BNO_GYRO_UC,1112,-3100,0,0.421875,1.804688,0.232422,0.001953,0.000000,-0.003906
11362191,BNO_GYRO_UC,1113,-2900,0,0.246094,1.871094,0.166016,0.001953,0.000000,-0.003906
11373186,BNO_GYRO_UC,1114,-3400,0,-0.003906,1.734375,0.080078,0.001953,0.000000,-0.003906
11382243,BNO_GYRO_UC,1115,-2900,0,-0.335938,1.203125,-0.048828,0.001953,0.000000,-0.003906
11392994,BNO_GYRO_UC,1116,-3100,0,-0.630859,0.134766,-0.214844,0.001953,0.000000,-0.003906
11403317,BNO_GYRO_UC,1117,-3100,0,-0.833984,-1.359375,-0.371094,0.001953,0.000000,-0.003906
11412765,BNO_GYRO_UC,1118,-2500,0,-0.958984,-3.087891,-0.468750,0.001953,0.000000,-0.003906
11422079,BNO_GYRO_UC,1119,-2700,0,-1.015625,-4.845703,-0.476562,0.001953,0.000000,-0.003906
11432825,BNO_GYRO_UC,1120,-3100,0,-0.966797,-6.279297,-0.396484,0.001953,0.000000,-0.003906
11442407,BNO_GYRO_UC,1121,-3100,0,-0.859375,-7.031250,-0.242188,0.001953,0.000000,-0.003906
11453504,BNO_GYRO_UC,1122,-3400,0,-0.832031,-6.748047,-0.064453,0.001953,0.000000,-0.003906
11462397,BNO_GYRO_UC,1123,-2900,0,-0.781250,-5.658203,0.091797,0.001953,0.000000,-0.003906
11472878,BNO_GYRO_UC,1124,-3100,0,-0.560547,-4.330078,0.160156,0.001953,0.000000,-0.003906
11482458,BNO_GYRO_UC,1125,-3100,0,-0.373047,-3.042969,0.142578,0.001953,0.000000,-0.003906
11493692,BNO_GYRO_UC,1126,-3400,0,-0.205078,-1.580078,0.087891,0.001953,0.000000,-0.003906
11502451,BNO_GYRO_UC,1127,-2900,0,0.091797,0.171875,0.062500,0.001953,0.000000,-0.003906
11513055,BNO_GYRO_UC,1128,-3100,0,0.552734,1.976562,0.019531,0.001953,0.000000,-0.003906
11522563,BNO_GYRO_UC,1129,-3100,0,1.005859,3.785156,-0.058594,0.001953,0.000000,-0.003906
11533735,BNO_GYRO_UC,1130,-3400,0,1.416016,5.652344,-0.130859,0.001953,0.000000,-0.003906
11543060,BNO_GYRO_UC,1131,-3200,0,1.654297,7.357422,-0.183594,0.001953,0.000000,-0.003906
11552609,BNO_GYRO_UC,1132,-2900,0,1.472656,8.683594,-0.171875,0.001953,0.000000,-0.003906
11562723,BNO_GYRO_UC,1133,-2900,0,1.019531,8.923828,-0.230469,0.001953,0.000000,-0.003906
11573857,BNO_GYRO_UC,1134,-3600,0,0.525391,7.929688,-0.273438,0.001953,0.000000,-0.003906
11582702,BNO_GYRO_UC,1135,-2900,0,0.126953,6.140625,-0.240234,0.001953,0.000000,-0.003906
11593359,BNO_GYRO_UC,1136,-3100,0,-0.205078,3.937500,-0.171875,0.001953,0.000000,-0.003906
11602745,BNO_GYRO_UC,1137,-3100,0,-0.400391,1.435547,-0.132812,0.001953,0.000000,-0.003906
11613071,BNO_GYRO_UC,1138,-2900,0,-0.341797,-1.066406,-0.087891,0.001953,0.000000,-0.003906
11623234,BNO_GYRO_UC,1139,-3200,0,-0.277344,-3.431641,-0.056641,0.001953,0.000000,-0.003906
11632731,BNO_GYRO_UC,1140,-2900,0,-0.281250,-5.730469,-0.029297,0.001953,0.000000,-0.003906
11642912,BNO_GYRO_UC,1141,-3100,0,-0.269531,-7.695312,-0.042969,0.001953,0.000000,-0.003906
11653357,BNO_GYRO_UC,1142,-2900,0,-0.375000,-8.814453,-0.105469,0.001953,0.000000,-0.003906
11663505,BNO_GYRO_UC,1143,-3200,0,-0.611328,-8.724609,-0.140625,0.001953,0.000000,-0.003906
11672923,BNO_GYRO_UC,1144,-2900,0,-0.984375,-7.498047,-0.130859,0.001953,0.000000,-0.003906
11683149,BNO_GYRO_UC,1145,-3100,0,-1.246094,-5.257812,-0.027344,0.001953,0.000000,-0.003906
11693362,BNO_GYRO_UC,1146,-2900,0,-0.851562,-2.617188,0.130859,0.001953,0.000000,-0.003906
11703621,BNO_GYRO_UC,1147,-3200,0,-0.191406,0.148438,0.277344,0.001953,0.000000,-0.003906
11713070,BNO_GYRO_UC,1148,-3100,0,0.398438,2.951172,0.349609,0.001953,0.000000,-0.003906
11723372,BNO_GYRO_UC,1149,-3100,0,0.882812,5.585938,0.294922,0.001953,0.000000,-0.003906
11733380,BNO_GYRO_UC,1150,-2500,0,1.248047,7.732422,0.203125,0.001953,0.000000,-0.003906
11743376,BNO_GYRO_UC,1151,-3200,0,1.341797,8.865234,0.095703,0.001953,0.000000,-0.003906
11753036,BNO_GYRO_UC,1152,-3100,0,1.025391,8.558594,-0.078125,0.001953,0.000000,-0.003906
11763536,BNO_GYRO_UC,1153,-3100,0,0.382812,6.904297,-0.195312,0.001953,0.000000,-0.003906
11774020,BNO_GYRO_UC,1154,-3200,0,-0.105469,4.414062,-0.205078,0.001953,0.000000,-0.003906
11783449,BNO_GYRO_UC,1155,-3100,0,-0.435547,1.677734,-0.197266,0.001953,0.000000,-0.003906
11793073,BNO_GYRO_UC,1156,-3100,0,-0.507812,-0.849609,-0.111328,0.001953,0.000000,-0.003906
11803572,BNO_GYRO_UC,1157,-3100,0,-0.369141,-3.205078,-0.042969,0.001953,0.000000,-0.003906
11813591,BNO_GYRO_UC,1158,-2500,0,-0.257812,-5.582031,0.039062,0.001953,0.000000,-0.003906
11823927,BNO_GYRO_UC,1159,-3200,0,-0.308594,-7.548828,0.031250,0.001953,0.000000,-0.003906
11833360,BNO_GYRO_UC,1160,-3100,0,-0.455078,-8.542969,0.029297,0.001953,0.000000,-0.003906
11843834,BNO_GYRO_UC,1161,-3100,0,-0.673828,-8.210938,0.025391,0.001953,0.000000,-0.003906
11854212,BNO_GYRO_UC,1162,-3100,0,-0.955078,-6.517578,0.054688,0.001953,0.000000,-0.003906
11863702,BNO_GYRO_UC,1163,-3200,0,-1.019531,-4.089844,0.113281,0.001953,0.000000,-0.003906
11873333,BNO_GYRO_UC,1164,-2900,0,-0.582031,-1.572266,0.181641,0.001953,0.000000,-0.003906
11883851,BNO_GYRO_UC,1165,-3100,0,0.042969,0.882812,0.242188,0.001953,0.000000,-0.003906
11894116,BNO_GYRO_UC,1166,-2900,0,0.576172,3.292969,0.283203,0.001953,0.000000,-0.003906
11904128,BNO_GYRO_UC,1167,-3200,0,0.994141,5.515625,0.251953,0.001953,0.000000,-0.003906
11913616,BNO_GYRO_UC,1168,-3100,0,1.273438,7.210938,0.179688,0.001953,0.000000,-0.003906
11923407,BNO_GYRO_UC,1169,-2900,0,1.253906,7.867188,0.068359,0.001953,0.000000,-0.003906
11934533,BNO_GYRO_UC,1170,-3400,0,0.861328,7.173828,-0.080078,0.001953,0.000000,-0.003906
11943959,BNO_GYRO_UC,1171,-3200,0,0.386719,5.265625,-0.150391,0.001953,0.000000,-0.003906
11953455,BNO_GYRO_UC,1172,-2900,0,0.009766,2.691406,-0.150391,0.001953,0.000000,-0.003906
11964034,BNO_GYRO_UC,1173,-3100,0,-0.335938,0.023438,-0.138672,0.001953,0.000000,-0.003906
11974472,BNO_GYRO_UC,1174,-3100,0,-0.400391,-2.388672,-0.115234,0.001953,0.000000,-0.003906
11984674,BNO_GYRO_UC,1175,-3200,0,-0.406250,-4.722656,-0.080078,0.001953,0.000000,-0.003906
11993641,BNO_GYRO_UC,1176,-3100,0,-0.472656,-6.746094,-0.089844,0.001953,0.000000,-0.003906
12004227,BNO_GYRO_UC,1177,-3100,0,-0.623047,-7.910156,-0.089844,0.001953,0.000000,-0.003906
12014604,BNO_GYRO_UC,1178,-3100,0,-0.833984,-7.753906,-0.091797,0.001953,0.000000,-0.003906
12024808,BNO_GYRO_UC,1179,-3400,0,-1.037109,-6.183594,-0.080078,0.001953,0.000000,-0.003906
12033721,BNO_GYRO_UC,1180,-3100,0,-1.031250,-3.890625,0.003906,0.001953,0.000000,-0.003906
12044211,BNO_GYRO_UC,1181,-3100,0,-0.642578,-1.542969,0.121094,0.001953,0.000000,-0.003906
12054527,BNO_GYRO_UC,1182,-2700,0,-0.125000,0.673828,0.220703,0.001953,0.000000,-0.003906
12064637,BNO_GYRO_UC,1183,-3400,0,0.412109,2.789062,0.257812,0.001953,0.000000,-0.003906
12073854,BNO_GYRO_UC,1184,-2700,0,0.865234,4.728516,0.238281,0.001953,0.000000,-0.003906
12084637,BNO_GYRO_UC,1185,-3100,0,1.142578,6.158203,0.177734,0.001953,0.000000,-0.003906
12094973,BNO_GYRO_UC,1186,-2900,0,1.136719,6.703125,0.085938,0.001953,0.000000,-0.003906
12104349,BNO_GYRO_UC,1187,-2900,0,0.869141,6.072266,-0.041016,0.001953,0.000000,-0.003906
12113666,BNO_GYRO_UC,1188,-2700,0,0.513672,4.392578,-0.117188,0.001953,0.000000,-0.003906
12124425,BNO_GYRO_UC,1189,-3100,0,0.208984,2.179688,-0.146484,0.001953,0.000000,-0.003906
12134794,BNO_GYRO_UC,1190,-3100,0,-0.138672,-0.019531,-0.160156,0.001953,0.000000,-0.003906
12144928,BNO_GYRO_UC,1191,-3400,0,-0.337891,-1.878906,-0.156250,0.001953,0.000000,-0.003906
12154220,BNO_GYRO_UC,1192,-2900,0,-0.363281,-3.525391,-0.136719,0.001953,0.000000,-0.003906
12164839,BNO_GYRO_UC,1193,-3100,0,-0.433594,-4.773438,-0.109375,0.001953,0.000000,-0.003906
12175259,BNO_GYRO_UC,1194,-3100,0,-0.480469,-5.289062,-0.083984,0.001953,0.000000,-0.003906
12184794,BNO_GYRO_UC,1195,-2900,0,-0.564453,-4.878906,-0.052734,0.001953,0.000000,-0.003906
12194213,BNO_GYRO_UC,1196,-2900,0,-0.619141,-3.646484,-0.003906,0.001953,0.000000,-0.003906
12204791,BNO_GYRO_UC,1197,-3100,0,-0.466797,-1.939453,0.033203,0.001953,0.000000,-0.003906
12215112,BNO_GYRO_UC,1198,-2900,0,-0.232422,-0.074219,0.103516,0.001953,0.000000,-0.003906
12224432,BNO_GYRO_UC,1199,-2500,0,0.101562,1.679688,0.167969,0.001953,0.000000,-0.003906
12233910,BNO_GYRO_UC,1200,-2700,0,0.427734,3.400391,0.203125,0.001953,0.000000,-0.003906
12244482,BNO_GYRO_UC,1201,-3100,0,0.656250,4.933594,0.191406,0.001953,0.000000,-0.003906
12254197,BNO_GYRO_UC,1202,-2900,0,0.785156,5.859375,0.150391,0.001953,0.000000,-0.003906
12265313,BNO_GYRO_UC,1203,-3400,0,0.701172,5.837891,0.072266,0.001953,0.000000,-0.003906
12274254,BNO_GYRO_UC,1204,-3100,0,0.496094,4.810547,0.019531,0.001953,0.000000,-0.003906
12284939,BNO_GYRO_UC,1205,-3100,0,0.355469,3.107422,-0.007812,0.001953,0.000000,-0.003906
12295329,BNO_GYRO_UC,1206,-3100,0,0.101562,1.218750,-0.050781,0.001953,0.000000,-0.003906
12304790,BNO_GYRO_UC,1207,-2300,0,-0.115234,-0.570312,-0.091797,0.001953,0.000000,-0.003906
12314022,BNO_GYRO_UC,1208,-2700,0,-0.187500,-2.121094,-0.105469,0.001953,0.000000,-0.003906
12324628,BNO_GYRO_UC,1209,-3100,0,-0.220703,-3.617188,-0.085938,0.001953,0.000000,-0.003906
12334305,BNO_GYRO_UC,1210,-2900,0,-0.335938,-4.890625,-0.085938,0.001953,0.000000,-0.003906
12345519,BNO_GYRO_UC,1211,-3400,0,-0.449219,-5.701172,-0.109375,0.001953,0.000000,-0.003906
12354546,BNO_GYRO_UC,1212,-3100,0,-0.585938,-5.818359,-0.152344,0.001953,0.000000,-0.003906
12364492,BNO_GYRO_UC,1213,-2900,0,-0.738281,-5.199219,-0.183594,0.001953,0.000000,-0.003906
12375769,BNO_GYRO_UC,1214,-3400,0,-0.781250,-4.017578,-0.166016,0.001953,0.000000,-0.003906
12385231,BNO_GYRO_UC,1215,-2500,0,-0.634766,-2.554688,-0.111328,0.001953,0.000000,-0.003906
12394253,BNO_GYRO_UC,1216,-2700,0,-0.359375,-1.001953,-0.015625,0.001953,0.000000,-0.003906
12404986,BNO_GYRO_UC,1217,-3100,0,-0.093750,0.548828,0.093750,0.001953,0.000000,-0.003906
12414460,BNO_GYRO_UC,1218,-2900,0,0.197266,1.994141,0.169922,0.001953,0.000000,-0.003906
12425723,BNO_GYRO_UC,1219,-3400,0,0.476562,3.343750,0.195312,0.001953,0.000000,-0.003906
12434549,BNO_GYRO_UC,1220,-3100,0,0.636719,4.550781,0.191406,0.001953,0.000000,-0.003906
12445140,BNO_GYRO_UC,1221,-3100,0,0.707031,5.365234,0.123047,0.001953,0.000000,-0.003906
12454770,BNO_GYRO_UC,1222,-3100,0,0.716797,5.447266,0.035156,0.001953,0.000000,-0.003906
12465733,BNO_GYRO_UC,1223,-3400,0,0.570312,4.826172,-0.046875,0.001953,0.000000,-0.003906
12475130,BNO_GYRO_UC,1224,-3200,0,0.429688,3.703125,-0.050781,0.001953,0.000000,-0.003906
12484716,BNO_GYRO_UC,1225,-3100,0,0.226562,2.363281,-0.054688,0.001953,0.000000,-0.003906
12494717,BNO_GYRO_UC,1226,-2900,0,0.029297,0.917969,-0.050781,0.001953,0.000000,-0.003906
12505182,BNO_GYRO_UC,1227,-2900,0,-0.054688,-0.511719,-0.041016,0.001953,0.000000,-0.003906
12514517,BNO_GYRO_UC,1228,-2700,0,-0.123047,-1.785156,-0.052734,0.001953,0.000000,-0.003906
12525407,BNO_GYRO_UC,1229,-3100,0,-0.195312,-3.060547,-0.056641,0.001953,0.000000,-0.003906
12535492,BNO_GYRO_UC,1230,-3100,0,-0.265625,-4.316406,-0.064453,0.001953,0.000000,-0.003906
12545177,BNO_GYRO_UC,1231,-2300,0,-0.332031,-5.208984,-0.089844,0.001953,0.000000,-0.003906
12555188,BNO_GYRO_UC,1232,-3200,0,-0.423828,-5.560547,-0.123047,0.001953,0.000000,-0.003906
12564877,BNO_GYRO_UC,1233,-2900,0,-0.589844,-5.261719,-0.150391,0.001953,0.000000,-0.003906
12575110,BNO_GYRO_UC,1234,-3100,0,-0.750000,-4.353516,-0.160156,0.001953,0.000000,-0.003906
12585283,BNO_GYRO_UC,1235,-2900,0,-0.679688,-3.144531,-0.126953,0.001953,0.000000,-0.003906
12595540,BNO_GYRO_UC,1236,-3200,0,-0.464844,-1.826172,-0.064453,0.001953,0.000000,-0.003906
12604993,BNO_GYRO_UC,1237,-3100,0,-0.242188,-0.472656,0.035156,0.001953,0.000000,-0.003906
12615517,BNO_GYRO_UC,1238,-3100,0,0.050781,0.966797,0.125000,0.001953,0.000000,-0.003906
12625447,BNO_GYRO_UC,1239,-2500,0,0.394531,2.457031,0.171875,0.001953,0.000000,-0.003906
12635617,BNO_GYRO_UC,1240,-3200,0,0.634766,3.886719,0.199219,0.001953,0.000000,-0.003906
12645030,BNO_GYRO_UC,1241,-2900,0,0.751953,5.107422,0.183594,0.001953,0.000000,-0.003906
12655583,BNO_GYRO_UC,1242,-3200,0,0.757812,6.001953,0.128906,0.001953,0.000000,-0.003906
12665926,BNO_GYRO_UC,1243,-2900,0,0.699219,6.255859,0.031250,0.001953,0.000000,-0.003906
12676072,BNO_GYRO_UC,1244,-3200,0,0.511719,5.814453,-0.041016,0.001953,0.000000,-0.003906
12685147,BNO_GYRO_UC,1245,-3100,0,0.316406,4.816406,-0.052734,0.001953,0.000000,-0.003906
12695702,BNO_GYRO_UC,1246,-3100,0,0.128906,3.490234,-0.048828,0.001953,0.000000,-0.003906
12705694,BNO_GYRO_UC,1247,-2500,0,-0.009766,2.119141,-0.044922,0.001953,0.000000,-0.003906
12715805,BNO_GYRO_UC,1248,-3200,0,-0.089844,0.781250,-0.019531,0.001953,0.000000,-0.003906
12725285,BNO_GYRO_UC,1249,-2900,0,-0.099609,-0.441406,0.009766,0.001953,0.000000,-0.003906
12735817,BNO_GYRO_UC,1250,-3100,0,-0.056641,-1.408203,0.029297,0.001953,0.000000,-0.003906
12745836,BNO_GYRO_UC,1251,-2700,0,-0.050781,-2.312500,0.054688,0.001953,0.000000,-0.003906
12756113,BNO_GYRO_UC,1252,-3200,0,-0.015625,-3.222656,0.072266,0.001953,0.000000,-0.003906
12765428,BNO_GYRO_UC,1253,-3100,0,-0.099609,-3.960938,0.033203,0.001953,0.000000,-0.003906
12775972,BNO_GYRO_UC,1254,-3100,0,-0.224609,-4.589844,-0.029297,0.001953,0.000000,-0.003906
12786277,BNO_GYRO_UC,1255,-2900,0,-0.316406,-5.039062,-0.101562,0.001953,0.000000,-0.003906
12795748,BNO_GYRO_UC,1256,-3200,0,-0.423828,-5.156250,-0.158203,0.001953,0.000000,-0.003906
12805374,BNO_GYRO_UC,1257,-2900,0,-0.558594,-4.833984,-0.203125,0.001953,0.000000,-0.003906
12816021,BNO_GYRO_UC,1258,-3100,0,-0.667969,-4.033203,-0.193359,0.001953,0.000000,-0.003906
12826343,BNO_GYRO_UC,1259,-2900,0,-0.630859,-2.982422,-0.128906,0.001953,0.000000,-0.003906
12836545,BNO_GYRO_UC,1260,-3200,0,-0.478516,-1.787109,-0.044922,0.001953,0.000000,-0.003906
12845485,BNO_GYRO_UC,1261,-2900,0,-0.253906,-0.513672,0.042969,0.001953,0.000000,-0.003906
12856102,BNO_GYRO_UC,1262,-3100,0,0.017578,0.751953,0.126953,0.001953,0.000000,-0.003906
12866477,BNO_GYRO_UC,1263,-2900,0,0.298828,2.019531,0.187500,0.001953,0.000000,-0.003906
12876578,BNO_GYRO_UC,1264,-3200,0,0.550781,3.240234,0.216797,0.001953,0.000000,-0.003906
12885528,BNO_GYRO_UC,1265,-2900,0,0.691406,4.330078,0.218750,0.001953,0.000000,-0.003906
12896114,BNO_GYRO_UC,1266,-3100,0,0.736328,5.226562,0.175781,0.001953,0.000000,-0.003906
12906567,BNO_GYRO_UC,1267,-3100,0,0.789062,5.634766,0.109375,0.001953,0.000000,-0.003906
12915941,BNO_GYRO_UC,1268,-2900,0,0.658203,5.396484,0.029297,0.001953,0.000000,-0.003906
12925586,BNO_GYRO_UC,1269,-2900,0,0.388672,4.587891,-0.005859,0.001953,0.000000,-0.003906
12936284,BNO_GYRO_UC,1270,-3100,0,0.277344,3.328125,0.023438,0.001953,0.000000,-0.003906
12946732,BNO_GYRO_UC,1271,-2900,0,0.234375,1.927734,0.093750,0.001953,0.000000,-0.003906
12956965,BNO_GYRO_UC,1272,-3200,0,0.230469,0.617188,0.173828,0.001953,0.000000,-0.003906
12965873,BNO_GYRO_UC,1273,-2900,0,0.250000,-0.455078,-0.005859,0.001953,0.000000,-0.003906
12976474,BNO_GYRO_UC,1274,-3100,0,0.085938,-1.187500,-0.021484,0.001953,0.000000,-0.003906
12986822,BNO_GYRO_UC,1275,-3100,0,-0.103516,-1.773438,-0.111328,0.001953,0.000000,-0.003906
12996212,BNO_GYRO_UC,1276,-2900,0,-0.246094,-2.021484,-0.125000,0.001953,0.000000,-0.003906
13005854,BNO_GYRO_UC,1277,-2900,0,-0.376953,-1.943359,-0.101562,0.001953,0.000000,-0.003906
13016569,BNO_GYRO_UC,1278,-3100,0,-0.500000,-1.734375,-0.080078,0.001953,0.000000,-0.003906
13026876,BNO_GYRO_UC,1279,-2900,0,-0.531250,-1.376953,-0.048828,0.001953,0.000000,-0.003906
13036749,BNO_GYRO_UC,1280,-3100,0,-0.595703,-0.925781,0.033203,0.001953,0.000000,-0.003906
13046040,BNO_GYRO_UC,1281,-2900,0,-0.566406,-0.507812,0.044922,0.001953,0.000000,-0.003906
13056806,BNO_GYRO_UC,1282,-3100,0,-0.595703,-0.289062,0.001953,0.001953,0.000000,-0.003906
13067367,BNO_GYRO_UC,1283,-3100,0,-0.703125,-0.365234,-0.064453,0.001953,0.000000,-0.003906
13076709,BNO_GYRO_UC,1284,-2900,0,-0.669922,-0.765625,-0.015625,0.001953,0.000000,-0.003906
13085860,BNO_GYRO_UC,1285,-2700,0,-0.515625,-1.443359,-0.056641,0.001953,0.000000,-0.003906
13096504,BNO_GYRO_UC,1286,-3100,0,-0.250000,-2.357422,-0.150391,0.001953,0.000000,-0.003906
13106960,BNO_GYRO_UC,1287,-3100,0,-0.054688,-3.187500,-0.187500,0.001953,0.000000,-0.003906
13117241,BNO_GYRO_UC,1288,-3400,0,-0.046875,-3.644531,-0.179688,0.001953,0.000000,-0.003906
13126218,BNO_GYRO_UC,1289,-2900,0,-0.152344,-3.814453,-0.138672,0.001953,0.000000,-0.003906
13136860,BNO_GYRO_UC,1290,-3100,0,-0.265625,-3.681641,-0.099609,0.001953,0.000000,-0.003906
13147270,BNO_GYRO_UC,1291,-3100,0,-0.330078,-3.183594,-0.013672,0.001953,0.000000,-0.003906
13156562,BNO_GYRO_UC,1292,-2700,0,-0.292969,-2.474609,0.083984,0.001953,0.000000,-0.003906
13166123,BNO_GYRO_UC,1293,-2900,0,-0.183594,-1.646484,0.167969,0.001953,0.000000,-0.003906
13176740,BNO_GYRO_UC,1294,-3100,0,0.001953,-0.744141,0.259766,0.001953,0.000000,-0.003906
13186283,BNO_GYRO_UC,1295,-2900,0,0.265625,0.154297,0.355469,0.001953,0.000000,-0.003906
13197407,BNO_GYRO_UC,1296,-3400,0,0.626953,0.935547,0.427734,0.001953,0.000000,-0.003906
13206424,BNO_GYRO_UC,1297,-3100,0,0.900391,1.662109,0.431641,0.001953,0.000000,-0.003906
13217070,BNO_GYRO_UC,1298,-3100,0,0.898438,2.460938,0.429688,0.001953,0.000000,-0.003906
13227672,BNO_GYRO_UC,1299,-3100,0,0.939453,3.152344,0.396484,0.001953,0.000000,-0.003906
13236979,BNO_GYRO_UC,1300,-2500,0,0.937500,3.808594,0.351562,0.001953,0.000000,-0.003906
13245965,BNO_GYRO_UC,1301,-2500,0,0.923828,4.105469,0.304688,0.001953,0.000000,-0.003906
13256790,BNO_GYRO_UC,1302,-3100,0,0.851562,4.105469,0.244141,0.001953,0.000000,-0.003906
13266530,BNO_GYRO_UC,1303,-2900,0,0.755859,3.914062,0.234375,0.001953,0.000000,-0.003906
13277600,BNO_GYRO_UC,1304,-3400,0,0.578125,3.537109,0.255859,0.001953,0.000000,-0.003906
13286514,BNO_GYRO_UC,1305,-2900,0,0.294922,2.896484,0.246094,0.001953,0.000000,-0.003906
13297109,BNO_GYRO_UC,1306,-3100,0,0.037109,2.091797,0.218750,0.001953,0.000000,-0.003906
13306680,BNO_GYRO_UC,1307,-3100,0,-0.062500,1.199219,0.191406,0.001953,0.000000,-0.003906
13316908,BNO_GYRO_UC,1308,-2900,0,-0.126953,0.261719,0.136719,0.001953,0.000000,-0.003906
13326566,BNO_GYRO_UC,1309,-3100,0,-0.246094,-0.638672,0.052734,0.001953,0.000000,-0.003906
13337169,BNO_GYRO_UC,1310,-3100,0,-0.396484,-1.558594,-0.027344,0.001953,0.000000,-0.003906
13346753,BNO_GYRO_UC,1311,-3100,0,-0.517578,-2.640625,-0.123047,0.001953,0.000000,-0.003906
13357787,BNO_GYRO_UC,1312,-3400,0,-0.529297,-3.927734,-0.203125,0.001953,0.000000,-0.003906
13367147,BNO_GYRO_UC,1313,-3200,0,-0.589844,-5.031250,-0.312500,0.001953,0.000000,-0.003906
13376593,BNO_GYRO_UC,1314,-2900,0,-0.671875,-5.736328,-0.390625,0.001953,0.000000,-0.003906
13386955,BNO_GYRO_UC,1315,-3100,0,-0.847656,-5.824219,-0.425781,0.001953,0.000000,-0.003906
13397987,BNO_GYRO_UC,1316,-3400,0,-0.861328,-5.535156,-0.404297,0.001953,0.000000,-0.003906
13407244,BNO_GYRO_UC,1317,-3200,0,-0.800781,-5.013672,-0.333984,0.001953,0.000000,-0.003906
13416790,BNO_GYRO_UC,1318,-3100,0,-0.837891,-4.039062,-0.203125,0.001953,0.000000,-0.003906
13426913,BNO_GYRO_UC,1319,-3100,0,-0.689453,-2.812500,-0.062500,0.001953,0.000000,-0.003906
13437919,BNO_GYRO_UC,1320,-3400,0,-0.476562,-1.642578,0.066406,0.001953,0.000000,-0.003906
13447365,BNO_GYRO_UC,1321,-3200,0,-0.257812,-0.589844,0.185547,0.001953,0.000000,-0.003906
13456896,BNO_GYRO_UC,1322,-2900,0,-0.062500,0.371094,0.304688,0.001953,0.000000,-0.003906
13467381,BNO_GYRO_UC,1323,-3100,0,0.208984,1.255859,0.361328,0.001953,0.000000,-0.003906
13477569,BNO_GYRO_UC,1324,-3100,0,0.488281,2.255859,0.369141,0.001953,0.000000,-0.003906
13486538,BNO_GYRO_UC,1325,-2500,0,0.755859,3.359375,0.332031,0.001953,0.000000,-0.003906
13497602,BNO_GYRO_UC,1326,-3100,0,1.023438,4.406250,0.240234,0.001953,0.000000,-0.003906
13507124,BNO_GYRO_UC,1327,-3100,0,1.144531,5.316406,0.169922,0.001953,0.000000,-0.003906
13517457,BNO_GYRO_UC,1328,-2900,0,1.130859,5.929688,0.121094,0.001953,0.000000,-0.003906
13527670,BNO_GYRO_UC,1329,-3200,0,1.068359,6.107422,0.076172,0.001953,0.000000,-0.003906
13537139,BNO_GYRO_UC,1330,-3100,0,0.904297,5.701172,0.015625,0.001953,0.000000,-0.003906
13547293,BNO_GYRO_UC,1331,-3100,0,0.642578,4.746094,-0.046875,0.001953,0.000000,-0.003906
13557494,BNO_GYRO_UC,1332,-2700,0,0.447266,3.375000,-0.044922,0.001953,0.000000,-0.003906
13567491,BNO_GYRO_UC,1333,-3200,0,0.257812,2.011719,-0.013672,0.001953,0.000000,-0.003906
13577151,BNO_GYRO_UC,1334,-2900,0,0.181641,0.904297,0.029297,0.001953,0.000000,-0.003906
13587608,BNO_GYRO_UC,1335,-3100,0,0.197266,0.134766,0.041016,0.001953,0.000000,-0.003906
13597738,BNO_GYRO_UC,1336,-2700,0,0.162109,-0.468750,0.046875,0.001953,0.000000,-0.003906
13607888,BNO_GYRO_UC,1337,-3200,0,0.136719,-1.056641,0.072266,0.001953,0.000000,-0.003906
13617330,BNO_GYRO_UC,1338,-2900,0,0.121094,-1.568359,0.089844,0.001953,0.000000,-0.003906
13627888,BNO_GYRO_UC,1339,-3100,0,0.029297,-2.013672,0.078125,0.001953,0.000000,-0.003906
13637881,BNO_GYRO_UC,1340,-2500,0,-0.056641,-2.396484,0.041016,0.001953,0.000000,-0.003906
13648023,BNO_GYRO_UC,1341,-3200,0,-0.097656,-2.699219,-0.009766,0.001953,0.000000,-0.003906
13657264,BNO_GYRO_UC,1342,-2900,0,-0.121094,-3.031250,-0.070312,0.001953,0.000000,-0.003906
13667925,BNO_GYRO_UC,1343,-3100,0,-0.228516,-3.376953,-0.134766,0.001953,0.000000,-0.003906
13678129,BNO_GYRO_UC,1344,-2900,0,-0.373047,-3.625000,-0.212891,0.001953,0.000000,-0.003906
13688166,BNO_GYRO_UC,1345,-3200,0,-0.466797,-3.568359,-0.275391,0.001953,0.000000,-0.003906
13697518,BNO_GYRO_UC,1346,-3100,0,-0.466797,-3.183594,-0.310547,0.001953,0.000000,-0.003906
13708000,BNO_GYRO_UC,1347,-3100,0,-0.476562,-2.783203,-0.283203,0.001953,0.000000,-0.003906
13718279,BNO_GYRO_UC,1348,-3100,0,-0.509766,-2.369141,-0.240234,0.001953,0.000000,-0.003906
13728244,BNO_GYRO_UC,1349,-3200,0,-0.513672,-2.099609,-0.191406,0.001953,0.000000,-0.003906
13737693,BNO_GYRO_UC,1350,-3100,0,-0.453125,-1.875000,-0.148438,0.001953,0.000000,-0.003906
13748218,BNO_GYRO_UC,1351,-2900,0,-0.273438,-1.511719,-0.117188,0.001953,0.000000,-0.003906
13758568,BNO_GYRO_UC,1352,-3100,0,-0.070312,-0.898438,-0.064453,0.001953,0.000000,-0.003906
13768037,BNO_GYRO_UC,1353,-3100,0,0.089844,-0.152344,0.007812,0.001953,0.000000,-0.003906
13777601,BNO_GYRO_UC,1354,-2900,0,0.226562,0.623047,0.070312,0.001953,0.000000,-0.003906
13788324,BNO_GYRO_UC,1355,-3100,0,0.412109,1.417969,0.121094,0.001953,0.000000,-0.003906
13798695,BNO_GYRO_UC,1356,-2900,0,0.550781,2.291016,0.166016,0.001953,0.000000,-0.003906
13808855,BNO_GYRO_UC,1357,-3200,0,0.642578,3.214844,0.191406,0.001953,0.000000,-0.003906
13817694,BNO_GYRO_UC,1358,-3100,0,0.775391,4.162109,0.162109,0.001953,0.000000,-0.003906
13828227,BNO_GYRO_UC,1359,-2900,0,0.863281,5.068359,0.130859,0.001953,0.000000,-0.003906
13838530,BNO_GYRO_UC,1360,-2900,0,0.929688,5.830078,0.078125,0.001953,0.000000,-0.003906
13848835,BNO_GYRO_UC,1361,-3200,0,0.882812,6.300781,0.035156,0.001953,0.000000,-0.003906
13857977,BNO_GYRO_UC,1362,-3100,0,0.712891,6.222656,0.000000,0.001953,0.000000,-0.003906
13868425,BNO_GYRO_UC,1363,-2900,0,0.554688,5.646484,-0.015625,0.001953,0.000000,-0.003906
13878894,BNO_GYRO_UC,1364,-2900,0,0.582031,4.728516,-0.003906,0.001953,0.000000,-0.003906
13888343,BNO_GYRO_UC,1365,-2900,0,0.513672,3.376953,0.056641,0.001953,0.000000,-0.003906
13897844,BNO_GYRO_UC,1366,-2900,0,0.302734,2.250000,0.056641,0.001953,0.000000,-0.003906
13908275,BNO_GYRO_UC,1367,-3100,0,0.134766,1.259766,0.050781,0.001953,0.000000,-0.003906
13918680,BNO_GYRO_UC,1368,-2900,0,-0.021484,0.224609,0.021484,0.001953,0.000000,-0.003906
13928781,BNO_GYRO_UC,1369,-3400,0,-0.140625,-0.730469,-0.033203,0.001953,0.000000,-0.003906
13938076,BNO_GYRO_UC,1370,-3100,0,-0.253906,-1.845703,-0.095703,0.001953,0.000000,-0.003906
13948742,BNO_GYRO_UC,1371,-3100,0,-0.277344,-3.314453,-0.076172,0.001953,0.000000,-0.003906
13959112,BNO_GYRO_UC,1372,-3100,0,-0.345703,-5.060547,-0.064453,0.001953,0.000000,-0.003906
13968495,BNO_GYRO_UC,1373,-2700,0,-0.591797,-6.849609,-0.132812,0.001953,0.000000,-0.003906
13978249,BNO_GYRO_UC,1374,-2900,0,-0.806641,-8.353516,-0.214844,0.001953,0.000000,-0.003906
13988907,BNO_GYRO_UC,1375,-3100,0,-1.097656,-9.212891,-0.312500,0.001953,0.000000,-0.003906
13999536,BNO_GYRO_UC,1376,-3200,0,-1.556641,-8.972656,-0.386719,0.001953,0.000000,-0.003906
14008926,BNO_GYRO_UC,1377,-3100,0,-1.753906,-7.837891,-0.416016,0.001953,0.000000,-0.003906
14018422,BNO_GYRO_UC,1378,-3100,0,-1.628906,-6.015625,-0.271484,0.001953,0.000000,-0.003906
14029012,BNO_GYRO_UC,1379,-3100,0,-1.271484,-4.027344,-0.136719,0.001953,0.000000,-0.003906
14039399,BNO_GYRO_UC,1380,-2900,0,-0.839844,-2.009766,-0.005859,0.001953,0.000000,-0.003906
14048680,BNO_GYRO_UC,1381,-2500,0,-0.394531,-0.085938,0.121094,0.001953,0.000000,-0.003906
14058093,BNO_GYRO_UC,1382,-2900,0,0.070312,1.748047,0.214844,0.001953,0.000000,-0.003906
14068796,BNO_GYRO_UC,1383,-3100,0,0.513672,3.558594,0.294922,0.001953,0.000000,-0.003906
14078382,BNO_GYRO_UC,1384,-3100,0,0.972656,5.339844,0.318359,0.001953,0.000000,-0.003906
14089472,BNO_GYRO_UC,1385,-3400,0,1.546875,7.126953,0.281250,0.001953,0.000000,-0.003906
14098420,BNO_GYRO_UC,1386,-2900,0,2.005859,8.716797,0.171875,0.001953,0.000000,-0.003906
14108995,BNO_GYRO_UC,1387,-3200,0,1.923828,9.929688,0.054688,0.001953,0.000000,-0.003906
14119505,BNO_GYRO_UC,1388,-3100,0,1.416016,10.097656,-0.085938,0.001953,0.000000,-0.003906
14128993,BNO_GYRO_UC,1389,-2700,0,0.863281,8.853516,-0.205078,0.001953,0.000000,-0.003906
14138165,BNO_GYRO_UC,1390,-2700,0,0.505859,6.570312,-0.191406,0.001953,0.000000,-0.003906
14148803,BNO_GYRO_UC,1391,-2900,0,0.263672,3.904297,-0.166016,0.001953,0.000000,-0.003906
14158567,BNO_GYRO_UC,1392,-3100,0,0.003906,1.218750,-0.126953,0.001953,0.000000,-0.003906
14169634,BNO_GYRO_UC,1393,-3200,0,-0.183594,-1.011719,-0.111328,0.001953,0.000000,-0.003906
14178487,BNO_GYRO_UC,1394,-3100,0,-0.337891,-2.980469,-0.126953,0.001953,0.000000,-0.003906
14188904,BNO_GYRO_UC,1395,-2900,0,-0.339844,-4.867188,-0.115234,0.001953,0.000000,-0.003906
14198516,BNO_GYRO_UC,1396,-3100,0,-0.281250,-6.578125,-0.107422,0.001953,0.000000,-0.003906
14209592,BNO_GYRO_UC,1397,-3400,0,-0.474609,-7.900391,-0.193359,0.001953,0.000000,-0.003906
14218425,BNO_GYRO_UC,1398,-2700,0,-0.703125,-8.232422,-0.246094,0.001953,0.000000,-0.003906
14229113,BNO_GYRO_UC,1399,-3100,0,-0.957031,-7.302734,-0.294922,0.001953,0.000000,-0.003906
14238905,BNO_GYRO_UC,1400,-3100,0,-1.115234,-5.484375,-0.287109,0.001953,0.000000,-0.003906
14249236,BNO_GYRO_UC,1401,-3100,0,-0.945312,-3.162109,-0.134766,0.001953,0.000000,-0.003906
14258256,BNO_GYRO_UC,1402,-2500,0,-0.570312,-1.029297,0.042969,0.001953,0.000000,-0.003906
14269213,BNO_GYRO_UC,1403,-3100,0,-0.212891,0.904297,0.187500,0.001953,0.000000,-0.003906
14278744,BNO_GYRO_UC,1404,-2900,0,0.158203,2.806641,0.273438,0.001953,0.000000,-0.003906
14289951,BNO_GYRO_UC,1405,-3400,0,0.634766,4.607422,0.242188,0.001953,0.000000,-0.003906
14298793,BNO_GYRO_UC,1406,-3100,0,1.158203,6.101562,0.125000,0.001953,0.000000,-0.003906
14309499,BNO_GYRO_UC,1407,-3100,0,1.400391,6.736328,-0.013672,0.001953,0.000000,-0.003906
14318874,BNO_GYRO_UC,1408,-2900,0,1.226562,6.273438,-0.087891,0.001953,0.000000,-0.003906
14329168,BNO_GYRO_UC,1409,-2900,0,0.751953,4.761719,-0.085938,0.001953,0.000000,-0.003906
14339530,BNO_GYRO_UC,1410,-3200,0,0.238281,2.714844,-0.007812,0.001953,0.000000,-0.003906
14348881,BNO_GYRO_UC,1411,-3100,0,0.078125,0.931641,0.185547,0.001953,0.000000,-0.003906
14359125,BNO_GYRO_UC,1412,-3100,0,0.222656,-0.238281,0.330078,0.001953,0.000000,-0.003906
14369419,BNO_GYRO_UC,1413,-2900,0,0.322266,-0.859375,0.388672,0.001953,0.000000,-0.003906
14379663,BNO_GYRO_UC,1414,-3400,0,0.246094,-1.355469,0.373047,0.001953,0.000000,-0.003906
14389002,BNO_GYRO_UC,1415,-3100,0,0.083984,-1.832031,0.333984,0.001953,0.000000,-0.003906
14399205,BNO_GYRO_UC,1416,-3100,0,-0.031250,-2.238281,0.314453,0.001953,0.000000,-0.003906
14409499,BNO_GYRO_UC,1417,-3100,0,-0.208984,-2.539062,0.261719,0.001953,0.000000,-0.003906
14419535,BNO_GYRO_UC,1418,-3100,0,-0.392578,-2.771484,0.160156,0.001953,0.000000,-0.003906
14429073,BNO_GYRO_UC,1419,-2900,0,-0.517578,-3.027344,0.017578,0.001953,0.000000,-0.003906
14439300,BNO_GYRO_UC,1420,-3100,0,-0.601562,-3.316406,-0.136719,0.001953,0.000000,-0.003906
14449712,BNO_GYRO_UC,1421,-3100,0,-0.708984,-3.519531,-0.302734,0.001953,0.000000,-0.003906
14459827,BNO_GYRO_UC,1422,-3200,0,-0.839844,-3.527344,-0.445312,0.001953,0.000000,-0.003906
14469222,BNO_GYRO_UC,1423,-3100,0,-0.847656,-3.357422,-0.529297,0.001953,0.000000,-0.003906
14479713,BNO_GYRO_UC,1424,-3100,0,-0.681641,-2.945312,-0.537109,0.001953,0.000000,-0.003906
14489770,BNO_GYRO_UC,1425,-2500,0,-0.439453,-2.361328,-0.445312,0.001953,0.000000,-0.003906
14500060,BNO_GYRO_UC,1426,-3200,0,-0.183594,-1.531250,-0.289062,0.001953,0.000000,-0.003906
14509334,BNO_GYRO_UC,1427,-2900,0,-0.109375,-0.751953,-0.107422,0.001953,0.000000,-0.003906
14519906,BNO_GYRO_UC,1428,-3100,0,0.029297,0.000000,0.029297,0.001953,0.000000,-0.003906
14529882,BNO_GYRO_UC,1429,-2500,0,0.234375,0.738281,0.117188,0.001953,0.000000,-0.003906
14540097,BNO_GYRO_UC,1430,-3200,0,0.347656,1.523438,0.197266,0.001953,0.000000,-0.003906
14549484,BNO_GYRO_UC,1431,-2900,0,0.466797,2.308594,0.230469,0.001953,0.000000,-0.003906
14559966,BNO_GYRO_UC,1432,-3100,0,0.712891,3.111328,0.228516,0.001953,0.000000,-0.003906
14569996,BNO_GYRO_UC,1433,-2700,0,0.869141,3.988281,0.205078,0.001953,0.000000,-0.003906
14580160,BNO_GYRO_UC,1434,-3200,0,0.873047,4.816406,0.173828,0.001953,0.000000,-0.003906
14589612,BNO_GYRO_UC,1435,-3100,0,0.753906,5.388672,0.115234,0.001953,0.000000,-0.003906
14600006,BNO_GYRO_UC,1436,-3100,0,0.585938,5.572266,0.083984,0.001953,0.000000,-0.003906
14610433,BNO_GYRO_UC,1437,-2900,0,0.324219,5.113281,0.066406,0.001953,0.000000,-0.003906
14620571,BNO_GYRO_UC,1438,-3200,0,0.089844,4.048828,0.052734,0.001953,0.000000,-0.003906
14629607,BNO_GYRO_UC,1439,-3100,0,-0.048828,2.705078,0.015625,0.001953,0.000000,-0.003906
14640148,BNO_GYRO_UC,1440,-3100,0,-0.179688,1.224609,-0.025391,0.001953,0.000000,-0.003906
14650436,BNO_GYRO_UC,1441,-3100,0,-0.294922,-0.287109,-0.058594,0.001953,0.000000,-0.003906
14660476,BNO_GYRO_UC,1442,-3200,0,-0.345703,-1.722656,-0.101562,0.001953,0.000000,-0.003906
14669820,BNO_GYRO_UC,1443,-2900,0,-0.369141,-3.376953,-0.080078,0.001953,0.000000,-0.003906
14680335,BNO_GYRO_UC,1444,-3100,0,-0.291016,-4.964844,-0.027344,0.001953,0.000000,-0.003906
14690501,BNO_GYRO_UC,1445,-2900,0,-0.224609,-6.261719,0.001953,0.001953,0.000000,-0.003906
14700707,BNO_GYRO_UC,1446,-3200,0,-0.296875,-6.998047,-0.027344,0.001953,0.000000,-0.003906
14709706,BNO_GYRO_UC,1447,-2900,0,-0.523438,-6.785156,-0.072266,0.001953,0.000000,-0.003906
14720526,BNO_GYRO_UC,1448,-3100,0,-0.650391,-5.664062,-0.095703,0.001953,0.000000,-0.003906
14730741,BNO_GYRO_UC,1449,-2900,0,-0.558594,-4.222656,-0.093750,0.001953,0.000000,-0.003906
14740752,BNO_GYRO_UC,1450,-3200,0,-0.457031,-2.720703,-0.029297,0.001953,0.000000,-0.003906
14750199,BNO_GYRO_UC,1451,-3100,0,-0.259766,-1.160156,0.041016,0.001953,0.000000,-0.003906
14759969,BNO_GYRO_UC,1452,-3100,0,0.072266,0.345703,0.101562,0.001953,0.000000,-0.003906
14770561,BNO_GYRO_UC,1453,-3200,0,0.386719,1.796875,0.128906,0.001953,0.000000,-0.003906
14780670,BNO_GYRO_UC,1454,-3200,0,0.693359,3.121094,0.138672,0.001953,0.000000,-0.003906
14789953,BNO_GYRO_UC,1455,-3100,0,0.865234,4.255859,0.128906,0.001953,0.000000,-0.003906
14800397,BNO_GYRO_UC,1456,-3100,0,0.912109,5.166016,0.076172,0.001953,0.000000,-0.003906
14810791,BNO_GYRO_UC,1457,-2900,0,0.792969,5.611328,0.023438,0.001953,0.000000,-0.003906
14821090,BNO_GYRO_UC,1458,-3200,0,0.488281,5.414062,-0.023438,0.001953,0.000000,-0.003906
14830132,BNO_GYRO_UC,1459,-3100,0,0.220703,4.482422,-0.039062,0.001953,0.000000,-0.003906
14840694,BNO_GYRO_UC,1460,-3100,0,-0.046875,2.923828,-0.072266,0.001953,0.000000,-0.003906
14851105,BNO_GYRO_UC,1461,-2700,0,-0.326172,0.955078,-0.097656,0.001953,0.000000,-0.003906
14861208,BNO_GYRO_UC,1462,-3200,0,-0.505859,-1.005859,-0.119141,0.001953,0.000000,-0.003906
14870201,BNO_GYRO_UC,1463,-3100,0,-0.601562,-2.906250,-0.125000,0.001953,0.000000,-0.003906
14880123,BNO_GYRO_UC,1464,-2900,0,-0.679688,-4.693359,-0.117188,0.001953,0.000000,-0.003906
14891448,BNO_GYRO_UC,1465,-3600,0,-0.720703,-6.070312,-0.125000,0.001953,0.000000,-0.003906
14900854,BNO_GYRO_UC,1466,-2900,0,-0.910156,-6.574219,-0.144531,0.001953,0.000000,-0.003906
14910059,BNO_GYRO_UC,1467,-2700,0,-1.152344,-6.041016,-0.169922,0.001953,0.000000,-0.003906
14920710,BNO_GYRO_UC,1468,-3100,0,-1.111328,-4.861328,-0.187500,0.001953,0.000000,-0.003906
14931114,BNO_GYRO_UC,1469,-3100,0,-0.964844,-3.517578,-0.146484,0.001953,0.000000,-0.003906
14941304,BNO_GYRO_UC,1470,-3200,0,-0.794922,-2.232422,-0.019531,0.001953,0.000000,-0.003906
14950438,BNO_GYRO_UC,1471,-3100,0,-0.433594,-0.847656,0.087891,0.001953,0.000000,-0.003906
14961033,BNO_GYRO_UC,1472,-2900,0,0.052734,0.728516,0.181641,0.001953,0.000000,-0.003906
14971521,BNO_GYRO_UC,1473,-3100,0,0.505859,2.236328,0.199219,0.001953,0.000000,-0.003906
14980791,BNO_GYRO_UC,1474,-2500,0,0.810547,3.548828,0.208984,0.001953,0.000000,-0.003906
14990141,BNO_GYRO_UC,1475,-2700,0,0.990234,4.585938,0.191406,0.001953,0.000000,-0.003906
15000907,BNO_GYRO_UC,1476,-3100,0,1.158203,5.273438,0.117188,0.001953,0.000000,-0.003906
15010536,BNO_GYRO_UC,1477,-3100,0,1.107422,5.578125,0.017578,0.001953,0.000000,-0.003906
15021655,BNO_GYRO_UC,1478,-3400,0,0.861328,5.222656,-0.050781,0.001953,0.000000,-0.003906
15030534,BNO_GYRO_UC,1479,-2900,0,0.546875,4.093750,-0.078125,0.001953,0.000000,-0.003906
15040975,BNO_GYRO_UC,1480,-3100,0,0.187500,2.417969,-0.062500,0.001953,0.000000,-0.003906
15050613,BNO_GYRO_UC,1481,-3100,0,-0.121094,0.517578,-0.029297,0.001953,0.000000,-0.003906
15061701,BNO_GYRO_UC,1482,-3400,0,-0.283203,-1.126953,-0.042969,0.001953,0.000000,-0.003906
15070519,BNO_GYRO_UC,1483,-3100,0,-0.333984,-2.494141,-0.050781,0.001953,0.000000,-0.003906
15081047,BNO_GYRO_UC,1484,-3100,0,-0.394531,-3.689453,-0.070312,0.001953,0.000000,-0.003906
15090623,BNO_GYRO_UC,1485,-2900,0,-0.478516,-4.490234,-0.097656,0.001953,0.000000,-0.003906
15101231,BNO_GYRO_UC,1486,-3100,0,-0.630859,-4.746094,-0.128906,0.001953,0.000000,-0.003906
15110395,BNO_GYRO_UC,1487,-2700,0,-0.830078,-4.371094,-0.134766,0.001953,0.000000,-0.003906
15120962,BNO_GYRO_UC,1488,-3100,0,-0.878906,-3.587891,-0.103516,0.001953,0.000000,-0.003906
15130673,BNO_GYRO_UC,1489,-3100,0,-0.773438,-2.613281,-0.062500,0.001953,0.000000,-0.003906
15141629,BNO_GYRO_UC,1490,-3400,0,-0.667969,-1.517578,-0.001953,0.001953,0.000000,-0.003906
15150590,BNO_GYRO_UC,1491,-2700,0,-0.453125,-0.384766,0.058594,0.001953,0.000000,-0.003906
15161100,BNO_GYRO_UC,1492,-3100,0,-0.201172,0.796875,0.126953,0.001953,0.000000,-0.003906
15170946,BNO_GYRO_UC,1493,-3100,0,0.097656,2.005859,0.173828,0.001953,0.000000,-0.003906
15181265,BNO_GYRO_UC,1494,-2900,0,0.382812,3.289062,0.195312,0.001953,0.000000,-0.003906
15190555,BNO_GYRO_UC,1495,-2500,0,0.708984,4.439453,0.152344,0.001953,0.000000,-0.003906
15201318,BNO_GYRO_UC,1496,-3100,0,0.906250,5.394531,0.068359,0.001953,0.000000,-0.003906
15210935,BNO_GYRO_UC,1497,-2900,0,0.953125,6.013672,-0.029297,0.001953,0.000000,-0.003906
15221944,BNO_GYRO_UC,1498,-3400,0,0.947266,6.154297,-0.093750,0.001953,0.000000,-0.003906
15231276,BNO_GYRO_UC,1499,-3200,0,0.808594,5.736328,-0.091797,0.001953,0.000000,-0.003906
15240974,BNO_GYRO_UC,1500,-2900,0,0.503906,4.841797,-0.048828,0.001953,0.000000,-0.003906
15251263,BNO_GYRO_UC,1501,-3100,0,0.187500,3.853516,-0.007812,0.001953,0.000000,-0.003906
15261573,BNO_GYRO_UC,1502,-3100,0,0.144531,2.900391,0.060547,0.001953,0.000000,-0.003906
15270592,BNO_GYRO_UC,1503,-2500,0,0.222656,1.960938,0.123047,0.001953,0.000000,-0.003906
15281467,BNO_GYRO_UC,1504,-3100,0,0.160156,0.910156,0.152344,0.001953,0.000000,-0.003906
15291125,BNO_GYRO_UC,1505,-2900,0,0.126953,-0.210938,0.150391,0.001953,0.000000,-0.003906
15301645,BNO_GYRO_UC,1506,-3100,0,0.201172,-1.326172,0.130859,0.001953,0.000000,-0.003906
15311723,BNO_GYRO_UC,1507,-3200,0,0.111328,-2.527344,0.093750,0.001953,0.000000,-0.003906
15321178,BNO_GYRO_UC,1508,-3100,0,-0.083984,-3.716797,0.042969,0.001953,0.000000,-0.003906
15331447,BNO_GYRO_UC,1509,-3100,0,-0.263672,-4.917969,-0.009766,0.001953,0.000000,-0.003906
15341614,BNO_GYRO_UC,1510,-2700,0,-0.449219,-6.119141,-0.070312,0.001953,0.000000,-0.003906
15351908,BNO_GYRO_UC,1511,-3200,0,-0.611328,-6.869141,-0.160156,0.001953,0.000000,-0.003906
15361165,BNO_GYRO_UC,1512,-3100,0,-0.931641,-6.798828,-0.263672,0.001953,0.000000,-0.003906
15371607,BNO_GYRO_UC,1513,-3100,0,-1.298828,-5.912109,-0.269531,0.001953,0.000000,-0.003906
15381653,BNO_GYRO_UC,1514,-2700,0,-1.277344,-4.638672,-0.242188,0.001953,0.000000,-0.003906
15391966,BNO_GYRO_UC,1515,-3200,0,-0.986328,-3.001953,-0.169922,0.001953,0.000000,-0.003906
15401232,BNO_GYRO_UC,1516,-3100,0,-0.636719,-1.072266,-0.017578,0.001953,0.000000,-0.003906
15411848,BNO_GYRO_UC,1517,-3100,0,-0.267578,0.769531,0.121094,0.001953,0.000000,-0.003906
15421801,BNO_GYRO_UC,1518,-2500,0,-0.013672,2.447266,0.251953,0.001953,0.000000,-0.003906
15431881,BNO_GYRO_UC,1519,-3200,0,0.105469,3.898438,0.318359,0.001953,0.000000,-0.003906
15441315,BNO_GYRO_UC,1520,-2900,0,0.208984,4.968750,0.230469,0.001953,0.000000,-0.003906
15451860,BNO_GYRO_UC,1521,-3100,0,0.361328,5.527344,0.076172,0.001953,0.000000,-0.003906
15461989,BNO_GYRO_UC,1522,-2700,0,0.599609,5.394531,-0.037109,0.001953,0.000000,-0.003906
15472361,BNO_GYRO_UC,1523,-3400,0,0.681641,4.562500,-0.068359,0.001953,0.000000,-0.003906
15481360,BNO_GYRO_UC,1524,-2900,0,0.529297,3.185547,-0.054688,0.001953,0.000000,-0.003906
15492017,BNO_GYRO_UC,1525,-3100,0,0.347656,1.578125,0.015625,0.001953,0.000000,-0.003906
15502321,BNO_GYRO_UC,1526,-2900,0,0.287109,-0.003906,0.107422,0.001953,0.000000,-0.003906
15512520,BNO_GYRO_UC,1527,-3400,0,0.324219,-1.158203,0.136719,0.001953,0.000000,-0.003906
15521634,BNO_GYRO_UC,1528,-2900,0,0.373047,-1.945312,0.138672,0.001953,0.000000,-0.003906
15532259,BNO_GYRO_UC,1529,-3100,0,0.417969,-2.525391,0.162109,0.001953,0.000000,-0.003906
15542269,BNO_GYRO_UC,1530,-2500,0,0.431641,-2.867188,0.207031,0.001953,0.000000,-0.003906
15552573,BNO_GYRO_UC,1531,-3200,0,0.335938,-2.945312,0.220703,0.001953,0.000000,-0.003906
15561613,BNO_GYRO_UC,1532,-3100,0,0.091797,-2.765625,0.201172,0.001953,0.000000,-0.003906
15572286,BNO_GYRO_UC,1533,-3100,0,-0.121094,-2.447266,0.158203,0.001953,0.000000,-0.003906
15582420,BNO_GYRO_UC,1534,-2900,0,-0.302734,-1.968750,0.117188,0.001953,0.000000,-0.003906
15592807,BNO_GYRO_UC,1535,-3200,0,-0.457031,-1.365234,0.087891,0.001953,0.000000,-0.003906
15601742,BNO_GYRO_UC,1536,-3100,0,-0.515625,-0.716797,0.093750,0.001953,0.000000,-0.003906
15612446,BNO_GYRO_UC,1537,-3100,0,-0.519531,-0.076172,0.121094,0.001953,0.000000,-0.003906
15622637,BNO_GYRO_UC,1538,-2900,0,-0.542969,0.460938,0.150391,0.001953,0.000000,-0.003906
15632965,BNO_GYRO_UC,1539,-3400,0,-0.574219,0.861328,0.160156,0.001953,0.000000,-0.003906
15641896,BNO_GYRO_UC,1540,-2900,0,-0.500000,1.082031,0.125000,0.001953,0.000000,-0.003906
15652546,BNO_GYRO_UC,1541,-3100,0,-0.251953,1.064453,0.054688,0.001953,0.000000,-0.003906
15662872,BNO_GYRO_UC,1542,-2900,0,0.078125,0.835938,-0.003906,0.001953,0.000000,-0.003906
15672272,BNO_GYRO_UC,1543,-3100,0,0.332031,0.517578,-0.037109,0.001953,0.000000,-0.003906
15681878,BNO_GYRO_UC,1544,-2900,0,0.525391,0.246094,-0.017578,0.001953,0.000000,-0.003906
15692539,BNO_GYRO_UC,1545,-3100,0,0.683594,0.113281,0.015625,0.001953,0.000000,-0.003906
15702914,BNO_GYRO_UC,1546,-2900,0,0.785156,0.052734,0.052734,0.001953,0.000000,-0.003906
15713024,BNO_GYRO_UC,1547,-3200,0,0.826172,0.136719,0.076172,0.001953,0.000000,-0.003906
15722091,BNO_GYRO_UC,1548,-2900,0,0.812500,0.376953,0.121094,0.001953,0.000000,-0.003906
15732551,BNO_GYRO_UC,1549,-3100,0,0.755859,0.689453,0.150391,0.001953,0.000000,-0.003906
15742905,BNO_GYRO_UC,1550,-2700,0,0.656250,1.085938,0.164062,0.001953,0.000000,-0.003906
15752784,BNO_GYRO_UC,1551,-3200,0,0.531250,1.644531,0.154297,0.001953,0.000000,-0.003906
15762218,BNO_GYRO_UC,1552,-3100,0,0.519531,2.455078,0.132812,0.001953,0.000000,-0.003906
15772713,BNO_GYRO_UC,1553,-3100,0,0.496094,3.478516,0.085938,0.001953,0.000000,-0.003906
15783202,BNO_GYRO_UC,1554,-2900,0,0.363281,4.566406,0.039062,0.001953,0.000000,-0.003906
15792611,BNO_GYRO_UC,1555,-2900,0,0.140625,5.345703,0.003906,0.001953,0.000000,-0.003906
15802260,BNO_GYRO_UC,1556,-3100,0,-0.025391,5.478516,-0.017578,0.001953,0.000000,-0.003906
15812772,BNO_GYRO_UC,1557,-3100,0,-0.121094,4.787109,-0.078125,0.001953,0.000000,-0.003906
15823012,BNO_GYRO_UC,1558,-2900,0,-0.251953,2.884766,-0.109375,0.001953,0.000000,-0.003906
15833123,BNO_GYRO_UC,1559,-3200,0,-0.412109,0.746094,-0.234375,0.001953,0.000000,-0.003906
15842565,BNO_GYRO_UC,1560,-3100,0,-0.535156,-1.292969,-0.296875,0.001953,0.000000,-0.003906
15852968,BNO_GYRO_UC,1561,-3100,0,-0.669922,-3.521484,-0.341797,0.001953,0.000000,-0.003906
15863351,BNO_GYRO_UC,1562,-2900,0,-0.609375,-5.996094,-0.244141,0.001953,0.000000,-0.003906
15872618,BNO_GYRO_UC,1563,-2500,0,-0.617188,-8.265625,-0.169922,0.001953,0.000000,-0.003906
15882489,BNO_GYRO_UC,1564,-2900,0,-0.751953,-9.841797,-0.128906,0.001953,0.000000,-0.003906
15892854,BNO_GYRO_UC,1565,-3100,0,-1.091797,-9.921875,-0.115234,0.001953,0.000000,-0.003906
15902878,BNO_GYRO_UC,1566,-3200,0,-1.486328,-8.230469,-0.023438,0.001953,0.000000,-0.003906
15913175,BNO_GYRO_UC,1567,-3200,0,-1.294922,-5.718750,0.080078,0.001953,0.000000,-0.003906
15922040,BNO_GYRO_UC,1568,-2500,0,-0.896484,-2.746094,0.132812,0.001953,0.000000,-0.003906
15932628,BNO_GYRO_UC,1569,-3100,0,-0.412109,-0.001953,0.275391,0.001953,0.000000,-0.003906
15942916,BNO_GYRO_UC,1570,-3200,0,0.105469,2.523438,0.375000,0.001953,0.000000,-0.003906
15953156,BNO_GYRO_UC,1571,-3200,0,0.671875,4.851562,0.373047,0.001953,0.000000,-0.003906
15962212,BNO_GYRO_UC,1572,-2500,0,1.224609,7.115234,0.267578,0.001953,0.000000,-0.003906
15972661,BNO_GYRO_UC,1573,-3100,0,1.730469,9.320312,0.099609,0.001953,0.000000,-0.003906
15982686,BNO_GYRO_UC,1574,-3100,0,1.835938,10.882812,-0.015625,0.001953,0.000000,-0.003906
15993030,BNO_GYRO_UC,1575,-2900,0,1.402344,10.535156,-0.039062,0.001953,0.000000,-0.003906
16002658,BNO_GYRO_UC,1576,-3100,0,0.566406,8.416016,-0.166016,0.001953,0.000000,-0.003906
16013361,BNO_GYRO_UC,1577,-3100,0,-0.029297,4.988281,-0.253906,0.001953,0.000000,-0.003906
16022860,BNO_GYRO_UC,1578,-3100,0,-0.410156,2.046875,-0.291016,0.001953,0.000000,-0.003906
16033875,BNO_GYRO_UC,1579,-3400,0,-0.429688,-0.103516,-0.246094,0.001953,0.000000,-0.003906
16042797,BNO_GYRO_UC,1580,-2900,0,-0.564453,-2.001953,-0.265625,0.001953,0.000000,-0.003906
16053206,BNO_GYRO_UC,1581,-3100,0,-0.529297,-4.146484,-0.263672,0.001953,0.000000,-0.003906
16062940,BNO_GYRO_UC,1582,-3100,0,-0.240234,-6.500000,-0.126953,0.001953,0.000000,-0.003906
16073253,BNO_GYRO_UC,1583,-2900,0,-0.230469,-8.554688,-0.060547,0.001953,0.000000,-0.003906
16082832,BNO_GYRO_UC,1584,-2900,0,-0.316406,-9.636719,-0.091797,0.001953,0.000000,-0.003906
16093410,BNO_GYRO_UC,1585,-2900,0,-0.513672,-9.253906,-0.119141,0.001953,0.000000,-0.003906
16102996,BNO_GYRO_UC,1586,-3100,0,-0.933594,-7.732422,-0.093750,0.001953,0.000000,-0.003906
16113429,BNO_GYRO_UC,1587,-3100,0,-1.064453,-5.410156,-0.105469,0.001953,0.000000,-0.003906
16122831,BNO_GYRO_UC,1588,-2700,0,-0.880859,-2.900391,-0.044922,0.001953,0.000000,-0.003906
16133433,BNO_GYRO_UC,1589,-2900,0,-0.527344,-0.718750,0.074219,0.001953,0.000000,-0.003906
16143057,BNO_GYRO_UC,1590,-2900,0,-0.144531,1.171875,0.164062,0.001953,0.000000,-0.003906
16153537,BNO_GYRO_UC,1591,-3100,0,0.259766,2.933594,0.173828,0.001953,0.000000,-0.003906
16162851,BNO_GYRO_UC,1592,-2900,0,0.601562,4.500000,0.125000,0.001953,0.000000,-0.003906
16173466,BNO_GYRO_UC,1593,-2900,0,0.898438,5.634766,0.029297,0.001953,0.000000,-0.003906
16183490,BNO_GYRO_UC,1594,-3100,0,0.945312,6.253906,-0.107422,0.001953,0.000000,-0.003906
16193776,BNO_GYRO_UC,1595,-2900,0,0.791016,6.080078,-0.244141,0.001953,0.000000,-0.003906
16202698,BNO_GYRO_UC,1596,-2500,0,0.560547,4.886719,-0.251953,0.001953,0.000000,-0.003906
16213554,BNO_GYRO_UC,1597,-2900,0,0.269531,3.060547,-0.187500,0.001953,0.000000,-0.003906
16223107,BNO_GYRO_UC,1598,-2900,0,0.058594,1.119141,-0.121094,0.001953,0.000000,-0.003906
16234110,BNO_GYRO_UC,1599,-3400,0,0.021484,-0.480469,-0.046875,0.001953,0.000000,-0.003906
16243051,BNO_GYRO_UC,1600,-2700,0,0.111328,-1.832031,0.019531,0.001953,0.000000,-0.003906
16253831,BNO_GYRO_UC,1601,-3100,0,0.078125,-3.089844,0.091797,0.001953,0.000000,-0.003906
16263336,BNO_GYRO_UC,1602,-2900,0,0.013672,-4.083984,0.123047,0.001953,0.000000,-0.003906
16274453,BNO_GYRO_UC,1603,-3200,0,-0.080078,-4.673828,0.128906,0.001953,0.000000,-0.003906
16283829,BNO_GYRO_UC,1604,-3200,0,-0.287109,-4.699219,0.121094,0.001953,0.000000,-0.003906
16293205,BNO_GYRO_UC,1605,-2900,0,-0.525391,-4.142578,0.093750,0.001953,0.000000,-0.003906
16303582,BNO_GYRO_UC,1606,-3100,0,-0.615234,-3.175781,0.072266,0.001953,0.000000,-0.003906
16313628,BNO_GYRO_UC,1607,-2700,0,-0.537109,-1.994141,0.054688,0.001953,0.000000,-0.003906
16323745,BNO_GYRO_UC,1608,-3100,0,-0.468750,-0.599609,0.082031,0.001953,0.000000,-0.003906
16333433,BNO_GYRO_UC,1609,-2900,0,-0.416016,0.833984,0.128906,0.001953,0.000000,-0.003906
16343594,BNO_GYRO_UC,1610,-3100,0,-0.326172,2.128906,0.123047,0.001953,0.000000,-0.003906
16353877,BNO_GYRO_UC,1611,-2900,0,-0.101562,3.218750,0.052734,0.001953,0.000000,-0.003906
16364294,BNO_GYRO_UC,1612,-3200,0,0.193359,4.195312,-0.062500,0.001953,0.000000,-0.003906
16373388,BNO_GYRO_UC,1613,-2900,0,0.419922,4.853516,-0.169922,0.001953,0.000000,-0.003906
16383703,BNO_GYRO_UC,1614,-3100,0,0.625000,4.898438,-0.234375,0.001953,0.000000,-0.003906
16393967,BNO_GYRO_UC,1615,-2700,0,0.748047,4.312500,-0.214844,0.001953,0.000000,-0.003906
16403975,BNO_GYRO_UC,1616,-3200,0,0.759766,3.369141,-0.148438,0.001953,0.000000,-0.003906
16413416,BNO_GYRO_UC,1617,-2700,0,0.679688,2.220703,-0.103516,0.001953,0.000000,-0.003906
16423892,BNO_GYRO_UC,1618,-3100,0,0.695312,1.064453,-0.046875,0.001953,0.000000,-0.003906
16434173,BNO_GYRO_UC,1619,-2900,0,0.775391,0.109375,-0.003906,0.001953,0.000000,-0.003906
16444331,BNO_GYRO_UC,1620,-3200,0,0.697266,-0.566406,-0.007812,0.001953,0.000000,-0.003906
16453603,BNO_GYRO_UC,1621,-2900,0,0.460938,-1.039062,-0.035156,0.001953,0.000000,-0.003906
16464139,BNO_GYRO_UC,1622,-3100,0,0.150391,-1.353516,-0.072266,0.001953,0.000000,-0.003906
16474373,BNO_GYRO_UC,1623,-2900,0,-0.144531,-1.539062,-0.095703,0.001953,0.000000,-0.003906
16484633,BNO_GYRO_UC,1624,-3400,0,-0.390625,-1.507812,-0.105469,0.001953,0.000000,-0.003906
16493714,BNO_GYRO_UC,1625,-3100,0,-0.625000,-1.335938,-0.105469,0.001953,0.000000,-0.003906
16504037,BNO_GYRO_UC,1626,-2900,0,-0.814453,-1.164062,-0.101562,0.001953,0.000000,-0.003906
16514419,BNO_GYRO_UC,1627,-2900,0,-0.962891,-0.951172,-0.119141,0.001953,0.000000,-0.003906
16524682,BNO_GYRO_UC,1628,-3200,0,-0.962891,-0.773438,-0.154297,0.001953,0.000000,-0.003906
16533952,BNO_GYRO_UC,1629,-3100,0,-0.707031,-0.730469,-0.162109,0.001953,0.000000,-0.003906
16544319,BNO_GYRO_UC,1630,-3100,0,-0.419922,-0.748047,-0.128906,0.001953,0.000000,-0.003906
16554700,BNO_GYRO_UC,1631,-2700,0,-0.187500,-0.691406,-0.068359,0.001953,0.000000,-0.003906
16564828,BNO_GYRO_UC,1632,-3200,0,0.056641,-0.503906,-0.001953,0.001953,0.000000,-0.003906
16574016,BNO_GYRO_UC,1633,-3100,0,0.376953,-0.234375,0.044922,0.001953,0.000000,-0.003906
16584514,BNO_GYRO_UC,1634,-3100,0,0.703125,0.128906,0.074219,0.001953,0.000000,-0.003906
16594654,BNO_GYRO_UC,1635,-2700,0,0.910156,0.408203,0.078125,0.001953,0.000000,-0.003906
16604776,BNO_GYRO_UC,1636,-3200,0,0.964844,0.705078,0.072266,0.001953,0.000000,-0.003906
16614217,BNO_GYRO_UC,1637,-3100,0,0.921875,0.990234,0.074219,0.001953,0.000000,-0.003906
16624727,BNO_GYRO_UC,1638,-3100,0,0.859375,1.240234,0.074219,0.001953,0.000000,-0.003906
16635056,BNO_GYRO_UC,1639,-2700,0,0.683594,1.566406,0.080078,0.001953,0.000000,-0.003906
16645168,BNO_GYRO_UC,1640,-3200,0,0.455078,1.990234,0.082031,0.001953,0.000000,-0.003906
16654238,BNO_GYRO_UC,1641,-3100,0,0.345703,2.513672,0.109375,0.001953,0.000000,-0.003906
16664688,BNO_GYRO_UC,1642,-3100,0,0.306641,3.087891,0.142578,0.001953,0.000000,-0.003906
16674933,BNO_GYRO_UC,1643,-2700,0,0.132812,3.550781,0.154297,0.001953,0.000000,-0.003906
16685274,BNO_GYRO_UC,1644,-3200,0,-0.074219,3.664062,0.144531,0.001953,0.000000,-0.003906
16694372,BNO_GYRO_UC,1645,-3100,0,-0.199219,3.138672,0.099609,0.001953,0.000000,-0.003906
16704940,BNO_GYRO_UC,1646,-3100,0,-0.375000,1.732422,-0.001953,0.001953,0.000000,-0.003906
16715253,BNO_GYRO_UC,1647,-2700,0,-0.597656,-0.365234,-0.140625,0.001953,0.000000,-0.003906
16725354,BNO_GYRO_UC,1648,-3400,0,-0.845703,-2.705078,-0.298828,0.001953,0.000000,-0.003906
16734476,BNO_GYRO_UC,1649,-3100,0,-0.976562,-5.314453,-0.351562,0.001953,0.000000,-0.003906
16744433,BNO_GYRO_UC,1650,-3100,0,-1.015625,-7.806641,-0.339844,0.001953,0.000000,-0.003906
16754786,BNO_GYRO_UC,1651,-3200,0,-0.832031,-9.712891,-0.341797,0.001953,0.000000,-0.003906
16764941,BNO_GYRO_UC,1652,-3200,0,-0.935547,-10.351562,-0.345703,0.001953,0.000000,-0.003906
16774434,BNO_GYRO_UC,1653,-2900,0,-1.333984,-9.406250,-0.503906,0.001953,0.000000,-0.003906
16784982,BNO_GYRO_UC,1654,-3100,0,-1.279297,-7.728516,-0.408203,0.001953,0.000000,-0.003906
16795485,BNO_GYRO_UC,1655,-3100,0,-0.949219,-5.564453,-0.152344,0.001953,0.000000,-0.003906
16805634,BNO_GYRO_UC,1656,-3200,0,-0.669922,-3.310547,0.083984,0.001953,0.000000,-0.003906
16814710,BNO_GYRO_UC,1657,-3100,0,-0.423828,-1.285156,0.220703,0.001953,0.000000,-0.003906
16825313,BNO_GYRO_UC,1658,-3100,0,-0.056641,0.587891,0.289062,0.001953,0.000000,-0.003906
16835775,BNO_GYRO_UC,1659,-3100,0,0.375000,2.425781,0.285156,0.001953,0.000000,-0.003906
16845094,BNO_GYRO_UC,1660,-2700,0,0.769531,4.212891,0.253906,0.001953,0.000000,-0.003906
16854694,BNO_GYRO_UC,1661,-3100,0,1.095703,5.925781,0.169922,0.001953,0.000000,-0.003906
16865114,BNO_GYRO_UC,1662,-3100,0,1.394531,7.417969,-0.009766,0.001953,0.000000,-0.003906
16875046,BNO_GYRO_UC,1663,-3400,0,1.566406,8.462891,-0.138672,0.001953,0.000000,-0.003906
16885141,BNO_GYRO_UC,1664,-3100,0,1.384766,8.732422,-0.216797,0.001953,0.000000,-0.003906
16894685,BNO_GYRO_UC,1665,-2900,0,0.921875,7.871094,-0.238281,0.001953,0.000000,-0.003906
16905277,BNO_GYRO_UC,1666,-3200,0,0.294922,5.742188,-0.203125,0.001953,0.000000,-0.003906
16915203,BNO_GYRO_UC,1667,-3200,0,-0.150391,3.279297,-0.136719,0.001953,0.000000,-0.003906
16925430,BNO_GYRO_UC,1668,-3200,0,-0.300781,0.824219,-0.025391,0.001953,0.000000,-0.003906
16934332,BNO_GYRO_UC,1669,-2700,0,-0.294922,-1.400391,0.017578,0.001953,0.000000,-0.003906
16945013,BNO_GYRO_UC,1670,-3100,0,-0.281250,-3.693359,0.078125,0.001953,0.000000,-0.003906
16954948,BNO_GYRO_UC,1671,-3100,0,-0.365234,-5.960938,0.089844,0.001953,0.000000,-0.003906
16965398,BNO_GYRO_UC,1672,-3100,0,-0.375000,-7.802734,0.052734,0.001953,0.000000,-0.003906
16974900,BNO_GYRO_UC,1673,-3100,0,-0.410156,-8.658203,-0.054688,0.001953,0.000000,-0.003906
16985713,BNO_GYRO_UC,1674,-3100,0,-0.802734,-8.093750,-0.203125,0.001953,0.000000,-0.003906
16996025,BNO_GYRO_UC,1675,-3100,0,-1.031250,-6.738281,-0.332031,0.001953,0.000000,-0.003906
17005502,BNO_GYRO_UC,1676,-2500,0,-0.939453,-4.808594,-0.160156,0.001953,0.000000,-0.003906
17014668,BNO_GYRO_UC,1677,-2700,0,-0.748047,-2.494141,-0.011719,0.001953,0.000000,-0.003906
17025330,BNO_GYRO_UC,1678,-3100,0,-0.324219,-0.314453,0.121094,0.001953,0.000000,-0.003906
17035052,BNO_GYRO_UC,1679,-3100,0,0.164062,1.814453,0.234375,0.001953,0.000000,-0.003906
17045506,BNO_GYRO_UC,1680,-3100,0,0.642578,3.886719,0.246094,0.001953,0.000000,-0.003906
17054866,BNO_GYRO_UC,1681,-2900,0,0.908203,5.835938,0.207031,0.001953,0.000000,-0.003906
17065664,BNO_GYRO_UC,1682,-3100,0,1.240234,7.548828,0.091797,0.001953,0.000000,-0.003906
17075239,BNO_GYRO_UC,1683,-3100,0,1.375000,8.433594,-0.044922,0.001953,0.000000,-0.003906
17085549,BNO_GYRO_UC,1684,-2900,0,1.164062,8.222656,-0.111328,0.001953,0.000000,-0.003906
17095184,BNO_GYRO_UC,1685,-2900,0,0.683594,6.605469,-0.105469,0.001953,0.000000,-0.003906
17105868,BNO_GYRO_UC,1686,-3100,0,0.230469,4.005859,-0.083984,0.001953,0.000000,-0.003906
17115161,BNO_GYRO_UC,1687,-3100,0,-0.048828,1.369141,-0.046875,0.001953,0.000000,-0.003906
17126271,BNO_GYRO_UC,1688,-3400,0,-0.287109,-0.919922,-0.031250,0.001953,0.000000,-0.003906
17135681,BNO_GYRO_UC,1689,-3100,0,-0.330078,-2.970703,-0.007812,0.001953,0.000000,-0.003906
17145281,BNO_GYRO_UC,1690,-2900,0,-0.318359,-4.898438,0.015625,0.001953,0.000000,-0.003906
17155536,BNO_GYRO_UC,1691,-3100,0,-0.322266,-6.410156,-0.007812,0.001953,0.000000,-0.003906
17165931,BNO_GYRO_UC,1692,-3100,0,-0.398438,-7.091797,-0.042969,0.001953,0.000000,-0.003906
17174867,BNO_GYRO_UC,1693,-2500,0,-0.583984,-6.535156,-0.078125,0.001953,0.000000,-0.003906
17185846,BNO_GYRO_UC,1694,-2900,0,-0.742188,-4.900391,-0.078125,0.001953,0.000000,-0.003906
17195401,BNO_GYRO_UC,1695,-2900,0,-0.619141,-2.830078,0.019531,0.001953,0.000000,-0.003906
17206513,BNO_GYRO_UC,1696,-3400,0,-0.375000,-0.710938,0.181641,0.001953,0.000000,-0.003906
17215968,BNO_GYRO_UC,1697,-3200,0,-0.154297,1.216797,0.343750,0.001953,0.000000,-0.003906
17225483,BNO_GYRO_UC,1698,-3100,0,0.160156,3.029297,0.453125,0.001953,0.000000,-0.003906
17235840,BNO_GYRO_UC,1699,-3100,0,0.470703,4.664062,0.492188,0.001953,0.000000,-0.003906
17246369,BNO_GYRO_UC,1700,-3100,0,0.632812,6.080078,0.505859,0.001953,0.000000,-0.003906
17255806,BNO_GYRO_UC,1701,-3100,0,0.886719,7.072266,0.513672,0.001953,0.000000,-0.003906
17265536,BNO_GYRO_UC,1702,-2900,0,1.027344,7.089844,0.550781,0.001953,0.000000,-0.003906
17275698,BNO_GYRO_UC,1703,-3100,0,0.759766,5.978516,0.734375,0.001953,0.000000,-0.003906
17286024,BNO_GYRO_UC,1704,-2900,0,0.281250,4.355469,0.634766,0.001953,0.000000,-0.003906
17296071,BNO_GYRO_UC,1705,-3200,0,0.019531,2.884766,0.617188,0.001953,0.000000,-0.003906
17305513,BNO_GYRO_UC,1706,-2900,0,0.050781,1.851562,0.669922,0.001953,0.000000,-0.003906
17315929,BNO_GYRO_UC,1707,-3100,0,0.041016,1.132812,0.691406,0.001953,0.000000,-0.003906
17326520,BNO_GYRO_UC,1708,-3100,0,-0.080078,0.591797,0.669922,0.001953,0.000000,-0.003906
17335464,BNO_GYRO_UC,1709,-2900,0,-0.042969,0.353516,0.621094,0.001953,0.000000,-0.003906
17346438,BNO_GYRO_UC,1710,-3100,0,0.074219,0.412109,0.482422,0.001953,0.000000,-0.003906
17355822,BNO_GYRO_UC,1711,-3100,0,0.050781,0.660156,0.251953,0.001953,0.000000,-0.003906
17366820,BNO_GYRO_UC,1712,-3400,0,-0.160156,0.863281,-0.091797,0.001953,0.000000,-0.003906
17376183,BNO_GYRO_UC,1713,-3200,0,-0.470703,0.621094,-0.458984,0.001953,0.000000,-0.003906
17385789,BNO_GYRO_UC,1714,-2900,0,-0.955078,-0.205078,-0.826172,0.001953,0.000000,-0.003906
17396335,BNO_GYRO_UC,1715,-3100,0,-1.367188,-1.390625,-1.160156,0.001953,0.000000,-0.003906
17406622,BNO_GYRO_UC,1716,-2900,0,-1.388672,-2.917969,-1.224609,0.001953,0.000000,-0.003906
17416628,BNO_GYRO_UC,1717,-3200,0,-0.957031,-4.388672,-0.929688,0.001953,0.000000,-0.003906
17426119,BNO_GYRO_UC,1718,-3100,0,-0.505859,-5.404297,-0.556641,0.001953,0.000000,-0.003906
17436520,BNO_GYRO_UC,1719,-3100,0,-0.142578,-5.421875,-0.281250,0.001953,0.000000,-0.003906
17446499,BNO_GYRO_UC,1720,-2500,0,0.283203,-4.455078,-0.015625,0.001953,0.000000,-0.003906
17456682,BNO_GYRO_UC,1721,-3200,0,0.529297,-2.980469,0.203125,0.001953,0.000000,-0.003906
17466052,BNO_GYRO_UC,1722,-2900,0,0.535156,-1.425781,0.367188,0.001953,0.000000,-0.003906
17476651,BNO_GYRO_UC,1723,-3100,0,0.277344,-0.210938,0.384766,0.001953,0.000000,-0.003906
17487101,BNO_GYRO_UC,1724,-3100,0,-0.009766,0.718750,0.423828,0.001953,0.000000,-0.003906
17497213,BNO_GYRO_UC,1725,-3200,0,0.154297,1.523438,0.416016,0.001953,0.000000,-0.003906
17506268,BNO_GYRO_UC,1726,-2900,0,0.363281,2.443359,0.392578,0.001953,0.000000,-0.003906
17516847,BNO_GYRO_UC,1727,-3100,0,0.306641,3.283203,0.318359,0.001953,0.000000,-0.003906
17527025,BNO_GYRO_UC,1728,-2700,0,0.220703,3.771484,0.183594,0.001953,0.000000,-0.003906
17537059,BNO_GYRO_UC,1729,-3200,0,0.210938,3.636719,0.005859,0.001953,0.000000,-0.003906
17546612,BNO_GYRO_UC,1730,-3100,0,0.152344,2.904297,-0.123047,0.001953,0.000000,-0.003906
17556926,BNO_GYRO_UC,1731,-3100,0,0.160156,1.771484,-0.195312,0.001953,0.000000,-0.003906
17567310,BNO_GYRO_UC,1732,-2900,0,0.158203,0.615234,-0.224609,0.001953,0.000000,-0.003906
17576768,BNO_GYRO_UC,1733,-3100,0,0.093750,-0.392578,-0.246094,0.001953,0.000000,-0.003906
17586269,BNO_GYRO_UC,1734,-2900,0,0.066406,-1.302734,-0.279297,0.001953,0.000000,-0.003906
17596906,BNO_GYRO_UC,1735,-3100,0,0.031250,-2.128906,-0.316406,0.001953,0.000000,-0.003906
17607166,BNO_GYRO_UC,1736,-2900,0,-0.140625,-2.888672,-0.359375,0.001953,0.000000,-0.003906
17617453,BNO_GYRO_UC,1737,-3400,0,-0.271484,-3.589844,-0.359375,0.001953,0.000000,-0.003906
17626409,BNO_GYRO_UC,1738,-2900,0,-0.302734,-4.056641,-0.337891,0.001953,0.000000,-0.003906
17637214,BNO_GYRO_UC,1739,-3100,0,-0.322266,-4.130859,-0.285156,0.001953,0.000000,-0.003906
17647528,BNO_GYRO_UC,1740,-2900,0,-0.398438,-3.667969,-0.207031,0.001953,0.000000,-0.003906
17656938,BNO_GYRO_UC,1741,-2900,0,-0.380859,-2.626953,-0.152344,0.001953,0.000000,-0.003906
17666420,BNO_GYRO_UC,1742,-2900,0,-0.275391,-1.503906,-0.158203,0.001953,0.000000,-0.003906
17677153,BNO_GYRO_UC,1743,-3100,0,-0.125000,-0.820312,-0.222656,0.001953,0.000000,-0.003906
17687639,BNO_GYRO_UC,1744,-3100,0,0.052734,-0.792969,-0.322266,0.001953,0.000000,-0.003906
17696933,BNO_GYRO_UC,1745,-2900,0,0.222656,-1.095703,-0.414062,0.001953,0.000000,-0.003906
17706612,BNO_GYRO_UC,1746,-2900,0,0.324219,-1.423828,-0.531250,0.001953,0.000000,-0.003906
17717223,BNO_GYRO_UC,1747,-3100,0,0.292969,-1.708984,-0.625000,0.001953,0.000000,-0.003906
17727643,BNO_GYRO_UC,1748,-3100,0,0.056641,-1.923828,-0.615234,0.001953,0.000000,-0.003906
17737113,BNO_GYRO_UC,1749,-2700,0,-0.132812,-2.230469,-0.529297,0.001953,0.000000,-0.003906
17746757,BNO_GYRO_UC,1750,-3100,0,-0.158203,-2.564453,-0.373047,0.001953,0.000000,-0.003906
17757386,BNO_GYRO_UC,1751,-3100,0,-0.193359,-2.533203,-0.189453,0.001953,0.000000,-0.003906
17767744,BNO_GYRO_UC,1752,-2900,0,-0.218750,-2.039062,-0.029297,0.001953,0.000000,-0.003906
17777175,BNO_GYRO_UC,1753,-2700,0,-0.255859,-1.056641,0.142578,0.001953,0.000000,-0.003906
17786509,BNO_GYRO_UC,1754,-2900,0,-0.195312,0.367188,0.271484,0.001953,0.000000,-0.003906
17797420,BNO_GYRO_UC,1755,-3100,0,-0.058594,1.632812,0.216797,0.001953,0.000000,-0.003906
17807892,BNO_GYRO_UC,1756,-3100,0,0.101562,2.240234,0.103516,0.001953,0.000000,-0.003906
17817238,BNO_GYRO_UC,1757,-2700,0,0.384766,2.052734,-0.044922,0.001953,0.000000,-0.003906
17826578,BNO_GYRO_UC,1758,-2700,0,0.652344,1.392578,-0.173828,0.001953,0.000000,-0.003906
17837269,BNO_GYRO_UC,1759,-3100,0,0.753906,0.425781,-0.218750,0.001953,0.000000,-0.003906
17846863,BNO_GYRO_UC,1760,-2900,0,0.679688,-0.572266,-0.205078,0.001953,0.000000,-0.003906
17858083,BNO_GYRO_UC,1761,-3400,0,0.443359,-1.435547,-0.205078,0.001953,0.000000,-0.003906
17866909,BNO_GYRO_UC,1762,-2900,0,0.169922,-1.939453,-0.175781,0.001953,0.000000,-0.003906
17877507,BNO_GYRO_UC,1763,-3100,0,-0.076172,-1.990234,-0.138672,0.001953,0.000000,-0.003906
17887078,BNO_GYRO_UC,1764,-3100,0,-0.271484,-1.867188,-0.076172,0.001953,0.000000,-0.003906
17897609,BNO_GYRO_UC,1765,-3100,0,-0.410156,-1.767578,0.015625,0.001953,0.000000,-0.003906
17906709,BNO_GYRO_UC,1766,-2700,0,-0.519531,-1.656250,0.101562,0.001953,0.000000,-0.003906
17917472,BNO_GYRO_UC,1767,-3100,0,-0.603516,-1.324219,0.175781,0.001953,0.000000,-0.003906
17927084,BNO_GYRO_UC,1768,-2900,0,-0.570312,-0.810547,0.199219,0.001953,0.000000,-0.003906
17938077,BNO_GYRO_UC,1769,-3400,0,-0.373047,-0.525391,0.140625,0.001953,0.000000,-0.003906
17947155,BNO_GYRO_UC,1770,-2900,0,-0.085938,-0.646484,0.017578,0.001953,0.000000,-0.003906
17957858,BNO_GYRO_UC,1771,-3100,0,0.207031,-1.054688,-0.150391,0.001953,0.000000,-0.003906
17967257,BNO_GYRO_UC,1772,-3100,0,0.281250,-1.451172,-0.238281,0.001953,0.000000,-0.003906
17977598,BNO_GYRO_UC,1773,-3100,0,0.263672,-1.583984,-0.246094,0.001953,0.000000,-0.003906
17986944,BNO_GYRO_UC,1774,-2900,0,0.302734,-1.496094,-0.238281,0.001953,0.000000,-0.003906
17997609,BNO_GYRO_UC,1775,-3100,0,0.419922,-1.271484,-0.187500,0.001953,0.000000,-0.003906
18007122,BNO_GYRO_UC,1776,-2900,0,0.408203,-0.910156,-0.097656,0.001953,0.000000,-0.003906
18018262,BNO_GYRO_UC,1777,-3400,0,0.216797,-0.335938,0.044922,0.001953,0.000000,-0.003906
18027704,BNO_GYRO_UC,1778,-3200,0,0.148438,0.380859,0.179688,0.001953,0.000000,-0.003906
18037329,BNO_GYRO_UC,1779,-3100,0,0.205078,1.201172,0.292969,0.001953,0.000000,-0.003906
18048266,BNO_GYRO_UC,1780,-3200,0,0.238281,2.130859,0.384766,0.001953,0.000000,-0.003906
18057705,BNO_GYRO_UC,1781,-2100,0,0.126953,3.228516,0.388672,0.001953,0.000000,-0.003906
18067811,BNO_GYRO_UC,1782,-3200,0,0.123047,4.208984,0.273438,0.001953,0.000000,-0.003906
18077473,BNO_GYRO_UC,1783,-3100,0,0.609375,4.882812,-0.017578,0.001953,0.000000,-0.003906
18087405,BNO_GYRO_UC,1784,-3100,0,1.246094,5.238281,-0.281250,0.001953,0.000000,-0.003906
18098526,BNO_GYRO_UC,1785,-3400,0,1.457031,5.253906,-0.378906,0.001953,0.000000,-0.003906
18107907,BNO_GYRO_UC,1786,-3100,0,1.294922,4.812500,-0.382812,0.001953,0.000000,-0.003906
18117514,BNO_GYRO_UC,1787,-3100,0,1.171875,4.466797,-0.339844,0.001953,0.000000,-0.003906
18127694,BNO_GYRO_UC,1788,-3100,0,1.089844,4.482422,-0.300781,0.001953,0.000000,-0.003906
18137891,BNO_GYRO_UC,1789,-2900,0,0.939453,4.617188,-0.281250,0.001953,0.000000,-0.003906
18147256,BNO_GYRO_UC,1790,-2700,0,0.599609,4.585938,-0.246094,0.001953,0.000000,-0.003906
18158225,BNO_GYRO_UC,1791,-3100,0,0.257812,4.394531,-0.220703,0.001953,0.000000,-0.003906
18168631,BNO_GYRO_UC,1792,-3200,0,-0.093750,4.144531,-0.214844,0.001953,0.000000,-0.003906
18178151,BNO_GYRO_UC,1793,-2300,0,-0.248047,3.734375,-0.185547,0.001953,0.000000,-0.003906
18188268,BNO_GYRO_UC,1794,-3200,0,-0.232422,3.564453,-0.199219,0.001953,0.000000,-0.003906
18197753,BNO_GYRO_UC,1795,-2900,0,-0.093750,3.179688,-0.230469,0.001953,0.000000,-0.003906
18207755,BNO_GYRO_UC,1796,-2900,0,-0.003906,2.185547,-0.273438,0.001953,0.000000,-0.003906
18218270,BNO_GYRO_UC,1797,-3100,0,-0.162109,0.828125,-0.328125,0.001953,0.000000,-0.003906
18228454,BNO_GYRO_UC,1798,-3200,0,-0.341797,-0.546875,-0.333984,0.001953,0.000000,-0.003906
18237897,BNO_GYRO_UC,1799,-3100,0,-0.341797,-1.658203,-0.255859,0.001953,0.000000,-0.003906
18248118,BNO_GYRO_UC,1800,-3100,0,-0.085938,-2.447266,-0.050781,0.001953,0.000000,-0.003906
18258122,BNO_GYRO_UC,1801,-2700,0,0.117188,-2.781250,0.121094,0.001953,0.000000,-0.003906
18268433,BNO_GYRO_UC,1802,-3200,0,-0.025391,-2.585938,0.212891,0.001953,0.000000,-0.003906
18277880,BNO_GYRO_UC,1803,-3100,0,-0.152344,-1.935547,0.222656,0.001953,0.000000,-0.003906
18288238,BNO_GYRO_UC,1804,-2900,0,-0.132812,-1.119141,0.208984,0.001953,0.000000,-0.003906
18298471,BNO_GYRO_UC,1805,-2700,0,-0.089844,-0.181641,0.181641,0.001953,0.000000,-0.003906
18308628,BNO_GYRO_UC,1806,-3200,0,-0.099609,0.873047,0.128906,0.001953,0.000000,-0.003906
18318064,BNO_GYRO_UC,1807,-3100,0,-0.064453,1.781250,0.105469,0.001953,0.000000,-0.003906
18328590,BNO_GYRO_UC,1808,-3100,0,-0.021484,2.337891,0.117188,0.001953,0.000000,-0.003906
18338560,BNO_GYRO_UC,1809,-2500,0,0.099609,2.351562,0.128906,0.001953,0.000000,-0.003906
18348876,BNO_GYRO_UC,1810,-3200,0,0.130859,1.923828,0.152344,0.001953,0.000000,-0.003906
18358112,BNO_GYRO_UC,1811,-3100,0,0.072266,1.355469,0.187500,0.001953,0.000000,-0.003906
18368600,BNO_GYRO_UC,1812,-3100,0,-0.134766,0.867188,0.195312,0.001953,0.000000,-0.003906
18379073,BNO_GYRO_UC,1813,-3100,0,-0.232422,0.435547,0.218750,0.001953,0.000000,-0.003906
18388484,BNO_GYRO_UC,1814,-3100,0,-0.230469,-0.033203,0.207031,0.001953,0.000000,-0.003906
18398233,BNO_GYRO_UC,1815,-3100,0,-0.259766,-0.597656,0.140625,0.001953,0.000000,-0.003906
18408563,BNO_GYRO_UC,1816,-2900,0,-0.304688,-1.134766,0.083984,0.001953,0.000000,-0.003906
18418832,BNO_GYRO_UC,1817,-2900,0,-0.296875,-1.638672,0.039062,0.001953,0.000000,-0.003906
18429187,BNO_GYRO_UC,1818,-3400,0,-0.302734,-2.175781,0.027344,0.001953,0.000000,-0.003906
18438269,BNO_GYRO_UC,1819,-3100,0,-0.341797,-2.623047,0.017578,0.001953,0.000000,-0.003906
18448784,BNO_GYRO_UC,1820,-3100,0,-0.443359,-2.900391,-0.037109,0.001953,0.000000,-0.003906
18459127,BNO_GYRO_UC,1821,-2900,0,-0.427734,-3.216797,-0.080078,0.001953,0.000000,-0.003906
18469248,BNO_GYRO_UC,1822,-3200,0,-0.324219,-3.705078,-0.093750,0.001953,0.000000,-0.003906
18478383,BNO_GYRO_UC,1823,-2900,0,-0.332031,-4.134766,-0.078125,0.001953,0.000000,-0.003906
18488981,BNO_GYRO_UC,1824,-3100,0,-0.330078,-4.343750,-0.023438,0.001953,0.000000,-0.003906
18499437,BNO_GYRO_UC,1825,-2900,0,-0.269531,-4.300781,0.039062,0.001953,0.000000,-0.003906
18508865,BNO_GYRO_UC,1826,-3200,0,-0.242188,-4.029297,0.117188,0.001953,0.000000,-0.003906
18518380,BNO_GYRO_UC,1827,-2900,0,-0.171875,-3.628906,0.164062,0.001953,0.000000,-0.003906
18529082,BNO_GYRO_UC,1828,-3100,0,-0.121094,-3.193359,0.195312,0.001953,0.000000,-0.003906
18539501,BNO_GYRO_UC,1829,-3100,0,-0.244141,-2.757812,0.205078,0.001953,0.000000,-0.003906
18548902,BNO_GYRO_UC,1830,-3100,0,-0.363281,-2.218750,0.224609,0.001953,0.000000,-0.003906
18558483,BNO_GYRO_UC,1831,-2900,0,-0.392578,-1.464844,0.269531,0.001953,0.000000,-0.003906
18568949,BNO_GYRO_UC,1832,-3100,0,-0.388672,-0.449219,0.296875,0.001953,0.000000,-0.003906
18579234,BNO_GYRO_UC,1833,-2900,0,-0.236328,0.566406,0.248047,0.001953,0.000000,-0.003906
18589363,BNO_GYRO_UC,1834,-3200,0,0.076172,1.167969,0.111328,0.001953,0.000000,-0.003906
18598721,BNO_GYRO_UC,1835,-3100,0,0.375000,1.191406,-0.058594,0.001953,0.000000,-0.003906
18609248,BNO_GYRO_UC,1836,-3100,0,0.429688,0.802734,-0.181641,0.001953,0.000000,-0.003906
18619732,BNO_GYRO_UC,1837,-3200,0,0.357422,0.154297,-0.248047,0.001953,0.000000,-0.003906
18629067,BNO_GYRO_UC,1838,-2700,0,0.324219,-0.599609,-0.267578,0.001953,0.000000,-0.003906
18638353,BNO_GYRO_UC,1839,-2700,0,0.251953,-1.226562,-0.242188,0.001953,0.000000,-0.003906
18649002,BNO_GYRO_UC,1840,-2900,0,0.072266,-1.541016,-0.193359,0.001953,0.000000,-0.003906
18659411,BNO_GYRO_UC,1841,-2900,0,-0.015625,-1.660156,-0.119141,0.001953,0.000000,-0.003906
18669610,BNO_GYRO_UC,1842,-3400,0,-0.041016,-1.642578,-0.019531,0.001953,0.000000,-0.003906
18678761,BNO_GYRO_UC,1843,-2900,0,-0.109375,-1.427734,0.085938,0.001953,0.000000,-0.003906
18689263,BNO_GYRO_UC,1844,-3100,0,-0.330078,-0.980469,0.212891,0.001953,0.000000,-0.003906
18699548,BNO_GYRO_UC,1845,-2900,0,-0.595703,-0.371094,0.324219,0.001953,0.000000,-0.003906
18709715,BNO_GYRO_UC,1846,-3200,0,-0.595703,0.099609,0.277344,0.001953,0.000000,-0.003906
18718990,BNO_GYRO_UC,1847,-3100,0,-0.365234,0.125000,0.099609,0.001953,0.000000,-0.003906
18729592,BNO_GYRO_UC,1848,-3100,0,-0.060547,-0.347656,-0.138672,0.001953,0.000000,-0.003906
18739988,BNO_GYRO_UC,1849,-3100,0,0.126953,-1.093750,-0.333984,0.001953,0.000000,-0.003906
18749308,BNO_GYRO_UC,1850,-2500,0,0.148438,-1.949219,-0.398438,0.001953,0.000000,-0.003906
18758915,BNO_GYRO_UC,1851,-2900,0,0.089844,-2.779297,-0.400391,0.001953,0.000000,-0.003906
18769359,BNO_GYRO_UC,1852,-3100,0,-0.132812,-3.333984,-0.306641,0.001953,0.000000,-0.003906
18779318,BNO_GYRO_UC,1853,-3400,0,-0.306641,-3.496094,-0.185547,0.001953,0.000000,-0.003906
18789482,BNO_GYRO_UC,1854,-3100,0,-0.435547,-3.365234,-0.009766,0.001953,0.000000,-0.003906
18798828,BNO_GYRO_UC,1855,-2900,0,-0.519531,-2.945312,0.140625,0.001953,0.000000,-0.003906
18809646,BNO_GYRO_UC,1856,-3100,0,-0.630859,-2.371094,0.291016,0.001953,0.000000,-0.003906
18819526,BNO_GYRO_UC,1857,-3400,0,-0.705078,-1.597656,0.439453,0.001953,0.000000,-0.003906
18829711,BNO_GYRO_UC,1858,-3100,0,-0.683594,-0.726562,0.511719,0.001953,0.000000,-0.003906
18838751,BNO_GYRO_UC,1859,-2500,0,-0.458984,-0.167969,0.394531,0.001953,0.000000,-0.003906
18849394,BNO_GYRO_UC,1860,-3100,0,-0.117188,0.074219,0.138672,0.001953,0.000000,-0.003906
18859190,BNO_GYRO_UC,1861,-2900,0,0.316406,-0.027344,-0.146484,0.001953,0.000000,-0.003906
18870355,BNO_GYRO_UC,1862,-3400,0,0.572266,-0.394531,-0.361328,0.001953,0.000000,-0.003906
18879129,BNO_GYRO_UC,1863,-3100,0,0.560547,-0.906250,-0.417969,0.001953,0.000000,-0.003906
18889606,BNO_GYRO_UC,1864,-3100,0,0.550781,-1.396484,-0.464844,0.001953,0.000000,-0.003906
18899351,BNO_GYRO_UC,1865,-2900,0,0.445312,-1.580078,-0.433594,0.001953,0.000000,-0.003906
18910507,BNO_GYRO_UC,1866,-3400,0,0.220703,-1.410156,-0.269531,0.001953,0.000000,-0.003906
18919346,BNO_GYRO_UC,1867,-3100,0,0.064453,-0.931641,-0.037109,0.001953,0.000000,-0.003906
18929917,BNO_GYRO_UC,1868,-3100,0,-0.037109,-0.240234,0.181641,0.001953,0.000000,-0.003906
18939417,BNO_GYRO_UC,1869,-3100,0,-0.056641,0.619141,0.371094,0.001953,0.000000,-0.003906
18949830,BNO_GYRO_UC,1870,-2900,0,-0.052734,1.664062,0.541016,0.001953,0.000000,-0.003906
18959378,BNO_GYRO_UC,1871,-2900,0,-0.046875,2.806641,0.591797,0.001953,0.000000,-0.003906
18970012,BNO_GYRO_UC,1872,-3100,0,-0.003906,3.814453,0.523438,0.001953,0.000000,-0.003906
18979704,BNO_GYRO_UC,1873,-3100,0,0.216797,4.666016,0.298828,0.001953,0.000000,-0.003906
18989883,BNO_GYRO_UC,1874,-2900,0,0.781250,5.216797,0.005859,0.001953,0.000000,-0.003906
18999234,BNO_GYRO_UC,1875,-2700,0,1.318359,5.138672,-0.220703,0.001953,0.000000,-0.003906
19010131,BNO_GYRO_UC,1876,-3100,0,1.265625,4.285156,-0.271484,0.001953,0.000000,-0.003906
19019516,BNO_GYRO_UC,1877,-3100,0,0.843750,3.302734,-0.111328,0.001953,0.000000,-0.003906
19030781,BNO_GYRO_UC,1878,-3400,0,0.656250,2.568359,0.056641,0.001953,0.000000,-0.003906
19040153,BNO_GYRO_UC,1879,-3400,0,0.695312,2.382812,0.132812,0.001953,0.000000,-0.003906
19049563,BNO_GYRO_UC,1880,-2900,0,0.720703,2.703125,0.134766,0.001953,0.000000,-0.003906
19059849,BNO_GYRO_UC,1881,-3200,0,0.583984,3.326172,0.105469,0.001953,0.000000,-0.003906
19070090,BNO_GYRO_UC,1882,-2900,0,0.410156,4.306641,0.050781,0.001953,0.000000,-0.003906
19080232,BNO_GYRO_UC,1883,-3200,0,0.205078,5.189453,-0.017578,0.001953,0.000000,-0.003906
19089696,BNO_GYRO_UC,1884,-2900,0,0.087891,5.533203,-0.158203,0.001953,0.000000,-0.003906
19100119,BNO_GYRO_UC,1885,-3100,0,-0.052734,4.720703,-0.361328,0.001953,0.000000,-0.003906
19110015,BNO_GYRO_UC,1886,-2700,0,-0.318359,2.697266,-0.529297,0.001953,0.000000,-0.003906
19120450,BNO_GYRO_UC,1887,-3400,0,-0.570312,0.539062,-0.550781,0.001953,0.000000,-0.003906
19129635,BNO_GYRO_UC,1888,-2900,0,-0.339844,-1.289062,-0.425781,0.001953,0.000000,-0.003906
19140086,BNO_GYRO_UC,1889,-3100,0,-0.003906,-2.271484,-0.222656,0.001953,0.000000,-0.003906
19150254,BNO_GYRO_UC,1890,-2900,0,0.140625,-2.140625,0.005859,0.001953,0.000000,-0.003906
19160491,BNO_GYRO_UC,1891,-3200,0,0.294922,-1.205078,0.281250,0.001953,0.000000,-0.003906
19169909,BNO_GYRO_UC,1892,-3100,0,0.402344,0.097656,0.423828,0.001953,0.000000,-0.003906
19180167,BNO_GYRO_UC,1893,-3100,0,0.509766,1.429688,0.501953,0.001953,0.000000,-0.003906
19190433,BNO_GYRO_UC,1894,-2900,0,0.478516,2.416016,0.496094,0.001953,0.000000,-0.003906
19200647,BNO_GYRO_UC,1895,-3200,0,0.509766,2.904297,0.404297,0.001953,0.000000,-0.003906
19210031,BNO_GYRO_UC,1896,-3100,0,0.435547,3.017578,0.224609,0.001953,0.000000,-0.003906
19220441,BNO_GYRO_UC,1897,-3100,0,0.216797,2.808594,-0.019531,0.001953,0.000000,-0.003906
19230472,BNO_GYRO_UC,1898,-2500,0,0.072266,2.220703,-0.265625,0.001953,0.000000,-0.003906
19240633,BNO_GYRO_UC,1899,-3200,0,-0.076172,1.365234,-0.460938,0.001953,0.000000,-0.003906
19250104,BNO_GYRO_UC,1900,-2900,0,-0.121094,0.583984,-0.562500,0.001953,0.000000,-0.003906
19260578,BNO_GYRO_UC,1901,-3100,0,-0.068359,0.121094,-0.535156,0.001953,0.000000,-0.003906
19270927,BNO_GYRO_UC,1902,-2900,0,-0.005859,0.058594,-0.406250,0.001953,0.000000,-0.003906
19281083,BNO_GYRO_UC,1903,-3200,0,0.101562,0.375000,-0.242188,0.001953,0.000000,-0.003906
19290207,BNO_GYRO_UC,1904,-3100,0,0.142578,0.804688,-0.056641,0.001953,0.000000,-0.003906
19300981,BNO_GYRO_UC,1905,-3100,0,0.169922,1.058594,0.148438,0.001953,0.000000,-0.003906
19311243,BNO_GYRO_UC,1906,-3100,0,0.244141,1.197266,0.328125,0.001953,0.000000,-0.003906
19320694,BNO_GYRO_UC,1907,-3200,0,0.396484,1.296875,0.410156,0.001953,0.000000,-0.003906
19330185,BNO_GYRO_UC,1908,-2900,0,0.451172,1.365234,0.339844,0.001953,0.000000,-0.003906
19340670,BNO_GYRO_UC,1909,-3100,0,0.312500,1.400391,0.199219,0.001953,0.000000,-0.003906
19351076,BNO_GYRO_UC,1910,-3100,0,0.167969,1.490234,-0.044922,0.001953,0.000000,-0.003906
19361268,BNO_GYRO_UC,1911,-3200,0,-0.121094,1.568359,-0.292969,0.001953,0.000000,-0.003906
19370378,BNO_GYRO_UC,1912,-3100,0,-0.312500,1.687500,-0.458984,0.001953,0.000000,-0.003906
19380892,BNO_GYRO_UC,1913,-3100,0,-0.429688,2.005859,-0.455078,0.001953,0.000000,-0.003906
19391339,BNO_GYRO_UC,1914,-3100,0,-0.591797,2.468750,-0.320312,0.001953,0.000000,-0.003906
19400756,BNO_GYRO_UC,1915,-3100,0,-0.642578,2.843750,-0.148438,0.001953,0.000000,-0.003906
19410437,BNO_GYRO_UC,1916,-2900,0,-0.613281,2.992188,0.027344,0.001953,0.000000,-0.003906
19421080,BNO_GYRO_UC,1917,-3100,0,-0.447266,2.964844,0.138672,0.001953,0.000000,-0.003906
19431327,BNO_GYRO_UC,1918,-3100,0,-0.466797,2.738281,0.195312,0.001953,0.000000,-0.003906
19441529,BNO_GYRO_UC,1919,-3200,0,-0.494141,2.451172,0.248047,0.001953,0.000000,-0.003906
19450517,BNO_GYRO_UC,1920,-2900,0,-0.369141,2.060547,0.287109,0.001953,0.000000,-0.003906
19461132,BNO_GYRO_UC,1921,-3100,0,-0.251953,1.712891,0.232422,0.001953,0.000000,-0.003906
19471495,BNO_GYRO_UC,1922,-2900,0,-0.173828,1.437500,0.080078,0.001953,0.000000,-0.003906
19481664,BNO_GYRO_UC,1923,-3200,0,-0.337891,1.089844,-0.152344,0.001953,0.000000,-0.003906
19490559,BNO_GYRO_UC,1924,-2900,0,-0.654297,0.492188,-0.400391,0.001953,0.000000,-0.003906
19501293,BNO_GYRO_UC,1925,-3100,0,-0.785156,-0.224609,-0.695312,0.001953,0.000000,-0.003906
19511750,BNO_GYRO_UC,1926,-3100,0,-0.632812,-1.023438,-0.798828,0.001953,0.000000,-0.003906
19521139,BNO_GYRO_UC,1927,-3100,0,-0.367188,-1.945312,-0.583984,0.001953,0.000000,-0.003906
19530505,BNO_GYRO_UC,1928,-2700,0,-0.208984,-2.566406,-0.302734,0.001953,0.000000,-0.003906
19540980,BNO_GYRO_UC,1929,-3100,0,-0.121094,-2.757812,-0.093750,0.001953,0.000000,-0.003906
19551599,BNO_GYRO_UC,1930,-3200,0,0.033203,-2.753906,0.138672,0.001953,0.000000,-0.003906
19561791,BNO_GYRO_UC,1931,-3200,0,0.158203,-2.677734,0.298828,0.001953,0.000000,-0.003906
19570846,BNO_GYRO_UC,1932,-3100,0,0.173828,-2.541016,0.357422,0.001953,0.000000,-0.003906
19581495,BNO_GYRO_UC,1933,-3100,0,-0.037109,-2.480469,0.287109,0.001953,0.000000,-0.003906
19591866,BNO_GYRO_UC,1934,-3100,0,-0.173828,-2.548828,0.160156,0.001953,0.000000,-0.003906
19601345,BNO_GYRO_UC,1935,-2700,0,-0.179688,-2.697266,0.033203,0.001953,0.000000,-0.003906
19611044,BNO_GYRO_UC,1936,-3100,0,-0.191406,-2.957031,-0.056641,0.001953,0.000000,-0.003906
19621687,BNO_GYRO_UC,1937,-3200,0,-0.181641,-3.287109,-0.091797,0.001953,0.000000,-0.003906
19632030,BNO_GYRO_UC,1938,-2700,0,-0.443359,-3.509766,-0.148438,0.001953,0.000000,-0.003906
19641338,BNO_GYRO_UC,1939,-2700,0,-0.892578,-3.589844,-0.187500,0.001953,0.000000,-0.003906
19650991,BNO_GYRO_UC,1940,-2900,0,-1.214844,-3.371094,-0.181641,0.001953,0.000000,-0.003906
19661594,BNO_GYRO_UC,1941,-3100,0,-1.345703,-3.017578,-0.125000,0.001953,0.000000,-0.003906
19672065,BNO_GYRO_UC,1942,-3100,0,-1.310547,-2.535156,-0.054688,0.001953,0.000000,-0.003906
19681360,BNO_GYRO_UC,1943,-2500,0,-1.314453,-2.000000,-0.019531,0.001953,0.000000,-0.003906
19690817,BNO_GYRO_UC,1944,-2700,0,-1.312500,-1.437500,-0.007812,0.001953,0.000000,-0.003906
19701480,BNO_GYRO_UC,1945,-3100,0,-1.128906,-0.978516,0.009766,0.001953,0.000000,-0.003906
19711144,BNO_GYRO_UC,1946,-3100,0,-0.767578,-0.771484,0.066406,0.001953,0.000000,-0.003906
19722148,BNO_GYRO_UC,1947,-3400,0,-0.527344,-0.843750,0.103516,0.001953,0.000000,-0.003906
19731257,BNO_GYRO_UC,1948,-3100,0,-0.386719,-1.023438,0.121094,0.001953,0.000000,-0.003906
19741252,BNO_GYRO_UC,1949,-3100,0,-0.513672,-1.332031,0.125000,0.001953,0.000000,-0.003906
19751298,BNO_GYRO_UC,1950,-3100,0,-0.894531,-1.589844,0.158203,0.001953,0.000000,-0.003906
19762361,BNO_GYRO_UC,1951,-3400,0,-1.244141,-1.708984,0.218750,0.001953,0.000000,-0.003906
19771304,BNO_GYRO_UC,1952,-3100,0,-1.486328,-1.658203,0.253906,0.001953,0.000000,-0.003906
19781897,BNO_GYRO_UC,1953,-3100,0,-1.605469,-1.431641,0.275391,0.001953,0.000000,-0.003906
19791322,BNO_GYRO_UC,1954,-3100,0,-1.750000,-1.134766,0.255859,0.001953,0.000000,-0.003906
19802323,BNO_GYRO_UC,1955,-3400,0,-1.835938,-1.107422,0.160156,0.001953,0.000000,-0.003906
19811352,BNO_GYRO_UC,1956,-3100,0,-1.652344,-1.402344,-0.013672,0.001953,0.000000,-0.003906
19822003,BNO_GYRO_UC,1957,-3100,0,-1.214844,-1.960938,-0.189453,0.001953,0.000000,-0.003906
19831326,BNO_GYRO_UC,1958,-2900,0,-0.773438,-2.687500,-0.269531,0.001953,0.000000,-0.003906
19842593,BNO_GYRO_UC,1959,-3400,0,-0.542969,-3.296875,-0.275391,0.001953,0.000000,-0.003906
19851360,BNO_GYRO_UC,1960,-3100,0,-0.480469,-3.527344,-0.251953,0.001953,0.000000,-0.003906
19862007,BNO_GYRO_UC,1961,-3100,0,-0.521484,-3.253906,-0.267578,0.001953,0.000000,-0.003906
19871559,BNO_GYRO_UC,1962,-3100,0,-0.447266,-2.740234,-0.234375,0.001953,0.000000,-0.003906
19882648,BNO_GYRO_UC,1963,-3400,0,-0.396484,-2.353516,-0.146484,0.001953,0.000000,-0.003906
19891945,BNO_GYRO_UC,1964,-3200,0,-0.248047,-2.058594,-0.013672,0.001953,0.000000,-0.003906
19901539,BNO_GYRO_UC,1965,-2900,0,-0.156250,-1.796875,0.111328,0.001953,0.000000,-0.003906
19911494,BNO_GYRO_UC,1966,-2900,0,-0.205078,-1.509766,0.214844,0.001953,0.000000,-0.003906
19922654,BNO_GYRO_UC,1967,-3400,0,-0.259766,-1.052734,0.183594,0.001953,0.000000,-0.003906
19931997,BNO_GYRO_UC,1968,-3200,0,-0.085938,-0.738281,-0.017578,0.001953,0.000000,-0.003906
19941641,BNO_GYRO_UC,1969,-3100,0,0.150391,-0.765625,-0.251953,0.001953,0.000000,-0.003906
19951858,BNO_GYRO_UC,1970,-3100,0,0.302734,-1.119141,-0.457031,0.001953,0.000000,-0.003906
19962131,BNO_GYRO_UC,1971,-2900,0,0.345703,-1.652344,-0.585938,0.001953,0.000000,-0.003906
19971329,BNO_GYRO_UC,1972,-2700,0,0.433594,-2.126953,-0.691406,0.001953,0.000000,-0.003906
19982168,BNO_GYRO_UC,1973,-3100,0,0.677734,-2.402344,-0.748047,0.001953,0.000000,-0.003906
19991680,BNO_GYRO_UC,1974,-2900,0,1.009766,-2.466797,-0.734375,0.001953,0.000000,-0.003906
20002724,BNO_GYRO_UC,1975,-3600,0,0.921875,-2.474609,-0.728516,0.001953,0.000000,-0.003906
20011613,BNO_GYRO_UC,1976,-2700,0,1.195312,-1.902344,-0.648438,0.001953,0.000000,-0.003906
20022389,BNO_GYRO_UC,1977,-3100,0,1.501953,-1.212891,-0.550781,0.001953,0.000000,-0.003906
20031899,BNO_GYRO_UC,1978,-2900,0,1.582031,-0.798828,-0.519531,0.001953,0.000000,-0.003906
20043057,BNO_GYRO_UC,1979,-3400,0,1.728516,-0.355469,-0.482422,0.001953,0.000000,-0.003906
20052376,BNO_GYRO_UC,1980,-3200,0,1.761719,0.259766,-0.433594,0.001953,0.000000,-0.003906
20061896,BNO_GYRO_UC,1981,-2900,0,1.841797,0.943359,-0.470703,0.001953,0.000000,-0.003906
20072091,BNO_GYRO_UC,1982,-3100,0,2.052734,1.529297,-0.623047,0.001953,0.000000,-0.003906
20082323,BNO_GYRO_UC,1983,-3100,0,2.365234,1.787109,-0.802734,0.001953,0.000000,-0.003906
20092344,BNO_GYRO_UC,1984,-3200,0,2.677734,1.664062,-0.980469,0.001953,0.000000,-0.003906
20101844,BNO_GYRO_UC,1985,-2900,0,2.748047,1.273438,-0.992188,0.001953,0.000000,-0.003906
20112628,BNO_GYRO_UC,1986,-3100,0,2.375000,0.929688,-0.853516,0.001953,0.000000,-0.003906
20123096,BNO_GYRO_UC,1987,-3100,0,1.828125,0.890625,-0.638672,0.001953,0.000000,-0.003906
20132544,BNO_GYRO_UC,1988,-3200,0,1.380859,1.023438,-0.416016,0.001953,0.000000,-0.003906
20142042,BNO_GYRO_UC,1989,-3100,0,0.988281,1.443359,-0.156250,0.001953,0.000000,-0.003906
20152589,BNO_GYRO_UC,1990,-3100,0,0.632812,2.029297,0.126953,0.001953,0.000000,-0.003906
20162603,BNO_GYRO_UC,1991,-2500,0,0.519531,2.515625,0.294922,0.001953,0.000000,-0.003906
20172781,BNO_GYRO_UC,1992,-3200,0,0.357422,2.855469,0.417969,0.001953,0.000000,-0.003906
20182225,BNO_GYRO_UC,1993,-2900,0,-0.111328,3.261719,0.541016,0.001953,0.000000,-0.003906
20192778,BNO_GYRO_UC,1994,-3100,0,-0.570312,3.636719,0.492188,0.001953,0.000000,-0.003906
20203256,BNO_GYRO_UC,1995,-3100,0,-0.558594,3.156250,0.164062,0.001953,0.000000,-0.003906
20212776,BNO_GYRO_UC,1996,-3200,0,-0.255859,2.031250,-0.205078,0.001953,0.000000,-0.003906
20222253,BNO_GYRO_UC,1997,-2900,0,-0.074219,0.707031,-0.472656,0.001953,0.000000,-0.003906
20232739,BNO_GYRO_UC,1998,-3100,0,0.085938,-0.626953,-0.613281,0.001953,0.000000,-0.003906
20242962,BNO_GYRO_UC,1999,-2900,0,0.103516,-1.400391,-0.585938,0.001953,0.000000,-0.003906
20253271,BNO_GYRO_UC,2000,-3200,0,-0.121094,-1.324219,-0.371094,0.001953,0.000000,-0.003906
20262410,BNO_GYRO_UC,2001,-2900,0,-0.173828,-0.552734,-0.105469,0.001953,0.000000,-0.003906
20272989,BNO_GYRO_UC,2002,-3100,0,-0.074219,0.351562,0.101562,0.001953,0.000000,-0.003906
20283402,BNO_GYRO_UC,2003,-2900,0,-0.041016,0.958984,0.236328,0.001953,0.000000,-0.003906
20292772,BNO_GYRO_UC,2004,-3100,0,-0.029297,1.279297,0.255859,0.001953,0.000000,-0.003906
20302432,BNO_GYRO_UC,2005,-3100,0,0.041016,1.291016,0.210938,0.001953,0.000000,-0.003906
20313204,BNO_GYRO_UC,2006,-3100,0,-0.029297,1.439453,0.132812,0.001953,0.000000,-0.003906
20323525,BNO_GYRO_UC,2007,-3100,0,-0.105469,1.640625,0.046875,0.001953,0.000000,-0.003906
20333022,BNO_GYRO_UC,2008,-3100,0,-0.109375,1.705078,-0.089844,0.001953,0.000000,-0.003906
20342554,BNO_GYRO_UC,2009,-2900,0,-0.080078,1.650391,-0.281250,0.001953,0.000000,-0.003906
20353256,BNO_GYRO_UC,2010,-3100,0,-0.125000,1.398438,-0.429688,0.001953,0.000000,-0.003906
20363652,BNO_GYRO_UC,2011,-3100,0,-0.119141,0.861328,-0.496094,0.001953,0.000000,-0.003906
20372962,BNO_GYRO_UC,2012,-3100,0,-0.064453,0.380859,-0.447266,0.001953,0.000000,-0.003906
20382660,BNO_GYRO_UC,2013,-2900,0,-0.095703,0.244141,-0.287109,0.001953,0.000000,-0.003906
20393390,BNO_GYRO_UC,2014,-3100,0,-0.339844,0.437500,-0.080078,0.001953,0.000000,-0.003906
20403744,BNO_GYRO_UC,2015,-2900,0,-0.556641,0.679688,0.126953,0.001953,0.000000,-0.003906
20413109,BNO_GYRO_UC,2016,-3100,0,-0.697266,0.890625,0.257812,0.001953,0.000000,-0.003906
20422648,BNO_GYRO_UC,2017,-2900,0,-1.027344,1.007812,0.263672,0.001953,0.000000,-0.003906
20433467,BNO_GYRO_UC,2018,-3100,0,-1.445312,1.011719,0.156250,0.001953,0.000000,-0.003906
20443751,BNO_GYRO_UC,2019,-3100,0,-1.832031,0.941406,0.027344,0.001953,0.000000,-0.003906
20453906,BNO_GYRO_UC,2020,-3400,0,-2.130859,0.685547,-0.080078,0.001953,0.000000,-0.003906
20462923,BNO_GYRO_UC,2021,-3100,0,-2.285156,0.369141,-0.175781,0.001953,0.000000,-0.003906
20473536,BNO_GYRO_UC,2022,-3100,0,-2.308594,0.119141,-0.281250,0.001953,0.000000,-0.003906
20483920,BNO_GYRO_UC,2023,-3100,0,-2.267578,-0.089844,-0.398438,0.001953,0.000000,-0.003906
20493345,BNO_GYRO_UC,2024,-2700,0,-1.998047,-0.314453,-0.433594,0.001953,0.000000,-0.003906
20502895,BNO_GYRO_UC,2025,-2900,0,-1.601562,-0.480469,-0.353516,0.001953,0.000000,-0.003906
20513642,BNO_GYRO_UC,2026,-3100,0,-1.335938,-0.466797,-0.246094,0.001953,0.000000,-0.003906
20524163,BNO_GYRO_UC,2027,-3100,0,-1.285156,-0.294922,-0.187500,0.001953,0.000000,-0.003906
20533514,BNO_GYRO_UC,2028,-2900,0,-1.378906,-0.103516,-0.158203,0.001953,0.000000,-0.003906
20542831,BNO_GYRO_UC,2029,-2700,0,-1.425781,0.007812,-0.142578,0.001953,0.000000,-0.003906
20553590,BNO_GYRO_UC,2030,-3100,0,-1.218750,-0.083984,-0.175781,0.001953,0.000000,-0.003906
20563963,BNO_GYRO_UC,2031,-3100,0,-0.927734,-0.392578,-0.263672,0.001953,0.000000,-0.003906
20574186,BNO_GYRO_UC,2032,-3400,0,-0.775391,-0.777344,-0.351562,0.001953,0.000000,-0.003906
20583450,BNO_GYRO_UC,2033,-3100,0,-0.849609,-1.179688,-0.404297,0.001953,0.000000,-0.003906
20593141,BNO_GYRO_UC,2034,-3100,0,-0.917969,-1.472656,-0.460938,0.001953,0.000000,-0.003906
20604422,BNO_GYRO_UC,2035,-3600,0,-0.820312,-1.769531,-0.515625,0.001953,0.000000,-0.003906
20613767,BNO_GYRO_UC,2036,-2900,0,-0.882812,-2.031250,-0.525391,0.001953,0.000000,-0.003906
20622832,BNO_GYRO_UC,2037,-2700,0,-1.013672,-2.259766,-0.517578,0.001953,0.000000,-0.003906
20633432,BNO_GYRO_UC,2038,-3100,0,-0.902344,-2.593750,-0.505859,0.001953,0.000000,-0.003906
20643253,BNO_GYRO_UC,2039,-2900,0,-0.660156,-2.728516,-0.482422,0.001953,0.000000,-0.003906
20654308,BNO_GYRO_UC,2040,-3400,0,-0.291016,-2.373047,-0.453125,0.001953,0.000000,-0.003906
20663261,BNO_GYRO_UC,2041,-2900,0,0.134766,-1.656250,-0.353516,0.001953,0.000000,-0.003906
20673904,BNO_GYRO_UC,2042,-3100,0,0.482422,-0.675781,-0.230469,0.001953,0.000000,-0.003906
20683443,BNO_GYRO_UC,2043,-2900,0,0.886719,0.292969,-0.164062,0.001953,0.000000,-0.003906
20694462,BNO_GYRO_UC,2044,-3400,0,1.404297,1.072266,-0.105469,0.001953,0.000000,-0.003906
20703385,BNO_GYRO_UC,2045,-3100,0,1.865234,1.812500,-0.050781,0.001953,0.000000,-0.003906
20714111,BNO_GYRO_UC,2046,-3100,0,2.117188,2.511719,0.041016,0.001953,0.000000,-0.003906
20723415,BNO_GYRO_UC,2047,-2900,0,2.076172,3.230469,0.203125,0.001953,0.000000,-0.003906
20734539,BNO_GYRO_UC,2048,-3400,0,1.853516,4.166016,0.345703,0.001953,0.000000,-0.003906
20743543,BNO_GYRO_UC,2049,-3100,0,1.693359,5.175781,0.505859,0.001953,0.000000,-0.003906
20754194,BNO_GYRO_UC,2050,-3100,0,1.755859,6.103516,0.666016,0.001953,0.000000,-0.003906
20763459,BNO_GYRO_UC,2051,-3100,0,1.912109,7.046875,0.847656,0.001953,0.000000,-0.003906
20774683,BNO_GYRO_UC,2052,-3400,0,2.527344,8.082031,1.085938,0.001953,0.000000,-0.003906
20783720,BNO_GYRO_UC,2053,-3200,0,2.910156,8.349609,1.058594,0.001953,0.000000,-0.003906
20794385,BNO_GYRO_UC,2054,-3200,0,2.406250,7.068359,0.498047,0.001953,0.000000,-0.003906
20803537,BNO_GYRO_UC,2055,-2900,0,1.583984,5.419922,0.203125,0.001953,0.000000,-0.003906
20814735,BNO_GYRO_UC,2056,-3400,0,0.882812,3.832031,0.072266,0.001953,0.000000,-0.003906
20823603,BNO_GYRO_UC,2057,-3100,0,0.517578,1.812500,-0.019531,0.001953,0.000000,-0.003906
20834273,BNO_GYRO_UC,2058,-3100,0,0.482422,0.109375,-0.056641,0.001953,0.000000,-0.003906
20843842,BNO_GYRO_UC,2059,-2900,0,0.388672,-0.900391,-0.109375,0.001953,0.000000,-0.003906
20854930,BNO_GYRO_UC,2060,-3400,0,0.238281,-1.638672,-0.125000,0.001953,0.000000,-0.003906
20864152,BNO_GYRO_UC,2061,-3400,0,0.091797,-2.314453,-0.152344,0.001953,0.000000,-0.003906
20873697,BNO_GYRO_UC,2062,-2900,0,0.009766,-2.998047,-0.152344,0.001953,0.000000,-0.003906
20883936,BNO_GYRO_UC,2063,-3100,0,-0.175781,-3.683594,-0.185547,0.001953,0.000000,-0.003906
20894160,BNO_GYRO_UC,2064,-2900,0,-0.500000,-4.230469,-0.253906,0.001953,0.000000,-0.003906
20904164,BNO_GYRO_UC,2065,-3100,0,-0.603516,-4.257812,-0.203125,0.001953,0.000000,-0.003906
20913718,BNO_GYRO_UC,2066,-3100,0,-0.531250,-3.535156,-0.085938,0.001953,0.000000,-0.003906
20924026,BNO_GYRO_UC,2067,-3100,0,-0.328125,-2.197266,0.056641,0.001953,0.000000,-0.003906
20934330,BNO_GYRO_UC,2068,-2900,0,0.078125,-0.708984,0.125000,0.001953,0.000000,-0.003906
20944431,BNO_GYRO_UC,2069,-3200,0,0.503906,0.484375,0.132812,0.001953,0.000000,-0.003906
20953932,BNO_GYRO_UC,2070,-2900,0,0.544922,0.992188,0.128906,0.001953,0.000000,-0.003906
20964396,BNO_GYRO_UC,2071,-3100,0,0.275391,0.792969,0.126953,0.001953,0.000000,-0.003906
20974428,BNO_GYRO_UC,2072,-2500,0,0.177734,0.029297,0.089844,0.001953,0.000000,-0.003906
20984527,BNO_GYRO_UC,2073,-3200,0,0.328125,-1.375000,-0.015625,0.001953,0.000000,-0.003906
20994020,BNO_GYRO_UC,2074,-2900,0,0.318359,-2.666016,-0.164062,0.001953,0.000000,-0.003906
21004486,BNO_GYRO_UC,2075,-3100,0,0.318359,-3.812500,-0.197266,0.001953,0.000000,-0.003906
21014448,BNO_GYRO_UC,2076,-2700,0,0.267578,-5.058594,-0.167969,0.001953,0.000000,-0.003906
21024718,BNO_GYRO_UC,2077,-3200,0,-0.039062,-5.957031,-0.150391,0.001953,0.000000,-0.003906
21034086,BNO_GYRO_UC,2078,-2900,0,-0.470703,-6.164062,-0.103516,0.001953,0.000000,-0.003906
21044470,BNO_GYRO_UC,2079,-3100,0,-0.761719,-5.474609,0.056641,0.001953,0.000000,-0.003906
21054617,BNO_GYRO_UC,2080,-2900,0,-0.818359,-3.583984,0.302734,0.001953,0.000000,-0.003906
21064589,BNO_GYRO_UC,2081,-3200,0,-0.642578,-1.015625,0.447266,0.001953,0.000000,-0.003906
21074133,BNO_GYRO_UC,2082,-2700,0,-0.261719,1.191406,0.447266,0.001953,0.000000,-0.003906
21084638,BNO_GYRO_UC,2083,-3100,0,0.289062,2.900391,0.373047,0.001953,0.000000,-0.003906
21094925,BNO_GYRO_UC,2084,-3100,0,0.855469,4.335938,0.191406,0.001953,0.000000,-0.003906
21105291,BNO_GYRO_UC,2085,-3200,0,1.355469,5.529297,0.013672,0.001953,0.000000,-0.003906
21114334,BNO_GYRO_UC,2086,-2900,0,1.474609,6.033203,-0.041016,0.001953,0.000000,-0.003906
21124919,BNO_GYRO_UC,2087,-3100,0,1.181641,5.546875,0.046875,0.001953,0.000000,-0.003906
21134777,BNO_GYRO_UC,2088,-2500,0,0.796875,4.607422,0.128906,0.001953,0.000000,-0.003906
21144948,BNO_GYRO_UC,2089,-3200,0,0.457031,3.345703,0.181641,0.001953,0.000000,-0.003906
21154377,BNO_GYRO_UC,2090,-2900,0,0.134766,1.707031,0.210938,0.001953,0.000000,-0.003906
21165021,BNO_GYRO_UC,2091,-3100,0,-0.238281,-0.371094,0.164062,0.001953,0.000000,-0.003906
21175434,BNO_GYRO_UC,2092,-2900,0,-0.589844,-2.783203,-0.001953,0.001953,0.000000,-0.003906
21185676,BNO_GYRO_UC,2093,-3200,0,-0.722656,-5.611328,-0.177734,0.001953,0.000000,-0.003906
21194608,BNO_GYRO_UC,2094,-3100,0,-0.902344,-8.453125,-0.412109,0.001953,0.000000,-0.003906
21205123,BNO_GYRO_UC,2095,-3200,0,-1.285156,-10.564453,-0.609375,0.001953,0.000000,-0.003906
21215367,BNO_GYRO_UC,2096,-3100,0,-1.835938,-10.890625,-0.746094,0.001953,0.000000,-0.003906
21225640,BNO_GYRO_UC,2097,-3400,0,-1.777344,-9.597656,-0.666016,0.001953,0.000000,-0.003906
21234642,BNO_GYRO_UC,2098,-3100,0,-1.369141,-7.525391,-0.603516,0.001953,0.000000,-0.003906
21245262,BNO_GYRO_UC,2099,-3100,0,-1.070312,-4.964844,-0.351562,0.001953,0.000000,-0.003906
21255650,BNO_GYRO_UC,2100,-2900,0,-0.667969,-2.763672,-0.013672,0.001953,0.000000,-0.003906
21265134,BNO_GYRO_UC,2101,-3200,0,-0.320312,-1.175781,0.169922,0.001953,0.000000,-0.003906
21274676,BNO_GYRO_UC,2102,-2900,0,0.039062,0.292969,0.265625,0.001953,0.000000,-0.003906
21285449,BNO_GYRO_UC,2103,-3100,0,0.386719,1.828125,0.333984,0.001953,0.000000,-0.003906
21295741,BNO_GYRO_UC,2104,-2900,0,0.619141,3.457031,0.460938,0.001953,0.000000,-0.003906
21305203,BNO_GYRO_UC,2105,-3100,0,0.607422,4.886719,0.595703,0.001953,0.000000,-0.003906
21314718,BNO_GYRO_UC,2106,-2900,0,0.982422,6.273438,0.527344,0.001953,0.000000,-0.003906
21325467,BNO_GYRO_UC,2107,-3100,0,1.654297,7.443359,0.355469,0.001953,0.000000,-0.003906
21335921,BNO_GYRO_UC,2108,-3100,0,1.970703,8.177734,0.246094,0.001953,0.000000,-0.003906
21345267,BNO_GYRO_UC,2109,-3100,0,1.857422,8.263672,0.085938,0.001953,0.000000,-0.003906
21354738,BNO_GYRO_UC,2110,-2900,0,1.455078,7.121094,0.007812,0.001953,0.000000,-0.003906
21365523,BNO_GYRO_UC,2111,-3100,0,0.708984,4.634766,-0.052734,0.001953,0.000000,-0.003906
21375960,BNO_GYRO_UC,2112,-3100,0,-0.050781,2.009766,-0.033203,0.001953,0.000000,-0.003906
21385293,BNO_GYRO_UC,2113,-3100,0,-0.494141,-0.382812,-0.037109,0.001953,0.000000,-0.003906
21394934,BNO_GYRO_UC,2114,-2900,0,-0.601562,-2.460938,-0.126953,0.001953,0.000000,-0.003906
21405628,BNO_GYRO_UC,2115,-3100,0,-0.748047,-4.437500,-0.205078,0.001953,0.000000,-0.003906
21415992,BNO_GYRO_UC,2116,-3100,0,-0.910156,-6.289062,-0.304688,0.001953,0.000000,-0.003906
21425500,BNO_GYRO_UC,2117,-2900,0,-0.978516,-7.619141,-0.361328,0.001953,0.000000,-0.003906
21434846,BNO_GYRO_UC,2118,-2900,0,-1.082031,-7.882812,-0.431641,0.001953,0.000000,-0.003906
21445655,BNO_GYRO_UC,2119,-3100,0,-1.306641,-7.203125,-0.337891,0.001953,0.000000,-0.003906
21456093,BNO_GYRO_UC,2120,-3200,0,-1.224609,-5.623047,-0.132812,0.001953,0.000000,-0.003906
21465577,BNO_GYRO_UC,2121,-2700,0,-0.845703,-3.505859,0.121094,0.001953,0.000000,-0.003906
21474877,BNO_GYRO_UC,2122,-2700,0,-0.388672,-1.158203,0.369141,0.001953,0.000000,-0.003906
21485469,BNO_GYRO_UC,2123,-3100,0,0.132812,1.152344,0.531250,0.001953,0.000000,-0.003906
21495335,BNO_GYRO_UC,2124,-3200,0,0.625000,3.613281,0.587891,0.001953,0.000000,-0.003906
21506319,BNO_GYRO_UC,2125,-3400,0,0.955078,5.951172,0.550781,0.001953,0.000000,-0.003906
21515230,BNO_GYRO_UC,2126,-3100,0,1.332031,8.189453,0.417969,0.001953,0.000000,-0.003906
21525859,BNO_GYRO_UC,2127,-3100,0,1.757812,9.634766,0.289062,0.001953,0.000000,-0.003906
21536384,BNO_GYRO_UC,2128,-3200,0,2.001953,9.294922,-0.003906,0.001953,0.000000,-0.003906
21545681,BNO_GYRO_UC,2129,-2500,0,1.503906,6.880859,-0.220703,0.001953,0.000000,-0.003906
21555038,BNO_GYRO_UC,2130,-2700,0,0.333984,3.472656,-0.312500,0.001953,0.000000,-0.003906
21565714,BNO_GYRO_UC,2131,-3100,0,-0.570312,-0.134766,-0.250000,0.001953,0.000000,-0.003906
21575362,BNO_GYRO_UC,2132,-3100,0,-0.830078,-3.408203,-0.193359,0.001953,0.000000,-0.003906
21586364,BNO_GYRO_UC,2133,-3400,0,-0.767578,-6.281250,-0.160156,0.001953,0.000000,-0.003906
21595383,BNO_GYRO_UC,2134,-2900,0,-0.875000,-8.843750,-0.287109,0.001953,0.000000,-0.003906
21606057,BNO_GYRO_UC,2135,-3200,0,-1.160156,-10.341797,-0.457031,0.001953,0.000000,-0.003906
21615526,BNO_GYRO_UC,2136,-3100,0,-1.576172,-9.806641,-0.500000,0.001953,0.000000,-0.003906
21626699,BNO_GYRO_UC,2137,-3600,0,-1.626953,-7.566406,-0.371094,0.001953,0.000000,-0.003906
21635429,BNO_GYRO_UC,2138,-2900,0,-1.138672,-4.369141,-0.095703,0.001953,0.000000,-0.003906
21646107,BNO_GYRO_UC,2139,-3100,0,-0.582031,-1.287109,0.173828,0.001953,0.000000,-0.003906
21655524,BNO_GYRO_UC,2140,-2900,0,-0.019531,1.056641,0.359375,0.001953,0.000000,-0.003906
21666656,BNO_GYRO_UC,2141,-3400,0,0.601562,3.339844,0.417969,0.001953,0.000000,-0.003906
21675655,BNO_GYRO_UC,2142,-3100,0,1.136719,5.595703,0.369141,0.001953,0.000000,-0.003906
21686111,BNO_GYRO_UC,2143,-3100,0,1.554688,8.029297,0.269531,0.001953,0.000000,-0.003906
21695622,BNO_GYRO_UC,2144,-3100,0,1.769531,10.082031,0.220703,0.001953,0.000000,-0.003906
21706835,BNO_GYRO_UC,2145,-3400,0,1.869141,10.652344,0.097656,0.001953,0.000000,-0.003906
21715648,BNO_GYRO_UC,2146,-3100,0,1.603516,9.144531,-0.044922,0.001953,0.000000,-0.003906
21726211,BNO_GYRO_UC,2147,-3100,0,0.894531,6.421875,-0.085938,0.001953,0.000000,-0.003906
21735633,BNO_GYRO_UC,2148,-2900,0,0.066406,3.546875,-0.066406,0.001953,0.000000,-0.003906
21746742,BNO_GYRO_UC,2149,-3600,0,-0.466797,1.080078,-0.037109,0.001953,0.000000,-0.003906
21756071,BNO_GYRO_UC,2150,-3200,0,-0.535156,-0.966797,-0.042969,0.001953,0.000000,-0.003906
21765783,BNO_GYRO_UC,2151,-3100,0,-0.595703,-3.115234,-0.060547,0.001953,0.000000,-0.003906
21775830,BNO_GYRO_UC,2152,-2900,0,-0.765625,-5.412109,-0.113281,0.001953,0.000000,-0.003906
21786915,BNO_GYRO_UC,2153,-3400,0,-0.826172,-7.369141,-0.167969,0.001953,0.000000,-0.003906
21796251,BNO_GYRO_UC,2154,-3400,0,-0.763672,-8.343750,-0.253906,0.001953,0.000000,-0.003906
21806008,BNO_GYRO_UC,2155,-3100,0,-0.720703,-8.126953,-0.322266,0.001953,0.000000,-0.003906
21815986,BNO_GYRO_UC,2156,-2900,0,-0.914062,-6.824219,-0.306641,0.001953,0.000000,-0.003906
21826452,BNO_GYRO_UC,2157,-3100,0,-0.990234,-4.787109,-0.109375,0.001953,0.000000,-0.003906
21835644,BNO_GYRO_UC,2158,-2700,0,-0.583984,-2.597656,0.019531,0.001953,0.000000,-0.003906
21846392,BNO_GYRO_UC,2159,-3100,0,-0.144531,-0.386719,0.115234,0.001953,0.000000,-0.003906
21856039,BNO_GYRO_UC,2160,-3100,0,0.259766,1.841797,0.199219,0.001953,0.000000,-0.003906
21866428,BNO_GYRO_UC,2161,-3100,0,0.691406,3.923828,0.179688,0.001953,0.000000,-0.003906
21876739,BNO_GYRO_UC,2162,-3200,0,1.027344,5.833984,0.148438,0.001953,0.000000,-0.003906
21886105,BNO_GYRO_UC,2163,-3100,0,1.148438,7.402344,0.150391,0.001953,0.000000,-0.003906
21896033,BNO_GYRO_UC,2164,-3100,0,1.191406,7.935547,0.093750,0.001953,0.000000,-0.003906
21907284,BNO_GYRO_UC,2165,-3400,0,1.052734,7.146484,-0.015625,0.001953,0.000000,-0.003906
21916668,BNO_GYRO_UC,2166,-3400,0,0.587891,5.410156,-0.080078,0.001953,0.000000,-0.003906
21926018,BNO_GYRO_UC,2167,-2900,0,-0.033203,3.013672,-0.091797,0.001953,0.000000,-0.003906
21936541,BNO_GYRO_UC,2168,-3100,0,-0.599609,0.470703,-0.123047,0.001953,0.000000,-0.003906
21946598,BNO_GYRO_UC,2169,-2700,0,-0.724609,-1.835938,-0.126953,0.001953,0.000000,-0.003906
21956998,BNO_GYRO_UC,2170,-3400,0,-0.634766,-3.966797,-0.128906,0.001953,0.000000,-0.003906
21966200,BNO_GYRO_UC,2171,-3100,0,-0.681641,-5.837891,-0.179688,0.001953,0.000000,-0.003906
21976621,BNO_GYRO_UC,2172,-3100,0,-0.650391,-7.128906,-0.240234,0.001953,0.000000,-0.003906
21986856,BNO_GYRO_UC,2173,-2900,0,-0.595703,-7.384766,-0.310547,0.001953,0.000000,-0.003906
21997095,BNO_GYRO_UC,2174,-3200,0,-0.662109,-6.421875,-0.265625,0.001953,0.000000,-0.003906
22006434,BNO_GYRO_UC,2175,-3100,0,-0.724609,-4.591797,-0.130859,0.001953,0.000000,-0.003906
22016727,BNO_GYRO_UC,2176,-3100,0,-0.421875,-2.597656,-0.015625,0.001953,0.000000,-0.003906
22027038,BNO_GYRO_UC,2177,-2700,0,-0.031250,-0.611328,0.097656,0.001953,0.000000,-0.003906
22037166,BNO_GYRO_UC,2178,-3200,0,0.310547,1.414062,0.205078,0.001953,0.000000,-0.003906
22046553,BNO_GYRO_UC,2179,-3100,0,0.673828,3.527344,0.244141,0.001953,0.000000,-0.003906
22056945,BNO_GYRO_UC,2180,-3100,0,1.080078,5.519531,0.199219,0.001953,0.000000,-0.003906
22067154,BNO_GYRO_UC,2181,-2700,0,1.302734,7.265625,0.185547,0.001953,0.000000,-0.003906
22077128,BNO_GYRO_UC,2182,-3200,0,1.359375,8.210938,0.166016,0.001953,0.000000,-0.003906
22086617,BNO_GYRO_UC,2183,-2900,0,1.203125,7.953125,0.072266,0.001953,0.000000,-0.003906
22097075,BNO_GYRO_UC,2184,-3100,0,0.869141,6.669922,0.001953,0.001953,0.000000,-0.003906
22107392,BNO_GYRO_UC,2185,-2900,0,0.421875,4.626953,-0.048828,0.001953,0.000000,-0.003906
22117547,BNO_GYRO_UC,2186,-3200,0,-0.128906,2.216797,-0.099609,0.001953,0.000000,-0.003906
22126550,BNO_GYRO_UC,2187,-2900,0,-0.580078,0.015625,-0.164062,0.001953,0.000000,-0.003906
22137152,BNO_GYRO_UC,2188,-3100,0,-0.664062,-2.013672,-0.175781,0.001953,0.000000,-0.003906
22147450,BNO_GYRO_UC,2189,-2900,0,-0.587891,-4.130859,-0.160156,0.001953,0.000000,-0.003906
22157611,BNO_GYRO_UC,2190,-3200,0,-0.632812,-6.080078,-0.164062,0.001953,0.000000,-0.003906
22166739,BNO_GYRO_UC,2191,-2900,0,-0.681641,-7.546875,-0.232422,0.001953,0.000000,-0.003906
22177491,BNO_GYRO_UC,2192,-3100,0,-0.673828,-8.132812,-0.302734,0.001953,0.000000,-0.003906
22187920,BNO_GYRO_UC,2193,-3100,0,-0.826172,-7.546875,-0.265625,0.001953,0.000000,-0.003906
22197316,BNO_GYRO_UC,2194,-3200,0,-1.089844,-5.853516,-0.138672,0.001953,0.000000,-0.003906
22206736,BNO_GYRO_UC,2195,-2900,0,-1.021484,-3.781250,0.001953,0.001953,0.000000,-0.003906
22217389,BNO_GYRO_UC,2196,-3100,0,-0.671875,-1.634766,0.095703,0.001953,0.000000,-0.003906
22227762,BNO_GYRO_UC,2197,-3100,0,-0.394531,0.457031,0.076172,0.001953,0.000000,-0.003906
22237874,BNO_GYRO_UC,2198,-3200,0,-0.105469,2.445312,-0.132812,0.001953,0.000000,-0.003906
22247052,BNO_GYRO_UC,2199,-2900,0,0.277344,3.847656,-0.093750,0.001953,0.000000,-0.003906
22257756,BNO_GYRO_UC,2200,-3100,0,0.517578,4.806641,0.160156,0.001953,0.000000,-0.003906
22268106,BNO_GYRO_UC,2201,-2900,0,0.886719,5.291016,0.261719,0.001953,0.000000,-0.003906
22277426,BNO_GYRO_UC,2202,-2900,0,1.050781,5.337891,0.328125,0.001953,0.000000,-0.003906
22286947,BNO_GYRO_UC,2203,-3100,0,0.724609,4.939453,0.304688,0.001953,0.000000,-0.003906
22297719,BNO_GYRO_UC,2204,-3100,0,0.414062,3.744141,0.251953,0.001953,0.000000,-0.003906
22308198,BNO_GYRO_UC,2205,-3100,0,0.185547,2.320312,0.136719,0.001953,0.000000,-0.003906
22317730,BNO_GYRO_UC,2206,-3100,0,0.167969,1.044922,-0.105469,0.001953,0.000000,-0.003906
22326883,BNO_GYRO_UC,2207,-2700,0,0.347656,-0.238281,-0.275391,0.001953,0.000000,-0.003906
22337452,BNO_GYRO_UC,2208,-3100,0,0.382812,-1.511719,-0.330078,0.001953,0.000000,-0.003906
22347949,BNO_GYRO_UC,2209,-3100,0,0.345703,-2.402344,-0.318359,0.001953,0.000000,-0.003906
22358135,BNO_GYRO_UC,2210,-3200,0,0.257812,-2.912109,-0.328125,0.001953,0.000000,-0.003906
22367548,BNO_GYRO_UC,2211,-2900,0,0.138672,-2.716797,-0.265625,0.001953,0.000000,-0.003906
22377189,BNO_GYRO_UC,2212,-2900,0,0.132812,-1.681641,-0.171875,0.001953,0.000000,-0.003906
22387429,BNO_GYRO_UC,2213,-3400,0,0.001953,-0.146484,-0.023438,0.001953,0.000000,-0.003906
22397881,BNO_GYRO_UC,2214,-3200,0,-0.218750,1.341797,0.136719,0.001953,0.000000,-0.003906
22407201,BNO_GYRO_UC,2215,-2900,0,-0.199219,2.628906,0.271484,0.001953,0.000000,-0.003906
22417836,BNO_GYRO_UC,2216,-3100,0,0.074219,3.876953,0.373047,0.001953,0.000000,-0.003906
22428133,BNO_GYRO_UC,2217,-3100,0,0.373047,4.933594,0.412109,0.001953,0.000000,-0.003906
22438433,BNO_GYRO_UC,2218,-3200,0,0.542969,5.701172,0.382812,0.001953,0.000000,-0.003906
22447381,BNO_GYRO_UC,2219,-3100,0,0.535156,6.052734,0.357422,0.001953,0.000000,-0.003906
22457977,BNO_GYRO_UC,2220,-3100,0,0.525391,5.716797,0.312500,0.001953,0.000000,-0.003906
22468426,BNO_GYRO_UC,2221,-3100,0,0.435547,4.738281,0.246094,0.001953,0.000000,-0.003906
22477852,BNO_GYRO_UC,2222,-2500,0,0.177734,3.185547,0.115234,0.001953,0.000000,-0.003906
22487141,BNO_GYRO_UC,2223,-2700,0,-0.218750,1.355469,-0.041016,0.001953,0.000000,-0.003906
22497671,BNO_GYRO_UC,2224,-3100,0,-0.496094,-0.410156,-0.175781,0.001953,0.000000,-0.003906
22507549,BNO_GYRO_UC,2225,-3100,0,-0.642578,-2.126953,-0.291016,0.001953,0.000000,-0.003906
22518535,BNO_GYRO_UC,2226,-3400,0,-0.705078,-4.056641,-0.375000,0.001953,0.000000,-0.003906
22527505,BNO_GYRO_UC,2227,-3100,0,-0.765625,-6.074219,-0.431641,0.001953,0.000000,-0.003906
22538028,BNO_GYRO_UC,2228,-3100,0,-0.779297,-7.804688,-0.507812,0.001953,0.000000,-0.003906
22547548,BNO_GYRO_UC,2229,-3100,0,-0.841797,-8.890625,-0.666016,0.001953,0.000000,-0.003906
22558724,BNO_GYRO_UC,2230,-3600,0,-0.943359,-9.177734,-0.863281,0.001953,0.000000,-0.003906
22567719,BNO_GYRO_UC,2231,-3100,0,-0.914062,-8.798828,-1.013672,0.001953,0.000000,-0.003906
22577735,BNO_GYRO_UC,2232,-3100,0,-0.974609,-7.457031,-0.925781,0.001953,0.000000,-0.003906
22587808,BNO_GYRO_UC,2233,-3100,0,-0.632812,-5.410156,-0.599609,0.001953,0.000000,-0.003906
22598135,BNO_GYRO_UC,2234,-3100,0,-0.158203,-3.068359,-0.234375,0.001953,0.000000,-0.003906
22607477,BNO_GYRO_UC,2235,-2900,0,0.039062,-1.041016,-0.001953,0.001953,0.000000,-0.003906
22618203,BNO_GYRO_UC,2236,-3100,0,0.154297,0.689453,0.156250,0.001953,0.000000,-0.003906
22627780,BNO_GYRO_UC,2237,-3100,0,0.226562,2.257812,0.283203,0.001953,0.000000,-0.003906
22638886,BNO_GYRO_UC,2238,-3600,0,0.277344,3.609375,0.351562,0.001953,0.000000,-0.003906
22647708,BNO_GYRO_UC,2239,-2900,0,0.453125,4.740234,0.355469,0.001953,0.000000,-0.003906
22658367,BNO_GYRO_UC,2240,-3100,0,0.683594,5.570312,0.283203,0.001953,0.000000,-0.003906
22668015,BNO_GYRO_UC,2241,-3100,0,0.791016,6.134766,0.169922,0.001953,0.000000,-0.003906
22679115,BNO_GYRO_UC,2242,-3400,0,0.716797,6.000000,0.044922,0.001953,0.000000,-0.003906
22688432,BNO_GYRO_UC,2243,-3200,0,0.509766,5.070312,-0.076172,0.001953,0.000000,-0.003906
22697932,BNO_GYRO_UC,2244,-3100,0,0.226562,3.480469,-0.138672,0.001953,0.000000,-0.003906
22707894,BNO_GYRO_UC,2245,-3100,0,-0.074219,1.638672,-0.126953,0.001953,0.000000,-0.003906
22718279,BNO_GYRO_UC,2246,-2900,0,-0.185547,-0.115234,-0.050781,0.001953,0.000000,-0.003906
22728577,BNO_GYRO_UC,2247,-3200,0,-0.142578,-1.611328,-0.033203,0.001953,0.000000,-0.003906
22738014,BNO_GYRO_UC,2248,-3100,0,-0.093750,-3.076172,0.011719,0.001953,0.000000,-0.003906
22748373,BNO_GYRO_UC,2249,-3100,0,-0.087891,-4.365234,0.013672,0.001953,0.000000,-0.003906
22758434,BNO_GYRO_UC,2250,-2700,0,-0.062500,-5.298828,-0.001953,0.001953,0.000000,-0.003906
22768531,BNO_GYRO_UC,2251,-3200,0,-0.154297,-5.628906,-0.027344,0.001953,0.000000,-0.003906
22778115,BNO_GYRO_UC,2252,-2900,0,-0.396484,-5.275391,-0.019531,0.001953,0.000000,-0.003906
22788297,BNO_GYRO_UC,2253,-3100,0,-0.529297,-4.320312,-0.005859,0.001953,0.000000,-0.003906
22798391,BNO_GYRO_UC,2254,-2700,0,-0.529297,-3.087891,0.027344,0.001953,0.000000,-0.003906
22808413,BNO_GYRO_UC,2255,-3200,0,-0.437500,-1.712891,0.103516,0.001953,0.000000,-0.003906
22818187,BNO_GYRO_UC,2256,-2900,0,-0.281250,-0.195312,0.214844,0.001953,0.000000,-0.003906
22828626,BNO_GYRO_UC,2257,-3200,0,-0.044922,1.396484,0.316406,0.001953,0.000000,-0.003906
22838588,BNO_GYRO_UC,2258,-2700,0,0.244141,3.021484,0.371094,0.001953,0.000000,-0.003906
22848811,BNO_GYRO_UC,2259,-3200,0,0.503906,4.617188,0.376953,0.001953,0.000000,-0.003906
22858246,BNO_GYRO_UC,2260,-2900,0,0.740234,6.076172,0.347656,0.001953,0.000000,-0.003906
22868772,BNO_GYRO_UC,2261,-3100,0,0.943359,6.888672,0.250000,0.001953,0.000000,-0.003906
22878687,BNO_GYRO_UC,2262,-2700,0,0.800781,6.806641,0.171875,0.001953,0.000000,-0.003906
22888768,BNO_GYRO_UC,2263,-3200,0,0.580078,5.792969,0.105469,0.001953,0.000000,-0.003906
22898376,BNO_GYRO_UC,2264,-3100,0,0.392578,4.203125,0.066406,0.001953,0.000000,-0.003906
22908849,BNO_GYRO_UC,2265,-3100,0,0.140625,2.447266,0.035156,0.001953,0.000000,-0.003906
22919100,BNO_GYRO_UC,2266,-2900,0,-0.003906,0.669922,0.072266,0.001953,0.000000,-0.003906
22929107,BNO_GYRO_UC,2267,-3200,0,0.048828,-0.929688,0.050781,0.001953,0.000000,-0.003906
22938475,BNO_GYRO_UC,2268,-2700,0,0.117188,-2.478516,0.091797,0.001953,0.000000,-0.003906
22949121,BNO_GYRO_UC,2269,-3100,0,0.117188,-3.894531,0.115234,0.001953,0.000000,-0.003906
22959394,BNO_GYRO_UC,2270,-2900,0,0.052734,-5.066406,0.074219,0.001953,0.000000,-0.003906
22969377,BNO_GYRO_UC,2271,-3200,0,-0.107422,-5.869141,-0.009766,0.001953,0.000000,-0.003906
22978862,BNO_GYRO_UC,2272,-3100,0,-0.277344,-6.171875,-0.091797,0.001953,0.000000,-0.003906
22989492,BNO_GYRO_UC,2273,-3100,0,-0.458984,-5.908203,-0.152344,0.001953,0.000000,-0.003906
22999112,BNO_GYRO_UC,2274,-2100,0,-0.673828,-4.960938,-0.173828,0.001953,0.000000,-0.003906
23009355,BNO_GYRO_UC,2275,-3200,0,-0.724609,-3.558594,-0.136719,0.001953,0.000000,-0.003906
23018721,BNO_GYRO_UC,2276,-3100,0,-0.583984,-2.039062,-0.058594,0.001953,0.000000,-0.003906
23029422,BNO_GYRO_UC,2277,-3200,0,-0.388672,-0.423828,0.062500,0.001953,0.000000,-0.003906
23039290,BNO_GYRO_UC,2278,-2500,0,-0.093750,1.154297,0.181641,0.001953,0.000000,-0.003906
23049472,BNO_GYRO_UC,2279,-3200,0,0.257812,2.656250,0.259766,0.001953,0.000000,-0.003906
23058786,BNO_GYRO_UC,2280,-3100,0,0.544922,4.093750,0.302734,0.001953,0.000000,-0.003906
23069558,BNO_GYRO_UC,2281,-3100,0,0.748047,5.437500,0.314453,0.001953,0.000000,-0.003906
23079735,BNO_GYRO_UC,2282,-2900,0,0.884766,6.410156,0.279297,0.001953,0.000000,-0.003906
23089764,BNO_GYRO_UC,2283,-3200,0,0.996094,6.695312,0.226562,0.001953,0.000000,-0.003906
23099190,BNO_GYRO_UC,2284,-2900,0,0.849609,6.406250,0.125000,0.001953,0.000000,-0.003906
23108850,BNO_GYRO_UC,2285,-2900,0,0.648438,5.490234,0.068359,0.001953,0.000000,-0.003906
23120021,BNO_GYRO_UC,2286,-3400,0,0.460938,4.144531,0.062500,0.001953,0.000000,-0.003906
23129400,BNO_GYRO_UC,2287,-3100,0,0.242188,2.552734,0.009766,0.001953,0.000000,-0.003906
23138665,BNO_GYRO_UC,2288,-2700,0,0.064453,0.921875,0.005859,0.001953,0.000000,-0.003906
23149251,BNO_GYRO_UC,2289,-3200,0,0.025391,-0.630859,-0.003906,0.001953,0.000000,-0.003906
23159636,BNO_GYRO_UC,2290,-3100,0,0.044922,-2.083984,0.025391,0.001953,0.000000,-0.003906
23169778,BNO_GYRO_UC,2291,-3200,0,0.060547,-3.464844,0.039062,0.001953,0.000000,-0.003906
23179261,BNO_GYRO_UC,2292,-2900,0,0.011719,-4.697266,0.001953,0.001953,0.000000,-0.003906
23189038,BNO_GYRO_UC,2293,-2900,0,-0.173828,-5.632812,-0.103516,0.001953,0.000000,-0.003906
23200238,BNO_GYRO_UC,2294,-3400,0,-0.417969,-6.132812,-0.212891,0.001953,0.000000,-0.003906
23209695,BNO_GYRO_UC,2295,-3100,0,-0.697266,-6.158203,-0.304688,0.001953,0.000000,-0.003906
23219289,BNO_GYRO_UC,2296,-2900,0,-0.958984,-5.660156,-0.326172,0.001953,0.000000,-0.003906
23229945,BNO_GYRO_UC,2297,-3100,0,-1.140625,-4.689453,-0.333984,0.001953,0.000000,-0.003906
23240321,BNO_GYRO_UC,2298,-2900,0,-0.990234,-3.380859,-0.250000,0.001953,0.000000,-0.003906
23249638,BNO_GYRO_UC,2299,-2900,0,-0.712891,-1.804688,-0.060547,0.001953,0.000000,-0.003906
23258993,BNO_GYRO_UC,2300,-2900,0,-0.435547,-0.177734,0.160156,0.001953,0.000000,-0.003906
23269555,BNO_GYRO_UC,2301,-3100,0,-0.095703,1.419922,0.339844,0.001953,0.000000,-0.003906
23279408,BNO_GYRO_UC,2302,-3200,0,0.244141,3.039062,0.449219,0.001953,0.000000,-0.003906
23289790,BNO_GYRO_UC,2303,-3100,0,0.494141,4.583984,0.490234,0.001953,0.000000,-0.003906
23298920,BNO_GYRO_UC,2304,-2700,0,0.697266,5.910156,0.443359,0.001953,0.000000,-0.003906
23309420,BNO_GYRO_UC,2305,-3100,0,0.980469,6.556641,0.291016,0.001953,0.000000,-0.003906
23320678,BNO_GYRO_UC,2306,-3600,0,1.082031,6.310547,0.156250,0.001953,0.000000,-0.003906
23329949,BNO_GYRO_UC,2307,-2900,0,0.857422,5.345703,0.025391,0.001953,0.000000,-0.003906
23339250,BNO_GYRO_UC,2308,-2900,0,0.507812,3.734375,-0.054688,0.001953,0.000000,-0.003906
23349943,BNO_GYRO_UC,2309,-3100,0,0.136719,1.876953,-0.115234,0.001953,0.000000,-0.003906
23360248,BNO_GYRO_UC,2310,-3100,0,-0.068359,0.158203,-0.087891,0.001953,0.000000,-0.003906
23370403,BNO_GYRO_UC,2311,-3200,0,-0.115234,-1.224609,-0.126953,0.001953,0.000000,-0.003906
23379432,BNO_GYRO_UC,2312,-3100,0,-0.138672,-2.443359,-0.136719,0.001953,0.000000,-0.003906
23390134,BNO_GYRO_UC,2313,-3100,0,-0.201172,-3.552734,-0.146484,0.001953,0.000000,-0.003906
23400596,BNO_GYRO_UC,2314,-3100,0,-0.248047,-4.507812,-0.193359,0.001953,0.000000,-0.003906
23410012,BNO_GYRO_UC,2315,-2500,0,-0.369141,-5.267578,-0.240234,0.001953,0.000000,-0.003906
23419323,BNO_GYRO_UC,2316,-2900,0,-0.515625,-5.656250,-0.275391,0.001953,0.000000,-0.003906
23430028,BNO_GYRO_UC,2317,-3100,0,-0.636719,-5.591797,-0.333984,0.001953,0.000000,-0.003906
23439514,BNO_GYRO_UC,2318,-2900,0,-0.765625,-5.158203,-0.396484,0.001953,0.000000,-0.003906
23450716,BNO_GYRO_UC,2319,-3400,0,-0.714844,-4.296875,-0.390625,0.001953,0.000000,-0.003906
23459644,BNO_GYRO_UC,2320,-2900,0,-0.552734,-3.304688,-0.341797,0.001953,0.000000,-0.003906
23470381,BNO_GYRO_UC,2321,-3100,0,-0.535156,-2.281250,-0.222656,0.001953,0.000000,-0.003906
23479821,BNO_GYRO_UC,2322,-3100,0,-0.429688,-1.199219,-0.091797,0.001953,0.000000,-0.003906
23490234,BNO_GYRO_UC,2323,-2900,0,-0.300781,-0.119141,0.035156,0.001953,0.000000,-0.003906
23499463,BNO_GYRO_UC,2324,-2700,0,-0.144531,0.955078,0.167969,0.001953,0.000000,-0.003906
23510232,BNO_GYRO_UC,2325,-3100,0,0.054688,2.037109,0.271484,0.001953,0.000000,-0.003906
23519659,BNO_GYRO_UC,2326,-3100,0,0.287109,3.083984,0.322266,0.001953,0.000000,-0.003906
23530861,BNO_GYRO_UC,2327,-3400,0,0.539062,4.070312,0.312500,0.001953,0.000000,-0.003906
23539770,BNO_GYRO_UC,2328,-2900,0,0.710938,4.892578,0.263672,0.001953,0.000000,-0.003906
23550595,BNO_GYRO_UC,2329,-3100,0,0.802734,5.460938,0.185547,0.001953,0.000000,-0.003906
23559926,BNO_GYRO_UC,2330,-3100,0,0.855469,5.615234,0.134766,0.001953,0.000000,-0.003906
23571073,BNO_GYRO_UC,2331,-3400,0,0.726562,5.460938,0.111328,0.001953,0.000000,-0.003906
23579862,BNO_GYRO_UC,2332,-3100,0,0.621094,5.037109,0.126953,0.001953,0.000000,-0.003906
23590531,BNO_GYRO_UC,2333,-3100,0,0.554688,4.359375,0.162109,0.001953,0.000000,-0.003906
23600041,BNO_GYRO_UC,2334,-2900,0,0.332031,3.542969,0.195312,0.001953,0.000000,-0.003906
23610526,BNO_GYRO_UC,2335,-3100,0,0.142578,2.451172,0.183594,0.001953,0.000000,-0.003906
23619683,BNO_GYRO_UC,2336,-2700,0,-0.027344,1.242188,0.164062,0.001953,0.000000,-0.003906
23630838,BNO_GYRO_UC,2337,-3100,0,-0.150391,0.132812,0.093750,0.001953,0.000000,-0.003906
23640034,BNO_GYRO_UC,2338,-3100,0,-0.226562,-0.894531,0.001953,0.001953,0.000000,-0.003906
23650460,BNO_GYRO_UC,2339,-3100,0,-0.294922,-1.957031,-0.064453,0.001953,0.000000,-0.003906
23659654,BNO_GYRO_UC,2340,-2500,0,-0.375000,-3.042969,-0.156250,0.001953,0.000000,-0.003906
23670470,BNO_GYRO_UC,2341,-2900,0,-0.466797,-4.111328,-0.273438,0.001953,0.000000,-0.003906
23680081,BNO_GYRO_UC,2342,-2900,0,-0.525391,-5.044922,-0.380859,0.001953,0.000000,-0.003906
23691077,BNO_GYRO_UC,2343,-3400,0,-0.599609,-5.642578,-0.478516,0.001953,0.000000,-0.003906
23700460,BNO_GYRO_UC,2344,-3200,0,-0.576172,-5.787109,-0.515625,0.001953,0.000000,-0.003906
23710066,BNO_GYRO_UC,2345,-2900,0,-0.537109,-5.414062,-0.517578,0.001953,0.000000,-0.003906
23720742,BNO_GYRO_UC,2346,-3100,0,-0.517578,-4.392578,-0.382812,0.001953,0.000000,-0.003906
23731127,BNO_GYRO_UC,2347,-3100,0,-0.382812,-2.720703,-0.171875,0.001953,0.000000,-0.003906
23740600,BNO_GYRO_UC,2348,-3200,0,-0.197266,-0.826172,0.050781,0.001953,0.000000,-0.003906
23750381,BNO_GYRO_UC,2349,-2900,0,0.037109,0.830078,0.257812,0.001953,0.000000,-0.003906
23760723,BNO_GYRO_UC,2350,-3100,0,0.195312,2.441406,0.435547,0.001953,0.000000,-0.003906
23771014,BNO_GYRO_UC,2351,-3100,0,0.304688,4.072266,0.542969,0.001953,0.000000,-0.003906
23781017,BNO_GYRO_UC,2352,-3200,0,0.466797,5.589844,0.548828,0.001953,0.000000,-0.003906
23790487,BNO_GYRO_UC,2353,-3100,0,0.832031,6.609375,0.488281,0.001953,0.000000,-0.003906
23800918,BNO_GYRO_UC,2354,-3100,0,0.960938,6.878906,0.330078,0.001953,0.000000,-0.003906
23811000,BNO_GYRO_UC,2355,-2500,0,0.822266,6.451172,0.218750,0.001953,0.000000,-0.003906
23821094,BNO_GYRO_UC,2356,-3200,0,0.697266,5.410156,0.142578,0.001953,0.000000,-0.003906
23830567,BNO_GYRO_UC,2357,-2900,0,0.458984,4.033203,0.054688,0.001953,0.000000,-0.003906
23841138,BNO_GYRO_UC,2358,-3100,0,0.154297,2.712891,0.013672,0.001953,0.000000,-0.003906
23851142,BNO_GYRO_UC,2359,-2700,0,-0.033203,1.558594,0.025391,0.001953,0.000000,-0.003906
23861302,BNO_GYRO_UC,2360,-3200,0,0.005859,0.501953,0.031250,0.001953,0.000000,-0.003906
23870657,BNO_GYRO_UC,2361,-3100,0,-0.060547,-0.384766,-0.003906,0.001953,0.000000,-0.003906
23881126,BNO_GYRO_UC,2362,-3100,0,-0.130859,-1.136719,-0.072266,0.001953,0.000000,-0.003906
23891336,BNO_GYRO_UC,2363,-2900,0,-0.115234,-1.859375,-0.050781,0.001953,0.000000,-0.003906
23901332,BNO_GYRO_UC,2364,-3200,0,-0.087891,-2.490234,-0.019531,0.001953,0.000000,-0.003906
23910655,BNO_GYRO_UC,2365,-3100,0,-0.052734,-2.933594,-0.019531,0.001953,0.000000,-0.003906
23921312,BNO_GYRO_UC,2366,-3100,0,-0.060547,-3.156250,-0.031250,0.001953,0.000000,-0.003906
23931515,BNO_GYRO_UC,2367,-2900,0,-0.111328,-3.173828,-0.064453,0.001953,0.000000,-0.003906
23941487,BNO_GYRO_UC,2368,-3200,0,-0.191406,-3.019531,-0.117188,0.001953,0.000000,-0.003906
23951007,BNO_GYRO_UC,2369,-2900,0,-0.271484,-2.763672,-0.167969,0.001953,0.000000,-0.003906
23961505,BNO_GYRO_UC,2370,-3100,0,-0.408203,-2.507812,-0.205078,0.001953,0.000000,-0.003906
23971960,BNO_GYRO_UC,2371,-3100,0,-0.398438,-2.216797,-0.220703,0.001953,0.000000,-0.003906
23981393,BNO_GYRO_UC,2372,-3200,0,-0.341797,-1.886719,-0.203125,0.001953,0.000000,-0.003906
23990862,BNO_GYRO_UC,2373,-2900,0,-0.419922,-1.425781,-0.134766,0.001953,0.000000,-0.003906
24001616,BNO_GYRO_UC,2374,-3100,0,-0.472656,-0.886719,0.001953,0.001953,0.000000,-0.003906
24011965,BNO_GYRO_UC,2375,-3100,0,-0.486328,-0.308594,0.078125,0.001953,0.000000,-0.003906
24021382,BNO_GYRO_UC,2376,-3100,0,-0.341797,0.226562,0.117188,0.001953,0.000000,-0.003906
24030943,BNO_GYRO_UC,2377,-2900,0,-0.224609,0.660156,0.066406,0.001953,0.000000,-0.003906
24041554,BNO_GYRO_UC,2378,-3100,0,-0.134766,1.171875,0.099609,0.001953,0.000000,-0.003906
24051944,BNO_GYRO_UC,2379,-3100,0,0.060547,1.654297,0.117188,0.001953,0.000000,-0.003906
24061354,BNO_GYRO_UC,2380,-2900,0,0.119141,2.093750,0.218750,0.001953,0.000000,-0.003906
24071026,BNO_GYRO_UC,2381,-3100,0,0.150391,2.406250,0.291016,0.001953,0.000000,-0.003906
24081706,BNO_GYRO_UC,2382,-3100,0,0.251953,2.535156,0.298828,0.001953,0.000000,-0.003906
24092090,BNO_GYRO_UC,2383,-3200,0,0.304688,2.443359,0.314453,0.001953,0.000000,-0.003906
24101549,BNO_GYRO_UC,2384,-2700,0,0.320312,2.212891,0.333984,0.001953,0.000000,-0.003906
24111263,BNO_GYRO_UC,2385,-3100,0,0.507812,1.876953,0.240234,0.001953,0.000000,-0.003906
24121928,BNO_GYRO_UC,2386,-3100,0,0.667969,1.417969,0.191406,0.001953,0.000000,-0.003906
24132464,BNO_GYRO_UC,2387,-3100,0,0.464844,1.001953,0.167969,0.001953,0.000000,-0.003906
24141776,BNO_GYRO_UC,2388,-2700,0,0.306641,0.492188,0.193359,0.001953,0.000000,-0.003906
24151406,BNO_GYRO_UC,2389,-3100,0,0.115234,-0.054688,0.171875,0.001953,0.000000,-0.003906
24161149,BNO_GYRO_UC,2390,-2900,0,-0.156250,-0.578125,0.056641,0.001953,0.000000,-0.003906
24172533,BNO_GYRO_UC,2391,-3600,0,-0.375000,-1.175781,-0.035156,0.001953,0.000000,-0.003906
24181922,BNO_GYRO_UC,2392,-2700,0,-0.589844,-1.947266,-0.109375,0.001953,0.000000,-0.003906
24190899,BNO_GYRO_UC,2393,-2500,0,-0.746094,-2.882812,-0.197266,0.001953,0.000000,-0.003906
24201536,BNO_GYRO_UC,2394,-3100,0,-0.822266,-3.921875,-0.285156,0.001953,0.000000,-0.003906
24211414,BNO_GYRO_UC,2395,-3100,0,-0.910156,-4.888672,-0.369141,0.001953,0.000000,-0.003906
24222400,BNO_GYRO_UC,2396,-3400,0,-1.001953,-5.544922,-0.425781,0.001953,0.000000,-0.003906
24231467,BNO_GYRO_UC,2397,-3100,0,-1.107422,-5.728516,-0.458984,0.001953,0.000000,-0.003906
24242131,BNO_GYRO_UC,2398,-3100,0,-1.156250,-5.500000,-0.447266,0.001953,0.000000,-0.003906
24252591,BNO_GYRO_UC,2399,-3100,0,-0.978516,-5.060547,-0.406250,0.001953,0.000000,-0.003906
24261901,BNO_GYRO_UC,2400,-2300,0,-0.779297,-4.351562,-0.345703,0.001953,0.000000,-0.003906
24271465,BNO_GYRO_UC,2401,-2900,0,-0.550781,-3.222656,-0.259766,0.001953,0.000000,-0.003906
24281916,BNO_GYRO_UC,2402,-3100,0,-0.359375,-1.898438,-0.148438,0.001953,0.000000,-0.003906
24291601,BNO_GYRO_UC,2403,-3100,0,-0.136719,-0.472656,0.005859,0.001953,0.000000,-0.003906
24302628,BNO_GYRO_UC,2404,-3400,0,0.103516,0.875000,0.128906,0.001953,0.000000,-0.003906
24311649,BNO_GYRO_UC,2405,-3100,0,0.380859,2.105469,0.232422,0.001953,0.000000,-0.003906
24322069,BNO_GYRO_UC,2406,-3100,0,0.648438,3.375000,0.310547,0.001953,0.000000,-0.003906
24331639,BNO_GYRO_UC,2407,-2900,0,0.882812,4.740234,0.353516,0.001953,0.000000,-0.003906
24342099,BNO_GYRO_UC,2408,-3100,0,1.107422,5.992188,0.275391,0.001953,0.000000,-0.003906
24351189,BNO_GYRO_UC,2409,-2500,0,1.253906,6.960938,0.234375,0.001953,0.000000,-0.003906
24362086,BNO_GYRO_UC,2410,-3100,0,1.248047,7.333984,0.238281,0.001953,0.000000,-0.003906
24371686,BNO_GYRO_UC,2411,-2900,0,1.160156,6.855469,0.203125,0.001953,0.000000,-0.003906
24382789,BNO_GYRO_UC,2412,-3600,0,0.945312,5.490234,0.099609,0.001953,0.000000,-0.003906
24392211,BNO_GYRO_UC,2413,-3200,0,0.535156,3.732422,-0.042969,0.001953,0.000000,-0.003906
24401740,BNO_GYRO_UC,2414,-2900,0,0.222656,1.841797,-0.148438,0.001953,0.000000,-0.003906
24411845,BNO_GYRO_UC,2415,-3100,0,-0.007812,0.044922,-0.218750,0.001953,0.000000,-0.003906
24422093,BNO_GYRO_UC,2416,-2900,0,-0.074219,-1.564453,-0.236328,0.001953,0.000000,-0.003906
24432113,BNO_GYRO_UC,2417,-3200,0,-0.160156,-3.076172,-0.193359,0.001953,0.000000,-0.003906
24441780,BNO_GYRO_UC,2418,-2900,0,-0.259766,-4.412109,-0.183594,0.001953,0.000000,-0.003906
24452138,BNO_GYRO_UC,2419,-3100,0,-0.394531,-5.570312,-0.210938,0.001953,0.000000,-0.003906
24462532,BNO_GYRO_UC,2420,-3100,0,-0.544922,-6.281250,-0.220703,0.001953,0.000000,-0.003906
24471529,BNO_GYRO_UC,2421,-2700,0,-0.757812,-6.259766,-0.230469,0.001953,0.000000,-0.003906
24482533,BNO_GYRO_UC,2422,-3100,0,-1.097656,-5.533203,-0.197266,0.001953,0.000000,-0.003906
24492027,BNO_GYRO_UC,2423,-2900,0,-1.187500,-4.447266,-0.128906,0.001953,0.000000,-0.003906
24503048,BNO_GYRO_UC,2424,-3400,0,-0.916016,-3.164062,-0.050781,0.001953,0.000000,-0.003906
24512368,BNO_GYRO_UC,2425,-3200,0,-0.630859,-1.699219,-0.001953,0.001953,0.000000,-0.003906
24522064,BNO_GYRO_UC,2426,-3100,0,-0.357422,-0.158203,-0.023438,0.001953,0.000000,-0.003906
24532536,BNO_GYRO_UC,2427,-3100,0,-0.146484,1.474609,-0.042969,0.001953,0.000000,-0.003906
24542539,BNO_GYRO_UC,2428,-2700,0,0.115234,2.873047,-0.015625,0.001953,0.000000,-0.003906
24552723,BNO_GYRO_UC,2429,-3200,0,0.386719,3.802734,0.078125,0.001953,0.000000,-0.003906
24562169,BNO_GYRO_UC,2430,-2900,0,0.683594,4.349609,0.167969,0.001953,0.000000,-0.003906
24572305,BNO_GYRO_UC,2431,-3100,0,0.958984,4.591797,0.154297,0.001953,0.000000,-0.003906
24582688,BNO_GYRO_UC,2432,-2900,0,1.212891,4.388672,0.074219,0.001953,0.000000,-0.003906
24592846,BNO_GYRO_UC,2433,-3400,0,1.287109,3.406250,-0.029297,0.001953,0.000000,-0.003906
24602195,BNO_GYRO_UC,2434,-3100,0,0.951172,1.830078,-0.125000,0.001953,0.000000,-0.003906
24612699,BNO_GYRO_UC,2435,-3100,0,0.552734,0.250000,-0.224609,0.001953,0.000000,-0.003906
24622767,BNO_GYRO_UC,2436,-2700,0,0.240234,-1.068359,-0.267578,0.001953,0.000000,-0.003906
24632971,BNO_GYRO_UC,2437,-3400,0,0.068359,-2.234375,-0.269531,0.001953,0.000000,-0.003906
24642429,BNO_GYRO_UC,2438,-3100,0,-0.042969,-2.943359,-0.263672,0.001953,0.000000,-0.003906
24652919,BNO_GYRO_UC,2439,-3100,0,-0.093750,-3.091797,-0.251953,0.001953,0.000000,-0.003906
24662924,BNO_GYRO_UC,2440,-2500,0,-0.144531,-2.585938,-0.201172,0.001953,0.000000,-0.003906
24673116,BNO_GYRO_UC,2441,-3200,0,-0.144531,-1.494141,-0.097656,0.001953,0.000000,-0.003906
24682509,BNO_GYRO_UC,2442,-3100,0,-0.042969,-0.105469,-0.003906,0.001953,0.000000,-0.003906
24692869,BNO_GYRO_UC,2443,-3100,0,0.126953,1.193359,0.080078,0.001953,0.000000,-0.003906
24703187,BNO_GYRO_UC,2444,-2700,0,0.259766,2.519531,0.171875,0.001953,0.000000,-0.003906
24713313,BNO_GYRO_UC,2445,-3200,0,0.406250,4.048828,0.257812,0.001953,0.000000,-0.003906
24722510,BNO_GYRO_UC,2446,-2900,0,0.619141,5.601562,0.337891,0.001953,0.000000,-0.003906
24733119,BNO_GYRO_UC,2447,-3100,0,0.736328,6.847656,0.404297,0.001953,0.000000,-0.003906
24743285,BNO_GYRO_UC,2448,-2900,0,0.785156,7.484375,0.429688,0.001953,0.000000,-0.003906
24753620,BNO_GYRO_UC,2449,-3400,0,0.867188,7.091797,0.472656,0.001953,0.000000,-0.003906
24762699,BNO_GYRO_UC,2450,-3100,0,0.722656,5.919922,0.490234,0.001953,0.000000,-0.003906
24773113,BNO_GYRO_UC,2451,-3100,0,0.478516,4.406250,0.291016,0.001953,0.000000,-0.003906
24783476,BNO_GYRO_UC,2452,-2900,0,0.212891,2.515625,0.111328,0.001953,0.000000,-0.003906
24793670,BNO_GYRO_UC,2453,-3200,0,-0.246094,0.656250,-0.001953,0.001953,0.000000,-0.003906
24802748,BNO_GYRO_UC,2454,-3100,0,-0.464844,-1.035156,-0.099609,0.001953,0.000000,-0.003906
24813301,BNO_GYRO_UC,2455,-3100,0,-0.609375,-2.750000,-0.171875,0.001953,0.000000,-0.003906
24823668,BNO_GYRO_UC,2456,-2900,0,-0.812500,-4.548828,-0.259766,0.001953,0.000000,-0.003906
24833773,BNO_GYRO_UC,2457,-3200,0,-0.882812,-6.458984,-0.255859,0.001953,0.000000,-0.003906
24842853,BNO_GYRO_UC,2458,-3100,0,-0.839844,-8.189453,-0.271484,0.001953,0.000000,-0.003906
24853554,BNO_GYRO_UC,2459,-3100,0,-0.732422,-9.578125,-0.392578,0.001953,0.000000,-0.003906
24863974,BNO_GYRO_UC,2460,-3100,0,-0.621094,-10.232422,-0.458984,0.001953,0.000000,-0.003906
24873347,BNO_GYRO_UC,2461,-3100,0,-0.943359,-9.591797,-0.447266,0.001953,0.000000,-0.003906
24882658,BNO_GYRO_UC,2462,-2700,0,-1.087891,-7.630859,-0.472656,0.001953,0.000000,-0.003906
24893272,BNO_GYRO_UC,2463,-3100,0,-0.705078,-5.162109,-0.322266,0.001953,0.000000,-0.003906
24903632,BNO_GYRO_UC,2464,-2900,0,-0.501953,-2.740234,-0.076172,0.001953,0.000000,-0.003906
24913827,BNO_GYRO_UC,2465,-3200,0,-0.191406,-0.669922,0.083984,0.001953,0.000000,-0.003906
24923264,BNO_GYRO_UC,2466,-3100,0,0.121094,1.107422,0.193359,0.001953,0.000000,-0.003906
24932913,BNO_GYRO_UC,2467,-3100,0,0.291016,2.818359,0.328125,0.001953,0.000000,-0.003906
24944242,BNO_GYRO_UC,2468,-3600,0,0.468750,4.357422,0.441406,0.001953,0.000000,-0.003906
24953569,BNO_GYRO_UC,2469,-2900,0,0.705078,5.775391,0.429688,0.001953,0.000000,-0.003906
24963181,BNO_GYRO_UC,2470,-2900,0,1.148438,6.917969,0.333984,0.001953,0.000000,-0.003906
24972974,BNO_GYRO_UC,2471,-2900,0,1.310547,7.783203,0.187500,0.001953,0.000000,-0.003906
24984322,BNO_GYRO_UC,2472,-3600,0,1.160156,7.943359,0.058594,0.001953,0.000000,-0.003906
24993709,BNO_GYRO_UC,2473,-2900,0,0.896484,6.964844,-0.068359,0.001953,0.000000,-0.003906
25002944,BNO_GYRO_UC,2474,-2700,0,0.582031,5.228516,-0.128906,0.001953,0.000000,-0.003906
25013483,BNO_GYRO_UC,2475,-3100,0,0.156250,3.130859,-0.191406,0.001953,0.000000,-0.003906
25023471,BNO_GYRO_UC,2476,-3200,0,-0.265625,0.998047,-0.171875,0.001953,0.000000,-0.003906
25033662,BNO_GYRO_UC,2477,-2900,0,-0.443359,-1.033203,-0.148438,0.001953,0.000000,-0.003906
25042804,BNO_GYRO_UC,2478,-2500,0,-0.507812,-2.986328,-0.136719,0.001953,0.000000,-0.003906
25053501,BNO_GYRO_UC,2479,-3100,0,-0.466797,-4.986328,-0.095703,0.001953,0.000000,-0.003906
25063487,BNO_GYRO_UC,2480,-3200,0,-0.449219,-6.828125,-0.113281,0.001953,0.000000,-0.003906
25073585,BNO_GYRO_UC,2481,-2900,0,-0.494141,-8.294922,-0.158203,0.001953,0.000000,-0.003906
25083424,BNO_GYRO_UC,2482,-3100,0,-0.630859,-8.787109,-0.259766,0.001953,0.000000,-0.003906
25094057,BNO_GYRO_UC,2483,-3100,0,-0.917969,-7.906250,-0.304688,0.001953,0.000000,-0.003906
25104639,BNO_GYRO_UC,2484,-3100,0,-0.861328,-6.156250,-0.253906,0.001953,0.000000,-0.003906
25113966,BNO_GYRO_UC,2485,-2500,0,-0.656250,-4.066406,-0.093750,0.001953,0.000000,-0.003906
25123176,BNO_GYRO_UC,2486,-2900,0,-0.470703,-1.996094,0.113281,0.001953,0.000000,-0.003906
25133743,BNO_GYRO_UC,2487,-3200,0,-0.228516,-0.099609,0.271484,0.001953,0.000000,-0.003906
25143429,BNO_GYRO_UC,2488,-3100,0,0.085938,1.769531,0.398438,0.001953,0.000000,-0.003906
25153885,BNO_GYRO_UC,2489,-3100,0,0.433594,3.625000,0.445312,0.001953,0.000000,-0.003906
25163627,BNO_GYRO_UC,2490,-3100,0,0.753906,5.310547,0.460938,0.001953,0.000000,-0.003906
25173489,BNO_GYRO_UC,2491,-2900,0,1.138672,6.867188,0.417969,0.001953,0.000000,-0.003906
25183619,BNO_GYRO_UC,2492,-2900,0,1.423828,8.000000,0.357422,0.001953,0.000000,-0.003906
25194631,BNO_GYRO_UC,2493,-3400,0,1.298828,8.550781,0.224609,0.001953,0.000000,-0.003906
25204070,BNO_GYRO_UC,2494,-3200,0,1.111328,7.878906,0.095703,0.001953,0.000000,-0.003906
25213664,BNO_GYRO_UC,2495,-2900,0,0.744141,6.113281,0.048828,0.001953,0.000000,-0.003906
25224909,BNO_GYRO_UC,2496,-3600,0,0.250000,3.734375,0.017578,0.001953,0.000000,-0.003906
25234184,BNO_GYRO_UC,2497,-2300,0,-0.250000,1.257812,0.021484,0.001953,0.000000,-0.003906
25243248,BNO_GYRO_UC,2498,-2500,0,-0.564453,-0.953125,-0.019531,0.001953,0.000000,-0.003906
25254140,BNO_GYRO_UC,2499,-3100,0,-0.580078,-2.986328,-0.056641,0.001953,0.000000,-0.003906
25263693,BNO_GYRO_UC,2500,-2900,0,-0.593750,-4.960938,-0.066406,0.001953,0.000000,-0.003906
25274802,BNO_GYRO_UC,2501,-3400,0,-0.548828,-6.751953,-0.117188,0.001953,0.000000,-0.003906
25284208,BNO_GYRO_UC,2502,-3200,0,-0.558594,-8.078125,-0.183594,0.001953,0.000000,-0.003906
25293733,BNO_GYRO_UC,2503,-3100,0,-0.705078,-8.349609,-0.292969,0.001953,0.000000,-0.003906
25304026,BNO_GYRO_UC,2504,-3200,0,-1.000000,-7.318359,-0.347656,0.001953,0.000000,-0.003906
25314307,BNO_GYRO_UC,2505,-2900,0,-1.003906,-5.482422,-0.291016,0.001953,0.000000,-0.003906
25323858,BNO_GYRO_UC,2506,-2900,0,-0.693359,-3.464844,-0.173828,0.001953,0.000000,-0.003906
25334554,BNO_GYRO_UC,2507,-3100,0,-0.369141,-1.455078,-0.023438,0.001953,0.000000,-0.003906
25343927,BNO_GYRO_UC,2508,-3100,0,-0.074219,0.283203,0.140625,0.001953,0.000000,-0.003906
25354332,BNO_GYRO_UC,2509,-2900,0,0.212891,1.960938,0.283203,0.001953,0.000000,-0.003906
25364063,BNO_GYRO_UC,2510,-3100,0,0.488281,3.509766,0.335938,0.001953,0.000000,-0.003906
25374724,BNO_GYRO_UC,2511,-3100,0,0.785156,4.845703,0.308594,0.001953,0.000000,-0.003906
25383954,BNO_GYRO_UC,2512,-3100,0,1.005859,5.839844,0.246094,0.001953,0.000000,-0.003906
25394992,BNO_GYRO_UC,2513,-3400,0,1.109375,6.080078,0.148438,0.001953,0.000000,-0.003906
25404422,BNO_GYRO_UC,2514,-3200,0,0.974609,5.435547,-0.001953,0.001953,0.000000,-0.003906
25414095,BNO_GYRO_UC,2515,-2900,0,0.703125,3.958984,-0.109375,0.001953,0.000000,-0.003906
25424384,BNO_GYRO_UC,2516,-3100,0,0.308594,1.880859,-0.146484,0.001953,0.000000,-0.003906
25434545,BNO_GYRO_UC,2517,-2700,0,-0.134766,-0.265625,-0.154297,0.001953,0.000000,-0.003906
25444879,BNO_GYRO_UC,2518,-3400,0,-0.386719,-1.984375,-0.148438,0.001953,0.000000,-0.003906
25454034,BNO_GYRO_UC,2519,-2900,0,-0.443359,-3.302734,-0.164062,0.001953,0.000000,-0.003906
25464472,BNO_GYRO_UC,2520,-3100,0,-0.466797,-4.310547,-0.167969,0.001953,0.000000,-0.003906
25474671,BNO_GYRO_UC,2521,-2900,0,-0.558594,-4.988281,-0.195312,0.001953,0.000000,-0.003906
25485041,BNO_GYRO_UC,2522,-3200,0,-0.755859,-4.945312,-0.222656,0.001953,0.000000,-0.003906
25494246,BNO_GYRO_UC,2523,-3100,0,-0.884766,-4.148438,-0.216797,0.001953,0.000000,-0.003906
25504978,BNO_GYRO_UC,2524,-3100,0,-0.802734,-2.884766,-0.169922,0.001953,0.000000,-0.003906
25514817,BNO_GYRO_UC,2525,-2500,0,-0.572266,-1.539062,-0.078125,0.001953,0.000000,-0.003906
25525038,BNO_GYRO_UC,2526,-3200,0,-0.271484,-0.314453,0.027344,0.001953,0.000000,-0.003906
25534432,BNO_GYRO_UC,2527,-3100,0,-0.076172,0.820312,0.154297,0.001953,0.000000,-0.003906
25545087,BNO_GYRO_UC,2528,-3100,0,0.146484,2.048828,0.242188,0.001953,0.000000,-0.003906
25555379,BNO_GYRO_UC,2529,-3100,0,0.398438,3.269531,0.248047,0.001953,0.000000,-0.003906
25564822,BNO_GYRO_UC,2530,-3200,0,0.607422,4.236328,0.214844,0.001953,0.000000,-0.003906
25574376,BNO_GYRO_UC,2531,-2900,0,0.738281,4.712891,0.140625,0.001953,0.000000,-0.003906
25584972,BNO_GYRO_UC,2532,-3100,0,0.748047,4.371094,0.031250,0.001953,0.000000,-0.003906
25595197,BNO_GYRO_UC,2533,-2900,0,0.662109,3.380859,-0.068359,0.001953,0.000000,-0.003906
25605201,BNO_GYRO_UC,2534,-3200,0,0.556641,1.921875,-0.080078,0.001953,0.000000,-0.003906
25614574,BNO_GYRO_UC,2535,-2900,0,0.384766,0.322266,-0.041016,0.001953,0.000000,-0.003906
25625020,BNO_GYRO_UC,2536,-3100,0,0.197266,-0.984375,-0.031250,0.001953,0.000000,-0.003906
25635421,BNO_GYRO_UC,2537,-2900,0,0.078125,-1.912109,-0.017578,0.001953,0.000000,-0.003906
25645623,BNO_GYRO_UC,2538,-3200,0,-0.019531,-2.509766,-0.001953,0.001953,0.000000,-0.003906
25654651,BNO_GYRO_UC,2539,-2900,0,-0.173828,-2.839844,0.009766,0.001953,0.000000,-0.003906
25665267,BNO_GYRO_UC,2540,-3100,0,-0.320312,-2.929688,0.007812,0.001953,0.000000,-0.003906
25675632,BNO_GYRO_UC,2541,-3100,0,-0.468750,-2.628906,-0.001953,0.001953,0.000000,-0.003906
25684986,BNO_GYRO_UC,2542,-3100,0,-0.501953,-1.984375,-0.013672,0.001953,0.000000,-0.003906
25694722,BNO_GYRO_UC,2543,-3100,0,-0.408203,-1.136719,-0.007812,0.001953,0.000000,-0.003906
25705480,BNO_GYRO_UC,2544,-3100,0,-0.353516,-0.197266,0.013672,0.001953,0.000000,-0.003906
25715696,BNO_GYRO_UC,2545,-2900,0,-0.306641,0.744141,0.056641,0.001953,0.000000,-0.003906
25725745,BNO_GYRO_UC,2546,-3200,0,-0.148438,1.673828,0.111328,0.001953,0.000000,-0.003906
25735090,BNO_GYRO_UC,2547,-2900,0,0.044922,2.568359,0.128906,0.001953,0.000000,-0.003906
25745618,BNO_GYRO_UC,2548,-3100,0,0.251953,3.257812,0.125000,0.001953,0.000000,-0.003906
25755878,BNO_GYRO_UC,2549,-2900,0,0.429688,3.625000,0.105469,0.001953,0.000000,-0.003906
25765266,BNO_GYRO_UC,2550,-3100,0,0.505859,3.675781,0.082031,0.001953,0.000000,-0.003906
25774920,BNO_GYRO_UC,2551,-3100,0,0.482422,3.400391,0.078125,0.001953,0.000000,-0.003906
25785693,BNO_GYRO_UC,2552,-3100,0,0.470703,2.763672,0.072266,0.001953,0.000000,-0.003906
25796049,BNO_GYRO_UC,2553,-2900,0,0.458984,1.806641,0.046875,0.001953,0.000000,-0.003906
25805435,BNO_GYRO_UC,2554,-2900,0,0.386719,0.718750,0.041016,0.001953,0.000000,-0.003906
25814976,BNO_GYRO_UC,2555,-2900,0,0.353516,-0.289062,0.031250,0.001953,0.000000,-0.003906
25825741,BNO_GYRO_UC,2556,-3100,0,0.271484,-1.068359,-0.003906,0.001953,0.000000,-0.003906
25836120,BNO_GYRO_UC,2557,-2900,0,0.183594,-1.699219,0.007812,0.001953,0.000000,-0.003906
25845582,BNO_GYRO_UC,2558,-2900,0,0.003906,-2.253906,-0.003906,0.001953,0.000000,-0.003906
25855092,BNO_GYRO_UC,2559,-2900,0,-0.099609,-2.693359,-0.031250,0.001953,0.000000,-0.003906
25865781,BNO_GYRO_UC,2560,-3100,0,-0.238281,-2.912109,-0.060547,0.001953,0.000000,-0.003906
25876193,BNO_GYRO_UC,2561,-2900,0,-0.406250,-2.867188,-0.078125,0.001953,0.000000,-0.003906
25885626,BNO_GYRO_UC,2562,-2700,0,-0.595703,-2.498047,-0.062500,0.001953,0.000000,-0.003906
25894862,BNO_GYRO_UC,2563,-2700,0,-0.720703,-1.900391,-0.027344,0.001953,0.000000,-0.003906
25905354,BNO_GYRO_UC,2564,-3100,0,-0.648438,-1.181641,0.019531,0.001953,0.000000,-0.003906
25915604,BNO_GYRO_UC,2565,-3200,0,-0.656250,-0.376953,0.076172,0.001953,0.000000,-0.003906
25925815,BNO_GYRO_UC,2566,-3100,0,-0.693359,0.320312,0.109375,0.001953,0.000000,-0.003906
25935275,BNO_GYRO_UC,2567,-2900,0,-0.632812,0.646484,0.091797,0.001953,0.000000,-0.003906
25946052,BNO_GYRO_UC,2568,-3100,0,-0.468750,0.593750,0.023438,0.001953,0.000000,-0.003906
25956696,BNO_GYRO_UC,2569,-3200,0,-0.250000,0.439453,-0.044922,0.001953,0.000000,-0.003906
25965971,BNO_GYRO_UC,2570,-2900,0,-0.007812,0.277344,-0.074219,0.001953,0.000000,-0.003906
25975080,BNO_GYRO_UC,2571,-2700,0,0.101562,0.207031,-0.060547,0.001953,0.000000,-0.003906
25985934,BNO_GYRO_UC,2572,-3100,0,0.210938,0.265625,-0.035156,0.001953,0.000000,-0.003906
25995462,BNO_GYRO_UC,2573,-3100,0,0.386719,0.402344,-0.015625,0.001953,0.000000,-0.003906
26006596,BNO_GYRO_UC,2574,-3400,0,0.580078,0.474609,0.001953,0.001953,0.000000,-0.003906
26015466,BNO_GYRO_UC,2575,-2900,0,0.693359,0.621094,0.015625,0.001953,0.000000,-0.003906
26026040,BNO_GYRO_UC,2576,-3100,0,0.707031,0.896484,0.042969,0.001953,0.000000,-0.003906
26035520,BNO_GYRO_UC,2577,-2900,0,0.615234,1.287109,0.083984,0.001953,0.000000,-0.003906
26046722,BNO_GYRO_UC,2578,-3400,0,0.484375,1.841797,0.111328,0.001953,0.000000,-0.003906
26055442,BNO_GYRO_UC,2579,-2900,0,0.443359,2.408203,0.113281,0.001953,0.000000,-0.003906
26065833,BNO_GYRO_UC,2580,-3100,0,0.363281,2.890625,0.101562,0.001953,0.000000,-0.003906
26075831,BNO_GYRO_UC,2581,-3100,0,0.197266,3.253906,0.068359,0.001953,0.000000,-0.003906
26085881,BNO_GYRO_UC,2582,-2700,0,-0.062500,3.369141,-0.023438,0.001953,0.000000,-0.003906
26095408,BNO_GYRO_UC,2583,-2900,0,-0.337891,2.931641,-0.173828,0.001953,0.000000,-0.003906
26106208,BNO_GYRO_UC,2584,-3100,0,-0.517578,1.798828,-0.337891,0.001953,0.000000,-0.003906
26115871,BNO_GYRO_UC,2585,-2900,0,-0.736328,0.167969,-0.490234,0.001953,0.000000,-0.003906
26126200,BNO_GYRO_UC,2586,-2900,0,-0.869141,-1.552734,-0.566406,0.001953,0.000000,-0.003906
26135562,BNO_GYRO_UC,2587,-2900,0,-0.753906,-3.412109,-0.517578,0.001953,0.000000,-0.003906
26146112,BNO_GYRO_UC,2588,-3100,0,-0.662109,-5.072266,-0.466797,0.001953,0.000000,-0.003906
26155789,BNO_GYRO_UC,2589,-3100,0,-0.513672,-6.191406,-0.373047,0.001953,0.000000,-0.003906
26166183,BNO_GYRO_UC,2590,-2900,0,-0.410156,-6.595703,-0.259766,0.001953,0.000000,-0.003906
26175645,BNO_GYRO_UC,2591,-2900,0,-0.369141,-6.089844,-0.150391,0.001953,0.000000,-0.003906
26186239,BNO_GYRO_UC,2592,-2900,0,-0.335938,-4.828125,0.005859,0.001953,0.000000,-0.003906
26196337,BNO_GYRO_UC,2593,-3100,0,-0.257812,-3.318359,0.126953,0.001953,0.000000,-0.003906
26206669,BNO_GYRO_UC,2594,-3100,0,-0.101562,-1.998047,0.195312,0.001953,0.000000,-0.003906
26216160,BNO_GYRO_UC,2595,-3200,0,0.048828,-0.742188,0.228516,0.001953,0.000000,-0.003906
26225979,BNO_GYRO_UC,2596,-3100,0,0.173828,0.562500,0.267578,0.001953,0.000000,-0.003906
26236250,BNO_GYRO_UC,2597,-3100,0,0.398438,1.816406,0.265625,0.001953,0.000000,-0.003906
26246691,BNO_GYRO_UC,2598,-3100,0,0.658203,3.111328,0.263672,0.001953,0.000000,-0.003906
26255588,BNO_GYRO_UC,2599,-2500,0,0.855469,4.501953,0.279297,0.001953,0.000000,-0.003906
26266518,BNO_GYRO_UC,2600,-3100,0,0.902344,5.955078,0.259766,0.001953,0.000000,-0.003906
26276145,BNO_GYRO_UC,2601,-3100,0,0.863281,6.957031,0.173828,0.001953,0.000000,-0.003906
26287179,BNO_GYRO_UC,2602,-3400,0,0.726562,7.023438,0.083984,0.001953,0.000000,-0.003906
26296679,BNO_GYRO_UC,2603,-3400,0,0.564453,5.910156,0.027344,0.001953,0.000000,-0.003906
26306132,BNO_GYRO_UC,2604,-3100,0,0.417969,4.062500,-0.007812,0.001953,0.000000,-0.003906
26316694,BNO_GYRO_UC,2605,-3100,0,0.167969,1.962891,-0.042969,0.001953,0.000000,-0.003906
26326881,BNO_GYRO_UC,2606,-2900,0,0.017578,0.115234,-0.039062,0.001953,0.000000,-0.003906
26335971,BNO_GYRO_UC,2607,-2700,0,0.033203,-1.238281,-0.033203,0.001953,0.000000,-0.003906
26346912,BNO_GYRO_UC,2608,-2900,0,0.146484,-2.376953,0.013672,0.001953,0.000000,-0.003906
26356204,BNO_GYRO_UC,2609,-2900,0,0.113281,-3.224609,0.058594,0.001953,0.000000,-0.003906
26367245,BNO_GYRO_UC,2610,-3400,0,0.125000,-3.724609,0.085938,0.001953,0.000000,-0.003906
26376712,BNO_GYRO_UC,2611,-3400,0,0.146484,-3.787109,0.087891,0.001953,0.000000,-0.003906
26386127,BNO_GYRO_UC,2612,-2900,0,0.125000,-3.396484,0.062500,0.001953,0.000000,-0.003906
26396644,BNO_GYRO_UC,2613,-3100,0,0.027344,-2.609375,0.042969,0.001953,0.000000,-0.003906
26406811,BNO_GYRO_UC,2614,-2900,0,-0.136719,-1.427734,0.044922,0.001953,0.000000,-0.003906
26416823,BNO_GYRO_UC,2615,-3200,0,-0.244141,-0.146484,0.068359,0.001953,0.000000,-0.003906
26426213,BNO_GYRO_UC,2616,-2900,0,-0.232422,0.843750,0.037109,0.001953,0.000000,-0.003906
26436909,BNO_GYRO_UC,2617,-3100,0,-0.216797,1.492188,-0.044922,0.001953,0.000000,-0.003906
26447300,BNO_GYRO_UC,2618,-2900,0,-0.287109,1.794922,-0.138672,0.001953,0.000000,-0.003906
26457515,BNO_GYRO_UC,2619,-3200,0,-0.361328,1.562500,-0.230469,0.001953,0.000000,-0.003906
26466552,BNO_GYRO_UC,2620,-3100,0,-0.351562,0.689453,-0.302734,0.001953,0.000000,-0.003906
26477166,BNO_GYRO_UC,2621,-3100,0,-0.339844,-0.537109,-0.326172,0.001953,0.000000,-0.003906
26487429,BNO_GYRO_UC,2622,-3100,0,-0.398438,-1.808594,-0.289062,0.001953,0.000000,-0.003906
26496977,BNO_GYRO_UC,2623,-3200,0,-0.382812,-2.876953,-0.251953,0.001953,0.000000,-0.003906
26506450,BNO_GYRO_UC,2624,-2900,0,-0.283203,-3.585938,-0.191406,0.001953,0.000000,-0.003906
26517264,BNO_GYRO_UC,2625,-3100,0,-0.330078,-3.914062,-0.103516,0.001953,0.000000,-0.003906
26527519,BNO_GYRO_UC,2626,-2900,0,-0.347656,-3.697266,-0.031250,0.001953,0.000000,-0.003906
26537565,BNO_GYRO_UC,2627,-3200,0,-0.287109,-3.126953,0.021484,0.001953,0.000000,-0.003906
26546924,BNO_GYRO_UC,2628,-3100,0,-0.179688,-2.390625,0.064453,0.001953,0.000000,-0.003906
26556620,BNO_GYRO_UC,2629,-2900,0,-0.089844,-1.548828,0.107422,0.001953,0.000000,-0.003906
26567676,BNO_GYRO_UC,2630,-3400,0,-0.031250,-0.554688,0.156250,0.001953,0.000000,-0.003906
26577065,BNO_GYRO_UC,2631,-3100,0,0.126953,0.556641,0.205078,0.001953,0.000000,-0.003906
26586728,BNO_GYRO_UC,2632,-3100,0,0.345703,1.748047,0.271484,0.001953,0.000000,-0.003906
26597204,BNO_GYRO_UC,2633,-3100,0,0.599609,3.107422,0.310547,0.001953,0.000000,-0.003906
26607498,BNO_GYRO_UC,2634,-2900,0,0.792969,4.605469,0.333984,0.001953,0.000000,-0.003906
26617674,BNO_GYRO_UC,2635,-3400,0,0.933594,6.021484,0.322266,0.001953,0.000000,-0.003906
26626817,BNO_GYRO_UC,2636,-3100,0,0.978516,6.916016,0.234375,0.001953,0.000000,-0.003906
26637552,BNO_GYRO_UC,2637,-3100,0,0.880859,6.957031,0.197266,0.001953,0.000000,-0.003906
26647939,BNO_GYRO_UC,2638,-3100,0,0.679688,6.025391,0.175781,0.001953,0.000000,-0.003906
26657411,BNO_GYRO_UC,2639,-2900,0,0.464844,4.439453,0.175781,0.001953,0.000000,-0.003906
26666977,BNO_GYRO_UC,2640,-3100,0,0.146484,2.488281,0.013672,0.001953,0.000000,-0.003906
26677654,BNO_GYRO_UC,2641,-3100,0,-0.062500,0.535156,-0.160156,0.001953,0.000000,-0.003906
26688009,BNO_GYRO_UC,2642,-2900,0,-0.062500,-1.052734,-0.222656,0.001953,0.000000,-0.003906
26697318,BNO_GYRO_UC,2643,-2700,0,0.027344,-2.496094,-0.238281,0.001953,0.000000,-0.003906
26706937,BNO_GYRO_UC,2644,-2900,0,0.103516,-3.798828,-0.232422,0.001953,0.000000,-0.003906
26717539,BNO_GYRO_UC,2645,-3100,0,0.263672,-4.892578,-0.210938,0.001953,0.000000,-0.003906
26728045,BNO_GYRO_UC,2646,-3100,0,0.273438,-5.792969,-0.205078,0.001953,0.000000,-0.003906
26737458,BNO_GYRO_UC,2647,-2700,0,0.117188,-6.416016,-0.222656,0.001953,0.000000,-0.003906
26746899,BNO_GYRO_UC,2648,-2700,0,-0.027344,-6.619141,-0.265625,0.001953,0.000000,-0.003906
26757519,BNO_GYRO_UC,2649,-3100,0,-0.134766,-6.550781,-0.251953,0.001953,0.000000,-0.003906
26767496,BNO_GYRO_UC,2650,-3200,0,-0.437500,-6.111328,-0.253906,0.001953,0.000000,-0.003906
26777696,BNO_GYRO_UC,2651,-3100,0,-0.638672,-5.267578,-0.234375,0.001953,0.000000,-0.003906
26787012,BNO_GYRO_UC,2652,-2900,0,-0.654297,-4.082031,-0.167969,0.001953,0.000000,-0.003906
26797672,BNO_GYRO_UC,2653,-3100,0,-0.560547,-2.650391,0.013672,0.001953,0.000000,-0.003906
26807247,BNO_GYRO_UC,2654,-3100,0,-0.423828,-1.187500,0.160156,0.001953,0.000000,-0.003906
26818265,BNO_GYRO_UC,2655,-3400,0,-0.228516,0.322266,0.296875,0.001953,0.000000,-0.003906
26827341,BNO_GYRO_UC,2656,-3100,0,-0.070312,1.792969,0.441406,0.001953,0.000000,-0.003906
26837973,BNO_GYRO_UC,2657,-3100,0,0.023438,3.177734,0.568359,0.001953,0.000000,-0.003906
26847426,BNO_GYRO_UC,2658,-3100,0,0.138672,4.386719,0.632812,0.001953,0.000000,-0.003906
26857863,BNO_GYRO_UC,2659,-3100,0,0.369141,5.285156,0.587891,0.001953,0.000000,-0.003906
26867156,BNO_GYRO_UC,2660,-2700,0,0.589844,5.673828,0.388672,0.001953,0.000000,-0.003906
26877830,BNO_GYRO_UC,2661,-3100,0,0.781250,5.552734,0.207031,0.001953,0.000000,-0.003906
26887522,BNO_GYRO_UC,2662,-3100,0,0.804688,4.722656,0.011719,0.001953,0.000000,-0.003906
26897947,BNO_GYRO_UC,2663,-3100,0,0.714844,3.371094,-0.091797,0.001953,0.000000,-0.003906
26907447,BNO_GYRO_UC,2664,-2900,0,0.511719,1.662109,-0.158203,0.001953,0.000000,-0.003906
26917917,BNO_GYRO_UC,2665,-3100,0,0.267578,-0.003906,-0.138672,0.001953,0.000000,-0.003906
26927470,BNO_GYRO_UC,2666,-3100,0,0.148438,-1.367188,-0.089844,0.001953,0.000000,-0.003906
26937932,BNO_GYRO_UC,2667,-3100,0,0.066406,-2.314453,-0.062500,0.001953,0.000000,-0.003906
26947311,BNO_GYRO_UC,2668,-2700,0,-0.054688,-2.853516,-0.029297,0.001953,0.000000,-0.003906
26957984,BNO_GYRO_UC,2669,-3100,0,-0.072266,-3.109375,0.005859,0.001953,0.000000,-0.003906
26967631,BNO_GYRO_UC,2670,-2900,0,-0.167969,-3.070312,0.041016,0.001953,0.000000,-0.003906
26978861,BNO_GYRO_UC,2671,-3400,0,-0.337891,-2.744141,0.078125,0.001953,0.000000,-0.003906
26988234,BNO_GYRO_UC,2672,-3200,0,-0.472656,-2.230469,0.105469,0.001953,0.000000,-0.003906
26997543,BNO_GYRO_UC,2673,-3100,0,-0.500000,-1.560547,0.115234,0.001953,0.000000,-0.003906
27007979,BNO_GYRO_UC,2674,-3100,0,-0.453125,-0.832031,0.103516,0.001953,0.000000,-0.003906
27018044,BNO_GYRO_UC,2675,-2700,0,-0.453125,-0.142578,0.087891,0.001953,0.000000,-0.003906
27027956,BNO_GYRO_UC,2676,-3200,0,-0.439453,0.402344,0.046875,0.001953,0.000000,-0.003906
27037775,BNO_GYRO_UC,2677,-2900,0,-0.318359,0.683594,-0.048828,0.001953,0.000000,-0.003906
27047965,BNO_GYRO_UC,2678,-3100,0,-0.138672,0.667969,-0.179688,0.001953,0.000000,-0.003906
27058313,BNO_GYRO_UC,2679,-2900,0,0.033203,0.386719,-0.289062,0.001953,0.000000,-0.003906
27067425,BNO_GYRO_UC,2680,-2500,0,0.101562,-0.042969,-0.318359,0.001953,0.000000,-0.003906
27078391,BNO_GYRO_UC,2681,-3100,0,0.093750,-0.455078,-0.273438,0.001953,0.000000,-0.003906
27087955,BNO_GYRO_UC,2682,-2900,0,0.082031,-0.683594,-0.193359,0.001953,0.000000,-0.003906
27098994,BNO_GYRO_UC,2683,-3400,0,0.162109,-0.640625,-0.117188,0.001953,0.000000,-0.003906
27108570,BNO_GYRO_UC,2684,-3200,0,0.277344,-0.484375,-0.076172,0.001953,0.000000,-0.003906
27117848,BNO_GYRO_UC,2685,-2900,0,0.339844,-0.246094,-0.011719,0.001953,0.000000,-0.003906
27128314,BNO_GYRO_UC,2686,-3100,0,0.373047,0.058594,0.046875,0.001953,0.000000,-0.003906
27138533,BNO_GYRO_UC,2687,-2700,0,0.421875,0.333984,0.105469,0.001953,0.000000,-0.003906
27148717,BNO_GYRO_UC,2688,-3200,0,0.421875,0.667969,0.140625,0.001953,0.000000,-0.003906
27158110,BNO_GYRO_UC,2689,-2900,0,0.480469,1.142578,0.158203,0.001953,0.000000,-0.003906
27168425,BNO_GYRO_UC,2690,-3100,0,0.576172,1.730469,0.144531,0.001953,0.000000,-0.003906
27178830,BNO_GYRO_UC,2691,-2900,0,0.623047,2.494141,0.125000,0.001953,0.000000,-0.003906
27188918,BNO_GYRO_UC,2692,-3200,0,0.707031,3.347656,0.105469,0.001953,0.000000,-0.003906
27198217,BNO_GYRO_UC,2693,-2900,0,0.751953,4.210938,0.113281,0.001953,0.000000,-0.003906
27208874,BNO_GYRO_UC,2694,-3100,0,0.707031,4.869141,0.113281,0.001953,0.000000,-0.003906
27218630,BNO_GYRO_UC,2695,-2300,0,0.583984,5.224609,0.130859,0.001953,0.000000,-0.003906
27228884,BNO_GYRO_UC,2696,-3400,0,0.412109,5.119141,0.085938,0.001953,0.000000,-0.003906
27238187,BNO_GYRO_UC,2697,-3100,0,0.242188,4.574219,0.056641,0.001953,0.000000,-0.003906
27248863,BNO_GYRO_UC,2698,-3100,0,0.164062,3.623047,0.072266,0.001953,0.000000,-0.003906
27258813,BNO_GYRO_UC,2699,-2500,0,0.060547,2.400391,0.070312,0.001953,0.000000,-0.003906
27269162,BNO_GYRO_UC,2700,-3200,0,0.083984,1.007812,0.085938,0.001953,0.000000,-0.003906
27278303,BNO_GYRO_UC,2701,-3100,0,-0.064453,-0.306641,0.035156,0.001953,0.000000,-0.003906
27288797,BNO_GYRO_UC,2702,-3100,0,-0.207031,-1.675781,-0.003906,0.001953,0.000000,-0.003906
27299197,BNO_GYRO_UC,2703,-3100,0,-0.375000,-3.203125,-0.013672,0.001953,0.000000,-0.003906
27309433,BNO_GYRO_UC,2704,-3200,0,-0.517578,-4.712891,-0.068359,0.001953,0.000000,-0.003906
27318437,BNO_GYRO_UC,2705,-3100,0,-0.630859,-6.103516,-0.121094,0.001953,0.000000,-0.003906
27329012,BNO_GYRO_UC,2706,-3100,0,-0.644531,-7.375000,-0.201172,0.001953,0.000000,-0.003906
27339448,BNO_GYRO_UC,2707,-3100,0,-0.669922,-8.097656,-0.302734,0.001953,0.000000,-0.003906
27348796,BNO_GYRO_UC,2708,-3100,0,-0.992188,-7.808594,-0.345703,0.001953,0.000000,-0.003906
27358418,BNO_GYRO_UC,2709,-2900,0,-1.093750,-6.576172,-0.316406,0.001953,0.000000,-0.003906
27369065,BNO_GYRO_UC,2710,-2900,0,-0.900391,-4.876953,-0.251953,0.001953,0.000000,-0.003906
27379423,BNO_GYRO_UC,2711,-3100,0,-0.646484,-2.941406,-0.068359,0.001953,0.000000,-0.003906
27389518,BNO_GYRO_UC,2712,-3200,0,-0.396484,-0.949219,0.138672,0.001953,0.000000,-0.003906
27398625,BNO_GYRO_UC,2713,-3100,0,-0.117188,1.033203,0.337891,0.001953,0.000000,-0.003906
27409370,BNO_GYRO_UC,2714,-3100,0,0.171875,2.916016,0.468750,0.001953,0.000000,-0.003906
27419739,BNO_GYRO_UC,2715,-2900,0,0.378906,4.722656,0.562500,0.001953,0.000000,-0.003906
27429037,BNO_GYRO_UC,2716,-2700,0,0.656250,6.390625,0.554688,0.001953,0.000000,-0.003906
27438686,BNO_GYRO_UC,2717,-2900,0,1.023438,7.675781,0.408203,0.001953,0.000000,-0.003906
27448757,BNO_GYRO_UC,2718,-2900,0,1.369141,8.179688,0.208984,0.001953,0.000000,-0.003906
27460037,BNO_GYRO_UC,2719,-3600,0,1.410156,7.744141,0.068359,0.001953,0.000000,-0.003906
27469398,BNO_GYRO_UC,2720,-2900,0,1.099609,6.312500,-0.025391,0.001953,0.000000,-0.003906
27478577,BNO_GYRO_UC,2721,-2900,0,0.572266,4.224609,-0.062500,0.001953,0.000000,-0.003906
27489119,BNO_GYRO_UC,2722,-3100,0,0.087891,2.000000,-0.123047,0.001953,0.000000,-0.003906
27499291,BNO_GYRO_UC,2723,-3400,0,-0.150391,0.095703,-0.097656,0.001953,0.000000,-0.003906
27509536,BNO_GYRO_UC,2724,-3200,0,-0.222656,-1.425781,-0.126953,0.001953,0.000000,-0.003906
27518789,BNO_GYRO_UC,2725,-2900,0,-0.382812,-2.828125,-0.119141,0.001953,0.000000,-0.003906
27529559,BNO_GYRO_UC,2726,-2900,0,-0.408203,-4.128906,-0.117188,0.001953,0.000000,-0.003906
27540010,BNO_GYRO_UC,2727,-3100,0,-0.357422,-5.279297,-0.125000,0.001953,0.000000,-0.003906
27549313,BNO_GYRO_UC,2728,-2500,0,-0.363281,-6.109375,-0.171875,0.001953,0.000000,-0.003906
27558666,BNO_GYRO_UC,2729,-2900,0,-0.416016,-6.431641,-0.238281,0.001953,0.000000,-0.003906
27569104,BNO_GYRO_UC,2730,-3100,0,-0.587891,-6.101562,-0.306641,0.001953,0.000000,-0.003906
27579387,BNO_GYRO_UC,2731,-3200,0,-0.761719,-5.093750,-0.316406,0.001953,0.000000,-0.003906
27589545,BNO_GYRO_UC,2732,-3200,0,-0.644531,-3.576172,-0.244141,0.001953,0.000000,-0.003906
27598526,BNO_GYRO_UC,2733,-2500,0,-0.447266,-1.810547,-0.101562,0.001953,0.000000,-0.003906
27609132,BNO_GYRO_UC,2734,-3100,0,-0.244141,-0.085938,0.060547,0.001953,0.000000,-0.003906
27619618,BNO_GYRO_UC,2735,-3400,0,-0.013672,1.531250,0.222656,0.001953,0.000000,-0.003906
27629846,BNO_GYRO_UC,2736,-3200,0,0.232422,3.142578,0.347656,0.001953,0.000000,-0.003906
27638749,BNO_GYRO_UC,2737,-2700,0,0.429688,4.675781,0.400391,0.001953,0.000000,-0.003906
27649480,BNO_GYRO_UC,2738,-3100,0,0.638672,6.025391,0.386719,0.001953,0.000000,-0.003906
27659167,BNO_GYRO_UC,2739,-2900,0,0.839844,6.857422,0.302734,0.001953,0.000000,-0.003906
27670256,BNO_GYRO_UC,2740,-3400,0,0.916016,6.802734,0.234375,0.001953,0.000000,-0.003906
27679256,BNO_GYRO_UC,2741,-3100,0,0.798828,6.021484,0.167969,0.001953,0.000000,-0.003906
27689803,BNO_GYRO_UC,2742,-2900,0,0.537109,4.599609,0.105469,0.001953,0.000000,-0.003906
27699394,BNO_GYRO_UC,2743,-3100,0,0.166016,2.843750,0.048828,0.001953,0.000000,-0.003906
27709714,BNO_GYRO_UC,2744,-2900,0,-0.205078,1.257812,-0.087891,0.001953,0.000000,-0.003906
27719177,BNO_GYRO_UC,2745,-2900,0,-0.589844,0.039062,-0.220703,0.001953,0.000000,-0.003906
27729778,BNO_GYRO_UC,2746,-3100,0,-0.599609,-0.929688,-0.253906,0.001953,0.000000,-0.003906
27739440,BNO_GYRO_UC,2747,-3100,0,-0.570312,-1.621094,-0.257812,0.001953,0.000000,-0.003906
27750575,BNO_GYRO_UC,2748,-3400,0,-0.550781,-2.197266,-0.195312,0.001953,0.000000,-0.003906
27759330,BNO_GYRO_UC,2749,-2900,0,-0.380859,-2.621094,-0.089844,0.001953,0.000000,-0.003906
27769782,BNO_GYRO_UC,2750,-3100,0,-0.361328,-2.742188,-0.015625,0.001953,0.000000,-0.003906
27779467,BNO_GYRO_UC,2751,-3100,0,-0.380859,-2.703125,0.013672,0.001953,0.000000,-0.003906
27790592,BNO_GYRO_UC,2752,-3400,0,-0.363281,-2.507812,-0.007812,0.001953,0.000000,-0.003906
27799450,BNO_GYRO_UC,2753,-3100,0,-0.304688,-2.011719,-0.078125,0.001953,0.000000,-0.003906
27810069,BNO_GYRO_UC,2754,-2900,0,-0.269531,-1.267578,-0.167969,0.001953,0.000000,-0.003906
27819662,BNO_GYRO_UC,2755,-3100,0,-0.078125,-0.503906,-0.292969,0.001953,0.000000,-0.003906
27829883,BNO_GYRO_UC,2756,-2900,0,0.125000,0.361328,-0.337891,0.001953,0.000000,-0.003906
27840047,BNO_GYRO_UC,2757,-3200,0,0.289062,1.298828,-0.234375,0.001953,0.000000,-0.003906
27849563,BNO_GYRO_UC,2758,-3100,0,0.259766,2.337891,-0.123047,0.001953,0.000000,-0.003906
27859788,BNO_GYRO_UC,2759,-3100,0,0.181641,3.388672,-0.029297,0.001953,0.000000,-0.003906
27869960,BNO_GYRO_UC,2760,-2900,0,0.281250,4.041016,0.050781,0.001953,0.000000,-0.003906
27880269,BNO_GYRO_UC,2761,-3400,0,0.380859,4.191406,0.083984,0.001953,0.000000,-0.003906
27889621,BNO_GYRO_UC,2762,-2900,0,0.292969,3.904297,0.083984,0.001953,0.000000,-0.003906
27899903,BNO_GYRO_UC,2763,-3100,0,0.220703,3.208984,0.074219,0.001953,0.000000,-0.003906
27910071,BNO_GYRO_UC,2764,-2700,0,0.166016,2.117188,0.029297,0.001953,0.000000,-0.003906
27920485,BNO_GYRO_UC,2765,-3200,0,0.031250,0.773438,-0.064453,0.001953,0.000000,-0.003906
27929748,BNO_GYRO_UC,2766,-3100,0,-0.025391,-0.593750,-0.150391,0.001953,0.000000,-0.003906
27940368,BNO_GYRO_UC,2767,-3100,0,-0.083984,-1.699219,-0.255859,0.001953,0.000000,-0.003906
27950142,BNO_GYRO_UC,2768,-2500,0,-0.099609,-2.685547,-0.277344,0.001953,0.000000,-0.003906
27960167,BNO_GYRO_UC,2769,-3200,0,-0.103516,-3.494141,-0.306641,0.001953,0.000000,-0.003906
27969900,BNO_GYRO_UC,2770,-2900,0,-0.083984,-4.193359,-0.324219,0.001953,0.000000,-0.003906
27980528,BNO_GYRO_UC,2771,-3100,0,-0.070312,-4.886719,-0.298828,0.001953,0.000000,-0.003906
27990766,BNO_GYRO_UC,2772,-3100,0,-0.048828,-5.468750,-0.277344,0.001953,0.000000,-0.003906
28000231,BNO_GYRO_UC,2773,-3100,0,-0.060547,-5.871094,-0.320312,0.001953,0.000000,-0.003906
28009948,BNO_GYRO_UC,2774,-2900,0,-0.294922,-6.017578,-0.435547,0.001953,0.000000,-0.003906
28020421,BNO_GYRO_UC,2775,-3100,0,-0.568359,-5.746094,-0.488281,0.001953,0.000000,-0.003906
28030570,BNO_GYRO_UC,2776,-2700,0,-0.736328,-5.050781,-0.458984,0.001953,0.000000,-0.003906
28040645,BNO_GYRO_UC,2777,-3200,0,-0.833984,-3.908203,-0.312500,0.001953,0.000000,-0.003906
28050132,BNO_GYRO_UC,2778,-3100,0,-0.808594,-2.587891,-0.138672,0.001953,0.000000,-0.003906
28060554,BNO_GYRO_UC,2779,-2900,0,-0.705078,-1.275391,0.035156,0.001953,0.000000,-0.003906
28070883,BNO_GYRO_UC,2780,-2700,0,-0.535156,-0.021484,0.222656,0.001953,0.000000,-0.003906
28081017,BNO_GYRO_UC,2781,-3200,0,-0.255859,1.248047,0.408203,0.001953,0.000000,-0.003906
28090188,BNO_GYRO_UC,2782,-3100,0,0.048828,2.544922,0.535156,0.001953,0.000000,-0.003906
28100869,BNO_GYRO_UC,2783,-3100,0,0.230469,3.873047,0.591797,0.001953,0.000000,-0.003906
28110793,BNO_GYRO_UC,2784,-2500,0,0.441406,5.095703,0.562500,0.001953,0.000000,-0.003906
28120977,BNO_GYRO_UC,2785,-3200,0,0.675781,6.210938,0.507812,0.001953,0.000000,-0.003906
28130268,BNO_GYRO_UC,2786,-2900,0,0.847656,6.824219,0.531250,0.001953,0.000000,-0.003906
28141000,BNO_GYRO_UC,2787,-3100,0,0.859375,6.531250,0.613281,0.001953,0.000000,-0.003906
28151170,BNO_GYRO_UC,2788,-2900,0,0.886719,5.363281,0.597656,0.001953,0.000000,-0.003906
28161216,BNO_GYRO_UC,2789,-3200,0,0.812500,4.093750,0.447266,0.001953,0.000000,-0.003906
28170599,BNO_GYRO_UC,2790,-2900,0,0.513672,2.705078,0.253906,0.001953,0.000000,-0.003906
28181131,BNO_GYRO_UC,2791,-3100,0,0.214844,1.337891,0.226562,0.001953,0.000000,-0.003906
28190987,BNO_GYRO_UC,2792,-2500,0,0.046875,0.218750,0.242188,0.001953,0.000000,-0.003906
28201283,BNO_GYRO_UC,2793,-3200,0,-0.134766,-0.580078,0.201172,0.001953,0.000000,-0.003906
28210342,BNO_GYRO_UC,2794,-2900,0,-0.302734,-1.322266,0.183594,0.001953,0.000000,-0.003906
28221033,BNO_GYRO_UC,2795,-3200,0,-0.482422,-2.060547,0.144531,0.001953,0.000000,-0.003906
28231379,BNO_GYRO_UC,2796,-2900,0,-0.607422,-2.859375,0.048828,0.001953,0.000000,-0.003906
28241519,BNO_GYRO_UC,2797,-3400,0,-0.593750,-3.785156,-0.083984,0.001953,0.000000,-0.003906
28250520,BNO_GYRO_UC,2798,-3100,0,-0.488281,-4.695312,-0.232422,0.001953,0.000000,-0.003906
28261252,BNO_GYRO_UC,2799,-3100,0,-0.527344,-5.306641,-0.345703,0.001953,0.000000,-0.003906
28271496,BNO_GYRO_UC,2800,-3100,0,-0.720703,-5.554688,-0.439453,0.001953,0.000000,-0.003906
28281030,BNO_GYRO_UC,2801,-2900,0,-0.804688,-5.376953,-0.517578,0.001953,0.000000,-0.003906
28290676,BNO_GYRO_UC,2802,-3100,0,-0.816406,-4.748047,-0.488281,0.001953,0.000000,-0.003906
28301389,BNO_GYRO_UC,2803,-3100,0,-0.656250,-3.744141,-0.361328,0.001953,0.000000,-0.003906
28311749,BNO_GYRO_UC,2804,-3100,0,-0.361328,-2.494141,-0.150391,0.001953,0.000000,-0.003906
28321037,BNO_GYRO_UC,2805,-2700,0,-0.154297,-1.238281,-0.031250,0.001953,0.000000,-0.003906
28330675,BNO_GYRO_UC,2806,-2900,0,0.029297,-0.062500,0.044922,0.001953,0.000000,-0.003906
28341324,BNO_GYRO_UC,2807,-3100,0,0.251953,1.000000,0.121094,0.001953,0.000000,-0.003906
28351771,BNO_GYRO_UC,2808,-3100,0,0.367188,2.005859,0.169922,0.001953,0.000000,-0.003906
28361232,BNO_GYRO_UC,2809,-2700,0,0.472656,2.796875,0.214844,0.001953,0.000000,-0.003906
28370557,BNO_GYRO_UC,2810,-2900,0,0.675781,3.394531,0.230469,0.001953,0.000000,-0.003906
28381206,BNO_GYRO_UC,2811,-3100,0,0.794922,4.015625,0.203125,0.001953,0.000000,-0.003906
28391126,BNO_GYRO_UC,2812,-3200,0,0.871094,4.500000,0.167969,0.001953,0.000000,-0.003906
28401339,BNO_GYRO_UC,2813,-3100,0,0.843750,4.888672,0.175781,0.001953,0.000000,-0.003906
28410601,BNO_GYRO_UC,2814,-2900,0,0.748047,5.156250,0.218750,0.001953,0.000000,-0.003906
28421210,BNO_GYRO_UC,2815,-3200,0,0.626953,5.218750,0.238281,0.001953,0.000000,-0.003906
28430934,BNO_GYRO_UC,2816,-3100,0,0.568359,4.890625,0.195312,0.001953,0.000000,-0.003906
28441444,BNO_GYRO_UC,2817,-3100,0,0.375000,3.728516,0.087891,0.001953,0.000000,-0.003906
28450798,BNO_GYRO_UC,2818,-2900,0,0.060547,2.060547,-0.044922,0.001953,0.000000,-0.003906
28461477,BNO_GYRO_UC,2819,-3100,0,-0.210938,0.294922,-0.140625,0.001953,0.000000,-0.003906
28471060,BNO_GYRO_UC,2820,-3100,0,-0.476562,-1.421875,-0.255859,0.001953,0.000000,-0.003906
28482216,BNO_GYRO_UC,2821,-3400,0,-0.757812,-3.376953,-0.353516,0.001953,0.000000,-0.003906
28491068,BNO_GYRO_UC,2822,-2900,0,-0.816406,-5.380859,-0.441406,0.001953,0.000000,-0.003906
28501650,BNO_GYRO_UC,2823,-3100,0,-0.654297,-7.255859,-0.570312,0.001953,0.000000,-0.003906
28511240,BNO_GYRO_UC,2824,-3100,0,-0.773438,-8.660156,-0.695312,0.001953,0.000000,-0.003906
28521618,BNO_GYRO_UC,2825,-3100,0,-1.134766,-9.076172,-0.792969,0.001953,0.000000,-0.003906
28531129,BNO_GYRO_UC,2826,-2900,0,-1.318359,-8.335938,-0.812500,0.001953,0.000000,-0.003906
28541847,BNO_GYRO_UC,2827,-3100,0,-1.113281,-6.910156,-0.689453,0.001953,0.000000,-0.003906
28551326,BNO_GYRO_UC,2828,-3100,0,-0.634766,-4.865234,-0.404297,0.001953,0.000000,-0.003906
28562412,BNO_GYRO_UC,2829,-3400,0,-0.255859,-2.744141,-0.083984,0.001953,0.000000,-0.003906
28571203,BNO_GYRO_UC,2830,-3100,0,-0.062500,-1.025391,0.142578,0.001953,0.000000,-0.003906
28581890,BNO_GYRO_UC,2831,-3100,0,0.087891,0.539062,0.302734,0.001953,0.000000,-0.003906
28591244,BNO_GYRO_UC,2832,-3100,0,0.197266,2.250000,0.431641,0.001953,0.000000,-0.003906
28602462,BNO_GYRO_UC,2833,-3400,0,0.375000,3.927734,0.466797,0.001953,0.000000,-0.003906
28611761,BNO_GYRO_UC,2834,-3400,0,0.634766,5.300781,0.421875,0.001953,0.000000,-0.003906
28621277,BNO_GYRO_UC,2835,-2900,0,0.822266,6.558594,0.306641,0.001953,0.000000,-0.003906
28631467,BNO_GYRO_UC,2836,-3100,0,0.888672,7.554688,0.261719,0.001953,0.000000,-0.003906
28641867,BNO_GYRO_UC,2837,-3100,0,0.984375,7.962891,0.185547,0.001953,0.000000,-0.003906
28651630,BNO_GYRO_UC,2838,-3200,0,1.044922,7.720703,0.076172,0.001953,0.000000,-0.003906
28662282,BNO_GYRO_UC,2839,-3100,0,0.929688,6.564453,0.033203,0.001953,0.000000,-0.003906
28671462,BNO_GYRO_UC,2840,-3100,0,0.611328,4.722656,0.011719,0.001953,0.000000,-0.003906
28682491,BNO_GYRO_UC,2841,-3400,0,0.232422,2.587891,-0.001953,0.001953,0.000000,-0.003906
28691918,BNO_GYRO_UC,2842,-3200,0,-0.156250,0.550781,0.000000,0.001953,0.000000,-0.003906
28701462,BNO_GYRO_UC,2843,-2900,0,-0.392578,-1.132812,-0.052734,0.001953,0.000000,-0.003906
28711785,BNO_GYRO_UC,2844,-3100,0,-0.449219,-2.867188,-0.076172,0.001953,0.000000,-0.003906
28721956,BNO_GYRO_UC,2845,-2700,0,-0.511719,-4.533203,-0.128906,0.001953,0.000000,-0.003906
28732154,BNO_GYRO_UC,2846,-3200,0,-0.560547,-6.138672,-0.177734,0.001953,0.000000,-0.003906
28741594,BNO_GYRO_UC,2847,-2900,0,-0.564453,-7.447266,-0.267578,0.001953,0.000000,-0.003906
28751831,BNO_GYRO_UC,2848,-3200,0,-0.636719,-7.933594,-0.376953,0.001953,0.000000,-0.003906
28762019,BNO_GYRO_UC,2849,-2700,0,-0.792969,-7.367188,-0.460938,0.001953,0.000000,-0.003906
28772295,BNO_GYRO_UC,2850,-3400,0,-0.710938,-6.070312,-0.398438,0.001953,0.000000,-0.003906
28781712,BNO_GYRO_UC,2851,-2900,0,-0.482422,-4.218750,-0.179688,0.001953,0.000000,-0.003906
28792163,BNO_GYRO_UC,2852,-3100,0,-0.357422,-2.150391,0.054688,0.001953,0.000000,-0.003906
28802246,BNO_GYRO_UC,2853,-2700,0,-0.201172,-0.357422,0.250000,0.001953,0.000000,-0.003906
28812449,BNO_GYRO_UC,2854,-3200,0,0.044922,1.373047,0.349609,0.001953,0.000000,-0.003906
28821722,BNO_GYRO_UC,2855,-2900,0,0.275391,3.089844,0.416016,0.001953,0.000000,-0.003906
28832141,BNO_GYRO_UC,2856,-3100,0,0.503906,4.609375,0.412109,0.001953,0.000000,-0.003906
28842349,BNO_GYRO_UC,2857,-2900,0,0.773438,5.806641,0.296875,0.001953,0.000000,-0.003906
28852645,BNO_GYRO_UC,2858,-3200,0,0.867188,6.851562,0.167969,0.001953,0.000000,-0.003906
28861863,BNO_GYRO_UC,2859,-2900,0,0.847656,7.373047,0.050781,0.001953,0.000000,-0.003906
28872301,BNO_GYRO_UC,2860,-3100,0,0.833984,7.060547,-0.033203,0.001953,0.000000,-0.003906
28882451,BNO_GYRO_UC,2861,-2700,0,0.626953,5.947266,-0.115234,0.001953,0.000000,-0.003906
28892646,BNO_GYRO_UC,2862,-3400,0,0.283203,3.843750,-0.144531,0.001953,0.000000,-0.003906
28902042,BNO_GYRO_UC,2863,-2900,0,-0.048828,1.621094,-0.128906,0.001953,0.000000,-0.003906
28912667,BNO_GYRO_UC,2864,-3200,0,-0.341797,-0.314453,-0.117188,0.001953,0.000000,-0.003906
28922644,BNO_GYRO_UC,2865,-2500,0,-0.433594,-1.970703,-0.132812,0.001953,0.000000,-0.003906
28932951,BNO_GYRO_UC,2866,-3200,0,-0.425781,-3.507812,-0.132812,0.001953,0.000000,-0.003906
28942097,BNO_GYRO_UC,2867,-3100,0,-0.394531,-4.876953,-0.148438,0.001953,0.000000,-0.003906
28952629,BNO_GYRO_UC,2868,-3100,0,-0.388672,-5.970703,-0.166016,0.001953,0.000000,-0.003906
28962789,BNO_GYRO_UC,2869,-2700,0,-0.417969,-6.488281,-0.207031,0.001953,0.000000,-0.003906
28972996,BNO_GYRO_UC,2870,-3200,0,-0.519531,-6.171875,-0.236328,0.001953,0.000000,-0.003906
28982147,BNO_GYRO_UC,2871,-3100,0,-0.589844,-5.076172,-0.214844,0.001953,0.000000,-0.003906
28992794,BNO_GYRO_UC,2872,-3100,0,-0.505859,-3.683594,-0.119141,0.001953,0.000000,-0.003906
29002996,BNO_GYRO_UC,2873,-2900,0,-0.392578,-2.113281,0.001953,0.001953,0.000000,-0.003906
29013128,BNO_GYRO_UC,2874,-3200,0,-0.253906,-0.535156,0.132812,0.001953,0.000000,-0.003906
29022207,BNO_GYRO_UC,2875,-3100,0,-0.048828,0.878906,0.210938,0.001953,0.000000,-0.003906
29032992,BNO_GYRO_UC,2876,-3100,0,0.242188,2.148438,0.226562,0.001953,0.000000,-0.003906
29043346,BNO_GYRO_UC,2877,-3100,0,0.498047,3.269531,0.203125,0.001953,0.000000,-0.003906
29052786,BNO_GYRO_UC,2878,-3100,0,0.677734,4.105469,0.148438,0.001953,0.000000,-0.003906
29062198,BNO_GYRO_UC,2879,-2900,0,0.826172,4.480469,0.015625,0.001953,0.000000,-0.003906
29072918,BNO_GYRO_UC,2880,-3100,0,0.843750,4.500000,-0.113281,0.001953,0.000000,-0.003906
29083382,BNO_GYRO_UC,2881,-3100,0,0.833984,3.988281,-0.179688,0.001953,0.000000,-0.003906
29092893,BNO_GYRO_UC,2882,-2900,0,0.650391,2.986328,-0.193359,0.001953,0.000000,-0.003906
29102399,BNO_GYRO_UC,2883,-2900,0,0.451172,1.740234,-0.156250,0.001953,0.000000,-0.003906
29113076,BNO_GYRO_UC,2884,-3100,0,0.291016,0.515625,-0.109375,0.001953,0.000000,-0.003906
29123436,BNO_GYRO_UC,2885,-3100,0,0.146484,-0.447266,-0.083984,0.001953,0.000000,-0.003906
29133621,BNO_GYRO_UC,2886,-3200,0,0.052734,-1.060547,-0.025391,0.001953,0.000000,-0.003906
29142609,BNO_GYRO_UC,2887,-3100,0,0.007812,-1.414062,0.062500,0.001953,0.000000,-0.003906
29153413,BNO_GYRO_UC,2888,-3100,0,-0.031250,-1.257812,0.136719,0.001953,0.000000,-0.003906
29163205,BNO_GYRO_UC,2889,-2500,0,-0.015625,-0.574219,0.222656,0.001953,0.000000,-0.003906
29173502,BNO_GYRO_UC,2890,-3400,0,0.000000,0.382812,0.304688,0.001953,0.000000,-0.003906
29182712,BNO_GYRO_UC,2891,-3100,0,0.121094,1.484375,0.353516,0.001953,0.000000,-0.003906
29193430,BNO_GYRO_UC,2892,-3100,0,0.181641,2.675781,0.369141,0.001953,0.000000,-0.003906
29203867,BNO_GYRO_UC,2893,-3100,0,0.279297,3.869141,0.380859,0.001953,0.000000,-0.003906
29212986,BNO_GYRO_UC,2894,-2500,0,0.419922,4.970703,0.408203,0.001953,0.000000,-0.003906
29222677,BNO_GYRO_UC,2895,-2900,0,0.548828,5.593750,0.406250,0.001953,0.000000,-0.003906
29233382,BNO_GYRO_UC,2896,-3100,0,0.580078,5.519531,0.408203,0.001953,0.000000,-0.003906
29243756,BNO_GYRO_UC,2897,-3100,0,0.390625,4.593750,0.242188,0.001953,0.000000,-0.003906
29253118,BNO_GYRO_UC,2898,-2500,0,0.074219,3.382812,0.076172,0.001953,0.000000,-0.003906
29262808,BNO_GYRO_UC,2899,-2900,0,-0.074219,2.234375,-0.019531,0.001953,0.000000,-0.003906
29273538,BNO_GYRO_UC,2900,-3100,0,-0.085938,1.152344,0.000000,0.001953,0.000000,-0.003906
29283964,BNO_GYRO_UC,2901,-3100,0,-0.048828,0.111328,-0.019531,0.001953,0.000000,-0.003906
29293235,BNO_GYRO_UC,2902,-2300,0,-0.138672,-0.789062,-0.095703,0.001953,0.000000,-0.003906
29302650,BNO_GYRO_UC,2903,-2900,0,-0.230469,-1.667969,-0.162109,0.001953,0.000000,-0.003906
29313310,BNO_GYRO_UC,2904,-3100,0,-0.246094,-2.732422,-0.193359,0.001953,0.000000,-0.003906
29322889,BNO_GYRO_UC,2905,-2900,0,-0.408203,-3.878906,-0.261719,0.001953,0.000000,-0.003906
29334039,BNO_GYRO_UC,2906,-3400,0,-0.580078,-5.117188,-0.312500,0.001953,0.000000,-0.003906
29343018,BNO_GYRO_UC,2907,-3100,0,-0.583984,-6.277344,-0.314453,0.001953,0.000000,-0.003906
29353674,BNO_GYRO_UC,2908,-3100,0,-0.525391,-7.138672,-0.357422,0.001953,0.000000,-0.003906
29363100,BNO_GYRO_UC,2909,-3100,0,-0.552734,-7.431641,-0.369141,0.001953,0.000000,-0.003906
29374161,BNO_GYRO_UC,2910,-3400,0,-0.742188,-6.917969,-0.371094,0.001953,0.000000,-0.003906
29383161,BNO_GYRO_UC,2911,-3100,0,-0.855469,-5.724609,-0.314453,0.001953,0.000000,-0.003906
29393756,BNO_GYRO_UC,2912,-3100,0,-0.703125,-4.099609,-0.197266,0.001953,0.000000,-0.003906
29403154,BNO_GYRO_UC,2913,-3100,0,-0.453125,-2.281250,-0.060547,0.001953,0.000000,-0.003906
29414363,BNO_GYRO_UC,2914,-3600,0,-0.214844,-0.412109,0.087891,0.001953,0.000000,-0.003906
29423111,BNO_GYRO_UC,2915,-2900,0,0.089844,1.312500,0.220703,0.001953,0.000000,-0.003906
29433781,BNO_GYRO_UC,2916,-3100,0,0.326172,2.871094,0.312500,0.001953,0.000000,-0.003906
29443310,BNO_GYRO_UC,2917,-2900,0,0.505859,4.302734,0.371094,0.001953,0.000000,-0.003906
29454465,BNO_GYRO_UC,2918,-3400,0,0.623047,5.462891,0.398438,0.001953,0.000000,-0.003906
29463211,BNO_GYRO_UC,2919,-2900,0,0.693359,6.291016,0.312500,0.001953,0.000000,-0.003906
29473852,BNO_GYRO_UC,2920,-3100,0,0.712891,6.578125,0.169922,0.001953,0.000000,-0.003906
29483421,BNO_GYRO_UC,2921,-2900,0,0.669922,6.093750,0.105469,0.001953,0.000000,-0.003906
29494469,BNO_GYRO_UC,2922,-3400,0,0.554688,4.894531,0.066406,0.001953,0.000000,-0.003906
29503942,BNO_GYRO_UC,2923,-3200,0,0.294922,3.322266,0.042969,0.001953,0.000000,-0.003906
29513435,BNO_GYRO_UC,2924,-3100,0,-0.001953,1.681641,0.029297,0.001953,0.000000,-0.003906
29523342,BNO_GYRO_UC,2925,-3100,0,-0.109375,0.242188,0.052734,0.001953,0.000000,-0.003906
29534499,BNO_GYRO_UC,2926,-3400,0,-0.117188,-0.765625,0.044922,0.001953,0.000000,-0.003906
29543919,BNO_GYRO_UC,2927,-3200,0,-0.207031,-1.644531,0.001953,0.001953,0.000000,-0.003906
29553500,BNO_GYRO_UC,2928,-3100,0,-0.203125,-2.546875,-0.001953,0.001953,0.000000,-0.003906
29563880,BNO_GYRO_UC,2929,-3100,0,-0.189453,-3.341797,-0.003906,0.001953,0.000000,-0.003906
29573949,BNO_GYRO_UC,2930,-2700,0,-0.218750,-4.017578,-0.017578,0.001953,0.000000,-0.003906
29584092,BNO_GYRO_UC,2931,-3200,0,-0.279297,-4.578125,-0.062500,0.001953,0.000000,-0.003906
29593423,BNO_GYRO_UC,2932,-3100,0,-0.361328,-4.976562,-0.125000,0.001953,0.000000,-0.003906
29603810,BNO_GYRO_UC,2933,-3100,0,-0.488281,-5.158203,-0.193359,0.001953,0.000000,-0.003906
29614089,BNO_GYRO_UC,2934,-2900,0,-0.644531,-4.974609,-0.251953,0.001953,0.000000,-0.003906
29624170,BNO_GYRO_UC,2935,-3200,0,-0.685547,-4.392578,-0.281250,0.001953,0.000000,-0.003906
29633565,BNO_GYRO_UC,2936,-2900,0,-0.677734,-3.660156,-0.240234,0.001953,0.000000,-0.003906
29644251,BNO_GYRO_UC,2937,-3100,0,-0.740234,-2.906250,-0.148438,0.001953,0.000000,-0.003906
29654554,BNO_GYRO_UC,2938,-3100,0,-0.664062,-2.011719,-0.042969,0.001953,0.000000,-0.003906
29664102,BNO_GYRO_UC,2939,-3200,0,-0.572266,-1.167969,0.074219,0.001953,0.000000,-0.003906
29673706,BNO_GYRO_UC,2940,-3100,0,-0.457031,-0.447266,0.169922,0.001953,0.000000,-0.003906
29684190,BNO_GYRO_UC,2941,-3100,0,-0.228516,0.171875,0.232422,0.001953,0.000000,-0.003906
29694385,BNO_GYRO_UC,2942,-2900,0,-0.019531,0.599609,0.289062,0.001953,0.000000,-0.003906
29704667,BNO_GYRO_UC,2943,-3200,0,0.076172,0.941406,0.337891,0.001953,0.000000,-0.003906
29713864,BNO_GYRO_UC,2944,-3100,0,0.130859,1.246094,0.339844,0.001953,0.000000,-0.003906
29724333,BNO_GYRO_UC,2945,-3100,0,0.183594,1.472656,0.304688,0.001953,0.000000,-0.003906
29734805,BNO_GYRO_UC,2946,-3100,0,0.220703,1.601562,0.244141,0.001953,0.000000,-0.003906
29744091,BNO_GYRO_UC,2947,-3100,0,0.232422,1.792969,0.210938,0.001953,0.000000,-0.003906
29753881,BNO_GYRO_UC,2948,-2900,0,0.314453,2.101562,0.195312,0.001953,0.000000,-0.003906
29764525,BNO_GYRO_UC,2949,-3100,0,0.437500,2.470703,0.167969,0.001953,0.000000,-0.003906
29774826,BNO_GYRO_UC,2950,-2900,0,0.505859,2.810547,0.148438,0.001953,0.000000,-0.003906
29784425,BNO_GYRO_UC,2951,-3400,0,0.476562,3.044922,0.146484,0.001953,0.000000,-0.003906
29794015,BNO_GYRO_UC,2952,-2900,0,0.404297,3.097656,0.138672,0.001953,0.000000,-0.003906
29804692,BNO_GYRO_UC,2953,-3100,0,0.357422,2.830078,0.125000,0.001953,0.000000,-0.003906
29814891,BNO_GYRO_UC,2954,-2900,0,0.251953,2.246094,0.105469,0.001953,0.000000,-0.003906
29824935,BNO_GYRO_UC,2955,-3200,0,0.132812,1.326172,0.031250,0.001953,0.000000,-0.003906
29834393,BNO_GYRO_UC,2956,-3100,0,0.054688,0.109375,-0.050781,0.001953,0.000000,-0.003906
29843988,BNO_GYRO_UC,2957,-2900,0,-0.125000,-1.134766,-0.197266,0.001953,0.000000,-0.003906
29855092,BNO_GYRO_UC,2958,-3400,0,-0.345703,-2.511719,-0.320312,0.001953,0.000000,-0.003906
29864607,BNO_GYRO_UC,2959,-3100,0,-0.482422,-4.039062,-0.425781,0.001953,0.000000,-0.003906
29874147,BNO_GYRO_UC,2960,-2900,0,-0.623047,-5.265625,-0.527344,0.001953,0.000000,-0.003906
29884664,BNO_GYRO_UC,2961,-3100,0,-0.738281,-5.929688,-0.541016,0.001953,0.000000,-0.003906
29895071,BNO_GYRO_UC,2962,-3100,0,-0.916016,-5.968750,-0.515625,0.001953,0.000000,-0.003906
29905232,BNO_GYRO_UC,2963,-3200,0,-1.000000,-5.546875,-0.376953,0.001953,0.000000,-0.003906
29914333,BNO_GYRO_UC,2964,-3100,0,-0.796875,-4.539062,-0.195312,0.001953,0.000000,-0.003906
29924287,BNO_GYRO_UC,2965,-3100,0,-0.615234,-3.250000,0.039062,0.001953,0.000000,-0.003906
29935383,BNO_GYRO_UC,2966,-3600,0,-0.427734,-1.945312,0.210938,0.001953,0.000000,-0.003906
29944894,BNO_GYRO_UC,2967,-3100,0,-0.267578,-0.748047,0.333984,0.001953,0.000000,-0.003906
29954096,BNO_GYRO_UC,2968,-2700,0,-0.117188,0.320312,0.386719,0.001953,0.000000,-0.003906
29964867,BNO_GYRO_UC,2969,-3100,0,0.134766,1.083984,0.339844,0.001953,0.000000,-0.003906
29975248,BNO_GYRO_UC,2970,-3100,0,0.382812,1.572266,0.236328,0.001953,0.000000,-0.003906
29985541,BNO_GYRO_UC,2971,-3200,0,0.542969,1.912109,0.134766,0.001953,0.000000,-0.003906
29994563,BNO_GYRO_UC,2972,-3100,0,0.669922,2.279297,0.085938,0.001953,0.000000,-0.003906
30004440,BNO_GYRO_UC,2973,-3100,0,0.816406,2.673828,0.027344,0.001953,0.000000,-0.003906
30015772,BNO_GYRO_UC,2974,-3600,0,0.882812,3.171875,0.005859,0.001953,0.000000,-0.003906
30025224,BNO_GYRO_UC,2975,-2900,0,0.814453,3.724609,0.076172,0.001953,0.000000,-0.003906
30034417,BNO_GYRO_UC,2976,-2700,0,0.707031,4.248047,0.179688,0.001953,0.000000,-0.003906
30045040,BNO_GYRO_UC,2977,-3100,0,0.531250,4.792969,0.330078,0.001953,0.000000,-0.003906
30055328,BNO_GYRO_UC,2978,-2900,0,0.421875,5.271484,0.455078,0.001953,0.000000,-0.003906
30065518,BNO_GYRO_UC,2979,-3200,0,0.402344,5.484375,0.457031,0.001953,0.000000,-0.003906
30074762,BNO_GYRO_UC,2980,-3100,0,0.474609,5.191406,0.371094,0.001953,0.000000,-0.003906
30085366,BNO_GYRO_UC,2981,-3100,0,0.498047,4.359375,0.207031,0.001953,0.000000,-0.003906
30096055,BNO_GYRO_UC,2982,-3200,0,0.388672,3.029297,0.046875,0.001953,0.000000,-0.003906
30105241,BNO_GYRO_UC,2983,-2700,0,0.189453,1.847656,-0.027344,0.001953,0.000000,-0.003906
30114550,BNO_GYRO_UC,2984,-2900,0,0.058594,0.769531,-0.078125,0.001953,0.000000,-0.003906
30125119,BNO_GYRO_UC,2985,-3100,0,0.017578,-0.197266,-0.167969,0.001953,0.000000,-0.003906
30134763,BNO_GYRO_UC,2986,-2900,0,-0.091797,-1.130859,-0.273438,0.001953,0.000000,-0.003906
30145265,BNO_GYRO_UC,2987,-3100,0,-0.140625,-2.203125,-0.341797,0.001953,0.000000,-0.003906
30154622,BNO_GYRO_UC,2988,-2700,0,-0.175781,-3.406250,-0.345703,0.001953,0.000000,-0.003906
30165001,BNO_GYRO_UC,2989,-2900,0,-0.283203,-4.572266,-0.316406,0.001953,0.000000,-0.003906
30174925,BNO_GYRO_UC,2990,-3100,0,-0.345703,-5.718750,-0.236328,0.001953,0.000000,-0.003906
30185324,BNO_GYRO_UC,2991,-2900,0,-0.396484,-6.505859,-0.173828,0.001953,0.000000,-0.003906
30194707,BNO_GYRO_UC,2992,-2700,0,-0.587891,-6.474609,-0.136719,0.001953,0.000000,-0.003906
