t_us,tag,seq,bno_delay_us,status,mx,my,mz,mbias_x,mbias_y,mbias_z
231118,BNO_MAG_UC,0,-5600,0,25.438,-15.188,-82.125,6.188,-5.812,-34.688
240541,BNO_MAG_UC,1,-4700,0,23.625,-14.500,-82.125,6.188,-5.812,-34.688
271489,BNO_MAG_UC,2,-6000,0,18.875,-13.125,-83.875,6.188,-5.812,-34.688
280680,BNO_MAG_UC,3,-4500,0,18.875,-14.562,-84.312,6.188,-5.812,-34.688
311862,BNO_MAG_UC,4,-6200,0,19.562,-14.875,-83.000,6.188,-5.812,-34.688
320811,BNO_MAG_UC,5,-4500,0,20.688,-14.875,-81.188,6.188,-5.812,-34.688
352035,BNO_MAG_UC,6,-6200,0,27.625,-17.312,-78.938,6.188,-5.812,-34.688
361074,BNO_MAG_UC,7,-4700,0,29.125,-17.688,-79.438,6.188,-5.812,-34.688
391868,BNO_MAG_UC,8,-5100,0,29.438,-18.375,-77.250,6.188,-5.812,-34.688
400821,BNO_MAG_UC,9,-4900,0,28.375,-18.000,-78.062,6.188,-5.812,-34.688
440955,BNO_MAG_UC,10,-4700,0,19.188,-18.062,-81.625,6.188,-5.812,-34.688
451517,BNO_MAG_UC,11,-5800,0,19.188,-18.062,-81.625,6.188,-5.812,-34.688
461452,BNO_MAG_UC,12,-5100,0,15.125,-17.062,-83.938,6.188,-5.812,-34.688
481122,BNO_MAG_UC,13,-5100,0,14.062,-17.062,-82.562,6.188,-5.812,-34.688
512080,BNO_MAG_UC,14,-5300,0,17.000,-16.375,-81.625,6.188,-5.812,-34.688
521027,BNO_MAG_UC,15,-4900,0,17.000,-17.062,-81.688,6.188,-5.812,-34.688
531120,BNO_MAG_UC,16,-5800,0,18.062,-17.750,-83.062,6.188,-5.812,-34.688
561106,BNO_MAG_UC,17,-4900,0,18.438,-16.688,-82.625,6.188,-5.812,-34.688
572056,BNO_MAG_UC,18,-5600,0,19.562,-17.375,-82.188,6.188,-5.812,-34.688
600808,BNO_MAG_UC,19,-4500,0,18.438,-16.000,-82.688,6.188,-5.812,-34.688
611824,BNO_MAG_UC,20,-5600,0,17.750,-16.688,-82.188,6.188,-5.812,-34.688
621744,BNO_MAG_UC,21,-5300,0,19.562,-16.312,-82.188,6.188,-5.812,-34.688
641482,BNO_MAG_UC,22,-5100,0,21.375,-17.000,-80.875,6.188,-5.812,-34.688
652246,BNO_MAG_UC,23,-5800,0,22.125,-16.312,-80.438,6.188,-5.812,-34.688
660989,BNO_MAG_UC,24,-4700,0,23.250,-15.625,-79.562,6.188,-5.812,-34.688
681431,BNO_MAG_UC,25,-5100,0,28.375,-17.000,-77.312,6.188,-5.812,-34.688
692310,BNO_MAG_UC,26,-5600,0,29.438,-18.000,-78.250,6.188,-5.812,-34.688
701791,BNO_MAG_UC,27,-5100,0,31.688,-16.938,-75.500,6.188,-5.812,-34.688
721992,BNO_MAG_UC,28,-4700,0,33.500,-17.312,-74.188,6.188,-5.812,-34.688
731121,BNO_MAG_UC,29,-4900,0,33.125,-17.312,-73.750,6.188,-5.812,-34.688
741957,BNO_MAG_UC,30,-5400,0,33.125,-17.312,-74.188,6.188,-5.812,-34.688
761581,BNO_MAG_UC,31,-4900,0,30.250,-14.812,-77.812,6.188,-5.812,-34.688
772597,BNO_MAG_UC,32,-5800,0,27.250,-15.938,-78.688,6.188,-5.812,-34.688
782153,BNO_MAG_UC,33,-4700,0,25.812,-16.250,-81.000,6.188,-5.812,-34.688
801220,BNO_MAG_UC,34,-4500,0,21.750,-16.625,-81.812,6.188,-5.812,-34.688
812602,BNO_MAG_UC,35,-5800,0,20.688,-16.312,-83.125,6.188,-5.812,-34.688
822155,BNO_MAG_UC,36,-4900,0,20.312,-15.625,-83.625,6.188,-5.812,-34.688
842537,BNO_MAG_UC,37,-5100,0,18.125,-14.188,-83.125,6.188,-5.812,-34.688
852434,BNO_MAG_UC,38,-5100,0,19.250,-14.875,-84.125,6.188,-5.812,-34.688
882370,BNO_MAG_UC,39,-4900,0,17.375,-13.875,-84.062,6.188,-5.812,-34.688
891726,BNO_MAG_UC,40,-5100,0,18.875,-13.125,-84.500,6.188,-5.812,-34.688
902524,BNO_MAG_UC,41,-5400,0,16.312,-12.438,-85.000,6.188,-5.812,-34.688
922913,BNO_MAG_UC,42,-6000,0,11.875,-12.875,-85.375,6.188,-5.812,-34.688
931781,BNO_MAG_UC,43,-4900,0,10.062,-11.125,-85.875,6.188,-5.812,-34.688
962776,BNO_MAG_UC,44,-5600,0,7.500,-10.438,-86.312,6.188,-5.812,-34.688
971876,BNO_MAG_UC,45,-4900,0,8.188,-11.812,-85.875,6.188,-5.812,-34.688
982479,BNO_MAG_UC,46,-5300,0,8.188,-11.812,-85.875,6.188,-5.812,-34.688
1002676,BNO_MAG_UC,47,-4700,0,12.250,-13.562,-85.000,6.188,-5.812,-34.688
1012293,BNO_MAG_UC,48,-5100,0,15.188,-14.250,-83.250,6.188,-5.812,-34.688
1023127,BNO_MAG_UC,49,-5600,0,17.000,-15.312,-81.375,6.188,-5.812,-34.688
1043075,BNO_MAG_UC,50,-6000,0,24.312,-17.688,-79.188,6.188,-5.812,-34.688
1052293,BNO_MAG_UC,51,-4700,0,27.625,-17.312,-76.938,6.188,-5.812,-34.688
1062876,BNO_MAG_UC,52,-5400,0,27.625,-17.312,-76.938,6.188,-5.812,-34.688
1083300,BNO_MAG_UC,53,-6000,0,30.938,-17.312,-75.125,6.188,-5.812,-34.688
1092586,BNO_MAG_UC,54,-4900,0,31.312,-17.312,-77.438,6.188,-5.812,-34.688
1103442,BNO_MAG_UC,55,-5800,0,30.938,-16.938,-77.938,6.188,-5.812,-34.688
1123267,BNO_MAG_UC,56,-6000,0,27.625,-16.938,-79.250,6.188,-5.812,-34.688
1132565,BNO_MAG_UC,57,-4900,0,25.438,-17.000,-81.062,6.188,-5.812,-34.688
1143148,BNO_MAG_UC,58,-5600,0,25.438,-17.000,-81.062,6.188,-5.812,-34.688
1163251,BNO_MAG_UC,59,-5800,0,15.875,-16.688,-84.125,6.188,-5.812,-34.688
1172755,BNO_MAG_UC,60,-4900,0,13.312,-15.688,-85.062,6.188,-5.812,-34.688
1203595,BNO_MAG_UC,61,-5100,0,12.188,-16.000,-84.125,6.188,-5.812,-34.688
1212940,BNO_MAG_UC,62,-5300,0,14.438,-15.688,-83.250,6.188,-5.812,-34.688
1243727,BNO_MAG_UC,63,-4900,0,20.312,-15.625,-82.812,6.188,-5.812,-34.688
1253044,BNO_MAG_UC,64,-5100,0,21.750,-16.688,-80.125,6.188,-5.812,-34.688
1283950,BNO_MAG_UC,65,-5300,0,30.562,-16.625,-76.125,6.188,-5.812,-34.688
1293040,BNO_MAG_UC,66,-5100,0,32.000,-17.625,-75.250,6.188,-5.812,-34.688
1323842,BNO_MAG_UC,67,-5300,0,30.562,-18.688,-76.562,6.188,-5.812,-34.688
1333250,BNO_MAG_UC,68,-5300,0,29.812,-18.000,-76.125,6.188,-5.812,-34.688
1364034,BNO_MAG_UC,69,-5100,0,31.625,-18.750,-72.500,6.188,-5.812,-34.688
1372900,BNO_MAG_UC,70,-4900,0,33.125,-19.438,-73.875,6.188,-5.812,-34.688
1383472,BNO_MAG_UC,71,-5600,0,33.812,-19.438,-71.188,6.188,-5.812,-34.688
1413086,BNO_MAG_UC,72,-5100,0,36.375,-19.375,-70.250,6.188,-5.812,-34.688
1423600,BNO_MAG_UC,73,-5800,0,36.750,-18.312,-70.375,6.188,-5.812,-34.688
1452931,BNO_MAG_UC,74,-4700,0,39.375,-17.625,-69.438,6.188,-5.812,-34.688
1492915,BNO_MAG_UC,75,-4500,0,40.812,-18.312,-67.188,6.188,-5.812,-34.688
1533545,BNO_MAG_UC,76,-5100,0,44.188,-17.938,-63.625,6.188,-5.812,-34.688
1544266,BNO_MAG_UC,77,-5800,0,43.812,-18.312,-63.125,6.188,-5.812,-34.688
1573869,BNO_MAG_UC,78,-4700,0,46.750,-15.812,-61.375,6.188,-5.812,-34.688
1583780,BNO_MAG_UC,79,-5100,0,46.000,-16.500,-62.312,6.188,-5.812,-34.688
1613454,BNO_MAG_UC,80,-5100,0,42.000,-16.500,-70.000,6.188,-5.812,-34.688
1653464,BNO_MAG_UC,81,-4700,0,24.000,-14.875,-82.062,6.188,-5.812,-34.688
1693269,BNO_MAG_UC,82,-4500,0,13.375,-12.500,-84.750,6.188,-5.812,-34.688
1733389,BNO_MAG_UC,83,-4200,0,11.125,-12.125,-85.125,6.188,-5.812,-34.688
1773433,BNO_MAG_UC,84,-4300,0,14.062,-13.188,-85.188,6.188,-5.812,-34.688
1794540,BNO_MAG_UC,85,-4900,0,18.438,-15.625,-82.062,6.188,-5.812,-34.688
1814505,BNO_MAG_UC,86,-5600,0,24.000,-14.875,-80.688,6.188,-5.812,-34.688
1823800,BNO_MAG_UC,87,-5100,0,23.250,-15.938,-81.188,6.188,-5.812,-34.688
1834461,BNO_MAG_UC,88,-5400,0,26.188,-16.250,-78.938,6.188,-5.812,-34.688
1854554,BNO_MAG_UC,89,-5600,0,28.000,-15.875,-79.375,6.188,-5.812,-34.688
1864069,BNO_MAG_UC,90,-4900,0,28.000,-15.562,-78.500,6.188,-5.812,-34.688
1895306,BNO_MAG_UC,91,-5300,0,25.062,-15.562,-81.188,6.188,-5.812,-34.688
1904148,BNO_MAG_UC,92,-4700,0,22.500,-14.562,-81.625,6.188,-5.812,-34.688
1935318,BNO_MAG_UC,93,-5600,0,10.062,-14.625,-86.125,6.188,-5.812,-34.688
1944200,BNO_MAG_UC,94,-4500,0,6.750,-12.875,-87.000,6.188,-5.812,-34.688
1975533,BNO_MAG_UC,95,-5800,0,4.875,-12.562,-85.625,6.188,-5.812,-34.688
1984358,BNO_MAG_UC,96,-4300,0,2.688,-12.250,-84.750,6.188,-5.812,-34.688
2015322,BNO_MAG_UC,97,-5600,0,11.125,-15.000,-84.750,6.188,-5.812,-34.688
2024556,BNO_MAG_UC,98,-4700,0,14.750,-16.000,-82.062,6.188,-5.812,-34.688
2055801,BNO_MAG_UC,99,-5800,0,27.250,-16.625,-78.938,6.188,-5.812,-34.688
2064685,BNO_MAG_UC,100,-4300,0,30.188,-16.250,-76.688,6.188,-5.812,-34.688
2095759,BNO_MAG_UC,101,-5600,0,33.125,-16.250,-75.375,6.188,-5.812,-34.688
2104653,BNO_MAG_UC,102,-4300,0,33.500,-17.625,-74.000,6.188,-5.812,-34.688
2135737,BNO_MAG_UC,103,-5800,0,31.688,-18.000,-75.812,6.188,-5.812,-34.688
2145003,BNO_MAG_UC,104,-4700,0,30.188,-18.688,-78.125,6.188,-5.812,-34.688
2175772,BNO_MAG_UC,105,-5100,0,22.875,-17.000,-81.188,6.188,-5.812,-34.688
2184847,BNO_MAG_UC,106,-4700,0,21.000,-16.688,-80.750,6.188,-5.812,-34.688
2215900,BNO_MAG_UC,107,-5300,0,17.750,-17.062,-83.000,6.188,-5.812,-34.688
2225010,BNO_MAG_UC,108,-4900,0,15.188,-16.000,-84.875,6.188,-5.812,-34.688
2255961,BNO_MAG_UC,109,-5100,0,14.812,-14.938,-84.375,6.188,-5.812,-34.688
2264901,BNO_MAG_UC,110,-4700,0,16.625,-16.688,-83.500,6.188,-5.812,-34.688
2275450,BNO_MAG_UC,111,-5600,0,16.625,-16.688,-83.500,6.188,-5.812,-34.688
2305238,BNO_MAG_UC,112,-5100,0,23.938,-18.062,-80.375,6.188,-5.812,-34.688
2345254,BNO_MAG_UC,113,-4500,0,28.000,-18.750,-76.250,6.188,-5.812,-34.688
2385354,BNO_MAG_UC,114,-4700,0,29.062,-19.812,-75.375,6.188,-5.812,-34.688
2396303,BNO_MAG_UC,115,-5800,0,29.062,-19.062,-77.188,6.188,-5.812,-34.688
2405607,BNO_MAG_UC,116,-4700,0,29.812,-20.125,-75.875,6.188,-5.812,-34.688
2425478,BNO_MAG_UC,117,-4500,0,29.812,-19.438,-75.875,6.188,-5.812,-34.688
2435546,BNO_MAG_UC,118,-5600,0,29.438,-19.062,-76.312,6.188,-5.812,-34.688
2456682,BNO_MAG_UC,119,-5100,0,29.062,-19.812,-75.375,6.188,-5.812,-34.688
2464972,BNO_MAG_UC,120,-4300,0,29.812,-19.438,-76.312,6.188,-5.812,-34.688
2475415,BNO_MAG_UC,121,-5600,0,30.562,-19.062,-77.250,6.188,-5.812,-34.688
2486448,BNO_MAG_UC,122,-5600,0,30.188,-18.000,-76.375,6.188,-5.812,-34.688
2505673,BNO_MAG_UC,123,-5100,0,31.250,-19.750,-75.875,6.188,-5.812,-34.688
2516468,BNO_MAG_UC,124,-5600,0,30.188,-18.750,-76.375,6.188,-5.812,-34.688
2525824,BNO_MAG_UC,125,-4700,0,31.312,-17.312,-77.250,6.188,-5.812,-34.688
2545922,BNO_MAG_UC,126,-4900,0,29.812,-18.000,-76.812,6.188,-5.812,-34.688
2556795,BNO_MAG_UC,127,-5600,0,29.438,-18.750,-76.812,6.188,-5.812,-34.688
2585810,BNO_MAG_UC,128,-5100,0,24.688,-18.062,-80.438,6.188,-5.812,-34.688
2596683,BNO_MAG_UC,129,-5800,0,22.125,-16.625,-81.750,6.188,-5.812,-34.688
2606157,BNO_MAG_UC,130,-4700,0,18.875,-14.562,-84.000,6.188,-5.812,-34.688
2626488,BNO_MAG_UC,131,-5500,0,12.250,-12.500,-86.688,6.188,-5.812,-34.688
2635503,BNO_MAG_UC,132,-4900,0,10.438,-11.812,-86.250,6.188,-5.812,-34.688
2646283,BNO_MAG_UC,133,-5400,0,7.875,-11.812,-88.062,6.188,-5.812,-34.688
2666709,BNO_MAG_UC,134,-5500,0,8.250,-10.062,-87.625,6.188,-5.812,-34.688
2675763,BNO_MAG_UC,135,-5300,0,6.000,-10.750,-87.125,6.188,-5.812,-34.688
2705618,BNO_MAG_UC,136,-4500,0,9.688,-12.188,-86.688,6.188,-5.812,-34.688
2716901,BNO_MAG_UC,137,-5800,0,10.812,-11.812,-86.250,6.188,-5.812,-34.688
2747129,BNO_MAG_UC,138,-5500,0,19.562,-14.562,-83.188,6.188,-5.812,-34.688
2755925,BNO_MAG_UC,139,-5100,0,23.625,-16.625,-82.250,6.188,-5.812,-34.688
2787047,BNO_MAG_UC,140,-5800,0,24.688,-19.438,-80.438,6.188,-5.812,-34.688
2796096,BNO_MAG_UC,141,-4700,0,25.812,-18.000,-81.375,6.188,-5.812,-34.688
2827067,BNO_MAG_UC,142,-5800,0,23.938,-18.750,-82.250,6.188,-5.812,-34.688
2836346,BNO_MAG_UC,143,-4700,0,21.750,-17.688,-82.688,6.188,-5.812,-34.688
2847173,BNO_MAG_UC,144,-5600,0,20.312,-18.438,-83.125,6.188,-5.812,-34.688
2867195,BNO_MAG_UC,145,-6000,0,15.500,-17.062,-83.562,6.188,-5.812,-34.688
2876396,BNO_MAG_UC,146,-4900,0,13.688,-14.625,-85.312,6.188,-5.812,-34.688
2907651,BNO_MAG_UC,147,-6000,0,10.062,-12.875,-87.188,6.188,-5.812,-34.688
2916578,BNO_MAG_UC,148,-4300,0,8.938,-12.875,-85.750,6.188,-5.812,-34.688
2947519,BNO_MAG_UC,149,-5800,0,9.312,-12.188,-87.688,6.188,-5.812,-34.688
2956609,BNO_MAG_UC,150,-4500,0,8.562,-13.250,-86.250,6.188,-5.812,-34.688
2987683,BNO_MAG_UC,151,-5800,0,9.312,-12.875,-85.875,6.188,-5.812,-34.688
2996782,BNO_MAG_UC,152,-4500,0,11.125,-14.625,-85.875,6.188,-5.812,-34.688
3027780,BNO_MAG_UC,153,-5500,0,14.812,-14.625,-83.562,6.188,-5.812,-34.688
3036847,BNO_MAG_UC,154,-5100,0,15.500,-17.062,-84.062,6.188,-5.812,-34.688
3067778,BNO_MAG_UC,155,-5300,0,18.812,-19.188,-79.938,6.188,-5.812,-34.688
3076896,BNO_MAG_UC,156,-5100,0,19.875,-20.562,-80.438,6.188,-5.812,-34.688
3108013,BNO_MAG_UC,157,-6000,0,25.750,-21.938,-78.188,6.188,-5.812,-34.688
3117154,BNO_MAG_UC,158,-4700,0,27.188,-21.938,-76.875,6.188,-5.812,-34.688
3148088,BNO_MAG_UC,159,-5300,0,29.812,-20.125,-75.562,6.188,-5.812,-34.688
3156893,BNO_MAG_UC,160,-4500,0,29.750,-21.562,-74.562,6.188,-5.812,-34.688
3167644,BNO_MAG_UC,161,-5600,0,30.125,-21.562,-75.938,6.188,-5.812,-34.688
3177440,BNO_MAG_UC,162,-5100,0,30.875,-19.750,-75.562,6.188,-5.812,-34.688
3188086,BNO_MAG_UC,163,-5800,0,32.062,-18.688,-75.562,6.188,-5.812,-34.688
3197230,BNO_MAG_UC,164,-4300,0,32.062,-19.062,-74.625,6.188,-5.812,-34.688
3228092,BNO_MAG_UC,165,-5100,0,33.938,-18.688,-74.250,6.188,-5.812,-34.688
3237113,BNO_MAG_UC,166,-4900,0,34.250,-19.375,-73.312,6.188,-5.812,-34.688
3247895,BNO_MAG_UC,167,-5600,0,35.000,-19.062,-75.125,6.188,-5.812,-34.688
3257466,BNO_MAG_UC,168,-4900,0,32.438,-18.688,-75.062,6.188,-5.812,-34.688
3277404,BNO_MAG_UC,169,-4300,0,28.000,-19.438,-78.188,6.188,-5.812,-34.688
3288232,BNO_MAG_UC,170,-5800,0,25.750,-19.125,-78.688,6.188,-5.812,-34.688
3317446,BNO_MAG_UC,171,-5100,0,17.000,-15.625,-83.188,6.188,-5.812,-34.688
3328185,BNO_MAG_UC,172,-5600,0,12.250,-13.938,-84.062,6.188,-5.812,-34.688
3337692,BNO_MAG_UC,173,-4700,0,11.875,-13.562,-84.500,6.188,-5.812,-34.688
3357609,BNO_MAG_UC,174,-4500,0,9.312,-12.188,-85.000,6.188,-5.812,-34.688
3368446,BNO_MAG_UC,175,-5800,0,8.562,-12.188,-85.000,6.188,-5.812,-34.688
3377812,BNO_MAG_UC,176,-4500,0,9.688,-13.938,-86.812,6.188,-5.812,-34.688
3397653,BNO_MAG_UC,177,-5100,0,12.625,-13.562,-85.875,6.188,-5.812,-34.688
3408428,BNO_MAG_UC,178,-5600,0,15.188,-13.188,-85.000,6.188,-5.812,-34.688
3417980,BNO_MAG_UC,179,-4700,0,19.188,-16.312,-82.750,6.188,-5.812,-34.688
3437606,BNO_MAG_UC,180,-4900,0,26.875,-18.000,-79.625,6.188,-5.812,-34.688
3448480,BNO_MAG_UC,181,-5600,0,29.812,-19.062,-78.312,6.188,-5.812,-34.688
3457985,BNO_MAG_UC,182,-4900,0,31.312,-21.188,-75.562,6.188,-5.812,-34.688
3478577,BNO_MAG_UC,183,-5500,0,35.375,-21.875,-73.750,6.188,-5.812,-34.688
3487393,BNO_MAG_UC,184,-4900,0,35.000,-21.188,-71.000,6.188,-5.812,-34.688
3498152,BNO_MAG_UC,185,-5400,0,35.000,-21.500,-73.250,6.188,-5.812,-34.688
3518920,BNO_MAG_UC,186,-5500,0,30.938,-20.812,-76.500,6.188,-5.812,-34.688
3527387,BNO_MAG_UC,187,-4700,0,27.250,-20.125,-81.438,6.188,-5.812,-34.688
3538225,BNO_MAG_UC,188,-5300,0,21.375,-19.812,-81.375,6.188,-5.812,-34.688
3558504,BNO_MAG_UC,189,-4700,0,14.062,-17.438,-84.500,6.188,-5.812,-34.688
3567766,BNO_MAG_UC,190,-4700,0,10.000,-15.000,-84.938,6.188,-5.812,-34.688
3578455,BNO_MAG_UC,191,-5600,0,7.812,-14.312,-85.438,6.188,-5.812,-34.688
3598491,BNO_MAG_UC,192,-5600,0,5.625,-13.938,-87.250,6.188,-5.812,-34.688
3607688,BNO_MAG_UC,193,-4900,0,7.812,-15.000,-86.312,6.188,-5.812,-34.688
3638661,BNO_MAG_UC,194,-4900,0,15.500,-16.688,-82.688,6.188,-5.812,-34.688
3648034,BNO_MAG_UC,195,-4900,0,20.625,-19.500,-82.250,6.188,-5.812,-34.688
3658815,BNO_MAG_UC,196,-5600,0,25.750,-19.438,-78.688,6.188,-5.812,-34.688
3678933,BNO_MAG_UC,197,-5800,0,31.000,-20.125,-76.938,6.188,-5.812,-34.688
3688042,BNO_MAG_UC,198,-4700,0,32.438,-18.375,-75.062,6.188,-5.812,-34.688
3719167,BNO_MAG_UC,199,-5300,0,29.125,-15.875,-80.125,6.188,-5.812,-34.688
3728299,BNO_MAG_UC,200,-4900,0,25.438,-16.250,-82.375,6.188,-5.812,-34.688
3759259,BNO_MAG_UC,201,-5800,0,10.438,-12.875,-87.250,6.188,-5.812,-34.688
3768440,BNO_MAG_UC,202,-4700,0,8.625,-11.125,-86.812,6.188,-5.812,-34.688
3799371,BNO_MAG_UC,203,-5100,0,5.625,-10.812,-86.312,6.188,-5.812,-34.688
3808496,BNO_MAG_UC,204,-5100,0,8.250,-11.125,-88.125,6.188,-5.812,-34.688
3839772,BNO_MAG_UC,205,-6000,0,21.062,-16.312,-82.375,6.188,-5.812,-34.688
3848737,BNO_MAG_UC,206,-4700,0,25.438,-15.562,-80.562,6.188,-5.812,-34.688
3879682,BNO_MAG_UC,207,-5100,0,31.375,-16.562,-78.812,6.188,-5.812,-34.688
3888723,BNO_MAG_UC,208,-4900,0,30.688,-16.562,-79.750,6.188,-5.812,-34.688
3899184,BNO_MAG_UC,209,-5400,0,30.688,-16.562,-79.750,6.188,-5.812,-34.688
3920212,BNO_MAG_UC,210,-6200,0,20.312,-15.625,-84.625,6.188,-5.812,-34.688
3929124,BNO_MAG_UC,211,-4900,0,15.562,-14.562,-85.938,6.188,-5.812,-34.688
3939102,BNO_MAG_UC,212,-5300,0,12.625,-14.625,-85.438,6.188,-5.812,-34.688
3968903,BNO_MAG_UC,213,-4700,0,10.750,-13.188,-85.438,6.188,-5.812,-34.688
4000368,BNO_MAG_UC,214,-5800,0,19.562,-15.938,-83.688,6.188,-5.812,-34.688
4009448,BNO_MAG_UC,215,-4700,0,24.312,-18.062,-82.375,6.188,-5.812,-34.688
4019244,BNO_MAG_UC,216,-4900,0,26.188,-17.000,-80.562,6.188,-5.812,-34.688
4029405,BNO_MAG_UC,217,-5600,0,29.188,-17.688,-79.250,6.188,-5.812,-34.688
4048860,BNO_MAG_UC,218,-4900,0,29.500,-17.688,-77.875,6.188,-5.812,-34.688
4058866,BNO_MAG_UC,219,-5600,0,28.000,-17.312,-79.250,6.188,-5.812,-34.688
4089318,BNO_MAG_UC,220,-4700,0,19.188,-15.625,-83.312,6.188,-5.812,-34.688
4120813,BNO_MAG_UC,221,-5800,0,14.062,-14.938,-86.875,6.188,-5.812,-34.688
4129695,BNO_MAG_UC,222,-4700,0,13.688,-15.312,-84.125,6.188,-5.812,-34.688
4138764,BNO_MAG_UC,223,-4700,0,16.312,-15.625,-86.438,6.188,-5.812,-34.688
4169298,BNO_MAG_UC,224,-5100,0,20.688,-15.625,-82.812,6.188,-5.812,-34.688
4180106,BNO_MAG_UC,225,-5600,0,23.625,-18.062,-81.500,6.188,-5.812,-34.688
4189625,BNO_MAG_UC,226,-4700,0,24.375,-17.000,-83.688,6.188,-5.812,-34.688
4209455,BNO_MAG_UC,227,-4300,0,25.812,-15.188,-81.062,6.188,-5.812,-34.688
4220393,BNO_MAG_UC,228,-5800,0,25.812,-15.188,-82.375,6.188,-5.812,-34.688
4229039,BNO_MAG_UC,229,-4500,0,25.125,-15.562,-82.000,6.188,-5.812,-34.688
4249406,BNO_MAG_UC,230,-5100,0,24.000,-14.500,-80.562,6.188,-5.812,-34.688
4260193,BNO_MAG_UC,231,-5800,0,23.250,-16.250,-83.312,6.188,-5.812,-34.688
4269747,BNO_MAG_UC,232,-4900,0,21.438,-15.938,-82.375,6.188,-5.812,-34.688
4289510,BNO_MAG_UC,233,-4300,0,19.562,-14.875,-84.188,6.188,-5.812,-34.688
4300342,BNO_MAG_UC,234,-5600,0,20.688,-13.812,-83.688,6.188,-5.812,-34.688
4309960,BNO_MAG_UC,235,-4700,0,20.375,-13.812,-85.125,6.188,-5.812,-34.688
4330242,BNO_MAG_UC,236,-4900,0,19.562,-16.688,-83.688,6.188,-5.812,-34.688
4339249,BNO_MAG_UC,237,-4900,0,19.562,-14.938,-82.812,6.188,-5.812,-34.688
4350054,BNO_MAG_UC,238,-5400,0,19.938,-15.250,-82.375,6.188,-5.812,-34.688
4370215,BNO_MAG_UC,239,-4700,0,21.750,-15.250,-81.500,6.188,-5.812,-34.688
4379385,BNO_MAG_UC,240,-4900,0,22.875,-14.875,-81.500,6.188,-5.812,-34.688
4390151,BNO_MAG_UC,241,-5300,0,24.000,-15.562,-79.688,6.188,-5.812,-34.688
4410716,BNO_MAG_UC,242,-5700,0,27.250,-17.000,-77.875,6.188,-5.812,-34.688
4419714,BNO_MAG_UC,243,-5100,0,29.875,-18.000,-76.500,6.188,-5.812,-34.688
4430388,BNO_MAG_UC,244,-5600,0,31.688,-19.812,-72.875,6.188,-5.812,-34.688
4450787,BNO_MAG_UC,245,-5500,0,34.625,-19.375,-72.875,6.188,-5.812,-34.688
4459591,BNO_MAG_UC,246,-4900,0,35.000,-18.688,-72.000,6.188,-5.812,-34.688
4490600,BNO_MAG_UC,247,-4900,0,29.188,-16.625,-78.375,6.188,-5.812,-34.688
4499787,BNO_MAG_UC,248,-5100,0,25.812,-17.312,-81.062,6.188,-5.812,-34.688
4510674,BNO_MAG_UC,249,-5400,0,20.688,-14.875,-82.438,6.188,-5.812,-34.688
4530723,BNO_MAG_UC,250,-5800,0,13.312,-14.250,-84.562,6.188,-5.812,-34.688
4540072,BNO_MAG_UC,251,-4700,0,14.125,-13.188,-86.875,6.188,-5.812,-34.688
4550867,BNO_MAG_UC,252,-5600,0,13.000,-13.188,-84.625,6.188,-5.812,-34.688
4570704,BNO_MAG_UC,253,-5800,0,14.438,-14.938,-84.688,6.188,-5.812,-34.688
4580113,BNO_MAG_UC,254,-4700,0,17.375,-16.000,-83.250,6.188,-5.812,-34.688
4610953,BNO_MAG_UC,255,-5800,0,23.250,-16.312,-81.000,6.188,-5.812,-34.688
4620480,BNO_MAG_UC,256,-5100,0,23.938,-17.375,-80.625,6.188,-5.812,-34.688
4631189,BNO_MAG_UC,257,-5600,0,24.688,-15.938,-79.688,6.188,-5.812,-34.688
4651332,BNO_MAG_UC,258,-6000,0,22.500,-15.250,-81.000,6.188,-5.812,-34.688
4660425,BNO_MAG_UC,259,-4900,0,21.438,-15.625,-81.938,6.188,-5.812,-34.688
4691598,BNO_MAG_UC,260,-5300,0,19.938,-18.062,-81.000,6.188,-5.812,-34.688
4700594,BNO_MAG_UC,261,-4700,0,20.312,-16.312,-81.938,6.188,-5.812,-34.688
4731750,BNO_MAG_UC,262,-6000,0,21.750,-17.000,-81.938,6.188,-5.812,-34.688
4740766,BNO_MAG_UC,263,-4500,0,21.000,-15.625,-80.125,6.188,-5.812,-34.688
4771495,BNO_MAG_UC,264,-5800,0,19.938,-13.125,-82.438,6.188,-5.812,-34.688
4780799,BNO_MAG_UC,265,-4500,0,18.500,-13.500,-82.438,6.188,-5.812,-34.688
4811496,BNO_MAG_UC,266,-5200,0,19.250,-13.875,-81.938,6.188,-5.812,-34.688
4820708,BNO_MAG_UC,267,-4900,0,19.188,-14.188,-81.062,6.188,-5.812,-34.688
4852227,BNO_MAG_UC,268,-5900,0,20.312,-13.500,-81.562,6.188,-5.812,-34.688
4861189,BNO_MAG_UC,269,-4900,0,20.312,-14.188,-81.938,6.188,-5.812,-34.688
4871149,BNO_MAG_UC,270,-5100,0,19.562,-15.250,-81.938,6.188,-5.812,-34.688
4891958,BNO_MAG_UC,271,-5100,0,19.562,-13.500,-81.938,6.188,-5.812,-34.688
4900743,BNO_MAG_UC,272,-4500,0,19.188,-14.562,-82.438,6.188,-5.812,-34.688
4921510,BNO_MAG_UC,273,-5400,0,19.250,-13.875,-82.438,6.188,-5.812,-34.688
4941234,BNO_MAG_UC,274,-5300,0,20.312,-14.875,-82.000,6.188,-5.812,-34.688
4981278,BNO_MAG_UC,275,-4700,0,26.125,-18.750,-75.625,6.188,-5.812,-34.688
4991152,BNO_MAG_UC,276,-5400,0,28.062,-18.062,-75.188,6.188,-5.812,-34.688
5012096,BNO_MAG_UC,277,-5100,0,32.375,-20.500,-71.125,6.188,-5.812,-34.688
5021116,BNO_MAG_UC,278,-4700,0,35.375,-18.688,-71.125,6.188,-5.812,-34.688
5031212,BNO_MAG_UC,279,-5600,0,35.000,-19.438,-71.125,6.188,-5.812,-34.688
5061386,BNO_MAG_UC,280,-4500,0,34.625,-17.625,-73.438,6.188,-5.812,-34.688
5072218,BNO_MAG_UC,281,-5800,0,33.938,-16.938,-76.125,6.188,-5.812,-34.688
5081601,BNO_MAG_UC,282,-4500,0,31.375,-17.312,-75.688,6.188,-5.812,-34.688
5101524,BNO_MAG_UC,283,-4300,0,26.500,-17.312,-77.875,6.188,-5.812,-34.688
5111429,BNO_MAG_UC,284,-5400,0,24.312,-17.000,-78.812,6.188,-5.812,-34.688
5141719,BNO_MAG_UC,285,-5300,0,23.188,-18.062,-79.750,6.188,-5.812,-34.688
5152502,BNO_MAG_UC,286,-5600,0,21.750,-19.125,-78.750,6.188,-5.812,-34.688
5161867,BNO_MAG_UC,287,-4700,0,23.188,-18.438,-79.750,6.188,-5.812,-34.688
5181707,BNO_MAG_UC,288,-4300,0,22.125,-17.000,-77.938,6.188,-5.812,-34.688
5192475,BNO_MAG_UC,289,-5600,0,24.688,-17.312,-80.125,6.188,-5.812,-34.688
5201905,BNO_MAG_UC,290,-4700,0,25.812,-16.625,-78.875,6.188,-5.812,-34.688
5222023,BNO_MAG_UC,291,-4700,0,28.812,-17.688,-78.438,6.188,-5.812,-34.688
5232091,BNO_MAG_UC,292,-5300,0,29.875,-18.000,-75.188,6.188,-5.812,-34.688
5241917,BNO_MAG_UC,293,-5300,0,32.062,-18.375,-74.750,6.188,-5.812,-34.688
5262454,BNO_MAG_UC,294,-5100,0,32.438,-18.375,-72.062,6.188,-5.812,-34.688
5271483,BNO_MAG_UC,295,-5100,0,35.375,-19.062,-72.562,6.188,-5.812,-34.688
5301509,BNO_MAG_UC,296,-4500,0,33.500,-19.750,-71.125,6.188,-5.812,-34.688
5312540,BNO_MAG_UC,297,-5800,0,33.500,-19.750,-73.438,6.188,-5.812,-34.688
5342488,BNO_MAG_UC,298,-5100,0,27.312,-17.312,-77.500,6.188,-5.812,-34.688
5351724,BNO_MAG_UC,299,-4700,0,26.938,-18.375,-77.938,6.188,-5.812,-34.688
5362548,BNO_MAG_UC,300,-5600,0,26.188,-17.312,-80.250,6.188,-5.812,-34.688
5382599,BNO_MAG_UC,301,-5600,0,26.188,-16.625,-80.688,6.188,-5.812,-34.688
5391970,BNO_MAG_UC,302,-4900,0,28.062,-15.875,-80.250,6.188,-5.812,-34.688
5402771,BNO_MAG_UC,303,-5600,0,28.062,-15.875,-79.312,6.188,-5.812,-34.688
5422879,BNO_MAG_UC,304,-5800,0,27.750,-15.562,-81.625,6.188,-5.812,-34.688
5432027,BNO_MAG_UC,305,-4700,0,22.500,-16.312,-81.062,6.188,-5.812,-34.688
5442891,BNO_MAG_UC,306,-5800,0,20.312,-15.625,-83.375,6.188,-5.812,-34.688
5462615,BNO_MAG_UC,307,-5600,0,11.500,-14.625,-84.688,6.188,-5.812,-34.688
5472317,BNO_MAG_UC,308,-5300,0,8.562,-15.000,-85.562,6.188,-5.812,-34.688
5483126,BNO_MAG_UC,309,-5800,0,6.688,-14.688,-85.562,6.188,-5.812,-34.688
5503085,BNO_MAG_UC,310,-6000,0,2.312,-13.312,-86.438,6.188,-5.812,-34.688
5512251,BNO_MAG_UC,311,-4700,0,0.438,-14.000,-84.188,6.188,-5.812,-34.688
5543364,BNO_MAG_UC,312,-5600,0,3.000,-17.500,-84.062,6.188,-5.812,-34.688
5552410,BNO_MAG_UC,313,-4500,0,5.938,-17.875,-83.250,6.188,-5.812,-34.688
5583535,BNO_MAG_UC,314,-5800,0,17.688,-18.438,-81.062,6.188,-5.812,-34.688
5592606,BNO_MAG_UC,315,-4900,0,21.688,-19.875,-78.375,6.188,-5.812,-34.688
5623691,BNO_MAG_UC,316,-5800,0,24.625,-21.250,-77.938,6.188,-5.812,-34.688
5632678,BNO_MAG_UC,317,-4500,0,23.562,-21.625,-77.875,6.188,-5.812,-34.688
5663773,BNO_MAG_UC,318,-5800,0,16.938,-20.938,-79.188,6.188,-5.812,-34.688
5672774,BNO_MAG_UC,319,-4500,0,15.062,-20.625,-81.000,6.188,-5.812,-34.688
5703918,BNO_MAG_UC,320,-5800,0,14.750,-19.875,-81.500,6.188,-5.812,-34.688
5712913,BNO_MAG_UC,321,-4300,0,14.375,-20.250,-81.438,6.188,-5.812,-34.688
5743722,BNO_MAG_UC,322,-5800,0,15.875,-18.812,-83.312,6.188,-5.812,-34.688
5753009,BNO_MAG_UC,323,-4500,0,15.125,-18.500,-82.438,6.188,-5.812,-34.688
5784039,BNO_MAG_UC,324,-5800,0,14.750,-19.875,-81.062,6.188,-5.812,-34.688
5793148,BNO_MAG_UC,325,-4700,0,14.375,-19.562,-82.812,6.188,-5.812,-34.688
5824101,BNO_MAG_UC,326,-5100,0,16.188,-21.625,-81.062,6.188,-5.812,-34.688
5832900,BNO_MAG_UC,327,-4900,0,16.938,-22.000,-79.250,6.188,-5.812,-34.688
5843701,BNO_MAG_UC,328,-5600,0,18.000,-22.000,-78.312,6.188,-5.812,-34.688
5872901,BNO_MAG_UC,329,-4700,0,22.375,-23.750,-76.062,6.188,-5.812,-34.688
5883680,BNO_MAG_UC,330,-5600,0,24.938,-24.500,-75.188,6.188,-5.812,-34.688
5913099,BNO_MAG_UC,331,-4900,0,27.625,-24.062,-74.750,6.188,-5.812,-34.688
5923871,BNO_MAG_UC,332,-5800,0,26.500,-23.688,-74.750,6.188,-5.812,-34.688
5933485,BNO_MAG_UC,333,-4900,0,27.625,-22.625,-74.312,6.188,-5.812,-34.688
5953313,BNO_MAG_UC,334,-4300,0,26.500,-23.000,-73.375,6.188,-5.812,-34.688
5964093,BNO_MAG_UC,335,-5600,0,28.000,-23.312,-74.312,6.188,-5.812,-34.688
5973583,BNO_MAG_UC,336,-4900,0,29.062,-23.688,-74.312,6.188,-5.812,-34.688
5993748,BNO_MAG_UC,337,-4500,0,27.250,-22.625,-73.875,6.188,-5.812,-34.688
6033285,BNO_MAG_UC,338,-4900,0,29.438,-22.250,-74.312,6.188,-5.812,-34.688
6044218,BNO_MAG_UC,339,-5800,0,30.625,-19.062,-74.812,6.188,-5.812,-34.688
6073500,BNO_MAG_UC,340,-4900,0,32.438,-17.312,-73.875,6.188,-5.812,-34.688
6084319,BNO_MAG_UC,341,-5600,0,34.312,-18.000,-74.375,6.188,-5.812,-34.688
6113806,BNO_MAG_UC,342,-4900,0,35.438,-14.438,-73.938,6.188,-5.812,-34.688
6124558,BNO_MAG_UC,343,-5600,0,35.812,-13.000,-74.875,6.188,-5.812,-34.688
6134051,BNO_MAG_UC,344,-4700,0,35.438,-13.062,-74.875,6.188,-5.812,-34.688
6154439,BNO_MAG_UC,345,-5600,0,33.625,-10.562,-77.562,6.188,-5.812,-34.688
6163403,BNO_MAG_UC,346,-4900,0,33.625,-10.562,-78.062,6.188,-5.812,-34.688
6174153,BNO_MAG_UC,347,-5400,0,32.188,-7.375,-78.062,6.188,-5.812,-34.688
6194243,BNO_MAG_UC,348,-5400,0,30.000,-5.625,-79.875,6.188,-5.812,-34.688
6203568,BNO_MAG_UC,349,-5100,0,29.375,-1.438,-81.688,6.188,-5.812,-34.688
6214355,BNO_MAG_UC,350,-5400,0,27.500,0.312,-81.750,6.188,-5.812,-34.688
6234805,BNO_MAG_UC,351,-5500,0,25.312,5.625,-82.625,6.188,-5.812,-34.688
6243592,BNO_MAG_UC,352,-4900,0,24.188,6.312,-82.625,6.188,-5.812,-34.688
6274691,BNO_MAG_UC,353,-5600,0,22.000,6.312,-83.500,6.188,-5.812,-34.688
6283927,BNO_MAG_UC,354,-4700,0,20.875,2.375,-83.938,6.188,-5.812,-34.688
6294664,BNO_MAG_UC,355,-5400,0,20.500,1.312,-83.438,6.188,-5.812,-34.688
6314473,BNO_MAG_UC,356,-5600,0,20.438,-2.562,-84.375,6.188,-5.812,-34.688
6324121,BNO_MAG_UC,357,-5100,0,18.562,-4.688,-84.375,6.188,-5.812,-34.688
6334923,BNO_MAG_UC,358,-5600,0,19.688,-6.062,-84.375,6.188,-5.812,-34.688
6354904,BNO_MAG_UC,359,-5800,0,17.812,-9.625,-83.875,6.188,-5.812,-34.688
6364200,BNO_MAG_UC,360,-4900,0,15.562,-12.500,-82.438,6.188,-5.812,-34.688
6374866,BNO_MAG_UC,361,-5800,0,16.250,-13.875,-82.438,6.188,-5.812,-34.688
6395226,BNO_MAG_UC,362,-6000,0,12.562,-15.688,-83.750,6.188,-5.812,-34.688
6404212,BNO_MAG_UC,363,-4700,0,11.125,-16.750,-83.750,6.188,-5.812,-34.688
6434985,BNO_MAG_UC,364,-5600,0,7.750,-19.938,-82.375,6.188,-5.812,-34.688
6444497,BNO_MAG_UC,365,-4700,0,8.438,-21.375,-81.500,6.188,-5.812,-34.688
6475823,BNO_MAG_UC,366,-5500,0,9.500,-24.188,-79.188,6.188,-5.812,-34.688
6484686,BNO_MAG_UC,367,-4700,0,10.625,-24.188,-78.750,6.188,-5.812,-34.688
6515910,BNO_MAG_UC,368,-5600,0,12.438,-24.250,-79.188,6.188,-5.812,-34.688
6524793,BNO_MAG_UC,369,-4500,0,12.875,-23.125,-79.688,6.188,-5.812,-34.688
6555776,BNO_MAG_UC,370,-5800,0,13.188,-23.812,-79.625,6.188,-5.812,-34.688
6564788,BNO_MAG_UC,371,-4300,0,12.438,-24.938,-79.188,6.188,-5.812,-34.688
6595751,BNO_MAG_UC,372,-5100,0,12.125,-24.562,-79.688,6.188,-5.812,-34.688
6604802,BNO_MAG_UC,373,-4900,0,14.312,-23.125,-78.312,6.188,-5.812,-34.688
6635943,BNO_MAG_UC,374,-5800,0,15.375,-24.938,-76.500,6.188,-5.812,-34.688
6645182,BNO_MAG_UC,375,-4700,0,17.250,-24.875,-76.500,6.188,-5.812,-34.688
6675729,BNO_MAG_UC,376,-4900,0,19.438,-25.250,-75.125,6.188,-5.812,-34.688
6684953,BNO_MAG_UC,377,-4700,0,20.938,-22.688,-77.438,6.188,-5.812,-34.688
6716549,BNO_MAG_UC,378,-6000,0,20.562,-21.625,-77.000,6.188,-5.812,-34.688
6725424,BNO_MAG_UC,379,-4700,0,21.312,-20.562,-78.812,6.188,-5.812,-34.688
6735369,BNO_MAG_UC,380,-5100,0,21.688,-19.125,-77.875,6.188,-5.812,-34.688
6756456,BNO_MAG_UC,381,-5300,0,23.188,-19.812,-78.375,6.188,-5.812,-34.688
6765647,BNO_MAG_UC,382,-5100,0,21.688,-20.562,-77.500,6.188,-5.812,-34.688
6775500,BNO_MAG_UC,383,-5100,0,24.625,-20.188,-77.500,6.188,-5.812,-34.688
6796399,BNO_MAG_UC,384,-5100,0,26.188,-19.125,-76.562,6.188,-5.812,-34.688
6805476,BNO_MAG_UC,385,-4900,0,27.625,-19.812,-76.125,6.188,-5.812,-34.688
6825976,BNO_MAG_UC,386,-5100,0,30.625,-15.938,-73.938,6.188,-5.812,-34.688
6845370,BNO_MAG_UC,387,-5100,0,34.688,-12.312,-73.500,6.188,-5.812,-34.688
6856286,BNO_MAG_UC,388,-5800,0,35.438,-11.625,-74.000,6.188,-5.812,-34.688
6865625,BNO_MAG_UC,389,-4700,0,37.688,-8.438,-73.125,6.188,-5.812,-34.688
6885400,BNO_MAG_UC,390,-4300,0,36.938,-7.750,-73.125,6.188,-5.812,-34.688
6896232,BNO_MAG_UC,391,-5800,0,36.250,-6.000,-74.062,6.188,-5.812,-34.688
6905753,BNO_MAG_UC,392,-4900,0,36.625,-5.938,-76.312,6.188,-5.812,-34.688
6925654,BNO_MAG_UC,393,-4500,0,35.188,-4.188,-74.500,6.188,-5.812,-34.688
6936484,BNO_MAG_UC,394,-5800,0,34.812,-3.125,-76.250,6.188,-5.812,-34.688
6945893,BNO_MAG_UC,395,-4700,0,33.750,-2.125,-76.250,6.188,-5.812,-34.688
6965550,BNO_MAG_UC,396,-4300,0,33.000,-0.688,-76.375,6.188,-5.812,-34.688
6976370,BNO_MAG_UC,397,-5800,0,32.312,0.375,-79.062,6.188,-5.812,-34.688
6985921,BNO_MAG_UC,398,-4900,0,30.438,2.125,-78.188,6.188,-5.812,-34.688
7006085,BNO_MAG_UC,399,-4700,0,27.875,1.062,-80.438,6.188,-5.812,-34.688
7016118,BNO_MAG_UC,400,-4900,0,25.250,2.062,-82.250,6.188,-5.812,-34.688
7025958,BNO_MAG_UC,401,-5100,0,24.188,3.125,-83.125,6.188,-5.812,-34.688
7046129,BNO_MAG_UC,402,-4700,0,17.562,3.750,-84.000,6.188,-5.812,-34.688
7056921,BNO_MAG_UC,403,-5600,0,15.375,3.062,-85.812,6.188,-5.812,-34.688
7065856,BNO_MAG_UC,404,-4300,0,15.375,3.062,-85.812,6.188,-5.812,-34.688
7085685,BNO_MAG_UC,405,-4300,0,7.250,1.562,-85.688,6.188,-5.812,-34.688
7096853,BNO_MAG_UC,406,-5800,0,5.062,1.188,-86.188,6.188,-5.812,-34.688
7126341,BNO_MAG_UC,407,-4900,0,1.312,-2.375,-85.625,6.188,-5.812,-34.688
7135817,BNO_MAG_UC,408,-5300,0,1.688,-3.062,-86.500,6.188,-5.812,-34.688
7146548,BNO_MAG_UC,409,-5300,0,3.125,-4.812,-86.125,6.188,-5.812,-34.688
7166893,BNO_MAG_UC,410,-5500,0,6.062,-6.875,-86.125,6.188,-5.812,-34.688
7175872,BNO_MAG_UC,411,-4700,0,7.875,-7.938,-85.188,6.188,-5.812,-34.688
7186642,BNO_MAG_UC,412,-5800,0,10.438,-9.000,-85.688,6.188,-5.812,-34.688
7206752,BNO_MAG_UC,413,-5800,0,9.688,-13.250,-83.812,6.188,-5.812,-34.688
7216075,BNO_MAG_UC,414,-5100,0,10.375,-14.312,-82.438,6.188,-5.812,-34.688
7226860,BNO_MAG_UC,415,-5600,0,9.250,-16.750,-82.000,6.188,-5.812,-34.688
7246614,BNO_MAG_UC,416,-5600,0,8.125,-20.312,-80.562,6.188,-5.812,-34.688
7256124,BNO_MAG_UC,417,-4900,0,7.750,-20.688,-80.562,6.188,-5.812,-34.688
7287585,BNO_MAG_UC,418,-5500,0,9.875,-22.812,-78.750,6.188,-5.812,-34.688
7296484,BNO_MAG_UC,419,-4900,0,10.625,-22.438,-79.688,6.188,-5.812,-34.688
7327714,BNO_MAG_UC,420,-6000,0,17.938,-24.188,-75.625,6.188,-5.812,-34.688
7336581,BNO_MAG_UC,421,-4500,0,21.250,-24.875,-74.688,6.188,-5.812,-34.688
7347404,BNO_MAG_UC,422,-5600,0,22.375,-25.938,-74.312,6.188,-5.812,-34.688
7367332,BNO_MAG_UC,423,-5800,0,24.188,-26.250,-73.375,6.188,-5.812,-34.688
7376595,BNO_MAG_UC,424,-4700,0,26.125,-24.500,-72.500,6.188,-5.812,-34.688
7407693,BNO_MAG_UC,425,-5300,0,26.500,-23.000,-74.375,6.188,-5.812,-34.688
7416713,BNO_MAG_UC,426,-4500,0,26.188,-21.250,-76.562,6.188,-5.812,-34.688
7448236,BNO_MAG_UC,427,-5500,0,27.375,-15.188,-78.500,6.188,-5.812,-34.688
7457292,BNO_MAG_UC,428,-4900,0,28.125,-14.500,-79.875,6.188,-5.812,-34.688
7466828,BNO_MAG_UC,429,-4700,0,28.500,-12.375,-79.375,6.188,-5.812,-34.688
7488001,BNO_MAG_UC,430,-5800,0,27.375,-13.062,-78.938,6.188,-5.812,-34.688
7496862,BNO_MAG_UC,431,-4300,0,28.125,-12.375,-79.375,6.188,-5.812,-34.688
7528112,BNO_MAG_UC,432,-6000,0,28.438,-13.812,-78.438,6.188,-5.812,-34.688
7537123,BNO_MAG_UC,433,-4500,0,28.438,-13.812,-77.562,6.188,-5.812,-34.688
7567963,BNO_MAG_UC,434,-5100,0,27.750,-13.438,-78.062,6.188,-5.812,-34.688
7576806,BNO_MAG_UC,435,-4700,0,28.125,-13.062,-77.562,6.188,-5.812,-34.688
7608585,BNO_MAG_UC,436,-6000,0,31.438,-10.250,-78.062,6.188,-5.812,-34.688
7617658,BNO_MAG_UC,437,-5100,0,32.125,-11.312,-74.875,6.188,-5.812,-34.688
7627317,BNO_MAG_UC,438,-4900,0,34.000,-12.000,-75.312,6.188,-5.812,-34.688
7648407,BNO_MAG_UC,439,-5300,0,36.938,-10.938,-73.562,6.188,-5.812,-34.688
7657502,BNO_MAG_UC,440,-5100,0,37.250,-12.312,-71.250,6.188,-5.812,-34.688
7688293,BNO_MAG_UC,441,-5200,0,38.375,-12.688,-69.438,6.188,-5.812,-34.688
7697046,BNO_MAG_UC,442,-4700,0,37.250,-12.688,-71.250,6.188,-5.812,-34.688
7707886,BNO_MAG_UC,443,-5600,0,36.188,-12.000,-72.688,6.188,-5.812,-34.688
7737468,BNO_MAG_UC,444,-4300,0,31.062,-12.688,-77.688,6.188,-5.812,-34.688
7748323,BNO_MAG_UC,445,-5800,0,28.125,-12.750,-79.375,6.188,-5.812,-34.688
7757709,BNO_MAG_UC,446,-4700,0,24.750,-12.062,-80.812,6.188,-5.812,-34.688
7777544,BNO_MAG_UC,447,-5100,0,16.312,-12.438,-84.812,6.188,-5.812,-34.688
7788366,BNO_MAG_UC,448,-5600,0,11.875,-12.875,-84.312,6.188,-5.812,-34.688
7797759,BNO_MAG_UC,449,-4500,0,9.312,-12.500,-85.625,6.188,-5.812,-34.688
7817925,BNO_MAG_UC,450,-4700,0,6.375,-11.125,-85.250,6.188,-5.812,-34.688
7828644,BNO_MAG_UC,451,-5800,0,6.750,-11.500,-85.188,6.188,-5.812,-34.688
7837801,BNO_MAG_UC,452,-4300,0,7.875,-11.812,-85.625,6.188,-5.812,-34.688
7858122,BNO_MAG_UC,453,-4900,0,14.438,-12.500,-82.500,6.188,-5.812,-34.688
7867984,BNO_MAG_UC,454,-5100,0,17.750,-14.250,-81.625,6.188,-5.812,-34.688
7897745,BNO_MAG_UC,455,-4900,0,32.500,-15.188,-73.562,6.188,-5.812,-34.688
7908573,BNO_MAG_UC,456,-5600,0,35.062,-15.500,-73.125,6.188,-5.812,-34.688
7918063,BNO_MAG_UC,457,-4700,0,36.500,-15.125,-72.188,6.188,-5.812,-34.688
7938490,BNO_MAG_UC,458,-5100,0,36.125,-15.500,-71.312,6.188,-5.812,-34.688
7947534,BNO_MAG_UC,459,-5100,0,35.062,-16.188,-74.438,6.188,-5.812,-34.688
7977732,BNO_MAG_UC,460,-4700,0,22.188,-14.188,-82.125,6.188,-5.812,-34.688
7988801,BNO_MAG_UC,461,-5800,0,15.938,-13.500,-84.812,6.188,-5.812,-34.688
8018382,BNO_MAG_UC,462,-4700,0,5.625,-13.250,-86.062,6.188,-5.812,-34.688
8027873,BNO_MAG_UC,463,-4900,0,6.688,-14.312,-83.875,6.188,-5.812,-34.688
8038652,BNO_MAG_UC,464,-5600,0,6.000,-14.688,-84.750,6.188,-5.812,-34.688
8058874,BNO_MAG_UC,465,-5500,0,10.375,-16.062,-83.375,6.188,-5.812,-34.688
8068064,BNO_MAG_UC,466,-4900,0,13.688,-16.375,-82.000,6.188,-5.812,-34.688
8078841,BNO_MAG_UC,467,-5600,0,17.312,-16.688,-80.250,6.188,-5.812,-34.688
8098949,BNO_MAG_UC,468,-6000,0,26.500,-20.500,-74.375,6.188,-5.812,-34.688
8108231,BNO_MAG_UC,469,-4700,0,30.188,-20.125,-72.562,6.188,-5.812,-34.688
8118993,BNO_MAG_UC,470,-5600,0,33.500,-20.812,-72.125,6.188,-5.812,-34.688
8138935,BNO_MAG_UC,471,-5800,0,35.312,-20.812,-69.875,6.188,-5.812,-34.688
8148175,BNO_MAG_UC,472,-4700,0,35.375,-20.125,-71.750,6.188,-5.812,-34.688
8179265,BNO_MAG_UC,473,-5600,0,30.938,-20.812,-74.875,6.188,-5.812,-34.688
8188306,BNO_MAG_UC,474,-4300,0,28.375,-20.125,-77.125,6.188,-5.812,-34.688
8219368,BNO_MAG_UC,475,-5600,0,20.250,-19.875,-81.188,6.188,-5.812,-34.688
8228502,BNO_MAG_UC,476,-4500,0,17.312,-18.438,-82.062,6.188,-5.812,-34.688
8259584,BNO_MAG_UC,477,-5800,0,17.688,-18.500,-79.812,6.188,-5.812,-34.688
8268666,BNO_MAG_UC,478,-4700,0,19.500,-19.188,-79.750,6.188,-5.812,-34.688
8299635,BNO_MAG_UC,479,-5100,0,29.438,-20.188,-72.125,6.188,-5.812,-34.688
8308853,BNO_MAG_UC,480,-5100,0,33.125,-20.812,-69.812,6.188,-5.812,-34.688
8339801,BNO_MAG_UC,481,-5100,0,37.188,-20.812,-68.062,6.188,-5.812,-34.688
8348802,BNO_MAG_UC,482,-5100,0,37.188,-19.750,-68.062,6.188,-5.812,-34.688
8379934,BNO_MAG_UC,483,-6000,0,31.312,-19.438,-75.750,6.188,-5.812,-34.688
8388871,BNO_MAG_UC,484,-4300,0,29.188,-17.312,-77.625,6.188,-5.812,-34.688
8420371,BNO_MAG_UC,485,-5900,0,18.438,-16.312,-82.562,6.188,-5.812,-34.688
8429313,BNO_MAG_UC,486,-4900,0,17.688,-17.750,-82.062,6.188,-5.812,-34.688
8439190,BNO_MAG_UC,487,-4700,0,17.000,-16.375,-80.688,6.188,-5.812,-34.688
8459916,BNO_MAG_UC,488,-4900,0,20.250,-17.062,-78.938,6.188,-5.812,-34.688
8468730,BNO_MAG_UC,489,-4500,0,22.125,-17.375,-78.000,6.188,-5.812,-34.688
8479540,BNO_MAG_UC,490,-5600,0,25.812,-18.438,-76.188,6.188,-5.812,-34.688
8508650,BNO_MAG_UC,491,-4300,0,36.438,-19.438,-66.250,6.188,-5.812,-34.688
8519570,BNO_MAG_UC,492,-5400,0,39.375,-20.438,-65.375,6.188,-5.812,-34.688
8529503,BNO_MAG_UC,493,-5300,0,40.812,-19.375,-64.062,6.188,-5.812,-34.688
8548933,BNO_MAG_UC,494,-4900,0,43.000,-20.062,-62.625,6.188,-5.812,-34.688
8559684,BNO_MAG_UC,495,-5800,0,41.938,-19.375,-62.625,6.188,-5.812,-34.688
8589273,BNO_MAG_UC,496,-4900,0,36.500,-15.875,-70.375,6.188,-5.812,-34.688
8600076,BNO_MAG_UC,497,-5800,0,33.562,-17.625,-74.875,6.188,-5.812,-34.688
8628872,BNO_MAG_UC,498,-4300,0,20.688,-17.000,-82.062,6.188,-5.812,-34.688
8639825,BNO_MAG_UC,499,-5600,0,16.250,-17.438,-80.688,6.188,-5.812,-34.688
8649579,BNO_MAG_UC,500,-5100,0,14.812,-14.625,-83.000,6.188,-5.812,-34.688
8669589,BNO_MAG_UC,501,-4500,0,12.938,-16.000,-83.875,6.188,-5.812,-34.688
8680368,BNO_MAG_UC,502,-5600,0,11.500,-14.250,-84.312,6.188,-5.812,-34.688
8689769,BNO_MAG_UC,503,-4900,0,14.812,-15.312,-83.000,6.188,-5.812,-34.688
8709645,BNO_MAG_UC,504,-4300,0,17.688,-16.312,-81.625,6.188,-5.812,-34.688
8720440,BNO_MAG_UC,505,-5600,0,21.000,-16.312,-80.250,6.188,-5.812,-34.688
8729929,BNO_MAG_UC,506,-4700,0,24.688,-17.000,-78.000,6.188,-5.812,-34.688
8749687,BNO_MAG_UC,507,-4300,0,29.500,-16.250,-76.312,6.188,-5.812,-34.688
8760415,BNO_MAG_UC,508,-5800,0,30.625,-16.625,-74.875,6.188,-5.812,-34.688
8769960,BNO_MAG_UC,509,-4500,0,30.625,-18.000,-75.375,6.188,-5.812,-34.688
8790084,BNO_MAG_UC,510,-4700,0,28.062,-16.250,-76.188,6.188,-5.812,-34.688
8799363,BNO_MAG_UC,511,-5100,0,27.312,-16.938,-79.875,6.188,-5.812,-34.688
8810045,BNO_MAG_UC,512,-5100,0,25.125,-15.562,-81.688,6.188,-5.812,-34.688
8829917,BNO_MAG_UC,513,-4500,0,19.562,-16.000,-81.688,6.188,-5.812,-34.688
8840808,BNO_MAG_UC,514,-5800,0,17.000,-15.625,-82.500,6.188,-5.812,-34.688
8850210,BNO_MAG_UC,515,-4700,0,16.250,-14.938,-83.000,6.188,-5.812,-34.688
8870753,BNO_MAG_UC,516,-5800,0,16.250,-15.625,-82.500,6.188,-5.812,-34.688
8879629,BNO_MAG_UC,517,-4900,0,17.000,-14.562,-83.000,6.188,-5.812,-34.688
8890328,BNO_MAG_UC,518,-5300,0,18.875,-13.875,-82.562,6.188,-5.812,-34.688
8910744,BNO_MAG_UC,519,-5800,0,22.188,-13.812,-84.438,6.188,-5.812,-34.688
8919896,BNO_MAG_UC,520,-4900,0,22.125,-14.188,-80.375,6.188,-5.812,-34.688
8930590,BNO_MAG_UC,521,-5600,0,24.000,-14.875,-81.250,6.188,-5.812,-34.688
8950936,BNO_MAG_UC,522,-5500,0,26.250,-15.188,-79.938,6.188,-5.812,-34.688
8959982,BNO_MAG_UC,523,-4900,0,26.250,-15.562,-79.875,6.188,-5.812,-34.688
8970765,BNO_MAG_UC,524,-5600,0,28.062,-16.250,-79.438,6.188,-5.812,-34.688
8990827,BNO_MAG_UC,525,-5400,0,29.875,-17.688,-75.375,6.188,-5.812,-34.688
8999965,BNO_MAG_UC,526,-4900,0,30.250,-16.625,-75.375,6.188,-5.812,-34.688
9030849,BNO_MAG_UC,527,-5600,0,35.312,-19.750,-69.000,6.188,-5.812,-34.688
9040305,BNO_MAG_UC,528,-4900,0,38.250,-19.062,-67.188,6.188,-5.812,-34.688
9051167,BNO_MAG_UC,529,-5600,0,39.000,-20.125,-66.750,6.188,-5.812,-34.688
9071157,BNO_MAG_UC,530,-5800,0,42.312,-17.938,-67.250,6.188,-5.812,-34.688
9080521,BNO_MAG_UC,531,-4900,0,40.500,-18.312,-66.750,6.188,-5.812,-34.688
9091349,BNO_MAG_UC,532,-5800,0,40.188,-17.250,-70.000,6.188,-5.812,-34.688
9111255,BNO_MAG_UC,533,-6000,0,35.062,-18.000,-76.312,6.188,-5.812,-34.688
9120417,BNO_MAG_UC,534,-4700,0,28.812,-17.312,-78.500,6.188,-5.812,-34.688
9151447,BNO_MAG_UC,535,-5600,0,10.000,-16.062,-83.875,6.188,-5.812,-34.688
9160641,BNO_MAG_UC,536,-4700,0,5.562,-15.750,-84.750,6.188,-5.812,-34.688
9191611,BNO_MAG_UC,537,-5600,0,4.500,-16.125,-84.312,6.188,-5.812,-34.688
9200705,BNO_MAG_UC,538,-4300,0,7.438,-14.688,-85.188,6.188,-5.812,-34.688
9232004,BNO_MAG_UC,539,-6000,0,20.688,-15.625,-81.188,6.188,-5.812,-34.688
9240962,BNO_MAG_UC,540,-4500,0,25.875,-17.312,-78.062,6.188,-5.812,-34.688
9272007,BNO_MAG_UC,541,-4900,0,35.375,-17.625,-72.625,6.188,-5.812,-34.688
9280780,BNO_MAG_UC,542,-4700,0,36.875,-16.562,-72.188,6.188,-5.812,-34.688
9311949,BNO_MAG_UC,543,-5800,0,36.875,-16.938,-73.562,6.188,-5.812,-34.688
9321086,BNO_MAG_UC,544,-4500,0,35.750,-17.250,-73.125,6.188,-5.812,-34.688
9352059,BNO_MAG_UC,545,-5300,0,32.125,-16.938,-77.188,6.188,-5.812,-34.688
9361189,BNO_MAG_UC,546,-5100,0,29.562,-16.250,-77.625,6.188,-5.812,-34.688
9391998,BNO_MAG_UC,547,-5200,0,21.750,-15.625,-81.188,6.188,-5.812,-34.688
9401150,BNO_MAG_UC,548,-4900,0,19.250,-12.812,-83.500,6.188,-5.812,-34.688
9411578,BNO_MAG_UC,549,-5400,0,19.250,-12.812,-83.500,6.188,-5.812,-34.688
9441041,BNO_MAG_UC,550,-4900,0,14.500,-11.750,-85.312,6.188,-5.812,-34.688
9451807,BNO_MAG_UC,551,-5600,0,14.125,-12.812,-85.750,6.188,-5.812,-34.688
9461592,BNO_MAG_UC,552,-5100,0,13.750,-12.500,-85.250,6.188,-5.812,-34.688
9481424,BNO_MAG_UC,553,-4500,0,14.812,-11.438,-84.375,6.188,-5.812,-34.688
9521530,BNO_MAG_UC,554,-4500,0,18.812,-14.562,-81.688,6.188,-5.812,-34.688
9532084,BNO_MAG_UC,555,-5400,0,18.812,-14.562,-81.688,6.188,-5.812,-34.688
9541711,BNO_MAG_UC,556,-4500,0,20.625,-17.375,-81.188,6.188,-5.812,-34.688
9561799,BNO_MAG_UC,557,-4500,0,23.938,-17.688,-79.875,6.188,-5.812,-34.688
9571706,BNO_MAG_UC,558,-5100,0,25.125,-18.062,-79.438,6.188,-5.812,-34.688
9601176,BNO_MAG_UC,559,-4500,0,27.688,-17.000,-77.625,6.188,-5.812,-34.688
9612149,BNO_MAG_UC,560,-5600,0,29.875,-18.375,-77.188,6.188,-5.812,-34.688
9621745,BNO_MAG_UC,561,-4700,0,30.625,-18.000,-76.750,6.188,-5.812,-34.688
9641282,BNO_MAG_UC,562,-4200,0,30.625,-18.688,-76.750,6.188,-5.812,-34.688
9681603,BNO_MAG_UC,563,-4300,0,28.812,-17.688,-77.625,6.188,-5.812,-34.688
9692508,BNO_MAG_UC,564,-5600,0,27.688,-17.688,-78.062,6.188,-5.812,-34.688
9702051,BNO_MAG_UC,565,-4700,0,26.188,-18.375,-78.938,6.188,-5.812,-34.688
9722043,BNO_MAG_UC,566,-4500,0,22.500,-17.000,-79.375,6.188,-5.812,-34.688
9732860,BNO_MAG_UC,567,-5800,0,22.125,-18.438,-78.938,6.188,-5.812,-34.688
9742184,BNO_MAG_UC,568,-4700,0,21.750,-16.688,-80.812,6.188,-5.812,-34.688
9761803,BNO_MAG_UC,569,-4900,0,23.250,-16.312,-80.812,6.188,-5.812,-34.688
9772024,BNO_MAG_UC,570,-5600,0,25.125,-17.000,-78.062,6.188,-5.812,-34.688
9782771,BNO_MAG_UC,571,-5400,0,26.562,-16.625,-77.625,6.188,-5.812,-34.688
9802533,BNO_MAG_UC,572,-5600,0,32.438,-18.688,-74.500,6.188,-5.812,-34.688
9811581,BNO_MAG_UC,573,-4900,0,34.625,-19.062,-73.562,6.188,-5.812,-34.688
9822201,BNO_MAG_UC,574,-5300,0,34.625,-19.062,-73.562,6.188,-5.812,-34.688
9842563,BNO_MAG_UC,575,-4900,0,37.562,-19.375,-70.875,6.188,-5.812,-34.688
9851768,BNO_MAG_UC,576,-5100,0,35.000,-18.312,-72.188,6.188,-5.812,-34.688
9882857,BNO_MAG_UC,577,-5600,0,28.438,-18.000,-77.625,6.188,-5.812,-34.688
9892219,BNO_MAG_UC,578,-5100,0,24.375,-17.000,-80.375,6.188,-5.812,-34.688
9902916,BNO_MAG_UC,579,-5600,0,21.000,-17.750,-82.125,6.188,-5.812,-34.688
9923081,BNO_MAG_UC,580,-5800,0,15.125,-17.062,-83.000,6.188,-5.812,-34.688
9932275,BNO_MAG_UC,581,-4700,0,12.562,-16.000,-83.500,6.188,-5.812,-34.688
9943081,BNO_MAG_UC,582,-5800,0,12.562,-16.062,-82.938,6.188,-5.812,-34.688
9963099,BNO_MAG_UC,583,-5800,0,13.688,-15.688,-83.938,6.188,-5.812,-34.688
9972412,BNO_MAG_UC,584,-4700,0,16.250,-17.438,-82.562,6.188,-5.812,-34.688
9983237,BNO_MAG_UC,585,-5600,0,19.188,-16.312,-82.125,6.188,-5.812,-34.688
10003199,BNO_MAG_UC,586,-5800,0,27.688,-18.375,-78.062,6.188,-5.812,-34.688
10012425,BNO_MAG_UC,587,-4700,0,29.875,-19.062,-77.250,6.188,-5.812,-34.688
10043889,BNO_MAG_UC,588,-5700,0,34.625,-19.062,-72.688,6.188,-5.812,-34.688
10052600,BNO_MAG_UC,589,-4700,0,36.125,-18.000,-71.750,6.188,-5.812,-34.688
10083679,BNO_MAG_UC,590,-5800,0,34.625,-19.750,-74.500,6.188,-5.812,-34.688
10092676,BNO_MAG_UC,591,-4500,0,34.250,-19.062,-73.562,6.188,-5.812,-34.688
10123805,BNO_MAG_UC,592,-5800,0,27.688,-17.688,-79.000,6.188,-5.812,-34.688
10132883,BNO_MAG_UC,593,-4300,0,24.750,-16.625,-79.938,6.188,-5.812,-34.688
10163813,BNO_MAG_UC,594,-5600,0,15.125,-17.438,-84.000,6.188,-5.812,-34.688
10172992,BNO_MAG_UC,595,-4500,0,13.312,-16.000,-83.438,6.188,-5.812,-34.688
10203897,BNO_MAG_UC,596,-5300,0,13.312,-16.750,-82.562,6.188,-5.812,-34.688
10212892,BNO_MAG_UC,597,-4700,0,15.500,-17.438,-82.562,6.188,-5.812,-34.688
10244289,BNO_MAG_UC,598,-6000,0,25.125,-17.312,-79.438,6.188,-5.812,-34.688
10253206,BNO_MAG_UC,599,-4500,0,26.938,-18.375,-77.188,6.188,-5.812,-34.688
10284139,BNO_MAG_UC,600,-5100,0,35.750,-17.625,-73.188,6.188,-5.812,-34.688
10292980,BNO_MAG_UC,601,-4700,0,36.500,-18.000,-70.875,6.188,-5.812,-34.688
10303778,BNO_MAG_UC,602,-5800,0,37.188,-19.000,-72.250,6.188,-5.812,-34.688
10313455,BNO_MAG_UC,603,-5300,0,37.188,-19.062,-70.875,6.188,-5.812,-34.688
10333412,BNO_MAG_UC,604,-4500,0,33.875,-20.125,-73.562,6.188,-5.812,-34.688
10364309,BNO_MAG_UC,605,-5200,0,26.188,-19.062,-79.938,6.188,-5.812,-34.688
10373287,BNO_MAG_UC,606,-4900,0,21.750,-18.438,-79.875,6.188,-5.812,-34.688
10413405,BNO_MAG_UC,607,-4700,0,11.438,-16.375,-82.938,6.188,-5.812,-34.688
10424274,BNO_MAG_UC,608,-5800,0,11.125,-16.750,-84.375,6.188,-5.812,-34.688
10433688,BNO_MAG_UC,609,-4700,0,12.562,-16.000,-83.438,6.188,-5.812,-34.688
10453596,BNO_MAG_UC,610,-4300,0,18.812,-17.062,-81.250,6.188,-5.812,-34.688
10464474,BNO_MAG_UC,611,-5800,0,23.250,-16.625,-79.875,6.188,-5.812,-34.688
10473884,BNO_MAG_UC,612,-4700,0,26.562,-18.375,-78.062,6.188,-5.812,-34.688
10493595,BNO_MAG_UC,613,-4300,0,31.000,-18.688,-75.438,6.188,-5.812,-34.688
10504433,BNO_MAG_UC,614,-5800,0,32.438,-18.688,-73.625,6.188,-5.812,-34.688
10513894,BNO_MAG_UC,615,-4900,0,32.812,-18.688,-74.500,6.188,-5.812,-34.688
10533805,BNO_MAG_UC,616,-4300,0,30.625,-18.688,-76.750,6.188,-5.812,-34.688
10544599,BNO_MAG_UC,617,-5800,0,28.750,-19.062,-77.625,6.188,-5.812,-34.688
10554019,BNO_MAG_UC,618,-4500,0,26.188,-18.750,-78.562,6.188,-5.812,-34.688
10574005,BNO_MAG_UC,619,-4500,0,20.250,-18.062,-81.688,6.188,-5.812,-34.688
10584874,BNO_MAG_UC,620,-5800,0,18.812,-17.375,-83.938,6.188,-5.812,-34.688
10594024,BNO_MAG_UC,621,-4700,0,17.000,-17.062,-82.562,6.188,-5.812,-34.688
10614563,BNO_MAG_UC,622,-5100,0,18.125,-18.062,-85.375,6.188,-5.812,-34.688
10624303,BNO_MAG_UC,623,-5300,0,18.812,-17.000,-83.562,6.188,-5.812,-34.688
10634158,BNO_MAG_UC,624,-5100,0,21.438,-17.375,-84.000,6.188,-5.812,-34.688
10654800,BNO_MAG_UC,625,-4800,0,24.750,-19.125,-79.375,6.188,-5.812,-34.688
10664397,BNO_MAG_UC,626,-4900,0,26.938,-18.062,-78.562,6.188,-5.812,-34.688
10674256,BNO_MAG_UC,627,-5100,0,28.812,-18.375,-77.688,6.188,-5.812,-34.688
10694422,BNO_MAG_UC,628,-4900,0,29.875,-19.062,-75.312,6.188,-5.812,-34.688
10703730,BNO_MAG_UC,629,-4900,0,29.125,-19.438,-75.812,6.188,-5.812,-34.688
10714574,BNO_MAG_UC,630,-5400,0,29.125,-19.438,-75.312,6.188,-5.812,-34.688
10734887,BNO_MAG_UC,631,-5600,0,29.500,-19.062,-75.312,6.188,-5.812,-34.688
10743914,BNO_MAG_UC,632,-4900,0,30.625,-19.062,-74.938,6.188,-5.812,-34.688
10754704,BNO_MAG_UC,633,-5600,0,30.250,-17.688,-74.500,6.188,-5.812,-34.688
10774870,BNO_MAG_UC,634,-5600,0,29.500,-19.062,-78.062,6.188,-5.812,-34.688
10784142,BNO_MAG_UC,635,-4700,0,28.812,-18.000,-79.500,6.188,-5.812,-34.688
10794864,BNO_MAG_UC,636,-5400,0,26.625,-17.688,-80.812,6.188,-5.812,-34.688
10815252,BNO_MAG_UC,637,-6000,0,21.000,-18.062,-81.250,6.188,-5.812,-34.688
10824337,BNO_MAG_UC,638,-4900,0,18.500,-15.625,-83.062,6.188,-5.812,-34.688
10835062,BNO_MAG_UC,639,-5600,0,17.000,-17.750,-83.438,6.188,-5.812,-34.688
10855255,BNO_MAG_UC,640,-5800,0,14.438,-17.062,-83.500,6.188,-5.812,-34.688
10864420,BNO_MAG_UC,641,-4900,0,14.062,-17.062,-83.938,6.188,-5.812,-34.688
10875225,BNO_MAG_UC,642,-5600,0,13.312,-16.750,-83.875,6.188,-5.812,-34.688
10895203,BNO_MAG_UC,643,-5800,0,18.125,-16.312,-83.562,6.188,-5.812,-34.688
10904427,BNO_MAG_UC,644,-4700,0,18.062,-17.750,-81.250,6.188,-5.812,-34.688
10935610,BNO_MAG_UC,645,-5800,0,26.562,-18.375,-77.688,6.188,-5.812,-34.688
10944575,BNO_MAG_UC,646,-4500,0,29.500,-18.000,-77.250,6.188,-5.812,-34.688
10975885,BNO_MAG_UC,647,-5500,0,33.938,-18.000,-74.500,6.188,-5.812,-34.688
10984910,BNO_MAG_UC,648,-4900,0,32.438,-18.000,-75.812,6.188,-5.812,-34.688
11015831,BNO_MAG_UC,649,-5300,0,27.688,-17.688,-77.688,6.188,-5.812,-34.688
11024953,BNO_MAG_UC,650,-5300,0,26.625,-16.625,-79.000,6.188,-5.812,-34.688
11055763,BNO_MAG_UC,651,-5100,0,19.562,-16.688,-80.312,6.188,-5.812,-34.688
11064904,BNO_MAG_UC,652,-4900,0,18.812,-16.312,-82.125,6.188,-5.812,-34.688
11095961,BNO_MAG_UC,653,-5500,0,18.125,-16.000,-82.188,6.188,-5.812,-34.688
11105092,BNO_MAG_UC,654,-5100,0,20.688,-16.688,-81.750,6.188,-5.812,-34.688
11136087,BNO_MAG_UC,655,-6000,0,26.938,-19.125,-77.625,6.188,-5.812,-34.688
11145261,BNO_MAG_UC,656,-4500,0,30.250,-19.750,-75.875,6.188,-5.812,-34.688
11176551,BNO_MAG_UC,657,-6000,0,32.438,-17.625,-76.750,6.188,-5.812,-34.688
11185533,BNO_MAG_UC,658,-4700,0,29.875,-18.375,-77.250,6.188,-5.812,-34.688
11216473,BNO_MAG_UC,659,-5100,0,26.250,-17.688,-79.938,6.188,-5.812,-34.688
11225599,BNO_MAG_UC,660,-5300,0,23.250,-17.688,-81.750,6.188,-5.812,-34.688
11235493,BNO_MAG_UC,661,-5300,0,22.875,-17.375,-81.750,6.188,-5.812,-34.688
11256194,BNO_MAG_UC,662,-5000,0,21.000,-16.688,-81.250,6.188,-5.812,-34.688
11265559,BNO_MAG_UC,663,-5100,0,21.000,-17.375,-80.812,6.188,-5.812,-34.688
11296335,BNO_MAG_UC,664,-5000,0,24.375,-17.312,-80.812,6.188,-5.812,-34.688
11305473,BNO_MAG_UC,665,-5100,0,23.625,-17.000,-80.375,6.188,-5.812,-34.688
11316166,BNO_MAG_UC,666,-5600,0,26.250,-17.000,-78.125,6.188,-5.812,-34.688
11345293,BNO_MAG_UC,667,-4500,0,26.562,-18.750,-77.188,6.188,-5.812,-34.688
11356111,BNO_MAG_UC,668,-5800,0,26.938,-17.312,-76.750,6.188,-5.812,-34.688
11365769,BNO_MAG_UC,669,-5100,0,28.375,-20.125,-76.750,6.188,-5.812,-34.688
11385859,BNO_MAG_UC,670,-4500,0,29.500,-19.438,-76.250,6.188,-5.812,-34.688
11425708,BNO_MAG_UC,671,-4900,0,27.312,-16.250,-79.062,6.188,-5.812,-34.688
11436508,BNO_MAG_UC,672,-5600,0,24.750,-17.312,-80.375,6.188,-5.812,-34.688
11446020,BNO_MAG_UC,673,-4900,0,22.500,-15.250,-82.625,6.188,-5.812,-34.688
11465893,BNO_MAG_UC,674,-4500,0,15.500,-15.625,-83.062,6.188,-5.812,-34.688
11476599,BNO_MAG_UC,675,-5600,0,13.688,-15.688,-84.000,6.188,-5.812,-34.688
11486193,BNO_MAG_UC,676,-4700,0,11.875,-15.688,-84.812,6.188,-5.812,-34.688
11505932,BNO_MAG_UC,677,-4200,0,10.375,-15.312,-85.312,6.188,-5.812,-34.688
11516705,BNO_MAG_UC,678,-5800,0,10.375,-15.312,-84.812,6.188,-5.812,-34.688
11526201,BNO_MAG_UC,679,-4700,0,13.000,-15.312,-85.812,6.188,-5.812,-34.688
11546518,BNO_MAG_UC,680,-4700,0,17.750,-16.312,-81.750,6.188,-5.812,-34.688
11556352,BNO_MAG_UC,681,-4900,0,22.875,-17.000,-80.812,6.188,-5.812,-34.688
11566353,BNO_MAG_UC,682,-5300,0,23.625,-19.125,-78.500,6.188,-5.812,-34.688
11586189,BNO_MAG_UC,683,-4300,0,31.688,-18.688,-75.875,6.188,-5.812,-34.688
11597012,BNO_MAG_UC,684,-5800,0,32.812,-18.688,-72.688,6.188,-5.812,-34.688
11606459,BNO_MAG_UC,685,-4700,0,33.188,-18.000,-74.062,6.188,-5.812,-34.688
11626711,BNO_MAG_UC,686,-5600,0,33.188,-17.625,-75.438,6.188,-5.812,-34.688
11635790,BNO_MAG_UC,687,-4900,0,32.125,-17.625,-77.250,6.188,-5.812,-34.688
11666988,BNO_MAG_UC,688,-5800,0,23.250,-17.375,-82.250,6.188,-5.812,-34.688
11676020,BNO_MAG_UC,689,-4900,0,18.438,-17.000,-84.000,6.188,-5.812,-34.688
11686776,BNO_MAG_UC,690,-5600,0,16.250,-14.938,-83.562,6.188,-5.812,-34.688
11707150,BNO_MAG_UC,691,-5800,0,14.812,-16.375,-83.500,6.188,-5.812,-34.688
11716303,BNO_MAG_UC,692,-4900,0,13.312,-15.312,-84.438,6.188,-5.812,-34.688
11727066,BNO_MAG_UC,693,-5600,0,16.250,-15.312,-83.062,6.188,-5.812,-34.688
11747287,BNO_MAG_UC,694,-5500,0,22.125,-16.688,-80.812,6.188,-5.812,-34.688
11756369,BNO_MAG_UC,695,-4900,0,25.500,-18.375,-79.000,6.188,-5.812,-34.688
11786903,BNO_MAG_UC,696,-5100,0,33.188,-17.625,-75.438,6.188,-5.812,-34.688
11796546,BNO_MAG_UC,697,-5100,0,33.562,-17.625,-75.000,6.188,-5.812,-34.688
11807083,BNO_MAG_UC,698,-5600,0,33.562,-17.625,-75.000,6.188,-5.812,-34.688
11827378,BNO_MAG_UC,699,-5800,0,28.438,-15.562,-80.438,6.188,-5.812,-34.688
11836700,BNO_MAG_UC,700,-4700,0,24.000,-17.375,-80.375,6.188,-5.812,-34.688
11867620,BNO_MAG_UC,701,-4900,0,14.812,-15.312,-84.000,6.188,-5.812,-34.688
11876712,BNO_MAG_UC,702,-5100,0,13.688,-16.688,-84.875,6.188,-5.812,-34.688
11908091,BNO_MAG_UC,703,-5500,0,16.625,-15.312,-84.000,6.188,-5.812,-34.688
11917153,BNO_MAG_UC,704,-4900,0,18.812,-16.688,-82.188,6.188,-5.812,-34.688
11947924,BNO_MAG_UC,705,-5000,0,29.500,-18.000,-76.750,6.188,-5.812,-34.688
11956951,BNO_MAG_UC,706,-4900,0,29.500,-16.625,-75.875,6.188,-5.812,-34.688
11988144,BNO_MAG_UC,707,-5800,0,28.812,-16.938,-79.062,6.188,-5.812,-34.688
11997109,BNO_MAG_UC,708,-4500,0,27.000,-15.875,-81.312,6.188,-5.812,-34.688
12028274,BNO_MAG_UC,709,-6000,0,17.750,-16.688,-84.000,6.188,-5.812,-34.688
12037200,BNO_MAG_UC,710,-4200,0,14.812,-16.375,-84.875,6.188,-5.812,-34.688
12068718,BNO_MAG_UC,711,-6100,0,13.688,-14.938,-84.000,6.188,-5.812,-34.688
12077383,BNO_MAG_UC,712,-4500,0,14.812,-15.312,-84.000,6.188,-5.812,-34.688
12108285,BNO_MAG_UC,713,-5100,0,23.688,-16.625,-80.812,6.188,-5.812,-34.688
12117290,BNO_MAG_UC,714,-4700,0,25.875,-16.625,-80.438,6.188,-5.812,-34.688
12148864,BNO_MAG_UC,715,-5900,0,27.688,-18.000,-81.812,6.188,-5.812,-34.688
12157715,BNO_MAG_UC,716,-4700,0,25.875,-16.625,-80.812,6.188,-5.812,-34.688
12188674,BNO_MAG_UC,717,-5300,0,19.938,-15.938,-83.562,6.188,-5.812,-34.688
12197616,BNO_MAG_UC,718,-4700,0,17.750,-16.312,-83.062,6.188,-5.812,-34.688
12228496,BNO_MAG_UC,719,-5300,0,15.500,-16.000,-83.500,6.188,-5.812,-34.688
12237362,BNO_MAG_UC,720,-4700,0,18.125,-15.250,-83.062,6.188,-5.812,-34.688
12248163,BNO_MAG_UC,721,-5800,0,19.188,-14.188,-81.750,6.188,-5.812,-34.688
12257778,BNO_MAG_UC,722,-4900,0,22.875,-15.562,-82.188,6.188,-5.812,-34.688
12277756,BNO_MAG_UC,723,-4300,0,26.250,-16.250,-78.062,6.188,-5.812,-34.688
12308886,BNO_MAG_UC,724,-5300,0,29.938,-16.938,-79.062,6.188,-5.812,-34.688
12317466,BNO_MAG_UC,725,-4500,0,29.562,-17.625,-79.500,6.188,-5.812,-34.688
12328276,BNO_MAG_UC,726,-5800,0,28.062,-16.625,-79.062,6.188,-5.812,-34.688
12337991,BNO_MAG_UC,727,-4900,0,26.250,-17.312,-80.438,6.188,-5.812,-34.688
12358160,BNO_MAG_UC,728,-4700,0,20.312,-16.312,-81.750,6.188,-5.812,-34.688
12368100,BNO_MAG_UC,729,-5300,0,18.812,-17.000,-83.562,6.188,-5.812,-34.688
12397670,BNO_MAG_UC,730,-4700,0,15.188,-14.250,-84.500,6.188,-5.812,-34.688
12408619,BNO_MAG_UC,731,-5800,0,14.062,-15.312,-84.875,6.188,-5.812,-34.688
12418145,BNO_MAG_UC,732,-4700,0,14.438,-14.938,-84.000,6.188,-5.812,-34.688
12437979,BNO_MAG_UC,733,-4200,0,17.750,-14.562,-82.625,6.188,-5.812,-34.688
12448787,BNO_MAG_UC,734,-5800,0,19.188,-17.375,-82.188,6.188,-5.812,-34.688
12458280,BNO_MAG_UC,735,-4900,0,24.062,-15.562,-83.125,6.188,-5.812,-34.688
12478730,BNO_MAG_UC,736,-5100,0,26.625,-16.625,-79.500,6.188,-5.812,-34.688
12488553,BNO_MAG_UC,737,-5100,0,28.062,-15.875,-79.500,6.188,-5.812,-34.688
12498453,BNO_MAG_UC,738,-5300,0,29.188,-15.188,-79.500,6.188,-5.812,-34.688
12517939,BNO_MAG_UC,739,-4900,0,27.688,-16.625,-78.188,6.188,-5.812,-34.688
12539056,BNO_MAG_UC,740,-5300,0,26.625,-15.188,-81.812,6.188,-5.812,-34.688
12559180,BNO_MAG_UC,741,-5500,0,21.438,-15.938,-83.125,6.188,-5.812,-34.688
12567915,BNO_MAG_UC,742,-4900,0,19.188,-15.938,-84.000,6.188,-5.812,-34.688
12599027,BNO_MAG_UC,743,-5600,0,14.062,-14.250,-84.438,6.188,-5.812,-34.688
12608226,BNO_MAG_UC,744,-4900,0,14.062,-15.625,-85.312,6.188,-5.812,-34.688
12619050,BNO_MAG_UC,745,-5600,0,14.062,-16.375,-84.438,6.188,-5.812,-34.688
12639104,BNO_MAG_UC,746,-5800,0,15.875,-15.312,-83.062,6.188,-5.812,-34.688
12648362,BNO_MAG_UC,747,-4900,0,16.625,-16.688,-84.875,6.188,-5.812,-34.688
12679552,BNO_MAG_UC,748,-5600,0,24.812,-14.188,-80.000,6.188,-5.812,-34.688
12688506,BNO_MAG_UC,749,-4500,0,26.938,-17.688,-79.000,6.188,-5.812,-34.688
12699337,BNO_MAG_UC,750,-5600,0,29.188,-16.625,-77.250,6.188,-5.812,-34.688
12719241,BNO_MAG_UC,751,-5600,0,31.375,-16.938,-77.250,6.188,-5.812,-34.688
12728637,BNO_MAG_UC,752,-4900,0,31.375,-17.312,-76.312,6.188,-5.812,-34.688
12739439,BNO_MAG_UC,753,-5800,0,30.250,-16.938,-77.688,6.188,-5.812,-34.688
12759606,BNO_MAG_UC,754,-6000,0,29.875,-16.938,-77.250,6.188,-5.812,-34.688
12768808,BNO_MAG_UC,755,-4700,0,27.312,-17.312,-79.000,6.188,-5.812,-34.688
12799683,BNO_MAG_UC,756,-5100,0,20.312,-16.312,-82.188,6.188,-5.812,-34.688
12808859,BNO_MAG_UC,757,-5100,0,19.938,-15.250,-84.000,6.188,-5.812,-34.688
12840047,BNO_MAG_UC,758,-5600,0,16.625,-16.000,-84.938,6.188,-5.812,-34.688
12848960,BNO_MAG_UC,759,-4300,0,13.312,-15.312,-84.000,6.188,-5.812,-34.688
12880031,BNO_MAG_UC,760,-5800,0,17.375,-15.625,-84.500,6.188,-5.812,-34.688
12888992,BNO_MAG_UC,761,-4300,0,17.750,-16.000,-83.125,6.188,-5.812,-34.688
12919873,BNO_MAG_UC,762,-5100,0,24.750,-16.625,-80.438,6.188,-5.812,-34.688
12929035,BNO_MAG_UC,763,-4900,0,26.938,-15.938,-78.188,6.188,-5.812,-34.688
12960565,BNO_MAG_UC,764,-6200,0,29.875,-17.312,-78.625,6.188,-5.812,-34.688
12969335,BNO_MAG_UC,765,-4300,0,29.125,-17.688,-76.750,6.188,-5.812,-34.688
13000240,BNO_MAG_UC,766,-5100,0,28.062,-17.312,-78.188,6.188,-5.812,-34.688
13009502,BNO_MAG_UC,767,-5100,0,26.938,-16.625,-78.625,6.188,-5.812,-34.688
13040174,BNO_MAG_UC,768,-5600,0,25.875,-17.000,-81.375,6.188,-5.812,-34.688
13049673,BNO_MAG_UC,769,-4500,0,24.750,-15.938,-79.938,6.188,-5.812,-34.688
13080614,BNO_MAG_UC,770,-4900,0,24.438,-14.875,-81.312,6.188,-5.812,-34.688
13089341,BNO_MAG_UC,771,-4500,0,25.188,-14.500,-81.812,6.188,-5.812,-34.688
13129720,BNO_MAG_UC,772,-4500,0,19.562,-15.625,-83.625,6.188,-5.812,-34.688
13160426,BNO_MAG_UC,773,-5000,0,15.188,-13.875,-86.750,6.188,-5.812,-34.688
13169583,BNO_MAG_UC,774,-4700,0,15.188,-14.562,-84.500,6.188,-5.812,-34.688
13180439,BNO_MAG_UC,775,-5800,0,14.062,-15.312,-85.812,6.188,-5.812,-34.688
13189911,BNO_MAG_UC,776,-4700,0,14.062,-14.938,-84.438,6.188,-5.812,-34.688
13209933,BNO_MAG_UC,777,-4500,0,14.062,-15.688,-84.000,6.188,-5.812,-34.688
13241075,BNO_MAG_UC,778,-5200,0,17.375,-16.312,-83.625,6.188,-5.812,-34.688
13249572,BNO_MAG_UC,779,-4300,0,19.938,-16.312,-83.125,6.188,-5.812,-34.688
13260444,BNO_MAG_UC,780,-5800,0,21.750,-18.062,-81.312,6.188,-5.812,-34.688
13270152,BNO_MAG_UC,781,-5100,0,23.625,-18.062,-79.438,6.188,-5.812,-34.688
13290019,BNO_MAG_UC,782,-4500,0,25.812,-18.062,-78.125,6.188,-5.812,-34.688
13300789,BNO_MAG_UC,783,-5600,0,26.938,-18.750,-79.062,6.188,-5.812,-34.688
13310305,BNO_MAG_UC,784,-4900,0,26.562,-19.125,-77.188,6.188,-5.812,-34.688
13330007,BNO_MAG_UC,785,-5100,0,28.062,-16.938,-78.562,6.188,-5.812,-34.688
13340831,BNO_MAG_UC,786,-5800,0,27.688,-19.062,-78.125,6.188,-5.812,-34.688
13350260,BNO_MAG_UC,787,-4700,0,26.562,-18.750,-80.438,6.188,-5.812,-34.688
13370578,BNO_MAG_UC,788,-4900,0,23.312,-18.375,-82.250,6.188,-5.812,-34.688
13379681,BNO_MAG_UC,789,-4900,0,21.438,-16.312,-82.688,6.188,-5.812,-34.688
13390445,BNO_MAG_UC,790,-5400,0,18.875,-16.312,-84.938,6.188,-5.812,-34.688
13410635,BNO_MAG_UC,791,-4700,0,12.250,-14.625,-84.938,6.188,-5.812,-34.688
13420662,BNO_MAG_UC,792,-5100,0,11.500,-15.688,-84.438,6.188,-5.812,-34.688
13430518,BNO_MAG_UC,793,-5300,0,8.562,-14.625,-85.750,6.188,-5.812,-34.688
13450967,BNO_MAG_UC,794,-5100,0,8.938,-14.625,-85.312,6.188,-5.812,-34.688
13460120,BNO_MAG_UC,795,-4900,0,9.312,-15.000,-85.750,6.188,-5.812,-34.688
13489938,BNO_MAG_UC,796,-4300,0,10.750,-15.312,-85.375,6.188,-5.812,-34.688
13501202,BNO_MAG_UC,797,-5800,0,11.500,-16.375,-85.750,6.188,-5.812,-34.688
13531127,BNO_MAG_UC,798,-5600,0,20.312,-17.000,-83.625,6.188,-5.812,-34.688
13540224,BNO_MAG_UC,799,-4900,0,22.125,-18.062,-80.875,6.188,-5.812,-34.688
13551015,BNO_MAG_UC,800,-5400,0,25.875,-18.375,-81.375,6.188,-5.812,-34.688
13571576,BNO_MAG_UC,801,-5700,0,27.312,-18.375,-78.125,6.188,-5.812,-34.688
13580482,BNO_MAG_UC,802,-4900,0,28.438,-18.750,-79.500,6.188,-5.812,-34.688
13591222,BNO_MAG_UC,803,-5600,0,28.750,-19.062,-78.125,6.188,-5.812,-34.688
13611365,BNO_MAG_UC,804,-5800,0,28.062,-18.375,-77.688,6.188,-5.812,-34.688
13620723,BNO_MAG_UC,805,-4900,0,27.688,-18.750,-78.625,6.188,-5.812,-34.688
13631516,BNO_MAG_UC,806,-5600,0,27.688,-19.438,-78.625,6.188,-5.812,-34.688
13651493,BNO_MAG_UC,807,-5800,0,24.375,-20.188,-79.938,6.188,-5.812,-34.688
13660715,BNO_MAG_UC,808,-4700,0,23.688,-17.688,-81.312,6.188,-5.812,-34.688
13692133,BNO_MAG_UC,809,-5500,0,21.375,-18.750,-82.688,6.188,-5.812,-34.688
13700859,BNO_MAG_UC,810,-4500,0,18.438,-18.438,-83.625,6.188,-5.812,-34.688
13732224,BNO_MAG_UC,811,-5500,0,14.438,-17.438,-84.000,6.188,-5.812,-34.688
13741157,BNO_MAG_UC,812,-4900,0,13.688,-17.812,-83.000,6.188,-5.812,-34.688
13772086,BNO_MAG_UC,813,-4900,0,11.812,-17.125,-83.062,6.188,-5.812,-34.688
13781180,BNO_MAG_UC,814,-5100,0,12.188,-16.750,-84.438,6.188,-5.812,-34.688
13812322,BNO_MAG_UC,815,-5600,0,14.750,-17.438,-83.062,6.188,-5.812,-34.688
13821186,BNO_MAG_UC,816,-4300,0,15.125,-17.750,-83.062,6.188,-5.812,-34.688
13852428,BNO_MAG_UC,817,-6200,0,22.812,-19.812,-79.000,6.188,-5.812,-34.688
13861469,BNO_MAG_UC,818,-4700,0,25.812,-19.125,-79.500,6.188,-5.812,-34.688
13892287,BNO_MAG_UC,819,-5100,0,31.312,-19.438,-75.000,6.188,-5.812,-34.688
13901318,BNO_MAG_UC,820,-4900,0,32.062,-20.500,-73.125,6.188,-5.812,-34.688
13941618,BNO_MAG_UC,821,-4700,0,33.125,-19.750,-72.688,6.188,-5.812,-34.688
13972602,BNO_MAG_UC,822,-5300,0,28.062,-19.438,-77.188,6.188,-5.812,-34.688
13981770,BNO_MAG_UC,823,-5100,0,25.125,-19.438,-79.062,6.188,-5.812,-34.688
14012886,BNO_MAG_UC,824,-5300,0,13.688,-18.125,-83.062,6.188,-5.812,-34.688
14021863,BNO_MAG_UC,825,-4900,0,11.438,-17.812,-85.375,6.188,-5.812,-34.688
14052730,BNO_MAG_UC,826,-5200,0,6.688,-16.062,-83.500,6.188,-5.812,-34.688
14061674,BNO_MAG_UC,827,-4900,0,7.812,-15.375,-84.438,6.188,-5.812,-34.688
14072509,BNO_MAG_UC,828,-5800,0,7.062,-15.750,-84.375,6.188,-5.812,-34.688
14081952,BNO_MAG_UC,829,-4700,0,10.000,-15.688,-83.938,6.188,-5.812,-34.688
14101898,BNO_MAG_UC,830,-4500,0,16.250,-18.125,-82.188,6.188,-5.812,-34.688
14141740,BNO_MAG_UC,831,-4700,0,31.688,-20.125,-73.625,6.188,-5.812,-34.688
14152471,BNO_MAG_UC,832,-5600,0,32.812,-20.500,-73.625,6.188,-5.812,-34.688
14162186,BNO_MAG_UC,833,-4900,0,34.625,-18.375,-70.875,6.188,-5.812,-34.688
14182057,BNO_MAG_UC,834,-4300,0,34.625,-19.750,-72.750,6.188,-5.812,-34.688
14192642,BNO_MAG_UC,835,-5600,0,32.812,-19.062,-75.875,6.188,-5.812,-34.688
14202131,BNO_MAG_UC,836,-4700,0,30.625,-19.750,-77.312,6.188,-5.812,-34.688
14221845,BNO_MAG_UC,837,-4300,0,26.188,-18.750,-79.062,6.188,-5.812,-34.688
14232775,BNO_MAG_UC,838,-5600,0,21.000,-18.812,-80.875,6.188,-5.812,-34.688
14261885,BNO_MAG_UC,839,-4700,0,15.125,-18.125,-83.562,6.188,-5.812,-34.688
14272908,BNO_MAG_UC,840,-5800,0,15.875,-16.375,-83.125,6.188,-5.812,-34.688
14282456,BNO_MAG_UC,841,-4900,0,16.938,-18.812,-83.125,6.188,-5.812,-34.688
14302365,BNO_MAG_UC,842,-4500,0,19.875,-18.438,-79.438,6.188,-5.812,-34.688
14313159,BNO_MAG_UC,843,-5600,0,23.312,-18.062,-80.875,6.188,-5.812,-34.688
14322592,BNO_MAG_UC,844,-4700,0,26.562,-19.062,-79.500,6.188,-5.812,-34.688
14343103,BNO_MAG_UC,845,-6000,0,29.875,-18.750,-76.375,6.188,-5.812,-34.688
14351958,BNO_MAG_UC,846,-4900,0,30.250,-19.750,-76.812,6.188,-5.812,-34.688
14362756,BNO_MAG_UC,847,-5300,0,29.875,-19.812,-76.312,6.188,-5.812,-34.688
14383113,BNO_MAG_UC,848,-5800,0,29.875,-19.438,-76.375,6.188,-5.812,-34.688
14392037,BNO_MAG_UC,849,-4700,0,29.125,-20.875,-76.312,6.188,-5.812,-34.688
14423485,BNO_MAG_UC,850,-5500,0,26.562,-19.812,-78.125,6.188,-5.812,-34.688
14432168,BNO_MAG_UC,851,-4900,0,24.375,-20.188,-78.562,6.188,-5.812,-34.688
14463407,BNO_MAG_UC,852,-5800,0,20.625,-19.125,-79.938,6.188,-5.812,-34.688
14472560,BNO_MAG_UC,853,-4700,0,20.688,-17.375,-82.188,6.188,-5.812,-34.688
14483336,BNO_MAG_UC,854,-5600,0,17.688,-19.188,-82.188,6.188,-5.812,-34.688
14503691,BNO_MAG_UC,855,-6000,0,16.250,-17.062,-83.562,6.188,-5.812,-34.688
14512691,BNO_MAG_UC,856,-4700,0,15.875,-17.438,-83.562,6.188,-5.812,-34.688
14523518,BNO_MAG_UC,857,-5600,0,15.875,-16.375,-83.562,6.188,-5.812,-34.688
14543651,BNO_MAG_UC,858,-6000,0,15.875,-17.438,-82.625,6.188,-5.812,-34.688
14552830,BNO_MAG_UC,859,-4700,0,15.500,-17.750,-82.188,6.188,-5.812,-34.688
14563608,BNO_MAG_UC,860,-5800,0,17.688,-18.438,-82.188,6.188,-5.812,-34.688
14583579,BNO_MAG_UC,861,-5800,0,21.000,-18.438,-79.938,6.188,-5.812,-34.688
14593009,BNO_MAG_UC,862,-4700,0,24.000,-19.125,-79.438,6.188,-5.812,-34.688
14624010,BNO_MAG_UC,863,-5600,0,29.125,-19.438,-75.375,6.188,-5.812,-34.688
14632967,BNO_MAG_UC,864,-4500,0,30.250,-18.688,-77.312,6.188,-5.812,-34.688
14664554,BNO_MAG_UC,865,-5700,0,29.875,-19.438,-75.375,6.188,-5.812,-34.688
14673189,BNO_MAG_UC,866,-4700,0,29.125,-18.375,-78.188,6.188,-5.812,-34.688
14704145,BNO_MAG_UC,867,-5600,0,24.750,-18.375,-79.938,6.188,-5.812,-34.688
14713343,BNO_MAG_UC,868,-4500,0,21.000,-18.438,-82.688,6.188,-5.812,-34.688
14744666,BNO_MAG_UC,869,-5300,0,14.750,-17.750,-83.562,6.188,-5.812,-34.688
14753533,BNO_MAG_UC,870,-4700,0,13.312,-18.500,-83.062,6.188,-5.812,-34.688
14784618,BNO_MAG_UC,871,-5800,0,15.125,-17.750,-82.625,6.188,-5.812,-34.688
14793396,BNO_MAG_UC,872,-4700,0,17.312,-18.125,-82.188,6.188,-5.812,-34.688
14824793,BNO_MAG_UC,873,-6200,0,23.250,-19.125,-80.375,6.188,-5.812,-34.688
14833738,BNO_MAG_UC,874,-4700,0,25.062,-19.438,-77.625,6.188,-5.812,-34.688
14864616,BNO_MAG_UC,875,-5800,0,27.312,-18.750,-78.125,6.188,-5.812,-34.688
14873814,BNO_MAG_UC,876,-4500,0,26.562,-19.062,-79.062,6.188,-5.812,-34.688
14883839,BNO_MAG_UC,877,-5300,0,25.125,-18.750,-79.500,6.188,-5.812,-34.688
14904747,BNO_MAG_UC,878,-5100,0,21.062,-18.438,-84.500,6.188,-5.812,-34.688
14913518,BNO_MAG_UC,879,-4500,0,17.000,-16.688,-81.312,6.188,-5.812,-34.688
14953907,BNO_MAG_UC,880,-4500,0,11.500,-14.625,-84.000,6.188,-5.812,-34.688
14984721,BNO_MAG_UC,881,-5100,0,13.312,-16.375,-84.938,6.188,-5.812,-34.688
14993737,BNO_MAG_UC,882,-4900,0,15.500,-17.438,-83.562,6.188,-5.812,-34.688
15004582,BNO_MAG_UC,883,-6000,0,16.250,-17.062,-82.188,6.188,-5.812,-34.688
15014127,BNO_MAG_UC,884,-4700,0,19.188,-17.000,-82.188,6.188,-5.812,-34.688
15033982,BNO_MAG_UC,885,-4300,0,23.625,-17.688,-78.625,6.188,-5.812,-34.688
15044731,BNO_MAG_UC,886,-5600,0,25.438,-19.812,-78.125,6.188,-5.812,-34.688
15054222,BNO_MAG_UC,887,-4700,0,26.250,-18.375,-80.438,6.188,-5.812,-34.688
15073966,BNO_MAG_UC,888,-4300,0,24.750,-18.750,-80.438,6.188,-5.812,-34.688
15084742,BNO_MAG_UC,889,-5800,0,24.750,-19.125,-80.438,6.188,-5.812,-34.688
15093711,BNO_MAG_UC,890,-4900,0,22.875,-18.062,-82.250,6.188,-5.812,-34.688
15113822,BNO_MAG_UC,891,-4700,0,17.688,-18.438,-81.688,6.188,-5.812,-34.688
15124689,BNO_MAG_UC,892,-5600,0,17.750,-16.312,-83.125,6.188,-5.812,-34.688
15134285,BNO_MAG_UC,893,-4900,0,15.875,-15.312,-83.125,6.188,-5.812,-34.688
15153999,BNO_MAG_UC,894,-4300,0,14.062,-14.938,-83.562,6.188,-5.812,-34.688
15164852,BNO_MAG_UC,895,-5400,0,13.312,-14.938,-85.375,6.188,-5.812,-34.688
15174499,BNO_MAG_UC,896,-4900,0,13.688,-15.688,-84.062,6.188,-5.812,-34.688
15193938,BNO_MAG_UC,897,-4900,0,17.375,-16.000,-82.188,6.188,-5.812,-34.688
15204984,BNO_MAG_UC,898,-5800,0,18.062,-17.062,-82.688,6.188,-5.812,-34.688
15214567,BNO_MAG_UC,899,-4700,0,21.375,-16.688,-78.562,6.188,-5.812,-34.688
15234739,BNO_MAG_UC,900,-4700,0,27.312,-18.375,-78.625,6.188,-5.812,-34.688
15244049,BNO_MAG_UC,901,-5100,0,29.125,-18.750,-78.188,6.188,-5.812,-34.688
15274171,BNO_MAG_UC,902,-4500,0,32.812,-19.062,-74.062,6.188,-5.812,-34.688
15285123,BNO_MAG_UC,903,-5800,0,33.188,-17.625,-74.562,6.188,-5.812,-34.688
15315211,BNO_MAG_UC,904,-5600,0,32.062,-18.375,-74.562,6.188,-5.812,-34.688
15324231,BNO_MAG_UC,905,-4700,0,32.438,-19.438,-75.000,6.188,-5.812,-34.688
15335089,BNO_MAG_UC,906,-5400,0,29.125,-18.750,-75.000,6.188,-5.812,-34.688
15355366,BNO_MAG_UC,907,-5800,0,24.750,-18.375,-79.062,6.188,-5.812,-34.688
15364478,BNO_MAG_UC,908,-4500,0,22.875,-18.750,-79.500,6.188,-5.812,-34.688
15375217,BNO_MAG_UC,909,-5600,0,20.312,-17.750,-82.188,6.188,-5.812,-34.688
15395406,BNO_MAG_UC,910,-5800,0,15.500,-16.000,-84.062,6.188,-5.812,-34.688
15404560,BNO_MAG_UC,911,-4700,0,14.812,-15.625,-84.438,6.188,-5.812,-34.688
15415471,BNO_MAG_UC,912,-5600,0,15.188,-16.375,-84.062,6.188,-5.812,-34.688
15435454,BNO_MAG_UC,913,-5800,0,16.625,-15.312,-84.000,6.188,-5.812,-34.688
15444697,BNO_MAG_UC,914,-4700,0,17.750,-15.625,-84.062,6.188,-5.812,-34.688
15475888,BNO_MAG_UC,915,-5800,0,24.812,-15.188,-83.188,6.188,-5.812,-34.688
15484783,BNO_MAG_UC,916,-4500,0,27.000,-15.938,-80.438,6.188,-5.812,-34.688
15515966,BNO_MAG_UC,917,-5600,0,27.375,-16.250,-80.000,6.188,-5.812,-34.688
15525095,BNO_MAG_UC,918,-4500,0,28.062,-17.000,-77.688,6.188,-5.812,-34.688
15535915,BNO_MAG_UC,919,-5600,0,25.500,-18.375,-79.938,6.188,-5.812,-34.688
15556211,BNO_MAG_UC,920,-6200,0,24.375,-17.375,-80.000,6.188,-5.812,-34.688
15565126,BNO_MAG_UC,921,-4500,0,22.875,-17.375,-80.438,6.188,-5.812,-34.688
15596274,BNO_MAG_UC,922,-5800,0,19.938,-18.062,-82.188,6.188,-5.812,-34.688
15605255,BNO_MAG_UC,923,-4300,0,20.250,-18.062,-80.375,6.188,-5.812,-34.688
15636413,BNO_MAG_UC,924,-5800,0,19.562,-18.062,-81.750,6.188,-5.812,-34.688
15645395,BNO_MAG_UC,925,-4300,0,19.938,-15.625,-80.875,6.188,-5.812,-34.688
15676191,BNO_MAG_UC,926,-4900,0,21.062,-15.625,-82.250,6.188,-5.812,-34.688
15685345,BNO_MAG_UC,927,-4900,0,20.312,-17.750,-83.125,6.188,-5.812,-34.688
15716461,BNO_MAG_UC,928,-5800,0,21.750,-17.375,-81.312,6.188,-5.812,-34.688
15725539,BNO_MAG_UC,929,-4300,0,21.750,-19.125,-79.938,6.188,-5.812,-34.688
15756648,BNO_MAG_UC,930,-5700,0,22.500,-19.125,-78.562,6.188,-5.812,-34.688
15765857,BNO_MAG_UC,931,-4700,0,22.875,-19.875,-77.250,6.188,-5.812,-34.688
15796523,BNO_MAG_UC,932,-5100,0,27.250,-19.812,-74.500,6.188,-5.812,-34.688
15805761,BNO_MAG_UC,933,-4900,0,30.250,-19.438,-75.500,6.188,-5.812,-34.688
15837008,BNO_MAG_UC,934,-5700,0,34.250,-19.750,-72.750,6.188,-5.812,-34.688
15846057,BNO_MAG_UC,935,-4700,0,34.625,-19.375,-73.188,6.188,-5.812,-34.688
15876722,BNO_MAG_UC,936,-5200,0,29.125,-18.750,-77.688,6.188,-5.812,-34.688
15885957,BNO_MAG_UC,937,-5100,0,26.250,-18.750,-81.375,6.188,-5.812,-34.688
15925664,BNO_MAG_UC,938,-4300,0,11.125,-16.375,-84.000,6.188,-5.812,-34.688
15936365,BNO_MAG_UC,939,-5400,0,11.125,-16.062,-84.000,6.188,-5.812,-34.688
15965677,BNO_MAG_UC,940,-4500,0,15.875,-17.750,-82.188,6.188,-5.812,-34.688
15976432,BNO_MAG_UC,941,-5600,0,18.812,-17.375,-81.312,6.188,-5.812,-34.688
16006158,BNO_MAG_UC,942,-5100,0,31.688,-19.062,-74.062,6.188,-5.812,-34.688
16017034,BNO_MAG_UC,943,-5600,0,35.375,-19.375,-72.312,6.188,-5.812,-34.688
16026434,BNO_MAG_UC,944,-4700,0,35.000,-18.000,-72.750,6.188,-5.812,-34.688
16046293,BNO_MAG_UC,945,-4500,0,36.125,-18.688,-74.125,6.188,-5.812,-34.688
16056948,BNO_MAG_UC,946,-5600,0,36.125,-18.312,-73.625,6.188,-5.812,-34.688
16066565,BNO_MAG_UC,947,-4700,0,33.938,-17.625,-75.500,6.188,-5.812,-34.688
16086332,BNO_MAG_UC,948,-5100,0,28.062,-16.625,-79.125,6.188,-5.812,-34.688
16097084,BNO_MAG_UC,949,-5600,0,22.125,-17.375,-80.375,6.188,-5.812,-34.688
16106669,BNO_MAG_UC,950,-4900,0,19.562,-16.688,-82.188,6.188,-5.812,-34.688
16126256,BNO_MAG_UC,951,-5100,0,14.375,-17.062,-82.625,6.188,-5.812,-34.688
16137094,BNO_MAG_UC,952,-5600,0,13.312,-16.375,-83.562,6.188,-5.812,-34.688
16166491,BNO_MAG_UC,953,-4900,0,15.875,-17.750,-84.062,6.188,-5.812,-34.688
16206128,BNO_MAG_UC,954,-4300,0,25.500,-17.688,-80.875,6.188,-5.812,-34.688
16217177,BNO_MAG_UC,955,-5600,0,27.688,-16.250,-79.562,6.188,-5.812,-34.688
16246529,BNO_MAG_UC,956,-4300,0,28.062,-17.688,-79.125,6.188,-5.812,-34.688
16257614,BNO_MAG_UC,957,-5600,0,27.312,-17.000,-79.125,6.188,-5.812,-34.688
16287279,BNO_MAG_UC,958,-4900,0,21.000,-17.375,-82.188,6.188,-5.812,-34.688
16296550,BNO_MAG_UC,959,-4700,0,19.562,-17.750,-81.812,6.188,-5.812,-34.688
16307257,BNO_MAG_UC,960,-5400,0,18.438,-17.750,-83.188,6.188,-5.812,-34.688
16327647,BNO_MAG_UC,961,-5500,0,15.125,-15.312,-82.188,6.188,-5.812,-34.688
16336532,BNO_MAG_UC,962,-5100,0,15.562,-16.312,-85.375,6.188,-5.812,-34.688
16367944,BNO_MAG_UC,963,-6000,0,19.188,-17.000,-84.062,6.188,-5.812,-34.688
16376718,BNO_MAG_UC,964,-4500,0,22.500,-15.250,-81.750,6.188,-5.812,-34.688
16408040,BNO_MAG_UC,965,-5500,0,26.250,-16.250,-79.938,6.188,-5.812,-34.688
16416856,BNO_MAG_UC,966,-4700,0,28.438,-16.625,-78.188,6.188,-5.812,-34.688
16447968,BNO_MAG_UC,967,-5600,0,30.250,-16.625,-77.750,6.188,-5.812,-34.688
16457189,BNO_MAG_UC,968,-4900,0,29.875,-19.438,-76.812,6.188,-5.812,-34.688
16488219,BNO_MAG_UC,969,-5800,0,27.688,-18.062,-77.688,6.188,-5.812,-34.688
16497180,BNO_MAG_UC,970,-4500,0,25.125,-17.375,-78.625,6.188,-5.812,-34.688
16528306,BNO_MAG_UC,971,-6200,0,25.125,-16.250,-79.938,6.188,-5.812,-34.688
16537342,BNO_MAG_UC,972,-4700,0,25.125,-15.938,-78.625,6.188,-5.812,-34.688
16568228,BNO_MAG_UC,973,-5800,0,23.312,-15.938,-83.188,6.188,-5.812,-34.688
16577485,BNO_MAG_UC,974,-4500,0,24.812,-15.938,-81.812,6.188,-5.812,-34.688
16588046,BNO_MAG_UC,975,-5600,0,24.812,-15.938,-81.812,6.188,-5.812,-34.688
16608195,BNO_MAG_UC,976,-6000,0,25.875,-17.312,-80.438,6.188,-5.812,-34.688
16617705,BNO_MAG_UC,977,-4900,0,25.500,-17.312,-78.625,6.188,-5.812,-34.688
16648644,BNO_MAG_UC,978,-5800,0,27.688,-17.688,-79.125,6.188,-5.812,-34.688
16657705,BNO_MAG_UC,979,-4500,0,27.688,-18.000,-78.125,6.188,-5.812,-34.688
16688805,BNO_MAG_UC,980,-6000,0,31.688,-19.062,-73.625,6.188,-5.812,-34.688
16697890,BNO_MAG_UC,981,-4500,0,32.438,-18.000,-72.750,6.188,-5.812,-34.688
16728829,BNO_MAG_UC,982,-5800,0,32.438,-17.312,-75.875,6.188,-5.812,-34.688
16738165,BNO_MAG_UC,983,-4700,0,32.438,-17.625,-76.375,6.188,-5.812,-34.688
16748151,BNO_MAG_UC,984,-5300,0,29.188,-17.688,-78.625,6.188,-5.812,-34.688
16777927,BNO_MAG_UC,985,-4900,0,18.500,-15.625,-83.625,6.188,-5.812,-34.688
16809113,BNO_MAG_UC,986,-6000,0,7.812,-13.938,-86.250,6.188,-5.812,-34.688
16818201,BNO_MAG_UC,987,-4500,0,7.438,-13.938,-86.250,6.188,-5.812,-34.688
16849023,BNO_MAG_UC,988,-5000,0,8.938,-15.000,-85.375,6.188,-5.812,-34.688
16858145,BNO_MAG_UC,989,-4900,0,11.125,-15.688,-84.000,6.188,-5.812,-34.688
16868576,BNO_MAG_UC,990,-5600,0,11.125,-15.688,-84.000,6.188,-5.812,-34.688
16898178,BNO_MAG_UC,991,-5100,0,25.500,-16.625,-78.625,6.188,-5.812,-34.688
16908952,BNO_MAG_UC,992,-5800,0,28.812,-16.938,-78.625,6.188,-5.812,-34.688
16937793,BNO_MAG_UC,993,-4200,0,31.000,-17.312,-75.438,6.188,-5.812,-34.688
16948666,BNO_MAG_UC,994,-5600,0,30.625,-18.000,-76.812,6.188,-5.812,-34.688
16978589,BNO_MAG_UC,995,-5300,0,22.125,-14.875,-81.812,6.188,-5.812,-34.688
17018126,BNO_MAG_UC,996,-4700,0,9.688,-14.312,-84.875,6.188,-5.812,-34.688
17029000,BNO_MAG_UC,997,-5800,0,8.562,-14.312,-84.000,6.188,-5.812,-34.688
17038717,BNO_MAG_UC,998,-5100,0,9.312,-13.938,-85.812,6.188,-5.812,-34.688
17058473,BNO_MAG_UC,999,-5100,0,12.938,-15.312,-84.938,6.188,-5.812,-34.688
17069322,BNO_MAG_UC,1000,-5800,0,15.875,-16.375,-84.000,6.188,-5.812,-34.688
17078939,BNO_MAG_UC,1001,-4700,0,19.938,-16.312,-82.188,6.188,-5.812,-34.688
17098678,BNO_MAG_UC,1002,-5100,0,27.688,-17.000,-78.188,6.188,-5.812,-34.688
17109552,BNO_MAG_UC,1003,-5600,0,28.812,-17.688,-77.312,6.188,-5.812,-34.688
17118853,BNO_MAG_UC,1004,-4500,0,30.625,-17.625,-78.625,6.188,-5.812,-34.688
17139264,BNO_MAG_UC,1005,-4900,0,29.188,-17.312,-77.688,6.188,-5.812,-34.688
17149130,BNO_MAG_UC,1006,-5300,0,28.062,-16.625,-78.625,6.188,-5.812,-34.688
17178337,BNO_MAG_UC,1007,-4500,0,19.938,-15.938,-82.688,6.188,-5.812,-34.688
17189451,BNO_MAG_UC,1008,-5600,0,17.375,-15.625,-84.500,6.188,-5.812,-34.688
17199090,BNO_MAG_UC,1009,-4700,0,15.875,-15.625,-84.438,6.188,-5.812,-34.688
17219458,BNO_MAG_UC,1010,-4900,0,14.062,-14.938,-84.000,6.188,-5.812,-34.688
17228592,BNO_MAG_UC,1011,-4900,0,14.812,-14.250,-84.438,6.188,-5.812,-34.688
17259231,BNO_MAG_UC,1012,-4900,0,22.500,-16.625,-81.375,6.188,-5.812,-34.688
17268576,BNO_MAG_UC,1013,-5100,0,26.625,-16.625,-79.500,6.188,-5.812,-34.688
17300171,BNO_MAG_UC,1014,-5700,0,30.625,-17.312,-75.875,6.188,-5.812,-34.688
17308958,BNO_MAG_UC,1015,-4900,0,31.375,-17.625,-75.875,6.188,-5.812,-34.688
17338899,BNO_MAG_UC,1016,-4500,0,32.062,-19.438,-74.062,6.188,-5.812,-34.688
17350086,BNO_MAG_UC,1017,-5600,0,33.188,-18.000,-74.062,6.188,-5.812,-34.688
17379599,BNO_MAG_UC,1018,-4700,0,33.188,-18.375,-73.625,6.188,-5.812,-34.688
17389149,BNO_MAG_UC,1019,-5100,0,33.938,-18.375,-74.062,6.188,-5.812,-34.688
17420703,BNO_MAG_UC,1020,-5500,0,32.875,-15.875,-77.750,6.188,-5.812,-34.688
17429447,BNO_MAG_UC,1021,-4700,0,29.562,-15.188,-80.500,6.188,-5.812,-34.688
17440211,BNO_MAG_UC,1022,-5600,0,27.375,-14.125,-81.375,6.188,-5.812,-34.688
17460135,BNO_MAG_UC,1023,-6000,0,23.688,-15.562,-81.375,6.188,-5.812,-34.688
17469506,BNO_MAG_UC,1024,-4900,0,21.812,-14.875,-82.250,6.188,-5.812,-34.688
17500803,BNO_MAG_UC,1025,-5600,0,22.875,-15.938,-81.375,6.188,-5.812,-34.688
17509627,BNO_MAG_UC,1026,-4500,0,23.688,-16.312,-82.250,6.188,-5.812,-34.688
17541205,BNO_MAG_UC,1027,-5500,0,27.688,-16.625,-78.625,6.188,-5.812,-34.688
17549956,BNO_MAG_UC,1028,-4700,0,29.938,-15.875,-80.500,6.188,-5.812,-34.688
17580706,BNO_MAG_UC,1029,-5100,0,30.250,-17.312,-78.188,6.188,-5.812,-34.688
17589797,BNO_MAG_UC,1030,-5100,0,31.000,-17.625,-78.188,6.188,-5.812,-34.688
17620910,BNO_MAG_UC,1031,-5800,0,28.062,-15.875,-79.125,6.188,-5.812,-34.688
17629961,BNO_MAG_UC,1032,-4500,0,26.938,-17.312,-79.938,6.188,-5.812,-34.688
17660869,BNO_MAG_UC,1033,-5100,0,21.438,-14.875,-83.625,6.188,-5.812,-34.688
17669895,BNO_MAG_UC,1034,-4900,0,20.688,-15.938,-82.688,6.188,-5.812,-34.688
17701039,BNO_MAG_UC,1035,-5300,0,18.500,-15.625,-83.625,6.188,-5.812,-34.688
17710076,BNO_MAG_UC,1036,-4900,0,18.500,-14.938,-83.125,6.188,-5.812,-34.688
17741192,BNO_MAG_UC,1037,-5300,0,16.250,-15.625,-83.625,6.188,-5.812,-34.688
17750251,BNO_MAG_UC,1038,-5100,0,15.500,-15.312,-82.625,6.188,-5.812,-34.688
17781087,BNO_MAG_UC,1039,-5200,0,12.250,-15.688,-84.438,6.188,-5.812,-34.688
17790231,BNO_MAG_UC,1040,-4900,0,12.938,-15.312,-84.938,6.188,-5.812,-34.688
17821178,BNO_MAG_UC,1041,-5200,0,14.812,-14.562,-84.000,6.188,-5.812,-34.688
17830073,BNO_MAG_UC,1042,-4700,0,14.438,-14.250,-84.562,6.188,-5.812,-34.688
17840942,BNO_MAG_UC,1043,-5800,0,15.500,-16.375,-84.438,6.188,-5.812,-34.688
17870420,BNO_MAG_UC,1044,-4300,0,14.438,-16.375,-82.625,6.188,-5.812,-34.688
17881196,BNO_MAG_UC,1045,-5600,0,14.062,-16.375,-84.438,6.188,-5.812,-34.688
17910332,BNO_MAG_UC,1046,-4900,0,11.125,-15.688,-83.938,6.188,-5.812,-34.688
17921168,BNO_MAG_UC,1047,-5800,0,12.562,-17.062,-83.562,6.188,-5.812,-34.688
17930697,BNO_MAG_UC,1048,-4900,0,10.750,-16.375,-86.250,6.188,-5.812,-34.688
17950742,BNO_MAG_UC,1049,-4700,0,9.625,-15.375,-84.438,6.188,-5.812,-34.688
17961562,BNO_MAG_UC,1050,-5800,0,9.312,-15.000,-85.375,6.188,-5.812,-34.688
17990350,BNO_MAG_UC,1051,-4900,0,6.688,-16.062,-83.500,6.188,-5.812,-34.688
18001268,BNO_MAG_UC,1052,-5800,0,6.688,-16.438,-83.500,6.188,-5.812,-34.688
18010805,BNO_MAG_UC,1053,-4700,0,6.688,-16.438,-84.875,6.188,-5.812,-34.688
18031314,BNO_MAG_UC,1054,-5100,0,5.188,-16.812,-84.375,6.188,-5.812,-34.688
18041043,BNO_MAG_UC,1055,-4900,0,6.688,-17.125,-85.312,6.188,-5.812,-34.688
18051788,BNO_MAG_UC,1056,-5800,0,7.062,-16.062,-84.875,6.188,-5.812,-34.688
18071398,BNO_MAG_UC,1057,-5800,0,10.000,-18.188,-84.875,6.188,-5.812,-34.688
18081218,BNO_MAG_UC,1058,-5300,0,11.812,-17.125,-83.562,6.188,-5.812,-34.688
18091097,BNO_MAG_UC,1059,-5100,0,14.062,-16.375,-83.125,6.188,-5.812,-34.688
18111473,BNO_MAG_UC,1060,-4900,0,18.812,-18.812,-80.375,6.188,-5.812,-34.688
18120594,BNO_MAG_UC,1061,-5100,0,21.375,-19.125,-79.938,6.188,-5.812,-34.688
18131322,BNO_MAG_UC,1062,-5300,0,22.875,-19.500,-79.062,6.188,-5.812,-34.688
18150852,BNO_MAG_UC,1063,-4900,0,25.438,-19.812,-74.938,6.188,-5.812,-34.688
18191696,BNO_MAG_UC,1064,-5600,0,33.188,-19.062,-73.125,6.188,-5.812,-34.688
18201670,BNO_MAG_UC,1065,-5100,0,34.625,-20.125,-70.438,6.188,-5.812,-34.688
18231892,BNO_MAG_UC,1066,-5600,0,36.500,-19.062,-71.812,6.188,-5.812,-34.688
18240990,BNO_MAG_UC,1067,-4900,0,35.750,-18.000,-72.750,6.188,-5.812,-34.688
18251713,BNO_MAG_UC,1068,-5600,0,36.125,-17.625,-72.312,6.188,-5.812,-34.688
18271968,BNO_MAG_UC,1069,-5800,0,32.812,-19.438,-75.000,6.188,-5.812,-34.688
18281203,BNO_MAG_UC,1070,-4900,0,33.562,-18.312,-75.438,6.188,-5.812,-34.688
18291966,BNO_MAG_UC,1071,-5600,0,31.312,-18.688,-75.438,6.188,-5.812,-34.688
18312073,BNO_MAG_UC,1072,-5800,0,31.000,-18.750,-75.000,6.188,-5.812,-34.688
18321394,BNO_MAG_UC,1073,-4700,0,32.062,-19.062,-74.062,6.188,-5.812,-34.688
18332187,BNO_MAG_UC,1074,-5800,0,32.812,-18.688,-75.000,6.188,-5.812,-34.688
18352339,BNO_MAG_UC,1075,-6000,0,32.812,-19.062,-72.750,6.188,-5.812,-34.688
18361462,BNO_MAG_UC,1076,-4700,0,35.375,-19.062,-73.625,6.188,-5.812,-34.688
18391905,BNO_MAG_UC,1077,-4900,0,35.375,-20.125,-72.750,6.188,-5.812,-34.688
18401565,BNO_MAG_UC,1078,-5100,0,36.125,-17.250,-73.188,6.188,-5.812,-34.688
18432645,BNO_MAG_UC,1079,-5800,0,33.562,-18.375,-74.062,6.188,-5.812,-34.688
18441632,BNO_MAG_UC,1080,-4500,0,32.062,-18.375,-75.000,6.188,-5.812,-34.688
18472748,BNO_MAG_UC,1081,-5800,0,28.812,-18.000,-77.688,6.188,-5.812,-34.688
18481786,BNO_MAG_UC,1082,-4500,0,28.812,-19.062,-79.562,6.188,-5.812,-34.688
18513092,BNO_MAG_UC,1083,-5300,0,23.312,-17.000,-81.375,6.188,-5.812,-34.688
18521976,BNO_MAG_UC,1084,-4900,0,20.625,-18.750,-82.188,6.188,-5.812,-34.688
18552799,BNO_MAG_UC,1085,-4900,0,17.000,-17.375,-82.250,6.188,-5.812,-34.688
18561997,BNO_MAG_UC,1086,-4900,0,16.625,-16.688,-83.125,6.188,-5.812,-34.688
18592813,BNO_MAG_UC,1087,-5800,0,15.875,-16.375,-83.125,6.188,-5.812,-34.688
18602193,BNO_MAG_UC,1088,-4900,0,17.375,-17.062,-82.625,6.188,-5.812,-34.688
18632991,BNO_MAG_UC,1089,-4900,0,16.625,-17.375,-82.625,6.188,-5.812,-34.688
18642086,BNO_MAG_UC,1090,-4900,0,16.625,-18.125,-82.625,6.188,-5.812,-34.688
18682373,BNO_MAG_UC,1091,-4700,0,14.375,-18.125,-82.625,6.188,-5.812,-34.688
18722435,BNO_MAG_UC,1092,-4700,0,12.938,-17.062,-82.688,6.188,-5.812,-34.688
18753480,BNO_MAG_UC,1093,-5200,0,11.125,-16.750,-84.438,6.188,-5.812,-34.688
18762406,BNO_MAG_UC,1094,-4900,0,11.438,-18.125,-84.500,6.188,-5.812,-34.688
18773148,BNO_MAG_UC,1095,-5800,0,10.000,-17.812,-84.500,6.188,-5.812,-34.688
18782817,BNO_MAG_UC,1096,-5100,0,8.500,-17.812,-85.312,6.188,-5.812,-34.688
18802476,BNO_MAG_UC,1097,-5100,0,4.812,-17.188,-84.438,6.188,-5.812,-34.688
18813334,BNO_MAG_UC,1098,-5600,0,4.125,-16.812,-85.312,6.188,-5.812,-34.688
18842183,BNO_MAG_UC,1099,-4500,0,1.938,-16.125,-85.312,6.188,-5.812,-34.688
18853041,BNO_MAG_UC,1100,-5600,0,1.938,-15.750,-85.312,6.188,-5.812,-34.688
18862806,BNO_MAG_UC,1101,-5100,0,2.312,-14.688,-84.812,6.188,-5.812,-34.688
18882635,BNO_MAG_UC,1102,-4300,0,0.812,-15.438,-85.750,6.188,-5.812,-34.688
18893317,BNO_MAG_UC,1103,-5600,0,1.188,-16.500,-84.375,6.188,-5.812,-34.688
18902963,BNO_MAG_UC,1104,-5100,0,1.500,-17.188,-84.812,6.188,-5.812,-34.688
18922839,BNO_MAG_UC,1105,-4300,0,-0.688,-16.875,-82.500,6.188,-5.812,-34.688
18933582,BNO_MAG_UC,1106,-5600,0,-0.688,-15.812,-83.938,6.188,-5.812,-34.688
18943096,BNO_MAG_UC,1107,-4700,0,-0.688,-16.875,-83.438,6.188,-5.812,-34.688
18962884,BNO_MAG_UC,1108,-5100,0,-0.312,-16.500,-84.812,6.188,-5.812,-34.688
18973731,BNO_MAG_UC,1109,-5800,0,1.875,-16.812,-84.438,6.188,-5.812,-34.688
19002662,BNO_MAG_UC,1110,-4700,0,8.125,-17.812,-85.312,6.188,-5.812,-34.688
19013802,BNO_MAG_UC,1111,-5600,0,11.125,-16.750,-83.062,6.188,-5.812,-34.688
19023207,BNO_MAG_UC,1112,-4500,0,12.188,-17.812,-83.062,6.188,-5.812,-34.688
19043799,BNO_MAG_UC,1113,-5100,0,15.500,-18.125,-82.625,6.188,-5.812,-34.688
19052626,BNO_MAG_UC,1114,-4700,0,14.750,-19.875,-82.188,6.188,-5.812,-34.688
19063468,BNO_MAG_UC,1115,-5400,0,17.312,-18.812,-81.312,6.188,-5.812,-34.688
19083677,BNO_MAG_UC,1116,-5400,0,21.000,-19.875,-79.500,6.188,-5.812,-34.688
19092823,BNO_MAG_UC,1117,-4900,0,23.938,-20.938,-77.688,6.188,-5.812,-34.688
19103644,BNO_MAG_UC,1118,-5600,0,25.062,-19.812,-78.188,6.188,-5.812,-34.688
19124112,BNO_MAG_UC,1119,-6000,0,28.000,-19.438,-76.812,6.188,-5.812,-34.688
19132815,BNO_MAG_UC,1120,-4900,0,27.312,-17.688,-79.062,6.188,-5.812,-34.688
19143723,BNO_MAG_UC,1121,-5400,0,27.688,-19.062,-79.562,6.188,-5.812,-34.688
19163975,BNO_MAG_UC,1122,-5600,0,25.125,-18.750,-79.938,6.188,-5.812,-34.688
19172984,BNO_MAG_UC,1123,-5100,0,25.125,-18.375,-79.562,6.188,-5.812,-34.688
19204078,BNO_MAG_UC,1124,-5600,0,26.562,-20.562,-76.312,6.188,-5.812,-34.688
19213366,BNO_MAG_UC,1125,-4700,0,28.375,-21.250,-76.812,6.188,-5.812,-34.688
19224073,BNO_MAG_UC,1126,-5600,0,29.125,-20.938,-75.875,6.188,-5.812,-34.688
19244241,BNO_MAG_UC,1127,-5800,0,30.938,-20.125,-75.000,6.188,-5.812,-34.688
19253446,BNO_MAG_UC,1128,-4900,0,31.000,-19.438,-76.375,6.188,-5.812,-34.688
19284736,BNO_MAG_UC,1129,-5800,0,32.812,-20.125,-75.500,6.188,-5.812,-34.688
19293663,BNO_MAG_UC,1130,-4500,0,32.062,-19.062,-75.000,6.188,-5.812,-34.688
19324719,BNO_MAG_UC,1131,-5000,0,32.812,-20.125,-74.062,6.188,-5.812,-34.688
19333611,BNO_MAG_UC,1132,-4900,0,33.500,-20.875,-72.750,6.188,-5.812,-34.688
19364767,BNO_MAG_UC,1133,-6000,0,34.625,-20.500,-72.750,6.188,-5.812,-34.688
19373789,BNO_MAG_UC,1134,-4500,0,34.625,-20.125,-71.812,6.188,-5.812,-34.688
19404887,BNO_MAG_UC,1135,-5100,0,37.562,-19.750,-68.688,6.188,-5.812,-34.688
19413950,BNO_MAG_UC,1136,-5100,0,37.938,-19.375,-69.125,6.188,-5.812,-34.688
19444950,BNO_MAG_UC,1137,-5600,0,41.188,-19.750,-66.375,6.188,-5.812,-34.688
19453966,BNO_MAG_UC,1138,-4300,0,41.938,-19.375,-65.500,6.188,-5.812,-34.688
19485099,BNO_MAG_UC,1139,-5800,0,44.250,-18.625,-65.062,6.188,-5.812,-34.688
19494166,BNO_MAG_UC,1140,-4300,0,43.375,-20.062,-64.125,6.188,-5.812,-34.688
19525343,BNO_MAG_UC,1141,-5100,0,43.438,-19.000,-64.625,6.188,-5.812,-34.688
19533945,BNO_MAG_UC,1142,-4700,0,43.062,-17.938,-66.438,6.188,-5.812,-34.688
19565170,BNO_MAG_UC,1143,-5800,0,39.438,-16.875,-69.625,6.188,-5.812,-34.688
19574306,BNO_MAG_UC,1144,-4500,0,38.688,-16.562,-71.000,6.188,-5.812,-34.688
19605485,BNO_MAG_UC,1145,-5300,0,37.938,-17.938,-71.438,6.188,-5.812,-34.688
19614572,BNO_MAG_UC,1146,-5100,0,35.375,-19.062,-74.562,6.188,-5.812,-34.688
19645260,BNO_MAG_UC,1147,-5200,0,32.062,-18.375,-75.500,6.188,-5.812,-34.688
19654471,BNO_MAG_UC,1148,-4900,0,30.625,-16.625,-77.312,6.188,-5.812,-34.688
19685285,BNO_MAG_UC,1149,-5100,0,27.375,-14.500,-80.062,6.188,-5.812,-34.688
19694410,BNO_MAG_UC,1150,-4900,0,25.875,-14.875,-80.000,6.188,-5.812,-34.688
19705190,BNO_MAG_UC,1151,-5600,0,26.250,-14.875,-81.000,6.188,-5.812,-34.688
19714709,BNO_MAG_UC,1152,-4900,0,25.938,-12.375,-82.375,6.188,-5.812,-34.688
19734874,BNO_MAG_UC,1153,-4700,0,26.312,-13.062,-82.312,6.188,-5.812,-34.688
19744893,BNO_MAG_UC,1154,-5100,0,24.812,-13.062,-82.750,6.188,-5.812,-34.688
19774769,BNO_MAG_UC,1155,-4300,0,23.375,-10.625,-82.312,6.188,-5.812,-34.688
19785604,BNO_MAG_UC,1156,-5600,0,22.188,-10.312,-83.188,6.188,-5.812,-34.688
19794954,BNO_MAG_UC,1157,-4500,0,20.375,-11.000,-85.000,6.188,-5.812,-34.688
19814890,BNO_MAG_UC,1158,-4300,0,19.250,-9.250,-84.125,6.188,-5.812,-34.688
19825672,BNO_MAG_UC,1159,-5800,0,19.312,-8.188,-86.438,6.188,-5.812,-34.688
19835076,BNO_MAG_UC,1160,-4700,0,17.125,-7.500,-86.812,6.188,-5.812,-34.688
19854878,BNO_MAG_UC,1161,-4300,0,14.125,-8.562,-85.938,6.188,-5.812,-34.688
19865625,BNO_MAG_UC,1162,-5600,0,12.312,-6.875,-85.875,6.188,-5.812,-34.688
19875235,BNO_MAG_UC,1163,-4700,0,11.250,-6.500,-86.375,6.188,-5.812,-34.688
19895394,BNO_MAG_UC,1164,-4700,0,9.000,-6.500,-87.688,6.188,-5.812,-34.688
19905265,BNO_MAG_UC,1165,-5100,0,7.938,-6.188,-88.188,6.188,-5.812,-34.688
19915215,BNO_MAG_UC,1166,-5100,0,7.562,-6.500,-87.688,6.188,-5.812,-34.688
19935672,BNO_MAG_UC,1167,-4900,0,5.688,-6.938,-85.875,6.188,-5.812,-34.688
19944693,BNO_MAG_UC,1168,-4900,0,7.188,-7.938,-87.188,6.188,-5.812,-34.688
19955471,BNO_MAG_UC,1169,-5400,0,6.812,-6.875,-87.188,6.188,-5.812,-34.688
19974791,BNO_MAG_UC,1170,-4700,0,4.625,-4.812,-86.312,6.188,-5.812,-34.688
19985807,BNO_MAG_UC,1171,-5600,0,3.875,-6.562,-85.812,6.188,-5.812,-34.688
20015224,BNO_MAG_UC,1172,-4300,0,1.250,-9.438,-85.312,6.188,-5.812,-34.688
20026154,BNO_MAG_UC,1173,-5600,0,0.188,-7.688,-87.125,6.188,-5.812,-34.688
20055842,BNO_MAG_UC,1174,-4900,0,-1.000,-11.562,-85.312,6.188,-5.812,-34.688
20064942,BNO_MAG_UC,1175,-4900,0,-1.000,-11.938,-86.625,6.188,-5.812,-34.688
20096456,BNO_MAG_UC,1176,-5500,0,1.938,-15.750,-86.250,6.188,-5.812,-34.688
20105367,BNO_MAG_UC,1177,-4900,0,2.250,-17.188,-84.438,6.188,-5.812,-34.688
20136113,BNO_MAG_UC,1178,-5100,0,4.438,-19.625,-83.500,6.188,-5.812,-34.688
20145388,BNO_MAG_UC,1179,-5100,0,5.938,-20.000,-83.938,6.188,-5.812,-34.688
20156223,BNO_MAG_UC,1180,-5800,0,5.188,-18.938,-83.062,6.188,-5.812,-34.688
20176206,BNO_MAG_UC,1181,-5800,0,7.375,-20.750,-83.125,6.188,-5.812,-34.688
20185544,BNO_MAG_UC,1182,-4900,0,9.188,-20.688,-83.062,6.188,-5.812,-34.688
20215865,BNO_MAG_UC,1183,-4900,0,13.625,-21.000,-83.562,6.188,-5.812,-34.688
20225624,BNO_MAG_UC,1184,-4900,0,14.000,-20.625,-81.750,6.188,-5.812,-34.688
20256739,BNO_MAG_UC,1185,-5800,0,12.562,-19.562,-82.188,6.188,-5.812,-34.688
20265797,BNO_MAG_UC,1186,-4500,0,12.500,-19.938,-82.125,6.188,-5.812,-34.688
20296714,BNO_MAG_UC,1187,-4900,0,14.000,-20.688,-81.750,6.188,-5.812,-34.688
20305993,BNO_MAG_UC,1188,-5100,0,13.625,-21.000,-82.188,6.188,-5.812,-34.688
20336990,BNO_MAG_UC,1189,-4900,0,16.188,-20.250,-81.750,6.188,-5.812,-34.688
20346059,BNO_MAG_UC,1190,-4900,0,16.562,-19.500,-81.750,6.188,-5.812,-34.688
20376905,BNO_MAG_UC,1191,-4700,0,17.688,-19.875,-80.812,6.188,-5.812,-34.688
20386167,BNO_MAG_UC,1192,-5100,0,17.688,-19.188,-81.750,6.188,-5.812,-34.688
20417173,BNO_MAG_UC,1193,-5100,0,19.188,-18.062,-82.250,6.188,-5.812,-34.688
20426238,BNO_MAG_UC,1194,-4900,0,18.812,-18.812,-79.938,6.188,-5.812,-34.688
20457300,BNO_MAG_UC,1195,-5600,0,20.688,-16.312,-82.750,6.188,-5.812,-34.688
20466386,BNO_MAG_UC,1196,-4500,0,21.750,-16.312,-81.375,6.188,-5.812,-34.688
20497287,BNO_MAG_UC,1197,-5300,0,20.688,-12.438,-82.750,6.188,-5.812,-34.688
20506548,BNO_MAG_UC,1198,-5100,0,20.750,-11.375,-83.625,6.188,-5.812,-34.688
20537437,BNO_MAG_UC,1199,-5300,0,19.625,-9.250,-82.688,6.188,-5.812,-34.688
20546492,BNO_MAG_UC,1200,-4900,0,20.375,-9.250,-84.625,6.188,-5.812,-34.688
20578233,BNO_MAG_UC,1201,-6100,0,20.062,-7.125,-83.688,6.188,-5.812,-34.688
20587048,BNO_MAG_UC,1202,-4700,0,19.688,-7.125,-85.000,6.188,-5.812,-34.688
20596808,BNO_MAG_UC,1203,-4900,0,18.938,-7.125,-85.000,6.188,-5.812,-34.688
20617834,BNO_MAG_UC,1204,-5300,0,16.750,-4.312,-85.000,6.188,-5.812,-34.688
20626331,BNO_MAG_UC,1205,-4300,0,16.750,-6.125,-85.500,6.188,-5.812,-34.688
20637102,BNO_MAG_UC,1206,-5600,0,15.250,-4.688,-85.000,6.188,-5.812,-34.688
20646850,BNO_MAG_UC,1207,-4900,0,12.375,-4.000,-86.375,6.188,-5.812,-34.688
20666732,BNO_MAG_UC,1208,-4300,0,12.000,-2.938,-85.938,6.188,-5.812,-34.688
20677575,BNO_MAG_UC,1209,-5600,0,10.875,-3.688,-86.875,6.188,-5.812,-34.688
20687022,BNO_MAG_UC,1210,-4700,0,10.875,-3.312,-86.875,6.188,-5.812,-34.688
20706908,BNO_MAG_UC,1211,-4300,0,11.562,-5.438,-85.438,6.188,-5.812,-34.688
20717816,BNO_MAG_UC,1212,-5800,0,14.188,-6.812,-86.375,6.188,-5.812,-34.688
20727086,BNO_MAG_UC,1213,-4500,0,14.500,-7.875,-84.562,6.188,-5.812,-34.688
20747041,BNO_MAG_UC,1214,-4500,0,19.250,-10.312,-84.125,6.188,-5.812,-34.688
20757890,BNO_MAG_UC,1215,-5600,0,21.125,-9.625,-83.188,6.188,-5.812,-34.688
20767213,BNO_MAG_UC,1216,-4500,0,24.125,-10.250,-82.312,6.188,-5.812,-34.688
20787171,BNO_MAG_UC,1217,-4500,0,30.688,-14.125,-77.312,6.188,-5.812,-34.688
20798051,BNO_MAG_UC,1218,-5800,0,34.312,-14.812,-75.500,6.188,-5.812,-34.688
20807230,BNO_MAG_UC,1219,-4300,0,36.125,-16.188,-73.750,6.188,-5.812,-34.688
20827054,BNO_MAG_UC,1220,-4300,0,38.375,-15.125,-70.938,6.188,-5.812,-34.688
20837922,BNO_MAG_UC,1221,-5800,0,38.312,-16.938,-70.500,6.188,-5.812,-34.688
20847376,BNO_MAG_UC,1222,-4700,0,38.312,-16.562,-72.375,6.188,-5.812,-34.688
20867610,BNO_MAG_UC,1223,-4700,0,37.625,-16.938,-71.938,6.188,-5.812,-34.688
20876762,BNO_MAG_UC,1224,-4900,0,35.750,-16.562,-73.250,6.188,-5.812,-34.688
20887545,BNO_MAG_UC,1225,-5400,0,36.125,-16.562,-73.250,6.188,-5.812,-34.688
20908241,BNO_MAG_UC,1226,-5700,0,33.250,-15.188,-76.438,6.188,-5.812,-34.688
20916929,BNO_MAG_UC,1227,-4900,0,31.000,-15.875,-78.250,6.188,-5.812,-34.688
20927650,BNO_MAG_UC,1228,-5400,0,30.312,-16.562,-79.125,6.188,-5.812,-34.688
20947982,BNO_MAG_UC,1229,-5600,0,29.562,-15.875,-80.438,6.188,-5.812,-34.688
20957135,BNO_MAG_UC,1230,-4900,0,28.062,-15.562,-78.625,6.188,-5.812,-34.688
20967896,BNO_MAG_UC,1231,-5600,0,29.938,-16.625,-78.625,6.188,-5.812,-34.688
20987964,BNO_MAG_UC,1232,-5600,0,29.500,-17.312,-77.312,6.188,-5.812,-34.688
20997235,BNO_MAG_UC,1233,-5100,0,28.062,-15.562,-78.188,6.188,-5.812,-34.688
21008100,BNO_MAG_UC,1234,-5800,0,27.312,-18.000,-78.625,6.188,-5.812,-34.688
21028378,BNO_MAG_UC,1235,-5800,0,22.500,-17.375,-81.375,6.188,-5.812,-34.688
21037259,BNO_MAG_UC,1236,-4900,0,21.375,-16.312,-81.750,6.188,-5.812,-34.688
21068531,BNO_MAG_UC,1237,-5500,0,15.188,-15.625,-85.375,6.188,-5.812,-34.688
21077454,BNO_MAG_UC,1238,-4900,0,15.188,-16.000,-85.875,6.188,-5.812,-34.688
21108812,BNO_MAG_UC,1239,-5800,0,18.125,-16.312,-83.625,6.188,-5.812,-34.688
21117676,BNO_MAG_UC,1240,-4500,0,22.125,-17.000,-82.312,6.188,-5.812,-34.688
21128516,BNO_MAG_UC,1241,-5800,0,24.750,-18.062,-80.438,6.188,-5.812,-34.688
21148440,BNO_MAG_UC,1242,-5800,0,28.750,-19.062,-77.750,6.188,-5.812,-34.688
21157857,BNO_MAG_UC,1243,-5100,0,29.125,-18.750,-77.688,6.188,-5.812,-34.688
21189172,BNO_MAG_UC,1244,-6000,0,26.938,-17.312,-79.062,6.188,-5.812,-34.688
21197937,BNO_MAG_UC,1245,-4300,0,24.000,-18.750,-82.688,6.188,-5.812,-34.688
21229152,BNO_MAG_UC,1246,-5600,0,11.125,-17.125,-84.875,6.188,-5.812,-34.688
21238010,BNO_MAG_UC,1247,-4500,0,7.062,-14.312,-85.812,6.188,-5.812,-34.688
21269256,BNO_MAG_UC,1248,-5100,0,1.938,-14.375,-86.188,6.188,-5.812,-34.688
21278242,BNO_MAG_UC,1249,-5100,0,1.188,-13.688,-83.938,6.188,-5.812,-34.688
21309122,BNO_MAG_UC,1250,-4700,0,3.750,-15.062,-86.688,6.188,-5.812,-34.688
21318345,BNO_MAG_UC,1251,-5100,0,6.375,-14.688,-85.812,6.188,-5.812,-34.688
21349341,BNO_MAG_UC,1252,-5300,0,17.000,-17.750,-84.938,6.188,-5.812,-34.688
21358376,BNO_MAG_UC,1253,-4900,0,20.312,-16.688,-80.875,6.188,-5.812,-34.688
21389372,BNO_MAG_UC,1254,-5300,0,25.125,-17.312,-80.000,6.188,-5.812,-34.688
21398581,BNO_MAG_UC,1255,-5100,0,24.750,-17.000,-81.375,6.188,-5.812,-34.688
21429396,BNO_MAG_UC,1256,-5300,0,18.062,-17.375,-82.688,6.188,-5.812,-34.688
21438425,BNO_MAG_UC,1257,-4900,0,14.062,-14.938,-84.062,6.188,-5.812,-34.688
21469533,BNO_MAG_UC,1258,-5300,0,5.250,-15.000,-85.312,6.188,-5.812,-34.688
21478328,BNO_MAG_UC,1259,-4700,0,4.875,-14.000,-86.188,6.188,-5.812,-34.688
21489178,BNO_MAG_UC,1260,-6000,0,4.875,-14.688,-87.125,6.188,-5.812,-34.688
21498847,BNO_MAG_UC,1261,-5300,0,4.875,-13.625,-86.688,6.188,-5.812,-34.688
21518704,BNO_MAG_UC,1262,-4300,0,10.000,-16.375,-83.938,6.188,-5.812,-34.688
21549603,BNO_MAG_UC,1263,-5000,0,23.625,-17.375,-79.562,6.188,-5.812,-34.688
21558526,BNO_MAG_UC,1264,-4700,0,25.500,-19.438,-81.375,6.188,-5.812,-34.688
21569433,BNO_MAG_UC,1265,-5800,0,25.875,-18.062,-80.875,6.188,-5.812,-34.688
21578942,BNO_MAG_UC,1266,-4900,0,26.250,-15.938,-81.375,6.188,-5.812,-34.688
21598866,BNO_MAG_UC,1267,-4500,0,19.188,-17.375,-82.688,6.188,-5.812,-34.688
21609777,BNO_MAG_UC,1268,-5800,0,16.250,-17.375,-85.375,6.188,-5.812,-34.688
21619154,BNO_MAG_UC,1269,-4700,0,11.875,-15.312,-85.375,6.188,-5.812,-34.688
21638939,BNO_MAG_UC,1270,-4200,0,4.125,-12.938,-86.188,6.188,-5.812,-34.688
21649795,BNO_MAG_UC,1271,-5800,0,4.125,-14.000,-85.312,6.188,-5.812,-34.688
21659189,BNO_MAG_UC,1272,-4700,0,1.938,-13.312,-85.812,6.188,-5.812,-34.688
21679143,BNO_MAG_UC,1273,-4300,0,6.375,-14.312,-86.688,6.188,-5.812,-34.688
21689865,BNO_MAG_UC,1274,-5600,0,9.312,-14.312,-85.375,6.188,-5.812,-34.688
21699324,BNO_MAG_UC,1275,-4700,0,14.062,-15.688,-82.625,6.188,-5.812,-34.688
21719134,BNO_MAG_UC,1276,-4300,0,22.500,-17.375,-81.812,6.188,-5.812,-34.688
21729830,BNO_MAG_UC,1277,-5800,0,25.125,-17.312,-79.062,6.188,-5.812,-34.688
21739298,BNO_MAG_UC,1278,-4700,0,27.312,-16.625,-79.562,6.188,-5.812,-34.688
21759497,BNO_MAG_UC,1279,-4700,0,27.688,-17.688,-80.000,6.188,-5.812,-34.688
21769518,BNO_MAG_UC,1280,-5100,0,28.438,-17.312,-80.938,6.188,-5.812,-34.688
21779428,BNO_MAG_UC,1281,-5100,0,25.500,-15.938,-80.938,6.188,-5.812,-34.688
21799718,BNO_MAG_UC,1282,-4900,0,19.938,-15.250,-83.625,6.188,-5.812,-34.688
21809758,BNO_MAG_UC,1283,-5100,0,16.688,-14.562,-85.438,6.188,-5.812,-34.688
21839080,BNO_MAG_UC,1284,-4700,0,9.688,-13.938,-85.375,6.188,-5.812,-34.688
21849989,BNO_MAG_UC,1285,-5800,0,7.438,-13.250,-86.312,6.188,-5.812,-34.688
21880404,BNO_MAG_UC,1286,-5800,0,11.500,-14.250,-86.312,6.188,-5.812,-34.688
21890093,BNO_MAG_UC,1287,-4900,0,14.062,-15.312,-85.375,6.188,-5.812,-34.688
21920117,BNO_MAG_UC,1288,-5100,0,24.062,-16.625,-81.375,6.188,-5.812,-34.688
21929337,BNO_MAG_UC,1289,-4700,0,24.750,-17.688,-81.812,6.188,-5.812,-34.688
21940181,BNO_MAG_UC,1290,-5600,0,27.375,-15.562,-80.938,6.188,-5.812,-34.688
21960548,BNO_MAG_UC,1291,-6000,0,24.438,-17.000,-82.250,6.188,-5.812,-34.688
21969410,BNO_MAG_UC,1292,-4900,0,24.062,-14.875,-83.188,6.188,-5.812,-34.688
22000580,BNO_MAG_UC,1293,-5600,0,14.438,-15.312,-85.375,6.188,-5.812,-34.688
22009809,BNO_MAG_UC,1294,-4900,0,10.750,-14.250,-86.250,6.188,-5.812,-34.688
22040715,BNO_MAG_UC,1295,-5800,0,8.562,-15.000,-85.812,6.188,-5.812,-34.688
22049926,BNO_MAG_UC,1296,-4700,0,10.750,-14.250,-85.812,6.188,-5.812,-34.688
22081246,BNO_MAG_UC,1297,-5500,0,19.562,-15.938,-82.688,6.188,-5.812,-34.688
22089949,BNO_MAG_UC,1298,-4700,0,22.500,-16.625,-80.875,6.188,-5.812,-34.688
22121053,BNO_MAG_UC,1299,-5800,0,30.250,-17.625,-78.188,6.188,-5.812,-34.688
22130106,BNO_MAG_UC,1300,-4500,0,29.875,-18.000,-77.250,6.188,-5.812,-34.688
22161267,BNO_MAG_UC,1301,-5800,0,26.625,-15.562,-81.375,6.188,-5.812,-34.688
22170261,BNO_MAG_UC,1302,-4500,0,24.062,-17.000,-81.375,6.188,-5.812,-34.688
22201240,BNO_MAG_UC,1303,-4900,0,12.250,-14.625,-85.812,6.188,-5.812,-34.688
22210246,BNO_MAG_UC,1304,-4700,0,11.875,-13.562,-86.312,6.188,-5.812,-34.688
22241564,BNO_MAG_UC,1305,-6000,0,9.688,-14.625,-86.688,6.188,-5.812,-34.688
22250544,BNO_MAG_UC,1306,-4500,0,11.125,-14.250,-85.812,6.188,-5.812,-34.688
22281351,BNO_MAG_UC,1307,-4900,0,18.500,-15.250,-83.125,6.188,-5.812,-34.688
22290557,BNO_MAG_UC,1308,-5100,0,20.688,-14.875,-82.688,6.188,-5.812,-34.688
22321702,BNO_MAG_UC,1309,-5300,0,24.438,-15.938,-81.750,6.188,-5.812,-34.688
22330358,BNO_MAG_UC,1310,-4500,0,25.125,-15.938,-81.375,6.188,-5.812,-34.688
22362268,BNO_MAG_UC,1311,-6200,0,21.812,-16.312,-83.625,6.188,-5.812,-34.688
22371024,BNO_MAG_UC,1312,-4900,0,21.438,-16.312,-83.562,6.188,-5.812,-34.688
22380894,BNO_MAG_UC,1313,-4900,0,20.312,-17.000,-84.500,6.188,-5.812,-34.688
22410652,BNO_MAG_UC,1314,-4900,0,20.312,-15.938,-82.188,6.188,-5.812,-34.688
22450810,BNO_MAG_UC,1315,-4300,0,28.812,-18.000,-77.188,6.188,-5.812,-34.688
22490603,BNO_MAG_UC,1316,-4700,0,36.125,-16.938,-74.125,6.188,-5.812,-34.688
22501305,BNO_MAG_UC,1317,-5800,0,37.625,-16.875,-75.500,6.188,-5.812,-34.688
22511146,BNO_MAG_UC,1318,-5100,0,36.875,-17.625,-75.438,6.188,-5.812,-34.688
22531013,BNO_MAG_UC,1319,-4300,0,31.750,-16.938,-77.312,6.188,-5.812,-34.688
22541802,BNO_MAG_UC,1320,-5800,0,29.188,-15.875,-80.000,6.188,-5.812,-34.688
22551254,BNO_MAG_UC,1321,-4700,0,26.688,-12.750,-82.250,6.188,-5.812,-34.688
22571327,BNO_MAG_UC,1322,-4500,0,17.750,-13.500,-84.938,6.188,-5.812,-34.688
22581388,BNO_MAG_UC,1323,-5300,0,14.812,-14.938,-86.750,6.188,-5.812,-34.688
22591393,BNO_MAG_UC,1324,-5300,0,11.125,-13.562,-86.250,6.188,-5.812,-34.688
22611015,BNO_MAG_UC,1325,-4900,0,8.562,-13.562,-86.688,6.188,-5.812,-34.688
22621854,BNO_MAG_UC,1326,-5600,0,9.688,-12.188,-85.812,6.188,-5.812,-34.688
22631409,BNO_MAG_UC,1327,-4900,0,9.688,-12.875,-85.812,6.188,-5.812,-34.688
22651116,BNO_MAG_UC,1328,-4200,0,12.250,-13.188,-84.938,6.188,-5.812,-34.688
22662017,BNO_MAG_UC,1329,-5800,0,14.438,-13.188,-84.938,6.188,-5.812,-34.688
22671502,BNO_MAG_UC,1330,-4900,0,17.750,-14.562,-85.438,6.188,-5.812,-34.688
22692059,BNO_MAG_UC,1331,-4900,0,23.312,-15.562,-82.688,6.188,-5.812,-34.688
22701781,BNO_MAG_UC,1332,-5100,0,25.188,-13.062,-83.688,6.188,-5.812,-34.688
22711613,BNO_MAG_UC,1333,-5300,0,26.312,-13.812,-82.250,6.188,-5.812,-34.688
22732066,BNO_MAG_UC,1334,-5800,0,25.500,-14.875,-81.375,6.188,-5.812,-34.688
22741145,BNO_MAG_UC,1335,-4900,0,24.812,-15.938,-81.750,6.188,-5.812,-34.688
22751950,BNO_MAG_UC,1336,-5600,0,24.062,-14.125,-83.688,6.188,-5.812,-34.688
22772057,BNO_MAG_UC,1337,-5600,0,19.250,-15.625,-86.312,6.188,-5.812,-34.688
22781245,BNO_MAG_UC,1338,-5100,0,17.062,-13.875,-85.438,6.188,-5.812,-34.688
22792017,BNO_MAG_UC,1339,-5400,0,14.812,-14.250,-84.938,6.188,-5.812,-34.688
22812385,BNO_MAG_UC,1340,-5500,0,11.500,-14.250,-86.750,6.188,-5.812,-34.688
22821399,BNO_MAG_UC,1341,-5100,0,11.125,-13.562,-85.812,6.188,-5.812,-34.688
22832250,BNO_MAG_UC,1342,-5600,0,11.125,-14.250,-84.938,6.188,-5.812,-34.688
22852413,BNO_MAG_UC,1343,-5800,0,12.625,-14.250,-85.812,6.188,-5.812,-34.688
22861574,BNO_MAG_UC,1344,-4700,0,15.562,-14.938,-85.438,6.188,-5.812,-34.688
22872398,BNO_MAG_UC,1345,-5600,0,18.500,-13.500,-85.875,6.188,-5.812,-34.688
22892175,BNO_MAG_UC,1346,-5600,0,25.562,-14.500,-81.812,6.188,-5.812,-34.688
22901716,BNO_MAG_UC,1347,-4900,0,27.000,-14.125,-80.438,6.188,-5.812,-34.688
22933263,BNO_MAG_UC,1348,-5700,0,29.188,-15.562,-80.438,6.188,-5.812,-34.688
22941943,BNO_MAG_UC,1349,-4900,0,28.438,-15.875,-80.938,6.188,-5.812,-34.688
22973393,BNO_MAG_UC,1350,-5500,0,22.500,-16.625,-83.188,6.188,-5.812,-34.688
22982230,BNO_MAG_UC,1351,-4700,0,20.688,-14.875,-85.000,6.188,-5.812,-34.688
22992981,BNO_MAG_UC,1352,-5800,0,18.500,-15.938,-85.438,6.188,-5.812,-34.688
23012807,BNO_MAG_UC,1353,-6000,0,14.062,-16.000,-85.812,6.188,-5.812,-34.688
23022189,BNO_MAG_UC,1354,-4900,0,11.500,-15.312,-86.250,6.188,-5.812,-34.688
23033047,BNO_MAG_UC,1355,-5800,0,10.375,-15.312,-85.375,6.188,-5.812,-34.688
23053046,BNO_MAG_UC,1356,-6200,0,12.250,-14.625,-84.062,6.188,-5.812,-34.688
23062255,BNO_MAG_UC,1357,-4700,0,14.062,-14.562,-85.812,6.188,-5.812,-34.688
23093852,BNO_MAG_UC,1358,-5700,0,20.312,-15.625,-84.062,6.188,-5.812,-34.688
23102520,BNO_MAG_UC,1359,-4700,0,24.062,-15.938,-82.688,6.188,-5.812,-34.688
23112543,BNO_MAG_UC,1360,-4900,0,26.250,-14.875,-80.000,6.188,-5.812,-34.688
23133529,BNO_MAG_UC,1361,-5100,0,29.562,-16.938,-78.625,6.188,-5.812,-34.688
23142079,BNO_MAG_UC,1362,-4500,0,31.375,-16.562,-77.312,6.188,-5.812,-34.688
23173952,BNO_MAG_UC,1363,-6000,0,29.562,-16.938,-79.500,6.188,-5.812,-34.688
23182779,BNO_MAG_UC,1364,-4900,0,28.062,-16.938,-80.438,6.188,-5.812,-34.688
23192719,BNO_MAG_UC,1365,-4900,0,26.250,-16.625,-81.812,6.188,-5.812,-34.688
23213770,BNO_MAG_UC,1366,-5100,0,19.562,-17.000,-82.688,6.188,-5.812,-34.688
23222827,BNO_MAG_UC,1367,-5100,0,17.375,-17.375,-84.000,6.188,-5.812,-34.688
23253659,BNO_MAG_UC,1368,-5100,0,13.000,-14.938,-85.375,6.188,-5.812,-34.688
23262469,BNO_MAG_UC,1369,-4700,0,12.250,-13.875,-85.375,6.188,-5.812,-34.688
23273227,BNO_MAG_UC,1370,-5800,0,12.250,-15.688,-84.938,6.188,-5.812,-34.688
23302338,BNO_MAG_UC,1371,-4700,0,18.125,-15.250,-85.812,6.188,-5.812,-34.688
23313120,BNO_MAG_UC,1372,-5400,0,19.250,-14.875,-84.500,6.188,-5.812,-34.688
23333857,BNO_MAG_UC,1373,-5000,0,26.625,-15.562,-81.812,6.188,-5.812,-34.688
23342863,BNO_MAG_UC,1374,-4700,0,26.250,-16.250,-79.000,6.188,-5.812,-34.688
23382941,BNO_MAG_UC,1375,-4500,0,28.438,-16.250,-80.000,6.188,-5.812,-34.688
23422796,BNO_MAG_UC,1376,-4700,0,21.438,-15.938,-82.688,6.188,-5.812,-34.688
23433706,BNO_MAG_UC,1377,-5800,0,18.125,-15.625,-84.000,6.188,-5.812,-34.688
23443206,BNO_MAG_UC,1378,-4700,0,15.938,-14.562,-84.938,6.188,-5.812,-34.688
23463247,BNO_MAG_UC,1379,-4500,0,11.125,-13.938,-84.938,6.188,-5.812,-34.688
23474073,BNO_MAG_UC,1380,-5800,0,10.062,-13.938,-88.062,6.188,-5.812,-34.688
23502961,BNO_MAG_UC,1381,-4700,0,8.562,-13.938,-87.625,6.188,-5.812,-34.688
23513874,BNO_MAG_UC,1382,-5800,0,9.688,-12.500,-86.250,6.188,-5.812,-34.688
23523319,BNO_MAG_UC,1383,-4700,0,10.062,-13.938,-86.750,6.188,-5.812,-34.688
23543453,BNO_MAG_UC,1384,-4500,0,14.438,-14.562,-86.250,6.188,-5.812,-34.688
23554267,BNO_MAG_UC,1385,-5800,0,17.375,-14.938,-84.938,6.188,-5.812,-34.688
23563547,BNO_MAG_UC,1386,-4500,0,19.250,-14.562,-83.562,6.188,-5.812,-34.688
23583314,BNO_MAG_UC,1387,-4300,0,25.188,-15.938,-82.750,6.188,-5.812,-34.688
23594185,BNO_MAG_UC,1388,-5800,0,26.625,-16.625,-80.000,6.188,-5.812,-34.688
23623305,BNO_MAG_UC,1389,-4900,0,29.938,-16.250,-79.500,6.188,-5.812,-34.688
23634532,BNO_MAG_UC,1390,-5800,0,29.562,-15.562,-79.500,6.188,-5.812,-34.688
23663135,BNO_MAG_UC,1391,-4700,0,28.812,-14.812,-79.500,6.188,-5.812,-34.688
23674251,BNO_MAG_UC,1392,-5800,0,26.625,-15.188,-80.938,6.188,-5.812,-34.688
23703918,BNO_MAG_UC,1393,-4700,0,21.062,-14.188,-85.875,6.188,-5.812,-34.688
23713479,BNO_MAG_UC,1394,-4900,0,18.125,-16.688,-84.938,6.188,-5.812,-34.688
23744033,BNO_MAG_UC,1395,-4900,0,13.000,-14.938,-85.812,6.188,-5.812,-34.688
23753616,BNO_MAG_UC,1396,-5400,0,12.250,-14.625,-86.250,6.188,-5.812,-34.688
23784977,BNO_MAG_UC,1397,-5500,0,16.312,-13.875,-86.312,6.188,-5.812,-34.688
23793860,BNO_MAG_UC,1398,-4700,0,19.938,-15.938,-83.562,6.188,-5.812,-34.688
23804636,BNO_MAG_UC,1399,-5800,0,22.875,-15.938,-83.562,6.188,-5.812,-34.688
23824589,BNO_MAG_UC,1400,-5800,0,28.438,-15.875,-81.812,6.188,-5.812,-34.688
23833989,BNO_MAG_UC,1401,-4900,0,31.750,-15.875,-79.562,6.188,-5.812,-34.688
23844745,BNO_MAG_UC,1402,-5600,0,31.375,-15.500,-77.750,6.188,-5.812,-34.688
23864775,BNO_MAG_UC,1403,-5800,0,33.938,-17.250,-77.750,6.188,-5.812,-34.688
23873978,BNO_MAG_UC,1404,-4700,0,34.000,-14.812,-76.875,6.188,-5.812,-34.688
23905279,BNO_MAG_UC,1405,-5500,0,32.500,-15.500,-77.750,6.188,-5.812,-34.688
23914143,BNO_MAG_UC,1406,-4500,0,31.000,-17.312,-79.062,6.188,-5.812,-34.688
23945547,BNO_MAG_UC,1407,-5500,0,26.250,-16.625,-80.438,6.188,-5.812,-34.688
23954379,BNO_MAG_UC,1408,-4700,0,26.625,-15.875,-81.812,6.188,-5.812,-34.688
23985303,BNO_MAG_UC,1409,-4900,0,21.812,-14.500,-84.125,6.188,-5.812,-34.688
23994416,BNO_MAG_UC,1410,-4900,0,21.438,-15.938,-85.875,6.188,-5.812,-34.688
24025502,BNO_MAG_UC,1411,-5300,0,20.688,-15.250,-84.500,6.188,-5.812,-34.688
24034425,BNO_MAG_UC,1412,-5100,0,20.688,-14.875,-85.000,6.188,-5.812,-34.688
24065274,BNO_MAG_UC,1413,-5100,0,22.188,-14.875,-83.625,6.188,-5.812,-34.688
24074548,BNO_MAG_UC,1414,-4900,0,23.312,-15.562,-84.125,6.188,-5.812,-34.688
24105622,BNO_MAG_UC,1415,-5300,0,27.000,-14.812,-82.750,6.188,-5.812,-34.688
24114866,BNO_MAG_UC,1416,-5300,0,28.125,-16.250,-81.812,6.188,-5.812,-34.688
24145853,BNO_MAG_UC,1417,-5100,0,28.812,-16.250,-80.938,6.188,-5.812,-34.688
24155020,BNO_MAG_UC,1418,-5300,0,28.062,-15.562,-80.000,6.188,-5.812,-34.688
24164864,BNO_MAG_UC,1419,-4900,0,28.438,-15.562,-81.375,6.188,-5.812,-34.688
24185917,BNO_MAG_UC,1420,-5100,0,28.125,-16.250,-82.250,6.188,-5.812,-34.688
24194462,BNO_MAG_UC,1421,-4500,0,28.812,-16.562,-81.812,6.188,-5.812,-34.688
24205271,BNO_MAG_UC,1422,-5600,0,25.875,-15.875,-83.188,6.188,-5.812,-34.688
24214912,BNO_MAG_UC,1423,-4900,0,22.188,-12.750,-84.062,6.188,-5.812,-34.688
24234980,BNO_MAG_UC,1424,-4500,0,18.500,-14.562,-84.938,6.188,-5.812,-34.688
24266021,BNO_MAG_UC,1425,-5300,0,11.562,-12.125,-87.188,6.188,-5.812,-34.688
24274958,BNO_MAG_UC,1426,-4900,0,8.938,-11.438,-86.250,6.188,-5.812,-34.688
24285693,BNO_MAG_UC,1427,-5800,0,8.562,-11.812,-86.750,6.188,-5.812,-34.688
24295206,BNO_MAG_UC,1428,-4700,0,7.500,-11.438,-88.062,6.188,-5.812,-34.688
24315127,BNO_MAG_UC,1429,-4300,0,8.250,-11.438,-86.750,6.188,-5.812,-34.688
24325822,BNO_MAG_UC,1430,-5800,0,9.688,-11.812,-87.188,6.188,-5.812,-34.688
24335314,BNO_MAG_UC,1431,-4700,0,10.812,-13.562,-87.188,6.188,-5.812,-34.688
24354774,BNO_MAG_UC,1432,-4500,0,16.688,-13.875,-86.312,6.188,-5.812,-34.688
24365736,BNO_MAG_UC,1433,-5800,0,20.688,-14.562,-84.500,6.188,-5.812,-34.688
24375289,BNO_MAG_UC,1434,-4700,0,23.688,-15.250,-83.188,6.188,-5.812,-34.688
24395656,BNO_MAG_UC,1435,-4900,0,29.188,-15.562,-80.438,6.188,-5.812,-34.688
24405583,BNO_MAG_UC,1436,-5100,0,28.812,-16.250,-80.438,6.188,-5.812,-34.688
24415540,BNO_MAG_UC,1437,-5300,0,30.688,-15.875,-79.562,6.188,-5.812,-34.688
24436089,BNO_MAG_UC,1438,-5500,0,28.125,-15.875,-81.812,6.188,-5.812,-34.688
24444874,BNO_MAG_UC,1439,-4900,0,28.125,-15.562,-81.812,6.188,-5.812,-34.688
24475129,BNO_MAG_UC,1440,-4500,0,19.250,-14.875,-85.000,6.188,-5.812,-34.688
24486196,BNO_MAG_UC,1441,-5600,0,16.688,-13.500,-86.750,6.188,-5.812,-34.688
24515772,BNO_MAG_UC,1442,-4700,0,10.812,-11.812,-87.625,6.188,-5.812,-34.688
24525289,BNO_MAG_UC,1443,-5100,0,11.562,-12.500,-88.062,6.188,-5.812,-34.688
24536044,BNO_MAG_UC,1444,-5800,0,10.062,-12.500,-88.562,6.188,-5.812,-34.688
24556161,BNO_MAG_UC,1445,-5800,0,14.125,-12.812,-87.250,6.188,-5.812,-34.688
24565267,BNO_MAG_UC,1446,-4900,0,14.500,-11.750,-86.312,6.188,-5.812,-34.688
24596297,BNO_MAG_UC,1447,-5600,0,21.438,-14.875,-85.438,6.188,-5.812,-34.688
24605554,BNO_MAG_UC,1448,-4700,0,22.500,-15.562,-82.250,6.188,-5.812,-34.688
24616338,BNO_MAG_UC,1449,-5600,0,23.688,-15.250,-82.688,6.188,-5.812,-34.688
24636461,BNO_MAG_UC,1450,-6000,0,22.562,-15.562,-84.062,6.188,-5.812,-34.688
24645800,BNO_MAG_UC,1451,-4900,0,20.688,-14.875,-85.000,6.188,-5.812,-34.688
24656514,BNO_MAG_UC,1452,-5600,0,21.812,-13.812,-84.062,6.188,-5.812,-34.688
24676588,BNO_MAG_UC,1453,-6000,0,17.750,-15.250,-84.000,6.188,-5.812,-34.688
24685854,BNO_MAG_UC,1454,-4700,0,18.500,-14.188,-84.938,6.188,-5.812,-34.688
24716907,BNO_MAG_UC,1455,-5800,0,19.938,-14.875,-84.062,6.188,-5.812,-34.688
24726013,BNO_MAG_UC,1456,-4700,0,22.188,-14.500,-84.062,6.188,-5.812,-34.688
24757250,BNO_MAG_UC,1457,-5800,0,32.125,-16.250,-77.312,6.188,-5.812,-34.688
24766043,BNO_MAG_UC,1458,-4500,0,33.938,-16.562,-75.938,6.188,-5.812,-34.688
24797135,BNO_MAG_UC,1459,-5800,0,38.000,-17.250,-74.625,6.188,-5.812,-34.688
24806236,BNO_MAG_UC,1460,-4500,0,37.625,-16.875,-74.125,6.188,-5.812,-34.688
24837383,BNO_MAG_UC,1461,-6000,0,33.188,-16.562,-76.875,6.188,-5.812,-34.688
24846344,BNO_MAG_UC,1462,-4500,0,31.000,-16.938,-80.000,6.188,-5.812,-34.688
24877281,BNO_MAG_UC,1463,-5100,0,17.750,-16.000,-84.938,6.188,-5.812,-34.688
24886178,BNO_MAG_UC,1464,-4700,0,14.062,-14.250,-86.750,6.188,-5.812,-34.688
24917798,BNO_MAG_UC,1465,-6000,0,7.438,-14.625,-87.188,6.188,-5.812,-34.688
24926742,BNO_MAG_UC,1466,-4900,0,8.188,-13.562,-86.250,6.188,-5.812,-34.688
24936667,BNO_MAG_UC,1467,-4900,0,9.688,-14.250,-86.250,6.188,-5.812,-34.688
24957632,BNO_MAG_UC,1468,-5100,0,13.312,-16.000,-84.938,6.188,-5.812,-34.688
24966796,BNO_MAG_UC,1469,-5100,0,15.938,-14.938,-86.750,6.188,-5.812,-34.688
24976712,BNO_MAG_UC,1470,-5100,0,19.188,-16.312,-83.125,6.188,-5.812,-34.688
24997640,BNO_MAG_UC,1471,-4900,0,25.500,-16.250,-80.875,6.188,-5.812,-34.688
25006449,BNO_MAG_UC,1472,-4700,0,29.875,-18.000,-78.625,6.188,-5.812,-34.688
25017172,BNO_MAG_UC,1473,-5800,0,30.312,-14.812,-78.188,6.188,-5.812,-34.688
25046393,BNO_MAG_UC,1474,-4700,0,31.000,-15.500,-78.688,6.188,-5.812,-34.688
25057198,BNO_MAG_UC,1475,-5600,0,29.562,-15.875,-80.438,6.188,-5.812,-34.688
25066977,BNO_MAG_UC,1476,-5300,0,26.625,-15.938,-80.438,6.188,-5.812,-34.688
25086889,BNO_MAG_UC,1477,-5300,0,20.312,-15.250,-83.562,6.188,-5.812,-34.688
25117937,BNO_MAG_UC,1478,-5200,0,9.688,-13.938,-86.250,6.188,-5.812,-34.688
25126641,BNO_MAG_UC,1479,-4700,0,9.312,-14.250,-87.188,6.188,-5.812,-34.688
25137535,BNO_MAG_UC,1480,-5800,0,7.500,-12.875,-86.250,6.188,-5.812,-34.688
25167292,BNO_MAG_UC,1481,-5300,0,11.875,-14.250,-84.438,6.188,-5.812,-34.688
25177231,BNO_MAG_UC,1482,-5300,0,14.812,-13.875,-85.438,6.188,-5.812,-34.688
25187274,BNO_MAG_UC,1483,-5300,0,17.750,-15.250,-84.000,6.188,-5.812,-34.688
25207540,BNO_MAG_UC,1484,-4900,0,25.875,-16.625,-81.312,6.188,-5.812,-34.688
25217278,BNO_MAG_UC,1485,-5100,0,29.188,-16.938,-79.500,6.188,-5.812,-34.688
25246711,BNO_MAG_UC,1486,-4500,0,31.375,-16.938,-77.250,6.188,-5.812,-34.688
25257791,BNO_MAG_UC,1487,-5600,0,31.000,-16.562,-79.062,6.188,-5.812,-34.688
25267331,BNO_MAG_UC,1488,-4900,0,29.188,-15.188,-80.438,6.188,-5.812,-34.688
25287668,BNO_MAG_UC,1489,-4700,0,24.812,-15.938,-82.625,6.188,-5.812,-34.688
25296753,BNO_MAG_UC,1490,-4900,0,19.938,-15.625,-85.438,6.188,-5.812,-34.688
25307552,BNO_MAG_UC,1491,-5300,0,15.562,-15.312,-85.812,6.188,-5.812,-34.688
25327448,BNO_MAG_UC,1492,-5100,0,10.750,-14.250,-86.750,6.188,-5.812,-34.688
25338198,BNO_MAG_UC,1493,-5800,0,9.688,-14.250,-86.688,6.188,-5.812,-34.688
25347644,BNO_MAG_UC,1494,-4500,0,10.062,-12.500,-86.250,6.188,-5.812,-34.688
25367675,BNO_MAG_UC,1495,-5300,0,11.500,-14.625,-86.250,6.188,-5.812,-34.688
25378381,BNO_MAG_UC,1496,-5800,0,13.750,-13.875,-85.812,6.188,-5.812,-34.688
25407900,BNO_MAG_UC,1497,-4900,0,21.062,-16.688,-82.188,6.188,-5.812,-34.688
25417224,BNO_MAG_UC,1498,-5100,0,24.062,-16.625,-82.250,6.188,-5.812,-34.688
25427979,BNO_MAG_UC,1499,-5400,0,25.125,-16.250,-81.375,6.188,-5.812,-34.688
25448467,BNO_MAG_UC,1500,-6000,0,24.812,-15.562,-83.688,6.188,-5.812,-34.688
25457276,BNO_MAG_UC,1501,-4700,0,23.688,-15.562,-83.562,6.188,-5.812,-34.688
25488642,BNO_MAG_UC,1502,-5800,0,18.500,-13.875,-85.000,6.188,-5.812,-34.688
25497709,BNO_MAG_UC,1503,-4700,0,15.938,-14.562,-84.500,6.188,-5.812,-34.688
25508475,BNO_MAG_UC,1504,-5800,0,14.062,-14.938,-86.250,6.188,-5.812,-34.688
25528467,BNO_MAG_UC,1505,-6000,0,12.250,-14.250,-86.250,6.188,-5.812,-34.688
25537883,BNO_MAG_UC,1506,-4900,0,12.625,-13.875,-85.312,6.188,-5.812,-34.688
25568301,BNO_MAG_UC,1507,-4900,0,15.562,-14.250,-85.438,6.188,-5.812,-34.688
25577744,BNO_MAG_UC,1508,-4900,0,18.125,-14.188,-84.938,6.188,-5.812,-34.688
25609141,BNO_MAG_UC,1509,-5500,0,24.438,-16.625,-83.188,6.188,-5.812,-34.688
25617933,BNO_MAG_UC,1510,-4500,0,24.062,-15.188,-82.688,6.188,-5.812,-34.688
25649049,BNO_MAG_UC,1511,-5800,0,22.500,-14.562,-81.750,6.188,-5.812,-34.688
25658092,BNO_MAG_UC,1512,-4500,0,20.688,-16.312,-82.688,6.188,-5.812,-34.688
25688928,BNO_MAG_UC,1513,-4700,0,17.375,-15.250,-83.562,6.188,-5.812,-34.688
25698280,BNO_MAG_UC,1514,-5100,0,16.250,-15.312,-84.000,6.188,-5.812,-34.688
25729871,BNO_MAG_UC,1515,-5500,0,17.375,-13.875,-84.938,6.188,-5.812,-34.688
25738451,BNO_MAG_UC,1516,-4500,0,17.062,-13.188,-84.500,6.188,-5.812,-34.688
25769267,BNO_MAG_UC,1517,-4900,0,21.438,-14.188,-83.562,6.188,-5.812,-34.688
25778387,BNO_MAG_UC,1518,-4900,0,24.062,-15.938,-84.062,6.188,-5.812,-34.688
25809369,BNO_MAG_UC,1519,-5100,0,26.250,-15.562,-80.438,6.188,-5.812,-34.688
25818595,BNO_MAG_UC,1520,-5100,0,27.375,-15.562,-80.000,6.188,-5.812,-34.688
25849503,BNO_MAG_UC,1521,-5300,0,24.375,-17.312,-81.312,6.188,-5.812,-34.688
25858586,BNO_MAG_UC,1522,-4900,0,25.125,-16.625,-81.312,6.188,-5.812,-34.688
25889597,BNO_MAG_UC,1523,-5300,0,20.688,-16.688,-83.562,6.188,-5.812,-34.688
25898302,BNO_MAG_UC,1524,-4700,0,20.312,-15.625,-82.625,6.188,-5.812,-34.688
25909057,BNO_MAG_UC,1525,-5800,0,19.188,-15.938,-84.500,6.188,-5.812,-34.688
25938860,BNO_MAG_UC,1526,-5100,0,17.750,-14.188,-84.500,6.188,-5.812,-34.688
25969956,BNO_MAG_UC,1527,-5100,0,17.750,-13.875,-85.375,6.188,-5.812,-34.688
25978696,BNO_MAG_UC,1528,-4500,0,18.125,-13.812,-86.812,6.188,-5.812,-34.688
25989630,BNO_MAG_UC,1529,-5800,0,18.125,-14.562,-85.812,6.188,-5.812,-34.688
25999098,BNO_MAG_UC,1530,-4700,0,19.250,-14.188,-85.000,6.188,-5.812,-34.688
26018933,BNO_MAG_UC,1531,-4300,0,18.875,-14.875,-84.500,6.188,-5.812,-34.688
26029725,BNO_MAG_UC,1532,-5600,0,20.312,-14.562,-82.688,6.188,-5.812,-34.688
26039126,BNO_MAG_UC,1533,-4700,0,20.688,-15.938,-83.062,6.188,-5.812,-34.688
26058886,BNO_MAG_UC,1534,-4200,0,23.250,-15.250,-82.250,6.188,-5.812,-34.688
26069430,BNO_MAG_UC,1535,-5400,0,23.250,-16.312,-81.750,6.188,-5.812,-34.688
26079436,BNO_MAG_UC,1536,-5100,0,24.812,-14.875,-82.250,6.188,-5.812,-34.688
26099013,BNO_MAG_UC,1537,-5100,0,26.938,-17.688,-79.938,6.188,-5.812,-34.688
26109863,BNO_MAG_UC,1538,-5600,0,29.562,-15.188,-81.375,6.188,-5.812,-34.688
26139040,BNO_MAG_UC,1539,-4900,0,27.750,-13.750,-81.812,6.188,-5.812,-34.688
26149846,BNO_MAG_UC,1540,-5600,0,25.938,-13.812,-83.125,6.188,-5.812,-34.688
26159395,BNO_MAG_UC,1541,-4700,0,22.938,-13.812,-84.062,6.188,-5.812,-34.688
26179104,BNO_MAG_UC,1542,-4900,0,17.062,-12.812,-86.312,6.188,-5.812,-34.688
26219765,BNO_MAG_UC,1543,-5100,0,11.188,-11.812,-87.625,6.188,-5.812,-34.688
26229057,BNO_MAG_UC,1544,-5300,0,11.500,-12.500,-86.250,6.188,-5.812,-34.688
26259008,BNO_MAG_UC,1545,-4300,0,14.812,-14.250,-84.438,6.188,-5.812,-34.688
26270113,BNO_MAG_UC,1546,-5800,0,17.000,-13.875,-84.875,6.188,-5.812,-34.688
26300102,BNO_MAG_UC,1547,-5100,0,26.625,-14.875,-81.812,6.188,-5.812,-34.688
26309379,BNO_MAG_UC,1548,-4900,0,28.438,-15.188,-80.438,6.188,-5.812,-34.688
26339468,BNO_MAG_UC,1549,-4500,0,29.562,-15.875,-80.000,6.188,-5.812,-34.688
26350546,BNO_MAG_UC,1550,-5600,0,27.688,-15.562,-79.500,6.188,-5.812,-34.688
26380131,BNO_MAG_UC,1551,-4900,0,25.125,-16.625,-82.625,6.188,-5.812,-34.688
26389476,BNO_MAG_UC,1552,-4700,0,23.688,-14.875,-82.625,6.188,-5.812,-34.688
26420782,BNO_MAG_UC,1553,-5300,0,20.688,-15.250,-84.062,6.188,-5.812,-34.688
26429675,BNO_MAG_UC,1554,-4700,0,21.438,-16.625,-84.062,6.188,-5.812,-34.688
26461054,BNO_MAG_UC,1555,-5800,0,22.125,-16.312,-83.562,6.188,-5.812,-34.688
26470017,BNO_MAG_UC,1556,-4500,0,23.250,-14.500,-83.562,6.188,-5.812,-34.688
26501059,BNO_MAG_UC,1557,-5100,0,21.438,-13.125,-83.125,6.188,-5.812,-34.688
26510052,BNO_MAG_UC,1558,-4900,0,20.375,-13.812,-84.938,6.188,-5.812,-34.688
26541565,BNO_MAG_UC,1559,-5500,0,13.000,-13.188,-87.625,6.188,-5.812,-34.688
26550432,BNO_MAG_UC,1560,-4900,0,13.375,-13.188,-86.688,6.188,-5.812,-34.688
26560316,BNO_MAG_UC,1561,-4900,0,12.250,-10.750,-85.375,6.188,-5.812,-34.688
26580985,BNO_MAG_UC,1562,-4900,0,12.250,-13.562,-86.688,6.188,-5.812,-34.688
26590245,BNO_MAG_UC,1563,-4900,0,12.625,-13.188,-86.750,6.188,-5.812,-34.688
26621100,BNO_MAG_UC,1564,-5800,0,17.375,-14.938,-85.375,6.188,-5.812,-34.688
26630321,BNO_MAG_UC,1565,-4500,0,20.312,-15.938,-81.750,6.188,-5.812,-34.688
26661367,BNO_MAG_UC,1566,-5100,0,29.562,-16.562,-80.000,6.188,-5.812,-34.688
26670498,BNO_MAG_UC,1567,-4900,0,30.312,-16.250,-79.500,6.188,-5.812,-34.688
26701234,BNO_MAG_UC,1568,-5200,0,30.625,-18.000,-78.562,6.188,-5.812,-34.688
26710438,BNO_MAG_UC,1569,-4900,0,29.562,-16.250,-80.000,6.188,-5.812,-34.688
26741539,BNO_MAG_UC,1570,-5300,0,22.875,-16.312,-83.125,6.188,-5.812,-34.688
26750331,BNO_MAG_UC,1571,-4700,0,20.312,-16.312,-83.062,6.188,-5.812,-34.688
26761181,BNO_MAG_UC,1572,-5600,0,16.250,-15.625,-84.000,6.188,-5.812,-34.688
26790521,BNO_MAG_UC,1573,-4700,0,8.938,-16.062,-86.688,6.188,-5.812,-34.688
26801388,BNO_MAG_UC,1574,-5600,0,8.188,-15.000,-87.125,6.188,-5.812,-34.688
26810868,BNO_MAG_UC,1575,-4700,0,6.688,-15.375,-86.625,6.188,-5.812,-34.688
26830925,BNO_MAG_UC,1576,-4500,0,6.312,-15.375,-85.250,6.188,-5.812,-34.688
26841727,BNO_MAG_UC,1577,-5800,0,7.812,-14.625,-87.125,6.188,-5.812,-34.688
26870649,BNO_MAG_UC,1578,-4700,0,13.688,-15.688,-84.438,6.188,-5.812,-34.688
26881503,BNO_MAG_UC,1579,-5800,0,15.875,-15.625,-84.438,6.188,-5.812,-34.688
26910928,BNO_MAG_UC,1580,-5100,0,22.500,-16.312,-81.750,6.188,-5.812,-34.688
26921655,BNO_MAG_UC,1581,-5600,0,21.750,-16.312,-83.125,6.188,-5.812,-34.688
26950947,BNO_MAG_UC,1582,-4900,0,20.312,-16.688,-83.062,6.188,-5.812,-34.688
26961741,BNO_MAG_UC,1583,-5600,0,19.188,-15.250,-81.750,6.188,-5.812,-34.688
26971299,BNO_MAG_UC,1584,-4900,0,18.812,-17.375,-84.438,6.188,-5.812,-34.688
26991770,BNO_MAG_UC,1585,-4900,0,15.500,-16.375,-84.875,6.188,-5.812,-34.688
27000646,BNO_MAG_UC,1586,-4900,0,14.812,-17.438,-85.312,6.188,-5.812,-34.688
27011486,BNO_MAG_UC,1587,-5400,0,14.812,-17.062,-86.250,6.188,-5.812,-34.688
27031872,BNO_MAG_UC,1588,-5300,0,12.625,-16.000,-85.812,6.188,-5.812,-34.688
27040861,BNO_MAG_UC,1589,-5100,0,14.438,-15.312,-85.812,6.188,-5.812,-34.688
27051618,BNO_MAG_UC,1590,-5600,0,14.062,-15.625,-85.312,6.188,-5.812,-34.688
27071000,BNO_MAG_UC,1591,-4700,0,14.438,-15.312,-86.688,6.188,-5.812,-34.688
27082017,BNO_MAG_UC,1592,-5800,0,12.938,-16.375,-84.875,6.188,-5.812,-34.688
27112010,BNO_MAG_UC,1593,-5100,0,13.688,-14.938,-85.812,6.188,-5.812,-34.688
27121209,BNO_MAG_UC,1594,-4700,0,13.312,-16.375,-84.000,6.188,-5.812,-34.688
27131942,BNO_MAG_UC,1595,-5400,0,13.688,-16.375,-86.250,6.188,-5.812,-34.688
27152203,BNO_MAG_UC,1596,-5800,0,13.688,-16.750,-84.438,6.188,-5.812,-34.688
27161217,BNO_MAG_UC,1597,-4900,0,14.062,-16.688,-85.312,6.188,-5.812,-34.688
27192383,BNO_MAG_UC,1598,-5600,0,18.062,-18.438,-83.062,6.188,-5.812,-34.688
27201652,BNO_MAG_UC,1599,-4700,0,20.312,-18.438,-83.062,6.188,-5.812,-34.688
27212400,BNO_MAG_UC,1600,-5600,0,20.625,-18.812,-81.250,6.188,-5.812,-34.688
27232465,BNO_MAG_UC,1601,-5800,0,26.562,-18.375,-79.938,6.188,-5.812,-34.688
27241661,BNO_MAG_UC,1602,-4900,0,27.312,-19.812,-79.000,6.188,-5.812,-34.688
27252478,BNO_MAG_UC,1603,-5800,0,29.500,-19.062,-79.062,6.188,-5.812,-34.688
27272830,BNO_MAG_UC,1604,-6200,0,29.875,-18.688,-77.688,6.188,-5.812,-34.688
27281724,BNO_MAG_UC,1605,-4700,0,30.625,-19.750,-78.562,6.188,-5.812,-34.688
27312881,BNO_MAG_UC,1606,-6000,0,27.688,-19.062,-79.000,6.188,-5.812,-34.688
27321932,BNO_MAG_UC,1607,-4500,0,24.000,-19.125,-81.250,6.188,-5.812,-34.688
27352893,BNO_MAG_UC,1608,-5300,0,15.500,-17.375,-85.812,6.188,-5.812,-34.688
27361903,BNO_MAG_UC,1609,-4900,0,13.688,-16.750,-84.000,6.188,-5.812,-34.688
27392987,BNO_MAG_UC,1610,-5800,0,8.188,-15.375,-84.812,6.188,-5.812,-34.688
27402217,BNO_MAG_UC,1611,-4500,0,7.812,-16.062,-83.938,6.188,-5.812,-34.688
27433126,BNO_MAG_UC,1612,-4900,0,12.938,-14.938,-84.000,6.188,-5.812,-34.688
27442418,BNO_MAG_UC,1613,-5300,0,15.875,-17.062,-84.000,6.188,-5.812,-34.688
27452451,BNO_MAG_UC,1614,-5400,0,19.562,-17.375,-82.625,6.188,-5.812,-34.688
27473344,BNO_MAG_UC,1615,-5100,0,26.562,-18.375,-80.438,6.188,-5.812,-34.688
27482108,BNO_MAG_UC,1616,-4700,0,27.688,-17.688,-80.000,6.188,-5.812,-34.688
27522418,BNO_MAG_UC,1617,-4900,0,29.562,-18.000,-79.062,6.188,-5.812,-34.688
27553260,BNO_MAG_UC,1618,-5200,0,22.125,-17.688,-82.625,6.188,-5.812,-34.688
27562155,BNO_MAG_UC,1619,-4900,0,20.312,-17.750,-82.125,6.188,-5.812,-34.688
27572878,BNO_MAG_UC,1620,-5600,0,17.375,-18.125,-84.000,6.188,-5.812,-34.688
27601784,BNO_MAG_UC,1621,-4500,0,12.562,-15.688,-84.438,6.188,-5.812,-34.688
27642355,BNO_MAG_UC,1622,-4500,0,13.688,-17.750,-85.812,6.188,-5.812,-34.688
27653125,BNO_MAG_UC,1623,-5600,0,16.625,-17.062,-83.500,6.188,-5.812,-34.688
27662772,BNO_MAG_UC,1624,-4900,0,18.812,-17.750,-83.062,6.188,-5.812,-34.688
27682694,BNO_MAG_UC,1625,-4300,0,25.500,-17.312,-80.812,6.188,-5.812,-34.688
27693506,BNO_MAG_UC,1626,-5600,0,26.938,-17.000,-78.562,6.188,-5.812,-34.688
27702997,BNO_MAG_UC,1627,-4900,0,29.500,-18.375,-78.125,6.188,-5.812,-34.688
27722766,BNO_MAG_UC,1628,-5100,0,29.875,-16.938,-78.125,6.188,-5.812,-34.688
27733515,BNO_MAG_UC,1629,-5600,0,29.875,-17.312,-78.562,6.188,-5.812,-34.688
27743114,BNO_MAG_UC,1630,-4900,0,30.625,-17.625,-80.375,6.188,-5.812,-34.688
27762817,BNO_MAG_UC,1631,-4300,0,28.812,-17.312,-77.625,6.188,-5.812,-34.688
27773552,BNO_MAG_UC,1632,-5600,0,27.312,-17.312,-79.500,6.188,-5.812,-34.688
27783135,BNO_MAG_UC,1633,-4900,0,26.625,-16.625,-81.688,6.188,-5.812,-34.688
27803063,BNO_MAG_UC,1634,-4500,0,24.062,-17.688,-82.625,6.188,-5.812,-34.688
27813801,BNO_MAG_UC,1635,-5400,0,22.875,-15.250,-82.188,6.188,-5.812,-34.688
27823266,BNO_MAG_UC,1636,-4500,0,22.500,-16.312,-83.125,6.188,-5.812,-34.688
27843689,BNO_MAG_UC,1637,-5600,0,22.500,-15.562,-82.625,6.188,-5.812,-34.688
27852637,BNO_MAG_UC,1638,-4900,0,22.875,-15.562,-82.250,6.188,-5.812,-34.688
27863450,BNO_MAG_UC,1639,-5400,0,25.125,-17.312,-81.750,6.188,-5.812,-34.688
27883770,BNO_MAG_UC,1640,-5600,0,29.188,-16.562,-80.875,6.188,-5.812,-34.688
27892696,BNO_MAG_UC,1641,-4700,0,31.000,-17.312,-78.562,6.188,-5.812,-34.688
27903559,BNO_MAG_UC,1642,-5400,0,32.125,-16.562,-78.625,6.188,-5.812,-34.688
27924115,BNO_MAG_UC,1643,-5800,0,32.875,-15.500,-76.312,6.188,-5.812,-34.688
27933091,BNO_MAG_UC,1644,-4700,0,33.562,-16.562,-77.250,6.188,-5.812,-34.688
27943877,BNO_MAG_UC,1645,-5600,0,32.875,-17.625,-79.062,6.188,-5.812,-34.688
27964137,BNO_MAG_UC,1646,-5500,0,30.688,-16.250,-80.500,6.188,-5.812,-34.688
27973270,BNO_MAG_UC,1647,-5100,0,29.188,-15.875,-79.062,6.188,-5.812,-34.688
28003903,BNO_MAG_UC,1648,-5100,0,23.250,-17.375,-82.188,6.188,-5.812,-34.688
28013311,BNO_MAG_UC,1649,-5100,0,20.312,-15.938,-83.062,6.188,-5.812,-34.688
28024135,BNO_MAG_UC,1650,-5600,0,18.500,-17.000,-84.875,6.188,-5.812,-34.688
28044063,BNO_MAG_UC,1651,-5800,0,13.688,-14.625,-85.812,6.188,-5.812,-34.688
28053505,BNO_MAG_UC,1652,-4900,0,11.875,-13.562,-85.750,6.188,-5.812,-34.688
28084531,BNO_MAG_UC,1653,-5800,0,9.312,-13.562,-83.938,6.188,-5.812,-34.688
28093525,BNO_MAG_UC,1654,-4500,0,12.625,-15.312,-85.312,6.188,-5.812,-34.688
28104540,BNO_MAG_UC,1655,-5600,0,14.125,-13.500,-87.188,6.188,-5.812,-34.688
28124600,BNO_MAG_UC,1656,-6000,0,16.625,-14.562,-83.562,6.188,-5.812,-34.688
28133730,BNO_MAG_UC,1657,-4700,0,19.938,-15.250,-83.562,6.188,-5.812,-34.688
28165248,BNO_MAG_UC,1658,-5500,0,28.438,-17.312,-79.938,6.188,-5.812,-34.688
28173914,BNO_MAG_UC,1659,-4700,0,29.562,-17.312,-78.562,6.188,-5.812,-34.688
28204678,BNO_MAG_UC,1660,-6000,0,31.000,-18.000,-78.188,6.188,-5.812,-34.688
28213808,BNO_MAG_UC,1661,-4500,0,30.250,-16.250,-77.688,6.188,-5.812,-34.688
28244961,BNO_MAG_UC,1662,-5800,0,27.000,-14.875,-79.938,6.188,-5.812,-34.688
28254127,BNO_MAG_UC,1663,-4500,0,25.875,-16.250,-81.312,6.188,-5.812,-34.688
28285134,BNO_MAG_UC,1664,-5300,0,18.500,-15.625,-84.438,6.188,-5.812,-34.688
28294164,BNO_MAG_UC,1665,-4900,0,15.188,-15.312,-85.812,6.188,-5.812,-34.688
28324990,BNO_MAG_UC,1666,-5000,0,11.125,-14.625,-85.312,6.188,-5.812,-34.688
28334130,BNO_MAG_UC,1667,-5100,0,11.125,-13.188,-85.812,6.188,-5.812,-34.688
28365179,BNO_MAG_UC,1668,-5200,0,13.688,-16.000,-85.312,6.188,-5.812,-34.688
28374006,BNO_MAG_UC,1669,-4700,0,14.438,-15.312,-84.438,6.188,-5.812,-34.688
28384886,BNO_MAG_UC,1670,-5600,0,16.625,-14.562,-84.000,6.188,-5.812,-34.688
28414060,BNO_MAG_UC,1671,-4700,0,21.375,-17.750,-81.250,6.188,-5.812,-34.688
28424895,BNO_MAG_UC,1672,-5600,0,25.125,-17.000,-82.188,6.188,-5.812,-34.688
28454281,BNO_MAG_UC,1673,-4900,0,30.250,-17.312,-77.250,6.188,-5.812,-34.688
28465157,BNO_MAG_UC,1674,-5800,0,29.875,-17.312,-77.250,6.188,-5.812,-34.688
28474690,BNO_MAG_UC,1675,-4900,0,30.625,-17.312,-78.562,6.188,-5.812,-34.688
28494517,BNO_MAG_UC,1676,-4300,0,27.000,-16.938,-80.000,6.188,-5.812,-34.688
28505351,BNO_MAG_UC,1677,-5800,0,25.500,-16.250,-80.812,6.188,-5.812,-34.688
28534714,BNO_MAG_UC,1678,-4900,0,14.438,-13.875,-84.875,6.188,-5.812,-34.688
28545503,BNO_MAG_UC,1679,-5800,0,8.938,-13.562,-85.312,6.188,-5.812,-34.688
28554915,BNO_MAG_UC,1680,-4700,0,7.500,-13.250,-87.562,6.188,-5.812,-34.688
28574706,BNO_MAG_UC,1681,-4300,0,4.875,-12.188,-84.812,6.188,-5.812,-34.688
28585576,BNO_MAG_UC,1682,-5800,0,6.000,-12.562,-85.688,6.188,-5.812,-34.688
28594942,BNO_MAG_UC,1683,-4500,0,3.750,-13.312,-84.812,6.188,-5.812,-34.688
28615244,BNO_MAG_UC,1684,-4900,0,8.562,-14.312,-86.188,6.188,-5.812,-34.688
28625099,BNO_MAG_UC,1685,-4900,0,10.750,-13.938,-85.812,6.188,-5.812,-34.688
28635120,BNO_MAG_UC,1686,-5400,0,14.812,-13.188,-84.000,6.188,-5.812,-34.688
28655120,BNO_MAG_UC,1687,-5300,0,21.062,-15.250,-82.125,6.188,-5.812,-34.688
28665968,BNO_MAG_UC,1688,-6000,0,24.438,-14.188,-80.375,6.188,-5.812,-34.688
28675180,BNO_MAG_UC,1689,-4500,0,26.625,-15.188,-78.938,6.188,-5.812,-34.688
28695336,BNO_MAG_UC,1690,-4900,0,30.625,-15.562,-78.125,6.188,-5.812,-34.688
28704660,BNO_MAG_UC,1691,-5100,0,29.188,-16.250,-79.062,6.188,-5.812,-34.688
28715437,BNO_MAG_UC,1692,-5400,0,28.812,-15.875,-81.312,6.188,-5.812,-34.688
28735654,BNO_MAG_UC,1693,-5800,0,25.188,-15.188,-81.812,6.188,-5.812,-34.688
28744683,BNO_MAG_UC,1694,-4700,0,20.688,-14.188,-82.625,6.188,-5.812,-34.688
28755535,BNO_MAG_UC,1695,-5400,0,18.875,-14.188,-84.000,6.188,-5.812,-34.688
28776062,BNO_MAG_UC,1696,-5800,0,11.500,-14.625,-86.188,6.188,-5.812,-34.688
28784939,BNO_MAG_UC,1697,-4900,0,9.688,-13.562,-84.812,6.188,-5.812,-34.688
28795721,BNO_MAG_UC,1698,-5800,0,7.812,-12.875,-85.688,6.188,-5.812,-34.688
28815915,BNO_MAG_UC,1699,-6000,0,7.438,-13.625,-85.688,6.188,-5.812,-34.688
28825113,BNO_MAG_UC,1700,-4700,0,8.188,-12.500,-85.688,6.188,-5.812,-34.688
28856219,BNO_MAG_UC,1701,-5800,0,15.562,-13.875,-86.250,6.188,-5.812,-34.688
28865188,BNO_MAG_UC,1702,-4500,0,18.500,-14.562,-82.625,6.188,-5.812,-34.688
28896161,BNO_MAG_UC,1703,-5800,0,26.625,-15.188,-78.562,6.188,-5.812,-34.688
28905430,BNO_MAG_UC,1704,-4900,0,28.062,-16.250,-79.938,6.188,-5.812,-34.688
28916286,BNO_MAG_UC,1705,-6000,0,27.750,-14.500,-79.438,6.188,-5.812,-34.688
28936575,BNO_MAG_UC,1706,-6400,0,26.250,-15.188,-80.875,6.188,-5.812,-34.688
28945541,BNO_MAG_UC,1707,-4900,0,24.438,-14.188,-81.688,6.188,-5.812,-34.688
28976450,BNO_MAG_UC,1708,-5800,0,17.375,-14.938,-85.375,6.188,-5.812,-34.688
28985673,BNO_MAG_UC,1709,-4700,0,14.500,-13.188,-87.125,6.188,-5.812,-34.688
29016761,BNO_MAG_UC,1710,-5800,0,9.688,-14.250,-85.688,6.188,-5.812,-34.688
29025836,BNO_MAG_UC,1711,-4700,0,10.000,-13.938,-84.812,6.188,-5.812,-34.688
29056839,BNO_MAG_UC,1712,-4900,0,14.062,-14.250,-85.312,6.188,-5.812,-34.688
29065710,BNO_MAG_UC,1713,-4900,0,16.250,-15.312,-84.000,6.188,-5.812,-34.688
29096846,BNO_MAG_UC,1714,-5300,0,21.062,-15.625,-83.125,6.188,-5.812,-34.688
29105907,BNO_MAG_UC,1715,-4900,0,21.812,-14.875,-81.750,6.188,-5.812,-34.688
29137094,BNO_MAG_UC,1716,-5800,0,23.250,-15.250,-80.812,6.188,-5.812,-34.688
29146292,BNO_MAG_UC,1717,-4700,0,23.250,-14.875,-81.312,6.188,-5.812,-34.688
29186256,BNO_MAG_UC,1718,-4700,0,22.125,-15.562,-82.188,6.188,-5.812,-34.688
29216886,BNO_MAG_UC,1719,-5000,0,25.500,-15.562,-79.875,6.188,-5.812,-34.688
29226157,BNO_MAG_UC,1720,-5100,0,27.688,-15.562,-79.062,6.188,-5.812,-34.688
29257112,BNO_MAG_UC,1721,-5300,0,32.875,-16.938,-77.188,6.188,-5.812,-34.688
29266349,BNO_MAG_UC,1722,-5100,0,34.688,-16.562,-74.062,6.188,-5.812,-34.688
29297311,BNO_MAG_UC,1723,-5100,0,35.000,-17.312,-72.688,6.188,-5.812,-34.688
29306166,BNO_MAG_UC,1724,-4700,0,35.750,-15.875,-74.062,6.188,-5.812,-34.688
29316991,BNO_MAG_UC,1725,-5800,0,35.375,-17.250,-74.938,6.188,-5.812,-34.688
29326515,BNO_MAG_UC,1726,-4700,0,33.562,-16.938,-75.875,6.188,-5.812,-34.688
29346523,BNO_MAG_UC,1727,-4300,0,29.188,-18.000,-79.000,6.188,-5.812,-34.688
29357393,BNO_MAG_UC,1728,-5800,0,26.625,-14.875,-80.375,6.188,-5.812,-34.688
29366721,BNO_MAG_UC,1729,-4500,0,22.875,-16.312,-83.500,6.188,-5.812,-34.688
29386623,BNO_MAG_UC,1730,-4300,0,16.625,-15.312,-83.438,6.188,-5.812,-34.688
29397445,BNO_MAG_UC,1731,-5800,0,15.562,-13.500,-84.875,6.188,-5.812,-34.688
29406852,BNO_MAG_UC,1732,-4700,0,14.062,-14.625,-84.375,6.188,-5.812,-34.688
29426617,BNO_MAG_UC,1733,-4200,0,13.688,-13.875,-83.438,6.188,-5.812,-34.688
29437457,BNO_MAG_UC,1734,-5800,0,14.438,-13.500,-86.250,6.188,-5.812,-34.688
29446871,BNO_MAG_UC,1735,-4700,0,15.188,-14.562,-85.312,6.188,-5.812,-34.688
29466710,BNO_MAG_UC,1736,-4300,0,20.312,-14.875,-82.625,6.188,-5.812,-34.688
29477510,BNO_MAG_UC,1737,-5800,0,23.250,-14.875,-81.688,6.188,-5.812,-34.688
29487009,BNO_MAG_UC,1738,-4700,0,27.000,-14.875,-81.250,6.188,-5.812,-34.688
29507338,BNO_MAG_UC,1739,-4900,0,30.312,-15.875,-79.438,6.188,-5.812,-34.688
29517223,BNO_MAG_UC,1740,-4900,0,31.750,-16.250,-78.625,6.188,-5.812,-34.688
29547415,BNO_MAG_UC,1741,-4900,0,30.625,-15.562,-77.188,6.188,-5.812,-34.688
29556629,BNO_MAG_UC,1742,-5100,0,30.688,-15.875,-79.438,6.188,-5.812,-34.688
29567414,BNO_MAG_UC,1743,-5600,0,28.062,-16.250,-79.000,6.188,-5.812,-34.688
29587557,BNO_MAG_UC,1744,-5600,0,25.500,-14.875,-81.250,6.188,-5.812,-34.688
29596649,BNO_MAG_UC,1745,-4900,0,22.875,-15.562,-81.250,6.188,-5.812,-34.688
29627634,BNO_MAG_UC,1746,-5600,0,15.938,-14.938,-84.875,6.188,-5.812,-34.688
29636924,BNO_MAG_UC,1747,-4700,0,15.938,-14.562,-85.312,6.188,-5.812,-34.688
29667581,BNO_MAG_UC,1748,-5100,0,10.750,-13.938,-86.188,6.188,-5.812,-34.688
29677018,BNO_MAG_UC,1749,-5100,0,10.062,-13.188,-87.062,6.188,-5.812,-34.688
29708150,BNO_MAG_UC,1750,-5800,0,11.125,-13.562,-86.688,6.188,-5.812,-34.688
29717217,BNO_MAG_UC,1751,-4700,0,11.500,-14.625,-85.250,6.188,-5.812,-34.688
29748163,BNO_MAG_UC,1752,-4900,0,13.000,-14.250,-85.250,6.188,-5.812,-34.688
29757412,BNO_MAG_UC,1753,-5300,0,15.188,-13.875,-85.250,6.188,-5.812,-34.688
29788578,BNO_MAG_UC,1754,-5300,0,19.250,-14.938,-83.500,6.188,-5.812,-34.688
29797456,BNO_MAG_UC,1755,-5100,0,19.938,-14.562,-83.938,6.188,-5.812,-34.688
29829027,BNO_MAG_UC,1756,-5700,0,22.875,-14.500,-82.562,6.188,-5.812,-34.688
29837877,BNO_MAG_UC,1757,-4700,0,24.812,-14.500,-82.188,6.188,-5.812,-34.688
29868813,BNO_MAG_UC,1758,-5100,0,20.688,-14.875,-83.500,6.188,-5.812,-34.688
29877612,BNO_MAG_UC,1759,-4900,0,18.500,-13.500,-83.000,6.188,-5.812,-34.688
29908656,BNO_MAG_UC,1760,-5800,0,11.125,-14.250,-86.188,6.188,-5.812,-34.688
29917996,BNO_MAG_UC,1761,-4700,0,7.812,-13.562,-85.688,6.188,-5.812,-34.688
29927964,BNO_MAG_UC,1762,-5400,0,7.125,-10.750,-87.125,6.188,-5.812,-34.688
29948835,BNO_MAG_UC,1763,-5100,0,3.812,-12.188,-87.938,6.188,-5.812,-34.688
29957781,BNO_MAG_UC,1764,-4700,0,3.812,-11.500,-87.500,6.188,-5.812,-34.688
29988970,BNO_MAG_UC,1765,-6000,0,6.000,-13.625,-87.500,6.188,-5.812,-34.688
29998239,BNO_MAG_UC,1766,-4700,0,6.750,-12.188,-87.062,6.188,-5.812,-34.688
30008165,BNO_MAG_UC,1767,-5300,0,8.188,-13.250,-87.500,6.188,-5.812,-34.688
30029163,BNO_MAG_UC,1768,-5100,0,10.750,-13.938,-85.250,6.188,-5.812,-34.688
30038010,BNO_MAG_UC,1769,-4700,0,12.625,-14.250,-85.250,6.188,-5.812,-34.688
30078208,BNO_MAG_UC,1770,-4700,0,22.875,-15.250,-83.062,6.188,-5.812,-34.688
30109160,BNO_MAG_UC,1771,-5200,0,27.750,-15.188,-79.938,6.188,-5.812,-34.688
30118034,BNO_MAG_UC,1772,-4500,0,27.000,-14.500,-79.938,6.188,-5.812,-34.688
30128805,BNO_MAG_UC,1773,-5800,0,27.750,-16.938,-82.188,6.188,-5.812,-34.688
30158107,BNO_MAG_UC,1774,-4700,0,26.625,-15.875,-81.750,6.188,-5.812,-34.688
30168721,BNO_MAG_UC,1775,-5400,0,24.375,-14.875,-81.688,6.188,-5.812,-34.688
30178561,BNO_MAG_UC,1776,-5100,0,21.062,-14.562,-82.625,6.188,-5.812,-34.688
30198152,BNO_MAG_UC,1777,-4900,0,15.938,-14.938,-85.250,6.188,-5.812,-34.688
