t_us,tag,seq,bno_delay_us,status,mx,my,mz,mbias_x,mbias_y,mbias_z
231573,BNO_MAG_UC,0,-5500,0,-8.625,-34.438,-67.625,6.188,-5.812,-34.688
240490,BNO_MAG_UC,1,-4700,0,-8.312,-35.125,-68.500,6.188,-5.812,-34.688
271498,BNO_MAG_UC,2,-5300,0,-8.625,-34.750,-69.375,6.188,-5.812,-34.688
280376,BNO_MAG_UC,3,-4900,0,-8.312,-35.812,-68.500,6.188,-5.812,-34.688
311610,BNO_MAG_UC,4,-5900,0,-8.250,-35.125,-68.938,6.188,-5.812,-34.688
320642,BNO_MAG_UC,5,-4700,0,-8.250,-34.750,-68.938,6.188,-5.812,-34.688
352374,BNO_MAG_UC,6,-6700,0,-7.875,-34.062,-68.562,6.188,-5.812,-34.688
361097,BNO_MAG_UC,7,-5400,0,-9.375,-35.125,-68.938,6.188,-5.812,-34.688
391679,BNO_MAG_UC,8,-5600,0,-8.625,-35.812,-68.938,6.188,-5.812,-34.688
401026,BNO_MAG_UC,9,-4700,0,-7.938,-34.438,-68.188,6.188,-5.812,-34.688
411097,BNO_MAG_UC,10,-5800,0,-8.625,-34.750,-69.812,6.188,-5.812,-34.688
432105,BNO_MAG_UC,11,-5300,0,-8.625,-33.688,-69.438,6.188,-5.812,-34.688
441065,BNO_MAG_UC,12,-5100,0,-7.875,-34.062,-69.000,6.188,-5.812,-34.688
451749,BNO_MAG_UC,13,-5800,0,-7.875,-34.062,-69.000,6.188,-5.812,-34.688
461474,BNO_MAG_UC,14,-5100,0,-8.250,-34.750,-68.562,6.188,-5.812,-34.688
481124,BNO_MAG_UC,15,-5300,0,-7.938,-35.125,-68.938,6.188,-5.812,-34.688
512249,BNO_MAG_UC,16,-5300,0,-7.938,-34.750,-68.562,6.188,-5.812,-34.688
521378,BNO_MAG_UC,17,-5300,0,-8.625,-34.438,-68.562,6.188,-5.812,-34.688
530646,BNO_MAG_UC,18,-5300,0,-7.938,-35.125,-66.875,6.188,-5.812,-34.688
561324,BNO_MAG_UC,19,-5100,0,-8.625,-33.688,-68.188,6.188,-5.812,-34.688
592895,BNO_MAG_UC,20,-5700,0,-9.375,-35.812,-68.625,6.188,-5.812,-34.688
601765,BNO_MAG_UC,21,-5400,0,-8.625,-34.750,-69.875,6.188,-5.812,-34.688
610851,BNO_MAG_UC,22,-4900,0,-7.938,-35.500,-67.750,6.188,-5.812,-34.688
641358,BNO_MAG_UC,23,-4900,0,-8.625,-33.750,-67.750,6.188,-5.812,-34.688
681084,BNO_MAG_UC,24,-4700,0,-8.625,-34.438,-69.500,6.188,-5.812,-34.688
691192,BNO_MAG_UC,25,-5800,0,-8.625,-35.125,-69.062,6.188,-5.812,-34.688
721975,BNO_MAG_UC,26,-5100,0,-7.938,-34.750,-67.750,6.188,-5.812,-34.688
731083,BNO_MAG_UC,27,-5400,0,-9.000,-34.062,-69.500,6.188,-5.812,-34.688
741404,BNO_MAG_UC,28,-5800,0,-7.562,-34.438,-69.125,6.188,-5.812,-34.688
761598,BNO_MAG_UC,29,-4900,0,-9.000,-34.812,-67.750,6.188,-5.812,-34.688
771678,BNO_MAG_UC,30,-6000,0,-8.250,-34.438,-67.812,6.188,-5.812,-34.688
800499,BNO_MAG_UC,31,-4500,0,-8.625,-34.438,-68.625,6.188,-5.812,-34.688
811353,BNO_MAG_UC,32,-5800,0,-9.000,-34.438,-68.688,6.188,-5.812,-34.688
821686,BNO_MAG_UC,33,-5600,0,-7.875,-34.062,-68.250,6.188,-5.812,-34.688
841592,BNO_MAG_UC,34,-5300,0,-8.625,-35.500,-68.688,6.188,-5.812,-34.688
851800,BNO_MAG_UC,35,-5800,0,-8.688,-36.188,-68.688,6.188,-5.812,-34.688
862307,BNO_MAG_UC,36,-6000,0,-7.875,-34.062,-68.250,6.188,-5.812,-34.688
881781,BNO_MAG_UC,37,-5100,0,-8.625,-35.812,-69.062,6.188,-5.812,-34.688
891888,BNO_MAG_UC,38,-6000,0,-7.938,-35.125,-68.250,6.188,-5.812,-34.688
902996,BNO_MAG_UC,39,-5800,0,-7.875,-34.062,-68.688,6.188,-5.812,-34.688
920852,BNO_MAG_UC,40,-4900,0,-8.250,-35.125,-69.188,6.188,-5.812,-34.688
931696,BNO_MAG_UC,41,-5800,0,-8.250,-34.438,-69.188,6.188,-5.812,-34.688
962375,BNO_MAG_UC,42,-5100,0,-7.875,-34.062,-69.188,6.188,-5.812,-34.688
971601,BNO_MAG_UC,43,-5300,0,-7.562,-34.750,-67.438,6.188,-5.812,-34.688
981728,BNO_MAG_UC,44,-5600,0,-9.375,-34.438,-67.438,6.188,-5.812,-34.688
1002269,BNO_MAG_UC,45,-5100,0,-9.375,-35.125,-68.250,6.188,-5.812,-34.688
1013330,BNO_MAG_UC,46,-6000,0,-8.625,-34.750,-68.688,6.188,-5.812,-34.688
1022701,BNO_MAG_UC,47,-5100,0,-8.312,-35.812,-68.688,6.188,-5.812,-34.688
1042954,BNO_MAG_UC,48,-6000,0,-7.562,-35.438,-69.188,6.188,-5.812,-34.688
1051994,BNO_MAG_UC,49,-5100,0,-9.000,-34.062,-69.562,6.188,-5.812,-34.688
1063046,BNO_MAG_UC,50,-5800,0,-9.000,-36.188,-69.125,6.188,-5.812,-34.688
1082999,BNO_MAG_UC,51,-6000,0,-7.938,-35.125,-68.312,6.188,-5.812,-34.688
1092482,BNO_MAG_UC,52,-5300,0,-9.000,-35.812,-68.250,6.188,-5.812,-34.688
1103762,BNO_MAG_UC,53,-6200,0,-7.562,-35.438,-69.188,6.188,-5.812,-34.688
1123987,BNO_MAG_UC,54,-6400,0,-8.625,-35.812,-69.188,6.188,-5.812,-34.688
1132318,BNO_MAG_UC,55,-5100,0,-9.000,-34.062,-68.312,6.188,-5.812,-34.688
1143189,BNO_MAG_UC,56,-5800,0,-7.188,-35.125,-68.750,6.188,-5.812,-34.688
1163115,BNO_MAG_UC,57,-6000,0,-9.000,-36.188,-70.000,6.188,-5.812,-34.688
1172380,BNO_MAG_UC,58,-4900,0,-9.000,-34.438,-69.188,6.188,-5.812,-34.688
1183308,BNO_MAG_UC,59,-6000,0,-8.625,-34.750,-67.875,6.188,-5.812,-34.688
1203155,BNO_MAG_UC,60,-6000,0,-8.625,-33.438,-68.312,6.188,-5.812,-34.688
1212588,BNO_MAG_UC,61,-4900,0,-7.500,-33.750,-68.750,6.188,-5.812,-34.688
1222670,BNO_MAG_UC,62,-5600,0,-8.688,-35.125,-67.500,6.188,-5.812,-34.688
1243605,BNO_MAG_UC,63,-5200,0,-9.000,-35.500,-67.500,6.188,-5.812,-34.688
1252147,BNO_MAG_UC,64,-5100,0,-7.875,-34.438,-68.750,6.188,-5.812,-34.688
1283505,BNO_MAG_UC,65,-6000,0,-8.250,-35.125,-68.750,6.188,-5.812,-34.688
1292625,BNO_MAG_UC,66,-4500,0,-8.250,-34.750,-68.750,6.188,-5.812,-34.688
1323636,BNO_MAG_UC,67,-5500,0,-8.250,-34.438,-67.875,6.188,-5.812,-34.688
1332756,BNO_MAG_UC,68,-5100,0,-8.250,-34.438,-69.250,6.188,-5.812,-34.688
1363504,BNO_MAG_UC,69,-6000,0,-8.625,-34.750,-68.812,6.188,-5.812,-34.688
1372799,BNO_MAG_UC,70,-4700,0,-8.312,-35.125,-68.375,6.188,-5.812,-34.688
1403984,BNO_MAG_UC,71,-6200,0,-8.250,-34.750,-68.375,6.188,-5.812,-34.688
1412918,BNO_MAG_UC,72,-4500,0,-8.250,-34.125,-67.938,6.188,-5.812,-34.688
1443843,BNO_MAG_UC,73,-5300,0,-8.250,-33.750,-67.500,6.188,-5.812,-34.688
1452997,BNO_MAG_UC,74,-5100,0,-8.625,-35.500,-68.375,6.188,-5.812,-34.688
1463741,BNO_MAG_UC,75,-5800,0,-8.625,-35.500,-68.375,6.188,-5.812,-34.688
1493106,BNO_MAG_UC,76,-4700,0,-7.938,-34.750,-68.812,6.188,-5.812,-34.688
1503689,BNO_MAG_UC,77,-5600,0,-7.938,-34.750,-68.812,6.188,-5.812,-34.688
1533207,BNO_MAG_UC,78,-4700,0,-9.000,-34.750,-69.250,6.188,-5.812,-34.688
1564268,BNO_MAG_UC,79,-6000,0,-7.562,-35.500,-67.938,6.188,-5.812,-34.688
1573417,BNO_MAG_UC,80,-4700,0,-9.000,-34.750,-68.812,6.188,-5.812,-34.688
1584104,BNO_MAG_UC,81,-5800,0,-9.000,-34.750,-68.812,6.188,-5.812,-34.688
1613703,BNO_MAG_UC,82,-4900,0,-9.750,-35.125,-68.438,6.188,-5.812,-34.688
1622876,BNO_MAG_UC,83,-4900,0,-8.250,-35.125,-70.188,6.188,-5.812,-34.688
1634036,BNO_MAG_UC,84,-5600,0,-7.875,-34.500,-68.812,6.188,-5.812,-34.688
1653236,BNO_MAG_UC,85,-5100,0,-8.625,-34.812,-69.312,6.188,-5.812,-34.688
1663871,BNO_MAG_UC,86,-5600,0,-8.625,-34.812,-69.312,6.188,-5.812,-34.688
1692951,BNO_MAG_UC,87,-4300,0,-9.000,-33.438,-68.438,6.188,-5.812,-34.688
1703961,BNO_MAG_UC,88,-5600,0,-9.375,-34.500,-67.125,6.188,-5.812,-34.688
1713992,BNO_MAG_UC,89,-5400,0,-9.000,-34.812,-68.875,6.188,-5.812,-34.688
1733446,BNO_MAG_UC,90,-5100,0,-9.000,-35.500,-69.312,6.188,-5.812,-34.688
1743559,BNO_MAG_UC,91,-5800,0,-9.375,-35.812,-68.438,6.188,-5.812,-34.688
1773241,BNO_MAG_UC,92,-4700,0,-8.312,-35.188,-68.438,6.188,-5.812,-34.688
1783533,BNO_MAG_UC,93,-5600,0,-7.938,-35.812,-68.000,6.188,-5.812,-34.688
1794582,BNO_MAG_UC,94,-5800,0,-8.625,-35.500,-68.875,6.188,-5.812,-34.688
1813646,BNO_MAG_UC,95,-5100,0,-7.562,-34.500,-68.438,6.188,-5.812,-34.688
1823715,BNO_MAG_UC,96,-5600,0,-7.938,-34.812,-68.875,6.188,-5.812,-34.688
1853670,BNO_MAG_UC,97,-4900,0,-7.938,-34.812,-68.000,6.188,-5.812,-34.688
1863827,BNO_MAG_UC,98,-5600,0,-9.750,-34.500,-68.000,6.188,-5.812,-34.688
1893852,BNO_MAG_UC,99,-4300,0,-7.938,-34.812,-67.625,6.188,-5.812,-34.688
1903974,BNO_MAG_UC,100,-5800,0,-8.625,-35.188,-68.500,6.188,-5.812,-34.688
1933854,BNO_MAG_UC,101,-4900,0,-7.938,-34.812,-68.000,6.188,-5.812,-34.688
1944102,BNO_MAG_UC,102,-5600,0,-8.625,-34.812,-68.500,6.188,-5.812,-34.688
1955093,BNO_MAG_UC,103,-5600,0,-7.938,-35.812,-68.438,6.188,-5.812,-34.688
1973641,BNO_MAG_UC,104,-4900,0,-8.250,-35.188,-69.312,6.188,-5.812,-34.688
1984062,BNO_MAG_UC,105,-5600,0,-7.562,-34.125,-68.500,6.188,-5.812,-34.688
2014900,BNO_MAG_UC,106,-5100,0,-8.625,-34.125,-68.875,6.188,-5.812,-34.688
2023850,BNO_MAG_UC,107,-4900,0,-9.000,-36.188,-69.375,6.188,-5.812,-34.688
2034640,BNO_MAG_UC,108,-5400,0,-8.250,-34.125,-69.375,6.188,-5.812,-34.688
2054963,BNO_MAG_UC,109,-6000,0,-8.625,-34.812,-68.500,6.188,-5.812,-34.688
2064006,BNO_MAG_UC,110,-4700,0,-7.562,-34.500,-68.000,6.188,-5.812,-34.688
2074830,BNO_MAG_UC,111,-5600,0,-7.938,-35.812,-68.875,6.188,-5.812,-34.688
2096256,BNO_MAG_UC,112,-6800,0,-9.000,-34.500,-69.750,6.188,-5.812,-34.688
2104374,BNO_MAG_UC,113,-5400,0,-8.250,-34.500,-68.500,6.188,-5.812,-34.688
2114442,BNO_MAG_UC,114,-5400,0,-8.312,-35.188,-68.500,6.188,-5.812,-34.688
2134939,BNO_MAG_UC,115,-5100,0,-7.938,-35.500,-68.875,6.188,-5.812,-34.688
2144030,BNO_MAG_UC,116,-4900,0,-8.250,-34.500,-68.875,6.188,-5.812,-34.688
2154608,BNO_MAG_UC,117,-5400,0,-8.250,-34.500,-68.875,6.188,-5.812,-34.688
2174858,BNO_MAG_UC,118,-4900,0,-7.938,-35.500,-69.375,6.188,-5.812,-34.688
2184188,BNO_MAG_UC,119,-5300,0,-8.625,-33.750,-69.375,6.188,-5.812,-34.688
2215621,BNO_MAG_UC,120,-5700,0,-8.625,-34.812,-69.375,6.188,-5.812,-34.688
2224621,BNO_MAG_UC,121,-4700,0,-8.688,-34.812,-67.188,6.188,-5.812,-34.688
2235473,BNO_MAG_UC,122,-5800,0,-7.562,-34.500,-68.500,6.188,-5.812,-34.688
2255535,BNO_MAG_UC,123,-6200,0,-8.312,-35.875,-68.500,6.188,-5.812,-34.688
2264614,BNO_MAG_UC,124,-4700,0,-8.250,-35.500,-70.250,6.188,-5.812,-34.688
2275143,BNO_MAG_UC,125,-5800,0,-8.250,-35.500,-70.250,6.188,-5.812,-34.688
2295457,BNO_MAG_UC,126,-5800,0,-7.875,-34.500,-68.938,6.188,-5.812,-34.688
2304808,BNO_MAG_UC,127,-4700,0,-8.625,-35.188,-68.500,6.188,-5.812,-34.688
2314917,BNO_MAG_UC,128,-5600,0,-8.625,-34.812,-68.500,6.188,-5.812,-34.688
2335791,BNO_MAG_UC,129,-5100,0,-8.625,-34.812,-68.500,6.188,-5.812,-34.688
2346434,BNO_MAG_UC,130,-6400,0,-7.938,-35.875,-69.438,6.188,-5.812,-34.688
2355322,BNO_MAG_UC,131,-5600,0,-7.938,-35.875,-69.438,6.188,-5.812,-34.688
2375552,BNO_MAG_UC,132,-6000,0,-8.625,-35.562,-68.562,6.188,-5.812,-34.688
2384931,BNO_MAG_UC,133,-4900,0,-7.875,-33.750,-68.562,6.188,-5.812,-34.688
2415831,BNO_MAG_UC,134,-5300,0,-7.938,-35.188,-67.312,6.188,-5.812,-34.688
2424896,BNO_MAG_UC,135,-4900,0,-8.250,-34.500,-68.062,6.188,-5.812,-34.688
2456389,BNO_MAG_UC,136,-5700,0,-8.250,-34.812,-68.938,6.188,-5.812,-34.688
2465283,BNO_MAG_UC,137,-4700,0,-8.312,-34.812,-68.062,6.188,-5.812,-34.688
2496115,BNO_MAG_UC,138,-5100,0,-8.250,-34.812,-69.438,6.188,-5.812,-34.688
2504928,BNO_MAG_UC,139,-4700,0,-8.625,-32.688,-69.875,6.188,-5.812,-34.688
2536716,BNO_MAG_UC,140,-6200,0,-7.875,-34.125,-68.562,6.188,-5.812,-34.688
2545556,BNO_MAG_UC,141,-4900,0,-8.625,-34.125,-68.562,6.188,-5.812,-34.688
2554838,BNO_MAG_UC,142,-4900,0,-8.250,-33.438,-66.438,6.188,-5.812,-34.688
2585394,BNO_MAG_UC,143,-4500,0,-7.938,-34.500,-68.562,6.188,-5.812,-34.688
2605991,BNO_MAG_UC,144,-5100,0,-8.312,-35.562,-69.000,6.188,-5.812,-34.688
2625285,BNO_MAG_UC,145,-5100,0,-10.125,-35.562,-68.562,6.188,-5.812,-34.688
2635915,BNO_MAG_UC,146,-5600,0,-10.125,-35.562,-68.562,6.188,-5.812,-34.688
2665369,BNO_MAG_UC,147,-4700,0,-9.000,-34.500,-67.250,6.188,-5.812,-34.688
2675972,BNO_MAG_UC,148,-5600,0,-9.000,-34.500,-67.250,6.188,-5.812,-34.688
2685941,BNO_MAG_UC,149,-5300,0,-7.875,-33.750,-69.438,6.188,-5.812,-34.688
2705371,BNO_MAG_UC,150,-5100,0,-7.875,-34.500,-69.062,6.188,-5.812,-34.688
2715408,BNO_MAG_UC,151,-5800,0,-8.250,-35.500,-69.438,6.188,-5.812,-34.688
2745625,BNO_MAG_UC,152,-4300,0,-8.250,-34.125,-68.562,6.188,-5.812,-34.688
2755668,BNO_MAG_UC,153,-5600,0,-8.312,-35.875,-69.438,6.188,-5.812,-34.688
2786187,BNO_MAG_UC,154,-5100,0,-9.000,-33.062,-68.562,6.188,-5.812,-34.688
2796088,BNO_MAG_UC,155,-5400,0,-8.625,-34.500,-68.625,6.188,-5.812,-34.688
2806679,BNO_MAG_UC,156,-6000,0,-8.625,-34.812,-68.625,6.188,-5.812,-34.688
2825838,BNO_MAG_UC,157,-5400,0,-8.625,-34.812,-68.125,6.188,-5.812,-34.688
2836609,BNO_MAG_UC,158,-6000,0,-8.625,-34.812,-68.125,6.188,-5.812,-34.688
2846462,BNO_MAG_UC,159,-5300,0,-8.250,-34.812,-69.000,6.188,-5.812,-34.688
2866735,BNO_MAG_UC,160,-5500,0,-8.312,-35.875,-67.750,6.188,-5.812,-34.688
2875639,BNO_MAG_UC,161,-5400,0,-8.625,-35.188,-68.625,6.188,-5.812,-34.688
2886848,BNO_MAG_UC,162,-6200,0,-8.688,-35.875,-66.875,6.188,-5.812,-34.688
2905561,BNO_MAG_UC,163,-4700,0,-8.250,-33.438,-68.625,6.188,-5.812,-34.688
2916083,BNO_MAG_UC,164,-5800,0,-9.000,-35.188,-68.625,6.188,-5.812,-34.688
2927265,BNO_MAG_UC,165,-6000,0,-8.312,-34.812,-67.750,6.188,-5.812,-34.688
2946254,BNO_MAG_UC,166,-5300,0,-9.375,-34.812,-68.625,6.188,-5.812,-34.688
2957306,BNO_MAG_UC,167,-6000,0,-8.625,-35.188,-69.500,6.188,-5.812,-34.688
2966692,BNO_MAG_UC,168,-4900,0,-8.625,-34.125,-69.062,6.188,-5.812,-34.688
2985794,BNO_MAG_UC,169,-4700,0,-9.000,-34.812,-67.750,6.188,-5.812,-34.688
2996439,BNO_MAG_UC,170,-5800,0,-8.625,-35.188,-70.312,6.188,-5.812,-34.688
3005942,BNO_MAG_UC,171,-4900,0,-8.625,-33.438,-69.062,6.188,-5.812,-34.688
3026473,BNO_MAG_UC,172,-4900,0,-9.375,-34.125,-69.000,6.188,-5.812,-34.688
3036715,BNO_MAG_UC,173,-5800,0,-8.625,-34.500,-69.875,6.188,-5.812,-34.688
3046724,BNO_MAG_UC,174,-4700,0,-9.000,-34.125,-69.500,6.188,-5.812,-34.688
3066030,BNO_MAG_UC,175,-4900,0,-8.250,-34.500,-69.500,6.188,-5.812,-34.688
3077525,BNO_MAG_UC,176,-5800,0,-8.250,-34.500,-69.500,6.188,-5.812,-34.688
3086924,BNO_MAG_UC,177,-4900,0,-7.938,-35.875,-68.625,6.188,-5.812,-34.688
3106958,BNO_MAG_UC,178,-5800,0,-8.625,-35.188,-68.625,6.188,-5.812,-34.688
3116259,BNO_MAG_UC,179,-5400,0,-7.938,-34.812,-69.125,6.188,-5.812,-34.688
3127760,BNO_MAG_UC,180,-6400,0,-8.312,-35.188,-68.250,6.188,-5.812,-34.688
3146752,BNO_MAG_UC,181,-5400,0,-8.250,-35.188,-69.125,6.188,-5.812,-34.688
3156251,BNO_MAG_UC,182,-5400,0,-8.625,-34.500,-68.625,6.188,-5.812,-34.688
3167246,BNO_MAG_UC,183,-5800,0,-8.250,-34.812,-68.625,6.188,-5.812,-34.688
3187430,BNO_MAG_UC,184,-6000,0,-7.938,-35.562,-68.250,6.188,-5.812,-34.688
3196419,BNO_MAG_UC,185,-4700,0,-8.312,-35.188,-67.750,6.188,-5.812,-34.688
3207567,BNO_MAG_UC,186,-5800,0,-8.625,-33.750,-69.500,6.188,-5.812,-34.688
3227557,BNO_MAG_UC,187,-6000,0,-8.625,-34.812,-68.250,6.188,-5.812,-34.688
3236496,BNO_MAG_UC,188,-4700,0,-7.938,-35.188,-68.250,6.188,-5.812,-34.688
3247540,BNO_MAG_UC,189,-6000,0,-8.625,-34.500,-69.125,6.188,-5.812,-34.688
3267749,BNO_MAG_UC,190,-6200,0,-7.938,-34.812,-69.125,6.188,-5.812,-34.688
3276806,BNO_MAG_UC,191,-4700,0,-8.625,-34.812,-68.625,6.188,-5.812,-34.688
3297621,BNO_MAG_UC,192,-5400,0,-7.938,-35.188,-69.500,6.188,-5.812,-34.688
3307757,BNO_MAG_UC,193,-5500,0,-8.250,-34.812,-69.125,6.188,-5.812,-34.688
3316764,BNO_MAG_UC,194,-5300,0,-7.188,-34.812,-67.750,6.188,-5.812,-34.688
3327033,BNO_MAG_UC,195,-5800,0,-8.625,-34.812,-68.688,6.188,-5.812,-34.688
3348112,BNO_MAG_UC,196,-5100,0,-7.188,-34.438,-68.625,6.188,-5.812,-34.688
3357185,BNO_MAG_UC,197,-5400,0,-7.562,-33.750,-68.250,6.188,-5.812,-34.688
3367275,BNO_MAG_UC,198,-5400,0,-7.562,-33.750,-68.250,6.188,-5.812,-34.688
3387910,BNO_MAG_UC,199,-6000,0,-9.000,-34.500,-68.688,6.188,-5.812,-34.688
3397131,BNO_MAG_UC,200,-4900,0,-8.625,-34.500,-70.000,6.188,-5.812,-34.688
3408176,BNO_MAG_UC,201,-6000,0,-8.250,-33.750,-68.250,6.188,-5.812,-34.688
3427948,BNO_MAG_UC,202,-6000,0,-7.875,-35.188,-70.000,6.188,-5.812,-34.688
3437273,BNO_MAG_UC,203,-4900,0,-7.938,-34.812,-68.688,6.188,-5.812,-34.688
3447670,BNO_MAG_UC,204,-5600,0,-7.938,-34.812,-68.688,6.188,-5.812,-34.688
3468071,BNO_MAG_UC,205,-6200,0,-8.625,-34.500,-69.125,6.188,-5.812,-34.688
3477334,BNO_MAG_UC,206,-4700,0,-8.625,-34.500,-68.688,6.188,-5.812,-34.688
3488417,BNO_MAG_UC,207,-6000,0,-8.312,-35.875,-67.812,6.188,-5.812,-34.688
3508241,BNO_MAG_UC,208,-6000,0,-8.312,-35.188,-68.250,6.188,-5.812,-34.688
3517565,BNO_MAG_UC,209,-4700,0,-8.625,-34.500,-68.688,6.188,-5.812,-34.688
3548293,BNO_MAG_UC,210,-6000,0,-7.938,-34.812,-68.688,6.188,-5.812,-34.688
3557689,BNO_MAG_UC,211,-4900,0,-8.625,-33.750,-67.375,6.188,-5.812,-34.688
3566917,BNO_MAG_UC,212,-5100,0,-8.625,-34.125,-69.125,6.188,-5.812,-34.688
3597356,BNO_MAG_UC,213,-4500,0,-7.875,-34.125,-68.688,6.188,-5.812,-34.688
3617446,BNO_MAG_UC,214,-4500,0,-9.000,-35.188,-67.438,6.188,-5.812,-34.688
3637452,BNO_MAG_UC,215,-4700,0,-8.312,-34.812,-66.562,6.188,-5.812,-34.688
3648099,BNO_MAG_UC,216,-5800,0,-8.312,-34.812,-66.562,6.188,-5.812,-34.688
3658003,BNO_MAG_UC,217,-5100,0,-8.625,-34.125,-69.125,6.188,-5.812,-34.688
3677479,BNO_MAG_UC,218,-5100,0,-9.000,-35.188,-67.812,6.188,-5.812,-34.688
3687577,BNO_MAG_UC,219,-5600,0,-7.938,-35.188,-67.812,6.188,-5.812,-34.688
3708659,BNO_MAG_UC,220,-5300,0,-7.938,-34.812,-68.688,6.188,-5.812,-34.688
3717622,BNO_MAG_UC,221,-4900,0,-8.250,-34.500,-67.812,6.188,-5.812,-34.688
3727682,BNO_MAG_UC,222,-5600,0,-9.375,-34.125,-68.688,6.188,-5.812,-34.688
3757360,BNO_MAG_UC,223,-4500,0,-7.938,-35.875,-67.438,6.188,-5.812,-34.688
3768311,BNO_MAG_UC,224,-5800,0,-7.875,-34.125,-68.312,6.188,-5.812,-34.688
3778031,BNO_MAG_UC,225,-5100,0,-7.562,-34.500,-67.812,6.188,-5.812,-34.688
3797730,BNO_MAG_UC,226,-5100,0,-8.625,-34.125,-68.250,6.188,-5.812,-34.688
3807838,BNO_MAG_UC,227,-5800,0,-7.938,-34.500,-68.250,6.188,-5.812,-34.688
3837834,BNO_MAG_UC,228,-4300,0,-9.000,-35.188,-69.562,6.188,-5.812,-34.688
3848012,BNO_MAG_UC,229,-5600,0,-7.938,-34.812,-67.812,6.188,-5.812,-34.688
3877593,BNO_MAG_UC,230,-4900,0,-9.000,-35.188,-68.188,6.188,-5.812,-34.688
3887956,BNO_MAG_UC,231,-5600,0,-7.938,-35.875,-69.188,6.188,-5.812,-34.688
3917943,BNO_MAG_UC,232,-4300,0,-8.688,-35.875,-67.438,6.188,-5.812,-34.688
3928129,BNO_MAG_UC,233,-5600,0,-8.625,-35.188,-69.188,6.188,-5.812,-34.688
3939104,BNO_MAG_UC,234,-5600,0,-7.938,-34.812,-68.688,6.188,-5.812,-34.688
3958909,BNO_MAG_UC,235,-5700,0,-9.375,-35.875,-68.250,6.188,-5.812,-34.688
3968593,BNO_MAG_UC,236,-5100,0,-9.000,-35.875,-68.250,6.188,-5.812,-34.688
3978506,BNO_MAG_UC,237,-5400,0,-7.562,-35.188,-68.688,6.188,-5.812,-34.688
3997676,BNO_MAG_UC,238,-4700,0,-9.000,-33.750,-68.688,6.188,-5.812,-34.688
4008066,BNO_MAG_UC,239,-5600,0,-8.625,-34.125,-68.312,6.188,-5.812,-34.688
4018917,BNO_MAG_UC,240,-5300,0,-8.250,-34.500,-68.312,6.188,-5.812,-34.688
4037911,BNO_MAG_UC,241,-4900,0,-8.625,-34.812,-68.688,6.188,-5.812,-34.688
4048410,BNO_MAG_UC,242,-5600,0,-8.625,-33.750,-68.688,6.188,-5.812,-34.688
4059205,BNO_MAG_UC,243,-5400,0,-7.938,-35.562,-68.312,6.188,-5.812,-34.688
4078919,BNO_MAG_UC,244,-5300,0,-8.625,-33.750,-69.562,6.188,-5.812,-34.688
4087983,BNO_MAG_UC,245,-5100,0,-7.562,-34.500,-67.438,6.188,-5.812,-34.688
4098163,BNO_MAG_UC,246,-5400,0,-8.250,-33.750,-68.312,6.188,-5.812,-34.688
4118786,BNO_MAG_UC,247,-4700,0,-7.938,-35.875,-67.812,6.188,-5.812,-34.688
4128117,BNO_MAG_UC,248,-5400,0,-8.250,-35.188,-69.562,6.188,-5.812,-34.688
4159516,BNO_MAG_UC,249,-5500,0,-8.625,-33.438,-68.750,6.188,-5.812,-34.688
4168498,BNO_MAG_UC,250,-4700,0,-6.812,-34.125,-68.312,6.188,-5.812,-34.688
4179291,BNO_MAG_UC,251,-5600,0,-8.250,-34.812,-69.188,6.188,-5.812,-34.688
4199318,BNO_MAG_UC,252,-5800,0,-9.000,-33.750,-68.312,6.188,-5.812,-34.688
4208571,BNO_MAG_UC,253,-4900,0,-7.562,-34.812,-66.562,6.188,-5.812,-34.688
4218782,BNO_MAG_UC,254,-5600,0,-7.938,-35.875,-67.875,6.188,-5.812,-34.688
4239202,BNO_MAG_UC,255,-5100,0,-8.312,-36.625,-68.250,6.188,-5.812,-34.688
4248583,BNO_MAG_UC,256,-4900,0,-9.000,-35.188,-69.188,6.188,-5.812,-34.688
4279749,BNO_MAG_UC,257,-5700,0,-8.625,-34.500,-69.562,6.188,-5.812,-34.688
4288685,BNO_MAG_UC,258,-4700,0,-9.000,-34.812,-68.750,6.188,-5.812,-34.688
4320049,BNO_MAG_UC,259,-5700,0,-9.750,-33.438,-68.750,6.188,-5.812,-34.688
4328900,BNO_MAG_UC,260,-4500,0,-9.750,-34.500,-69.562,6.188,-5.812,-34.688
4359927,BNO_MAG_UC,261,-6000,0,-9.000,-34.812,-68.750,6.188,-5.812,-34.688
4369046,BNO_MAG_UC,262,-4700,0,-7.562,-36.562,-67.875,6.188,-5.812,-34.688
4379688,BNO_MAG_UC,263,-5800,0,-7.562,-36.562,-67.875,6.188,-5.812,-34.688
4400352,BNO_MAG_UC,264,-6100,0,-9.000,-33.812,-66.625,6.188,-5.812,-34.688
4409207,BNO_MAG_UC,265,-4900,0,-8.250,-34.812,-69.188,6.188,-5.812,-34.688
4439984,BNO_MAG_UC,266,-5100,0,-7.938,-35.188,-68.750,6.188,-5.812,-34.688
4449170,BNO_MAG_UC,267,-5100,0,-7.188,-34.812,-69.625,6.188,-5.812,-34.688
4480125,BNO_MAG_UC,268,-5300,0,-7.875,-34.500,-68.750,6.188,-5.812,-34.688
4489053,BNO_MAG_UC,269,-5100,0,-7.562,-34.500,-67.875,6.188,-5.812,-34.688
4520764,BNO_MAG_UC,270,-6000,0,-7.875,-34.125,-69.625,6.188,-5.812,-34.688
4529668,BNO_MAG_UC,271,-4900,0,-8.250,-34.812,-68.750,6.188,-5.812,-34.688
4538803,BNO_MAG_UC,272,-5100,0,-9.000,-34.812,-69.625,6.188,-5.812,-34.688
4549834,BNO_MAG_UC,273,-5800,0,-7.938,-35.500,-69.188,6.188,-5.812,-34.688
4569252,BNO_MAG_UC,274,-5100,0,-9.000,-34.500,-68.312,6.188,-5.812,-34.688
4579922,BNO_MAG_UC,275,-5800,0,-9.000,-34.500,-68.312,6.188,-5.812,-34.688
4589879,BNO_MAG_UC,276,-5300,0,-8.625,-35.188,-67.875,6.188,-5.812,-34.688
4609558,BNO_MAG_UC,277,-5300,0,-8.625,-34.500,-67.875,6.188,-5.812,-34.688
4620188,BNO_MAG_UC,278,-5600,0,-8.625,-34.500,-67.875,6.188,-5.812,-34.688
4649730,BNO_MAG_UC,279,-5100,0,-7.938,-33.750,-67.500,6.188,-5.812,-34.688
4681022,BNO_MAG_UC,280,-5500,0,-7.875,-34.125,-69.250,6.188,-5.812,-34.688
4690424,BNO_MAG_UC,281,-5600,0,-8.250,-34.500,-68.750,6.188,-5.812,-34.688
4700202,BNO_MAG_UC,282,-5100,0,-8.625,-34.125,-68.750,6.188,-5.812,-34.688
4710309,BNO_MAG_UC,283,-5800,0,-7.938,-34.812,-69.250,6.188,-5.812,-34.688
4729321,BNO_MAG_UC,284,-4900,0,-8.625,-34.125,-68.375,6.188,-5.812,-34.688
4739702,BNO_MAG_UC,285,-5800,0,-9.000,-35.562,-69.250,6.188,-5.812,-34.688
4769966,BNO_MAG_UC,286,-5300,0,-8.312,-35.188,-67.875,6.188,-5.812,-34.688
4801459,BNO_MAG_UC,287,-5600,0,-7.938,-35.188,-67.500,6.188,-5.812,-34.688
4810652,BNO_MAG_UC,288,-5400,0,-8.312,-35.188,-67.875,6.188,-5.812,-34.688
4820511,BNO_MAG_UC,289,-5100,0,-8.625,-34.125,-68.750,6.188,-5.812,-34.688
4830401,BNO_MAG_UC,290,-5400,0,-9.000,-34.812,-69.625,6.188,-5.812,-34.688
4849671,BNO_MAG_UC,291,-4700,0,-9.000,-34.812,-68.750,6.188,-5.812,-34.688
4870597,BNO_MAG_UC,292,-5100,0,-7.938,-35.562,-67.875,6.188,-5.812,-34.688
4889671,BNO_MAG_UC,293,-4700,0,-8.625,-35.562,-69.625,6.188,-5.812,-34.688
4900264,BNO_MAG_UC,294,-5800,0,-8.625,-34.500,-67.500,6.188,-5.812,-34.688
4911480,BNO_MAG_UC,295,-6000,0,-9.375,-34.125,-68.375,6.188,-5.812,-34.688
4930490,BNO_MAG_UC,296,-5300,0,-8.312,-35.562,-68.375,6.188,-5.812,-34.688
4939939,BNO_MAG_UC,297,-5400,0,-8.312,-35.562,-67.500,6.188,-5.812,-34.688
4950983,BNO_MAG_UC,298,-6000,0,-8.625,-34.812,-69.625,6.188,-5.812,-34.688
4970480,BNO_MAG_UC,299,-5400,0,-9.375,-35.188,-68.750,6.188,-5.812,-34.688
4980727,BNO_MAG_UC,300,-6000,0,-8.688,-35.875,-68.375,6.188,-5.812,-34.688
4990051,BNO_MAG_UC,301,-4700,0,-7.938,-35.562,-67.875,6.188,-5.812,-34.688
5010540,BNO_MAG_UC,302,-4900,0,-9.000,-35.562,-67.500,6.188,-5.812,-34.688
5020118,BNO_MAG_UC,303,-5400,0,-9.000,-34.875,-66.625,6.188,-5.812,-34.688
5031144,BNO_MAG_UC,304,-5800,0,-8.312,-34.812,-67.875,6.188,-5.812,-34.688
5051257,BNO_MAG_UC,305,-5700,0,-8.625,-34.812,-69.250,6.188,-5.812,-34.688
5060079,BNO_MAG_UC,306,-4900,0,-7.562,-35.500,-68.375,6.188,-5.812,-34.688
5071039,BNO_MAG_UC,307,-5600,0,-8.625,-35.562,-68.750,6.188,-5.812,-34.688
5091482,BNO_MAG_UC,308,-6200,0,-8.625,-34.500,-68.375,6.188,-5.812,-34.688
5100270,BNO_MAG_UC,309,-4900,0,-7.938,-34.500,-68.375,6.188,-5.812,-34.688
5111629,BNO_MAG_UC,310,-6400,0,-8.250,-33.750,-67.938,6.188,-5.812,-34.688
5130906,BNO_MAG_UC,311,-5500,0,-8.625,-34.125,-68.375,6.188,-5.812,-34.688
5140344,BNO_MAG_UC,312,-5400,0,-7.562,-34.500,-67.938,6.188,-5.812,-34.688
5151355,BNO_MAG_UC,313,-5800,0,-8.625,-34.812,-69.250,6.188,-5.812,-34.688
5171377,BNO_MAG_UC,314,-6000,0,-8.625,-33.062,-69.250,6.188,-5.812,-34.688
5180742,BNO_MAG_UC,315,-4900,0,-9.375,-35.875,-68.312,6.188,-5.812,-34.688
5191047,BNO_MAG_UC,316,-6000,0,-9.375,-34.812,-69.625,6.188,-5.812,-34.688
5211626,BNO_MAG_UC,317,-6000,0,-7.562,-34.812,-69.250,6.188,-5.812,-34.688
5220881,BNO_MAG_UC,318,-4700,0,-8.625,-33.750,-68.812,6.188,-5.812,-34.688
5232030,BNO_MAG_UC,319,-6000,0,-7.188,-33.750,-68.875,6.188,-5.812,-34.688
5251505,BNO_MAG_UC,320,-5300,0,-8.688,-36.250,-67.062,6.188,-5.812,-34.688
5260916,BNO_MAG_UC,321,-5100,0,-8.625,-33.750,-67.500,6.188,-5.812,-34.688
5271864,BNO_MAG_UC,322,-6000,0,-8.625,-34.812,-68.375,6.188,-5.812,-34.688
5291665,BNO_MAG_UC,323,-6000,0,-8.625,-34.500,-69.250,6.188,-5.812,-34.688
5300941,BNO_MAG_UC,324,-4700,0,-7.938,-35.188,-68.375,6.188,-5.812,-34.688
5312343,BNO_MAG_UC,325,-6200,0,-8.250,-35.500,-69.625,6.188,-5.812,-34.688
5332227,BNO_MAG_UC,326,-5900,0,-8.688,-35.562,-67.938,6.188,-5.812,-34.688
5341173,BNO_MAG_UC,327,-5300,0,-8.312,-35.875,-67.500,6.188,-5.812,-34.688
5351432,BNO_MAG_UC,328,-5800,0,-9.375,-34.812,-67.938,6.188,-5.812,-34.688
5372915,BNO_MAG_UC,329,-7100,0,-8.250,-34.812,-69.250,6.188,-5.812,-34.688
5381332,BNO_MAG_UC,330,-5400,0,-8.312,-34.812,-67.938,6.188,-5.812,-34.688
5391367,BNO_MAG_UC,331,-5100,0,-8.625,-35.188,-68.375,6.188,-5.812,-34.688
5421314,BNO_MAG_UC,332,-4900,0,-9.375,-34.875,-66.625,6.188,-5.812,-34.688
5452175,BNO_MAG_UC,333,-5300,0,-7.562,-35.188,-69.250,6.188,-5.812,-34.688
5461291,BNO_MAG_UC,334,-5100,0,-8.250,-34.125,-68.812,6.188,-5.812,-34.688
5492319,BNO_MAG_UC,335,-5300,0,-8.688,-35.562,-68.375,6.188,-5.812,-34.688
5501514,BNO_MAG_UC,336,-5300,0,-8.625,-35.188,-67.938,6.188,-5.812,-34.688
5532623,BNO_MAG_UC,337,-5300,0,-8.625,-34.812,-67.500,6.188,-5.812,-34.688
5541711,BNO_MAG_UC,338,-5300,0,-8.250,-35.188,-68.812,6.188,-5.812,-34.688
5551757,BNO_MAG_UC,339,-5300,0,-8.250,-34.812,-69.688,6.188,-5.812,-34.688
5561819,BNO_MAG_UC,340,-5400,0,-8.625,-35.875,-69.250,6.188,-5.812,-34.688
5581429,BNO_MAG_UC,341,-5100,0,-8.688,-36.625,-67.500,6.188,-5.812,-34.688
5592052,BNO_MAG_UC,342,-5600,0,-8.688,-36.625,-67.500,6.188,-5.812,-34.688
5602027,BNO_MAG_UC,343,-5100,0,-9.375,-34.125,-68.812,6.188,-5.812,-34.688
5621408,BNO_MAG_UC,344,-5100,0,-7.938,-35.188,-69.250,6.188,-5.812,-34.688
5631617,BNO_MAG_UC,345,-5600,0,-9.375,-34.812,-69.250,6.188,-5.812,-34.688
5652735,BNO_MAG_UC,346,-5300,0,-8.625,-35.188,-67.938,6.188,-5.812,-34.688
5661126,BNO_MAG_UC,347,-4500,0,-7.562,-34.812,-67.938,6.188,-5.812,-34.688
5671482,BNO_MAG_UC,348,-5800,0,-9.000,-35.875,-68.812,6.188,-5.812,-34.688
5682496,BNO_MAG_UC,349,-5600,0,-7.562,-35.562,-67.562,6.188,-5.812,-34.688
5701585,BNO_MAG_UC,350,-5100,0,-8.250,-33.062,-68.375,6.188,-5.812,-34.688
5712498,BNO_MAG_UC,351,-5800,0,-8.625,-33.438,-69.688,6.188,-5.812,-34.688
5722013,BNO_MAG_UC,352,-4700,0,-9.000,-34.812,-68.438,6.188,-5.812,-34.688
5741749,BNO_MAG_UC,353,-5300,0,-9.000,-34.500,-67.938,6.188,-5.812,-34.688
5752654,BNO_MAG_UC,354,-5600,0,-8.625,-34.500,-67.500,6.188,-5.812,-34.688
5762197,BNO_MAG_UC,355,-4900,0,-8.250,-33.750,-69.688,6.188,-5.812,-34.688
5781729,BNO_MAG_UC,356,-4900,0,-8.250,-35.188,-69.250,6.188,-5.812,-34.688
5792648,BNO_MAG_UC,357,-5600,0,-8.312,-36.250,-67.938,6.188,-5.812,-34.688
5802240,BNO_MAG_UC,358,-4900,0,-7.500,-33.750,-69.688,6.188,-5.812,-34.688
5821887,BNO_MAG_UC,359,-5100,0,-7.875,-34.125,-68.812,6.188,-5.812,-34.688
5832119,BNO_MAG_UC,360,-5800,0,-8.250,-34.125,-68.812,6.188,-5.812,-34.688
5843141,BNO_MAG_UC,361,-5800,0,-9.000,-34.125,-69.688,6.188,-5.812,-34.688
5863246,BNO_MAG_UC,362,-6500,0,-9.375,-35.188,-67.062,6.188,-5.812,-34.688
5872579,BNO_MAG_UC,363,-5600,0,-7.938,-35.188,-68.438,6.188,-5.812,-34.688
5882446,BNO_MAG_UC,364,-5300,0,-6.812,-34.125,-68.438,6.188,-5.812,-34.688
5901796,BNO_MAG_UC,365,-4700,0,-8.625,-35.188,-68.438,6.188,-5.812,-34.688
5912267,BNO_MAG_UC,366,-5800,0,-8.312,-35.188,-67.562,6.188,-5.812,-34.688
5923354,BNO_MAG_UC,367,-5600,0,-8.250,-33.438,-67.938,6.188,-5.812,-34.688
5943161,BNO_MAG_UC,368,-5500,0,-8.625,-35.562,-68.812,6.188,-5.812,-34.688
5951790,BNO_MAG_UC,369,-4900,0,-8.625,-34.812,-68.812,6.188,-5.812,-34.688
5962723,BNO_MAG_UC,370,-5400,0,-8.312,-35.188,-68.438,6.188,-5.812,-34.688
5983222,BNO_MAG_UC,371,-5700,0,-8.312,-35.562,-67.938,6.188,-5.812,-34.688
5992131,BNO_MAG_UC,372,-4900,0,-7.938,-35.188,-68.812,6.188,-5.812,-34.688
6002958,BNO_MAG_UC,373,-5800,0,-9.000,-34.812,-68.812,6.188,-5.812,-34.688
6023118,BNO_MAG_UC,374,-5800,0,-8.250,-34.812,-69.312,6.188,-5.812,-34.688
6032003,BNO_MAG_UC,375,-4900,0,-8.250,-34.500,-68.438,6.188,-5.812,-34.688
6063377,BNO_MAG_UC,376,-5500,0,-7.938,-35.188,-67.562,6.188,-5.812,-34.688
6072324,BNO_MAG_UC,377,-4700,0,-8.688,-35.875,-67.938,6.188,-5.812,-34.688
6082409,BNO_MAG_UC,378,-5600,0,-7.562,-34.438,-69.312,6.188,-5.812,-34.688
6102959,BNO_MAG_UC,379,-5100,0,-9.000,-34.812,-67.938,6.188,-5.812,-34.688
6114232,BNO_MAG_UC,380,-6400,0,-9.000,-33.438,-66.688,6.188,-5.812,-34.688
6123206,BNO_MAG_UC,381,-5600,0,-9.000,-33.438,-66.688,6.188,-5.812,-34.688
6143371,BNO_MAG_UC,382,-6000,0,-8.625,-34.500,-69.688,6.188,-5.812,-34.688
6152610,BNO_MAG_UC,383,-4900,0,-9.000,-35.188,-67.938,6.188,-5.812,-34.688
6162713,BNO_MAG_UC,384,-5600,0,-8.625,-34.125,-68.000,6.188,-5.812,-34.688
6183338,BNO_MAG_UC,385,-4700,0,-9.000,-33.750,-69.312,6.188,-5.812,-34.688
6192659,BNO_MAG_UC,386,-5100,0,-7.938,-36.250,-68.000,6.188,-5.812,-34.688
6223988,BNO_MAG_UC,387,-5700,0,-8.688,-36.250,-69.312,6.188,-5.812,-34.688
6232809,BNO_MAG_UC,388,-4500,0,-7.938,-35.500,-68.812,6.188,-5.812,-34.688
6263670,BNO_MAG_UC,389,-6000,0,-8.625,-35.188,-69.688,6.188,-5.812,-34.688
6273019,BNO_MAG_UC,390,-4900,0,-7.562,-35.500,-69.688,6.188,-5.812,-34.688
6303824,BNO_MAG_UC,391,-5100,0,-8.250,-35.188,-69.688,6.188,-5.812,-34.688
6312988,BNO_MAG_UC,392,-5100,0,-7.188,-36.250,-67.938,6.188,-5.812,-34.688
6323640,BNO_MAG_UC,393,-5600,0,-7.188,-36.250,-67.938,6.188,-5.812,-34.688
6343745,BNO_MAG_UC,394,-6000,0,-9.375,-35.875,-67.938,6.188,-5.812,-34.688
6353203,BNO_MAG_UC,395,-4900,0,-8.625,-34.812,-67.562,6.188,-5.812,-34.688
6393349,BNO_MAG_UC,396,-4700,0,-8.688,-36.250,-67.938,6.188,-5.812,-34.688
6403956,BNO_MAG_UC,397,-5600,0,-8.688,-36.250,-67.938,6.188,-5.812,-34.688
6433409,BNO_MAG_UC,398,-4700,0,-8.250,-34.125,-67.562,6.188,-5.812,-34.688
6466758,BNO_MAG_UC,399,-8100,0,-9.375,-34.875,-66.250,6.188,-5.812,-34.688
6473328,BNO_MAG_UC,400,-4900,0,-8.625,-34.812,-68.438,6.188,-5.812,-34.688
6504356,BNO_MAG_UC,401,-5300,0,-7.188,-34.125,-68.938,6.188,-5.812,-34.688
6513489,BNO_MAG_UC,402,-5300,0,-9.000,-35.188,-67.562,6.188,-5.812,-34.688
6545599,BNO_MAG_UC,403,-7100,0,-7.562,-33.750,-67.188,6.188,-5.812,-34.688
6554044,BNO_MAG_UC,404,-5400,0,-8.625,-34.500,-68.875,6.188,-5.812,-34.688
6563968,BNO_MAG_UC,405,-4900,0,-8.625,-35.188,-68.000,6.188,-5.812,-34.688
6573974,BNO_MAG_UC,406,-5400,0,-8.625,-34.500,-68.875,6.188,-5.812,-34.688
6593286,BNO_MAG_UC,407,-4900,0,-9.000,-34.125,-67.562,6.188,-5.812,-34.688
6604136,BNO_MAG_UC,408,-5600,0,-9.000,-34.125,-68.875,6.188,-5.812,-34.688
6613918,BNO_MAG_UC,409,-5100,0,-8.312,-35.875,-69.312,6.188,-5.812,-34.688
6633603,BNO_MAG_UC,410,-5100,0,-8.688,-34.500,-66.250,6.188,-5.812,-34.688
6643770,BNO_MAG_UC,411,-5600,0,-8.625,-35.562,-68.875,6.188,-5.812,-34.688
6673185,BNO_MAG_UC,412,-4300,0,-9.000,-34.812,-67.562,6.188,-5.812,-34.688
6684390,BNO_MAG_UC,413,-5800,0,-8.625,-34.500,-68.000,6.188,-5.812,-34.688
6694096,BNO_MAG_UC,414,-4900,0,-8.625,-33.750,-68.438,6.188,-5.812,-34.688
6713643,BNO_MAG_UC,415,-5100,0,-8.625,-34.125,-68.438,6.188,-5.812,-34.688
6723902,BNO_MAG_UC,416,-5800,0,-7.562,-34.438,-69.312,6.188,-5.812,-34.688
6734954,BNO_MAG_UC,417,-5800,0,-7.938,-35.188,-69.312,6.188,-5.812,-34.688
6753849,BNO_MAG_UC,418,-5100,0,-8.312,-35.500,-69.312,6.188,-5.812,-34.688
6763909,BNO_MAG_UC,419,-5600,0,-8.625,-35.875,-69.312,6.188,-5.812,-34.688
6774952,BNO_MAG_UC,420,-5400,0,-8.625,-34.500,-68.875,6.188,-5.812,-34.688
6794183,BNO_MAG_UC,421,-5400,0,-8.625,-35.875,-68.875,6.188,-5.812,-34.688
6804222,BNO_MAG_UC,422,-5600,0,-10.125,-35.562,-68.438,6.188,-5.812,-34.688
6814377,BNO_MAG_UC,423,-4700,0,-8.312,-34.812,-67.125,6.188,-5.812,-34.688
6834687,BNO_MAG_UC,424,-5800,0,-7.875,-34.125,-68.875,6.188,-5.812,-34.688
6844573,BNO_MAG_UC,425,-5100,0,-9.000,-33.750,-68.875,6.188,-5.812,-34.688
6854445,BNO_MAG_UC,426,-5400,0,-7.938,-34.500,-68.438,6.188,-5.812,-34.688
6876257,BNO_MAG_UC,427,-7000,0,-8.312,-34.812,-68.000,6.188,-5.812,-34.688
6884159,BNO_MAG_UC,428,-5300,0,-7.938,-34.812,-68.000,6.188,-5.812,-34.688
6895199,BNO_MAG_UC,429,-5800,0,-8.625,-34.500,-68.438,6.188,-5.812,-34.688
6915058,BNO_MAG_UC,430,-5700,0,-7.938,-34.812,-68.000,6.188,-5.812,-34.688
6923786,BNO_MAG_UC,431,-4900,0,-10.125,-35.188,-69.312,6.188,-5.812,-34.688
6934731,BNO_MAG_UC,432,-5400,0,-9.375,-34.125,-67.562,6.188,-5.812,-34.688
6955271,BNO_MAG_UC,433,-5700,0,-9.000,-33.062,-69.750,6.188,-5.812,-34.688
6963954,BNO_MAG_UC,434,-4900,0,-8.625,-34.812,-69.312,6.188,-5.812,-34.688
6974893,BNO_MAG_UC,435,-5600,0,-7.188,-34.125,-67.562,6.188,-5.812,-34.688
6995183,BNO_MAG_UC,436,-5500,0,-9.000,-33.438,-68.000,6.188,-5.812,-34.688
7004353,BNO_MAG_UC,437,-4900,0,-8.250,-34.500,-68.875,6.188,-5.812,-34.688
7015150,BNO_MAG_UC,438,-5800,0,-8.625,-34.500,-68.875,6.188,-5.812,-34.688
7035431,BNO_MAG_UC,439,-5900,0,-7.938,-34.812,-68.438,6.188,-5.812,-34.688
7044436,BNO_MAG_UC,440,-4700,0,-9.375,-33.750,-69.312,6.188,-5.812,-34.688
7054567,BNO_MAG_UC,441,-5800,0,-7.875,-34.438,-69.312,6.188,-5.812,-34.688
7074992,BNO_MAG_UC,442,-5100,0,-7.562,-35.188,-68.875,6.188,-5.812,-34.688
7084412,BNO_MAG_UC,443,-4900,0,-9.375,-34.500,-68.000,6.188,-5.812,-34.688
7115681,BNO_MAG_UC,444,-5300,0,-7.562,-35.875,-68.438,6.188,-5.812,-34.688
7126284,BNO_MAG_UC,445,-6400,0,-8.250,-33.062,-68.938,6.188,-5.812,-34.688
7135050,BNO_MAG_UC,446,-5400,0,-8.250,-33.062,-68.938,6.188,-5.812,-34.688
7156021,BNO_MAG_UC,447,-6000,0,-9.000,-34.125,-68.438,6.188,-5.812,-34.688
7164827,BNO_MAG_UC,448,-4900,0,-6.438,-34.812,-67.562,6.188,-5.812,-34.688
7175040,BNO_MAG_UC,449,-5600,0,-7.188,-34.438,-69.812,6.188,-5.812,-34.688
7195616,BNO_MAG_UC,450,-6000,0,-8.250,-33.062,-68.062,6.188,-5.812,-34.688
7204839,BNO_MAG_UC,451,-4900,0,-8.625,-34.812,-69.750,6.188,-5.812,-34.688
7215466,BNO_MAG_UC,452,-5800,0,-8.625,-34.812,-69.750,6.188,-5.812,-34.688
7235744,BNO_MAG_UC,453,-5700,0,-8.312,-35.188,-68.438,6.188,-5.812,-34.688
7244795,BNO_MAG_UC,454,-4900,0,-8.312,-35.188,-68.500,6.188,-5.812,-34.688
7275848,BNO_MAG_UC,455,-6000,0,-8.625,-34.812,-68.000,6.188,-5.812,-34.688
7285012,BNO_MAG_UC,456,-4700,0,-8.312,-35.562,-67.125,6.188,-5.812,-34.688
7315913,BNO_MAG_UC,457,-5100,0,-9.000,-34.500,-68.000,6.188,-5.812,-34.688
7325182,BNO_MAG_UC,458,-5100,0,-8.625,-35.188,-68.000,6.188,-5.812,-34.688
7356202,BNO_MAG_UC,459,-5100,0,-7.938,-35.875,-67.625,6.188,-5.812,-34.688
7365255,BNO_MAG_UC,460,-4900,0,-9.438,-36.250,-67.125,6.188,-5.812,-34.688
7377505,BNO_MAG_UC,461,-7300,0,-8.688,-36.562,-69.750,6.188,-5.812,-34.688
7385445,BNO_MAG_UC,462,-4500,0,-9.375,-35.562,-68.000,6.188,-5.812,-34.688
7396245,BNO_MAG_UC,463,-5800,0,-9.000,-35.188,-67.625,6.188,-5.812,-34.688
7405380,BNO_MAG_UC,464,-4500,0,-8.625,-34.812,-67.625,6.188,-5.812,-34.688
7436215,BNO_MAG_UC,465,-5100,0,-8.625,-35.562,-68.875,6.188,-5.812,-34.688
7445249,BNO_MAG_UC,466,-4900,0,-8.625,-34.500,-67.125,6.188,-5.812,-34.688
7455825,BNO_MAG_UC,467,-5600,0,-8.625,-34.500,-67.125,6.188,-5.812,-34.688
7465819,BNO_MAG_UC,468,-5100,0,-9.000,-33.812,-67.625,6.188,-5.812,-34.688
7485068,BNO_MAG_UC,469,-4900,0,-7.938,-35.500,-68.875,6.188,-5.812,-34.688
7495232,BNO_MAG_UC,470,-5600,0,-9.750,-34.812,-68.875,6.188,-5.812,-34.688
7525557,BNO_MAG_UC,471,-4500,0,-9.000,-34.125,-67.125,6.188,-5.812,-34.688
7536113,BNO_MAG_UC,472,-5600,0,-9.000,-34.125,-67.125,6.188,-5.812,-34.688
7546001,BNO_MAG_UC,473,-5300,0,-8.250,-34.500,-69.750,6.188,-5.812,-34.688
7565579,BNO_MAG_UC,474,-5100,0,-8.625,-35.188,-68.875,6.188,-5.812,-34.688
7605179,BNO_MAG_UC,475,-4700,0,-9.000,-34.500,-67.625,6.188,-5.812,-34.688
7616248,BNO_MAG_UC,476,-5800,0,-8.312,-34.812,-68.000,6.188,-5.812,-34.688
7625992,BNO_MAG_UC,477,-5300,0,-8.250,-34.500,-69.750,6.188,-5.812,-34.688
7645834,BNO_MAG_UC,478,-4500,0,-8.312,-35.562,-68.000,6.188,-5.812,-34.688
7656792,BNO_MAG_UC,479,-5800,0,-7.562,-36.250,-68.500,6.188,-5.812,-34.688
7665490,BNO_MAG_UC,480,-4700,0,-8.312,-34.812,-67.625,6.188,-5.812,-34.688
7686117,BNO_MAG_UC,481,-5300,0,-9.000,-34.500,-66.750,6.188,-5.812,-34.688
7696144,BNO_MAG_UC,482,-5600,0,-8.625,-34.812,-68.875,6.188,-5.812,-34.688
7706300,BNO_MAG_UC,483,-4700,0,-8.625,-34.500,-68.500,6.188,-5.812,-34.688
7725815,BNO_MAG_UC,484,-5100,0,-7.875,-33.750,-68.500,6.188,-5.812,-34.688
7736829,BNO_MAG_UC,485,-5800,0,-9.000,-35.188,-67.625,6.188,-5.812,-34.688
7746143,BNO_MAG_UC,486,-4500,0,-7.938,-34.812,-68.875,6.188,-5.812,-34.688
7766728,BNO_MAG_UC,487,-5100,0,-9.375,-35.562,-69.375,6.188,-5.812,-34.688
7775508,BNO_MAG_UC,488,-4700,0,-9.000,-34.812,-69.750,6.188,-5.812,-34.688
7786395,BNO_MAG_UC,489,-5600,0,-7.562,-34.812,-68.000,6.188,-5.812,-34.688
7806032,BNO_MAG_UC,490,-5100,0,-9.000,-35.562,-68.500,6.188,-5.812,-34.688
7817065,BNO_MAG_UC,491,-5800,0,-7.875,-33.750,-68.000,6.188,-5.812,-34.688
7826363,BNO_MAG_UC,492,-4700,0,-7.938,-35.562,-68.000,6.188,-5.812,-34.688
7846826,BNO_MAG_UC,493,-5300,0,-8.625,-35.875,-69.750,6.188,-5.812,-34.688
7855921,BNO_MAG_UC,494,-5300,0,-9.000,-34.125,-69.375,6.188,-5.812,-34.688
7866712,BNO_MAG_UC,495,-5400,0,-8.250,-34.125,-68.875,6.188,-5.812,-34.688
7888349,BNO_MAG_UC,496,-7000,0,-9.000,-34.812,-68.000,6.188,-5.812,-34.688
7896937,BNO_MAG_UC,497,-5300,0,-7.938,-34.500,-68.500,6.188,-5.812,-34.688
7927321,BNO_MAG_UC,498,-5200,0,-9.000,-34.812,-68.875,6.188,-5.812,-34.688
7936134,BNO_MAG_UC,499,-4900,0,-8.312,-35.875,-68.875,6.188,-5.812,-34.688
7946972,BNO_MAG_UC,500,-5600,0,-9.375,-32.750,-67.125,6.188,-5.812,-34.688
7967114,BNO_MAG_UC,501,-6000,0,-9.375,-35.562,-68.000,6.188,-5.812,-34.688
7976391,BNO_MAG_UC,502,-4900,0,-9.000,-34.812,-67.625,6.188,-5.812,-34.688
7987196,BNO_MAG_UC,503,-5600,0,-9.000,-34.812,-68.875,6.188,-5.812,-34.688
8007274,BNO_MAG_UC,504,-6000,0,-9.000,-34.125,-68.500,6.188,-5.812,-34.688
8016556,BNO_MAG_UC,505,-4900,0,-7.188,-35.875,-69.375,6.188,-5.812,-34.688
8027305,BNO_MAG_UC,506,-5600,0,-8.312,-35.188,-68.062,6.188,-5.812,-34.688
8047410,BNO_MAG_UC,507,-5700,0,-7.938,-35.188,-67.625,6.188,-5.812,-34.688
8056403,BNO_MAG_UC,508,-4900,0,-7.938,-34.812,-68.500,6.188,-5.812,-34.688
8066994,BNO_MAG_UC,509,-5800,0,-7.938,-34.812,-68.500,6.188,-5.812,-34.688
8087412,BNO_MAG_UC,510,-6000,0,-8.250,-34.812,-68.500,6.188,-5.812,-34.688
8096627,BNO_MAG_UC,511,-4900,0,-8.625,-35.188,-68.875,6.188,-5.812,-34.688
8127814,BNO_MAG_UC,512,-5800,0,-9.375,-35.562,-68.938,6.188,-5.812,-34.688
8137744,BNO_MAG_UC,513,-5800,0,-8.312,-36.250,-68.000,6.188,-5.812,-34.688
8146748,BNO_MAG_UC,514,-5100,0,-8.312,-36.250,-68.000,6.188,-5.812,-34.688
8168240,BNO_MAG_UC,515,-5700,0,-8.250,-33.438,-68.875,6.188,-5.812,-34.688
8176985,BNO_MAG_UC,516,-4700,0,-9.375,-35.188,-67.625,6.188,-5.812,-34.688
8207775,BNO_MAG_UC,517,-5100,0,-7.562,-34.125,-68.500,6.188,-5.812,-34.688
8216913,BNO_MAG_UC,518,-4900,0,-9.000,-35.188,-67.625,6.188,-5.812,-34.688
8247846,BNO_MAG_UC,519,-5100,0,-8.625,-34.125,-68.500,6.188,-5.812,-34.688
8257039,BNO_MAG_UC,520,-4900,0,-8.688,-35.562,-67.625,6.188,-5.812,-34.688
8288016,BNO_MAG_UC,521,-5300,0,-8.250,-34.125,-68.000,6.188,-5.812,-34.688
8297102,BNO_MAG_UC,522,-5100,0,-7.875,-34.812,-69.375,6.188,-5.812,-34.688
8328413,BNO_MAG_UC,523,-6200,0,-9.375,-32.750,-68.062,6.188,-5.812,-34.688
8337397,BNO_MAG_UC,524,-4500,0,-7.875,-34.125,-69.375,6.188,-5.812,-34.688
8347889,BNO_MAG_UC,525,-5600,0,-7.875,-34.125,-69.375,6.188,-5.812,-34.688
8357684,BNO_MAG_UC,526,-4900,0,-8.625,-33.750,-68.000,6.188,-5.812,-34.688
8377226,BNO_MAG_UC,527,-5100,0,-7.938,-35.188,-67.625,6.188,-5.812,-34.688
8389201,BNO_MAG_UC,528,-7100,0,-8.250,-34.125,-68.500,6.188,-5.812,-34.688
8408307,BNO_MAG_UC,529,-5400,0,-9.000,-36.250,-68.500,6.188,-5.812,-34.688
8417375,BNO_MAG_UC,530,-5100,0,-9.375,-34.500,-68.500,6.188,-5.812,-34.688
8427857,BNO_MAG_UC,531,-5600,0,-9.375,-34.500,-68.500,6.188,-5.812,-34.688
8437215,BNO_MAG_UC,532,-5100,0,-8.250,-33.438,-68.500,6.188,-5.812,-34.688
8457525,BNO_MAG_UC,533,-4900,0,-9.000,-34.812,-68.000,6.188,-5.812,-34.688
8488615,BNO_MAG_UC,534,-5300,0,-9.000,-35.562,-68.500,6.188,-5.812,-34.688
8497161,BNO_MAG_UC,535,-4700,0,-7.938,-35.188,-68.062,6.188,-5.812,-34.688
8507324,BNO_MAG_UC,536,-5800,0,-9.375,-35.188,-69.375,6.188,-5.812,-34.688
8518246,BNO_MAG_UC,537,-5400,0,-8.625,-34.500,-68.500,6.188,-5.812,-34.688
8537632,BNO_MAG_UC,538,-5300,0,-7.938,-35.875,-68.938,6.188,-5.812,-34.688
8547716,BNO_MAG_UC,539,-5600,0,-8.688,-35.875,-68.062,6.188,-5.812,-34.688
8568765,BNO_MAG_UC,540,-5300,0,-9.000,-34.500,-69.812,6.188,-5.812,-34.688
8577126,BNO_MAG_UC,541,-4500,0,-7.938,-34.812,-68.062,6.188,-5.812,-34.688
8588256,BNO_MAG_UC,542,-5800,0,-9.375,-34.812,-69.375,6.188,-5.812,-34.688
8598110,BNO_MAG_UC,543,-5300,0,-8.250,-35.188,-68.938,6.188,-5.812,-34.688
8617717,BNO_MAG_UC,544,-5100,0,-8.312,-35.188,-68.062,6.188,-5.812,-34.688
8627926,BNO_MAG_UC,545,-5600,0,-9.000,-34.500,-68.500,6.188,-5.812,-34.688
8657340,BNO_MAG_UC,546,-4700,0,-9.062,-36.938,-68.938,6.188,-5.812,-34.688
8668533,BNO_MAG_UC,547,-5800,0,-8.625,-34.500,-67.625,6.188,-5.812,-34.688
8678105,BNO_MAG_UC,548,-4900,0,-9.375,-33.438,-69.812,6.188,-5.812,-34.688
8698129,BNO_MAG_UC,549,-4500,0,-8.312,-35.188,-68.500,6.188,-5.812,-34.688
8708301,BNO_MAG_UC,550,-5600,0,-8.250,-34.812,-68.500,6.188,-5.812,-34.688
8718388,BNO_MAG_UC,551,-4700,0,-7.875,-34.125,-69.000,6.188,-5.812,-34.688
8738023,BNO_MAG_UC,552,-5100,0,-7.938,-36.562,-68.500,6.188,-5.812,-34.688
8748963,BNO_MAG_UC,553,-5600,0,-7.938,-34.125,-68.125,6.188,-5.812,-34.688
8757639,BNO_MAG_UC,554,-4700,0,-7.938,-35.188,-68.062,6.188,-5.812,-34.688
8777700,BNO_MAG_UC,555,-4500,0,-7.188,-34.438,-69.000,6.188,-5.812,-34.688
8788973,BNO_MAG_UC,556,-5800,0,-9.375,-33.438,-69.375,6.188,-5.812,-34.688
8797711,BNO_MAG_UC,557,-4700,0,-9.062,-35.875,-66.812,6.188,-5.812,-34.688
8817709,BNO_MAG_UC,558,-4500,0,-9.438,-36.250,-67.188,6.188,-5.812,-34.688
8828924,BNO_MAG_UC,559,-5600,0,-9.375,-35.188,-68.062,6.188,-5.812,-34.688
8858725,BNO_MAG_UC,560,-5100,0,-7.938,-34.500,-68.500,6.188,-5.812,-34.688
8867904,BNO_MAG_UC,561,-5100,0,-9.375,-36.250,-69.812,6.188,-5.812,-34.688
8878118,BNO_MAG_UC,562,-5400,0,-8.250,-33.750,-68.500,6.188,-5.812,-34.688
8898486,BNO_MAG_UC,563,-5100,0,-9.062,-36.250,-67.188,6.188,-5.812,-34.688
8908003,BNO_MAG_UC,564,-5300,0,-7.875,-34.500,-68.938,6.188,-5.812,-34.688
8939307,BNO_MAG_UC,565,-5800,0,-9.000,-34.812,-67.625,6.188,-5.812,-34.688
8948333,BNO_MAG_UC,566,-4500,0,-8.625,-34.812,-68.938,6.188,-5.812,-34.688
8958475,BNO_MAG_UC,567,-5600,0,-9.375,-35.875,-68.938,6.188,-5.812,-34.688
8979021,BNO_MAG_UC,568,-5100,0,-8.625,-34.812,-68.062,6.188,-5.812,-34.688
8988424,BNO_MAG_UC,569,-5100,0,-8.312,-35.188,-68.062,6.188,-5.812,-34.688
8999373,BNO_MAG_UC,570,-5800,0,-9.000,-35.188,-69.812,6.188,-5.812,-34.688
9019251,BNO_MAG_UC,571,-5800,0,-7.562,-35.875,-68.062,6.188,-5.812,-34.688
9028493,BNO_MAG_UC,572,-4700,0,-7.938,-34.500,-67.250,6.188,-5.812,-34.688
9059595,BNO_MAG_UC,573,-5800,0,-8.625,-33.750,-68.938,6.188,-5.812,-34.688
9068771,BNO_MAG_UC,574,-4700,0,-9.000,-34.125,-69.812,6.188,-5.812,-34.688
9079648,BNO_MAG_UC,575,-5600,0,-9.750,-34.500,-68.938,6.188,-5.812,-34.688
9099630,BNO_MAG_UC,576,-6200,0,-8.625,-34.812,-67.688,6.188,-5.812,-34.688
9108733,BNO_MAG_UC,577,-4500,0,-8.312,-35.562,-68.500,6.188,-5.812,-34.688
9141404,BNO_MAG_UC,578,-7200,0,-9.000,-34.125,-66.312,6.188,-5.812,-34.688
9148656,BNO_MAG_UC,579,-4300,0,-7.938,-35.875,-68.062,6.188,-5.812,-34.688
9179958,BNO_MAG_UC,580,-6200,0,-9.000,-34.812,-68.562,6.188,-5.812,-34.688
9189029,BNO_MAG_UC,581,-4500,0,-8.625,-35.562,-68.562,6.188,-5.812,-34.688
9199614,BNO_MAG_UC,582,-5600,0,-8.625,-35.562,-68.562,6.188,-5.812,-34.688
9209677,BNO_MAG_UC,583,-5100,0,-8.625,-35.188,-68.562,6.188,-5.812,-34.688
9219916,BNO_MAG_UC,584,-5600,0,-7.875,-34.812,-69.438,6.188,-5.812,-34.688
9229098,BNO_MAG_UC,585,-5300,0,-9.000,-34.125,-67.688,6.188,-5.812,-34.688
9260073,BNO_MAG_UC,586,-5300,0,-9.062,-36.625,-67.688,6.188,-5.812,-34.688
9269192,BNO_MAG_UC,587,-5100,0,-8.312,-34.812,-68.062,6.188,-5.812,-34.688
9300154,BNO_MAG_UC,588,-5300,0,-8.625,-35.188,-68.500,6.188,-5.812,-34.688
9309293,BNO_MAG_UC,589,-5300,0,-9.000,-34.812,-67.188,6.188,-5.812,-34.688
9319912,BNO_MAG_UC,590,-5600,0,-9.000,-34.812,-67.188,6.188,-5.812,-34.688
9329694,BNO_MAG_UC,591,-4700,0,-9.750,-35.188,-69.438,6.188,-5.812,-34.688
9349294,BNO_MAG_UC,592,-5100,0,-8.312,-34.500,-67.188,6.188,-5.812,-34.688
9359869,BNO_MAG_UC,593,-5600,0,-8.312,-34.500,-67.188,6.188,-5.812,-34.688
9369798,BNO_MAG_UC,594,-5100,0,-8.312,-35.562,-66.312,6.188,-5.812,-34.688
9389241,BNO_MAG_UC,595,-4900,0,-9.375,-34.125,-68.062,6.188,-5.812,-34.688
9400572,BNO_MAG_UC,596,-6900,0,-9.000,-34.812,-67.688,6.188,-5.812,-34.688
9410038,BNO_MAG_UC,597,-5300,0,-7.938,-35.188,-69.062,6.188,-5.812,-34.688
9429378,BNO_MAG_UC,598,-5100,0,-9.375,-35.562,-68.062,6.188,-5.812,-34.688
9439480,BNO_MAG_UC,599,-5600,0,-9.000,-33.438,-67.688,6.188,-5.812,-34.688
9460388,BNO_MAG_UC,600,-5100,0,-8.312,-35.875,-68.500,6.188,-5.812,-34.688
9468984,BNO_MAG_UC,601,-4300,0,-9.000,-35.188,-68.562,6.188,-5.812,-34.688
9479276,BNO_MAG_UC,602,-5600,0,-8.625,-33.438,-69.000,6.188,-5.812,-34.688
9490286,BNO_MAG_UC,603,-5600,0,-8.625,-34.125,-69.438,6.188,-5.812,-34.688
9509513,BNO_MAG_UC,604,-5100,0,-8.250,-34.812,-68.938,6.188,-5.812,-34.688
9519664,BNO_MAG_UC,605,-5600,0,-10.875,-34.500,-68.562,6.188,-5.812,-34.688
9549885,BNO_MAG_UC,606,-5300,0,-8.688,-35.875,-67.688,6.188,-5.812,-34.688
9560508,BNO_MAG_UC,607,-5600,0,-8.688,-35.875,-67.688,6.188,-5.812,-34.688
9570094,BNO_MAG_UC,608,-4700,0,-8.250,-33.750,-69.438,6.188,-5.812,-34.688
9589741,BNO_MAG_UC,609,-5100,0,-8.250,-34.500,-68.562,6.188,-5.812,-34.688
9600677,BNO_MAG_UC,610,-5800,0,-8.312,-35.188,-68.562,6.188,-5.812,-34.688
9610175,BNO_MAG_UC,611,-4900,0,-8.250,-34.500,-68.562,6.188,-5.812,-34.688
9629421,BNO_MAG_UC,612,-4700,0,-7.562,-34.812,-69.000,6.188,-5.812,-34.688
9640620,BNO_MAG_UC,613,-5600,0,-7.562,-34.500,-68.562,6.188,-5.812,-34.688
9669825,BNO_MAG_UC,614,-4300,0,-7.562,-36.562,-67.688,6.188,-5.812,-34.688
9680882,BNO_MAG_UC,615,-5800,0,-8.250,-35.500,-69.438,6.188,-5.812,-34.688
9690348,BNO_MAG_UC,616,-4900,0,-7.875,-34.125,-69.438,6.188,-5.812,-34.688
9709482,BNO_MAG_UC,617,-4500,0,-8.625,-34.500,-68.562,6.188,-5.812,-34.688
9719981,BNO_MAG_UC,618,-5600,0,-7.562,-35.188,-68.188,6.188,-5.812,-34.688
9730408,BNO_MAG_UC,619,-4900,0,-8.625,-35.188,-68.938,6.188,-5.812,-34.688
9749655,BNO_MAG_UC,620,-4700,0,-9.000,-35.875,-68.062,6.188,-5.812,-34.688
9760093,BNO_MAG_UC,621,-5600,0,-7.938,-34.812,-68.562,6.188,-5.812,-34.688
9771007,BNO_MAG_UC,622,-5300,0,-7.938,-35.875,-69.000,6.188,-5.812,-34.688
9790757,BNO_MAG_UC,623,-5600,0,-10.500,-33.438,-68.062,6.188,-5.812,-34.688
9799882,BNO_MAG_UC,624,-4900,0,-9.375,-33.812,-68.125,6.188,-5.812,-34.688
9810011,BNO_MAG_UC,625,-5400,0,-8.625,-34.125,-68.188,6.188,-5.812,-34.688
9830485,BNO_MAG_UC,626,-5300,0,-8.312,-34.812,-68.125,6.188,-5.812,-34.688
9839976,BNO_MAG_UC,627,-5400,0,-8.625,-34.125,-67.312,6.188,-5.812,-34.688
9850834,BNO_MAG_UC,628,-5400,0,-8.250,-34.812,-68.562,6.188,-5.812,-34.688
9871054,BNO_MAG_UC,629,-6000,0,-8.625,-35.188,-68.562,6.188,-5.812,-34.688
9880313,BNO_MAG_UC,630,-4900,0,-8.625,-34.812,-67.688,6.188,-5.812,-34.688
9891122,BNO_MAG_UC,631,-5600,0,-7.938,-35.875,-69.438,6.188,-5.812,-34.688
9912291,BNO_MAG_UC,632,-7300,0,-8.688,-35.188,-67.250,6.188,-5.812,-34.688
9920483,BNO_MAG_UC,633,-5600,0,-9.375,-34.875,-67.688,6.188,-5.812,-34.688
9931275,BNO_MAG_UC,634,-5400,0,-8.250,-33.750,-67.688,6.188,-5.812,-34.688
9951306,BNO_MAG_UC,635,-6000,0,-8.688,-36.250,-69.000,6.188,-5.812,-34.688
9960517,BNO_MAG_UC,636,-4900,0,-8.312,-35.562,-68.938,6.188,-5.812,-34.688
9971408,BNO_MAG_UC,637,-5800,0,-9.000,-34.500,-68.125,6.188,-5.812,-34.688
9991258,BNO_MAG_UC,638,-5800,0,-8.688,-36.250,-69.000,6.188,-5.812,-34.688
10000655,BNO_MAG_UC,639,-4700,0,-9.000,-35.188,-67.688,6.188,-5.812,-34.688
10011570,BNO_MAG_UC,640,-5800,0,-9.000,-35.188,-67.688,6.188,-5.812,-34.688
10031432,BNO_MAG_UC,641,-6000,0,-8.250,-33.750,-67.688,6.188,-5.812,-34.688
10040691,BNO_MAG_UC,642,-4700,0,-9.062,-35.562,-67.250,6.188,-5.812,-34.688
10071796,BNO_MAG_UC,643,-5500,0,-8.688,-35.562,-67.688,6.188,-5.812,-34.688
10080850,BNO_MAG_UC,644,-5100,0,-7.875,-34.812,-69.438,6.188,-5.812,-34.688
10091684,BNO_MAG_UC,645,-5800,0,-7.875,-34.812,-69.438,6.188,-5.812,-34.688
10111689,BNO_MAG_UC,646,-6000,0,-9.000,-34.125,-69.438,6.188,-5.812,-34.688
10120940,BNO_MAG_UC,647,-4700,0,-9.750,-33.438,-69.000,6.188,-5.812,-34.688
10153126,BNO_MAG_UC,648,-6900,0,-7.875,-33.750,-69.062,6.188,-5.812,-34.688
10161482,BNO_MAG_UC,649,-4900,0,-8.625,-34.812,-69.000,6.188,-5.812,-34.688
10171124,BNO_MAG_UC,650,-4700,0,-8.625,-34.812,-69.000,6.188,-5.812,-34.688
10191987,BNO_MAG_UC,651,-5100,0,-9.375,-34.500,-69.000,6.188,-5.812,-34.688
10201078,BNO_MAG_UC,652,-4900,0,-9.000,-34.500,-69.438,6.188,-5.812,-34.688
10211678,BNO_MAG_UC,653,-5600,0,-9.000,-34.500,-69.438,6.188,-5.812,-34.688
10241021,BNO_MAG_UC,654,-4900,0,-9.375,-33.438,-67.688,6.188,-5.812,-34.688
10272606,BNO_MAG_UC,655,-5800,0,-9.750,-34.125,-67.250,6.188,-5.812,-34.688
10281634,BNO_MAG_UC,656,-4900,0,-7.875,-34.500,-69.062,6.188,-5.812,-34.688
10290892,BNO_MAG_UC,657,-5300,0,-8.250,-34.500,-69.062,6.188,-5.812,-34.688
10321356,BNO_MAG_UC,658,-4500,0,-7.938,-35.188,-66.438,6.188,-5.812,-34.688
10352213,BNO_MAG_UC,659,-5300,0,-8.625,-34.500,-69.000,6.188,-5.812,-34.688
10361372,BNO_MAG_UC,660,-4900,0,-9.000,-34.500,-68.125,6.188,-5.812,-34.688
10371429,BNO_MAG_UC,661,-5600,0,-9.000,-35.562,-69.000,6.188,-5.812,-34.688
10392390,BNO_MAG_UC,662,-5100,0,-8.250,-34.500,-68.562,6.188,-5.812,-34.688
10401379,BNO_MAG_UC,663,-4900,0,-8.250,-34.500,-68.562,6.188,-5.812,-34.688
10413391,BNO_MAG_UC,664,-7100,0,-8.625,-33.438,-68.562,6.188,-5.812,-34.688
10422402,BNO_MAG_UC,665,-5400,0,-7.562,-33.750,-67.312,6.188,-5.812,-34.688
10441486,BNO_MAG_UC,666,-5300,0,-8.625,-34.812,-68.562,6.188,-5.812,-34.688
10452423,BNO_MAG_UC,667,-5800,0,-8.312,-35.562,-68.562,6.188,-5.812,-34.688
10461877,BNO_MAG_UC,668,-4700,0,-9.375,-35.188,-68.562,6.188,-5.812,-34.688
10481598,BNO_MAG_UC,669,-5100,0,-8.250,-34.812,-69.438,6.188,-5.812,-34.688
10491914,BNO_MAG_UC,670,-5800,0,-8.688,-34.812,-66.375,6.188,-5.812,-34.688
10502010,BNO_MAG_UC,671,-4900,0,-8.625,-35.875,-69.000,6.188,-5.812,-34.688
10521670,BNO_MAG_UC,672,-5100,0,-9.000,-34.500,-68.125,6.188,-5.812,-34.688
10532470,BNO_MAG_UC,673,-5800,0,-9.375,-35.188,-68.125,6.188,-5.812,-34.688
10542033,BNO_MAG_UC,674,-4900,0,-8.250,-34.500,-68.188,6.188,-5.812,-34.688
10561501,BNO_MAG_UC,675,-4900,0,-8.312,-35.188,-67.250,6.188,-5.812,-34.688
10572608,BNO_MAG_UC,676,-5800,0,-7.938,-35.188,-68.188,6.188,-5.812,-34.688
10582079,BNO_MAG_UC,677,-4900,0,-9.000,-34.500,-69.000,6.188,-5.812,-34.688
10602602,BNO_MAG_UC,678,-5100,0,-9.000,-35.188,-69.000,6.188,-5.812,-34.688
10612283,BNO_MAG_UC,679,-4900,0,-7.562,-35.188,-68.562,6.188,-5.812,-34.688
10622239,BNO_MAG_UC,680,-5300,0,-9.375,-34.500,-68.625,6.188,-5.812,-34.688
10642506,BNO_MAG_UC,681,-4900,0,-9.000,-35.562,-67.688,6.188,-5.812,-34.688
10651576,BNO_MAG_UC,682,-5100,0,-8.625,-34.500,-67.250,6.188,-5.812,-34.688
10681670,BNO_MAG_UC,683,-4900,0,-8.250,-34.500,-68.562,6.188,-5.812,-34.688
10702980,BNO_MAG_UC,684,-5400,0,-8.250,-34.125,-68.562,6.188,-5.812,-34.688
10722677,BNO_MAG_UC,685,-5600,0,-8.250,-34.125,-68.188,6.188,-5.812,-34.688
10731700,BNO_MAG_UC,686,-4900,0,-8.250,-34.125,-68.188,6.188,-5.812,-34.688
10763308,BNO_MAG_UC,687,-5700,0,-8.250,-35.188,-69.000,6.188,-5.812,-34.688
10771850,BNO_MAG_UC,688,-4700,0,-8.625,-34.500,-68.125,6.188,-5.812,-34.688
10803372,BNO_MAG_UC,689,-5700,0,-8.688,-35.562,-68.125,6.188,-5.812,-34.688
10812201,BNO_MAG_UC,690,-4700,0,-8.625,-34.125,-69.938,6.188,-5.812,-34.688
10823003,BNO_MAG_UC,691,-5600,0,-9.000,-36.250,-69.000,6.188,-5.812,-34.688
10843131,BNO_MAG_UC,692,-6000,0,-8.250,-35.188,-69.000,6.188,-5.812,-34.688
10852236,BNO_MAG_UC,693,-4700,0,-8.625,-34.812,-68.625,6.188,-5.812,-34.688
10862791,BNO_MAG_UC,694,-5400,0,-8.625,-34.812,-68.625,6.188,-5.812,-34.688
10883206,BNO_MAG_UC,695,-6000,0,-8.625,-35.188,-68.562,6.188,-5.812,-34.688
10892482,BNO_MAG_UC,696,-4900,0,-8.625,-34.125,-66.812,6.188,-5.812,-34.688
10903326,BNO_MAG_UC,697,-5800,0,-9.000,-35.562,-68.562,6.188,-5.812,-34.688
10924645,BNO_MAG_UC,698,-7500,0,-8.312,-34.812,-68.125,6.188,-5.812,-34.688
10932516,BNO_MAG_UC,699,-5400,0,-8.625,-34.125,-68.188,6.188,-5.812,-34.688
10963960,BNO_MAG_UC,700,-5700,0,-7.562,-35.875,-69.438,6.188,-5.812,-34.688
10972782,BNO_MAG_UC,701,-4700,0,-8.625,-34.500,-68.125,6.188,-5.812,-34.688
10983635,BNO_MAG_UC,702,-5600,0,-9.750,-33.438,-69.000,6.188,-5.812,-34.688
11003370,BNO_MAG_UC,703,-6000,0,-9.000,-34.125,-68.125,6.188,-5.812,-34.688
11013218,BNO_MAG_UC,704,-5800,0,-8.312,-35.562,-68.125,6.188,-5.812,-34.688
11022803,BNO_MAG_UC,705,-4500,0,-8.312,-35.562,-68.125,6.188,-5.812,-34.688
11043725,BNO_MAG_UC,706,-4900,0,-8.625,-34.812,-68.125,6.188,-5.812,-34.688
11052650,BNO_MAG_UC,707,-4900,0,-9.000,-35.188,-67.250,6.188,-5.812,-34.688
11083771,BNO_MAG_UC,708,-5800,0,-8.312,-35.562,-68.625,6.188,-5.812,-34.688
11092974,BNO_MAG_UC,709,-4500,0,-9.000,-35.188,-67.688,6.188,-5.812,-34.688
11123814,BNO_MAG_UC,710,-5100,0,-9.000,-34.812,-67.688,6.188,-5.812,-34.688
11132987,BNO_MAG_UC,711,-5100,0,-9.750,-34.500,-69.438,6.188,-5.812,-34.688
11165184,BNO_MAG_UC,712,-6600,0,-9.000,-33.750,-68.188,6.188,-5.812,-34.688
11173437,BNO_MAG_UC,713,-5400,0,-9.750,-34.875,-68.125,6.188,-5.812,-34.688
11183409,BNO_MAG_UC,714,-4900,0,-9.000,-34.812,-69.000,6.188,-5.812,-34.688
11213080,BNO_MAG_UC,715,-4700,0,-9.750,-35.562,-68.625,6.188,-5.812,-34.688
11244797,BNO_MAG_UC,716,-6000,0,-8.250,-34.812,-69.000,6.188,-5.812,-34.688
11253739,BNO_MAG_UC,717,-4700,0,-9.000,-35.875,-69.000,6.188,-5.812,-34.688
11262859,BNO_MAG_UC,718,-4900,0,-7.562,-34.125,-68.188,6.188,-5.812,-34.688
11293416,BNO_MAG_UC,719,-4700,0,-8.312,-35.188,-67.750,6.188,-5.812,-34.688
11324297,BNO_MAG_UC,720,-5100,0,-8.250,-34.125,-68.188,6.188,-5.812,-34.688
11333448,BNO_MAG_UC,721,-5100,0,-9.062,-36.250,-67.750,6.188,-5.812,-34.688
11373461,BNO_MAG_UC,722,-5100,0,-8.625,-34.500,-69.000,6.188,-5.812,-34.688
11384288,BNO_MAG_UC,723,-5800,0,-8.688,-35.562,-68.125,6.188,-5.812,-34.688
11393775,BNO_MAG_UC,724,-4700,0,-9.000,-35.188,-68.625,6.188,-5.812,-34.688
11414658,BNO_MAG_UC,725,-5400,0,-7.938,-35.188,-68.188,6.188,-5.812,-34.688
11423165,BNO_MAG_UC,726,-5300,0,-8.250,-33.062,-69.062,6.188,-5.812,-34.688
11434006,BNO_MAG_UC,727,-5600,0,-7.562,-34.125,-68.188,6.188,-5.812,-34.688
11453608,BNO_MAG_UC,728,-5100,0,-8.312,-35.188,-68.125,6.188,-5.812,-34.688
11463843,BNO_MAG_UC,729,-5800,0,-9.000,-34.500,-69.000,6.188,-5.812,-34.688
11493512,BNO_MAG_UC,730,-4500,0,-8.250,-33.750,-69.062,6.188,-5.812,-34.688
11504528,BNO_MAG_UC,731,-5800,0,-7.875,-33.750,-68.625,6.188,-5.812,-34.688
11534144,BNO_MAG_UC,732,-5300,0,-9.000,-34.125,-68.125,6.188,-5.812,-34.688
11545002,BNO_MAG_UC,733,-5800,0,-8.625,-34.812,-68.625,6.188,-5.812,-34.688
11554229,BNO_MAG_UC,734,-4700,0,-8.625,-35.562,-68.625,6.188,-5.812,-34.688
11573820,BNO_MAG_UC,735,-5100,0,-8.625,-34.500,-68.125,6.188,-5.812,-34.688
11584851,BNO_MAG_UC,736,-5800,0,-9.750,-35.188,-68.125,6.188,-5.812,-34.688
11614659,BNO_MAG_UC,737,-5100,0,-8.625,-34.812,-67.750,6.188,-5.812,-34.688
11623581,BNO_MAG_UC,738,-4900,0,-8.250,-34.812,-69.438,6.188,-5.812,-34.688
11634464,BNO_MAG_UC,739,-5400,0,-8.688,-35.875,-67.750,6.188,-5.812,-34.688
11654993,BNO_MAG_UC,740,-5500,0,-9.000,-34.812,-68.625,6.188,-5.812,-34.688
11664890,BNO_MAG_UC,741,-6000,0,-7.875,-34.812,-69.438,6.188,-5.812,-34.688
11694639,BNO_MAG_UC,742,-4900,0,-8.312,-35.188,-67.250,6.188,-5.812,-34.688
11703792,BNO_MAG_UC,743,-4900,0,-9.750,-35.188,-68.125,6.188,-5.812,-34.688
11734988,BNO_MAG_UC,744,-6000,0,-8.312,-35.188,-67.750,6.188,-5.812,-34.688
11743982,BNO_MAG_UC,745,-4700,0,-7.938,-35.188,-66.875,6.188,-5.812,-34.688
11775369,BNO_MAG_UC,746,-6000,0,-9.000,-34.500,-67.750,6.188,-5.812,-34.688
11784343,BNO_MAG_UC,747,-4500,0,-9.000,-34.812,-67.750,6.188,-5.812,-34.688
11795215,BNO_MAG_UC,748,-5800,0,-7.938,-34.500,-67.750,6.188,-5.812,-34.688
11815167,BNO_MAG_UC,749,-6200,0,-8.625,-34.125,-68.625,6.188,-5.812,-34.688
11824360,BNO_MAG_UC,750,-4700,0,-9.375,-34.125,-68.125,6.188,-5.812,-34.688
11855740,BNO_MAG_UC,751,-5700,0,-9.000,-35.562,-69.438,6.188,-5.812,-34.688
11864630,BNO_MAG_UC,752,-4500,0,-8.625,-35.188,-68.125,6.188,-5.812,-34.688
11875485,BNO_MAG_UC,753,-5800,0,-9.000,-33.750,-69.062,6.188,-5.812,-34.688
11895222,BNO_MAG_UC,754,-6000,0,-9.000,-33.750,-68.188,6.188,-5.812,-34.688
11904626,BNO_MAG_UC,755,-4900,0,-8.250,-34.500,-68.188,6.188,-5.812,-34.688
11935736,BNO_MAG_UC,756,-6000,0,-8.625,-33.750,-68.625,6.188,-5.812,-34.688
11944742,BNO_MAG_UC,757,-4500,0,-7.938,-34.500,-67.750,6.188,-5.812,-34.688
11976184,BNO_MAG_UC,758,-5700,0,-8.312,-35.188,-68.125,6.188,-5.812,-34.688
11984970,BNO_MAG_UC,759,-4500,0,-7.188,-35.500,-68.625,6.188,-5.812,-34.688
12015752,BNO_MAG_UC,760,-4900,0,-7.875,-34.812,-69.938,6.188,-5.812,-34.688
12024875,BNO_MAG_UC,761,-4900,0,-9.000,-35.562,-67.750,6.188,-5.812,-34.688
12055837,BNO_MAG_UC,762,-5100,0,-10.125,-36.250,-67.750,6.188,-5.812,-34.688
12064890,BNO_MAG_UC,763,-4900,0,-8.625,-34.500,-69.000,6.188,-5.812,-34.688
12095855,BNO_MAG_UC,764,-5300,0,-9.375,-34.125,-68.625,6.188,-5.812,-34.688
12105079,BNO_MAG_UC,765,-5100,0,-8.625,-35.562,-69.500,6.188,-5.812,-34.688
12135877,BNO_MAG_UC,766,-5000,0,-8.250,-34.812,-68.625,6.188,-5.812,-34.688
12145133,BNO_MAG_UC,767,-5300,0,-8.250,-34.812,-69.000,6.188,-5.812,-34.688
12176106,BNO_MAG_UC,768,-5300,0,-8.250,-34.500,-68.188,6.188,-5.812,-34.688
12185066,BNO_MAG_UC,769,-5100,0,-8.625,-34.125,-68.188,6.188,-5.812,-34.688
12195227,BNO_MAG_UC,770,-5800,0,-9.000,-34.500,-68.125,6.188,-5.812,-34.688
12216225,BNO_MAG_UC,771,-5200,0,-7.875,-35.188,-69.875,6.188,-5.812,-34.688
12225074,BNO_MAG_UC,772,-4700,0,-8.688,-34.812,-67.250,6.188,-5.812,-34.688
12235267,BNO_MAG_UC,773,-5600,0,-8.625,-34.500,-69.000,6.188,-5.812,-34.688
12265374,BNO_MAG_UC,774,-5100,0,-8.625,-34.812,-69.500,6.188,-5.812,-34.688
12276236,BNO_MAG_UC,775,-5800,0,-8.625,-34.812,-67.750,6.188,-5.812,-34.688
12285682,BNO_MAG_UC,776,-4700,0,-8.625,-33.750,-68.188,6.188,-5.812,-34.688
12295856,BNO_MAG_UC,777,-5400,0,-8.625,-34.500,-69.000,6.188,-5.812,-34.688
12305450,BNO_MAG_UC,778,-5300,0,-9.062,-35.188,-66.875,6.188,-5.812,-34.688
12316402,BNO_MAG_UC,779,-5800,0,-9.000,-34.500,-69.000,6.188,-5.812,-34.688
12325787,BNO_MAG_UC,780,-4700,0,-9.000,-34.812,-69.000,6.188,-5.812,-34.688
12345478,BNO_MAG_UC,781,-5100,0,-9.375,-35.562,-68.125,6.188,-5.812,-34.688
12356335,BNO_MAG_UC,782,-5800,0,-9.000,-33.750,-69.062,6.188,-5.812,-34.688
12365747,BNO_MAG_UC,783,-4900,0,-8.625,-34.125,-69.062,6.188,-5.812,-34.688
12386181,BNO_MAG_UC,784,-5100,0,-9.375,-35.188,-68.625,6.188,-5.812,-34.688
12395899,BNO_MAG_UC,785,-5100,0,-9.000,-34.500,-69.125,6.188,-5.812,-34.688
12406775,BNO_MAG_UC,786,-6200,0,-8.312,-35.562,-69.000,6.188,-5.812,-34.688
12425584,BNO_MAG_UC,787,-5100,0,-7.562,-34.125,-67.312,6.188,-5.812,-34.688
12436608,BNO_MAG_UC,788,-5600,0,-7.938,-34.500,-68.188,6.188,-5.812,-34.688
12445970,BNO_MAG_UC,789,-4700,0,-9.000,-35.188,-68.625,6.188,-5.812,-34.688
12466331,BNO_MAG_UC,790,-5100,0,-8.625,-34.125,-67.750,6.188,-5.812,-34.688
12475436,BNO_MAG_UC,791,-4900,0,-9.375,-34.812,-70.375,6.188,-5.812,-34.688
12486288,BNO_MAG_UC,792,-5400,0,-8.250,-34.812,-69.125,6.188,-5.812,-34.688
12506610,BNO_MAG_UC,793,-5500,0,-8.250,-34.125,-68.625,6.188,-5.812,-34.688
12515456,BNO_MAG_UC,794,-5100,0,-9.000,-34.125,-68.625,6.188,-5.812,-34.688
12525509,BNO_MAG_UC,795,-5300,0,-9.375,-34.875,-66.875,6.188,-5.812,-34.688
12546931,BNO_MAG_UC,796,-5700,0,-8.250,-34.812,-69.875,6.188,-5.812,-34.688
12555571,BNO_MAG_UC,797,-4700,0,-7.938,-34.500,-67.750,6.188,-5.812,-34.688
12566469,BNO_MAG_UC,798,-5400,0,-7.938,-34.500,-68.188,6.188,-5.812,-34.688
12586855,BNO_MAG_UC,799,-5700,0,-9.750,-35.562,-68.125,6.188,-5.812,-34.688
12595906,BNO_MAG_UC,800,-4700,0,-8.625,-33.750,-69.500,6.188,-5.812,-34.688
12606041,BNO_MAG_UC,801,-5600,0,-8.250,-34.125,-68.250,6.188,-5.812,-34.688
12626495,BNO_MAG_UC,802,-5100,0,-8.312,-35.562,-68.250,6.188,-5.812,-34.688
12635834,BNO_MAG_UC,803,-5300,0,-9.000,-35.188,-68.188,6.188,-5.812,-34.688
12668054,BNO_MAG_UC,804,-6900,0,-9.375,-34.500,-67.312,6.188,-5.812,-34.688
12676237,BNO_MAG_UC,805,-5100,0,-8.625,-33.062,-66.000,6.188,-5.812,-34.688
12687102,BNO_MAG_UC,806,-5600,0,-8.250,-33.438,-68.625,6.188,-5.812,-34.688
12707025,BNO_MAG_UC,807,-6000,0,-9.375,-34.812,-67.750,6.188,-5.812,-34.688
12716198,BNO_MAG_UC,808,-4700,0,-9.000,-34.500,-67.750,6.188,-5.812,-34.688
12747511,BNO_MAG_UC,809,-5900,0,-8.312,-34.812,-68.250,6.188,-5.812,-34.688
12756389,BNO_MAG_UC,810,-4700,0,-9.375,-34.812,-69.062,6.188,-5.812,-34.688
12787278,BNO_MAG_UC,811,-5100,0,-9.000,-34.500,-69.500,6.188,-5.812,-34.688
12796505,BNO_MAG_UC,812,-5100,0,-9.000,-35.562,-67.750,6.188,-5.812,-34.688
12827405,BNO_MAG_UC,813,-5300,0,-8.688,-35.875,-68.125,6.188,-5.812,-34.688
12836456,BNO_MAG_UC,814,-4900,0,-8.312,-35.875,-67.750,6.188,-5.812,-34.688
12867632,BNO_MAG_UC,815,-6000,0,-9.000,-35.562,-69.500,6.188,-5.812,-34.688
12876624,BNO_MAG_UC,816,-4300,0,-8.625,-35.188,-68.188,6.188,-5.812,-34.688
12907535,BNO_MAG_UC,817,-5100,0,-9.000,-35.562,-67.750,6.188,-5.812,-34.688
12918239,BNO_MAG_UC,818,-6400,0,-8.625,-34.500,-67.750,6.188,-5.812,-34.688
12947745,BNO_MAG_UC,819,-5400,0,-8.250,-34.125,-69.500,6.188,-5.812,-34.688
12956900,BNO_MAG_UC,820,-5100,0,-8.250,-34.125,-69.125,6.188,-5.812,-34.688
12987813,BNO_MAG_UC,821,-5300,0,-8.625,-33.438,-69.125,6.188,-5.812,-34.688
12996807,BNO_MAG_UC,822,-4900,0,-9.000,-35.188,-67.750,6.188,-5.812,-34.688
13007386,BNO_MAG_UC,823,-5600,0,-9.000,-35.188,-67.750,6.188,-5.812,-34.688
13017367,BNO_MAG_UC,824,-5100,0,-7.938,-34.500,-68.625,6.188,-5.812,-34.688
13037255,BNO_MAG_UC,825,-5400,0,-8.625,-33.750,-68.250,6.188,-5.812,-34.688
13068077,BNO_MAG_UC,826,-5300,0,-9.000,-35.562,-67.750,6.188,-5.812,-34.688
13077059,BNO_MAG_UC,827,-4900,0,-8.312,-35.562,-68.250,6.188,-5.812,-34.688
13108046,BNO_MAG_UC,828,-5100,0,-9.000,-34.812,-68.188,6.188,-5.812,-34.688
13117076,BNO_MAG_UC,829,-4900,0,-8.250,-35.188,-69.125,6.188,-5.812,-34.688
13127236,BNO_MAG_UC,830,-5600,0,-8.625,-34.812,-69.125,6.188,-5.812,-34.688
13148163,BNO_MAG_UC,831,-5300,0,-9.000,-34.500,-68.250,6.188,-5.812,-34.688
13157298,BNO_MAG_UC,832,-4900,0,-9.000,-35.875,-69.062,6.188,-5.812,-34.688
13169421,BNO_MAG_UC,833,-7100,0,-8.625,-34.500,-68.250,6.188,-5.812,-34.688
13196889,BNO_MAG_UC,834,-4700,0,-9.000,-34.125,-67.375,6.188,-5.812,-34.688
13207918,BNO_MAG_UC,835,-5800,0,-9.750,-35.562,-69.500,6.188,-5.812,-34.688
13217553,BNO_MAG_UC,836,-5100,0,-9.375,-35.562,-69.062,6.188,-5.812,-34.688
13237392,BNO_MAG_UC,837,-4500,0,-9.000,-34.125,-68.250,6.188,-5.812,-34.688
13248202,BNO_MAG_UC,838,-5600,0,-8.625,-35.188,-69.062,6.188,-5.812,-34.688
13257694,BNO_MAG_UC,839,-4900,0,-8.625,-34.500,-69.125,6.188,-5.812,-34.688
13277469,BNO_MAG_UC,840,-4300,0,-9.375,-35.875,-68.188,6.188,-5.812,-34.688
13288321,BNO_MAG_UC,841,-5800,0,-8.250,-34.500,-68.250,6.188,-5.812,-34.688
13297702,BNO_MAG_UC,842,-4900,0,-9.000,-35.188,-68.625,6.188,-5.812,-34.688
13318166,BNO_MAG_UC,843,-5300,0,-8.625,-34.812,-69.500,6.188,-5.812,-34.688
13327082,BNO_MAG_UC,844,-4700,0,-7.938,-34.500,-67.750,6.188,-5.812,-34.688
13338014,BNO_MAG_UC,845,-5400,0,-9.000,-34.812,-69.062,6.188,-5.812,-34.688
13357244,BNO_MAG_UC,846,-4900,0,-9.375,-34.500,-68.188,6.188,-5.812,-34.688
13368461,BNO_MAG_UC,847,-5600,0,-8.625,-35.562,-68.625,6.188,-5.812,-34.688
13377927,BNO_MAG_UC,848,-4700,0,-8.688,-35.188,-66.875,6.188,-5.812,-34.688
13398111,BNO_MAG_UC,849,-4700,0,-7.562,-34.812,-68.250,6.188,-5.812,-34.688
13407320,BNO_MAG_UC,850,-5100,0,-8.625,-34.500,-67.375,6.188,-5.812,-34.688
13438635,BNO_MAG_UC,851,-6000,0,-9.000,-35.188,-68.625,6.188,-5.812,-34.688
13447341,BNO_MAG_UC,852,-4700,0,-8.625,-34.500,-68.625,6.188,-5.812,-34.688
13478943,BNO_MAG_UC,853,-5700,0,-8.625,-35.562,-69.062,6.188,-5.812,-34.688
13487561,BNO_MAG_UC,854,-4700,0,-8.250,-35.188,-70.000,6.188,-5.812,-34.688
13498442,BNO_MAG_UC,855,-5600,0,-9.000,-35.562,-68.188,6.188,-5.812,-34.688
13518470,BNO_MAG_UC,856,-5800,0,-8.688,-34.812,-66.500,6.188,-5.812,-34.688
13527841,BNO_MAG_UC,857,-4900,0,-9.375,-34.500,-68.188,6.188,-5.812,-34.688
13538697,BNO_MAG_UC,858,-5800,0,-8.250,-34.812,-68.625,6.188,-5.812,-34.688
13558790,BNO_MAG_UC,859,-5500,0,-9.000,-35.188,-68.188,6.188,-5.812,-34.688
13568046,BNO_MAG_UC,860,-5100,0,-9.375,-34.812,-69.062,6.188,-5.812,-34.688
13579049,BNO_MAG_UC,861,-6000,0,-8.625,-35.188,-69.500,6.188,-5.812,-34.688
13598923,BNO_MAG_UC,862,-6000,0,-9.000,-34.500,-67.750,6.188,-5.812,-34.688
13608227,BNO_MAG_UC,863,-5100,0,-8.688,-35.188,-67.750,6.188,-5.812,-34.688
13638738,BNO_MAG_UC,864,-4900,0,-9.750,-34.500,-68.625,6.188,-5.812,-34.688
13648193,BNO_MAG_UC,865,-4900,0,-7.938,-35.875,-67.750,6.188,-5.812,-34.688
13679295,BNO_MAG_UC,866,-5100,0,-8.250,-35.188,-69.125,6.188,-5.812,-34.688
13688193,BNO_MAG_UC,867,-4900,0,-9.000,-35.188,-68.188,6.188,-5.812,-34.688
13719710,BNO_MAG_UC,868,-5700,0,-9.750,-34.125,-69.062,6.188,-5.812,-34.688
13728514,BNO_MAG_UC,869,-4700,0,-7.562,-35.500,-68.625,6.188,-5.812,-34.688
13759622,BNO_MAG_UC,870,-5300,0,-7.938,-34.500,-68.250,6.188,-5.812,-34.688
13768494,BNO_MAG_UC,871,-4300,0,-9.000,-34.812,-69.062,6.188,-5.812,-34.688
13799462,BNO_MAG_UC,872,-5300,0,-7.875,-34.500,-69.125,6.188,-5.812,-34.688
13808443,BNO_MAG_UC,873,-5100,0,-8.688,-35.562,-68.188,6.188,-5.812,-34.688
13839778,BNO_MAG_UC,874,-5500,0,-8.250,-33.750,-68.625,6.188,-5.812,-34.688
13848728,BNO_MAG_UC,875,-5300,0,-9.000,-35.562,-68.188,6.188,-5.812,-34.688
13879645,BNO_MAG_UC,876,-5100,0,-7.938,-34.812,-66.000,6.188,-5.812,-34.688
13888795,BNO_MAG_UC,877,-5100,0,-9.000,-34.812,-68.625,6.188,-5.812,-34.688
13921012,BNO_MAG_UC,878,-6600,0,-8.688,-36.625,-67.750,6.188,-5.812,-34.688
13929136,BNO_MAG_UC,879,-5300,0,-8.312,-34.500,-67.750,6.188,-5.812,-34.688
13938456,BNO_MAG_UC,880,-4900,0,-9.375,-35.188,-67.312,6.188,-5.812,-34.688
13969001,BNO_MAG_UC,881,-4900,0,-8.312,-35.188,-67.375,6.188,-5.812,-34.688
13999782,BNO_MAG_UC,882,-5100,0,-9.062,-35.875,-67.312,6.188,-5.812,-34.688
14008799,BNO_MAG_UC,883,-4900,0,-8.312,-34.500,-67.375,6.188,-5.812,-34.688
14019691,BNO_MAG_UC,884,-5800,0,-9.000,-35.562,-67.750,6.188,-5.812,-34.688
14029238,BNO_MAG_UC,885,-4900,0,-8.625,-35.188,-68.188,6.188,-5.812,-34.688
14049159,BNO_MAG_UC,886,-4500,0,-8.250,-34.812,-69.125,6.188,-5.812,-34.688
14088832,BNO_MAG_UC,887,-4700,0,-8.250,-33.750,-66.938,6.188,-5.812,-34.688
14099253,BNO_MAG_UC,888,-5600,0,-9.062,-35.188,-66.875,6.188,-5.812,-34.688
14120272,BNO_MAG_UC,889,-5100,0,-8.625,-34.125,-68.250,6.188,-5.812,-34.688
14128749,BNO_MAG_UC,890,-4500,0,-8.625,-35.188,-68.188,6.188,-5.812,-34.688
14139877,BNO_MAG_UC,891,-5800,0,-9.000,-34.500,-68.625,6.188,-5.812,-34.688
14149516,BNO_MAG_UC,892,-5100,0,-9.000,-35.188,-69.500,6.188,-5.812,-34.688
14170635,BNO_MAG_UC,893,-5800,0,-8.312,-35.562,-69.125,6.188,-5.812,-34.688
14179004,BNO_MAG_UC,894,-5400,0,-7.562,-35.188,-68.250,6.188,-5.812,-34.688
14189253,BNO_MAG_UC,895,-5400,0,-8.312,-35.875,-67.750,6.188,-5.812,-34.688
14209786,BNO_MAG_UC,896,-5300,0,-8.688,-35.188,-67.312,6.188,-5.812,-34.688
14219765,BNO_MAG_UC,897,-5300,0,-8.625,-33.750,-69.125,6.188,-5.812,-34.688
14229681,BNO_MAG_UC,898,-5400,0,-8.625,-35.188,-69.938,6.188,-5.812,-34.688
14249575,BNO_MAG_UC,899,-5300,0,-9.375,-35.562,-68.188,6.188,-5.812,-34.688
14260452,BNO_MAG_UC,900,-5800,0,-9.750,-35.562,-69.500,6.188,-5.812,-34.688
14269719,BNO_MAG_UC,901,-4500,0,-7.938,-34.500,-68.250,6.188,-5.812,-34.688
14290110,BNO_MAG_UC,902,-4900,0,-9.062,-36.625,-68.625,6.188,-5.812,-34.688
14299199,BNO_MAG_UC,903,-5100,0,-9.000,-35.188,-67.750,6.188,-5.812,-34.688
14310043,BNO_MAG_UC,904,-5600,0,-9.000,-35.188,-69.062,6.188,-5.812,-34.688
14329261,BNO_MAG_UC,905,-4700,0,-9.000,-34.812,-68.188,6.188,-5.812,-34.688
14340428,BNO_MAG_UC,906,-5800,0,-9.375,-34.500,-66.938,6.188,-5.812,-34.688
14370700,BNO_MAG_UC,907,-5700,0,-9.750,-34.125,-69.500,6.188,-5.812,-34.688
14379583,BNO_MAG_UC,908,-4900,0,-7.938,-34.125,-67.375,6.188,-5.812,-34.688
14390363,BNO_MAG_UC,909,-5800,0,-8.625,-34.812,-68.625,6.188,-5.812,-34.688
14410699,BNO_MAG_UC,910,-5700,0,-7.938,-35.875,-67.812,6.188,-5.812,-34.688
14420552,BNO_MAG_UC,911,-6000,0,-8.312,-34.812,-68.250,6.188,-5.812,-34.688
14450703,BNO_MAG_UC,912,-5800,0,-8.250,-34.125,-69.500,6.188,-5.812,-34.688
14459797,BNO_MAG_UC,913,-4700,0,-8.625,-35.188,-68.188,6.188,-5.812,-34.688
14470647,BNO_MAG_UC,914,-5600,0,-9.000,-35.562,-68.188,6.188,-5.812,-34.688
14490635,BNO_MAG_UC,915,-5800,0,-9.000,-34.125,-68.688,6.188,-5.812,-34.688
14500013,BNO_MAG_UC,916,-4900,0,-9.375,-34.812,-68.188,6.188,-5.812,-34.688
14510873,BNO_MAG_UC,917,-5600,0,-8.625,-34.812,-69.500,6.188,-5.812,-34.688
14530888,BNO_MAG_UC,918,-6000,0,-7.938,-35.188,-69.125,6.188,-5.812,-34.688
14539964,BNO_MAG_UC,919,-4700,0,-8.688,-34.812,-67.375,6.188,-5.812,-34.688
14571542,BNO_MAG_UC,920,-5700,0,-9.000,-34.812,-67.750,6.188,-5.812,-34.688
14580366,BNO_MAG_UC,921,-4700,0,-8.250,-34.125,-67.375,6.188,-5.812,-34.688
14591176,BNO_MAG_UC,922,-5600,0,-7.938,-34.500,-67.812,6.188,-5.812,-34.688
14611389,BNO_MAG_UC,923,-6000,0,-9.375,-34.125,-67.812,6.188,-5.812,-34.688
14620289,BNO_MAG_UC,924,-4900,0,-8.250,-33.438,-68.250,6.188,-5.812,-34.688
14651370,BNO_MAG_UC,925,-5800,0,-8.625,-34.125,-67.812,6.188,-5.812,-34.688
14660310,BNO_MAG_UC,926,-4500,0,-9.000,-34.500,-68.688,6.188,-5.812,-34.688
14691205,BNO_MAG_UC,927,-5800,0,-8.312,-35.188,-68.250,6.188,-5.812,-34.688
14700478,BNO_MAG_UC,928,-4700,0,-9.000,-34.812,-68.188,6.188,-5.812,-34.688
14731924,BNO_MAG_UC,929,-5700,0,-8.312,-34.500,-67.750,6.188,-5.812,-34.688
14740947,BNO_MAG_UC,930,-4900,0,-8.625,-35.562,-68.688,6.188,-5.812,-34.688
14750807,BNO_MAG_UC,931,-4900,0,-7.938,-35.562,-68.250,6.188,-5.812,-34.688
14780612,BNO_MAG_UC,932,-4900,0,-8.312,-35.188,-67.812,6.188,-5.812,-34.688
14811682,BNO_MAG_UC,933,-6000,0,-9.000,-35.188,-69.062,6.188,-5.812,-34.688
14820776,BNO_MAG_UC,934,-4500,0,-9.000,-34.812,-68.688,6.188,-5.812,-34.688
14851537,BNO_MAG_UC,935,-5000,0,-8.312,-34.812,-67.812,6.188,-5.812,-34.688
14860800,BNO_MAG_UC,936,-5300,0,-9.000,-34.500,-68.625,6.188,-5.812,-34.688
14900771,BNO_MAG_UC,937,-4500,0,-8.312,-36.562,-68.688,6.188,-5.812,-34.688
14940494,BNO_MAG_UC,938,-4700,0,-8.312,-35.562,-68.250,6.188,-5.812,-34.688
14951429,BNO_MAG_UC,939,-5600,0,-9.000,-34.125,-67.375,6.188,-5.812,-34.688
14961226,BNO_MAG_UC,940,-5300,0,-7.562,-36.250,-67.812,6.188,-5.812,-34.688
14980926,BNO_MAG_UC,941,-5300,0,-9.000,-34.812,-69.062,6.188,-5.812,-34.688
14991857,BNO_MAG_UC,942,-5800,0,-9.375,-35.188,-68.688,6.188,-5.812,-34.688
15001329,BNO_MAG_UC,943,-4900,0,-8.625,-34.812,-68.688,6.188,-5.812,-34.688
15021125,BNO_MAG_UC,944,-5100,0,-9.375,-35.875,-68.688,6.188,-5.812,-34.688
15031224,BNO_MAG_UC,945,-5600,0,-8.625,-34.125,-69.125,6.188,-5.812,-34.688
15060764,BNO_MAG_UC,946,-4500,0,-9.375,-34.500,-68.688,6.188,-5.812,-34.688
15071848,BNO_MAG_UC,947,-5600,0,-9.000,-34.812,-68.188,6.188,-5.812,-34.688
15081394,BNO_MAG_UC,948,-5100,0,-7.938,-35.188,-68.688,6.188,-5.812,-34.688
15101264,BNO_MAG_UC,949,-4300,0,-8.312,-35.188,-66.938,6.188,-5.812,-34.688
15112168,BNO_MAG_UC,950,-5800,0,-9.000,-34.125,-67.375,6.188,-5.812,-34.688
15120980,BNO_MAG_UC,951,-4700,0,-9.000,-35.188,-68.188,6.188,-5.812,-34.688
15141630,BNO_MAG_UC,952,-5100,0,-8.625,-34.500,-69.125,6.188,-5.812,-34.688
15152485,BNO_MAG_UC,953,-5800,0,-8.625,-33.438,-66.938,6.188,-5.812,-34.688
15161630,BNO_MAG_UC,954,-4500,0,-9.000,-34.500,-69.125,6.188,-5.812,-34.688
15181215,BNO_MAG_UC,955,-4300,0,-8.625,-32.750,-67.812,6.188,-5.812,-34.688
15191634,BNO_MAG_UC,956,-5600,0,-8.625,-34.125,-68.688,6.188,-5.812,-34.688
15221107,BNO_MAG_UC,957,-4700,0,-9.375,-34.812,-67.812,6.188,-5.812,-34.688
15232267,BNO_MAG_UC,958,-5800,0,-9.375,-35.562,-68.188,6.188,-5.812,-34.688
15262225,BNO_MAG_UC,959,-5100,0,-9.000,-35.562,-68.688,6.188,-5.812,-34.688
15271352,BNO_MAG_UC,960,-5100,0,-9.000,-34.812,-67.812,6.188,-5.812,-34.688
15282273,BNO_MAG_UC,961,-5800,0,-7.938,-34.812,-68.250,6.188,-5.812,-34.688
15302417,BNO_MAG_UC,962,-6000,0,-8.625,-34.500,-69.500,6.188,-5.812,-34.688
15311629,BNO_MAG_UC,963,-4900,0,-8.625,-33.750,-68.250,6.188,-5.812,-34.688
15322403,BNO_MAG_UC,964,-5600,0,-9.750,-33.438,-69.125,6.188,-5.812,-34.688
15342509,BNO_MAG_UC,965,-5800,0,-9.375,-33.062,-69.125,6.188,-5.812,-34.688
15351621,BNO_MAG_UC,966,-5100,0,-8.312,-35.562,-69.125,6.188,-5.812,-34.688
15383188,BNO_MAG_UC,967,-5700,0,-8.688,-35.188,-67.812,6.188,-5.812,-34.688
15391898,BNO_MAG_UC,968,-4700,0,-8.625,-34.500,-68.688,6.188,-5.812,-34.688
15402735,BNO_MAG_UC,969,-5800,0,-7.938,-35.188,-67.812,6.188,-5.812,-34.688
15423783,BNO_MAG_UC,970,-7300,0,-8.625,-34.500,-67.375,6.188,-5.812,-34.688
15432198,BNO_MAG_UC,971,-5100,0,-9.750,-33.812,-68.688,6.188,-5.812,-34.688
15442027,BNO_MAG_UC,972,-5100,0,-9.750,-33.812,-68.688,6.188,-5.812,-34.688
15463025,BNO_MAG_UC,973,-4900,0,-9.000,-35.562,-68.688,6.188,-5.812,-34.688
15471940,BNO_MAG_UC,974,-5100,0,-9.375,-34.812,-68.688,6.188,-5.812,-34.688
15503330,BNO_MAG_UC,975,-5700,0,-8.312,-34.812,-67.812,6.188,-5.812,-34.688
15512252,BNO_MAG_UC,976,-4900,0,-8.250,-33.750,-67.812,6.188,-5.812,-34.688
15543170,BNO_MAG_UC,977,-5100,0,-8.312,-35.875,-68.188,6.188,-5.812,-34.688
15552057,BNO_MAG_UC,978,-4700,0,-9.000,-34.812,-69.062,6.188,-5.812,-34.688
15583496,BNO_MAG_UC,979,-5900,0,-8.312,-35.188,-68.688,6.188,-5.812,-34.688
15592551,BNO_MAG_UC,980,-4700,0,-9.000,-35.188,-68.188,6.188,-5.812,-34.688
15602617,BNO_MAG_UC,981,-5300,0,-7.188,-36.250,-69.562,6.188,-5.812,-34.688
15632506,BNO_MAG_UC,982,-4900,0,-8.625,-33.438,-69.125,6.188,-5.812,-34.688
15663313,BNO_MAG_UC,983,-5200,0,-9.375,-33.812,-68.250,6.188,-5.812,-34.688
15674140,BNO_MAG_UC,984,-6500,0,-7.875,-34.125,-68.688,6.188,-5.812,-34.688
15682895,BNO_MAG_UC,985,-5400,0,-7.875,-34.125,-68.688,6.188,-5.812,-34.688
15692976,BNO_MAG_UC,986,-5300,0,-9.000,-34.125,-68.688,6.188,-5.812,-34.688
15712394,BNO_MAG_UC,987,-5100,0,-9.000,-34.500,-67.375,6.188,-5.812,-34.688
15723205,BNO_MAG_UC,988,-5800,0,-9.000,-34.500,-69.125,6.188,-5.812,-34.688
15732955,BNO_MAG_UC,989,-5100,0,-7.562,-34.500,-68.250,6.188,-5.812,-34.688
15752506,BNO_MAG_UC,990,-5100,0,-8.625,-34.812,-68.688,6.188,-5.812,-34.688
15762658,BNO_MAG_UC,991,-5600,0,-8.250,-35.500,-69.562,6.188,-5.812,-34.688
15783562,BNO_MAG_UC,992,-5100,0,-8.250,-35.500,-69.562,6.188,-5.812,-34.688
15792670,BNO_MAG_UC,993,-5100,0,-7.938,-34.812,-67.812,6.188,-5.812,-34.688
15803608,BNO_MAG_UC,994,-5800,0,-8.312,-36.250,-69.062,6.188,-5.812,-34.688
15813021,BNO_MAG_UC,995,-4700,0,-9.000,-34.812,-67.812,6.188,-5.812,-34.688
15832288,BNO_MAG_UC,996,-4500,0,-7.938,-34.812,-68.250,6.188,-5.812,-34.688
15843343,BNO_MAG_UC,997,-5800,0,-8.625,-34.812,-68.250,6.188,-5.812,-34.688
15853062,BNO_MAG_UC,998,-5100,0,-9.375,-34.125,-68.688,6.188,-5.812,-34.688
15872945,BNO_MAG_UC,999,-4500,0,-9.375,-34.500,-68.188,6.188,-5.812,-34.688
15883868,BNO_MAG_UC,1000,-5800,0,-8.312,-35.562,-68.250,6.188,-5.812,-34.688
15893224,BNO_MAG_UC,1001,-4700,0,-8.688,-36.250,-68.688,6.188,-5.812,-34.688
15912878,BNO_MAG_UC,1002,-5100,0,-8.250,-33.750,-68.688,6.188,-5.812,-34.688
15925036,BNO_MAG_UC,1003,-6900,0,-8.625,-35.188,-70.438,6.188,-5.812,-34.688
15933521,BNO_MAG_UC,1004,-5100,0,-9.375,-34.500,-68.188,6.188,-5.812,-34.688
15952597,BNO_MAG_UC,1005,-4500,0,-8.625,-33.750,-69.562,6.188,-5.812,-34.688
15963742,BNO_MAG_UC,1006,-5600,0,-9.375,-34.500,-68.188,6.188,-5.812,-34.688
15973363,BNO_MAG_UC,1007,-4900,0,-7.562,-34.500,-68.250,6.188,-5.812,-34.688
15992812,BNO_MAG_UC,1008,-4900,0,-8.688,-35.188,-67.312,6.188,-5.812,-34.688
16004015,BNO_MAG_UC,1009,-5800,0,-7.938,-34.500,-68.688,6.188,-5.812,-34.688
16033608,BNO_MAG_UC,1010,-5100,0,-9.375,-34.500,-68.688,6.188,-5.812,-34.688
16042896,BNO_MAG_UC,1011,-5100,0,-8.625,-34.812,-69.125,6.188,-5.812,-34.688
16053699,BNO_MAG_UC,1012,-5400,0,-7.938,-34.500,-66.938,6.188,-5.812,-34.688
16074160,BNO_MAG_UC,1013,-5500,0,-8.312,-34.500,-67.375,6.188,-5.812,-34.688
16082831,BNO_MAG_UC,1014,-4900,0,-9.375,-34.500,-68.312,6.188,-5.812,-34.688
16114406,BNO_MAG_UC,1015,-5700,0,-9.000,-34.812,-67.812,6.188,-5.812,-34.688
16123200,BNO_MAG_UC,1016,-4900,0,-9.375,-34.500,-68.688,6.188,-5.812,-34.688
16134060,BNO_MAG_UC,1017,-5600,0,-7.875,-33.750,-67.812,6.188,-5.812,-34.688
16154591,BNO_MAG_UC,1018,-5900,0,-9.000,-34.500,-68.688,6.188,-5.812,-34.688
16163416,BNO_MAG_UC,1019,-4700,0,-8.250,-34.500,-69.125,6.188,-5.812,-34.688
16194192,BNO_MAG_UC,1020,-6000,0,-9.750,-33.062,-68.688,6.188,-5.812,-34.688
16203398,BNO_MAG_UC,1021,-4700,0,-9.000,-35.875,-68.688,6.188,-5.812,-34.688
16234864,BNO_MAG_UC,1022,-5700,0,-8.625,-34.812,-68.312,6.188,-5.812,-34.688
16243836,BNO_MAG_UC,1023,-4700,0,-8.625,-35.188,-68.188,6.188,-5.812,-34.688
16254692,BNO_MAG_UC,1024,-5600,0,-8.625,-34.500,-68.688,6.188,-5.812,-34.688
16274722,BNO_MAG_UC,1025,-5700,0,-8.312,-34.812,-68.312,6.188,-5.812,-34.688
16283708,BNO_MAG_UC,1026,-4900,0,-9.000,-34.500,-68.312,6.188,-5.812,-34.688
16314677,BNO_MAG_UC,1027,-5100,0,-8.250,-34.500,-69.125,6.188,-5.812,-34.688
16323822,BNO_MAG_UC,1028,-5100,0,-7.938,-34.125,-68.250,6.188,-5.812,-34.688
16355057,BNO_MAG_UC,1029,-5500,0,-8.625,-34.125,-68.250,6.188,-5.812,-34.688
16363959,BNO_MAG_UC,1030,-4500,0,-9.000,-34.125,-68.688,6.188,-5.812,-34.688
16394969,BNO_MAG_UC,1031,-5100,0,-8.312,-34.812,-68.312,6.188,-5.812,-34.688
16403831,BNO_MAG_UC,1032,-4900,0,-7.875,-34.812,-69.562,6.188,-5.812,-34.688
16434780,BNO_MAG_UC,1033,-5100,0,-9.375,-35.188,-68.688,6.188,-5.812,-34.688
16444252,BNO_MAG_UC,1034,-5300,0,-8.250,-34.125,-68.688,6.188,-5.812,-34.688
16475239,BNO_MAG_UC,1035,-5100,0,-8.625,-34.812,-69.125,6.188,-5.812,-34.688
16484385,BNO_MAG_UC,1036,-5300,0,-9.375,-35.188,-67.812,6.188,-5.812,-34.688
16494458,BNO_MAG_UC,1037,-5300,0,-9.000,-34.500,-68.688,6.188,-5.812,-34.688
16504572,BNO_MAG_UC,1038,-5600,0,-8.625,-34.500,-68.312,6.188,-5.812,-34.688
16524194,BNO_MAG_UC,1039,-5100,0,-9.000,-34.812,-68.688,6.188,-5.812,-34.688
16555156,BNO_MAG_UC,1040,-5200,0,-8.312,-35.188,-67.812,6.188,-5.812,-34.688
16564196,BNO_MAG_UC,1041,-4900,0,-9.375,-34.500,-69.562,6.188,-5.812,-34.688
16575103,BNO_MAG_UC,1042,-5800,0,-7.562,-34.500,-68.250,6.188,-5.812,-34.688
16584707,BNO_MAG_UC,1043,-5100,0,-8.625,-35.875,-69.062,6.188,-5.812,-34.688
16604009,BNO_MAG_UC,1044,-4700,0,-8.625,-33.438,-68.250,6.188,-5.812,-34.688
16614975,BNO_MAG_UC,1045,-5800,0,-8.250,-33.750,-69.562,6.188,-5.812,-34.688
16624702,BNO_MAG_UC,1046,-5100,0,-8.250,-33.750,-67.375,6.188,-5.812,-34.688
16644587,BNO_MAG_UC,1047,-4500,0,-9.375,-34.125,-67.812,6.188,-5.812,-34.688
16655432,BNO_MAG_UC,1048,-5600,0,-8.312,-35.188,-68.688,6.188,-5.812,-34.688
16664230,BNO_MAG_UC,1049,-4700,0,-8.312,-34.812,-68.250,6.188,-5.812,-34.688
16684494,BNO_MAG_UC,1050,-4700,0,-7.562,-34.438,-69.125,6.188,-5.812,-34.688
16694756,BNO_MAG_UC,1051,-5800,0,-7.938,-35.188,-67.812,6.188,-5.812,-34.688
16704918,BNO_MAG_UC,1052,-4900,0,-9.000,-34.812,-68.188,6.188,-5.812,-34.688
16724684,BNO_MAG_UC,1053,-5100,0,-7.938,-34.812,-66.562,6.188,-5.812,-34.688
16735690,BNO_MAG_UC,1054,-5800,0,-8.625,-34.812,-69.125,6.188,-5.812,-34.688
16744989,BNO_MAG_UC,1055,-4700,0,-8.625,-35.188,-70.812,6.188,-5.812,-34.688
16764512,BNO_MAG_UC,1056,-4900,0,-9.000,-34.812,-68.688,6.188,-5.812,-34.688
16775507,BNO_MAG_UC,1057,-5600,0,-8.688,-36.250,-67.812,6.188,-5.812,-34.688
16785005,BNO_MAG_UC,1058,-4900,0,-9.000,-35.562,-68.188,6.188,-5.812,-34.688
16804761,BNO_MAG_UC,1059,-5100,0,-8.625,-34.812,-68.250,6.188,-5.812,-34.688
16815737,BNO_MAG_UC,1060,-5800,0,-8.250,-34.500,-68.688,6.188,-5.812,-34.688
16825092,BNO_MAG_UC,1061,-4700,0,-8.312,-35.188,-68.688,6.188,-5.812,-34.688
16844445,BNO_MAG_UC,1062,-4700,0,-8.688,-34.812,-67.375,6.188,-5.812,-34.688
16855554,BNO_MAG_UC,1063,-5600,0,-9.375,-34.812,-68.688,6.188,-5.812,-34.688
16884676,BNO_MAG_UC,1064,-4900,0,-8.688,-35.875,-66.938,6.188,-5.812,-34.688
16895893,BNO_MAG_UC,1065,-5800,0,-9.375,-35.562,-69.125,6.188,-5.812,-34.688
16927202,BNO_MAG_UC,1066,-6500,0,-7.938,-34.500,-68.688,6.188,-5.812,-34.688
16935815,BNO_MAG_UC,1067,-5400,0,-9.000,-32.688,-69.125,6.188,-5.812,-34.688
16945226,BNO_MAG_UC,1068,-4700,0,-9.000,-32.688,-69.125,6.188,-5.812,-34.688
16965867,BNO_MAG_UC,1069,-5300,0,-9.000,-35.562,-69.125,6.188,-5.812,-34.688
16975110,BNO_MAG_UC,1070,-5100,0,-8.250,-33.750,-66.938,6.188,-5.812,-34.688
16985894,BNO_MAG_UC,1071,-5800,0,-8.250,-34.500,-69.188,6.188,-5.812,-34.688
17006012,BNO_MAG_UC,1072,-6000,0,-8.625,-34.812,-67.438,6.188,-5.812,-34.688
17015236,BNO_MAG_UC,1073,-4900,0,-9.062,-35.562,-66.938,6.188,-5.812,-34.688
17026121,BNO_MAG_UC,1074,-5800,0,-7.938,-35.188,-69.125,6.188,-5.812,-34.688
17046028,BNO_MAG_UC,1075,-6000,0,-9.750,-35.188,-68.188,6.188,-5.812,-34.688
17055335,BNO_MAG_UC,1076,-4900,0,-9.000,-35.188,-68.188,6.188,-5.812,-34.688
17066250,BNO_MAG_UC,1077,-5800,0,-9.750,-34.812,-69.062,6.188,-5.812,-34.688
17086075,BNO_MAG_UC,1078,-6000,0,-9.750,-34.875,-67.812,6.188,-5.812,-34.688
17095414,BNO_MAG_UC,1079,-5100,0,-8.250,-35.188,-69.125,6.188,-5.812,-34.688
17127051,BNO_MAG_UC,1080,-5700,0,-9.000,-35.188,-68.688,6.188,-5.812,-34.688
17135637,BNO_MAG_UC,1081,-5100,0,-8.625,-33.438,-67.438,6.188,-5.812,-34.688
17146541,BNO_MAG_UC,1082,-5800,0,-7.500,-33.438,-68.688,6.188,-5.812,-34.688
17166225,BNO_MAG_UC,1083,-6000,0,-9.375,-35.562,-69.125,6.188,-5.812,-34.688
17176536,BNO_MAG_UC,1084,-6200,0,-9.000,-34.500,-68.688,6.188,-5.812,-34.688
17206858,BNO_MAG_UC,1085,-5100,0,-8.625,-34.812,-68.250,6.188,-5.812,-34.688
17215830,BNO_MAG_UC,1086,-4900,0,-8.312,-34.812,-67.438,6.188,-5.812,-34.688
17246622,BNO_MAG_UC,1087,-4900,0,-9.375,-35.188,-69.125,6.188,-5.812,-34.688
17255658,BNO_MAG_UC,1088,-4900,0,-8.312,-35.562,-67.812,6.188,-5.812,-34.688
17286816,BNO_MAG_UC,1089,-5500,0,-7.188,-34.812,-68.688,6.188,-5.812,-34.688
17295986,BNO_MAG_UC,1090,-5300,0,-8.312,-34.812,-67.812,6.188,-5.812,-34.688
17326824,BNO_MAG_UC,1091,-5100,0,-8.625,-34.125,-68.688,6.188,-5.812,-34.688
17335786,BNO_MAG_UC,1092,-4700,0,-9.000,-33.750,-68.312,6.188,-5.812,-34.688
17376044,BNO_MAG_UC,1093,-4500,0,-8.625,-34.125,-67.438,6.188,-5.812,-34.688
17406961,BNO_MAG_UC,1094,-5300,0,-7.938,-35.875,-69.188,6.188,-5.812,-34.688
17415945,BNO_MAG_UC,1095,-4900,0,-9.000,-35.188,-67.812,6.188,-5.812,-34.688
17428128,BNO_MAG_UC,1096,-7100,0,-8.250,-34.500,-68.688,6.188,-5.812,-34.688
17455799,BNO_MAG_UC,1097,-4700,0,-9.375,-35.562,-68.188,6.188,-5.812,-34.688
17466720,BNO_MAG_UC,1098,-5600,0,-9.375,-33.750,-69.562,6.188,-5.812,-34.688
17476468,BNO_MAG_UC,1099,-5100,0,-8.312,-34.812,-67.812,6.188,-5.812,-34.688
17496144,BNO_MAG_UC,1100,-5100,0,-7.938,-34.500,-68.312,6.188,-5.812,-34.688
17507101,BNO_MAG_UC,1101,-5800,0,-8.250,-34.125,-68.688,6.188,-5.812,-34.688
17516571,BNO_MAG_UC,1102,-4700,0,-8.625,-34.812,-68.312,6.188,-5.812,-34.688
17536164,BNO_MAG_UC,1103,-4900,0,-9.375,-34.812,-67.812,6.188,-5.812,-34.688
17547057,BNO_MAG_UC,1104,-5800,0,-7.938,-34.812,-68.688,6.188,-5.812,-34.688
17556689,BNO_MAG_UC,1105,-5100,0,-7.938,-35.188,-68.312,6.188,-5.812,-34.688
17576445,BNO_MAG_UC,1106,-5100,0,-9.000,-33.062,-69.188,6.188,-5.812,-34.688
17587403,BNO_MAG_UC,1107,-5800,0,-9.375,-34.125,-68.688,6.188,-5.812,-34.688
17596649,BNO_MAG_UC,1108,-4700,0,-9.375,-34.125,-69.188,6.188,-5.812,-34.688
17616523,BNO_MAG_UC,1109,-4300,0,-9.375,-35.188,-67.375,6.188,-5.812,-34.688
17627419,BNO_MAG_UC,1110,-5600,0,-8.250,-34.812,-69.562,6.188,-5.812,-34.688
17636100,BNO_MAG_UC,1111,-4500,0,-8.250,-34.812,-69.188,6.188,-5.812,-34.688
17656213,BNO_MAG_UC,1112,-4500,0,-9.375,-36.250,-67.812,6.188,-5.812,-34.688
17667432,BNO_MAG_UC,1113,-5800,0,-8.312,-34.812,-68.312,6.188,-5.812,-34.688
17697504,BNO_MAG_UC,1114,-5000,0,-9.750,-35.188,-69.562,6.188,-5.812,-34.688
17706310,BNO_MAG_UC,1115,-4900,0,-8.688,-36.250,-69.125,6.188,-5.812,-34.688
17717105,BNO_MAG_UC,1116,-5300,0,-9.000,-34.125,-68.688,6.188,-5.812,-34.688
17737631,BNO_MAG_UC,1117,-5500,0,-7.562,-34.500,-68.312,6.188,-5.812,-34.688
17746357,BNO_MAG_UC,1118,-4900,0,-9.000,-35.875,-68.250,6.188,-5.812,-34.688
17777765,BNO_MAG_UC,1119,-6000,0,-9.000,-34.500,-69.188,6.188,-5.812,-34.688
17786579,BNO_MAG_UC,1120,-4900,0,-8.625,-33.438,-69.562,6.188,-5.812,-34.688
17796803,BNO_MAG_UC,1121,-5600,0,-9.750,-34.875,-68.250,6.188,-5.812,-34.688
17817173,BNO_MAG_UC,1122,-4900,0,-7.938,-35.875,-68.312,6.188,-5.812,-34.688
17826687,BNO_MAG_UC,1123,-5300,0,-9.375,-34.875,-67.438,6.188,-5.812,-34.688
17837599,BNO_MAG_UC,1124,-5600,0,-8.312,-34.812,-67.438,6.188,-5.812,-34.688
17857902,BNO_MAG_UC,1125,-5700,0,-7.938,-34.812,-67.438,6.188,-5.812,-34.688
17866762,BNO_MAG_UC,1126,-4900,0,-8.688,-35.875,-68.688,6.188,-5.812,-34.688
17897816,BNO_MAG_UC,1127,-5800,0,-7.938,-35.188,-67.438,6.188,-5.812,-34.688
17907100,BNO_MAG_UC,1128,-4700,0,-8.312,-34.812,-67.812,6.188,-5.812,-34.688
17917986,BNO_MAG_UC,1129,-5800,0,-8.625,-33.750,-67.438,6.188,-5.812,-34.688
17938346,BNO_MAG_UC,1130,-6200,0,-8.312,-35.188,-66.938,6.188,-5.812,-34.688
17947333,BNO_MAG_UC,1131,-4700,0,-8.625,-34.500,-69.188,6.188,-5.812,-34.688
17958194,BNO_MAG_UC,1132,-5800,0,-9.000,-33.750,-68.312,6.188,-5.812,-34.688
17977938,BNO_MAG_UC,1133,-6000,0,-9.000,-33.750,-68.312,6.188,-5.812,-34.688
17987229,BNO_MAG_UC,1134,-4700,0,-8.250,-34.500,-68.312,6.188,-5.812,-34.688
18018680,BNO_MAG_UC,1135,-5700,0,-9.375,-35.562,-68.688,6.188,-5.812,-34.688
18027630,BNO_MAG_UC,1136,-4700,0,-10.125,-36.250,-68.750,6.188,-5.812,-34.688
18038921,BNO_MAG_UC,1137,-6200,0,-9.000,-34.500,-68.688,6.188,-5.812,-34.688
18058634,BNO_MAG_UC,1138,-5900,0,-9.375,-34.125,-68.312,6.188,-5.812,-34.688
18067677,BNO_MAG_UC,1139,-5300,0,-7.562,-35.188,-67.812,6.188,-5.812,-34.688
18078711,BNO_MAG_UC,1140,-5800,0,-8.625,-35.562,-69.562,6.188,-5.812,-34.688
18098539,BNO_MAG_UC,1141,-5700,0,-8.312,-35.188,-67.812,6.188,-5.812,-34.688
18107792,BNO_MAG_UC,1142,-5300,0,-7.875,-33.750,-68.312,6.188,-5.812,-34.688
18118888,BNO_MAG_UC,1143,-6000,0,-9.750,-34.500,-68.688,6.188,-5.812,-34.688
18138670,BNO_MAG_UC,1144,-5600,0,-7.562,-34.500,-67.812,6.188,-5.812,-34.688
18147933,BNO_MAG_UC,1145,-5300,0,-9.000,-33.438,-67.438,6.188,-5.812,-34.688
18187865,BNO_MAG_UC,1146,-5100,0,-8.250,-34.500,-68.750,6.188,-5.812,-34.688
18219337,BNO_MAG_UC,1147,-5500,0,-8.625,-35.188,-68.312,6.188,-5.812,-34.688
18228316,BNO_MAG_UC,1148,-5100,0,-8.688,-35.188,-67.812,6.188,-5.812,-34.688
18238229,BNO_MAG_UC,1149,-5100,0,-7.562,-34.438,-69.188,6.188,-5.812,-34.688
18248386,BNO_MAG_UC,1150,-5800,0,-7.562,-34.812,-67.812,6.188,-5.812,-34.688
18267656,BNO_MAG_UC,1151,-4900,0,-7.938,-35.875,-68.312,6.188,-5.812,-34.688
18308152,BNO_MAG_UC,1152,-5300,0,-8.312,-35.562,-67.438,6.188,-5.812,-34.688
18328746,BNO_MAG_UC,1153,-5100,0,-7.938,-34.500,-67.875,6.188,-5.812,-34.688
18347538,BNO_MAG_UC,1154,-4700,0,-8.625,-34.500,-68.750,6.188,-5.812,-34.688
18388371,BNO_MAG_UC,1155,-5100,0,-8.625,-34.812,-68.312,6.188,-5.812,-34.688
18398622,BNO_MAG_UC,1156,-5400,0,-9.000,-34.500,-69.188,6.188,-5.812,-34.688
18408575,BNO_MAG_UC,1157,-5400,0,-8.250,-34.812,-69.562,6.188,-5.812,-34.688
18428325,BNO_MAG_UC,1158,-5300,0,-9.000,-33.438,-68.688,6.188,-5.812,-34.688
18439096,BNO_MAG_UC,1159,-5800,0,-9.000,-33.438,-68.688,6.188,-5.812,-34.688
18448645,BNO_MAG_UC,1160,-4700,0,-8.625,-35.188,-68.688,6.188,-5.812,-34.688
18468860,BNO_MAG_UC,1161,-5100,0,-7.562,-35.188,-69.188,6.188,-5.812,-34.688
18478706,BNO_MAG_UC,1162,-5300,0,-7.875,-33.375,-70.062,6.188,-5.812,-34.688
18488804,BNO_MAG_UC,1163,-5400,0,-8.250,-34.500,-68.688,6.188,-5.812,-34.688
18507941,BNO_MAG_UC,1164,-4700,0,-7.875,-33.750,-68.750,6.188,-5.812,-34.688
18518561,BNO_MAG_UC,1165,-5800,0,-8.688,-35.188,-67.812,6.188,-5.812,-34.688
18529755,BNO_MAG_UC,1166,-6200,0,-9.000,-35.188,-68.312,6.188,-5.812,-34.688
18548765,BNO_MAG_UC,1167,-5300,0,-8.250,-33.062,-67.812,6.188,-5.812,-34.688
18558993,BNO_MAG_UC,1168,-5400,0,-9.375,-34.500,-66.938,6.188,-5.812,-34.688
18568978,BNO_MAG_UC,1169,-5400,0,-9.375,-34.812,-68.312,6.188,-5.812,-34.688
18588736,BNO_MAG_UC,1170,-5400,0,-8.250,-33.750,-68.312,6.188,-5.812,-34.688
18599830,BNO_MAG_UC,1171,-6000,0,-9.000,-34.125,-68.688,6.188,-5.812,-34.688
18609113,BNO_MAG_UC,1172,-4700,0,-8.625,-34.812,-67.812,6.188,-5.812,-34.688
18628753,BNO_MAG_UC,1173,-5300,0,-8.688,-35.875,-68.312,6.188,-5.812,-34.688
18638437,BNO_MAG_UC,1174,-5400,0,-7.875,-34.125,-68.312,6.188,-5.812,-34.688
18649516,BNO_MAG_UC,1175,-5800,0,-7.562,-35.500,-68.750,6.188,-5.812,-34.688
18669068,BNO_MAG_UC,1176,-6200,0,-8.312,-34.812,-67.875,6.188,-5.812,-34.688
18679637,BNO_MAG_UC,1177,-5400,0,-8.625,-34.812,-68.312,6.188,-5.812,-34.688
18689036,BNO_MAG_UC,1178,-5400,0,-7.938,-35.500,-69.625,6.188,-5.812,-34.688
18709631,BNO_MAG_UC,1179,-6000,0,-9.000,-34.125,-68.312,6.188,-5.812,-34.688
18718696,BNO_MAG_UC,1180,-4900,0,-8.250,-34.500,-69.625,6.188,-5.812,-34.688
18729740,BNO_MAG_UC,1181,-6000,0,-9.375,-34.125,-68.312,6.188,-5.812,-34.688
18749603,BNO_MAG_UC,1182,-6000,0,-9.000,-35.562,-68.250,6.188,-5.812,-34.688
18758687,BNO_MAG_UC,1183,-4500,0,-8.250,-34.125,-69.188,6.188,-5.812,-34.688
18789968,BNO_MAG_UC,1184,-5800,0,-9.000,-34.125,-69.188,6.188,-5.812,-34.688
18798928,BNO_MAG_UC,1185,-4700,0,-8.688,-35.188,-67.438,6.188,-5.812,-34.688
18830435,BNO_MAG_UC,1186,-5700,0,-7.562,-34.812,-68.750,6.188,-5.812,-34.688
18839336,BNO_MAG_UC,1187,-4900,0,-7.562,-34.125,-68.750,6.188,-5.812,-34.688
18850122,BNO_MAG_UC,1188,-5800,0,-9.000,-34.500,-69.188,6.188,-5.812,-34.688
18869842,BNO_MAG_UC,1189,-6000,0,-8.250,-33.750,-69.625,6.188,-5.812,-34.688
18879197,BNO_MAG_UC,1190,-4900,0,-8.625,-34.500,-68.312,6.188,-5.812,-34.688
18910128,BNO_MAG_UC,1191,-5100,0,-9.000,-34.812,-68.750,6.188,-5.812,-34.688
18919431,BNO_MAG_UC,1192,-5300,0,-9.750,-33.812,-67.875,6.188,-5.812,-34.688
18950184,BNO_MAG_UC,1193,-6200,0,-9.000,-34.500,-68.312,6.188,-5.812,-34.688
18959277,BNO_MAG_UC,1194,-4500,0,-8.250,-34.125,-69.625,6.188,-5.812,-34.688
18990226,BNO_MAG_UC,1195,-5300,0,-9.375,-34.812,-68.312,6.188,-5.812,-34.688
18999218,BNO_MAG_UC,1196,-4900,0,-9.000,-33.750,-68.312,6.188,-5.812,-34.688
19030512,BNO_MAG_UC,1197,-6000,0,-9.375,-35.562,-68.750,6.188,-5.812,-34.688
19039818,BNO_MAG_UC,1198,-4700,0,-9.375,-34.500,-67.438,6.188,-5.812,-34.688
19049817,BNO_MAG_UC,1199,-5100,0,-9.000,-34.125,-69.188,6.188,-5.812,-34.688
19059881,BNO_MAG_UC,1200,-5400,0,-8.250,-33.750,-68.750,6.188,-5.812,-34.688
19079518,BNO_MAG_UC,1201,-5100,0,-8.250,-34.500,-68.688,6.188,-5.812,-34.688
19110571,BNO_MAG_UC,1202,-5400,0,-8.250,-34.125,-68.312,6.188,-5.812,-34.688
19119689,BNO_MAG_UC,1203,-5100,0,-9.000,-33.125,-68.312,6.188,-5.812,-34.688
19150545,BNO_MAG_UC,1204,-5100,0,-9.375,-34.812,-68.312,6.188,-5.812,-34.688
19159728,BNO_MAG_UC,1205,-4900,0,-8.312,-35.188,-68.750,6.188,-5.812,-34.688
19199857,BNO_MAG_UC,1206,-5300,0,-8.312,-35.562,-69.188,6.188,-5.812,-34.688
19240602,BNO_MAG_UC,1207,-5300,0,-8.250,-34.812,-69.562,6.188,-5.812,-34.688
19250099,BNO_MAG_UC,1208,-5100,0,-8.625,-34.812,-68.312,6.188,-5.812,-34.688
19280274,BNO_MAG_UC,1209,-5100,0,-7.875,-34.125,-68.312,6.188,-5.812,-34.688
19291116,BNO_MAG_UC,1210,-5800,0,-9.375,-35.562,-68.688,6.188,-5.812,-34.688
19300343,BNO_MAG_UC,1211,-4300,0,-9.000,-33.750,-68.688,6.188,-5.812,-34.688
19320079,BNO_MAG_UC,1212,-5300,0,-8.688,-35.562,-67.438,6.188,-5.812,-34.688
19330917,BNO_MAG_UC,1213,-5800,0,-8.625,-35.188,-68.312,6.188,-5.812,-34.688
19340309,BNO_MAG_UC,1214,-4700,0,-8.688,-35.188,-66.938,6.188,-5.812,-34.688
19360113,BNO_MAG_UC,1215,-5100,0,-7.938,-34.812,-67.812,6.188,-5.812,-34.688
19371013,BNO_MAG_UC,1216,-5600,0,-10.125,-34.500,-68.750,6.188,-5.812,-34.688
19380447,BNO_MAG_UC,1217,-4700,0,-8.625,-33.062,-69.188,6.188,-5.812,-34.688
19400000,BNO_MAG_UC,1218,-4900,0,-8.688,-34.500,-66.562,6.188,-5.812,-34.688
19411241,BNO_MAG_UC,1219,-5600,0,-8.250,-33.438,-67.875,6.188,-5.812,-34.688
19420611,BNO_MAG_UC,1220,-4700,0,-8.250,-34.500,-67.812,6.188,-5.812,-34.688
19439872,BNO_MAG_UC,1221,-4700,0,-8.312,-35.188,-67.438,6.188,-5.812,-34.688
19450456,BNO_MAG_UC,1222,-5800,0,-8.625,-35.188,-67.875,6.188,-5.812,-34.688
19461231,BNO_MAG_UC,1223,-5400,0,-8.250,-34.812,-68.688,6.188,-5.812,-34.688
19480845,BNO_MAG_UC,1224,-5600,0,-8.625,-35.188,-68.688,6.188,-5.812,-34.688
19490243,BNO_MAG_UC,1225,-4900,0,-8.250,-34.125,-67.812,6.188,-5.812,-34.688
19501061,BNO_MAG_UC,1226,-5800,0,-8.312,-34.812,-67.875,6.188,-5.812,-34.688
19521282,BNO_MAG_UC,1227,-5500,0,-7.938,-35.500,-68.750,6.188,-5.812,-34.688
19530407,BNO_MAG_UC,1228,-4900,0,-9.750,-35.562,-69.625,6.188,-5.812,-34.688
19541205,BNO_MAG_UC,1229,-5800,0,-9.375,-35.562,-68.250,6.188,-5.812,-34.688
19561436,BNO_MAG_UC,1230,-6000,0,-8.625,-35.188,-67.875,6.188,-5.812,-34.688
19570537,BNO_MAG_UC,1231,-4900,0,-9.375,-34.812,-68.312,6.188,-5.812,-34.688
19581408,BNO_MAG_UC,1232,-5800,0,-9.375,-34.875,-67.438,6.188,-5.812,-34.688
19601391,BNO_MAG_UC,1233,-6000,0,-9.000,-34.500,-69.625,6.188,-5.812,-34.688
19610631,BNO_MAG_UC,1234,-4900,0,-9.000,-35.562,-68.250,6.188,-5.812,-34.688
19620777,BNO_MAG_UC,1235,-5800,0,-8.250,-33.750,-68.750,6.188,-5.812,-34.688
19641614,BNO_MAG_UC,1236,-5000,0,-9.000,-34.812,-67.438,6.188,-5.812,-34.688
19650666,BNO_MAG_UC,1237,-5100,0,-9.750,-34.812,-68.750,6.188,-5.812,-34.688
19682846,BNO_MAG_UC,1238,-7100,0,-9.375,-34.812,-69.625,6.188,-5.812,-34.688
19690820,BNO_MAG_UC,1239,-4900,0,-9.000,-34.125,-68.750,6.188,-5.812,-34.688
19722302,BNO_MAG_UC,1240,-5500,0,-8.625,-35.188,-68.312,6.188,-5.812,-34.688
19731184,BNO_MAG_UC,1241,-4900,0,-7.875,-34.125,-68.750,6.188,-5.812,-34.688
19741883,BNO_MAG_UC,1242,-5600,0,-7.875,-34.125,-68.750,6.188,-5.812,-34.688
19761682,BNO_MAG_UC,1243,-5800,0,-7.562,-34.125,-68.312,6.188,-5.812,-34.688
19771144,BNO_MAG_UC,1244,-4700,0,-9.750,-34.500,-68.750,6.188,-5.812,-34.688
19802008,BNO_MAG_UC,1245,-5100,0,-8.312,-35.875,-68.312,6.188,-5.812,-34.688
19811138,BNO_MAG_UC,1246,-5100,0,-9.375,-34.500,-67.875,6.188,-5.812,-34.688
19842124,BNO_MAG_UC,1247,-5300,0,-9.000,-33.438,-68.312,6.188,-5.812,-34.688
19851310,BNO_MAG_UC,1248,-5100,0,-7.562,-34.812,-67.875,6.188,-5.812,-34.688
19882223,BNO_MAG_UC,1249,-5100,0,-9.375,-34.500,-69.625,6.188,-5.812,-34.688
19891384,BNO_MAG_UC,1250,-4900,0,-9.000,-33.438,-69.625,6.188,-5.812,-34.688
19922294,BNO_MAG_UC,1251,-5300,0,-7.938,-34.500,-67.438,6.188,-5.812,-34.688
19931262,BNO_MAG_UC,1252,-4700,0,-8.250,-34.125,-68.312,6.188,-5.812,-34.688
19943288,BNO_MAG_UC,1253,-7100,0,-7.188,-34.438,-68.312,6.188,-5.812,-34.688
19971229,BNO_MAG_UC,1254,-4900,0,-8.312,-34.812,-67.000,6.188,-5.812,-34.688
19982138,BNO_MAG_UC,1255,-5600,0,-7.938,-35.500,-69.188,6.188,-5.812,-34.688
19991961,BNO_MAG_UC,1256,-5300,0,-9.000,-33.750,-68.312,6.188,-5.812,-34.688
20011171,BNO_MAG_UC,1257,-4900,0,-8.625,-34.812,-68.312,6.188,-5.812,-34.688
20022110,BNO_MAG_UC,1258,-5800,0,-8.688,-35.562,-67.875,6.188,-5.812,-34.688
20051595,BNO_MAG_UC,1259,-5300,0,-9.750,-35.188,-69.125,6.188,-5.812,-34.688
20062441,BNO_MAG_UC,1260,-5800,0,-9.000,-34.812,-68.312,6.188,-5.812,-34.688
20071927,BNO_MAG_UC,1261,-4700,0,-8.250,-34.500,-69.188,6.188,-5.812,-34.688
20091624,BNO_MAG_UC,1262,-5100,0,-8.688,-35.188,-67.438,6.188,-5.812,-34.688
20101937,BNO_MAG_UC,1263,-5800,0,-8.250,-34.125,-70.062,6.188,-5.812,-34.688
20112061,BNO_MAG_UC,1264,-4900,0,-9.000,-35.875,-68.750,6.188,-5.812,-34.688
20131706,BNO_MAG_UC,1265,-5100,0,-7.938,-35.188,-67.438,6.188,-5.812,-34.688
20142701,BNO_MAG_UC,1266,-5600,0,-8.625,-34.500,-67.438,6.188,-5.812,-34.688
20152155,BNO_MAG_UC,1267,-4900,0,-8.250,-34.500,-68.312,6.188,-5.812,-34.688
20171925,BNO_MAG_UC,1268,-5300,0,-9.750,-34.812,-68.750,6.188,-5.812,-34.688
20182795,BNO_MAG_UC,1269,-5800,0,-8.312,-34.812,-68.312,6.188,-5.812,-34.688
20211901,BNO_MAG_UC,1270,-5100,0,-8.625,-34.812,-67.875,6.188,-5.812,-34.688
20222922,BNO_MAG_UC,1271,-5800,0,-8.625,-33.750,-69.188,6.188,-5.812,-34.688
20232203,BNO_MAG_UC,1272,-4700,0,-9.750,-34.500,-68.312,6.188,-5.812,-34.688
20252155,BNO_MAG_UC,1273,-4500,0,-9.375,-34.125,-68.312,6.188,-5.812,-34.688
20262477,BNO_MAG_UC,1274,-5800,0,-9.000,-35.188,-68.312,6.188,-5.812,-34.688
20272466,BNO_MAG_UC,1275,-4900,0,-8.250,-33.750,-67.438,6.188,-5.812,-34.688
20292891,BNO_MAG_UC,1276,-5500,0,-7.938,-35.562,-67.875,6.188,-5.812,-34.688
20301849,BNO_MAG_UC,1277,-4900,0,-7.875,-34.125,-69.625,6.188,-5.812,-34.688
20332543,BNO_MAG_UC,1278,-5100,0,-9.000,-34.500,-68.312,6.188,-5.812,-34.688
20341939,BNO_MAG_UC,1279,-5400,0,-7.938,-35.500,-69.188,6.188,-5.812,-34.688
20372027,BNO_MAG_UC,1280,-4500,0,-7.938,-35.875,-68.688,6.188,-5.812,-34.688
20383320,BNO_MAG_UC,1281,-6000,0,-9.375,-34.500,-67.875,6.188,-5.812,-34.688
20392389,BNO_MAG_UC,1282,-4700,0,-9.375,-34.500,-67.875,6.188,-5.812,-34.688
20412808,BNO_MAG_UC,1283,-4900,0,-8.625,-34.125,-68.312,6.188,-5.812,-34.688
20422234,BNO_MAG_UC,1284,-4900,0,-8.625,-34.812,-68.750,6.188,-5.812,-34.688
20433162,BNO_MAG_UC,1285,-6000,0,-7.500,-33.125,-68.312,6.188,-5.812,-34.688
20453183,BNO_MAG_UC,1286,-5700,0,-9.375,-34.125,-67.812,6.188,-5.812,-34.688
20462424,BNO_MAG_UC,1287,-5300,0,-8.625,-34.500,-67.875,6.188,-5.812,-34.688
20473229,BNO_MAG_UC,1288,-5600,0,-8.625,-34.125,-69.188,6.188,-5.812,-34.688
20493336,BNO_MAG_UC,1289,-6200,0,-7.938,-35.562,-67.438,6.188,-5.812,-34.688
20502468,BNO_MAG_UC,1290,-5100,0,-9.750,-35.188,-69.625,6.188,-5.812,-34.688
20513454,BNO_MAG_UC,1291,-5800,0,-8.688,-34.500,-66.562,6.188,-5.812,-34.688
20533380,BNO_MAG_UC,1292,-6200,0,-8.625,-33.438,-68.312,6.188,-5.812,-34.688
20542607,BNO_MAG_UC,1293,-4900,0,-9.000,-34.500,-67.875,6.188,-5.812,-34.688
20553189,BNO_MAG_UC,1294,-5600,0,-9.000,-34.500,-67.875,6.188,-5.812,-34.688
20573516,BNO_MAG_UC,1295,-6000,0,-9.000,-34.500,-68.312,6.188,-5.812,-34.688
20582743,BNO_MAG_UC,1296,-4900,0,-9.375,-35.188,-68.750,6.188,-5.812,-34.688
20593758,BNO_MAG_UC,1297,-5800,0,-9.000,-34.500,-68.750,6.188,-5.812,-34.688
20613700,BNO_MAG_UC,1298,-6200,0,-8.625,-35.188,-68.750,6.188,-5.812,-34.688
20622885,BNO_MAG_UC,1299,-4700,0,-7.875,-33.438,-67.875,6.188,-5.812,-34.688
20653864,BNO_MAG_UC,1300,-5100,0,-6.812,-34.125,-67.438,6.188,-5.812,-34.688
20662929,BNO_MAG_UC,1301,-5100,0,-8.312,-34.812,-68.312,6.188,-5.812,-34.688
20695238,BNO_MAG_UC,1302,-6400,0,-9.375,-33.812,-68.312,6.188,-5.812,-34.688
20703372,BNO_MAG_UC,1303,-5400,0,-8.250,-33.750,-67.438,6.188,-5.812,-34.688
20734058,BNO_MAG_UC,1304,-6200,0,-7.562,-34.500,-66.562,6.188,-5.812,-34.688
20743330,BNO_MAG_UC,1305,-4900,0,-8.688,-35.875,-68.750,6.188,-5.812,-34.688
20753453,BNO_MAG_UC,1306,-5300,0,-9.000,-35.188,-69.625,6.188,-5.812,-34.688
20763619,BNO_MAG_UC,1307,-5600,0,-8.688,-35.562,-67.438,6.188,-5.812,-34.688
20783342,BNO_MAG_UC,1308,-5400,0,-7.875,-34.500,-69.188,6.188,-5.812,-34.688
20823438,BNO_MAG_UC,1309,-5100,0,-8.312,-34.812,-67.875,6.188,-5.812,-34.688
20854694,BNO_MAG_UC,1310,-5500,0,-8.250,-34.125,-67.438,6.188,-5.812,-34.688
20863660,BNO_MAG_UC,1311,-5100,0,-8.625,-34.125,-67.875,6.188,-5.812,-34.688
20873663,BNO_MAG_UC,1312,-4900,0,-8.312,-35.562,-69.188,6.188,-5.812,-34.688
20903136,BNO_MAG_UC,1313,-4700,0,-9.375,-35.188,-68.250,6.188,-5.812,-34.688
20914103,BNO_MAG_UC,1314,-5800,0,-9.375,-34.500,-67.875,6.188,-5.812,-34.688
20923862,BNO_MAG_UC,1315,-5300,0,-8.625,-34.125,-69.625,6.188,-5.812,-34.688
20944238,BNO_MAG_UC,1316,-6000,0,-9.000,-34.812,-68.750,6.188,-5.812,-34.688
20953088,BNO_MAG_UC,1317,-5600,0,-8.250,-33.500,-69.625,6.188,-5.812,-34.688
20964123,BNO_MAG_UC,1318,-5800,0,-7.875,-34.500,-68.750,6.188,-5.812,-34.688
20983123,BNO_MAG_UC,1319,-4700,0,-8.312,-34.812,-68.312,6.188,-5.812,-34.688
20994350,BNO_MAG_UC,1320,-6000,0,-7.938,-34.812,-67.875,6.188,-5.812,-34.688
21004068,BNO_MAG_UC,1321,-5300,0,-9.000,-34.812,-68.312,6.188,-5.812,-34.688
21023103,BNO_MAG_UC,1322,-4500,0,-8.625,-33.750,-68.750,6.188,-5.812,-34.688
21033775,BNO_MAG_UC,1323,-5800,0,-9.750,-35.188,-68.750,6.188,-5.812,-34.688
21063183,BNO_MAG_UC,1324,-4500,0,-7.938,-34.500,-67.438,6.188,-5.812,-34.688
21074396,BNO_MAG_UC,1325,-5800,0,-8.312,-35.875,-68.312,6.188,-5.812,-34.688
21084066,BNO_MAG_UC,1326,-4900,0,-7.938,-35.188,-68.312,6.188,-5.812,-34.688
21103330,BNO_MAG_UC,1327,-4700,0,-8.625,-34.500,-67.875,6.188,-5.812,-34.688
21114623,BNO_MAG_UC,1328,-5800,0,-9.000,-35.188,-67.438,6.188,-5.812,-34.688
21124176,BNO_MAG_UC,1329,-5100,0,-9.375,-34.500,-69.188,6.188,-5.812,-34.688
21143463,BNO_MAG_UC,1330,-4700,0,-9.000,-35.562,-68.750,6.188,-5.812,-34.688
21154195,BNO_MAG_UC,1331,-6000,0,-9.375,-34.125,-68.312,6.188,-5.812,-34.688
21164343,BNO_MAG_UC,1332,-5100,0,-8.312,-34.812,-67.438,6.188,-5.812,-34.688
21184675,BNO_MAG_UC,1333,-5800,0,-7.938,-34.500,-67.438,6.188,-5.812,-34.688
21204737,BNO_MAG_UC,1334,-5600,0,-8.312,-35.875,-68.312,6.188,-5.812,-34.688
21224997,BNO_MAG_UC,1335,-5700,0,-8.625,-34.812,-68.312,6.188,-5.812,-34.688
21233689,BNO_MAG_UC,1336,-4900,0,-8.625,-34.500,-68.750,6.188,-5.812,-34.688
21244642,BNO_MAG_UC,1337,-5600,0,-8.625,-34.500,-68.375,6.188,-5.812,-34.688
21264831,BNO_MAG_UC,1338,-6000,0,-8.625,-35.188,-68.312,6.188,-5.812,-34.688
21274042,BNO_MAG_UC,1339,-4900,0,-8.625,-34.812,-67.875,6.188,-5.812,-34.688
21284975,BNO_MAG_UC,1340,-5800,0,-8.250,-34.125,-67.438,6.188,-5.812,-34.688
21305003,BNO_MAG_UC,1341,-6000,0,-9.375,-35.188,-69.125,6.188,-5.812,-34.688
21314061,BNO_MAG_UC,1342,-5100,0,-8.250,-34.500,-67.875,6.188,-5.812,-34.688
21324995,BNO_MAG_UC,1343,-5600,0,-8.625,-33.750,-68.750,6.188,-5.812,-34.688
21345057,BNO_MAG_UC,1344,-6000,0,-8.250,-35.500,-70.062,6.188,-5.812,-34.688
21354378,BNO_MAG_UC,1345,-4900,0,-8.250,-35.188,-69.625,6.188,-5.812,-34.688
21385101,BNO_MAG_UC,1346,-5100,0,-9.375,-34.812,-69.188,6.188,-5.812,-34.688
21394260,BNO_MAG_UC,1347,-4900,0,-7.938,-35.562,-68.312,6.188,-5.812,-34.688
21405279,BNO_MAG_UC,1348,-5800,0,-8.312,-36.625,-67.375,6.188,-5.812,-34.688
21425445,BNO_MAG_UC,1349,-6200,0,-9.000,-34.500,-69.625,6.188,-5.812,-34.688
21434415,BNO_MAG_UC,1350,-4700,0,-8.250,-34.125,-68.312,6.188,-5.812,-34.688
21465381,BNO_MAG_UC,1351,-6000,0,-8.250,-34.812,-68.750,6.188,-5.812,-34.688
21474625,BNO_MAG_UC,1352,-4900,0,-9.375,-34.500,-67.438,6.188,-5.812,-34.688
21506932,BNO_MAG_UC,1353,-6900,0,-8.625,-34.125,-67.438,6.188,-5.812,-34.688
21514836,BNO_MAG_UC,1354,-5600,0,-9.000,-34.500,-68.750,6.188,-5.812,-34.688
21525818,BNO_MAG_UC,1355,-5600,0,-8.250,-34.812,-69.625,6.188,-5.812,-34.688
21545736,BNO_MAG_UC,1356,-6000,0,-7.938,-35.875,-67.875,6.188,-5.812,-34.688
21555005,BNO_MAG_UC,1357,-4900,0,-9.000,-34.500,-67.438,6.188,-5.812,-34.688
21585731,BNO_MAG_UC,1358,-6200,0,-8.250,-34.812,-68.750,6.188,-5.812,-34.688
21595156,BNO_MAG_UC,1359,-4900,0,-8.625,-35.188,-68.750,6.188,-5.812,-34.688
21625911,BNO_MAG_UC,1360,-6000,0,-8.312,-35.188,-68.750,6.188,-5.812,-34.688
21635105,BNO_MAG_UC,1361,-4700,0,-8.312,-35.562,-68.750,6.188,-5.812,-34.688
21666407,BNO_MAG_UC,1362,-5500,0,-7.562,-34.812,-67.438,6.188,-5.812,-34.688
21675446,BNO_MAG_UC,1363,-5100,0,-8.250,-34.812,-69.188,6.188,-5.812,-34.688
21685378,BNO_MAG_UC,1364,-5100,0,-8.625,-34.812,-68.750,6.188,-5.812,-34.688
21714748,BNO_MAG_UC,1365,-4900,0,-8.312,-34.812,-68.312,6.188,-5.812,-34.688
21725838,BNO_MAG_UC,1366,-5800,0,-7.938,-34.125,-67.875,6.188,-5.812,-34.688
21755269,BNO_MAG_UC,1367,-4900,0,-7.562,-35.500,-68.312,6.188,-5.812,-34.688
21786470,BNO_MAG_UC,1368,-5500,0,-8.312,-35.875,-68.750,6.188,-5.812,-34.688
21794874,BNO_MAG_UC,1369,-4300,0,-8.625,-34.500,-68.750,6.188,-5.812,-34.688
21805287,BNO_MAG_UC,1370,-5600,0,-9.000,-35.188,-67.438,6.188,-5.812,-34.688
21835075,BNO_MAG_UC,1371,-4700,0,-8.688,-35.875,-68.312,6.188,-5.812,-34.688
21846099,BNO_MAG_UC,1372,-5800,0,-9.750,-34.125,-67.875,6.188,-5.812,-34.688
21855658,BNO_MAG_UC,1373,-5100,0,-9.000,-34.812,-69.188,6.188,-5.812,-34.688
21875571,BNO_MAG_UC,1374,-5300,0,-8.250,-35.188,-69.625,6.188,-5.812,-34.688
21915165,BNO_MAG_UC,1375,-4500,0,-9.375,-34.812,-67.875,6.188,-5.812,-34.688
21926306,BNO_MAG_UC,1376,-5800,0,-9.375,-35.188,-68.750,6.188,-5.812,-34.688
21955300,BNO_MAG_UC,1377,-4900,0,-8.312,-34.500,-67.500,6.188,-5.812,-34.688
21966490,BNO_MAG_UC,1378,-6000,0,-7.875,-33.125,-69.625,6.188,-5.812,-34.688
21975927,BNO_MAG_UC,1379,-4900,0,-8.312,-35.188,-68.312,6.188,-5.812,-34.688
21995696,BNO_MAG_UC,1380,-5300,0,-9.000,-34.500,-68.750,6.188,-5.812,-34.688
22005971,BNO_MAG_UC,1381,-5800,0,-8.250,-33.750,-69.188,6.188,-5.812,-34.688
22016091,BNO_MAG_UC,1382,-4700,0,-8.625,-35.188,-67.875,6.188,-5.812,-34.688
22035271,BNO_MAG_UC,1383,-4500,0,-8.688,-35.562,-67.875,6.188,-5.812,-34.688
22046560,BNO_MAG_UC,1384,-5800,0,-9.000,-35.562,-68.750,6.188,-5.812,-34.688
22076895,BNO_MAG_UC,1385,-5700,0,-7.562,-35.500,-68.312,6.188,-5.812,-34.688
22085612,BNO_MAG_UC,1386,-4700,0,-8.250,-34.125,-68.312,6.188,-5.812,-34.688
22116396,BNO_MAG_UC,1387,-5100,0,-9.375,-34.812,-68.750,6.188,-5.812,-34.688
22125779,BNO_MAG_UC,1388,-5300,0,-8.312,-35.562,-68.375,6.188,-5.812,-34.688
22156458,BNO_MAG_UC,1389,-5100,0,-9.000,-34.812,-69.188,6.188,-5.812,-34.688
22167086,BNO_MAG_UC,1390,-5800,0,-8.625,-34.500,-67.875,6.188,-5.812,-34.688
22198362,BNO_MAG_UC,1391,-7000,0,-9.000,-36.250,-69.125,6.188,-5.812,-34.688
22207036,BNO_MAG_UC,1392,-5400,0,-9.000,-34.812,-67.875,6.188,-5.812,-34.688
22236898,BNO_MAG_UC,1393,-6000,0,-8.312,-35.188,-67.500,6.188,-5.812,-34.688
22246294,BNO_MAG_UC,1394,-5100,0,-7.188,-34.500,-67.500,6.188,-5.812,-34.688
22256508,BNO_MAG_UC,1395,-5800,0,-8.625,-33.500,-68.375,6.188,-5.812,-34.688
22276886,BNO_MAG_UC,1396,-5100,0,-7.562,-35.500,-68.312,6.188,-5.812,-34.688
22286359,BNO_MAG_UC,1397,-5100,0,-9.375,-36.250,-67.875,6.188,-5.812,-34.688
22296508,BNO_MAG_UC,1398,-5800,0,-9.000,-34.500,-68.312,6.188,-5.812,-34.688
22316873,BNO_MAG_UC,1399,-5100,0,-9.000,-34.125,-69.625,6.188,-5.812,-34.688
22326641,BNO_MAG_UC,1400,-5600,0,-9.375,-34.812,-68.312,6.188,-5.812,-34.688
22357221,BNO_MAG_UC,1401,-6000,0,-8.312,-36.250,-67.438,6.188,-5.812,-34.688
22366538,BNO_MAG_UC,1402,-4900,0,-7.938,-34.500,-67.000,6.188,-5.812,-34.688
22377540,BNO_MAG_UC,1403,-5800,0,-9.375,-34.500,-68.312,6.188,-5.812,-34.688
22397131,BNO_MAG_UC,1404,-6000,0,-8.312,-34.125,-67.000,6.188,-5.812,-34.688
22406669,BNO_MAG_UC,1405,-4900,0,-9.375,-34.812,-67.875,6.188,-5.812,-34.688
22417365,BNO_MAG_UC,1406,-5800,0,-9.375,-34.812,-67.875,6.188,-5.812,-34.688
22447582,BNO_MAG_UC,1407,-6200,0,-7.938,-34.812,-67.000,6.188,-5.812,-34.688
22456962,BNO_MAG_UC,1408,-5300,0,-9.375,-34.812,-68.750,6.188,-5.812,-34.688
22486822,BNO_MAG_UC,1409,-4700,0,-9.375,-35.188,-68.375,6.188,-5.812,-34.688
22518157,BNO_MAG_UC,1410,-5700,0,-7.938,-35.500,-69.625,6.188,-5.812,-34.688
22527205,BNO_MAG_UC,1411,-5100,0,-8.250,-34.125,-67.875,6.188,-5.812,-34.688
22537138,BNO_MAG_UC,1412,-5100,0,-9.000,-34.812,-67.875,6.188,-5.812,-34.688
22547255,BNO_MAG_UC,1413,-5600,0,-7.188,-35.188,-69.250,6.188,-5.812,-34.688
22566609,BNO_MAG_UC,1414,-5100,0,-8.688,-34.812,-67.000,6.188,-5.812,-34.688
22577466,BNO_MAG_UC,1415,-5800,0,-8.688,-34.812,-67.000,6.188,-5.812,-34.688
22587284,BNO_MAG_UC,1416,-5300,0,-8.625,-34.125,-69.250,6.188,-5.812,-34.688
22606986,BNO_MAG_UC,1417,-5300,0,-8.250,-34.125,-68.375,6.188,-5.812,-34.688
22647016,BNO_MAG_UC,1418,-4900,0,-9.000,-34.125,-67.000,6.188,-5.812,-34.688
22687221,BNO_MAG_UC,1419,-4700,0,-8.625,-34.500,-67.500,6.188,-5.812,-34.688
22699394,BNO_MAG_UC,1420,-7100,0,-8.625,-33.750,-68.312,6.188,-5.812,-34.688
22708091,BNO_MAG_UC,1421,-5400,0,-7.562,-34.812,-67.000,6.188,-5.812,-34.688
22726776,BNO_MAG_UC,1422,-4700,0,-8.625,-34.125,-68.312,6.188,-5.812,-34.688
22737897,BNO_MAG_UC,1423,-5800,0,-8.625,-33.750,-67.875,6.188,-5.812,-34.688
22747540,BNO_MAG_UC,1424,-5100,0,-7.875,-34.812,-69.625,6.188,-5.812,-34.688
22767630,BNO_MAG_UC,1425,-5600,0,-8.250,-34.812,-68.750,6.188,-5.812,-34.688
22777661,BNO_MAG_UC,1426,-5400,0,-8.250,-34.812,-68.750,6.188,-5.812,-34.688
22787729,BNO_MAG_UC,1427,-5600,0,-8.312,-35.188,-67.875,6.188,-5.812,-34.688
22806902,BNO_MAG_UC,1428,-4700,0,-8.250,-34.125,-67.500,6.188,-5.812,-34.688
22818336,BNO_MAG_UC,1429,-5800,0,-9.062,-34.875,-66.125,6.188,-5.812,-34.688
22827638,BNO_MAG_UC,1430,-4700,0,-7.938,-35.500,-68.750,6.188,-5.812,-34.688
22847522,BNO_MAG_UC,1431,-4500,0,-9.000,-34.125,-67.500,6.188,-5.812,-34.688
22858386,BNO_MAG_UC,1432,-5800,0,-7.562,-34.438,-69.188,6.188,-5.812,-34.688
22867818,BNO_MAG_UC,1433,-4700,0,-8.250,-33.500,-68.750,6.188,-5.812,-34.688
22886986,BNO_MAG_UC,1434,-4700,0,-7.562,-36.250,-67.875,6.188,-5.812,-34.688
22898452,BNO_MAG_UC,1435,-5800,0,-9.375,-33.500,-67.875,6.188,-5.812,-34.688
22907905,BNO_MAG_UC,1436,-4700,0,-8.625,-34.812,-68.750,6.188,-5.812,-34.688
22927137,BNO_MAG_UC,1437,-4700,0,-8.625,-34.812,-68.750,6.188,-5.812,-34.688
22937807,BNO_MAG_UC,1438,-5800,0,-8.625,-34.812,-67.875,6.188,-5.812,-34.688
22968453,BNO_MAG_UC,1439,-6000,0,-8.312,-35.875,-68.750,6.188,-5.812,-34.688
22977356,BNO_MAG_UC,1440,-4700,0,-8.250,-33.750,-68.750,6.188,-5.812,-34.688
22988334,BNO_MAG_UC,1441,-5600,0,-8.250,-34.125,-68.375,6.188,-5.812,-34.688
23008396,BNO_MAG_UC,1442,-6000,0,-9.375,-33.812,-67.500,6.188,-5.812,-34.688
23017508,BNO_MAG_UC,1443,-5100,0,-8.625,-33.750,-67.875,6.188,-5.812,-34.688
23028485,BNO_MAG_UC,1444,-5800,0,-8.250,-34.500,-67.875,6.188,-5.812,-34.688
23048750,BNO_MAG_UC,1445,-6200,0,-9.750,-33.812,-67.438,6.188,-5.812,-34.688
23057952,BNO_MAG_UC,1446,-4900,0,-7.562,-34.812,-67.500,6.188,-5.812,-34.688
23068223,BNO_MAG_UC,1447,-5800,0,-9.000,-34.500,-67.875,6.188,-5.812,-34.688
23088608,BNO_MAG_UC,1448,-5800,0,-9.000,-34.812,-67.500,6.188,-5.812,-34.688
23097904,BNO_MAG_UC,1449,-4700,0,-8.625,-34.500,-67.875,6.188,-5.812,-34.688
23108843,BNO_MAG_UC,1450,-5800,0,-9.000,-34.125,-68.375,6.188,-5.812,-34.688
23128879,BNO_MAG_UC,1451,-6200,0,-8.250,-34.812,-69.250,6.188,-5.812,-34.688
23138069,BNO_MAG_UC,1452,-4700,0,-8.625,-35.188,-67.875,6.188,-5.812,-34.688
23148254,BNO_MAG_UC,1453,-5600,0,-9.750,-34.125,-67.438,6.188,-5.812,-34.688
23168864,BNO_MAG_UC,1454,-5300,0,-9.000,-34.125,-68.375,6.188,-5.812,-34.688
23178128,BNO_MAG_UC,1455,-5100,0,-9.000,-34.812,-67.875,6.188,-5.812,-34.688
23189102,BNO_MAG_UC,1456,-6000,0,-8.250,-34.500,-69.250,6.188,-5.812,-34.688
23210054,BNO_MAG_UC,1457,-7100,0,-8.250,-34.500,-67.875,6.188,-5.812,-34.688
23218316,BNO_MAG_UC,1458,-5300,0,-7.562,-34.812,-66.625,6.188,-5.812,-34.688
23229339,BNO_MAG_UC,1459,-5800,0,-8.312,-34.812,-67.875,6.188,-5.812,-34.688
23249402,BNO_MAG_UC,1460,-6400,0,-8.625,-34.812,-67.500,6.188,-5.812,-34.688
23258477,BNO_MAG_UC,1461,-4900,0,-9.000,-34.812,-68.375,6.188,-5.812,-34.688
23289375,BNO_MAG_UC,1462,-5100,0,-8.625,-33.750,-69.625,6.188,-5.812,-34.688
23298521,BNO_MAG_UC,1463,-5300,0,-8.625,-34.500,-67.500,6.188,-5.812,-34.688
23329664,BNO_MAG_UC,1464,-5300,0,-7.562,-35.188,-68.375,6.188,-5.812,-34.688
23338614,BNO_MAG_UC,1465,-4900,0,-9.000,-34.125,-68.375,6.188,-5.812,-34.688
23349359,BNO_MAG_UC,1466,-5800,0,-9.000,-34.125,-68.375,6.188,-5.812,-34.688
23358973,BNO_MAG_UC,1467,-4900,0,-8.625,-35.188,-68.750,6.188,-5.812,-34.688
23378617,BNO_MAG_UC,1468,-5300,0,-8.312,-35.562,-67.500,6.188,-5.812,-34.688
23409648,BNO_MAG_UC,1469,-5100,0,-8.250,-35.188,-69.250,6.188,-5.812,-34.688
23418951,BNO_MAG_UC,1470,-5100,0,-9.375,-34.500,-67.875,6.188,-5.812,-34.688
23429131,BNO_MAG_UC,1471,-5300,0,-8.312,-34.812,-67.875,6.188,-5.812,-34.688
23459641,BNO_MAG_UC,1472,-6200,0,-8.625,-33.812,-67.875,6.188,-5.812,-34.688
23469054,BNO_MAG_UC,1473,-5400,0,-9.375,-34.812,-67.875,6.188,-5.812,-34.688
23498957,BNO_MAG_UC,1474,-5100,0,-8.250,-34.125,-68.750,6.188,-5.812,-34.688
23509737,BNO_MAG_UC,1475,-6000,0,-8.250,-34.125,-68.750,6.188,-5.812,-34.688
23539060,BNO_MAG_UC,1476,-5100,0,-9.000,-35.188,-69.250,6.188,-5.812,-34.688
23570111,BNO_MAG_UC,1477,-5200,0,-8.250,-34.500,-68.375,6.188,-5.812,-34.688
23578542,BNO_MAG_UC,1478,-4500,0,-9.750,-34.500,-67.875,6.188,-5.812,-34.688
23589642,BNO_MAG_UC,1479,-5600,0,-8.250,-33.500,-67.500,6.188,-5.812,-34.688
23599305,BNO_MAG_UC,1480,-5100,0,-8.625,-34.812,-67.875,6.188,-5.812,-34.688
23619000,BNO_MAG_UC,1481,-5100,0,-8.250,-34.500,-69.250,6.188,-5.812,-34.688
23629674,BNO_MAG_UC,1482,-6000,0,-8.625,-33.125,-68.375,6.188,-5.812,-34.688
23639487,BNO_MAG_UC,1483,-4900,0,-8.625,-34.812,-68.750,6.188,-5.812,-34.688
23658739,BNO_MAG_UC,1484,-4700,0,-8.625,-34.812,-68.375,6.188,-5.812,-34.688
23670104,BNO_MAG_UC,1485,-6200,0,-8.312,-34.812,-67.500,6.188,-5.812,-34.688
23679465,BNO_MAG_UC,1486,-4900,0,-9.375,-34.500,-67.500,6.188,-5.812,-34.688
23699200,BNO_MAG_UC,1487,-4300,0,-8.625,-35.188,-69.188,6.188,-5.812,-34.688
23711539,BNO_MAG_UC,1488,-7100,0,-8.625,-34.500,-68.375,6.188,-5.812,-34.688
23738769,BNO_MAG_UC,1489,-4500,0,-8.625,-34.500,-67.500,6.188,-5.812,-34.688
23750192,BNO_MAG_UC,1490,-6000,0,-9.000,-34.812,-69.250,6.188,-5.812,-34.688
23759075,BNO_MAG_UC,1491,-4900,0,-9.375,-34.125,-67.500,6.188,-5.812,-34.688
23779649,BNO_MAG_UC,1492,-5100,0,-9.375,-35.188,-68.750,6.188,-5.812,-34.688
23790615,BNO_MAG_UC,1493,-6000,0,-7.938,-35.188,-68.375,6.188,-5.812,-34.688
23799893,BNO_MAG_UC,1494,-4700,0,-9.000,-34.812,-67.875,6.188,-5.812,-34.688
23820264,BNO_MAG_UC,1495,-5500,0,-9.000,-34.500,-68.375,6.188,-5.812,-34.688
23829258,BNO_MAG_UC,1496,-5100,0,-7.562,-34.500,-67.875,6.188,-5.812,-34.688
23840139,BNO_MAG_UC,1497,-5800,0,-8.625,-34.812,-68.750,6.188,-5.812,-34.688
23860427,BNO_MAG_UC,1498,-5700,0,-9.375,-33.812,-67.875,6.188,-5.812,-34.688
23869470,BNO_MAG_UC,1499,-4900,0,-8.625,-34.812,-68.375,6.188,-5.812,-34.688
23880300,BNO_MAG_UC,1500,-5800,0,-7.875,-33.125,-69.625,6.188,-5.812,-34.688
23900483,BNO_MAG_UC,1501,-6000,0,-7.875,-34.500,-68.750,6.188,-5.812,-34.688
23909659,BNO_MAG_UC,1502,-4500,0,-9.000,-35.188,-67.500,6.188,-5.812,-34.688
23940143,BNO_MAG_UC,1503,-4900,0,-9.000,-34.500,-69.625,6.188,-5.812,-34.688
23949820,BNO_MAG_UC,1504,-5100,0,-9.062,-36.250,-67.875,6.188,-5.812,-34.688
23980574,BNO_MAG_UC,1505,-6000,0,-9.000,-34.500,-67.500,6.188,-5.812,-34.688
23989888,BNO_MAG_UC,1506,-4900,0,-7.938,-36.562,-68.375,6.188,-5.812,-34.688
24000814,BNO_MAG_UC,1507,-5800,0,-8.625,-34.812,-69.250,6.188,-5.812,-34.688
24020874,BNO_MAG_UC,1508,-6000,0,-9.375,-34.812,-69.625,6.188,-5.812,-34.688
24029997,BNO_MAG_UC,1509,-4700,0,-8.250,-34.812,-68.375,6.188,-5.812,-34.688
24040983,BNO_MAG_UC,1510,-6000,0,-8.625,-34.125,-66.625,6.188,-5.812,-34.688
24060931,BNO_MAG_UC,1511,-6000,0,-9.375,-36.250,-68.750,6.188,-5.812,-34.688
24069962,BNO_MAG_UC,1512,-4500,0,-10.125,-33.812,-68.375,6.188,-5.812,-34.688
24101095,BNO_MAG_UC,1513,-5100,0,-7.562,-35.188,-68.312,6.188,-5.812,-34.688
24110072,BNO_MAG_UC,1514,-5100,0,-8.625,-34.500,-68.750,6.188,-5.812,-34.688
24141383,BNO_MAG_UC,1515,-5300,0,-8.312,-35.562,-68.750,6.188,-5.812,-34.688
24150316,BNO_MAG_UC,1516,-5100,0,-9.062,-35.875,-66.625,6.188,-5.812,-34.688
24181357,BNO_MAG_UC,1517,-5100,0,-8.625,-35.562,-68.750,6.188,-5.812,-34.688
24190340,BNO_MAG_UC,1518,-4900,0,-7.938,-35.500,-68.750,6.188,-5.812,-34.688
24221103,BNO_MAG_UC,1519,-4900,0,-8.312,-35.562,-68.375,6.188,-5.812,-34.688
24230426,BNO_MAG_UC,1520,-5400,0,-9.000,-33.812,-68.375,6.188,-5.812,-34.688
24261509,BNO_MAG_UC,1521,-5300,0,-9.375,-34.125,-67.875,6.188,-5.812,-34.688
24270632,BNO_MAG_UC,1522,-5100,0,-9.375,-34.500,-67.500,6.188,-5.812,-34.688
24301749,BNO_MAG_UC,1523,-5500,0,-9.375,-34.125,-67.875,6.188,-5.812,-34.688
24310942,BNO_MAG_UC,1524,-5300,0,-7.938,-34.812,-68.750,6.188,-5.812,-34.688
24320884,BNO_MAG_UC,1525,-5100,0,-8.625,-34.812,-69.250,6.188,-5.812,-34.688
24350848,BNO_MAG_UC,1526,-5100,0,-8.312,-35.188,-67.500,6.188,-5.812,-34.688
24361054,BNO_MAG_UC,1527,-5400,0,-8.625,-34.500,-70.125,6.188,-5.812,-34.688
24381495,BNO_MAG_UC,1528,-5800,0,-8.625,-34.125,-68.375,6.188,-5.812,-34.688
24390633,BNO_MAG_UC,1529,-4900,0,-8.688,-35.875,-68.750,6.188,-5.812,-34.688
24400777,BNO_MAG_UC,1530,-5600,0,-8.312,-35.562,-68.812,6.188,-5.812,-34.688
24422025,BNO_MAG_UC,1531,-5300,0,-8.625,-34.812,-67.875,6.188,-5.812,-34.688
24430576,BNO_MAG_UC,1532,-4500,0,-9.375,-34.500,-67.875,6.188,-5.812,-34.688
24441577,BNO_MAG_UC,1533,-5800,0,-9.375,-35.875,-67.438,6.188,-5.812,-34.688
24451041,BNO_MAG_UC,1534,-4900,0,-8.312,-35.188,-68.750,6.188,-5.812,-34.688
24472076,BNO_MAG_UC,1535,-6500,0,-7.875,-34.500,-68.750,6.188,-5.812,-34.688
24480488,BNO_MAG_UC,1536,-5300,0,-8.625,-35.188,-67.875,6.188,-5.812,-34.688
24491603,BNO_MAG_UC,1537,-6000,0,-7.562,-34.500,-67.875,6.188,-5.812,-34.688
24510863,BNO_MAG_UC,1538,-5100,0,-8.250,-33.812,-68.375,6.188,-5.812,-34.688
24521169,BNO_MAG_UC,1539,-6000,0,-9.062,-35.875,-67.875,6.188,-5.812,-34.688
24532138,BNO_MAG_UC,1540,-5800,0,-8.250,-34.500,-68.375,6.188,-5.812,-34.688
24550952,BNO_MAG_UC,1541,-5100,0,-8.312,-34.812,-67.500,6.188,-5.812,-34.688
24561946,BNO_MAG_UC,1542,-5800,0,-9.750,-35.562,-67.062,6.188,-5.812,-34.688
24571319,BNO_MAG_UC,1543,-4700,0,-8.250,-34.812,-69.250,6.188,-5.812,-34.688
24590670,BNO_MAG_UC,1544,-4700,0,-9.750,-33.875,-68.375,6.188,-5.812,-34.688
24601978,BNO_MAG_UC,1545,-6000,0,-9.000,-35.188,-68.375,6.188,-5.812,-34.688
24611458,BNO_MAG_UC,1546,-4900,0,-8.312,-35.188,-67.875,6.188,-5.812,-34.688
24630745,BNO_MAG_UC,1547,-4700,0,-9.375,-35.188,-67.000,6.188,-5.812,-34.688
24641450,BNO_MAG_UC,1548,-5800,0,-9.000,-34.812,-67.500,6.188,-5.812,-34.688
24651673,BNO_MAG_UC,1549,-4900,0,-7.188,-34.125,-69.250,6.188,-5.812,-34.688
24670845,BNO_MAG_UC,1550,-4700,0,-9.000,-34.812,-67.500,6.188,-5.812,-34.688
24681381,BNO_MAG_UC,1551,-5600,0,-8.625,-34.500,-68.375,6.188,-5.812,-34.688
24692231,BNO_MAG_UC,1552,-5600,0,-9.000,-34.188,-67.875,6.188,-5.812,-34.688
24712135,BNO_MAG_UC,1553,-5700,0,-8.625,-34.812,-69.250,6.188,-5.812,-34.688
24722263,BNO_MAG_UC,1554,-6000,0,-8.250,-34.500,-67.875,6.188,-5.812,-34.688
24752146,BNO_MAG_UC,1555,-5800,0,-7.562,-35.500,-67.875,6.188,-5.812,-34.688
24761222,BNO_MAG_UC,1556,-4900,0,-8.625,-34.812,-68.375,6.188,-5.812,-34.688
24771501,BNO_MAG_UC,1557,-5600,0,-8.250,-33.812,-67.875,6.188,-5.812,-34.688
24792079,BNO_MAG_UC,1558,-5300,0,-9.000,-34.500,-69.250,6.188,-5.812,-34.688
24801521,BNO_MAG_UC,1559,-5100,0,-8.625,-35.188,-69.250,6.188,-5.812,-34.688
24812445,BNO_MAG_UC,1560,-5800,0,-9.000,-34.812,-68.750,6.188,-5.812,-34.688
24832508,BNO_MAG_UC,1561,-6200,0,-8.250,-33.500,-68.375,6.188,-5.812,-34.688
24841590,BNO_MAG_UC,1562,-4900,0,-9.375,-34.812,-67.875,6.188,-5.812,-34.688
24852483,BNO_MAG_UC,1563,-5800,0,-7.875,-34.188,-69.250,6.188,-5.812,-34.688
24872609,BNO_MAG_UC,1564,-6000,0,-7.562,-34.188,-69.250,6.188,-5.812,-34.688
24881621,BNO_MAG_UC,1565,-4700,0,-9.000,-33.812,-68.750,6.188,-5.812,-34.688
24892430,BNO_MAG_UC,1566,-5800,0,-9.000,-33.812,-68.750,6.188,-5.812,-34.688
24912571,BNO_MAG_UC,1567,-6000,0,-8.250,-34.500,-68.375,6.188,-5.812,-34.688
24921857,BNO_MAG_UC,1568,-4900,0,-8.625,-33.812,-68.375,6.188,-5.812,-34.688
24932818,BNO_MAG_UC,1569,-5800,0,-7.938,-35.562,-67.500,6.188,-5.812,-34.688
24952518,BNO_MAG_UC,1570,-6000,0,-7.938,-34.125,-67.875,6.188,-5.812,-34.688
24961953,BNO_MAG_UC,1571,-4900,0,-8.312,-35.188,-67.000,6.188,-5.812,-34.688
24992791,BNO_MAG_UC,1572,-6000,0,-9.750,-33.500,-67.438,6.188,-5.812,-34.688
25001982,BNO_MAG_UC,1573,-4700,0,-8.250,-34.812,-68.375,6.188,-5.812,-34.688
25032986,BNO_MAG_UC,1574,-5500,0,-9.375,-34.500,-68.750,6.188,-5.812,-34.688
25042050,BNO_MAG_UC,1575,-4900,0,-8.625,-34.812,-67.875,6.188,-5.812,-34.688
25073352,BNO_MAG_UC,1576,-5500,0,-9.000,-34.812,-68.375,6.188,-5.812,-34.688
25082334,BNO_MAG_UC,1577,-5300,0,-8.625,-35.188,-68.750,6.188,-5.812,-34.688
25092530,BNO_MAG_UC,1578,-5400,0,-9.000,-33.812,-69.250,6.188,-5.812,-34.688
25102666,BNO_MAG_UC,1579,-5400,0,-9.375,-33.812,-70.125,6.188,-5.812,-34.688
25122301,BNO_MAG_UC,1580,-5300,0,-8.312,-34.812,-67.500,6.188,-5.812,-34.688
25153723,BNO_MAG_UC,1581,-5500,0,-9.000,-34.500,-69.250,6.188,-5.812,-34.688
25162699,BNO_MAG_UC,1582,-5300,0,-8.625,-33.500,-68.375,6.188,-5.812,-34.688
25172733,BNO_MAG_UC,1583,-5100,0,-9.375,-33.812,-69.625,6.188,-5.812,-34.688
25182835,BNO_MAG_UC,1584,-5600,0,-8.625,-35.562,-69.250,6.188,-5.812,-34.688
25201961,BNO_MAG_UC,1585,-4900,0,-8.625,-34.500,-67.000,6.188,-5.812,-34.688
25212931,BNO_MAG_UC,1586,-5600,0,-8.250,-34.500,-69.250,6.188,-5.812,-34.688
25222811,BNO_MAG_UC,1587,-5400,0,-8.625,-35.562,-69.625,6.188,-5.812,-34.688
25242512,BNO_MAG_UC,1588,-5300,0,-7.938,-34.812,-67.875,6.188,-5.812,-34.688
25273716,BNO_MAG_UC,1589,-5300,0,-9.062,-36.938,-68.312,6.188,-5.812,-34.688
25282099,BNO_MAG_UC,1590,-4500,0,-8.688,-35.562,-67.500,6.188,-5.812,-34.688
25293092,BNO_MAG_UC,1591,-5800,0,-8.625,-35.188,-68.375,6.188,-5.812,-34.688
25303053,BNO_MAG_UC,1592,-5400,0,-7.562,-34.812,-69.250,6.188,-5.812,-34.688
25322244,BNO_MAG_UC,1593,-4700,0,-8.688,-35.875,-68.375,6.188,-5.812,-34.688
25332538,BNO_MAG_UC,1594,-5800,0,-9.750,-34.812,-69.625,6.188,-5.812,-34.688
25343633,BNO_MAG_UC,1595,-5800,0,-8.250,-34.438,-70.125,6.188,-5.812,-34.688
25362658,BNO_MAG_UC,1596,-5300,0,-8.312,-35.562,-67.875,6.188,-5.812,-34.688
25373585,BNO_MAG_UC,1597,-5800,0,-9.000,-35.188,-68.375,6.188,-5.812,-34.688
25383124,BNO_MAG_UC,1598,-4900,0,-9.000,-34.500,-68.375,6.188,-5.812,-34.688
25402689,BNO_MAG_UC,1599,-5100,0,-7.938,-35.562,-68.375,6.188,-5.812,-34.688
25413857,BNO_MAG_UC,1600,-6000,0,-8.312,-35.188,-67.000,6.188,-5.812,-34.688
25423209,BNO_MAG_UC,1601,-4700,0,-6.812,-33.438,-68.375,6.188,-5.812,-34.688
25442461,BNO_MAG_UC,1602,-4700,0,-8.250,-34.500,-68.375,6.188,-5.812,-34.688
25453677,BNO_MAG_UC,1603,-5800,0,-9.000,-33.500,-67.500,6.188,-5.812,-34.688
25463224,BNO_MAG_UC,1604,-4900,0,-8.625,-34.500,-67.500,6.188,-5.812,-34.688
25483950,BNO_MAG_UC,1605,-6200,0,-8.250,-33.812,-68.375,6.188,-5.812,-34.688
25492591,BNO_MAG_UC,1606,-5300,0,-8.625,-33.500,-68.750,6.188,-5.812,-34.688
25503579,BNO_MAG_UC,1607,-5600,0,-8.625,-33.812,-68.375,6.188,-5.812,-34.688
25522648,BNO_MAG_UC,1608,-4700,0,-8.688,-35.875,-67.875,6.188,-5.812,-34.688
25533848,BNO_MAG_UC,1609,-5600,0,-8.312,-34.500,-67.500,6.188,-5.812,-34.688
25563645,BNO_MAG_UC,1610,-5100,0,-7.562,-34.438,-68.750,6.188,-5.812,-34.688
25572819,BNO_MAG_UC,1611,-5100,0,-8.625,-34.812,-68.750,6.188,-5.812,-34.688
25583776,BNO_MAG_UC,1612,-5600,0,-8.688,-35.875,-68.375,6.188,-5.812,-34.688
25604078,BNO_MAG_UC,1613,-5700,0,-8.250,-34.188,-68.750,6.188,-5.812,-34.688
25612954,BNO_MAG_UC,1614,-5100,0,-9.000,-35.875,-68.812,6.188,-5.812,-34.688
25623184,BNO_MAG_UC,1615,-5600,0,-9.375,-35.188,-67.938,6.188,-5.812,-34.688
25643678,BNO_MAG_UC,1616,-4900,0,-8.688,-35.188,-66.625,6.188,-5.812,-34.688
25653262,BNO_MAG_UC,1617,-5100,0,-8.625,-35.188,-68.375,6.188,-5.812,-34.688
25663464,BNO_MAG_UC,1618,-5800,0,-7.938,-35.500,-68.750,6.188,-5.812,-34.688
25683863,BNO_MAG_UC,1619,-4900,0,-8.688,-35.562,-68.375,6.188,-5.812,-34.688
25693344,BNO_MAG_UC,1620,-5100,0,-9.000,-34.500,-67.875,6.188,-5.812,-34.688
25704206,BNO_MAG_UC,1621,-5800,0,-7.562,-34.188,-67.500,6.188,-5.812,-34.688
25724305,BNO_MAG_UC,1622,-6000,0,-7.875,-34.812,-69.625,6.188,-5.812,-34.688
25734507,BNO_MAG_UC,1623,-6000,0,-9.000,-34.812,-68.375,6.188,-5.812,-34.688
25764129,BNO_MAG_UC,1624,-4900,0,-8.312,-35.188,-67.500,6.188,-5.812,-34.688
25773471,BNO_MAG_UC,1625,-4900,0,-8.688,-35.875,-67.062,6.188,-5.812,-34.688
25804741,BNO_MAG_UC,1626,-5300,0,-9.375,-34.812,-69.250,6.188,-5.812,-34.688
25813694,BNO_MAG_UC,1627,-5100,0,-9.000,-34.812,-68.375,6.188,-5.812,-34.688
25844801,BNO_MAG_UC,1628,-5100,0,-9.375,-33.812,-67.875,6.188,-5.812,-34.688
25853709,BNO_MAG_UC,1629,-4900,0,-9.750,-34.875,-67.875,6.188,-5.812,-34.688
25884892,BNO_MAG_UC,1630,-6200,0,-9.375,-35.562,-69.250,6.188,-5.812,-34.688
25893998,BNO_MAG_UC,1631,-4700,0,-7.938,-35.875,-69.625,6.188,-5.812,-34.688
25925083,BNO_MAG_UC,1632,-5100,0,-8.312,-34.812,-67.938,6.188,-5.812,-34.688
25934095,BNO_MAG_UC,1633,-5100,0,-9.375,-35.188,-68.375,6.188,-5.812,-34.688
25965124,BNO_MAG_UC,1634,-5300,0,-8.688,-35.875,-68.375,6.188,-5.812,-34.688
25974166,BNO_MAG_UC,1635,-5300,0,-8.625,-35.188,-68.375,6.188,-5.812,-34.688
25986401,BNO_MAG_UC,1636,-7300,0,-9.375,-34.812,-68.750,6.188,-5.812,-34.688
25994182,BNO_MAG_UC,1637,-4500,0,-8.625,-34.500,-67.875,6.188,-5.812,-34.688
26014534,BNO_MAG_UC,1638,-5100,0,-9.375,-34.812,-67.938,6.188,-5.812,-34.688
26023761,BNO_MAG_UC,1639,-5100,0,-9.375,-34.812,-67.938,6.188,-5.812,-34.688
26054686,BNO_MAG_UC,1640,-4900,0,-7.562,-33.812,-67.938,6.188,-5.812,-34.688
26064310,BNO_MAG_UC,1641,-5100,0,-9.000,-34.812,-68.812,6.188,-5.812,-34.688
26074730,BNO_MAG_UC,1642,-5800,0,-8.250,-34.188,-68.375,6.188,-5.812,-34.688
26094203,BNO_MAG_UC,1643,-5300,0,-8.625,-34.188,-68.812,6.188,-5.812,-34.688
26104918,BNO_MAG_UC,1644,-5600,0,-8.625,-34.188,-68.812,6.188,-5.812,-34.688
26114762,BNO_MAG_UC,1645,-5300,0,-10.125,-33.812,-70.125,6.188,-5.812,-34.688
26134093,BNO_MAG_UC,1646,-4900,0,-9.375,-35.562,-68.750,6.188,-5.812,-34.688
26145059,BNO_MAG_UC,1647,-6000,0,-8.625,-34.812,-68.375,6.188,-5.812,-34.688
26154803,BNO_MAG_UC,1648,-5400,0,-9.750,-34.562,-68.375,6.188,-5.812,-34.688
26174324,BNO_MAG_UC,1649,-5100,0,-9.375,-34.562,-68.812,6.188,-5.812,-34.688
26184538,BNO_MAG_UC,1650,-5800,0,-9.000,-33.812,-67.938,6.188,-5.812,-34.688
26205826,BNO_MAG_UC,1651,-5300,0,-9.000,-36.250,-69.688,6.188,-5.812,-34.688
26214289,BNO_MAG_UC,1652,-4500,0,-8.688,-35.562,-68.375,6.188,-5.812,-34.688
26225306,BNO_MAG_UC,1653,-5600,0,-9.000,-34.188,-68.375,6.188,-5.812,-34.688
26254082,BNO_MAG_UC,1654,-4500,0,-8.625,-35.188,-68.375,6.188,-5.812,-34.688
26265439,BNO_MAG_UC,1655,-6000,0,-8.625,-33.500,-67.938,6.188,-5.812,-34.688
26294547,BNO_MAG_UC,1656,-4900,0,-8.312,-34.562,-67.562,6.188,-5.812,-34.688
26305607,BNO_MAG_UC,1657,-5800,0,-8.625,-33.500,-68.375,6.188,-5.812,-34.688
26315104,BNO_MAG_UC,1658,-4900,0,-9.750,-34.875,-67.500,6.188,-5.812,-34.688
26334627,BNO_MAG_UC,1659,-5100,0,-8.312,-35.562,-68.375,6.188,-5.812,-34.688
26345742,BNO_MAG_UC,1660,-5800,0,-9.000,-34.812,-67.062,6.188,-5.812,-34.688
26355087,BNO_MAG_UC,1661,-4700,0,-8.688,-34.812,-66.625,6.188,-5.812,-34.688
26374549,BNO_MAG_UC,1662,-4900,0,-9.000,-34.812,-67.938,6.188,-5.812,-34.688
26385068,BNO_MAG_UC,1663,-5800,0,-9.000,-34.188,-68.375,6.188,-5.812,-34.688
26414388,BNO_MAG_UC,1664,-4500,0,-7.938,-34.812,-67.875,6.188,-5.812,-34.688
26425756,BNO_MAG_UC,1665,-5800,0,-7.938,-34.812,-67.000,6.188,-5.812,-34.688
26435101,BNO_MAG_UC,1666,-4900,0,-7.938,-34.812,-67.000,6.188,-5.812,-34.688
26455629,BNO_MAG_UC,1667,-4900,0,-9.375,-34.500,-68.375,6.188,-5.812,-34.688
26464785,BNO_MAG_UC,1668,-5100,0,-8.625,-33.812,-68.812,6.188,-5.812,-34.688
26495661,BNO_MAG_UC,1669,-4900,0,-8.688,-35.188,-67.062,6.188,-5.812,-34.688
26504831,BNO_MAG_UC,1670,-5400,0,-8.250,-34.188,-68.812,6.188,-5.812,-34.688
26515799,BNO_MAG_UC,1671,-6000,0,-8.250,-34.500,-69.250,6.188,-5.812,-34.688
26535718,BNO_MAG_UC,1672,-5500,0,-8.312,-35.562,-67.500,6.188,-5.812,-34.688
26544851,BNO_MAG_UC,1673,-5400,0,-9.750,-34.125,-69.625,6.188,-5.812,-34.688
26576324,BNO_MAG_UC,1674,-5700,0,-8.688,-35.562,-67.062,6.188,-5.812,-34.688
26585193,BNO_MAG_UC,1675,-4700,0,-8.250,-33.812,-69.250,6.188,-5.812,-34.688
26596051,BNO_MAG_UC,1676,-5600,0,-8.625,-32.750,-67.938,6.188,-5.812,-34.688
26616218,BNO_MAG_UC,1677,-6000,0,-8.625,-34.812,-67.500,6.188,-5.812,-34.688
26625327,BNO_MAG_UC,1678,-4700,0,-8.688,-35.875,-67.875,6.188,-5.812,-34.688
26636300,BNO_MAG_UC,1679,-6000,0,-9.000,-35.188,-68.812,6.188,-5.812,-34.688
26656161,BNO_MAG_UC,1680,-6200,0,-9.000,-34.812,-67.500,6.188,-5.812,-34.688
26665481,BNO_MAG_UC,1681,-5100,0,-8.625,-34.562,-68.812,6.188,-5.812,-34.688
26676479,BNO_MAG_UC,1682,-5800,0,-7.938,-34.812,-68.375,6.188,-5.812,-34.688
26696668,BNO_MAG_UC,1683,-6000,0,-8.625,-35.188,-68.812,6.188,-5.812,-34.688
26705526,BNO_MAG_UC,1684,-4700,0,-8.312,-35.188,-68.375,6.188,-5.812,-34.688
26738191,BNO_MAG_UC,1685,-7000,0,-8.312,-35.562,-68.812,6.188,-5.812,-34.688
26745394,BNO_MAG_UC,1686,-4200,0,-8.312,-35.875,-68.375,6.188,-5.812,-34.688
26776789,BNO_MAG_UC,1687,-5500,0,-9.000,-34.188,-67.062,6.188,-5.812,-34.688
26785878,BNO_MAG_UC,1688,-5300,0,-8.625,-34.188,-67.062,6.188,-5.812,-34.688
26816550,BNO_MAG_UC,1689,-5800,0,-8.312,-35.875,-67.938,6.188,-5.812,-34.688
26825798,BNO_MAG_UC,1690,-4700,0,-9.000,-34.188,-68.812,6.188,-5.812,-34.688
26857107,BNO_MAG_UC,1691,-5300,0,-9.000,-35.562,-67.500,6.188,-5.812,-34.688
26866147,BNO_MAG_UC,1692,-4900,0,-8.312,-35.188,-67.500,6.188,-5.812,-34.688
26876345,BNO_MAG_UC,1693,-5400,0,-9.000,-35.562,-67.938,6.188,-5.812,-34.688
26886394,BNO_MAG_UC,1694,-5600,0,-9.375,-35.562,-68.375,6.188,-5.812,-34.688
26906180,BNO_MAG_UC,1695,-5400,0,-9.375,-34.875,-67.500,6.188,-5.812,-34.688
26926654,BNO_MAG_UC,1696,-4900,0,-8.625,-34.812,-67.500,6.188,-5.812,-34.688
26945996,BNO_MAG_UC,1697,-5300,0,-7.938,-35.562,-68.375,6.188,-5.812,-34.688
26977768,BNO_MAG_UC,1698,-6000,0,-8.625,-34.812,-68.812,6.188,-5.812,-34.688
26988278,BNO_MAG_UC,1699,-6400,0,-9.375,-34.562,-67.938,6.188,-5.812,-34.688
27026213,BNO_MAG_UC,1700,-4500,0,-8.625,-34.188,-67.062,6.188,-5.812,-34.688
27057379,BNO_MAG_UC,1701,-5300,0,-8.625,-34.188,-67.938,6.188,-5.812,-34.688
27065835,BNO_MAG_UC,1702,-4300,0,-8.625,-35.188,-69.250,6.188,-5.812,-34.688
27076951,BNO_MAG_UC,1703,-5800,0,-7.875,-33.812,-69.688,6.188,-5.812,-34.688
27086672,BNO_MAG_UC,1704,-5300,0,-8.625,-33.500,-68.812,6.188,-5.812,-34.688
27106301,BNO_MAG_UC,1705,-5100,0,-8.688,-35.875,-67.062,6.188,-5.812,-34.688
27117338,BNO_MAG_UC,1706,-5800,0,-7.938,-35.875,-68.375,6.188,-5.812,-34.688
27126705,BNO_MAG_UC,1707,-4900,0,-8.625,-34.188,-68.812,6.188,-5.812,-34.688
27146453,BNO_MAG_UC,1708,-5100,0,-9.000,-34.562,-67.938,6.188,-5.812,-34.688
27156786,BNO_MAG_UC,1709,-5800,0,-8.688,-35.562,-67.500,6.188,-5.812,-34.688
27166900,BNO_MAG_UC,1710,-4900,0,-8.625,-34.562,-67.938,6.188,-5.812,-34.688
27186444,BNO_MAG_UC,1711,-5300,0,-8.625,-34.562,-68.812,6.188,-5.812,-34.688
27197494,BNO_MAG_UC,1712,-5800,0,-8.250,-34.812,-68.375,6.188,-5.812,-34.688
27206137,BNO_MAG_UC,1713,-4700,0,-7.938,-34.812,-68.812,6.188,-5.812,-34.688
27226133,BNO_MAG_UC,1714,-4300,0,-9.000,-35.562,-68.812,6.188,-5.812,-34.688
27247766,BNO_MAG_UC,1715,-5800,0,-9.000,-34.812,-68.375,6.188,-5.812,-34.688
27266232,BNO_MAG_UC,1716,-4700,0,-9.000,-34.188,-67.938,6.188,-5.812,-34.688
27276812,BNO_MAG_UC,1717,-5800,0,-8.625,-34.500,-68.375,6.188,-5.812,-34.688
27287968,BNO_MAG_UC,1718,-5600,0,-7.562,-36.562,-68.812,6.188,-5.812,-34.688
27307042,BNO_MAG_UC,1719,-5300,0,-8.250,-34.812,-68.812,6.188,-5.812,-34.688
27316516,BNO_MAG_UC,1720,-5400,0,-7.938,-35.875,-67.938,6.188,-5.812,-34.688
27327537,BNO_MAG_UC,1721,-5600,0,-9.000,-34.500,-68.375,6.188,-5.812,-34.688
27347553,BNO_MAG_UC,1722,-6000,0,-8.250,-34.562,-67.938,6.188,-5.812,-34.688
27356456,BNO_MAG_UC,1723,-4900,0,-9.375,-35.188,-68.375,6.188,-5.812,-34.688
27367455,BNO_MAG_UC,1724,-5600,0,-9.000,-35.562,-67.500,6.188,-5.812,-34.688
27387820,BNO_MAG_UC,1725,-5700,0,-8.312,-34.875,-67.062,6.188,-5.812,-34.688
27396774,BNO_MAG_UC,1726,-4900,0,-8.625,-34.812,-68.812,6.188,-5.812,-34.688
27427483,BNO_MAG_UC,1727,-5100,0,-8.625,-34.812,-68.812,6.188,-5.812,-34.688
27437030,BNO_MAG_UC,1728,-5300,0,-8.250,-33.812,-67.500,6.188,-5.812,-34.688
27448039,BNO_MAG_UC,1729,-6000,0,-9.375,-35.875,-69.688,6.188,-5.812,-34.688
27468172,BNO_MAG_UC,1730,-6000,0,-8.688,-35.562,-68.375,6.188,-5.812,-34.688
27477170,BNO_MAG_UC,1731,-4900,0,-8.688,-36.250,-69.250,6.188,-5.812,-34.688
27508033,BNO_MAG_UC,1732,-6000,0,-9.000,-34.562,-67.500,6.188,-5.812,-34.688
27517216,BNO_MAG_UC,1733,-4700,0,-8.250,-34.188,-68.375,6.188,-5.812,-34.688
27527475,BNO_MAG_UC,1734,-5800,0,-9.000,-34.562,-70.125,6.188,-5.812,-34.688
27548265,BNO_MAG_UC,1735,-6000,0,-8.688,-36.250,-67.062,6.188,-5.812,-34.688
27557243,BNO_MAG_UC,1736,-4500,0,-9.375,-34.875,-69.688,6.188,-5.812,-34.688
27588728,BNO_MAG_UC,1737,-5700,0,-8.250,-34.500,-69.688,6.188,-5.812,-34.688
27597521,BNO_MAG_UC,1738,-4700,0,-7.875,-33.812,-68.375,6.188,-5.812,-34.688
27608482,BNO_MAG_UC,1739,-5800,0,-8.312,-34.812,-67.938,6.188,-5.812,-34.688
27628650,BNO_MAG_UC,1740,-6100,0,-9.375,-33.812,-69.250,6.188,-5.812,-34.688
27637596,BNO_MAG_UC,1741,-5100,0,-9.000,-34.812,-67.062,6.188,-5.812,-34.688
27647835,BNO_MAG_UC,1742,-5800,0,-8.625,-34.562,-67.062,6.188,-5.812,-34.688
27668303,BNO_MAG_UC,1743,-6000,0,-8.312,-34.812,-67.938,6.188,-5.812,-34.688
27677552,BNO_MAG_UC,1744,-4700,0,-9.750,-33.875,-67.938,6.188,-5.812,-34.688
27708694,BNO_MAG_UC,1745,-5300,0,-8.625,-35.188,-67.938,6.188,-5.812,-34.688
27717827,BNO_MAG_UC,1746,-5300,0,-9.000,-34.188,-67.062,6.188,-5.812,-34.688
27728056,BNO_MAG_UC,1747,-5400,0,-9.000,-34.188,-68.812,6.188,-5.812,-34.688
27757974,BNO_MAG_UC,1748,-5300,0,-8.250,-34.562,-67.938,6.188,-5.812,-34.688
27768164,BNO_MAG_UC,1749,-5400,0,-7.562,-35.500,-68.812,6.188,-5.812,-34.688
27778203,BNO_MAG_UC,1750,-5600,0,-8.625,-35.562,-68.812,6.188,-5.812,-34.688
27797992,BNO_MAG_UC,1751,-5300,0,-7.938,-35.875,-68.375,6.188,-5.812,-34.688
27828918,BNO_MAG_UC,1752,-5300,0,-9.375,-34.562,-67.500,6.188,-5.812,-34.688
27837893,BNO_MAG_UC,1753,-5100,0,-7.938,-35.500,-69.688,6.188,-5.812,-34.688
27868945,BNO_MAG_UC,1754,-5300,0,-9.750,-35.875,-67.938,6.188,-5.812,-34.688
27878014,BNO_MAG_UC,1755,-5100,0,-8.250,-34.812,-68.812,6.188,-5.812,-34.688
27909193,BNO_MAG_UC,1756,-5300,0,-8.312,-35.188,-67.938,6.188,-5.812,-34.688
27917560,BNO_MAG_UC,1757,-4300,0,-9.375,-34.875,-68.375,6.188,-5.812,-34.688
27928548,BNO_MAG_UC,1758,-5800,0,-9.375,-34.188,-69.688,6.188,-5.812,-34.688
27938572,BNO_MAG_UC,1759,-5400,0,-8.625,-35.562,-68.812,6.188,-5.812,-34.688
27957813,BNO_MAG_UC,1760,-4700,0,-8.312,-34.562,-67.500,6.188,-5.812,-34.688
27968873,BNO_MAG_UC,1761,-5800,0,-7.938,-35.188,-67.062,6.188,-5.812,-34.688
27977798,BNO_MAG_UC,1762,-4900,0,-8.625,-34.562,-68.375,6.188,-5.812,-34.688
27998123,BNO_MAG_UC,1763,-4900,0,-9.000,-35.188,-68.375,6.188,-5.812,-34.688
28009129,BNO_MAG_UC,1764,-5800,0,-9.000,-35.188,-69.250,6.188,-5.812,-34.688
28018546,BNO_MAG_UC,1765,-4900,0,-9.000,-34.188,-69.688,6.188,-5.812,-34.688
28038288,BNO_MAG_UC,1766,-5300,0,-9.000,-34.188,-68.375,6.188,-5.812,-34.688
28048612,BNO_MAG_UC,1767,-5800,0,-8.625,-34.812,-69.250,6.188,-5.812,-34.688
28058733,BNO_MAG_UC,1768,-4700,0,-9.750,-35.188,-68.375,6.188,-5.812,-34.688
28078114,BNO_MAG_UC,1769,-4700,0,-8.250,-34.562,-68.375,6.188,-5.812,-34.688
28088486,BNO_MAG_UC,1770,-5800,0,-8.312,-36.250,-68.812,6.188,-5.812,-34.688
28118131,BNO_MAG_UC,1771,-4700,0,-8.312,-34.812,-67.938,6.188,-5.812,-34.688
28129741,BNO_MAG_UC,1772,-6000,0,-7.938,-34.562,-68.375,6.188,-5.812,-34.688
28139100,BNO_MAG_UC,1773,-4900,0,-9.375,-34.562,-68.375,6.188,-5.812,-34.688
28158178,BNO_MAG_UC,1774,-4900,0,-9.375,-33.500,-69.250,6.188,-5.812,-34.688
28169640,BNO_MAG_UC,1775,-6000,0,-9.375,-33.812,-68.375,6.188,-5.812,-34.688
28178948,BNO_MAG_UC,1776,-4900,0,-7.562,-34.500,-69.250,6.188,-5.812,-34.688
28198151,BNO_MAG_UC,1777,-4500,0,-8.250,-34.562,-69.250,6.188,-5.812,-34.688
28209377,BNO_MAG_UC,1778,-5800,0,-9.375,-35.562,-67.062,6.188,-5.812,-34.688
28240708,BNO_MAG_UC,1779,-6800,0,-7.562,-35.500,-67.938,6.188,-5.812,-34.688
28248602,BNO_MAG_UC,1780,-5600,0,-8.625,-34.875,-67.938,6.188,-5.812,-34.688
28259578,BNO_MAG_UC,1781,-5800,0,-9.375,-35.188,-67.500,6.188,-5.812,-34.688
28279796,BNO_MAG_UC,1782,-5700,0,-8.250,-32.750,-67.938,6.188,-5.812,-34.688
28288567,BNO_MAG_UC,1783,-4900,0,-8.625,-34.562,-67.562,6.188,-5.812,-34.688
28298764,BNO_MAG_UC,1784,-5600,0,-9.000,-35.188,-68.375,6.188,-5.812,-34.688
28319377,BNO_MAG_UC,1785,-5100,0,-9.000,-35.188,-67.938,6.188,-5.812,-34.688
28328879,BNO_MAG_UC,1786,-5100,0,-8.312,-35.562,-68.812,6.188,-5.812,-34.688
28339949,BNO_MAG_UC,1787,-5800,0,-7.875,-34.875,-69.688,6.188,-5.812,-34.688
28359745,BNO_MAG_UC,1788,-6000,0,-9.750,-35.250,-67.938,6.188,-5.812,-34.688
28368985,BNO_MAG_UC,1789,-4900,0,-8.250,-34.188,-68.812,6.188,-5.812,-34.688
28379916,BNO_MAG_UC,1790,-6000,0,-8.250,-34.875,-68.812,6.188,-5.812,-34.688
28399783,BNO_MAG_UC,1791,-6000,0,-8.625,-35.188,-68.812,6.188,-5.812,-34.688
28408975,BNO_MAG_UC,1792,-4700,0,-8.625,-34.188,-67.938,6.188,-5.812,-34.688
28419924,BNO_MAG_UC,1793,-5800,0,-9.750,-35.188,-68.375,6.188,-5.812,-34.688
28440000,BNO_MAG_UC,1794,-6200,0,-8.250,-34.188,-68.812,6.188,-5.812,-34.688
28449085,BNO_MAG_UC,1795,-4700,0,-9.000,-34.188,-67.062,6.188,-5.812,-34.688
28460114,BNO_MAG_UC,1796,-5800,0,-9.000,-34.188,-69.250,6.188,-5.812,-34.688
28480069,BNO_MAG_UC,1797,-6000,0,-8.312,-34.562,-67.500,6.188,-5.812,-34.688
28490314,BNO_MAG_UC,1798,-6200,0,-7.938,-35.188,-68.812,6.188,-5.812,-34.688
28520112,BNO_MAG_UC,1799,-6000,0,-9.375,-35.188,-67.938,6.188,-5.812,-34.688
28529335,BNO_MAG_UC,1800,-4700,0,-9.375,-34.188,-69.250,6.188,-5.812,-34.688
28560501,BNO_MAG_UC,1801,-5300,0,-8.625,-34.562,-68.375,6.188,-5.812,-34.688
28569532,BNO_MAG_UC,1802,-5100,0,-8.312,-34.188,-67.062,6.188,-5.812,-34.688
28600637,BNO_MAG_UC,1803,-5300,0,-7.938,-34.188,-67.500,6.188,-5.812,-34.688
28609723,BNO_MAG_UC,1804,-5100,0,-7.938,-34.875,-68.812,6.188,-5.812,-34.688
28640705,BNO_MAG_UC,1805,-5100,0,-7.938,-34.188,-67.938,6.188,-5.812,-34.688
28649808,BNO_MAG_UC,1806,-5100,0,-9.750,-33.500,-69.250,6.188,-5.812,-34.688
28680999,BNO_MAG_UC,1807,-5700,0,-7.938,-34.562,-68.375,6.188,-5.812,-34.688
28690091,BNO_MAG_UC,1808,-5300,0,-8.312,-35.188,-66.188,6.188,-5.812,-34.688
28700109,BNO_MAG_UC,1809,-5300,0,-8.625,-35.250,-69.688,6.188,-5.812,-34.688
28729988,BNO_MAG_UC,1810,-5100,0,-8.688,-35.875,-67.500,6.188,-5.812,-34.688
28750366,BNO_MAG_UC,1811,-4900,0,-8.625,-34.562,-67.938,6.188,-5.812,-34.688
28769861,BNO_MAG_UC,1812,-5100,0,-7.938,-34.812,-69.250,6.188,-5.812,-34.688
28801127,BNO_MAG_UC,1813,-5300,0,-8.625,-34.562,-67.500,6.188,-5.812,-34.688
28810245,BNO_MAG_UC,1814,-5300,0,-8.312,-35.188,-67.500,6.188,-5.812,-34.688
28820382,BNO_MAG_UC,1815,-5100,0,-8.625,-34.875,-67.500,6.188,-5.812,-34.688
28850245,BNO_MAG_UC,1816,-5100,0,-9.375,-34.562,-67.938,6.188,-5.812,-34.688
28860379,BNO_MAG_UC,1817,-5400,0,-8.312,-35.875,-68.812,6.188,-5.812,-34.688
28870561,BNO_MAG_UC,1818,-5400,0,-8.688,-35.250,-67.938,6.188,-5.812,-34.688
28890174,BNO_MAG_UC,1819,-5100,0,-9.000,-35.250,-67.938,6.188,-5.812,-34.688
28930489,BNO_MAG_UC,1820,-5100,0,-8.688,-35.562,-68.375,6.188,-5.812,-34.688
28940595,BNO_MAG_UC,1821,-5400,0,-8.250,-34.562,-68.375,6.188,-5.812,-34.688
28950605,BNO_MAG_UC,1822,-5400,0,-8.625,-33.812,-67.938,6.188,-5.812,-34.688
28970153,BNO_MAG_UC,1823,-5100,0,-8.312,-35.250,-67.562,6.188,-5.812,-34.688
28981139,BNO_MAG_UC,1824,-5800,0,-7.938,-35.875,-68.438,6.188,-5.812,-34.688
28990629,BNO_MAG_UC,1825,-4900,0,-7.875,-34.188,-68.375,6.188,-5.812,-34.688
29009915,BNO_MAG_UC,1826,-4700,0,-7.188,-35.500,-69.312,6.188,-5.812,-34.688
29021227,BNO_MAG_UC,1827,-5800,0,-9.375,-34.875,-69.250,6.188,-5.812,-34.688
29030638,BNO_MAG_UC,1828,-5100,0,-7.875,-34.188,-68.812,6.188,-5.812,-34.688
29050350,BNO_MAG_UC,1829,-5100,0,-9.000,-34.875,-69.688,6.188,-5.812,-34.688
29060699,BNO_MAG_UC,1830,-5800,0,-8.625,-33.812,-68.812,6.188,-5.812,-34.688
29070791,BNO_MAG_UC,1831,-4700,0,-7.938,-34.562,-68.375,6.188,-5.812,-34.688
29090384,BNO_MAG_UC,1832,-4900,0,-7.562,-34.875,-67.938,6.188,-5.812,-34.688
29101471,BNO_MAG_UC,1833,-5800,0,-9.375,-35.250,-67.562,6.188,-5.812,-34.688
29110868,BNO_MAG_UC,1834,-4700,0,-9.000,-35.875,-68.375,6.188,-5.812,-34.688
29131538,BNO_MAG_UC,1835,-5700,0,-8.250,-34.188,-69.688,6.188,-5.812,-34.688
29140297,BNO_MAG_UC,1836,-4900,0,-8.625,-34.188,-69.312,6.188,-5.812,-34.688
29151217,BNO_MAG_UC,1837,-5800,0,-8.250,-33.812,-68.438,6.188,-5.812,-34.688
29171475,BNO_MAG_UC,1838,-5700,0,-8.625,-33.812,-67.938,6.188,-5.812,-34.688
29180318,BNO_MAG_UC,1839,-5100,0,-7.875,-34.188,-68.375,6.188,-5.812,-34.688
29191305,BNO_MAG_UC,1840,-5600,0,-8.688,-35.875,-67.500,6.188,-5.812,-34.688
29211780,BNO_MAG_UC,1841,-5900,0,-9.000,-34.188,-68.438,6.188,-5.812,-34.688
29220506,BNO_MAG_UC,1842,-4900,0,-9.000,-34.875,-69.688,6.188,-5.812,-34.688
29231469,BNO_MAG_UC,1843,-5800,0,-8.688,-35.875,-67.562,6.188,-5.812,-34.688
29252607,BNO_MAG_UC,1844,-7100,0,-9.375,-34.562,-68.375,6.188,-5.812,-34.688
29261001,BNO_MAG_UC,1845,-5300,0,-7.875,-33.812,-67.938,6.188,-5.812,-34.688
29271937,BNO_MAG_UC,1846,-5800,0,-7.938,-35.250,-69.312,6.188,-5.812,-34.688
29291515,BNO_MAG_UC,1847,-6000,0,-7.938,-34.562,-68.438,6.188,-5.812,-34.688
29300908,BNO_MAG_UC,1848,-4900,0,-7.938,-36.250,-67.938,6.188,-5.812,-34.688
29311225,BNO_MAG_UC,1849,-5800,0,-9.000,-35.250,-68.438,6.188,-5.812,-34.688
29331648,BNO_MAG_UC,1850,-4900,0,-7.938,-34.875,-67.062,6.188,-5.812,-34.688
29341128,BNO_MAG_UC,1851,-5100,0,-7.938,-34.500,-68.812,6.188,-5.812,-34.688
29352076,BNO_MAG_UC,1852,-6000,0,-8.250,-34.562,-68.438,6.188,-5.812,-34.688
29371890,BNO_MAG_UC,1853,-6000,0,-7.938,-34.562,-66.625,6.188,-5.812,-34.688
29381135,BNO_MAG_UC,1854,-4900,0,-8.625,-34.562,-68.438,6.188,-5.812,-34.688
29392120,BNO_MAG_UC,1855,-6000,0,-8.312,-34.875,-68.375,6.188,-5.812,-34.688
29411911,BNO_MAG_UC,1856,-6000,0,-9.000,-35.875,-69.312,6.188,-5.812,-34.688
29421392,BNO_MAG_UC,1857,-5100,0,-8.688,-34.562,-66.188,6.188,-5.812,-34.688
29452212,BNO_MAG_UC,1858,-6000,0,-8.250,-33.812,-67.938,6.188,-5.812,-34.688
29461395,BNO_MAG_UC,1859,-4500,0,-7.562,-34.875,-68.812,6.188,-5.812,-34.688
29472112,BNO_MAG_UC,1860,-5600,0,-7.562,-34.875,-68.812,6.188,-5.812,-34.688
29492543,BNO_MAG_UC,1861,-6200,0,-8.625,-34.188,-69.250,6.188,-5.812,-34.688
29503157,BNO_MAG_UC,1862,-6200,0,-8.688,-36.250,-68.812,6.188,-5.812,-34.688
29532643,BNO_MAG_UC,1863,-6200,0,-8.312,-35.562,-67.938,6.188,-5.812,-34.688
29541691,BNO_MAG_UC,1864,-4700,0,-8.688,-35.875,-68.438,6.188,-5.812,-34.688
29572570,BNO_MAG_UC,1865,-5600,0,-9.375,-35.250,-68.438,6.188,-5.812,-34.688
29581630,BNO_MAG_UC,1866,-5100,0,-7.875,-34.875,-69.688,6.188,-5.812,-34.688
29612697,BNO_MAG_UC,1867,-5500,0,-9.375,-34.875,-67.938,6.188,-5.812,-34.688
29621920,BNO_MAG_UC,1868,-5300,0,-7.562,-34.562,-67.562,6.188,-5.812,-34.688
29632123,BNO_MAG_UC,1869,-5400,0,-8.312,-34.188,-67.062,6.188,-5.812,-34.688
29661907,BNO_MAG_UC,1870,-4900,0,-7.938,-34.562,-67.938,6.188,-5.812,-34.688
29672127,BNO_MAG_UC,1871,-5300,0,-9.750,-34.938,-67.562,6.188,-5.812,-34.688
29682169,BNO_MAG_UC,1872,-5600,0,-9.000,-35.250,-67.938,6.188,-5.812,-34.688
29701326,BNO_MAG_UC,1873,-4500,0,-8.312,-34.188,-67.062,6.188,-5.812,-34.688
29712345,BNO_MAG_UC,1874,-5800,0,-9.000,-35.250,-70.188,6.188,-5.812,-34.688
29722328,BNO_MAG_UC,1875,-5400,0,-7.875,-33.500,-68.812,6.188,-5.812,-34.688
29741880,BNO_MAG_UC,1876,-5300,0,-7.938,-35.188,-68.375,6.188,-5.812,-34.688
29754079,BNO_MAG_UC,1877,-7100,0,-6.812,-34.188,-69.750,6.188,-5.812,-34.688
29782162,BNO_MAG_UC,1878,-4500,0,-8.250,-34.562,-68.812,6.188,-5.812,-34.688
29792820,BNO_MAG_UC,1879,-5800,0,-8.250,-34.562,-68.812,6.188,-5.812,-34.688
29802228,BNO_MAG_UC,1880,-4500,0,-8.250,-34.875,-68.438,6.188,-5.812,-34.688
29822074,BNO_MAG_UC,1881,-4300,0,-9.000,-34.875,-67.938,6.188,-5.812,-34.688
29832270,BNO_MAG_UC,1882,-5800,0,-9.000,-33.812,-67.562,6.188,-5.812,-34.688
29842449,BNO_MAG_UC,1883,-4900,0,-8.250,-34.188,-68.812,6.188,-5.812,-34.688
29862056,BNO_MAG_UC,1884,-5100,0,-9.000,-35.562,-67.938,6.188,-5.812,-34.688
29873142,BNO_MAG_UC,1885,-6000,0,-8.625,-34.562,-67.938,6.188,-5.812,-34.688
29882518,BNO_MAG_UC,1886,-4700,0,-9.000,-35.562,-68.812,6.188,-5.812,-34.688
29902167,BNO_MAG_UC,1887,-5300,0,-10.125,-34.562,-67.062,6.188,-5.812,-34.688
29913216,BNO_MAG_UC,1888,-5800,0,-8.625,-34.875,-67.562,6.188,-5.812,-34.688
29921863,BNO_MAG_UC,1889,-4700,0,-8.625,-34.875,-67.562,6.188,-5.812,-34.688
29941815,BNO_MAG_UC,1890,-4500,0,-8.625,-34.562,-67.938,6.188,-5.812,-34.688
29953098,BNO_MAG_UC,1891,-5800,0,-8.625,-34.562,-68.438,6.188,-5.812,-34.688
29962655,BNO_MAG_UC,1892,-4900,0,-7.938,-34.875,-67.938,6.188,-5.812,-34.688
29982367,BNO_MAG_UC,1893,-5100,0,-8.625,-34.562,-68.438,6.188,-5.812,-34.688
29993477,BNO_MAG_UC,1894,-5800,0,-9.000,-34.562,-68.438,6.188,-5.812,-34.688
30021983,BNO_MAG_UC,1895,-4700,0,-8.625,-35.250,-68.812,6.188,-5.812,-34.688
30032636,BNO_MAG_UC,1896,-5800,0,-8.250,-34.188,-67.500,6.188,-5.812,-34.688
30043761,BNO_MAG_UC,1897,-6000,0,-7.562,-33.812,-67.562,6.188,-5.812,-34.688
30063329,BNO_MAG_UC,1898,-5800,0,-9.375,-35.562,-67.938,6.188,-5.812,-34.688
30072314,BNO_MAG_UC,1899,-4900,0,-7.938,-34.875,-67.562,6.188,-5.812,-34.688
30083354,BNO_MAG_UC,1900,-5800,0,-8.625,-35.250,-68.438,6.188,-5.812,-34.688
30103235,BNO_MAG_UC,1901,-5800,0,-8.625,-34.875,-68.812,6.188,-5.812,-34.688
30112456,BNO_MAG_UC,1902,-4900,0,-9.375,-35.188,-69.688,6.188,-5.812,-34.688
30123340,BNO_MAG_UC,1903,-5800,0,-9.750,-35.250,-67.562,6.188,-5.812,-34.688
30143600,BNO_MAG_UC,1904,-6000,0,-9.375,-34.188,-68.438,6.188,-5.812,-34.688
30152569,BNO_MAG_UC,1905,-4700,0,-8.250,-33.812,-68.375,6.188,-5.812,-34.688
30163490,BNO_MAG_UC,1906,-6000,0,-9.375,-35.250,-68.438,6.188,-5.812,-34.688
30183450,BNO_MAG_UC,1907,-6000,0,-8.250,-35.188,-68.812,6.188,-5.812,-34.688
30192880,BNO_MAG_UC,1908,-4900,0,-8.625,-34.562,-67.938,6.188,-5.812,-34.688
30203688,BNO_MAG_UC,1909,-5600,0,-8.250,-34.875,-68.438,6.188,-5.812,-34.688
