t_us,tag,seq,bno_delay_us,status,qw,qx,qy,qz
209118,BNO_GRV,0,-4200,3,1.000000,-0.004456,0.000488,0.000000
219363,BNO_GRV,1,-4000,3,1.000000,-0.004456,0.000488,0.000000
229213,BNO_GRV,2,-4300,3,1.000000,-0.004456,0.000488,0.000000
238645,BNO_GRV,3,-4300,3,1.000000,-0.004456,0.000488,0.000000
249132,BNO_GRV,4,-4300,3,1.000000,-0.004456,0.000549,0.000000
259348,BNO_GRV,5,-4000,3,1.000000,-0.004517,0.000549,-0.000061
269109,BNO_GRV,6,-4300,3,1.000000,-0.004517,0.000549,-0.000061
278543,BNO_GRV,7,-4200,3,1.000000,-0.004456,0.000549,-0.000061
289003,BNO_GRV,8,-4200,3,1.000000,-0.004456,0.000549,0.000000
299374,BNO_GRV,9,-4200,3,1.000000,-0.004456,0.000549,0.000000
309234,BNO_GRV,10,-4500,3,1.000000,-0.004456,0.000488,-0.000061
318697,BNO_GRV,11,-4200,3,1.000000,-0.004456,0.000488,-0.000061
329247,BNO_GRV,12,-4300,3,1.000000,-0.004456,0.000488,0.000000
339882,BNO_GRV,13,-4500,3,1.000000,-0.004456,0.000488,0.000000
349373,BNO_GRV,14,-4500,3,1.000000,-0.004395,0.000488,0.000000
359253,BNO_GRV,15,-4200,3,1.000000,-0.004395,0.000549,0.000000
369630,BNO_GRV,16,-4300,3,1.000000,-0.004395,0.000549,0.000000
379784,BNO_GRV,17,-4200,3,1.000000,-0.004395,0.000549,0.000000
389845,BNO_GRV,18,-4700,3,1.000000,-0.004395,0.000549,0.000000
399207,BNO_GRV,19,-4300,3,1.000000,-0.004395,0.000549,0.000000
409789,BNO_GRV,20,-4300,3,1.000000,-0.004395,0.000549,0.000000
420262,BNO_GRV,21,-4500,3,1.000000,-0.004395,0.000549,0.000000
429723,BNO_GRV,22,-4300,3,1.000000,-0.004395,0.000549,0.000000
439219,BNO_GRV,23,-4300,3,1.000000,-0.004456,0.000549,0.000000
449752,BNO_GRV,24,-4300,3,1.000000,-0.004456,0.000488,0.000000
459473,BNO_GRV,25,-4500,3,1.000000,-0.004456,0.000488,0.000000
469611,BNO_GRV,26,-4300,3,1.000000,-0.004456,0.000488,0.000000
479292,BNO_GRV,27,-4300,3,1.000000,-0.004517,0.000488,0.000000
490020,BNO_GRV,28,-4300,3,1.000000,-0.004517,0.000488,0.000000
500522,BNO_GRV,29,-4500,3,1.000000,-0.004517,0.000488,0.000000
509825,BNO_GRV,30,-4200,3,1.000000,-0.004517,0.000488,0.000000
519525,BNO_GRV,31,-4300,3,1.000000,-0.004517,0.000549,0.000000
529279,BNO_GRV,32,-4300,3,1.000000,-0.004578,0.000549,0.000000
539823,BNO_GRV,33,-4700,3,1.000000,-0.004578,0.000488,0.000000
550240,BNO_GRV,34,-4900,3,1.000000,-0.004578,0.000488,0.000000
559505,BNO_GRV,35,-4500,3,1.000000,-0.004578,0.000488,0.000000
570088,BNO_GRV,36,-4500,3,1.000000,-0.004578,0.000488,0.000000
580760,BNO_GRV,37,-4500,3,1.000000,-0.004578,0.000488,0.000000
590490,BNO_GRV,38,-4500,3,1.000000,-0.004639,0.000488,0.000000
599907,BNO_GRV,39,-4200,3,1.000000,-0.004639,0.000488,0.000000
609494,BNO_GRV,40,-4200,3,1.000000,-0.004639,0.000427,0.000000
619968,BNO_GRV,41,-4900,3,1.000000,-0.004700,0.000427,0.000000
630442,BNO_GRV,42,-4700,3,1.000000,-0.004700,0.000427,0.000000
639518,BNO_GRV,43,-4300,3,1.000000,-0.004700,0.000427,0.000000
650096,BNO_GRV,44,-4300,3,1.000000,-0.004700,0.000427,0.000000
660716,BNO_GRV,45,-4500,3,1.000000,-0.004700,0.000427,0.000000
670097,BNO_GRV,46,-3800,3,1.000000,-0.004700,0.000427,0.000000
679076,BNO_GRV,47,-3800,3,1.000000,-0.004761,0.000488,0.000000
689836,BNO_GRV,48,-4300,3,1.000000,-0.004761,0.000427,0.000000
700334,BNO_GRV,49,-4700,3,1.000000,-0.004761,0.000427,0.000000
710808,BNO_GRV,50,-4900,3,1.000000,-0.004822,0.000427,0.000000
720116,BNO_GRV,51,-4700,3,1.000000,-0.004822,0.000427,0.000000
729755,BNO_GRV,52,-4300,3,1.000000,-0.004822,0.000427,0.000000
740108,BNO_GRV,53,-4700,3,1.000000,-0.004822,0.000427,0.000000
750609,BNO_GRV,54,-4700,3,1.000000,-0.004822,0.000427,0.000000
759772,BNO_GRV,55,-4300,3,1.000000,-0.004822,0.000427,0.000000
770381,BNO_GRV,56,-4500,3,1.000000,-0.004822,0.000427,0.000000
781044,BNO_GRV,57,-4700,3,1.000000,-0.004822,0.000427,0.000000
790529,BNO_GRV,58,-4000,3,1.000000,-0.004822,0.000427,0.000000
799192,BNO_GRV,59,-3600,3,1.000000,-0.004822,0.000427,0.000000
810048,BNO_GRV,60,-4300,3,1.000000,-0.004822,0.000427,0.000000
820381,BNO_GRV,61,-4700,3,1.000000,-0.004822,0.000427,0.000000
830877,BNO_GRV,62,-4700,3,1.000000,-0.004822,0.000427,0.000000
840277,BNO_GRV,63,-4700,3,1.000000,-0.004822,0.000427,0.000000
850482,BNO_GRV,64,-4500,3,1.000000,-0.004822,0.000427,0.000000
860963,BNO_GRV,65,-4900,3,1.000000,-0.004822,0.000366,0.000000
870477,BNO_GRV,66,-3800,3,1.000000,-0.004883,0.000366,0.000000
879943,BNO_GRV,67,-4200,3,1.000000,-0.004883,0.000366,0.000000
890608,BNO_GRV,68,-4300,3,1.000000,-0.004883,0.000427,0.000000
900976,BNO_GRV,69,-4700,3,1.000000,-0.004883,0.000427,0.000000
910437,BNO_GRV,70,-3800,3,1.000000,-0.004883,0.000427,0.000000
919544,BNO_GRV,71,-3800,3,1.000000,-0.004883,0.000366,0.000000
930365,BNO_GRV,72,-4300,3,1.000000,-0.004883,0.000366,0.000000
940704,BNO_GRV,73,-4500,3,1.000000,-0.004883,0.000366,0.000000
951171,BNO_GRV,74,-4700,3,1.000000,-0.004883,0.000366,0.000000
960534,BNO_GRV,75,-4700,3,1.000000,-0.004883,0.000366,0.000000
970252,BNO_GRV,76,-4300,3,1.000000,-0.004883,0.000366,0.000000
980389,BNO_GRV,77,-4500,3,1.000000,-0.004822,0.000366,0.000000
990972,BNO_GRV,78,-4500,3,1.000000,-0.004822,0.000366,0.000000
1000332,BNO_GRV,79,-4300,3,1.000000,-0.004883,0.000366,0.000000
1011095,BNO_GRV,80,-4500,3,1.000000,-0.004883,0.000366,0.000000
1020580,BNO_GRV,81,-4500,3,1.000000,-0.004883,0.000366,0.000000
1030722,BNO_GRV,82,-4200,3,1.000000,-0.004883,0.000366,0.000000
1040710,BNO_GRV,83,-4500,3,1.000000,-0.004883,0.000366,0.000000
1050420,BNO_GRV,84,-4300,3,1.000000,-0.004883,0.000366,0.000000
1060873,BNO_GRV,85,-4300,3,1.000000,-0.004883,0.000366,0.000000
1070855,BNO_GRV,86,-4000,3,1.000000,-0.004883,0.000366,0.000000
1081074,BNO_GRV,87,-4700,3,1.000000,-0.004883,0.000366,0.000000
1090968,BNO_GRV,88,-4700,3,1.000000,-0.004883,0.000366,0.000000
1101515,BNO_GRV,89,-4700,3,1.000000,-0.004883,0.000366,0.000000
1111135,BNO_GRV,90,-3800,3,1.000000,-0.004883,0.000366,0.000000
1121545,BNO_GRV,91,-4900,3,1.000000,-0.004883,0.000366,0.000000
1130826,BNO_GRV,92,-4200,3,1.000000,-0.004883,0.000366,0.000000
1141173,BNO_GRV,93,-4500,3,1.000000,-0.004883,0.000366,0.000000
1151010,BNO_GRV,94,-4000,3,1.000000,-0.004883,0.000366,0.000000
1161206,BNO_GRV,95,-4500,3,1.000000,-0.004883,0.000366,0.000000
1170501,BNO_GRV,96,-4200,3,1.000000,-0.004883,0.000366,0.000000
1181193,BNO_GRV,97,-4500,3,1.000000,-0.004883,0.000366,0.000000
1191150,BNO_GRV,98,-3800,3,1.000000,-0.004883,0.000366,0.000000
1201227,BNO_GRV,99,-4700,3,1.000000,-0.004883,0.000305,0.000000
1210706,BNO_GRV,100,-4300,3,1.000000,-0.004883,0.000305,0.000000
1221159,BNO_GRV,101,-4200,3,1.000000,-0.004883,0.000305,0.000000
1231641,BNO_GRV,102,-4300,3,1.000000,-0.004883,0.000305,0.000000
1241138,BNO_GRV,103,-4700,3,1.000000,-0.004883,0.000305,0.000000
1250620,BNO_GRV,104,-4200,3,1.000000,-0.004883,0.000305,0.000000
1260931,BNO_GRV,105,-4300,3,1.000000,-0.004883,0.000305,0.000000
1271477,BNO_GRV,106,-4500,3,1.000000,-0.004883,0.000305,0.000000
1281558,BNO_GRV,107,-4500,3,1.000000,-0.004883,0.000305,0.000000
1290717,BNO_GRV,108,-4200,3,1.000000,-0.004883,0.000305,0.000000
1301262,BNO_GRV,109,-4300,3,1.000000,-0.004883,0.000305,0.000000
1311839,BNO_GRV,110,-4300,3,1.000000,-0.004883,0.000305,0.000000
1321242,BNO_GRV,111,-4500,3,1.000000,-0.004883,0.000305,0.000000
1330827,BNO_GRV,112,-4200,3,1.000000,-0.004883,0.000305,0.000000
1345178,BNO_GRV,113,-8000,3,1.000000,-0.004883,0.000305,0.000000
1351544,BNO_GRV,114,-3800,3,1.000000,-0.004883,0.000305,0.000000
1361603,BNO_GRV,115,-4500,3,1.000000,-0.004883,0.000305,0.000000
1370856,BNO_GRV,116,-4200,3,1.000000,-0.004883,0.000305,0.000000
1381366,BNO_GRV,117,-4300,3,1.000000,-0.004883,0.000305,0.000000
1391839,BNO_GRV,118,-4300,3,1.000000,-0.004883,0.000305,0.000000
1402012,BNO_GRV,119,-4500,3,1.000000,-0.004883,0.000305,0.000000
1410942,BNO_GRV,120,-4200,3,1.000000,-0.004883,0.000305,0.000000
1421544,BNO_GRV,121,-4200,3,1.000000,-0.004883,0.000305,0.000000
1432071,BNO_GRV,122,-4300,3,1.000000,-0.004883,0.000305,0.000000
1441485,BNO_GRV,123,-4200,3,1.000000,-0.004883,0.000305,0.000000
1451050,BNO_GRV,124,-4200,3,1.000000,-0.004883,0.000305,0.000000
1461704,BNO_GRV,125,-4300,3,1.000000,-0.004883,0.000305,0.000000
1471749,BNO_GRV,126,-4000,3,1.000000,-0.004883,0.000305,0.000000
1481939,BNO_GRV,127,-4700,3,1.000000,-0.004883,0.000305,0.000000
1491135,BNO_GRV,128,-4200,3,1.000000,-0.004883,0.000305,0.000000
1501679,BNO_GRV,129,-4300,3,1.000000,-0.004883,0.000305,0.000000
1511893,BNO_GRV,130,-4000,3,1.000000,-0.004883,0.000305,0.000000
1522164,BNO_GRV,131,-4700,3,1.000000,-0.004883,0.000305,0.000000
1531210,BNO_GRV,132,-4200,3,1.000000,-0.004883,0.000305,0.000000
1541746,BNO_GRV,133,-4200,3,1.000000,-0.004883,0.000305,0.000000
1552189,BNO_GRV,134,-4200,3,1.000000,-0.004883,0.000305,0.000000
1562348,BNO_GRV,135,-4700,3,1.000000,-0.004883,0.000305,0.000000
1571488,BNO_GRV,136,-4300,3,1.000000,-0.004883,0.000305,0.000000
1582085,BNO_GRV,137,-4500,3,1.000000,-0.004883,0.000305,0.000000
1593169,BNO_GRV,138,-4900,3,1.000000,-0.004883,0.000305,0.000000
1602830,BNO_GRV,139,-4900,3,1.000000,-0.004883,0.000305,0.000000
1611794,BNO_GRV,140,-4000,3,1.000000,-0.004883,0.000305,0.000000
1621351,BNO_GRV,141,-4200,3,1.000000,-0.004883,0.000305,0.000000
1631805,BNO_GRV,142,-4500,3,1.000000,-0.004822,0.000305,0.000000
1641866,BNO_GRV,143,-4200,3,1.000000,-0.004822,0.000305,0.000000
1651307,BNO_GRV,144,-4000,3,1.000000,-0.004822,0.000305,0.000000
1661867,BNO_GRV,145,-4200,3,1.000000,-0.004822,0.000305,0.000000
1671915,BNO_GRV,146,-4500,3,1.000000,-0.004822,0.000305,0.000000
1682194,BNO_GRV,147,-4300,3,1.000000,-0.004822,0.000305,0.000000
1691010,BNO_GRV,148,-3800,3,1.000000,-0.004822,0.000305,0.000000
1701802,BNO_GRV,149,-4300,3,1.000000,-0.004822,0.000244,0.000000
1711909,BNO_GRV,150,-4500,3,1.000000,-0.004822,0.000244,0.000000
1722021,BNO_GRV,151,-4200,3,1.000000,-0.004822,0.000244,0.000000
1731467,BNO_GRV,152,-4000,3,1.000000,-0.004822,0.000244,0.000000
1742049,BNO_GRV,153,-4300,3,1.000000,-0.004822,0.000244,0.000000
1752883,BNO_GRV,154,-4500,3,1.000000,-0.004822,0.000244,0.000000
1762247,BNO_GRV,155,-4000,3,1.000000,-0.004822,0.000244,0.000000
1771330,BNO_GRV,156,-3800,3,1.000000,-0.004822,0.000244,0.000000
1782004,BNO_GRV,157,-4200,3,1.000000,-0.004822,0.000244,0.000000
1792492,BNO_GRV,158,-4500,3,1.000000,-0.004822,0.000244,0.000000
1802229,BNO_GRV,159,-3800,3,1.000000,-0.004822,0.000244,0.000000
1811681,BNO_GRV,160,-4200,3,1.000000,-0.004822,0.000244,0.000000
1822202,BNO_GRV,161,-4200,3,1.000000,-0.004822,0.000244,0.000000
1832782,BNO_GRV,162,-4700,3,1.000000,-0.004822,0.000244,0.000000
1843625,BNO_GRV,163,-5100,3,1.000000,-0.004822,0.000244,0.000000
1851729,BNO_GRV,164,-4000,3,1.000000,-0.004822,0.000244,0.000000
1862308,BNO_GRV,165,-4200,3,1.000000,-0.004822,0.000244,0.000000
1872777,BNO_GRV,166,-4700,3,1.000000,-0.004761,0.000244,0.000000
1883141,BNO_GRV,167,-4300,3,1.000000,-0.004761,0.000244,0.000000
1891886,BNO_GRV,168,-4200,3,1.000000,-0.004761,0.000244,0.000000
1902421,BNO_GRV,169,-4200,3,1.000000,-0.004761,0.000183,0.000000
1912974,BNO_GRV,170,-4700,3,1.000000,-0.004761,0.000183,0.000000
1922567,BNO_GRV,171,-3600,3,1.000000,-0.004761,0.000183,0.000000
1931912,BNO_GRV,172,-4000,3,1.000000,-0.004761,0.000183,0.000000
1942571,BNO_GRV,173,-4200,3,1.000000,-0.004761,0.000183,0.000000
1952998,BNO_GRV,174,-4500,3,1.000000,-0.004761,0.000183,0.000000
1962754,BNO_GRV,175,-3600,3,1.000000,-0.004761,0.000183,0.000000
1971730,BNO_GRV,176,-3800,3,1.000000,-0.004761,0.000183,0.000000
1982554,BNO_GRV,177,-4200,3,1.000000,-0.004761,0.000183,0.000000
1993098,BNO_GRV,178,-4700,3,1.000000,-0.004761,0.000183,0.000000
2003434,BNO_GRV,179,-4500,3,1.000000,-0.004761,0.000183,0.000000
2012924,BNO_GRV,180,-4700,3,1.000000,-0.004761,0.000183,0.000000
2022263,BNO_GRV,181,-4300,3,1.000000,-0.004761,0.000183,0.000000
2032465,BNO_GRV,182,-4200,3,1.000000,-0.004761,0.000183,0.000000
2042760,BNO_GRV,183,-4000,3,1.000000,-0.004761,0.000183,0.000000
2052998,BNO_GRV,184,-4500,3,1.000000,-0.004761,0.000183,0.000000
2062143,BNO_GRV,185,-4000,3,1.000000,-0.004761,0.000183,0.000000
2072629,BNO_GRV,186,-4300,3,1.000000,-0.004761,0.000183,0.000000
2082709,BNO_GRV,187,-4000,3,1.000000,-0.004761,0.000183,0.000000
2093929,BNO_GRV,188,-5600,3,1.000000,-0.004761,0.000183,0.000000
2102854,BNO_GRV,189,-4300,3,1.000000,-0.004761,0.000183,0.000000
2112917,BNO_GRV,190,-4200,3,1.000000,-0.004761,0.000183,0.000000
2123547,BNO_GRV,191,-4300,3,1.000000,-0.004761,0.000183,0.000000
2133005,BNO_GRV,192,-4700,3,1.000000,-0.004761,0.000183,0.000000
2142461,BNO_GRV,193,-4200,3,1.000000,-0.004761,0.000183,0.000000
2152614,BNO_GRV,194,-4300,3,1.000000,-0.004761,0.000183,0.000000
2163667,BNO_GRV,195,-4700,3,1.000000,-0.004761,0.000122,0.000000
2172947,BNO_GRV,196,-4500,3,1.000000,-0.004761,0.000122,0.000000
2182668,BNO_GRV,197,-4000,3,1.000000,-0.004761,0.000122,0.000000
2192971,BNO_GRV,198,-4500,3,1.000000,-0.004761,0.000122,0.000000
2203287,BNO_GRV,199,-4200,3,1.000000,-0.004761,0.000122,0.000000
2213211,BNO_GRV,200,-4300,3,1.000000,-0.004761,0.000122,0.000000
2222767,BNO_GRV,201,-4200,3,1.000000,-0.004761,0.000122,0.000000
2233365,BNO_GRV,202,-4300,3,1.000000,-0.004761,0.000122,0.000000
2243300,BNO_GRV,203,-3800,3,1.000000,-0.004761,0.000122,0.000000
2253592,BNO_GRV,204,-4500,3,1.000000,-0.004761,0.000122,0.000000
2262809,BNO_GRV,205,-4300,3,1.000000,-0.004761,0.000122,0.000000
2273148,BNO_GRV,206,-4300,3,1.000000,-0.004761,0.000122,0.000000
2283430,BNO_GRV,207,-4000,3,1.000000,-0.004761,0.000122,0.000000
2293482,BNO_GRV,208,-4500,3,1.000000,-0.004761,0.000122,0.000000
2302971,BNO_GRV,209,-4300,3,1.000000,-0.004761,0.000122,0.000000
2313351,BNO_GRV,210,-4200,3,1.000000,-0.004761,0.000122,0.000000
2324021,BNO_GRV,211,-4300,3,1.000000,-0.004761,0.000122,0.000000
2333371,BNO_GRV,212,-4500,3,1.000000,-0.004761,0.000122,0.000000
2344254,BNO_GRV,213,-5600,3,1.000000,-0.004761,0.000122,0.000000
2353329,BNO_GRV,214,-4200,3,1.000000,-0.004822,0.000122,0.000000
2363498,BNO_GRV,215,-4000,3,1.000000,-0.004822,0.000122,0.000000
2373629,BNO_GRV,216,-4700,3,1.000000,-0.004822,0.000122,0.000000
2382959,BNO_GRV,217,-4300,3,1.000000,-0.004822,0.000122,0.000000
2393532,BNO_GRV,218,-4200,3,1.000000,-0.004822,0.000122,0.000000
2403978,BNO_GRV,219,-4200,3,1.000000,-0.004822,0.000122,0.000000
2413475,BNO_GRV,220,-4300,3,1.000000,-0.004822,0.000122,0.000000
2422924,BNO_GRV,221,-4200,3,1.000000,-0.004822,0.000122,0.000000
2433640,BNO_GRV,222,-4200,3,1.000000,-0.004822,0.000122,0.000000
2443969,BNO_GRV,223,-4200,3,1.000000,-0.004822,0.000122,0.000000
2453901,BNO_GRV,224,-4300,3,1.000000,-0.004822,0.000122,0.000000
2463332,BNO_GRV,225,-4200,3,1.000000,-0.004822,0.000122,0.000000
2473199,BNO_GRV,226,-4200,3,1.000000,-0.004822,0.000122,0.000000
2484339,BNO_GRV,227,-4700,3,1.000000,-0.004822,0.000122,0.000000
2493727,BNO_GRV,228,-4300,3,1.000000,-0.004822,0.000122,0.000000
2502964,BNO_GRV,229,-4000,3,1.000000,-0.004822,0.000122,0.000000
2513597,BNO_GRV,230,-4300,3,1.000000,-0.004822,0.000122,0.000000
2524035,BNO_GRV,231,-4300,3,1.000000,-0.004761,0.000122,0.000000
2534293,BNO_GRV,232,-4700,3,1.000000,-0.004761,0.000122,0.000000
2543648,BNO_GRV,233,-4200,3,1.000000,-0.004761,0.000122,0.000000
2553269,BNO_GRV,234,-4200,3,1.000000,-0.004761,0.000122,0.000000
2564126,BNO_GRV,235,-4700,3,1.000000,-0.004761,0.000061,0.000000
2574562,BNO_GRV,236,-4700,3,1.000000,-0.004700,0.000061,0.000000
2583465,BNO_GRV,237,-4200,3,1.000000,-0.004700,0.000061,0.000000
2594483,BNO_GRV,238,-4500,3,1.000000,-0.004761,0.000061,0.000000
2603899,BNO_GRV,239,-4700,3,1.000000,-0.004761,0.000061,0.000000
2613876,BNO_GRV,240,-4200,3,1.000000,-0.004761,0.000061,0.000000
2623328,BNO_GRV,241,-4200,3,1.000000,-0.004700,0.000061,0.000000
2633878,BNO_GRV,242,-4200,3,1.000000,-0.004700,0.000061,0.000000
2643989,BNO_GRV,243,-4500,3,1.000000,-0.004700,0.000061,0.000000
2654270,BNO_GRV,244,-4500,3,1.000000,-0.004700,0.000061,0.000000
2663434,BNO_GRV,245,-4000,3,1.000000,-0.004700,0.000000,0.000000
2673898,BNO_GRV,246,-4200,3,1.000000,-0.004700,0.000000,0.000000
2683883,BNO_GRV,247,-4500,3,1.000000,-0.004700,0.000000,0.000000
2693996,BNO_GRV,248,-4200,3,1.000000,-0.004639,0.000000,0.000000
2703442,BNO_GRV,249,-4200,3,1.000000,-0.004639,0.000000,0.000000
2713930,BNO_GRV,250,-4200,3,1.000000,-0.004639,0.000000,0.000000
2724677,BNO_GRV,251,-4300,3,1.000000,-0.004639,0.000000,0.000000
2734932,BNO_GRV,252,-4500,3,1.000000,-0.004639,0.000000,0.000061
2743716,BNO_GRV,253,-4200,3,1.000000,-0.004639,0.000000,0.000061
2754171,BNO_GRV,254,-4200,3,1.000000,-0.004639,0.000000,0.000061
2764958,BNO_GRV,255,-4300,3,1.000000,-0.004700,0.000000,0.000061
2774353,BNO_GRV,256,-4000,3,1.000000,-0.004700,0.000000,0.000000
2783773,BNO_GRV,257,-4200,3,1.000000,-0.004700,0.000000,0.000000
2793918,BNO_GRV,258,-4300,3,1.000000,-0.004700,0.000000,0.000061
2804663,BNO_GRV,259,-5100,3,1.000000,-0.004700,0.000000,0.000061
2814378,BNO_GRV,260,-4300,3,1.000000,-0.004700,0.000000,0.000061
2823898,BNO_GRV,261,-4300,3,1.000000,-0.004700,0.000000,0.000061
2834542,BNO_GRV,262,-4500,3,1.000000,-0.004700,0.000000,0.000061
2844444,BNO_GRV,263,-4700,3,1.000000,-0.004761,0.000000,0.000061
2854830,BNO_GRV,264,-4700,3,1.000000,-0.004761,0.000000,0.000061
2864296,BNO_GRV,265,-4500,3,1.000000,-0.004761,0.000000,0.000061
2874084,BNO_GRV,266,-4300,3,1.000000,-0.004761,-0.000061,0.000061
2884822,BNO_GRV,267,-4900,3,1.000000,-0.004761,-0.000061,0.000061
2894600,BNO_GRV,268,-4000,3,1.000000,-0.004761,-0.000061,0.000061
2903527,BNO_GRV,269,-3800,3,1.000000,-0.004761,-0.000061,0.000061
2914528,BNO_GRV,270,-4300,3,1.000000,-0.004761,-0.000061,0.000061
2925162,BNO_GRV,271,-4700,3,1.000000,-0.004761,-0.000061,0.000061
2934863,BNO_GRV,272,-4000,3,1.000000,-0.004761,-0.000061,0.000061
2944198,BNO_GRV,273,-4300,3,1.000000,-0.004761,-0.000061,0.000061
2955049,BNO_GRV,274,-4500,3,1.000000,-0.004761,-0.000061,0.000061
2964522,BNO_GRV,275,-4300,3,1.000000,-0.004761,-0.000122,0.000061
2974753,BNO_GRV,276,-4300,3,1.000000,-0.004761,-0.000122,0.000061
2983726,BNO_GRV,277,-3800,3,1.000000,-0.004761,-0.000122,0.000061
2994849,BNO_GRV,278,-4300,3,1.000000,-0.004761,-0.000122,0.000061
3004396,BNO_GRV,279,-4300,3,1.000000,-0.004761,-0.000122,0.000061
3015267,BNO_GRV,280,-4900,3,1.000000,-0.004761,-0.000122,0.000061
3024400,BNO_GRV,281,-4300,3,1.000000,-0.004761,-0.000122,0.000061
3035149,BNO_GRV,282,-4300,3,1.000000,-0.004761,-0.000122,0.000061
3044501,BNO_GRV,283,-4300,3,1.000000,-0.004761,-0.000122,0.000061
3054895,BNO_GRV,284,-4300,3,1.000000,-0.004822,-0.000122,0.000061
3063986,BNO_GRV,285,-4000,3,1.000000,-0.004822,-0.000122,0.000061
3075291,BNO_GRV,286,-4300,3,1.000000,-0.004822,-0.000183,0.000061
3084795,BNO_GRV,287,-4500,3,1.000000,-0.004761,-0.000183,0.000061
3095029,BNO_GRV,288,-4300,3,1.000000,-0.004761,-0.000183,0.000000
3104843,BNO_GRV,289,-4500,3,1.000000,-0.004761,-0.000183,0.000000
3114746,BNO_GRV,290,-4500,3,1.000000,-0.004822,-0.000183,0.000000
3125631,BNO_GRV,291,-4900,3,1.000000,-0.004761,-0.000183,0.000000
3135348,BNO_GRV,292,-4200,3,1.000000,-0.004761,-0.000183,0.000061
3144818,BNO_GRV,293,-4500,3,1.000000,-0.004761,-0.000183,0.000061
3154716,BNO_GRV,294,-4300,3,1.000000,-0.004822,-0.000183,0.000061
3165110,BNO_GRV,295,-4500,3,1.000000,-0.004822,-0.000183,0.000061
3175303,BNO_GRV,296,-4200,3,1.000000,-0.004822,-0.000183,0.000061
3185432,BNO_GRV,297,-4500,3,1.000000,-0.004822,-0.000183,0.000061
3194886,BNO_GRV,298,-4300,3,1.000000,-0.004822,-0.000122,0.000061
3205324,BNO_GRV,299,-4500,3,1.000000,-0.004822,-0.000122,0.000061
3215423,BNO_GRV,300,-4200,3,1.000000,-0.004822,-0.000122,0.000061
3225555,BNO_GRV,301,-4500,3,1.000000,-0.004822,-0.000183,0.000061
3234950,BNO_GRV,302,-4300,3,1.000000,-0.004822,-0.000183,0.000061
3245282,BNO_GRV,303,-4500,3,1.000000,-0.004822,-0.000122,0.000000
3255568,BNO_GRV,304,-4200,3,1.000000,-0.004822,-0.000183,0.000000
3265837,BNO_GRV,305,-4500,3,1.000000,-0.004822,-0.000183,0.000000
3274970,BNO_GRV,306,-4300,3,1.000000,-0.004822,-0.000183,0.000000
3285883,BNO_GRV,307,-4700,3,1.000000,-0.004761,-0.000183,0.000000
3295518,BNO_GRV,308,-4200,3,1.000000,-0.004761,-0.000122,0.000000
3305288,BNO_GRV,309,-4700,3,1.000000,-0.004761,-0.000122,0.000000
3314900,BNO_GRV,310,-4200,3,1.000000,-0.004761,-0.000183,0.000000
3325481,BNO_GRV,311,-4500,3,1.000000,-0.004761,-0.000122,0.000000
3336422,BNO_GRV,312,-4700,3,1.000000,-0.004761,-0.000122,0.000000
3345646,BNO_GRV,313,-4500,3,1.000000,-0.004761,-0.000122,0.000000
3355621,BNO_GRV,314,-4700,3,1.000000,-0.004822,-0.000122,0.000000
3365196,BNO_GRV,315,-4500,3,1.000000,-0.004822,-0.000122,0.000000
3375734,BNO_GRV,316,-4300,3,1.000000,-0.004822,-0.000061,0.000000
3385973,BNO_GRV,317,-4500,3,1.000000,-0.004761,-0.000061,0.000000
3395281,BNO_GRV,318,-4300,3,1.000000,-0.004761,-0.000061,0.000000
3405986,BNO_GRV,319,-4700,3,1.000000,-0.004822,-0.000061,0.000000
3415885,BNO_GRV,320,-4000,3,1.000000,-0.004822,-0.000061,0.000000
3425929,BNO_GRV,321,-4500,3,1.000000,-0.004822,-0.000061,0.000000
3435414,BNO_GRV,322,-4500,3,1.000000,-0.004822,-0.000061,0.000000
3445673,BNO_GRV,323,-4900,3,1.000000,-0.004822,-0.000061,0.000000
3456048,BNO_GRV,324,-4500,3,1.000000,-0.004822,-0.000061,0.000000
3466175,BNO_GRV,325,-4700,3,1.000000,-0.004822,-0.000061,0.000000
3475458,BNO_GRV,326,-4300,3,1.000000,-0.004822,0.000000,0.000000
3486217,BNO_GRV,327,-4300,3,1.000000,-0.004822,0.000000,0.000000
3496234,BNO_GRV,328,-4200,3,1.000000,-0.004822,0.000000,0.000000
3506312,BNO_GRV,329,-4500,3,1.000000,-0.004822,0.000000,0.000000
3515627,BNO_GRV,330,-4500,3,1.000000,-0.004822,0.000000,0.000000
3525579,BNO_GRV,331,-4300,3,1.000000,-0.004822,0.000000,0.000000
3536246,BNO_GRV,332,-4500,3,1.000000,-0.004822,0.000000,0.000000
3546384,BNO_GRV,333,-4500,3,1.000000,-0.004822,0.000000,-0.000061
3555848,BNO_GRV,334,-4500,3,1.000000,-0.004883,0.000061,0.000000
3565397,BNO_GRV,335,-4200,3,1.000000,-0.004883,0.000061,0.000000
3576152,BNO_GRV,336,-4500,3,1.000000,-0.004883,0.000061,0.000000
3586541,BNO_GRV,337,-4700,3,1.000000,-0.004883,0.000061,0.000000
3595477,BNO_GRV,338,-4200,3,1.000000,-0.004883,0.000061,0.000000
3608716,BNO_GRV,339,-7100,3,1.000000,-0.004883,0.000061,0.000000
3615203,BNO_GRV,340,-4000,3,1.000000,-0.004883,0.000061,0.000000
3626600,BNO_GRV,341,-4700,3,1.000000,-0.004883,0.000061,0.000000
3635516,BNO_GRV,342,-4300,3,1.000000,-0.004883,0.000061,0.000000
3646018,BNO_GRV,343,-4300,3,1.000000,-0.004883,0.000061,0.000000
3656006,BNO_GRV,344,-4700,3,1.000000,-0.004883,0.000061,0.000000
3666020,BNO_GRV,345,-4200,3,1.000000,-0.004883,0.000061,0.000000
3675548,BNO_GRV,346,-4000,3,1.000000,-0.004883,0.000061,0.000000
3686012,BNO_GRV,347,-4200,3,1.000000,-0.004883,0.000122,0.000000
3696890,BNO_GRV,348,-4700,3,1.000000,-0.004883,0.000122,0.000000
3706214,BNO_GRV,349,-4000,3,1.000000,-0.004883,0.000122,0.000000
3715705,BNO_GRV,350,-4200,3,1.000000,-0.004883,0.000122,0.000000
3726146,BNO_GRV,351,-4200,3,1.000000,-0.004883,0.000122,0.000000
3736985,BNO_GRV,352,-4500,3,1.000000,-0.004822,0.000122,0.000000
3746380,BNO_GRV,353,-4000,3,1.000000,-0.004822,0.000122,0.000000
3755406,BNO_GRV,354,-3800,3,1.000000,-0.004822,0.000122,0.000000
3766090,BNO_GRV,355,-4300,3,1.000000,-0.004822,0.000122,0.000000
3775832,BNO_GRV,356,-4200,3,1.000000,-0.004822,0.000122,0.000000
3786339,BNO_GRV,357,-4300,3,1.000000,-0.004822,0.000122,0.000000
3795797,BNO_GRV,358,-4000,3,1.000000,-0.004822,0.000122,0.000000
3806308,BNO_GRV,359,-4300,3,1.000000,-0.004822,0.000122,0.000000
3816861,BNO_GRV,360,-4700,3,1.000000,-0.004822,0.000122,0.000000
3827180,BNO_GRV,361,-4300,3,1.000000,-0.004822,0.000122,0.000000
3835901,BNO_GRV,362,-4200,3,1.000000,-0.004822,0.000122,0.000000
3846474,BNO_GRV,363,-4200,3,1.000000,-0.004822,0.000122,0.000000
3858639,BNO_GRV,364,-5800,3,1.000000,-0.004822,0.000122,0.000000
3866577,BNO_GRV,365,-3600,3,1.000000,-0.004822,0.000122,0.000000
3875648,BNO_GRV,366,-3800,3,1.000000,-0.004822,0.000122,0.000000
3886419,BNO_GRV,367,-4200,3,1.000000,-0.004822,0.000122,0.000000
3897005,BNO_GRV,368,-4700,3,1.000000,-0.004822,0.000122,0.000000
3907392,BNO_GRV,369,-4500,3,1.000000,-0.004822,0.000122,0.000000
3916018,BNO_GRV,370,-4200,3,1.000000,-0.004822,0.000122,0.000000
3926583,BNO_GRV,371,-4200,3,1.000000,-0.004822,0.000122,0.000000
3937030,BNO_GRV,372,-4700,3,1.000000,-0.004822,0.000122,0.000000
3946495,BNO_GRV,373,-3400,3,1.000000,-0.004822,0.000122,0.000000
3956449,BNO_GRV,374,-4300,3,1.000000,-0.004822,0.000122,0.000000
3966375,BNO_GRV,375,-4300,3,1.000000,-0.004822,0.000122,0.000000
3976252,BNO_GRV,376,-4200,3,1.000000,-0.004822,0.000122,0.000000
3986761,BNO_GRV,377,-4300,3,1.000000,-0.004822,0.000122,0.000000
3995740,BNO_GRV,378,-3800,3,1.000000,-0.004822,0.000122,0.000000
4006560,BNO_GRV,379,-4200,3,1.000000,-0.004822,0.000122,0.000000
4016709,BNO_GRV,380,-4300,3,1.000000,-0.004822,0.000122,0.000000
4026925,BNO_GRV,381,-3800,3,1.000000,-0.004822,0.000122,0.000000
4035960,BNO_GRV,382,-3800,3,1.000000,-0.004822,0.000122,0.000000
4046840,BNO_GRV,383,-4300,3,1.000000,-0.004822,0.000122,0.000000
4057003,BNO_GRV,384,-4300,3,1.000000,-0.004822,0.000122,0.000000
4066760,BNO_GRV,385,-3600,3,1.000000,-0.004822,0.000122,0.000000
4076568,BNO_GRV,386,-4200,3,1.000000,-0.004822,0.000122,0.000000
4086470,BNO_GRV,387,-4300,3,1.000000,-0.004822,0.000122,0.000000
4096641,BNO_GRV,388,-4300,3,1.000000,-0.004822,0.000122,0.000000
4108573,BNO_GRV,389,-5600,3,1.000000,-0.004822,0.000122,0.000000
4116382,BNO_GRV,390,-4200,3,1.000000,-0.004822,0.000122,0.000000
4126633,BNO_GRV,391,-4200,3,1.000000,-0.004822,0.000122,0.000000
4136807,BNO_GRV,392,-4300,3,1.000000,-0.004822,0.000122,0.000000
4147174,BNO_GRV,393,-4200,3,1.000000,-0.004822,0.000122,0.000000
4157096,BNO_GRV,394,-4300,3,1.000000,-0.004822,0.000122,0.000000
4166671,BNO_GRV,395,-4200,3,1.000000,-0.004822,0.000122,0.000000
4177054,BNO_GRV,396,-4200,3,1.000000,-0.004822,0.000122,0.000000
4187135,BNO_GRV,397,-3800,3,1.000000,-0.004822,0.000122,0.000000
4197335,BNO_GRV,398,-4500,3,1.000000,-0.004822,0.000122,0.000000
4206723,BNO_GRV,399,-4200,3,1.000000,-0.004761,0.000122,0.000000
4217211,BNO_GRV,400,-4200,3,1.000000,-0.004761,0.000122,0.000000
4227777,BNO_GRV,401,-4200,3,1.000000,-0.004761,0.000122,0.000000
4237229,BNO_GRV,402,-4700,3,1.000000,-0.004761,0.000061,0.000000
4246716,BNO_GRV,403,-4200,3,1.000000,-0.004761,0.000061,0.000000
4257146,BNO_GRV,404,-4300,3,1.000000,-0.004761,0.000061,0.000000
4267418,BNO_GRV,405,-4000,3,1.000000,-0.004761,0.000061,0.000000
4277309,BNO_GRV,406,-4300,3,1.000000,-0.004761,0.000061,0.000000
4286751,BNO_GRV,407,-4000,3,1.000000,-0.004761,0.000061,0.000000
4297340,BNO_GRV,408,-4200,3,1.000000,-0.004761,0.000061,0.000000
4307792,BNO_GRV,409,-4300,3,1.000000,-0.004761,0.000061,0.000000
4317616,BNO_GRV,410,-4300,3,1.000000,-0.004761,0.000061,0.000000
4326978,BNO_GRV,411,-4000,3,1.000000,-0.004761,0.000061,0.000000
4337474,BNO_GRV,412,-4300,3,1.000000,-0.004700,0.000061,0.000000
4347771,BNO_GRV,413,-4000,3,1.000000,-0.004700,0.000061,0.000000
4357992,BNO_GRV,414,-4700,3,1.000000,-0.004700,0.000061,-0.000061
4367092,BNO_GRV,415,-4200,3,1.000000,-0.004700,0.000122,-0.000061
4377674,BNO_GRV,416,-4300,3,1.000000,-0.004700,0.000122,-0.000061
4387624,BNO_GRV,417,-3600,3,1.000000,-0.004700,0.000122,-0.000061
4397876,BNO_GRV,418,-4700,3,1.000000,-0.004700,0.000122,-0.000061
4407275,BNO_GRV,419,-4200,3,1.000000,-0.004700,0.000122,0.000000
4417816,BNO_GRV,420,-4300,3,1.000000,-0.004700,0.000122,0.000000
4428216,BNO_GRV,421,-4200,3,1.000000,-0.004700,0.000122,0.000000
4437556,BNO_GRV,422,-4200,3,1.000000,-0.004700,0.000122,0.000000
4447231,BNO_GRV,423,-4200,3,1.000000,-0.004700,0.000122,-0.000061
4457821,BNO_GRV,424,-4300,3,1.000000,-0.004700,0.000122,-0.000061
4468330,BNO_GRV,425,-4300,3,1.000000,-0.004700,0.000122,-0.000061
4477701,BNO_GRV,426,-4200,3,1.000000,-0.004700,0.000122,-0.000061
4487191,BNO_GRV,427,-4200,3,1.000000,-0.004700,0.000122,0.000000
4497629,BNO_GRV,428,-4300,3,1.000000,-0.004700,0.000122,0.000000
4508170,BNO_GRV,429,-4200,3,1.000000,-0.004700,0.000122,0.000000
4518395,BNO_GRV,430,-4500,3,1.000000,-0.004700,0.000122,0.000000
4527703,BNO_GRV,431,-4200,3,1.000000,-0.004700,0.000122,0.000000
4537282,BNO_GRV,432,-4200,3,1.000000,-0.004700,0.000122,0.000000
4547768,BNO_GRV,433,-4500,3,1.000000,-0.004700,0.000122,0.000000
4557892,BNO_GRV,434,-4300,3,1.000000,-0.004700,0.000122,0.000000
4567335,BNO_GRV,435,-4000,3,1.000000,-0.004700,0.000122,0.000000
4577823,BNO_GRV,436,-4300,3,1.000000,-0.004700,0.000122,0.000000
4587845,BNO_GRV,437,-4300,3,1.000000,-0.004700,0.000122,0.000000
4597918,BNO_GRV,438,-4200,3,1.000000,-0.004700,0.000122,0.000000
4607682,BNO_GRV,439,-4300,3,1.000000,-0.004700,0.000122,0.000000
4618036,BNO_GRV,440,-4200,3,1.000000,-0.004639,0.000122,0.000000
4627976,BNO_GRV,441,-4700,3,1.000000,-0.004639,0.000122,0.000000
4638796,BNO_GRV,442,-5100,3,1.000000,-0.004639,0.000122,0.000000
4647793,BNO_GRV,443,-4300,3,1.000000,-0.004639,0.000122,-0.000061
4658553,BNO_GRV,444,-4300,3,1.000000,-0.004639,0.000122,-0.000061
4669114,BNO_GRV,445,-4500,3,1.000000,-0.004639,0.000122,-0.000061
4678628,BNO_GRV,446,-4200,3,1.000000,-0.004639,0.000061,-0.000061
4688476,BNO_GRV,447,-4300,3,1.000000,-0.004578,0.000061,-0.000061
4698032,BNO_GRV,448,-4300,3,1.000000,-0.004578,0.000061,-0.000061
4708294,BNO_GRV,449,-4700,3,1.000000,-0.004578,0.000061,-0.000061
4718353,BNO_GRV,450,-4300,3,1.000000,-0.004578,0.000061,-0.000061
4727280,BNO_GRV,451,-3600,3,1.000000,-0.004578,0.000061,0.000000
4738158,BNO_GRV,452,-4300,3,1.000000,-0.004578,0.000061,0.000000
4748916,BNO_GRV,453,-4900,3,1.000000,-0.004578,0.000061,0.000000
4758518,BNO_GRV,454,-3800,3,1.000000,-0.004578,0.000061,0.000000
4768034,BNO_GRV,455,-4200,3,1.000000,-0.004578,0.000061,-0.000061
4778859,BNO_GRV,456,-4500,3,1.000000,-0.004578,0.000061,-0.000061
4789475,BNO_GRV,457,-4500,3,1.000000,-0.004578,0.000061,-0.000061
4799029,BNO_GRV,458,-4200,3,1.000000,-0.004578,0.000061,-0.000061
4808722,BNO_GRV,459,-4300,3,1.000000,-0.004578,0.000061,-0.000061
4818258,BNO_GRV,460,-4500,3,1.000000,-0.004578,0.000061,-0.000061
4828184,BNO_GRV,461,-4500,3,1.000000,-0.004578,0.000061,-0.000061
4838680,BNO_GRV,462,-4500,3,1.000000,-0.004578,0.000061,-0.000061
4847681,BNO_GRV,463,-3800,3,1.000000,-0.004578,0.000061,-0.000061
4859106,BNO_GRV,464,-4900,3,1.000000,-0.004578,0.000000,-0.000061
4868326,BNO_GRV,465,-4500,3,1.000000,-0.004578,0.000061,-0.000061
4878784,BNO_GRV,466,-4300,3,1.000000,-0.004578,0.000000,-0.000061
4887626,BNO_GRV,467,-3600,3,1.000000,-0.004578,0.000000,-0.000061
4898714,BNO_GRV,468,-4300,3,1.000000,-0.004578,0.000000,-0.000061
4909380,BNO_GRV,469,-4900,3,1.000000,-0.004639,0.000000,-0.000061
4918981,BNO_GRV,470,-4000,3,1.000000,-0.004639,0.000000,-0.000061
4928503,BNO_GRV,471,-4500,3,1.000000,-0.004639,0.000000,-0.000061
4938387,BNO_GRV,472,-4300,3,1.000000,-0.004578,0.000000,-0.000061
4948895,BNO_GRV,473,-4700,3,1.000000,-0.004578,0.000000,-0.000061
4959089,BNO_GRV,474,-4200,3,1.000000,-0.004639,0.000000,-0.000061
4968517,BNO_GRV,475,-4500,3,1.000000,-0.004639,0.000000,-0.000061
4979248,BNO_GRV,476,-4300,3,1.000000,-0.004639,0.000000,0.000000
4988514,BNO_GRV,477,-4300,3,1.000000,-0.004578,0.000000,0.000000
4999332,BNO_GRV,478,-4700,3,1.000000,-0.004578,0.000000,0.000000
5008596,BNO_GRV,479,-4300,3,1.000000,-0.004578,0.000000,0.000000
5018569,BNO_GRV,480,-4300,3,1.000000,-0.004578,0.000000,0.000000
5029048,BNO_GRV,481,-4500,3,1.000000,-0.004578,0.000000,0.000000
5038938,BNO_GRV,482,-4200,3,1.000000,-0.004578,0.000000,0.000000
5048854,BNO_GRV,483,-4500,3,1.000000,-0.004578,0.000000,0.000000
5058568,BNO_GRV,484,-4200,3,1.000000,-0.004578,0.000000,0.000000
5068777,BNO_GRV,485,-4300,3,1.000000,-0.004578,-0.000061,0.000000
5079179,BNO_GRV,486,-4300,3,1.000000,-0.004517,-0.000061,0.000000
5089371,BNO_GRV,487,-4500,3,1.000000,-0.004517,-0.000061,0.000000
5098718,BNO_GRV,488,-4300,3,1.000000,-0.004517,-0.000061,0.000061
5109441,BNO_GRV,489,-4700,3,1.000000,-0.004517,-0.000061,0.000000
5119463,BNO_GRV,490,-4300,3,1.000000,-0.004456,-0.000061,0.000000
5128529,BNO_GRV,491,-4200,3,1.000000,-0.004456,-0.000061,0.000000
5138789,BNO_GRV,492,-4300,3,1.000000,-0.004456,-0.000061,0.000000
5149097,BNO_GRV,493,-4500,3,1.000000,-0.004456,-0.000061,0.000000
5159287,BNO_GRV,494,-4000,3,1.000000,-0.004456,-0.000061,0.000061
5169458,BNO_GRV,495,-4500,3,1.000000,-0.004456,-0.000061,0.000061
5178918,BNO_GRV,496,-4300,3,1.000000,-0.004456,-0.000061,0.000061
5189500,BNO_GRV,497,-4500,3,1.000000,-0.004456,-0.000061,0.000061
5199601,BNO_GRV,498,-4000,3,1.000000,-0.004456,-0.000061,0.000000
5209711,BNO_GRV,499,-4700,3,1.000000,-0.004456,-0.000061,0.000061
5218987,BNO_GRV,500,-4500,3,1.000000,-0.004517,-0.000122,0.000061
5229828,BNO_GRV,501,-4500,3,1.000000,-0.004517,-0.000122,0.000061
5239679,BNO_GRV,502,-4000,3,1.000000,-0.004517,-0.000122,0.000061
5249065,BNO_GRV,503,-4200,3,1.000000,-0.004517,-0.000122,0.000061
5259085,BNO_GRV,504,-4300,3,1.000000,-0.004517,-0.000122,0.000061
5269648,BNO_GRV,505,-4500,3,1.000000,-0.004517,-0.000061,0.000000
5279659,BNO_GRV,506,-3800,3,1.000000,-0.004517,-0.000061,0.000000
5289746,BNO_GRV,507,-4500,3,1.000000,-0.004456,-0.000122,0.000000
5299086,BNO_GRV,508,-4200,3,1.000000,-0.004456,-0.000122,0.000061
5310128,BNO_GRV,509,-4700,3,1.000000,-0.004517,-0.000122,0.000061
5319967,BNO_GRV,510,-4200,3,1.000000,-0.004517,-0.000122,0.000061
5329730,BNO_GRV,511,-4500,3,1.000000,-0.004456,-0.000122,0.000061
5339314,BNO_GRV,512,-4200,3,1.000000,-0.004456,-0.000061,0.000061
5349900,BNO_GRV,513,-4300,3,1.000000,-0.004456,-0.000061,0.000061
5362177,BNO_GRV,514,-6200,3,1.000000,-0.004456,-0.000061,0.000061
5369235,BNO_GRV,515,-4000,3,1.000000,-0.004456,-0.000061,0.000061
5379374,BNO_GRV,516,-4000,3,1.000000,-0.004456,-0.000061,0.000061
5389276,BNO_GRV,517,-4200,3,1.000000,-0.004456,-0.000061,0.000061
5399808,BNO_GRV,518,-4300,3,1.000000,-0.004456,-0.000061,0.000061
5410077,BNO_GRV,519,-4700,3,1.000000,-0.004456,-0.000061,0.000061
5419306,BNO_GRV,520,-4300,3,1.000000,-0.004456,-0.000061,0.000061
5429940,BNO_GRV,521,-4300,3,1.000000,-0.004456,-0.000061,0.000061
5440332,BNO_GRV,522,-4300,3,1.000000,-0.004456,-0.000061,0.000061
5449729,BNO_GRV,523,-4200,3,1.000000,-0.004456,-0.000061,0.000061
5459320,BNO_GRV,524,-4200,3,1.000000,-0.004456,-0.000061,0.000061
5470015,BNO_GRV,525,-4200,3,1.000000,-0.004456,-0.000061,0.000061
5480405,BNO_GRV,526,-4300,3,1.000000,-0.004456,-0.000061,0.000061
5489900,BNO_GRV,527,-4000,3,1.000000,-0.004456,-0.000061,0.000061
5499517,BNO_GRV,528,-4300,3,1.000000,-0.004456,-0.000061,0.000061
5510293,BNO_GRV,529,-4300,3,1.000000,-0.004456,-0.000061,0.000061
5520672,BNO_GRV,530,-4300,3,1.000000,-0.004456,-0.000061,0.000061
5530186,BNO_GRV,531,-4000,3,1.000000,-0.004456,-0.000061,0.000061
5539744,BNO_GRV,532,-4200,3,1.000000,-0.004456,-0.000061,0.000061
5549608,BNO_GRV,533,-4300,3,1.000000,-0.004456,-0.000061,0.000061
5559833,BNO_GRV,534,-4500,3,1.000000,-0.004456,-0.000061,0.000061
5569973,BNO_GRV,535,-4200,3,1.000000,-0.004456,-0.000061,0.000061
5579487,BNO_GRV,536,-4000,3,1.000000,-0.004456,-0.000061,0.000061
5589976,BNO_GRV,537,-4200,3,1.000000,-0.004456,-0.000061,0.000061
5600022,BNO_GRV,538,-4500,3,1.000000,-0.004395,-0.000061,0.000061
5612223,BNO_GRV,539,-6400,3,1.000000,-0.004395,-0.000061,0.000061
5619477,BNO_GRV,540,-4000,3,1.000000,-0.004395,-0.000061,0.000061
5630017,BNO_GRV,541,-4200,3,1.000000,-0.004395,-0.000061,0.000061
5640886,BNO_GRV,542,-4700,3,1.000000,-0.004395,-0.000061,0.000061
5650300,BNO_GRV,543,-3800,3,1.000000,-0.004395,-0.000061,0.000061
5659227,BNO_GRV,544,-3800,3,1.000000,-0.004395,-0.000061,0.000061
5669922,BNO_GRV,545,-4200,3,1.000000,-0.004395,-0.000061,0.000061
5680374,BNO_GRV,546,-4700,3,1.000000,-0.004395,-0.000061,0.000061
5690171,BNO_GRV,547,-4000,3,1.000000,-0.004395,-0.000061,0.000061
5699675,BNO_GRV,548,-4000,3,1.000000,-0.004395,-0.000061,0.000061
5710221,BNO_GRV,549,-4300,3,1.000000,-0.004395,-0.000061,0.000061
5719833,BNO_GRV,550,-4200,3,1.000000,-0.004395,-0.000061,0.000061
5730221,BNO_GRV,551,-4200,3,1.000000,-0.004395,-0.000061,0.000061
5739792,BNO_GRV,552,-4200,3,1.000000,-0.004395,-0.000061,0.000061
5750397,BNO_GRV,553,-4200,3,1.000000,-0.004395,-0.000061,0.000061
5760023,BNO_GRV,554,-4200,3,1.000000,-0.004395,-0.000061,0.000061
5770294,BNO_GRV,555,-4200,3,1.000000,-0.004395,-0.000061,0.000061
5779787,BNO_GRV,556,-4000,3,1.000000,-0.004395,-0.000061,0.000061
5790418,BNO_GRV,557,-4200,3,1.000000,-0.004395,-0.000061,0.000061
5800038,BNO_GRV,558,-4300,3,1.000000,-0.004395,-0.000061,0.000061
5810424,BNO_GRV,559,-4200,3,1.000000,-0.004395,-0.000061,0.000061
5819944,BNO_GRV,560,-4200,3,1.000000,-0.004395,-0.000061,0.000061
5830599,BNO_GRV,561,-4300,3,1.000000,-0.004395,-0.000061,0.000061
5841143,BNO_GRV,562,-4500,3,1.000000,-0.004395,-0.000061,0.000061
5850488,BNO_GRV,563,-3400,3,1.000000,-0.004395,-0.000061,0.000061
5861272,BNO_GRV,564,-5400,3,1.000000,-0.004395,-0.000061,0.000061
5870280,BNO_GRV,565,-4200,3,1.000000,-0.004395,-0.000061,0.000061
5880181,BNO_GRV,566,-4200,3,1.000000,-0.004395,-0.000061,0.000061
5890717,BNO_GRV,567,-4200,3,1.000000,-0.004395,-0.000061,0.000061
5899873,BNO_GRV,568,-3800,3,1.000000,-0.004395,-0.000061,0.000061
5910742,BNO_GRV,569,-4200,3,1.000000,-0.004395,-0.000061,0.000061
5921267,BNO_GRV,570,-4500,3,1.000000,-0.004395,-0.000061,0.000061
5930726,BNO_GRV,571,-3600,3,1.000000,-0.004395,-0.000061,0.000061
5940696,BNO_GRV,572,-4300,3,1.000000,-0.004395,-0.000061,0.000061
5950228,BNO_GRV,573,-4200,3,1.000000,-0.004395,-0.000061,0.000061
5960467,BNO_GRV,574,-4300,3,1.000000,-0.004395,-0.000061,0.000061
5970887,BNO_GRV,575,-4200,3,1.000000,-0.004395,-0.000061,0.000061
5980818,BNO_GRV,576,-4300,3,1.000000,-0.004395,-0.000061,0.000061
5990297,BNO_GRV,577,-4000,3,1.000000,-0.004395,-0.000061,0.000061
6000785,BNO_GRV,578,-4300,3,1.000000,-0.004395,-0.000061,0.000061
6010907,BNO_GRV,579,-3800,3,1.000000,-0.004456,-0.000061,0.000061
6021191,BNO_GRV,580,-4700,3,1.000000,-0.004456,-0.000061,0.000061
6030477,BNO_GRV,581,-4200,3,1.000000,-0.004456,-0.000061,0.000061
6040744,BNO_GRV,582,-4200,3,1.000000,-0.004456,-0.000061,0.000061
6051009,BNO_GRV,583,-4200,3,1.000000,-0.004456,-0.000061,0.000061
6060924,BNO_GRV,584,-4300,3,1.000000,-0.004456,-0.000061,0.000061
6070504,BNO_GRV,585,-4000,3,1.000000,-0.004456,-0.000061,0.000061
6080839,BNO_GRV,586,-4200,3,1.000000,-0.004456,-0.000061,0.000061
6091585,BNO_GRV,587,-4300,3,1.000000,-0.004456,-0.000061,0.000061
6101064,BNO_GRV,588,-4500,3,1.000000,-0.004456,-0.000061,0.000061
6111933,BNO_GRV,589,-5400,3,1.000000,-0.004456,-0.000061,0.000061
6121026,BNO_GRV,590,-4200,3,1.000000,-0.004456,-0.000061,0.000061
6131221,BNO_GRV,591,-4200,3,1.000000,-0.004456,-0.000061,0.000061
6141414,BNO_GRV,592,-4500,3,1.000000,-0.004456,-0.000061,0.000061
6150762,BNO_GRV,593,-4200,3,1.000000,-0.004456,-0.000061,0.000061
6161184,BNO_GRV,594,-4200,3,1.000000,-0.004456,-0.000061,0.000061
6171950,BNO_GRV,595,-4300,3,1.000000,-0.004456,-0.000061,0.000061
6180895,BNO_GRV,596,-4200,3,1.000000,-0.004456,-0.000061,0.000061
6190769,BNO_GRV,597,-4000,3,1.000000,-0.004456,-0.000061,0.000061
6201413,BNO_GRV,598,-4200,3,1.000000,-0.004456,-0.000061,0.000061
6211677,BNO_GRV,599,-4000,3,1.000000,-0.004456,0.000000,0.000061
6221577,BNO_GRV,600,-4300,3,1.000000,-0.004456,0.000000,0.000061
6230957,BNO_GRV,601,-4200,3,1.000000,-0.004456,0.000000,0.000061
6241139,BNO_GRV,602,-4200,3,1.000000,-0.004456,0.000000,0.000061
6251553,BNO_GRV,603,-4200,3,1.000000,-0.004456,0.000000,0.000061
6261732,BNO_GRV,604,-4500,3,1.000000,-0.004456,0.000000,0.000061
6271042,BNO_GRV,605,-4200,3,1.000000,-0.004456,0.000000,0.000061
6281675,BNO_GRV,606,-4200,3,1.000000,-0.004456,0.000000,0.000061
6291981,BNO_GRV,607,-4000,3,1.000000,-0.004456,0.000000,0.000061
6301426,BNO_GRV,608,-4200,3,1.000000,-0.004456,0.000000,0.000061
6311052,BNO_GRV,609,-4200,3,1.000000,-0.004456,0.000000,0.000061
6321539,BNO_GRV,610,-4200,3,1.000000,-0.004456,-0.000061,0.000061
6331816,BNO_GRV,611,-4000,3,1.000000,-0.004456,-0.000061,0.000061
6341832,BNO_GRV,612,-4500,3,1.000000,-0.004456,-0.000061,0.000061
6351187,BNO_GRV,613,-4300,3,1.000000,-0.004456,-0.000061,0.000061
6363795,BNO_GRV,614,-6200,3,1.000000,-0.004456,-0.000061,0.000061
6371924,BNO_GRV,615,-3800,3,1.000000,-0.004456,-0.000061,0.000061
6382145,BNO_GRV,616,-4700,3,1.000000,-0.004456,-0.000061,0.000061
6391380,BNO_GRV,617,-4300,3,1.000000,-0.004456,-0.000061,0.000061
6401901,BNO_GRV,618,-4300,3,1.000000,-0.004456,-0.000061,0.000061
6412009,BNO_GRV,619,-3800,3,1.000000,-0.004456,-0.000061,0.000061
6422312,BNO_GRV,620,-4700,3,1.000000,-0.004456,-0.000061,0.000061
6431427,BNO_GRV,621,-4300,3,1.000000,-0.004456,-0.000061,0.000061
6442031,BNO_GRV,622,-4200,3,1.000000,-0.004456,-0.000061,0.000061
6452491,BNO_GRV,623,-4200,3,1.000000,-0.004456,-0.000061,0.000061
6464627,BNO_GRV,624,-6700,3,1.000000,-0.004456,-0.000061,0.000061
6471379,BNO_GRV,625,-4000,3,1.000000,-0.004456,-0.000122,0.000061
6481979,BNO_GRV,626,-4300,3,1.000000,-0.004456,-0.000122,0.000061
6492470,BNO_GRV,627,-4200,3,1.000000,-0.004456,-0.000122,0.000061
6501932,BNO_GRV,628,-3800,3,1.000000,-0.004456,-0.000122,0.000061
6511561,BNO_GRV,629,-4200,3,1.000000,-0.004456,-0.000122,0.000061
6522179,BNO_GRV,630,-4200,3,1.000000,-0.004456,-0.000122,0.000061
6532707,BNO_GRV,631,-4300,3,1.000000,-0.004456,-0.000122,0.000061
6541951,BNO_GRV,632,-3800,3,1.000000,-0.004456,-0.000122,0.000061
6552090,BNO_GRV,633,-4200,3,1.000000,-0.004456,-0.000122,0.000061
6561692,BNO_GRV,634,-4300,3,1.000000,-0.004456,-0.000122,0.000061
6571867,BNO_GRV,635,-4500,3,1.000000,-0.004456,-0.000122,0.000061
6582148,BNO_GRV,636,-4200,3,1.000000,-0.004456,-0.000122,0.000061
6591346,BNO_GRV,637,-3800,3,1.000000,-0.004456,-0.000122,0.000061
6601857,BNO_GRV,638,-4300,3,1.000000,-0.004456,-0.000122,0.000061
6611785,BNO_GRV,639,-4200,3,1.000000,-0.004456,-0.000122,0.000061
6623502,BNO_GRV,640,-5600,3,1.000000,-0.004456,-0.000122,0.000061
6631604,BNO_GRV,641,-4200,3,1.000000,-0.004456,-0.000183,0.000061
6642209,BNO_GRV,642,-4200,3,1.000000,-0.004456,-0.000183,0.000061
6652998,BNO_GRV,643,-4500,3,1.000000,-0.004517,-0.000183,0.000061
6662463,BNO_GRV,644,-4000,3,1.000000,-0.004517,-0.000183,0.000061
6671282,BNO_GRV,645,-3600,3,1.000000,-0.004517,-0.000183,0.000061
6682142,BNO_GRV,646,-4200,3,1.000000,-0.004517,-0.000183,0.000061
6691931,BNO_GRV,647,-4200,3,1.000000,-0.004517,-0.000183,0.000061
6702184,BNO_GRV,648,-4200,3,1.000000,-0.004517,-0.000183,0.000061
6711701,BNO_GRV,649,-4200,3,1.000000,-0.004517,-0.000244,0.000061
6722335,BNO_GRV,650,-4300,3,1.000000,-0.004517,-0.000244,0.000061
6732897,BNO_GRV,651,-4500,3,1.000000,-0.004517,-0.000244,0.000061
6742439,BNO_GRV,652,-3600,3,1.000000,-0.004517,-0.000244,0.000061
6751867,BNO_GRV,653,-4000,3,1.000000,-0.004517,-0.000244,0.000061
6762382,BNO_GRV,654,-4200,3,1.000000,-0.004517,-0.000244,0.000061
6772783,BNO_GRV,655,-4500,3,1.000000,-0.004517,-0.000244,0.000061
6782443,BNO_GRV,656,-3600,3,1.000000,-0.004517,-0.000244,0.000061
6792188,BNO_GRV,657,-4300,3,1.000000,-0.004517,-0.000244,0.000061
6802667,BNO_GRV,658,-4300,3,1.000000,-0.004517,-0.000305,0.000061
6812098,BNO_GRV,659,-4300,3,1.000000,-0.004517,-0.000305,0.000061
6822519,BNO_GRV,660,-4200,3,1.000000,-0.004517,-0.000305,0.000061
6832716,BNO_GRV,661,-4700,3,1.000000,-0.004517,-0.000305,0.000061
6842411,BNO_GRV,662,-4200,3,1.000000,-0.004517,-0.000305,0.000061
6852233,BNO_GRV,663,-4300,3,1.000000,-0.004517,-0.000305,0.000061
6862653,BNO_GRV,664,-4300,3,1.000000,-0.004517,-0.000305,0.000061
6873910,BNO_GRV,665,-5600,3,1.000000,-0.004517,-0.000305,0.000061
6882632,BNO_GRV,666,-4200,3,1.000000,-0.004517,-0.000305,0.000061
6892933,BNO_GRV,667,-4300,3,1.000000,-0.004517,-0.000305,0.000061
6902665,BNO_GRV,668,-3600,3,1.000000,-0.004517,-0.000366,0.000061
6912616,BNO_GRV,669,-4300,3,1.000000,-0.004517,-0.000366,0.000061
6922211,BNO_GRV,670,-4000,3,1.000000,-0.004517,-0.000366,0.000061
6932443,BNO_GRV,671,-4300,3,1.000000,-0.004517,-0.000366,0.000061
6942799,BNO_GRV,672,-4000,3,1.000000,-0.004517,-0.000366,0.000061
6952821,BNO_GRV,673,-4500,3,1.000000,-0.004517,-0.000366,0.000061
6962378,BNO_GRV,674,-4200,3,1.000000,-0.004517,-0.000366,0.000061
6972648,BNO_GRV,675,-4300,3,1.000000,-0.004517,-0.000366,0.000061
6982815,BNO_GRV,676,-4000,3,1.000000,-0.004517,-0.000366,0.000061
6992743,BNO_GRV,677,-4300,3,1.000000,-0.004517,-0.000366,0.000061
7002501,BNO_GRV,678,-4200,3,1.000000,-0.004517,-0.000366,0.000061
7012956,BNO_GRV,679,-4200,3,1.000000,-0.004517,-0.000366,0.000061
7023011,BNO_GRV,680,-3800,3,1.000000,-0.004517,-0.000366,0.000061
7032991,BNO_GRV,681,-4500,3,1.000000,-0.004517,-0.000366,0.000061
7042571,BNO_GRV,682,-4200,3,1.000000,-0.004517,-0.000366,0.000061
7053010,BNO_GRV,683,-4300,3,1.000000,-0.004517,-0.000366,0.000061
7063758,BNO_GRV,684,-4300,3,1.000000,-0.004517,-0.000366,0.000061
7073071,BNO_GRV,685,-4500,3,1.000000,-0.004517,-0.000366,0.000061
7082542,BNO_GRV,686,-4200,3,1.000000,-0.004517,-0.000366,0.000061
7093225,BNO_GRV,687,-4500,3,1.000000,-0.004517,-0.000366,0.000061
7103658,BNO_GRV,688,-4200,3,1.000000,-0.004517,-0.000366,0.000061
7113261,BNO_GRV,689,-4700,3,1.000000,-0.004456,-0.000366,0.000061
7124034,BNO_GRV,690,-5600,3,1.000000,-0.004456,-0.000366,0.000061
7133029,BNO_GRV,691,-4000,3,1.000000,-0.004456,-0.000366,0.000061
7143424,BNO_GRV,692,-4300,3,1.000000,-0.004456,-0.000366,0.000061
7153577,BNO_GRV,693,-4500,3,1.000000,-0.004456,-0.000366,0.000061
7163019,BNO_GRV,694,-4200,3,1.000000,-0.004456,-0.000366,0.000061
7173503,BNO_GRV,695,-4200,3,1.000000,-0.004456,-0.000366,0.000061
7183467,BNO_GRV,696,-3800,3,1.000000,-0.004456,-0.000366,0.000061
7193635,BNO_GRV,697,-4500,3,1.000000,-0.004456,-0.000366,0.000061
7202872,BNO_GRV,698,-4000,3,1.000000,-0.004456,-0.000366,0.000061
7213467,BNO_GRV,699,-4300,3,1.000000,-0.004456,-0.000366,0.000061
7223576,BNO_GRV,700,-3800,3,1.000000,-0.004456,-0.000366,0.000061
7233352,BNO_GRV,701,-4200,3,1.000000,-0.004456,-0.000366,0.000061
7242828,BNO_GRV,702,-4000,3,1.000000,-0.004456,-0.000366,0.000061
7253391,BNO_GRV,703,-4300,3,1.000000,-0.004456,-0.000366,0.000061
7263788,BNO_GRV,704,-4300,3,1.000000,-0.004456,-0.000366,0.000061
7273883,BNO_GRV,705,-4500,3,1.000000,-0.004456,-0.000366,0.000061
7283035,BNO_GRV,706,-4200,3,1.000000,-0.004456,-0.000366,0.000061
7293640,BNO_GRV,707,-4300,3,1.000000,-0.004456,-0.000366,0.000061
7304105,BNO_GRV,708,-4200,3,1.000000,-0.004456,-0.000366,0.000061
7313523,BNO_GRV,709,-4200,3,1.000000,-0.004456,-0.000366,0.000061
7323173,BNO_GRV,710,-4200,3,1.000000,-0.004456,-0.000366,0.000061
7333923,BNO_GRV,711,-4300,3,1.000000,-0.004456,-0.000366,0.000061
7344427,BNO_GRV,712,-4300,3,1.000000,-0.004456,-0.000366,0.000061
7353802,BNO_GRV,713,-4300,3,1.000000,-0.004456,-0.000366,0.000061
7363257,BNO_GRV,714,-4200,3,1.000000,-0.004456,-0.000366,0.000061
7375450,BNO_GRV,715,-5800,3,1.000000,-0.004456,-0.000366,0.000061
7383201,BNO_GRV,716,-4000,3,1.000000,-0.004456,-0.000366,0.000061
7394268,BNO_GRV,717,-4300,3,1.000000,-0.004456,-0.000366,0.000061
7403369,BNO_GRV,718,-4200,3,1.000000,-0.004456,-0.000366,0.000061
7413989,BNO_GRV,719,-4300,3,1.000000,-0.004456,-0.000366,0.000061
7424502,BNO_GRV,720,-4300,3,1.000000,-0.004456,-0.000366,0.000061
7433780,BNO_GRV,721,-4000,3,1.000000,-0.004456,-0.000366,0.000061
7443246,BNO_GRV,722,-4000,3,1.000000,-0.004456,-0.000366,0.000061
7453819,BNO_GRV,723,-4200,3,1.000000,-0.004456,-0.000366,0.000061
7463696,BNO_GRV,724,-4500,3,1.000000,-0.004456,-0.000366,0.000061
7473953,BNO_GRV,725,-4300,3,1.000000,-0.004456,-0.000366,0.000061
7483122,BNO_GRV,726,-3800,3,1.000000,-0.004456,-0.000366,0.000061
7493672,BNO_GRV,727,-4300,3,1.000000,-0.004456,-0.000366,0.000061
7504462,BNO_GRV,728,-4500,3,1.000000,-0.004456,-0.000366,0.000061
7514767,BNO_GRV,729,-4700,3,1.000000,-0.004456,-0.000366,0.000061
7523565,BNO_GRV,730,-4300,3,1.000000,-0.004456,-0.000366,0.000061
7534038,BNO_GRV,731,-4200,3,1.000000,-0.004456,-0.000366,0.000061
7543966,BNO_GRV,732,-4500,3,1.000000,-0.004456,-0.000366,0.000061
7554086,BNO_GRV,733,-4200,3,1.000000,-0.004456,-0.000366,0.000061
7563569,BNO_GRV,734,-4000,3,1.000000,-0.004456,-0.000366,0.000061
7574196,BNO_GRV,735,-4200,3,1.000000,-0.004456,-0.000366,0.000061
7584600,BNO_GRV,736,-4300,3,1.000000,-0.004456,-0.000366,0.000061
7594332,BNO_GRV,737,-4000,3,1.000000,-0.004456,-0.000366,0.000061
7603256,BNO_GRV,738,-3800,3,1.000000,-0.004456,-0.000366,0.000061
7614119,BNO_GRV,739,-4200,3,1.000000,-0.004456,-0.000366,0.000061
7623870,BNO_GRV,740,-4300,3,1.000000,-0.004456,-0.000366,0.000061
7636574,BNO_GRV,741,-6200,3,1.000000,-0.004456,-0.000366,0.000061
7643810,BNO_GRV,742,-4200,3,1.000000,-0.004456,-0.000366,0.000061
7654521,BNO_GRV,743,-4300,3,1.000000,-0.004456,-0.000366,0.000061
7663927,BNO_GRV,744,-4200,3,1.000000,-0.004456,-0.000366,0.000061
7674636,BNO_GRV,745,-4500,3,1.000000,-0.004456,-0.000427,0.000061
7684172,BNO_GRV,746,-4500,3,1.000000,-0.004456,-0.000427,0.000061
7694577,BNO_GRV,747,-4200,3,1.000000,-0.004456,-0.000427,0.000061
7704100,BNO_GRV,748,-4300,3,1.000000,-0.004456,-0.000427,0.000061
7714429,BNO_GRV,749,-4200,3,1.000000,-0.004456,-0.000427,0.000061
7723874,BNO_GRV,750,-4000,3,1.000000,-0.004456,-0.000427,0.000061
7734616,BNO_GRV,751,-4200,3,1.000000,-0.004456,-0.000427,0.000061
7743899,BNO_GRV,752,-4000,3,1.000000,-0.004456,-0.000427,0.000061
7755239,BNO_GRV,753,-4700,3,1.000000,-0.004456,-0.000427,0.000061
7764753,BNO_GRV,754,-4700,3,1.000000,-0.004456,-0.000427,0.000061
7773958,BNO_GRV,755,-4000,3,1.000000,-0.004456,-0.000427,0.000061
7784267,BNO_GRV,756,-4300,3,1.000000,-0.004456,-0.000427,0.000061
7794609,BNO_GRV,757,-4200,3,1.000000,-0.004456,-0.000427,0.000061
7804064,BNO_GRV,758,-4000,3,1.000000,-0.004456,-0.000488,0.000061
7814824,BNO_GRV,759,-4200,3,1.000000,-0.004456,-0.000488,0.000061
7824178,BNO_GRV,760,-4200,3,1.000000,-0.004456,-0.000488,0.000061
7835357,BNO_GRV,761,-4500,3,1.000000,-0.004456,-0.000488,0.000061
7844854,BNO_GRV,762,-4700,3,1.000000,-0.004456,-0.000488,0.000061
7854362,BNO_GRV,763,-4200,3,1.000000,-0.004456,-0.000488,0.000061
7864480,BNO_GRV,764,-4200,3,1.000000,-0.004456,-0.000488,0.000061
7874770,BNO_GRV,765,-4200,3,1.000000,-0.004456,-0.000488,0.000061
7885984,BNO_GRV,766,-5600,3,1.000000,-0.004456,-0.000488,0.000061
7894702,BNO_GRV,767,-4000,3,1.000000,-0.004456,-0.000488,0.000061
7904256,BNO_GRV,768,-4200,3,1.000000,-0.004395,-0.000488,0.000061
7915486,BNO_GRV,769,-4700,3,1.000000,-0.004395,-0.000488,0.000061
7924892,BNO_GRV,770,-4500,3,1.000000,-0.004395,-0.000488,0.000061
7934283,BNO_GRV,771,-4000,3,1.000000,-0.004395,-0.000488,0.000061
7944730,BNO_GRV,772,-4200,3,1.000000,-0.004395,-0.000488,0.000061
7954934,BNO_GRV,773,-4000,3,1.000000,-0.004395,-0.000488,0.000061
7965139,BNO_GRV,774,-4700,3,1.000000,-0.004395,-0.000488,0.000061
7974542,BNO_GRV,775,-4200,3,1.000000,-0.004395,-0.000488,0.000061
7984964,BNO_GRV,776,-4200,3,1.000000,-0.004395,-0.000488,0.000061
7995108,BNO_GRV,777,-3800,3,1.000000,-0.004395,-0.000488,0.000061
8005284,BNO_GRV,778,-4500,3,1.000000,-0.004395,-0.000488,0.000061
8014709,BNO_GRV,779,-4200,3,1.000000,-0.004395,-0.000488,0.000061
8025080,BNO_GRV,780,-4200,3,1.000000,-0.004395,-0.000488,0.000061
8035034,BNO_GRV,781,-3600,3,1.000000,-0.004395,-0.000488,0.000061
8044995,BNO_GRV,782,-4500,3,1.000000,-0.004395,-0.000488,0.000061
8054509,BNO_GRV,783,-4200,3,1.000000,-0.004395,-0.000488,0.000061
8065018,BNO_GRV,784,-4300,3,1.000000,-0.004395,-0.000488,0.000061
8075263,BNO_GRV,785,-4000,3,1.000000,-0.004395,-0.000488,0.000061
8085445,BNO_GRV,786,-4700,3,1.000000,-0.004395,-0.000488,0.000061
8094803,BNO_GRV,787,-4300,3,1.000000,-0.004395,-0.000488,0.000061
8105348,BNO_GRV,788,-4300,3,1.000000,-0.004395,-0.000488,0.000061
8115650,BNO_GRV,789,-4300,3,1.000000,-0.004395,-0.000549,0.000061
8125864,BNO_GRV,790,-4500,3,1.000000,-0.004395,-0.000549,0.000061
8136199,BNO_GRV,791,-5600,3,1.000000,-0.004395,-0.000549,0.000061
8144731,BNO_GRV,792,-4200,3,1.000000,-0.004395,-0.000549,0.000061
8155788,BNO_GRV,793,-4700,3,1.000000,-0.004395,-0.000549,0.000061
8165774,BNO_GRV,794,-4300,3,1.000000,-0.004395,-0.000549,0.000061
8175146,BNO_GRV,795,-4200,3,1.000000,-0.004395,-0.000549,0.000061
8185540,BNO_GRV,796,-4300,3,1.000000,-0.004395,-0.000549,0.000061
8195965,BNO_GRV,797,-4300,3,1.000000,-0.004395,-0.000549,0.000061
8205341,BNO_GRV,798,-4300,3,1.000000,-0.004395,-0.000549,0.000061
8214921,BNO_GRV,799,-4200,3,1.000000,-0.004395,-0.000549,0.000061
8225629,BNO_GRV,800,-4300,3,1.000000,-0.004395,-0.000549,0.000061
8236063,BNO_GRV,801,-4300,3,1.000000,-0.004395,-0.000549,0.000061
8245455,BNO_GRV,802,-4200,3,1.000000,-0.004395,-0.000549,0.000061
8255025,BNO_GRV,803,-4200,3,1.000000,-0.004395,-0.000549,0.000061
8265656,BNO_GRV,804,-4200,3,1.000000,-0.004395,-0.000549,0.000061
8276179,BNO_GRV,805,-4300,3,1.000000,-0.004395,-0.000549,0.000061
8285595,BNO_GRV,806,-4200,3,1.000000,-0.004395,-0.000549,0.000061
8295159,BNO_GRV,807,-4200,3,1.000000,-0.004395,-0.000549,0.000061
8305673,BNO_GRV,808,-4300,3,1.000000,-0.004395,-0.000610,0.000061
8316100,BNO_GRV,809,-4300,3,1.000000,-0.004395,-0.000610,0.000061
8326480,BNO_GRV,810,-4500,3,1.000000,-0.004395,-0.000610,0.000061
8335436,BNO_GRV,811,-4200,3,1.000000,-0.004395,-0.000610,0.000061
8345823,BNO_GRV,812,-4200,3,1.000000,-0.004395,-0.000610,0.000061
8355560,BNO_GRV,813,-4500,3,1.000000,-0.004395,-0.000610,0.000061
8365840,BNO_GRV,814,-4300,3,1.000000,-0.004395,-0.000610,0.000061
8375317,BNO_GRV,815,-4200,3,1.000000,-0.004395,-0.000549,0.000061
8387083,BNO_GRV,816,-5400,3,1.000000,-0.004395,-0.000549,0.000061
8396567,BNO_GRV,817,-4500,3,1.000000,-0.004395,-0.000549,0.000061
8405878,BNO_GRV,818,-4000,3,1.000000,-0.004395,-0.000549,0.000061
8415389,BNO_GRV,819,-4000,3,1.000000,-0.004395,-0.000549,0.000061
8425793,BNO_GRV,820,-4200,3,1.000000,-0.004395,-0.000549,0.000061
8435669,BNO_GRV,821,-4500,3,1.000000,-0.004395,-0.000549,0.000061
8446313,BNO_GRV,822,-4700,3,1.000000,-0.004395,-0.000549,0.000061
8455562,BNO_GRV,823,-4200,3,1.000000,-0.004395,-0.000610,0.000061
8466209,BNO_GRV,824,-4300,3,1.000000,-0.004395,-0.000610,0.000061
8476726,BNO_GRV,825,-4300,3,1.000000,-0.004395,-0.000610,0.000061
8486133,BNO_GRV,826,-4000,3,1.000000,-0.004395,-0.000610,0.000061
8495183,BNO_GRV,827,-3600,3,1.000000,-0.004395,-0.000610,0.000000
8505831,BNO_GRV,828,-4200,3,1.000000,-0.004395,-0.000610,0.000000
8516155,BNO_GRV,829,-4500,3,1.000000,-0.004395,-0.000610,0.000000
8526034,BNO_GRV,830,-4000,3,1.000000,-0.004395,-0.000610,0.000000
8535727,BNO_GRV,831,-4300,3,1.000000,-0.004395,-0.000610,0.000000
8546174,BNO_GRV,832,-4200,3,1.000000,-0.004395,-0.000610,0.000000
8556999,BNO_GRV,833,-4500,3,1.000000,-0.004395,-0.000610,0.000000
8566329,BNO_GRV,834,-3800,3,1.000000,-0.004395,-0.000610,0.000000
8575217,BNO_GRV,835,-3800,3,1.000000,-0.004395,-0.000610,0.000000
8586065,BNO_GRV,836,-4200,3,1.000000,-0.004395,-0.000610,0.000000
8595967,BNO_GRV,837,-4300,3,1.000000,-0.004395,-0.000610,0.000000
8606330,BNO_GRV,838,-4200,3,1.000000,-0.004395,-0.000610,0.000000
8615785,BNO_GRV,839,-4200,3,1.000000,-0.004395,-0.000610,0.000000
8626373,BNO_GRV,840,-4200,3,1.000000,-0.004395,-0.000610,0.000000
8638429,BNO_GRV,841,-5600,3,1.000000,-0.004395,-0.000610,0.000000
8646509,BNO_GRV,842,-3800,3,1.000000,-0.004395,-0.000610,0.000000
8655395,BNO_GRV,843,-3800,3,1.000000,-0.004395,-0.000610,0.000000
8666306,BNO_GRV,844,-4300,3,1.000000,-0.004395,-0.000610,0.000000
8675916,BNO_GRV,845,-4200,3,1.000000,-0.004395,-0.000610,0.000000
8687286,BNO_GRV,846,-4700,3,1.000000,-0.004395,-0.000610,0.000000
8696193,BNO_GRV,847,-4300,3,1.000000,-0.004395,-0.000610,0.000000
8706740,BNO_GRV,848,-4200,3,1.000000,-0.004395,-0.000610,0.000000
8716202,BNO_GRV,849,-4300,3,1.000000,-0.004395,-0.000610,0.000000
8726577,BNO_GRV,850,-4300,3,1.000000,-0.004395,-0.000610,0.000000
8736076,BNO_GRV,851,-4200,3,1.000000,-0.004395,-0.000610,0.000000
8746699,BNO_GRV,852,-4200,3,1.000000,-0.004395,-0.000610,0.000000
8756109,BNO_GRV,853,-4000,3,1.000000,-0.004395,-0.000610,0.000000
8766839,BNO_GRV,854,-4300,3,1.000000,-0.004395,-0.000610,0.000000
8775756,BNO_GRV,855,-3800,3,1.000000,-0.004395,-0.000610,0.000000
8786761,BNO_GRV,856,-4300,3,1.000000,-0.004395,-0.000549,0.000000
8796211,BNO_GRV,857,-4200,3,1.000000,-0.004395,-0.000549,0.000000
8806884,BNO_GRV,858,-4300,3,1.000000,-0.004395,-0.000549,0.000000
8815786,BNO_GRV,859,-3800,3,1.000000,-0.004395,-0.000549,0.000000
8826666,BNO_GRV,860,-4200,3,1.000000,-0.004395,-0.000549,0.000000
8836303,BNO_GRV,861,-4200,3,1.000000,-0.004395,-0.000610,0.000000
8847403,BNO_GRV,862,-4700,3,1.000000,-0.004395,-0.000610,0.000000
8856789,BNO_GRV,863,-4700,3,1.000000,-0.004395,-0.000610,0.000000
8866350,BNO_GRV,864,-4200,3,1.000000,-0.004395,-0.000610,0.000000
8876600,BNO_GRV,865,-4200,3,1.000000,-0.004395,-0.000610,0.000000
8888634,BNO_GRV,866,-5600,3,1.000000,-0.004395,-0.000610,0.000000
8896521,BNO_GRV,867,-4300,3,1.000000,-0.004395,-0.000610,0.000000
8906509,BNO_GRV,868,-4200,3,1.000000,-0.004456,-0.000610,0.000000
8916763,BNO_GRV,869,-4200,3,1.000000,-0.004456,-0.000610,0.000000
8927151,BNO_GRV,870,-4200,3,1.000000,-0.004456,-0.000610,0.000000
8937333,BNO_GRV,871,-4500,3,1.000000,-0.004395,-0.000610,0.000000
8946491,BNO_GRV,872,-4200,3,1.000000,-0.004395,-0.000610,0.000000
8956922,BNO_GRV,873,-4200,3,1.000000,-0.004395,-0.000610,0.000000
8967589,BNO_GRV,874,-4300,3,1.000000,-0.004395,-0.000610,0.000000
8977071,BNO_GRV,875,-4700,3,1.000000,-0.004395,-0.000610,0.000000
8986590,BNO_GRV,876,-4000,3,1.000000,-0.004395,-0.000610,0.000000
8997113,BNO_GRV,877,-4200,3,1.000000,-0.004395,-0.000610,0.000000
9007203,BNO_GRV,878,-3800,3,1.000000,-0.004395,-0.000610,0.000000
9017291,BNO_GRV,879,-4500,3,1.000000,-0.004395,-0.000610,0.000000
9026651,BNO_GRV,880,-4200,3,1.000000,-0.004395,-0.000610,0.000000
9037107,BNO_GRV,881,-4200,3,1.000000,-0.004395,-0.000610,0.000000
9047545,BNO_GRV,882,-4200,3,1.000000,-0.004395,-0.000610,0.000000
9057665,BNO_GRV,883,-4500,3,1.000000,-0.004395,-0.000610,0.000000
9066949,BNO_GRV,884,-4200,3,1.000000,-0.004395,-0.000610,0.000000
9077403,BNO_GRV,885,-4200,3,1.000000,-0.004395,-0.000610,0.000000
9087468,BNO_GRV,886,-3600,3,1.000000,-0.004395,-0.000610,0.000000
9097625,BNO_GRV,887,-4500,3,1.000000,-0.004395,-0.000671,0.000000
9106804,BNO_GRV,888,-4200,3,1.000000,-0.004395,-0.000671,0.000000
9117374,BNO_GRV,889,-4200,3,1.000000,-0.004395,-0.000671,0.000000
9127814,BNO_GRV,890,-4200,3,1.000000,-0.004395,-0.000671,0.000000
9139001,BNO_GRV,891,-5600,3,1.000000,-0.004395,-0.000671,0.000000
9146680,BNO_GRV,892,-3800,3,1.000000,-0.004395,-0.000671,0.000000
9157250,BNO_GRV,893,-4200,3,1.000000,-0.004395,-0.000671,0.000000
9167844,BNO_GRV,894,-4300,3,1.000000,-0.004395,-0.000671,0.000000
9178013,BNO_GRV,895,-4700,3,1.000000,-0.004395,-0.000671,0.000000
9187084,BNO_GRV,896,-4200,3,1.000000,-0.004395,-0.000671,0.000000
9197566,BNO_GRV,897,-4300,3,1.000000,-0.004395,-0.000671,0.000000
9207538,BNO_GRV,898,-3800,3,1.000000,-0.004395,-0.000671,0.000000
9217496,BNO_GRV,899,-4200,3,1.000000,-0.004395,-0.000671,0.000000
9227163,BNO_GRV,900,-4300,3,1.000000,-0.004395,-0.000671,0.000000
9237685,BNO_GRV,901,-4200,3,1.000000,-0.004395,-0.000671,0.000000
9248363,BNO_GRV,902,-4300,3,1.000000,-0.004395,-0.000671,0.000000
9257617,BNO_GRV,903,-4200,3,1.000000,-0.004395,-0.000671,0.000000
9267280,BNO_GRV,904,-4200,3,1.000000,-0.004395,-0.000671,0.000000
9277819,BNO_GRV,905,-4200,3,1.000000,-0.004395,-0.000671,0.000000
9288358,BNO_GRV,906,-4300,3,1.000000,-0.004395,-0.000671,0.000000
9297731,BNO_GRV,907,-4200,3,1.000000,-0.004456,-0.000671,0.000000
9307355,BNO_GRV,908,-4200,3,1.000000,-0.004456,-0.000671,0.000000
9317850,BNO_GRV,909,-4300,3,1.000000,-0.004456,-0.000671,0.000000
9327601,BNO_GRV,910,-4300,3,1.000000,-0.004456,-0.000671,0.000000
9337651,BNO_GRV,911,-4200,3,1.000000,-0.004456,-0.000671,0.000000
9347385,BNO_GRV,912,-4200,3,1.000000,-0.004456,-0.000671,0.000000
9357857,BNO_GRV,913,-4300,3,1.000000,-0.004456,-0.000671,0.000000
9367683,BNO_GRV,914,-4500,3,1.000000,-0.004456,-0.000671,0.000000
9377809,BNO_GRV,915,-4000,3,1.000000,-0.004456,-0.000671,0.000000
9387282,BNO_GRV,916,-4000,3,1.000000,-0.004456,-0.000671,0.000000
9399013,BNO_GRV,917,-5400,3,1.000000,-0.004456,-0.000671,0.000000
9407818,BNO_GRV,918,-4300,3,1.000000,-0.004456,-0.000671,0.000000
9417933,BNO_GRV,919,-4300,3,1.000000,-0.004456,-0.000671,0.000000
9427453,BNO_GRV,920,-4200,3,1.000000,-0.004456,-0.000671,0.000000
9437933,BNO_GRV,921,-4200,3,1.000000,-0.004456,-0.000671,0.000000
9448648,BNO_GRV,922,-4500,3,1.000000,-0.004456,-0.000671,0.000000
9457971,BNO_GRV,923,-3600,3,1.000000,-0.004456,-0.000671,0.000000
9467029,BNO_GRV,924,-3800,3,1.000000,-0.004456,-0.000671,0.000000
9477764,BNO_GRV,925,-4300,3,1.000000,-0.004456,-0.000732,0.000000
9488235,BNO_GRV,926,-4500,3,1.000000,-0.004456,-0.000732,0.000000
9498047,BNO_GRV,927,-4000,3,1.000000,-0.004456,-0.000732,0.000000
9507582,BNO_GRV,928,-4000,3,1.000000,-0.004456,-0.000732,0.000000
9518124,BNO_GRV,929,-4200,3,1.000000,-0.004456,-0.000732,0.000000
9528941,BNO_GRV,930,-4500,3,1.000000,-0.004456,-0.000732,0.000000
9538548,BNO_GRV,931,-3800,3,1.000000,-0.004517,-0.000732,0.000000
9547964,BNO_GRV,932,-4300,3,1.000000,-0.004517,-0.000732,0.000000
9558501,BNO_GRV,933,-4200,3,1.000000,-0.004517,-0.000732,0.000000
9567973,BNO_GRV,934,-4300,3,1.000000,-0.004517,-0.000732,0.000000
9578234,BNO_GRV,935,-4000,3,1.000000,-0.004517,-0.000732,0.000000
9587814,BNO_GRV,936,-4200,3,1.000000,-0.004517,-0.000732,0.000000
9598397,BNO_GRV,937,-4300,3,1.000000,-0.004517,-0.000732,0.000000
9607941,BNO_GRV,938,-4300,3,1.000000,-0.004517,-0.000732,0.000000
9618438,BNO_GRV,939,-4300,3,1.000000,-0.004517,-0.000732,0.000000
9627467,BNO_GRV,940,-3800,3,1.000000,-0.004456,-0.000732,0.000000
9638385,BNO_GRV,941,-4200,3,1.000000,-0.004456,-0.000732,0.000000
9649837,BNO_GRV,942,-5300,3,1.000000,-0.004456,-0.000732,0.000000
9659388,BNO_GRV,943,-4900,3,1.000000,-0.004456,-0.000732,0.000000
9667915,BNO_GRV,944,-4200,3,1.000000,-0.004456,-0.000732,0.000000
9678635,BNO_GRV,945,-4200,3,1.000000,-0.004456,-0.000732,0.000000
9688255,BNO_GRV,946,-4300,3,1.000000,-0.004456,-0.000732,0.000000
9698498,BNO_GRV,947,-4200,3,1.000000,-0.004456,-0.000732,0.000000
9707533,BNO_GRV,948,-3600,3,1.000000,-0.004456,-0.000732,0.000000
9718447,BNO_GRV,949,-4200,3,1.000000,-0.004456,-0.000732,0.000000
9728145,BNO_GRV,950,-4200,3,1.000000,-0.004517,-0.000732,0.000000
9738677,BNO_GRV,951,-4300,3,1.000000,-0.004517,-0.000732,0.000000
9747712,BNO_GRV,952,-3800,3,1.000000,-0.004517,-0.000732,0.000000
9758530,BNO_GRV,953,-4200,3,1.000000,-0.004517,-0.000732,0.000000
9768793,BNO_GRV,954,-4300,3,1.000000,-0.004517,-0.000732,0.000000
9778706,BNO_GRV,955,-3800,3,1.000000,-0.004517,-0.000732,0.000000
9788780,BNO_GRV,956,-4500,3,1.000000,-0.004517,-0.000732,0.000000
9798361,BNO_GRV,957,-4200,3,1.000000,-0.004517,-0.000732,0.000000
9808504,BNO_GRV,958,-4300,3,1.000000,-0.004517,-0.000732,0.000000
9819027,BNO_GRV,959,-4300,3,1.000000,-0.004517,-0.000732,0.000000
9828575,BNO_GRV,960,-4300,3,1.000000,-0.004517,-0.000732,0.000000
9838446,BNO_GRV,961,-4200,3,1.000000,-0.004517,-0.000732,0.000000
9848615,BNO_GRV,962,-4300,3,1.000000,-0.004517,-0.000732,0.000000
9858888,BNO_GRV,963,-4200,3,1.000000,-0.004517,-0.000732,0.000000
9869065,BNO_GRV,964,-4700,3,1.000000,-0.004517,-0.000732,0.000000
9878468,BNO_GRV,965,-4300,3,1.000000,-0.004517,-0.000732,0.000000
9888859,BNO_GRV,966,-4200,3,1.000000,-0.004517,-0.000732,0.000000
9900215,BNO_GRV,967,-5100,3,1.000000,-0.004517,-0.000732,0.000000
9908508,BNO_GRV,968,-4200,3,1.000000,-0.004517,-0.000732,0.000000
9918931,BNO_GRV,969,-4200,3,1.000000,-0.004517,-0.000732,0.000000
9928999,BNO_GRV,970,-4200,3,1.000000,-0.004517,-0.000732,0.000000
9939112,BNO_GRV,971,-3800,3,1.000000,-0.004517,-0.000732,0.000000
9949387,BNO_GRV,972,-4500,3,1.000000,-0.004517,-0.000732,0.000000
9958645,BNO_GRV,973,-4200,3,1.000000,-0.004517,-0.000732,0.000000
9969134,BNO_GRV,974,-4300,3,1.000000,-0.004517,-0.000732,0.000000
9979221,BNO_GRV,975,-3800,3,1.000000,-0.004517,-0.000732,0.000000
9989313,BNO_GRV,976,-4500,3,1.000000,-0.004517,-0.000732,0.000000
9998803,BNO_GRV,977,-4200,3,1.000000,-0.004517,-0.000732,0.000000
10009390,BNO_GRV,978,-4300,3,1.000000,-0.004517,-0.000732,0.000000
10019314,BNO_GRV,979,-3800,3,1.000000,-0.004517,-0.000732,0.000000
10029534,BNO_GRV,980,-4500,3,1.000000,-0.004517,-0.000732,0.000000
10038735,BNO_GRV,981,-4000,3,1.000000,-0.004517,-0.000732,0.000000
10049388,BNO_GRV,982,-4300,3,1.000000,-0.004517,-0.000732,0.000000
10059821,BNO_GRV,983,-4300,3,1.000000,-0.004517,-0.000732,0.000000
10069340,BNO_GRV,984,-4300,3,1.000000,-0.004517,-0.000732,0.000000
10078879,BNO_GRV,985,-4200,3,1.000000,-0.004517,-0.000732,0.000000
10089556,BNO_GRV,986,-4300,3,1.000000,-0.004517,-0.000732,0.000000
10099625,BNO_GRV,987,-3800,3,1.000000,-0.004517,-0.000732,0.000000
10109740,BNO_GRV,988,-4700,3,1.000000,-0.004517,-0.000732,0.000000
10118991,BNO_GRV,989,-4300,3,1.000000,-0.004517,-0.000732,0.000000
10129543,BNO_GRV,990,-4200,3,1.000000,-0.004517,-0.000732,0.000000
10139964,BNO_GRV,991,-4200,3,1.000000,-0.004517,-0.000732,0.000000
10151160,BNO_GRV,992,-5600,3,1.000000,-0.004456,-0.000732,0.000000
10159606,BNO_GRV,993,-4000,3,1.000000,-0.004456,-0.000732,0.000000
10169104,BNO_GRV,994,-4200,3,1.000000,-0.004456,-0.000732,0.000000
10180284,BNO_GRV,995,-4700,3,1.000000,-0.004456,-0.000732,0.000000
10189552,BNO_GRV,996,-4200,3,1.000000,-0.004456,-0.000732,0.000000
10199147,BNO_GRV,997,-4200,3,1.000000,-0.004456,-0.000732,0.000000
10209656,BNO_GRV,998,-4200,3,1.000000,-0.004456,-0.000732,0.000000
10219881,BNO_GRV,999,-3800,3,1.000000,-0.004456,-0.000732,0.000000
10229811,BNO_GRV,1000,-4300,3,1.000000,-0.004456,-0.000732,0.000000
10239052,BNO_GRV,1001,-4000,3,1.000000,-0.004456,-0.000732,0.000000
10249626,BNO_GRV,1002,-4200,3,1.000000,-0.004456,-0.000732,0.000000
10260129,BNO_GRV,1003,-4300,3,1.000000,-0.004456,-0.000732,0.000000
10270181,BNO_GRV,1004,-4300,3,1.000000,-0.004456,-0.000732,0.000000
10279637,BNO_GRV,1005,-4300,3,1.000000,-0.004456,-0.000732,0.000000
10289355,BNO_GRV,1006,-4200,3,1.000000,-0.004456,-0.000793,0.000000
10300192,BNO_GRV,1007,-4500,3,1.000000,-0.004456,-0.000793,0.000000
10310432,BNO_GRV,1008,-4700,3,1.000000,-0.004456,-0.000793,0.000000
10319403,BNO_GRV,1009,-4300,3,1.000000,-0.004456,-0.000793,0.000000
10330010,BNO_GRV,1010,-4300,3,1.000000,-0.004456,-0.000793,0.000000
10340533,BNO_GRV,1011,-4300,3,1.000000,-0.004456,-0.000793,0.000000
10349799,BNO_GRV,1012,-3800,3,1.000000,-0.004456,-0.000793,0.000000
10359410,BNO_GRV,1013,-4200,3,1.000000,-0.004456,-0.000793,0.000000
10369864,BNO_GRV,1014,-4200,3,1.000000,-0.004456,-0.000793,0.000000
10380714,BNO_GRV,1015,-4700,3,1.000000,-0.004456,-0.000793,0.000000
10389972,BNO_GRV,1016,-3600,3,1.000000,-0.004456,-0.000793,0.000000
10399434,BNO_GRV,1017,-4200,3,1.000000,-0.004456,-0.000793,0.000000
10411369,BNO_GRV,1018,-5600,3,1.000000,-0.004456,-0.000793,0.000000
10420165,BNO_GRV,1019,-4300,3,1.000000,-0.004456,-0.000793,0.000000
10429993,BNO_GRV,1020,-3800,3,1.000000,-0.004456,-0.000793,0.000000
10439544,BNO_GRV,1021,-4000,3,1.000000,-0.004456,-0.000793,0.000000
10450198,BNO_GRV,1022,-4200,3,1.000000,-0.004456,-0.000793,0.000000
10459711,BNO_GRV,1023,-4200,3,1.000000,-0.004456,-0.000793,0.000000
10470173,BNO_GRV,1024,-4200,3,1.000000,-0.004456,-0.000793,0.000000
10479655,BNO_GRV,1025,-4000,3,1.000000,-0.004456,-0.000793,0.000000
10490321,BNO_GRV,1026,-4300,3,1.000000,-0.004456,-0.000793,0.000000
10499880,BNO_GRV,1027,-4200,3,1.000000,-0.004456,-0.000793,0.000000
10510231,BNO_GRV,1028,-4200,3,1.000000,-0.004456,-0.000793,0.000000
10519737,BNO_GRV,1029,-4200,3,1.000000,-0.004456,-0.000793,0.000000
10530338,BNO_GRV,1030,-4200,3,1.000000,-0.004456,-0.000793,0.000061
10539890,BNO_GRV,1031,-4200,3,1.000000,-0.004456,-0.000793,0.000061
10550297,BNO_GRV,1032,-4300,3,1.000000,-0.004456,-0.000793,0.000061
10559579,BNO_GRV,1033,-4000,3,1.000000,-0.004456,-0.000793,0.000061
10570415,BNO_GRV,1034,-4300,3,1.000000,-0.004456,-0.000793,0.000061
10579995,BNO_GRV,1035,-4300,3,1.000000,-0.004456,-0.000793,0.000061
10591115,BNO_GRV,1036,-4500,3,1.000000,-0.004456,-0.000793,0.000061
10600625,BNO_GRV,1037,-4700,3,1.000000,-0.004456,-0.000793,0.000061
10610033,BNO_GRV,1038,-4200,3,1.000000,-0.004456,-0.000793,0.000061
10620045,BNO_GRV,1039,-4200,3,1.000000,-0.004456,-0.000793,0.000061
10631127,BNO_GRV,1040,-4500,3,1.000000,-0.004456,-0.000793,0.000061
10640521,BNO_GRV,1041,-4700,3,1.000000,-0.004456,-0.000793,0.000061
10650020,BNO_GRV,1042,-4200,3,1.000000,-0.004456,-0.000793,0.000061
10662101,BNO_GRV,1043,-5800,3,1.000000,-0.004456,-0.000793,0.000061
10670789,BNO_GRV,1044,-4300,3,1.000000,-0.004456,-0.000793,0.000061
10679740,BNO_GRV,1045,-3600,3,1.000000,-0.004456,-0.000793,0.000061
10690890,BNO_GRV,1046,-4200,3,1.000000,-0.004456,-0.000793,0.000061
10700845,BNO_GRV,1047,-4300,3,1.000000,-0.004456,-0.000793,0.000061
10710518,BNO_GRV,1048,-3400,3,1.000000,-0.004456,-0.000793,0.000061
10720697,BNO_GRV,1049,-4500,3,1.000000,-0.004456,-0.000793,0.000061
10730156,BNO_GRV,1050,-4200,3,1.000000,-0.004456,-0.000793,0.000061
10740320,BNO_GRV,1051,-4200,3,1.000000,-0.004456,-0.000793,0.000061
10750767,BNO_GRV,1052,-4300,3,1.000000,-0.004456,-0.000793,0.000061
10760791,BNO_GRV,1053,-4300,3,1.000000,-0.004456,-0.000793,0.000061
10770319,BNO_GRV,1054,-4200,3,1.000000,-0.004456,-0.000793,0.000061
10780550,BNO_GRV,1055,-4200,3,1.000000,-0.004456,-0.000793,0.000061
10790900,BNO_GRV,1056,-4200,3,1.000000,-0.004456,-0.000793,0.000061
10800882,BNO_GRV,1057,-4300,3,1.000000,-0.004456,-0.000793,0.000061
10810351,BNO_GRV,1058,-4200,3,1.000000,-0.004456,-0.000793,0.000061
10820756,BNO_GRV,1059,-4200,3,1.000000,-0.004456,-0.000793,0.000061
10830972,BNO_GRV,1060,-4000,3,1.000000,-0.004456,-0.000793,0.000061
10841199,BNO_GRV,1061,-4500,3,1.000000,-0.004456,-0.000793,0.000061
10850399,BNO_GRV,1062,-4200,3,1.000000,-0.004456,-0.000793,0.000061
10860749,BNO_GRV,1063,-4300,3,1.000000,-0.004456,-0.000793,0.000061
10871026,BNO_GRV,1064,-4000,3,1.000000,-0.004456,-0.000793,0.000061
10881251,BNO_GRV,1065,-4700,3,1.000000,-0.004456,-0.000793,0.000061
10890594,BNO_GRV,1066,-4300,3,1.000000,-0.004395,-0.000793,0.000061
10901166,BNO_GRV,1067,-4300,3,1.000000,-0.004395,-0.000793,0.000061
10912545,BNO_GRV,1068,-5300,3,1.000000,-0.004395,-0.000793,0.000061
10920865,BNO_GRV,1069,-4300,3,1.000000,-0.004395,-0.000793,0.000061
10930959,BNO_GRV,1070,-4000,3,1.000000,-0.004395,-0.000793,0.000061
10941245,BNO_GRV,1071,-4300,3,1.000000,-0.004395,-0.000793,0.000061
10951579,BNO_GRV,1072,-4200,3,1.000000,-0.004395,-0.000793,0.000061
10961533,BNO_GRV,1073,-4300,3,1.000000,-0.004395,-0.000793,0.000061
10970899,BNO_GRV,1074,-4200,3,1.000000,-0.004395,-0.000793,0.000061
10981478,BNO_GRV,1075,-4300,3,1.000000,-0.004395,-0.000793,0.000061
10991221,BNO_GRV,1076,-3400,3,1.000000,-0.004395,-0.000793,0.000061
11001413,BNO_GRV,1077,-4500,3,1.000000,-0.004395,-0.000793,0.000061
11011635,BNO_GRV,1078,-4300,3,1.000000,-0.004395,-0.000793,0.000061
11020808,BNO_GRV,1079,-4200,3,1.000000,-0.004395,-0.000793,0.000061
11031882,BNO_GRV,1080,-4700,3,1.000000,-0.004395,-0.000793,0.000061
11041257,BNO_GRV,1081,-4200,3,1.000000,-0.004395,-0.000793,0.000061
11050709,BNO_GRV,1082,-4000,3,1.000000,-0.004395,-0.000793,0.000061
11061272,BNO_GRV,1083,-4200,3,1.000000,-0.004395,-0.000793,0.000061
11071686,BNO_GRV,1084,-4200,3,1.000000,-0.004395,-0.000793,0.000061
11081827,BNO_GRV,1085,-4500,3,1.000000,-0.004395,-0.000793,0.000061
11091021,BNO_GRV,1086,-4200,3,1.000000,-0.004395,-0.000793,0.000061
11101654,BNO_GRV,1087,-4300,3,1.000000,-0.004395,-0.000793,0.000061
11111966,BNO_GRV,1088,-4000,3,1.000000,-0.004395,-0.000793,0.000061
11121357,BNO_GRV,1089,-4000,3,1.000000,-0.004395,-0.000793,0.000061
11131012,BNO_GRV,1090,-4200,3,1.000000,-0.004395,-0.000793,0.000061
11141710,BNO_GRV,1091,-4300,3,1.000000,-0.004395,-0.000793,0.000061
11152132,BNO_GRV,1092,-4200,3,1.000000,-0.004395,-0.000793,0.000061
11162773,BNO_GRV,1093,-5300,3,1.000000,-0.004395,-0.000793,0.000061
11171464,BNO_GRV,1094,-4000,3,1.000000,-0.004395,-0.000793,0.000061
11181165,BNO_GRV,1095,-4200,3,1.000000,-0.004395,-0.000793,0.000061
11191534,BNO_GRV,1096,-4300,3,1.000000,-0.004395,-0.000793,0.000061
11201921,BNO_GRV,1097,-4500,3,1.000000,-0.004395,-0.000793,0.000061
11211119,BNO_GRV,1098,-4000,3,1.000000,-0.004395,-0.000793,0.000061
11221812,BNO_GRV,1099,-4200,3,1.000000,-0.004395,-0.000793,0.000061
11232182,BNO_GRV,1100,-4200,3,1.000000,-0.004395,-0.000793,0.000061
11242312,BNO_GRV,1101,-4500,3,1.000000,-0.004395,-0.000793,0.000061
11251728,BNO_GRV,1102,-4200,3,1.000000,-0.004395,-0.000793,0.000061
11261302,BNO_GRV,1103,-4000,3,1.000000,-0.004395,-0.000793,0.000061
11272004,BNO_GRV,1104,-4700,3,1.000000,-0.004395,-0.000793,0.000061
11282276,BNO_GRV,1105,-4700,3,1.000000,-0.004395,-0.000793,0.000061
11291415,BNO_GRV,1106,-4200,3,1.000000,-0.004395,-0.000793,0.000061
11302116,BNO_GRV,1107,-4300,3,1.000000,-0.004395,-0.000793,0.000061
11312540,BNO_GRV,1108,-4200,3,1.000000,-0.004395,-0.000793,0.000061
11321826,BNO_GRV,1109,-3600,3,1.000000,-0.004395,-0.000793,0.000061
11331479,BNO_GRV,1110,-4200,3,1.000000,-0.004395,-0.000793,0.000061
11342108,BNO_GRV,1111,-4300,3,1.000000,-0.004395,-0.000854,0.000061
11352586,BNO_GRV,1112,-4200,3,1.000000,-0.004395,-0.000854,0.000061
11362015,BNO_GRV,1113,-3600,3,1.000000,-0.004395,-0.000854,0.000061
11371481,BNO_GRV,1114,-4200,3,1.000000,-0.004395,-0.000854,0.000061
11382243,BNO_GRV,1115,-4200,3,1.000000,-0.004395,-0.000854,0.000061
11391608,BNO_GRV,1116,-4200,3,1.000000,-0.004395,-0.000854,0.000061
11402766,BNO_GRV,1117,-4700,3,1.000000,-0.004395,-0.000854,0.000061
11412781,BNO_GRV,1118,-5300,3,1.000000,-0.004395,-0.000854,0.000061
11421587,BNO_GRV,1119,-4000,3,1.000000,-0.004395,-0.000854,0.000061
11432020,BNO_GRV,1120,-4300,3,1.000000,-0.004395,-0.000854,0.000061
11442176,BNO_GRV,1121,-4200,3,1.000000,-0.004395,-0.000854,0.000061
11451640,BNO_GRV,1122,-4000,3,1.000000,-0.004395,-0.000854,0.000061
11462292,BNO_GRV,1123,-4300,3,1.000000,-0.004395,-0.000854,0.000061
11473125,BNO_GRV,1124,-4700,3,1.000000,-0.004395,-0.000854,0.000061
11482627,BNO_GRV,1125,-3800,3,1.000000,-0.004395,-0.000854,0.000061
11491587,BNO_GRV,1126,-4000,3,1.000000,-0.004395,-0.000854,0.000061
11502331,BNO_GRV,1127,-4300,3,1.000000,-0.004395,-0.000854,0.000061
11512094,BNO_GRV,1128,-4300,3,1.000000,-0.004395,-0.000854,0.000061
11522617,BNO_GRV,1129,-4300,3,1.000000,-0.004395,-0.000854,0.000000
11532150,BNO_GRV,1130,-4500,3,1.000000,-0.004395,-0.000854,0.000000
11542761,BNO_GRV,1131,-4200,3,1.000000,-0.004395,-0.000854,0.000000
11552103,BNO_GRV,1132,-4300,3,1.000000,-0.004395,-0.000854,0.000000
11562445,BNO_GRV,1133,-4200,3,1.000000,-0.004395,-0.000854,0.000000
11571904,BNO_GRV,1134,-4200,3,1.000000,-0.004395,-0.000854,0.000000
11582660,BNO_GRV,1135,-4200,3,1.000000,-0.004395,-0.000854,0.000000
11591978,BNO_GRV,1136,-4200,3,1.000000,-0.004395,-0.000854,0.000000
11603212,BNO_GRV,1137,-4700,3,1.000000,-0.004395,-0.000854,0.000000
11612713,BNO_GRV,1138,-4700,3,1.000000,-0.004395,-0.000854,0.000000
11622032,BNO_GRV,1139,-4200,3,1.000000,-0.004395,-0.000854,0.000000
11632245,BNO_GRV,1140,-4300,3,1.000000,-0.004395,-0.000854,0.000000
11642548,BNO_GRV,1141,-4200,3,1.000000,-0.004395,-0.000854,0.000000
11652574,BNO_GRV,1142,-4300,3,1.000000,-0.004395,-0.000854,0.000000
11663336,BNO_GRV,1143,-5300,3,1.000000,-0.004395,-0.000854,0.000000
11672219,BNO_GRV,1144,-4200,3,1.000000,-0.004395,-0.000854,0.000000
11683324,BNO_GRV,1145,-4500,3,1.000000,-0.004395,-0.000854,0.000000
11692706,BNO_GRV,1146,-4500,3,1.000000,-0.004395,-0.000854,0.000000
11702234,BNO_GRV,1147,-4200,3,1.000000,-0.004395,-0.000854,0.000000
11712464,BNO_GRV,1148,-4300,3,1.000000,-0.004395,-0.000854,0.000000
11722970,BNO_GRV,1149,-4200,3,1.000000,-0.004395,-0.000854,0.000000
11733046,BNO_GRV,1150,-4500,3,1.000000,-0.004395,-0.000854,0.000000
11742411,BNO_GRV,1151,-4200,3,1.000000,-0.004395,-0.000854,0.000000
11752747,BNO_GRV,1152,-4300,3,1.000000,-0.004395,-0.000854,0.000000
11763200,BNO_GRV,1153,-4200,3,1.000000,-0.004395,-0.000854,0.000000
11773395,BNO_GRV,1154,-4700,3,1.000000,-0.004395,-0.000854,0.000000
11782452,BNO_GRV,1155,-4200,3,1.000000,-0.004395,-0.000854,0.000000
11793056,BNO_GRV,1156,-4200,3,1.000000,-0.004395,-0.000854,0.000000
11803080,BNO_GRV,1157,-3600,3,1.000000,-0.004395,-0.000854,0.000000
11813211,BNO_GRV,1158,-4700,3,1.000000,-0.004395,-0.000854,0.000000
11822497,BNO_GRV,1159,-4200,3,1.000000,-0.004395,-0.000854,0.000000
11833078,BNO_GRV,1160,-4300,3,1.000000,-0.004395,-0.000854,0.000000
11843353,BNO_GRV,1161,-4200,3,1.000000,-0.004395,-0.000854,0.000000
11853345,BNO_GRV,1162,-4500,3,1.000000,-0.004395,-0.000854,0.000000
11862754,BNO_GRV,1163,-4200,3,1.000000,-0.004395,-0.000854,0.000000
11873321,BNO_GRV,1164,-4300,3,1.000000,-0.004395,-0.000854,0.000000
11883137,BNO_GRV,1165,-3600,3,1.000000,-0.004395,-0.000854,0.000000
11893304,BNO_GRV,1166,-4500,3,1.000000,-0.004395,-0.000854,0.000000
11902673,BNO_GRV,1167,-4200,3,1.000000,-0.004395,-0.000854,0.000000
11915233,BNO_GRV,1168,-6000,3,1.000000,-0.004395,-0.000854,0.000000
11923577,BNO_GRV,1169,-4000,3,1.000000,-0.004395,-0.000854,0.000000
11933735,BNO_GRV,1170,-4500,3,1.000000,-0.004395,-0.000854,0.000000
11942753,BNO_GRV,1171,-4200,3,1.000000,-0.004395,-0.000854,0.000000
11953493,BNO_GRV,1172,-4200,3,1.000000,-0.004395,-0.000854,0.000000
11963737,BNO_GRV,1173,-4200,3,1.000000,-0.004395,-0.000854,0.000000
11973727,BNO_GRV,1174,-4300,3,1.000000,-0.004395,-0.000854,0.000000
11983063,BNO_GRV,1175,-4200,3,1.000000,-0.004395,-0.000854,0.000000
11993672,BNO_GRV,1176,-4300,3,1.000000,-0.004395,-0.000854,0.000000
12004011,BNO_GRV,1177,-4200,3,1.000000,-0.004395,-0.000854,0.000000
12013374,BNO_GRV,1178,-4200,3,1.000000,-0.004395,-0.000854,0.000000
12022902,BNO_GRV,1179,-4200,3,1.000000,-0.004395,-0.000854,0.000000
12033618,BNO_GRV,1180,-4300,3,1.000000,-0.004395,-0.000916,0.000000
12044092,BNO_GRV,1181,-4300,3,1.000000,-0.004395,-0.000916,0.000000
12053415,BNO_GRV,1182,-4200,3,1.000000,-0.004395,-0.000916,0.000000
12062915,BNO_GRV,1183,-4200,3,1.000000,-0.004395,-0.000916,0.000000
12073609,BNO_GRV,1184,-4300,3,1.000000,-0.004395,-0.000916,0.000000
12083977,BNO_GRV,1185,-4300,3,1.000000,-0.004395,-0.000916,0.000000
12093466,BNO_GRV,1186,-4000,3,1.000000,-0.004395,-0.000916,0.000000
12103093,BNO_GRV,1187,-4000,3,1.000000,-0.004395,-0.000916,0.000000
12113807,BNO_GRV,1188,-4300,3,1.000000,-0.004395,-0.000916,0.000000
12124154,BNO_GRV,1189,-4300,3,1.000000,-0.004395,-0.000916,0.000000
12133423,BNO_GRV,1190,-3800,3,1.000000,-0.004395,-0.000916,0.000000
12143192,BNO_GRV,1191,-4200,3,1.000000,-0.004395,-0.000916,0.000000
12153848,BNO_GRV,1192,-4300,3,1.000000,-0.004395,-0.000916,0.000000
12165580,BNO_GRV,1193,-5600,3,1.000000,-0.004395,-0.000916,0.000000
12173662,BNO_GRV,1194,-3600,3,1.000000,-0.004395,-0.000916,0.000000
12183121,BNO_GRV,1195,-4000,3,1.000000,-0.004395,-0.000916,0.000000
12193711,BNO_GRV,1196,-4300,3,1.000000,-0.004395,-0.000916,0.000000
12204515,BNO_GRV,1197,-4500,3,1.000000,-0.004395,-0.000977,0.000000
12213802,BNO_GRV,1198,-3800,3,1.000000,-0.004395,-0.000977,0.000000
12223144,BNO_GRV,1199,-4000,3,1.000000,-0.004395,-0.000977,0.000000
12233704,BNO_GRV,1200,-4200,3,1.000000,-0.004395,-0.000977,0.000000
12244313,BNO_GRV,1201,-4500,3,1.000000,-0.004395,-0.000977,0.000000
12253925,BNO_GRV,1202,-3800,3,1.000000,-0.004395,-0.000977,0.000000
12263402,BNO_GRV,1203,-4200,3,1.000000,-0.004395,-0.000977,0.000000
12273998,BNO_GRV,1204,-4300,3,1.000000,-0.004395,-0.000977,0.000000
12283487,BNO_GRV,1205,-4200,3,1.000000,-0.004395,-0.000977,0.000000
12293777,BNO_GRV,1206,-4200,3,1.000000,-0.004395,-0.000977,0.000000
12303454,BNO_GRV,1207,-4000,3,1.000000,-0.004395,-0.000977,0.000000
12314158,BNO_GRV,1208,-4300,3,1.000000,-0.004395,-0.000977,0.000000
12323576,BNO_GRV,1209,-4200,3,1.000000,-0.004395,-0.000977,0.000000
12334045,BNO_GRV,1210,-4200,3,1.000000,-0.004395,-0.000977,0.000000
12343507,BNO_GRV,1211,-4000,3,1.000000,-0.004395,-0.000977,0.000000
12354141,BNO_GRV,1212,-4300,3,1.000000,-0.004395,-0.000977,0.000000
12363746,BNO_GRV,1213,-4300,3,1.000000,-0.004395,-0.000977,0.000000
12374785,BNO_GRV,1214,-4700,3,1.000000,-0.004395,-0.000977,0.000000
12384247,BNO_GRV,1215,-4700,3,1.000000,-0.004395,-0.000977,0.000000
12393683,BNO_GRV,1216,-4200,3,1.000000,-0.004395,-0.000977,0.000000
12404769,BNO_GRV,1217,-4700,3,1.000000,-0.004395,-0.000977,0.000000
12415433,BNO_GRV,1218,-4700,3,1.000000,-0.004395,-0.000977,0.000000
12423634,BNO_GRV,1219,-4200,3,1.000000,-0.004395,-0.000977,0.000000
12434410,BNO_GRV,1220,-4200,3,1.000000,-0.004395,-0.001038,0.000000
12443728,BNO_GRV,1221,-4200,3,1.000000,-0.004395,-0.001038,0.000000
12454928,BNO_GRV,1222,-4500,3,1.000000,-0.004395,-0.001038,0.000000
12464391,BNO_GRV,1223,-4700,3,1.000000,-0.004395,-0.001038,0.000000
12473855,BNO_GRV,1224,-4200,3,1.000000,-0.004395,-0.001038,0.000000
12484108,BNO_GRV,1225,-4300,3,1.000000,-0.004395,-0.001038,0.000000
12494208,BNO_GRV,1226,-3800,3,1.000000,-0.004395,-0.001038,0.000000
12504149,BNO_GRV,1227,-4300,3,1.000000,-0.004395,-0.001038,0.000000
12513914,BNO_GRV,1228,-4200,3,1.000000,-0.004395,-0.001038,0.000000
12523957,BNO_GRV,1229,-4200,3,1.000000,-0.004395,-0.001038,0.000000
12534510,BNO_GRV,1230,-4200,3,1.000000,-0.004395,-0.001038,0.000000
12544523,BNO_GRV,1231,-4500,3,1.000000,-0.004395,-0.001038,0.000000
12554002,BNO_GRV,1232,-4200,3,1.000000,-0.004395,-0.001038,0.000000
12564175,BNO_GRV,1233,-4200,3,1.000000,-0.004395,-0.001038,0.000000
12574554,BNO_GRV,1234,-4200,3,1.000000,-0.004395,-0.001038,0.000000
12584440,BNO_GRV,1235,-4300,3,1.000000,-0.004395,-0.001038,0.000000
12594058,BNO_GRV,1236,-4200,3,1.000000,-0.004395,-0.001038,0.000000
12604487,BNO_GRV,1237,-4200,3,1.000000,-0.004395,-0.001038,0.000000
12615073,BNO_GRV,1238,-4300,3,1.000000,-0.004395,-0.001038,0.000000
12624582,BNO_GRV,1239,-4500,3,1.000000,-0.004395,-0.001038,0.000000
12634298,BNO_GRV,1240,-4200,3,1.000000,-0.004395,-0.001038,0.000000
12644528,BNO_GRV,1241,-4300,3,1.000000,-0.004395,-0.001038,0.000000
12654917,BNO_GRV,1242,-4000,3,1.000000,-0.004395,-0.001038,0.000000
12666129,BNO_GRV,1243,-5600,3,1.000000,-0.004395,-0.001038,0.000000
12674692,BNO_GRV,1244,-4200,3,1.000000,-0.004395,-0.001038,0.000000
12684983,BNO_GRV,1245,-4300,3,1.000000,-0.004395,-0.001038,0.000000
12694926,BNO_GRV,1246,-3800,3,1.000000,-0.004395,-0.001038,0.000000
12705058,BNO_GRV,1247,-4500,3,1.000000,-0.004395,-0.001038,0.000000
12714332,BNO_GRV,1248,-4200,3,1.000000,-0.004395,-0.001038,0.000000
12724811,BNO_GRV,1249,-4200,3,1.000000,-0.004395,-0.001038,0.000000
12735070,BNO_GRV,1250,-4000,3,1.000000,-0.004395,-0.001038,0.000000
12745080,BNO_GRV,1251,-4300,3,1.000000,-0.004395,-0.001038,0.000000
12754531,BNO_GRV,1252,-4200,3,1.000000,-0.004395,-0.001038,0.000000
12765141,BNO_GRV,1253,-4200,3,1.000000,-0.004395,-0.001038,0.000000
12775450,BNO_GRV,1254,-4200,3,1.000000,-0.004395,-0.001038,0.000000
12784888,BNO_GRV,1255,-4300,3,1.000000,-0.004395,-0.001038,0.000000
12794542,BNO_GRV,1256,-4200,3,1.000000,-0.004395,-0.001038,0.000000
12805223,BNO_GRV,1257,-4200,3,1.000000,-0.004395,-0.001038,0.000000
12815566,BNO_GRV,1258,-4200,3,1.000000,-0.004395,-0.001038,0.000000
12824992,BNO_GRV,1259,-4200,3,1.000000,-0.004395,-0.001038,0.000000
12834460,BNO_GRV,1260,-4000,3,1.000000,-0.004395,-0.001038,0.000000
12845061,BNO_GRV,1261,-4300,3,1.000000,-0.004395,-0.001038,0.000000
12855536,BNO_GRV,1262,-4300,3,1.000000,-0.004395,-0.001038,0.000000
12865649,BNO_GRV,1263,-4500,3,1.000000,-0.004395,-0.001038,0.000000
12874618,BNO_GRV,1264,-4000,3,1.000000,-0.004395,-0.001038,0.000000
12885315,BNO_GRV,1265,-4300,3,1.000000,-0.004395,-0.001038,0.000000
12895794,BNO_GRV,1266,-4200,3,1.000000,-0.004395,-0.001038,0.000000
12905109,BNO_GRV,1267,-4000,3,1.000000,-0.004395,-0.001038,0.000000
12916033,BNO_GRV,1268,-5400,3,1.000000,-0.004395,-0.001038,0.000000
12925158,BNO_GRV,1269,-4000,3,1.000000,-0.004395,-0.001038,0.000000
12935826,BNO_GRV,1270,-4700,3,1.000000,-0.004395,-0.001038,0.000000
12945332,BNO_GRV,1271,-4000,3,1.000000,-0.004395,-0.001038,0.000000
12954909,BNO_GRV,1272,-4200,3,1.000000,-0.004395,-0.001038,0.000000
12965572,BNO_GRV,1273,-4300,3,1.000000,-0.004395,-0.001038,0.000000
12976022,BNO_GRV,1274,-4300,3,1.000000,-0.004395,-0.001038,0.000000
12985407,BNO_GRV,1275,-4000,3,1.000000,-0.004395,-0.001038,0.000000
12994868,BNO_GRV,1276,-4200,3,1.000000,-0.004395,-0.001038,0.000000
13005389,BNO_GRV,1277,-4200,3,1.000000,-0.004395,-0.001038,0.000000
13015263,BNO_GRV,1278,-4500,3,1.000000,-0.004395,-0.001038,0.000000
13025492,BNO_GRV,1279,-4000,3,1.000000,-0.004395,-0.001038,0.000000
13035302,BNO_GRV,1280,-4200,3,1.000000,-0.004395,-0.001038,0.000000
13045875,BNO_GRV,1281,-4300,3,1.000000,-0.004395,-0.001038,0.000000
13056297,BNO_GRV,1282,-4300,3,1.000000,-0.004395,-0.001038,0.000000
13065661,BNO_GRV,1283,-4000,3,1.000000,-0.004395,-0.001038,0.000000
13075107,BNO_GRV,1284,-4200,3,1.000000,-0.004395,-0.001038,0.000000
13085812,BNO_GRV,1285,-4300,3,1.000000,-0.004395,-0.001038,0.000000
13096148,BNO_GRV,1286,-4200,3,1.000000,-0.004395,-0.001038,0.000000
13105616,BNO_GRV,1287,-3600,3,1.000000,-0.004395,-0.001038,0.000000
13115080,BNO_GRV,1288,-4200,3,1.000000,-0.004395,-0.001038,0.000000
13125694,BNO_GRV,1289,-4200,3,1.000000,-0.004395,-0.001038,0.000000
13136485,BNO_GRV,1290,-4500,3,1.000000,-0.004395,-0.001038,0.000000
13145757,BNO_GRV,1291,-3600,3,1.000000,-0.004395,-0.001038,0.000000
13155333,BNO_GRV,1292,-4200,3,1.000000,-0.004395,-0.001038,0.000000
13167236,BNO_GRV,1293,-5400,3,1.000000,-0.004395,-0.001038,0.000000
13176398,BNO_GRV,1294,-4200,3,1.000000,-0.004395,-0.001038,0.000000
13186016,BNO_GRV,1295,-4000,3,1.000000,-0.004395,-0.001038,0.000000
13194950,BNO_GRV,1296,-3800,3,1.000000,-0.004395,-0.001038,0.000000
13205711,BNO_GRV,1297,-4300,3,1.000000,-0.004395,-0.001038,0.000000
13215387,BNO_GRV,1298,-4000,3,1.000000,-0.004395,-0.001038,0.000000
13226489,BNO_GRV,1299,-4500,3,1.000000,-0.004395,-0.001038,0.000000
13235437,BNO_GRV,1300,-4200,3,1.000000,-0.004395,-0.001038,0.000000
13246004,BNO_GRV,1301,-4200,3,1.000000,-0.004395,-0.001038,0.000000
13255483,BNO_GRV,1302,-4200,3,1.000000,-0.004395,-0.001038,0.000000
13266731,BNO_GRV,1303,-4700,3,1.000000,-0.004395,-0.001038,0.000000
13275517,BNO_GRV,1304,-4200,3,1.000000,-0.004395,-0.000977,0.000000
13286122,BNO_GRV,1305,-4300,3,1.000000,-0.004395,-0.000977,0.000000
13295720,BNO_GRV,1306,-4300,3,1.000000,-0.004395,-0.000977,0.000000
13306783,BNO_GRV,1307,-4700,3,1.000000,-0.004395,-0.000977,0.000000
13316260,BNO_GRV,1308,-4700,3,1.000000,-0.004395,-0.000977,0.000000
13325516,BNO_GRV,1309,-4000,3,1.000000,-0.004395,-0.000977,0.000000
13335750,BNO_GRV,1310,-4300,3,1.000000,-0.004395,-0.000977,0.000000
13346087,BNO_GRV,1311,-4000,3,1.000000,-0.004395,-0.000977,0.000000
13355305,BNO_GRV,1312,-3800,3,1.000000,-0.004395,-0.000977,0.000000
13366274,BNO_GRV,1313,-4200,3,1.000000,-0.004395,-0.000977,0.000000
13375761,BNO_GRV,1314,-4200,3,1.000000,-0.004395,-0.000977,0.000000
13386858,BNO_GRV,1315,-4500,3,1.000000,-0.004395,-0.000977,0.000000
13396178,BNO_GRV,1316,-4500,3,1.000000,-0.004395,-0.000977,0.000000
13405752,BNO_GRV,1317,-4200,3,1.000000,-0.004395,-0.000977,0.000000
13417845,BNO_GRV,1318,-5800,3,1.000000,-0.004395,-0.000977,0.000000
13426387,BNO_GRV,1319,-4200,3,1.000000,-0.004395,-0.000977,0.000000
13436684,BNO_GRV,1320,-4700,3,1.000000,-0.004395,-0.000977,0.000000
13445781,BNO_GRV,1321,-4000,3,1.000000,-0.004395,-0.000977,0.000000
13455984,BNO_GRV,1322,-4200,3,1.000000,-0.004395,-0.000977,0.000000
13466490,BNO_GRV,1323,-4200,3,1.000000,-0.004395,-0.000977,0.000000
13476457,BNO_GRV,1324,-4300,3,1.000000,-0.004395,-0.000977,0.000000
13485971,BNO_GRV,1325,-4200,3,1.000000,-0.004395,-0.000977,0.000000
13496228,BNO_GRV,1326,-4200,3,1.000000,-0.004395,-0.000977,0.000000
13506426,BNO_GRV,1327,-4000,3,1.000000,-0.004395,-0.000977,0.000000
13516554,BNO_GRV,1328,-4500,3,1.000000,-0.004395,-0.000977,0.000000
13525983,BNO_GRV,1329,-4200,3,1.000000,-0.004395,-0.000977,0.000000
13536586,BNO_GRV,1330,-4300,3,1.000000,-0.004395,-0.000977,0.000000
13546566,BNO_GRV,1331,-3800,3,1.000000,-0.004395,-0.000977,0.000000
13556404,BNO_GRV,1332,-4300,3,1.000000,-0.004395,-0.000916,0.000000
13566207,BNO_GRV,1333,-4000,3,1.000000,-0.004395,-0.000916,0.000000
13576826,BNO_GRV,1334,-4300,3,1.000000,-0.004395,-0.000916,0.000000
13586770,BNO_GRV,1335,-3600,3,1.000000,-0.004395,-0.000916,0.000000
13596935,BNO_GRV,1336,-4500,3,1.000000,-0.004395,-0.000916,0.000000
13606366,BNO_GRV,1337,-4200,3,1.000000,-0.004395,-0.000916,0.000000
13617108,BNO_GRV,1338,-4300,3,1.000000,-0.004395,-0.000916,0.000000
13627448,BNO_GRV,1339,-4300,3,1.000000,-0.004395,-0.000916,0.000000
13636827,BNO_GRV,1340,-4700,3,1.000000,-0.004395,-0.000916,0.000000
13646336,BNO_GRV,1341,-4200,3,1.000000,-0.004395,-0.000916,0.000000
13656961,BNO_GRV,1342,-4300,3,1.000000,-0.004395,-0.000916,0.000000
13668515,BNO_GRV,1343,-5300,3,1.000000,-0.004395,-0.000916,0.000000
13676845,BNO_GRV,1344,-4300,3,1.000000,-0.004395,-0.000916,0.000000
13686207,BNO_GRV,1345,-4000,3,1.000000,-0.004395,-0.000916,0.000000
13696985,BNO_GRV,1346,-4300,3,1.000000,-0.004395,-0.000916,0.000000
13707267,BNO_GRV,1347,-4300,3,1.000000,-0.004395,-0.000916,0.000000
13717256,BNO_GRV,1348,-4300,3,1.000000,-0.004395,-0.000916,0.000000
13726662,BNO_GRV,1349,-4000,3,1.000000,-0.004395,-0.000916,0.000000
13737125,BNO_GRV,1350,-4300,3,1.000000,-0.004395,-0.000916,0.000000
13747416,BNO_GRV,1351,-4000,3,1.000000,-0.004395,-0.000916,0.000000
13757142,BNO_GRV,1352,-4300,3,1.000000,-0.004395,-0.000916,0.000000
13766513,BNO_GRV,1353,-4200,3,1.000000,-0.004395,-0.000916,0.000000
13777152,BNO_GRV,1354,-4300,3,1.000000,-0.004395,-0.000916,0.000000
13787618,BNO_GRV,1355,-4300,3,1.000000,-0.004395,-0.000916,0.000000
13797049,BNO_GRV,1356,-4200,3,1.000000,-0.004395,-0.000916,0.000000
13806490,BNO_GRV,1357,-4200,3,1.000000,-0.004395,-0.000916,0.000000
13817269,BNO_GRV,1358,-4300,3,1.000000,-0.004395,-0.000916,0.000000
13827773,BNO_GRV,1359,-4300,3,1.000000,-0.004395,-0.000916,0.000000
13837332,BNO_GRV,1360,-4300,3,1.000000,-0.004395,-0.000916,0.000000
13846769,BNO_GRV,1361,-4300,3,1.000000,-0.004395,-0.000916,0.000000
13857443,BNO_GRV,1362,-4300,3,1.000000,-0.004395,-0.000916,0.000000
13867811,BNO_GRV,1363,-4200,3,1.000000,-0.004395,-0.000916,0.000000
13877238,BNO_GRV,1364,-4000,3,1.000000,-0.004395,-0.000916,0.000000
13886860,BNO_GRV,1365,-4200,3,1.000000,-0.004395,-0.000916,0.000000
13897364,BNO_GRV,1366,-4300,3,1.000000,-0.004395,-0.000916,0.000000
13907812,BNO_GRV,1367,-4300,3,1.000000,-0.004395,-0.000916,0.000000
13918543,BNO_GRV,1368,-5300,3,1.000000,-0.004395,-0.000916,0.000000
13927176,BNO_GRV,1369,-3800,3,1.000000,-0.004395,-0.000916,0.000000
13936892,BNO_GRV,1370,-4200,3,1.000000,-0.004395,-0.000916,0.000000
13947466,BNO_GRV,1371,-4700,3,1.000000,-0.004395,-0.000916,0.000000
13957811,BNO_GRV,1372,-4300,3,1.000000,-0.004395,-0.000916,0.000000
13967078,BNO_GRV,1373,-4200,3,1.000000,-0.004395,-0.000916,0.000000
13977654,BNO_GRV,1374,-4200,3,1.000000,-0.004395,-0.000916,0.000000
13988053,BNO_GRV,1375,-4300,3,1.000000,-0.004395,-0.000916,0.000000
13997384,BNO_GRV,1376,-3600,3,1.000000,-0.004395,-0.000916,0.000000
14006858,BNO_GRV,1377,-4000,3,1.000000,-0.004395,-0.000916,0.000000
14017470,BNO_GRV,1378,-4200,3,1.000000,-0.004395,-0.000916,0.000000
14027127,BNO_GRV,1379,-4200,3,1.000000,-0.004395,-0.000916,0.000000
14038293,BNO_GRV,1380,-4500,3,1.000000,-0.004395,-0.000916,0.000000
14047199,BNO_GRV,1381,-4200,3,1.000000,-0.004395,-0.000916,0.000061
14057777,BNO_GRV,1382,-4300,3,1.000000,-0.004395,-0.000916,0.000061
14068289,BNO_GRV,1383,-4300,3,1.000000,-0.004395,-0.000977,0.000061
14077681,BNO_GRV,1384,-3800,3,1.000000,-0.004395,-0.000977,0.000061
14086810,BNO_GRV,1385,-3800,3,1.000000,-0.004395,-0.000977,0.000061
14097670,BNO_GRV,1386,-4200,3,1.000000,-0.004395,-0.000977,0.000061
14108516,BNO_GRV,1387,-4500,3,1.000000,-0.004395,-0.000977,0.000061
14117845,BNO_GRV,1388,-3600,3,1.000000,-0.004395,-0.000977,0.000061
14126781,BNO_GRV,1389,-3600,3,1.000000,-0.004395,-0.000977,0.000061
14137689,BNO_GRV,1390,-4300,3,1.000000,-0.004395,-0.000977,0.000061
14147324,BNO_GRV,1391,-4000,3,1.000000,-0.004395,-0.000977,0.000061
14158504,BNO_GRV,1392,-4500,3,1.000000,-0.004395,-0.000977,0.000061
14168776,BNO_GRV,1393,-5600,3,1.000000,-0.004395,-0.000977,0.000061
14177442,BNO_GRV,1394,-4000,3,1.000000,-0.004395,-0.000977,0.000061
14187710,BNO_GRV,1395,-4300,3,1.000000,-0.004395,-0.000977,0.000061
14198284,BNO_GRV,1396,-4300,3,1.000000,-0.004395,-0.000977,0.000061
14207847,BNO_GRV,1397,-4500,3,1.000000,-0.004395,-0.000977,0.000061
14217523,BNO_GRV,1398,-4300,3,1.000000,-0.004395,-0.000977,0.000061
14227594,BNO_GRV,1399,-4300,3,1.000000,-0.004395,-0.000977,0.000061
14238003,BNO_GRV,1400,-4300,3,1.000000,-0.004395,-0.000977,0.000061
14247607,BNO_GRV,1401,-4200,3,1.000000,-0.004395,-0.000977,0.000061
14258297,BNO_GRV,1402,-4300,3,1.000000,-0.004395,-0.000977,0.000000
14267439,BNO_GRV,1403,-4000,3,1.000000,-0.004395,-0.000977,0.000000
14278658,BNO_GRV,1404,-4700,3,1.000000,-0.004395,-0.000977,0.000000
14288123,BNO_GRV,1405,-4500,3,1.000000,-0.004395,-0.000977,0.000000
14297678,BNO_GRV,1406,-4200,3,1.000000,-0.004395,-0.001038,0.000000
14307951,BNO_GRV,1407,-4300,3,1.000000,-0.004395,-0.001038,0.000000
14318285,BNO_GRV,1408,-4000,3,1.000000,-0.004395,-0.001038,0.000000
14327303,BNO_GRV,1409,-3800,3,1.000000,-0.004395,-0.001038,0.000000
14338296,BNO_GRV,1410,-4200,3,1.000000,-0.004395,-0.001038,0.000061
14347914,BNO_GRV,1411,-4300,3,1.000000,-0.004395,-0.001038,0.000061
14358238,BNO_GRV,1412,-4200,3,1.000000,-0.004395,-0.001038,0.000061
14368277,BNO_GRV,1413,-4300,3,1.000000,-0.004395,-0.001038,0.000000
14377777,BNO_GRV,1414,-4000,3,1.000000,-0.004456,-0.001038,0.000000
14388211,BNO_GRV,1415,-4300,3,1.000000,-0.004456,-0.001038,0.000000
14398270,BNO_GRV,1416,-3800,3,1.000000,-0.004456,-0.001038,0.000000
14408272,BNO_GRV,1417,-4300,3,1.000000,-0.004456,-0.001038,0.000000
14419023,BNO_GRV,1418,-5300,3,1.000000,-0.004456,-0.001038,0.000000
14428043,BNO_GRV,1419,-4300,3,1.000000,-0.004456,-0.001038,0.000000
14438611,BNO_GRV,1420,-4300,3,1.000000,-0.004456,-0.001038,0.000000
14448751,BNO_GRV,1421,-4500,3,1.000000,-0.004456,-0.001038,0.000000
14457947,BNO_GRV,1422,-4200,3,1.000000,-0.004456,-0.001038,0.000000
14468501,BNO_GRV,1423,-4300,3,1.000000,-0.004456,-0.001038,0.000000
14478520,BNO_GRV,1424,-3800,3,1.000000,-0.004456,-0.001038,0.000000
14488658,BNO_GRV,1425,-4500,3,1.000000,-0.004456,-0.001038,0.000000
14498141,BNO_GRV,1426,-4200,3,1.000000,-0.004456,-0.001038,0.000000
14508670,BNO_GRV,1427,-4300,3,1.000000,-0.004456,-0.001038,0.000000
14518687,BNO_GRV,1428,-3800,3,1.000000,-0.004456,-0.001038,0.000000
14528894,BNO_GRV,1429,-4500,3,1.000000,-0.004517,-0.001038,0.000000
14538135,BNO_GRV,1430,-4200,3,1.000000,-0.004517,-0.001038,0.000000
14548713,BNO_GRV,1431,-4300,3,1.000000,-0.004517,-0.001038,0.000000
14558986,BNO_GRV,1432,-4200,3,1.000000,-0.004517,-0.001038,0.000061
14569020,BNO_GRV,1433,-4300,3,1.000000,-0.004517,-0.001038,0.000061
14578524,BNO_GRV,1434,-4000,3,1.000000,-0.004517,-0.001038,0.000000
14588936,BNO_GRV,1435,-4300,3,1.000000,-0.004517,-0.001038,0.000000
14598793,BNO_GRV,1436,-3400,3,1.000000,-0.004517,-0.001038,0.000000
14608873,BNO_GRV,1437,-4500,3,1.000000,-0.004517,-0.001099,0.000000
14618417,BNO_GRV,1438,-4200,3,1.000000,-0.004517,-0.001099,0.000000
14628950,BNO_GRV,1439,-4200,3,1.000000,-0.004517,-0.001099,0.000000
14639270,BNO_GRV,1440,-4000,3,1.000000,-0.004517,-0.001099,0.000000
14649412,BNO_GRV,1441,-4500,3,1.000000,-0.004517,-0.001099,0.000000
14658372,BNO_GRV,1442,-4200,3,1.000000,-0.004517,-0.001099,0.000000
14670534,BNO_GRV,1443,-6000,3,1.000000,-0.004517,-0.001099,0.000000
14679170,BNO_GRV,1444,-3800,3,1.000000,-0.004517,-0.001099,0.000000
14689225,BNO_GRV,1445,-4700,3,1.000000,-0.004517,-0.001099,0.000000
14698532,BNO_GRV,1446,-4200,3,1.000000,-0.004517,-0.001099,0.000000
14709115,BNO_GRV,1447,-4300,3,1.000000,-0.004517,-0.001099,0.000000
14719493,BNO_GRV,1448,-4000,3,1.000000,-0.004517,-0.001099,0.000000
14729479,BNO_GRV,1449,-4300,3,1.000000,-0.004517,-0.001099,0.000000
14739086,BNO_GRV,1450,-4200,3,1.000000,-0.004517,-0.001099,0.000000
14748548,BNO_GRV,1451,-4000,3,1.000000,-0.004517,-0.001099,0.000000
14758946,BNO_GRV,1452,-4500,3,1.000000,-0.004517,-0.001099,0.000000
14769299,BNO_GRV,1453,-4500,3,1.000000,-0.004517,-0.001099,0.000000
14778660,BNO_GRV,1454,-4200,3,1.000000,-0.004517,-0.001099,0.000000
14789243,BNO_GRV,1455,-4300,3,1.000000,-0.004517,-0.001099,0.000000
14799618,BNO_GRV,1456,-4000,3,1.000000,-0.004517,-0.001099,0.000000
14809776,BNO_GRV,1457,-4500,3,1.000000,-0.004517,-0.001099,0.000000
14818832,BNO_GRV,1458,-4300,3,1.000000,-0.004517,-0.001099,0.000000
14829497,BNO_GRV,1459,-4200,3,1.000000,-0.004517,-0.001099,0.000000
14839925,BNO_GRV,1460,-4200,3,1.000000,-0.004517,-0.001099,0.000000
14849117,BNO_GRV,1461,-4000,3,1.000000,-0.004517,-0.001099,0.000000
14858879,BNO_GRV,1462,-4200,3,1.000000,-0.004517,-0.001099,0.000000
14869371,BNO_GRV,1463,-4300,3,1.000000,-0.004517,-0.001099,0.000000
14879821,BNO_GRV,1464,-4300,3,1.000000,-0.004517,-0.001099,0.000000
14889969,BNO_GRV,1465,-4300,3,1.000000,-0.004517,-0.001099,0.000000
14898855,BNO_GRV,1466,-4200,3,1.000000,-0.004517,-0.001099,0.000000
14909442,BNO_GRV,1467,-4300,3,1.000000,-0.004517,-0.001099,0.000000
14921255,BNO_GRV,1468,-5400,3,1.000000,-0.004517,-0.001099,0.000000
14929541,BNO_GRV,1469,-3800,3,1.000000,-0.004517,-0.001099,0.000000
14938517,BNO_GRV,1470,-3800,3,1.000000,-0.004517,-0.001099,0.000000
14949183,BNO_GRV,1471,-4200,3,1.000000,-0.004517,-0.001099,0.000000
14959114,BNO_GRV,1472,-4200,3,1.000000,-0.004517,-0.001099,0.000000
14969439,BNO_GRV,1473,-4200,3,1.000000,-0.004517,-0.001099,0.000000
14978978,BNO_GRV,1474,-4000,3,1.000000,-0.004517,-0.001099,0.000000
14989652,BNO_GRV,1475,-4200,3,1.000000,-0.004517,-0.001099,0.000000
14999187,BNO_GRV,1476,-4200,3,1.000000,-0.004456,-0.001099,0.000000
15009451,BNO_GRV,1477,-4000,3,1.000000,-0.004456,-0.001099,0.000000
15019169,BNO_GRV,1478,-4200,3,1.000000,-0.004456,-0.001099,0.000000
15029632,BNO_GRV,1479,-4200,3,1.000000,-0.004456,-0.001099,0.000000
15040436,BNO_GRV,1480,-4500,3,1.000000,-0.004456,-0.001099,0.000000
15049867,BNO_GRV,1481,-3800,3,1.000000,-0.004456,-0.001099,0.000000
15058799,BNO_GRV,1482,-3800,3,1.000000,-0.004456,-0.001099,0.000000
15069674,BNO_GRV,1483,-4200,3,1.000000,-0.004456,-0.001099,0.000000
15079397,BNO_GRV,1484,-4300,3,1.000000,-0.004456,-0.001099,0.000000
15090794,BNO_GRV,1485,-5100,3,1.000000,-0.004456,-0.001099,0.000000
15099321,BNO_GRV,1486,-4200,3,1.000000,-0.004456,-0.001099,0.000000
15109974,BNO_GRV,1487,-4300,3,1.000000,-0.004456,-0.001099,0.000000
15119444,BNO_GRV,1488,-4300,3,1.000000,-0.004456,-0.001099,0.000000
15130168,BNO_GRV,1489,-4300,3,1.000000,-0.004456,-0.001099,0.000000
15139690,BNO_GRV,1490,-4500,3,1.000000,-0.004456,-0.001038,0.000000
15150267,BNO_GRV,1491,-4200,3,1.000000,-0.004456,-0.001038,0.000000
15159452,BNO_GRV,1492,-4200,3,1.000000,-0.004456,-0.001038,0.000000
15171767,BNO_GRV,1493,-5800,3,1.000000,-0.004456,-0.001038,0.000000
15179317,BNO_GRV,1494,-4000,3,1.000000,-0.004456,-0.001038,0.000000
15190089,BNO_GRV,1495,-4200,3,1.000000,-0.004456,-0.001038,0.000000
15200711,BNO_GRV,1496,-4500,3,1.000000,-0.004456,-0.001038,0.000000
15210151,BNO_GRV,1497,-3600,3,1.000000,-0.004456,-0.001038,0.000000
15219158,BNO_GRV,1498,-3800,3,1.000000,-0.004456,-0.001038,0.000000
15230164,BNO_GRV,1499,-4200,3,1.000000,-0.004456,-0.001038,0.000000
15239590,BNO_GRV,1500,-4000,3,1.000000,-0.004456,-0.001038,0.000000
15250811,BNO_GRV,1501,-4500,3,1.000000,-0.004456,-0.001038,0.000000
15260232,BNO_GRV,1502,-4700,3,1.000000,-0.004456,-0.001038,0.000000
15269816,BNO_GRV,1503,-4200,3,1.000000,-0.004456,-0.001038,0.000000
15280139,BNO_GRV,1504,-4300,3,1.000000,-0.004456,-0.001038,0.000000
15290232,BNO_GRV,1505,-3800,3,1.000000,-0.004456,-0.001038,0.000000
15300463,BNO_GRV,1506,-4500,3,1.000000,-0.004456,-0.001038,0.000000
15309790,BNO_GRV,1507,-4200,3,1.000000,-0.004456,-0.001038,0.000000
15320234,BNO_GRV,1508,-4200,3,1.000000,-0.004456,-0.001038,0.000000
15330309,BNO_GRV,1509,-4000,3,1.000000,-0.004456,-0.001038,0.000000
15340531,BNO_GRV,1510,-4500,3,1.000000,-0.004456,-0.001038,0.000000
15350032,BNO_GRV,1511,-4300,3,1.000000,-0.004456,-0.001038,0.000000
15360322,BNO_GRV,1512,-4300,3,1.000000,-0.004456,-0.001038,0.000000
15370653,BNO_GRV,1513,-4200,3,1.000000,-0.004456,-0.001038,0.000000
15380771,BNO_GRV,1514,-4500,3,1.000000,-0.004456,-0.001038,0.000000
15390057,BNO_GRV,1515,-4000,3,1.000000,-0.004456,-0.001038,0.000000
15400547,BNO_GRV,1516,-4200,3,1.000000,-0.004456,-0.001038,0.000000
15410485,BNO_GRV,1517,-3600,3,1.000000,-0.004456,-0.001038,0.000000
15421825,BNO_GRV,1518,-5400,3,1.000000,-0.004456,-0.001038,0.000000
15430321,BNO_GRV,1519,-4000,3,1.000000,-0.004456,-0.001038,0.000000
15440041,BNO_GRV,1520,-4200,3,1.000000,-0.004456,-0.001038,0.000000
15451063,BNO_GRV,1521,-4700,3,1.000000,-0.004456,-0.001038,0.000000
15460541,BNO_GRV,1522,-4300,3,1.000000,-0.004456,-0.001038,0.000000
15470005,BNO_GRV,1523,-4200,3,1.000000,-0.004456,-0.001038,0.000000
15480639,BNO_GRV,1524,-4200,3,1.000000,-0.004456,-0.001038,0.000000
15490904,BNO_GRV,1525,-4200,3,1.000000,-0.004456,-0.001038,0.000000
15500808,BNO_GRV,1526,-4300,3,1.000000,-0.004456,-0.001038,0.000000
15510376,BNO_GRV,1527,-4200,3,1.000000,-0.004456,-0.001038,0.000000
15521001,BNO_GRV,1528,-4300,3,1.000000,-0.004456,-0.001038,0.000000
15531246,BNO_GRV,1529,-4200,3,1.000000,-0.004456,-0.001038,0.000000
15540731,BNO_GRV,1530,-4200,3,1.000000,-0.004456,-0.001038,0.000000
15550108,BNO_GRV,1531,-4000,3,1.000000,-0.004456,-0.001099,0.000000
15560775,BNO_GRV,1532,-4300,3,1.000000,-0.004456,-0.001099,0.000000
15571134,BNO_GRV,1533,-4200,3,1.000000,-0.004456,-0.001099,0.000000
15581097,BNO_GRV,1534,-4300,3,1.000000,-0.004456,-0.001099,0.000000
15590584,BNO_GRV,1535,-4300,3,1.000000,-0.004456,-0.001099,0.000000
15600400,BNO_GRV,1536,-4200,3,1.000000,-0.004456,-0.001099,0.000000
15611103,BNO_GRV,1537,-4300,3,1.000000,-0.004456,-0.001099,0.000000
15621420,BNO_GRV,1538,-4700,3,1.000000,-0.004456,-0.001099,0.000000
15630564,BNO_GRV,1539,-4000,3,1.000000,-0.004456,-0.001099,0.000000
15641182,BNO_GRV,1540,-4300,3,1.000000,-0.004456,-0.001099,0.000000
15651603,BNO_GRV,1541,-4300,3,1.000000,-0.004456,-0.001099,0.000000
15660858,BNO_GRV,1542,-3800,3,1.000000,-0.004456,-0.001099,0.000000
15671906,BNO_GRV,1543,-5400,3,1.000000,-0.004456,-0.001099,0.000000
15680808,BNO_GRV,1544,-4000,3,1.000000,-0.004456,-0.001099,0.000000
15690793,BNO_GRV,1545,-4300,3,1.000000,-0.004456,-0.001099,0.000000
15700931,BNO_GRV,1546,-4200,3,1.000000,-0.004456,-0.001099,0.000000
15710478,BNO_GRV,1547,-4000,3,1.000000,-0.004456,-0.001099,0.000000
15720926,BNO_GRV,1548,-4300,3,1.000000,-0.004456,-0.001099,0.000000
15730862,BNO_GRV,1549,-4300,3,1.000000,-0.004395,-0.001099,0.000000
15740985,BNO_GRV,1550,-4200,3,1.000000,-0.004395,-0.001099,0.000000
15750573,BNO_GRV,1551,-4000,3,1.000000,-0.004395,-0.001099,0.000000
15761097,BNO_GRV,1552,-4200,3,1.000000,-0.004395,-0.001099,0.000000
15771794,BNO_GRV,1553,-4300,3,1.000000,-0.004395,-0.001099,0.000000
15781129,BNO_GRV,1554,-3600,3,1.000000,-0.004395,-0.001099,0.000000
15790717,BNO_GRV,1555,-4000,3,1.000000,-0.004395,-0.001099,0.000000
15801395,BNO_GRV,1556,-4300,3,1.000000,-0.004395,-0.001099,0.000000
15810840,BNO_GRV,1557,-4200,3,1.000000,-0.004395,-0.001099,0.000000
15821389,BNO_GRV,1558,-4200,3,1.000000,-0.004395,-0.001099,0.000000
15830337,BNO_GRV,1559,-3600,3,1.000000,-0.004395,-0.001099,0.000000
15841146,BNO_GRV,1560,-4300,3,1.000000,-0.004395,-0.001099,0.000000
15850911,BNO_GRV,1561,-4200,3,1.000000,-0.004395,-0.001099,0.000000
15862047,BNO_GRV,1562,-4500,3,1.000000,-0.004395,-0.001099,0.000000
15871013,BNO_GRV,1563,-4200,3,1.000000,-0.004395,-0.001099,0.000000
15881656,BNO_GRV,1564,-4200,3,1.000000,-0.004395,-0.001099,0.000000
15891073,BNO_GRV,1565,-4200,3,1.000000,-0.004395,-0.001099,0.000000
15901449,BNO_GRV,1566,-4300,3,1.000000,-0.004395,-0.001099,0.000000
15910935,BNO_GRV,1567,-4200,3,1.000000,-0.004395,-0.001099,0.000000
15922880,BNO_GRV,1568,-5400,3,1.000000,-0.004395,-0.001099,0.000000
15931339,BNO_GRV,1569,-4000,3,1.000000,-0.004395,-0.001099,0.000000
15941657,BNO_GRV,1570,-4000,3,1.000000,-0.004395,-0.001099,0.000000
15950609,BNO_GRV,1571,-3600,3,1.000000,-0.004395,-0.001099,0.000000
15961562,BNO_GRV,1572,-4200,3,1.000000,-0.004395,-0.001099,0.000000
15971148,BNO_GRV,1573,-4200,3,1.000000,-0.004395,-0.001099,0.000000
15981621,BNO_GRV,1574,-4300,3,1.000000,-0.004395,-0.001099,0.000000
15990888,BNO_GRV,1575,-3800,3,1.000000,-0.004395,-0.001038,0.000000
16001839,BNO_GRV,1576,-4300,3,1.000000,-0.004395,-0.001038,0.000000
16011187,BNO_GRV,1577,-4000,3,1.000000,-0.004395,-0.001038,0.000000
16022357,BNO_GRV,1578,-4700,3,1.000000,-0.004395,-0.001038,0.000000
16031668,BNO_GRV,1579,-4700,3,1.000000,-0.004395,-0.001038,0.000000
16041302,BNO_GRV,1580,-4200,3,1.000000,-0.004395,-0.001038,0.000000
16051457,BNO_GRV,1581,-4300,3,1.000000,-0.004395,-0.001038,0.000000
16061748,BNO_GRV,1582,-4200,3,1.000000,-0.004395,-0.001038,0.000000
16071730,BNO_GRV,1583,-4300,3,1.000000,-0.004395,-0.001038,0.000000
16081312,BNO_GRV,1584,-4200,3,1.000000,-0.004395,-0.001038,0.000000
16091574,BNO_GRV,1585,-4300,3,1.000000,-0.004395,-0.001038,0.000000
16101913,BNO_GRV,1586,-4200,3,1.000000,-0.004395,-0.001038,0.000000
16111956,BNO_GRV,1587,-4500,3,1.000000,-0.004395,-0.001038,0.000000
16121613,BNO_GRV,1588,-4200,3,1.000000,-0.004395,-0.001038,0.000000
16131806,BNO_GRV,1589,-4200,3,1.000000,-0.004395,-0.001038,0.000000
16142000,BNO_GRV,1590,-4000,3,1.000000,-0.004395,-0.001038,0.000000
16152195,BNO_GRV,1591,-4500,3,1.000000,-0.004395,-0.001038,0.000000
16161566,BNO_GRV,1592,-4200,3,1.000000,-0.004395,-0.001038,0.000000
16173940,BNO_GRV,1593,-6200,3,1.000000,-0.004395,-0.001038,0.000000
16182065,BNO_GRV,1594,-3800,3,1.000000,-0.004395,-0.001038,0.000000
16192245,BNO_GRV,1595,-4500,3,1.000000,-0.004395,-0.001038,0.000000
16201556,BNO_GRV,1596,-4200,3,1.000000,-0.004395,-0.001038,0.000000
16212055,BNO_GRV,1597,-4200,3,1.000000,-0.004395,-0.001038,0.000000
16222452,BNO_GRV,1598,-4200,3,1.000000,-0.004395,-0.001038,0.000000
16232460,BNO_GRV,1599,-4300,3,1.000000,-0.004395,-0.001038,0.000000
16241947,BNO_GRV,1600,-4200,3,1.000000,-0.004395,-0.001038,0.000000
16252539,BNO_GRV,1601,-4200,3,1.000000,-0.004395,-0.001038,0.000000
16262193,BNO_GRV,1602,-3400,3,1.000000,-0.004395,-0.001038,0.000000
16272181,BNO_GRV,1603,-4300,3,1.000000,-0.004395,-0.001038,0.000000
16281771,BNO_GRV,1604,-4200,3,1.000000,-0.004395,-0.001038,0.000000
16292448,BNO_GRV,1605,-4200,3,1.000000,-0.004395,-0.001038,0.000000
16302806,BNO_GRV,1606,-4200,3,1.000000,-0.004395,-0.001038,0.000000
16312220,BNO_GRV,1607,-4300,3,1.000000,-0.004395,-0.001038,0.000000
16321867,BNO_GRV,1608,-4000,3,1.000000,-0.004395,-0.001038,0.000000
16332550,BNO_GRV,1609,-4200,3,1.000000,-0.004395,-0.001038,0.000000
16342856,BNO_GRV,1610,-4200,3,1.000000,-0.004395,-0.001038,0.000000
16352638,BNO_GRV,1611,-4200,3,1.000000,-0.004395,-0.001038,0.000000
16361989,BNO_GRV,1612,-4200,3,1.000000,-0.004395,-0.001038,0.000000
16372741,BNO_GRV,1613,-4300,3,1.000000,-0.004395,-0.001038,0.000000
16383020,BNO_GRV,1614,-4200,3,1.000000,-0.004395,-0.001038,0.000000
16392572,BNO_GRV,1615,-4300,3,1.000000,-0.004395,-0.001038,0.000000
16401891,BNO_GRV,1616,-4000,3,1.000000,-0.004395,-0.001038,0.000000
16412592,BNO_GRV,1617,-4200,3,1.000000,-0.004395,-0.001038,0.000000
16424302,BNO_GRV,1618,-5400,3,1.000000,-0.004395,-0.001099,0.000000
16432304,BNO_GRV,1619,-4000,3,1.000000,-0.004395,-0.001099,0.000000
16442266,BNO_GRV,1620,-4200,3,1.000000,-0.004395,-0.001099,0.000000
16453040,BNO_GRV,1621,-4300,3,1.000000,-0.004395,-0.001099,0.000000
16463332,BNO_GRV,1622,-4200,3,1.000000,-0.004395,-0.001099,0.000000
16472847,BNO_GRV,1623,-4000,3,1.000000,-0.004395,-0.001099,0.000000
16482403,BNO_GRV,1624,-4300,3,1.000000,-0.004395,-0.001099,0.000000
16492244,BNO_GRV,1625,-4200,3,1.000000,-0.004395,-0.001099,0.000000
16502564,BNO_GRV,1626,-4500,3,1.000000,-0.004395,-0.001099,0.000000
16512719,BNO_GRV,1627,-4200,3,1.000000,-0.004395,-0.001099,0.000000
16522224,BNO_GRV,1628,-4200,3,1.000000,-0.004395,-0.001099,0.000000
16532951,BNO_GRV,1629,-4200,3,1.000000,-0.004395,-0.001099,0.000000
16543442,BNO_GRV,1630,-4300,3,1.000000,-0.004395,-0.001099,0.000000
16552708,BNO_GRV,1631,-3800,3,1.000000,-0.004395,-0.001099,0.000000
16562237,BNO_GRV,1632,-4000,3,1.000000,-0.004395,-0.001099,0.000000
16572902,BNO_GRV,1633,-4200,3,1.000000,-0.004395,-0.001099,0.000000
16582657,BNO_GRV,1634,-4300,3,1.000000,-0.004395,-0.001099,0.000000
16592953,BNO_GRV,1635,-4300,3,1.000000,-0.004395,-0.001099,0.000000
16602087,BNO_GRV,1636,-3800,3,1.000000,-0.004395,-0.001099,0.000000
16612771,BNO_GRV,1637,-4200,3,1.000000,-0.004395,-0.001099,0.000000
16622540,BNO_GRV,1638,-4200,3,1.000000,-0.004395,-0.001099,0.000000
16633634,BNO_GRV,1639,-4700,3,1.000000,-0.004395,-0.001099,0.000000
16642598,BNO_GRV,1640,-4200,3,1.000000,-0.004395,-0.001099,0.000000
16653209,BNO_GRV,1641,-4200,3,1.000000,-0.004395,-0.001099,0.000000
16662673,BNO_GRV,1642,-4200,3,1.000000,-0.004395,-0.001099,0.000000
16674661,BNO_GRV,1643,-5800,3,1.000000,-0.004395,-0.001099,0.000000
16682568,BNO_GRV,1644,-4200,3,1.000000,-0.004395,-0.001099,0.000000
16693196,BNO_GRV,1645,-4200,3,1.000000,-0.004395,-0.001099,0.000000
16702783,BNO_GRV,1646,-4300,3,1.000000,-0.004395,-0.001099,0.000000
16713200,BNO_GRV,1647,-4200,3,1.000000,-0.004395,-0.001099,0.000000
16722725,BNO_GRV,1648,-4200,3,1.000000,-0.004395,-0.001099,0.000000
16733467,BNO_GRV,1649,-4200,3,1.000000,-0.004395,-0.001099,0.000000
16742776,BNO_GRV,1650,-4200,3,1.000000,-0.004395,-0.001099,0.000000
16753132,BNO_GRV,1651,-4000,3,1.000000,-0.004395,-0.001099,0.000000
16762571,BNO_GRV,1652,-4000,3,1.000000,-0.004395,-0.001038,0.000000
16773319,BNO_GRV,1653,-4200,3,1.000000,-0.004395,-0.001038,0.000000
16782884,BNO_GRV,1654,-4200,3,1.000000,-0.004395,-0.001038,0.000000
16793360,BNO_GRV,1655,-4300,3,1.000000,-0.004395,-0.001038,0.000000
16802802,BNO_GRV,1656,-4000,3,1.000000,-0.004395,-0.001038,0.000000
16813507,BNO_GRV,1657,-4200,3,1.000000,-0.004395,-0.001038,0.000000
16822856,BNO_GRV,1658,-4000,3,1.000000,-0.004395,-0.001038,0.000000
16833391,BNO_GRV,1659,-4300,3,1.000000,-0.004395,-0.001038,0.000000
16842504,BNO_GRV,1660,-3800,3,1.000000,-0.004395,-0.001038,0.000000
16853368,BNO_GRV,1661,-4200,3,1.000000,-0.004395,-0.001038,0.000000
16863064,BNO_GRV,1662,-4200,3,1.000000,-0.004395,-0.001038,0.000000
16873583,BNO_GRV,1663,-4300,3,1.000000,-0.004395,-0.001038,0.000000
16882755,BNO_GRV,1664,-3800,3,1.000000,-0.004395,-0.001038,0.000000
16893734,BNO_GRV,1665,-4200,3,1.000000,-0.004395,-0.001038,0.000000
16902992,BNO_GRV,1666,-4200,3,1.000000,-0.004395,-0.001038,0.000000
16914164,BNO_GRV,1667,-4700,3,1.000000,-0.004395,-0.001038,0.000000
16924870,BNO_GRV,1668,-6000,3,1.000000,-0.004395,-0.001038,0.000000
16933554,BNO_GRV,1669,-4000,3,1.000000,-0.004395,-0.001038,0.000000
16943074,BNO_GRV,1670,-4000,3,1.000000,-0.004395,-0.001038,0.000000
16954376,BNO_GRV,1671,-4700,3,1.000000,-0.004395,-0.001038,0.000000
16963928,BNO_GRV,1672,-4700,3,1.000000,-0.004395,-0.000977,0.000000
16973243,BNO_GRV,1673,-4000,3,1.000000,-0.004395,-0.000977,0.000000
16983841,BNO_GRV,1674,-4300,3,1.000000,-0.004395,-0.000977,0.000000
16993892,BNO_GRV,1675,-3800,3,1.000000,-0.004395,-0.000977,0.000000
17004090,BNO_GRV,1676,-4500,3,1.000000,-0.004395,-0.000977,0.000000
17013381,BNO_GRV,1677,-4300,3,1.000000,-0.004395,-0.000977,0.000000
17023924,BNO_GRV,1678,-4300,3,1.000000,-0.004395,-0.000977,0.000000
17033916,BNO_GRV,1679,-3800,3,1.000000,-0.004395,-0.000977,0.000000
17044103,BNO_GRV,1680,-4500,3,1.000000,-0.004395,-0.000977,0.000000
17053452,BNO_GRV,1681,-4200,3,1.000000,-0.004395,-0.000977,0.000000
17064034,BNO_GRV,1682,-4300,3,1.000000,-0.004395,-0.000977,0.000000
17073940,BNO_GRV,1683,-3800,3,1.000000,-0.004395,-0.000977,0.000000
17084127,BNO_GRV,1684,-4500,3,1.000000,-0.004395,-0.000977,0.000000
17093536,BNO_GRV,1685,-4200,3,1.000000,-0.004395,-0.000977,0.000000
17104264,BNO_GRV,1686,-4300,3,1.000000,-0.004395,-0.000977,0.000000
17114449,BNO_GRV,1687,-4300,3,1.000000,-0.004395,-0.000977,0.000000
17124601,BNO_GRV,1688,-4300,3,1.000000,-0.004395,-0.000977,0.000000
17134078,BNO_GRV,1689,-4200,3,1.000000,-0.004395,-0.000977,0.000000
17144521,BNO_GRV,1690,-4300,3,1.000000,-0.004395,-0.000977,0.000000
17154121,BNO_GRV,1691,-3600,3,1.000000,-0.004395,-0.000977,0.000000
17164285,BNO_GRV,1692,-4500,3,1.000000,-0.004395,-0.000977,0.000000
17174932,BNO_GRV,1693,-5400,3,1.000000,-0.004395,-0.000977,0.000000
17183575,BNO_GRV,1694,-4000,3,1.000000,-0.004395,-0.000977,0.000000
17195104,BNO_GRV,1695,-4900,3,1.000000,-0.004395,-0.000977,0.000061
17204411,BNO_GRV,1696,-4500,3,1.000000,-0.004395,-0.000977,0.000061
17213843,BNO_GRV,1697,-4200,3,1.000000,-0.004395,-0.000977,0.000061
17224541,BNO_GRV,1698,-4200,3,1.000000,-0.004395,-0.000977,0.000061
17234860,BNO_GRV,1699,-4200,3,1.000000,-0.004395,-0.000977,0.000061
17244130,BNO_GRV,1700,-4200,3,1.000000,-0.004395,-0.000977,0.000061
17253684,BNO_GRV,1701,-4000,3,1.000000,-0.004395,-0.000977,0.000061
17264398,BNO_GRV,1702,-4300,3,1.000000,-0.004395,-0.000977,0.000061
17274858,BNO_GRV,1703,-4300,3,1.000000,-0.004395,-0.000977,0.000061
17284375,BNO_GRV,1704,-4000,3,1.000000,-0.004395,-0.001038,0.000061
17293985,BNO_GRV,1705,-4200,3,1.000000,-0.004395,-0.001038,0.000061
17304737,BNO_GRV,1706,-4300,3,1.000000,-0.004395,-0.001038,0.000061
17315076,BNO_GRV,1707,-4200,3,1.000000,-0.004395,-0.001038,0.000061
17324384,BNO_GRV,1708,-4000,3,1.000000,-0.004395,-0.001038,0.000061
17333852,BNO_GRV,1709,-4000,3,1.000000,-0.004395,-0.001038,0.000061
17344432,BNO_GRV,1710,-4300,3,1.000000,-0.004395,-0.001038,0.000061
17354890,BNO_GRV,1711,-4300,3,1.000000,-0.004395,-0.001038,0.000061
17365029,BNO_GRV,1712,-4500,3,1.000000,-0.004395,-0.001038,0.000061
17374047,BNO_GRV,1713,-4200,3,1.000000,-0.004395,-0.001038,0.000061
17384684,BNO_GRV,1714,-4300,3,1.000000,-0.004395,-0.001038,0.000061
17395056,BNO_GRV,1715,-4200,3,1.000000,-0.004395,-0.001038,0.000061
17404561,BNO_GRV,1716,-3800,3,1.000000,-0.004395,-0.001038,0.000061
17413971,BNO_GRV,1717,-4000,3,1.000000,-0.004395,-0.001038,0.000061
17425963,BNO_GRV,1718,-5400,3,1.000000,-0.004395,-0.001038,0.000061
17435196,BNO_GRV,1719,-4300,3,1.000000,-0.004395,-0.001038,0.000061
17444935,BNO_GRV,1720,-4200,3,1.000000,-0.004395,-0.001038,0.000061
17453860,BNO_GRV,1721,-3800,3,1.000000,-0.004395,-0.001038,0.000061
17464545,BNO_GRV,1722,-4300,3,1.000000,-0.004395,-0.001038,0.000061
17474314,BNO_GRV,1723,-4200,3,1.000000,-0.004395,-0.001038,0.000061
17484702,BNO_GRV,1724,-4200,3,1.000000,-0.004395,-0.001038,0.000061
17494187,BNO_GRV,1725,-4000,3,1.000000,-0.004395,-0.001038,0.000061
17504916,BNO_GRV,1726,-4300,3,1.000000,-0.004395,-0.001038,0.000061
17514334,BNO_GRV,1727,-4200,3,1.000000,-0.004395,-0.001038,0.000061
17524778,BNO_GRV,1728,-4300,3,1.000000,-0.004395,-0.001038,0.000061
17534200,BNO_GRV,1729,-4000,3,1.000000,-0.004395,-0.001038,0.000061
17544896,BNO_GRV,1730,-4300,3,1.000000,-0.004395,-0.001038,0.000061
17554573,BNO_GRV,1731,-4200,3,1.000000,-0.004395,-0.001038,0.000061
17564998,BNO_GRV,1732,-4300,3,1.000000,-0.004395,-0.001038,0.000061
17574448,BNO_GRV,1733,-4200,3,1.000000,-0.004395,-0.001038,0.000061
17585220,BNO_GRV,1734,-4200,3,1.000000,-0.004395,-0.001038,0.000061
17594559,BNO_GRV,1735,-4200,3,1.000000,-0.004395,-0.001099,0.000061
17605762,BNO_GRV,1736,-4700,3,1.000000,-0.004395,-0.001099,0.000061
17614542,BNO_GRV,1737,-4200,3,1.000000,-0.004395,-0.001099,0.000061
17625171,BNO_GRV,1738,-4200,3,1.000000,-0.004395,-0.001099,0.000061
17634509,BNO_GRV,1739,-4200,3,1.000000,-0.004395,-0.001099,0.000061
17645157,BNO_GRV,1740,-4200,3,1.000000,-0.004395,-0.001099,0.000061
17654288,BNO_GRV,1741,-3800,3,1.000000,-0.004395,-0.001099,0.000061
17665213,BNO_GRV,1742,-4200,3,1.000000,-0.004395,-0.001099,0.000061
17676491,BNO_GRV,1743,-4900,3,1.000000,-0.004395,-0.001099,0.000061
17685768,BNO_GRV,1744,-4500,3,1.000000,-0.004395,-0.001099,0.000061
17695075,BNO_GRV,1745,-4500,3,1.000000,-0.004395,-0.001099,0.000061
17704717,BNO_GRV,1746,-4200,3,1.000000,-0.004395,-0.001099,0.000061
17714862,BNO_GRV,1747,-4200,3,1.000000,-0.004395,-0.001099,0.000061
17725242,BNO_GRV,1748,-4000,3,1.000000,-0.004395,-0.001099,0.000061
17735187,BNO_GRV,1749,-4300,3,1.000000,-0.004395,-0.001099,0.000061
17744774,BNO_GRV,1750,-4200,3,1.000000,-0.004395,-0.001099,0.000061
17754973,BNO_GRV,1751,-4300,3,1.000000,-0.004395,-0.001099,0.000061
17765457,BNO_GRV,1752,-4200,3,1.000000,-0.004395,-0.001038,0.000061
17775804,BNO_GRV,1753,-4700,3,1.000000,-0.004395,-0.001038,0.000061
17784995,BNO_GRV,1754,-4300,3,1.000000,-0.004395,-0.001038,0.000061
17795212,BNO_GRV,1755,-4200,3,1.000000,-0.004395,-0.001038,0.000061
17805917,BNO_GRV,1756,-4300,3,1.000000,-0.004456,-0.001038,0.000000
17815204,BNO_GRV,1757,-4500,3,1.000000,-0.004456,-0.001038,0.000000
17825110,BNO_GRV,1758,-4200,3,1.000000,-0.004456,-0.001038,0.000000
17835410,BNO_GRV,1759,-4300,3,1.000000,-0.004456,-0.001038,0.000000
17845434,BNO_GRV,1760,-3800,3,1.000000,-0.004456,-0.001038,0.000000
17855414,BNO_GRV,1761,-4300,3,1.000000,-0.004456,-0.001038,0.000000
17864936,BNO_GRV,1762,-4000,3,1.000000,-0.004456,-0.001099,0.000000
17875451,BNO_GRV,1763,-4200,3,1.000000,-0.004456,-0.001099,0.000000
17885678,BNO_GRV,1764,-4000,3,1.000000,-0.004456,-0.001099,0.000000
17895876,BNO_GRV,1765,-4500,3,1.000000,-0.004517,-0.001099,0.000000
17905251,BNO_GRV,1766,-4200,3,1.000000,-0.004517,-0.001038,0.000000
17915945,BNO_GRV,1767,-4200,3,1.000000,-0.004517,-0.001038,0.000000
17926143,BNO_GRV,1768,-4200,3,1.000000,-0.004517,-0.001038,0.000000
17936295,BNO_GRV,1769,-4700,3,1.000000,-0.004517,-0.001038,0.000000
17945472,BNO_GRV,1770,-4200,3,1.000000,-0.004517,-0.001038,0.000000
17956026,BNO_GRV,1771,-4200,3,1.000000,-0.004517,-0.001038,0.000000
17965801,BNO_GRV,1772,-3600,3,1.000000,-0.004517,-0.001038,0.000000
17976025,BNO_GRV,1773,-4500,3,1.000000,-0.004517,-0.001038,0.000000
17985245,BNO_GRV,1774,-4200,3,1.000000,-0.004517,-0.001038,0.000000
17996013,BNO_GRV,1775,-4300,3,1.000000,-0.004517,-0.001038,0.000000
18006283,BNO_GRV,1776,-4200,3,1.000000,-0.004517,-0.001038,0.000000
18016228,BNO_GRV,1777,-4300,3,1.000000,-0.004517,-0.001038,0.000000
18025773,BNO_GRV,1778,-4300,3,1.000000,-0.004517,-0.001038,0.000000
18036701,BNO_GRV,1779,-4700,3,1.000000,-0.004517,-0.001038,0.000000
18046518,BNO_GRV,1780,-4000,3,1.000000,-0.004517,-0.001038,0.000000
18056172,BNO_GRV,1781,-4500,3,1.000000,-0.004517,-0.001038,0.000000
18065785,BNO_GRV,1782,-4300,3,1.000000,-0.004517,-0.001038,0.000000
18076429,BNO_GRV,1783,-4300,3,1.000000,-0.004517,-0.001038,0.000000
18086520,BNO_GRV,1784,-4000,3,1.000000,-0.004517,-0.001038,0.000000
18096122,BNO_GRV,1785,-4300,3,1.000000,-0.004517,-0.001038,0.000000
18105848,BNO_GRV,1786,-4300,3,1.000000,-0.004517,-0.001038,0.000000
18116634,BNO_GRV,1787,-4500,3,1.000000,-0.004517,-0.001038,0.000000
18126670,BNO_GRV,1788,-4000,3,1.000000,-0.004517,-0.001038,0.000000
18136251,BNO_GRV,1789,-4200,3,1.000000,-0.004517,-0.001038,0.000000
18145955,BNO_GRV,1790,-4300,3,1.000000,-0.004517,-0.001038,0.000061
18156071,BNO_GRV,1791,-4500,3,1.000000,-0.004456,-0.001038,0.000061
18166698,BNO_GRV,1792,-4700,3,1.000000,-0.004456,-0.001038,0.000061
18176840,BNO_GRV,1793,-4700,3,1.000000,-0.004456,-0.001038,0.000061
18185895,BNO_GRV,1794,-4200,3,1.000000,-0.004456,-0.001038,0.000000
18196610,BNO_GRV,1795,-4500,3,1.000000,-0.004456,-0.001038,0.000000
18207477,BNO_GRV,1796,-4900,3,1.000000,-0.004456,-0.001038,0.000000
18216886,BNO_GRV,1797,-4500,3,1.000000,-0.004456,-0.001099,0.000000
18226353,BNO_GRV,1798,-4300,3,1.000000,-0.004456,-0.001099,0.000000
18235937,BNO_GRV,1799,-4200,3,1.000000,-0.004456,-0.001099,0.000000
18246332,BNO_GRV,1800,-4500,3,1.000000,-0.004456,-0.001099,0.000061
18256503,BNO_GRV,1801,-4300,3,1.000000,-0.004456,-0.001099,0.000061
18265612,BNO_GRV,1802,-3800,3,1.000000,-0.004456,-0.001099,0.000061
18276532,BNO_GRV,1803,-4300,3,1.000000,-0.004456,-0.001099,0.000061
18287192,BNO_GRV,1804,-4700,3,1.000000,-0.004456,-0.001099,0.000061
18296746,BNO_GRV,1805,-4200,3,1.000000,-0.004456,-0.001099,0.000061
18306244,BNO_GRV,1806,-4300,3,1.000000,-0.004456,-0.001099,0.000061
18317025,BNO_GRV,1807,-4500,3,1.000000,-0.004456,-0.001099,0.000061
18326739,BNO_GRV,1808,-4900,3,1.000000,-0.004456,-0.001099,0.000061
18336626,BNO_GRV,1809,-4000,3,1.000000,-0.004456,-0.001099,0.000061
18345584,BNO_GRV,1810,-3600,3,1.000000,-0.004517,-0.001099,0.000061
18356865,BNO_GRV,1811,-4700,3,1.000000,-0.004517,-0.001099,0.000061
18367585,BNO_GRV,1812,-4900,3,1.000000,-0.004517,-0.001099,0.000061
18377063,BNO_GRV,1813,-4000,3,1.000000,-0.004517,-0.001160,0.000061
18386421,BNO_GRV,1814,-4300,3,1.000000,-0.004517,-0.001160,0.000061
18396461,BNO_GRV,1815,-4300,3,1.000000,-0.004517,-0.001160,0.000061
18406510,BNO_GRV,1816,-4300,3,1.000000,-0.004517,-0.001160,0.000061
18416822,BNO_GRV,1817,-4200,3,1.000000,-0.004517,-0.001160,0.000000
18426306,BNO_GRV,1818,-4300,3,1.000000,-0.004517,-0.001160,0.000000
18437089,BNO_GRV,1819,-4300,3,1.000000,-0.004517,-0.001160,0.000061
18446369,BNO_GRV,1820,-4300,3,1.000000,-0.004517,-0.001160,0.000061
18456903,BNO_GRV,1821,-4300,3,1.000000,-0.004517,-0.001160,0.000061
18466353,BNO_GRV,1822,-4200,3,1.000000,-0.004517,-0.001160,0.000061
18476470,BNO_GRV,1823,-4200,3,1.000000,-0.004578,-0.001160,0.000061
18486632,BNO_GRV,1824,-4300,3,1.000000,-0.004578,-0.001160,0.000061
18496999,BNO_GRV,1825,-4200,3,1.000000,-0.004517,-0.001160,0.000061
18505957,BNO_GRV,1826,-3800,3,1.000000,-0.004517,-0.001160,0.000061
18516999,BNO_GRV,1827,-4300,3,1.000000,-0.004517,-0.001160,0.000061
18527779,BNO_GRV,1828,-4900,3,1.000000,-0.004517,-0.001099,0.000061
18537301,BNO_GRV,1829,-3800,3,1.000000,-0.004517,-0.001099,0.000061
18546800,BNO_GRV,1830,-4300,3,1.000000,-0.004517,-0.001099,0.000061
18556739,BNO_GRV,1831,-4300,3,1.000000,-0.004517,-0.001099,0.000061
18566703,BNO_GRV,1832,-4300,3,1.000000,-0.004517,-0.001099,0.000061
18577277,BNO_GRV,1833,-4300,3,1.000000,-0.004517,-0.001099,0.000061
18586795,BNO_GRV,1834,-4300,3,1.000000,-0.004517,-0.001099,0.000061
18597556,BNO_GRV,1835,-4300,3,1.000000,-0.004517,-0.001099,0.000061
18606919,BNO_GRV,1836,-4300,3,1.000000,-0.004517,-0.001099,0.000061
18617370,BNO_GRV,1837,-4500,3,1.000000,-0.004456,-0.001099,0.000061
18626763,BNO_GRV,1838,-4300,3,1.000000,-0.004456,-0.001099,0.000061
18636853,BNO_GRV,1839,-4300,3,1.000000,-0.004456,-0.001099,0.000061
18647230,BNO_GRV,1840,-4300,3,1.000000,-0.004456,-0.001099,0.000061
18657294,BNO_GRV,1841,-4000,3,1.000000,-0.004456,-0.001099,0.000061
18667497,BNO_GRV,1842,-4700,3,1.000000,-0.004456,-0.001099,0.000061
18677481,BNO_GRV,1843,-4900,3,1.000000,-0.004456,-0.001099,0.000061
18687134,BNO_GRV,1844,-4300,3,1.000000,-0.004456,-0.001099,0.000061
18697487,BNO_GRV,1845,-4500,3,1.000000,-0.004456,-0.001099,0.000061
18707664,BNO_GRV,1846,-4500,3,1.000000,-0.004456,-0.001099,0.000061
18717136,BNO_GRV,1847,-4300,3,1.000000,-0.004456,-0.001099,0.000061
18727676,BNO_GRV,1848,-4700,3,1.000000,-0.004456,-0.001099,0.000061
18737500,BNO_GRV,1849,-4000,3,1.000000,-0.004456,-0.001099,0.000061
18747625,BNO_GRV,1850,-4500,3,1.000000,-0.004456,-0.001099,0.000061
18756844,BNO_GRV,1851,-4000,3,1.000000,-0.004456,-0.001099,0.000061
18767417,BNO_GRV,1852,-4300,3,1.000000,-0.004456,-0.001099,0.000061
18777761,BNO_GRV,1853,-4200,3,1.000000,-0.004456,-0.001099,0.000061
18787984,BNO_GRV,1854,-4500,3,1.000000,-0.004456,-0.001099,0.000061
18797078,BNO_GRV,1855,-4200,3,1.000000,-0.004456,-0.001099,0.000061
18807606,BNO_GRV,1856,-4300,3,1.000000,-0.004456,-0.001099,0.000061
18818005,BNO_GRV,1857,-4200,3,1.000000,-0.004456,-0.001099,0.000061
18827964,BNO_GRV,1858,-4300,3,1.000000,-0.004456,-0.001099,0.000061
18837500,BNO_GRV,1859,-4300,3,1.000000,-0.004456,-0.001099,0.000061
18847921,BNO_GRV,1860,-4300,3,1.000000,-0.004456,-0.001099,0.000061
18857674,BNO_GRV,1861,-3600,3,1.000000,-0.004456,-0.001099,0.000061
18867885,BNO_GRV,1862,-4500,3,1.000000,-0.004456,-0.001099,0.000061
18877151,BNO_GRV,1863,-4000,3,1.000000,-0.004456,-0.001099,0.000061
18887926,BNO_GRV,1864,-4300,3,1.000000,-0.004456,-0.001099,0.000061
18898190,BNO_GRV,1865,-4200,3,1.000000,-0.004456,-0.001099,0.000061
18907710,BNO_GRV,1866,-4200,3,1.000000,-0.004456,-0.001099,0.000061
18917473,BNO_GRV,1867,-4200,3,1.000000,-0.004456,-0.001099,0.000061
18930887,BNO_GRV,1868,-7100,3,1.000000,-0.004456,-0.001099,0.000061
18937938,BNO_GRV,1869,-3800,3,1.000000,-0.004456,-0.001099,0.000061
18948220,BNO_GRV,1870,-4500,3,1.000000,-0.004456,-0.001099,0.000061
18957274,BNO_GRV,1871,-4000,3,1.000000,-0.004456,-0.001099,0.000061
18967873,BNO_GRV,1872,-4300,3,1.000000,-0.004456,-0.001099,0.000061
18978523,BNO_GRV,1873,-4300,3,1.000000,-0.004456,-0.001160,0.000061
18987832,BNO_GRV,1874,-4200,3,1.000000,-0.004456,-0.001160,0.000061
18997236,BNO_GRV,1875,-4000,3,1.000000,-0.004456,-0.001160,0.000061
19007906,BNO_GRV,1876,-4300,3,1.000000,-0.004456,-0.001160,0.000061
19018348,BNO_GRV,1877,-4300,3,1.000000,-0.004456,-0.001160,0.000061
19028523,BNO_GRV,1878,-4500,3,1.000000,-0.004456,-0.001160,0.000061
19037843,BNO_GRV,1879,-4300,3,1.000000,-0.004395,-0.001160,0.000061
19047625,BNO_GRV,1880,-4200,3,1.000000,-0.004395,-0.001160,0.000061
19057767,BNO_GRV,1881,-4300,3,1.000000,-0.004395,-0.001160,0.000061
19068016,BNO_GRV,1882,-4200,3,1.000000,-0.004395,-0.001160,0.000061
19077504,BNO_GRV,1883,-4000,3,1.000000,-0.004395,-0.001160,0.000061
19088169,BNO_GRV,1884,-4300,3,1.000000,-0.004395,-0.001160,0.000061
19098666,BNO_GRV,1885,-4200,3,1.000000,-0.004395,-0.001160,0.000061
19108150,BNO_GRV,1886,-3800,3,1.000000,-0.004395,-0.001160,0.000061
19117662,BNO_GRV,1887,-4000,3,1.000000,-0.004456,-0.001160,0.000061
19128337,BNO_GRV,1888,-4200,3,1.000000,-0.004456,-0.001160,0.000061
19138883,BNO_GRV,1889,-4300,3,1.000000,-0.004456,-0.001160,0.000061
19148130,BNO_GRV,1890,-3600,3,1.000000,-0.004456,-0.001160,0.000061
19157695,BNO_GRV,1891,-4000,3,1.000000,-0.004456,-0.001160,0.000061
19168385,BNO_GRV,1892,-4300,3,1.000000,-0.004456,-0.001160,0.000061
19180222,BNO_GRV,1893,-5600,3,1.000000,-0.004456,-0.001160,0.000061
19188347,BNO_GRV,1894,-3600,3,1.000000,-0.004456,-0.001160,0.000061
19197869,BNO_GRV,1895,-4200,3,1.000000,-0.004456,-0.001160,0.000061
19208571,BNO_GRV,1896,-4300,3,1.000000,-0.004456,-0.001160,0.000061
19219152,BNO_GRV,1897,-4200,3,1.000000,-0.004456,-0.001160,0.000061
19228799,BNO_GRV,1898,-4000,3,1.000000,-0.004456,-0.001160,0.000061
19238137,BNO_GRV,1899,-4300,3,1.000000,-0.004456,-0.001160,0.000061
19247966,BNO_GRV,1900,-4200,3,1.000000,-0.004456,-0.001160,0.000061
19259409,BNO_GRV,1901,-4700,3,1.000000,-0.004456,-0.001160,0.000061
19268927,BNO_GRV,1902,-3800,3,1.000000,-0.004456,-0.001160,0.000061
19278305,BNO_GRV,1903,-4500,3,1.000000,-0.004456,-0.001160,0.000061
19288884,BNO_GRV,1904,-4300,3,1.000000,-0.004456,-0.001160,0.000061
19298062,BNO_GRV,1905,-4200,3,1.000000,-0.004456,-0.001160,0.000061
19308575,BNO_GRV,1906,-4300,3,1.000000,-0.004456,-0.001160,0.000061
19318078,BNO_GRV,1907,-4000,3,1.000000,-0.004456,-0.001160,0.000061
19328692,BNO_GRV,1908,-4300,3,1.000000,-0.004456,-0.001160,0.000061
19338087,BNO_GRV,1909,-4000,3,1.000000,-0.004456,-0.001160,0.000061
19348604,BNO_GRV,1910,-4200,3,1.000000,-0.004456,-0.001160,0.000061
19358127,BNO_GRV,1911,-4000,3,1.000000,-0.004456,-0.001160,0.000061
19368855,BNO_GRV,1912,-4200,3,1.000000,-0.004456,-0.001160,0.000061
19378273,BNO_GRV,1913,-4200,3,1.000000,-0.004456,-0.001160,0.000061
19388685,BNO_GRV,1914,-4200,3,1.000000,-0.004456,-0.001160,0.000061
19398016,BNO_GRV,1915,-4000,3,1.000000,-0.004456,-0.001160,0.000061
19409011,BNO_GRV,1916,-4200,3,1.000000,-0.004456,-0.001160,0.000061
19418446,BNO_GRV,1917,-4200,3,1.000000,-0.004456,-0.001160,0.000061
19429990,BNO_GRV,1918,-5400,3,1.000000,-0.004456,-0.001160,0.000061
19437909,BNO_GRV,1919,-3600,3,1.000000,-0.004456,-0.001160,0.000061
19448909,BNO_GRV,1920,-4300,3,1.000000,-0.004456,-0.001160,0.000061
19459217,BNO_GRV,1921,-4300,3,1.000000,-0.004456,-0.001160,0.000061
19468755,BNO_GRV,1922,-3400,3,1.000000,-0.004456,-0.001160,0.000061
19478883,BNO_GRV,1923,-4500,3,1.000000,-0.004456,-0.001160,0.000061
19488338,BNO_GRV,1924,-4000,3,1.000000,-0.004456,-0.001160,0.000061
19498958,BNO_GRV,1925,-4300,3,1.000000,-0.004456,-0.001160,0.000061
19508905,BNO_GRV,1926,-3800,3,1.000000,-0.004456,-0.001160,0.000061
19518836,BNO_GRV,1927,-4500,3,1.000000,-0.004456,-0.001160,0.000061
19528561,BNO_GRV,1928,-4200,3,1.000000,-0.004456,-0.001160,0.000061
19539120,BNO_GRV,1929,-4300,3,1.000000,-0.004456,-0.001160,0.000061
19549126,BNO_GRV,1930,-3800,3,1.000000,-0.004456,-0.001160,0.000061
19559395,BNO_GRV,1931,-4700,3,1.000000,-0.004456,-0.001160,0.000061
19568682,BNO_GRV,1932,-4200,3,1.000000,-0.004456,-0.001160,0.000061
19579304,BNO_GRV,1933,-4300,3,1.000000,-0.004456,-0.001160,0.000061
19589183,BNO_GRV,1934,-3800,3,1.000000,-0.004395,-0.001160,0.000061
19599419,BNO_GRV,1935,-4700,3,1.000000,-0.004456,-0.001160,0.000061
19608775,BNO_GRV,1936,-4200,3,1.000000,-0.004456,-0.001160,0.000061
19619200,BNO_GRV,1937,-4300,3,1.000000,-0.004456,-0.001160,0.000061
19629858,BNO_GRV,1938,-4300,3,1.000000,-0.004456,-0.001160,0.000061
19639156,BNO_GRV,1939,-4500,3,1.000000,-0.004456,-0.001160,0.000061
19648715,BNO_GRV,1940,-4000,3,1.000000,-0.004456,-0.001160,0.000061
19659237,BNO_GRV,1941,-4300,3,1.000000,-0.004456,-0.001160,0.000061
19669674,BNO_GRV,1942,-4000,3,1.000000,-0.004456,-0.001160,0.000061
19680918,BNO_GRV,1943,-5600,3,1.000000,-0.004456,-0.001160,0.000061
19689289,BNO_GRV,1944,-4000,3,1.000000,-0.004456,-0.001160,0.000061
19699518,BNO_GRV,1945,-4300,3,1.000000,-0.004456,-0.001160,0.000061
19709914,BNO_GRV,1946,-4200,3,1.000000,-0.004456,-0.001160,0.000061
19719817,BNO_GRV,1947,-4300,3,1.000000,-0.004456,-0.001160,0.000061
19729364,BNO_GRV,1948,-4200,3,1.000000,-0.004456,-0.001160,0.000061
19739750,BNO_GRV,1949,-4200,3,1.000000,-0.004456,-0.001160,0.000061
19749579,BNO_GRV,1950,-3600,3,1.000000,-0.004456,-0.001160,0.000061
19759718,BNO_GRV,1951,-4700,3,1.000000,-0.004456,-0.001160,0.000061
19769141,BNO_GRV,1952,-4200,3,1.000000,-0.004456,-0.001160,0.000061
19779700,BNO_GRV,1953,-4300,3,1.000000,-0.004456,-0.001160,0.000061
19790111,BNO_GRV,1954,-4200,3,1.000000,-0.004456,-0.001160,0.000061
19799533,BNO_GRV,1955,-4200,3,1.000000,-0.004456,-0.001160,0.000061
19809175,BNO_GRV,1956,-4200,3,1.000000,-0.004456,-0.001160,0.000061
19819730,BNO_GRV,1957,-4300,3,1.000000,-0.004456,-0.001160,0.000061
19830296,BNO_GRV,1958,-4300,3,1.000000,-0.004456,-0.001160,0.000061
19839662,BNO_GRV,1959,-4000,3,1.000000,-0.004456,-0.001160,0.000061
19849333,BNO_GRV,1960,-4200,3,1.000000,-0.004456,-0.001160,0.000061
19859970,BNO_GRV,1961,-4300,3,1.000000,-0.004456,-0.001160,0.000061
19870521,BNO_GRV,1962,-4200,3,1.000000,-0.004456,-0.001160,0.000061
19879737,BNO_GRV,1963,-4000,3,1.000000,-0.004456,-0.001160,0.000061
19889402,BNO_GRV,1964,-4200,3,1.000000,-0.004456,-0.001160,0.000061
19900044,BNO_GRV,1965,-4300,3,1.000000,-0.004456,-0.001160,0.000061
19910566,BNO_GRV,1966,-4300,3,1.000000,-0.004456,-0.001160,0.000061
19919824,BNO_GRV,1967,-4000,3,1.000000,-0.004456,-0.001160,0.000061
19929303,BNO_GRV,1968,-4000,3,1.000000,-0.004456,-0.001160,0.000061
19941083,BNO_GRV,1969,-5600,3,1.000000,-0.004456,-0.001160,0.000061
19950454,BNO_GRV,1970,-4300,3,1.000000,-0.004456,-0.001160,0.000061
19959904,BNO_GRV,1971,-4000,3,1.000000,-0.004456,-0.001160,0.000061
19969209,BNO_GRV,1972,-4000,3,1.000000,-0.004456,-0.001160,0.000061
19979886,BNO_GRV,1973,-4200,3,1.000000,-0.004456,-0.001160,0.000061
19989850,BNO_GRV,1974,-4500,3,1.000000,-0.004456,-0.001160,0.000061
19999990,BNO_GRV,1975,-4300,3,1.000000,-0.004456,-0.001160,0.000061
20009218,BNO_GRV,1976,-3800,3,1.000000,-0.004456,-0.001160,0.000061
20020003,BNO_GRV,1977,-4200,3,1.000000,-0.004456,-0.001160,0.000061
20029821,BNO_GRV,1978,-4300,3,1.000000,-0.004456,-0.001160,0.000061
20040160,BNO_GRV,1979,-4300,3,1.000000,-0.004456,-0.001160,0.000061
20049670,BNO_GRV,1980,-4200,3,1.000000,-0.004456,-0.001160,0.000061
20060204,BNO_GRV,1981,-4300,3,1.000000,-0.004456,-0.001160,0.000061
20069771,BNO_GRV,1982,-4200,3,1.000000,-0.004456,-0.001160,0.000061
20080133,BNO_GRV,1983,-4200,3,1.000000,-0.004456,-0.001160,0.000061
20089681,BNO_GRV,1984,-4200,3,1.000000,-0.004456,-0.001160,0.000061
20100341,BNO_GRV,1985,-4200,3,1.000000,-0.004456,-0.001160,0.000061
20109979,BNO_GRV,1986,-4300,3,1.000000,-0.004456,-0.001160,0.000061
20120288,BNO_GRV,1987,-4200,3,1.000000,-0.004456,-0.001160,0.000061
20129753,BNO_GRV,1988,-4200,3,1.000000,-0.004456,-0.001160,0.000061
20140392,BNO_GRV,1989,-4200,3,1.000000,-0.004456,-0.001160,0.000000
20149983,BNO_GRV,1990,-4300,3,1.000000,-0.004456,-0.001160,0.000000
20160309,BNO_GRV,1991,-4200,3,1.000000,-0.004456,-0.001160,0.000000
20169978,BNO_GRV,1992,-4200,3,1.000000,-0.004456,-0.001160,0.000000
20180509,BNO_GRV,1993,-4300,3,1.000000,-0.004456,-0.001160,0.000000
20191968,BNO_GRV,1994,-5300,3,1.000000,-0.004456,-0.001160,0.000000
20200486,BNO_GRV,1995,-4200,3,1.000000,-0.004456,-0.001160,0.000000
20209963,BNO_GRV,1996,-4200,3,1.000000,-0.004456,-0.001160,0.000000
20220713,BNO_GRV,1997,-4300,3,1.000000,-0.004456,-0.001160,0.000000
20230125,BNO_GRV,1998,-4200,3,1.000000,-0.004456,-0.001160,0.000000
20241553,BNO_GRV,1999,-4900,3,1.000000,-0.004456,-0.001160,0.000000
20250193,BNO_GRV,2000,-4300,3,1.000000,-0.004456,-0.001160,0.000000
20260896,BNO_GRV,2001,-4300,3,1.000000,-0.004456,-0.001160,0.000000
20270376,BNO_GRV,2002,-4300,3,1.000000,-0.004456,-0.001160,0.000000
20280593,BNO_GRV,2003,-4200,3,1.000000,-0.004456,-0.001160,0.000000
20290457,BNO_GRV,2004,-4200,3,1.000000,-0.004456,-0.001160,0.000000
20300302,BNO_GRV,2005,-4300,3,1.000000,-0.004456,-0.001160,0.000000
20310751,BNO_GRV,2006,-4500,3,1.000000,-0.004456,-0.001160,0.000000
20321117,BNO_GRV,2007,-4500,3,1.000000,-0.004456,-0.001160,0.000000
20330578,BNO_GRV,2008,-4500,3,1.000000,-0.004456,-0.001160,0.000000
20340405,BNO_GRV,2009,-4200,3,1.000000,-0.004456,-0.001160,0.000000
20350885,BNO_GRV,2010,-4500,3,1.000000,-0.004456,-0.001160,0.000000
20361170,BNO_GRV,2011,-4200,3,1.000000,-0.004456,-0.001160,0.000000
20370057,BNO_GRV,2012,-3800,3,1.000000,-0.004456,-0.001160,0.000000
20381140,BNO_GRV,2013,-4300,3,1.000000,-0.004456,-0.001160,0.000000
20390373,BNO_GRV,2014,-4200,3,1.000000,-0.004456,-0.001221,0.000000
20401546,BNO_GRV,2015,-4700,3,1.000000,-0.004456,-0.001221,0.000000
20410850,BNO_GRV,2016,-4500,3,1.000000,-0.004456,-0.001221,0.000000
20420408,BNO_GRV,2017,-4200,3,1.000000,-0.004456,-0.001221,0.000000
20431087,BNO_GRV,2018,-4300,3,1.000000,-0.004456,-0.001221,0.000000
20442307,BNO_GRV,2019,-5300,3,1.000000,-0.004517,-0.001221,0.000000
20450750,BNO_GRV,2020,-4300,3,1.000000,-0.004517,-0.001221,0.000000
20460571,BNO_GRV,2021,-4200,3,1.000000,-0.004517,-0.001221,0.000000
20470954,BNO_GRV,2022,-4200,3,1.000000,-0.004517,-0.001221,0.000000
20481125,BNO_GRV,2023,-4000,3,1.000000,-0.004517,-0.001221,0.000000
20491389,BNO_GRV,2024,-4500,3,1.000000,-0.004517,-0.001221,0.000000
20500907,BNO_GRV,2025,-4300,3,1.000000,-0.004517,-0.001221,0.000000
20511277,BNO_GRV,2026,-4300,3,1.000000,-0.004517,-0.001221,0.000000
20521191,BNO_GRV,2027,-3800,3,1.000000,-0.004517,-0.001282,0.000000
20531429,BNO_GRV,2028,-4700,3,1.000000,-0.004517,-0.001282,0.000000
20540728,BNO_GRV,2029,-4200,3,1.000000,-0.004517,-0.001282,0.000000
20551156,BNO_GRV,2030,-4300,3,1.000000,-0.004517,-0.001282,0.000000
20561358,BNO_GRV,2031,-3800,3,1.000000,-0.004517,-0.001282,0.000000
20571554,BNO_GRV,2032,-4500,3,1.000000,-0.004517,-0.001282,0.000000
20580885,BNO_GRV,2033,-4300,3,1.000000,-0.004517,-0.001282,0.000000
20591619,BNO_GRV,2034,-4300,3,1.000000,-0.004517,-0.001282,0.000000
20601483,BNO_GRV,2035,-3800,3,1.000000,-0.004517,-0.001282,0.000000
20611747,BNO_GRV,2036,-4700,3,1.000000,-0.004517,-0.001282,0.000000
20621037,BNO_GRV,2037,-4300,3,1.000000,-0.004517,-0.001282,0.000000
20631641,BNO_GRV,2038,-4300,3,1.000000,-0.004517,-0.001282,0.000000
20641978,BNO_GRV,2039,-4200,3,1.000000,-0.004517,-0.001282,0.000000
20651436,BNO_GRV,2040,-4500,3,1.000000,-0.004517,-0.001282,0.000000
20660990,BNO_GRV,2041,-4300,3,1.000000,-0.004517,-0.001282,0.000000
20671814,BNO_GRV,2042,-4300,3,1.000000,-0.004517,-0.001282,0.000000
20682117,BNO_GRV,2043,-4300,3,1.000000,-0.004517,-0.001282,0.000000
20692788,BNO_GRV,2044,-5600,3,1.000000,-0.004517,-0.001282,0.000000
20701520,BNO_GRV,2045,-3800,3,1.000000,-0.004517,-0.001282,0.000000
20711178,BNO_GRV,2046,-4300,3,1.000000,-0.004517,-0.001282,0.000000
20721850,BNO_GRV,2047,-4500,3,1.000000,-0.004517,-0.001282,0.000000
20732107,BNO_GRV,2048,-4700,3,1.000000,-0.004517,-0.001282,0.000000
20741347,BNO_GRV,2049,-4300,3,1.000000,-0.004517,-0.001282,0.000000
20751233,BNO_GRV,2050,-4200,3,1.000000,-0.004517,-0.001282,0.000000
20761528,BNO_GRV,2051,-4500,3,1.000000,-0.004517,-0.001221,0.000000
20771706,BNO_GRV,2052,-4200,3,1.000000,-0.004517,-0.001221,0.000000
20781349,BNO_GRV,2053,-4200,3,1.000000,-0.004517,-0.001221,0.000000
20792237,BNO_GRV,2054,-4300,3,1.000000,-0.004517,-0.001221,0.000000
20801811,BNO_GRV,2055,-4700,3,1.000000,-0.004517,-0.001221,0.000000
20812204,BNO_GRV,2056,-4500,3,1.000000,-0.004517,-0.001221,0.000000
20821461,BNO_GRV,2057,-4200,3,1.000000,-0.004517,-0.001221,0.000000
20832245,BNO_GRV,2058,-4300,3,1.000000,-0.004517,-0.001221,0.000000
20842715,BNO_GRV,2059,-4300,3,1.000000,-0.004517,-0.001221,0.000000
20852243,BNO_GRV,2060,-4300,3,1.000000,-0.004517,-0.001221,0.000000
20861688,BNO_GRV,2061,-4200,3,1.000000,-0.004517,-0.001221,0.000000
20871369,BNO_GRV,2062,-4200,3,1.000000,-0.004517,-0.001221,0.000000
20881818,BNO_GRV,2063,-4500,3,1.000000,-0.004517,-0.001221,0.000000
20892219,BNO_GRV,2064,-4500,3,1.000000,-0.004517,-0.001221,0.000000
20901172,BNO_GRV,2065,-3800,3,1.000000,-0.004517,-0.001221,0.000000
20911842,BNO_GRV,2066,-4300,3,1.000000,-0.004517,-0.001282,0.000000
20921771,BNO_GRV,2067,-4300,3,1.000000,-0.004517,-0.001282,0.000000
20932048,BNO_GRV,2068,-4300,3,1.000000,-0.004517,-0.001282,0.000000
20942286,BNO_GRV,2069,-4900,3,1.000000,-0.004517,-0.001282,0.000000
20951540,BNO_GRV,2070,-4200,3,1.000000,-0.004517,-0.001282,0.000000
20962020,BNO_GRV,2071,-4700,3,1.000000,-0.004517,-0.001282,0.000000
20972143,BNO_GRV,2072,-4200,3,1.000000,-0.004517,-0.001282,0.000000
20981154,BNO_GRV,2073,-3800,3,1.000000,-0.004517,-0.001282,0.000000
20992234,BNO_GRV,2074,-4500,3,1.000000,-0.004517,-0.001282,0.000000
21001834,BNO_GRV,2075,-4200,3,1.000000,-0.004517,-0.001282,0.000000
21012223,BNO_GRV,2076,-4300,3,1.000000,-0.004517,-0.001282,0.000000
21021154,BNO_GRV,2077,-3600,3,1.000000,-0.004517,-0.001282,0.000000
21032185,BNO_GRV,2078,-4300,3,1.000000,-0.004517,-0.001282,0.000000
21042868,BNO_GRV,2079,-4700,3,1.000000,-0.004517,-0.001282,0.000000
21052303,BNO_GRV,2080,-3800,3,1.000000,-0.004456,-0.001282,0.000000
21061169,BNO_GRV,2081,-3600,3,1.000000,-0.004456,-0.001282,0.000000
21072184,BNO_GRV,2082,-4300,3,1.000000,-0.004456,-0.001282,0.000000
21081870,BNO_GRV,2083,-4200,3,1.000000,-0.004456,-0.001282,0.000000
21092423,BNO_GRV,2084,-4300,3,1.000000,-0.004456,-0.001282,0.000000
21101322,BNO_GRV,2085,-3800,3,1.000000,-0.004456,-0.001282,0.000000
21112407,BNO_GRV,2086,-4300,3,1.000000,-0.004456,-0.001282,0.000061
21122100,BNO_GRV,2087,-4300,3,1.000000,-0.004456,-0.001282,0.000061
21132491,BNO_GRV,2088,-4300,3,1.000000,-0.004456,-0.001282,0.000061
21141479,BNO_GRV,2089,-3800,3,1.000000,-0.004456,-0.001282,0.000061
21152632,BNO_GRV,2090,-4300,3,1.000000,-0.004456,-0.001282,0.000061
21162170,BNO_GRV,2091,-4300,3,1.000000,-0.004456,-0.001282,0.000061
21172475,BNO_GRV,2092,-4200,3,1.000000,-0.004456,-0.001221,0.000061
21182735,BNO_GRV,2093,-4500,3,1.000000,-0.004456,-0.001221,0.000061
21193504,BNO_GRV,2094,-5600,3,1.000000,-0.004456,-0.001221,0.000061
21202467,BNO_GRV,2095,-4300,3,1.000000,-0.004456,-0.001221,0.000061
21212474,BNO_GRV,2096,-3600,3,1.000000,-0.004456,-0.001221,0.000061
21222478,BNO_GRV,2097,-4300,3,1.000000,-0.004456,-0.001221,0.000061
21232152,BNO_GRV,2098,-4200,3,1.000000,-0.004456,-0.001221,0.000061
21242393,BNO_GRV,2099,-4300,3,1.000000,-0.004456,-0.001221,0.000061
21252803,BNO_GRV,2100,-4300,3,1.000000,-0.004456,-0.001221,0.000061
21262906,BNO_GRV,2101,-4500,3,1.000000,-0.004456,-0.001221,0.000061
21272425,BNO_GRV,2102,-4300,3,1.000000,-0.004456,-0.001221,0.000061
21282884,BNO_GRV,2103,-4300,3,1.000000,-0.004456,-0.001221,0.000061
21292805,BNO_GRV,2104,-4000,3,1.000000,-0.004456,-0.001221,0.000061
21303075,BNO_GRV,2105,-4700,3,1.000000,-0.004456,-0.001221,0.000061
21312479,BNO_GRV,2106,-4300,3,1.000000,-0.004456,-0.001221,0.000061
21322732,BNO_GRV,2107,-4300,3,1.000000,-0.004456,-0.001221,0.000061
21332807,BNO_GRV,2108,-3800,3,1.000000,-0.004456,-0.001221,0.000061
21343099,BNO_GRV,2109,-4700,3,1.000000,-0.004456,-0.001221,0.000061
21352507,BNO_GRV,2110,-4300,3,1.000000,-0.004456,-0.001221,0.000061
21363314,BNO_GRV,2111,-4500,3,1.000000,-0.004456,-0.001221,0.000061
21373610,BNO_GRV,2112,-4300,3,1.000000,-0.004456,-0.001221,0.000061
21383113,BNO_GRV,2113,-4900,3,1.000000,-0.004456,-0.001221,0.000061
21392412,BNO_GRV,2114,-4200,3,1.000000,-0.004456,-0.001282,0.000061
21403099,BNO_GRV,2115,-4300,3,1.000000,-0.004456,-0.001282,0.000061
21413186,BNO_GRV,2116,-4000,3,1.000000,-0.004456,-0.001282,0.000061
21423492,BNO_GRV,2117,-4500,3,1.000000,-0.004456,-0.001282,0.000061
21432576,BNO_GRV,2118,-4300,3,1.000000,-0.004456,-0.001282,0.000061
21444937,BNO_GRV,2119,-6200,3,1.000000,-0.004456,-0.001282,0.000061
21453204,BNO_GRV,2120,-4000,3,1.000000,-0.004456,-0.001282,0.000061
21463424,BNO_GRV,2121,-4500,3,1.000000,-0.004456,-0.001282,0.000061
21472659,BNO_GRV,2122,-4300,3,1.000000,-0.004456,-0.001282,0.000061
21483489,BNO_GRV,2123,-4500,3,1.000000,-0.004456,-0.001282,0.000061
21493794,BNO_GRV,2124,-4300,3,1.000000,-0.004456,-0.001282,0.000061
21503254,BNO_GRV,2125,-4500,3,1.000000,-0.004456,-0.001282,0.000061
21513309,BNO_GRV,2126,-4200,3,1.000000,-0.004456,-0.001282,0.000061
21523598,BNO_GRV,2127,-4300,3,1.000000,-0.004456,-0.001282,0.000061
21533567,BNO_GRV,2128,-3800,3,1.000000,-0.004456,-0.001282,0.000061
21543767,BNO_GRV,2129,-4500,3,1.000000,-0.004456,-0.001282,0.000061
21553067,BNO_GRV,2130,-4300,3,1.000000,-0.004456,-0.001282,0.000061
21562940,BNO_GRV,2131,-4200,3,1.000000,-0.004456,-0.001282,0.000061
21573604,BNO_GRV,2132,-4500,3,1.000000,-0.004456,-0.001282,0.000061
21583801,BNO_GRV,2133,-4700,3,1.000000,-0.004456,-0.001282,0.000061
21593199,BNO_GRV,2134,-4300,3,1.000000,-0.004456,-0.001282,0.000061
21603058,BNO_GRV,2135,-4300,3,1.000000,-0.004456,-0.001282,0.000061
21613746,BNO_GRV,2136,-4500,3,1.000000,-0.004456,-0.001282,0.000061
21623974,BNO_GRV,2137,-4500,3,1.000000,-0.004456,-0.001282,0.000061
21633105,BNO_GRV,2138,-4300,3,1.000000,-0.004456,-0.001282,0.000061
21643952,BNO_GRV,2139,-4300,3,1.000000,-0.004456,-0.001282,0.000061
21654466,BNO_GRV,2140,-4300,3,1.000000,-0.004456,-0.001282,0.000061
21663969,BNO_GRV,2141,-4300,3,1.000000,-0.004456,-0.001282,0.000061
21673406,BNO_GRV,2142,-4200,3,1.000000,-0.004456,-0.001282,0.000061
21683201,BNO_GRV,2143,-4200,3,1.000000,-0.004456,-0.001282,0.000061
21695052,BNO_GRV,2144,-5800,3,1.000000,-0.004456,-0.001282,0.000061
21703606,BNO_GRV,2145,-4200,3,1.000000,-0.004456,-0.001282,0.000061
21712790,BNO_GRV,2146,-3800,3,1.000000,-0.004456,-0.001282,0.000061
21723558,BNO_GRV,2147,-4300,3,1.000000,-0.004456,-0.001221,0.000061
21733555,BNO_GRV,2148,-4300,3,1.000000,-0.004456,-0.001221,0.000061
21744065,BNO_GRV,2149,-4700,3,1.000000,-0.004456,-0.001282,0.000061
21753263,BNO_GRV,2150,-4200,3,1.000000,-0.004395,-0.001282,0.000061
21764051,BNO_GRV,2151,-4300,3,1.000000,-0.004395,-0.001282,0.000061
21774604,BNO_GRV,2152,-4300,3,1.000000,-0.004395,-0.001282,0.000061
21784057,BNO_GRV,2153,-4000,3,1.000000,-0.004395,-0.001282,0.000061
21792932,BNO_GRV,2154,-4000,3,1.000000,-0.004395,-0.001282,0.000061
21803703,BNO_GRV,2155,-4300,3,1.000000,-0.004395,-0.001282,0.000061
21814674,BNO_GRV,2156,-4700,3,1.000000,-0.004395,-0.001282,0.000061
21824146,BNO_GRV,2157,-4000,3,1.000000,-0.004395,-0.001282,0.000061
21833113,BNO_GRV,2158,-3800,3,1.000000,-0.004395,-0.001282,0.000061
21843876,BNO_GRV,2159,-4300,3,1.000000,-0.004395,-0.001282,0.000061
21853507,BNO_GRV,2160,-4300,3,1.000000,-0.004395,-0.001282,0.000061
21863932,BNO_GRV,2161,-4300,3,1.000000,-0.004395,-0.001282,0.000061
21873547,BNO_GRV,2162,-4200,3,1.000000,-0.004395,-0.001282,0.000061
21884369,BNO_GRV,2163,-4300,3,1.000000,-0.004395,-0.001282,0.000061
21894851,BNO_GRV,2164,-4300,3,1.000000,-0.004395,-0.001282,0.000061
21904278,BNO_GRV,2165,-3600,3,1.000000,-0.004395,-0.001282,0.000061
21913235,BNO_GRV,2166,-3800,3,1.000000,-0.004395,-0.001282,0.000061
21924164,BNO_GRV,2167,-4300,3,1.000000,-0.004395,-0.001282,0.000061
21933851,BNO_GRV,2168,-4300,3,1.000000,-0.004395,-0.001282,0.000061
21945370,BNO_GRV,2169,-5600,3,1.000000,-0.004395,-0.001282,0.000061
21953351,BNO_GRV,2170,-3800,3,1.000000,-0.004395,-0.001282,0.000061
21964330,BNO_GRV,2171,-4500,3,1.000000,-0.004395,-0.001282,0.000061
21973735,BNO_GRV,2172,-4300,3,1.000000,-0.004395,-0.001282,0.000061
21984228,BNO_GRV,2173,-4200,3,1.000000,-0.004395,-0.001282,0.000061
21993718,BNO_GRV,2174,-4000,3,1.000000,-0.004395,-0.001282,0.000061
22004406,BNO_GRV,2175,-4300,3,1.000000,-0.004395,-0.001282,0.000061
22013882,BNO_GRV,2176,-4200,3,1.000000,-0.004395,-0.001282,0.000061
22024457,BNO_GRV,2177,-4300,3,1.000000,-0.004395,-0.001282,0.000061
22033315,BNO_GRV,2178,-3600,3,1.000000,-0.004395,-0.001282,0.000061
22044368,BNO_GRV,2179,-4300,3,1.000000,-0.004395,-0.001282,0.000061
22054094,BNO_GRV,2180,-4200,3,1.000000,-0.004395,-0.001282,0.000061
22064455,BNO_GRV,2181,-4300,3,1.000000,-0.004395,-0.001282,0.000061
22074448,BNO_GRV,2182,-4300,3,1.000000,-0.004395,-0.001282,0.000061
22083990,BNO_GRV,2183,-4200,3,1.000000,-0.004395,-0.001282,0.000061
22094517,BNO_GRV,2184,-4500,3,1.000000,-0.004395,-0.001282,0.000061
22104835,BNO_GRV,2185,-4300,3,1.000000,-0.004395,-0.001282,0.000061
22114430,BNO_GRV,2186,-4500,3,1.000000,-0.004395,-0.001282,0.000061
22124170,BNO_GRV,2187,-4300,3,1.000000,-0.004395,-0.001282,0.000000
22134763,BNO_GRV,2188,-4500,3,1.000000,-0.004395,-0.001343,0.000061
22145100,BNO_GRV,2189,-4300,3,1.000000,-0.004395,-0.001343,0.000061
22154469,BNO_GRV,2190,-4700,3,1.000000,-0.004395,-0.001343,0.000061
22164914,BNO_GRV,2191,-4300,3,1.000000,-0.004395,-0.001343,0.000061
22174272,BNO_GRV,2192,-4300,3,1.000000,-0.004395,-0.001343,0.000000
22184771,BNO_GRV,2193,-4500,3,1.000000,-0.004395,-0.001343,0.000000
22196019,BNO_GRV,2194,-5600,3,1.000000,-0.004395,-0.001343,0.000000
22204797,BNO_GRV,2195,-4000,3,1.000000,-0.004395,-0.001343,0.000000
22214274,BNO_GRV,2196,-4200,3,1.000000,-0.004395,-0.001343,0.000000
22224783,BNO_GRV,2197,-4300,3,1.000000,-0.004395,-0.001343,0.000000
22234944,BNO_GRV,2198,-4700,3,1.000000,-0.004395,-0.001343,0.000000
22244443,BNO_GRV,2199,-4300,3,1.000000,-0.004395,-0.001343,0.000000
22254970,BNO_GRV,2200,-4300,3,1.000000,-0.004395,-0.001343,0.000000
22265627,BNO_GRV,2201,-4300,3,1.000000,-0.004395,-0.001343,0.000000
22274977,BNO_GRV,2202,-4500,3,1.000000,-0.004395,-0.001343,0.000000
22284479,BNO_GRV,2203,-4200,3,1.000000,-0.004395,-0.001343,0.000000
22294984,BNO_GRV,2204,-4300,3,1.000000,-0.004395,-0.001343,0.000000
22305708,BNO_GRV,2205,-4300,3,1.000000,-0.004395,-0.001343,0.000000
22314967,BNO_GRV,2206,-4700,3,1.000000,-0.004395,-0.001343,0.000000
22325102,BNO_GRV,2207,-4300,3,1.000000,-0.004395,-0.001343,0.000000
22334607,BNO_GRV,2208,-4300,3,1.000000,-0.004395,-0.001343,0.000000
22345146,BNO_GRV,2209,-4500,3,1.000000,-0.004395,-0.001343,0.000000
22355300,BNO_GRV,2210,-4500,3,1.000000,-0.004395,-0.001343,0.000000
22364565,BNO_GRV,2211,-4300,3,1.000000,-0.004395,-0.001343,0.000000
22375375,BNO_GRV,2212,-4300,3,1.000000,-0.004395,-0.001343,0.000000
22385217,BNO_GRV,2213,-3800,3,1.000000,-0.004395,-0.001343,0.000000
22395216,BNO_GRV,2214,-4500,3,1.000000,-0.004395,-0.001404,0.000000
22404680,BNO_GRV,2215,-4200,3,1.000000,-0.004395,-0.001404,0.000000
22415273,BNO_GRV,2216,-4300,3,1.000000,-0.004395,-0.001404,0.000000
22425233,BNO_GRV,2217,-3800,3,1.000000,-0.004395,-0.001404,0.000000
22435502,BNO_GRV,2218,-4700,3,1.000000,-0.004395,-0.001404,0.000000
22446002,BNO_GRV,2219,-5400,3,1.000000,-0.004395,-0.001404,0.000000
22454748,BNO_GRV,2220,-4200,3,1.000000,-0.004395,-0.001404,0.000000
22465468,BNO_GRV,2221,-4500,3,1.000000,-0.004395,-0.001404,0.000000
22475743,BNO_GRV,2222,-4700,3,1.000000,-0.004395,-0.001404,0.000000
22484848,BNO_GRV,2223,-4200,3,1.000000,-0.004395,-0.001404,0.000000
22495435,BNO_GRV,2224,-4300,3,1.000000,-0.004395,-0.001404,0.000000
22506245,BNO_GRV,2225,-4500,3,1.000000,-0.004395,-0.001404,0.000000
22515700,BNO_GRV,2226,-4300,3,1.000000,-0.004395,-0.001404,0.000061
22525227,BNO_GRV,2227,-4300,3,1.000000,-0.004395,-0.001404,0.000061
22534850,BNO_GRV,2228,-4200,3,1.000000,-0.004395,-0.001404,0.000061
22545173,BNO_GRV,2229,-4500,3,1.000000,-0.004395,-0.001404,0.000061
22555432,BNO_GRV,2230,-4300,3,1.000000,-0.004395,-0.001404,0.000061
22564673,BNO_GRV,2231,-3800,3,1.000000,-0.004395,-0.001404,0.000061
22575423,BNO_GRV,2232,-4500,3,1.000000,-0.004395,-0.001404,0.000061
22585226,BNO_GRV,2233,-4500,3,1.000000,-0.004395,-0.001404,0.000061
22595449,BNO_GRV,2234,-4300,3,1.000000,-0.004395,-0.001404,0.000061
22604987,BNO_GRV,2235,-4000,3,1.000000,-0.004395,-0.001404,0.000061
22615594,BNO_GRV,2236,-4200,3,1.000000,-0.004395,-0.001404,0.000061
22626292,BNO_GRV,2237,-4300,3,1.000000,-0.004395,-0.001404,0.000061
22635841,BNO_GRV,2238,-4000,3,1.000000,-0.004395,-0.001404,0.000061
22644997,BNO_GRV,2239,-4200,3,1.000000,-0.004395,-0.001465,0.000061
22655821,BNO_GRV,2240,-4300,3,1.000000,-0.004395,-0.001465,0.000061
22665712,BNO_GRV,2241,-4500,3,1.000000,-0.004395,-0.001465,0.000061
22676019,BNO_GRV,2242,-4500,3,1.000000,-0.004395,-0.001465,0.000061
22685236,BNO_GRV,2243,-4200,3,1.000000,-0.004395,-0.001465,0.000061
22697200,BNO_GRV,2244,-5600,3,1.000000,-0.004395,-0.001465,0.000061
22706088,BNO_GRV,2245,-4300,3,1.000000,-0.004395,-0.001465,0.000061
22715730,BNO_GRV,2246,-3800,3,1.000000,-0.004395,-0.001465,0.000061
22724812,BNO_GRV,2247,-3800,3,1.000000,-0.004395,-0.001465,0.000061
22735643,BNO_GRV,2248,-4300,3,1.000000,-0.004395,-0.001465,0.000061
22745389,BNO_GRV,2249,-4200,3,1.000000,-0.004395,-0.001465,0.000061
22756036,BNO_GRV,2250,-4500,3,1.000000,-0.004395,-0.001465,0.000061
22765644,BNO_GRV,2251,-4300,3,1.000000,-0.004395,-0.001465,0.000061
22775535,BNO_GRV,2252,-4300,3,1.000000,-0.004395,-0.001465,0.000061
22785593,BNO_GRV,2253,-4300,3,1.000000,-0.004395,-0.001465,0.000061
22795905,BNO_GRV,2254,-4300,3,1.000000,-0.004395,-0.001465,0.000000
22804983,BNO_GRV,2255,-3800,3,1.000000,-0.004395,-0.001465,0.000000
22816124,BNO_GRV,2256,-4300,3,1.000000,-0.004395,-0.001465,0.000061
22825403,BNO_GRV,2257,-4200,3,1.000000,-0.004395,-0.001465,0.000000
22836808,BNO_GRV,2258,-4700,3,1.000000,-0.004395,-0.001465,0.000000
22845529,BNO_GRV,2259,-4200,3,1.000000,-0.004395,-0.001465,0.000000
22856187,BNO_GRV,2260,-4200,3,1.000000,-0.004395,-0.001465,0.000000
22865700,BNO_GRV,2261,-4300,3,1.000000,-0.004395,-0.001465,0.000000
22876044,BNO_GRV,2262,-4300,3,1.000000,-0.004395,-0.001465,0.000000
22885059,BNO_GRV,2263,-3600,3,1.000000,-0.004395,-0.001465,0.000000
22896321,BNO_GRV,2264,-4300,3,1.000000,-0.004395,-0.001465,0.000000
22905656,BNO_GRV,2265,-4200,3,1.000000,-0.004395,-0.001465,0.000000
22916214,BNO_GRV,2266,-4300,3,1.000000,-0.004395,-0.001465,0.000000
22925224,BNO_GRV,2267,-3800,3,1.000000,-0.004395,-0.001465,0.000000
22936261,BNO_GRV,2268,-4300,3,1.000000,-0.004395,-0.001465,0.000000
22948408,BNO_GRV,2269,-6000,3,1.000000,-0.004395,-0.001465,0.000000
22956308,BNO_GRV,2270,-3400,3,1.000000,-0.004395,-0.001465,0.000000
22966513,BNO_GRV,2271,-4500,3,1.000000,-0.004395,-0.001465,0.000000
22975796,BNO_GRV,2272,-4200,3,1.000000,-0.004395,-0.001465,0.000000
22986190,BNO_GRV,2273,-4300,3,1.000000,-0.004395,-0.001465,0.000000
22996334,BNO_GRV,2274,-4200,3,1.000000,-0.004395,-0.001465,0.000000
23006367,BNO_GRV,2275,-4500,3,1.000000,-0.004395,-0.001465,0.000000
23015927,BNO_GRV,2276,-4200,3,1.000000,-0.004395,-0.001465,0.000000
23026345,BNO_GRV,2277,-4500,3,1.000000,-0.004395,-0.001465,0.000000
23036520,BNO_GRV,2278,-4000,3,1.000000,-0.004395,-0.001526,0.000000
23046788,BNO_GRV,2279,-4500,3,1.000000,-0.004395,-0.001526,0.000000
23056064,BNO_GRV,2280,-4300,3,1.000000,-0.004395,-0.001526,0.000000
23066670,BNO_GRV,2281,-4300,3,1.000000,-0.004395,-0.001526,0.000000
23076629,BNO_GRV,2282,-3600,3,1.000000,-0.004395,-0.001526,0.000000
23086676,BNO_GRV,2283,-4500,3,1.000000,-0.004395,-0.001465,0.000000
23096057,BNO_GRV,2284,-4200,3,1.000000,-0.004395,-0.001465,0.000000
23106660,BNO_GRV,2285,-4300,3,1.000000,-0.004395,-0.001465,0.000000
23116682,BNO_GRV,2286,-4000,3,1.000000,-0.004395,-0.001465,0.000000
23126954,BNO_GRV,2287,-4700,3,1.000000,-0.004395,-0.001465,0.000000
23136221,BNO_GRV,2288,-4300,3,1.000000,-0.004395,-0.001465,0.000000
23146712,BNO_GRV,2289,-4200,3,1.000000,-0.004395,-0.001465,0.000000
23157393,BNO_GRV,2290,-4500,3,1.000000,-0.004395,-0.001465,0.000000
23166913,BNO_GRV,2291,-4900,3,1.000000,-0.004395,-0.001465,0.000000
23176261,BNO_GRV,2292,-4200,3,1.000000,-0.004395,-0.001465,0.000000
23186904,BNO_GRV,2293,-4500,3,1.000000,-0.004333,-0.001465,0.000000
23196838,BNO_GRV,2294,-3800,3,1.000000,-0.004333,-0.001465,0.000000
23208084,BNO_GRV,2295,-5800,3,1.000000,-0.004333,-0.001465,0.000000
23216808,BNO_GRV,2296,-4300,3,1.000000,-0.004333,-0.001465,0.000000
23227158,BNO_GRV,2297,-4300,3,1.000000,-0.004333,-0.001465,0.000000
23237059,BNO_GRV,2298,-3800,3,1.000000,-0.004333,-0.001465,0.000000
23247374,BNO_GRV,2299,-4700,3,1.000000,-0.004333,-0.001465,0.000000
23256518,BNO_GRV,2300,-4200,3,1.000000,-0.004333,-0.001465,0.000000
23267213,BNO_GRV,2301,-4300,3,1.000000,-0.004333,-0.001404,0.000000
23277507,BNO_GRV,2302,-4200,3,1.000000,-0.004333,-0.001404,0.000000
23286943,BNO_GRV,2303,-4300,3,1.000000,-0.004333,-0.001404,0.000000
23296541,BNO_GRV,2304,-4200,3,1.000000,-0.004333,-0.001404,0.000000
23307250,BNO_GRV,2305,-4500,3,1.000000,-0.004333,-0.001404,0.000000
23317792,BNO_GRV,2306,-4500,3,1.000000,-0.004333,-0.001404,0.000000
23327215,BNO_GRV,2307,-4300,3,1.000000,-0.004333,-0.001404,0.000000
23336615,BNO_GRV,2308,-4200,3,1.000000,-0.004333,-0.001404,0.000000
23347192,BNO_GRV,2309,-4300,3,1.000000,-0.004333,-0.001404,0.000000
23356902,BNO_GRV,2310,-4500,3,1.000000,-0.004333,-0.001404,0.000000
23367093,BNO_GRV,2311,-4200,3,1.000000,-0.004395,-0.001404,0.000000
23376664,BNO_GRV,2312,-4200,3,1.000000,-0.004395,-0.001404,0.000000
23387375,BNO_GRV,2313,-4300,3,1.000000,-0.004395,-0.001404,0.000000
23397810,BNO_GRV,2314,-4300,3,1.000000,-0.004395,-0.001404,0.000000
23407250,BNO_GRV,2315,-4000,3,1.000000,-0.004395,-0.001404,0.000000
23416977,BNO_GRV,2316,-4200,3,1.000000,-0.004395,-0.001404,0.000000
23426881,BNO_GRV,2317,-4300,3,1.000000,-0.004395,-0.001404,0.000000
23437187,BNO_GRV,2318,-4500,3,1.000000,-0.004395,-0.001404,0.000000
23447473,BNO_GRV,2319,-4500,3,1.000000,-0.004395,-0.001404,0.000000
23458120,BNO_GRV,2320,-5400,3,1.000000,-0.004395,-0.001404,0.000000
23466836,BNO_GRV,2321,-4200,3,1.000000,-0.004395,-0.001404,0.000000
23477333,BNO_GRV,2322,-4500,3,1.000000,-0.004395,-0.001404,0.000000
23487647,BNO_GRV,2323,-4300,3,1.000000,-0.004395,-0.001404,0.000000
23496971,BNO_GRV,2324,-4200,3,1.000000,-0.004395,-0.001343,0.000000
23507690,BNO_GRV,2325,-4500,3,1.000000,-0.004395,-0.001343,0.000000
23517421,BNO_GRV,2326,-4500,3,1.000000,-0.004395,-0.001343,0.000000
23527800,BNO_GRV,2327,-4700,3,1.000000,-0.004395,-0.001343,0.000000
23537067,BNO_GRV,2328,-4200,3,1.000000,-0.004395,-0.001343,0.000000
23547892,BNO_GRV,2329,-4500,3,1.000000,-0.004395,-0.001343,0.000000
23558421,BNO_GRV,2330,-4500,3,1.000000,-0.004395,-0.001343,0.000000
23567688,BNO_GRV,2331,-3800,3,1.000000,-0.004395,-0.001343,0.000000
23576635,BNO_GRV,2332,-3600,3,1.000000,-0.004395,-0.001343,0.000000
23587375,BNO_GRV,2333,-4200,3,1.000000,-0.004395,-0.001343,0.000000
23597246,BNO_GRV,2334,-4200,3,1.000000,-0.004395,-0.001343,0.000000
23607552,BNO_GRV,2335,-4200,3,1.000000,-0.004395,-0.001343,0.000000
23617036,BNO_GRV,2336,-4000,3,1.000000,-0.004395,-0.001343,0.000000
23627791,BNO_GRV,2337,-4500,3,1.000000,-0.004395,-0.001343,0.000000
23637311,BNO_GRV,2338,-4300,3,1.000000,-0.004395,-0.001343,0.000000
23647687,BNO_GRV,2339,-4200,3,1.000000,-0.004395,-0.001343,0.000000
23656724,BNO_GRV,2340,-3800,3,1.000000,-0.004395,-0.001343,0.000000
23668016,BNO_GRV,2341,-4500,3,1.000000,-0.004395,-0.001343,0.000000
23677478,BNO_GRV,2342,-4500,3,1.000000,-0.004395,-0.001343,0.000000
23688589,BNO_GRV,2343,-4700,3,1.000000,-0.004395,-0.001343,0.000000
23697228,BNO_GRV,2344,-4000,3,1.000000,-0.004395,-0.001343,0.000000
23709333,BNO_GRV,2345,-5600,3,1.000000,-0.004395,-0.001343,0.000000
23718489,BNO_GRV,2346,-4500,3,1.000000,-0.004395,-0.001343,0.000000
23727955,BNO_GRV,2347,-3600,3,1.000000,-0.004395,-0.001343,0.000000
23736827,BNO_GRV,2348,-3800,3,1.000000,-0.004456,-0.001343,0.000000
23748025,BNO_GRV,2349,-4300,3,1.000000,-0.004456,-0.001343,0.000000
23757467,BNO_GRV,2350,-4200,3,1.000000,-0.004456,-0.001343,0.000000
23768239,BNO_GRV,2351,-4700,3,1.000000,-0.004456,-0.001343,0.000000
23777717,BNO_GRV,2352,-4300,3,1.000000,-0.004456,-0.001343,0.000000
23788397,BNO_GRV,2353,-4300,3,1.000000,-0.004456,-0.001343,0.000000
23797700,BNO_GRV,2354,-4200,3,1.000000,-0.004456,-0.001343,0.000000
23807997,BNO_GRV,2355,-4200,3,1.000000,-0.004456,-0.001343,0.000000
23817829,BNO_GRV,2356,-4300,3,1.000000,-0.004456,-0.001343,0.000000
23827678,BNO_GRV,2357,-4200,3,1.000000,-0.004456,-0.001343,0.000000
23838145,BNO_GRV,2358,-4500,3,1.000000,-0.004456,-0.001282,0.000000
23848019,BNO_GRV,2359,-4000,3,1.000000,-0.004456,-0.001282,0.000000
23857997,BNO_GRV,2360,-4300,3,1.000000,-0.004456,-0.001282,0.000000
23867627,BNO_GRV,2361,-4200,3,1.000000,-0.004456,-0.001282,0.000000
23878142,BNO_GRV,2362,-4300,3,1.000000,-0.004456,-0.001282,0.000000
23888434,BNO_GRV,2363,-4000,3,1.000000,-0.004456,-0.001282,0.000000
23898527,BNO_GRV,2364,-4500,3,1.000000,-0.004456,-0.001282,0.000000
23907802,BNO_GRV,2365,-4200,3,1.000000,-0.004456,-0.001282,0.000000
23918536,BNO_GRV,2366,-4300,3,1.000000,-0.004456,-0.001282,0.000000
23928884,BNO_GRV,2367,-4300,3,1.000000,-0.004456,-0.001282,0.000000
23938219,BNO_GRV,2368,-4500,3,1.000000,-0.004456,-0.001282,0.000000
23947997,BNO_GRV,2369,-4300,3,1.000000,-0.004456,-0.001282,0.000000
23960381,BNO_GRV,2370,-6200,3,1.000000,-0.004456,-0.001282,0.000000
23968466,BNO_GRV,2371,-3800,3,1.000000,-0.004456,-0.001282,0.000000
23978624,BNO_GRV,2372,-4500,3,1.000000,-0.004456,-0.001282,0.000000
23988052,BNO_GRV,2373,-4300,3,1.000000,-0.004456,-0.001282,0.000000
23998555,BNO_GRV,2374,-4300,3,1.000000,-0.004456,-0.001282,0.000000
24008790,BNO_GRV,2375,-4000,3,1.000000,-0.004456,-0.001282,0.000000
24018923,BNO_GRV,2376,-4500,3,1.000000,-0.004456,-0.001282,0.000000
24028162,BNO_GRV,2377,-4300,3,1.000000,-0.004456,-0.001282,0.000000
24038780,BNO_GRV,2378,-4500,3,1.000000,-0.004456,-0.001282,0.000000
24048715,BNO_GRV,2379,-3800,3,1.000000,-0.004456,-0.001282,0.000000
24058953,BNO_GRV,2380,-4500,3,1.000000,-0.004456,-0.001282,0.000000
24067992,BNO_GRV,2381,-4200,3,1.000000,-0.004456,-0.001282,0.000000
24078778,BNO_GRV,2382,-4300,3,1.000000,-0.004456,-0.001282,0.000000
24089105,BNO_GRV,2383,-4300,3,1.000000,-0.004456,-0.001282,0.000000
24098669,BNO_GRV,2384,-4300,3,1.000000,-0.004456,-0.001282,0.000000
24108114,BNO_GRV,2385,-4200,3,1.000000,-0.004456,-0.001282,0.000000
24118855,BNO_GRV,2386,-4200,3,1.000000,-0.004456,-0.001282,0.000000
24129384,BNO_GRV,2387,-4500,3,1.000000,-0.004456,-0.001282,0.000000
24138883,BNO_GRV,2388,-4300,3,1.000000,-0.004456,-0.001282,0.000000
24148336,BNO_GRV,2389,-4200,3,1.000000,-0.004456,-0.001282,0.000000
24159112,BNO_GRV,2390,-4500,3,1.000000,-0.004456,-0.001282,0.000000
24169479,BNO_GRV,2391,-4300,3,1.000000,-0.004456,-0.001282,0.000000
24178929,BNO_GRV,2392,-4200,3,1.000000,-0.004456,-0.001282,0.000000
24188320,BNO_GRV,2393,-4200,3,1.000000,-0.004456,-0.001282,0.000000
24199168,BNO_GRV,2394,-4300,3,1.000000,-0.004456,-0.001282,0.000000
24210934,BNO_GRV,2395,-5800,3,1.000000,-0.004456,-0.001282,0.000000
24218688,BNO_GRV,2396,-4000,3,1.000000,-0.004456,-0.001282,0.000000
24228450,BNO_GRV,2397,-4200,3,1.000000,-0.004456,-0.001282,0.000000
24239102,BNO_GRV,2398,-4300,3,1.000000,-0.004456,-0.001282,0.000000
24249595,BNO_GRV,2399,-4300,3,1.000000,-0.004456,-0.001282,0.000000
24259039,BNO_GRV,2400,-4000,3,1.000000,-0.004456,-0.001282,0.000000
24268675,BNO_GRV,2401,-4200,3,1.000000,-0.004456,-0.001282,0.000000
24279322,BNO_GRV,2402,-4500,3,1.000000,-0.004456,-0.001282,0.000000
24289814,BNO_GRV,2403,-4200,3,1.000000,-0.004456,-0.001282,0.000000
24299293,BNO_GRV,2404,-4200,3,1.000000,-0.004456,-0.001282,0.000000
24309000,BNO_GRV,2405,-4300,3,1.000000,-0.004395,-0.001282,0.000000
24318724,BNO_GRV,2406,-4200,3,1.000000,-0.004395,-0.001282,0.000000
24329124,BNO_GRV,2407,-4700,3,1.000000,-0.004395,-0.001282,0.000000
24339554,BNO_GRV,2408,-4700,3,1.000000,-0.004395,-0.001282,0.000000
24348872,BNO_GRV,2409,-4300,3,1.000000,-0.004395,-0.001282,0.000000
24358892,BNO_GRV,2410,-4200,3,1.000000,-0.004395,-0.001282,0.000000
24369178,BNO_GRV,2411,-4500,3,1.000000,-0.004395,-0.001282,0.000000
24379419,BNO_GRV,2412,-4300,3,1.000000,-0.004395,-0.001282,0.000000
24388652,BNO_GRV,2413,-4200,3,1.000000,-0.004395,-0.001282,0.000000
24399241,BNO_GRV,2414,-4200,3,1.000000,-0.004395,-0.001282,0.000000
24410171,BNO_GRV,2415,-4500,3,1.000000,-0.004456,-0.001282,0.000000
24419548,BNO_GRV,2416,-4000,3,1.000000,-0.004456,-0.001282,0.000000
24428581,BNO_GRV,2417,-4000,3,1.000000,-0.004456,-0.001282,0.000000
24439410,BNO_GRV,2418,-4200,3,1.000000,-0.004456,-0.001282,0.000000
24448887,BNO_GRV,2419,-4200,3,1.000000,-0.004456,-0.001282,0.000000
24459365,BNO_GRV,2420,-4200,3,1.000000,-0.004456,-0.001282,0.000000
24470236,BNO_GRV,2421,-5400,3,1.000000,-0.004456,-0.001282,0.000000
24478919,BNO_GRV,2422,-4200,3,1.000000,-0.004456,-0.001282,0.000000
24489504,BNO_GRV,2423,-4700,3,1.000000,-0.004456,-0.001282,0.000000
24499447,BNO_GRV,2424,-4000,3,1.000000,-0.004456,-0.001282,0.000000
24508882,BNO_GRV,2425,-4000,3,1.000000,-0.004456,-0.001282,0.000000
24519631,BNO_GRV,2426,-4500,3,1.000000,-0.004456,-0.001282,0.000000
24530082,BNO_GRV,2427,-4500,3,1.000000,-0.004456,-0.001282,0.000000
24539527,BNO_GRV,2428,-3600,3,1.000000,-0.004456,-0.001282,0.000000
24548974,BNO_GRV,2429,-4000,3,1.000000,-0.004456,-0.001282,0.000000
24559740,BNO_GRV,2430,-4300,3,1.000000,-0.004517,-0.001282,0.000000
24569070,BNO_GRV,2431,-4200,3,1.000000,-0.004517,-0.001282,0.000000
24579678,BNO_GRV,2432,-4300,3,1.000000,-0.004517,-0.001282,0.000000
24588751,BNO_GRV,2433,-3800,3,1.000000,-0.004517,-0.001282,0.000000
24599804,BNO_GRV,2434,-4300,3,1.000000,-0.004517,-0.001282,0.000000
24609245,BNO_GRV,2435,-4200,3,1.000000,-0.004517,-0.001282,0.000000
24619795,BNO_GRV,2436,-4300,3,1.000000,-0.004517,-0.001282,0.000000
24628803,BNO_GRV,2437,-3800,3,1.000000,-0.004517,-0.001282,0.000000
24639888,BNO_GRV,2438,-4200,3,1.000000,-0.004517,-0.001282,0.000000
24649608,BNO_GRV,2439,-4500,3,1.000000,-0.004517,-0.001282,0.000000
24659903,BNO_GRV,2440,-4300,3,1.000000,-0.004517,-0.001282,0.000000
24668931,BNO_GRV,2441,-3800,3,1.000000,-0.004517,-0.001282,0.000000
24679820,BNO_GRV,2442,-4200,3,1.000000,-0.004517,-0.001282,0.000000
24690154,BNO_GRV,2443,-4300,3,1.000000,-0.004517,-0.001282,0.000000
24699891,BNO_GRV,2444,-3600,3,1.000000,-0.004517,-0.001282,0.000000
24709710,BNO_GRV,2445,-4300,3,1.000000,-0.004517,-0.001282,0.000000
24720680,BNO_GRV,2446,-5400,3,1.000000,-0.004517,-0.001221,0.000000
24729567,BNO_GRV,2447,-4200,3,1.000000,-0.004517,-0.001221,0.000000
24740053,BNO_GRV,2448,-4500,3,1.000000,-0.004578,-0.001221,0.000000
24750193,BNO_GRV,2449,-4500,3,1.000000,-0.004578,-0.001221,0.000000
24759694,BNO_GRV,2450,-4300,3,1.000000,-0.004578,-0.001221,0.000000
24769952,BNO_GRV,2451,-4300,3,1.000000,-0.004578,-0.001221,0.000000
24780780,BNO_GRV,2452,-4500,3,1.000000,-0.004578,-0.001221,0.000000
24790106,BNO_GRV,2453,-4500,3,1.000000,-0.004578,-0.001221,0.000000
24799688,BNO_GRV,2454,-4200,3,1.000000,-0.004578,-0.001221,0.000000
24810328,BNO_GRV,2455,-4300,3,1.000000,-0.004517,-0.001221,0.000000
24820253,BNO_GRV,2456,-3800,3,1.000000,-0.004517,-0.001221,0.000000
24830490,BNO_GRV,2457,-4700,3,1.000000,-0.004517,-0.001221,0.000000
24839715,BNO_GRV,2458,-4200,3,1.000000,-0.004517,-0.001221,0.000000
24850219,BNO_GRV,2459,-4300,3,1.000000,-0.004517,-0.001221,0.000000
24860432,BNO_GRV,2460,-4000,3,1.000000,-0.004517,-0.001221,0.000000
24870633,BNO_GRV,2461,-4500,3,1.000000,-0.004517,-0.001221,0.000000
24879766,BNO_GRV,2462,-4200,3,1.000000,-0.004517,-0.001221,0.000000
24890350,BNO_GRV,2463,-4200,3,1.000000,-0.004517,-0.001221,0.000000
24900415,BNO_GRV,2464,-3800,3,1.000000,-0.004517,-0.001221,0.000000
24910599,BNO_GRV,2465,-4500,3,1.000000,-0.004517,-0.001221,0.000000
24919998,BNO_GRV,2466,-4300,3,1.000000,-0.004517,-0.001221,0.000000
24930614,BNO_GRV,2467,-4300,3,1.000000,-0.004517,-0.001221,0.000000
24940442,BNO_GRV,2468,-3800,3,1.000000,-0.004517,-0.001221,0.000000
24950553,BNO_GRV,2469,-4500,3,1.000000,-0.004517,-0.001221,0.000000
24960033,BNO_GRV,2470,-4200,3,1.000000,-0.004517,-0.001221,0.000000
24972566,BNO_GRV,2471,-6200,3,1.000000,-0.004517,-0.001221,0.000000
24980565,BNO_GRV,2472,-3600,3,1.000000,-0.004517,-0.001221,0.000000
24990833,BNO_GRV,2473,-4500,3,1.000000,-0.004517,-0.001221,0.000000
24999999,BNO_GRV,2474,-4200,3,1.000000,-0.004517,-0.001221,0.000000
25010655,BNO_GRV,2475,-4200,3,1.000000,-0.004517,-0.001221,0.000000
25021254,BNO_GRV,2476,-4300,3,1.000000,-0.004517,-0.001221,0.000000
25030588,BNO_GRV,2477,-4200,3,1.000000,-0.004517,-0.001221,0.000000
25040046,BNO_GRV,2478,-4200,3,1.000000,-0.004517,-0.001221,0.000000
25050668,BNO_GRV,2479,-4300,3,1.000000,-0.004517,-0.001221,0.000000
25061361,BNO_GRV,2480,-4500,3,1.000000,-0.004517,-0.001221,0.000000
25070907,BNO_GRV,2481,-4200,3,1.000000,-0.004517,-0.001221,0.000000
25080380,BNO_GRV,2482,-4300,3,1.000000,-0.004517,-0.001221,0.000000
25090328,BNO_GRV,2483,-4300,3,1.000000,-0.004517,-0.001221,0.000000
25100566,BNO_GRV,2484,-4300,3,1.000000,-0.004517,-0.001221,0.000000
25110971,BNO_GRV,2485,-4300,3,1.000000,-0.004517,-0.001221,0.000000
25120323,BNO_GRV,2486,-4200,3,1.000000,-0.004517,-0.001221,0.000000
25131180,BNO_GRV,2487,-4300,3,1.000000,-0.004517,-0.001221,0.000000
25141635,BNO_GRV,2488,-4500,3,1.000000,-0.004517,-0.001221,0.000000
25151213,BNO_GRV,2489,-4300,3,1.000000,-0.004517,-0.001221,0.000000
25160737,BNO_GRV,2490,-4200,3,1.000000,-0.004517,-0.001221,0.000000
25170459,BNO_GRV,2491,-4200,3,1.000000,-0.004517,-0.001221,0.000000
25180761,BNO_GRV,2492,-4500,3,1.000000,-0.004517,-0.001221,0.000000
25190945,BNO_GRV,2493,-4300,3,1.000000,-0.004456,-0.001221,0.000000
25200030,BNO_GRV,2494,-3800,3,1.000000,-0.004456,-0.001221,0.000000
25210686,BNO_GRV,2495,-4300,3,1.000000,-0.004456,-0.001221,0.000000
25220782,BNO_GRV,2496,-4300,3,1.000000,-0.004456,-0.001221,0.000000
25232379,BNO_GRV,2497,-5600,3,1.000000,-0.004456,-0.001221,0.000000
25240546,BNO_GRV,2498,-4200,3,1.000000,-0.004456,-0.001221,0.000000
25251215,BNO_GRV,2499,-4300,3,1.000000,-0.004456,-0.001221,0.000000
25261796,BNO_GRV,2500,-4500,3,1.000000,-0.004456,-0.001221,0.000000
25271243,BNO_GRV,2501,-3800,3,1.000000,-0.004456,-0.001221,0.000000
25280142,BNO_GRV,2502,-3800,3,1.000000,-0.004456,-0.001221,0.000000
25290946,BNO_GRV,2503,-4300,3,1.000000,-0.004456,-0.001221,0.000000
25301020,BNO_GRV,2504,-4500,3,1.000000,-0.004456,-0.001221,0.000000
25311255,BNO_GRV,2505,-4300,3,1.000000,-0.004456,-0.001221,0.000000
25320279,BNO_GRV,2506,-3800,3,1.000000,-0.004456,-0.001221,0.000000
25331015,BNO_GRV,2507,-4200,3,1.000000,-0.004456,-0.001221,0.000000
25341505,BNO_GRV,2508,-4700,3,1.000000,-0.004456,-0.001221,0.000000
25351199,BNO_GRV,2509,-3600,3,1.000000,-0.004456,-0.001221,0.000000
25360702,BNO_GRV,2510,-4200,3,1.000000,-0.004456,-0.001221,0.000000
25371327,BNO_GRV,2511,-4200,3,1.000000,-0.004456,-0.001221,0.000000
25380991,BNO_GRV,2512,-4300,3,1.000000,-0.004456,-0.001221,0.000000
25391244,BNO_GRV,2513,-4200,3,1.000000,-0.004456,-0.001221,0.000000
25400743,BNO_GRV,2514,-4000,3,1.000000,-0.004456,-0.001221,0.000000
25411636,BNO_GRV,2515,-4300,3,1.000000,-0.004456,-0.001221,0.000000
25420973,BNO_GRV,2516,-4300,3,1.000000,-0.004456,-0.001221,0.000000
25431514,BNO_GRV,2517,-4300,3,1.000000,-0.004456,-0.001221,0.000000
25440508,BNO_GRV,2518,-3800,3,1.000000,-0.004456,-0.001221,0.000000
25451454,BNO_GRV,2519,-4200,3,1.000000,-0.004456,-0.001221,0.000000
25461062,BNO_GRV,2520,-4200,3,1.000000,-0.004456,-0.001221,0.000000
25471445,BNO_GRV,2521,-4200,3,1.000000,-0.004456,-0.001221,0.000000
25482024,BNO_GRV,2522,-5100,3,1.000000,-0.004456,-0.001221,0.000000
25491028,BNO_GRV,2523,-4200,3,1.000000,-0.004456,-0.001221,0.000000
25501415,BNO_GRV,2524,-4500,3,1.000000,-0.004456,-0.001221,0.000000
25511661,BNO_GRV,2525,-4200,3,1.000000,-0.004456,-0.001221,0.000000
25520602,BNO_GRV,2526,-3600,3,1.000000,-0.004456,-0.001221,0.000000
25531594,BNO_GRV,2527,-4200,3,1.000000,-0.004456,-0.001221,0.000000
25541171,BNO_GRV,2528,-4200,3,1.000000,-0.004456,-0.001221,0.000000
25552334,BNO_GRV,2529,-4500,3,1.000000,-0.004456,-0.001221,0.000000
25561706,BNO_GRV,2530,-4500,3,1.000000,-0.004456,-0.001221,0.000000
25571261,BNO_GRV,2531,-4200,3,1.000000,-0.004456,-0.001221,0.000000
25581614,BNO_GRV,2532,-4300,3,1.000000,-0.004456,-0.001221,0.000000
25591683,BNO_GRV,2533,-4000,3,1.000000,-0.004456,-0.001221,0.000000
25601671,BNO_GRV,2534,-4300,3,1.000000,-0.004456,-0.001221,0.000000
25611400,BNO_GRV,2535,-4200,3,1.000000,-0.004456,-0.001221,0.000000
25621636,BNO_GRV,2536,-4300,3,1.000000,-0.004456,-0.001221,0.000000
25632494,BNO_GRV,2537,-4700,3,1.000000,-0.004456,-0.001221,0.000000
25641741,BNO_GRV,2538,-4500,3,1.000000,-0.004456,-0.001221,0.000000
25651418,BNO_GRV,2539,-4200,3,1.000000,-0.004456,-0.001221,0.000000
25661903,BNO_GRV,2540,-4300,3,1.000000,-0.004456,-0.001221,0.000000
25672588,BNO_GRV,2541,-4500,3,1.000000,-0.004456,-0.001221,0.000000
25681910,BNO_GRV,2542,-4700,3,1.000000,-0.004456,-0.001221,0.000000
25691482,BNO_GRV,2543,-4200,3,1.000000,-0.004456,-0.001221,0.000000
25701962,BNO_GRV,2544,-4300,3,1.000000,-0.004456,-0.001221,0.000000
25712181,BNO_GRV,2545,-4000,3,1.000000,-0.004456,-0.001221,0.000000
25722294,BNO_GRV,2546,-4500,3,1.000000,-0.004456,-0.001221,0.000000
25732950,BNO_GRV,2547,-5600,3,1.000000,-0.004456,-0.001221,0.000000
25741653,BNO_GRV,2548,-4200,3,1.000000,-0.004456,-0.001221,0.000000
25752753,BNO_GRV,2549,-4700,3,1.000000,-0.004456,-0.001221,0.000000
25762126,BNO_GRV,2550,-4700,3,1.000000,-0.004456,-0.001221,0.000000
25771652,BNO_GRV,2551,-4200,3,1.000000,-0.004517,-0.001221,0.000000
25782266,BNO_GRV,2552,-4300,3,1.000000,-0.004517,-0.001221,0.000000
25792629,BNO_GRV,2553,-4200,3,1.000000,-0.004517,-0.001221,0.000000
25802222,BNO_GRV,2554,-4500,3,1.000000,-0.004517,-0.001221,0.000000
25811846,BNO_GRV,2555,-4300,3,1.000000,-0.004517,-0.001221,0.000000
25822481,BNO_GRV,2556,-4300,3,1.000000,-0.004517,-0.001221,0.000000
25832792,BNO_GRV,2557,-4200,3,1.000000,-0.004517,-0.001221,0.000000
25842327,BNO_GRV,2558,-4500,3,1.000000,-0.004517,-0.001221,0.000000
25851745,BNO_GRV,2559,-4200,3,1.000000,-0.004517,-0.001221,0.000000
25862315,BNO_GRV,2560,-4300,3,1.000000,-0.004517,-0.001221,0.000000
25872710,BNO_GRV,2561,-4300,3,1.000000,-0.004517,-0.001221,0.000000
25882967,BNO_GRV,2562,-4500,3,1.000000,-0.004517,-0.001221,0.000000
25892031,BNO_GRV,2563,-4300,3,1.000000,-0.004517,-0.001221,0.000000
25902772,BNO_GRV,2564,-4300,3,1.000000,-0.004517,-0.001221,0.000000
25913142,BNO_GRV,2565,-4200,3,1.000000,-0.004517,-0.001221,0.000000
25922654,BNO_GRV,2566,-4500,3,1.000000,-0.004517,-0.001221,0.000000
25932128,BNO_GRV,2567,-4200,3,1.000000,-0.004517,-0.001221,0.000000
25942760,BNO_GRV,2568,-4200,3,1.000000,-0.004517,-0.001221,0.000000
25953227,BNO_GRV,2569,-4200,3,1.000000,-0.004517,-0.001221,0.000000
25962679,BNO_GRV,2570,-4300,3,1.000000,-0.004517,-0.001221,0.000000
25972215,BNO_GRV,2571,-4200,3,1.000000,-0.004517,-0.001221,0.000000
25984275,BNO_GRV,2572,-5800,3,1.000000,-0.004517,-0.001221,0.000000
25992105,BNO_GRV,2573,-4200,3,1.000000,-0.004517,-0.001221,0.000000
26003273,BNO_GRV,2574,-4700,3,1.000000,-0.004517,-0.001221,0.000000
26012559,BNO_GRV,2575,-4300,3,1.000000,-0.004517,-0.001221,0.000000
26022193,BNO_GRV,2576,-4200,3,1.000000,-0.004517,-0.001221,0.000000
26033105,BNO_GRV,2577,-4700,3,1.000000,-0.004517,-0.001221,0.000000
26043465,BNO_GRV,2578,-4700,3,1.000000,-0.004517,-0.001221,0.000000
26052692,BNO_GRV,2579,-4200,3,1.000000,-0.004517,-0.001221,0.000000
26062386,BNO_GRV,2580,-4300,3,1.000000,-0.004517,-0.001221,0.000000
26072708,BNO_GRV,2581,-4500,3,1.000000,-0.004517,-0.001221,0.000000
26082722,BNO_GRV,2582,-4000,3,1.000000,-0.004517,-0.001221,0.000000
26092266,BNO_GRV,2583,-4000,3,1.000000,-0.004517,-0.001221,0.000000
26102834,BNO_GRV,2584,-4200,3,1.000000,-0.004517,-0.001221,0.000000
26112747,BNO_GRV,2585,-4500,3,1.000000,-0.004517,-0.001221,0.000000
26122922,BNO_GRV,2586,-4300,3,1.000000,-0.004517,-0.001221,0.000000
26132095,BNO_GRV,2587,-3800,3,1.000000,-0.004517,-0.001221,0.000000
26142855,BNO_GRV,2588,-4300,3,1.000000,-0.004517,-0.001221,0.000000
26152814,BNO_GRV,2589,-4500,3,1.000000,-0.004517,-0.001221,0.000000
26162891,BNO_GRV,2590,-4200,3,1.000000,-0.004517,-0.001221,0.000000
26172380,BNO_GRV,2591,-4000,3,1.000000,-0.004517,-0.001221,0.000000
26182951,BNO_GRV,2592,-4300,3,1.000000,-0.004517,-0.001221,0.000000
26193969,BNO_GRV,2593,-4700,3,1.000000,-0.004517,-0.001221,0.000000
26203406,BNO_GRV,2594,-3800,3,1.000000,-0.004517,-0.001221,0.000000
26212295,BNO_GRV,2595,-4000,3,1.000000,-0.004517,-0.001221,0.000000
26223051,BNO_GRV,2596,-4300,3,1.000000,-0.004517,-0.001221,0.000000
26234452,BNO_GRV,2597,-5300,3,1.000000,-0.004517,-0.001221,0.000000
26243174,BNO_GRV,2598,-4300,3,1.000000,-0.004517,-0.001221,0.000000
26252088,BNO_GRV,2599,-3600,3,1.000000,-0.004517,-0.001221,0.000000
26263309,BNO_GRV,2600,-4300,3,1.000000,-0.004517,-0.001221,0.000000
26272957,BNO_GRV,2601,-4300,3,1.000000,-0.004517,-0.001221,0.000000
26283208,BNO_GRV,2602,-4300,3,1.000000,-0.004517,-0.001221,0.000000
26292598,BNO_GRV,2603,-4000,3,1.000000,-0.004517,-0.001221,0.000000
26303369,BNO_GRV,2604,-4300,3,1.000000,-0.004517,-0.001221,0.000000
26312922,BNO_GRV,2605,-4300,3,1.000000,-0.004517,-0.001221,0.000000
26323248,BNO_GRV,2606,-4300,3,1.000000,-0.004517,-0.001221,0.000000
26332695,BNO_GRV,2607,-4200,3,1.000000,-0.004517,-0.001221,0.000000
26343523,BNO_GRV,2608,-4300,3,1.000000,-0.004517,-0.001221,0.000000
26352920,BNO_GRV,2609,-4200,3,1.000000,-0.004517,-0.001221,0.000000
26363341,BNO_GRV,2610,-4300,3,1.000000,-0.004517,-0.001221,0.000000
26372566,BNO_GRV,2611,-4000,3,1.000000,-0.004517,-0.001221,0.000000
26383482,BNO_GRV,2612,-4200,3,1.000000,-0.004517,-0.001221,0.000000
26394145,BNO_GRV,2613,-4700,3,1.000000,-0.004517,-0.001221,0.000000
26403568,BNO_GRV,2614,-3600,3,1.000000,-0.004517,-0.001221,0.000000
26412418,BNO_GRV,2615,-3600,3,1.000000,-0.004517,-0.001221,0.000000
26423480,BNO_GRV,2616,-4500,3,1.000000,-0.004517,-0.001221,0.000000
26432979,BNO_GRV,2617,-4200,3,1.000000,-0.004517,-0.001221,0.000000
26444263,BNO_GRV,2618,-4900,3,1.000000,-0.004517,-0.001221,0.000000
26453652,BNO_GRV,2619,-4700,3,1.000000,-0.004517,-0.001221,0.000000
26463227,BNO_GRV,2620,-4300,3,1.000000,-0.004517,-0.001221,0.000000
26473673,BNO_GRV,2621,-4500,3,1.000000,-0.004517,-0.001221,0.000000
26485460,BNO_GRV,2622,-5600,3,1.000000,-0.004517,-0.001221,0.000000
26493239,BNO_GRV,2623,-4300,3,1.000000,-0.004517,-0.001221,0.000000
26503293,BNO_GRV,2624,-4300,3,1.000000,-0.004517,-0.001221,0.000000
26513726,BNO_GRV,2625,-4300,3,1.000000,-0.004517,-0.001221,0.000000
26523984,BNO_GRV,2626,-4200,3,1.000000,-0.004517,-0.001221,0.000000
26533290,BNO_GRV,2627,-4200,3,1.000000,-0.004456,-0.001221,0.000000
26543343,BNO_GRV,2628,-4200,3,1.000000,-0.004456,-0.001221,0.000000
26553607,BNO_GRV,2629,-4500,3,1.000000,-0.004456,-0.001221,0.000000
26563917,BNO_GRV,2630,-4200,3,1.000000,-0.004456,-0.001282,0.000000
26573871,BNO_GRV,2631,-4300,3,1.000000,-0.004456,-0.001282,0.000000
26583355,BNO_GRV,2632,-4200,3,1.000000,-0.004456,-0.001282,0.000000
26593768,BNO_GRV,2633,-4200,3,1.000000,-0.004456,-0.001282,0.000000
26604020,BNO_GRV,2634,-4000,3,1.000000,-0.004456,-0.001282,0.000000
26614289,BNO_GRV,2635,-4500,3,1.000000,-0.004456,-0.001282,0.000000
26623453,BNO_GRV,2636,-4200,3,1.000000,-0.004456,-0.001282,0.000000
26634130,BNO_GRV,2637,-4500,3,1.000000,-0.004456,-0.001282,0.000000
26644010,BNO_GRV,2638,-3800,3,1.000000,-0.004456,-0.001282,0.000000
26654167,BNO_GRV,2639,-4500,3,1.000000,-0.004456,-0.001282,0.000000
26663613,BNO_GRV,2640,-4200,3,1.000000,-0.004456,-0.001282,0.000000
26674286,BNO_GRV,2641,-4300,3,1.000000,-0.004456,-0.001282,0.000000
26684074,BNO_GRV,2642,-3800,3,1.000000,-0.004456,-0.001282,0.000000
26694186,BNO_GRV,2643,-4500,3,1.000000,-0.004456,-0.001282,0.000000
26703579,BNO_GRV,2644,-4000,3,1.000000,-0.004456,-0.001282,0.000000
26714224,BNO_GRV,2645,-4300,3,1.000000,-0.004456,-0.001282,0.000000
26724557,BNO_GRV,2646,-4200,3,1.000000,-0.004456,-0.001343,0.000000
26735815,BNO_GRV,2647,-5600,3,1.000000,-0.004456,-0.001343,0.000000
26743417,BNO_GRV,2648,-4000,3,1.000000,-0.004456,-0.001343,0.000000
26754275,BNO_GRV,2649,-4300,3,1.000000,-0.004456,-0.001343,0.000000
26764781,BNO_GRV,2650,-4700,3,1.000000,-0.004456,-0.001343,0.000000
26774314,BNO_GRV,2651,-4300,3,1.000000,-0.004456,-0.001343,0.000000
26783932,BNO_GRV,2652,-4300,3,1.000000,-0.004456,-0.001343,0.000000
26794072,BNO_GRV,2653,-4200,3,1.000000,-0.004456,-0.001343,0.000000
26804545,BNO_GRV,2654,-4500,3,1.000000,-0.004456,-0.001343,0.000000
26814632,BNO_GRV,2655,-4500,3,1.000000,-0.004456,-0.001343,0.000000
26823847,BNO_GRV,2656,-4200,3,1.000000,-0.004456,-0.001343,0.000000
26834718,BNO_GRV,2657,-4300,3,1.000000,-0.004456,-0.001343,0.000000
26845139,BNO_GRV,2658,-4500,3,1.000000,-0.004456,-0.001343,0.000000
26854666,BNO_GRV,2659,-4300,3,1.000000,-0.004456,-0.001343,0.000000
26864147,BNO_GRV,2660,-4200,3,1.000000,-0.004456,-0.001343,0.000000
26874084,BNO_GRV,2661,-4300,3,1.000000,-0.004456,-0.001343,0.000000
26884310,BNO_GRV,2662,-4500,3,1.000000,-0.004456,-0.001343,0.000000
26894650,BNO_GRV,2663,-4200,3,1.000000,-0.004456,-0.001343,0.000000
26904206,BNO_GRV,2664,-4300,3,1.000000,-0.004456,-0.001343,0.000000
26915050,BNO_GRV,2665,-4500,3,1.000000,-0.004456,-0.001404,0.000000
26924546,BNO_GRV,2666,-4700,3,1.000000,-0.004456,-0.001404,0.000000
26934564,BNO_GRV,2667,-4000,3,1.000000,-0.004456,-0.001404,0.000000
26944048,BNO_GRV,2668,-4000,3,1.000000,-0.004456,-0.001404,0.000000
26954661,BNO_GRV,2669,-4200,3,1.000000,-0.004456,-0.001404,0.000000
26965079,BNO_GRV,2670,-4200,3,1.000000,-0.004456,-0.001404,0.000000
26975318,BNO_GRV,2671,-4500,3,1.000000,-0.004456,-0.001404,0.000000
26986086,BNO_GRV,2672,-5600,3,1.000000,-0.004456,-0.001404,0.000000
26994660,BNO_GRV,2673,-4200,3,1.000000,-0.004456,-0.001404,0.000000
27005148,BNO_GRV,2674,-4300,3,1.000000,-0.004456,-0.001404,0.000000
27015432,BNO_GRV,2675,-4700,3,1.000000,-0.004456,-0.001404,0.000000
27024274,BNO_GRV,2676,-4200,3,1.000000,-0.004456,-0.001404,0.000000
27035061,BNO_GRV,2677,-4300,3,1.000000,-0.004456,-0.001404,0.000000
27045510,BNO_GRV,2678,-4300,3,1.000000,-0.004456,-0.001404,0.000000
27054978,BNO_GRV,2679,-3800,3,1.000000,-0.004456,-0.001404,0.000000
27063832,BNO_GRV,2680,-3800,3,1.000000,-0.004456,-0.001404,0.000000
27074743,BNO_GRV,2681,-4500,3,1.000000,-0.004456,-0.001404,0.000000
27084554,BNO_GRV,2682,-4300,3,1.000000,-0.004456,-0.001404,0.000000
27094872,BNO_GRV,2683,-4200,3,1.000000,-0.004456,-0.001404,0.000000
27104363,BNO_GRV,2684,-4000,3,1.000000,-0.004456,-0.001404,0.000000
27115103,BNO_GRV,2685,-4300,3,1.000000,-0.004456,-0.001404,0.000000
27124581,BNO_GRV,2686,-4300,3,1.000000,-0.004517,-0.001404,0.000000
27135020,BNO_GRV,2687,-4300,3,1.000000,-0.004456,-0.001404,0.000000
27144482,BNO_GRV,2688,-4200,3,1.000000,-0.004456,-0.001404,0.000000
27155234,BNO_GRV,2689,-4300,3,1.000000,-0.004456,-0.001404,0.000000
27164733,BNO_GRV,2690,-4300,3,1.000000,-0.004456,-0.001404,0.000000
27175003,BNO_GRV,2691,-4200,3,1.000000,-0.004456,-0.001404,0.000000
27184504,BNO_GRV,2692,-4200,3,1.000000,-0.004456,-0.001404,0.000000
27195289,BNO_GRV,2693,-4300,3,1.000000,-0.004456,-0.001404,0.000000
27204588,BNO_GRV,2694,-4000,3,1.000000,-0.004456,-0.001404,0.000000
27215263,BNO_GRV,2695,-4500,3,1.000000,-0.004456,-0.001404,0.000000
27224165,BNO_GRV,2696,-3800,3,1.000000,-0.004456,-0.001404,0.000000
27236412,BNO_GRV,2697,-5400,3,1.000000,-0.004456,-0.001404,0.000000
27245676,BNO_GRV,2698,-4500,3,1.000000,-0.004456,-0.001404,0.000000
27255263,BNO_GRV,2699,-3600,3,1.000000,-0.004456,-0.001404,0.000000
27264261,BNO_GRV,2700,-3600,3,1.000000,-0.004456,-0.001404,0.000000
27275227,BNO_GRV,2701,-4300,3,1.000000,-0.004456,-0.001404,0.000000
27285773,BNO_GRV,2702,-4500,3,1.000000,-0.004456,-0.001404,0.000000
27295551,BNO_GRV,2703,-3800,3,1.000000,-0.004456,-0.001404,0.000000
27305043,BNO_GRV,2704,-4300,3,1.000000,-0.004456,-0.001404,0.000000
27314952,BNO_GRV,2705,-4200,3,1.000000,-0.004456,-0.001404,0.000000
27325334,BNO_GRV,2706,-4300,3,1.000000,-0.004456,-0.001404,0.000000
27335354,BNO_GRV,2707,-4000,3,1.000000,-0.004456,-0.001404,0.000000
27345593,BNO_GRV,2708,-4500,3,1.000000,-0.004456,-0.001404,0.000000
27354967,BNO_GRV,2709,-4200,3,1.000000,-0.004456,-0.001343,0.000000
27365278,BNO_GRV,2710,-4500,3,1.000000,-0.004456,-0.001343,0.000000
27375401,BNO_GRV,2711,-4000,3,1.000000,-0.004456,-0.001343,0.000000
27385345,BNO_GRV,2712,-4300,3,1.000000,-0.004456,-0.001343,0.000000
27394928,BNO_GRV,2713,-4000,3,1.000000,-0.004456,-0.001343,0.000000
27405740,BNO_GRV,2714,-4500,3,1.000000,-0.004456,-0.001343,0.000000
27416125,BNO_GRV,2715,-4300,3,1.000000,-0.004456,-0.001343,0.000000
27425445,BNO_GRV,2716,-4500,3,1.000000,-0.004456,-0.001343,0.000000
27435179,BNO_GRV,2717,-4200,3,1.000000,-0.004456,-0.001343,0.000000
27445879,BNO_GRV,2718,-4500,3,1.000000,-0.004456,-0.001343,0.000000
27455622,BNO_GRV,2719,-3800,3,1.000000,-0.004456,-0.001343,0.000000
27465684,BNO_GRV,2720,-4500,3,1.000000,-0.004456,-0.001343,0.000000
27475284,BNO_GRV,2721,-4200,3,1.000000,-0.004456,-0.001343,0.000000
27487708,BNO_GRV,2722,-6200,3,1.000000,-0.004456,-0.001343,0.000000
27495938,BNO_GRV,2723,-3800,3,1.000000,-0.004456,-0.001343,0.000000
27506107,BNO_GRV,2724,-4500,3,1.000000,-0.004456,-0.001343,0.000000
27515354,BNO_GRV,2725,-4200,3,1.000000,-0.004456,-0.001343,0.000000
27525914,BNO_GRV,2726,-4200,3,1.000000,-0.004456,-0.001343,0.000000
27536255,BNO_GRV,2727,-4000,3,1.000000,-0.004456,-0.001343,0.000000
27546333,BNO_GRV,2728,-4500,3,1.000000,-0.004456,-0.001343,0.000000
27555379,BNO_GRV,2729,-4200,3,1.000000,-0.004456,-0.001343,0.000000
27565931,BNO_GRV,2730,-4300,3,1.000000,-0.004456,-0.001343,0.000000
27576264,BNO_GRV,2731,-4200,3,1.000000,-0.004456,-0.001343,0.000000
27586285,BNO_GRV,2732,-4300,3,1.000000,-0.004456,-0.001343,0.000000
27595673,BNO_GRV,2733,-4200,3,1.000000,-0.004456,-0.001343,0.000000
27606295,BNO_GRV,2734,-4300,3,1.000000,-0.004456,-0.001343,0.000000
27616172,BNO_GRV,2735,-3800,3,1.000000,-0.004456,-0.001343,0.000000
27626218,BNO_GRV,2736,-4700,3,1.000000,-0.004456,-0.001343,0.000000
27635684,BNO_GRV,2737,-4200,3,1.000000,-0.004456,-0.001343,0.000000
27646288,BNO_GRV,2738,-4300,3,1.000000,-0.004456,-0.001343,0.000000
27656266,BNO_GRV,2739,-3800,3,1.000000,-0.004456,-0.001343,0.000000
27666376,BNO_GRV,2740,-4500,3,1.000000,-0.004456,-0.001343,0.000000
27675579,BNO_GRV,2741,-4300,3,1.000000,-0.004456,-0.001343,0.000000
27686357,BNO_GRV,2742,-4300,3,1.000000,-0.004456,-0.001343,0.000000
27696662,BNO_GRV,2743,-4300,3,1.000000,-0.004456,-0.001343,0.000000
27706262,BNO_GRV,2744,-4300,3,1.000000,-0.004456,-0.001343,0.000000
27715816,BNO_GRV,2745,-4300,3,1.000000,-0.004456,-0.001343,0.000000
27725842,BNO_GRV,2746,-4300,3,1.000000,-0.004456,-0.001343,0.000000
27737748,BNO_GRV,2747,-5800,3,1.000000,-0.004517,-0.001343,0.000000
27746239,BNO_GRV,2748,-4300,3,1.000000,-0.004517,-0.001343,0.000000
27755965,BNO_GRV,2749,-4300,3,1.000000,-0.004517,-0.001343,0.000000
27765918,BNO_GRV,2750,-4300,3,1.000000,-0.004517,-0.001343,0.000000
27776120,BNO_GRV,2751,-4500,3,1.000000,-0.004517,-0.001343,0.000000
27786311,BNO_GRV,2752,-4200,3,1.000000,-0.004517,-0.001343,0.000000
27795986,BNO_GRV,2753,-4200,3,1.000000,-0.004517,-0.001343,0.000000
27806633,BNO_GRV,2754,-4300,3,1.000000,-0.004517,-0.001343,0.000000
27817070,BNO_GRV,2755,-4300,3,1.000000,-0.004517,-0.001343,0.000000
27826497,BNO_GRV,2756,-4000,3,1.000000,-0.004456,-0.001343,0.000000
27835917,BNO_GRV,2757,-4000,3,1.000000,-0.004456,-0.001343,0.000000
27846605,BNO_GRV,2758,-4300,3,1.000000,-0.004456,-0.001404,0.000000
27857055,BNO_GRV,2759,-4300,3,1.000000,-0.004456,-0.001404,0.000000
27866480,BNO_GRV,2760,-4000,3,1.000000,-0.004456,-0.001404,0.000000
27876045,BNO_GRV,2761,-4000,3,1.000000,-0.004517,-0.001404,0.000000
27886743,BNO_GRV,2762,-4200,3,1.000000,-0.004517,-0.001404,0.000000
27897228,BNO_GRV,2763,-4200,3,1.000000,-0.004517,-0.001404,0.000000
27906752,BNO_GRV,2764,-4000,3,1.000000,-0.004517,-0.001404,0.000000
27915579,BNO_GRV,2765,-3600,3,1.000000,-0.004517,-0.001404,0.000000
27926259,BNO_GRV,2766,-4200,3,1.000000,-0.004517,-0.001404,0.000000
27936452,BNO_GRV,2767,-4500,3,1.000000,-0.004517,-0.001404,0.000000
27946737,BNO_GRV,2768,-4200,3,1.000000,-0.004517,-0.001404,0.000000
27955794,BNO_GRV,2769,-3800,3,1.000000,-0.004517,-0.001404,0.000000
27966615,BNO_GRV,2770,-4300,3,1.000000,-0.004517,-0.001404,0.000000
27976257,BNO_GRV,2771,-4200,3,1.000000,-0.004517,-0.001404,0.000000
27988163,BNO_GRV,2772,-5800,3,1.000000,-0.004517,-0.001404,0.000000
27996179,BNO_GRV,2773,-4200,3,1.000000,-0.004517,-0.001404,0.000000
28006909,BNO_GRV,2774,-4300,3,1.000000,-0.004517,-0.001404,0.000000
28016359,BNO_GRV,2775,-4300,3,1.000000,-0.004517,-0.001404,0.000000
28026894,BNO_GRV,2776,-4300,3,1.000000,-0.004517,-0.001404,0.000000
28036319,BNO_GRV,2777,-4000,3,1.000000,-0.004517,-0.001404,0.000000
28047034,BNO_GRV,2778,-4300,3,1.000000,-0.004517,-0.001404,0.000000
28056545,BNO_GRV,2779,-4200,3,1.000000,-0.004517,-0.001404,0.000000
28066969,BNO_GRV,2780,-4200,3,1.000000,-0.004517,-0.001404,0.000000
28076182,BNO_GRV,2781,-3800,3,1.000000,-0.004517,-0.001404,0.000000
28086913,BNO_GRV,2782,-4300,3,1.000000,-0.004517,-0.001404,0.000000
28097641,BNO_GRV,2783,-4700,3,1.000000,-0.004517,-0.001465,0.000000
28107065,BNO_GRV,2784,-3600,3,1.000000,-0.004517,-0.001465,0.000000
28116166,BNO_GRV,2785,-3800,3,1.000000,-0.004517,-0.001465,0.000000
28127628,BNO_GRV,2786,-4300,3,1.000000,-0.004517,-0.001465,0.000000
28136893,BNO_GRV,2787,-4300,3,1.000000,-0.004517,-0.001465,0.000000
28147009,BNO_GRV,2788,-4000,3,1.000000,-0.004456,-0.001465,0.000000
28156236,BNO_GRV,2789,-3800,3,1.000000,-0.004456,-0.001465,0.000000
28167548,BNO_GRV,2790,-4300,3,1.000000,-0.004456,-0.001465,0.000000
28176863,BNO_GRV,2791,-4300,3,1.000000,-0.004456,-0.001465,0.000000
28187192,BNO_GRV,2792,-4200,3,1.000000,-0.004456,-0.001465,0.000000
28196222,BNO_GRV,2793,-3600,3,1.000000,-0.004456,-0.001465,0.000000
28207271,BNO_GRV,2794,-4300,3,1.000000,-0.004456,-0.001465,0.000000
28216851,BNO_GRV,2795,-4200,3,1.000000,-0.004456,-0.001465,0.000000
28227336,BNO_GRV,2796,-4300,3,1.000000,-0.004456,-0.001465,0.000000
28238356,BNO_GRV,2797,-5800,3,1.000000,-0.004456,-0.001465,0.000000
28247035,BNO_GRV,2798,-4000,3,1.000000,-0.004456,-0.001465,0.000000
28257419,BNO_GRV,2799,-4500,3,1.000000,-0.004456,-0.001465,0.000000
28267355,BNO_GRV,2800,-3800,3,1.000000,-0.004456,-0.001465,0.000000
28277296,BNO_GRV,2801,-4300,3,1.000000,-0.004456,-0.001465,0.000000
28286981,BNO_GRV,2802,-4200,3,1.000000,-0.004456,-0.001465,0.000000
28297181,BNO_GRV,2803,-4300,3,1.000000,-0.004456,-0.001465,0.000000
28307946,BNO_GRV,2804,-4500,3,1.000000,-0.004456,-0.001465,0.000000
28317381,BNO_GRV,2805,-4700,3,1.000000,-0.004456,-0.001465,0.000000
28326995,BNO_GRV,2806,-4200,3,1.000000,-0.004456,-0.001465,0.000000
28337793,BNO_GRV,2807,-4300,3,1.000000,-0.004456,-0.001465,0.000000
28347598,BNO_GRV,2808,-3800,3,1.000000,-0.004456,-0.001465,0.000000
28357820,BNO_GRV,2809,-4500,3,1.000000,-0.004456,-0.001465,0.000000
28367138,BNO_GRV,2810,-4300,3,1.000000,-0.004456,-0.001465,0.000000
28377917,BNO_GRV,2811,-4500,3,1.000000,-0.004456,-0.001465,0.000000
28387645,BNO_GRV,2812,-3800,3,1.000000,-0.004456,-0.001465,0.000000
28397840,BNO_GRV,2813,-4500,3,1.000000,-0.004456,-0.001465,0.000000
28407122,BNO_GRV,2814,-4200,3,1.000000,-0.004456,-0.001465,0.000000
28417730,BNO_GRV,2815,-4300,3,1.000000,-0.004456,-0.001465,0.000000
28427841,BNO_GRV,2816,-3800,3,1.000000,-0.004456,-0.001465,0.000000
28438064,BNO_GRV,2817,-4700,3,1.000000,-0.004456,-0.001465,0.000000
28447199,BNO_GRV,2818,-4200,3,1.000000,-0.004456,-0.001465,0.000000
28457927,BNO_GRV,2819,-4300,3,1.000000,-0.004456,-0.001465,0.000000
28467879,BNO_GRV,2820,-3800,3,1.000000,-0.004456,-0.001465,0.000000
28478113,BNO_GRV,2821,-4500,3,1.000000,-0.004456,-0.001526,0.000000
28488778,BNO_GRV,2822,-5600,3,1.000000,-0.004456,-0.001526,0.000000
28497582,BNO_GRV,2823,-4200,3,1.000000,-0.004456,-0.001526,0.000000
28508054,BNO_GRV,2824,-4500,3,1.000000,-0.004456,-0.001526,0.000000
28518202,BNO_GRV,2825,-4500,3,1.000000,-0.004456,-0.001526,0.000000
28527369,BNO_GRV,2826,-4200,3,1.000000,-0.004456,-0.001526,0.000000
28538173,BNO_GRV,2827,-4300,3,1.000000,-0.004456,-0.001526,0.000000
28548699,BNO_GRV,2828,-4500,3,1.000000,-0.004456,-0.001526,0.000000
28558119,BNO_GRV,2829,-4500,3,1.000000,-0.004456,-0.001526,0.000000
28567554,BNO_GRV,2830,-4200,3,1.000000,-0.004456,-0.001526,0.000000
28578301,BNO_GRV,2831,-4300,3,1.000000,-0.004456,-0.001526,0.000000
28588763,BNO_GRV,2832,-4300,3,1.000000,-0.004456,-0.001526,0.000000
28598204,BNO_GRV,2833,-4300,3,1.000000,-0.004456,-0.001465,0.000000
28607723,BNO_GRV,2834,-4300,3,1.000000,-0.004456,-0.001465,0.000000
28618523,BNO_GRV,2835,-4300,3,1.000000,-0.004456,-0.001465,0.000000
28628836,BNO_GRV,2836,-4200,3,1.000000,-0.004456,-0.001465,0.000000
28638275,BNO_GRV,2837,-4200,3,1.000000,-0.004456,-0.001465,0.000000
28647829,BNO_GRV,2838,-4200,3,1.000000,-0.004456,-0.001465,0.000000
28658429,BNO_GRV,2839,-4200,3,1.000000,-0.004456,-0.001465,0.000000
28669102,BNO_GRV,2840,-4300,3,1.000000,-0.004456,-0.001465,0.000000
28678542,BNO_GRV,2841,-4500,3,1.000000,-0.004456,-0.001465,0.000000
28688084,BNO_GRV,2842,-4300,3,1.000000,-0.004456,-0.001465,0.000000
28698013,BNO_GRV,2843,-4200,3,1.000000,-0.004456,-0.001465,0.000000
28708254,BNO_GRV,2844,-4500,3,1.000000,-0.004456,-0.001465,0.000000
28718554,BNO_GRV,2845,-4500,3,1.000000,-0.004456,-0.001465,0.000000
28727997,BNO_GRV,2846,-4200,3,1.000000,-0.004456,-0.001465,0.000000
28740401,BNO_GRV,2847,-6000,3,1.000000,-0.004456,-0.001465,0.000000
28748295,BNO_GRV,2848,-4500,3,1.000000,-0.004456,-0.001465,0.000000
28758279,BNO_GRV,2849,-4200,3,1.000000,-0.004456,-0.001465,0.000000
28767862,BNO_GRV,2850,-4200,3,1.000000,-0.004456,-0.001465,0.000000
28778756,BNO_GRV,2851,-4300,3,1.000000,-0.004456,-0.001404,0.000000
28789195,BNO_GRV,2852,-4300,3,1.000000,-0.004456,-0.001404,0.000000
28798669,BNO_GRV,2853,-4000,3,1.000000,-0.004456,-0.001404,0.000000
28808266,BNO_GRV,2854,-4200,3,1.000000,-0.004456,-0.001404,0.000000
28818093,BNO_GRV,2855,-4300,3,1.000000,-0.004456,-0.001404,0.000000
28828499,BNO_GRV,2856,-4500,3,1.000000,-0.004456,-0.001404,0.000000
28838959,BNO_GRV,2857,-4500,3,1.000000,-0.004456,-0.001404,0.000000
28848271,BNO_GRV,2858,-4200,3,1.000000,-0.004456,-0.001404,0.000000
28858217,BNO_GRV,2859,-4300,3,1.000000,-0.004456,-0.001404,0.000000
28868389,BNO_GRV,2860,-4500,3,1.000000,-0.004456,-0.001404,0.000000
28878595,BNO_GRV,2861,-4200,3,1.000000,-0.004456,-0.001404,0.000000
28888184,BNO_GRV,2862,-4200,3,1.000000,-0.004456,-0.001404,0.000000
28899032,BNO_GRV,2863,-4300,3,1.000000,-0.004456,-0.001404,0.000000
28909462,BNO_GRV,2864,-4300,3,1.000000,-0.004456,-0.001404,0.000000
28919048,BNO_GRV,2865,-3800,3,1.000000,-0.004456,-0.001404,0.000000
28928495,BNO_GRV,2866,-4300,3,1.000000,-0.004456,-0.001465,0.000000
28938366,BNO_GRV,2867,-4200,3,1.000000,-0.004456,-0.001465,0.000000
28948419,BNO_GRV,2868,-4200,3,1.000000,-0.004456,-0.001465,0.000000
28958794,BNO_GRV,2869,-4200,3,1.000000,-0.004456,-0.001465,0.000000
28968188,BNO_GRV,2870,-4200,3,1.000000,-0.004456,-0.001404,0.000000
28978927,BNO_GRV,2871,-4300,3,1.000000,-0.004456,-0.001404,0.000000
28988373,BNO_GRV,2872,-4300,3,1.000000,-0.004456,-0.001404,0.000000
29000209,BNO_GRV,2873,-5600,3,1.000000,-0.004456,-0.001404,0.000000
29007935,BNO_GRV,2874,-3800,3,1.000000,-0.004456,-0.001404,0.000000
29019053,BNO_GRV,2875,-4300,3,1.000000,-0.004456,-0.001404,0.000000
29028658,BNO_GRV,2876,-4300,3,1.000000,-0.004456,-0.001404,0.000000
29038912,BNO_GRV,2877,-4300,3,1.000000,-0.004456,-0.001404,0.000000
29048366,BNO_GRV,2878,-4000,3,1.000000,-0.004456,-0.001404,0.000000
29059109,BNO_GRV,2879,-4300,3,1.000000,-0.004456,-0.001404,0.000000
29068601,BNO_GRV,2880,-4200,3,1.000000,-0.004456,-0.001404,0.000000
29079028,BNO_GRV,2881,-4200,3,1.000000,-0.004456,-0.001404,0.000000
29088423,BNO_GRV,2882,-4200,3,1.000000,-0.004456,-0.001404,0.000000
29099276,BNO_GRV,2883,-4300,3,1.000000,-0.004456,-0.001404,0.000000
29108706,BNO_GRV,2884,-4300,3,1.000000,-0.004456,-0.001404,0.000000
29119105,BNO_GRV,2885,-4200,3,1.000000,-0.004456,-0.001404,0.000000
29129126,BNO_GRV,2886,-4500,3,1.000000,-0.004456,-0.001404,0.000000
29138723,BNO_GRV,2887,-4200,3,1.000000,-0.004456,-0.001404,0.000000
29149168,BNO_GRV,2888,-4300,3,1.000000,-0.004456,-0.001404,0.000000
29159105,BNO_GRV,2889,-4000,3,1.000000,-0.004456,-0.001404,0.000000
29169052,BNO_GRV,2890,-4300,3,1.000000,-0.004456,-0.001404,0.000000
29178738,BNO_GRV,2891,-4200,3,1.000000,-0.004517,-0.001404,0.000000
29189092,BNO_GRV,2892,-4300,3,1.000000,-0.004517,-0.001404,0.000000
29199295,BNO_GRV,2893,-4000,3,1.000000,-0.004517,-0.001404,0.000000
29209339,BNO_GRV,2894,-4300,3,1.000000,-0.004517,-0.001343,0.000000
29218946,BNO_GRV,2895,-4200,3,1.000000,-0.004517,-0.001343,0.000000
29229406,BNO_GRV,2896,-4500,3,1.000000,-0.004517,-0.001343,0.000000
29239433,BNO_GRV,2897,-4000,3,1.000000,-0.004517,-0.001343,0.000000
29250653,BNO_GRV,2898,-5600,3,1.000000,-0.004517,-0.001343,0.000000
29259460,BNO_GRV,2899,-4300,3,1.000000,-0.004456,-0.001343,0.000000
29269785,BNO_GRV,2900,-4300,3,1.000000,-0.004456,-0.001343,0.000000
29279492,BNO_GRV,2901,-3600,3,1.000000,-0.004456,-0.001343,0.000000
29289572,BNO_GRV,2902,-4700,3,1.000000,-0.004456,-0.001343,0.000000
29299058,BNO_GRV,2903,-4200,3,1.000000,-0.004456,-0.001343,0.000000
29309675,BNO_GRV,2904,-4300,3,1.000000,-0.004456,-0.001343,0.000000
29320303,BNO_GRV,2905,-4500,3,1.000000,-0.004456,-0.001343,0.000000
29329678,BNO_GRV,2906,-4500,3,1.000000,-0.004456,-0.001343,0.000000
29339259,BNO_GRV,2907,-4300,3,1.000000,-0.004456,-0.001343,0.000000
29350053,BNO_GRV,2908,-4500,3,1.000000,-0.004456,-0.001343,0.000000
29359834,BNO_GRV,2909,-3800,3,1.000000,-0.004456,-0.001343,0.000000
29369908,BNO_GRV,2910,-4500,3,1.000000,-0.004456,-0.001343,0.000000
29379281,BNO_GRV,2911,-4300,3,1.000000,-0.004456,-0.001343,0.000000
29390016,BNO_GRV,2912,-4300,3,1.000000,-0.004456,-0.001343,0.000000
29399822,BNO_GRV,2913,-3800,3,1.000000,-0.004456,-0.001343,0.000000
29409981,BNO_GRV,2914,-4500,3,1.000000,-0.004456,-0.001343,0.000000
29419584,BNO_GRV,2915,-4300,3,1.000000,-0.004456,-0.001343,0.000000
29429387,BNO_GRV,2916,-4200,3,1.000000,-0.004456,-0.001343,0.000000
29440046,BNO_GRV,2917,-4500,3,1.000000,-0.004456,-0.001343,0.000000
29450221,BNO_GRV,2918,-4500,3,1.000000,-0.004456,-0.001343,0.000000
29459390,BNO_GRV,2919,-4200,3,1.000000,-0.004456,-0.001343,0.000000
29470107,BNO_GRV,2920,-4200,3,1.000000,-0.004456,-0.001343,0.000000
29480107,BNO_GRV,2921,-3800,3,1.000000,-0.004456,-0.001343,0.000000
29490475,BNO_GRV,2922,-4500,3,1.000000,-0.004456,-0.001343,0.000000
29501006,BNO_GRV,2923,-5600,3,1.000000,-0.004456,-0.001343,0.000000
29510002,BNO_GRV,2924,-4200,3,1.000000,-0.004456,-0.001343,0.000000
29520413,BNO_GRV,2925,-4300,3,1.000000,-0.004456,-0.001343,0.000000
29530669,BNO_GRV,2926,-4500,3,1.000000,-0.004456,-0.001343,0.000000
29539860,BNO_GRV,2927,-4300,3,1.000000,-0.004456,-0.001282,0.000000
29550533,BNO_GRV,2928,-4500,3,1.000000,-0.004456,-0.001282,0.000000
29560479,BNO_GRV,2929,-3800,3,1.000000,-0.004456,-0.001282,0.000000
29570139,BNO_GRV,2930,-4200,3,1.000000,-0.004456,-0.001282,0.000000
29579630,BNO_GRV,2931,-4200,3,1.000000,-0.004456,-0.001282,0.000000
29590270,BNO_GRV,2932,-4300,3,1.000000,-0.004456,-0.001282,0.000000
29600816,BNO_GRV,2933,-4300,3,1.000000,-0.004456,-0.001282,0.000000
29610291,BNO_GRV,2934,-4200,3,1.000000,-0.004456,-0.001282,0.000000
29619964,BNO_GRV,2935,-4200,3,1.000000,-0.004456,-0.001282,0.000000
29629879,BNO_GRV,2936,-4300,3,1.000000,-0.004456,-0.001282,0.000000
29640269,BNO_GRV,2937,-4700,3,1.000000,-0.004456,-0.001282,0.000000
29650599,BNO_GRV,2938,-4500,3,1.000000,-0.004456,-0.001282,0.000000
29659913,BNO_GRV,2939,-4200,3,1.000000,-0.004456,-0.001282,0.000000
29669909,BNO_GRV,2940,-4300,3,1.000000,-0.004456,-0.001282,0.000000
29680144,BNO_GRV,2941,-4500,3,1.000000,-0.004456,-0.001282,0.000000
29690435,BNO_GRV,2942,-4300,3,1.000000,-0.004456,-0.001282,0.000000
29699382,BNO_GRV,2943,-3600,3,1.000000,-0.004456,-0.001282,0.000000
29710155,BNO_GRV,2944,-4300,3,1.000000,-0.004456,-0.001282,0.000000
29720251,BNO_GRV,2945,-4500,3,1.000000,-0.004456,-0.001282,0.000000
29730452,BNO_GRV,2946,-4200,3,1.000000,-0.004456,-0.001282,0.000000
29739868,BNO_GRV,2947,-4000,3,1.000000,-0.004456,-0.001282,0.000000
29751878,BNO_GRV,2948,-5600,3,1.000000,-0.004456,-0.001282,0.000000
29760802,BNO_GRV,2949,-4300,3,1.000000,-0.004456,-0.001282,0.000000
29771114,BNO_GRV,2950,-4500,3,1.000000,-0.004456,-0.001282,0.000000
29780152,BNO_GRV,2951,-4300,3,1.000000,-0.004456,-0.001282,0.000000
29790796,BNO_GRV,2952,-4300,3,1.000000,-0.004456,-0.001282,0.000000
29800020,BNO_GRV,2953,-4200,3,1.000000,-0.004456,-0.001282,0.000000
29811249,BNO_GRV,2954,-4700,3,1.000000,-0.004456,-0.001282,0.000000
29820105,BNO_GRV,2955,-4200,3,1.000000,-0.004456,-0.001282,0.000000
29830715,BNO_GRV,2956,-4300,3,1.000000,-0.004456,-0.001282,0.000000
29840332,BNO_GRV,2957,-4300,3,1.000000,-0.004456,-0.001282,0.000000
29850668,BNO_GRV,2958,-4200,3,1.000000,-0.004456,-0.001282,0.000000
29860114,BNO_GRV,2959,-4000,3,1.000000,-0.004456,-0.001282,0.000000
29870934,BNO_GRV,2960,-4300,3,1.000000,-0.004456,-0.001282,0.000000
29880274,BNO_GRV,2961,-4200,3,1.000000,-0.004456,-0.001282,0.000000
29890723,BNO_GRV,2962,-4300,3,1.000000,-0.004456,-0.001282,0.000000
29900181,BNO_GRV,2963,-4200,3,1.000000,-0.004456,-0.001282,0.000000
29911012,BNO_GRV,2964,-4300,3,1.000000,-0.004456,-0.001282,0.000000
29920269,BNO_GRV,2965,-4200,3,1.000000,-0.004456,-0.001282,0.000000
29931021,BNO_GRV,2966,-4300,3,1.000000,-0.004456,-0.001282,0.000000
29939915,BNO_GRV,2967,-3800,3,1.000000,-0.004456,-0.001282,0.000000
29950936,BNO_GRV,2968,-4300,3,1.000000,-0.004456,-0.001282,0.000000
29960461,BNO_GRV,2969,-4300,3,1.000000,-0.004456,-0.001282,0.000000
29970978,BNO_GRV,2970,-4300,3,1.000000,-0.004456,-0.001282,0.000000
29980382,BNO_GRV,2971,-4000,3,1.000000,-0.004456,-0.001282,0.000000
29991250,BNO_GRV,2972,-4300,3,1.000000,-0.004456,-0.001282,0.000000
30002637,BNO_GRV,2973,-5100,3,1.000000,-0.004456,-0.001282,0.000000
30011012,BNO_GRV,2974,-4200,3,1.000000,-0.004456,-0.001282,0.000000
30020074,BNO_GRV,2975,-3800,3,1.000000,-0.004456,-0.001282,0.000000
30031096,BNO_GRV,2976,-4300,3,1.000000,-0.004456,-0.001282,0.000000
30041666,BNO_GRV,2977,-4500,3,1.000000,-0.004456,-0.001282,0.000000
30051105,BNO_GRV,2978,-3600,3,1.000000,-0.004456,-0.001282,0.000000
30061354,BNO_GRV,2979,-4500,3,1.000000,-0.004456,-0.001282,0.000000
30070740,BNO_GRV,2980,-4300,3,1.000000,-0.004456,-0.001282,0.000000
30081099,BNO_GRV,2981,-4300,3,1.000000,-0.004456,-0.001282,0.000000
30091204,BNO_GRV,2982,-4000,3,1.000000,-0.004456,-0.001282,0.000000
30101306,BNO_GRV,2983,-4500,3,1.000000,-0.004456,-0.001282,0.000000
30110901,BNO_GRV,2984,-4300,3,1.000000,-0.004456,-0.001282,0.000000
30121209,BNO_GRV,2985,-4300,3,1.000000,-0.004456,-0.001282,0.000000
30131379,BNO_GRV,2986,-4000,3,1.000000,-0.004456,-0.001221,0.000000
30141607,BNO_GRV,2987,-4500,3,1.000000,-0.004456,-0.001221,0.000000
30150740,BNO_GRV,2988,-4200,3,1.000000,-0.004456,-0.001221,0.000000
30161467,BNO_GRV,2989,-4500,3,1.000000,-0.004456,-0.001221,0.000000
30171440,BNO_GRV,2990,-3800,3,1.000000,-0.004456,-0.001221,0.000000
30181501,BNO_GRV,2991,-4500,3,1.000000,-0.004456,-0.001221,0.000000
30191014,BNO_GRV,2992,-4300,3,1.000000,-0.004456,-0.001221,0.000000
30201508,BNO_GRV,2993,-4200,3,1.000000,-0.004456,-0.001221,0.000000
