# FreeCAD v1.1 build1 Arch module
# https://www.freecad.org
mtllib arrow_imu_mount-boards.mtl
o Boards
usemtl color_cccce6
v -60.463879 13.9 0.0
v -60.61108 13.896386 0.0
v -60.463879 13.9 3.0
v -60.61108 13.896386 3.0
v -60.757931 13.885554 0.0
v -60.757931 13.885554 3.0
v -60.904068 13.86753 0.0
v -60.904068 13.86753 3.0
v -61.049149 13.842356 3.0
v -61.049149 13.842356 0.0
v -61.192818 13.810094 0.0
v -61.192818 13.810094 3.0
v -61.334732 13.770821 0.0
v -61.334732 13.770821 3.0
v -61.474548 13.724632 3.0
v -61.474548 13.724632 0.0
v -61.611927 13.671638 3.0
v -61.611927 13.671638 0.0
v -61.746544 13.611968 0.0
v -61.746544 13.611968 3.0
v -61.878067 13.545764 0.0
v -61.878067 13.545764 3.0
v -62.006187 13.473186 0.0
v -62.006187 13.473186 3.0
v -62.130589 13.394409 0.0
v -62.130589 13.394409 3.0
v -62.250977 13.309623 0.0
v -62.250977 13.309623 3.0
v -62.367058 13.219031 0.0
v -62.367058 13.219031 3.0
v -62.478554 13.122853 3.0
v -62.478554 13.122853 0.0
v -62.585197 13.02132 0.0
v -62.585197 13.02132 3.0
v -62.686733 12.914677 0.0
v -62.686733 12.914677 3.0
v -62.782909 12.80318 0.0
v -62.782909 12.80318 3.0
v -62.873501 12.687098 0.0
v -62.873501 12.687098 3.0
v -62.958286 12.56671 0.0
v -62.958286 12.56671 3.0
v -63.037064 12.442308 0.0
v -63.037064 12.442308 3.0
v -63.109642 12.31419 0.0
v -63.109642 12.31419 3.0
v -63.175846 12.182665 0.0
v -63.175846 12.182665 3.0
v -63.235516 12.04805 0.0
v -63.235516 12.04805 3.0
v -63.288509 11.910669 0.0
v -63.288509 11.910669 3.0
v -63.334698 11.770854 0.0
v -63.334698 11.770854 3.0
v -63.373974 11.628941 0.0
v -63.373974 11.628941 3.0
v -63.406235 11.485271 0.0
v -63.406235 11.485271 3.0
v -63.431408 11.340192 0.0
v -63.431408 11.340192 3.0
v -63.449432 11.194052 0.0
v -63.449432 11.194052 3.0
v -63.460266 11.047203 0.0
v -63.460266 11.047203 3.0
v -63.463879 10.9 0.0
v -63.463879 10.9 3.0
v -3.0 13.9 0.0
v -3.0 13.9 3.0
v -63.463879 -10.9 3.0
v -63.463879 -10.9 0.0
v -62.585197 -13.02132 0.0
v -62.367058 -13.219031 0.0
v -62.478554 -13.122853 0.0
v -62.686733 -12.914677 0.0
v -62.782909 -12.80318 0.0
v -62.873501 -12.687098 0.0
v -62.958286 -12.56671 0.0
v -62.006187 -13.473186 0.0
v -62.250977 -13.309623 0.0
v -62.130589 -13.394409 0.0
v -61.878067 -13.545764 0.0
v -61.746544 -13.611968 0.0
v -61.474548 -13.724632 0.0
v -61.611927 -13.671638 0.0
v -61.334732 -13.770821 0.0
v -63.288509 -11.910669 0.0
v -63.334698 -11.770854 0.0
v -63.235516 -12.04805 0.0
v -63.373974 -11.628941 0.0
v -63.406235 -11.485271 0.0
v -63.175846 -12.182665 0.0
v -63.109642 -12.31419 0.0
v -60.904068 -13.86753 0.0
v -61.192818 -13.810094 0.0
v -61.049149 -13.842356 0.0
v -60.757931 -13.885554 0.0
v -63.037064 -12.442308 0.0
v -60.61108 -13.896386 0.0
v -63.460266 -11.047203 0.0
v -63.449432 -11.194052 0.0
v -60.463879 -13.9 0.0
v -63.431408 -11.340191 0.0
v 0.984425 -26.616488 0.0
v 1.332103 -26.888065 0.0
v 1.095828 -26.712666 0.0
v 1.211814 -26.803265 0.0
v 0.589825 -26.180801 0.0
v 0.505116 -26.060448 0.0
v 0.680335 -26.296856 0.0
v 0.426411 -25.936085 0.0
v 0.3539 -25.80801 0.0
v 0.776428 -26.408333 0.0
v 0.877873 -26.514961 0.0
v 1.456407 -26.966864 0.0
v 1.715852 -27.105715 0.0
v 1.584426 -27.039473 0.0
v 1.987652 -27.218479 0.0
v 1.850368 -27.165432 0.0
v 0.228143 -25.541971 0.0
v 0.1752 -25.404648 0.0
v 0.287758 -25.676535 0.0
v 0.129055 -25.264893 0.0
v 0.08982 -25.123043 0.0
v 0.057589 -24.979441 0.0
v 2.127372 -27.26473 0.0
v 2.557763 -27.361673 0.0
v 2.269192 -27.304073 0.0
v 2.412771 -27.336414 0.0
v 2.703819 -27.379793 0.0
v 0.00361 -24.54158 0.0
v -0.0 -24.394449 0.0
v 0.014432 -24.688358 0.0
v 0.032439 -24.834429 0.0
v 3.144852 -27.390949 0.0
v 2.850589 -27.390726 0.0
v 2.997718 -27.394447 0.0
v 3.291638 -27.380239 0.0
v 3.582752 -27.337305 0.0
v 3.437722 -27.362343 0.0
v 3.86826 -27.266056 0.0
v 3.726381 -27.305183 0.0
v 4.145414 -27.167177 0.0
v 4.00805 -27.220016 0.0
v 4.280021 -27.107666 0.0
v 4.411548 -27.041624 0.0
v 4.539677 -26.96921 0.0
v 4.664101 -26.8906 0.0
v -3.0 -13.9 0.0
v -0.0 -16.9 0.0
v -0.003614 -16.752796 0.0
v -0.014446 -16.605949 0.0
v -0.03247 -16.459808 0.0
v -2.852797 13.903614 0.0
v -2.852797 -13.903614 0.0
v -2.705949 -13.914446 0.0
v -2.705949 13.914446 0.0
v -2.559808 13.93247 0.0
v -2.559808 -13.93247 0.0
v -2.414729 13.957644 0.0
v -2.414729 -13.957644 0.0
v -2.27106 13.989906 0.0
v -2.27106 -13.989906 0.0
v -2.129146 14.029179 0.0
v -2.129146 -14.029179 0.0
v -1.98933 -14.075368 0.0
v -1.98933 14.075368 0.0
v -1.85195 14.128362 0.0
v -1.85195 -14.128362 0.0
v -1.717335 14.188032 0.0
v -1.717335 -14.188032 0.0
v -1.58581 14.254236 0.0
v -1.58581 -14.254236 0.0
v -1.457692 -14.326814 0.0
v -1.457692 14.326814 0.0
v -1.333289 -14.405591 0.0
v -1.333289 14.405591 0.0
v -1.212902 14.490377 0.0
v -1.212902 -14.490377 0.0
v -1.09682 14.580969 0.0
v -1.09682 -14.580969 0.0
v -0.985323 -14.677147 0.0
v -0.985323 14.677147 0.0
v -0.87868 14.77868 0.0
v -0.87868 -14.77868 0.0
v -0.777147 -14.885324 0.0
v -0.777147 14.885324 0.0
v -0.680969 -14.99682 0.0
v -0.680969 14.99682 0.0
v 0.00361 24.54158 0.0
v 0.014432 24.688358 0.0
v -0.0 24.394449 0.0
v 0.032439 24.834429 0.0
v 0.057589 24.979441 0.0
v 0.08982 25.123043 0.0
v 0.129055 25.264893 0.0
v 0.1752 25.404648 0.0
v 0.228143 25.541971 0.0
v 0.3539 25.80801 0.0
v 0.426411 25.936085 0.0
v 0.287758 25.676535 0.0
v 0.505116 26.060448 0.0
v 0.589825 26.180801 0.0
v 0.680335 26.296856 0.0
v 0.776428 26.408333 0.0
v 0.877873 26.514961 0.0
v 0.984425 26.616488 0.0
v 1.095828 26.712666 0.0
v 1.211814 26.803265 0.0
v 1.332103 26.888065 0.0
v 1.584426 27.039473 0.0
v 1.715852 27.105715 0.0
v 1.456407 26.966864 0.0
v 1.850368 27.165432 0.0
v 1.987652 27.218479 0.0
v 2.269192 27.304073 0.0
v 2.412771 27.336414 0.0
v 2.127372 27.26473 0.0
v 2.703819 27.379793 0.0
v 2.557763 27.361673 0.0
v 2.850589 27.390726 0.0
v 2.997718 27.394447 0.0
v 3.144852 27.390949 0.0
v 3.437722 27.362343 0.0
v 3.291638 27.380239 0.0
v 3.726381 27.305183 0.0
v 3.582752 27.337305 0.0
v 3.86826 27.266056 0.0
v 4.00805 27.220016 0.0
v 4.280021 27.107666 0.0
v 4.145414 27.167177 0.0
v 4.664101 26.8906 0.0
v -0.0 16.9 0.0
v -0.014446 16.605949 0.0
v -0.03247 16.459808 0.0
v -0.003614 16.752796 0.0
v 4.539677 26.96921 0.0
v 4.411548 27.041624 0.0
v 41.255775 -2.496151 0.0
v -0.057644 -16.31473 0.0
v -0.089906 -16.171059 0.0
v -0.129179 -16.029146 0.0
v -0.175368 -15.889331 0.0
v -0.228361 -15.751949 0.0
v -0.288032 -15.617334 0.0
v -0.354236 -15.485809 0.0
v -0.426814 -15.357692 0.0
v -0.505591 -15.23329 0.0
v -0.590377 -15.112902 0.0
v 41.376377 -2.411397 0.0
v 41.604374 -2.224644 0.0
v 41.492668 -2.320822 0.0
v 41.812946 -2.01642 0.0
v 41.711216 -2.123095 0.0
v 41.909309 -1.904877 0.0
v 42.00008 -1.788736 0.0
v 42.163971 -1.543788 0.0
v 42.085037 -1.668276 0.0
v 42.415936 -1.011704 0.0
v 42.236698 -1.415574 0.0
v 42.303036 -1.283942 0.0
v 42.362831 -1.14921 0.0
v 42.462219 -0.871755 0.0
v 42.501575 -0.729702 0.0
v 42.577198 -0.294364 0.0
v 42.533905 -0.585887 0.0
v 42.559132 -0.440657 0.0
v 42.588051 -0.14736 0.0
v 42.591675 -0.0 0.0
v 42.588051 0.14736 0.0
v 42.559132 0.440657 0.0
v 42.577198 0.294364 0.0
v 42.501575 0.729701 0.0
v 42.533905 0.585886 0.0
v 42.362831 1.14921 0.0
v 42.462219 0.871755 0.0
v 42.415936 1.011704 0.0
v 42.236698 1.415574 0.0
v 42.303036 1.283942 0.0
v -0.590377 15.112902 0.0
v 41.255775 2.496151 0.0
v -0.505591 15.23329 0.0
v -0.426814 15.357692 0.0
v -0.354236 15.485809 0.0
v -0.288032 15.617334 0.0
v -0.228361 15.751949 0.0
v -0.175368 15.889331 0.0
v -0.129179 16.029146 0.0
v -0.089906 16.171059 0.0
v -0.057644 16.31473 0.0
v 41.492668 2.320822 0.0
v 42.163971 1.543788 0.0
v 41.376377 2.411397 0.0
v 42.085037 1.668276 0.0
v 41.812946 2.01642 0.0
v 42.00008 1.788736 0.0
v 41.909309 1.904877 0.0
v 41.711216 2.123095 0.0
v 41.604374 2.224644 0.0
v -60.302357 -10.738478 3.0
v -62.782909 -12.80318 3.0
v -62.686733 -12.914677 3.0
v -62.585197 -13.02132 3.0
v -62.478554 -13.122853 3.0
v -62.367058 -13.219031 3.0
v -60.20993 -10.826473 3.0
v -62.250977 -13.309623 3.0
v -62.130589 -13.394409 3.0
v -62.006187 -13.473186 3.0
v -60.39035 -10.646053 3.0
v -63.037064 -12.442308 3.0
v -62.958286 -12.56671 3.0
v -62.873501 -12.687098 3.0
v -60.1133 -10.909827 3.0
v -61.878067 -13.545764 3.0
v -61.746544 -13.611968 3.0
v -61.611927 -13.671638 3.0
v -60.473705 -10.549422 3.0
v -63.235516 -12.04805 3.0
v -63.175846 -12.182665 3.0
v -63.109642 -12.31419 3.0
v -60.012695 -10.988339 3.0
v -61.474548 -13.724632 3.0
v -61.334732 -13.770821 3.0
v -60.552219 -10.448818 3.0
v -63.334698 -11.770854 3.0
v -63.288509 -11.910669 3.0
v -59.90836 -11.061821 3.0
v -61.192818 -13.810094 3.0
v -61.049149 -13.842356 3.0
v -60.904068 -13.86753 3.0
v -60.625698 -10.344482 3.0
v -63.431408 -11.340191 3.0
v -63.406235 -11.485271 3.0
v -63.373974 -11.628941 3.0
v -59.800545 -11.130095 3.0
v -60.757931 -13.885554 3.0
v -60.61108 -13.896386 3.0
v -60.463879 -13.9 3.0
v -60.693974 -10.236667 3.0
v -63.460266 -11.047203 3.0
v -63.449432 -11.194052 3.0
v -59.68951 -11.192995 3.0
v -60.756874 -10.125631 3.0
v -59.57552 -11.250372 3.0
v -60.814251 -10.011643 3.0
v -59.458855 -11.302087 3.0
v -60.865967 -9.894977 3.0
v -59.33979 -11.348015 3.0
v -60.911892 -9.775913 3.0
v -59.218616 -11.388045 3.0
v -60.951923 -9.65474 3.0
v -59.095627 -11.422081 3.0
v -60.985958 -9.531749 3.0
v -58.971111 -11.450042 3.0
v -61.01392 -9.407235 3.0
v -58.845379 -11.471859 3.0
v -61.035736 -9.281499 3.0
v -58.718723 -11.48748 3.0
v -61.051357 -9.154844 3.0
v -58.591454 -11.496868 3.0
v -61.060745 -9.027575 3.0
v -58.463879 -11.5 3.0
v -61.063877 -8.9 3.0
v -61.063877 8.9 3.0
v -61.060745 9.027575 3.0
v -61.051357 9.154844 3.0
v -61.035736 9.281499 3.0
v -61.01392 9.407235 3.0
v -60.985958 9.531749 3.0
v -60.951923 9.65474 3.0
v -60.911892 9.775913 3.0
v -60.865967 9.894977 3.0
v -60.814251 10.011643 3.0
v -60.756874 10.125631 3.0
v -60.693974 10.236667 3.0
v -60.625698 10.344482 3.0
v -60.552219 10.448818 3.0
v -60.473705 10.549422 3.0
v -60.39035 10.646053 3.0
v -60.302357 10.738478 3.0
v -60.20993 10.826473 3.0
v -60.1133 10.909827 3.0
v -60.012695 10.988339 3.0
v -59.90836 11.061821 3.0
v -59.800545 11.130095 3.0
v -58.591454 11.496868 3.0
v -58.463879 11.5 3.0
v -58.718723 11.48748 3.0
v -58.845379 11.471859 3.0
v -58.971111 11.450042 3.0
v -59.095627 11.422081 3.0
v -59.218616 11.388045 3.0
v -59.33979 11.348015 3.0
v -59.458855 11.302087 3.0
v -59.57552 11.250372 3.0
v -59.68951 11.192995 3.0
v 1.332103 -26.888065 3.0
v 0.984425 -26.616488 3.0
v 1.095828 -26.712666 3.0
v 1.211814 -26.803265 3.0
v 0.505116 -26.060448 3.0
v 0.589825 -26.180801 3.0
v 0.680335 -26.296856 3.0
v 0.3539 -25.80801 3.0
v 0.426411 -25.936085 3.0
v 0.776428 -26.408333 3.0
v 0.877873 -26.514961 3.0
v 1.715852 -27.105715 3.0
v 1.456407 -26.966864 3.0
v 1.584426 -27.039473 3.0
v 1.987652 -27.218479 3.0
v 1.850368 -27.165432 3.0
v 0.1752 -25.404648 3.0
v 0.228143 -25.541971 3.0
v 0.287758 -25.676535 3.0
v 0.08982 -25.123043 3.0
v 0.129055 -25.264893 3.0
v 0.057589 -24.979441 3.0
v 2.557763 -27.361673 3.0
v 2.127372 -27.26473 3.0
v 2.269192 -27.304073 3.0
v 2.412771 -27.336414 3.0
v 2.703819 -27.379793 3.0
v -0.0 -24.394449 3.0
v 0.00361 -24.54158 3.0
v 0.014432 -24.688358 3.0
v 0.032439 -24.834429 3.0
v 3.144852 -27.390949 3.0
v 2.850589 -27.390726 3.0
v 2.997718 -27.394447 3.0
v -12.663878 -11.5 3.0
v 3.291638 -27.380239 3.0
v 3.582752 -27.337305 3.0
v 3.437722 -27.362343 3.0
v 3.86826 -27.266056 3.0
v 3.726381 -27.305183 3.0
v 4.145414 -27.167177 3.0
v 4.00805 -27.220016 3.0
v 4.280021 -27.107666 3.0
v 4.411548 -27.041624 3.0
v 4.539677 -26.96921 3.0
v 4.664101 -26.8906 3.0
v -3.0 -13.9 3.0
v -12.032129 -11.422081 3.0
v -12.156643 -11.450042 3.0
v -11.909138 -11.388045 3.0
v -11.787965 -11.348015 3.0
v -11.668901 -11.302087 3.0
v -11.552235 -11.250372 3.0
v -11.438247 -11.192995 3.0
v -11.327211 -11.130095 3.0
v -11.219396 -11.061821 3.0
v -11.11506 -10.988339 3.0
v -11.014456 -10.909827 3.0
v -10.917825 -10.826473 3.0
v -10.8254 -10.738478 3.0
v -10.737405 -10.646053 3.0
v -10.654051 -10.549422 3.0
v -10.575539 -10.448818 3.0
v -10.502057 -10.344482 3.0
v -10.433784 -10.236667 3.0
v -10.370883 -10.125631 3.0
v -10.313506 -10.011643 3.0
v -10.261791 -9.894977 3.0
v -10.215863 -9.775913 3.0
v -10.175834 -9.65474 3.0
v -10.141797 -9.531749 3.0
v -10.113836 -9.407235 3.0
v -10.092019 -9.281499 3.0
v -10.076398 -9.154844 3.0
v -0.0 -16.9 3.0
v 0.497644 -10.738478 3.0
v -1.85195 -14.128362 3.0
v -1.717335 -14.188032 3.0
v 0.590069 -10.826473 3.0
v -1.58581 -14.254236 3.0
v 0.409649 -10.646053 3.0
v -1.98933 -14.075368 3.0
v 0.686699 -10.909827 3.0
v -1.457692 -14.326814 3.0
v 0.326295 -10.549422 3.0
v -2.129146 -14.029179 3.0
v 0.247782 -10.448818 3.0
v -2.27106 -13.989906 3.0
v 0.787304 -10.988339 3.0
v -1.333289 -14.405591 3.0
v 0.891639 -11.061821 3.0
v 0.174301 -10.344482 3.0
v -2.414729 -13.957644 3.0
v 0.999455 -11.130095 3.0
v -1.212902 -14.490377 3.0
v 0.106027 -10.236667 3.0
v -2.559808 -13.93247 3.0
v 1.11049 -11.192995 3.0
v -1.09682 -14.580969 3.0
v 0.043127 -10.125631 3.0
v -2.705949 -13.914446 3.0
v 1.224479 -11.250372 3.0
v -0.985323 -14.677147 3.0
v -0.01425 -10.011643 3.0
v -2.852797 -13.903614 3.0
v 1.341145 -11.302087 3.0
v -0.87868 -14.77868 3.0
v -0.065965 -9.894977 3.0
v 1.460208 -11.348015 3.0
v -0.777147 -14.885324 3.0
v -0.111893 -9.775913 3.0
v 1.581382 -11.388045 3.0
v -0.680969 -14.99682 3.0
v -0.151923 -9.65474 3.0
v 1.704373 -11.422081 3.0
v -0.590377 -15.112902 3.0
v -0.185959 -9.531749 3.0
v 1.828887 -11.450042 3.0
v -0.505591 -15.23329 3.0
v -0.21392 -9.407235 3.0
v 1.954623 -11.471859 3.0
v -0.426814 -15.357692 3.0
v -0.235737 -9.281499 3.0
v 2.081277 -11.48748 3.0
v -0.354236 -15.485809 3.0
v -0.251358 -9.154844 3.0
v 2.208546 -11.496868 3.0
v -0.288032 -15.617334 3.0
v -0.260746 -9.027575 3.0
v -10.06701 -9.027575 3.0
v 2.336122 -11.5 3.0
v -0.003614 -16.752796 3.0
v -0.014446 -16.605949 3.0
v -0.03247 -16.459808 3.0
v -0.057644 -16.31473 3.0
v -0.089906 -16.171059 3.0
v -0.129179 -16.029146 3.0
v -0.175368 -15.889331 3.0
v -0.228361 -15.751949 3.0
v -0.263878 -8.9 3.0
v -10.063878 -8.9 3.0
v -10.063878 8.9 3.0
v -12.663878 11.5 3.0
v -0.263878 8.9 3.0
v -10.06701 9.027575 3.0
v -0.260746 9.027575 3.0
v -10.076398 9.154844 3.0
v -0.251358 9.154844 3.0
v -10.175834 9.65474 3.0
v -10.141797 9.531749 3.0
v -10.215863 9.775913 3.0
v -10.261791 9.894977 3.0
v -10.313506 10.011643 3.0
v -10.370883 10.125631 3.0
v -10.433784 10.236667 3.0
v -10.502057 10.344482 3.0
v -10.575539 10.448818 3.0
v -10.654051 10.549422 3.0
v -10.737405 10.646053 3.0
v -10.8254 10.738478 3.0
v -10.917825 10.826473 3.0
v -11.014456 10.909827 3.0
v -11.11506 10.988339 3.0
v -11.219396 11.061821 3.0
v -11.327211 11.130095 3.0
v -11.438247 11.192995 3.0
v -0.111893 9.775913 3.0
v -0.065965 9.894977 3.0
v -11.552235 11.250372 3.0
v -0.151923 9.65474 3.0
v -11.668901 11.302087 3.0
v -0.185959 9.531749 3.0
v -11.787965 11.348015 3.0
v -0.21392 9.407235 3.0
v -11.909138 11.388045 3.0
v -0.235737 9.281499 3.0
v -12.032129 11.422081 3.0
v -12.156643 11.450042 3.0
v -10.092019 9.281499 3.0
v -10.113836 9.407235 3.0
v -2.852797 13.903614 3.0
v -0.01425 10.011643 3.0
v 22.636122 -11.5 3.0
v -2.705949 13.914446 3.0
v 0.043127 10.125631 3.0
v 22.763699 -11.496868 3.0
v -2.559808 13.93247 3.0
v 0.106027 10.236667 3.0
v 22.890966 -11.48748 3.0
v -2.414729 13.957644 3.0
v 0.174301 10.344482 3.0
v 23.017622 -11.471859 3.0
v 23.143356 -11.450042 3.0
v -2.27106 13.989906 3.0
v 0.247782 10.448818 3.0
v 23.26787 -11.422081 3.0
v -2.129146 14.029179 3.0
v 0.326295 10.549422 3.0
v 23.390862 -11.388045 3.0
v -1.98933 14.075368 3.0
v 0.409649 10.646053 3.0
v 23.512035 -11.348015 3.0
v -1.85195 14.128362 3.0
v 0.497644 10.738478 3.0
v 23.631098 -11.302087 3.0
v -1.717335 14.188032 3.0
v 0.590069 10.826473 3.0
v 23.747765 -11.250372 3.0
v -1.58581 14.254236 3.0
v 0.686699 10.909827 3.0
v 23.861753 -11.192995 3.0
v 23.97279 -11.130095 3.0
v -1.457692 14.326814 3.0
v 0.787304 10.988339 3.0
v -1.333289 14.405591 3.0
v 0.891639 11.061821 3.0
v 0.999455 11.130095 3.0
v -1.212902 14.490377 3.0
v 1.11049 11.192995 3.0
v -1.09682 14.580969 3.0
v 1.224479 11.250372 3.0
v -0.985323 14.677147 3.0
v 1.341145 11.302087 3.0
v -0.87868 14.77868 3.0
v 1.460208 11.348015 3.0
v -0.777147 14.885324 3.0
v 1.581382 11.388045 3.0
v -0.680969 14.99682 3.0
v 1.704373 11.422081 3.0
v -0.590377 15.112902 3.0
v 1.828887 11.450042 3.0
v -0.505591 15.23329 3.0
v 1.954623 11.471859 3.0
v -0.426814 15.357692 3.0
v 2.081277 11.48748 3.0
v -0.354236 15.485809 3.0
v 2.208546 11.496868 3.0
v -0.288032 15.617334 3.0
v 2.336122 11.5 3.0
v -0.228361 15.751949 3.0
v -0.175368 15.889331 3.0
v -0.129179 16.029146 3.0
v -0.089906 16.171059 3.0
v -0.057644 16.31473 3.0
v -0.03247 16.459808 3.0
v -0.014446 16.605949 3.0
v -0.003614 16.752796 3.0
v -0.0 16.9 3.0
v 0.014432 24.688358 3.0
v 0.00361 24.54158 3.0
v -0.0 24.394449 3.0
v 0.032439 24.834429 3.0
v 0.08982 25.123043 3.0
v 0.057589 24.979441 3.0
v 0.129055 25.264893 3.0
v 0.1752 25.404648 3.0
v 0.228143 25.541971 3.0
v 0.426411 25.936085 3.0
v 0.3539 25.80801 3.0
v 0.287758 25.676535 3.0
v 0.505116 26.060448 3.0
v 0.589825 26.180801 3.0
v 0.776428 26.408333 3.0
v 0.680335 26.296856 3.0
v 0.877873 26.514961 3.0
v 1.095828 26.712666 3.0
v 0.984425 26.616488 3.0
v 1.211814 26.803265 3.0
v 1.332103 26.888065 3.0
v 1.715852 27.105715 3.0
v 1.584426 27.039473 3.0
v 1.456407 26.966864 3.0
v 1.850368 27.165432 3.0
v 1.987652 27.218479 3.0
v 2.412771 27.336414 3.0
v 2.269192 27.304073 3.0
v 2.127372 27.26473 3.0
v 2.703819 27.379793 3.0
v 2.557763 27.361673 3.0
v 2.850589 27.390726 3.0
v 3.144852 27.390949 3.0
v 2.997718 27.394447 3.0
v 3.437722 27.362343 3.0
v 3.291638 27.380239 3.0
v 3.726381 27.305183 3.0
v 3.582752 27.337305 3.0
v 4.00805 27.220016 3.0
v 3.86826 27.266056 3.0
v 4.280021 27.107666 3.0
v 4.145414 27.167177 3.0
v 4.664101 26.8906 3.0
v 4.539677 26.96921 3.0
v 4.411548 27.041624 3.0
v 22.636122 11.5 3.0
v 22.763699 11.496868 3.0
v 22.890966 11.48748 3.0
v 23.017622 11.471859 3.0
v 23.143356 11.450042 3.0
v 23.26787 11.422081 3.0
v 23.390862 11.388045 3.0
v 23.512035 11.348015 3.0
v 23.631098 11.302087 3.0
v 23.747765 11.250372 3.0
v 23.861753 11.192995 3.0
v 23.97279 11.130095 3.0
v 41.255775 -2.496151 3.0
v 25.236122 8.9 3.0
v 25.236122 -8.9 3.0
v 24.080605 -11.061821 3.0
v 24.18494 -10.988339 3.0
v 24.285543 -10.909827 3.0
v 24.382175 -10.826473 3.0
v 24.4746 -10.738478 3.0
v 24.562595 -10.646053 3.0
v 24.645948 -10.549422 3.0
v 24.724461 -10.448818 3.0
v 24.797943 -10.344482 3.0
v 24.866217 -10.236667 3.0
v 24.929117 -10.125631 3.0
v 24.986494 -10.011643 3.0
v 25.038208 -9.894977 3.0
v 25.084137 -9.775913 3.0
v 25.124166 -9.65474 3.0
v 25.158203 -9.531749 3.0
v 25.186163 -9.407235 3.0
v 25.207981 -9.281499 3.0
v 25.223602 -9.154844 3.0
v 25.23299 -9.027575 3.0
v 41.604374 -2.224644 3.0
v 41.376377 -2.411397 3.0
v 41.492668 -2.320822 3.0
v 41.812946 -2.01642 3.0
v 41.711216 -2.123095 3.0
v 41.909309 -1.904877 3.0
v 42.00008 -1.788736 3.0
v 42.163971 -1.543788 3.0
v 42.085037 -1.668276 3.0
v 42.415936 -1.011704 3.0
v 42.236698 -1.415574 3.0
v 42.303036 -1.283942 3.0
v 42.362831 -1.14921 3.0
v 42.462219 -0.871755 3.0
v 42.501575 -0.729702 3.0
v 42.577198 -0.294364 3.0
v 42.533905 -0.585887 3.0
v 42.559132 -0.440657 3.0
v 42.588051 -0.14736 3.0
v 42.591675 -0.0 3.0
v 42.559132 0.440657 3.0
v 42.588051 0.14736 3.0
v 42.577198 0.294364 3.0
v 42.501575 0.729701 3.0
v 42.533905 0.585886 3.0
v 42.362831 1.14921 3.0
v 42.462219 0.871755 3.0
v 42.415936 1.011704 3.0
v 42.236698 1.415574 3.0
v 42.303036 1.283942 3.0
v 41.255775 2.496151 3.0
v 25.23299 9.027575 3.0
v 25.223602 9.154844 3.0
v 25.207981 9.281499 3.0
v 25.186163 9.407235 3.0
v 25.158203 9.531749 3.0
v 25.124166 9.65474 3.0
v 25.084137 9.775913 3.0
v 25.038208 9.894977 3.0
v 24.986494 10.011643 3.0
v 24.929117 10.125631 3.0
v 24.866217 10.236667 3.0
v 24.797943 10.344482 3.0
v 24.724461 10.448818 3.0
v 24.645948 10.549422 3.0
v 24.562595 10.646053 3.0
v 24.4746 10.738478 3.0
v 24.382175 10.826473 3.0
v 24.285543 10.909827 3.0
v 24.18494 10.988339 3.0
v 24.080605 11.061821 3.0
v 41.492668 2.320822 3.0
v 42.163971 1.543788 3.0
v 41.376377 2.411397 3.0
v 41.812946 2.01642 3.0
v 42.085037 1.668276 3.0
v 42.00008 1.788736 3.0
v 41.909309 1.904877 3.0
v 41.711216 2.123095 3.0
v 41.604374 2.224644 3.0
v -12.536303 -11.496868 3.0
v -12.409034 -11.48748 3.0
v -12.282379 -11.471859 3.0
v -12.536303 11.496868 3.0
v -12.409034 11.48748 3.0
v -12.282379 11.471859 3.0
v -61.063877 8.9 5.0
v -61.063877 -8.9 5.0
v -61.060745 -9.027575 5.0
v -61.051357 -9.154844 5.0
v -61.035736 -9.281499 5.0
v -61.01392 -9.407235 5.0
v -60.985958 -9.531749 5.0
v -60.951923 -9.65474 5.0
v -60.911892 -9.775913 5.0
v -60.865967 -9.894977 5.0
v -60.814251 -10.011643 5.0
v -60.756874 -10.125631 5.0
v -60.693974 -10.236667 5.0
v -60.625698 -10.344482 5.0
v -60.552219 -10.448818 5.0
v -60.473705 -10.549422 5.0
v -60.39035 -10.646053 5.0
v -60.302357 -10.738478 5.0
v -60.20993 -10.826473 5.0
v -60.1133 -10.909827 5.0
v -60.012695 -10.988339 5.0
v -59.90836 -11.061821 5.0
v -59.800545 -11.130095 5.0
v -59.68951 -11.192995 5.0
v -59.57552 -11.250372 5.0
v -59.458855 -11.302087 5.0
v -59.33979 -11.348015 5.0
v -59.218616 -11.388045 5.0
v -59.095627 -11.422081 5.0
v -58.971111 -11.450042 5.0
v -58.845379 -11.471859 5.0
v -58.718723 -11.48748 5.0
v -58.591454 -11.496868 5.0
v -58.463879 -11.5 5.0
v -12.663878 -11.5 5.0
v -12.536303 -11.496868 5.0
v -12.409034 -11.48748 5.0
v -12.282379 -11.471859 5.0
v -12.156643 -11.450042 5.0
v -12.032129 -11.422081 5.0
v -11.909138 -11.388045 5.0
v -11.787965 -11.348015 5.0
v -11.668901 -11.302087 5.0
v -11.552235 -11.250372 5.0
v -11.438247 -11.192995 5.0
v -11.327211 -11.130095 5.0
v -11.219396 -11.061821 5.0
v -11.11506 -10.988339 5.0
v -11.014456 -10.909827 5.0
v -10.917825 -10.826473 5.0
v -10.8254 -10.738478 5.0
v -10.737405 -10.646053 5.0
v -10.654051 -10.549422 5.0
v -10.575539 -10.448818 5.0
v -10.502057 -10.344482 5.0
v -10.433784 -10.236667 5.0
v -10.370883 -10.125631 5.0
v -10.313506 -10.011643 5.0
v -10.261791 -9.894977 5.0
v -10.215863 -9.775913 5.0
v -10.175834 -9.65474 5.0
v -10.141797 -9.531749 5.0
v -10.113836 -9.407235 5.0
v -10.092019 -9.281499 5.0
v -10.076398 -9.154844 5.0
v -10.06701 -9.027575 5.0
v -10.063878 -8.9 5.0
v -10.063878 8.9 5.0
v -10.06701 9.027575 5.0
v -10.076398 9.154844 5.0
v -10.092019 9.281499 5.0
v -10.113836 9.407235 5.0
v -10.141797 9.531749 5.0
v -10.175834 9.65474 5.0
v -10.215863 9.775913 5.0
v -10.261791 9.894977 5.0
v -10.313506 10.011643 5.0
v -10.370883 10.125631 5.0
v -10.433784 10.236667 5.0
v -10.502057 10.344482 5.0
v -10.575539 10.448818 5.0
v -10.654051 10.549422 5.0
v -10.737405 10.646053 5.0
v -10.8254 10.738478 5.0
v -10.917825 10.826473 5.0
v -11.014456 10.909827 5.0
v -11.11506 10.988339 5.0
v -11.219396 11.061821 5.0
v -11.327211 11.130095 5.0
v -11.438247 11.192995 5.0
v -11.552235 11.250372 5.0
v -11.668901 11.302087 5.0
v -11.787965 11.348015 5.0
v -11.909138 11.388045 5.0
v -12.032129 11.422081 5.0
v -12.156643 11.450042 5.0
v -12.282379 11.471859 5.0
v -12.409034 11.48748 5.0
v -12.536303 11.496868 5.0
v -12.663878 11.5 5.0
v -58.463879 11.5 5.0
v -58.591454 11.496868 5.0
v -58.718723 11.48748 5.0
v -58.845379 11.471859 5.0
v -58.971111 11.450042 5.0
v -59.095627 11.422081 5.0
v -59.218616 11.388045 5.0
v -59.33979 11.348015 5.0
v -59.458855 11.302087 5.0
v -59.57552 11.250372 5.0
v -59.68951 11.192995 5.0
v -59.800545 11.130095 5.0
v -59.90836 11.061821 5.0
v -60.012695 10.988339 5.0
v -60.1133 10.909827 5.0
v -60.20993 10.826473 5.0
v -60.302357 10.738478 5.0
v -60.39035 10.646053 5.0
v -60.473705 10.549422 5.0
v -60.552219 10.448818 5.0
v -60.625698 10.344482 5.0
v -60.693974 10.236667 5.0
v -60.756874 10.125631 5.0
v -60.814251 10.011643 5.0
v -60.865967 9.894977 5.0
v -60.911892 9.775913 5.0
v -60.951923 9.65474 5.0
v -60.985958 9.531749 5.0
v -61.01392 9.407235 5.0
v -61.035736 9.281499 5.0
v -61.051357 9.154844 5.0
v -61.060745 9.027575 5.0
v -0.263878 -8.9 5.0
v -0.263878 8.9 5.0
v -0.260746 -9.027575 5.0
v -0.251358 -9.154844 5.0
v -0.235737 -9.281499 5.0
v -0.21392 -9.407235 5.0
v -0.185959 -9.531749 5.0
v -0.151923 -9.65474 5.0
v -0.111893 -9.775913 5.0
v -0.065965 -9.894977 5.0
v -0.01425 -10.011643 5.0
v 0.043127 -10.125631 5.0
v 0.106027 -10.236667 5.0
v 0.174301 -10.344482 5.0
v 0.247782 -10.448818 5.0
v 0.326295 -10.549422 5.0
v 0.409649 -10.646053 5.0
v 0.497644 -10.738478 5.0
v 0.590069 -10.826473 5.0
v 0.686699 -10.909827 5.0
v 0.787304 -10.988339 5.0
v 0.891639 -11.061821 5.0
v 0.999455 -11.130095 5.0
v 1.11049 -11.192995 5.0
v 1.224479 -11.250372 5.0
v 1.341145 -11.302087 5.0
v 1.460208 -11.348015 5.0
v 1.581382 -11.388045 5.0
v 1.704373 -11.422081 5.0
v 1.828887 -11.450042 5.0
v 1.954623 -11.471859 5.0
v 2.081277 -11.48748 5.0
v 2.208546 -11.496868 5.0
v 2.336122 -11.5 5.0
v 22.636122 -11.5 5.0
v 22.763699 -11.496868 5.0
v 22.890966 -11.48748 5.0
v 23.017622 -11.471859 5.0
v 23.143356 -11.450042 5.0
v 23.26787 -11.422081 5.0
v 23.390862 -11.388045 5.0
v 23.512035 -11.348015 5.0
v 23.631098 -11.302087 5.0
v 23.747765 -11.250372 5.0
v 23.861753 -11.192995 5.0
v 23.97279 -11.130095 5.0
v 24.080605 -11.061821 5.0
v 24.18494 -10.988339 5.0
v 24.285543 -10.909827 5.0
v 24.382175 -10.826473 5.0
v 24.4746 -10.738478 5.0
v 24.562595 -10.646053 5.0
v 24.645948 -10.549422 5.0
v 24.724461 -10.448818 5.0
v 24.797943 -10.344482 5.0
v 24.866217 -10.236667 5.0
v 24.929117 -10.125631 5.0
v 24.986494 -10.011643 5.0
v 25.038208 -9.894977 5.0
v 25.084137 -9.775913 5.0
v 25.124166 -9.65474 5.0
v 25.158203 -9.531749 5.0
v 25.186163 -9.407235 5.0
v 25.207981 -9.281499 5.0
v 25.223602 -9.154844 5.0
v 25.23299 -9.027575 5.0
v 25.236122 -8.9 5.0
v 25.236122 8.9 5.0
v 25.23299 9.027575 5.0
v 25.223602 9.154844 5.0
v 25.207981 9.281499 5.0
v 25.186163 9.407235 5.0
v 25.158203 9.531749 5.0
v 25.124166 9.65474 5.0
v 25.084137 9.775913 5.0
v 25.038208 9.894977 5.0
v 24.986494 10.011643 5.0
v 24.929117 10.125631 5.0
v 24.866217 10.236667 5.0
v 24.797943 10.344482 5.0
v 24.724461 10.448818 5.0
v 24.645948 10.549422 5.0
v 24.562595 10.646053 5.0
v 24.4746 10.738478 5.0
v 24.382175 10.826473 5.0
v 24.285543 10.909827 5.0
v 24.18494 10.988339 5.0
v 24.080605 11.061821 5.0
v 23.97279 11.130095 5.0
v 23.861753 11.192995 5.0
v 23.747765 11.250372 5.0
v 23.631098 11.302087 5.0
v 23.512035 11.348015 5.0
v 23.390862 11.388045 5.0
v 23.26787 11.422081 5.0
v 23.143356 11.450042 5.0
v 23.017622 11.471859 5.0
v 22.890966 11.48748 5.0
v 22.763699 11.496868 5.0
v 22.636122 11.5 5.0
v 2.336122 11.5 5.0
v 2.208546 11.496868 5.0
v 2.081277 11.48748 5.0
v 1.954623 11.471859 5.0
v 1.828887 11.450042 5.0
v 1.704373 11.422081 5.0
v 1.581382 11.388045 5.0
v 1.460208 11.348015 5.0
v 1.341145 11.302087 5.0
v 1.224479 11.250372 5.0
v 1.11049 11.192995 5.0
v 0.999455 11.130095 5.0
v 0.891639 11.061821 5.0
v 0.787304 10.988339 5.0
v 0.686699 10.909827 5.0
v 0.590069 10.826473 5.0
v 0.497644 10.738478 5.0
v 0.409649 10.646053 5.0
v 0.326295 10.549422 5.0
v 0.247782 10.448818 5.0
v 0.174301 10.344482 5.0
v 0.106027 10.236667 5.0
v 0.043127 10.125631 5.0
v -0.01425 10.011643 5.0
v -0.065965 9.894977 5.0
v -0.111893 9.775913 5.0
v -0.151923 9.65474 5.0
v -0.185959 9.531749 5.0
v -0.21392 9.407235 5.0
v -0.235737 9.281499 5.0
v -0.251358 9.154844 5.0
v -0.260746 9.027575 5.0
vn -0.02454 0.999699 0.0
vn -0.02454 0.999699 0.0
vn -0.073561 0.997291 0.0
vn -0.073561 0.997291 0.0
vn -0.122412 0.992479 0.0
vn -0.170964 0.985277 0.0
vn -0.122412 0.992479 0.0
vn -0.170964 0.985277 0.0
vn -0.2191 0.975702 0.0
vn -0.2191 0.975702 0.0
vn -0.266714 0.963776 0.0
vn -0.313677 0.94953 0.0
vn -0.266714 0.963776 0.0
vn -0.359901 0.932991 0.0
vn -0.313677 0.94953 0.0
vn -0.359901 0.932991 0.0
vn -0.405235 0.914213 0.0
vn -0.405235 0.914213 0.0
vn -0.449616 0.893222 0.0
vn -0.449616 0.893222 0.0
vn -0.492894 0.87009 0.0
vn -0.492894 0.87009 0.0
vn -0.534999 0.844853 0.0
vn -0.534999 0.844853 0.0
vn -0.575806 0.817586 0.0
vn -0.575806 0.817586 0.0
vn -0.615235 0.788344 0.0
vn -0.653177 0.757206 0.0
vn -0.615235 0.788344 0.0
vn -0.653177 0.757206 0.0
vn -0.689539 0.724248 0.0
vn -0.689539 0.724248 0.0
vn -0.724238 0.68955 0.0
vn -0.724238 0.68955 0.0
vn -0.757215 0.653166 0.0
vn -0.757215 0.653166 0.0
vn -0.788346 0.615232 0.0
vn -0.788346 0.615232 0.0
vn -0.817587 0.575805 0.0
vn -0.817587 0.575805 0.0
vn -0.844852 0.535 0.0
vn -0.844852 0.535 0.0
vn -0.870086 0.492899 0.0
vn -0.870086 0.492899 0.0
vn -0.893224 0.449611 0.0
vn -0.893224 0.449611 0.0
vn -0.914213 0.405234 0.0
vn -0.914213 0.405234 0.0
vn -0.932992 0.359896 0.0
vn -0.932992 0.359896 0.0
vn -0.949529 0.313679 0.0
vn -0.949529 0.313679 0.0
vn -0.96377 0.266734 0.0
vn -0.96377 0.266734 0.0
vn -0.975704 0.219093 0.0
vn -0.975704 0.219093 0.0
vn -0.985278 0.17096 0.0
vn -0.985278 0.17096 0.0
vn -0.99248 0.122409 0.0
vn -0.99248 0.122409 0.0
vn -0.99729 0.073575 0.0
vn -0.99729 0.073575 0.0
vn -0.999699 0.024534 0.0
vn -0.999699 0.024534 0.0
vn 0.0 1.0 0.0
vn 0.0 1.0 -0.0
vn -1.0 0.0 0.0
vn -1.0 0.0 0.0
vn 0.0 0.0 -1.0
vn 0.0 0.0 -1.0
vn 0.0 0.0 -1.0
vn 0.0 0.0 -1.0
vn 0.0 0.0 -1.0
vn 0.0 0.0 -1.0
vn 0.0 0.0 -1.0
vn 0.0 0.0 -1.0
vn 0.0 0.0 -1.0
vn 0.0 0.0 -1.0
vn 0.0 0.0 -1.0
vn 0.0 0.0 -1.0
vn 0.0 0.0 -1.0
vn 0.0 0.0 -1.0
vn 0.0 0.0 -1.0
vn 0.0 0.0 -1.0
vn 0.0 0.0 -1.0
vn 0.0 0.0 -1.0
vn 0.0 0.0 -1.0
vn 0.0 0.0 -1.0
vn 0.0 0.0 -1.0
vn 0.0 0.0 -1.0
vn 0.0 0.0 -1.0
vn 0.0 0.0 -1.0
vn 0.0 0.0 -1.0
vn 0.0 0.0 -1.0
vn 0.0 0.0 -1.0
vn 0.0 0.0 -1.0
vn 0.0 0.0 -1.0
vn 0.0 0.0 -1.0
vn 0.0 0.0 -1.0
vn 0.0 -0.0 -1.0
vn 0.0 -0.0 -1.0
vn 0.0 -0.0 -1.0
vn 0.0 -0.0 -1.0
vn 0.0 -0.0 -1.0
vn 0.0 -0.0 -1.0
vn 0.0 -0.0 -1.0
vn 0.0 -0.0 -1.0
vn 0.0 -0.0 -1.0
vn 0.0 -0.0 -1.0
vn 0.0 -0.0 -1.0
vn 0.0 -0.0 -1.0
vn 0.0 -0.0 -1.0
vn 0.0 -0.0 -1.0
vn 0.0 -0.0 -1.0
vn 0.0 -0.0 -1.0
vn 0.0 -0.0 -1.0
vn 0.0 -0.0 -1.0
vn 0.0 -0.0 -1.0
vn 0.0 -0.0 -1.0
vn 0.0 -0.0 -1.0
vn 0.0 -0.0 -1.0
vn 0.0 -0.0 -1.0
vn 0.0 -0.0 -1.0
vn 0.0 -0.0 -1.0
vn 0.0 -0.0 -1.0
vn 0.0 -0.0 -1.0
vn 0.0 -0.0 -1.0
vn 0.0 -0.0 -1.0
vn 0.0 0.0 -1.0
vn 0.0 0.0 -1.0
vn 0.0 -0.0 -1.0
vn 0.0 -0.0 -1.0
vn 0.0 0.0 -1.0
vn 0.0 0.0 -1.0
vn 0.0 0.0 -1.0
vn 0.0 0.0 -1.0
vn 0.0 0.0 -1.0
vn 0.0 0.0 -1.0
vn 0.0 0.0 -1.0
vn 0.0 0.0 -1.0
vn 0.0 0.0 -1.0
vn 0.0 0.0 -1.0
vn 0.0 0.0 -1.0
vn 0.0 0.0 -1.0
vn 0.0 0.0 -1.0
vn 0.0 0.0 -1.0
vn 0.0 0.0 -1.0
vn 0.0 0.0 -1.0
vn 0.0 0.0 -1.0
vn 0.0 0.0 -1.0
vn 0.0 0.0 -1.0
vn 0.0 0.0 -1.0
vn 0.0 0.0 -1.0
vn 0.0 0.0 -1.0
vn 0.0 0.0 -1.0
vn 0.0 0.0 -1.0
vn 0.0 0.0 -1.0
vn 0.0 0.0 -1.0
vn 0.0 0.0 -1.0
vn 0.0 0.0 -1.0
vn 0.0 0.0 -1.0
vn 0.0 0.0 -1.0
vn 0.0 0.0 -1.0
vn 0.0 0.0 -1.0
vn 0.0 0.0 -1.0
vn 0.0 0.0 -1.0
vn 0.0 0.0 -1.0
vn 0.0 0.0 -1.0
vn 0.0 0.0 -1.0
vn 0.0 0.0 -1.0
vn 0.0 0.0 -1.0
vn 0.0 0.0 -1.0
vn 0.0 0.0 -1.0
vn 0.0 0.0 -1.0
vn 0.0 0.0 -1.0
vn 0.0 0.0 -1.0
vn 0.0 0.0 -1.0
vn 0.0 0.0 -1.0
vn 0.0 0.0 -1.0
vn 0.0 0.0 -1.0
vn 0.0 0.0 -1.0
vn 0.0 0.0 -1.0
vn 0.0 0.0 -1.0
vn 0.0 0.0 -1.0
vn 0.0 0.0 -1.0
vn 0.0 0.0 -1.0
vn 0.0 0.0 -1.0
vn 0.0 0.0 -1.0
vn 0.0 0.0 -1.0
vn 0.0 0.0 -1.0
vn 0.0 0.0 -1.0
vn 0.0 0.0 -1.0
vn 0.0 0.0 -1.0
vn 0.0 0.0 -1.0
vn 0.0 0.0 -1.0
vn 0.0 0.0 -1.0
vn 0.0 0.0 -1.0
vn 0.0 0.0 -1.0
vn 0.0 0.0 -1.0
vn 0.0 0.0 -1.0
vn 0.0 0.0 -1.0
vn 0.0 0.0 -1.0
vn 0.0 0.0 -1.0
vn 0.0 0.0 -1.0
vn 0.0 0.0 -1.0
vn 0.0 0.0 -1.0
vn 0.0 0.0 -1.0
vn 0.0 0.0 -1.0
vn 0.0 0.0 -1.0
vn 0.0 0.0 -1.0
vn 0.0 0.0 -1.0
vn 0.0 0.0 -1.0
vn 0.0 0.0 -1.0
vn 0.0 0.0 -1.0
vn 0.0 0.0 -1.0
vn 0.0 0.0 -1.0
vn 0.0 0.0 -1.0
vn 0.0 -0.0 -1.0
vn 0.0 -0.0 -1.0
vn 0.0 -0.0 -1.0
vn 0.0 -0.0 -1.0
vn 0.0 -0.0 -1.0
vn 0.0 -0.0 -1.0
vn 0.0 -0.0 -1.0
vn 0.0 -0.0 -1.0
vn 0.0 -0.0 -1.0
vn 0.0 -0.0 -1.0
vn 0.0 -0.0 -1.0
vn 0.0 -0.0 -1.0
vn 0.0 -0.0 -1.0
vn 0.0 -0.0 -1.0
vn 0.0 -0.0 -1.0
vn 0.0 -0.0 -1.0
vn 0.0 -0.0 -1.0
vn 0.0 -0.0 -1.0
vn 0.0 -0.0 -1.0
vn 0.0 -0.0 -1.0
vn 0.0 -0.0 -1.0
vn 0.0 -0.0 -1.0
vn 0.0 -0.0 -1.0
vn 0.0 -0.0 -1.0
vn 0.0 -0.0 -1.0
vn 0.0 -0.0 -1.0
vn 0.0 -0.0 -1.0
vn 0.0 -0.0 -1.0
vn 0.0 -0.0 -1.0
vn 0.0 -0.0 -1.0
vn 0.0 -0.0 -1.0
vn 0.0 -0.0 -1.0
vn 0.0 -0.0 -1.0
vn -0.0 -0.0 -1.0
vn 0.0 -0.0 -1.0
vn -0.0 -0.0 -1.0
vn -0.0 -0.0 -1.0
vn 0.0 -0.0 -1.0
vn -0.0 -0.0 -1.0
vn -0.0 -0.0 -1.0
vn 0.0 0.0 -1.0
vn 0.0 -0.0 -1.0
vn 0.0 -0.0 -1.0
vn 0.0 -0.0 -1.0
vn 0.0 -0.0 -1.0
vn -0.0 -0.0 -1.0
vn -0.0 -0.0 -1.0
vn 0.0 0.0 -1.0
vn 0.0 0.0 -1.0
vn 0.0 0.0 -1.0
vn 0.0 0.0 -1.0
vn 0.0 0.0 -1.0
vn 0.0 0.0 -1.0
vn 0.0 0.0 -1.0
vn 0.0 0.0 -1.0
vn 0.0 0.0 -1.0
vn 0.0 0.0 -1.0
vn 0.0 0.0 -1.0
vn 0.0 0.0 -1.0
vn 0.0 0.0 -1.0
vn 0.0 0.0 -1.0
vn 0.0 0.0 -1.0
vn 0.0 0.0 -1.0
vn 0.0 0.0 -1.0
vn 0.0 0.0 -1.0
vn 0.0 0.0 -1.0
vn 0.0 0.0 -1.0
vn 0.0 0.0 -1.0
vn 0.0 0.0 -1.0
vn 0.0 0.0 -1.0
vn 0.0 0.0 -1.0
vn 0.0 0.0 -1.0
vn 0.0 0.0 -1.0
vn 0.0 0.0 -1.0
vn 0.0 0.0 -1.0
vn 0.0 0.0 -1.0
vn 0.0 0.0 -1.0
vn 0.0 0.0 -1.0
vn 0.0 0.0 -1.0
vn 0.0 0.0 -1.0
vn 0.0 0.0 -1.0
vn 0.0 0.0 -1.0
vn 0.0 0.0 -1.0
vn 0.0 0.0 -1.0
vn 0.0 0.0 -1.0
vn 0.0 0.0 -1.0
vn 0.0 0.0 -1.0
vn 0.0 -0.0 -1.0
vn 0.0 -0.0 -1.0
vn 0.0 -0.0 -1.0
vn 0.0 -0.0 -1.0
vn 0.0 -0.0 -1.0
vn 0.0 -0.0 -1.0
vn 0.0 -0.0 -1.0
vn 0.0 -0.0 -1.0
vn 0.0 -0.0 -1.0
vn 0.0 -0.0 -1.0
vn 0.0 -0.0 -1.0
vn 0.0 0.0 -1.0
vn 0.0 -0.0 -1.0
vn 0.0 0.0 -1.0
vn 0.0 0.0 -1.0
vn 0.0 0.0 -1.0
vn 0.0 0.0 -1.0
vn 0.0 0.0 -1.0
vn -0.0 -0.0 -1.0
vn 0.0 0.0 -1.0
vn 0.0 0.0 -1.0
vn 0.0 0.0 -1.0
vn 0.0 0.0 -1.0
vn -0.0 -0.0 -1.0
vn 0.0 0.0 -1.0
vn 0.0 0.0 1.0
vn 0.0 0.0 1.0
vn 0.0 0.0 1.0
vn 0.0 0.0 1.0
vn 0.0 0.0 1.0
vn 0.0 0.0 1.0
vn 0.0 0.0 1.0
vn 0.0 0.0 1.0
vn 0.0 0.0 1.0
vn 0.0 0.0 1.0
vn 0.0 0.0 1.0
vn 0.0 0.0 1.0
vn 0.0 0.0 1.0
vn 0.0 0.0 1.0
vn 0.0 0.0 1.0
vn 0.0 0.0 1.0
vn 0.0 0.0 1.0
vn 0.0 0.0 1.0
vn 0.0 0.0 1.0
vn 0.0 0.0 1.0
vn 0.0 0.0 1.0
vn 0.0 0.0 1.0
vn 0.0 0.0 1.0
vn 0.0 0.0 1.0
vn 0.0 0.0 1.0
vn 0.0 0.0 1.0
vn 0.0 0.0 1.0
vn 0.0 0.0 1.0
vn 0.0 0.0 1.0
vn 0.0 0.0 1.0
vn 0.0 0.0 1.0
vn 0.0 0.0 1.0
vn 0.0 0.0 1.0
vn 0.0 0.0 1.0
vn 0.0 0.0 1.0
vn 0.0 0.0 1.0
vn 0.0 0.0 1.0
vn 0.0 0.0 1.0
vn 0.0 0.0 1.0
vn 0.0 0.0 1.0
vn 0.0 0.0 1.0
vn 0.0 0.0 1.0
vn 0.0 0.0 1.0
vn 0.0 0.0 1.0
vn 0.0 0.0 1.0
vn 0.0 0.0 1.0
vn 0.0 0.0 1.0
vn 0.0 0.0 1.0
vn 0.0 0.0 1.0
vn 0.0 0.0 1.0
vn 0.0 0.0 1.0
vn 0.0 0.0 1.0
vn 0.0 0.0 1.0
vn 0.0 0.0 1.0
vn 0.0 0.0 1.0
vn 0.0 0.0 1.0
vn 0.0 0.0 1.0
vn 0.0 0.0 1.0
vn 0.0 0.0 1.0
vn 0.0 0.0 1.0
vn 0.0 0.0 1.0
vn 0.0 0.0 1.0
vn 0.0 0.0 1.0
vn 0.0 0.0 1.0
vn 0.0 0.0 1.0
vn 0.0 0.0 1.0
vn 0.0 0.0 1.0
vn 0.0 0.0 1.0
vn 0.0 0.0 1.0
vn 0.0 0.0 1.0
vn 0.0 0.0 1.0
vn 0.0 0.0 1.0
vn 0.0 0.0 1.0
vn 0.0 0.0 1.0
vn 0.0 0.0 1.0
vn 0.0 0.0 1.0
vn 0.0 0.0 1.0
vn 0.0 0.0 1.0
vn 0.0 0.0 1.0
vn 0.0 0.0 1.0
vn 0.0 0.0 1.0
vn 0.0 0.0 1.0
vn 0.0 0.0 1.0
vn 0.0 0.0 1.0
vn 0.0 0.0 1.0
vn 0.0 0.0 1.0
vn 0.0 0.0 1.0
vn 0.0 0.0 1.0
vn 0.0 0.0 1.0
vn 0.0 0.0 1.0
vn 0.0 0.0 1.0
vn 0.0 0.0 1.0
vn 0.0 0.0 1.0
vn 0.0 0.0 1.0
vn 0.0 0.0 1.0
vn 0.0 0.0 1.0
vn 0.0 0.0 1.0
vn 0.0 0.0 1.0
vn 0.0 0.0 1.0
vn 0.0 0.0 1.0
vn 0.0 0.0 1.0
vn 0.0 0.0 1.0
vn 0.0 0.0 1.0
vn 0.0 0.0 1.0
vn 0.0 0.0 1.0
vn 0.0 0.0 1.0
vn 0.0 0.0 1.0
vn 0.0 0.0 1.0
vn 0.0 0.0 1.0
vn 0.0 0.0 1.0
vn 0.0 0.0 1.0
vn 0.0 0.0 1.0
vn 0.0 0.0 1.0
vn 0.0 0.0 1.0
vn 0.0 0.0 1.0
vn 0.0 0.0 1.0
vn 0.0 0.0 1.0
vn 0.0 0.0 1.0
vn 0.0 0.0 1.0
vn 0.0 0.0 1.0
vn 0.0 0.0 1.0
vn 0.0 0.0 1.0
vn 0.0 0.0 1.0
vn 0.0 0.0 1.0
vn 0.0 0.0 1.0
vn 0.0 0.0 1.0
vn 0.0 0.0 1.0
vn 0.0 0.0 1.0
vn 0.0 0.0 1.0
vn 0.0 0.0 1.0
vn 0.0 0.0 1.0
vn 0.0 0.0 1.0
vn 0.0 0.0 1.0
vn 0.0 0.0 1.0
vn 0.0 0.0 1.0
vn 0.0 0.0 1.0
vn 0.0 0.0 1.0
vn 0.0 0.0 1.0
vn 0.0 0.0 1.0
vn 0.0 0.0 1.0
vn 0.0 0.0 1.0
vn 0.0 0.0 1.0
vn 0.0 0.0 1.0
vn 0.0 0.0 1.0
vn 0.0 0.0 1.0
vn 0.0 0.0 1.0
vn 0.0 0.0 1.0
vn 0.0 0.0 1.0
vn 0.0 0.0 1.0
vn 0.0 0.0 1.0
vn 0.0 0.0 1.0
vn 0.0 0.0 1.0
vn 0.0 0.0 1.0
vn 0.0 0.0 1.0
vn 0.0 0.0 1.0
vn 0.0 0.0 1.0
vn 0.0 0.0 1.0
vn 0.0 0.0 1.0
vn 0.0 0.0 1.0
vn 0.0 0.0 1.0
vn 0.0 0.0 1.0
vn 0.0 0.0 1.0
vn 0.0 0.0 1.0
vn 0.0 0.0 1.0
vn 0.0 0.0 1.0
vn 0.0 0.0 1.0
vn 0.0 0.0 1.0
vn 0.0 0.0 1.0
vn 0.0 0.0 1.0
vn 0.0 0.0 1.0
vn 0.0 0.0 1.0
vn 0.0 0.0 1.0
vn 0.0 0.0 1.0
vn 0.0 0.0 1.0
vn 0.0 0.0 1.0
vn 0.0 0.0 1.0
vn 0.0 0.0 1.0
vn 0.0 0.0 1.0
vn 0.0 0.0 1.0
vn 0.0 0.0 1.0
vn 0.0 0.0 1.0
vn 0.0 0.0 1.0
vn 0.0 0.0 1.0
vn 0.0 0.0 1.0
vn 0.0 0.0 1.0
vn 0.0 0.0 1.0
vn 0.0 0.0 1.0
vn 0.0 0.0 1.0
vn 0.0 0.0 1.0
vn 0.0 0.0 1.0
vn 0.0 0.0 1.0
vn 0.0 0.0 1.0
vn 0.0 0.0 1.0
vn 0.0 0.0 1.0
vn 0.0 0.0 1.0
vn 0.0 0.0 1.0
vn 0.0 0.0 1.0
vn 0.0 0.0 1.0
vn 0.0 0.0 1.0
vn 0.0 0.0 1.0
vn 0.0 0.0 1.0
vn 0.0 0.0 1.0
vn 0.0 0.0 1.0
vn 0.0 0.0 1.0
vn 0.0 0.0 1.0
vn 0.0 0.0 1.0
vn 0.0 0.0 1.0
vn 0.0 0.0 1.0
vn 0.0 0.0 1.0
vn 0.0 0.0 1.0
vn 0.0 0.0 1.0
vn 0.0 0.0 1.0
vn 0.0 0.0 1.0
vn 0.0 0.0 1.0
vn 0.0 0.0 1.0
vn 0.0 0.0 1.0
vn 0.0 0.0 1.0
vn 0.0 0.0 1.0
vn 0.0 0.0 1.0
vn 0.0 0.0 1.0
vn 0.0 0.0 1.0
vn 0.0 0.0 1.0
vn 0.0 0.0 1.0
vn 0.0 0.0 1.0
vn 0.0 0.0 1.0
vn 0.0 0.0 1.0
vn 0.0 0.0 1.0
vn 0.0 0.0 1.0
vn 0.0 0.0 1.0
vn 0.0 0.0 1.0
vn 0.0 0.0 1.0
vn 0.0 0.0 1.0
vn 0.0 0.0 1.0
vn 0.0 0.0 1.0
vn 0.0 0.0 1.0
vn 0.0 0.0 1.0
vn 0.0 0.0 1.0
vn 0.0 0.0 1.0
vn 0.0 0.0 1.0
vn 0.0 0.0 1.0
vn 0.0 0.0 1.0
vn 0.0 0.0 1.0
vn 0.0 0.0 1.0
vn 0.0 0.0 1.0
vn 0.0 0.0 1.0
vn 0.0 0.0 1.0
vn 0.0 0.0 1.0
vn 0.0 0.0 1.0
vn 0.0 0.0 1.0
vn 0.0 0.0 1.0
vn 0.0 0.0 1.0
vn 0.0 0.0 1.0
vn 0.0 0.0 1.0
vn 0.0 0.0 1.0
vn 0.0 0.0 1.0
vn 0.0 0.0 1.0
vn 0.0 0.0 1.0
vn 0.0 0.0 1.0
vn 0.0 0.0 1.0
vn 0.0 0.0 1.0
vn 0.0 0.0 1.0
vn 0.0 0.0 1.0
vn 0.0 0.0 1.0
vn 0.0 0.0 1.0
vn 0.0 0.0 1.0
vn 0.0 0.0 1.0
vn 0.0 0.0 1.0
vn 0.0 0.0 1.0
vn 0.0 0.0 1.0
vn 0.0 0.0 1.0
vn 0.0 0.0 1.0
vn 0.0 0.0 1.0
vn 0.0 0.0 1.0
vn 0.0 0.0 1.0
vn 0.0 0.0 1.0
vn 0.0 0.0 1.0
vn 0.0 0.0 1.0
vn 0.0 0.0 1.0
vn 0.0 0.0 1.0
vn 0.0 0.0 1.0
vn 0.0 0.0 1.0
vn 0.0 0.0 1.0
vn 0.0 0.0 1.0
vn 0.0 0.0 1.0
vn 0.0 0.0 1.0
vn 0.0 0.0 1.0
vn 0.0 0.0 1.0
vn 0.0 0.0 1.0
vn 0.0 0.0 1.0
vn 0.0 0.0 1.0
vn 0.0 0.0 1.0
vn 0.0 0.0 1.0
vn 0.0 0.0 1.0
vn 0.0 0.0 1.0
vn 0.0 0.0 1.0
vn 0.0 0.0 1.0
vn 0.0 0.0 1.0
vn 0.0 0.0 1.0
vn 0.0 0.0 1.0
vn 0.0 0.0 1.0
vn 0.0 0.0 1.0
vn 0.0 0.0 1.0
vn 0.0 0.0 1.0
vn 0.0 0.0 1.0
vn 0.0 0.0 1.0
vn 0.0 0.0 1.0
vn 0.0 0.0 1.0
vn 0.0 0.0 1.0
vn 0.0 0.0 1.0
vn 0.0 0.0 1.0
vn 0.0 0.0 1.0
vn 0.0 0.0 1.0
vn 0.0 0.0 1.0
vn 0.0 0.0 1.0
vn 0.0 0.0 1.0
vn 0.0 0.0 1.0
vn 0.0 0.0 1.0
vn 0.0 0.0 1.0
vn 0.0 0.0 1.0
vn 0.0 0.0 1.0
vn 0.0 0.0 1.0
vn 0.0 0.0 1.0
vn 0.0 0.0 1.0
vn 0.0 0.0 1.0
vn 0.0 0.0 1.0
vn 0.0 0.0 1.0
vn 0.0 0.0 1.0
vn 0.0 0.0 1.0
vn 0.0 0.0 1.0
vn 0.0 0.0 1.0
vn 0.0 0.0 1.0
vn 0.0 0.0 1.0
vn 0.0 0.0 1.0
vn 0.0 0.0 1.0
vn 0.0 0.0 1.0
vn 0.0 0.0 1.0
vn 0.0 0.0 1.0
vn 0.0 0.0 1.0
vn 0.0 0.0 1.0
vn 0.0 0.0 1.0
vn 0.0 0.0 1.0
vn 0.0 0.0 1.0
vn 0.0 0.0 1.0
vn 0.0 0.0 1.0
vn 0.0 0.0 1.0
vn 0.0 0.0 1.0
vn 0.0 0.0 1.0
vn 0.0 0.0 1.0
vn 0.0 0.0 1.0
vn 0.0 0.0 1.0
vn 0.0 0.0 1.0
vn 0.0 0.0 1.0
vn 0.0 0.0 1.0
vn 0.0 0.0 1.0
vn 0.0 0.0 1.0
vn 0.0 0.0 1.0
vn 0.0 0.0 1.0
vn 0.0 0.0 1.0
vn 0.0 0.0 1.0
vn 0.0 0.0 1.0
vn 0.0 0.0 1.0
vn 0.0 0.0 1.0
vn 0.0 0.0 1.0
vn 0.0 0.0 1.0
vn 0.0 0.0 1.0
vn 0.0 0.0 1.0
vn 0.0 0.0 1.0
vn 0.0 0.0 1.0
vn 0.0 0.0 1.0
vn 0.0 0.0 1.0
vn 0.0 0.0 1.0
vn 0.0 0.0 1.0
vn 0.0 0.0 1.0
vn 0.0 0.0 1.0
vn 0.0 0.0 1.0
vn 0.0 0.0 1.0
vn 0.0 0.0 1.0
vn 0.0 0.0 1.0
vn 0.0 0.0 1.0
vn 0.0 0.0 1.0
vn 0.0 0.0 1.0
vn 0.0 0.0 1.0
vn 0.0 0.0 1.0
vn 0.0 0.0 1.0
vn 0.0 0.0 1.0
vn 0.0 0.0 1.0
vn 0.0 0.0 1.0
vn 0.0 0.0 1.0
vn 0.0 0.0 1.0
vn 0.0 0.0 1.0
vn 0.0 0.0 1.0
vn 0.0 0.0 1.0
vn 0.0 0.0 1.0
vn 0.0 0.0 1.0
vn 0.0 0.0 1.0
vn 0.0 0.0 1.0
vn 0.0 0.0 1.0
vn 0.0 0.0 1.0
vn 0.0 0.0 1.0
vn 0.0 0.0 1.0
vn 0.0 0.0 1.0
vn 0.0 0.0 1.0
vn 0.0 0.0 1.0
vn 0.0 0.0 1.0
vn 0.0 0.0 1.0
vn 0.0 0.0 1.0
vn 0.0 0.0 1.0
vn 0.0 0.0 1.0
vn 0.0 0.0 1.0
vn 0.0 0.0 1.0
vn 0.0 0.0 1.0
vn 0.0 0.0 1.0
vn 0.0 0.0 1.0
vn 0.0 0.0 1.0
vn 0.0 0.0 1.0
vn 0.0 0.0 1.0
vn 0.0 0.0 1.0
vn 0.0 0.0 1.0
vn 0.0 0.0 1.0
vn 0.0 0.0 1.0
vn 0.0 0.0 1.0
vn 0.0 0.0 1.0
vn 0.0 0.0 1.0
vn 0.0 0.0 1.0
vn 0.0 0.0 1.0
vn 0.0 0.0 1.0
vn 0.0 0.0 1.0
vn 0.0 0.0 1.0
vn 0.0 0.0 1.0
vn 0.0 0.0 1.0
vn 0.0 0.0 1.0
vn 0.0 0.0 1.0
vn 0.0 0.0 1.0
vn 0.0 0.0 1.0
vn 0.0 0.0 1.0
vn 0.0 0.0 1.0
vn 0.0 0.0 1.0
vn 0.0 0.0 1.0
vn 0.0 0.0 1.0
vn 0.0 0.0 1.0
vn 0.0 0.0 1.0
vn 0.0 0.0 1.0
vn 0.0 0.0 1.0
vn 0.0 0.0 1.0
vn 0.0 0.0 1.0
vn 0.0 0.0 1.0
vn 0.0 0.0 1.0
vn 0.0 0.0 1.0
vn 0.0 0.0 1.0
vn 0.0 0.0 1.0
vn 0.0 0.0 1.0
vn 0.0 0.0 1.0
vn 0.0 0.0 1.0
vn 0.0 0.0 1.0
vn 0.0 0.0 1.0
vn 0.0 0.0 1.0
vn 0.0 0.0 1.0
vn 0.0 0.0 1.0
vn 0.0 0.0 1.0
vn 0.0 0.0 1.0
vn 0.0 0.0 1.0
vn 0.0 0.0 1.0
vn 0.0 0.0 1.0
vn 0.0 0.0 1.0
vn 0.0 0.0 1.0
vn 0.0 0.0 1.0
vn 0.0 0.0 1.0
vn 0.0 0.0 1.0
vn 0.0 0.0 1.0
vn 0.0 0.0 1.0
vn 0.0 0.0 1.0
vn 0.0 0.0 1.0
vn 0.0 0.0 1.0
vn 0.0 0.0 1.0
vn 0.0 0.0 1.0
vn 0.0 0.0 1.0
vn 0.0 0.0 1.0
vn 0.0 0.0 1.0
vn 0.0 0.0 1.0
vn 0.0 0.0 1.0
vn 0.0 0.0 1.0
vn 0.0 0.0 1.0
vn 0.0 0.0 1.0
vn 0.0 0.0 1.0
vn 0.0 0.0 1.0
vn 0.0 0.0 1.0
vn 0.0 0.0 1.0
vn 0.0 0.0 1.0
vn 0.0 0.0 1.0
vn 0.0 0.0 1.0
vn 0.0 0.0 1.0
vn 0.0 0.0 1.0
vn 0.0 0.0 1.0
vn 0.0 0.0 1.0
vn 0.0 0.0 1.0
vn 0.0 0.0 1.0
vn 0.0 0.0 1.0
vn 0.0 0.0 1.0
vn 0.0 0.0 1.0
vn 0.0 0.0 1.0
vn 0.0 0.0 1.0
vn 0.0 0.0 1.0
vn 0.0 0.0 1.0
vn 0.0 0.0 1.0
vn 0.0 0.0 1.0
vn 0.0 0.0 1.0
vn 0.0 0.0 1.0
vn 0.0 0.0 1.0
vn 0.0 0.0 1.0
vn 0.0 0.0 1.0
vn 0.0 0.0 1.0
vn 0.0 0.0 1.0
vn 0.0 0.0 1.0
vn 0.0 0.0 1.0
vn 0.0 0.0 1.0
vn 0.0 0.0 1.0
vn 0.0 0.0 1.0
vn 0.0 0.0 1.0
vn 0.0 0.0 1.0
vn -0.0 0.0 1.0
vn -0.0 0.0 1.0
vn -0.0 0.0 1.0
vn -0.0 0.0 1.0
vn 0.0 0.0 1.0
vn 0.0 0.0 1.0
vn 0.0 0.0 1.0
vn 0.0 0.0 1.0
vn 0.0 0.0 1.0
vn 0.0 0.0 1.0
vn -0.024547 0.999699 0.0
vn -0.024547 0.999699 0.0
vn -0.073562 0.997291 0.0
vn -0.073562 0.997291 0.0
vn -0.122409 0.99248 0.0
vn -0.122409 0.99248 0.0
vn -0.170965 0.985277 0.0
vn -0.170965 0.985277 0.0
vn -0.2191 0.975702 0.0
vn -0.2191 0.975702 0.0
vn -0.26671 0.963777 0.0
vn -0.26671 0.963777 0.0
vn -0.313685 0.949527 0.0
vn -0.313685 0.949527 0.0
vn -0.359896 0.932992 0.0
vn -0.359896 0.932992 0.0
vn -0.40524 0.91421 0.0
vn -0.40524 0.91421 0.0
vn -0.449611 0.893224 0.0
vn -0.449611 0.893224 0.0
vn -0.492896 0.870088 0.0
vn -0.492896 0.870088 0.0
vn -0.534999 0.844853 0.0
vn -0.534999 0.844853 0.0
vn -0.575809 0.817584 0.0
vn -0.575809 0.817584 0.0
vn -0.615232 0.788346 0.0
vn -0.615232 0.788346 0.0
vn -0.653173 0.757209 0.0
vn -0.653173 0.757209 0.0
vn -0.68954 0.724248 0.0
vn -0.68954 0.724248 0.0
vn -0.724248 0.68954 0.0
vn -0.724248 0.68954 0.0
vn -0.757209 0.653173 0.0
vn -0.788345 0.615234 0.0
vn -0.757209 0.653173 0.0
vn -0.788345 0.615234 0.0
vn -0.817587 0.575806 0.0
vn -0.817587 0.575806 0.0
vn -0.844853 0.534999 0.0
vn -0.870086 0.492899 0.0
vn -0.844853 0.534999 0.0
vn -0.870086 0.492899 0.0
vn -0.893224 0.449611 0.0
vn -0.893224 0.449611 0.0
vn -0.91421 0.405241 0.0
vn -0.91421 0.405241 0.0
vn -0.932994 0.359893 0.0
vn -0.932994 0.359893 0.0
vn -0.949528 0.313682 0.0
vn -0.949528 0.313682 0.0
vn -0.963776 0.266715 0.0
vn -0.963776 0.266715 0.0
vn -0.975703 0.219099 0.0
vn -0.985277 0.170963 0.0
vn -0.975703 0.219099 0.0
vn -0.99248 0.12241 0.0
vn -0.985277 0.170963 0.0
vn -0.99248 0.12241 0.0
vn -0.99729 0.073565 0.0
vn -0.99729 0.073565 0.0
vn -0.999699 0.024541 0.0
vn -0.999699 0.024541 0.0
vn -0.999699 -0.024534 0.0
vn -0.999699 -0.024534 0.0
vn -0.99729 -0.073575 0.0
vn -0.99729 -0.073575 0.0
vn -0.99248 -0.12241 0.0
vn -0.99248 -0.12241 0.0
vn -0.985278 -0.170959 0.0
vn -0.985278 -0.170959 0.0
vn -0.975704 -0.219093 0.0
vn -0.975704 -0.219093 0.0
vn -0.96377 -0.266734 0.0
vn -0.96377 -0.266734 0.0
vn -0.949529 -0.313679 0.0
vn -0.949529 -0.313679 0.0
vn -0.932992 -0.359896 0.0
vn -0.932992 -0.359896 0.0
vn -0.914213 -0.405234 0.0
vn -0.914213 -0.405234 0.0
vn -0.893224 -0.449611 0.0
vn -0.893224 -0.449611 0.0
vn -0.870086 -0.492899 0.0
vn -0.870086 -0.492899 0.0
vn -0.844852 -0.535 0.0
vn -0.844852 -0.535 0.0
vn -0.817587 -0.575805 0.0
vn -0.817587 -0.575805 0.0
vn -0.788346 -0.615232 0.0
vn -0.788346 -0.615232 0.0
vn -0.757215 -0.653166 0.0
vn -0.757215 -0.653166 0.0
vn -0.724238 -0.68955 0.0
vn -0.724238 -0.68955 0.0
vn -0.689539 -0.724248 0.0
vn -0.689539 -0.724248 0.0
vn -0.653177 -0.757206 0.0
vn -0.615235 -0.788344 -0.0
vn -0.653177 -0.757206 0.0
vn -0.615235 -0.788344 0.0
vn -0.575806 -0.817586 0.0
vn -0.575806 -0.817586 0.0
vn -0.534999 -0.844853 0.0
vn -0.492894 -0.87009 -0.0
vn -0.534999 -0.844853 0.0
vn -0.492894 -0.87009 0.0
vn -0.449616 -0.893222 0.0
vn -0.449616 -0.893222 0.0
vn -0.405235 -0.914213 0.0
vn -0.405235 -0.914213 0.0
vn -0.359901 -0.932991 0.0
vn -0.359901 -0.932991 0.0
vn -0.313677 -0.94953 0.0
vn -0.313677 -0.94953 0.0
vn -0.266714 -0.963776 0.0
vn -0.266714 -0.963776 0.0
vn -0.2191 -0.975702 0.0
vn -0.170964 -0.985277 -0.0
vn -0.2191 -0.975702 0.0
vn -0.122412 -0.992479 -0.0
vn -0.170964 -0.985277 0.0
vn -0.122412 -0.992479 0.0
vn -0.073561 -0.997291 0.0
vn -0.073561 -0.997291 0.0
vn -0.02454 -0.999699 0.0
vn -0.02454 -0.999699 0.0
vn 0.0 -1.0 0.0
vn 0.0 -1.0 0.0
vn -0.999699 -0.024541 0.0
vn -0.999699 -0.024541 0.0
vn -0.99729 -0.073565 0.0
vn -0.99729 -0.073565 0.0
vn -0.99248 -0.12241 0.0
vn -0.99248 -0.12241 0.0
vn -0.985277 -0.170963 0.0
vn -0.985277 -0.170963 0.0
vn -0.975703 -0.219099 0.0
vn -0.963776 -0.266715 0.0
vn -0.975703 -0.219099 0.0
vn -0.949528 -0.313682 0.0
vn -0.963776 -0.266715 0.0
vn -0.949528 -0.313682 0.0
vn -0.932994 -0.359893 0.0
vn -0.932994 -0.359893 0.0
vn -0.91421 -0.405241 0.0
vn -0.91421 -0.405241 0.0
vn -0.893224 -0.449611 0.0
vn -0.893224 -0.449611 0.0
vn -0.870086 -0.492899 0.0
vn -0.870086 -0.492899 0.0
vn -0.844853 -0.534999 0.0
vn -0.844853 -0.534999 0.0
vn -0.817587 -0.575806 0.0
vn -0.817587 -0.575806 0.0
vn -0.788345 -0.615234 0.0
vn -0.788345 -0.615234 0.0
vn -0.757209 -0.653173 0.0
vn -0.724248 -0.68954 0.0
vn -0.757209 -0.653173 0.0
vn -0.724248 -0.68954 0.0
vn -0.68954 -0.724248 0.0
vn -0.68954 -0.724248 0.0
vn -0.653173 -0.757209 0.0
vn -0.615232 -0.788346 0.0
vn -0.653173 -0.757209 0.0
vn -0.615232 -0.788346 0.0
vn -0.575809 -0.817584 0.0
vn -0.534999 -0.844853 0.0
vn -0.575809 -0.817584 0.0
vn -0.534999 -0.844853 0.0
vn -0.492896 -0.870088 0.0
vn -0.492896 -0.870088 0.0
vn -0.449611 -0.893224 0.0
vn -0.40524 -0.91421 0.0
vn -0.449611 -0.893224 0.0
vn -0.40524 -0.91421 0.0
vn -0.359896 -0.932992 0.0
vn -0.359896 -0.932992 0.0
vn -0.313685 -0.949527 0.0
vn -0.313685 -0.949527 0.0
vn -0.26671 -0.963777 0.0
vn -0.26671 -0.963777 0.0
vn -0.2191 -0.975702 0.0
vn -0.2191 -0.975702 0.0
vn -0.170965 -0.985277 0.0
vn -0.170965 -0.985277 0.0
vn -0.122409 -0.99248 0.0
vn -0.073562 -0.997291 0.0
vn -0.122409 -0.99248 0.0
vn -0.073562 -0.997291 0.0
vn -0.024547 -0.999699 0.0
vn -0.024547 -0.999699 0.0
vn -1.0 -0.0 0.0
vn -1.0 -0.0 0.0
vn -0.999699 -0.024529 0.0
vn -0.999699 -0.024529 0.0
vn -0.997293 -0.073529 0.0
vn -0.997293 -0.073529 0.0
vn -0.992487 -0.122352 0.0
vn -0.992487 -0.122352 0.0
vn -0.985292 -0.170879 0.0
vn -0.975725 -0.218998 -0.0
vn -0.985292 -0.170879 0.0
vn -0.975725 -0.218998 0.0
vn -0.963811 -0.266587 0.0
vn -0.963811 -0.266587 0.0
vn -0.949577 -0.313534 0.0
vn -0.949577 -0.313534 0.0
vn -0.933057 -0.359729 0.0
vn -0.914293 -0.405053 -0.0
vn -0.933057 -0.359729 0.0
vn -0.914293 -0.405053 0.0
vn -0.893325 -0.449411 0.0
vn -0.893325 -0.449411 0.0
vn -0.870211 -0.492679 0.0
vn -0.844998 -0.534769 -0.0
vn -0.870211 -0.492679 0.0
vn -0.844998 -0.534769 0.0
vn -0.817755 -0.575566 0.0
vn -0.817755 -0.575566 0.0
vn -0.788543 -0.614979 0.0
vn -0.788543 -0.614979 0.0
vn -0.757436 -0.652909 0.0
vn -0.757436 -0.652909 0.0
vn -0.724498 -0.689276 0.0
vn -0.689827 -0.723974 -0.0
vn -0.724498 -0.689276 0.0
vn -0.653489 -0.756936 -0.0
vn -0.689827 -0.723974 0.0
vn -0.615581 -0.788073 -0.0
vn -0.653489 -0.756936 0.0
vn -0.615581 -0.788073 0.0
vn -0.576186 -0.817319 0.0
vn -0.576186 -0.817319 0.0
vn -0.535404 -0.844596 0.0
vn -0.535404 -0.844596 0.0
vn -0.493346 -0.869833 0.0
vn -0.493346 -0.869833 0.0
vn -0.450088 -0.892984 0.0
vn -0.450088 -0.892984 0.0
vn -0.405753 -0.913983 0.0
vn -0.360434 -0.932785 -0.0
vn -0.405753 -0.913983 0.0
vn -0.360434 -0.932785 0.0
vn -0.314258 -0.949338 0.0
vn -0.314258 -0.949338 0.0
vn -0.267319 -0.963608 0.0
vn -0.267319 -0.963608 0.0
vn -0.219744 -0.975558 0.0
vn -0.219744 -0.975558 0.0
vn -0.171624 -0.985162 0.0
vn -0.171624 -0.985162 0.0
vn -0.123117 -0.992392 0.0
vn -0.123117 -0.992392 0.0
vn -0.074285 -0.997237 0.0
vn -0.074285 -0.997237 0.0
vn -0.025284 -0.99968 0.0
vn -0.025284 -0.99968 0.0
vn 0.023768 -0.999718 0.0
vn 0.023768 -0.999718 0.0
vn 0.072768 -0.997349 0.0
vn 0.072768 -0.997349 0.0
vn 0.1216 -0.992579 0.0
vn 0.1216 -0.992579 0.0
vn 0.170122 -0.985423 0.0
vn 0.170122 -0.985423 0.0
vn 0.218253 -0.975892 0.0
vn 0.218253 -0.975892 0.0
vn 0.265854 -0.964013 0.0
vn 0.312818 -0.949813 0.0
vn 0.265854 -0.964013 0.0
vn 0.312818 -0.949813 0.0
vn 0.359021 -0.93333 0.0
vn 0.359021 -0.93333 0.0
vn 0.404356 -0.914602 0.0
vn 0.404356 -0.914602 0.0
vn 0.448728 -0.893668 0.0
vn 0.448728 -0.893668 0.0
vn 0.492023 -0.870582 0.0
vn 0.492023 -0.870582 0.0
vn 0.53412 -0.845408 0.0
vn 0.53412 -0.845408 0.0
vn 0.5547 -0.83205 0.0
vn 0.5547 -0.83205 0.0
vn 0.574976 -0.818171 0.0
vn 0.574976 -0.818171 0.0
vn 0.614476 -0.788936 0.0
vn 0.614476 -0.788936 0.0
vn 0.652472 -0.757812 0.0
vn 0.652472 -0.757812 0.0
vn 0.688925 -0.724833 0.0
vn 0.688925 -0.724833 0.0
vn 0.723679 -0.690137 0.0
vn 0.723679 -0.690137 0.0
vn 0.75672 -0.653739 0.0
vn 0.75672 -0.653739 0.0
vn 0.787909 -0.615792 0.0
vn 0.787909 -0.615792 0.0
vn 0.817202 -0.576351 0.0
vn 0.817202 -0.576351 0.0
vn 0.844538 -0.535496 0.0
vn 0.844538 -0.535496 0.0
vn 0.869812 -0.493384 0.0
vn 0.869812 -0.493384 0.0
vn 0.893007 -0.450042 0.0
vn 0.893007 -0.450042 0.0
vn 0.914026 -0.405655 0.0
vn 0.914026 -0.405655 0.0
vn 0.932851 -0.360263 0.0
vn 0.932851 -0.360263 0.0
vn 0.949425 -0.313993 0.0
vn 0.949425 -0.313993 0.0
vn 0.963698 -0.266995 0.0
vn 0.963698 -0.266995 0.0
vn 0.975652 -0.219326 0.0
vn 0.975652 -0.219326 0.0
vn 0.985247 -0.171139 0.0
vn 0.985247 -0.171139 0.0
vn 0.992461 -0.122563 0.0
vn 0.992461 -0.122563 0.0
vn 0.997286 -0.073626 0.0
vn 0.999698 -0.024585 0.0
vn 0.997286 -0.073626 0.0
vn 0.999698 -0.024585 0.0
vn 0.999698 0.024585 0.0
vn 0.999698 0.024585 0.0
vn 0.997286 0.073626 0.0
vn 0.997286 0.073626 -0.0
vn 0.992461 0.122563 0.0
vn 0.992461 0.122563 -0.0
vn 0.985247 0.171139 0.0
vn 0.985247 0.171139 -0.0
vn 0.975652 0.219326 0.0
vn 0.975652 0.219326 -0.0
vn 0.963698 0.266995 0.0
vn 0.963698 0.266995 -0.0
vn 0.949425 0.313993 0.0
vn 0.949425 0.313993 -0.0
vn 0.932851 0.360263 0.0
vn 0.932851 0.360263 -0.0
vn 0.914026 0.405655 0.0
vn 0.914026 0.405655 -0.0
vn 0.893007 0.450042 -0.0
vn 0.893007 0.450042 0.0
vn 0.869812 0.493384 -0.0
vn 0.869812 0.493384 0.0
vn 0.844538 0.535496 0.0
vn 0.844538 0.535496 0.0
vn 0.817203 0.57635 -0.0
vn 0.817203 0.57635 0.0
vn 0.787908 0.615792 0.0
vn 0.787908 0.615792 0.0
vn 0.75672 0.653739 -0.0
vn 0.75672 0.653739 0.0
vn 0.723679 0.690137 -0.0
vn 0.723679 0.690137 0.0
vn 0.688924 0.724834 -0.0
vn 0.688924 0.724834 0.0
vn 0.652473 0.757812 -0.0
vn 0.652473 0.757812 0.0
vn 0.614476 0.788936 -0.0
vn 0.614476 0.788936 0.0
vn 0.574976 0.818171 -0.0
vn 0.574976 0.818171 0.0
vn 0.5547 0.83205 0.0
vn 0.5547 0.83205 -0.0
vn 0.53412 0.845408 -0.0
vn 0.53412 0.845408 0.0
vn 0.492023 0.870582 0.0
vn 0.492023 0.870582 -0.0
vn 0.448728 0.893668 0.0
vn 0.448728 0.893668 -0.0
vn 0.404356 0.914602 0.0
vn 0.404356 0.914602 -0.0
vn 0.359021 0.93333 0.0
vn 0.312818 0.949813 0.0
vn 0.359021 0.93333 -0.0
vn 0.312818 0.949813 0.0
vn 0.265854 0.964013 0.0
vn 0.218253 0.975892 0.0
vn 0.265854 0.964013 0.0
vn 0.218253 0.975892 0.0
vn 0.170122 0.985423 0.0
vn 0.1216 0.992579 0.0
vn 0.170122 0.985423 -0.0
vn 0.1216 0.992579 0.0
vn 0.072768 0.997349 0.0
vn 0.072768 0.997349 -0.0
vn 0.023768 0.999718 0.0
vn -0.025284 0.99968 0.0
vn 0.023768 0.999718 -0.0
vn -0.025284 0.99968 0.0
vn -0.074285 0.997237 0.0
vn -0.074285 0.997237 0.0
vn -0.123117 0.992392 0.0
vn -0.171624 0.985162 0.0
vn -0.123117 0.992392 0.0
vn -0.171624 0.985162 0.0
vn -0.219744 0.975558 0.0
vn -0.267319 0.963608 0.0
vn -0.219744 0.975558 0.0
vn -0.267319 0.963608 0.0
vn -0.314258 0.949338 0.0
vn -0.314258 0.949338 0.0
vn -0.360434 0.932785 0.0
vn -0.360434 0.932785 0.0
vn -0.405753 0.913983 0.0
vn -0.405753 0.913983 0.0
vn -0.450088 0.892984 0.0
vn -0.450088 0.892984 0.0
vn -0.493346 0.869833 0.0
vn -0.493346 0.869833 0.0
vn -0.535404 0.844596 0.0
vn -0.535404 0.844596 0.0
vn -0.576186 0.817319 0.0
vn -0.576186 0.817319 0.0
vn -0.615581 0.788073 0.0
vn -0.615581 0.788073 0.0
vn -0.653489 0.756936 0.0
vn -0.653489 0.756936 0.0
vn -0.689827 0.723974 0.0
vn -0.689827 0.723974 0.0
vn -0.724498 0.689276 0.0
vn -0.724498 0.689276 0.0
vn -0.757436 0.652909 0.0
vn -0.757436 0.652909 0.0
vn -0.788543 0.614979 0.0
vn -0.788543 0.614979 0.0
vn -0.817755 0.575566 0.0
vn -0.817755 0.575566 0.0
vn -0.844998 0.534769 0.0
vn -0.844998 0.534769 0.0
vn -0.870211 0.492679 0.0
vn -0.870211 0.492679 0.0
vn -0.893325 0.449411 0.0
vn -0.893325 0.449411 0.0
vn -0.914293 0.405053 0.0
vn -0.914293 0.405053 0.0
vn -0.933057 0.359729 0.0
vn -0.933057 0.359729 0.0
vn -0.949577 0.313534 0.0
vn -0.949577 0.313534 0.0
vn -0.963811 0.266587 0.0
vn -0.963811 0.266587 0.0
vn -0.975725 0.218998 0.0
vn -0.975725 0.218998 0.0
vn -0.985292 0.170879 0.0
vn -0.985292 0.170879 0.0
vn -0.992487 0.122352 0.0
vn -0.992487 0.122352 0.0
vn -0.997293 0.073529 0.0
vn -0.997293 0.073529 0.0
vn -0.999699 0.024529 0.0
vn -0.999699 0.024529 0.0
vn -1.0 0.0 0.0
vn -1.0 0.0 0.0
vn -1.0 0.0 0.0
vn -1.0 -0.0 0.0
vn -0.999699 -0.024542 0.0
vn -0.999699 -0.024542 0.0
vn -0.99729 -0.073565 0.0
vn -0.99729 -0.073565 0.0
vn -0.99248 -0.122409 0.0
vn -0.99248 -0.122409 0.0
vn -0.985279 -0.170954 0.0
vn -0.985279 -0.170954 0.0
vn -0.9757 -0.219111 0.0
vn -0.9757 -0.219111 0.0
vn -0.963779 -0.266701 0.0
vn -0.963779 -0.266701 0.0
vn -0.949525 -0.313691 0.0
vn -0.949525 -0.313691 0.0
vn -0.933 -0.359877 0.0
vn -0.914207 -0.405248 -0.0
vn -0.933 -0.359877 0.0
vn -0.914207 -0.405248 0.0
vn -0.893224 -0.449612 0.0
vn -0.893224 -0.449612 0.0
vn -0.870088 -0.492897 -0.0
vn -0.870088 -0.492897 0.0
vn -0.844847 -0.535008 0.0
vn -0.844847 -0.535008 0.0
vn -0.817595 -0.575793 0.0
vn -0.817595 -0.575793 0.0
vn -0.788339 -0.615241 0.0
vn -0.757207 -0.653175 -0.0
vn -0.788339 -0.615241 0.0
vn -0.757207 -0.653175 0.0
vn -0.724254 -0.689534 0.0
vn -0.724254 -0.689534 0.0
vn -0.689534 -0.724253 0.0
vn -0.689534 -0.724253 0.0
vn -0.653174 -0.757208 0.0
vn -0.615228 -0.788349 -0.0
vn -0.653174 -0.757208 0.0
vn -0.615228 -0.788349 0.0
vn -0.575808 -0.817585 0.0
vn -0.575808 -0.817585 0.0
vn -0.535001 -0.844852 0.0
vn -0.4929 -0.870086 -0.0
vn -0.535001 -0.844852 0.0
vn -0.4929 -0.870086 0.0
vn -0.449603 -0.893228 0.0
vn -0.449603 -0.893228 0.0
vn -0.405247 -0.914207 0.0
vn -0.405247 -0.914207 0.0
vn -0.359894 -0.932993 0.0
vn -0.313682 -0.949528 -0.0
vn -0.359894 -0.932993 0.0
vn -0.313682 -0.949528 0.0
vn -0.266712 -0.963776 0.0
vn -0.2191 -0.975702 -0.0
vn -0.266712 -0.963776 0.0
vn -0.2191 -0.975702 0.0
vn -0.170966 -0.985277 0.0
vn -0.170966 -0.985277 0.0
vn -0.122408 -0.99248 0.0
vn -0.122408 -0.99248 0.0
vn -0.073564 -0.99729 0.0
vn -0.073564 -0.99729 0.0
vn -0.024542 -0.999699 0.0
vn -0.024542 -0.999699 0.0
vn 0.0 -1.0 0.0
vn 0.0 -1.0 0.0
vn 0.024542 -0.999699 0.0
vn 0.024542 -0.999699 0.0
vn 0.073565 -0.99729 0.0
vn 0.073565 -0.99729 0.0
vn 0.122409 -0.99248 0.0
vn 0.122409 -0.99248 0.0
vn 0.170961 -0.985278 0.0
vn 0.170961 -0.985278 0.0
vn 0.219104 -0.975702 0.0
vn 0.219104 -0.975702 0.0
vn 0.266708 -0.963777 0.0
vn 0.313684 -0.949527 0.0
vn 0.266708 -0.963777 0.0
vn 0.359896 -0.932992 0.0
vn 0.313684 -0.949527 0.0
vn 0.359896 -0.932992 0.0
vn 0.405242 -0.91421 0.0
vn 0.405242 -0.91421 0.0
vn 0.449612 -0.893224 0.0
vn 0.449612 -0.893224 0.0
vn 0.492897 -0.870088 0.0
vn 0.492897 -0.870088 0.0
vn 0.534997 -0.844854 0.0
vn 0.534997 -0.844854 0.0
vn 0.575808 -0.817585 0.0
vn 0.575808 -0.817585 0.0
vn 0.615232 -0.788346 0.0
vn 0.615232 -0.788346 0.0
vn 0.653171 -0.757211 0.0
vn 0.689541 -0.724246 0.0
vn 0.653171 -0.757211 0.0
vn 0.689541 -0.724246 0.0
vn 0.724246 -0.689541 0.0
vn 0.724246 -0.689541 0.0
vn 0.757211 -0.653171 0.0
vn 0.757211 -0.653171 0.0
vn 0.788346 -0.615232 0.0
vn 0.788346 -0.615232 0.0
vn 0.817585 -0.575808 0.0
vn 0.844854 -0.534997 0.0
vn 0.817585 -0.575808 0.0
vn 0.844854 -0.534997 0.0
vn 0.870088 -0.492897 0.0
vn 0.870088 -0.492897 0.0
vn 0.893224 -0.449612 0.0
vn 0.893224 -0.449612 0.0
vn 0.91421 -0.405242 0.0
vn 0.932992 -0.359896 0.0
vn 0.91421 -0.405242 0.0
vn 0.932992 -0.359896 0.0
vn 0.94953 -0.313678 0.0
vn 0.94953 -0.313678 0.0
vn 0.963776 -0.266715 0.0
vn 0.963776 -0.266715 0.0
vn 0.975702 -0.219104 0.0
vn 0.975702 -0.219104 0.0
vn 0.985278 -0.170961 0.0
vn 0.985278 -0.170961 0.0
vn 0.99248 -0.122409 0.0
vn 0.99248 -0.122409 0.0
vn 0.99729 -0.073565 0.0
vn 0.99729 -0.073565 0.0
vn 0.999699 -0.024542 0.0
vn 0.999699 -0.024542 0.0
vn 1.0 0.0 0.0
vn 1.0 -0.0 0.0
vn 0.999699 0.024542 -0.0
vn 0.999699 0.024542 0.0
vn 0.99729 0.073565 0.0
vn 0.99729 0.073565 -0.0
vn 0.99248 0.122409 0.0
vn 0.99248 0.122409 -0.0
vn 0.985278 0.170961 0.0
vn 0.985278 0.170961 -0.0
vn 0.975702 0.219104 0.0
vn 0.975702 0.219104 -0.0
vn 0.963776 0.266715 0.0
vn 0.963776 0.266715 -0.0
vn 0.94953 0.313678 0.0
vn 0.94953 0.313678 -0.0
vn 0.932992 0.359896 0.0
vn 0.91421 0.405242 0.0
vn 0.932992 0.359896 -0.0
vn 0.91421 0.405242 0.0
vn 0.893224 0.449612 0.0
vn 0.893224 0.449612 -0.0
vn 0.870088 0.492897 0.0
vn 0.870088 0.492897 -0.0
vn 0.844854 0.534997 0.0
vn 0.817585 0.575808 0.0
vn 0.844854 0.534997 -0.0
vn 0.817585 0.575808 0.0
vn 0.788346 0.615232 0.0
vn 0.757211 0.653171 0.0
vn 0.788346 0.615232 -0.0
vn 0.757211 0.653171 0.0
vn 0.724246 0.689541 0.0
vn 0.724246 0.689541 -0.0
vn 0.689541 0.724246 0.0
vn 0.689541 0.724246 -0.0
vn 0.653171 0.757211 0.0
vn 0.653171 0.757211 -0.0
vn 0.615232 0.788346 0.0
vn 0.615232 0.788346 -0.0
vn 0.575808 0.817585 0.0
vn 0.575808 0.817585 -0.0
vn 0.534997 0.844854 0.0
vn 0.492897 0.870088 0.0
vn 0.534997 0.844854 -0.0
vn 0.492897 0.870088 0.0
vn 0.449612 0.893224 0.0
vn 0.405242 0.91421 0.0
vn 0.449612 0.893224 -0.0
vn 0.405242 0.91421 0.0
vn 0.359896 0.932992 0.0
vn 0.313684 0.949527 0.0
vn 0.359896 0.932992 -0.0
vn 0.313684 0.949527 0.0
vn 0.266708 0.963777 0.0
vn 0.219104 0.975702 0.0
vn 0.266708 0.963777 -0.0
vn 0.219104 0.975702 0.0
vn 0.170961 0.985278 0.0
vn 0.170961 0.985278 -0.0
vn 0.122409 0.99248 0.0
vn 0.122409 0.99248 -0.0
vn 0.073565 0.99729 0.0
vn 0.024542 0.999699 0.0
vn 0.073565 0.99729 -0.0
vn 0.024542 0.999699 0.0
vn 0.0 1.0 -0.0
vn 0.0 1.0 0.0
vn -0.024542 0.999699 0.0
vn -0.024542 0.999699 0.0
vn -0.073564 0.99729 0.0
vn -0.073564 0.99729 0.0
vn -0.122408 0.99248 0.0
vn -0.122408 0.99248 0.0
vn -0.170966 0.985277 0.0
vn -0.170966 0.985277 0.0
vn -0.2191 0.975702 0.0
vn -0.2191 0.975702 0.0
vn -0.266712 0.963776 0.0
vn -0.266712 0.963776 0.0
vn -0.313682 0.949528 0.0
vn -0.313682 0.949528 0.0
vn -0.359894 0.932993 0.0
vn -0.359894 0.932993 0.0
vn -0.405247 0.914207 0.0
vn -0.405247 0.914207 0.0
vn -0.449603 0.893228 0.0
vn -0.449603 0.893228 0.0
vn -0.4929 0.870086 0.0
vn -0.535001 0.844852 0.0
vn -0.4929 0.870086 0.0
vn -0.535001 0.844852 0.0
vn -0.575808 0.817585 0.0
vn -0.575808 0.817585 0.0
vn -0.615228 0.788349 0.0
vn -0.615228 0.788349 0.0
vn -0.653174 0.757208 0.0
vn -0.653174 0.757208 0.0
vn -0.689534 0.724253 0.0
vn -0.689534 0.724253 0.0
vn -0.724254 0.689534 0.0
vn -0.724254 0.689534 0.0
vn -0.757207 0.653175 0.0
vn -0.757207 0.653175 0.0
vn -0.788339 0.615241 0.0
vn -0.788339 0.615241 0.0
vn -0.817595 0.575793 0.0
vn -0.844847 0.535008 0.0
vn -0.817595 0.575793 0.0
vn -0.870088 0.492897 0.0
vn -0.844847 0.535008 0.0
vn -0.893224 0.449612 0.0
vn -0.870088 0.492897 0.0
vn -0.893224 0.449612 0.0
vn -0.914207 0.405248 0.0
vn -0.914207 0.405248 0.0
vn -0.933 0.359877 0.0
vn -0.933 0.359877 0.0
vn -0.949525 0.313691 0.0
vn -0.963779 0.266701 0.0
vn -0.949525 0.313691 0.0
vn -0.9757 0.219111 0.0
vn -0.963779 0.266701 0.0
vn -0.9757 0.219111 0.0
vn -0.985279 0.170954 0.0
vn -0.985279 0.170954 0.0
vn -0.99248 0.122409 0.0
vn -0.99248 0.122409 0.0
vn -0.99729 0.073565 0.0
vn -0.999699 0.024542 0.0
vn -0.99729 0.073565 0.0
vn -0.999699 0.024542 0.0
vn -1.0 0.0 0.0
vn -1.0 0.0 0.0
vn -0.999699 -0.024541 0.0
vn -0.999699 -0.024541 0.0
vn -0.997291 -0.073565 0.0
vn -0.997291 -0.073565 0.0
vn -0.99248 -0.122411 0.0
vn -0.99248 -0.122411 0.0
vn -0.985278 -0.170961 0.0
vn -0.985278 -0.170961 0.0
vn -0.975702 -0.219101 0.0
vn -0.975702 -0.219101 0.0
vn -0.963776 -0.266713 0.0
vn -0.963776 -0.266713 0.0
vn -0.949528 -0.313683 0.0
vn -0.949528 -0.313683 0.0
vn -0.932993 -0.359895 0.0
vn -0.932993 -0.359895 0.0
vn -0.91421 -0.40524 0.0
vn -0.91421 -0.40524 0.0
vn -0.893224 -0.449612 0.0
vn -0.893224 -0.449612 0.0
vn -0.870086 -0.492899 0.0
vn -0.870086 -0.492899 0.0
vn -0.844854 -0.534997 0.0
vn -0.817585 -0.575807 -0.0
vn -0.844854 -0.534997 0.0
vn -0.817585 -0.575807 0.0
vn -0.788346 -0.615233 0.0
vn -0.788346 -0.615233 0.0
vn -0.75721 -0.653172 0.0
vn -0.75721 -0.653172 0.0
vn -0.724247 -0.68954 0.0
vn -0.724247 -0.68954 0.0
vn -0.689542 -0.724246 0.0
vn -0.689542 -0.724246 0.0
vn -0.653172 -0.75721 0.0
vn -0.653172 -0.75721 0.0
vn -0.615231 -0.788347 0.0
vn -0.615231 -0.788347 0.0
vn -0.575809 -0.817584 0.0
vn -0.575809 -0.817584 0.0
vn -0.534999 -0.844853 0.0
vn -0.534999 -0.844853 0.0
vn -0.492896 -0.870088 0.0
vn -0.492896 -0.870088 0.0
vn -0.449611 -0.893224 0.0
vn -0.449611 -0.893224 0.0
vn -0.405243 -0.914209 0.0
vn -0.405243 -0.914209 0.0
vn -0.359897 -0.932992 0.0
vn -0.313683 -0.949528 -0.0
vn -0.359897 -0.932992 0.0
vn -0.313683 -0.949528 0.0
vn -0.266708 -0.963777 0.0
vn -0.219104 -0.975702 -0.0
vn -0.266708 -0.963777 0.0
vn -0.219104 -0.975702 0.0
vn -0.170962 -0.985278 0.0
vn -0.122409 -0.99248 -0.0
vn -0.170962 -0.985278 0.0
vn -0.122409 -0.99248 0.0
vn -0.073565 -0.99729 0.0
vn -0.073565 -0.99729 0.0
vn -0.024542 -0.999699 0.0
vn -0.024542 -0.999699 0.0
vn 0.0 -1.0 0.0
vn 0.0 -1.0 0.0
vn 0.024541 -0.999699 0.0
vn 0.024541 -0.999699 0.0
vn 0.073566 -0.99729 0.0
vn 0.073566 -0.99729 0.0
vn 0.122408 -0.99248 0.0
vn 0.122408 -0.99248 0.0
vn 0.170964 -0.985277 0.0
vn 0.170964 -0.985277 0.0
vn 0.219104 -0.975702 0.0
vn 0.219104 -0.975702 0.0
vn 0.266708 -0.963777 0.0
vn 0.266708 -0.963777 0.0
vn 0.313682 -0.949528 0.0
vn 0.313682 -0.949528 0.0
vn 0.359899 -0.932991 0.0
vn 0.359899 -0.932991 0.0
vn 0.405242 -0.91421 0.0
vn 0.405242 -0.91421 0.0
vn 0.449609 -0.893225 0.0
vn 0.449609 -0.893225 0.0
vn 0.492894 -0.870089 0.0
vn 0.492894 -0.870089 0.0
vn 0.535001 -0.844852 0.0
vn 0.575808 -0.817585 0.0
vn 0.535001 -0.844852 0.0
vn 0.575808 -0.817585 0.0
vn 0.615235 -0.788344 0.0
vn 0.615235 -0.788344 0.0
vn 0.653167 -0.757214 0.0
vn 0.653167 -0.757214 0.0
vn 0.689541 -0.724246 0.0
vn 0.689541 -0.724246 0.0
vn 0.724246 -0.689541 0.0
vn 0.724246 -0.689541 0.0
vn 0.757215 -0.653166 0.0
vn 0.757215 -0.653166 0.0
vn 0.788346 -0.615232 0.0
vn 0.788346 -0.615232 0.0
vn 0.817581 -0.575813 0.0
vn 0.817581 -0.575813 0.0
vn 0.844854 -0.534997 0.0
vn 0.844854 -0.534997 0.0
vn 0.870088 -0.492897 0.0
vn 0.870088 -0.492897 0.0
vn 0.893224 -0.449612 0.0
vn 0.893224 -0.449612 0.0
vn 0.914212 -0.405235 0.0
vn 0.914212 -0.405235 0.0
vn 0.93299 -0.359903 0.0
vn 0.94953 -0.313678 0.0
vn 0.93299 -0.359903 0.0
vn 0.94953 -0.313678 0.0
vn 0.963776 -0.266715 0.0
vn 0.975703 -0.219096 0.0
vn 0.963776 -0.266715 0.0
vn 0.975703 -0.219096 0.0
vn 0.985276 -0.170968 0.0
vn 0.99248 -0.122409 0.0
vn 0.985276 -0.170968 0.0
vn 0.99248 -0.122409 0.0
vn 0.99729 -0.073565 0.0
vn 0.99729 -0.073565 0.0
vn 0.999699 -0.024542 0.0
vn 0.999699 -0.024542 0.0
vn 1.0 0.0 0.0
vn 1.0 0.0 0.0
vn 0.999699 0.024542 -0.0
vn 0.999699 0.024542 0.0
vn 0.99729 0.073565 0.0
vn 0.99729 0.073565 -0.0
vn 0.99248 0.122409 0.0
vn 0.99248 0.122409 -0.0
vn 0.985276 0.170968 0.0
vn 0.985276 0.170968 -0.0
vn 0.975703 0.219096 0.0
vn 0.975703 0.219096 -0.0
vn 0.963776 0.266715 0.0
vn 0.963776 0.266715 -0.0
vn 0.94953 0.313678 0.0
vn 0.94953 0.313678 -0.0
vn 0.93299 0.359903 0.0
vn 0.93299 0.359903 -0.0
vn 0.914212 0.405235 -0.0
vn 0.914212 0.405235 0.0
vn 0.893224 0.449612 0.0
vn 0.893224 0.449612 0.0
vn 0.870088 0.492897 0.0
vn 0.844854 0.534997 0.0
vn 0.870088 0.492897 -0.0
vn 0.817581 0.575813 0.0
vn 0.844854 0.534997 0.0
vn 0.817581 0.575813 0.0
vn 0.788346 0.615232 0.0
vn 0.788346 0.615232 -0.0
vn 0.757215 0.653166 0.0
vn 0.757215 0.653166 -0.0
vn 0.724246 0.689541 0.0
vn 0.724246 0.689541 -0.0
vn 0.689541 0.724246 0.0
vn 0.689541 0.724246 -0.0
vn 0.653167 0.757214 0.0
vn 0.615235 0.788344 0.0
vn 0.653167 0.757214 -0.0
vn 0.615235 0.788344 0.0
vn 0.575808 0.817585 0.0
vn 0.575808 0.817585 -0.0
vn 0.535001 0.844852 0.0
vn 0.535001 0.844852 -0.0
vn 0.492894 0.870089 0.0
vn 0.492894 0.870089 -0.0
vn 0.449609 0.893225 0.0
vn 0.449609 0.893225 -0.0
vn 0.405242 0.91421 0.0
vn 0.405242 0.91421 -0.0
vn 0.359899 0.932991 0.0
vn 0.359899 0.932991 -0.0
vn 0.313682 0.949528 0.0
vn 0.266708 0.963777 0.0
vn 0.313682 0.949528 -0.0
vn 0.266708 0.963777 0.0
vn 0.219104 0.975702 0.0
vn 0.219104 0.975702 -0.0
vn 0.170964 0.985277 0.0
vn 0.170964 0.985277 -0.0
vn 0.122408 0.99248 0.0
vn 0.122408 0.99248 -0.0
vn 0.073566 0.99729 0.0
vn 0.073566 0.99729 -0.0
vn 0.024541 0.999699 0.0
vn 0.024541 0.999699 -0.0
vn 0.0 1.0 -0.0
vn 0.0 1.0 0.0
vn -0.024542 0.999699 0.0
vn -0.024542 0.999699 0.0
vn -0.073565 0.99729 0.0
vn -0.073565 0.99729 0.0
vn -0.122409 0.99248 0.0
vn -0.122409 0.99248 0.0
vn -0.170962 0.985278 0.0
vn -0.170962 0.985278 0.0
vn -0.219104 0.975702 0.0
vn -0.219104 0.975702 0.0
vn -0.266708 0.963777 0.0
vn -0.266708 0.963777 0.0
vn -0.313683 0.949528 0.0
vn -0.313683 0.949528 0.0
vn -0.359897 0.932992 0.0
vn -0.359897 0.932992 0.0
vn -0.405243 0.914209 0.0
vn -0.405243 0.914209 0.0
vn -0.449611 0.893224 0.0
vn -0.449611 0.893224 0.0
vn -0.492896 0.870088 0.0
vn -0.492896 0.870088 0.0
vn -0.534999 0.844853 0.0
vn -0.575809 0.817584 0.0
vn -0.534999 0.844853 0.0
vn -0.575809 0.817584 0.0
vn -0.615231 0.788347 0.0
vn -0.615231 0.788347 0.0
vn -0.653172 0.75721 0.0
vn -0.653172 0.75721 0.0
vn -0.689542 0.724246 0.0
vn -0.689542 0.724246 0.0
vn -0.724247 0.68954 0.0
vn -0.75721 0.653172 0.0
vn -0.724247 0.68954 0.0
vn -0.75721 0.653172 0.0
vn -0.788346 0.615233 0.0
vn -0.788346 0.615233 0.0
vn -0.817585 0.575807 0.0
vn -0.817585 0.575807 0.0
vn -0.844854 0.534997 0.0
vn -0.844854 0.534997 0.0
vn -0.870086 0.492899 0.0
vn -0.893224 0.449612 0.0
vn -0.870086 0.492899 0.0
vn -0.893224 0.449612 0.0
vn -0.91421 0.40524 0.0
vn -0.91421 0.40524 0.0
vn -0.932993 0.359895 0.0
vn -0.949528 0.313683 0.0
vn -0.932993 0.359895 0.0
vn -0.949528 0.313683 0.0
vn -0.963776 0.266713 0.0
vn -0.975702 0.219101 0.0
vn -0.963776 0.266713 0.0
vn -0.975702 0.219101 0.0
vn -0.985278 0.170961 0.0
vn -0.99248 0.122411 0.0
vn -0.985278 0.170961 0.0
vn -0.99248 0.122411 0.0
vn -0.997291 0.073565 0.0
vn -0.997291 0.073565 0.0
vn -0.999699 0.024541 0.0
vn -0.999699 0.024541 0.0
vn 0.0 0.0 1.0
vn 0.0 0.0 1.0
vn 0.0 0.0 1.0
vn 0.0 0.0 1.0
vn 0.0 0.0 1.0
vn 0.0 0.0 1.0
vn 0.0 0.0 1.0
vn 0.0 0.0 1.0
vn 0.0 0.0 1.0
vn 0.0 0.0 1.0
vn 0.0 0.0 1.0
vn 0.0 0.0 1.0
vn 0.0 0.0 1.0
vn 0.0 0.0 1.0
vn 0.0 0.0 1.0
vn 0.0 0.0 1.0
vn 0.0 0.0 1.0
vn 0.0 0.0 1.0
vn 0.0 0.0 1.0
vn 0.0 0.0 1.0
vn 0.0 0.0 1.0
vn 0.0 0.0 1.0
vn 0.0 0.0 1.0
vn 0.0 0.0 1.0
vn 0.0 0.0 1.0
vn 0.0 0.0 1.0
vn 0.0 0.0 1.0
vn 0.0 0.0 1.0
vn 0.0 0.0 1.0
vn 0.0 0.0 1.0
vn 0.0 0.0 1.0
vn 0.0 0.0 1.0
vn 0.0 0.0 1.0
vn 0.0 0.0 1.0
vn 0.0 0.0 1.0
vn 0.0 0.0 1.0
vn 0.0 0.0 1.0
vn 0.0 0.0 1.0
vn 0.0 0.0 1.0
vn 0.0 0.0 1.0
vn 0.0 0.0 1.0
vn 0.0 0.0 1.0
vn 0.0 0.0 1.0
vn 0.0 0.0 1.0
vn 0.0 0.0 1.0
vn 0.0 0.0 1.0
vn 0.0 0.0 1.0
vn 0.0 0.0 1.0
vn 0.0 0.0 1.0
vn 0.0 0.0 1.0
vn 0.0 0.0 1.0
vn 0.0 0.0 1.0
vn 0.0 0.0 1.0
vn 0.0 0.0 1.0
vn 0.0 0.0 1.0
vn 0.0 0.0 1.0
vn 0.0 0.0 1.0
vn 0.0 0.0 1.0
vn 0.0 0.0 1.0
vn 0.0 0.0 1.0
vn 0.0 0.0 1.0
vn 0.0 0.0 1.0
vn 0.0 0.0 1.0
vn 0.0 0.0 1.0
vn 0.0 0.0 1.0
vn 0.0 0.0 1.0
vn 0.0 0.0 1.0
vn 0.0 0.0 1.0
vn 0.0 0.0 1.0
vn 0.0 0.0 1.0
vn 0.0 0.0 1.0
vn 0.0 0.0 1.0
vn 0.0 0.0 1.0
vn 0.0 0.0 1.0
vn 0.0 0.0 1.0
vn 0.0 0.0 1.0
vn 0.0 0.0 1.0
vn 0.0 0.0 1.0
vn 0.0 0.0 1.0
vn 0.0 0.0 1.0
vn 0.0 0.0 1.0
vn 0.0 0.0 1.0
vn 0.0 0.0 1.0
vn 0.0 0.0 1.0
vn 0.0 0.0 1.0
vn 0.0 0.0 1.0
vn 0.0 0.0 1.0
vn 0.0 0.0 1.0
vn 0.0 0.0 1.0
vn 0.0 0.0 1.0
vn 0.0 0.0 1.0
vn 0.0 0.0 1.0
vn 0.0 0.0 1.0
vn 0.0 0.0 1.0
vn 0.0 0.0 1.0
vn 0.0 0.0 1.0
vn 0.0 0.0 1.0
vn 0.0 0.0 1.0
vn 0.0 0.0 1.0
vn 0.0 0.0 1.0
vn 0.0 0.0 1.0
vn 0.0 0.0 1.0
vn 0.0 0.0 1.0
vn 0.0 0.0 1.0
vn 0.0 0.0 1.0
vn 0.0 0.0 1.0
vn 0.0 0.0 1.0
vn 0.0 0.0 1.0
vn 0.0 0.0 1.0
vn 0.0 0.0 1.0
vn 0.0 0.0 1.0
vn 0.0 0.0 1.0
vn 0.0 0.0 1.0
vn 0.0 0.0 1.0
vn 0.0 0.0 1.0
vn 0.0 0.0 1.0
vn 0.0 0.0 1.0
vn 0.0 0.0 1.0
vn 0.0 0.0 1.0
vn 0.0 0.0 1.0
vn 0.0 0.0 1.0
vn 0.0 0.0 1.0
vn 0.0 0.0 1.0
vn 0.0 0.0 1.0
vn 0.0 0.0 1.0
vn 0.0 0.0 1.0
vn 0.0 0.0 1.0
vn 0.0 0.0 1.0
vn 0.0 0.0 1.0
vn 0.0 0.0 1.0
vn 0.0 0.0 1.0
vn 0.0 0.0 1.0
vn 0.0 0.0 1.0
vn 0.0 0.0 1.0
vn 0.0 0.0 1.0
vn 0.0 0.0 1.0
vn 0.0 0.0 1.0
vn 0.0 0.0 1.0
vn 0.0 0.0 1.0
vn 0.0 0.0 1.0
vn 0.0 0.0 1.0
vn 0.0 0.0 1.0
vn 0.0 0.0 1.0
vn 0.0 0.0 1.0
vn 0.0 0.0 1.0
vn 0.0 0.0 1.0
vn 0.0 0.0 1.0
vn 0.0 0.0 1.0
vn 0.0 0.0 1.0
vn 0.0 0.0 1.0
vn 0.0 0.0 1.0
vn 0.0 0.0 1.0
vn 0.0 0.0 1.0
vn 0.0 0.0 1.0
vn 0.0 0.0 1.0
vn 0.0 0.0 1.0
vn 0.0 0.0 1.0
vn 0.0 0.0 1.0
vn 0.0 0.0 1.0
vn 0.0 0.0 1.0
vn 0.0 0.0 1.0
vn 0.0 0.0 1.0
vn 0.0 0.0 1.0
vn 0.0 0.0 1.0
vn 0.0 0.0 1.0
vn 0.0 0.0 1.0
vn 0.0 0.0 1.0
vn 0.0 0.0 1.0
vn 0.0 0.0 1.0
vn 0.0 0.0 1.0
vn 0.0 0.0 1.0
vn 0.0 0.0 1.0
vn 0.0 0.0 1.0
vn 0.0 0.0 1.0
vn 0.0 0.0 1.0
vn 0.0 0.0 1.0
vn 0.0 0.0 1.0
vn 0.0 0.0 1.0
vn 0.0 0.0 1.0
vn 0.0 0.0 1.0
vn 0.0 0.0 1.0
vn 0.0 0.0 1.0
vn 0.0 0.0 1.0
vn 0.0 0.0 1.0
vn 0.0 0.0 1.0
vn 0.0 0.0 1.0
vn 0.0 0.0 1.0
vn 0.0 0.0 1.0
vn 0.0 0.0 1.0
vn 0.0 0.0 1.0
vn 0.0 0.0 1.0
vn 0.0 0.0 1.0
vn 0.0 0.0 1.0
vn 0.0 0.0 1.0
vn 0.0 0.0 1.0
vn 0.0 0.0 1.0
vn 0.0 0.0 1.0
vn 0.0 0.0 1.0
vn 0.0 0.0 1.0
vn 0.0 0.0 1.0
vn 0.0 0.0 1.0
vn 0.0 0.0 1.0
vn 0.0 0.0 1.0
vn 0.0 0.0 1.0
vn 0.0 0.0 1.0
vn 0.0 0.0 1.0
vn 0.0 0.0 1.0
vn 0.0 0.0 1.0
vn 0.0 0.0 1.0
vn 0.0 0.0 1.0
vn 0.0 0.0 1.0
vn 0.0 0.0 1.0
vn 0.0 0.0 1.0
vn 0.0 0.0 1.0
vn 0.0 0.0 1.0
vn 0.0 0.0 1.0
vn 0.0 0.0 1.0
vn 0.0 0.0 1.0
vn 0.0 0.0 1.0
vn 0.0 0.0 1.0
vn 0.0 0.0 1.0
vn 0.0 0.0 1.0
vn 0.0 0.0 1.0
vn 0.0 0.0 1.0
vn 0.0 0.0 1.0
vn 0.0 0.0 1.0
vn 0.0 0.0 1.0
vn 0.0 0.0 1.0
vn 0.0 0.0 1.0
vn 0.0 0.0 1.0
vn 0.0 0.0 1.0
vn 0.0 0.0 1.0
vn 0.0 0.0 1.0
vn 0.0 0.0 1.0
vn 0.0 0.0 1.0
vn 0.0 0.0 1.0
vn 0.0 0.0 1.0
vn 0.0 0.0 1.0
vn 0.0 0.0 1.0
vn 0.0 0.0 1.0
vn 0.0 0.0 1.0
vn 0.0 0.0 1.0
vn 0.0 0.0 1.0
vn 0.0 0.0 1.0
vn 0.0 0.0 1.0
vn 0.0 0.0 1.0
vn 0.0 0.0 1.0
vn 0.0 0.0 1.0
vn 0.0 0.0 1.0
vn 0.0 0.0 1.0
vn 0.0 0.0 1.0
vn 0.0 0.0 1.0
vn 0.0 0.0 1.0
vn 0.0 0.0 1.0
vn 0.0 0.0 1.0
vn 0.0 0.0 1.0
vn 0.0 0.0 1.0
vn 0.0 0.0 1.0
vn 0.0 0.0 1.0
vn 0.0 0.0 1.0
f 1//1 2//1 3//1 
f 3//2 2//2 4//2 
f 4//3 5//3 6//3 
f 2//4 5//4 4//4 
f 6//5 7//5 8//5 
f 8//6 7//6 9//6 
f 5//7 7//7 6//7 
f 7//8 10//8 9//8 
f 9//9 11//9 12//9 
f 10//10 11//10 9//10 
f 12//11 13//11 14//11 
f 14//12 13//12 15//12 
f 11//13 13//13 12//13 
f 15//14 16//14 17//14 
f 13//15 16//15 15//15 
f 16//16 18//16 17//16 
f 18//17 19//17 17//17 
f 17//18 19//18 20//18 
f 20//19 21//19 22//19 
f 19//20 21//20 20//20 
f 22//21 23//21 24//21 
f 21//22 23//22 22//22 
f 24//23 25//23 26//23 
f 23//24 25//24 24//24 
f 26//25 27//25 28//25 
f 25//26 27//26 26//26 
f 28//27 29//27 30//27 
f 30//28 29//28 31//28 
f 27//29 29//29 28//29 
f 29//30 32//30 31//30 
f 31//31 33//31 34//31 
f 32//32 33//32 31//32 
f 34//33 35//33 36//33 
f 33//34 35//34 34//34 
f 36//35 37//35 38//35 
f 35//36 37//36 36//36 
f 38//37 39//37 40//37 
f 37//38 39//38 38//38 
f 40//39 41//39 42//39 
f 39//40 41//40 40//40 
f 42//41 43//41 44//41 
f 41//42 43//42 42//42 
f 44//43 45//43 46//43 
f 43//44 45//44 44//44 
f 46//45 47//45 48//45 
f 45//46 47//46 46//46 
f 48//47 49//47 50//47 
f 47//48 49//48 48//48 
f 50//49 51//49 52//49 
f 49//50 51//50 50//50 
f 52//51 53//51 54//51 
f 51//52 53//52 52//52 
f 54//53 55//53 56//53 
f 53//54 55//54 54//54 
f 56//55 57//55 58//55 
f 55//56 57//56 56//56 
f 58//57 59//57 60//57 
f 57//58 59//58 58//58 
f 60//59 61//59 62//59 
f 59//60 61//60 60//60 
f 62//61 63//61 64//61 
f 61//62 63//62 62//62 
f 64//63 65//63 66//63 
f 63//64 65//64 64//64 
f 67//65 1//65 3//65 
f 67//66 3//66 68//66 
f 65//67 69//67 66//67 
f 65//68 70//68 69//68 
f 71//69 72//69 73//69 
f 74//70 75//70 71//70 
f 75//71 76//71 71//71 
f 71//72 77//72 72//72 
f 76//73 77//73 71//73 
f 72//74 78//74 79//74 
f 79//75 78//75 80//75 
f 72//76 81//76 78//76 
f 82//77 83//77 84//77 
f 81//78 85//78 82//78 
f 77//79 85//79 72//79 
f 72//80 85//80 81//80 
f 82//81 85//81 83//81 
f 86//82 87//82 88//82 
f 87//83 89//83 88//83 
f 89//84 90//84 88//84 
f 88//85 90//85 91//85 
f 91//86 90//86 92//86 
f 85//87 93//87 94//87 
f 94//88 93//88 95//88 
f 77//89 96//89 85//89 
f 85//90 96//90 93//90 
f 97//91 96//91 77//91 
f 97//92 98//92 96//92 
f 99//93 70//93 100//93 
f 90//94 101//94 92//94 
f 97//95 101//95 98//95 
f 70//96 101//96 100//96 
f 100//97 101//97 102//97 
f 102//98 101//98 90//98 
f 92//99 101//99 97//99 
f 59//100 57//100 61//100 
f 61//101 55//101 63//101 
f 57//102 55//102 61//102 
f 63//103 55//103 65//103 
f 53//104 51//104 55//104 
f 55//105 51//105 65//105 
f 49//106 47//106 51//106 
f 51//107 45//107 65//107 
f 47//108 45//108 51//108 
f 45//109 43//109 65//109 
f 37//110 35//110 39//110 
f 39//111 35//111 41//111 
f 41//112 35//112 43//112 
f 43//113 35//113 65//113 
f 32//114 29//114 33//114 
f 33//115 27//115 35//115 
f 35//116 27//116 65//116 
f 29//117 27//117 33//117 
f 27//118 25//118 65//118 
f 23//119 21//119 25//119 
f 21//120 19//120 25//120 
f 18//121 16//121 19//121 
f 25//122 16//122 65//122 
f 19//123 16//123 25//123 
f 11//124 10//124 13//124 
f 13//125 7//125 16//125 
f 10//126 7//126 13//126 
f 7//127 5//127 16//127 
f 2//128 1//128 5//128 
f 70//129 1//129 101//129 
f 65//130 1//130 70//130 
f 16//131 1//131 65//131 
f 5//132 1//132 16//132 
f 103//133 104//133 105//133 
f 105//134 104//134 106//134 
f 107//135 108//135 109//135 
f 110//136 111//136 108//136 
f 108//137 111//137 109//137 
f 109//138 111//138 112//138 
f 112//139 111//139 113//139 
f 114//140 115//140 116//140 
f 103//141 117//141 104//141 
f 113//142 117//142 103//142 
f 104//143 117//143 114//143 
f 114//144 117//144 115//144 
f 115//145 117//145 118//145 
f 111//146 117//146 113//146 
f 119//147 120//147 121//147 
f 122//148 123//148 120//148 
f 120//149 123//149 121//149 
f 123//150 124//150 121//150 
f 125//151 126//151 127//151 
f 127//152 126//152 128//152 
f 125//153 129//153 126//153 
f 121//154 129//154 111//154 
f 111//155 129//155 117//155 
f 124//156 129//156 121//156 
f 117//157 129//157 125//157 
f 130//158 131//158 132//158 
f 132//159 131//159 133//159 
f 133//160 134//160 124//160 
f 129//161 134//161 135//161 
f 135//162 134//162 136//162 
f 124//163 134//163 129//163 
f 131//164 134//164 133//164 
f 131//165 137//165 134//165 
f 137//166 138//166 139//166 
f 131//167 138//167 137//167 
f 138//168 140//168 141//168 
f 131//169 140//169 138//169 
f 140//170 142//170 143//170 
f 140//171 144//171 142//171 
f 131//172 145//172 140//172 
f 140//173 145//173 144//173 
f 131//174 146//174 145//174 
f 131//175 147//175 146//175 
f 1//176 148//176 101//176 
f 131//177 149//177 147//177 
f 149//178 150//178 147//178 
f 150//179 151//179 147//179 
f 151//180 152//180 147//180 
f 1//181 67//181 148//181 
f 67//182 153//182 148//182 
f 154//183 153//183 155//183 
f 148//184 153//184 154//184 
f 153//185 156//185 155//185 
f 156//186 157//186 155//186 
f 155//187 157//187 158//187 
f 157//188 159//188 158//188 
f 158//189 159//189 160//189 
f 159//190 161//190 160//190 
f 160//191 161//191 162//191 
f 161//192 163//192 162//192 
f 164//193 163//193 165//193 
f 162//194 163//194 164//194 
f 163//195 166//195 165//195 
f 166//196 167//196 165//196 
f 165//197 167//197 168//197 
f 167//198 169//198 168//198 
f 168//199 169//199 170//199 
f 169//200 171//200 170//200 
f 172//201 171//201 173//201 
f 170//202 171//202 172//202 
f 171//203 174//203 173//203 
f 173//204 174//204 175//204 
f 174//205 176//205 175//205 
f 176//206 177//206 175//206 
f 175//207 177//207 178//207 
f 177//208 179//208 178//208 
f 180//209 179//209 181//209 
f 178//210 179//210 180//210 
f 179//211 182//211 181//211 
f 182//212 183//212 181//212 
f 181//213 183//213 184//213 
f 185//214 186//214 187//214 
f 184//215 186//215 185//215 
f 183//216 186//216 184//216 
f 186//217 188//217 187//217 
f 189//218 190//218 191//218 
f 190//219 192//219 191//219 
f 193//220 194//220 192//220 
f 192//221 195//221 191//221 
f 194//222 195//222 192//222 
f 195//223 196//223 191//223 
f 196//224 197//224 191//224 
f 198//225 199//225 200//225 
f 200//226 201//226 197//226 
f 199//227 201//227 200//227 
f 197//228 202//228 191//228 
f 201//229 202//229 197//229 
f 203//230 204//230 202//230 
f 204//231 205//231 202//231 
f 206//232 207//232 205//232 
f 205//233 207//233 202//233 
f 202//234 208//234 191//234 
f 207//235 208//235 202//235 
f 208//236 209//236 191//236 
f 210//237 211//237 212//237 
f 212//238 211//238 209//238 
f 209//239 211//239 191//239 
f 211//240 213//240 191//240 
f 213//241 214//241 191//241 
f 215//242 216//242 217//242 
f 217//243 216//243 214//243 
f 214//244 216//244 191//244 
f 216//245 218//245 191//245 
f 219//246 218//246 216//246 
f 218//247 220//247 191//247 
f 221//248 222//248 220//248 
f 220//249 223//249 191//249 
f 222//250 223//250 220//250 
f 224//251 223//251 222//251 
f 223//252 225//252 191//252 
f 226//253 225//253 223//253 
f 227//254 228//254 225//254 
f 225//255 229//255 191//255 
f 228//256 229//256 225//256 
f 230//257 229//257 228//257 
f 191//258 231//258 232//258 
f 233//259 231//259 234//259 
f 235//260 231//260 233//260 
f 232//261 231//261 235//261 
f 229//262 231//262 191//262 
f 236//263 231//263 237//263 
f 237//264 231//264 229//264 
f 188//265 238//265 187//265 
f 239//266 238//266 152//266 
f 240//267 238//267 239//267 
f 241//268 238//268 240//268 
f 242//269 238//269 241//269 
f 243//270 238//270 242//270 
f 244//271 238//271 243//271 
f 245//272 238//272 244//272 
f 246//273 238//273 245//273 
f 247//274 238//274 246//274 
f 248//275 238//275 247//275 
f 187//276 238//276 248//276 
f 152//277 238//277 147//277 
f 249//278 250//278 251//278 
f 250//279 252//279 253//279 
f 249//280 254//280 250//280 
f 250//281 254//281 252//281 
f 238//282 254//282 249//282 
f 238//283 255//283 254//283 
f 238//284 256//284 255//284 
f 255//285 256//285 257//285 
f 238//286 258//286 256//286 
f 256//287 258//287 259//287 
f 259//288 258//288 260//288 
f 260//289 258//289 261//289 
f 238//290 262//290 258//290 
f 238//291 263//291 262//291 
f 263//292 264//292 265//292 
f 265//293 264//293 266//293 
f 238//294 267//294 263//294 
f 263//295 267//295 264//295 
f 238//296 268//296 267//296 
f 269//297 270//297 271//297 
f 270//298 272//298 273//298 
f 269//299 274//299 270//299 
f 270//300 274//300 272//300 
f 268//301 274//301 269//301 
f 272//302 274//302 275//302 
f 275//303 274//303 276//303 
f 274//304 277//304 278//304 
f 279//305 280//305 188//305 
f 281//306 280//306 279//306 
f 282//307 280//307 281//307 
f 283//308 280//308 282//308 
f 284//309 280//309 283//309 
f 285//310 280//310 284//310 
f 286//311 280//311 285//311 
f 287//312 280//312 286//312 
f 288//313 280//313 287//313 
f 289//314 280//314 288//314 
f 234//315 280//315 289//315 
f 188//316 280//316 238//316 
f 231//317 280//317 234//317 
f 238//318 290//318 268//318 
f 268//319 290//319 274//319 
f 280//320 290//320 238//320 
f 274//321 290//321 277//321 
f 277//322 290//322 291//322 
f 292//323 290//323 280//323 
f 293//324 294//324 295//324 
f 295//325 294//325 296//325 
f 291//326 297//326 293//326 
f 293//327 297//327 294//327 
f 298//328 297//328 290//328 
f 290//329 297//329 291//329 
f 299//330 300//330 301//330 
f 299//331 301//331 302//331 
f 299//332 302//332 303//332 
f 299//333 303//333 304//333 
f 305//334 304//334 306//334 
f 305//335 306//335 307//335 
f 305//336 307//336 308//336 
f 305//337 299//337 304//337 
f 309//338 310//338 311//338 
f 309//339 311//339 312//339 
f 309//340 312//340 300//340 
f 309//341 300//341 299//341 
f 313//342 305//342 308//342 
f 313//343 308//343 314//343 
f 313//344 314//344 315//344 
f 313//345 315//345 316//345 
f 317//346 318//346 319//346 
f 317//347 319//347 320//347 
f 317//348 320//348 310//348 
f 317//349 310//349 309//349 
f 321//350 316//350 322//350 
f 321//351 322//351 323//351 
f 321//352 313//352 316//352 
f 324//353 325//353 326//353 
f 324//354 326//354 318//354 
f 324//355 318//355 317//355 
f 327//356 321//356 323//356 
f 327//357 323//357 328//357 
f 327//358 328//358 329//358 
f 327//359 329//359 330//359 
f 331//360 332//360 333//360 
f 331//361 333//361 334//361 
f 331//362 334//362 325//362 
f 331//363 325//363 324//363 
f 335//364 330//364 336//364 
f 335//365 336//365 337//365 
f 335//366 337//366 338//366 
f 335//367 327//367 330//367 
f 339//368 69//368 340//368 
f 339//369 340//369 341//369 
f 339//370 341//370 332//370 
f 339//371 332//371 331//371 
f 342//372 335//372 338//372 
f 343//373 69//373 339//373 
f 344//374 342//374 338//374 
f 345//375 69//375 343//375 
f 346//376 344//376 338//376 
f 347//377 69//377 345//377 
f 348//378 346//378 338//378 
f 349//379 69//379 347//379 
f 350//380 348//380 338//380 
f 351//381 69//381 349//381 
f 352//382 350//382 338//382 
f 353//383 69//383 351//383 
f 354//384 352//384 338//384 
f 355//385 69//385 353//385 
f 356//386 354//386 338//386 
f 357//387 69//387 355//387 
f 358//388 356//388 338//388 
f 359//389 69//389 357//389 
f 360//390 358//390 338//390 
f 361//391 69//391 359//391 
f 362//392 360//392 338//392 
f 363//393 69//393 361//393 
f 364//394 66//394 69//394 
f 364//395 69//395 363//395 
f 365//396 66//396 364//396 
f 366//397 66//397 365//397 
f 367//398 66//398 366//398 
f 368//399 66//399 367//399 
f 369//400 66//400 368//400 
f 370//401 66//401 369//401 
f 371//402 66//402 370//402 
f 372//403 66//403 371//403 
f 373//404 66//404 372//404 
f 374//405 66//405 373//405 
f 375//406 60//406 62//406 
f 375//407 62//407 64//407 
f 375//408 64//408 66//408 
f 375//409 66//409 374//409 
f 376//410 54//410 56//410 
f 376//411 56//411 58//411 
f 376//412 58//412 60//412 
f 376//413 60//413 375//413 
f 377//414 50//414 52//414 
f 377//415 52//415 54//415 
f 377//416 54//416 376//416 
f 378//417 44//417 46//417 
f 378//418 46//418 48//418 
f 378//419 48//419 50//419 
f 378//420 50//420 377//420 
f 379//421 44//421 378//421 
f 379//422 38//422 40//422 
f 379//423 40//423 42//423 
f 379//424 42//424 44//424 
f 380//425 38//425 379//425 
f 380//426 36//426 38//426 
f 34//427 36//427 380//427 
f 31//428 34//428 380//428 
f 30//429 31//429 380//429 
f 30//430 380//430 381//430 
f 28//431 30//431 381//431 
f 26//432 28//432 381//432 
f 24//433 26//433 381//433 
f 24//434 381//434 382//434 
f 22//435 24//435 382//435 
f 20//436 22//436 382//436 
f 17//437 20//437 382//437 
f 17//438 382//438 383//438 
f 15//439 17//439 383//439 
f 14//440 15//440 383//440 
f 14//441 383//441 384//441 
f 12//442 14//442 384//442 
f 9//443 12//443 384//443 
f 8//444 9//444 384//444 
f 8//445 384//445 385//445 
f 6//446 8//446 385//446 
f 4//447 6//447 385//447 
f 3//448 386//448 387//448 
f 3//449 388//449 386//449 
f 3//450 389//450 388//450 
f 3//451 390//451 389//451 
f 3//452 391//452 390//452 
f 3//453 392//453 391//453 
f 3//454 393//454 392//454 
f 3//455 394//455 393//455 
f 3//456 395//456 394//456 
f 3//457 396//457 395//457 
f 3//458 385//458 396//458 
f 3//459 4//459 385//459 
f 397//460 398//460 399//460 
f 397//461 399//461 400//461 
f 401//462 402//462 403//462 
f 404//463 405//463 401//463 
f 404//464 403//464 406//464 
f 404//465 406//465 407//465 
f 404//466 401//466 403//466 
f 408//467 409//467 410//467 
f 411//468 404//468 407//468 
f 411//469 409//469 408//469 
f 411//470 407//470 398//470 
f 411//471 397//471 409//471 
f 411//472 408//472 412//472 
f 411//473 398//473 397//473 
f 413//474 414//474 415//474 
f 416//475 417//475 413//475 
f 416//476 413//476 415//476 
f 418//477 416//477 415//477 
f 419//478 420//478 421//478 
f 419//479 421//479 422//479 
f 423//480 420//480 419//480 
f 423//481 415//481 404//481 
f 423//482 404//482 411//482 
f 423//483 418//483 415//483 
f 423//484 411//484 420//484 
f 424//485 425//485 426//485 
f 424//486 426//486 427//486 
f 428//487 427//487 418//487 
f 428//488 423//488 429//488 
f 428//489 429//489 430//489 
f 428//490 424//490 427//490 
f 428//491 418//491 423//491 
f 431//492 362//492 338//492 
f 432//493 424//493 428//493 
f 433//494 432//494 434//494 
f 433//495 424//495 432//495 
f 435//496 433//496 436//496 
f 435//497 424//497 433//497 
f 437//498 435//498 438//498 
f 439//499 435//499 437//499 
f 440//500 424//500 435//500 
f 440//501 435//501 439//501 
f 441//502 424//502 440//502 
f 442//503 424//503 441//503 
f 443//504 444//504 445//504 
f 443//505 446//505 444//505 
f 443//506 447//506 446//506 
f 443//507 448//507 447//507 
f 443//508 449//508 448//508 
f 443//509 450//509 449//509 
f 443//510 451//510 450//510 
f 443//511 452//511 451//511 
f 443//512 453//512 452//512 
f 443//513 454//513 453//513 
f 443//514 455//514 454//514 
f 443//515 456//515 455//515 
f 443//516 457//516 456//516 
f 443//517 458//517 457//517 
f 443//518 459//518 458//518 
f 443//519 460//519 459//519 
f 443//520 461//520 460//520 
f 443//521 462//521 461//521 
f 443//522 463//522 462//522 
f 443//523 464//523 463//523 
f 443//524 465//524 464//524 
f 443//525 466//525 465//525 
f 443//526 467//526 466//526 
f 443//527 468//527 467//527 
f 443//528 469//528 468//528 
f 443//529 470//529 469//529 
f 471//530 424//530 442//530 
f 472//531 473//531 474//531 
f 475//532 472//532 474//532 
f 475//533 474//533 476//533 
f 477//534 473//534 472//534 
f 477//535 478//535 473//535 
f 479//536 475//536 476//536 
f 479//537 476//537 480//537 
f 481//538 478//538 477//538 
f 481//539 482//539 478//539 
f 483//540 482//540 481//540 
f 483//541 484//541 482//541 
f 485//542 479//542 480//542 
f 485//543 480//543 486//543 
f 487//544 485//544 486//544 
f 488//545 484//545 483//545 
f 488//546 489//546 484//546 
f 490//547 487//547 486//547 
f 490//548 486//548 491//548 
f 492//549 489//549 488//549 
f 492//550 493//550 489//550 
f 494//551 490//551 491//551 
f 494//552 491//552 495//552 
f 496//553 493//553 492//553 
f 496//554 497//554 493//554 
f 498//555 494//555 495//555 
f 498//556 495//556 499//556 
f 500//557 497//557 496//557 
f 500//558 501//558 497//558 
f 502//559 498//559 499//559 
f 502//560 499//560 503//560 
f 504//561 501//561 500//561 
f 504//562 443//562 501//562 
f 505//563 502//563 503//563 
f 505//564 503//564 506//564 
f 507//565 443//565 504//565 
f 508//566 505//566 506//566 
f 508//567 506//567 509//567 
f 510//568 443//568 507//568 
f 511//569 508//569 509//569 
f 511//570 509//570 512//570 
f 513//571 443//571 510//571 
f 514//572 511//572 512//572 
f 514//573 512//573 515//573 
f 516//574 443//574 513//574 
f 517//575 514//575 515//575 
f 517//576 515//576 518//576 
f 519//577 443//577 516//577 
f 520//578 517//578 518//578 
f 520//579 518//579 521//579 
f 522//580 443//580 519//580 
f 522//581 470//581 443//581 
f 523//582 520//582 521//582 
f 523//583 521//583 524//583 
f 525//584 526//584 470//584 
f 525//585 470//585 522//585 
f 527//586 471//586 442//586 
f 527//587 528//587 471//587 
f 527//588 529//588 528//588 
f 527//589 530//589 529//589 
f 527//590 523//590 524//590 
f 527//591 531//591 530//591 
f 527//592 532//592 531//592 
f 527//593 533//593 532//593 
f 527//594 534//594 533//594 
f 527//595 535//595 534//595 
f 527//596 524//596 535//596 
f 536//597 537//597 526//597 
f 536//598 526//598 525//598 
f 538//599 537//599 536//599 
f 539//600 3//600 387//600 
f 540//601 538//601 536//601 
f 540//602 541//602 538//602 
f 542//603 541//603 540//603 
f 542//604 543//604 541//604 
f 544//605 543//605 542//605 
f 68//606 545//606 546//606 
f 68//607 547//607 545//607 
f 68//608 548//608 547//608 
f 68//609 549//609 548//609 
f 68//610 550//610 549//610 
f 68//611 551//611 550//611 
f 68//612 552//612 551//612 
f 68//613 553//613 552//613 
f 68//614 554//614 553//614 
f 68//615 555//615 554//615 
f 68//616 556//616 555//616 
f 68//617 557//617 556//617 
f 68//618 558//618 557//618 
f 68//619 559//619 558//619 
f 68//620 560//620 559//620 
f 68//621 561//621 560//621 
f 68//622 562//622 561//622 
f 68//623 563//623 564//623 
f 68//624 565//624 562//624 
f 68//625 566//625 563//625 
f 68//626 567//626 565//626 
f 68//627 568//627 566//627 
f 68//628 569//628 567//628 
f 68//629 570//629 568//629 
f 68//630 571//630 569//630 
f 68//631 572//631 570//631 
f 68//632 573//632 571//632 
f 68//633 544//633 572//633 
f 68//634 574//634 573//634 
f 68//635 543//635 544//635 
f 68//636 575//636 543//636 
f 68//637 576//637 575//637 
f 68//638 546//638 576//638 
f 577//639 564//639 578//639 
f 577//640 68//640 564//640 
f 579//641 527//641 442//641 
f 580//642 578//642 581//642 
f 580//643 577//643 578//643 
f 582//644 579//644 442//644 
f 583//645 581//645 584//645 
f 583//646 580//646 581//646 
f 585//647 582//647 442//647 
f 586//648 584//648 587//648 
f 586//649 583//649 584//649 
f 588//650 585//650 442//650 
f 589//651 588//651 442//651 
f 590//652 587//652 591//652 
f 590//653 586//653 587//653 
f 592//654 589//654 442//654 
f 593//655 591//655 594//655 
f 593//656 590//656 591//656 
f 595//657 592//657 442//657 
f 596//658 594//658 597//658 
f 596//659 593//659 594//659 
f 598//660 595//660 442//660 
f 599//661 597//661 600//661 
f 599//662 596//662 597//662 
f 601//663 598//663 442//663 
f 602//664 600//664 603//664 
f 602//665 599//665 600//665 
f 604//666 601//666 442//666 
f 605//667 603//667 606//667 
f 605//668 602//668 603//668 
f 607//669 604//669 442//669 
f 608//670 607//670 442//670 
f 609//671 606//671 610//671 
f 609//672 605//672 606//672 
f 611//673 612//673 613//673 
f 611//674 610//674 612//674 
f 611//675 609//675 610//675 
f 614//676 613//676 615//676 
f 614//677 611//677 613//677 
f 616//678 615//678 617//678 
f 616//679 614//679 615//679 
f 618//680 617//680 619//680 
f 618//681 616//681 617//681 
f 620//682 619//682 621//682 
f 620//683 618//683 619//683 
f 622//684 620//684 621//684 
f 622//685 621//685 623//685 
f 624//686 622//686 623//686 
f 624//687 623//687 625//687 
f 626//688 624//688 625//688 
f 626//689 625//689 627//689 
f 628//690 626//690 627//690 
f 628//691 627//691 629//691 
f 630//692 628//692 629//692 
f 630//693 629//693 631//693 
f 632//694 631//694 633//694 
f 632//695 630//695 631//695 
f 634//696 633//696 635//696 
f 634//697 632//697 633//697 
f 636//698 634//698 635//698 
f 637//699 636//699 635//699 
f 638//700 637//700 635//700 
f 639//701 638//701 635//701 
f 640//702 639//702 635//702 
f 641//703 640//703 635//703 
f 642//704 641//704 635//704 
f 643//705 642//705 635//705 
f 644//706 643//706 635//706 
f 645//707 646//707 647//707 
f 648//708 645//708 647//708 
f 649//709 650//709 648//709 
f 651//710 648//710 647//710 
f 651//711 649//711 648//711 
f 652//712 651//712 647//712 
f 653//713 652//713 647//713 
f 654//714 655//714 656//714 
f 657//715 656//715 653//715 
f 657//716 654//716 656//716 
f 658//717 657//717 653//717 
f 658//718 653//718 647//718 
f 659//719 660//719 658//719 
f 661//720 659//720 658//720 
f 662//721 663//721 661//721 
f 662//722 661//722 658//722 
f 664//723 658//723 647//723 
f 664//724 662//724 658//724 
f 665//725 664//725 647//725 
f 666//726 667//726 668//726 
f 666//727 668//727 665//727 
f 666//728 665//728 647//728 
f 669//729 666//729 647//729 
f 670//730 669//730 647//730 
f 671//731 672//731 673//731 
f 671//732 673//732 670//732 
f 671//733 670//733 647//733 
f 674//734 671//734 647//734 
f 674//735 675//735 671//735 
f 676//736 674//736 647//736 
f 677//737 678//737 676//737 
f 679//738 677//738 676//738 
f 679//739 676//739 647//739 
f 679//740 680//740 677//740 
f 681//741 682//741 679//741 
f 681//742 679//742 647//742 
f 683//743 684//743 681//743 
f 685//744 681//744 647//744 
f 685//745 683//745 681//745 
f 685//746 686//746 683//746 
f 687//747 685//747 647//747 
f 687//748 647//748 644//748 
f 687//749 644//749 635//749 
f 687//750 688//750 689//750 
f 687//751 689//751 685//751 
f 690//752 687//752 635//752 
f 691//753 687//753 690//753 
f 692//754 687//754 691//754 
f 693//755 687//755 692//755 
f 694//756 687//756 693//756 
f 695//757 687//757 694//757 
f 696//758 687//758 695//758 
f 697//759 687//759 696//759 
f 698//760 687//760 697//760 
f 699//761 687//761 698//761 
f 700//762 687//762 699//762 
f 701//763 687//763 700//763 
f 702//764 608//764 442//764 
f 702//765 703//765 704//765 
f 702//766 705//766 608//766 
f 702//767 706//767 705//767 
f 702//768 707//768 706//768 
f 702//769 708//769 707//769 
f 702//770 709//770 708//770 
f 702//771 710//771 709//771 
f 702//772 711//772 710//772 
f 702//773 712//773 711//773 
f 702//774 713//774 712//774 
f 702//775 714//775 713//775 
f 702//776 715//776 714//776 
f 702//777 716//777 715//777 
f 702//778 717//778 716//778 
f 702//779 718//779 717//779 
f 702//780 719//780 718//780 
f 702//781 720//781 719//781 
f 702//782 721//782 720//782 
f 702//783 722//783 721//783 
f 702//784 723//784 722//784 
f 702//785 724//785 723//785 
f 702//786 704//786 724//786 
f 725//787 726//787 727//787 
f 728//788 725//788 729//788 
f 730//789 725//789 728//789 
f 730//790 702//790 726//790 
f 730//791 726//791 725//791 
f 731//792 702//792 730//792 
f 732//793 731//793 733//793 
f 732//794 702//794 731//794 
f 734//795 702//795 732//795 
f 734//796 732//796 735//796 
f 734//797 735//797 736//797 
f 734//798 736//798 737//798 
f 738//799 702//799 734//799 
f 739//800 702//800 738//800 
f 740//801 739//801 741//801 
f 740//802 741//802 742//802 
f 743//803 702//803 739//803 
f 743//804 739//804 740//804 
f 744//805 702//805 743//805 
f 745//806 746//806 747//806 
f 748//807 745//807 749//807 
f 750//808 746//808 745//808 
f 750//809 744//809 746//809 
f 750//810 748//810 751//810 
f 750//811 751//811 752//811 
f 750//812 745//812 748//812 
f 753//813 750//813 754//813 
f 755//814 756//814 703//814 
f 755//815 757//815 756//815 
f 755//816 758//816 757//816 
f 755//817 703//817 702//817 
f 755//818 759//818 758//818 
f 755//819 760//819 759//819 
f 755//820 761//820 760//820 
f 755//821 762//821 761//821 
f 755//822 763//822 762//822 
f 755//823 764//823 763//823 
f 755//824 765//824 764//824 
f 755//825 766//825 765//825 
f 755//826 767//826 766//826 
f 755//827 768//827 767//827 
f 755//828 769//828 768//828 
f 755//829 770//829 769//829 
f 755//830 771//830 770//830 
f 755//831 772//831 771//831 
f 755//832 773//832 772//832 
f 755//833 774//833 773//833 
f 755//834 775//834 774//834 
f 755//835 701//835 775//835 
f 776//836 702//836 744//836 
f 776//837 744//837 750//837 
f 776//838 755//838 702//838 
f 776//839 750//839 753//839 
f 776//840 753//840 777//840 
f 776//841 778//841 755//841 
f 779//842 780//842 781//842 
f 779//843 781//843 782//843 
f 783//844 776//844 777//844 
f 783//845 780//845 779//845 
f 783//846 777//846 780//846 
f 783//847 784//847 776//847 
f 338//848 443//848 431//848 
f 431//849 443//849 785//849 
f 785//850 443//850 786//850 
f 786//851 443//851 787//851 
f 787//852 443//852 445//852 
f 755//853 687//853 701//853 
f 68//854 3//854 539//854 
f 68//855 539//855 788//855 
f 68//856 788//856 789//856 
f 68//857 789//857 790//857 
f 68//858 790//858 574//858 
f 153//859 67//859 68//859 
f 153//860 68//860 577//860 
f 156//861 577//861 580//861 
f 156//862 153//862 577//862 
f 157//863 580//863 583//863 
f 157//864 156//864 580//864 
f 159//865 583//865 586//865 
f 159//866 157//866 583//866 
f 161//867 586//867 590//867 
f 161//868 159//868 586//868 
f 163//869 590//869 593//869 
f 163//870 161//870 590//870 
f 166//871 593//871 596//871 
f 166//872 163//872 593//872 
f 167//873 596//873 599//873 
f 167//874 166//874 596//874 
f 169//875 167//875 599//875 
f 169//876 599//876 602//876 
f 171//877 602//877 605//877 
f 171//878 169//878 602//878 
f 174//879 605//879 609//879 
f 174//880 171//880 605//880 
f 176//881 609//881 611//881 
f 176//882 174//882 609//882 
f 177//883 611//883 614//883 
f 177//884 176//884 611//884 
f 179//885 614//885 616//885 
f 179//886 177//886 614//886 
f 182//887 616//887 618//887 
f 182//888 179//888 616//888 
f 183//889 618//889 620//889 
f 183//890 182//890 618//890 
f 186//891 620//891 622//891 
f 186//892 183//892 620//892 
f 188//893 622//893 624//893 
f 188//894 624//894 626//894 
f 188//895 186//895 622//895 
f 279//896 188//896 626//896 
f 281//897 626//897 628//897 
f 281//898 279//898 626//898 
f 282//899 628//899 630//899 
f 282//900 630//900 632//900 
f 282//901 281//901 628//901 
f 283//902 282//902 632//902 
f 284//903 632//903 634//903 
f 284//904 283//904 632//904 
f 285//905 634//905 636//905 
f 285//906 284//906 634//906 
f 286//907 636//907 637//907 
f 286//908 285//908 636//908 
f 287//909 637//909 638//909 
f 287//910 286//910 637//910 
f 288//911 638//911 639//911 
f 288//912 287//912 638//912 
f 289//913 639//913 640//913 
f 289//914 640//914 641//914 
f 289//915 288//915 639//915 
f 234//916 641//916 642//916 
f 234//917 289//917 641//917 
f 233//918 234//918 642//918 
f 235//919 642//919 643//919 
f 235//920 233//920 642//920 
f 232//921 643//921 644//921 
f 232//922 235//922 643//922 
f 70//923 99//923 69//923 
f 69//924 99//924 340//924 
f 340//925 100//925 341//925 
f 99//926 100//926 340//926 
f 341//927 102//927 332//927 
f 100//928 102//928 341//928 
f 332//929 90//929 333//929 
f 102//930 90//930 332//930 
f 333//931 89//931 334//931 
f 90//932 89//932 333//932 
f 334//933 87//933 325//933 
f 89//934 87//934 334//934 
f 325//935 86//935 326//935 
f 87//936 86//936 325//936 
f 326//937 88//937 318//937 
f 86//938 88//938 326//938 
f 88//939 91//939 318//939 
f 318//940 91//940 319//940 
f 319//941 92//941 320//941 
f 91//942 92//942 319//942 
f 320//943 97//943 310//943 
f 92//944 97//944 320//944 
f 310//945 77//945 311//945 
f 97//946 77//946 310//946 
f 311//947 76//947 312//947 
f 77//948 76//948 311//948 
f 312//949 75//949 300//949 
f 76//950 75//950 312//950 
f 300//951 74//951 301//951 
f 75//952 74//952 300//952 
f 301//953 71//953 302//953 
f 74//954 71//954 301//954 
f 302//955 73//955 303//955 
f 71//956 73//956 302//956 
f 303//957 72//957 304//957 
f 304//958 72//958 306//958 
f 73//959 72//959 303//959 
f 72//960 79//960 306//960 
f 306//961 80//961 307//961 
f 79//962 80//962 306//962 
f 307//963 78//963 308//963 
f 308//964 78//964 314//964 
f 80//965 78//965 307//965 
f 78//966 81//966 314//966 
f 314//967 82//967 315//967 
f 81//968 82//968 314//968 
f 315//969 84//969 316//969 
f 82//970 84//970 315//970 
f 316//971 83//971 322//971 
f 84//972 83//972 316//972 
f 322//973 85//973 323//973 
f 83//974 85//974 322//974 
f 323//975 94//975 328//975 
f 85//976 94//976 323//976 
f 328//977 95//977 329//977 
f 329//978 95//978 330//978 
f 94//979 95//979 328//979 
f 330//980 93//980 336//980 
f 95//981 93//981 330//981 
f 93//982 96//982 336//982 
f 336//983 98//983 337//983 
f 96//984 98//984 336//984 
f 337//985 101//985 338//985 
f 98//986 101//986 337//986 
f 101//987 148//987 338//987 
f 338//988 148//988 443//988 
f 150//989 149//989 471//989 
f 150//990 471//990 528//990 
f 151//991 528//991 529//991 
f 151//992 150//992 528//992 
f 152//993 529//993 530//993 
f 152//994 151//994 529//994 
f 239//995 530//995 531//995 
f 239//996 152//996 530//996 
f 240//997 531//997 532//997 
f 240//998 532//998 533//998 
f 240//999 239//999 531//999 
f 241//1000 533//1000 534//1000 
f 241//1001 240//1001 533//1001 
f 242//1002 241//1002 534//1002 
f 243//1003 242//1003 534//1003 
f 243//1004 534//1004 535//1004 
f 244//1005 243//1005 535//1005 
f 244//1006 535//1006 524//1006 
f 245//1007 524//1007 521//1007 
f 245//1008 244//1008 524//1008 
f 246//1009 521//1009 518//1009 
f 246//1010 245//1010 521//1010 
f 247//1011 518//1011 515//1011 
f 247//1012 246//1012 518//1012 
f 248//1013 515//1013 512//1013 
f 248//1014 247//1014 515//1014 
f 187//1015 512//1015 509//1015 
f 187//1016 248//1016 512//1016 
f 185//1017 509//1017 506//1017 
f 185//1018 506//1018 503//1018 
f 185//1019 187//1019 509//1019 
f 184//1020 185//1020 503//1020 
f 181//1021 503//1021 499//1021 
f 181//1022 184//1022 503//1022 
f 180//1023 499//1023 495//1023 
f 180//1024 495//1024 491//1024 
f 180//1025 181//1025 499//1025 
f 178//1026 180//1026 491//1026 
f 175//1027 491//1027 486//1027 
f 175//1028 486//1028 480//1028 
f 175//1029 178//1029 491//1029 
f 173//1030 175//1030 480//1030 
f 172//1031 480//1031 476//1031 
f 172//1032 173//1032 480//1032 
f 170//1033 476//1033 474//1033 
f 170//1034 474//1034 473//1034 
f 170//1035 172//1035 476//1035 
f 168//1036 170//1036 473//1036 
f 165//1037 473//1037 478//1037 
f 165//1038 168//1038 473//1038 
f 164//1039 478//1039 482//1039 
f 164//1040 165//1040 478//1040 
f 162//1041 482//1041 484//1041 
f 162//1042 164//1042 482//1042 
f 160//1043 484//1043 489//1043 
f 160//1044 162//1044 484//1044 
f 158//1045 489//1045 493//1045 
f 158//1046 160//1046 489//1046 
f 155//1047 493//1047 497//1047 
f 155//1048 497//1048 501//1048 
f 155//1049 158//1049 493//1049 
f 154//1050 155//1050 501//1050 
f 148//1051 501//1051 443//1051 
f 148//1052 154//1052 501//1052 
f 149//1053 131//1053 424//1053 
f 149//1054 424//1054 471//1054 
f 131//1055 130//1055 424//1055 
f 424//1056 130//1056 425//1056 
f 425//1057 132//1057 426//1057 
f 130//1058 132//1058 425//1058 
f 426//1059 133//1059 427//1059 
f 132//1060 133//1060 426//1060 
f 427//1061 124//1061 418//1061 
f 418//1062 124//1062 416//1062 
f 133//1063 124//1063 427//1063 
f 124//1064 123//1064 416//1064 
f 416//1065 122//1065 417//1065 
f 123//1066 122//1066 416//1066 
f 417//1067 120//1067 413//1067 
f 122//1068 120//1068 417//1068 
f 413//1069 119//1069 414//1069 
f 414//1070 119//1070 415//1070 
f 120//1071 119//1071 413//1071 
f 119//1072 121//1072 415//1072 
f 415//1073 111//1073 404//1073 
f 121//1074 111//1074 415//1074 
f 404//1075 110//1075 405//1075 
f 405//1076 110//1076 401//1076 
f 111//1077 110//1077 404//1077 
f 110//1078 108//1078 401//1078 
f 401//1079 107//1079 402//1079 
f 108//1080 107//1080 401//1080 
f 402//1081 109//1081 403//1081 
f 107//1082 109//1082 402//1082 
f 403//1083 112//1083 406//1083 
f 109//1084 112//1084 403//1084 
f 406//1085 113//1085 407//1085 
f 407//1086 113//1086 398//1086 
f 112//1087 113//1087 406//1087 
f 398//1088 103//1088 399//1088 
f 113//1089 103//1089 398//1089 
f 399//1090 105//1090 400//1090 
f 103//1091 105//1091 399//1091 
f 105//1092 106//1092 400//1092 
f 400//1093 104//1093 397//1093 
f 106//1094 104//1094 400//1094 
f 397//1095 114//1095 409//1095 
f 104//1096 114//1096 397//1096 
f 409//1097 116//1097 410//1097 
f 114//1098 116//1098 409//1098 
f 410//1099 115//1099 408//1099 
f 116//1100 115//1100 410//1100 
f 408//1101 118//1101 412//1101 
f 412//1102 118//1102 411//1102 
f 115//1103 118//1103 408//1103 
f 118//1104 117//1104 411//1104 
f 411//1105 125//1105 420//1105 
f 117//1106 125//1106 411//1106 
f 420//1107 127//1107 421//1107 
f 125//1108 127//1108 420//1108 
f 127//1109 128//1109 421//1109 
f 421//1110 128//1110 422//1110 
f 128//1111 126//1111 422//1111 
f 422//1112 126//1112 419//1112 
f 126//1113 129//1113 419//1113 
f 419//1114 129//1114 423//1114 
f 129//1115 135//1115 423//1115 
f 423//1116 135//1116 429//1116 
f 135//1117 136//1117 429//1117 
f 429//1118 136//1118 430//1118 
f 136//1119 134//1119 430//1119 
f 430//1120 134//1120 428//1120 
f 134//1121 137//1121 428//1121 
f 428//1122 137//1122 432//1122 
f 432//1123 137//1123 434//1123 
f 137//1124 139//1124 434//1124 
f 139//1125 138//1125 434//1125 
f 434//1126 138//1126 433//1126 
f 433//1127 141//1127 436//1127 
f 138//1128 141//1128 433//1128 
f 436//1129 140//1129 435//1129 
f 435//1130 140//1130 438//1130 
f 141//1131 140//1131 436//1131 
f 140//1132 143//1132 438//1132 
f 438//1133 142//1133 437//1133 
f 143//1134 142//1134 438//1134 
f 437//1135 144//1135 439//1135 
f 142//1136 144//1136 437//1136 
f 439//1137 145//1137 440//1137 
f 144//1138 145//1138 439//1138 
f 440//1139 146//1139 441//1139 
f 145//1140 146//1140 440//1140 
f 441//1141 147//1141 442//1141 
f 146//1142 147//1142 441//1142 
f 147//1143 238//1143 702//1143 
f 147//1144 702//1144 442//1144 
f 238//1145 249//1145 702//1145 
f 702//1146 249//1146 726//1146 
f 726//1147 251//1147 727//1147 
f 249//1148 251//1148 726//1148 
f 727//1149 250//1149 725//1149 
f 251//1150 250//1150 727//1150 
f 725//1151 253//1151 729//1151 
f 250//1152 253//1152 725//1152 
f 253//1153 252//1153 729//1153 
f 729//1154 252//1154 728//1154 
f 728//1155 254//1155 730//1155 
f 252//1156 254//1156 728//1156 
f 254//1157 255//1157 730//1157 
f 730//1158 255//1158 731//1158 
f 731//1159 255//1159 733//1159 
f 255//1160 257//1160 733//1160 
f 733//1161 256//1161 732//1161 
f 257//1162 256//1162 733//1162 
f 732//1163 259//1163 735//1163 
f 256//1164 259//1164 732//1164 
f 735//1165 260//1165 736//1165 
f 259//1166 260//1166 735//1166 
f 736//1167 261//1167 737//1167 
f 260//1168 261//1168 736//1168 
f 737//1169 258//1169 734//1169 
f 261//1170 258//1170 737//1170 
f 734//1171 262//1171 738//1171 
f 258//1172 262//1172 734//1172 
f 738//1173 263//1173 739//1173 
f 262//1174 263//1174 738//1174 
f 739//1175 265//1175 741//1175 
f 263//1176 265//1176 739//1176 
f 741//1177 266//1177 742//1177 
f 265//1178 266//1178 741//1178 
f 742//1179 264//1179 740//1179 
f 266//1180 264//1180 742//1180 
f 740//1181 267//1181 743//1181 
f 743//1182 267//1182 744//1182 
f 264//1183 267//1183 740//1183 
f 267//1184 268//1184 744//1184 
f 744//1185 268//1185 746//1185 
f 268//1186 269//1186 746//1186 
f 746//1187 271//1187 747//1187 
f 269//1188 271//1188 746//1188 
f 747//1189 270//1189 745//1189 
f 271//1190 270//1190 747//1190 
f 745//1191 273//1191 749//1191 
f 270//1192 273//1192 745//1192 
f 749//1193 272//1193 748//1193 
f 273//1194 272//1194 749//1194 
f 748//1195 275//1195 751//1195 
f 272//1196 275//1196 748//1196 
f 751//1197 276//1197 752//1197 
f 275//1198 276//1198 751//1198 
f 752//1199 274//1199 750//1199 
f 276//1200 274//1200 752//1200 
f 750//1201 278//1201 754//1201 
f 274//1202 278//1202 750//1202 
f 278//1203 277//1203 754//1203 
f 754//1204 277//1204 753//1204 
f 277//1205 291//1205 753//1205 
f 753//1206 291//1206 777//1206 
f 777//1207 291//1207 780//1207 
f 291//1208 293//1208 780//1208 
f 293//1209 295//1209 780//1209 
f 780//1210 295//1210 781//1210 
f 781//1211 295//1211 782//1211 
f 295//1212 296//1212 782//1212 
f 296//1213 294//1213 782//1213 
f 782//1214 294//1214 779//1214 
f 294//1215 297//1215 779//1215 
f 779//1216 297//1216 783//1216 
f 297//1217 298//1217 783//1217 
f 783//1218 298//1218 784//1218 
f 298//1219 290//1219 784//1219 
f 784//1220 290//1220 776//1220 
f 290//1221 292//1221 776//1221 
f 776//1222 292//1222 778//1222 
f 292//1223 280//1223 778//1223 
f 778//1224 280//1224 755//1224 
f 280//1225 231//1225 687//1225 
f 280//1226 687//1226 755//1226 
f 231//1227 236//1227 687//1227 
f 687//1228 236//1228 688//1228 
f 688//1229 237//1229 689//1229 
f 236//1230 237//1230 688//1230 
f 689//1231 229//1231 685//1231 
f 237//1232 229//1232 689//1232 
f 685//1233 230//1233 686//1233 
f 229//1234 230//1234 685//1234 
f 686//1235 228//1235 683//1235 
f 683//1236 228//1236 684//1236 
f 230//1237 228//1237 686//1237 
f 228//1238 227//1238 684//1238 
f 684//1239 227//1239 681//1239 
f 681//1240 225//1240 682//1240 
f 227//1241 225//1241 681//1241 
f 225//1242 226//1242 682//1242 
f 682//1243 223//1243 679//1243 
f 679//1244 223//1244 680//1244 
f 226//1245 223//1245 682//1245 
f 223//1246 224//1246 680//1246 
f 680//1247 222//1247 677//1247 
f 224//1248 222//1248 680//1248 
f 677//1249 221//1249 678//1249 
f 678//1250 221//1250 676//1250 
f 222//1251 221//1251 677//1251 
f 221//1252 220//1252 676//1252 
f 676//1253 218//1253 674//1253 
f 220//1254 218//1254 676//1254 
f 674//1255 219//1255 675//1255 
f 675//1256 219//1256 671//1256 
f 218//1257 219//1257 674//1257 
f 219//1258 216//1258 671//1258 
f 671//1259 215//1259 672//1259 
f 672//1260 215//1260 673//1260 
f 216//1261 215//1261 671//1261 
f 215//1262 217//1262 673//1262 
f 673//1263 214//1263 670//1263 
f 217//1264 214//1264 673//1264 
f 670//1265 213//1265 669//1265 
f 214//1266 213//1266 670//1266 
f 669//1267 211//1267 666//1267 
f 213//1268 211//1268 669//1268 
f 666//1269 210//1269 667//1269 
f 211//1270 210//1270 666//1270 
f 667//1271 212//1271 668//1271 
f 210//1272 212//1272 667//1272 
f 668//1273 209//1273 665//1273 
f 212//1274 209//1274 668//1274 
f 665//1275 208//1275 664//1275 
f 209//1276 208//1276 665//1276 
f 664//1277 207//1277 662//1277 
f 208//1278 207//1278 664//1278 
f 662//1279 206//1279 663//1279 
f 207//1280 206//1280 662//1280 
f 206//1281 205//1281 663//1281 
f 663//1282 205//1282 661//1282 
f 205//1283 204//1283 661//1283 
f 661//1284 204//1284 659//1284 
f 204//1285 203//1285 659//1285 
f 659//1286 203//1286 660//1286 
f 203//1287 202//1287 660//1287 
f 660//1288 202//1288 658//1288 
f 202//1289 201//1289 658//1289 
f 658//1290 201//1290 657//1290 
f 201//1291 199//1291 657//1291 
f 657//1292 199//1292 654//1292 
f 199//1293 198//1293 654//1293 
f 654//1294 198//1294 655//1294 
f 198//1295 200//1295 655//1295 
f 655//1296 200//1296 656//1296 
f 200//1297 197//1297 656//1297 
f 656//1298 197//1298 653//1298 
f 653//1299 196//1299 652//1299 
f 197//1300 196//1300 653//1300 
f 652//1301 195//1301 651//1301 
f 196//1302 195//1302 652//1302 
f 651//1303 194//1303 649//1303 
f 195//1304 194//1304 651//1304 
f 649//1305 193//1305 650//1305 
f 194//1306 193//1306 649//1306 
f 650//1307 192//1307 648//1307 
f 193//1308 192//1308 650//1308 
f 648//1309 190//1309 645//1309 
f 192//1310 190//1310 648//1310 
f 645//1311 189//1311 646//1311 
f 190//1312 189//1312 645//1312 
f 646//1313 191//1313 647//1313 
f 189//1314 191//1314 646//1314 
f 191//1315 232//1315 644//1315 
f 191//1316 644//1316 647//1316 
f 364//1317 363//1317 791//1317 
f 791//1318 363//1318 792//1318 
f 363//1319 361//1319 792//1319 
f 792//1320 361//1320 793//1320 
f 793//1321 359//1321 794//1321 
f 361//1322 359//1322 793//1322 
f 794//1323 357//1323 795//1323 
f 359//1324 357//1324 794//1324 
f 795//1325 355//1325 796//1325 
f 357//1326 355//1326 795//1326 
f 796//1327 353//1327 797//1327 
f 355//1328 353//1328 796//1328 
f 797//1329 351//1329 798//1329 
f 353//1330 351//1330 797//1330 
f 798//1331 349//1331 799//1331 
f 351//1332 349//1332 798//1332 
f 799//1333 347//1333 800//1333 
f 800//1334 347//1334 801//1334 
f 349//1335 347//1335 799//1335 
f 347//1336 345//1336 801//1336 
f 801//1337 343//1337 802//1337 
f 345//1338 343//1338 801//1338 
f 802//1339 343//1339 803//1339 
f 343//1340 339//1340 803//1340 
f 803//1341 331//1341 804//1341 
f 339//1342 331//1342 803//1342 
f 804//1343 324//1343 805//1343 
f 331//1344 324//1344 804//1344 
f 805//1345 317//1345 806//1345 
f 806//1346 317//1346 807//1346 
f 324//1347 317//1347 805//1347 
f 317//1348 309//1348 807//1348 
f 807//1349 299//1349 808//1349 
f 309//1350 299//1350 807//1350 
f 808//1351 305//1351 809//1351 
f 299//1352 305//1352 808//1352 
f 809//1353 313//1353 810//1353 
f 810//1354 313//1354 811//1354 
f 305//1355 313//1355 809//1355 
f 313//1356 321//1356 811//1356 
f 811//1357 327//1357 812//1357 
f 321//1358 327//1358 811//1358 
f 812//1359 335//1359 813//1359 
f 813//1360 335//1360 814//1360 
f 327//1361 335//1361 812//1361 
f 335//1362 342//1362 814//1362 
f 814//1363 344//1363 815//1363 
f 342//1364 344//1364 814//1364 
f 815//1365 346//1365 816//1365 
f 344//1366 346//1366 815//1366 
f 816//1367 348//1367 817//1367 
f 817//1368 348//1368 818//1368 
f 346//1369 348//1369 816//1369 
f 348//1370 350//1370 818//1370 
f 818//1371 352//1371 819//1371 
f 819//1372 352//1372 820//1372 
f 350//1373 352//1373 818//1373 
f 352//1374 354//1374 820//1374 
f 820//1375 356//1375 821//1375 
f 354//1376 356//1376 820//1376 
f 821//1377 358//1377 822//1377 
f 356//1378 358//1378 821//1378 
f 822//1379 360//1379 823//1379 
f 358//1380 360//1380 822//1380 
f 823//1381 362//1381 824//1381 
f 360//1382 362//1382 823//1382 
f 362//1383 825//1383 824//1383 
f 362//1384 431//1384 825//1384 
f 431//1385 785//1385 825//1385 
f 825//1386 785//1386 826//1386 
f 826//1387 786//1387 827//1387 
f 785//1388 786//1388 826//1388 
f 827//1389 787//1389 828//1389 
f 786//1390 787//1390 827//1390 
f 828//1391 445//1391 829//1391 
f 787//1392 445//1392 828//1392 
f 829//1393 444//1393 830//1393 
f 445//1394 444//1394 829//1394 
f 830//1395 446//1395 831//1395 
f 831//1396 446//1396 832//1396 
f 444//1397 446//1397 830//1397 
f 832//1398 447//1398 833//1398 
f 446//1399 447//1399 832//1399 
f 447//1400 448//1400 833//1400 
f 448//1401 449//1401 833//1401 
f 833//1402 449//1402 834//1402 
f 834//1403 450//1403 835//1403 
f 449//1404 450//1404 834//1404 
f 835//1405 451//1405 836//1405 
f 450//1406 451//1406 835//1406 
f 836//1407 452//1407 837//1407 
f 451//1408 452//1408 836//1408 
f 837//1409 453//1409 838//1409 
f 452//1410 453//1410 837//1410 
f 838//1411 454//1411 839//1411 
f 453//1412 454//1412 838//1412 
f 839//1413 455//1413 840//1413 
f 840//1414 455//1414 841//1414 
f 454//1415 455//1415 839//1415 
f 455//1416 456//1416 841//1416 
f 841//1417 457//1417 842//1417 
f 456//1418 457//1418 841//1418 
f 842//1419 458//1419 843//1419 
f 457//1420 458//1420 842//1420 
f 843//1421 459//1421 844//1421 
f 458//1422 459//1422 843//1422 
f 844//1423 460//1423 845//1423 
f 845//1424 460//1424 846//1424 
f 459//1425 460//1425 844//1425 
f 460//1426 461//1426 846//1426 
f 846//1427 462//1427 847//1427 
f 461//1428 462//1428 846//1428 
f 847//1429 463//1429 848//1429 
f 462//1430 463//1430 847//1430 
f 848//1431 464//1431 849//1431 
f 849//1432 464//1432 850//1432 
f 463//1433 464//1433 848//1433 
f 464//1434 465//1434 850//1434 
f 850//1435 466//1435 851//1435 
f 465//1436 466//1436 850//1436 
f 851//1437 467//1437 852//1437 
f 466//1438 467//1438 851//1438 
f 852//1439 468//1439 853//1439 
f 467//1440 468//1440 852//1440 
f 853//1441 469//1441 854//1441 
f 468//1442 469//1442 853//1442 
f 854//1443 470//1443 855//1443 
f 469//1444 470//1444 854//1444 
f 855//1445 526//1445 856//1445 
f 470//1446 526//1446 855//1446 
f 856//1447 537//1447 857//1447 
f 526//1448 537//1448 856//1448 
f 537//1449 538//1449 857//1449 
f 857//1450 538//1450 858//1450 
f 538//1451 541//1451 858//1451 
f 858//1452 541//1452 859//1452 
f 859//1453 543//1453 860//1453 
f 541//1454 543//1454 859//1454 
f 860//1455 575//1455 861//1455 
f 543//1456 575//1456 860//1456 
f 861//1457 576//1457 862//1457 
f 575//1458 576//1458 861//1458 
f 862//1459 546//1459 863//1459 
f 576//1460 546//1460 862//1460 
f 863//1461 545//1461 864//1461 
f 546//1462 545//1462 863//1462 
f 864//1463 547//1463 865//1463 
f 545//1464 547//1464 864//1464 
f 865//1465 548//1465 866//1465 
f 866//1466 548//1466 867//1466 
f 547//1467 548//1467 865//1467 
f 548//1468 549//1468 867//1468 
f 867//1469 550//1469 868//1469 
f 549//1470 550//1470 867//1470 
f 868//1471 551//1471 869//1471 
f 550//1472 551//1472 868//1472 
f 869//1473 552//1473 870//1473 
f 870//1474 552//1474 871//1474 
f 551//1475 552//1475 869//1475 
f 552//1476 553//1476 871//1476 
f 871//1477 554//1477 872//1477 
f 872//1478 554//1478 873//1478 
f 553//1479 554//1479 871//1479 
f 554//1480 555//1480 873//1480 
f 873//1481 556//1481 874//1481 
f 555//1482 556//1482 873//1482 
f 874//1483 557//1483 875//1483 
f 556//1484 557//1484 874//1484 
f 875//1485 558//1485 876//1485 
f 557//1486 558//1486 875//1486 
f 876//1487 559//1487 877//1487 
f 558//1488 559//1488 876//1488 
f 877//1489 560//1489 878//1489 
f 559//1490 560//1490 877//1490 
f 878//1491 561//1491 879//1491 
f 879//1492 561//1492 880//1492 
f 560//1493 561//1493 878//1493 
f 561//1494 562//1494 880//1494 
f 880//1495 565//1495 881//1495 
f 881//1496 565//1496 882//1496 
f 562//1497 565//1497 880//1497 
f 565//1498 567//1498 882//1498 
f 882//1499 569//1499 883//1499 
f 883//1500 569//1500 884//1500 
f 567//1501 569//1501 882//1501 
f 569//1502 571//1502 884//1502 
f 884//1503 573//1503 885//1503 
f 885//1504 573//1504 886//1504 
f 571//1505 573//1505 884//1505 
f 573//1506 574//1506 886//1506 
f 886//1507 790//1507 887//1507 
f 574//1508 790//1508 886//1508 
f 887//1509 789//1509 888//1509 
f 790//1510 789//1510 887//1510 
f 888//1511 788//1511 889//1511 
f 889//1512 788//1512 890//1512 
f 789//1513 788//1513 888//1513 
f 788//1514 539//1514 890//1514 
f 539//1515 387//1515 890//1515 
f 890//1516 387//1516 891//1516 
f 387//1517 386//1517 891//1517 
f 891//1518 386//1518 892//1518 
f 892//1519 388//1519 893//1519 
f 386//1520 388//1520 892//1520 
f 893//1521 389//1521 894//1521 
f 388//1522 389//1522 893//1522 
f 894//1523 390//1523 895//1523 
f 389//1524 390//1524 894//1524 
f 895//1525 391//1525 896//1525 
f 390//1526 391//1526 895//1526 
f 896//1527 392//1527 897//1527 
f 391//1528 392//1528 896//1528 
f 897//1529 393//1529 898//1529 
f 392//1530 393//1530 897//1530 
f 898//1531 394//1531 899//1531 
f 393//1532 394//1532 898//1532 
f 394//1533 395//1533 899//1533 
f 899//1534 395//1534 900//1534 
f 900//1535 396//1535 901//1535 
f 395//1536 396//1536 900//1536 
f 901//1537 396//1537 902//1537 
f 902//1538 385//1538 903//1538 
f 396//1539 385//1539 902//1539 
f 385//1540 384//1540 903//1540 
f 903//1541 383//1541 904//1541 
f 384//1542 383//1542 903//1542 
f 904//1543 382//1543 905//1543 
f 383//1544 382//1544 904//1544 
f 905//1545 381//1545 906//1545 
f 382//1546 381//1546 905//1546 
f 906//1547 380//1547 907//1547 
f 381//1548 380//1548 906//1548 
f 907//1549 379//1549 908//1549 
f 380//1550 379//1550 907//1550 
f 908//1551 378//1551 909//1551 
f 379//1552 378//1552 908//1552 
f 909//1553 377//1553 910//1553 
f 378//1554 377//1554 909//1554 
f 910//1555 376//1555 911//1555 
f 911//1556 376//1556 912//1556 
f 377//1557 376//1557 910//1557 
f 912//1558 375//1558 913//1558 
f 376//1559 375//1559 912//1559 
f 913//1560 374//1560 914//1560 
f 375//1561 374//1561 913//1561 
f 374//1562 373//1562 914//1562 
f 373//1563 372//1563 914//1563 
f 914//1564 372//1564 915//1564 
f 915//1565 371//1565 916//1565 
f 372//1566 371//1566 915//1566 
f 916//1567 370//1567 917//1567 
f 917//1568 370//1568 918//1568 
f 371//1569 370//1569 916//1569 
f 918//1570 369//1570 919//1570 
f 370//1571 369//1571 918//1571 
f 369//1572 368//1572 919//1572 
f 919//1573 367//1573 920//1573 
f 368//1574 367//1574 919//1574 
f 920//1575 366//1575 921//1575 
f 367//1576 366//1576 920//1576 
f 921//1577 365//1577 922//1577 
f 922//1578 365//1578 791//1578 
f 366//1579 365//1579 921//1579 
f 365//1580 364//1580 791//1580 
f 540//1581 923//1581 924//1581 
f 540//1582 536//1582 923//1582 
f 536//1583 525//1583 923//1583 
f 923//1584 525//1584 925//1584 
f 925//1585 522//1585 926//1585 
f 525//1586 522//1586 925//1586 
f 926//1587 519//1587 927//1587 
f 522//1588 519//1588 926//1588 
f 927//1589 516//1589 928//1589 
f 519//1590 516//1590 927//1590 
f 928//1591 513//1591 929//1591 
f 516//1592 513//1592 928//1592 
f 929//1593 510//1593 930//1593 
f 513//1594 510//1594 929//1594 
f 930//1595 507//1595 931//1595 
f 510//1596 507//1596 930//1596 
f 931//1597 504//1597 932//1597 
f 507//1598 504//1598 931//1598 
f 504//1599 500//1599 932//1599 
f 932//1600 500//1600 933//1600 
f 933//1601 496//1601 934//1601 
f 500//1602 496//1602 933//1602 
f 934//1603 492//1603 935//1603 
f 496//1604 492//1604 934//1604 
f 935//1605 488//1605 936//1605 
f 936//1606 488//1606 937//1606 
f 492//1607 488//1607 935//1607 
f 488//1608 483//1608 937//1608 
f 937//1609 481//1609 938//1609 
f 483//1610 481//1610 937//1610 
f 938//1611 477//1611 939//1611 
f 481//1612 477//1612 938//1612 
f 939//1613 472//1613 940//1613 
f 477//1614 472//1614 939//1614 
f 940//1615 475//1615 941//1615 
f 472//1616 475//1616 940//1616 
f 941//1617 479//1617 942//1617 
f 475//1618 479//1618 941//1618 
f 942//1619 485//1619 943//1619 
f 479//1620 485//1620 942//1620 
f 943//1621 487//1621 944//1621 
f 485//1622 487//1622 943//1622 
f 944//1623 490//1623 945//1623 
f 487//1624 490//1624 944//1624 
f 945//1625 494//1625 946//1625 
f 490//1626 494//1626 945//1626 
f 946//1627 498//1627 947//1627 
f 494//1628 498//1628 946//1628 
f 947//1629 502//1629 948//1629 
f 498//1630 502//1630 947//1630 
f 948//1631 505//1631 949//1631 
f 949//1632 505//1632 950//1632 
f 502//1633 505//1633 948//1633 
f 505//1634 508//1634 950//1634 
f 950//1635 511//1635 951//1635 
f 951//1636 511//1636 952//1636 
f 508//1637 511//1637 950//1637 
f 511//1638 514//1638 952//1638 
f 952//1639 517//1639 953//1639 
f 953//1640 517//1640 954//1640 
f 514//1641 517//1641 952//1641 
f 517//1642 520//1642 954//1642 
f 954//1643 523//1643 955//1643 
f 520//1644 523//1644 954//1644 
f 955//1645 527//1645 956//1645 
f 523//1646 527//1646 955//1646 
f 527//1647 579//1647 956//1647 
f 956//1648 579//1648 957//1648 
f 579//1649 582//1649 957//1649 
f 957//1650 582//1650 958//1650 
f 958//1651 585//1651 959//1651 
f 582//1652 585//1652 958//1652 
f 959//1653 588//1653 960//1653 
f 585//1654 588//1654 959//1654 
f 960//1655 589//1655 961//1655 
f 588//1656 589//1656 960//1656 
f 961//1657 592//1657 962//1657 
f 589//1658 592//1658 961//1658 
f 962//1659 595//1659 963//1659 
f 592//1660 595//1660 962//1660 
f 963//1661 598//1661 964//1661 
f 595//1662 598//1662 963//1662 
f 964//1663 601//1663 965//1663 
f 598//1664 601//1664 964//1664 
f 601//1665 604//1665 965//1665 
f 965//1666 604//1666 966//1666 
f 966//1667 607//1667 967//1667 
f 604//1668 607//1668 966//1668 
f 967//1669 608//1669 968//1669 
f 607//1670 608//1670 967//1670 
f 968//1671 705//1671 969//1671 
f 969//1672 705//1672 970//1672 
f 608//1673 705//1673 968//1673 
f 705//1674 706//1674 970//1674 
f 970//1675 707//1675 971//1675 
f 706//1676 707//1676 970//1676 
f 971//1677 708//1677 972//1677 
f 707//1678 708//1678 971//1678 
f 972//1679 709//1679 973//1679 
f 708//1680 709//1680 972//1680 
f 973//1681 710//1681 974//1681 
f 709//1682 710//1682 973//1682 
f 974//1683 711//1683 975//1683 
f 710//1684 711//1684 974//1684 
f 975//1685 712//1685 976//1685 
f 711//1686 712//1686 975//1686 
f 976//1687 713//1687 977//1687 
f 712//1688 713//1688 976//1688 
f 977//1689 714//1689 978//1689 
f 713//1690 714//1690 977//1690 
f 978//1691 715//1691 979//1691 
f 714//1692 715//1692 978//1692 
f 979//1693 716//1693 980//1693 
f 715//1694 716//1694 979//1694 
f 980//1695 717//1695 981//1695 
f 716//1696 717//1696 980//1696 
f 981//1697 718//1697 982//1697 
f 982//1698 718//1698 983//1698 
f 717//1699 718//1699 981//1699 
f 718//1700 719//1700 983//1700 
f 983//1701 720//1701 984//1701 
f 984//1702 720//1702 985//1702 
f 719//1703 720//1703 983//1703 
f 720//1704 721//1704 985//1704 
f 985//1705 722//1705 986//1705 
f 986//1706 722//1706 987//1706 
f 721//1707 722//1707 985//1707 
f 722//1708 723//1708 987//1708 
f 987//1709 724//1709 988//1709 
f 723//1710 724//1710 987//1710 
f 988//1711 704//1711 989//1711 
f 724//1712 704//1712 988//1712 
f 704//1713 990//1713 989//1713 
f 704//1714 703//1714 990//1714 
f 703//1715 756//1715 990//1715 
f 990//1716 756//1716 991//1716 
f 991//1717 757//1717 992//1717 
f 756//1718 757//1718 991//1718 
f 992//1719 758//1719 993//1719 
f 757//1720 758//1720 992//1720 
f 993//1721 759//1721 994//1721 
f 758//1722 759//1722 993//1722 
f 994//1723 760//1723 995//1723 
f 759//1724 760//1724 994//1724 
f 995//1725 761//1725 996//1725 
f 760//1726 761//1726 995//1726 
f 996//1727 762//1727 997//1727 
f 761//1728 762//1728 996//1728 
f 997//1729 763//1729 998//1729 
f 762//1730 763//1730 997//1730 
f 763//1731 764//1731 998//1731 
f 998//1732 764//1732 999//1732 
f 999//1733 764//1733 1000//1733 
f 764//1734 765//1734 1000//1734 
f 1000//1735 766//1735 1001//1735 
f 1001//1736 766//1736 1002//1736 
f 765//1737 766//1737 1000//1737 
f 1002//1738 767//1738 1003//1738 
f 766//1739 767//1739 1002//1739 
f 767//1740 768//1740 1003//1740 
f 1003//1741 769//1741 1004//1741 
f 768//1742 769//1742 1003//1742 
f 1004//1743 770//1743 1005//1743 
f 769//1744 770//1744 1004//1744 
f 1005//1745 771//1745 1006//1745 
f 770//1746 771//1746 1005//1746 
f 1006//1747 772//1747 1007//1747 
f 771//1748 772//1748 1006//1748 
f 1007//1749 773//1749 1008//1749 
f 1008//1750 773//1750 1009//1750 
f 772//1751 773//1751 1007//1751 
f 773//1752 774//1752 1009//1752 
f 1009//1753 775//1753 1010//1753 
f 774//1754 775//1754 1009//1754 
f 1010//1755 701//1755 1011//1755 
f 775//1756 701//1756 1010//1756 
f 1011//1757 700//1757 1012//1757 
f 701//1758 700//1758 1011//1758 
f 1012//1759 699//1759 1013//1759 
f 700//1760 699//1760 1012//1760 
f 1013//1761 698//1761 1014//1761 
f 699//1762 698//1762 1013//1762 
f 1014//1763 697//1763 1015//1763 
f 698//1764 697//1764 1014//1764 
f 1015//1765 696//1765 1016//1765 
f 1016//1766 696//1766 1017//1766 
f 697//1767 696//1767 1015//1767 
f 696//1768 695//1768 1017//1768 
f 1017//1769 694//1769 1018//1769 
f 695//1770 694//1770 1017//1770 
f 1018//1771 693//1771 1019//1771 
f 694//1772 693//1772 1018//1772 
f 1019//1773 692//1773 1020//1773 
f 693//1774 692//1774 1019//1774 
f 1020//1775 691//1775 1021//1775 
f 692//1776 691//1776 1020//1776 
f 1021//1777 690//1777 1022//1777 
f 691//1778 690//1778 1021//1778 
f 690//1779 635//1779 1022//1779 
f 1022//1780 635//1780 1023//1780 
f 635//1781 633//1781 1023//1781 
f 1023//1782 633//1782 1024//1782 
f 1024//1783 631//1783 1025//1783 
f 633//1784 631//1784 1024//1784 
f 1025//1785 629//1785 1026//1785 
f 631//1786 629//1786 1025//1786 
f 1026//1787 627//1787 1027//1787 
f 629//1788 627//1788 1026//1788 
f 1027//1789 625//1789 1028//1789 
f 627//1790 625//1790 1027//1790 
f 1028//1791 623//1791 1029//1791 
f 625//1792 623//1792 1028//1792 
f 1029//1793 621//1793 1030//1793 
f 623//1794 621//1794 1029//1794 
f 1030//1795 619//1795 1031//1795 
f 621//1796 619//1796 1030//1796 
f 619//1797 617//1797 1031//1797 
f 1031//1798 617//1798 1032//1798 
f 1032//1799 615//1799 1033//1799 
f 617//1800 615//1800 1032//1800 
f 1033//1801 613//1801 1034//1801 
f 615//1802 613//1802 1033//1802 
f 1034//1803 612//1803 1035//1803 
f 1035//1804 612//1804 1036//1804 
f 613//1805 612//1805 1034//1805 
f 612//1806 610//1806 1036//1806 
f 1036//1807 606//1807 1037//1807 
f 610//1808 606//1808 1036//1808 
f 1037//1809 603//1809 1038//1809 
f 606//1810 603//1810 1037//1810 
f 1038//1811 600//1811 1039//1811 
f 603//1812 600//1812 1038//1812 
f 1039//1813 597//1813 1040//1813 
f 1040//1814 597//1814 1041//1814 
f 600//1815 597//1815 1039//1815 
f 597//1816 594//1816 1041//1816 
f 1041//1817 591//1817 1042//1817 
f 594//1818 591//1818 1041//1818 
f 1042//1819 587//1819 1043//1819 
f 591//1820 587//1820 1042//1820 
f 1043//1821 584//1821 1044//1821 
f 587//1822 584//1822 1043//1822 
f 1044//1823 581//1823 1045//1823 
f 1045//1824 581//1824 1046//1824 
f 584//1825 581//1825 1044//1825 
f 581//1826 578//1826 1046//1826 
f 578//1827 564//1827 1046//1827 
f 1046//1828 564//1828 1047//1828 
f 1047//1829 564//1829 1048//1829 
f 1048//1830 563//1830 1049//1830 
f 564//1831 563//1831 1048//1831 
f 563//1832 566//1832 1049//1832 
f 1049//1833 568//1833 1050//1833 
f 1050//1834 568//1834 1051//1834 
f 566//1835 568//1835 1049//1835 
f 568//1836 570//1836 1051//1836 
f 1051//1837 572//1837 1052//1837 
f 1052//1838 572//1838 1053//1838 
f 570//1839 572//1839 1051//1839 
f 572//1840 544//1840 1053//1840 
f 1053//1841 542//1841 1054//1841 
f 544//1842 542//1842 1053//1842 
f 1054//1843 540//1843 924//1843 
f 542//1844 540//1844 1054//1844 
f 806//1845 807//1845 808//1845 
f 812//1846 810//1846 811//1846 
f 813//1847 808//1847 809//1847 
f 813//1848 809//1848 810//1848 
f 813//1849 810//1849 812//1849 
f 802//1850 803//1850 804//1850 
f 801//1851 804//1851 805//1851 
f 801//1852 805//1852 806//1852 
f 801//1853 802//1853 804//1853 
f 817//1854 813//1854 814//1854 
f 817//1855 814//1855 815//1855 
f 817//1856 815//1856 816//1856 
f 817//1857 808//1857 813//1857 
f 799//1858 800//1858 801//1858 
f 798//1859 799//1859 801//1859 
f 820//1860 818//1860 819//1860 
f 796//1861 797//1861 798//1861 
f 822//1862 820//1862 821//1862 
f 793//1863 794//1863 795//1863 
f 793//1864 795//1864 796//1864 
f 793//1865 801//1865 806//1865 
f 793//1866 798//1866 801//1866 
f 793//1867 796//1867 798//1867 
f 824//1868 817//1868 818//1868 
f 824//1869 822//1869 823//1869 
f 824//1870 806//1870 808//1870 
f 824//1871 808//1871 817//1871 
f 824//1872 820//1872 822//1872 
f 824//1873 818//1873 820//1873 
f 792//1874 806//1874 824//1874 
f 792//1875 793//1875 806//1875 
f 920//1876 921//1876 922//1876 
f 920//1877 922//1877 791//1877 
f 917//1878 918//1878 919//1878 
f 916//1879 920//1879 791//1879 
f 916//1880 917//1880 919//1880 
f 916//1881 919//1881 920//1881 
f 913//1882 914//1882 915//1882 
f 911//1883 912//1883 913//1883 
f 910//1884 911//1884 913//1884 
f 910//1885 913//1885 915//1885 
f 910//1886 915//1886 916//1886 
f 908//1887 909//1887 910//1887 
f 908//1888 910//1888 916//1888 
f 904//1889 916//1889 791//1889 
f 904//1890 905//1890 906//1890 
f 904//1891 906//1891 907//1891 
f 904//1892 907//1892 908//1892 
f 904//1893 908//1893 916//1893 
f 902//1894 903//1894 904//1894 
f 902//1895 904//1895 791//1895 
f 899//1896 900//1896 901//1896 
f 899//1897 901//1897 902//1897 
f 899//1898 902//1898 791//1898 
f 897//1899 898//1899 899//1899 
f 895//1900 896//1900 897//1900 
f 895//1901 897//1901 899//1901 
f 893//1902 894//1902 895//1902 
f 893//1903 895//1903 899//1903 
f 891//1904 792//1904 824//1904 
f 891//1905 791//1905 792//1905 
f 891//1906 892//1906 893//1906 
f 891//1907 899//1907 791//1907 
f 891//1908 893//1908 899//1908 
f 828//1909 826//1909 827//1909 
f 829//1910 825//1910 826//1910 
f 829//1911 826//1911 828//1911 
f 831//1912 829//1912 830//1912 
f 832//1913 829//1913 831//1913 
f 833//1914 829//1914 832//1914 
f 835//1915 833//1915 834//1915 
f 835//1916 829//1916 833//1916 
f 836//1917 825//1917 829//1917 
f 836//1918 829//1918 835//1918 
f 838//1919 836//1919 837//1919 
f 839//1920 825//1920 836//1920 
f 839//1921 836//1921 838//1921 
f 840//1922 825//1922 839//1922 
f 842//1923 840//1923 841//1923 
f 843//1924 825//1924 840//1924 
f 843//1925 840//1925 842//1925 
f 845//1926 825//1926 843//1926 
f 845//1927 843//1927 844//1927 
f 846//1928 825//1928 845//1928 
f 849//1929 846//1929 847//1929 
f 849//1930 847//1930 848//1930 
f 851//1931 849//1931 850//1931 
f 853//1932 846//1932 849//1932 
f 853//1933 849//1933 851//1933 
f 853//1934 851//1934 852//1934 
f 854//1935 846//1935 853//1935 
f 855//1936 846//1936 854//1936 
f 856//1937 825//1937 846//1937 
f 856//1938 846//1938 855//1938 
f 857//1939 825//1939 856//1939 
f 858//1940 825//1940 857//1940 
f 890//1941 825//1941 858//1941 
f 890//1942 824//1942 825//1942 
f 890//1943 891//1943 824//1943 
f 888//1944 889//1944 890//1944 
f 886//1945 888//1945 890//1945 
f 886//1946 890//1946 858//1946 
f 886//1947 887//1947 888//1947 
f 884//1948 886//1948 858//1948 
f 884//1949 858//1949 859//1949 
f 884//1950 859//1950 860//1950 
f 884//1951 885//1951 886//1951 
f 866//1952 864//1952 865//1952 
f 881//1953 882//1953 883//1953 
f 881//1954 883//1954 884//1954 
f 869//1955 867//1955 868//1955 
f 870//1956 864//1956 866//1956 
f 870//1957 863//1957 864//1957 
f 870//1958 866//1958 867//1958 
f 870//1959 867//1959 869//1959 
f 871//1960 862//1960 863//1960 
f 871//1961 863//1961 870//1961 
f 877//1962 878//1962 879//1962 
f 877//1963 879//1963 880//1963 
f 877//1964 880//1964 881//1964 
f 873//1965 862//1965 871//1965 
f 873//1966 861//1966 862//1966 
f 873//1967 871//1967 872//1967 
f 875//1968 876//1968 877//1968 
f 874//1969 881//1969 884//1969 
f 874//1970 884//1970 860//1970 
f 874//1971 877//1971 881//1971 
f 874//1972 860//1972 861//1972 
f 874//1973 861//1973 873//1973 
f 874//1974 875//1974 877//1974 
f 942//1975 940//1975 941//1975 
f 938//1976 939//1976 940//1976 
f 944//1977 942//1977 943//1977 
f 935//1978 936//1978 937//1978 
f 935//1979 937//1979 938//1979 
f 935//1980 938//1980 940//1980 
f 947//1981 944//1981 945//1981 
f 947//1982 945//1982 946//1982 
f 933//1983 934//1983 935//1983 
f 932//1984 933//1984 935//1984 
f 950//1985 947//1985 948//1985 
f 950//1986 948//1986 949//1986 
f 930//1987 931//1987 932//1987 
f 953//1988 951//1988 952//1988 
f 927//1989 928//1989 929//1989 
f 927//1990 929//1990 930//1990 
f 927//1991 930//1991 932//1991 
f 954//1992 950//1992 951//1992 
f 954//1993 940//1993 942//1993 
f 954//1994 942//1994 944//1994 
f 954//1995 944//1995 947//1995 
f 954//1996 947//1996 950//1996 
f 954//1997 951//1997 953//1997 
f 925//1998 926//1998 927//1998 
f 956//1999 954//1999 955//1999 
f 956//2000 935//2000 940//2000 
f 956//2001 932//2001 935//2001 
f 956//2002 940//2002 954//2002 
f 956//2003 927//2003 932//2003 
f 923//2004 925//2004 927//2004 
f 923//2005 927//2005 956//2005 
f 924//2006 923//2006 956//2006 
f 1053//2007 1054//2007 924//2007 
f 1051//2008 1052//2008 1053//2008 
f 1050//2009 1053//2009 924//2009 
f 1050//2010 1051//2010 1053//2010 
f 1048//2011 1050//2011 924//2011 
f 1048//2012 1049//2012 1050//2012 
f 1045//2013 1048//2013 924//2013 
f 1045//2014 1046//2014 1047//2014 
f 1045//2015 1047//2015 1048//2015 
f 1044//2016 1045//2016 924//2016 
f 1042//2017 1043//2017 1044//2017 
f 1042//2018 1044//2018 924//2018 
f 1041//2019 1042//2019 924//2019 
f 1038//2020 1039//2020 1040//2020 
f 1038//2021 1040//2021 1041//2021 
f 960//2022 957//2022 958//2022 
f 960//2023 958//2023 959//2023 
f 1037//2024 1041//2024 924//2024 
f 1037//2025 1038//2025 1041//2025 
f 961//2026 957//2026 960//2026 
f 963//2027 961//2027 962//2027 
f 963//2028 957//2028 961//2028 
f 1033//2029 1034//2029 1035//2029 
f 1033//2030 1035//2030 1036//2030 
f 1033//2031 1036//2031 1037//2031 
f 1033//2032 1037//2032 924//2032 
f 965//2033 963//2033 964//2033 
f 966//2034 963//2034 965//2034 
f 967//2035 957//2035 963//2035 
f 967//2036 963//2036 966//2036 
f 1029//2037 1030//2037 1031//2037 
f 1029//2038 1031//2038 1032//2038 
f 1029//2039 1032//2039 1033//2039 
f 969//2040 967//2040 968//2040 
f 969//2041 957//2041 967//2041 
f 970//2042 957//2042 969//2042 
f 1026//2043 1027//2043 1028//2043 
f 1026//2044 1028//2044 1029//2044 
f 972//2045 970//2045 971//2045 
f 972//2046 957//2046 970//2046 
f 1025//2047 1029//2047 1033//2047 
f 1025//2048 1026//2048 1029//2048 
f 1023//2049 1024//2049 1025//2049 
f 1023//2050 956//2050 957//2050 
f 1023//2051 1033//2051 924//2051 
f 1023//2052 1025//2052 1033//2052 
f 1023//2053 924//2053 956//2053 
f 974//2054 972//2054 973//2054 
f 974//2055 957//2055 972//2055 
f 977//2056 975//2056 976//2056 
f 979//2057 957//2057 974//2057 
f 979//2058 975//2058 977//2058 
f 979//2059 974//2059 975//2059 
f 979//2060 977//2060 978//2060 
f 980//2061 957//2061 979//2061 
f 981//2062 957//2062 980//2062 
f 982//2063 957//2063 981//2063 
f 983//2064 957//2064 982//2064 
f 987//2065 985//2065 986//2065 
f 988//2066 985//2066 987//2066 
f 988//2067 983//2067 984//2067 
f 988//2068 984//2068 985//2068 
f 989//2069 957//2069 983//2069 
f 989//2070 983//2070 988//2070 
f 990//2071 957//2071 989//2071 
f 1022//2072 957//2072 990//2072 
f 1022//2073 1023//2073 957//2073 
f 1020//2074 1021//2074 1022//2074 
f 994//2075 990//2075 991//2075 
f 994//2076 991//2076 992//2076 
f 994//2077 992//2077 993//2077 
f 995//2078 990//2078 994//2078 
f 1017//2079 1020//2079 1022//2079 
f 1017//2080 1018//2080 1019//2080 
f 1017//2081 1019//2081 1020//2081 
f 1016//2082 1022//2082 990//2082 
f 1016//2083 1017//2083 1022//2083 
f 1014//2084 990//2084 995//2084 
f 1014//2085 1016//2085 990//2085 
f 1014//2086 995//2086 996//2086 
f 1014//2087 996//2087 997//2087 
f 1014//2088 1015//2088 1016//2088 
f 999//2089 1014//2089 997//2089 
f 999//2090 997//2090 998//2090 
f 1002//2091 1000//2091 1001//2091 
f 1010//2092 1011//2092 1012//2092 
f 1003//2093 999//2093 1000//2093 
f 1003//2094 1000//2094 1002//2094 
f 1009//2095 1010//2095 1012//2095 
f 1004//2096 1014//2096 999//2096 
f 1004//2097 999//2097 1003//2097 
f 1004//2098 1012//2098 1013//2098 
f 1004//2099 1013//2099 1014//2099 
f 1008//2100 1009//2100 1012//2100 
f 1005//2101 1012//2101 1004//2101 
f 1006//2102 1007//2102 1008//2102 
f 1006//2103 1008//2103 1012//2103 
f 1006//2104 1012//2104 1005//2104 
